--
-- Copyright (c) 2015 TerraFrame, Inc. All rights reserved.
--
-- This file is part of Runway SDK(tm).
--
-- Runway SDK(tm) is free software: you can redistribute it and/or modify
-- it under the terms of the GNU Lesser General Public License as
-- published by the Free Software Foundation, either version 3 of the
-- License, or (at your option) any later version.
--
-- Runway SDK(tm) is distributed in the hope that it will be useful, but
-- WITHOUT ANY WARRANTY; without even the implied warranty of
-- MERCHANTABILITY or FITNESS FOR A PARTICULAR PURPOSE.  See the
-- GNU Lesser General Public License for more details.
--
-- You should have received a copy of the GNU Lesser General Public
-- License along with Runway SDK(tm).  If not, see <http://www.gnu.org/licenses/>.
--

INSERT INTO dynamic_properties ( version_number, oid) VALUES ('0001580930749156', '000000000000000000000');
INSERT INTO class_cache (set_id, item_id)  VALUES  ('94166a84-5fa4-4804-bcf0-348e7d', '53f84de0-954a-3d48-a57f-29b95c00004d');
INSERT INTO metadata_display_label ( oid, default_locale, key_name, site_master) VALUES ('9da4fcdd-29d4-487e-8766-405e4900011f', NULL, '9da4fcdd-29d4-487e-8766-405e4900011f', 'www.runwaysdk.com');
INSERT INTO metadata_display_label ( oid, default_locale, key_name, site_master) VALUES ('6dc73ed8-8966-4da0-be21-20874200011f', NULL, '6dc73ed8-8966-4da0-be21-20874200011f', 'www.runwaysdk.com');
INSERT INTO md_business ( cache_algorithm, cache_algorithm_c, super_md_business, oid) VALUES ('94166a84-5fa4-4804-bcf0-348e7d', '53f84de0-954a-3d48-a57f-29b95c00004d', '4728e016-8064-393d-91dd-c6e8a100003a', 'e32ea295-8388-3f81-8364-61624e00003a');
INSERT INTO md_element ( is_abstract, extendable, oid) VALUES (0, 1, 'e32ea295-8388-3f81-8364-61624e00003a');
INSERT INTO md_entity ( cache_size, query_source, enforce_site_master, table_name, query_dto_source, has_deterministic_ids, oid) VALUES (0, NULL, 1, 'multi_stage_job', NULL, 0, 'e32ea295-8388-3f81-8364-61624e00003a');
INSERT INTO md_class ( stub_source, stub_dto_source, publish, oid) VALUES (NULL, NULL, 1, 'e32ea295-8388-3f81-8364-61624e00003a');
INSERT INTO md_type ( dto_source, generate_source, root_id, display_label, js_base, package_name, js_stub, exported, type_name, base_source, oid) VALUES (NULL, 1, '00052f', '9da4fcdd-29d4-487e-8766-405e4900011f', NULL, 'com.runwaysdk.system.scheduler', NULL, 1, 'MultiStageJob', NULL, 'e32ea295-8388-3f81-8364-61624e00003a');
INSERT INTO metadata ( seq, owner, created_by, entity_domain, type, locked_by, site_master, last_updated_by, create_date, oid, key_name, remove, last_update_date, description) VALUES (5780, '4f664e38-0546-31c7-a379-5492ef00003c', '4f664e38-0546-31c7-a379-5492ef00003c', NULL, 'com.runwaysdk.system.metadata.MdBusiness', NULL, 'www.runwaysdk.com', '4f664e38-0546-31c7-a379-5492ef00003c', '2020-02-11 19:18:02', 'e32ea295-8388-3f81-8364-61624e00003a', 'com.runwaysdk.system.scheduler.MultiStageJob', 1, '2020-02-11 19:18:02', '6dc73ed8-8966-4da0-be21-20874200011f');
INSERT INTO business_inheritance ( oid, parent_oid, child_oid) VALUES ('e32ea295-8388-3f81-8364-61624e000101', '4728e016-8064-393d-91dd-c6e8a100003a', 'e32ea295-8388-3f81-8364-61624e00003a');
INSERT INTO class_inheritance ( oid, parent_oid, child_oid) VALUES ('e32ea295-8388-3f81-8364-61624e000101', '4728e016-8064-393d-91dd-c6e8a100003a', 'e32ea295-8388-3f81-8364-61624e00003a');
INSERT INTO metadata_relationship ( site_master, entity_domain, last_updated_by, key_name, created_by, create_date, seq, last_update_date, locked_by, type, owner, oid, parent_oid, child_oid) VALUES ('www.runwaysdk.com', NULL, '4f664e38-0546-31c7-a379-5492ef00003c', 'com.runwaysdk.system.scheduler.MultiStageJob', '4f664e38-0546-31c7-a379-5492ef00003c', '2020-02-11 19:18:02', 5781, '2020-02-11 19:18:02', NULL, 'com.runwaysdk.system.metadata.BusinessInheritance', '4f664e38-0546-31c7-a379-5492ef00003c', 'e32ea295-8388-3f81-8364-61624e000101', '4728e016-8064-393d-91dd-c6e8a100003a', 'e32ea295-8388-3f81-8364-61624e00003a');
CREATE TABLE multi_stage_job ( oid UUID NOT NULL PRIMARY KEY );
INSERT INTO class_cache (set_id, item_id)  VALUES  ('7f76ff72-ca1a-4abf-be15-68fa33', '53f84de0-954a-3d48-a57f-29b95c00004d');
INSERT INTO metadata_display_label ( oid, default_locale, key_name, site_master) VALUES ('686dfcd5-5a9f-4e71-90f6-4211dc00011f', NULL, '686dfcd5-5a9f-4e71-90f6-4211dc00011f', 'www.runwaysdk.com');
INSERT INTO metadata_display_label ( oid, default_locale, key_name, site_master) VALUES ('68414090-dad1-4503-858a-6ff6ba00011f', NULL, '68414090-dad1-4503-858a-6ff6ba00011f', 'www.runwaysdk.com');
INSERT INTO md_business ( cache_algorithm, cache_algorithm_c, super_md_business, oid) VALUES ('7f76ff72-ca1a-4abf-be15-68fa33', '53f84de0-954a-3d48-a57f-29b95c00004d', '4728e016-8064-393d-91dd-c6e8a100003a', 'a5ff9c9b-0030-36ce-9a33-f3af4e00003a');
INSERT INTO md_element ( is_abstract, extendable, oid) VALUES (1, 1, 'a5ff9c9b-0030-36ce-9a33-f3af4e00003a');
INSERT INTO md_entity ( cache_size, query_source, enforce_site_master, table_name, query_dto_source, has_deterministic_ids, oid) VALUES (0, NULL, 1, 'job_stage', NULL, 0, 'a5ff9c9b-0030-36ce-9a33-f3af4e00003a');
INSERT INTO md_class ( stub_source, stub_dto_source, publish, oid) VALUES (NULL, NULL, 1, 'a5ff9c9b-0030-36ce-9a33-f3af4e00003a');
INSERT INTO md_type ( dto_source, generate_source, root_id, display_label, js_base, package_name, js_stub, exported, type_name, base_source, oid) VALUES (NULL, 1, '000530', '686dfcd5-5a9f-4e71-90f6-4211dc00011f', NULL, 'com.runwaysdk.system.scheduler', NULL, 1, 'JobStage', NULL, 'a5ff9c9b-0030-36ce-9a33-f3af4e00003a');
INSERT INTO metadata ( seq, owner, created_by, entity_domain, type, locked_by, site_master, last_updated_by, create_date, oid, key_name, remove, last_update_date, description) VALUES (5782, '4f664e38-0546-31c7-a379-5492ef00003c', '4f664e38-0546-31c7-a379-5492ef00003c', NULL, 'com.runwaysdk.system.metadata.MdBusiness', NULL, 'www.runwaysdk.com', '4f664e38-0546-31c7-a379-5492ef00003c', '2020-02-11 19:18:02', 'a5ff9c9b-0030-36ce-9a33-f3af4e00003a', 'com.runwaysdk.system.scheduler.JobStage', 1, '2020-02-11 19:18:02', '68414090-dad1-4503-858a-6ff6ba00011f');
INSERT INTO business_inheritance ( oid, parent_oid, child_oid) VALUES ('a5ff9c9b-0030-36ce-9a33-f3af4e000101', '4728e016-8064-393d-91dd-c6e8a100003a', 'a5ff9c9b-0030-36ce-9a33-f3af4e00003a');
INSERT INTO class_inheritance ( oid, parent_oid, child_oid) VALUES ('a5ff9c9b-0030-36ce-9a33-f3af4e000101', '4728e016-8064-393d-91dd-c6e8a100003a', 'a5ff9c9b-0030-36ce-9a33-f3af4e00003a');
INSERT INTO metadata_relationship ( site_master, entity_domain, last_updated_by, key_name, created_by, create_date, seq, last_update_date, locked_by, type, owner, oid, parent_oid, child_oid) VALUES ('www.runwaysdk.com', NULL, '4f664e38-0546-31c7-a379-5492ef00003c', 'com.runwaysdk.system.scheduler.JobStage', '4f664e38-0546-31c7-a379-5492ef00003c', '2020-02-11 19:18:02', 5783, '2020-02-11 19:18:02', NULL, 'com.runwaysdk.system.metadata.BusinessInheritance', '4f664e38-0546-31c7-a379-5492ef00003c', 'a5ff9c9b-0030-36ce-9a33-f3af4e000101', '4728e016-8064-393d-91dd-c6e8a100003a', 'a5ff9c9b-0030-36ce-9a33-f3af4e00003a');
CREATE TABLE job_stage ( oid UUID NOT NULL PRIMARY KEY );
INSERT INTO visibilitymodifier (set_id, item_id)  VALUES  ('e89ead9a-71d4-48f9-b555-7df0e8', '02d46938-021e-3bb4-bb8f-4a31c5000071');
INSERT INTO metadata_display_label ( oid, default_locale, key_name, site_master) VALUES ('e729c0c3-bafd-459c-bc22-c66f0b00011f', NULL, 'e729c0c3-bafd-459c-bc22-c66f0b00011f', 'www.runwaysdk.com');
INSERT INTO metadata_display_label ( oid, default_locale, key_name, site_master) VALUES ('beb29b9c-d665-485b-84cc-eec9c700011f', NULL, 'beb29b9c-d665-485b-84cc-eec9c700011f', 'www.runwaysdk.com');
INSERT INTO visibilitymodifier (set_id, item_id)  VALUES  ('a8adebd0-9353-4232-b889-c34df4', '02d46938-021e-3bb4-bb8f-4a31c5000071');
INSERT INTO relationship_cache (set_id, item_id)  VALUES  ('1ba6ae38-d2d4-4754-a428-a8941a', '53f84de0-954a-3d48-a57f-29b95c00004d');
INSERT INTO metadata_display_label ( oid, default_locale, key_name, site_master) VALUES ('6651ff2d-4320-4202-bbbf-6081f200011f', NULL, '6651ff2d-4320-4202-bbbf-6081f200011f', 'www.runwaysdk.com');
INSERT INTO metadata_display_label ( oid, default_locale, key_name, site_master) VALUES ('ca957f72-320b-4b5d-acb8-a1e06a00011f', NULL, 'ca957f72-320b-4b5d-acb8-a1e06a00011f', 'www.runwaysdk.com');
INSERT INTO md_relationship ( child_visibility, child_visibility_c, parent_display_label, child_method, index1_name, sort_md_attribute, parent_cardinality, child_display_label, parent_md_business, index2_name, child_md_business, child_cardinality, super_md_relationship, parent_visibility, parent_visibility_c, parent_method, composition, cache_algorithm, cache_algorithm_c, oid) VALUES ('e89ead9a-71d4-48f9-b555-7df0e8', '02d46938-021e-3bb4-bb8f-4a31c5000071', 'e729c0c3-bafd-459c-bc22-c66f0b00011f', 'Stage', 'rel_86fde3e6bdc845b8b93b965be0', NULL, '1', 'beb29b9c-d665-485b-84cc-eec9c700011f', 'e32ea295-8388-3f81-8364-61624e00003a', 'rel_e46197c5022144b697ab0a6627', 'b676916f-b26f-3bfb-881d-81399700003a', '*', NULL, 'a8adebd0-9353-4232-b889-c34df4', '02d46938-021e-3bb4-bb8f-4a31c5000071', 'MultiStageJob', 0, '1ba6ae38-d2d4-4754-a428-a8941a', '53f84de0-954a-3d48-a57f-29b95c00004d', '710a2371-009d-3b5a-b053-924dce00003e');
INSERT INTO md_element ( is_abstract, extendable, oid) VALUES (0, 1, '710a2371-009d-3b5a-b053-924dce00003e');
INSERT INTO md_entity ( cache_size, query_source, enforce_site_master, table_name, query_dto_source, has_deterministic_ids, oid) VALUES (0, NULL, 1, 'job_has_stage', NULL, 0, '710a2371-009d-3b5a-b053-924dce00003e');
INSERT INTO md_class ( stub_source, stub_dto_source, publish, oid) VALUES (NULL, NULL, 1, '710a2371-009d-3b5a-b053-924dce00003e');
INSERT INTO md_type ( dto_source, generate_source, root_id, display_label, js_base, package_name, js_stub, exported, type_name, base_source, oid) VALUES (NULL, 1, '000531', '6651ff2d-4320-4202-bbbf-6081f200011f', NULL, 'com.runwaysdk.system.scheduler', NULL, 1, 'JobHasStage', NULL, '710a2371-009d-3b5a-b053-924dce00003e');
INSERT INTO metadata ( seq, owner, created_by, entity_domain, type, locked_by, site_master, last_updated_by, create_date, oid, key_name, remove, last_update_date, description) VALUES (5784, '4f664e38-0546-31c7-a379-5492ef00003c', '4f664e38-0546-31c7-a379-5492ef00003c', NULL, 'com.runwaysdk.system.metadata.MdRelationship', NULL, 'www.runwaysdk.com', '4f664e38-0546-31c7-a379-5492ef00003c', '2020-02-11 19:18:02', '710a2371-009d-3b5a-b053-924dce00003e', 'com.runwaysdk.system.scheduler.JobHasStage', 1, '2020-02-11 19:18:02', 'ca957f72-320b-4b5d-acb8-a1e06a00011f');
INSERT INTO metadata_display_label ( oid, default_locale, key_name, site_master) VALUES ('08851a37-b367-42fe-b615-b85b6a00011f', 'oid', '08851a37-b367-42fe-b615-b85b6a00011f', 'www.runwaysdk.com');
INSERT INTO md_attribute_indicies (set_id, item_id)  VALUES  ('349056b4-c3c1-4949-bb74-7eea16', '72b5580c-2a6f-3250-9435-1be1f2000055');
INSERT INTO visibilitymodifier (set_id, item_id)  VALUES  ('ce253197-674b-4ef8-bf2e-6a2136', '02d46938-021e-3bb4-bb8f-4a31c5000071');
INSERT INTO visibilitymodifier (set_id, item_id)  VALUES  ('be258872-8f2a-4b0c-b6ed-d81d9d', '02d46938-021e-3bb4-bb8f-4a31c5000071');
INSERT INTO metadata_display_label ( oid, default_locale, key_name, site_master) VALUES ('d0249311-09eb-4eeb-812f-dc773300011f', 'oid of this object', 'd0249311-09eb-4eeb-812f-dc773300011f', 'www.runwaysdk.com');
INSERT INTO md_attribute_uuid ( default_value, oid) VALUES (NULL, '9d9b60f3-dd2b-34cf-beb0-7c61c8000132');
INSERT INTO md_attribute_primitive ( is_expression, expression, oid) VALUES (0, NULL, '9d9b60f3-dd2b-34cf-beb0-7c61c8000132');
INSERT INTO md_attribute_concrete ( display_label, index_name, attribute_name, immutable, system, required, index_type, index_type_c, column_name, generate_accessor, getter_visibility, getter_visibility_c, defining_md_class, setter_visibility, setter_visibility_c, oid) VALUES ('08851a37-b367-42fe-b615-b85b6a00011f', 'ac493fadf0c2a3a4eb52325259b', 'oid', 0, 1, 1, '349056b4-c3c1-4949-bb74-7eea16', '72b5580c-2a6f-3250-9435-1be1f2000055', 'oid', 1, 'ce253197-674b-4ef8-bf2e-6a2136', '02d46938-021e-3bb4-bb8f-4a31c5000071', '710a2371-009d-3b5a-b053-924dce00003e', 'be258872-8f2a-4b0c-b6ed-d81d9d', '02d46938-021e-3bb4-bb8f-4a31c5000071', '9d9b60f3-dd2b-34cf-beb0-7c61c8000132');
INSERT INTO md_attribute ( oid) VALUES ('9d9b60f3-dd2b-34cf-beb0-7c61c8000132');
INSERT INTO metadata ( seq, owner, created_by, entity_domain, type, locked_by, site_master, last_updated_by, create_date, oid, key_name, remove, last_update_date, description) VALUES (5785, '4f664e38-0546-31c7-a379-5492ef00003c', '4f664e38-0546-31c7-a379-5492ef00003c', NULL, 'com.runwaysdk.system.metadata.MdAttributeUUID', NULL, 'www.runwaysdk.com', '4f664e38-0546-31c7-a379-5492ef00003c', '2020-02-11 19:18:02', '9d9b60f3-dd2b-34cf-beb0-7c61c8000132', 'com.runwaysdk.system.scheduler.JobHasStage.oid', 0, '2020-02-11 19:18:02', 'd0249311-09eb-4eeb-812f-dc773300011f');
INSERT INTO class_attribute_concrete ( oid, parent_oid, child_oid) VALUES ('9d9b60f3-dd2b-34cf-beb0-7c61c80000f5', '710a2371-009d-3b5a-b053-924dce00003e', '9d9b60f3-dd2b-34cf-beb0-7c61c8000132');
INSERT INTO class_attribute ( oid, parent_oid, child_oid) VALUES ('9d9b60f3-dd2b-34cf-beb0-7c61c80000f5', '710a2371-009d-3b5a-b053-924dce00003e', '9d9b60f3-dd2b-34cf-beb0-7c61c8000132');
INSERT INTO metadata_relationship ( site_master, entity_domain, last_updated_by, key_name, created_by, create_date, seq, last_update_date, locked_by, type, owner, oid, parent_oid, child_oid) VALUES ('www.runwaysdk.com', NULL, '4f664e38-0546-31c7-a379-5492ef00003c', 'com.runwaysdk.system.scheduler.JobHasStage.oid', '4f664e38-0546-31c7-a379-5492ef00003c', '2020-02-11 19:18:02', 5786, '2020-02-11 19:18:02', NULL, 'com.runwaysdk.system.metadata.ClassAttributeConcrete', '4f664e38-0546-31c7-a379-5492ef00003c', '9d9b60f3-dd2b-34cf-beb0-7c61c80000f5', '710a2371-009d-3b5a-b053-924dce00003e', '9d9b60f3-dd2b-34cf-beb0-7c61c8000132');
INSERT INTO metadata_display_label ( oid, default_locale, key_name, site_master) VALUES ('823293f5-7d60-4118-9ae3-a4932f00011f', 'Key Name', '823293f5-7d60-4118-9ae3-a4932f00011f', 'www.runwaysdk.com');
INSERT INTO md_attribute_indicies (set_id, item_id)  VALUES  ('f6c1c1d2-0545-47f0-aa78-90fac8', '72b5580c-2a6f-3250-9435-1be1f2000055');
INSERT INTO visibilitymodifier (set_id, item_id)  VALUES  ('9d4c2a99-8212-48be-9955-9a792a', '02d46938-021e-3bb4-bb8f-4a31c5000071');
INSERT INTO visibilitymodifier (set_id, item_id)  VALUES  ('386ed415-8787-421e-bfa4-f6d455', '02d46938-021e-3bb4-bb8f-4a31c5000071');
INSERT INTO metadata_display_label ( oid, default_locale, key_name, site_master) VALUES ('c0aac46f-c7a9-4094-9b8d-1caa0e00011f', 'Key which uniquely identifies each instance of this type heirarchy.', 'c0aac46f-c7a9-4094-9b8d-1caa0e00011f', 'www.runwaysdk.com');
INSERT INTO md_attribute_character ( database_size, default_value, oid) VALUES (255, NULL, '0488c8e3-6c8c-35e6-8066-b4a3c0000043');
INSERT INTO md_attribute_char ( oid) VALUES ('0488c8e3-6c8c-35e6-8066-b4a3c0000043');
INSERT INTO md_attribute_primitive ( is_expression, expression, oid) VALUES (0, NULL, '0488c8e3-6c8c-35e6-8066-b4a3c0000043');
INSERT INTO md_attribute_concrete ( display_label, index_name, attribute_name, immutable, system, required, index_type, index_type_c, column_name, generate_accessor, getter_visibility, getter_visibility_c, defining_md_class, setter_visibility, setter_visibility_c, oid) VALUES ('823293f5-7d60-4118-9ae3-a4932f00011f', 'a64796e6ccce733769fc88e55f1', 'keyName', 0, 0, 1, 'f6c1c1d2-0545-47f0-aa78-90fac8', '72b5580c-2a6f-3250-9435-1be1f2000055', 'key_name', 1, '9d4c2a99-8212-48be-9955-9a792a', '02d46938-021e-3bb4-bb8f-4a31c5000071', '710a2371-009d-3b5a-b053-924dce00003e', '386ed415-8787-421e-bfa4-f6d455', '02d46938-021e-3bb4-bb8f-4a31c5000071', '0488c8e3-6c8c-35e6-8066-b4a3c0000043');
INSERT INTO md_attribute ( oid) VALUES ('0488c8e3-6c8c-35e6-8066-b4a3c0000043');
INSERT INTO metadata ( seq, owner, created_by, entity_domain, type, locked_by, site_master, last_updated_by, create_date, oid, key_name, remove, last_update_date, description) VALUES (5787, '4f664e38-0546-31c7-a379-5492ef00003c', '4f664e38-0546-31c7-a379-5492ef00003c', NULL, 'com.runwaysdk.system.metadata.MdAttributeCharacter', NULL, 'www.runwaysdk.com', '4f664e38-0546-31c7-a379-5492ef00003c', '2020-02-11 19:18:02', '0488c8e3-6c8c-35e6-8066-b4a3c0000043', 'com.runwaysdk.system.scheduler.JobHasStage.keyName', 1, '2020-02-11 19:18:02', 'c0aac46f-c7a9-4094-9b8d-1caa0e00011f');
INSERT INTO class_attribute_concrete ( oid, parent_oid, child_oid) VALUES ('0488c8e3-6c8c-35e6-8066-b4a3c00000f5', '710a2371-009d-3b5a-b053-924dce00003e', '0488c8e3-6c8c-35e6-8066-b4a3c0000043');
INSERT INTO class_attribute ( oid, parent_oid, child_oid) VALUES ('0488c8e3-6c8c-35e6-8066-b4a3c00000f5', '710a2371-009d-3b5a-b053-924dce00003e', '0488c8e3-6c8c-35e6-8066-b4a3c0000043');
INSERT INTO metadata_relationship ( site_master, entity_domain, last_updated_by, key_name, created_by, create_date, seq, last_update_date, locked_by, type, owner, oid, parent_oid, child_oid) VALUES ('www.runwaysdk.com', NULL, '4f664e38-0546-31c7-a379-5492ef00003c', 'com.runwaysdk.system.scheduler.JobHasStage.keyName', '4f664e38-0546-31c7-a379-5492ef00003c', '2020-02-11 19:18:02', 5788, '2020-02-11 19:18:02', NULL, 'com.runwaysdk.system.metadata.ClassAttributeConcrete', '4f664e38-0546-31c7-a379-5492ef00003c', '0488c8e3-6c8c-35e6-8066-b4a3c00000f5', '710a2371-009d-3b5a-b053-924dce00003e', '0488c8e3-6c8c-35e6-8066-b4a3c0000043');
INSERT INTO metadata_display_label ( oid, default_locale, key_name, site_master) VALUES ('68ad47f8-5434-4114-89d9-128fd000011f', 'Site Master', '68ad47f8-5434-4114-89d9-128fd000011f', 'www.runwaysdk.com');
INSERT INTO md_attribute_indicies (set_id, item_id)  VALUES  ('86e073e1-366f-4805-b449-fd6a23', '9a7f73ee-81a9-32e9-884e-c4be61000055');
INSERT INTO visibilitymodifier (set_id, item_id)  VALUES  ('d7f37293-fc26-4878-b72a-0064ff', '02d46938-021e-3bb4-bb8f-4a31c5000071');
INSERT INTO visibilitymodifier (set_id, item_id)  VALUES  ('f1c9b936-f547-4d01-96f0-2e2ad5', '02d46938-021e-3bb4-bb8f-4a31c5000071');
INSERT INTO metadata_display_label ( oid, default_locale, key_name, site_master) VALUES ('3ad1f828-913b-42a5-b897-bac27300011f', 'The name of the site responsible for this object', '3ad1f828-913b-42a5-b897-bac27300011f', 'www.runwaysdk.com');
INSERT INTO md_attribute_character ( database_size, default_value, oid) VALUES (255, NULL, '0c6ec681-d0c2-3c03-b6a9-0aa393000043');
INSERT INTO md_attribute_char ( oid) VALUES ('0c6ec681-d0c2-3c03-b6a9-0aa393000043');
INSERT INTO md_attribute_primitive ( is_expression, expression, oid) VALUES (0, NULL, '0c6ec681-d0c2-3c03-b6a9-0aa393000043');
INSERT INTO md_attribute_concrete ( display_label, index_name, attribute_name, immutable, system, required, index_type, index_type_c, column_name, generate_accessor, getter_visibility, getter_visibility_c, defining_md_class, setter_visibility, setter_visibility_c, oid) VALUES ('68ad47f8-5434-4114-89d9-128fd000011f', 'aa2e5b44567753d368c63143c6d', 'siteMaster', 1, 1, 1, '86e073e1-366f-4805-b449-fd6a23', '9a7f73ee-81a9-32e9-884e-c4be61000055', 'site_master', 1, 'd7f37293-fc26-4878-b72a-0064ff', '02d46938-021e-3bb4-bb8f-4a31c5000071', '710a2371-009d-3b5a-b053-924dce00003e', 'f1c9b936-f547-4d01-96f0-2e2ad5', '02d46938-021e-3bb4-bb8f-4a31c5000071', '0c6ec681-d0c2-3c03-b6a9-0aa393000043');
INSERT INTO md_attribute ( oid) VALUES ('0c6ec681-d0c2-3c03-b6a9-0aa393000043');
INSERT INTO metadata ( seq, owner, created_by, entity_domain, type, locked_by, site_master, last_updated_by, create_date, oid, key_name, remove, last_update_date, description) VALUES (5789, '4f664e38-0546-31c7-a379-5492ef00003c', '4f664e38-0546-31c7-a379-5492ef00003c', NULL, 'com.runwaysdk.system.metadata.MdAttributeCharacter', NULL, 'www.runwaysdk.com', '4f664e38-0546-31c7-a379-5492ef00003c', '2020-02-11 19:18:02', '0c6ec681-d0c2-3c03-b6a9-0aa393000043', 'com.runwaysdk.system.scheduler.JobHasStage.siteMaster', 0, '2020-02-11 19:18:02', '3ad1f828-913b-42a5-b897-bac27300011f');
INSERT INTO class_attribute_concrete ( oid, parent_oid, child_oid) VALUES ('0c6ec681-d0c2-3c03-b6a9-0aa3930000f5', '710a2371-009d-3b5a-b053-924dce00003e', '0c6ec681-d0c2-3c03-b6a9-0aa393000043');
INSERT INTO class_attribute ( oid, parent_oid, child_oid) VALUES ('0c6ec681-d0c2-3c03-b6a9-0aa3930000f5', '710a2371-009d-3b5a-b053-924dce00003e', '0c6ec681-d0c2-3c03-b6a9-0aa393000043');
INSERT INTO metadata_relationship ( site_master, entity_domain, last_updated_by, key_name, created_by, create_date, seq, last_update_date, locked_by, type, owner, oid, parent_oid, child_oid) VALUES ('www.runwaysdk.com', NULL, '4f664e38-0546-31c7-a379-5492ef00003c', 'com.runwaysdk.system.scheduler.JobHasStage.siteMaster', '4f664e38-0546-31c7-a379-5492ef00003c', '2020-02-11 19:18:02', 5790, '2020-02-11 19:18:02', NULL, 'com.runwaysdk.system.metadata.ClassAttributeConcrete', '4f664e38-0546-31c7-a379-5492ef00003c', '0c6ec681-d0c2-3c03-b6a9-0aa3930000f5', '710a2371-009d-3b5a-b053-924dce00003e', '0c6ec681-d0c2-3c03-b6a9-0aa393000043');
INSERT INTO metadata_display_label ( oid, default_locale, key_name, site_master) VALUES ('0a876c08-b8ef-4c0e-bb42-efec9000011f', 'Locked By', '0a876c08-b8ef-4c0e-bb42-efec9000011f', 'www.runwaysdk.com');
INSERT INTO md_attribute_indicies (set_id, item_id)  VALUES  ('2ac01ccb-9427-47f2-ad75-a0d124', 'cb6c78c1-3d48-333a-af1e-1885ca000055');
INSERT INTO visibilitymodifier (set_id, item_id)  VALUES  ('4b484302-019f-4113-85fa-68e787', '02d46938-021e-3bb4-bb8f-4a31c5000071');
INSERT INTO visibilitymodifier (set_id, item_id)  VALUES  ('79cad2f1-a2f1-456f-a8ac-e292cd', '02d46938-021e-3bb4-bb8f-4a31c5000071');
INSERT INTO metadata_display_label ( oid, default_locale, key_name, site_master) VALUES ('c700fd23-8fdb-48e1-9496-11747900011f', 'User who has a write lock on this object', 'c700fd23-8fdb-48e1-9496-11747900011f', 'www.runwaysdk.com');
INSERT INTO md_attribute_reference ( default_value, md_business, oid) VALUES (NULL, '7d2091fd-69c2-3524-aa9b-9e203e00003a', '06cb4ca9-148d-33a3-a92f-3d2b780000da');
INSERT INTO md_attribute_ref ( oid) VALUES ('06cb4ca9-148d-33a3-a92f-3d2b780000da');
INSERT INTO md_attribute_concrete ( display_label, index_name, attribute_name, immutable, system, required, index_type, index_type_c, column_name, generate_accessor, getter_visibility, getter_visibility_c, defining_md_class, setter_visibility, setter_visibility_c, oid) VALUES ('0a876c08-b8ef-4c0e-bb42-efec9000011f', 'ab2279a2c2c853781906b5b4cfd', 'lockedBy', 0, 1, 0, '2ac01ccb-9427-47f2-ad75-a0d124', 'cb6c78c1-3d48-333a-af1e-1885ca000055', 'locked_by', 1, '4b484302-019f-4113-85fa-68e787', '02d46938-021e-3bb4-bb8f-4a31c5000071', '710a2371-009d-3b5a-b053-924dce00003e', '79cad2f1-a2f1-456f-a8ac-e292cd', '02d46938-021e-3bb4-bb8f-4a31c5000071', '06cb4ca9-148d-33a3-a92f-3d2b780000da');
INSERT INTO md_attribute ( oid) VALUES ('06cb4ca9-148d-33a3-a92f-3d2b780000da');
INSERT INTO metadata ( seq, owner, created_by, entity_domain, type, locked_by, site_master, last_updated_by, create_date, oid, key_name, remove, last_update_date, description) VALUES (5791, '4f664e38-0546-31c7-a379-5492ef00003c', '4f664e38-0546-31c7-a379-5492ef00003c', NULL, 'com.runwaysdk.system.metadata.MdAttributeReference', NULL, 'www.runwaysdk.com', '4f664e38-0546-31c7-a379-5492ef00003c', '2020-02-11 19:18:02', '06cb4ca9-148d-33a3-a92f-3d2b780000da', 'com.runwaysdk.system.scheduler.JobHasStage.lockedBy', 0, '2020-02-11 19:18:02', 'c700fd23-8fdb-48e1-9496-11747900011f');
INSERT INTO class_attribute_concrete ( oid, parent_oid, child_oid) VALUES ('06cb4ca9-148d-33a3-a92f-3d2b780000f5', '710a2371-009d-3b5a-b053-924dce00003e', '06cb4ca9-148d-33a3-a92f-3d2b780000da');
INSERT INTO class_attribute ( oid, parent_oid, child_oid) VALUES ('06cb4ca9-148d-33a3-a92f-3d2b780000f5', '710a2371-009d-3b5a-b053-924dce00003e', '06cb4ca9-148d-33a3-a92f-3d2b780000da');
INSERT INTO metadata_relationship ( site_master, entity_domain, last_updated_by, key_name, created_by, create_date, seq, last_update_date, locked_by, type, owner, oid, parent_oid, child_oid) VALUES ('www.runwaysdk.com', NULL, '4f664e38-0546-31c7-a379-5492ef00003c', 'com.runwaysdk.system.scheduler.JobHasStage.lockedBy', '4f664e38-0546-31c7-a379-5492ef00003c', '2020-02-11 19:18:02', 5792, '2020-02-11 19:18:02', NULL, 'com.runwaysdk.system.metadata.ClassAttributeConcrete', '4f664e38-0546-31c7-a379-5492ef00003c', '06cb4ca9-148d-33a3-a92f-3d2b780000f5', '710a2371-009d-3b5a-b053-924dce00003e', '06cb4ca9-148d-33a3-a92f-3d2b780000da');
INSERT INTO metadata_display_label ( oid, default_locale, key_name, site_master) VALUES ('5fc8191f-b8e9-417e-8383-ffc6e300011f', 'Owner', '5fc8191f-b8e9-417e-8383-ffc6e300011f', 'www.runwaysdk.com');
INSERT INTO md_attribute_indicies (set_id, item_id)  VALUES  ('0efa68a9-8ac2-450c-a94a-454526', 'cb6c78c1-3d48-333a-af1e-1885ca000055');
INSERT INTO visibilitymodifier (set_id, item_id)  VALUES  ('bedc35da-92fb-4606-8f87-a225d2', '02d46938-021e-3bb4-bb8f-4a31c5000071');
INSERT INTO visibilitymodifier (set_id, item_id)  VALUES  ('75e439c6-d01a-4689-b823-5bf72f', '02d46938-021e-3bb4-bb8f-4a31c5000071');
INSERT INTO metadata_display_label ( oid, default_locale, key_name, site_master) VALUES ('9bcf20cb-fda3-4118-861a-2fc5c500011f', 'A reference to the user who own this object', '9bcf20cb-fda3-4118-861a-2fc5c500011f', 'www.runwaysdk.com');
INSERT INTO md_attribute_reference ( default_value, md_business, oid) VALUES (NULL, 'ff359a57-eff7-3076-a678-33963c00003a', 'e13f2625-7cd2-3fcf-a4e9-104fef0000da');
INSERT INTO md_attribute_ref ( oid) VALUES ('e13f2625-7cd2-3fcf-a4e9-104fef0000da');
INSERT INTO md_attribute_concrete ( display_label, index_name, attribute_name, immutable, system, required, index_type, index_type_c, column_name, generate_accessor, getter_visibility, getter_visibility_c, defining_md_class, setter_visibility, setter_visibility_c, oid) VALUES ('5fc8191f-b8e9-417e-8383-ffc6e300011f', 'abc65afb8b18c334e9f09cd1fc6', 'owner', 0, 0, 1, '0efa68a9-8ac2-450c-a94a-454526', 'cb6c78c1-3d48-333a-af1e-1885ca000055', 'owner', 1, 'bedc35da-92fb-4606-8f87-a225d2', '02d46938-021e-3bb4-bb8f-4a31c5000071', '710a2371-009d-3b5a-b053-924dce00003e', '75e439c6-d01a-4689-b823-5bf72f', '02d46938-021e-3bb4-bb8f-4a31c5000071', 'e13f2625-7cd2-3fcf-a4e9-104fef0000da');
INSERT INTO md_attribute ( oid) VALUES ('e13f2625-7cd2-3fcf-a4e9-104fef0000da');
INSERT INTO metadata ( seq, owner, created_by, entity_domain, type, locked_by, site_master, last_updated_by, create_date, oid, key_name, remove, last_update_date, description) VALUES (5793, '4f664e38-0546-31c7-a379-5492ef00003c', '4f664e38-0546-31c7-a379-5492ef00003c', NULL, 'com.runwaysdk.system.metadata.MdAttributeReference', NULL, 'www.runwaysdk.com', '4f664e38-0546-31c7-a379-5492ef00003c', '2020-02-11 19:18:02', 'e13f2625-7cd2-3fcf-a4e9-104fef0000da', 'com.runwaysdk.system.scheduler.JobHasStage.owner', 0, '2020-02-11 19:18:02', '9bcf20cb-fda3-4118-861a-2fc5c500011f');
INSERT INTO class_attribute_concrete ( oid, parent_oid, child_oid) VALUES ('e13f2625-7cd2-3fcf-a4e9-104fef0000f5', '710a2371-009d-3b5a-b053-924dce00003e', 'e13f2625-7cd2-3fcf-a4e9-104fef0000da');
INSERT INTO class_attribute ( oid, parent_oid, child_oid) VALUES ('e13f2625-7cd2-3fcf-a4e9-104fef0000f5', '710a2371-009d-3b5a-b053-924dce00003e', 'e13f2625-7cd2-3fcf-a4e9-104fef0000da');
INSERT INTO metadata_relationship ( site_master, entity_domain, last_updated_by, key_name, created_by, create_date, seq, last_update_date, locked_by, type, owner, oid, parent_oid, child_oid) VALUES ('www.runwaysdk.com', NULL, '4f664e38-0546-31c7-a379-5492ef00003c', 'com.runwaysdk.system.scheduler.JobHasStage.owner', '4f664e38-0546-31c7-a379-5492ef00003c', '2020-02-11 19:18:02', 5794, '2020-02-11 19:18:02', NULL, 'com.runwaysdk.system.metadata.ClassAttributeConcrete', '4f664e38-0546-31c7-a379-5492ef00003c', 'e13f2625-7cd2-3fcf-a4e9-104fef0000f5', '710a2371-009d-3b5a-b053-924dce00003e', 'e13f2625-7cd2-3fcf-a4e9-104fef0000da');
INSERT INTO metadata_display_label ( oid, default_locale, key_name, site_master) VALUES ('af0556c2-c760-41d0-b7a5-bff01100011f', 'Last Update Date', 'af0556c2-c760-41d0-b7a5-bff01100011f', 'www.runwaysdk.com');
INSERT INTO md_attribute_indicies (set_id, item_id)  VALUES  ('cae9d1a0-07fa-48fd-b8b1-365a5e', '9a7f73ee-81a9-32e9-884e-c4be61000055');
INSERT INTO visibilitymodifier (set_id, item_id)  VALUES  ('585f5e12-1333-4a95-a1aa-0dd7bf', '02d46938-021e-3bb4-bb8f-4a31c5000071');
INSERT INTO visibilitymodifier (set_id, item_id)  VALUES  ('a1d032d1-5883-4c7e-a82f-399b5f', '02d46938-021e-3bb4-bb8f-4a31c5000071');
INSERT INTO metadata_display_label ( oid, default_locale, key_name, site_master) VALUES ('36938f5e-3baa-45d5-ab1b-ff8c6300011f', 'Date and time this record was last updated', '36938f5e-3baa-45d5-ab1b-ff8c6300011f', 'www.runwaysdk.com');
INSERT INTO md_attribute_datetime ( default_value, oid) VALUES (NULL, '63d35f63-55c2-370b-9725-8d818b000052');
INSERT INTO md_attribute_moment ( oid) VALUES ('63d35f63-55c2-370b-9725-8d818b000052');
INSERT INTO md_attribute_primitive ( is_expression, expression, oid) VALUES (0, NULL, '63d35f63-55c2-370b-9725-8d818b000052');
INSERT INTO md_attribute_concrete ( display_label, index_name, attribute_name, immutable, system, required, index_type, index_type_c, column_name, generate_accessor, getter_visibility, getter_visibility_c, defining_md_class, setter_visibility, setter_visibility_c, oid) VALUES ('af0556c2-c760-41d0-b7a5-bff01100011f', 'a1caccb5414623dffbc57099237', 'lastUpdateDate', 0, 1, 1, 'cae9d1a0-07fa-48fd-b8b1-365a5e', '9a7f73ee-81a9-32e9-884e-c4be61000055', 'last_update_date', 1, '585f5e12-1333-4a95-a1aa-0dd7bf', '02d46938-021e-3bb4-bb8f-4a31c5000071', '710a2371-009d-3b5a-b053-924dce00003e', 'a1d032d1-5883-4c7e-a82f-399b5f', '02d46938-021e-3bb4-bb8f-4a31c5000071', '63d35f63-55c2-370b-9725-8d818b000052');
INSERT INTO md_attribute ( oid) VALUES ('63d35f63-55c2-370b-9725-8d818b000052');
INSERT INTO metadata ( seq, owner, created_by, entity_domain, type, locked_by, site_master, last_updated_by, create_date, oid, key_name, remove, last_update_date, description) VALUES (5795, '4f664e38-0546-31c7-a379-5492ef00003c', '4f664e38-0546-31c7-a379-5492ef00003c', NULL, 'com.runwaysdk.system.metadata.MdAttributeDateTime', NULL, 'www.runwaysdk.com', '4f664e38-0546-31c7-a379-5492ef00003c', '2020-02-11 19:18:02', '63d35f63-55c2-370b-9725-8d818b000052', 'com.runwaysdk.system.scheduler.JobHasStage.lastUpdateDate', 0, '2020-02-11 19:18:02', '36938f5e-3baa-45d5-ab1b-ff8c6300011f');
INSERT INTO class_attribute_concrete ( oid, parent_oid, child_oid) VALUES ('63d35f63-55c2-370b-9725-8d818b0000f5', '710a2371-009d-3b5a-b053-924dce00003e', '63d35f63-55c2-370b-9725-8d818b000052');
INSERT INTO class_attribute ( oid, parent_oid, child_oid) VALUES ('63d35f63-55c2-370b-9725-8d818b0000f5', '710a2371-009d-3b5a-b053-924dce00003e', '63d35f63-55c2-370b-9725-8d818b000052');
INSERT INTO metadata_relationship ( site_master, entity_domain, last_updated_by, key_name, created_by, create_date, seq, last_update_date, locked_by, type, owner, oid, parent_oid, child_oid) VALUES ('www.runwaysdk.com', NULL, '4f664e38-0546-31c7-a379-5492ef00003c', 'com.runwaysdk.system.scheduler.JobHasStage.lastUpdateDate', '4f664e38-0546-31c7-a379-5492ef00003c', '2020-02-11 19:18:02', 5796, '2020-02-11 19:18:02', NULL, 'com.runwaysdk.system.metadata.ClassAttributeConcrete', '4f664e38-0546-31c7-a379-5492ef00003c', '63d35f63-55c2-370b-9725-8d818b0000f5', '710a2371-009d-3b5a-b053-924dce00003e', '63d35f63-55c2-370b-9725-8d818b000052');
INSERT INTO metadata_display_label ( oid, default_locale, key_name, site_master) VALUES ('61d9b0e5-bd92-4281-b09b-e82c3a00011f', 'Created By', '61d9b0e5-bd92-4281-b09b-e82c3a00011f', 'www.runwaysdk.com');
INSERT INTO md_attribute_indicies (set_id, item_id)  VALUES  ('913ea4ab-841a-4c02-931d-ce34c6', 'cb6c78c1-3d48-333a-af1e-1885ca000055');
INSERT INTO visibilitymodifier (set_id, item_id)  VALUES  ('d6fa4048-8068-42d4-bb23-48e648', '02d46938-021e-3bb4-bb8f-4a31c5000071');
INSERT INTO visibilitymodifier (set_id, item_id)  VALUES  ('c74915df-c851-43f7-b0d7-563868', '02d46938-021e-3bb4-bb8f-4a31c5000071');
INSERT INTO metadata_display_label ( oid, default_locale, key_name, site_master) VALUES ('7d7b4beb-9264-465f-a2c7-ec07ab00011f', 'User that created this object', '7d7b4beb-9264-465f-a2c7-ec07ab00011f', 'www.runwaysdk.com');
INSERT INTO md_attribute_reference ( default_value, md_business, oid) VALUES (NULL, '7d2091fd-69c2-3524-aa9b-9e203e00003a', '027bc0fa-8302-354f-bdc5-8b46790000da');
INSERT INTO md_attribute_ref ( oid) VALUES ('027bc0fa-8302-354f-bdc5-8b46790000da');
INSERT INTO md_attribute_concrete ( display_label, index_name, attribute_name, immutable, system, required, index_type, index_type_c, column_name, generate_accessor, getter_visibility, getter_visibility_c, defining_md_class, setter_visibility, setter_visibility_c, oid) VALUES ('61d9b0e5-bd92-4281-b09b-e82c3a00011f', 'a3c633acfe65637cd8c87898da1', 'createdBy', 1, 1, 1, '913ea4ab-841a-4c02-931d-ce34c6', 'cb6c78c1-3d48-333a-af1e-1885ca000055', 'created_by', 1, 'd6fa4048-8068-42d4-bb23-48e648', '02d46938-021e-3bb4-bb8f-4a31c5000071', '710a2371-009d-3b5a-b053-924dce00003e', 'c74915df-c851-43f7-b0d7-563868', '02d46938-021e-3bb4-bb8f-4a31c5000071', '027bc0fa-8302-354f-bdc5-8b46790000da');
INSERT INTO md_attribute ( oid) VALUES ('027bc0fa-8302-354f-bdc5-8b46790000da');
INSERT INTO metadata ( seq, owner, created_by, entity_domain, type, locked_by, site_master, last_updated_by, create_date, oid, key_name, remove, last_update_date, description) VALUES (5797, '4f664e38-0546-31c7-a379-5492ef00003c', '4f664e38-0546-31c7-a379-5492ef00003c', NULL, 'com.runwaysdk.system.metadata.MdAttributeReference', NULL, 'www.runwaysdk.com', '4f664e38-0546-31c7-a379-5492ef00003c', '2020-02-11 19:18:02', '027bc0fa-8302-354f-bdc5-8b46790000da', 'com.runwaysdk.system.scheduler.JobHasStage.createdBy', 0, '2020-02-11 19:18:02', '7d7b4beb-9264-465f-a2c7-ec07ab00011f');
INSERT INTO class_attribute_concrete ( oid, parent_oid, child_oid) VALUES ('027bc0fa-8302-354f-bdc5-8b46790000f5', '710a2371-009d-3b5a-b053-924dce00003e', '027bc0fa-8302-354f-bdc5-8b46790000da');
INSERT INTO class_attribute ( oid, parent_oid, child_oid) VALUES ('027bc0fa-8302-354f-bdc5-8b46790000f5', '710a2371-009d-3b5a-b053-924dce00003e', '027bc0fa-8302-354f-bdc5-8b46790000da');
INSERT INTO metadata_relationship ( site_master, entity_domain, last_updated_by, key_name, created_by, create_date, seq, last_update_date, locked_by, type, owner, oid, parent_oid, child_oid) VALUES ('www.runwaysdk.com', NULL, '4f664e38-0546-31c7-a379-5492ef00003c', 'com.runwaysdk.system.scheduler.JobHasStage.createdBy', '4f664e38-0546-31c7-a379-5492ef00003c', '2020-02-11 19:18:02', 5798, '2020-02-11 19:18:02', NULL, 'com.runwaysdk.system.metadata.ClassAttributeConcrete', '4f664e38-0546-31c7-a379-5492ef00003c', '027bc0fa-8302-354f-bdc5-8b46790000f5', '710a2371-009d-3b5a-b053-924dce00003e', '027bc0fa-8302-354f-bdc5-8b46790000da');
INSERT INTO metadata_display_label ( oid, default_locale, key_name, site_master) VALUES ('8f0d7631-c692-4729-b571-fb3c8b00011f', 'Create Date', '8f0d7631-c692-4729-b571-fb3c8b00011f', 'www.runwaysdk.com');
INSERT INTO md_attribute_indicies (set_id, item_id)  VALUES  ('67dc5a6b-6951-40f7-9e12-c215fa', '9a7f73ee-81a9-32e9-884e-c4be61000055');
INSERT INTO visibilitymodifier (set_id, item_id)  VALUES  ('4d33d92c-871b-42a0-b528-bc3b93', '02d46938-021e-3bb4-bb8f-4a31c5000071');
INSERT INTO visibilitymodifier (set_id, item_id)  VALUES  ('4a41a812-3e60-4759-9c44-2b8b68', '02d46938-021e-3bb4-bb8f-4a31c5000071');
INSERT INTO metadata_display_label ( oid, default_locale, key_name, site_master) VALUES ('e3a93205-9235-4a52-8cf8-6eaf3d00011f', 'Date and time this record was created', 'e3a93205-9235-4a52-8cf8-6eaf3d00011f', 'www.runwaysdk.com');
INSERT INTO md_attribute_datetime ( default_value, oid) VALUES (NULL, 'b630b6ed-dc2b-3b9e-8f91-e05e52000052');
INSERT INTO md_attribute_moment ( oid) VALUES ('b630b6ed-dc2b-3b9e-8f91-e05e52000052');
INSERT INTO md_attribute_primitive ( is_expression, expression, oid) VALUES (0, NULL, 'b630b6ed-dc2b-3b9e-8f91-e05e52000052');
INSERT INTO md_attribute_concrete ( display_label, index_name, attribute_name, immutable, system, required, index_type, index_type_c, column_name, generate_accessor, getter_visibility, getter_visibility_c, defining_md_class, setter_visibility, setter_visibility_c, oid) VALUES ('8f0d7631-c692-4729-b571-fb3c8b00011f', 'a1a9005b29fe5377780227ed297', 'createDate', 0, 1, 1, '67dc5a6b-6951-40f7-9e12-c215fa', '9a7f73ee-81a9-32e9-884e-c4be61000055', 'create_date', 1, '4d33d92c-871b-42a0-b528-bc3b93', '02d46938-021e-3bb4-bb8f-4a31c5000071', '710a2371-009d-3b5a-b053-924dce00003e', '4a41a812-3e60-4759-9c44-2b8b68', '02d46938-021e-3bb4-bb8f-4a31c5000071', 'b630b6ed-dc2b-3b9e-8f91-e05e52000052');
INSERT INTO md_attribute ( oid) VALUES ('b630b6ed-dc2b-3b9e-8f91-e05e52000052');
INSERT INTO metadata ( seq, owner, created_by, entity_domain, type, locked_by, site_master, last_updated_by, create_date, oid, key_name, remove, last_update_date, description) VALUES (5799, '4f664e38-0546-31c7-a379-5492ef00003c', '4f664e38-0546-31c7-a379-5492ef00003c', NULL, 'com.runwaysdk.system.metadata.MdAttributeDateTime', NULL, 'www.runwaysdk.com', '4f664e38-0546-31c7-a379-5492ef00003c', '2020-02-11 19:18:02', 'b630b6ed-dc2b-3b9e-8f91-e05e52000052', 'com.runwaysdk.system.scheduler.JobHasStage.createDate', 0, '2020-02-11 19:18:02', 'e3a93205-9235-4a52-8cf8-6eaf3d00011f');
INSERT INTO class_attribute_concrete ( oid, parent_oid, child_oid) VALUES ('b630b6ed-dc2b-3b9e-8f91-e05e520000f5', '710a2371-009d-3b5a-b053-924dce00003e', 'b630b6ed-dc2b-3b9e-8f91-e05e52000052');
INSERT INTO class_attribute ( oid, parent_oid, child_oid) VALUES ('b630b6ed-dc2b-3b9e-8f91-e05e520000f5', '710a2371-009d-3b5a-b053-924dce00003e', 'b630b6ed-dc2b-3b9e-8f91-e05e52000052');
INSERT INTO metadata_relationship ( site_master, entity_domain, last_updated_by, key_name, created_by, create_date, seq, last_update_date, locked_by, type, owner, oid, parent_oid, child_oid) VALUES ('www.runwaysdk.com', NULL, '4f664e38-0546-31c7-a379-5492ef00003c', 'com.runwaysdk.system.scheduler.JobHasStage.createDate', '4f664e38-0546-31c7-a379-5492ef00003c', '2020-02-11 19:18:02', 5800, '2020-02-11 19:18:02', NULL, 'com.runwaysdk.system.metadata.ClassAttributeConcrete', '4f664e38-0546-31c7-a379-5492ef00003c', 'b630b6ed-dc2b-3b9e-8f91-e05e520000f5', '710a2371-009d-3b5a-b053-924dce00003e', 'b630b6ed-dc2b-3b9e-8f91-e05e52000052');
INSERT INTO metadata_display_label ( oid, default_locale, key_name, site_master) VALUES ('379720c7-cfb6-44d3-9b1f-13f4b300011f', 'Sequence', '379720c7-cfb6-44d3-9b1f-13f4b300011f', 'www.runwaysdk.com');
INSERT INTO md_attribute_indicies (set_id, item_id)  VALUES  ('7153d6b4-07ce-4f9d-add0-306167', '9a7f73ee-81a9-32e9-884e-c4be61000055');
INSERT INTO visibilitymodifier (set_id, item_id)  VALUES  ('674a02ed-8f1b-4ec7-b433-a709b1', '02d46938-021e-3bb4-bb8f-4a31c5000071');
INSERT INTO visibilitymodifier (set_id, item_id)  VALUES  ('0e1e5c92-6805-4c36-84f9-f0d847', '02d46938-021e-3bb4-bb8f-4a31c5000071');
INSERT INTO metadata_display_label ( oid, default_locale, key_name, site_master) VALUES ('4b143021-1fb9-49c9-9111-c936a400011f', 'Sequence number is incremented every time this object is updated', '4b143021-1fb9-49c9-9111-c936a400011f', 'www.runwaysdk.com');
INSERT INTO md_attribute_long ( default_value, start_range, end_range, oid) VALUES (NULL, NULL, NULL, 'ee531cc0-8608-3c7e-94ad-ef2187000050');
INSERT INTO md_attribute_int ( oid) VALUES ('ee531cc0-8608-3c7e-94ad-ef2187000050');
INSERT INTO md_attribute_number ( reject_negative, reject_zero, reject_positive, oid) VALUES (1, 0, 0, 'ee531cc0-8608-3c7e-94ad-ef2187000050');
INSERT INTO md_attribute_primitive ( is_expression, expression, oid) VALUES (0, NULL, 'ee531cc0-8608-3c7e-94ad-ef2187000050');
INSERT INTO md_attribute_concrete ( display_label, index_name, attribute_name, immutable, system, required, index_type, index_type_c, column_name, generate_accessor, getter_visibility, getter_visibility_c, defining_md_class, setter_visibility, setter_visibility_c, oid) VALUES ('379720c7-cfb6-44d3-9b1f-13f4b300011f', 'afdf96d26bb82389588d5d171ae', 'seq', 0, 1, 1, '7153d6b4-07ce-4f9d-add0-306167', '9a7f73ee-81a9-32e9-884e-c4be61000055', 'seq', 1, '674a02ed-8f1b-4ec7-b433-a709b1', '02d46938-021e-3bb4-bb8f-4a31c5000071', '710a2371-009d-3b5a-b053-924dce00003e', '0e1e5c92-6805-4c36-84f9-f0d847', '02d46938-021e-3bb4-bb8f-4a31c5000071', 'ee531cc0-8608-3c7e-94ad-ef2187000050');
INSERT INTO md_attribute ( oid) VALUES ('ee531cc0-8608-3c7e-94ad-ef2187000050');
INSERT INTO metadata ( seq, owner, created_by, entity_domain, type, locked_by, site_master, last_updated_by, create_date, oid, key_name, remove, last_update_date, description) VALUES (5801, '4f664e38-0546-31c7-a379-5492ef00003c', '4f664e38-0546-31c7-a379-5492ef00003c', NULL, 'com.runwaysdk.system.metadata.MdAttributeLong', NULL, 'www.runwaysdk.com', '4f664e38-0546-31c7-a379-5492ef00003c', '2020-02-11 19:18:02', 'ee531cc0-8608-3c7e-94ad-ef2187000050', 'com.runwaysdk.system.scheduler.JobHasStage.seq', 0, '2020-02-11 19:18:02', '4b143021-1fb9-49c9-9111-c936a400011f');
INSERT INTO class_attribute_concrete ( oid, parent_oid, child_oid) VALUES ('ee531cc0-8608-3c7e-94ad-ef21870000f5', '710a2371-009d-3b5a-b053-924dce00003e', 'ee531cc0-8608-3c7e-94ad-ef2187000050');
INSERT INTO class_attribute ( oid, parent_oid, child_oid) VALUES ('ee531cc0-8608-3c7e-94ad-ef21870000f5', '710a2371-009d-3b5a-b053-924dce00003e', 'ee531cc0-8608-3c7e-94ad-ef2187000050');
INSERT INTO metadata_relationship ( site_master, entity_domain, last_updated_by, key_name, created_by, create_date, seq, last_update_date, locked_by, type, owner, oid, parent_oid, child_oid) VALUES ('www.runwaysdk.com', NULL, '4f664e38-0546-31c7-a379-5492ef00003c', 'com.runwaysdk.system.scheduler.JobHasStage.seq', '4f664e38-0546-31c7-a379-5492ef00003c', '2020-02-11 19:18:02', 5802, '2020-02-11 19:18:02', NULL, 'com.runwaysdk.system.metadata.ClassAttributeConcrete', '4f664e38-0546-31c7-a379-5492ef00003c', 'ee531cc0-8608-3c7e-94ad-ef21870000f5', '710a2371-009d-3b5a-b053-924dce00003e', 'ee531cc0-8608-3c7e-94ad-ef2187000050');
INSERT INTO metadata_display_label ( oid, default_locale, key_name, site_master) VALUES ('d8d73160-ec20-4180-b595-953a2f00011f', 'Entity Domain', 'd8d73160-ec20-4180-b595-953a2f00011f', 'www.runwaysdk.com');
INSERT INTO md_attribute_indicies (set_id, item_id)  VALUES  ('e9f93524-4fd7-41a2-892e-9de22a', 'cb6c78c1-3d48-333a-af1e-1885ca000055');
INSERT INTO visibilitymodifier (set_id, item_id)  VALUES  ('da6a6b15-9a62-45d2-a9eb-b3f6dc', '02d46938-021e-3bb4-bb8f-4a31c5000071');
INSERT INTO visibilitymodifier (set_id, item_id)  VALUES  ('ad657ec9-d845-4e67-be14-8b7a54', '02d46938-021e-3bb4-bb8f-4a31c5000071');
INSERT INTO metadata_display_label ( oid, default_locale, key_name, site_master) VALUES ('20807557-cca0-43fb-9116-7430c500011f', 'The Domain of this entity', '20807557-cca0-43fb-9116-7430c500011f', 'www.runwaysdk.com');
INSERT INTO md_attribute_reference ( default_value, md_business, oid) VALUES (NULL, '514f5b28-3c4a-3b37-b363-4fe86700003a', '200d6006-8043-366d-9883-10053f0000da');
INSERT INTO md_attribute_ref ( oid) VALUES ('200d6006-8043-366d-9883-10053f0000da');
INSERT INTO md_attribute_concrete ( display_label, index_name, attribute_name, immutable, system, required, index_type, index_type_c, column_name, generate_accessor, getter_visibility, getter_visibility_c, defining_md_class, setter_visibility, setter_visibility_c, oid) VALUES ('d8d73160-ec20-4180-b595-953a2f00011f', 'ac1627dc9879a33e58b19b45982', 'entityDomain', 0, 0, 0, 'e9f93524-4fd7-41a2-892e-9de22a', 'cb6c78c1-3d48-333a-af1e-1885ca000055', 'entity_domain', 1, 'da6a6b15-9a62-45d2-a9eb-b3f6dc', '02d46938-021e-3bb4-bb8f-4a31c5000071', '710a2371-009d-3b5a-b053-924dce00003e', 'ad657ec9-d845-4e67-be14-8b7a54', '02d46938-021e-3bb4-bb8f-4a31c5000071', '200d6006-8043-366d-9883-10053f0000da');
INSERT INTO md_attribute ( oid) VALUES ('200d6006-8043-366d-9883-10053f0000da');
INSERT INTO metadata ( seq, owner, created_by, entity_domain, type, locked_by, site_master, last_updated_by, create_date, oid, key_name, remove, last_update_date, description) VALUES (5803, '4f664e38-0546-31c7-a379-5492ef00003c', '4f664e38-0546-31c7-a379-5492ef00003c', NULL, 'com.runwaysdk.system.metadata.MdAttributeReference', NULL, 'www.runwaysdk.com', '4f664e38-0546-31c7-a379-5492ef00003c', '2020-02-11 19:18:02', '200d6006-8043-366d-9883-10053f0000da', 'com.runwaysdk.system.scheduler.JobHasStage.entityDomain', 1, '2020-02-11 19:18:02', '20807557-cca0-43fb-9116-7430c500011f');
INSERT INTO class_attribute_concrete ( oid, parent_oid, child_oid) VALUES ('200d6006-8043-366d-9883-10053f0000f5', '710a2371-009d-3b5a-b053-924dce00003e', '200d6006-8043-366d-9883-10053f0000da');
INSERT INTO class_attribute ( oid, parent_oid, child_oid) VALUES ('200d6006-8043-366d-9883-10053f0000f5', '710a2371-009d-3b5a-b053-924dce00003e', '200d6006-8043-366d-9883-10053f0000da');
INSERT INTO metadata_relationship ( site_master, entity_domain, last_updated_by, key_name, created_by, create_date, seq, last_update_date, locked_by, type, owner, oid, parent_oid, child_oid) VALUES ('www.runwaysdk.com', NULL, '4f664e38-0546-31c7-a379-5492ef00003c', 'com.runwaysdk.system.scheduler.JobHasStage.entityDomain', '4f664e38-0546-31c7-a379-5492ef00003c', '2020-02-11 19:18:02', 5804, '2020-02-11 19:18:02', NULL, 'com.runwaysdk.system.metadata.ClassAttributeConcrete', '4f664e38-0546-31c7-a379-5492ef00003c', '200d6006-8043-366d-9883-10053f0000f5', '710a2371-009d-3b5a-b053-924dce00003e', '200d6006-8043-366d-9883-10053f0000da');
INSERT INTO metadata_display_label ( oid, default_locale, key_name, site_master) VALUES ('c44cb956-49fb-49f3-aca1-49530a00011f', 'Type', 'c44cb956-49fb-49f3-aca1-49530a00011f', 'www.runwaysdk.com');
INSERT INTO md_attribute_indicies (set_id, item_id)  VALUES  ('10f87c64-3514-48bd-8b7c-05aec7', '9a7f73ee-81a9-32e9-884e-c4be61000055');
INSERT INTO visibilitymodifier (set_id, item_id)  VALUES  ('bc1eeeac-f5e2-45af-bf6a-a1c302', '02d46938-021e-3bb4-bb8f-4a31c5000071');
INSERT INTO visibilitymodifier (set_id, item_id)  VALUES  ('5338baa3-61ac-4ee4-921a-bfeb46', '02d46938-021e-3bb4-bb8f-4a31c5000071');
INSERT INTO metadata_display_label ( oid, default_locale, key_name, site_master) VALUES ('b2b48fc6-53f3-4100-8e29-4dc1e000011f', 'Fully qualified type of this object', 'b2b48fc6-53f3-4100-8e29-4dc1e000011f', 'www.runwaysdk.com');
INSERT INTO md_attribute_character ( database_size, default_value, oid) VALUES (255, NULL, '2c224d99-0c40-3a07-bbc1-e745b9000043');
INSERT INTO md_attribute_char ( oid) VALUES ('2c224d99-0c40-3a07-bbc1-e745b9000043');
INSERT INTO md_attribute_primitive ( is_expression, expression, oid) VALUES (0, NULL, '2c224d99-0c40-3a07-bbc1-e745b9000043');
INSERT INTO md_attribute_concrete ( display_label, index_name, attribute_name, immutable, system, required, index_type, index_type_c, column_name, generate_accessor, getter_visibility, getter_visibility_c, defining_md_class, setter_visibility, setter_visibility_c, oid) VALUES ('c44cb956-49fb-49f3-aca1-49530a00011f', 'a63ed76f8a14d3f3c92a0762f54', 'type', 1, 1, 1, '10f87c64-3514-48bd-8b7c-05aec7', '9a7f73ee-81a9-32e9-884e-c4be61000055', 'type', 1, 'bc1eeeac-f5e2-45af-bf6a-a1c302', '02d46938-021e-3bb4-bb8f-4a31c5000071', '710a2371-009d-3b5a-b053-924dce00003e', '5338baa3-61ac-4ee4-921a-bfeb46', '02d46938-021e-3bb4-bb8f-4a31c5000071', '2c224d99-0c40-3a07-bbc1-e745b9000043');
INSERT INTO md_attribute ( oid) VALUES ('2c224d99-0c40-3a07-bbc1-e745b9000043');
INSERT INTO metadata ( seq, owner, created_by, entity_domain, type, locked_by, site_master, last_updated_by, create_date, oid, key_name, remove, last_update_date, description) VALUES (5805, '4f664e38-0546-31c7-a379-5492ef00003c', '4f664e38-0546-31c7-a379-5492ef00003c', NULL, 'com.runwaysdk.system.metadata.MdAttributeCharacter', NULL, 'www.runwaysdk.com', '4f664e38-0546-31c7-a379-5492ef00003c', '2020-02-11 19:18:02', '2c224d99-0c40-3a07-bbc1-e745b9000043', 'com.runwaysdk.system.scheduler.JobHasStage.type', 0, '2020-02-11 19:18:02', 'b2b48fc6-53f3-4100-8e29-4dc1e000011f');
INSERT INTO class_attribute_concrete ( oid, parent_oid, child_oid) VALUES ('2c224d99-0c40-3a07-bbc1-e745b90000f5', '710a2371-009d-3b5a-b053-924dce00003e', '2c224d99-0c40-3a07-bbc1-e745b9000043');
INSERT INTO class_attribute ( oid, parent_oid, child_oid) VALUES ('2c224d99-0c40-3a07-bbc1-e745b90000f5', '710a2371-009d-3b5a-b053-924dce00003e', '2c224d99-0c40-3a07-bbc1-e745b9000043');
INSERT INTO metadata_relationship ( site_master, entity_domain, last_updated_by, key_name, created_by, create_date, seq, last_update_date, locked_by, type, owner, oid, parent_oid, child_oid) VALUES ('www.runwaysdk.com', NULL, '4f664e38-0546-31c7-a379-5492ef00003c', 'com.runwaysdk.system.scheduler.JobHasStage.type', '4f664e38-0546-31c7-a379-5492ef00003c', '2020-02-11 19:18:02', 5806, '2020-02-11 19:18:02', NULL, 'com.runwaysdk.system.metadata.ClassAttributeConcrete', '4f664e38-0546-31c7-a379-5492ef00003c', '2c224d99-0c40-3a07-bbc1-e745b90000f5', '710a2371-009d-3b5a-b053-924dce00003e', '2c224d99-0c40-3a07-bbc1-e745b9000043');
INSERT INTO metadata_display_label ( oid, default_locale, key_name, site_master) VALUES ('c5942e10-785f-49a3-9e8b-a029c900011f', 'Last Updated By', 'c5942e10-785f-49a3-9e8b-a029c900011f', 'www.runwaysdk.com');
INSERT INTO md_attribute_indicies (set_id, item_id)  VALUES  ('95a947a1-9679-4108-9a8f-1e98e5', 'cb6c78c1-3d48-333a-af1e-1885ca000055');
INSERT INTO visibilitymodifier (set_id, item_id)  VALUES  ('f1e037d5-da80-4c84-bd69-b9a75c', '02d46938-021e-3bb4-bb8f-4a31c5000071');
INSERT INTO visibilitymodifier (set_id, item_id)  VALUES  ('bce21be2-2c3c-4ddb-93c0-7c5282', '02d46938-021e-3bb4-bb8f-4a31c5000071');
INSERT INTO metadata_display_label ( oid, default_locale, key_name, site_master) VALUES ('6f4a5a14-e941-4244-b96e-5e164600011f', 'User who last updated this object', '6f4a5a14-e941-4244-b96e-5e164600011f', 'www.runwaysdk.com');
INSERT INTO md_attribute_reference ( default_value, md_business, oid) VALUES (NULL, '7d2091fd-69c2-3524-aa9b-9e203e00003a', '196dbec1-66c9-3348-9346-6b288d0000da');
INSERT INTO md_attribute_ref ( oid) VALUES ('196dbec1-66c9-3348-9346-6b288d0000da');
INSERT INTO md_attribute_concrete ( display_label, index_name, attribute_name, immutable, system, required, index_type, index_type_c, column_name, generate_accessor, getter_visibility, getter_visibility_c, defining_md_class, setter_visibility, setter_visibility_c, oid) VALUES ('c5942e10-785f-49a3-9e8b-a029c900011f', 'a6060538dc5a2384493cd6e29e9', 'lastUpdatedBy', 0, 1, 1, '95a947a1-9679-4108-9a8f-1e98e5', 'cb6c78c1-3d48-333a-af1e-1885ca000055', 'last_updated_by', 1, 'f1e037d5-da80-4c84-bd69-b9a75c', '02d46938-021e-3bb4-bb8f-4a31c5000071', '710a2371-009d-3b5a-b053-924dce00003e', 'bce21be2-2c3c-4ddb-93c0-7c5282', '02d46938-021e-3bb4-bb8f-4a31c5000071', '196dbec1-66c9-3348-9346-6b288d0000da');
INSERT INTO md_attribute ( oid) VALUES ('196dbec1-66c9-3348-9346-6b288d0000da');
INSERT INTO metadata ( seq, owner, created_by, entity_domain, type, locked_by, site_master, last_updated_by, create_date, oid, key_name, remove, last_update_date, description) VALUES (5807, '4f664e38-0546-31c7-a379-5492ef00003c', '4f664e38-0546-31c7-a379-5492ef00003c', NULL, 'com.runwaysdk.system.metadata.MdAttributeReference', NULL, 'www.runwaysdk.com', '4f664e38-0546-31c7-a379-5492ef00003c', '2020-02-11 19:18:02', '196dbec1-66c9-3348-9346-6b288d0000da', 'com.runwaysdk.system.scheduler.JobHasStage.lastUpdatedBy', 0, '2020-02-11 19:18:02', '6f4a5a14-e941-4244-b96e-5e164600011f');
INSERT INTO class_attribute_concrete ( oid, parent_oid, child_oid) VALUES ('196dbec1-66c9-3348-9346-6b288d0000f5', '710a2371-009d-3b5a-b053-924dce00003e', '196dbec1-66c9-3348-9346-6b288d0000da');
INSERT INTO class_attribute ( oid, parent_oid, child_oid) VALUES ('196dbec1-66c9-3348-9346-6b288d0000f5', '710a2371-009d-3b5a-b053-924dce00003e', '196dbec1-66c9-3348-9346-6b288d0000da');
INSERT INTO metadata_relationship ( site_master, entity_domain, last_updated_by, key_name, created_by, create_date, seq, last_update_date, locked_by, type, owner, oid, parent_oid, child_oid) VALUES ('www.runwaysdk.com', NULL, '4f664e38-0546-31c7-a379-5492ef00003c', 'com.runwaysdk.system.scheduler.JobHasStage.lastUpdatedBy', '4f664e38-0546-31c7-a379-5492ef00003c', '2020-02-11 19:18:02', 5808, '2020-02-11 19:18:02', NULL, 'com.runwaysdk.system.metadata.ClassAttributeConcrete', '4f664e38-0546-31c7-a379-5492ef00003c', '196dbec1-66c9-3348-9346-6b288d0000f5', '710a2371-009d-3b5a-b053-924dce00003e', '196dbec1-66c9-3348-9346-6b288d0000da');
DELETE FROM visibilitymodifier WHERE set_id='e89ead9a-71d4-48f9-b555-7df0e8';
INSERT INTO visibilitymodifier (set_id, item_id)  VALUES  ('e89ead9a-71d4-48f9-b555-7df0e8', '02d46938-021e-3bb4-bb8f-4a31c5000071');
UPDATE metadata_display_label SET oid= 'e729c0c3-bafd-459c-bc22-c66f0b00011f' , key_name= 'e729c0c3-bafd-459c-bc22-c66f0b00011f' , site_master= 'www.runwaysdk.com'  WHERE oid='e729c0c3-bafd-459c-bc22-c66f0b00011f';
UPDATE metadata_display_label SET oid= 'beb29b9c-d665-485b-84cc-eec9c700011f' , key_name= 'beb29b9c-d665-485b-84cc-eec9c700011f' , site_master= 'www.runwaysdk.com'  WHERE oid='beb29b9c-d665-485b-84cc-eec9c700011f';
DELETE FROM visibilitymodifier WHERE set_id='a8adebd0-9353-4232-b889-c34df4';
INSERT INTO visibilitymodifier (set_id, item_id)  VALUES  ('a8adebd0-9353-4232-b889-c34df4', '02d46938-021e-3bb4-bb8f-4a31c5000071');
DELETE FROM relationship_cache WHERE set_id='1ba6ae38-d2d4-4754-a428-a8941a';
INSERT INTO relationship_cache (set_id, item_id)  VALUES  ('1ba6ae38-d2d4-4754-a428-a8941a', '53f84de0-954a-3d48-a57f-29b95c00004d');
UPDATE metadata_display_label SET oid= '6651ff2d-4320-4202-bbbf-6081f200011f' , key_name= '6651ff2d-4320-4202-bbbf-6081f200011f' , site_master= 'www.runwaysdk.com'  WHERE oid='6651ff2d-4320-4202-bbbf-6081f200011f';
UPDATE metadata_display_label SET oid= 'ca957f72-320b-4b5d-acb8-a1e06a00011f' , key_name= 'ca957f72-320b-4b5d-acb8-a1e06a00011f' , site_master= 'www.runwaysdk.com'  WHERE oid='ca957f72-320b-4b5d-acb8-a1e06a00011f';
UPDATE md_relationship SET child_visibility= 'e89ead9a-71d4-48f9-b555-7df0e8' , child_visibility_c= '02d46938-021e-3bb4-bb8f-4a31c5000071' , parent_display_label= 'e729c0c3-bafd-459c-bc22-c66f0b00011f' , child_method= 'Stage' , index1_name= 'rel_86fde3e6bdc845b8b93b965be0' , parent_cardinality= '1' , child_display_label= 'beb29b9c-d665-485b-84cc-eec9c700011f' , parent_md_business= 'e32ea295-8388-3f81-8364-61624e00003a' , index2_name= 'rel_e46197c5022144b697ab0a6627' , child_md_business= 'b676916f-b26f-3bfb-881d-81399700003a' , child_cardinality= '*' , parent_visibility= 'a8adebd0-9353-4232-b889-c34df4' , parent_visibility_c= '02d46938-021e-3bb4-bb8f-4a31c5000071' , parent_method= 'MultiStageJob' , cache_algorithm= '1ba6ae38-d2d4-4754-a428-a8941a' , cache_algorithm_c= '53f84de0-954a-3d48-a57f-29b95c00004d' , oid= '710a2371-009d-3b5a-b053-924dce00003e'  WHERE oid='710a2371-009d-3b5a-b053-924dce00003e';
UPDATE md_entity SET table_name= 'job_has_stage' , oid= '710a2371-009d-3b5a-b053-924dce00003e'  WHERE oid='710a2371-009d-3b5a-b053-924dce00003e';
UPDATE md_type SET root_id= '000531' , display_label= '6651ff2d-4320-4202-bbbf-6081f200011f' , package_name= 'com.runwaysdk.system.scheduler' , type_name= 'JobHasStage' , oid= '710a2371-009d-3b5a-b053-924dce00003e'  WHERE oid='710a2371-009d-3b5a-b053-924dce00003e';
UPDATE metadata SET seq= 5809 , owner= '4f664e38-0546-31c7-a379-5492ef00003c' , created_by= '4f664e38-0546-31c7-a379-5492ef00003c' , type= 'com.runwaysdk.system.metadata.MdRelationship' , site_master= 'www.runwaysdk.com' , last_updated_by= '4f664e38-0546-31c7-a379-5492ef00003c' , create_date= '2020-02-11 19:18:02' , oid= '710a2371-009d-3b5a-b053-924dce00003e' , key_name= 'com.runwaysdk.system.scheduler.JobHasStage' , last_update_date= '2020-02-11 19:18:02' , description= 'ca957f72-320b-4b5d-acb8-a1e06a00011f'  WHERE oid='710a2371-009d-3b5a-b053-924dce00003e';
CREATE TABLE job_has_stage ( oid UUID NOT NULL PRIMARY KEY, 
parent_oid UUID NOT NULL, 
child_oid UUID NOT NULL
,key_name  varchar(255)
,site_master  varchar(255)
,locked_by  uuid
,owner  uuid
,last_update_date  timestamp
,created_by  uuid
,create_date  timestamp
,seq  bigint
,entity_domain  uuid
,type  varchar(255)
,last_updated_by  uuid );
CREATE  INDEX rel_86fde3e6bdc845b8b93b965be0 ON job_has_stage (parent_oid, child_oid);
CREATE INDEX rel_e46197c5022144b697ab0a6627 ON job_has_stage (child_oid);
CREATE UNIQUE INDEX a64796e6ccce733769fc88e55f1 ON job_has_stage (key_name);
INSERT INTO metadata_display_label ( oid, default_locale, key_name, site_master) VALUES ('3a2078aa-b83f-4d82-9876-24682e00011f', 'Queued', '3a2078aa-b83f-4d82-9876-24682e00011f', 'www.runwaysdk.com');
INSERT INTO job_status ( oid) VALUES ('3c036eb2-ccb9-4723-9e00-dadbb70000e7');
INSERT INTO enumeration_master ( entity_domain, last_updated_by, created_by, owner, last_update_date, site_master, display_label, enum_name, locked_by, create_date, oid, type, seq, key_name) VALUES (NULL, '4f664e38-0546-31c7-a379-5492ef00003c', '4f664e38-0546-31c7-a379-5492ef00003c', '4f664e38-0546-31c7-a379-5492ef00003c', '2020-02-11 19:18:02', 'www.runwaysdk.com', '3a2078aa-b83f-4d82-9876-24682e00011f', 'QUEUED', NULL, '2020-02-11 19:18:02', '3c036eb2-ccb9-4723-9e00-dadbb70000e7', 'com.runwaysdk.system.scheduler.JobStatus', 5810, 'com.runwaysdk.system.scheduler.JobStatus.QUEUED');
INSERT INTO enumeration_attribute_item ( oid, parent_oid, child_oid) VALUES ('458bfc01-9be8-3411-8a19-bbab6d0000f7', '0d0d6963-bd58-3b1f-aab8-ab0c1100004b', '3c036eb2-ccb9-4723-9e00-dadbb70000e7');
INSERT INTO metadata_relationship ( site_master, entity_domain, last_updated_by, key_name, created_by, create_date, seq, last_update_date, locked_by, type, owner, oid, parent_oid, child_oid) VALUES ('www.runwaysdk.com', NULL, '4f664e38-0546-31c7-a379-5492ef00003c', 'com.runwaysdk.system.scheduler.AllJobStatus.QUEUED', '4f664e38-0546-31c7-a379-5492ef00003c', '2020-02-11 19:18:02', 5811, '2020-02-11 19:18:02', NULL, 'com.runwaysdk.system.metadata.EnumerationAttributeItem', '4f664e38-0546-31c7-a379-5492ef00003c', '458bfc01-9be8-3411-8a19-bbab6d0000f7', '0d0d6963-bd58-3b1f-aab8-ab0c1100004b', '3c036eb2-ccb9-4723-9e00-dadbb70000e7');
INSERT INTO metadata_display_label ( oid, default_locale, key_name, site_master) VALUES ('99ce13a5-603f-469b-9e07-efe19a00011f', 'New', '99ce13a5-603f-469b-9e07-efe19a00011f', 'www.runwaysdk.com');
INSERT INTO job_status ( oid) VALUES ('b27aaaf3-2ed8-46b2-8e5e-563f430000e7');
INSERT INTO enumeration_master ( entity_domain, last_updated_by, created_by, owner, last_update_date, site_master, display_label, enum_name, locked_by, create_date, oid, type, seq, key_name) VALUES (NULL, '4f664e38-0546-31c7-a379-5492ef00003c', '4f664e38-0546-31c7-a379-5492ef00003c', '4f664e38-0546-31c7-a379-5492ef00003c', '2020-02-11 19:18:02', 'www.runwaysdk.com', '99ce13a5-603f-469b-9e07-efe19a00011f', 'NEW', NULL, '2020-02-11 19:18:02', 'b27aaaf3-2ed8-46b2-8e5e-563f430000e7', 'com.runwaysdk.system.scheduler.JobStatus', 5812, 'com.runwaysdk.system.scheduler.JobStatus.NEW');
INSERT INTO enumeration_attribute_item ( oid, parent_oid, child_oid) VALUES ('33ffbec7-e3ea-308f-bb45-5fe8140000f7', '0d0d6963-bd58-3b1f-aab8-ab0c1100004b', 'b27aaaf3-2ed8-46b2-8e5e-563f430000e7');
INSERT INTO metadata_relationship ( site_master, entity_domain, last_updated_by, key_name, created_by, create_date, seq, last_update_date, locked_by, type, owner, oid, parent_oid, child_oid) VALUES ('www.runwaysdk.com', NULL, '4f664e38-0546-31c7-a379-5492ef00003c', 'com.runwaysdk.system.scheduler.AllJobStatus.NEW', '4f664e38-0546-31c7-a379-5492ef00003c', '2020-02-11 19:18:02', 5813, '2020-02-11 19:18:02', NULL, 'com.runwaysdk.system.metadata.EnumerationAttributeItem', '4f664e38-0546-31c7-a379-5492ef00003c', '33ffbec7-e3ea-308f-bb45-5fe8140000f7', '0d0d6963-bd58-3b1f-aab8-ab0c1100004b', 'b27aaaf3-2ed8-46b2-8e5e-563f430000e7');
