--
-- Copyright (c) 2022 TerraFrame, Inc. All rights reserved.
--
-- This file is part of Runway SDK(tm).
--
-- Runway SDK(tm) is free software: you can redistribute it and/or modify
-- it under the terms of the GNU Lesser General Public License as
-- published by the Free Software Foundation, either version 3 of the
-- License, or (at your option) any later version.
--
-- Runway SDK(tm) is distributed in the hope that it will be useful, but
-- WITHOUT ANY WARRANTY; without even the implied warranty of
-- MERCHANTABILITY or FITNESS FOR A PARTICULAR PURPOSE.  See the
-- GNU Lesser General Public License for more details.
--
-- You should have received a copy of the GNU Lesser General Public
-- License along with Runway SDK(tm).  If not, see <http://www.gnu.org/licenses/>.
--


-- This code was generated after MdTerm was already created.
--   As a result, the ids do not match what already exists (on existing systems) and this SQL cannot be used.



INSERT INTO class_cache (set_id, item_id)  VALUES  ('xneaj0ux87if4efyvll2ewpqqp4p3rdn', '000000000000000000000000000002310077');
INSERT INTO metadata_display_label ( key_name, oid, site_master, default_locale) VALUES ('1s6hqrduqo0iqj09fzuj9tm7u8w1ba8w0287', '1s6hqrduqo0iqj09fzuj9tm7u8w1ba8w0287', 'terraframe.com', 'MdTerm');
INSERT INTO metadata_display_label ( key_name, oid, site_master, default_locale) VALUES ('8qvrbvpgcixc0dkprgce79ku71j76qpa0287', '8qvrbvpgcixc0dkprgce79ku71j76qpa0287', 'terraframe.com', 'Business for term definition');
INSERT INTO md_business ( super_md_business, cache_algorithm, cache_algorithm_c, oid) VALUES ('000000000000000000000000000000010058', 'xneaj0ux87if4efyvll2ewpqqp4p3rdn', '000000000000000000000000000002310077', 'i1ry1ortn0bouqdvpf9jeaxuge7hopxi0058');
INSERT INTO md_element ( is_abstract, extendable, oid) VALUES (0, 1, 'i1ry1ortn0bouqdvpf9jeaxuge7hopxi0058');
INSERT INTO md_entity ( cache_size, query_dto_source, has_deterministic_ids, enforce_site_master, query_source, table_name, oid) VALUES (0, NULL, 0, 1, NULL, 'md_term', 'i1ry1ortn0bouqdvpf9jeaxuge7hopxi0058');
INSERT INTO md_class ( stub_source, publish, stub_dto_source, oid) VALUES (NULL, 1, NULL, 'i1ry1ortn0bouqdvpf9jeaxuge7hopxi0058');
INSERT INTO md_type ( type_name, js_stub, display_label, exported, generate_source, js_base, base_source, package_name, root_id, dto_source, oid) VALUES ('MdTerm', NULL, '1s6hqrduqo0iqj09fzuj9tm7u8w1ba8w0287', 1, 1, NULL, NULL, 'com.runwaysdk.system.metadata', 'i1ry1ortn0bouqdvpf9jeaxuge7hopxi', NULL, 'i1ry1ortn0bouqdvpf9jeaxuge7hopxi0058');
INSERT INTO metadata ( create_date, seq, type, created_by, last_update_date, last_updated_by, description, locked_by, remove, owner, entity_domain, oid, key_name, site_master) VALUES ('2018-01-22 17:08:33', 5001, 'com.runwaysdk.system.metadata.MdBusiness', '000000000000000000000000000000100060', '2018-01-22 17:08:33', '000000000000000000000000000000100060', '8qvrbvpgcixc0dkprgce79ku71j76qpa0287', NULL, 1, '000000000000000000000000000000100060', NULL, 'i1ry1ortn0bouqdvpf9jeaxuge7hopxi0058', 'com.runwaysdk.system.metadata.MdTerm', 'terraframe.com');
CREATE TABLE md_term ( oid CHAR(64) NOT NULL PRIMARY KEY );
INSERT INTO business_inheritance ( oid, parent_oid, child_oid) VALUES ('i1ry1ortn0bouqdvpf9jeaxuge7hopxi0257', '000000000000000000000000000000010058', 'i1ry1ortn0bouqdvpf9jeaxuge7hopxi0058');
INSERT INTO class_inheritance ( oid, parent_oid, child_oid) VALUES ('i1ry1ortn0bouqdvpf9jeaxuge7hopxi0257', '000000000000000000000000000000010058', 'i1ry1ortn0bouqdvpf9jeaxuge7hopxi0058');
INSERT INTO metadata_relationship ( oid, created_by, type, last_update_date, site_master, owner, seq, key_name, entity_domain, locked_by, create_date, last_updated_by, parent_oid, child_oid) VALUES ('i1ry1ortn0bouqdvpf9jeaxuge7hopxi0257', '000000000000000000000000000000100060', 'com.runwaysdk.system.metadata.BusinessInheritance', '2018-01-22 17:08:33', 'terraframe.com', '000000000000000000000000000000100060', 5002, 'com.runwaysdk.system.metadata.MdTerm', NULL, NULL, '2018-01-22 17:08:33', '000000000000000000000000000000100060', '000000000000000000000000000000010058', 'i1ry1ortn0bouqdvpf9jeaxuge7hopxi0058');
INSERT INTO class_cache (set_id, item_id)  VALUES  ('xib9tn4uuxxtbrguf0xcx7i3mroxib5u', '000000000000000000000000000002310077');
INSERT INTO metadata_display_label ( key_name, oid, site_master, default_locale) VALUES ('t0mbhxgeghgeddnoxvb0ophfv8qid4as0287', 't0mbhxgeghgeddnoxvb0ophfv8qid4as0287', 'terraframe.com', 'Association Type Enum');
INSERT INTO metadata_display_label ( key_name, oid, site_master, default_locale) VALUES ('r4gcxzaseudevyo7c3iy107qzj8sidmr0287', 'r4gcxzaseudevyo7c3iy107qzj8sidmr0287', 'terraframe.com', 'Enumeration master for association types');
INSERT INTO md_business ( super_md_business, cache_algorithm, cache_algorithm_c, oid) VALUES ('000000000000000000000000000002060058', 'xib9tn4uuxxtbrguf0xcx7i3mroxib5u', '000000000000000000000000000002310077', 'ieudt6j4o5qzrjc2e4cm5k1nsc4lv8gh0058');
INSERT INTO md_element ( is_abstract, extendable, oid) VALUES (0, 0, 'ieudt6j4o5qzrjc2e4cm5k1nsc4lv8gh0058');
INSERT INTO md_entity ( cache_size, query_dto_source, has_deterministic_ids, enforce_site_master, query_source, table_name, oid) VALUES (0, NULL, 0, 1, NULL, 'association_type_enum', 'ieudt6j4o5qzrjc2e4cm5k1nsc4lv8gh0058');
INSERT INTO md_class ( stub_source, publish, stub_dto_source, oid) VALUES (NULL, 1, NULL, 'ieudt6j4o5qzrjc2e4cm5k1nsc4lv8gh0058');
INSERT INTO md_type ( type_name, js_stub, display_label, exported, generate_source, js_base, base_source, package_name, root_id, dto_source, oid) VALUES ('AssociationTypeEnum', NULL, 't0mbhxgeghgeddnoxvb0ophfv8qid4as0287', 1, 1, NULL, NULL, 'com.runwaysdk.system.metadata', 'ieudt6j4o5qzrjc2e4cm5k1nsc4lv8gh', NULL, 'ieudt6j4o5qzrjc2e4cm5k1nsc4lv8gh0058');
INSERT INTO metadata ( create_date, seq, type, created_by, last_update_date, last_updated_by, description, locked_by, remove, owner, entity_domain, oid, key_name, site_master) VALUES ('2018-01-22 17:08:33', 5003, 'com.runwaysdk.system.metadata.MdBusiness', '000000000000000000000000000000100060', '2018-01-22 17:08:33', '000000000000000000000000000000100060', 'r4gcxzaseudevyo7c3iy107qzj8sidmr0287', NULL, 1, '000000000000000000000000000000100060', NULL, 'ieudt6j4o5qzrjc2e4cm5k1nsc4lv8gh0058', 'com.runwaysdk.system.metadata.AssociationTypeEnum', 'terraframe.com');
CREATE TABLE association_type_enum ( oid CHAR(64) NOT NULL PRIMARY KEY );
INSERT INTO business_inheritance ( oid, parent_oid, child_oid) VALUES ('ieudt6j4o5qzrjc2e4cm5k1nsc4lv8gh0257', '000000000000000000000000000002060058', 'ieudt6j4o5qzrjc2e4cm5k1nsc4lv8gh0058');
INSERT INTO class_inheritance ( oid, parent_oid, child_oid) VALUES ('ieudt6j4o5qzrjc2e4cm5k1nsc4lv8gh0257', '000000000000000000000000000002060058', 'ieudt6j4o5qzrjc2e4cm5k1nsc4lv8gh0058');
INSERT INTO metadata_relationship ( oid, created_by, type, last_update_date, site_master, owner, seq, key_name, entity_domain, locked_by, create_date, last_updated_by, parent_oid, child_oid) VALUES ('ieudt6j4o5qzrjc2e4cm5k1nsc4lv8gh0257', '000000000000000000000000000000100060', 'com.runwaysdk.system.metadata.BusinessInheritance', '2018-01-22 17:08:33', 'terraframe.com', '000000000000000000000000000000100060', 5004, 'com.runwaysdk.system.metadata.AssociationTypeEnum', NULL, NULL, '2018-01-22 17:08:33', '000000000000000000000000000000100060', '000000000000000000000000000002060058', 'ieudt6j4o5qzrjc2e4cm5k1nsc4lv8gh0058');
INSERT INTO metadata_display_label ( key_name, oid, site_master, default_locale) VALUES ('r5g80km8io7adqk8mngil8jqpzi52gf60287', 'r5g80km8io7adqk8mngil8jqpzi52gf60287', 'terraframe.com', 'Relationship');
INSERT INTO association_type_enum ( oid) VALUES ('45f8dd66-97b1-39a7-80cd-497f698cnull');
INSERT INTO enumeration_master ( site_master, last_updated_by, owner, locked_by, key_name, type, enum_name, display_label, oid, last_update_date, create_date, created_by, entity_domain, seq) VALUES ('terraframe.com', '000000000000000000000000000000100060', '000000000000000000000000000000100060', NULL, 'com.runwaysdk.system.metadata.AssociationTypeEnum.Relationship', 'com.runwaysdk.system.metadata.AssociationTypeEnum', 'Relationship', 'r5g80km8io7adqk8mngil8jqpzi52gf60287', '45f8dd66-97b1-39a7-80cd-497f698cnull', '2018-01-22 17:08:33', '2018-01-22 17:08:33', '000000000000000000000000000000100060', NULL, 5005);
INSERT INTO metadata_display_label ( key_name, oid, site_master, default_locale) VALUES ('7f8p17ede4ym4cvuhq963p2nwd4kxg0z0287', '7f8p17ede4ym4cvuhq963p2nwd4kxg0z0287', 'terraframe.com', 'Tree');
INSERT INTO association_type_enum ( oid) VALUES ('b0f93bff-3c95-3679-b042-2e20cceanull');
INSERT INTO enumeration_master ( site_master, last_updated_by, owner, locked_by, key_name, type, enum_name, display_label, oid, last_update_date, create_date, created_by, entity_domain, seq) VALUES ('terraframe.com', '000000000000000000000000000000100060', '000000000000000000000000000000100060', NULL, 'com.runwaysdk.system.metadata.AssociationTypeEnum.Tree', 'com.runwaysdk.system.metadata.AssociationTypeEnum', 'Tree', '7f8p17ede4ym4cvuhq963p2nwd4kxg0z0287', 'b0f93bff-3c95-3679-b042-2e20cceanull', '2018-01-22 17:08:33', '2018-01-22 17:08:33', '000000000000000000000000000000100060', NULL, 5006);
INSERT INTO metadata_display_label ( key_name, oid, site_master, default_locale) VALUES ('78b9syr3rpdissv4uw697yafvsmdexvj0287', '78b9syr3rpdissv4uw697yafvsmdexvj0287', 'terraframe.com', 'Graph');
INSERT INTO association_type_enum ( oid) VALUES ('492668c6-dbe9-3d91-96a4-1f2a9cc0null');
INSERT INTO enumeration_master ( site_master, last_updated_by, owner, locked_by, key_name, type, enum_name, display_label, oid, last_update_date, create_date, created_by, entity_domain, seq) VALUES ('terraframe.com', '000000000000000000000000000000100060', '000000000000000000000000000000100060', NULL, 'com.runwaysdk.system.metadata.AssociationTypeEnum.Graph', 'com.runwaysdk.system.metadata.AssociationTypeEnum', 'Graph', '78b9syr3rpdissv4uw697yafvsmdexvj0287', '492668c6-dbe9-3d91-96a4-1f2a9cc0null', '2018-01-22 17:08:33', '2018-01-22 17:08:33', '000000000000000000000000000000100060', NULL, 5007);
INSERT INTO metadata_display_label ( key_name, oid, site_master, default_locale) VALUES ('xhcwemv9jgbvuauk62erkvxdewd3cp7c0287', 'xhcwemv9jgbvuauk62erkvxdewd3cp7c0287', 'terraframe.com', 'Association type enumeration');
INSERT INTO metadata_display_label ( key_name, oid, site_master, default_locale) VALUES ('zgtu4blhsow4kg7fumtu6v8w3ssnpkgw0287', 'zgtu4blhsow4kg7fumtu6v8w3ssnpkgw0287', 'terraframe.com', NULL);
INSERT INTO md_enumeration ( master_md_business, table_name, include_all, oid) VALUES ('ieudt6j4o5qzrjc2e4cm5k1nsc4lv8gh0058', 'associationtype', 1, 'i4yr7izrif4ds4mt736wvwcpicuc4b160075');
INSERT INTO md_type ( type_name, js_stub, display_label, exported, generate_source, js_base, base_source, package_name, root_id, dto_source, oid) VALUES ('AssociationType', NULL, 'xhcwemv9jgbvuauk62erkvxdewd3cp7c0287', 1, 1, NULL, NULL, 'com.runwaysdk.system.metadata', 'i4yr7izrif4ds4mt736wvwcpicuc4b16', NULL, 'i4yr7izrif4ds4mt736wvwcpicuc4b160075');
INSERT INTO metadata ( create_date, seq, type, created_by, last_update_date, last_updated_by, description, locked_by, remove, owner, entity_domain, oid, key_name, site_master) VALUES ('2018-01-22 17:08:33', 5008, 'com.runwaysdk.system.metadata.MdEnumeration', '000000000000000000000000000000100060', '2018-01-22 17:08:33', '000000000000000000000000000000100060', 'zgtu4blhsow4kg7fumtu6v8w3ssnpkgw0287', NULL, 1, '000000000000000000000000000000100060', NULL, 'i4yr7izrif4ds4mt736wvwcpicuc4b160075', 'com.runwaysdk.system.metadata.AssociationType', 'terraframe.com');
INSERT INTO enumeration_attribute ( oid, parent_oid, child_oid) VALUES ('48abac1b-b278-347b-977e-2da657null', 'ieudt6j4o5qzrjc2e4cm5k1nsc4lv8gh0058', 'i4yr7izrif4ds4mt736wvwcpicuc4b160075');
INSERT INTO metadata_relationship ( oid, created_by, type, last_update_date, site_master, owner, seq, key_name, entity_domain, locked_by, create_date, last_updated_by, parent_oid, child_oid) VALUES ('48abac1b-b278-347b-977e-2da657null', '000000000000000000000000000000100060', 'com.runwaysdk.system.metadata.EnumerationAttribute', '2018-01-22 17:08:33', 'terraframe.com', '000000000000000000000000000000100060', 5009, 'com.runwaysdk.system.metadata.AssociationType', NULL, NULL, '2018-01-22 17:08:33', '000000000000000000000000000000100060', 'ieudt6j4o5qzrjc2e4cm5k1nsc4lv8gh0058', 'i4yr7izrif4ds4mt736wvwcpicuc4b160075');
CREATE TABLE associationtype 
(set_id                CHAR(32) NOT NULL, 
item_id CHAR(64) NOT NULL);
CREATE UNIQUE INDEX ai4yr7izrif4ds4mt736wvwcpicuc4 ON associationtype (set_id, item_id);
INSERT INTO enumeration_attribute_item ( oid, parent_oid, child_oid) VALUES ('inf0jr7p50f0x2xpyu3g3szk8723d0at0247', 'i4yr7izrif4ds4mt736wvwcpicuc4b160075', '45f8dd66-97b1-39a7-80cd-497f698cnull');
INSERT INTO metadata_relationship ( oid, created_by, type, last_update_date, site_master, owner, seq, key_name, entity_domain, locked_by, create_date, last_updated_by, parent_oid, child_oid) VALUES ('inf0jr7p50f0x2xpyu3g3szk8723d0at0247', '000000000000000000000000000000100060', 'com.runwaysdk.system.metadata.EnumerationAttributeItem', '2018-01-22 17:08:33', 'terraframe.com', '000000000000000000000000000000100060', 5010, 'com.runwaysdk.system.metadata.AssociationType.Relationship', NULL, NULL, '2018-01-22 17:08:33', '000000000000000000000000000000100060', 'i4yr7izrif4ds4mt736wvwcpicuc4b160075', '45f8dd66-97b1-39a7-80cd-497f698cnull');
INSERT INTO enumeration_attribute_item ( oid, parent_oid, child_oid) VALUES ('iqia03jo59cww7q0zeizkngaolktz2iw0247', 'i4yr7izrif4ds4mt736wvwcpicuc4b160075', 'b0f93bff-3c95-3679-b042-2e20cceanull');
INSERT INTO metadata_relationship ( oid, created_by, type, last_update_date, site_master, owner, seq, key_name, entity_domain, locked_by, create_date, last_updated_by, parent_oid, child_oid) VALUES ('iqia03jo59cww7q0zeizkngaolktz2iw0247', '000000000000000000000000000000100060', 'com.runwaysdk.system.metadata.EnumerationAttributeItem', '2018-01-22 17:08:33', 'terraframe.com', '000000000000000000000000000000100060', 5011, 'com.runwaysdk.system.metadata.AssociationType.Tree', NULL, NULL, '2018-01-22 17:08:33', '000000000000000000000000000000100060', 'i4yr7izrif4ds4mt736wvwcpicuc4b160075', 'b0f93bff-3c95-3679-b042-2e20cceanull');
INSERT INTO enumeration_attribute_item ( oid, parent_oid, child_oid) VALUES ('i2cdu9891d5f9gzstfb6ssdz2841kngl0247', 'i4yr7izrif4ds4mt736wvwcpicuc4b160075', '492668c6-dbe9-3d91-96a4-1f2a9cc0null');
INSERT INTO metadata_relationship ( oid, created_by, type, last_update_date, site_master, owner, seq, key_name, entity_domain, locked_by, create_date, last_updated_by, parent_oid, child_oid) VALUES ('i2cdu9891d5f9gzstfb6ssdz2841kngl0247', '000000000000000000000000000000100060', 'com.runwaysdk.system.metadata.EnumerationAttributeItem', '2018-01-22 17:08:33', 'terraframe.com', '000000000000000000000000000000100060', 5012, 'com.runwaysdk.system.metadata.AssociationType.Graph', NULL, NULL, '2018-01-22 17:08:33', '000000000000000000000000000000100060', 'i4yr7izrif4ds4mt736wvwcpicuc4b160075', '492668c6-dbe9-3d91-96a4-1f2a9cc0null');
INSERT INTO class_cache (set_id, item_id)  VALUES  ('78iabc84c8zymsnd07ltuv3nnwcrolnm', '000000000000000000000000000002310077');
INSERT INTO metadata_display_label ( key_name, oid, site_master, default_locale) VALUES ('2flnp29ooayxoitgqffhd7zusxojuekx0287', '2flnp29ooayxoitgqffhd7zusxojuekx0287', 'terraframe.com', 'MdTermRelationship');
INSERT INTO metadata_display_label ( key_name, oid, site_master, default_locale) VALUES ('8kqcyk7c10yfew42jui24mcp3cncocmw0287', '8kqcyk7c10yfew42jui24mcp3cncocmw0287', 'terraframe.com', 'Metadata for defining relationships between terms');
INSERT INTO md_business ( super_md_business, cache_algorithm, cache_algorithm_c, oid) VALUES ('000000000000000000000000000000610058', '78iabc84c8zymsnd07ltuv3nnwcrolnm', '000000000000000000000000000002310077', 'ibnlr9qhxruoao1bv9tl5q3empf2jqe80058');
INSERT INTO md_element ( is_abstract, extendable, oid) VALUES (0, 1, 'ibnlr9qhxruoao1bv9tl5q3empf2jqe80058');
INSERT INTO md_entity ( cache_size, query_dto_source, has_deterministic_ids, enforce_site_master, query_source, table_name, oid) VALUES (0, NULL, 0, 1, NULL, 'md_term_relationship', 'ibnlr9qhxruoao1bv9tl5q3empf2jqe80058');
INSERT INTO md_class ( stub_source, publish, stub_dto_source, oid) VALUES (NULL, 1, NULL, 'ibnlr9qhxruoao1bv9tl5q3empf2jqe80058');
INSERT INTO md_type ( type_name, js_stub, display_label, exported, generate_source, js_base, base_source, package_name, root_id, dto_source, oid) VALUES ('MdTermRelationship', NULL, '2flnp29ooayxoitgqffhd7zusxojuekx0287', 1, 1, NULL, NULL, 'com.runwaysdk.system.metadata', 'ibnlr9qhxruoao1bv9tl5q3empf2jqe8', NULL, 'ibnlr9qhxruoao1bv9tl5q3empf2jqe80058');
INSERT INTO metadata ( create_date, seq, type, created_by, last_update_date, last_updated_by, description, locked_by, remove, owner, entity_domain, oid, key_name, site_master) VALUES ('2018-01-22 17:08:33', 5013, 'com.runwaysdk.system.metadata.MdBusiness', '000000000000000000000000000000100060', '2018-01-22 17:08:33', '000000000000000000000000000000100060', '8kqcyk7c10yfew42jui24mcp3cncocmw0287', NULL, 1, '000000000000000000000000000000100060', NULL, 'ibnlr9qhxruoao1bv9tl5q3empf2jqe80058', 'com.runwaysdk.system.metadata.MdTermRelationship', 'terraframe.com');
CREATE TABLE md_term_relationship ( oid CHAR(64) NOT NULL PRIMARY KEY );
INSERT INTO business_inheritance ( oid, parent_oid, child_oid) VALUES ('ibnlr9qhxruoao1bv9tl5q3empf2jqe80257', '000000000000000000000000000000610058', 'ibnlr9qhxruoao1bv9tl5q3empf2jqe80058');
INSERT INTO class_inheritance ( oid, parent_oid, child_oid) VALUES ('ibnlr9qhxruoao1bv9tl5q3empf2jqe80257', '000000000000000000000000000000610058', 'ibnlr9qhxruoao1bv9tl5q3empf2jqe80058');
INSERT INTO metadata_relationship ( oid, created_by, type, last_update_date, site_master, owner, seq, key_name, entity_domain, locked_by, create_date, last_updated_by, parent_oid, child_oid) VALUES ('ibnlr9qhxruoao1bv9tl5q3empf2jqe80257', '000000000000000000000000000000100060', 'com.runwaysdk.system.metadata.BusinessInheritance', '2018-01-22 17:08:33', 'terraframe.com', '000000000000000000000000000000100060', 5014, 'com.runwaysdk.system.metadata.MdTermRelationship', NULL, NULL, '2018-01-22 17:08:33', '000000000000000000000000000000100060', '000000000000000000000000000000610058', 'ibnlr9qhxruoao1bv9tl5q3empf2jqe80058');
INSERT INTO md_attribute_indicies (set_id, item_id)  VALUES  ('z25t454aggbu1b3xdr0zljq68ibstzy5', '000000000000000000000000000004010085');
INSERT INTO visibilitymodifier (set_id, item_id)  VALUES  ('xzc3siys9bogm2yq1amwpqo5yxfu3gp7', '20071109NM00000000000000000000050113');
INSERT INTO visibilitymodifier (set_id, item_id)  VALUES  ('07aad27ihe7jgly6hlbbe7rmuhgzh51i', '20071109NM00000000000000000000050113');
INSERT INTO metadata_display_label ( key_name, oid, site_master, default_locale) VALUES ('0ipizt3k3sw8jmf25duongdysrr7xg0v0287', '0ipizt3k3sw8jmf25duongdysrr7xg0v0287', 'terraframe.com', 'Association type');
INSERT INTO metadata_display_label ( key_name, oid, site_master, default_locale) VALUES ('740gribizy2dao6n80kz3t8fzs2tzt740287', '740gribizy2dao6n80kz3t8fzs2tzt740287', 'terraframe.com', NULL);
INSERT INTO md_attribute_enumeration ( default_value, md_enumeration, select_multiple, cache_column_name, oid) VALUES (NULL, 'i4yr7izrif4ds4mt736wvwcpicuc4b160075', 0, 'association_type_c', 'itljwibtsenpvkpgwby83l88tj6hxyw00076');
INSERT INTO md_attribute_ref ( oid) VALUES ('itljwibtsenpvkpgwby83l88tj6hxyw00076');
INSERT INTO md_attribute_concrete ( defining_md_class, column_name, index_type, index_type_c, attribute_name, getter_visibility, getter_visibility_c, system, index_name, setter_visibility, setter_visibility_c, required, generate_accessor, display_label, immutable, oid) VALUES ('ibnlr9qhxruoao1bv9tl5q3empf2jqe80058', 'association_type', 'z25t454aggbu1b3xdr0zljq68ibstzy5', '000000000000000000000000000004010085', 'associationType', 'xzc3siys9bogm2yq1amwpqo5yxfu3gp7', '20071109NM00000000000000000000050113', 0, 'aqp3jkgj94ujffzht5zr013rkdie5o', '07aad27ihe7jgly6hlbbe7rmuhgzh51i', '20071109NM00000000000000000000050113', 1, 1, '0ipizt3k3sw8jmf25duongdysrr7xg0v0287', 0, 'itljwibtsenpvkpgwby83l88tj6hxyw00076');
INSERT INTO md_attribute ( oid) VALUES ('itljwibtsenpvkpgwby83l88tj6hxyw00076');
INSERT INTO metadata ( create_date, seq, type, created_by, last_update_date, last_updated_by, description, locked_by, remove, owner, entity_domain, oid, key_name, site_master) VALUES ('2018-01-22 17:08:33', 5015, 'com.runwaysdk.system.metadata.MdAttributeEnumeration', '000000000000000000000000000000100060', '2018-01-22 17:08:33', '000000000000000000000000000000100060', '740gribizy2dao6n80kz3t8fzs2tzt740287', NULL, 1, '000000000000000000000000000000100060', NULL, 'itljwibtsenpvkpgwby83l88tj6hxyw00076', 'com.runwaysdk.system.metadata.MdTermRelationship.associationType', 'terraframe.com');
ALTER TABLE md_term_relationship ADD COLUMN association_type  char(32);
ALTER TABLE md_term_relationship ADD COLUMN association_type_c  text;
INSERT INTO class_attribute_concrete ( oid, parent_oid, child_oid) VALUES ('itljwibtsenpvkpgwby83l88tj6hxyw00245', 'ibnlr9qhxruoao1bv9tl5q3empf2jqe80058', 'itljwibtsenpvkpgwby83l88tj6hxyw00076');
INSERT INTO class_attribute ( oid, parent_oid, child_oid) VALUES ('itljwibtsenpvkpgwby83l88tj6hxyw00245', 'ibnlr9qhxruoao1bv9tl5q3empf2jqe80058', 'itljwibtsenpvkpgwby83l88tj6hxyw00076');
INSERT INTO metadata_relationship ( oid, created_by, type, last_update_date, site_master, owner, seq, key_name, entity_domain, locked_by, create_date, last_updated_by, parent_oid, child_oid) VALUES ('itljwibtsenpvkpgwby83l88tj6hxyw00245', '000000000000000000000000000000100060', 'com.runwaysdk.system.metadata.ClassAttributeConcrete', '2018-01-22 17:08:33', 'terraframe.com', '000000000000000000000000000000100060', 5016, 'com.runwaysdk.system.metadata.MdTermRelationship.associationType', NULL, NULL, '2018-01-22 17:08:33', '000000000000000000000000000000100060', 'ibnlr9qhxruoao1bv9tl5q3empf2jqe80058', 'itljwibtsenpvkpgwby83l88tj6hxyw00076');