--
-- Copyright (c) 2015 TerraFrame, Inc. All rights reserved.
--
-- This file is part of Runway SDK(tm).
--
-- Runway SDK(tm) is free software: you can redistribute it and/or modify
-- it under the terms of the GNU Lesser General Public License as
-- published by the Free Software Foundation, either version 3 of the
-- License, or (at your option) any later version.
--
-- Runway SDK(tm) is distributed in the hope that it will be useful, but
-- WITHOUT ANY WARRANTY; without even the implied warranty of
-- MERCHANTABILITY or FITNESS FOR A PARTICULAR PURPOSE.  See the
-- GNU Lesser General Public License for more details.
--
-- You should have received a copy of the GNU Lesser General Public
-- License along with Runway SDK(tm).  If not, see <http://www.gnu.org/licenses/>.
--

INSERT INTO class_cache (set_id, item_id)  VALUES  ('1qo04f0f6l3psbb9reunz90ezz0tvqlg', '000000000000000000000000000002310077');
INSERT INTO metadata_display_label ( key_name, oid, site_master, default_locale) VALUES ('29swd393o37ry2i7s0gjnkr1qinvdpq40287', '29swd393o37ry2i7s0gjnkr1qinvdpq40287', 'terraframe.com', 'Strategy State Master');
INSERT INTO metadata_display_label ( key_name, oid, site_master, default_locale) VALUES ('71i1hnjo2j5ze0dfba36o3l7jd44n3ij0287', '71i1hnjo2j5ze0dfba36o3l7jd44n3ij0287', 'terraframe.com', 'Strategy State Master');
INSERT INTO md_business ( super_md_business, cache_algorithm, cache_algorithm_c, oid) VALUES ('000000000000000000000000000002060058', '1qo04f0f6l3psbb9reunz90ezz0tvqlg', '000000000000000000000000000002310077', 'ij57koutg5u605sbrmi2p56zelnt2gd70058');
INSERT INTO md_element ( is_abstract, extendable, oid) VALUES (0, 0, 'ij57koutg5u605sbrmi2p56zelnt2gd70058');
INSERT INTO md_entity ( cache_size, query_dto_source, has_deterministic_ids, enforce_site_master, query_source, table_name, oid) VALUES (0, NULL, 0, 1, NULL, 'strategy_state_master', 'ij57koutg5u605sbrmi2p56zelnt2gd70058');
INSERT INTO md_class ( stub_source, publish, stub_dto_source, oid) VALUES (NULL, 1, NULL, 'ij57koutg5u605sbrmi2p56zelnt2gd70058');
INSERT INTO md_type ( type_name, js_stub, display_label, exported, generate_source, js_base, base_source, package_name, root_id, dto_source, oid) VALUES ('StrategyStateMaster', NULL, '29swd393o37ry2i7s0gjnkr1qinvdpq40287', 1, 1, NULL, NULL, 'com.runwaysdk.system.metadata.ontology', 'ij57koutg5u605sbrmi2p56zelnt2gd7', NULL, 'ij57koutg5u605sbrmi2p56zelnt2gd70058');
INSERT INTO metadata ( create_date, seq, type, created_by, last_update_date, last_updated_by, description, locked_by, remove, owner, entity_domain, oid, key_name, site_master) VALUES ('2018-01-19 08:51:35', 4925, 'com.runwaysdk.system.metadata.MdBusiness', '000000000000000000000000000000100060', '2018-01-19 08:51:35', '000000000000000000000000000000100060', '71i1hnjo2j5ze0dfba36o3l7jd44n3ij0287', NULL, 1, '000000000000000000000000000000100060', NULL, 'ij57koutg5u605sbrmi2p56zelnt2gd70058', 'com.runwaysdk.system.metadata.ontology.StrategyStateMaster', 'terraframe.com');
CREATE TABLE strategy_state_master ( oid CHAR(64) NOT NULL PRIMARY KEY );
INSERT INTO business_inheritance ( oid, parent_oid, child_oid) VALUES ('ij57koutg5u605sbrmi2p56zelnt2gd70257', '000000000000000000000000000002060058', 'ij57koutg5u605sbrmi2p56zelnt2gd70058');
INSERT INTO class_inheritance ( oid, parent_oid, child_oid) VALUES ('ij57koutg5u605sbrmi2p56zelnt2gd70257', '000000000000000000000000000002060058', 'ij57koutg5u605sbrmi2p56zelnt2gd70058');
INSERT INTO metadata_relationship ( oid, created_by, type, last_update_date, site_master, owner, seq, key_name, entity_domain, locked_by, create_date, last_updated_by, parent_oid, child_oid) VALUES ('ij57koutg5u605sbrmi2p56zelnt2gd70257', '000000000000000000000000000000100060', 'com.runwaysdk.system.metadata.BusinessInheritance', '2018-01-19 08:51:35', 'terraframe.com', '000000000000000000000000000000100060', 4926, 'com.runwaysdk.system.metadata.ontology.StrategyStateMaster', NULL, NULL, '2018-01-19 08:51:35', '000000000000000000000000000000100060', '000000000000000000000000000002060058', 'ij57koutg5u605sbrmi2p56zelnt2gd70058');
INSERT INTO metadata_display_label ( key_name, oid, site_master, default_locale) VALUES ('0739m4w1yiqwuu5bj3q3ijby9db4haig0287', '0739m4w1yiqwuu5bj3q3ijby9db4haig0287', 'terraframe.com', 'Uninitialized');
INSERT INTO strategy_state_master ( oid) VALUES ('xn0qg1oytwannwiej0zph26ygdt09v2iij57koutg5u605sbrmi2p56zelnt2gd7');
INSERT INTO enumeration_master ( site_master, last_updated_by, owner, locked_by, key_name, type, enum_name, display_label, oid, last_update_date, create_date, created_by, entity_domain, seq) VALUES ('terraframe.com', '000000000000000000000000000000100060', '000000000000000000000000000000100060', NULL, 'com.runwaysdk.system.metadata.ontology.StrategyStateMaster.UNINITIALIZED', 'com.runwaysdk.system.metadata.ontology.StrategyStateMaster', 'UNINITIALIZED', '0739m4w1yiqwuu5bj3q3ijby9db4haig0287', 'xn0qg1oytwannwiej0zph26ygdt09v2iij57koutg5u605sbrmi2p56zelnt2gd7', '2018-01-19 08:51:35', '2018-01-19 08:51:35', '000000000000000000000000000000100060', NULL, 4927);
INSERT INTO metadata_display_label ( key_name, oid, site_master, default_locale) VALUES ('758wh5koqf4luufvlexb6txpll12hkgq0287', '758wh5koqf4luufvlexb6txpll12hkgq0287', 'terraframe.com', 'Initialized');
INSERT INTO strategy_state_master ( oid) VALUES ('08majl2w89zyglk95g35eh7hlqhpf3crij57koutg5u605sbrmi2p56zelnt2gd7');
INSERT INTO enumeration_master ( site_master, last_updated_by, owner, locked_by, key_name, type, enum_name, display_label, oid, last_update_date, create_date, created_by, entity_domain, seq) VALUES ('terraframe.com', '000000000000000000000000000000100060', '000000000000000000000000000000100060', NULL, 'com.runwaysdk.system.metadata.ontology.StrategyStateMaster.INITIALIZED', 'com.runwaysdk.system.metadata.ontology.StrategyStateMaster', 'INITIALIZED', '758wh5koqf4luufvlexb6txpll12hkgq0287', '08majl2w89zyglk95g35eh7hlqhpf3crij57koutg5u605sbrmi2p56zelnt2gd7', '2018-01-19 08:51:35', '2018-01-19 08:51:35', '000000000000000000000000000000100060', NULL, 4928);
INSERT INTO metadata_display_label ( key_name, oid, site_master, default_locale) VALUES ('xdpvbv10w4308z218y8azoqb1454uwiu0287', 'xdpvbv10w4308z218y8azoqb1454uwiu0287', 'terraframe.com', 'Initializing');
INSERT INTO strategy_state_master ( oid) VALUES ('8z6a0163rf34fuopkn1nxmix3uv3dhdtij57koutg5u605sbrmi2p56zelnt2gd7');
INSERT INTO enumeration_master ( site_master, last_updated_by, owner, locked_by, key_name, type, enum_name, display_label, oid, last_update_date, create_date, created_by, entity_domain, seq) VALUES ('terraframe.com', '000000000000000000000000000000100060', '000000000000000000000000000000100060', NULL, 'com.runwaysdk.system.metadata.ontology.StrategyStateMaster.INITIALIZING', 'com.runwaysdk.system.metadata.ontology.StrategyStateMaster', 'INITIALIZING', 'xdpvbv10w4308z218y8azoqb1454uwiu0287', '8z6a0163rf34fuopkn1nxmix3uv3dhdtij57koutg5u605sbrmi2p56zelnt2gd7', '2018-01-19 08:51:35', '2018-01-19 08:51:35', '000000000000000000000000000000100060', NULL, 4929);
INSERT INTO metadata_display_label ( key_name, oid, site_master, default_locale) VALUES ('8fwawbmql3hu5uij4hwwffyz0syjj2780287', '8fwawbmql3hu5uij4hwwffyz0syjj2780287', 'terraframe.com', 'Strategy State');
INSERT INTO metadata_display_label ( key_name, oid, site_master, default_locale) VALUES ('xze9mx9wrcn6wt7g1tdq6e93qddvwuhb0287', 'xze9mx9wrcn6wt7g1tdq6e93qddvwuhb0287', 'terraframe.com', 'Strategy State');
INSERT INTO md_enumeration ( master_md_business, table_name, include_all, oid) VALUES ('ij57koutg5u605sbrmi2p56zelnt2gd70058', 'strategystate', 1, 'ico2bqmxhokml07z6w6oi7tlihqmdxfo0075');
INSERT INTO md_type ( type_name, js_stub, display_label, exported, generate_source, js_base, base_source, package_name, root_id, dto_source, oid) VALUES ('StrategyState', NULL, '8fwawbmql3hu5uij4hwwffyz0syjj2780287', 1, 1, NULL, NULL, 'com.runwaysdk.system.metadata.ontology', 'ico2bqmxhokml07z6w6oi7tlihqmdxfo', NULL, 'ico2bqmxhokml07z6w6oi7tlihqmdxfo0075');
INSERT INTO metadata ( create_date, seq, type, created_by, last_update_date, last_updated_by, description, locked_by, remove, owner, entity_domain, oid, key_name, site_master) VALUES ('2018-01-19 08:51:35', 4930, 'com.runwaysdk.system.metadata.MdEnumeration', '000000000000000000000000000000100060', '2018-01-19 08:51:35', '000000000000000000000000000000100060', 'xze9mx9wrcn6wt7g1tdq6e93qddvwuhb0287', NULL, 1, '000000000000000000000000000000100060', NULL, 'ico2bqmxhokml07z6w6oi7tlihqmdxfo0075', 'com.runwaysdk.system.metadata.ontology.StrategyState', 'terraframe.com');
INSERT INTO enumeration_attribute ( oid, parent_oid, child_oid) VALUES ('ico2bqmxhokml07z6w6oi7tlihqmdxfo00000000000000000000000000000212', 'ij57koutg5u605sbrmi2p56zelnt2gd70058', 'ico2bqmxhokml07z6w6oi7tlihqmdxfo0075');
INSERT INTO metadata_relationship ( oid, created_by, type, last_update_date, site_master, owner, seq, key_name, entity_domain, locked_by, create_date, last_updated_by, parent_oid, child_oid) VALUES ('ico2bqmxhokml07z6w6oi7tlihqmdxfo00000000000000000000000000000212', '000000000000000000000000000000100060', 'com.runwaysdk.system.metadata.EnumerationAttribute', '2018-01-19 08:51:35', 'terraframe.com', '000000000000000000000000000000100060', 4931, 'com.runwaysdk.system.metadata.ontology.StrategyState', NULL, NULL, '2018-01-19 08:51:35', '000000000000000000000000000000100060', 'ij57koutg5u605sbrmi2p56zelnt2gd70058', 'ico2bqmxhokml07z6w6oi7tlihqmdxfo0075');
CREATE TABLE strategystate 
(set_id                CHAR(32) NOT NULL, 
item_id CHAR(64) NOT NULL);
CREATE UNIQUE INDEX aico2bqmxhokml07z6w6oi7tlihqmd ON strategystate (set_id, item_id);
INSERT INTO enumeration_attribute_item ( oid, parent_oid, child_oid) VALUES ('i4fohsd8z8tk6imnr7hf59t9lcd7759j0247', 'ico2bqmxhokml07z6w6oi7tlihqmdxfo0075', 'xn0qg1oytwannwiej0zph26ygdt09v2iij57koutg5u605sbrmi2p56zelnt2gd7');
INSERT INTO metadata_relationship ( oid, created_by, type, last_update_date, site_master, owner, seq, key_name, entity_domain, locked_by, create_date, last_updated_by, parent_oid, child_oid) VALUES ('i4fohsd8z8tk6imnr7hf59t9lcd7759j0247', '000000000000000000000000000000100060', 'com.runwaysdk.system.metadata.EnumerationAttributeItem', '2018-01-19 08:51:35', 'terraframe.com', '000000000000000000000000000000100060', 4932, 'com.runwaysdk.system.metadata.ontology.StrategyState.UNINITIALIZED', NULL, NULL, '2018-01-19 08:51:35', '000000000000000000000000000000100060', 'ico2bqmxhokml07z6w6oi7tlihqmdxfo0075', 'xn0qg1oytwannwiej0zph26ygdt09v2iij57koutg5u605sbrmi2p56zelnt2gd7');
INSERT INTO enumeration_attribute_item ( oid, parent_oid, child_oid) VALUES ('ikbc8cjstzdp37lqktetkri2ulg31gfl0247', 'ico2bqmxhokml07z6w6oi7tlihqmdxfo0075', '08majl2w89zyglk95g35eh7hlqhpf3crij57koutg5u605sbrmi2p56zelnt2gd7');
INSERT INTO metadata_relationship ( oid, created_by, type, last_update_date, site_master, owner, seq, key_name, entity_domain, locked_by, create_date, last_updated_by, parent_oid, child_oid) VALUES ('ikbc8cjstzdp37lqktetkri2ulg31gfl0247', '000000000000000000000000000000100060', 'com.runwaysdk.system.metadata.EnumerationAttributeItem', '2018-01-19 08:51:35', 'terraframe.com', '000000000000000000000000000000100060', 4933, 'com.runwaysdk.system.metadata.ontology.StrategyState.INITIALIZED', NULL, NULL, '2018-01-19 08:51:35', '000000000000000000000000000000100060', 'ico2bqmxhokml07z6w6oi7tlihqmdxfo0075', '08majl2w89zyglk95g35eh7hlqhpf3crij57koutg5u605sbrmi2p56zelnt2gd7');
INSERT INTO enumeration_attribute_item ( oid, parent_oid, child_oid) VALUES ('i60aiito83zhr2lnyi01fghz77zms0pr0247', 'ico2bqmxhokml07z6w6oi7tlihqmdxfo0075', '8z6a0163rf34fuopkn1nxmix3uv3dhdtij57koutg5u605sbrmi2p56zelnt2gd7');
INSERT INTO metadata_relationship ( oid, created_by, type, last_update_date, site_master, owner, seq, key_name, entity_domain, locked_by, create_date, last_updated_by, parent_oid, child_oid) VALUES ('i60aiito83zhr2lnyi01fghz77zms0pr0247', '000000000000000000000000000000100060', 'com.runwaysdk.system.metadata.EnumerationAttributeItem', '2018-01-19 08:51:35', 'terraframe.com', '000000000000000000000000000000100060', 4934, 'com.runwaysdk.system.metadata.ontology.StrategyState.INITIALIZING', NULL, NULL, '2018-01-19 08:51:35', '000000000000000000000000000000100060', 'ico2bqmxhokml07z6w6oi7tlihqmdxfo0075', '8z6a0163rf34fuopkn1nxmix3uv3dhdtij57koutg5u605sbrmi2p56zelnt2gd7');
INSERT INTO class_cache (set_id, item_id)  VALUES  ('xivnmm5t3pog1dal6fslb2id1bwr4k8k', '000000000000000000000000000002310077');
INSERT INTO metadata_display_label ( key_name, oid, site_master, default_locale) VALUES ('z95xo9ercqqqzlzyxq2ftjoxjvolkt2r0287', 'z95xo9ercqqqzlzyxq2ftjoxjvolkt2r0287', 'terraframe.com', 'Ontology Strategy');
INSERT INTO metadata_display_label ( key_name, oid, site_master, default_locale) VALUES ('9202tmf574pv42drj07sos7jgsh0nhx50287', '9202tmf574pv42drj07sos7jgsh0nhx50287', 'terraframe.com', 'Ontology Strategy');
INSERT INTO md_business ( super_md_business, cache_algorithm, cache_algorithm_c, oid) VALUES (NULL, 'xivnmm5t3pog1dal6fslb2id1bwr4k8k', '000000000000000000000000000002310077', 'icng4i1qq9yzkeye9vrco0e18dpn00dm0058');
INSERT INTO md_element ( is_abstract, extendable, oid) VALUES (1, 1, 'icng4i1qq9yzkeye9vrco0e18dpn00dm0058');
INSERT INTO md_entity ( cache_size, query_dto_source, has_deterministic_ids, enforce_site_master, query_source, table_name, oid) VALUES (0, NULL, 0, 1, NULL, 'ontology_strategy', 'icng4i1qq9yzkeye9vrco0e18dpn00dm0058');
INSERT INTO md_class ( stub_source, publish, stub_dto_source, oid) VALUES (NULL, 1, NULL, 'icng4i1qq9yzkeye9vrco0e18dpn00dm0058');
INSERT INTO md_type ( type_name, js_stub, display_label, exported, generate_source, js_base, base_source, package_name, root_id, dto_source, oid) VALUES ('OntologyStrategy', NULL, 'z95xo9ercqqqzlzyxq2ftjoxjvolkt2r0287', 1, 1, NULL, NULL, 'com.runwaysdk.system.metadata.ontology', 'icng4i1qq9yzkeye9vrco0e18dpn00dm', NULL, 'icng4i1qq9yzkeye9vrco0e18dpn00dm0058');
INSERT INTO metadata ( create_date, seq, type, created_by, last_update_date, last_updated_by, description, locked_by, remove, owner, entity_domain, oid, key_name, site_master) VALUES ('2018-01-19 08:51:35', 4935, 'com.runwaysdk.system.metadata.MdBusiness', '000000000000000000000000000000100060', '2018-01-19 08:51:35', '000000000000000000000000000000100060', '9202tmf574pv42drj07sos7jgsh0nhx50287', NULL, 1, '000000000000000000000000000000100060', NULL, 'icng4i1qq9yzkeye9vrco0e18dpn00dm0058', 'com.runwaysdk.system.metadata.ontology.OntologyStrategy', 'terraframe.com');
CREATE TABLE ontology_strategy ( oid CHAR(64) NOT NULL PRIMARY KEY );
INSERT INTO md_attribute_indicies (set_id, item_id)  VALUES  ('6vzb9eakzwknzmp9abkqcde4vsqx0qm9', '000000000000000000000000000004090085');
INSERT INTO visibilitymodifier (set_id, item_id)  VALUES  ('smtyr2vcedab1b6tis85t1ck2wevg0j5', '20071109NM00000000000000000000050113');
INSERT INTO visibilitymodifier (set_id, item_id)  VALUES  ('0iab4hngsk9b9cwfrr1wfra0ffsdrqqo', '20071109NM00000000000000000000050113');
INSERT INTO metadata_display_label ( key_name, oid, site_master, default_locale) VALUES ('qodarhjuasav2edvmz1o2ipf936e06q30287', 'qodarhjuasav2edvmz1o2ipf936e06q30287', 'terraframe.com', 'ID');
INSERT INTO metadata_display_label ( key_name, oid, site_master, default_locale) VALUES ('siyuaud7o3y9mtgu5gs1tmi4alot7eqa0287', 'siyuaud7o3y9mtgu5gs1tmi4alot7eqa0287', 'terraframe.com', 'ID of this object');
INSERT INTO md_attribute_character ( default_value, database_size, oid) VALUES (NULL, 64, 'ipx6tqampuialnnwywkq35k5qb9ligyl0067');
INSERT INTO md_attribute_char ( oid) VALUES ('ipx6tqampuialnnwywkq35k5qb9ligyl0067');
INSERT INTO md_attribute_primitive ( is_expression, expression, oid) VALUES (0, NULL, 'ipx6tqampuialnnwywkq35k5qb9ligyl0067');
INSERT INTO md_attribute_concrete ( defining_md_class, column_name, index_type, index_type_c, attribute_name, getter_visibility, getter_visibility_c, system, index_name, setter_visibility, setter_visibility_c, required, generate_accessor, display_label, immutable, oid) VALUES ('icng4i1qq9yzkeye9vrco0e18dpn00dm0058', 'oid', '6vzb9eakzwknzmp9abkqcde4vsqx0qm9', '000000000000000000000000000004090085', 'oid', 'smtyr2vcedab1b6tis85t1ck2wevg0j5', '20071109NM00000000000000000000050113', 1, 'a9fbld85uzwa3e4bg4qlie6oo32vm3', '0iab4hngsk9b9cwfrr1wfra0ffsdrqqo', '20071109NM00000000000000000000050113', 1, 1, 'qodarhjuasav2edvmz1o2ipf936e06q30287', 0, 'ipx6tqampuialnnwywkq35k5qb9ligyl0067');
INSERT INTO md_attribute ( oid) VALUES ('ipx6tqampuialnnwywkq35k5qb9ligyl0067');
INSERT INTO metadata ( create_date, seq, type, created_by, last_update_date, last_updated_by, description, locked_by, remove, owner, entity_domain, oid, key_name, site_master) VALUES ('2018-01-19 08:51:35', 4936, 'com.runwaysdk.system.metadata.MdAttributeCharacter', '000000000000000000000000000000100060', '2018-01-19 08:51:35', '000000000000000000000000000000100060', 'siyuaud7o3y9mtgu5gs1tmi4alot7eqa0287', NULL, 0, '000000000000000000000000000000100060', NULL, 'ipx6tqampuialnnwywkq35k5qb9ligyl0067', 'com.runwaysdk.system.metadata.ontology.OntologyStrategy.oid', 'terraframe.com');
INSERT INTO class_attribute_concrete ( oid, parent_oid, child_oid) VALUES ('ipx6tqampuialnnwywkq35k5qb9ligyl0245', 'icng4i1qq9yzkeye9vrco0e18dpn00dm0058', 'ipx6tqampuialnnwywkq35k5qb9ligyl0067');
INSERT INTO class_attribute ( oid, parent_oid, child_oid) VALUES ('ipx6tqampuialnnwywkq35k5qb9ligyl0245', 'icng4i1qq9yzkeye9vrco0e18dpn00dm0058', 'ipx6tqampuialnnwywkq35k5qb9ligyl0067');
INSERT INTO metadata_relationship ( oid, created_by, type, last_update_date, site_master, owner, seq, key_name, entity_domain, locked_by, create_date, last_updated_by, parent_oid, child_oid) VALUES ('ipx6tqampuialnnwywkq35k5qb9ligyl0245', '000000000000000000000000000000100060', 'com.runwaysdk.system.metadata.ClassAttributeConcrete', '2018-01-19 08:51:35', 'terraframe.com', '000000000000000000000000000000100060', 4937, 'com.runwaysdk.system.metadata.ontology.OntologyStrategy.oid', NULL, NULL, '2018-01-19 08:51:35', '000000000000000000000000000000100060', 'icng4i1qq9yzkeye9vrco0e18dpn00dm0058', 'ipx6tqampuialnnwywkq35k5qb9ligyl0067');
INSERT INTO md_attribute_indicies (set_id, item_id)  VALUES  ('0ld5kwsfewjw0dc4dhervx0kl91tf8tx', '000000000000000000000000000004090085');
INSERT INTO visibilitymodifier (set_id, item_id)  VALUES  ('zau6mpzyt81r92dpfspz7qc77ydqu8gm', '20071109NM00000000000000000000050113');
INSERT INTO visibilitymodifier (set_id, item_id)  VALUES  ('r3og4fsuvy9dne0q27afxnfvcxsfogzt', '20071109NM00000000000000000000050113');
INSERT INTO metadata_display_label ( key_name, oid, site_master, default_locale) VALUES ('x9j9lgjvtskpcziuris53r8smx6o06ux0287', 'x9j9lgjvtskpcziuris53r8smx6o06ux0287', 'terraframe.com', 'Key Name');
INSERT INTO metadata_display_label ( key_name, oid, site_master, default_locale) VALUES ('xjfyekfnyna0pfnl2xlo55nd4jbt780n0287', 'xjfyekfnyna0pfnl2xlo55nd4jbt780n0287', 'terraframe.com', 'Key which uniquely identifies each instance of this type heirarchy.');
INSERT INTO md_attribute_character ( default_value, database_size, oid) VALUES (NULL, 255, 'ij19t2ipb7vyf2c9y04boj7blkfg80k60067');
INSERT INTO md_attribute_char ( oid) VALUES ('ij19t2ipb7vyf2c9y04boj7blkfg80k60067');
INSERT INTO md_attribute_primitive ( is_expression, expression, oid) VALUES (0, NULL, 'ij19t2ipb7vyf2c9y04boj7blkfg80k60067');
INSERT INTO md_attribute_concrete ( defining_md_class, column_name, index_type, index_type_c, attribute_name, getter_visibility, getter_visibility_c, system, index_name, setter_visibility, setter_visibility_c, required, generate_accessor, display_label, immutable, oid) VALUES ('icng4i1qq9yzkeye9vrco0e18dpn00dm0058', 'key_name', '0ld5kwsfewjw0dc4dhervx0kl91tf8tx', '000000000000000000000000000004090085', 'keyName', 'zau6mpzyt81r92dpfspz7qc77ydqu8gm', '20071109NM00000000000000000000050113', 0, 'amr94oln3uw50ciqdizytef7q8xgpx', 'r3og4fsuvy9dne0q27afxnfvcxsfogzt', '20071109NM00000000000000000000050113', 1, 1, 'x9j9lgjvtskpcziuris53r8smx6o06ux0287', 0, 'ij19t2ipb7vyf2c9y04boj7blkfg80k60067');
INSERT INTO md_attribute ( oid) VALUES ('ij19t2ipb7vyf2c9y04boj7blkfg80k60067');
INSERT INTO metadata ( create_date, seq, type, created_by, last_update_date, last_updated_by, description, locked_by, remove, owner, entity_domain, oid, key_name, site_master) VALUES ('2018-01-19 08:51:35', 4938, 'com.runwaysdk.system.metadata.MdAttributeCharacter', '000000000000000000000000000000100060', '2018-01-19 08:51:35', '000000000000000000000000000000100060', 'xjfyekfnyna0pfnl2xlo55nd4jbt780n0287', NULL, 1, '000000000000000000000000000000100060', NULL, 'ij19t2ipb7vyf2c9y04boj7blkfg80k60067', 'com.runwaysdk.system.metadata.ontology.OntologyStrategy.keyName', 'terraframe.com');
ALTER TABLE ontology_strategy ADD COLUMN key_name  varchar(255);
INSERT INTO class_attribute_concrete ( oid, parent_oid, child_oid) VALUES ('ij19t2ipb7vyf2c9y04boj7blkfg80k60245', 'icng4i1qq9yzkeye9vrco0e18dpn00dm0058', 'ij19t2ipb7vyf2c9y04boj7blkfg80k60067');
INSERT INTO class_attribute ( oid, parent_oid, child_oid) VALUES ('ij19t2ipb7vyf2c9y04boj7blkfg80k60245', 'icng4i1qq9yzkeye9vrco0e18dpn00dm0058', 'ij19t2ipb7vyf2c9y04boj7blkfg80k60067');
INSERT INTO metadata_relationship ( oid, created_by, type, last_update_date, site_master, owner, seq, key_name, entity_domain, locked_by, create_date, last_updated_by, parent_oid, child_oid) VALUES ('ij19t2ipb7vyf2c9y04boj7blkfg80k60245', '000000000000000000000000000000100060', 'com.runwaysdk.system.metadata.ClassAttributeConcrete', '2018-01-19 08:51:35', 'terraframe.com', '000000000000000000000000000000100060', 4939, 'com.runwaysdk.system.metadata.ontology.OntologyStrategy.keyName', NULL, NULL, '2018-01-19 08:51:35', '000000000000000000000000000000100060', 'icng4i1qq9yzkeye9vrco0e18dpn00dm0058', 'ij19t2ipb7vyf2c9y04boj7blkfg80k60067');
CREATE UNIQUE INDEX amr94oln3uw50ciqdizytef7q8xgpx ON ontology_strategy (key_name);
INSERT INTO md_attribute_indicies (set_id, item_id)  VALUES  ('91sk20juea0saic986q3z32iy136vvn8', '000000000000000000000000000004010085');
INSERT INTO visibilitymodifier (set_id, item_id)  VALUES  ('7dcjoir93y1ev0ba300wylowwr4gk3il', '20071109NM00000000000000000000050113');
INSERT INTO visibilitymodifier (set_id, item_id)  VALUES  ('24rym20h1uayivxzie1zgy4k6htwopbq', '20071109NM00000000000000000000050113');
INSERT INTO metadata_display_label ( key_name, oid, site_master, default_locale) VALUES ('8x6wy6e76pqqajct90b7cyam81ozo8hj0287', '8x6wy6e76pqqajct90b7cyam81ozo8hj0287', 'terraframe.com', 'Site Master');
INSERT INTO metadata_display_label ( key_name, oid, site_master, default_locale) VALUES ('sw0e5v2kaftreyrsnswsj27cq2y3551k0287', 'sw0e5v2kaftreyrsnswsj27cq2y3551k0287', 'terraframe.com', 'The name of the site responsible for this object');
INSERT INTO md_attribute_character ( default_value, database_size, oid) VALUES (NULL, 255, 'ip0kk3b382nkn4b9fayk6v3lttwsizwe0067');
INSERT INTO md_attribute_char ( oid) VALUES ('ip0kk3b382nkn4b9fayk6v3lttwsizwe0067');
INSERT INTO md_attribute_primitive ( is_expression, expression, oid) VALUES (0, NULL, 'ip0kk3b382nkn4b9fayk6v3lttwsizwe0067');
INSERT INTO md_attribute_concrete ( defining_md_class, column_name, index_type, index_type_c, attribute_name, getter_visibility, getter_visibility_c, system, index_name, setter_visibility, setter_visibility_c, required, generate_accessor, display_label, immutable, oid) VALUES ('icng4i1qq9yzkeye9vrco0e18dpn00dm0058', 'site_master', '91sk20juea0saic986q3z32iy136vvn8', '000000000000000000000000000004010085', 'siteMaster', '7dcjoir93y1ev0ba300wylowwr4gk3il', '20071109NM00000000000000000000050113', 1, 'aqlrprsdxi4zny8iowyo0dwuhiihwz', '24rym20h1uayivxzie1zgy4k6htwopbq', '20071109NM00000000000000000000050113', 1, 1, '8x6wy6e76pqqajct90b7cyam81ozo8hj0287', 1, 'ip0kk3b382nkn4b9fayk6v3lttwsizwe0067');
INSERT INTO md_attribute ( oid) VALUES ('ip0kk3b382nkn4b9fayk6v3lttwsizwe0067');
INSERT INTO metadata ( create_date, seq, type, created_by, last_update_date, last_updated_by, description, locked_by, remove, owner, entity_domain, oid, key_name, site_master) VALUES ('2018-01-19 08:51:35', 4940, 'com.runwaysdk.system.metadata.MdAttributeCharacter', '000000000000000000000000000000100060', '2018-01-19 08:51:35', '000000000000000000000000000000100060', 'sw0e5v2kaftreyrsnswsj27cq2y3551k0287', NULL, 0, '000000000000000000000000000000100060', NULL, 'ip0kk3b382nkn4b9fayk6v3lttwsizwe0067', 'com.runwaysdk.system.metadata.ontology.OntologyStrategy.siteMaster', 'terraframe.com');
ALTER TABLE ontology_strategy ADD COLUMN site_master  varchar(255);
INSERT INTO class_attribute_concrete ( oid, parent_oid, child_oid) VALUES ('ip0kk3b382nkn4b9fayk6v3lttwsizwe0245', 'icng4i1qq9yzkeye9vrco0e18dpn00dm0058', 'ip0kk3b382nkn4b9fayk6v3lttwsizwe0067');
INSERT INTO class_attribute ( oid, parent_oid, child_oid) VALUES ('ip0kk3b382nkn4b9fayk6v3lttwsizwe0245', 'icng4i1qq9yzkeye9vrco0e18dpn00dm0058', 'ip0kk3b382nkn4b9fayk6v3lttwsizwe0067');
INSERT INTO metadata_relationship ( oid, created_by, type, last_update_date, site_master, owner, seq, key_name, entity_domain, locked_by, create_date, last_updated_by, parent_oid, child_oid) VALUES ('ip0kk3b382nkn4b9fayk6v3lttwsizwe0245', '000000000000000000000000000000100060', 'com.runwaysdk.system.metadata.ClassAttributeConcrete', '2018-01-19 08:51:35', 'terraframe.com', '000000000000000000000000000000100060', 4941, 'com.runwaysdk.system.metadata.ontology.OntologyStrategy.siteMaster', NULL, NULL, '2018-01-19 08:51:35', '000000000000000000000000000000100060', 'icng4i1qq9yzkeye9vrco0e18dpn00dm0058', 'ip0kk3b382nkn4b9fayk6v3lttwsizwe0067');
INSERT INTO md_attribute_indicies (set_id, item_id)  VALUES  ('yxtt47lgocdzd2byb81xhk897pnjfbup', '000000000000000000000000000004000085');
INSERT INTO visibilitymodifier (set_id, item_id)  VALUES  ('xj74kznswxgpmij2qj74c7j53nzz9241', '20071109NM00000000000000000000050113');
INSERT INTO visibilitymodifier (set_id, item_id)  VALUES  ('7bnfwg38r5shdy522irv9da87itxolyu', '20071109NM00000000000000000000050113');
INSERT INTO metadata_display_label ( key_name, oid, site_master, default_locale) VALUES ('zah6lnq320i8xdzm5iujszpcwpcer0zq0287', 'zah6lnq320i8xdzm5iujszpcwpcer0zq0287', 'terraframe.com', 'Entity Domain');
INSERT INTO metadata_display_label ( key_name, oid, site_master, default_locale) VALUES ('0mmr4xa1gcygki16afd4cach0ab8l52u0287', '0mmr4xa1gcygki16afd4cach0ab8l52u0287', 'terraframe.com', 'The Domain of this entity');
INSERT INTO md_attribute_reference ( default_value, md_business, oid) VALUES (NULL, 'NM2008101100000000000000000001110058', 'ibyfe27yeugaoco5h276pcfk58ohk3ep0218');
INSERT INTO md_attribute_ref ( oid) VALUES ('ibyfe27yeugaoco5h276pcfk58ohk3ep0218');
INSERT INTO md_attribute_concrete ( defining_md_class, column_name, index_type, index_type_c, attribute_name, getter_visibility, getter_visibility_c, system, index_name, setter_visibility, setter_visibility_c, required, generate_accessor, display_label, immutable, oid) VALUES ('icng4i1qq9yzkeye9vrco0e18dpn00dm0058', 'entity_domain', 'yxtt47lgocdzd2byb81xhk897pnjfbup', '000000000000000000000000000004000085', 'entityDomain', 'xj74kznswxgpmij2qj74c7j53nzz9241', '20071109NM00000000000000000000050113', 0, 'aiz3c0ryxg05ib5shccjp3ds2iz1m3', '7bnfwg38r5shdy522irv9da87itxolyu', '20071109NM00000000000000000000050113', 0, 1, 'zah6lnq320i8xdzm5iujszpcwpcer0zq0287', 0, 'ibyfe27yeugaoco5h276pcfk58ohk3ep0218');
INSERT INTO md_attribute ( oid) VALUES ('ibyfe27yeugaoco5h276pcfk58ohk3ep0218');
INSERT INTO metadata ( create_date, seq, type, created_by, last_update_date, last_updated_by, description, locked_by, remove, owner, entity_domain, oid, key_name, site_master) VALUES ('2018-01-19 08:51:35', 4942, 'com.runwaysdk.system.metadata.MdAttributeReference', '000000000000000000000000000000100060', '2018-01-19 08:51:35', '000000000000000000000000000000100060', '0mmr4xa1gcygki16afd4cach0ab8l52u0287', NULL, 1, '000000000000000000000000000000100060', NULL, 'ibyfe27yeugaoco5h276pcfk58ohk3ep0218', 'com.runwaysdk.system.metadata.ontology.OntologyStrategy.entityDomain', 'terraframe.com');
ALTER TABLE ontology_strategy ADD COLUMN entity_domain  char(64);
INSERT INTO class_attribute_concrete ( oid, parent_oid, child_oid) VALUES ('ibyfe27yeugaoco5h276pcfk58ohk3ep0245', 'icng4i1qq9yzkeye9vrco0e18dpn00dm0058', 'ibyfe27yeugaoco5h276pcfk58ohk3ep0218');
INSERT INTO class_attribute ( oid, parent_oid, child_oid) VALUES ('ibyfe27yeugaoco5h276pcfk58ohk3ep0245', 'icng4i1qq9yzkeye9vrco0e18dpn00dm0058', 'ibyfe27yeugaoco5h276pcfk58ohk3ep0218');
INSERT INTO metadata_relationship ( oid, created_by, type, last_update_date, site_master, owner, seq, key_name, entity_domain, locked_by, create_date, last_updated_by, parent_oid, child_oid) VALUES ('ibyfe27yeugaoco5h276pcfk58ohk3ep0245', '000000000000000000000000000000100060', 'com.runwaysdk.system.metadata.ClassAttributeConcrete', '2018-01-19 08:51:35', 'terraframe.com', '000000000000000000000000000000100060', 4943, 'com.runwaysdk.system.metadata.ontology.OntologyStrategy.entityDomain', NULL, NULL, '2018-01-19 08:51:35', '000000000000000000000000000000100060', 'icng4i1qq9yzkeye9vrco0e18dpn00dm0058', 'ibyfe27yeugaoco5h276pcfk58ohk3ep0218');
INSERT INTO md_attribute_indicies (set_id, item_id)  VALUES  ('qp6zn06ooaf0vrcpsfmt1rth3hll2hgg', '000000000000000000000000000004010085');
INSERT INTO visibilitymodifier (set_id, item_id)  VALUES  ('29cc6pcrthclb8ozyai7zjjjg7ee1vcm', '20071109NM00000000000000000000050113');
INSERT INTO visibilitymodifier (set_id, item_id)  VALUES  ('7bp82z3kt7kt5c3nc0lc6i225hnoem0j', '20071109NM00000000000000000000050113');
INSERT INTO metadata_display_label ( key_name, oid, site_master, default_locale) VALUES ('7ctgwqlvlw1s853l290jlp28l2o7s0l70287', '7ctgwqlvlw1s853l290jlp28l2o7s0l70287', 'terraframe.com', 'Create Date');
INSERT INTO metadata_display_label ( key_name, oid, site_master, default_locale) VALUES ('0o7tm9pxruoh0luri73ni5cvqcasvghm0287', '0o7tm9pxruoh0luri73ni5cvqcasvghm0287', 'terraframe.com', 'Date and time this record was created');
INSERT INTO md_attribute_datetime ( default_value, oid) VALUES (NULL, 'ihaf6jnv1e73hy09gtz8bksx1w55y9w30082');
INSERT INTO md_attribute_moment ( oid) VALUES ('ihaf6jnv1e73hy09gtz8bksx1w55y9w30082');
INSERT INTO md_attribute_primitive ( is_expression, expression, oid) VALUES (0, NULL, 'ihaf6jnv1e73hy09gtz8bksx1w55y9w30082');
INSERT INTO md_attribute_concrete ( defining_md_class, column_name, index_type, index_type_c, attribute_name, getter_visibility, getter_visibility_c, system, index_name, setter_visibility, setter_visibility_c, required, generate_accessor, display_label, immutable, oid) VALUES ('icng4i1qq9yzkeye9vrco0e18dpn00dm0058', 'create_date', 'qp6zn06ooaf0vrcpsfmt1rth3hll2hgg', '000000000000000000000000000004010085', 'createDate', '29cc6pcrthclb8ozyai7zjjjg7ee1vcm', '20071109NM00000000000000000000050113', 1, 'aamif7uoxvhc9sbnparlpafub3n4c5', '7bp82z3kt7kt5c3nc0lc6i225hnoem0j', '20071109NM00000000000000000000050113', 1, 1, '7ctgwqlvlw1s853l290jlp28l2o7s0l70287', 0, 'ihaf6jnv1e73hy09gtz8bksx1w55y9w30082');
INSERT INTO md_attribute ( oid) VALUES ('ihaf6jnv1e73hy09gtz8bksx1w55y9w30082');
INSERT INTO metadata ( create_date, seq, type, created_by, last_update_date, last_updated_by, description, locked_by, remove, owner, entity_domain, oid, key_name, site_master) VALUES ('2018-01-19 08:51:35', 4944, 'com.runwaysdk.system.metadata.MdAttributeDateTime', '000000000000000000000000000000100060', '2018-01-19 08:51:35', '000000000000000000000000000000100060', '0o7tm9pxruoh0luri73ni5cvqcasvghm0287', NULL, 0, '000000000000000000000000000000100060', NULL, 'ihaf6jnv1e73hy09gtz8bksx1w55y9w30082', 'com.runwaysdk.system.metadata.ontology.OntologyStrategy.createDate', 'terraframe.com');
ALTER TABLE ontology_strategy ADD COLUMN create_date  timestamp;
INSERT INTO class_attribute_concrete ( oid, parent_oid, child_oid) VALUES ('ihaf6jnv1e73hy09gtz8bksx1w55y9w30245', 'icng4i1qq9yzkeye9vrco0e18dpn00dm0058', 'ihaf6jnv1e73hy09gtz8bksx1w55y9w30082');
INSERT INTO class_attribute ( oid, parent_oid, child_oid) VALUES ('ihaf6jnv1e73hy09gtz8bksx1w55y9w30245', 'icng4i1qq9yzkeye9vrco0e18dpn00dm0058', 'ihaf6jnv1e73hy09gtz8bksx1w55y9w30082');
INSERT INTO metadata_relationship ( oid, created_by, type, last_update_date, site_master, owner, seq, key_name, entity_domain, locked_by, create_date, last_updated_by, parent_oid, child_oid) VALUES ('ihaf6jnv1e73hy09gtz8bksx1w55y9w30245', '000000000000000000000000000000100060', 'com.runwaysdk.system.metadata.ClassAttributeConcrete', '2018-01-19 08:51:35', 'terraframe.com', '000000000000000000000000000000100060', 4945, 'com.runwaysdk.system.metadata.ontology.OntologyStrategy.createDate', NULL, NULL, '2018-01-19 08:51:35', '000000000000000000000000000000100060', 'icng4i1qq9yzkeye9vrco0e18dpn00dm0058', 'ihaf6jnv1e73hy09gtz8bksx1w55y9w30082');
INSERT INTO md_attribute_indicies (set_id, item_id)  VALUES  ('qrre3lbk37avutfcndys7lyb6e18l50i', '000000000000000000000000000004010085');
INSERT INTO visibilitymodifier (set_id, item_id)  VALUES  ('1zdxiy2v00uypwa6tjr2q36dg5aqggkk', '20071109NM00000000000000000000050113');
INSERT INTO visibilitymodifier (set_id, item_id)  VALUES  ('xms3b884evafmjee95aisag5ra2fqh3a', '20071109NM00000000000000000000050113');
INSERT INTO metadata_display_label ( key_name, oid, site_master, default_locale) VALUES ('6pbmbtg72rg0vjhvyq2ow6hppk60yrkl0287', '6pbmbtg72rg0vjhvyq2ow6hppk60yrkl0287', 'terraframe.com', 'Last Update Date');
INSERT INTO metadata_display_label ( key_name, oid, site_master, default_locale) VALUES ('xrxinx2crbn2xfbupqz9gyn7n093xczy0287', 'xrxinx2crbn2xfbupqz9gyn7n093xczy0287', 'terraframe.com', 'Date and time this record was last updated');
INSERT INTO md_attribute_datetime ( default_value, oid) VALUES (NULL, 'iq3lecjf0shoakwowpvu1anp0rvk39100082');
INSERT INTO md_attribute_moment ( oid) VALUES ('iq3lecjf0shoakwowpvu1anp0rvk39100082');
INSERT INTO md_attribute_primitive ( is_expression, expression, oid) VALUES (0, NULL, 'iq3lecjf0shoakwowpvu1anp0rvk39100082');
INSERT INTO md_attribute_concrete ( defining_md_class, column_name, index_type, index_type_c, attribute_name, getter_visibility, getter_visibility_c, system, index_name, setter_visibility, setter_visibility_c, required, generate_accessor, display_label, immutable, oid) VALUES ('icng4i1qq9yzkeye9vrco0e18dpn00dm0058', 'last_update_date', 'qrre3lbk37avutfcndys7lyb6e18l50i', '000000000000000000000000000004010085', 'lastUpdateDate', '1zdxiy2v00uypwa6tjr2q36dg5aqggkk', '20071109NM00000000000000000000050113', 1, 'acijmdn7b3dqsjf9csa156wxineitd', 'xms3b884evafmjee95aisag5ra2fqh3a', '20071109NM00000000000000000000050113', 1, 1, '6pbmbtg72rg0vjhvyq2ow6hppk60yrkl0287', 0, 'iq3lecjf0shoakwowpvu1anp0rvk39100082');
INSERT INTO md_attribute ( oid) VALUES ('iq3lecjf0shoakwowpvu1anp0rvk39100082');
INSERT INTO metadata ( create_date, seq, type, created_by, last_update_date, last_updated_by, description, locked_by, remove, owner, entity_domain, oid, key_name, site_master) VALUES ('2018-01-19 08:51:35', 4946, 'com.runwaysdk.system.metadata.MdAttributeDateTime', '000000000000000000000000000000100060', '2018-01-19 08:51:35', '000000000000000000000000000000100060', 'xrxinx2crbn2xfbupqz9gyn7n093xczy0287', NULL, 0, '000000000000000000000000000000100060', NULL, 'iq3lecjf0shoakwowpvu1anp0rvk39100082', 'com.runwaysdk.system.metadata.ontology.OntologyStrategy.lastUpdateDate', 'terraframe.com');
ALTER TABLE ontology_strategy ADD COLUMN last_update_date  timestamp;
INSERT INTO class_attribute_concrete ( oid, parent_oid, child_oid) VALUES ('iq3lecjf0shoakwowpvu1anp0rvk39100245', 'icng4i1qq9yzkeye9vrco0e18dpn00dm0058', 'iq3lecjf0shoakwowpvu1anp0rvk39100082');
INSERT INTO class_attribute ( oid, parent_oid, child_oid) VALUES ('iq3lecjf0shoakwowpvu1anp0rvk39100245', 'icng4i1qq9yzkeye9vrco0e18dpn00dm0058', 'iq3lecjf0shoakwowpvu1anp0rvk39100082');
INSERT INTO metadata_relationship ( oid, created_by, type, last_update_date, site_master, owner, seq, key_name, entity_domain, locked_by, create_date, last_updated_by, parent_oid, child_oid) VALUES ('iq3lecjf0shoakwowpvu1anp0rvk39100245', '000000000000000000000000000000100060', 'com.runwaysdk.system.metadata.ClassAttributeConcrete', '2018-01-19 08:51:35', 'terraframe.com', '000000000000000000000000000000100060', 4947, 'com.runwaysdk.system.metadata.ontology.OntologyStrategy.lastUpdateDate', NULL, NULL, '2018-01-19 08:51:35', '000000000000000000000000000000100060', 'icng4i1qq9yzkeye9vrco0e18dpn00dm0058', 'iq3lecjf0shoakwowpvu1anp0rvk39100082');
INSERT INTO md_attribute_indicies (set_id, item_id)  VALUES  ('0fmkwkolvuxu1ilw8vsh5rrykx9gek9c', '000000000000000000000000000004000085');
INSERT INTO visibilitymodifier (set_id, item_id)  VALUES  ('rd0ylk336cll7qfnhcr20eirs3eon0j8', '20071109NM00000000000000000000050113');
INSERT INTO visibilitymodifier (set_id, item_id)  VALUES  ('xgf08vzi422l35au9pe77djxajqfry0r', '20071109NM00000000000000000000050113');
INSERT INTO metadata_display_label ( key_name, oid, site_master, default_locale) VALUES ('0pb4rerpa6vw9iunv2unsm83w59ccgj90287', '0pb4rerpa6vw9iunv2unsm83w59ccgj90287', 'terraframe.com', 'Locked By');
INSERT INTO metadata_display_label ( key_name, oid, site_master, default_locale) VALUES ('t2028jjeofb8z5eo2tes4a9p99m2if720287', 't2028jjeofb8z5eo2tes4a9p99m2if720287', 'terraframe.com', 'User who has a write lock on this object');
INSERT INTO md_attribute_reference ( default_value, md_business, oid) VALUES (NULL, 'JS2007072300000000000000000015600058', 'iqe5mv6fvp2rty6u0u8vz8xh55066yi60218');
INSERT INTO md_attribute_ref ( oid) VALUES ('iqe5mv6fvp2rty6u0u8vz8xh55066yi60218');
INSERT INTO md_attribute_concrete ( defining_md_class, column_name, index_type, index_type_c, attribute_name, getter_visibility, getter_visibility_c, system, index_name, setter_visibility, setter_visibility_c, required, generate_accessor, display_label, immutable, oid) VALUES ('icng4i1qq9yzkeye9vrco0e18dpn00dm0058', 'locked_by', '0fmkwkolvuxu1ilw8vsh5rrykx9gek9c', '000000000000000000000000000004000085', 'lockedBy', 'rd0ylk336cll7qfnhcr20eirs3eon0j8', '20071109NM00000000000000000000050113', 1, 'airocqk52yzmqbofdhhrkzmep3iep7', 'xgf08vzi422l35au9pe77djxajqfry0r', '20071109NM00000000000000000000050113', 0, 1, '0pb4rerpa6vw9iunv2unsm83w59ccgj90287', 0, 'iqe5mv6fvp2rty6u0u8vz8xh55066yi60218');
INSERT INTO md_attribute ( oid) VALUES ('iqe5mv6fvp2rty6u0u8vz8xh55066yi60218');
INSERT INTO metadata ( create_date, seq, type, created_by, last_update_date, last_updated_by, description, locked_by, remove, owner, entity_domain, oid, key_name, site_master) VALUES ('2018-01-19 08:51:35', 4948, 'com.runwaysdk.system.metadata.MdAttributeReference', '000000000000000000000000000000100060', '2018-01-19 08:51:35', '000000000000000000000000000000100060', 't2028jjeofb8z5eo2tes4a9p99m2if720287', NULL, 0, '000000000000000000000000000000100060', NULL, 'iqe5mv6fvp2rty6u0u8vz8xh55066yi60218', 'com.runwaysdk.system.metadata.ontology.OntologyStrategy.lockedBy', 'terraframe.com');
ALTER TABLE ontology_strategy ADD COLUMN locked_by  char(64);
INSERT INTO class_attribute_concrete ( oid, parent_oid, child_oid) VALUES ('iqe5mv6fvp2rty6u0u8vz8xh55066yi60245', 'icng4i1qq9yzkeye9vrco0e18dpn00dm0058', 'iqe5mv6fvp2rty6u0u8vz8xh55066yi60218');
INSERT INTO class_attribute ( oid, parent_oid, child_oid) VALUES ('iqe5mv6fvp2rty6u0u8vz8xh55066yi60245', 'icng4i1qq9yzkeye9vrco0e18dpn00dm0058', 'iqe5mv6fvp2rty6u0u8vz8xh55066yi60218');
INSERT INTO metadata_relationship ( oid, created_by, type, last_update_date, site_master, owner, seq, key_name, entity_domain, locked_by, create_date, last_updated_by, parent_oid, child_oid) VALUES ('iqe5mv6fvp2rty6u0u8vz8xh55066yi60245', '000000000000000000000000000000100060', 'com.runwaysdk.system.metadata.ClassAttributeConcrete', '2018-01-19 08:51:35', 'terraframe.com', '000000000000000000000000000000100060', 4949, 'com.runwaysdk.system.metadata.ontology.OntologyStrategy.lockedBy', NULL, NULL, '2018-01-19 08:51:35', '000000000000000000000000000000100060', 'icng4i1qq9yzkeye9vrco0e18dpn00dm0058', 'iqe5mv6fvp2rty6u0u8vz8xh55066yi60218');
INSERT INTO md_attribute_indicies (set_id, item_id)  VALUES  ('zmqvlg1bu2p5cnsr3xk2fssm9xzosqnz', '000000000000000000000000000004010085');
INSERT INTO visibilitymodifier (set_id, item_id)  VALUES  ('8nzu6jzej8yjd5b7d1w62m7gzvbqwxz1', '20071109NM00000000000000000000050113');
INSERT INTO visibilitymodifier (set_id, item_id)  VALUES  ('0pmpxtcuzmffs78wn43n0wtdl64h8o4d', '20071109NM00000000000000000000050113');
INSERT INTO metadata_display_label ( key_name, oid, site_master, default_locale) VALUES ('s9e1z83a9utkd0ugk0xnyrlblctxefqk0287', 's9e1z83a9utkd0ugk0xnyrlblctxefqk0287', 'terraframe.com', 'Type');
INSERT INTO metadata_display_label ( key_name, oid, site_master, default_locale) VALUES ('0cqnda3qqr5c9r82v2uai4kb155ly2ea0287', '0cqnda3qqr5c9r82v2uai4kb155ly2ea0287', 'terraframe.com', 'Fully qualified type of this object');
INSERT INTO md_attribute_character ( default_value, database_size, oid) VALUES (NULL, 255, 'irqqnasndh68gnrfb8t11h8gflwu8gkw0067');
INSERT INTO md_attribute_char ( oid) VALUES ('irqqnasndh68gnrfb8t11h8gflwu8gkw0067');
INSERT INTO md_attribute_primitive ( is_expression, expression, oid) VALUES (0, NULL, 'irqqnasndh68gnrfb8t11h8gflwu8gkw0067');
INSERT INTO md_attribute_concrete ( defining_md_class, column_name, index_type, index_type_c, attribute_name, getter_visibility, getter_visibility_c, system, index_name, setter_visibility, setter_visibility_c, required, generate_accessor, display_label, immutable, oid) VALUES ('icng4i1qq9yzkeye9vrco0e18dpn00dm0058', 'type', 'zmqvlg1bu2p5cnsr3xk2fssm9xzosqnz', '000000000000000000000000000004010085', 'type', '8nzu6jzej8yjd5b7d1w62m7gzvbqwxz1', '20071109NM00000000000000000000050113', 1, 'am3jxhkapo7p30vbm3lymt1x6bulr6', '0pmpxtcuzmffs78wn43n0wtdl64h8o4d', '20071109NM00000000000000000000050113', 1, 1, 's9e1z83a9utkd0ugk0xnyrlblctxefqk0287', 1, 'irqqnasndh68gnrfb8t11h8gflwu8gkw0067');
INSERT INTO md_attribute ( oid) VALUES ('irqqnasndh68gnrfb8t11h8gflwu8gkw0067');
INSERT INTO metadata ( create_date, seq, type, created_by, last_update_date, last_updated_by, description, locked_by, remove, owner, entity_domain, oid, key_name, site_master) VALUES ('2018-01-19 08:51:35', 4950, 'com.runwaysdk.system.metadata.MdAttributeCharacter', '000000000000000000000000000000100060', '2018-01-19 08:51:35', '000000000000000000000000000000100060', '0cqnda3qqr5c9r82v2uai4kb155ly2ea0287', NULL, 0, '000000000000000000000000000000100060', NULL, 'irqqnasndh68gnrfb8t11h8gflwu8gkw0067', 'com.runwaysdk.system.metadata.ontology.OntologyStrategy.type', 'terraframe.com');
ALTER TABLE ontology_strategy ADD COLUMN type  varchar(255);
INSERT INTO class_attribute_concrete ( oid, parent_oid, child_oid) VALUES ('irqqnasndh68gnrfb8t11h8gflwu8gkw0245', 'icng4i1qq9yzkeye9vrco0e18dpn00dm0058', 'irqqnasndh68gnrfb8t11h8gflwu8gkw0067');
INSERT INTO class_attribute ( oid, parent_oid, child_oid) VALUES ('irqqnasndh68gnrfb8t11h8gflwu8gkw0245', 'icng4i1qq9yzkeye9vrco0e18dpn00dm0058', 'irqqnasndh68gnrfb8t11h8gflwu8gkw0067');
INSERT INTO metadata_relationship ( oid, created_by, type, last_update_date, site_master, owner, seq, key_name, entity_domain, locked_by, create_date, last_updated_by, parent_oid, child_oid) VALUES ('irqqnasndh68gnrfb8t11h8gflwu8gkw0245', '000000000000000000000000000000100060', 'com.runwaysdk.system.metadata.ClassAttributeConcrete', '2018-01-19 08:51:35', 'terraframe.com', '000000000000000000000000000000100060', 4951, 'com.runwaysdk.system.metadata.ontology.OntologyStrategy.type', NULL, NULL, '2018-01-19 08:51:35', '000000000000000000000000000000100060', 'icng4i1qq9yzkeye9vrco0e18dpn00dm0058', 'irqqnasndh68gnrfb8t11h8gflwu8gkw0067');
INSERT INTO md_attribute_indicies (set_id, item_id)  VALUES  ('03oat05q7ckoohnbikxecrx6eu7bd6bo', '000000000000000000000000000004010085');
INSERT INTO visibilitymodifier (set_id, item_id)  VALUES  ('zjq3kykarv0n1o8smkdv6hl5xiri3166', '20071109NM00000000000000000000050113');
INSERT INTO visibilitymodifier (set_id, item_id)  VALUES  ('qn1zgn3qfw42j1c7vwdb13w4r6wm6xyt', '20071109NM00000000000000000000050113');
INSERT INTO metadata_display_label ( key_name, oid, site_master, default_locale) VALUES ('7fmqv8s8b2euw2smmz4n4jeut7dalv7c0287', '7fmqv8s8b2euw2smmz4n4jeut7dalv7c0287', 'terraframe.com', 'Sequence');
INSERT INTO metadata_display_label ( key_name, oid, site_master, default_locale) VALUES ('xtuu5iaw9yhywz1hzccevizeg0w48x350287', 'xtuu5iaw9yhywz1hzccevizeg0w48x350287', 'terraframe.com', 'Sequence number is incremented every time this object is updated');
INSERT INTO md_attribute_long ( default_value, start_range, end_range, oid) VALUES (NULL, NULL, NULL, 'i8fndody4pwpsucnqttz4bd5v8ry9zrm0080');
INSERT INTO md_attribute_int ( oid) VALUES ('i8fndody4pwpsucnqttz4bd5v8ry9zrm0080');
INSERT INTO md_attribute_number ( reject_negative, reject_positive, reject_zero, oid) VALUES (1, 0, 0, 'i8fndody4pwpsucnqttz4bd5v8ry9zrm0080');
INSERT INTO md_attribute_primitive ( is_expression, expression, oid) VALUES (0, NULL, 'i8fndody4pwpsucnqttz4bd5v8ry9zrm0080');
INSERT INTO md_attribute_concrete ( defining_md_class, column_name, index_type, index_type_c, attribute_name, getter_visibility, getter_visibility_c, system, index_name, setter_visibility, setter_visibility_c, required, generate_accessor, display_label, immutable, oid) VALUES ('icng4i1qq9yzkeye9vrco0e18dpn00dm0058', 'seq', '03oat05q7ckoohnbikxecrx6eu7bd6bo', '000000000000000000000000000004010085', 'seq', 'zjq3kykarv0n1o8smkdv6hl5xiri3166', '20071109NM00000000000000000000050113', 1, 'aknzhpniwwoo125r9ner8ja0mfwxzk', 'qn1zgn3qfw42j1c7vwdb13w4r6wm6xyt', '20071109NM00000000000000000000050113', 1, 1, '7fmqv8s8b2euw2smmz4n4jeut7dalv7c0287', 0, 'i8fndody4pwpsucnqttz4bd5v8ry9zrm0080');
INSERT INTO md_attribute ( oid) VALUES ('i8fndody4pwpsucnqttz4bd5v8ry9zrm0080');
INSERT INTO metadata ( create_date, seq, type, created_by, last_update_date, last_updated_by, description, locked_by, remove, owner, entity_domain, oid, key_name, site_master) VALUES ('2018-01-19 08:51:35', 4952, 'com.runwaysdk.system.metadata.MdAttributeLong', '000000000000000000000000000000100060', '2018-01-19 08:51:35', '000000000000000000000000000000100060', 'xtuu5iaw9yhywz1hzccevizeg0w48x350287', NULL, 0, '000000000000000000000000000000100060', NULL, 'i8fndody4pwpsucnqttz4bd5v8ry9zrm0080', 'com.runwaysdk.system.metadata.ontology.OntologyStrategy.seq', 'terraframe.com');
ALTER TABLE ontology_strategy ADD COLUMN seq  bigint;
INSERT INTO class_attribute_concrete ( oid, parent_oid, child_oid) VALUES ('i8fndody4pwpsucnqttz4bd5v8ry9zrm0245', 'icng4i1qq9yzkeye9vrco0e18dpn00dm0058', 'i8fndody4pwpsucnqttz4bd5v8ry9zrm0080');
INSERT INTO class_attribute ( oid, parent_oid, child_oid) VALUES ('i8fndody4pwpsucnqttz4bd5v8ry9zrm0245', 'icng4i1qq9yzkeye9vrco0e18dpn00dm0058', 'i8fndody4pwpsucnqttz4bd5v8ry9zrm0080');
INSERT INTO metadata_relationship ( oid, created_by, type, last_update_date, site_master, owner, seq, key_name, entity_domain, locked_by, create_date, last_updated_by, parent_oid, child_oid) VALUES ('i8fndody4pwpsucnqttz4bd5v8ry9zrm0245', '000000000000000000000000000000100060', 'com.runwaysdk.system.metadata.ClassAttributeConcrete', '2018-01-19 08:51:35', 'terraframe.com', '000000000000000000000000000000100060', 4953, 'com.runwaysdk.system.metadata.ontology.OntologyStrategy.seq', NULL, NULL, '2018-01-19 08:51:35', '000000000000000000000000000000100060', 'icng4i1qq9yzkeye9vrco0e18dpn00dm0058', 'i8fndody4pwpsucnqttz4bd5v8ry9zrm0080');
INSERT INTO md_attribute_indicies (set_id, item_id)  VALUES  ('rb4bdzyup0mmow3cx2gondi5moiwn0nt', '000000000000000000000000000004000085');
INSERT INTO visibilitymodifier (set_id, item_id)  VALUES  ('91hvy3aazihpddot13rk63w2xc5k34zw', '20071109NM00000000000000000000050113');
INSERT INTO visibilitymodifier (set_id, item_id)  VALUES  ('7fkzwt3xz96sgtx8lveuoszyxhsqetpv', '20071109NM00000000000000000000050113');
INSERT INTO metadata_display_label ( key_name, oid, site_master, default_locale) VALUES ('0gxxwtpbjel6dnn3vow5dt2efc2642410287', '0gxxwtpbjel6dnn3vow5dt2efc2642410287', 'terraframe.com', 'Created By');
INSERT INTO metadata_display_label ( key_name, oid, site_master, default_locale) VALUES ('ses40gcf3oj5q093t7ua4bikd113t23e0287', 'ses40gcf3oj5q093t7ua4bikd113t23e0287', 'terraframe.com', 'User that created this object');
INSERT INTO md_attribute_reference ( default_value, md_business, oid) VALUES (NULL, 'JS2007072300000000000000000015600058', 'ij0bkql3cebk5fxwc5shp2muz1zifdt70218');
INSERT INTO md_attribute_ref ( oid) VALUES ('ij0bkql3cebk5fxwc5shp2muz1zifdt70218');
INSERT INTO md_attribute_concrete ( defining_md_class, column_name, index_type, index_type_c, attribute_name, getter_visibility, getter_visibility_c, system, index_name, setter_visibility, setter_visibility_c, required, generate_accessor, display_label, immutable, oid) VALUES ('icng4i1qq9yzkeye9vrco0e18dpn00dm0058', 'created_by', 'rb4bdzyup0mmow3cx2gondi5moiwn0nt', '000000000000000000000000000004000085', 'createdBy', '91hvy3aazihpddot13rk63w2xc5k34zw', '20071109NM00000000000000000000050113', 1, 'acxf3mljv8zzc6dib8f5jsj0b0xsgy', '7fkzwt3xz96sgtx8lveuoszyxhsqetpv', '20071109NM00000000000000000000050113', 1, 1, '0gxxwtpbjel6dnn3vow5dt2efc2642410287', 1, 'ij0bkql3cebk5fxwc5shp2muz1zifdt70218');
INSERT INTO md_attribute ( oid) VALUES ('ij0bkql3cebk5fxwc5shp2muz1zifdt70218');
INSERT INTO metadata ( create_date, seq, type, created_by, last_update_date, last_updated_by, description, locked_by, remove, owner, entity_domain, oid, key_name, site_master) VALUES ('2018-01-19 08:51:35', 4954, 'com.runwaysdk.system.metadata.MdAttributeReference', '000000000000000000000000000000100060', '2018-01-19 08:51:35', '000000000000000000000000000000100060', 'ses40gcf3oj5q093t7ua4bikd113t23e0287', NULL, 0, '000000000000000000000000000000100060', NULL, 'ij0bkql3cebk5fxwc5shp2muz1zifdt70218', 'com.runwaysdk.system.metadata.ontology.OntologyStrategy.createdBy', 'terraframe.com');
ALTER TABLE ontology_strategy ADD COLUMN created_by  char(64);
INSERT INTO class_attribute_concrete ( oid, parent_oid, child_oid) VALUES ('ij0bkql3cebk5fxwc5shp2muz1zifdt70245', 'icng4i1qq9yzkeye9vrco0e18dpn00dm0058', 'ij0bkql3cebk5fxwc5shp2muz1zifdt70218');
INSERT INTO class_attribute ( oid, parent_oid, child_oid) VALUES ('ij0bkql3cebk5fxwc5shp2muz1zifdt70245', 'icng4i1qq9yzkeye9vrco0e18dpn00dm0058', 'ij0bkql3cebk5fxwc5shp2muz1zifdt70218');
INSERT INTO metadata_relationship ( oid, created_by, type, last_update_date, site_master, owner, seq, key_name, entity_domain, locked_by, create_date, last_updated_by, parent_oid, child_oid) VALUES ('ij0bkql3cebk5fxwc5shp2muz1zifdt70245', '000000000000000000000000000000100060', 'com.runwaysdk.system.metadata.ClassAttributeConcrete', '2018-01-19 08:51:35', 'terraframe.com', '000000000000000000000000000000100060', 4955, 'com.runwaysdk.system.metadata.ontology.OntologyStrategy.createdBy', NULL, NULL, '2018-01-19 08:51:35', '000000000000000000000000000000100060', 'icng4i1qq9yzkeye9vrco0e18dpn00dm0058', 'ij0bkql3cebk5fxwc5shp2muz1zifdt70218');
INSERT INTO md_attribute_indicies (set_id, item_id)  VALUES  ('8csosoc3wnd2rrb04j8aymedy2zl6jhy', '000000000000000000000000000004000085');
INSERT INTO visibilitymodifier (set_id, item_id)  VALUES  ('sfeml8sui8s251ulq4r87vjf318wpfcc', '20071109NM00000000000000000000050113');
INSERT INTO visibilitymodifier (set_id, item_id)  VALUES  ('xz15v934rn5yqg2p45e58mvkejbb61lt', '20071109NM00000000000000000000050113');
INSERT INTO metadata_display_label ( key_name, oid, site_master, default_locale) VALUES ('6r8648kw6t9wo2zb76tlak1shjc59zys0287', '6r8648kw6t9wo2zb76tlak1shjc59zys0287', 'terraframe.com', 'Owner');
INSERT INTO metadata_display_label ( key_name, oid, site_master, default_locale) VALUES ('z5g0y241dk3f5u945zr0rfgbwh2i6akv0287', 'z5g0y241dk3f5u945zr0rfgbwh2i6akv0287', 'terraframe.com', 'A reference to the user who own this object');
INSERT INTO md_attribute_reference ( default_value, md_business, oid) VALUES (NULL, '000000000000000000000000000005160058', 'ibocztlhjt4ujfatlx9oxrcgkpjtyzn60218');
INSERT INTO md_attribute_ref ( oid) VALUES ('ibocztlhjt4ujfatlx9oxrcgkpjtyzn60218');
INSERT INTO md_attribute_concrete ( defining_md_class, column_name, index_type, index_type_c, attribute_name, getter_visibility, getter_visibility_c, system, index_name, setter_visibility, setter_visibility_c, required, generate_accessor, display_label, immutable, oid) VALUES ('icng4i1qq9yzkeye9vrco0e18dpn00dm0058', 'owner', '8csosoc3wnd2rrb04j8aymedy2zl6jhy', '000000000000000000000000000004000085', 'owner', 'sfeml8sui8s251ulq4r87vjf318wpfcc', '20071109NM00000000000000000000050113', 0, 'apwaigea203qz8kn91j6qsbsezkusx', 'xz15v934rn5yqg2p45e58mvkejbb61lt', '20071109NM00000000000000000000050113', 1, 1, '6r8648kw6t9wo2zb76tlak1shjc59zys0287', 0, 'ibocztlhjt4ujfatlx9oxrcgkpjtyzn60218');
INSERT INTO md_attribute ( oid) VALUES ('ibocztlhjt4ujfatlx9oxrcgkpjtyzn60218');
INSERT INTO metadata ( create_date, seq, type, created_by, last_update_date, last_updated_by, description, locked_by, remove, owner, entity_domain, oid, key_name, site_master) VALUES ('2018-01-19 08:51:35', 4956, 'com.runwaysdk.system.metadata.MdAttributeReference', '000000000000000000000000000000100060', '2018-01-19 08:51:35', '000000000000000000000000000000100060', 'z5g0y241dk3f5u945zr0rfgbwh2i6akv0287', NULL, 0, '000000000000000000000000000000100060', NULL, 'ibocztlhjt4ujfatlx9oxrcgkpjtyzn60218', 'com.runwaysdk.system.metadata.ontology.OntologyStrategy.owner', 'terraframe.com');
ALTER TABLE ontology_strategy ADD COLUMN owner  char(64);
INSERT INTO class_attribute_concrete ( oid, parent_oid, child_oid) VALUES ('ibocztlhjt4ujfatlx9oxrcgkpjtyzn60245', 'icng4i1qq9yzkeye9vrco0e18dpn00dm0058', 'ibocztlhjt4ujfatlx9oxrcgkpjtyzn60218');
INSERT INTO class_attribute ( oid, parent_oid, child_oid) VALUES ('ibocztlhjt4ujfatlx9oxrcgkpjtyzn60245', 'icng4i1qq9yzkeye9vrco0e18dpn00dm0058', 'ibocztlhjt4ujfatlx9oxrcgkpjtyzn60218');
INSERT INTO metadata_relationship ( oid, created_by, type, last_update_date, site_master, owner, seq, key_name, entity_domain, locked_by, create_date, last_updated_by, parent_oid, child_oid) VALUES ('ibocztlhjt4ujfatlx9oxrcgkpjtyzn60245', '000000000000000000000000000000100060', 'com.runwaysdk.system.metadata.ClassAttributeConcrete', '2018-01-19 08:51:35', 'terraframe.com', '000000000000000000000000000000100060', 4957, 'com.runwaysdk.system.metadata.ontology.OntologyStrategy.owner', NULL, NULL, '2018-01-19 08:51:35', '000000000000000000000000000000100060', 'icng4i1qq9yzkeye9vrco0e18dpn00dm0058', 'ibocztlhjt4ujfatlx9oxrcgkpjtyzn60218');
INSERT INTO md_attribute_indicies (set_id, item_id)  VALUES  ('92xa86f904rch462blk07z5qqocihmiy', '000000000000000000000000000004000085');
INSERT INTO visibilitymodifier (set_id, item_id)  VALUES  ('6tq5443l5vda3payhl27it7ywv0fgyum', '20071109NM00000000000000000000050113');
INSERT INTO visibilitymodifier (set_id, item_id)  VALUES  ('05ps03g6uvo13ixih88y249a5kd1c7bs', '20071109NM00000000000000000000050113');
INSERT INTO metadata_display_label ( key_name, oid, site_master, default_locale) VALUES ('03e8xethapfoahht2zg9ouhj9h0xyi220287', '03e8xethapfoahht2zg9ouhj9h0xyi220287', 'terraframe.com', 'Last Updated By');
INSERT INTO metadata_display_label ( key_name, oid, site_master, default_locale) VALUES ('8b98zrwd9pnfx3w0ksr4b6zvmejywz3b0287', '8b98zrwd9pnfx3w0ksr4b6zvmejywz3b0287', 'terraframe.com', 'User who last updated this object');
INSERT INTO md_attribute_reference ( default_value, md_business, oid) VALUES (NULL, 'JS2007072300000000000000000015600058', 'istsvix28g3pc28dt3cx6157jsfrd3kq0218');
INSERT INTO md_attribute_ref ( oid) VALUES ('istsvix28g3pc28dt3cx6157jsfrd3kq0218');
INSERT INTO md_attribute_concrete ( defining_md_class, column_name, index_type, index_type_c, attribute_name, getter_visibility, getter_visibility_c, system, index_name, setter_visibility, setter_visibility_c, required, generate_accessor, display_label, immutable, oid) VALUES ('icng4i1qq9yzkeye9vrco0e18dpn00dm0058', 'last_updated_by', '92xa86f904rch462blk07z5qqocihmiy', '000000000000000000000000000004000085', 'lastUpdatedBy', '6tq5443l5vda3payhl27it7ywv0fgyum', '20071109NM00000000000000000000050113', 1, 'a2q4flzgtznuffe5od9unr7cutvf8j', '05ps03g6uvo13ixih88y249a5kd1c7bs', '20071109NM00000000000000000000050113', 1, 1, '03e8xethapfoahht2zg9ouhj9h0xyi220287', 0, 'istsvix28g3pc28dt3cx6157jsfrd3kq0218');
INSERT INTO md_attribute ( oid) VALUES ('istsvix28g3pc28dt3cx6157jsfrd3kq0218');
INSERT INTO metadata ( create_date, seq, type, created_by, last_update_date, last_updated_by, description, locked_by, remove, owner, entity_domain, oid, key_name, site_master) VALUES ('2018-01-19 08:51:35', 4958, 'com.runwaysdk.system.metadata.MdAttributeReference', '000000000000000000000000000000100060', '2018-01-19 08:51:35', '000000000000000000000000000000100060', '8b98zrwd9pnfx3w0ksr4b6zvmejywz3b0287', NULL, 0, '000000000000000000000000000000100060', NULL, 'istsvix28g3pc28dt3cx6157jsfrd3kq0218', 'com.runwaysdk.system.metadata.ontology.OntologyStrategy.lastUpdatedBy', 'terraframe.com');
ALTER TABLE ontology_strategy ADD COLUMN last_updated_by  char(64);
INSERT INTO class_attribute_concrete ( oid, parent_oid, child_oid) VALUES ('istsvix28g3pc28dt3cx6157jsfrd3kq0245', 'icng4i1qq9yzkeye9vrco0e18dpn00dm0058', 'istsvix28g3pc28dt3cx6157jsfrd3kq0218');
INSERT INTO class_attribute ( oid, parent_oid, child_oid) VALUES ('istsvix28g3pc28dt3cx6157jsfrd3kq0245', 'icng4i1qq9yzkeye9vrco0e18dpn00dm0058', 'istsvix28g3pc28dt3cx6157jsfrd3kq0218');
INSERT INTO metadata_relationship ( oid, created_by, type, last_update_date, site_master, owner, seq, key_name, entity_domain, locked_by, create_date, last_updated_by, parent_oid, child_oid) VALUES ('istsvix28g3pc28dt3cx6157jsfrd3kq0245', '000000000000000000000000000000100060', 'com.runwaysdk.system.metadata.ClassAttributeConcrete', '2018-01-19 08:51:35', 'terraframe.com', '000000000000000000000000000000100060', 4959, 'com.runwaysdk.system.metadata.ontology.OntologyStrategy.lastUpdatedBy', NULL, NULL, '2018-01-19 08:51:35', '000000000000000000000000000000100060', 'icng4i1qq9yzkeye9vrco0e18dpn00dm0058', 'istsvix28g3pc28dt3cx6157jsfrd3kq0218');
INSERT INTO md_attribute_indicies (set_id, item_id)  VALUES  ('s9iyfmk9wzp2ejnyic4qfmo4xbj2i1lk', '000000000000000000000000000004010085');
INSERT INTO visibilitymodifier (set_id, item_id)  VALUES  ('0gv3v2xg2tujswefh350a693t2145osy', '20071109NM00000000000000000000050113');
INSERT INTO visibilitymodifier (set_id, item_id)  VALUES  ('24opoczjcnb1am2qkcxwv2fbcut0qkxp', '20071109NM00000000000000000000050113');
INSERT INTO metadata_display_label ( key_name, oid, site_master, default_locale) VALUES ('7dpyum8m4elwtr60j61u8sgfq5mtdvg50287', '7dpyum8m4elwtr60j61u8sgfq5mtdvg50287', 'terraframe.com', 'Strategy State');
INSERT INTO metadata_display_label ( key_name, oid, site_master, default_locale) VALUES ('22wxcmjarkiqxjt7f9wvrcmvdg26ccna0287', '22wxcmjarkiqxjt7f9wvrcmvdg26ccna0287', 'terraframe.com', 'Strategy State');
INSERT INTO md_attribute_enumeration ( default_value, md_enumeration, select_multiple, cache_column_name, oid) VALUES (NULL, 'ico2bqmxhokml07z6w6oi7tlihqmdxfo0075', 0, 'strategy_state_c', 'i1xenrsixc2qwnod6sy7la0e4aklc7cn0076');
INSERT INTO md_attribute_ref ( oid) VALUES ('i1xenrsixc2qwnod6sy7la0e4aklc7cn0076');
INSERT INTO md_attribute_concrete ( defining_md_class, column_name, index_type, index_type_c, attribute_name, getter_visibility, getter_visibility_c, system, index_name, setter_visibility, setter_visibility_c, required, generate_accessor, display_label, immutable, oid) VALUES ('icng4i1qq9yzkeye9vrco0e18dpn00dm0058', 'strategy_state', 's9iyfmk9wzp2ejnyic4qfmo4xbj2i1lk', '000000000000000000000000000004010085', 'strategyState', '0gv3v2xg2tujswefh350a693t2145osy', '20071109NM00000000000000000000050113', 0, 'a3za27af8pp2xyqc6kklhix3x1v5sk', '24opoczjcnb1am2qkcxwv2fbcut0qkxp', '20071109NM00000000000000000000050113', 1, 1, '7dpyum8m4elwtr60j61u8sgfq5mtdvg50287', 0, 'i1xenrsixc2qwnod6sy7la0e4aklc7cn0076');
INSERT INTO md_attribute ( oid) VALUES ('i1xenrsixc2qwnod6sy7la0e4aklc7cn0076');
INSERT INTO metadata ( create_date, seq, type, created_by, last_update_date, last_updated_by, description, locked_by, remove, owner, entity_domain, oid, key_name, site_master) VALUES ('2018-01-19 08:51:35', 4960, 'com.runwaysdk.system.metadata.MdAttributeEnumeration', '000000000000000000000000000000100060', '2018-01-19 08:51:35', '000000000000000000000000000000100060', '22wxcmjarkiqxjt7f9wvrcmvdg26ccna0287', NULL, 1, '000000000000000000000000000000100060', NULL, 'i1xenrsixc2qwnod6sy7la0e4aklc7cn0076', 'com.runwaysdk.system.metadata.ontology.OntologyStrategy.strategyState', 'terraframe.com');
ALTER TABLE ontology_strategy ADD COLUMN strategy_state  char(32);
ALTER TABLE ontology_strategy ADD COLUMN strategy_state_c  text;
INSERT INTO class_attribute_concrete ( oid, parent_oid, child_oid) VALUES ('i1xenrsixc2qwnod6sy7la0e4aklc7cn0245', 'icng4i1qq9yzkeye9vrco0e18dpn00dm0058', 'i1xenrsixc2qwnod6sy7la0e4aklc7cn0076');
INSERT INTO class_attribute ( oid, parent_oid, child_oid) VALUES ('i1xenrsixc2qwnod6sy7la0e4aklc7cn0245', 'icng4i1qq9yzkeye9vrco0e18dpn00dm0058', 'i1xenrsixc2qwnod6sy7la0e4aklc7cn0076');
INSERT INTO metadata_relationship ( oid, created_by, type, last_update_date, site_master, owner, seq, key_name, entity_domain, locked_by, create_date, last_updated_by, parent_oid, child_oid) VALUES ('i1xenrsixc2qwnod6sy7la0e4aklc7cn0245', '000000000000000000000000000000100060', 'com.runwaysdk.system.metadata.ClassAttributeConcrete', '2018-01-19 08:51:35', 'terraframe.com', '000000000000000000000000000000100060', 4961, 'com.runwaysdk.system.metadata.ontology.OntologyStrategy.strategyState', NULL, NULL, '2018-01-19 08:51:35', '000000000000000000000000000000100060', 'icng4i1qq9yzkeye9vrco0e18dpn00dm0058', 'i1xenrsixc2qwnod6sy7la0e4aklc7cn0076');
INSERT INTO class_cache (set_id, item_id)  VALUES  ('246vkx65fuy89vzfzd9i7c6tqrme2y96', '000000000000000000000000000002310077');
INSERT INTO metadata_display_label ( key_name, oid, site_master, default_locale) VALUES ('xglw489lnagtrpextzfeu4wb6kn5uduz0287', 'xglw489lnagtrpextzfeu4wb6kn5uduz0287', 'terraframe.com', 'Database all paths strategy');
INSERT INTO metadata_display_label ( key_name, oid, site_master, default_locale) VALUES ('y098zuu39u682elvtuvgwqu5onmg1puu0287', 'y098zuu39u682elvtuvgwqu5onmg1puu0287', 'terraframe.com', 'Database all paths strategy');
INSERT INTO md_business ( super_md_business, cache_algorithm, cache_algorithm_c, oid) VALUES ('icng4i1qq9yzkeye9vrco0e18dpn00dm0058', '246vkx65fuy89vzfzd9i7c6tqrme2y96', '000000000000000000000000000002310077', 'ioix8wujosrt2nyls9vz2mprbphifkqq0058');
INSERT INTO md_element ( is_abstract, extendable, oid) VALUES (1, 1, 'ioix8wujosrt2nyls9vz2mprbphifkqq0058');
INSERT INTO md_entity ( cache_size, query_dto_source, has_deterministic_ids, enforce_site_master, query_source, table_name, oid) VALUES (0, NULL, 0, 1, NULL, 'database_all_paths_strategy', 'ioix8wujosrt2nyls9vz2mprbphifkqq0058');
INSERT INTO md_class ( stub_source, publish, stub_dto_source, oid) VALUES (NULL, 1, NULL, 'ioix8wujosrt2nyls9vz2mprbphifkqq0058');
INSERT INTO md_type ( type_name, js_stub, display_label, exported, generate_source, js_base, base_source, package_name, root_id, dto_source, oid) VALUES ('DatabaseAllPathsStrategy', NULL, 'xglw489lnagtrpextzfeu4wb6kn5uduz0287', 1, 1, NULL, NULL, 'com.runwaysdk.system.metadata.ontology', 'ioix8wujosrt2nyls9vz2mprbphifkqq', NULL, 'ioix8wujosrt2nyls9vz2mprbphifkqq0058');
INSERT INTO metadata ( create_date, seq, type, created_by, last_update_date, last_updated_by, description, locked_by, remove, owner, entity_domain, oid, key_name, site_master) VALUES ('2018-01-19 08:51:35', 4962, 'com.runwaysdk.system.metadata.MdBusiness', '000000000000000000000000000000100060', '2018-01-19 08:51:35', '000000000000000000000000000000100060', 'y098zuu39u682elvtuvgwqu5onmg1puu0287', NULL, 1, '000000000000000000000000000000100060', NULL, 'ioix8wujosrt2nyls9vz2mprbphifkqq0058', 'com.runwaysdk.system.metadata.ontology.DatabaseAllPathsStrategy', 'terraframe.com');
CREATE TABLE database_all_paths_strategy ( oid CHAR(64) NOT NULL PRIMARY KEY );
INSERT INTO business_inheritance ( oid, parent_oid, child_oid) VALUES ('ioix8wujosrt2nyls9vz2mprbphifkqq0257', 'icng4i1qq9yzkeye9vrco0e18dpn00dm0058', 'ioix8wujosrt2nyls9vz2mprbphifkqq0058');
INSERT INTO class_inheritance ( oid, parent_oid, child_oid) VALUES ('ioix8wujosrt2nyls9vz2mprbphifkqq0257', 'icng4i1qq9yzkeye9vrco0e18dpn00dm0058', 'ioix8wujosrt2nyls9vz2mprbphifkqq0058');
INSERT INTO metadata_relationship ( oid, created_by, type, last_update_date, site_master, owner, seq, key_name, entity_domain, locked_by, create_date, last_updated_by, parent_oid, child_oid) VALUES ('ioix8wujosrt2nyls9vz2mprbphifkqq0257', '000000000000000000000000000000100060', 'com.runwaysdk.system.metadata.BusinessInheritance', '2018-01-19 08:51:35', 'terraframe.com', '000000000000000000000000000000100060', 4963, 'com.runwaysdk.system.metadata.ontology.DatabaseAllPathsStrategy', NULL, NULL, '2018-01-19 08:51:35', '000000000000000000000000000000100060', 'icng4i1qq9yzkeye9vrco0e18dpn00dm0058', 'ioix8wujosrt2nyls9vz2mprbphifkqq0058');
INSERT INTO class_cache (set_id, item_id)  VALUES  ('6tm945iimbegt28e3l39i42mbjlnfrml', '000000000000000000000000000002310077');
INSERT INTO metadata_display_label ( key_name, oid, site_master, default_locale) VALUES ('xlhscj19x7df1n9sxzr3tzbpyxdj53hs0287', 'xlhscj19x7df1n9sxzr3tzbpyxdj53hs0287', 'terraframe.com', 'Postgres all paths strategy');
INSERT INTO metadata_display_label ( key_name, oid, site_master, default_locale) VALUES ('24qura2nypi6u3xj7mcjqlhzr1y3vcun0287', '24qura2nypi6u3xj7mcjqlhzr1y3vcun0287', 'terraframe.com', 'Postgres all paths strategy');
INSERT INTO md_business ( super_md_business, cache_algorithm, cache_algorithm_c, oid) VALUES ('ioix8wujosrt2nyls9vz2mprbphifkqq0058', '6tm945iimbegt28e3l39i42mbjlnfrml', '000000000000000000000000000002310077', 'i6ftrsnrur1p9da7v2c8bl8otw6hcz1m0058');
INSERT INTO md_element ( is_abstract, extendable, oid) VALUES (0, 1, 'i6ftrsnrur1p9da7v2c8bl8otw6hcz1m0058');
INSERT INTO md_entity ( cache_size, query_dto_source, has_deterministic_ids, enforce_site_master, query_source, table_name, oid) VALUES (0, NULL, 0, 1, NULL, 'postgres_all_paths_strategy', 'i6ftrsnrur1p9da7v2c8bl8otw6hcz1m0058');
INSERT INTO md_class ( stub_source, publish, stub_dto_source, oid) VALUES (NULL, 1, NULL, 'i6ftrsnrur1p9da7v2c8bl8otw6hcz1m0058');
INSERT INTO md_type ( type_name, js_stub, display_label, exported, generate_source, js_base, base_source, package_name, root_id, dto_source, oid) VALUES ('PostgresAllPathsStrategy', NULL, 'xlhscj19x7df1n9sxzr3tzbpyxdj53hs0287', 1, 1, NULL, NULL, 'com.runwaysdk.system.metadata.ontology', 'i6ftrsnrur1p9da7v2c8bl8otw6hcz1m', NULL, 'i6ftrsnrur1p9da7v2c8bl8otw6hcz1m0058');
INSERT INTO metadata ( create_date, seq, type, created_by, last_update_date, last_updated_by, description, locked_by, remove, owner, entity_domain, oid, key_name, site_master) VALUES ('2018-01-19 08:51:35', 4964, 'com.runwaysdk.system.metadata.MdBusiness', '000000000000000000000000000000100060', '2018-01-19 08:51:35', '000000000000000000000000000000100060', '24qura2nypi6u3xj7mcjqlhzr1y3vcun0287', NULL, 1, '000000000000000000000000000000100060', NULL, 'i6ftrsnrur1p9da7v2c8bl8otw6hcz1m0058', 'com.runwaysdk.system.metadata.ontology.PostgresAllPathsStrategy', 'terraframe.com');
CREATE TABLE postgres_all_paths_strategy ( oid CHAR(64) NOT NULL PRIMARY KEY );
INSERT INTO business_inheritance ( oid, parent_oid, child_oid) VALUES ('i6ftrsnrur1p9da7v2c8bl8otw6hcz1m0257', 'ioix8wujosrt2nyls9vz2mprbphifkqq0058', 'i6ftrsnrur1p9da7v2c8bl8otw6hcz1m0058');
INSERT INTO class_inheritance ( oid, parent_oid, child_oid) VALUES ('i6ftrsnrur1p9da7v2c8bl8otw6hcz1m0257', 'ioix8wujosrt2nyls9vz2mprbphifkqq0058', 'i6ftrsnrur1p9da7v2c8bl8otw6hcz1m0058');
INSERT INTO metadata_relationship ( oid, created_by, type, last_update_date, site_master, owner, seq, key_name, entity_domain, locked_by, create_date, last_updated_by, parent_oid, child_oid) VALUES ('i6ftrsnrur1p9da7v2c8bl8otw6hcz1m0257', '000000000000000000000000000000100060', 'com.runwaysdk.system.metadata.BusinessInheritance', '2018-01-19 08:51:35', 'terraframe.com', '000000000000000000000000000000100060', 4965, 'com.runwaysdk.system.metadata.ontology.PostgresAllPathsStrategy', NULL, NULL, '2018-01-19 08:51:35', '000000000000000000000000000000100060', 'ioix8wujosrt2nyls9vz2mprbphifkqq0058', 'i6ftrsnrur1p9da7v2c8bl8otw6hcz1m0058');
INSERT INTO md_attribute_indicies (set_id, item_id)  VALUES  ('zdpq4vm0cw9w6jjqduss1ok6dbp26ei0', '000000000000000000000000000004000085');
INSERT INTO visibilitymodifier (set_id, item_id)  VALUES  ('1z7wuhg53jhr95nqg0i1gagtltnrxuq3', '20071109NM00000000000000000000050113');
INSERT INTO visibilitymodifier (set_id, item_id)  VALUES  ('rcyf0rqprto1nquwhgct6s0aq9030lrn', '20071109NM00000000000000000000050113');
INSERT INTO metadata_display_label ( key_name, oid, site_master, default_locale) VALUES ('0kj2g2zc6j6ye9ctn1j8hjabq0xwg1z60287', '0kj2g2zc6j6ye9ctn1j8hjabq0xwg1z60287', 'terraframe.com', 'Strategy');
INSERT INTO metadata_display_label ( key_name, oid, site_master, default_locale) VALUES ('92zqv3p6oquayqwm3uvhunz9jlkvpllf0287', '92zqv3p6oquayqwm3uvhunz9jlkvpllf0287', 'terraframe.com', NULL);
INSERT INTO md_attribute_reference ( default_value, md_business, oid) VALUES (NULL, 'icng4i1qq9yzkeye9vrco0e18dpn00dm0058', 'i6bbcoakstjmt78tr2f589csbycxpani0218');
INSERT INTO md_attribute_ref ( oid) VALUES ('i6bbcoakstjmt78tr2f589csbycxpani0218');
INSERT INTO md_attribute_concrete ( defining_md_class, column_name, index_type, index_type_c, attribute_name, getter_visibility, getter_visibility_c, system, index_name, setter_visibility, setter_visibility_c, required, generate_accessor, display_label, immutable, oid) VALUES ('xl2eqz5dv2cq2hoogeb43gg0ohakvvsp0058', 'strategy', 'zdpq4vm0cw9w6jjqduss1ok6dbp26ei0', '000000000000000000000000000004000085', 'strategy', '1z7wuhg53jhr95nqg0i1gagtltnrxuq3', '20071109NM00000000000000000000050113', 0, 'ac4fac4tskng9hvkhbpbsx0yi61kqo', 'rcyf0rqprto1nquwhgct6s0aq9030lrn', '20071109NM00000000000000000000050113', 0, 1, '0kj2g2zc6j6ye9ctn1j8hjabq0xwg1z60287', 0, 'i6bbcoakstjmt78tr2f589csbycxpani0218');
INSERT INTO md_attribute ( oid) VALUES ('i6bbcoakstjmt78tr2f589csbycxpani0218');
INSERT INTO metadata ( create_date, seq, type, created_by, last_update_date, last_updated_by, description, locked_by, remove, owner, entity_domain, oid, key_name, site_master) VALUES ('2018-01-19 08:51:35', 4966, 'com.runwaysdk.system.metadata.MdAttributeReference', '000000000000000000000000000000100060', '2018-01-19 08:51:35', '000000000000000000000000000000100060', '92zqv3p6oquayqwm3uvhunz9jlkvpllf0287', NULL, 1, '000000000000000000000000000000100060', NULL, 'i6bbcoakstjmt78tr2f589csbycxpani0218', 'com.runwaysdk.system.metadata.MdTerm.strategy', 'terraframe.com');
ALTER TABLE md_term ADD COLUMN strategy  char(64);
INSERT INTO class_attribute_concrete ( oid, parent_oid, child_oid) VALUES ('i6bbcoakstjmt78tr2f589csbycxpani0245', 'xl2eqz5dv2cq2hoogeb43gg0ohakvvsp0058', 'i6bbcoakstjmt78tr2f589csbycxpani0218');
INSERT INTO class_attribute ( oid, parent_oid, child_oid) VALUES ('i6bbcoakstjmt78tr2f589csbycxpani0245', 'xl2eqz5dv2cq2hoogeb43gg0ohakvvsp0058', 'i6bbcoakstjmt78tr2f589csbycxpani0218');
INSERT INTO metadata_relationship ( oid, created_by, type, last_update_date, site_master, owner, seq, key_name, entity_domain, locked_by, create_date, last_updated_by, parent_oid, child_oid) VALUES ('i6bbcoakstjmt78tr2f589csbycxpani0245', '000000000000000000000000000000100060', 'com.runwaysdk.system.metadata.ClassAttributeConcrete', '2018-01-19 08:51:35', 'terraframe.com', '000000000000000000000000000000100060', 4967, 'com.runwaysdk.system.metadata.MdTerm.strategy', NULL, NULL, '2018-01-19 08:51:35', '000000000000000000000000000000100060', 'xl2eqz5dv2cq2hoogeb43gg0ohakvvsp0058', 'i6bbcoakstjmt78tr2f589csbycxpani0218');
CREATE INDEX ac4fac4tskng9hvkhbpbsx0yi61kqo ON md_term (strategy);
UPDATE md_business SET cache_algorithm= 'xivnmm5t3pog1dal6fslb2id1bwr4k8k' , cache_algorithm_c= '000000000000000000000000000002310077' , oid= 'icng4i1qq9yzkeye9vrco0e18dpn00dm0058'  WHERE oid='icng4i1qq9yzkeye9vrco0e18dpn00dm0058';
UPDATE md_element SET is_abstract= 1 , oid= 'icng4i1qq9yzkeye9vrco0e18dpn00dm0058'  WHERE oid='icng4i1qq9yzkeye9vrco0e18dpn00dm0058';
UPDATE md_entity SET table_name= 'ontology_strategy' , oid= 'icng4i1qq9yzkeye9vrco0e18dpn00dm0058'  WHERE oid='icng4i1qq9yzkeye9vrco0e18dpn00dm0058';
UPDATE md_type SET type_name= 'OntologyStrategy' , display_label= 'z95xo9ercqqqzlzyxq2ftjoxjvolkt2r0287' , package_name= 'com.runwaysdk.system.metadata.ontology' , root_id= 'icng4i1qq9yzkeye9vrco0e18dpn00dm' , oid= 'icng4i1qq9yzkeye9vrco0e18dpn00dm0058'  WHERE oid='icng4i1qq9yzkeye9vrco0e18dpn00dm0058';
UPDATE metadata SET create_date= '2018-01-19 08:51:35' , seq= 4968 , type= 'com.runwaysdk.system.metadata.MdBusiness' , created_by= '000000000000000000000000000000100060' , last_update_date= '2018-01-19 08:51:35' , last_updated_by= '000000000000000000000000000000100060' , description= '9202tmf574pv42drj07sos7jgsh0nhx50287' , owner= '000000000000000000000000000000100060' , oid= 'icng4i1qq9yzkeye9vrco0e18dpn00dm0058' , key_name= 'com.runwaysdk.system.metadata.ontology.OntologyStrategy' , site_master= 'terraframe.com'  WHERE oid='icng4i1qq9yzkeye9vrco0e18dpn00dm0058';
UPDATE md_enumeration SET master_md_business= 'ij57koutg5u605sbrmi2p56zelnt2gd70058' , table_name= 'strategystate' , include_all= 1 , oid= 'ico2bqmxhokml07z6w6oi7tlihqmdxfo0075'  WHERE oid='ico2bqmxhokml07z6w6oi7tlihqmdxfo0075';
UPDATE md_type SET type_name= 'StrategyState' , display_label= '8fwawbmql3hu5uij4hwwffyz0syjj2780287' , package_name= 'com.runwaysdk.system.metadata.ontology' , root_id= 'ico2bqmxhokml07z6w6oi7tlihqmdxfo' , oid= 'ico2bqmxhokml07z6w6oi7tlihqmdxfo0075'  WHERE oid='ico2bqmxhokml07z6w6oi7tlihqmdxfo0075';
UPDATE metadata SET create_date= '2018-01-19 08:51:35' , seq= 4969 , type= 'com.runwaysdk.system.metadata.MdEnumeration' , created_by= '000000000000000000000000000000100060' , last_update_date= '2018-01-19 08:51:35' , last_updated_by= '000000000000000000000000000000100060' , description= 'xze9mx9wrcn6wt7g1tdq6e93qddvwuhb0287' , owner= '000000000000000000000000000000100060' , oid= 'ico2bqmxhokml07z6w6oi7tlihqmdxfo0075' , key_name= 'com.runwaysdk.system.metadata.ontology.StrategyState' , site_master= 'terraframe.com'  WHERE oid='ico2bqmxhokml07z6w6oi7tlihqmdxfo0075';
UPDATE md_business SET super_md_business= 'icng4i1qq9yzkeye9vrco0e18dpn00dm0058' , cache_algorithm= '246vkx65fuy89vzfzd9i7c6tqrme2y96' , cache_algorithm_c= '000000000000000000000000000002310077' , oid= 'ioix8wujosrt2nyls9vz2mprbphifkqq0058'  WHERE oid='ioix8wujosrt2nyls9vz2mprbphifkqq0058';
UPDATE md_element SET is_abstract= 1 , oid= 'ioix8wujosrt2nyls9vz2mprbphifkqq0058'  WHERE oid='ioix8wujosrt2nyls9vz2mprbphifkqq0058';
UPDATE md_entity SET table_name= 'database_all_paths_strategy' , oid= 'ioix8wujosrt2nyls9vz2mprbphifkqq0058'  WHERE oid='ioix8wujosrt2nyls9vz2mprbphifkqq0058';
UPDATE md_type SET type_name= 'DatabaseAllPathsStrategy' , display_label= 'xglw489lnagtrpextzfeu4wb6kn5uduz0287' , package_name= 'com.runwaysdk.system.metadata.ontology' , root_id= 'ioix8wujosrt2nyls9vz2mprbphifkqq' , oid= 'ioix8wujosrt2nyls9vz2mprbphifkqq0058'  WHERE oid='ioix8wujosrt2nyls9vz2mprbphifkqq0058';
UPDATE metadata SET create_date= '2018-01-19 08:51:35' , seq= 4970 , type= 'com.runwaysdk.system.metadata.MdBusiness' , created_by= '000000000000000000000000000000100060' , last_update_date= '2018-01-19 08:51:35' , last_updated_by= '000000000000000000000000000000100060' , description= 'y098zuu39u682elvtuvgwqu5onmg1puu0287' , owner= '000000000000000000000000000000100060' , oid= 'ioix8wujosrt2nyls9vz2mprbphifkqq0058' , key_name= 'com.runwaysdk.system.metadata.ontology.DatabaseAllPathsStrategy' , site_master= 'terraframe.com'  WHERE oid='ioix8wujosrt2nyls9vz2mprbphifkqq0058';
UPDATE md_business SET super_md_business= 'ioix8wujosrt2nyls9vz2mprbphifkqq0058' , cache_algorithm= '6tm945iimbegt28e3l39i42mbjlnfrml' , cache_algorithm_c= '000000000000000000000000000002310077' , oid= 'i6ftrsnrur1p9da7v2c8bl8otw6hcz1m0058'  WHERE oid='i6ftrsnrur1p9da7v2c8bl8otw6hcz1m0058';
UPDATE md_entity SET table_name= 'postgres_all_paths_strategy' , oid= 'i6ftrsnrur1p9da7v2c8bl8otw6hcz1m0058'  WHERE oid='i6ftrsnrur1p9da7v2c8bl8otw6hcz1m0058';
UPDATE md_type SET type_name= 'PostgresAllPathsStrategy' , display_label= 'xlhscj19x7df1n9sxzr3tzbpyxdj53hs0287' , package_name= 'com.runwaysdk.system.metadata.ontology' , root_id= 'i6ftrsnrur1p9da7v2c8bl8otw6hcz1m' , oid= 'i6ftrsnrur1p9da7v2c8bl8otw6hcz1m0058'  WHERE oid='i6ftrsnrur1p9da7v2c8bl8otw6hcz1m0058';
UPDATE metadata SET create_date= '2018-01-19 08:51:35' , seq= 4971 , type= 'com.runwaysdk.system.metadata.MdBusiness' , created_by= '000000000000000000000000000000100060' , last_update_date= '2018-01-19 08:51:35' , last_updated_by= '000000000000000000000000000000100060' , description= '24qura2nypi6u3xj7mcjqlhzr1y3vcun0287' , owner= '000000000000000000000000000000100060' , oid= 'i6ftrsnrur1p9da7v2c8bl8otw6hcz1m0058' , key_name= 'com.runwaysdk.system.metadata.ontology.PostgresAllPathsStrategy' , site_master= 'terraframe.com'  WHERE oid='i6ftrsnrur1p9da7v2c8bl8otw6hcz1m0058';
UPDATE metadata SET seq= 4972  WHERE oid='xl2eqz5dv2cq2hoogeb43gg0ohakvvsp0058';
UPDATE md_business SET super_md_business= '000000000000000000000000000002060058' , cache_algorithm= '1qo04f0f6l3psbb9reunz90ezz0tvqlg' , cache_algorithm_c= '000000000000000000000000000002310077' , oid= 'ij57koutg5u605sbrmi2p56zelnt2gd70058'  WHERE oid='ij57koutg5u605sbrmi2p56zelnt2gd70058';
UPDATE md_element SET extendable= 0 , oid= 'ij57koutg5u605sbrmi2p56zelnt2gd70058'  WHERE oid='ij57koutg5u605sbrmi2p56zelnt2gd70058';
UPDATE md_entity SET table_name= 'strategy_state_master' , oid= 'ij57koutg5u605sbrmi2p56zelnt2gd70058'  WHERE oid='ij57koutg5u605sbrmi2p56zelnt2gd70058';
UPDATE md_type SET type_name= 'StrategyStateMaster' , display_label= '29swd393o37ry2i7s0gjnkr1qinvdpq40287' , package_name= 'com.runwaysdk.system.metadata.ontology' , root_id= 'ij57koutg5u605sbrmi2p56zelnt2gd7' , oid= 'ij57koutg5u605sbrmi2p56zelnt2gd70058'  WHERE oid='ij57koutg5u605sbrmi2p56zelnt2gd70058';
UPDATE metadata SET create_date= '2018-01-19 08:51:35' , seq= 4973 , type= 'com.runwaysdk.system.metadata.MdBusiness' , created_by= '000000000000000000000000000000100060' , last_update_date= '2018-01-19 08:51:35' , last_updated_by= '000000000000000000000000000000100060' , description= '71i1hnjo2j5ze0dfba36o3l7jd44n3ij0287' , owner= '000000000000000000000000000000100060' , oid= 'ij57koutg5u605sbrmi2p56zelnt2gd70058' , key_name= 'com.runwaysdk.system.metadata.ontology.StrategyStateMaster' , site_master= 'terraframe.com'  WHERE oid='ij57koutg5u605sbrmi2p56zelnt2gd70058';
UPDATE md_element SET is_abstract= 0 , oid= 'ioix8wujosrt2nyls9vz2mprbphifkqq0058'  WHERE oid='ioix8wujosrt2nyls9vz2mprbphifkqq0058';
UPDATE metadata SET seq= 4974 , last_update_date= '2018-01-19 08:51:53'  WHERE oid='ioix8wujosrt2nyls9vz2mprbphifkqq0058';
DELETE FROM business_inheritance WHERE oid = 'i6ftrsnrur1p9da7v2c8bl8otw6hcz1m0257';
DELETE FROM class_inheritance WHERE oid = 'i6ftrsnrur1p9da7v2c8bl8otw6hcz1m0257';
DELETE FROM metadata_relationship WHERE oid = 'i6ftrsnrur1p9da7v2c8bl8otw6hcz1m0257' AND seq = 4965;
DELETE FROM class_cache WHERE set_id='6tm945iimbegt28e3l39i42mbjlnfrml';
DELETE FROM metadata_display_label WHERE oid = 'xlhscj19x7df1n9sxzr3tzbpyxdj53hs0287';
DELETE FROM metadata_display_label WHERE oid = '24qura2nypi6u3xj7mcjqlhzr1y3vcun0287';
DELETE FROM md_business WHERE oid = 'i6ftrsnrur1p9da7v2c8bl8otw6hcz1m0058';
DELETE FROM md_element WHERE oid = 'i6ftrsnrur1p9da7v2c8bl8otw6hcz1m0058';
DELETE FROM md_entity WHERE oid = 'i6ftrsnrur1p9da7v2c8bl8otw6hcz1m0058';
DELETE FROM md_class WHERE oid = 'i6ftrsnrur1p9da7v2c8bl8otw6hcz1m0058';
DELETE FROM md_type WHERE oid = 'i6ftrsnrur1p9da7v2c8bl8otw6hcz1m0058';
DELETE FROM metadata WHERE oid = 'i6ftrsnrur1p9da7v2c8bl8otw6hcz1m0058' AND seq = 4971;
UPDATE md_element SET is_abstract= 0 , oid= 'ioix8wujosrt2nyls9vz2mprbphifkqq0058'  WHERE oid='ioix8wujosrt2nyls9vz2mprbphifkqq0058';
UPDATE metadata SET seq= 4975 , last_update_date= '2018-01-19 08:51:53'  WHERE oid='ioix8wujosrt2nyls9vz2mprbphifkqq0058';
DROP TABLE postgres_all_paths_strategy;