--
-- Copyright (c) 2015 TerraFrame, Inc. All rights reserved.
--
-- This file is part of Runway SDK(tm).
--
-- Runway SDK(tm) is free software: you can redistribute it and/or modify
-- it under the terms of the GNU Lesser General Public License as
-- published by the Free Software Foundation, either version 3 of the
-- License, or (at your option) any later version.
--
-- Runway SDK(tm) is distributed in the hope that it will be useful, but
-- WITHOUT ANY WARRANTY; without even the implied warranty of
-- MERCHANTABILITY or FITNESS FOR A PARTICULAR PURPOSE.  See the
-- GNU Lesser General Public License for more details.
--
-- You should have received a copy of the GNU Lesser General Public
-- License along with Runway SDK(tm).  If not, see <http://www.gnu.org/licenses/>.
--

INSERT INTO visibilitymodifier (set_id, item_id)  VALUES  ('z407g7s1elz4ecbtjydsezz9u8vrq65f', '20071109NM00000000000000000000050113');
INSERT INTO metadata_display_label ( key_name, oid, site_master, default_locale) VALUES ('6uoig41ud9xrjibqf3zx9da94spksp900287', '6uoig41ud9xrjibqf3zx9da94spksp900287', 'www.runwaysdk.com', NULL);
INSERT INTO visibilitymodifier (set_id, item_id)  VALUES  ('za7em9bojko8nann30zyn4psvsk6m9jv', '20071109NM00000000000000000000050113');
INSERT INTO metadata_display_label ( key_name, oid, site_master, default_locale) VALUES ('7ejjnm2luqco4yqmlpt19fmvlxgq3t8d0287', '7ejjnm2luqco4yqmlpt19fmvlxgq3t8d0287', 'www.runwaysdk.com', NULL);
INSERT INTO relationship_cache (set_id, item_id)  VALUES  ('qvj5xypawrf5s5v0kmwhztsp1rnfssg6', '000000000000000000000000000002310077');
INSERT INTO metadata_display_label ( key_name, oid, site_master, default_locale) VALUES ('8gmkixdd8ke91fjilmlk81lnmsa1gc2q0287', '8gmkixdd8ke91fjilmlk81lnmsa1gc2q0287', 'www.runwaysdk.com', 'Downstream Job');
INSERT INTO metadata_display_label ( key_name, oid, site_master, default_locale) VALUES ('8tsbt0pie6mw8ybxct7jecihlv89zth60287', '8tsbt0pie6mw8ybxct7jecihlv89zth60287', 'www.runwaysdk.com', NULL);
INSERT INTO md_tree ( oid) VALUES ('iehto0zqk2c47kojxx2wvjruqcxdxl290103');
INSERT INTO md_graph ( oid) VALUES ('iehto0zqk2c47kojxx2wvjruqcxdxl290103');
INSERT INTO md_relationship ( child_cardinality, index2_name, parent_visibility, parent_visibility_c, sort_md_attribute, child_md_business, super_md_relationship, child_display_label, index1_name, parent_cardinality, child_visibility, child_visibility_c, parent_method, parent_display_label, parent_md_business, cache_algorithm, cache_algorithm_c, composition, child_method, oid) VALUES ('1', 'rel_r8phgfd5rh74xtz7g1jxkuzhxe', 'z407g7s1elz4ecbtjydsezz9u8vrq65f', '20071109NM00000000000000000000050113', NULL, '8ndv254jvk1mw1rql6a4pqz9qbqvdzl40058', NULL, '6uoig41ud9xrjibqf3zx9da94spksp900287', 'rel_1ss1n0ok0rniw9pjjcsyd37f8i', '1', 'za7em9bojko8nann30zyn4psvsk6m9jv', '20071109NM00000000000000000000050113', 'upstreamJob', '7ejjnm2luqco4yqmlpt19fmvlxgq3t8d0287', '8ndv254jvk1mw1rql6a4pqz9qbqvdzl40058', 'qvj5xypawrf5s5v0kmwhztsp1rnfssg6', '000000000000000000000000000002310077', 0, 'downstreamJob', 'iehto0zqk2c47kojxx2wvjruqcxdxl290103');
INSERT INTO md_element ( is_abstract, extendable, oid) VALUES (0, 1, 'iehto0zqk2c47kojxx2wvjruqcxdxl290103');
INSERT INTO md_entity ( cache_size, query_dto_source, has_deterministic_ids, enforce_site_master, query_source, table_name, oid) VALUES (0, NULL, 0, 1, NULL, 'downstream_job_relationship', 'iehto0zqk2c47kojxx2wvjruqcxdxl290103');
INSERT INTO md_class ( stub_source, publish, stub_dto_source, oid) VALUES (NULL, 1, NULL, 'iehto0zqk2c47kojxx2wvjruqcxdxl290103');
INSERT INTO md_type ( type_name, js_stub, display_label, exported, generate_source, js_base, base_source, package_name, root_id, dto_source, oid) VALUES ('DownstreamJobRelationship', NULL, '8gmkixdd8ke91fjilmlk81lnmsa1gc2q0287', 1, 1, NULL, NULL, 'com.runwaysdk.system.scheduler', 'iehto0zqk2c47kojxx2wvjruqcxdxl29', NULL, 'iehto0zqk2c47kojxx2wvjruqcxdxl290103');
INSERT INTO metadata ( create_date, seq, type, created_by, last_update_date, last_updated_by, description, locked_by, remove, owner, entity_domain, oid, key_name, site_master) VALUES ('2016-08-23 09:28:05', 4810, 'com.runwaysdk.system.metadata.MdTree', '000000000000000000000000000000100060', '2016-08-23 09:28:05', '000000000000000000000000000000100060', '8tsbt0pie6mw8ybxct7jecihlv89zth60287', NULL, 1, '000000000000000000000000000000100060', NULL, 'iehto0zqk2c47kojxx2wvjruqcxdxl290103', 'com.runwaysdk.system.scheduler.DownstreamJobRelationship', 'www.runwaysdk.com');
INSERT INTO md_attribute_indicies (set_id, item_id)  VALUES  ('xvn2cd3m5db7hzgnma3zd8bhohx7i03t', '000000000000000000000000000004090085');
INSERT INTO visibilitymodifier (set_id, item_id)  VALUES  ('05sr6mb3wxtt0wjxas5gzyb19j7sbb2c', '20071109NM00000000000000000000050113');
INSERT INTO visibilitymodifier (set_id, item_id)  VALUES  ('yz2c58don7o6ravmme3px6hdabqgcoib', '20071109NM00000000000000000000050113');
INSERT INTO metadata_display_label ( key_name, oid, site_master, default_locale) VALUES ('75z6c87fihobfbzde0kl5brievz0bbut0287', '75z6c87fihobfbzde0kl5brievz0bbut0287', 'www.runwaysdk.com', 'ID');
INSERT INTO metadata_display_label ( key_name, oid, site_master, default_locale) VALUES ('8d7llou7z3zjoq7wtqckl26bpglypw390287', '8d7llou7z3zjoq7wtqckl26bpglypw390287', 'www.runwaysdk.com', 'ID of this object');
INSERT INTO md_attribute_character ( default_value, database_size, oid) VALUES (NULL, 64, 'i8uc6s2rw6qtb0ypei9pxmem67wxr2ht0067');
INSERT INTO md_attribute_char ( oid) VALUES ('i8uc6s2rw6qtb0ypei9pxmem67wxr2ht0067');
INSERT INTO md_attribute_primitive ( is_expression, expression, oid) VALUES (0, NULL, 'i8uc6s2rw6qtb0ypei9pxmem67wxr2ht0067');
INSERT INTO md_attribute_concrete ( defining_md_class, column_name, index_type, index_type_c, attribute_name, getter_visibility, getter_visibility_c, system, index_name, setter_visibility, setter_visibility_c, required, generate_accessor, display_label, immutable, oid) VALUES ('iehto0zqk2c47kojxx2wvjruqcxdxl290103', 'oid', 'xvn2cd3m5db7hzgnma3zd8bhohx7i03t', '000000000000000000000000000004090085', 'oid', '05sr6mb3wxtt0wjxas5gzyb19j7sbb2c', '20071109NM00000000000000000000050113', 1, 'aonk497e3npxl7uhako2d90kiz01et', 'yz2c58don7o6ravmme3px6hdabqgcoib', '20071109NM00000000000000000000050113', 1, 1, '75z6c87fihobfbzde0kl5brievz0bbut0287', 0, 'i8uc6s2rw6qtb0ypei9pxmem67wxr2ht0067');
INSERT INTO md_attribute ( oid) VALUES ('i8uc6s2rw6qtb0ypei9pxmem67wxr2ht0067');
INSERT INTO metadata ( create_date, seq, type, created_by, last_update_date, last_updated_by, description, locked_by, remove, owner, entity_domain, oid, key_name, site_master) VALUES ('2016-08-23 09:28:05', 4811, 'com.runwaysdk.system.metadata.MdAttributeCharacter', '000000000000000000000000000000100060', '2016-08-23 09:28:05', '000000000000000000000000000000100060', '8d7llou7z3zjoq7wtqckl26bpglypw390287', NULL, 0, '000000000000000000000000000000100060', NULL, 'i8uc6s2rw6qtb0ypei9pxmem67wxr2ht0067', 'com.runwaysdk.system.scheduler.DownstreamJobRelationship.oid', 'www.runwaysdk.com');
INSERT INTO class_attribute_concrete ( oid, parent_oid, child_oid) VALUES ('i8uc6s2rw6qtb0ypei9pxmem67wxr2ht0245', 'iehto0zqk2c47kojxx2wvjruqcxdxl290103', 'i8uc6s2rw6qtb0ypei9pxmem67wxr2ht0067');
INSERT INTO class_attribute ( oid, parent_oid, child_oid) VALUES ('i8uc6s2rw6qtb0ypei9pxmem67wxr2ht0245', 'iehto0zqk2c47kojxx2wvjruqcxdxl290103', 'i8uc6s2rw6qtb0ypei9pxmem67wxr2ht0067');
INSERT INTO metadata_relationship ( oid, created_by, type, last_update_date, site_master, owner, seq, key_name, entity_domain, locked_by, create_date, last_updated_by, parent_oid, child_oid) VALUES ('i8uc6s2rw6qtb0ypei9pxmem67wxr2ht0245', '000000000000000000000000000000100060', 'com.runwaysdk.system.metadata.ClassAttributeConcrete', '2016-08-23 09:28:05', 'www.runwaysdk.com', '000000000000000000000000000000100060', 4812, 'com.runwaysdk.system.scheduler.DownstreamJobRelationship.oid', NULL, NULL, '2016-08-23 09:28:05', '000000000000000000000000000000100060', 'iehto0zqk2c47kojxx2wvjruqcxdxl290103', 'i8uc6s2rw6qtb0ypei9pxmem67wxr2ht0067');
INSERT INTO md_attribute_indicies (set_id, item_id)  VALUES  ('zazfvvu8tg91t91wv38yhf2h8yhsu7j3', '000000000000000000000000000004090085');
INSERT INTO visibilitymodifier (set_id, item_id)  VALUES  ('zikynmk6wtcheo79hwiqtuozqwrpitec', '20071109NM00000000000000000000050113');
INSERT INTO visibilitymodifier (set_id, item_id)  VALUES  ('6tqfice9rjop8k7hdx9dtvo7b5e5hj0h', '20071109NM00000000000000000000050113');
INSERT INTO metadata_display_label ( key_name, oid, site_master, default_locale) VALUES ('xxidudd891itvjvqksql18qzovq006jd0287', 'xxidudd891itvjvqksql18qzovq006jd0287', 'www.runwaysdk.com', 'Key Name');
INSERT INTO metadata_display_label ( key_name, oid, site_master, default_locale) VALUES ('72fps3g8lp9zt0tazn3awjslggji4hzs0287', '72fps3g8lp9zt0tazn3awjslggji4hzs0287', 'www.runwaysdk.com', 'Key which uniquely identifies each instance of this type heirarchy.');
INSERT INTO md_attribute_character ( default_value, database_size, oid) VALUES (NULL, 255, 'imj8s5niowu9puaa37vf5fuxgglrsnyf0067');
INSERT INTO md_attribute_char ( oid) VALUES ('imj8s5niowu9puaa37vf5fuxgglrsnyf0067');
INSERT INTO md_attribute_primitive ( is_expression, expression, oid) VALUES (0, NULL, 'imj8s5niowu9puaa37vf5fuxgglrsnyf0067');
INSERT INTO md_attribute_concrete ( defining_md_class, column_name, index_type, index_type_c, attribute_name, getter_visibility, getter_visibility_c, system, index_name, setter_visibility, setter_visibility_c, required, generate_accessor, display_label, immutable, oid) VALUES ('iehto0zqk2c47kojxx2wvjruqcxdxl290103', 'key_name', 'zazfvvu8tg91t91wv38yhf2h8yhsu7j3', '000000000000000000000000000004090085', 'keyName', 'zikynmk6wtcheo79hwiqtuozqwrpitec', '20071109NM00000000000000000000050113', 0, 'a0bjdn7he7qc8vqkfk12d5ovjkw6v1', '6tqfice9rjop8k7hdx9dtvo7b5e5hj0h', '20071109NM00000000000000000000050113', 1, 1, 'xxidudd891itvjvqksql18qzovq006jd0287', 0, 'imj8s5niowu9puaa37vf5fuxgglrsnyf0067');
INSERT INTO md_attribute ( oid) VALUES ('imj8s5niowu9puaa37vf5fuxgglrsnyf0067');
INSERT INTO metadata ( create_date, seq, type, created_by, last_update_date, last_updated_by, description, locked_by, remove, owner, entity_domain, oid, key_name, site_master) VALUES ('2016-08-23 09:28:05', 4813, 'com.runwaysdk.system.metadata.MdAttributeCharacter', '000000000000000000000000000000100060', '2016-08-23 09:28:05', '000000000000000000000000000000100060', '72fps3g8lp9zt0tazn3awjslggji4hzs0287', NULL, 1, '000000000000000000000000000000100060', NULL, 'imj8s5niowu9puaa37vf5fuxgglrsnyf0067', 'com.runwaysdk.system.scheduler.DownstreamJobRelationship.keyName', 'www.runwaysdk.com');
INSERT INTO class_attribute_concrete ( oid, parent_oid, child_oid) VALUES ('imj8s5niowu9puaa37vf5fuxgglrsnyf0245', 'iehto0zqk2c47kojxx2wvjruqcxdxl290103', 'imj8s5niowu9puaa37vf5fuxgglrsnyf0067');
INSERT INTO class_attribute ( oid, parent_oid, child_oid) VALUES ('imj8s5niowu9puaa37vf5fuxgglrsnyf0245', 'iehto0zqk2c47kojxx2wvjruqcxdxl290103', 'imj8s5niowu9puaa37vf5fuxgglrsnyf0067');
INSERT INTO metadata_relationship ( oid, created_by, type, last_update_date, site_master, owner, seq, key_name, entity_domain, locked_by, create_date, last_updated_by, parent_oid, child_oid) VALUES ('imj8s5niowu9puaa37vf5fuxgglrsnyf0245', '000000000000000000000000000000100060', 'com.runwaysdk.system.metadata.ClassAttributeConcrete', '2016-08-23 09:28:05', 'www.runwaysdk.com', '000000000000000000000000000000100060', 4814, 'com.runwaysdk.system.scheduler.DownstreamJobRelationship.keyName', NULL, NULL, '2016-08-23 09:28:05', '000000000000000000000000000000100060', 'iehto0zqk2c47kojxx2wvjruqcxdxl290103', 'imj8s5niowu9puaa37vf5fuxgglrsnyf0067');
INSERT INTO md_attribute_indicies (set_id, item_id)  VALUES  ('200xfkpr1gxug9bls35b0pxkyzcdfoxw', '000000000000000000000000000004010085');
INSERT INTO visibilitymodifier (set_id, item_id)  VALUES  ('77kx5w4m4yrakcog0fnproyn6xn3hpcc', '20071109NM00000000000000000000050113');
INSERT INTO visibilitymodifier (set_id, item_id)  VALUES  ('zhvuxzl94zbeqn6tzx30klpdobyl1l8n', '20071109NM00000000000000000000050113');
INSERT INTO metadata_display_label ( key_name, oid, site_master, default_locale) VALUES ('yxa5my6eolyv6ycekyxqxi3l41qwi94h0287', 'yxa5my6eolyv6ycekyxqxi3l41qwi94h0287', 'www.runwaysdk.com', 'Site Master');
INSERT INTO metadata_display_label ( key_name, oid, site_master, default_locale) VALUES ('71sjkfy4qzxuogdc77orjk71h1zbmd960287', '71sjkfy4qzxuogdc77orjk71h1zbmd960287', 'www.runwaysdk.com', 'The name of the site responsible for this object');
INSERT INTO md_attribute_character ( default_value, database_size, oid) VALUES (NULL, 255, 'imc7vhg9xyhnt6dy2aaetmenoz13hk280067');
INSERT INTO md_attribute_char ( oid) VALUES ('imc7vhg9xyhnt6dy2aaetmenoz13hk280067');
INSERT INTO md_attribute_primitive ( is_expression, expression, oid) VALUES (0, NULL, 'imc7vhg9xyhnt6dy2aaetmenoz13hk280067');
INSERT INTO md_attribute_concrete ( defining_md_class, column_name, index_type, index_type_c, attribute_name, getter_visibility, getter_visibility_c, system, index_name, setter_visibility, setter_visibility_c, required, generate_accessor, display_label, immutable, oid) VALUES ('iehto0zqk2c47kojxx2wvjruqcxdxl290103', 'site_master', '200xfkpr1gxug9bls35b0pxkyzcdfoxw', '000000000000000000000000000004010085', 'siteMaster', '77kx5w4m4yrakcog0fnproyn6xn3hpcc', '20071109NM00000000000000000000050113', 1, 'ahk9q27zyi4ba74zgljavjtm1deqw1', 'zhvuxzl94zbeqn6tzx30klpdobyl1l8n', '20071109NM00000000000000000000050113', 1, 1, 'yxa5my6eolyv6ycekyxqxi3l41qwi94h0287', 1, 'imc7vhg9xyhnt6dy2aaetmenoz13hk280067');
INSERT INTO md_attribute ( oid) VALUES ('imc7vhg9xyhnt6dy2aaetmenoz13hk280067');
INSERT INTO metadata ( create_date, seq, type, created_by, last_update_date, last_updated_by, description, locked_by, remove, owner, entity_domain, oid, key_name, site_master) VALUES ('2016-08-23 09:28:05', 4815, 'com.runwaysdk.system.metadata.MdAttributeCharacter', '000000000000000000000000000000100060', '2016-08-23 09:28:05', '000000000000000000000000000000100060', '71sjkfy4qzxuogdc77orjk71h1zbmd960287', NULL, 0, '000000000000000000000000000000100060', NULL, 'imc7vhg9xyhnt6dy2aaetmenoz13hk280067', 'com.runwaysdk.system.scheduler.DownstreamJobRelationship.siteMaster', 'www.runwaysdk.com');
INSERT INTO class_attribute_concrete ( oid, parent_oid, child_oid) VALUES ('imc7vhg9xyhnt6dy2aaetmenoz13hk280245', 'iehto0zqk2c47kojxx2wvjruqcxdxl290103', 'imc7vhg9xyhnt6dy2aaetmenoz13hk280067');
INSERT INTO class_attribute ( oid, parent_oid, child_oid) VALUES ('imc7vhg9xyhnt6dy2aaetmenoz13hk280245', 'iehto0zqk2c47kojxx2wvjruqcxdxl290103', 'imc7vhg9xyhnt6dy2aaetmenoz13hk280067');
INSERT INTO metadata_relationship ( oid, created_by, type, last_update_date, site_master, owner, seq, key_name, entity_domain, locked_by, create_date, last_updated_by, parent_oid, child_oid) VALUES ('imc7vhg9xyhnt6dy2aaetmenoz13hk280245', '000000000000000000000000000000100060', 'com.runwaysdk.system.metadata.ClassAttributeConcrete', '2016-08-23 09:28:05', 'www.runwaysdk.com', '000000000000000000000000000000100060', 4816, 'com.runwaysdk.system.scheduler.DownstreamJobRelationship.siteMaster', NULL, NULL, '2016-08-23 09:28:05', '000000000000000000000000000000100060', 'iehto0zqk2c47kojxx2wvjruqcxdxl290103', 'imc7vhg9xyhnt6dy2aaetmenoz13hk280067');
INSERT INTO md_attribute_indicies (set_id, item_id)  VALUES  ('061upk82oh2022fjcueitzzb68ntyekb', '000000000000000000000000000004000085');
INSERT INTO visibilitymodifier (set_id, item_id)  VALUES  ('sx65f4u9chn9x9hn9kpkrvvyg5tl0sl3', '20071109NM00000000000000000000050113');
INSERT INTO visibilitymodifier (set_id, item_id)  VALUES  ('r230qi1mavh2bmy5d77m3vq1jigb2n3p', '20071109NM00000000000000000000050113');
INSERT INTO metadata_display_label ( key_name, oid, site_master, default_locale) VALUES ('sxrukncii5dp73heitr8gck6htjingxv0287', 'sxrukncii5dp73heitr8gck6htjingxv0287', 'www.runwaysdk.com', 'Entity Domain');
INSERT INTO metadata_display_label ( key_name, oid, site_master, default_locale) VALUES ('zmb1skp2qu3yitl121tu489822gl0g1w0287', 'zmb1skp2qu3yitl121tu489822gl0g1w0287', 'www.runwaysdk.com', 'The Domain of this entity');
INSERT INTO md_attribute_reference ( default_value, md_business, oid) VALUES (NULL, 'NM2008101100000000000000000001110058', 'idz6hch7drc2feobclvaac2f2ssvng960218');
INSERT INTO md_attribute_ref ( oid) VALUES ('idz6hch7drc2feobclvaac2f2ssvng960218');
INSERT INTO md_attribute_concrete ( defining_md_class, column_name, index_type, index_type_c, attribute_name, getter_visibility, getter_visibility_c, system, index_name, setter_visibility, setter_visibility_c, required, generate_accessor, display_label, immutable, oid) VALUES ('iehto0zqk2c47kojxx2wvjruqcxdxl290103', 'entity_domain', '061upk82oh2022fjcueitzzb68ntyekb', '000000000000000000000000000004000085', 'entityDomain', 'sx65f4u9chn9x9hn9kpkrvvyg5tl0sl3', '20071109NM00000000000000000000050113', 0, 'any66cx1wxbcqhvucp0z7jog3c1lj8', 'r230qi1mavh2bmy5d77m3vq1jigb2n3p', '20071109NM00000000000000000000050113', 0, 1, 'sxrukncii5dp73heitr8gck6htjingxv0287', 0, 'idz6hch7drc2feobclvaac2f2ssvng960218');
INSERT INTO md_attribute ( oid) VALUES ('idz6hch7drc2feobclvaac2f2ssvng960218');
INSERT INTO metadata ( create_date, seq, type, created_by, last_update_date, last_updated_by, description, locked_by, remove, owner, entity_domain, oid, key_name, site_master) VALUES ('2016-08-23 09:28:05', 4817, 'com.runwaysdk.system.metadata.MdAttributeReference', '000000000000000000000000000000100060', '2016-08-23 09:28:05', '000000000000000000000000000000100060', 'zmb1skp2qu3yitl121tu489822gl0g1w0287', NULL, 1, '000000000000000000000000000000100060', NULL, 'idz6hch7drc2feobclvaac2f2ssvng960218', 'com.runwaysdk.system.scheduler.DownstreamJobRelationship.entityDomain', 'www.runwaysdk.com');
INSERT INTO class_attribute_concrete ( oid, parent_oid, child_oid) VALUES ('idz6hch7drc2feobclvaac2f2ssvng960245', 'iehto0zqk2c47kojxx2wvjruqcxdxl290103', 'idz6hch7drc2feobclvaac2f2ssvng960218');
INSERT INTO class_attribute ( oid, parent_oid, child_oid) VALUES ('idz6hch7drc2feobclvaac2f2ssvng960245', 'iehto0zqk2c47kojxx2wvjruqcxdxl290103', 'idz6hch7drc2feobclvaac2f2ssvng960218');
INSERT INTO metadata_relationship ( oid, created_by, type, last_update_date, site_master, owner, seq, key_name, entity_domain, locked_by, create_date, last_updated_by, parent_oid, child_oid) VALUES ('idz6hch7drc2feobclvaac2f2ssvng960245', '000000000000000000000000000000100060', 'com.runwaysdk.system.metadata.ClassAttributeConcrete', '2016-08-23 09:28:05', 'www.runwaysdk.com', '000000000000000000000000000000100060', 4818, 'com.runwaysdk.system.scheduler.DownstreamJobRelationship.entityDomain', NULL, NULL, '2016-08-23 09:28:05', '000000000000000000000000000000100060', 'iehto0zqk2c47kojxx2wvjruqcxdxl290103', 'idz6hch7drc2feobclvaac2f2ssvng960218');
INSERT INTO md_attribute_indicies (set_id, item_id)  VALUES  ('8f7a2kxcfjjbg5rhq2kgdb5n7vly2qiz', '000000000000000000000000000004010085');
INSERT INTO visibilitymodifier (set_id, item_id)  VALUES  ('qvlvob5rr7kkkl7gp27j3ct4rklrjl7t', '20071109NM00000000000000000000050113');
INSERT INTO visibilitymodifier (set_id, item_id)  VALUES  ('yyl5cxwynta05ojryj7jnhwv8fyhzxot', '20071109NM00000000000000000000050113');
INSERT INTO metadata_display_label ( key_name, oid, site_master, default_locale) VALUES ('24vbel6c50qwtdqq01ek355wktzdc4du0287', '24vbel6c50qwtdqq01ek355wktzdc4du0287', 'www.runwaysdk.com', 'Create Date');
INSERT INTO metadata_display_label ( key_name, oid, site_master, default_locale) VALUES ('20cbcz7g7rc1i9m0gz8o41d84r6hsaai0287', '20cbcz7g7rc1i9m0gz8o41d84r6hsaai0287', 'www.runwaysdk.com', 'Date and time this record was created');
INSERT INTO md_attribute_datetime ( default_value, oid) VALUES (NULL, 'i9ewjluece1ip0zmrodvgc2i4y9vjbom0082');
INSERT INTO md_attribute_moment ( oid) VALUES ('i9ewjluece1ip0zmrodvgc2i4y9vjbom0082');
INSERT INTO md_attribute_primitive ( is_expression, expression, oid) VALUES (0, NULL, 'i9ewjluece1ip0zmrodvgc2i4y9vjbom0082');
INSERT INTO md_attribute_concrete ( defining_md_class, column_name, index_type, index_type_c, attribute_name, getter_visibility, getter_visibility_c, system, index_name, setter_visibility, setter_visibility_c, required, generate_accessor, display_label, immutable, oid) VALUES ('iehto0zqk2c47kojxx2wvjruqcxdxl290103', 'create_date', '8f7a2kxcfjjbg5rhq2kgdb5n7vly2qiz', '000000000000000000000000000004010085', 'createDate', 'qvlvob5rr7kkkl7gp27j3ct4rklrjl7t', '20071109NM00000000000000000000050113', 1, 'acjvuwzwxul00k6d9dvznxu878xmln', 'yyl5cxwynta05ojryj7jnhwv8fyhzxot', '20071109NM00000000000000000000050113', 1, 1, '24vbel6c50qwtdqq01ek355wktzdc4du0287', 0, 'i9ewjluece1ip0zmrodvgc2i4y9vjbom0082');
INSERT INTO md_attribute ( oid) VALUES ('i9ewjluece1ip0zmrodvgc2i4y9vjbom0082');
INSERT INTO metadata ( create_date, seq, type, created_by, last_update_date, last_updated_by, description, locked_by, remove, owner, entity_domain, oid, key_name, site_master) VALUES ('2016-08-23 09:28:05', 4819, 'com.runwaysdk.system.metadata.MdAttributeDateTime', '000000000000000000000000000000100060', '2016-08-23 09:28:05', '000000000000000000000000000000100060', '20cbcz7g7rc1i9m0gz8o41d84r6hsaai0287', NULL, 0, '000000000000000000000000000000100060', NULL, 'i9ewjluece1ip0zmrodvgc2i4y9vjbom0082', 'com.runwaysdk.system.scheduler.DownstreamJobRelationship.createDate', 'www.runwaysdk.com');
INSERT INTO class_attribute_concrete ( oid, parent_oid, child_oid) VALUES ('i9ewjluece1ip0zmrodvgc2i4y9vjbom0245', 'iehto0zqk2c47kojxx2wvjruqcxdxl290103', 'i9ewjluece1ip0zmrodvgc2i4y9vjbom0082');
INSERT INTO class_attribute ( oid, parent_oid, child_oid) VALUES ('i9ewjluece1ip0zmrodvgc2i4y9vjbom0245', 'iehto0zqk2c47kojxx2wvjruqcxdxl290103', 'i9ewjluece1ip0zmrodvgc2i4y9vjbom0082');
INSERT INTO metadata_relationship ( oid, created_by, type, last_update_date, site_master, owner, seq, key_name, entity_domain, locked_by, create_date, last_updated_by, parent_oid, child_oid) VALUES ('i9ewjluece1ip0zmrodvgc2i4y9vjbom0245', '000000000000000000000000000000100060', 'com.runwaysdk.system.metadata.ClassAttributeConcrete', '2016-08-23 09:28:05', 'www.runwaysdk.com', '000000000000000000000000000000100060', 4820, 'com.runwaysdk.system.scheduler.DownstreamJobRelationship.createDate', NULL, NULL, '2016-08-23 09:28:05', '000000000000000000000000000000100060', 'iehto0zqk2c47kojxx2wvjruqcxdxl290103', 'i9ewjluece1ip0zmrodvgc2i4y9vjbom0082');
INSERT INTO md_attribute_indicies (set_id, item_id)  VALUES  ('sdmqcconvfcfm1wfj2qq6a7qnv8371k0', '000000000000000000000000000004010085');
INSERT INTO visibilitymodifier (set_id, item_id)  VALUES  ('zgod418qxdmshsz00cukqwmehj45r3nw', '20071109NM00000000000000000000050113');
INSERT INTO visibilitymodifier (set_id, item_id)  VALUES  ('xwch2oe2rhvi8yx2nmvdrusug9j1vga4', '20071109NM00000000000000000000050113');
INSERT INTO metadata_display_label ( key_name, oid, site_master, default_locale) VALUES ('x9jtszwn55fbmfz2xmbswnswtsgha2r90287', 'x9jtszwn55fbmfz2xmbswnswtsgha2r90287', 'www.runwaysdk.com', 'Last Update Date');
INSERT INTO metadata_display_label ( key_name, oid, site_master, default_locale) VALUES ('z0rhoadd6rj34hmydgu6cbykzn3hw8340287', 'z0rhoadd6rj34hmydgu6cbykzn3hw8340287', 'www.runwaysdk.com', 'Date and time this record was last updated');
INSERT INTO md_attribute_datetime ( default_value, oid) VALUES (NULL, 'itcihe2ikpqseievkc1iqurimuqj2vcl0082');
INSERT INTO md_attribute_moment ( oid) VALUES ('itcihe2ikpqseievkc1iqurimuqj2vcl0082');
INSERT INTO md_attribute_primitive ( is_expression, expression, oid) VALUES (0, NULL, 'itcihe2ikpqseievkc1iqurimuqj2vcl0082');
INSERT INTO md_attribute_concrete ( defining_md_class, column_name, index_type, index_type_c, attribute_name, getter_visibility, getter_visibility_c, system, index_name, setter_visibility, setter_visibility_c, required, generate_accessor, display_label, immutable, oid) VALUES ('iehto0zqk2c47kojxx2wvjruqcxdxl290103', 'last_update_date', 'sdmqcconvfcfm1wfj2qq6a7qnv8371k0', '000000000000000000000000000004010085', 'lastUpdateDate', 'zgod418qxdmshsz00cukqwmehj45r3nw', '20071109NM00000000000000000000050113', 1, 'anjzqoemaakg9a2z98btrhykuj5sei', 'xwch2oe2rhvi8yx2nmvdrusug9j1vga4', '20071109NM00000000000000000000050113', 1, 1, 'x9jtszwn55fbmfz2xmbswnswtsgha2r90287', 0, 'itcihe2ikpqseievkc1iqurimuqj2vcl0082');
INSERT INTO md_attribute ( oid) VALUES ('itcihe2ikpqseievkc1iqurimuqj2vcl0082');
INSERT INTO metadata ( create_date, seq, type, created_by, last_update_date, last_updated_by, description, locked_by, remove, owner, entity_domain, oid, key_name, site_master) VALUES ('2016-08-23 09:28:05', 4821, 'com.runwaysdk.system.metadata.MdAttributeDateTime', '000000000000000000000000000000100060', '2016-08-23 09:28:05', '000000000000000000000000000000100060', 'z0rhoadd6rj34hmydgu6cbykzn3hw8340287', NULL, 0, '000000000000000000000000000000100060', NULL, 'itcihe2ikpqseievkc1iqurimuqj2vcl0082', 'com.runwaysdk.system.scheduler.DownstreamJobRelationship.lastUpdateDate', 'www.runwaysdk.com');
INSERT INTO class_attribute_concrete ( oid, parent_oid, child_oid) VALUES ('itcihe2ikpqseievkc1iqurimuqj2vcl0245', 'iehto0zqk2c47kojxx2wvjruqcxdxl290103', 'itcihe2ikpqseievkc1iqurimuqj2vcl0082');
INSERT INTO class_attribute ( oid, parent_oid, child_oid) VALUES ('itcihe2ikpqseievkc1iqurimuqj2vcl0245', 'iehto0zqk2c47kojxx2wvjruqcxdxl290103', 'itcihe2ikpqseievkc1iqurimuqj2vcl0082');
INSERT INTO metadata_relationship ( oid, created_by, type, last_update_date, site_master, owner, seq, key_name, entity_domain, locked_by, create_date, last_updated_by, parent_oid, child_oid) VALUES ('itcihe2ikpqseievkc1iqurimuqj2vcl0245', '000000000000000000000000000000100060', 'com.runwaysdk.system.metadata.ClassAttributeConcrete', '2016-08-23 09:28:05', 'www.runwaysdk.com', '000000000000000000000000000000100060', 4822, 'com.runwaysdk.system.scheduler.DownstreamJobRelationship.lastUpdateDate', NULL, NULL, '2016-08-23 09:28:05', '000000000000000000000000000000100060', 'iehto0zqk2c47kojxx2wvjruqcxdxl290103', 'itcihe2ikpqseievkc1iqurimuqj2vcl0082');
INSERT INTO md_attribute_indicies (set_id, item_id)  VALUES  ('2beo6g0phf48rzccpij4mlzdfcbp6i0w', '000000000000000000000000000004000085');
INSERT INTO visibilitymodifier (set_id, item_id)  VALUES  ('z5wpv40vucdsw43g36t37wr5brfa5rfy', '20071109NM00000000000000000000050113');
INSERT INTO visibilitymodifier (set_id, item_id)  VALUES  ('t0tilzosntvyzjlyb5e6ii07x2mf1061', '20071109NM00000000000000000000050113');
INSERT INTO metadata_display_label ( key_name, oid, site_master, default_locale) VALUES ('2dia27k7vix6sll6zg74ia2kul3ciz4r0287', '2dia27k7vix6sll6zg74ia2kul3ciz4r0287', 'www.runwaysdk.com', 'Locked By');
INSERT INTO metadata_display_label ( key_name, oid, site_master, default_locale) VALUES ('xslwdx6uoloia3457dnqf0d2d3swa5sr0287', 'xslwdx6uoloia3457dnqf0d2d3swa5sr0287', 'www.runwaysdk.com', 'User who has a write lock on this object');
INSERT INTO md_attribute_reference ( default_value, md_business, oid) VALUES (NULL, '000000000000000000000000000000030058', 'i1iv2aag1ondgze5gg8k8zj566eovuw90218');
INSERT INTO md_attribute_ref ( oid) VALUES ('i1iv2aag1ondgze5gg8k8zj566eovuw90218');
INSERT INTO md_attribute_concrete ( defining_md_class, column_name, index_type, index_type_c, attribute_name, getter_visibility, getter_visibility_c, system, index_name, setter_visibility, setter_visibility_c, required, generate_accessor, display_label, immutable, oid) VALUES ('iehto0zqk2c47kojxx2wvjruqcxdxl290103', 'locked_by', '2beo6g0phf48rzccpij4mlzdfcbp6i0w', '000000000000000000000000000004000085', 'lockedBy', 'z5wpv40vucdsw43g36t37wr5brfa5rfy', '20071109NM00000000000000000000050113', 1, 'atnolzddlz6sp37ahityhi61wozjvy', 't0tilzosntvyzjlyb5e6ii07x2mf1061', '20071109NM00000000000000000000050113', 0, 1, '2dia27k7vix6sll6zg74ia2kul3ciz4r0287', 0, 'i1iv2aag1ondgze5gg8k8zj566eovuw90218');
INSERT INTO md_attribute ( oid) VALUES ('i1iv2aag1ondgze5gg8k8zj566eovuw90218');
INSERT INTO metadata ( create_date, seq, type, created_by, last_update_date, last_updated_by, description, locked_by, remove, owner, entity_domain, oid, key_name, site_master) VALUES ('2016-08-23 09:28:05', 4823, 'com.runwaysdk.system.metadata.MdAttributeReference', '000000000000000000000000000000100060', '2016-08-23 09:28:05', '000000000000000000000000000000100060', 'xslwdx6uoloia3457dnqf0d2d3swa5sr0287', NULL, 0, '000000000000000000000000000000100060', NULL, 'i1iv2aag1ondgze5gg8k8zj566eovuw90218', 'com.runwaysdk.system.scheduler.DownstreamJobRelationship.lockedBy', 'www.runwaysdk.com');
INSERT INTO class_attribute_concrete ( oid, parent_oid, child_oid) VALUES ('i1iv2aag1ondgze5gg8k8zj566eovuw90245', 'iehto0zqk2c47kojxx2wvjruqcxdxl290103', 'i1iv2aag1ondgze5gg8k8zj566eovuw90218');
INSERT INTO class_attribute ( oid, parent_oid, child_oid) VALUES ('i1iv2aag1ondgze5gg8k8zj566eovuw90245', 'iehto0zqk2c47kojxx2wvjruqcxdxl290103', 'i1iv2aag1ondgze5gg8k8zj566eovuw90218');
INSERT INTO metadata_relationship ( oid, created_by, type, last_update_date, site_master, owner, seq, key_name, entity_domain, locked_by, create_date, last_updated_by, parent_oid, child_oid) VALUES ('i1iv2aag1ondgze5gg8k8zj566eovuw90245', '000000000000000000000000000000100060', 'com.runwaysdk.system.metadata.ClassAttributeConcrete', '2016-08-23 09:28:05', 'www.runwaysdk.com', '000000000000000000000000000000100060', 4824, 'com.runwaysdk.system.scheduler.DownstreamJobRelationship.lockedBy', NULL, NULL, '2016-08-23 09:28:05', '000000000000000000000000000000100060', 'iehto0zqk2c47kojxx2wvjruqcxdxl290103', 'i1iv2aag1ondgze5gg8k8zj566eovuw90218');
INSERT INTO md_attribute_indicies (set_id, item_id)  VALUES  ('6x5od78893hkg22pad9ewteipdmuyad0', '000000000000000000000000000004010085');
INSERT INTO visibilitymodifier (set_id, item_id)  VALUES  ('r29rgek6nycmnlbhzrjm9quc3ee5nxe7', '20071109NM00000000000000000000050113');
INSERT INTO visibilitymodifier (set_id, item_id)  VALUES  ('zhhlph3r5kyru53tu7e4qit5la4f6a9c', '20071109NM00000000000000000000050113');
INSERT INTO metadata_display_label ( key_name, oid, site_master, default_locale) VALUES ('z6p6by7ixttuhhubp7zit525y7cdm0iz0287', 'z6p6by7ixttuhhubp7zit525y7cdm0iz0287', 'www.runwaysdk.com', 'Type');
INSERT INTO metadata_display_label ( key_name, oid, site_master, default_locale) VALUES ('8tscl3sq7qe3q4xyguo6edtkkbq60uem0287', '8tscl3sq7qe3q4xyguo6edtkkbq60uem0287', 'www.runwaysdk.com', 'Fully qualified type of this object');
INSERT INTO md_attribute_character ( default_value, database_size, oid) VALUES (NULL, 255, 'ief112htm1boj6ddboxyetwfmxytdp7v0067');
INSERT INTO md_attribute_char ( oid) VALUES ('ief112htm1boj6ddboxyetwfmxytdp7v0067');
INSERT INTO md_attribute_primitive ( is_expression, expression, oid) VALUES (0, NULL, 'ief112htm1boj6ddboxyetwfmxytdp7v0067');
INSERT INTO md_attribute_concrete ( defining_md_class, column_name, index_type, index_type_c, attribute_name, getter_visibility, getter_visibility_c, system, index_name, setter_visibility, setter_visibility_c, required, generate_accessor, display_label, immutable, oid) VALUES ('iehto0zqk2c47kojxx2wvjruqcxdxl290103', 'type', '6x5od78893hkg22pad9ewteipdmuyad0', '000000000000000000000000000004010085', 'type', 'r29rgek6nycmnlbhzrjm9quc3ee5nxe7', '20071109NM00000000000000000000050113', 1, 'a1yly6wg06r8xzhf1mrc9w69t3tjss', 'zhhlph3r5kyru53tu7e4qit5la4f6a9c', '20071109NM00000000000000000000050113', 1, 1, 'z6p6by7ixttuhhubp7zit525y7cdm0iz0287', 1, 'ief112htm1boj6ddboxyetwfmxytdp7v0067');
INSERT INTO md_attribute ( oid) VALUES ('ief112htm1boj6ddboxyetwfmxytdp7v0067');
INSERT INTO metadata ( create_date, seq, type, created_by, last_update_date, last_updated_by, description, locked_by, remove, owner, entity_domain, oid, key_name, site_master) VALUES ('2016-08-23 09:28:05', 4825, 'com.runwaysdk.system.metadata.MdAttributeCharacter', '000000000000000000000000000000100060', '2016-08-23 09:28:05', '000000000000000000000000000000100060', '8tscl3sq7qe3q4xyguo6edtkkbq60uem0287', NULL, 0, '000000000000000000000000000000100060', NULL, 'ief112htm1boj6ddboxyetwfmxytdp7v0067', 'com.runwaysdk.system.scheduler.DownstreamJobRelationship.type', 'www.runwaysdk.com');
INSERT INTO class_attribute_concrete ( oid, parent_oid, child_oid) VALUES ('ief112htm1boj6ddboxyetwfmxytdp7v0245', 'iehto0zqk2c47kojxx2wvjruqcxdxl290103', 'ief112htm1boj6ddboxyetwfmxytdp7v0067');
INSERT INTO class_attribute ( oid, parent_oid, child_oid) VALUES ('ief112htm1boj6ddboxyetwfmxytdp7v0245', 'iehto0zqk2c47kojxx2wvjruqcxdxl290103', 'ief112htm1boj6ddboxyetwfmxytdp7v0067');
INSERT INTO metadata_relationship ( oid, created_by, type, last_update_date, site_master, owner, seq, key_name, entity_domain, locked_by, create_date, last_updated_by, parent_oid, child_oid) VALUES ('ief112htm1boj6ddboxyetwfmxytdp7v0245', '000000000000000000000000000000100060', 'com.runwaysdk.system.metadata.ClassAttributeConcrete', '2016-08-23 09:28:05', 'www.runwaysdk.com', '000000000000000000000000000000100060', 4826, 'com.runwaysdk.system.scheduler.DownstreamJobRelationship.type', NULL, NULL, '2016-08-23 09:28:05', '000000000000000000000000000000100060', 'iehto0zqk2c47kojxx2wvjruqcxdxl290103', 'ief112htm1boj6ddboxyetwfmxytdp7v0067');
INSERT INTO md_attribute_indicies (set_id, item_id)  VALUES  ('6v8wbnl3b2co3hmqeynqh3zcevu5hwof', '000000000000000000000000000004010085');
INSERT INTO visibilitymodifier (set_id, item_id)  VALUES  ('xy2kknqb84ik7nz5bv0y81h9f3et51m2', '20071109NM00000000000000000000050113');
INSERT INTO visibilitymodifier (set_id, item_id)  VALUES  ('sfj7zcc33pzkj4h6qbflma1hwmti92zd', '20071109NM00000000000000000000050113');
INSERT INTO metadata_display_label ( key_name, oid, site_master, default_locale) VALUES ('0djv7atg95vhogghahwo3l1u4x15urol0287', '0djv7atg95vhogghahwo3l1u4x15urol0287', 'www.runwaysdk.com', 'Sequence');
INSERT INTO metadata_display_label ( key_name, oid, site_master, default_locale) VALUES ('2dyrqkc38dqewg7kddvu8dp89wxg1hfb0287', '2dyrqkc38dqewg7kddvu8dp89wxg1hfb0287', 'www.runwaysdk.com', 'Sequence number is incremented every time this object is updated');
INSERT INTO md_attribute_long ( default_value, start_range, end_range, oid) VALUES (NULL, NULL, NULL, 'i69wjm55k0548cq5uqgli0f63f9njuey0080');
INSERT INTO md_attribute_int ( oid) VALUES ('i69wjm55k0548cq5uqgli0f63f9njuey0080');
INSERT INTO md_attribute_number ( reject_negative, reject_positive, reject_zero, oid) VALUES (1, 0, 0, 'i69wjm55k0548cq5uqgli0f63f9njuey0080');
INSERT INTO md_attribute_primitive ( is_expression, expression, oid) VALUES (0, NULL, 'i69wjm55k0548cq5uqgli0f63f9njuey0080');
INSERT INTO md_attribute_concrete ( defining_md_class, column_name, index_type, index_type_c, attribute_name, getter_visibility, getter_visibility_c, system, index_name, setter_visibility, setter_visibility_c, required, generate_accessor, display_label, immutable, oid) VALUES ('iehto0zqk2c47kojxx2wvjruqcxdxl290103', 'seq', '6v8wbnl3b2co3hmqeynqh3zcevu5hwof', '000000000000000000000000000004010085', 'seq', 'xy2kknqb84ik7nz5bv0y81h9f3et51m2', '20071109NM00000000000000000000050113', 1, 'aaetgqkat99au55ujn8lqmd200lt7r', 'sfj7zcc33pzkj4h6qbflma1hwmti92zd', '20071109NM00000000000000000000050113', 1, 1, '0djv7atg95vhogghahwo3l1u4x15urol0287', 0, 'i69wjm55k0548cq5uqgli0f63f9njuey0080');
INSERT INTO md_attribute ( oid) VALUES ('i69wjm55k0548cq5uqgli0f63f9njuey0080');
INSERT INTO metadata ( create_date, seq, type, created_by, last_update_date, last_updated_by, description, locked_by, remove, owner, entity_domain, oid, key_name, site_master) VALUES ('2016-08-23 09:28:05', 4827, 'com.runwaysdk.system.metadata.MdAttributeLong', '000000000000000000000000000000100060', '2016-08-23 09:28:05', '000000000000000000000000000000100060', '2dyrqkc38dqewg7kddvu8dp89wxg1hfb0287', NULL, 0, '000000000000000000000000000000100060', NULL, 'i69wjm55k0548cq5uqgli0f63f9njuey0080', 'com.runwaysdk.system.scheduler.DownstreamJobRelationship.seq', 'www.runwaysdk.com');
INSERT INTO class_attribute_concrete ( oid, parent_oid, child_oid) VALUES ('i69wjm55k0548cq5uqgli0f63f9njuey0245', 'iehto0zqk2c47kojxx2wvjruqcxdxl290103', 'i69wjm55k0548cq5uqgli0f63f9njuey0080');
INSERT INTO class_attribute ( oid, parent_oid, child_oid) VALUES ('i69wjm55k0548cq5uqgli0f63f9njuey0245', 'iehto0zqk2c47kojxx2wvjruqcxdxl290103', 'i69wjm55k0548cq5uqgli0f63f9njuey0080');
INSERT INTO metadata_relationship ( oid, created_by, type, last_update_date, site_master, owner, seq, key_name, entity_domain, locked_by, create_date, last_updated_by, parent_oid, child_oid) VALUES ('i69wjm55k0548cq5uqgli0f63f9njuey0245', '000000000000000000000000000000100060', 'com.runwaysdk.system.metadata.ClassAttributeConcrete', '2016-08-23 09:28:05', 'www.runwaysdk.com', '000000000000000000000000000000100060', 4828, 'com.runwaysdk.system.scheduler.DownstreamJobRelationship.seq', NULL, NULL, '2016-08-23 09:28:05', '000000000000000000000000000000100060', 'iehto0zqk2c47kojxx2wvjruqcxdxl290103', 'i69wjm55k0548cq5uqgli0f63f9njuey0080');
INSERT INTO md_attribute_indicies (set_id, item_id)  VALUES  ('zjqotw8yrd2tj22l6rtfg6h6e33h7csf', '000000000000000000000000000004000085');
INSERT INTO visibilitymodifier (set_id, item_id)  VALUES  ('0eup6k4arcojkzdo9df00agcxevmcxye', '20071109NM00000000000000000000050113');
INSERT INTO visibilitymodifier (set_id, item_id)  VALUES  ('6qbozl3pus7mivywtvxzysevpxums8pt', '20071109NM00000000000000000000050113');
INSERT INTO metadata_display_label ( key_name, oid, site_master, default_locale) VALUES ('8egc64otx570dkfs96f9jwa6buz88dp70287', '8egc64otx570dkfs96f9jwa6buz88dp70287', 'www.runwaysdk.com', 'Created By');
INSERT INTO metadata_display_label ( key_name, oid, site_master, default_locale) VALUES ('8nlxv5dlmbg5wxznnvs8t4nqv95ag6je0287', '8nlxv5dlmbg5wxznnvs8t4nqv95ag6je0287', 'www.runwaysdk.com', 'User that created this object');
INSERT INTO md_attribute_reference ( default_value, md_business, oid) VALUES (NULL, 'JS2007072300000000000000000015600058', 'i3qoor691ppkx7bgidxfzwwsjfmnhb9m0218');
INSERT INTO md_attribute_ref ( oid) VALUES ('i3qoor691ppkx7bgidxfzwwsjfmnhb9m0218');
INSERT INTO md_attribute_concrete ( defining_md_class, column_name, index_type, index_type_c, attribute_name, getter_visibility, getter_visibility_c, system, index_name, setter_visibility, setter_visibility_c, required, generate_accessor, display_label, immutable, oid) VALUES ('iehto0zqk2c47kojxx2wvjruqcxdxl290103', 'created_by', 'zjqotw8yrd2tj22l6rtfg6h6e33h7csf', '000000000000000000000000000004000085', 'createdBy', '0eup6k4arcojkzdo9df00agcxevmcxye', '20071109NM00000000000000000000050113', 1, 'a8flltyespecrb7oieycph9jpgz6hd', '6qbozl3pus7mivywtvxzysevpxums8pt', '20071109NM00000000000000000000050113', 1, 1, '8egc64otx570dkfs96f9jwa6buz88dp70287', 1, 'i3qoor691ppkx7bgidxfzwwsjfmnhb9m0218');
INSERT INTO md_attribute ( oid) VALUES ('i3qoor691ppkx7bgidxfzwwsjfmnhb9m0218');
INSERT INTO metadata ( create_date, seq, type, created_by, last_update_date, last_updated_by, description, locked_by, remove, owner, entity_domain, oid, key_name, site_master) VALUES ('2016-08-23 09:28:05', 4829, 'com.runwaysdk.system.metadata.MdAttributeReference', '000000000000000000000000000000100060', '2016-08-23 09:28:05', '000000000000000000000000000000100060', '8nlxv5dlmbg5wxznnvs8t4nqv95ag6je0287', NULL, 0, '000000000000000000000000000000100060', NULL, 'i3qoor691ppkx7bgidxfzwwsjfmnhb9m0218', 'com.runwaysdk.system.scheduler.DownstreamJobRelationship.createdBy', 'www.runwaysdk.com');
INSERT INTO class_attribute_concrete ( oid, parent_oid, child_oid) VALUES ('i3qoor691ppkx7bgidxfzwwsjfmnhb9m0245', 'iehto0zqk2c47kojxx2wvjruqcxdxl290103', 'i3qoor691ppkx7bgidxfzwwsjfmnhb9m0218');
INSERT INTO class_attribute ( oid, parent_oid, child_oid) VALUES ('i3qoor691ppkx7bgidxfzwwsjfmnhb9m0245', 'iehto0zqk2c47kojxx2wvjruqcxdxl290103', 'i3qoor691ppkx7bgidxfzwwsjfmnhb9m0218');
INSERT INTO metadata_relationship ( oid, created_by, type, last_update_date, site_master, owner, seq, key_name, entity_domain, locked_by, create_date, last_updated_by, parent_oid, child_oid) VALUES ('i3qoor691ppkx7bgidxfzwwsjfmnhb9m0245', '000000000000000000000000000000100060', 'com.runwaysdk.system.metadata.ClassAttributeConcrete', '2016-08-23 09:28:05', 'www.runwaysdk.com', '000000000000000000000000000000100060', 4830, 'com.runwaysdk.system.scheduler.DownstreamJobRelationship.createdBy', NULL, NULL, '2016-08-23 09:28:05', '000000000000000000000000000000100060', 'iehto0zqk2c47kojxx2wvjruqcxdxl290103', 'i3qoor691ppkx7bgidxfzwwsjfmnhb9m0218');
INSERT INTO md_attribute_indicies (set_id, item_id)  VALUES  ('r754xlri8e6j0co32ugd0huer4xmmyvt', '000000000000000000000000000004000085');
INSERT INTO visibilitymodifier (set_id, item_id)  VALUES  ('zf8dtad1kk8v1lp1ay3tgv2xzf387gep', '20071109NM00000000000000000000050113');
INSERT INTO visibilitymodifier (set_id, item_id)  VALUES  ('0j0ifelwo5sz71zru9xrxmaqor1l900b', '20071109NM00000000000000000000050113');
INSERT INTO metadata_display_label ( key_name, oid, site_master, default_locale) VALUES ('soduxl3gn36ab2kn91wn24uq2wb2lzsk0287', 'soduxl3gn36ab2kn91wn24uq2wb2lzsk0287', 'www.runwaysdk.com', 'Owner');
INSERT INTO metadata_display_label ( key_name, oid, site_master, default_locale) VALUES ('zj9s6eo3dw2voxvnpsrqt82mhpv8amzy0287', 'zj9s6eo3dw2voxvnpsrqt82mhpv8amzy0287', 'www.runwaysdk.com', 'A reference to the user who own this object');
INSERT INTO md_attribute_reference ( default_value, md_business, oid) VALUES (NULL, '000000000000000000000000000005160058', 'i61omtp6gn4x8rejw6i3h0c9h3otyar20218');
INSERT INTO md_attribute_ref ( oid) VALUES ('i61omtp6gn4x8rejw6i3h0c9h3otyar20218');
INSERT INTO md_attribute_concrete ( defining_md_class, column_name, index_type, index_type_c, attribute_name, getter_visibility, getter_visibility_c, system, index_name, setter_visibility, setter_visibility_c, required, generate_accessor, display_label, immutable, oid) VALUES ('iehto0zqk2c47kojxx2wvjruqcxdxl290103', 'owner', 'r754xlri8e6j0co32ugd0huer4xmmyvt', '000000000000000000000000000004000085', 'owner', 'zf8dtad1kk8v1lp1ay3tgv2xzf387gep', '20071109NM00000000000000000000050113', 0, 'a4tgxkkzcryeevgrzeynmzwwy6ty5i', '0j0ifelwo5sz71zru9xrxmaqor1l900b', '20071109NM00000000000000000000050113', 1, 1, 'soduxl3gn36ab2kn91wn24uq2wb2lzsk0287', 0, 'i61omtp6gn4x8rejw6i3h0c9h3otyar20218');
INSERT INTO md_attribute ( oid) VALUES ('i61omtp6gn4x8rejw6i3h0c9h3otyar20218');
INSERT INTO metadata ( create_date, seq, type, created_by, last_update_date, last_updated_by, description, locked_by, remove, owner, entity_domain, oid, key_name, site_master) VALUES ('2016-08-23 09:28:05', 4831, 'com.runwaysdk.system.metadata.MdAttributeReference', '000000000000000000000000000000100060', '2016-08-23 09:28:05', '000000000000000000000000000000100060', 'zj9s6eo3dw2voxvnpsrqt82mhpv8amzy0287', NULL, 0, '000000000000000000000000000000100060', NULL, 'i61omtp6gn4x8rejw6i3h0c9h3otyar20218', 'com.runwaysdk.system.scheduler.DownstreamJobRelationship.owner', 'www.runwaysdk.com');
INSERT INTO class_attribute_concrete ( oid, parent_oid, child_oid) VALUES ('i61omtp6gn4x8rejw6i3h0c9h3otyar20245', 'iehto0zqk2c47kojxx2wvjruqcxdxl290103', 'i61omtp6gn4x8rejw6i3h0c9h3otyar20218');
INSERT INTO class_attribute ( oid, parent_oid, child_oid) VALUES ('i61omtp6gn4x8rejw6i3h0c9h3otyar20245', 'iehto0zqk2c47kojxx2wvjruqcxdxl290103', 'i61omtp6gn4x8rejw6i3h0c9h3otyar20218');
INSERT INTO metadata_relationship ( oid, created_by, type, last_update_date, site_master, owner, seq, key_name, entity_domain, locked_by, create_date, last_updated_by, parent_oid, child_oid) VALUES ('i61omtp6gn4x8rejw6i3h0c9h3otyar20245', '000000000000000000000000000000100060', 'com.runwaysdk.system.metadata.ClassAttributeConcrete', '2016-08-23 09:28:05', 'www.runwaysdk.com', '000000000000000000000000000000100060', 4832, 'com.runwaysdk.system.scheduler.DownstreamJobRelationship.owner', NULL, NULL, '2016-08-23 09:28:05', '000000000000000000000000000000100060', 'iehto0zqk2c47kojxx2wvjruqcxdxl290103', 'i61omtp6gn4x8rejw6i3h0c9h3otyar20218');
INSERT INTO md_attribute_indicies (set_id, item_id)  VALUES  ('z9e2myo9h7gooz3ro27mtkd4ks8tdkk7', '000000000000000000000000000004000085');
INSERT INTO visibilitymodifier (set_id, item_id)  VALUES  ('8n0b66jall20yj3ygjwssmyesc0zjd4d', '20071109NM00000000000000000000050113');
INSERT INTO visibilitymodifier (set_id, item_id)  VALUES  ('0f4smvg9vpe67gzsdkhyuih20rzytl8q', '20071109NM00000000000000000000050113');
INSERT INTO metadata_display_label ( key_name, oid, site_master, default_locale) VALUES ('syg3d3qrsmi14fpw1vkaao2f3nn7tkic0287', 'syg3d3qrsmi14fpw1vkaao2f3nn7tkic0287', 'www.runwaysdk.com', 'Last Updated By');
INSERT INTO metadata_display_label ( key_name, oid, site_master, default_locale) VALUES ('8qxzmkh7itz3ncwf2vn68kzn1vzl4k1a0287', '8qxzmkh7itz3ncwf2vn68kzn1vzl4k1a0287', 'www.runwaysdk.com', 'User who last updated this object');
INSERT INTO md_attribute_reference ( default_value, md_business, oid) VALUES (NULL, 'JS2007072300000000000000000015600058', 'i8gsesg2m4wnx43r80hf1bfcllabgr520218');
INSERT INTO md_attribute_ref ( oid) VALUES ('i8gsesg2m4wnx43r80hf1bfcllabgr520218');
INSERT INTO md_attribute_concrete ( defining_md_class, column_name, index_type, index_type_c, attribute_name, getter_visibility, getter_visibility_c, system, index_name, setter_visibility, setter_visibility_c, required, generate_accessor, display_label, immutable, oid) VALUES ('iehto0zqk2c47kojxx2wvjruqcxdxl290103', 'last_updated_by', 'z9e2myo9h7gooz3ro27mtkd4ks8tdkk7', '000000000000000000000000000004000085', 'lastUpdatedBy', '8n0b66jall20yj3ygjwssmyesc0zjd4d', '20071109NM00000000000000000000050113', 1, 'aeof7w671amjjnegfdfi2y518bl9ga', '0f4smvg9vpe67gzsdkhyuih20rzytl8q', '20071109NM00000000000000000000050113', 1, 1, 'syg3d3qrsmi14fpw1vkaao2f3nn7tkic0287', 0, 'i8gsesg2m4wnx43r80hf1bfcllabgr520218');
INSERT INTO md_attribute ( oid) VALUES ('i8gsesg2m4wnx43r80hf1bfcllabgr520218');
INSERT INTO metadata ( create_date, seq, type, created_by, last_update_date, last_updated_by, description, locked_by, remove, owner, entity_domain, oid, key_name, site_master) VALUES ('2016-08-23 09:28:05', 4833, 'com.runwaysdk.system.metadata.MdAttributeReference', '000000000000000000000000000000100060', '2016-08-23 09:28:05', '000000000000000000000000000000100060', '8qxzmkh7itz3ncwf2vn68kzn1vzl4k1a0287', NULL, 0, '000000000000000000000000000000100060', NULL, 'i8gsesg2m4wnx43r80hf1bfcllabgr520218', 'com.runwaysdk.system.scheduler.DownstreamJobRelationship.lastUpdatedBy', 'www.runwaysdk.com');
INSERT INTO class_attribute_concrete ( oid, parent_oid, child_oid) VALUES ('i8gsesg2m4wnx43r80hf1bfcllabgr520245', 'iehto0zqk2c47kojxx2wvjruqcxdxl290103', 'i8gsesg2m4wnx43r80hf1bfcllabgr520218');
INSERT INTO class_attribute ( oid, parent_oid, child_oid) VALUES ('i8gsesg2m4wnx43r80hf1bfcllabgr520245', 'iehto0zqk2c47kojxx2wvjruqcxdxl290103', 'i8gsesg2m4wnx43r80hf1bfcllabgr520218');
INSERT INTO metadata_relationship ( oid, created_by, type, last_update_date, site_master, owner, seq, key_name, entity_domain, locked_by, create_date, last_updated_by, parent_oid, child_oid) VALUES ('i8gsesg2m4wnx43r80hf1bfcllabgr520245', '000000000000000000000000000000100060', 'com.runwaysdk.system.metadata.ClassAttributeConcrete', '2016-08-23 09:28:05', 'www.runwaysdk.com', '000000000000000000000000000000100060', 4834, 'com.runwaysdk.system.scheduler.DownstreamJobRelationship.lastUpdatedBy', NULL, NULL, '2016-08-23 09:28:05', '000000000000000000000000000000100060', 'iehto0zqk2c47kojxx2wvjruqcxdxl290103', 'i8gsesg2m4wnx43r80hf1bfcllabgr520218');
INSERT INTO metadata_display_label ( key_name, oid, site_master, default_locale) VALUES ('2cmansf2mikvieys8tdrpon7ujxaqq2s0287', '2cmansf2mikvieys8tdrpon7ujxaqq2s0287', 'www.runwaysdk.com', NULL);
INSERT INTO metadata_display_label ( key_name, oid, site_master, default_locale) VALUES ('qlhvg6umlyaofm39dllz9qf32hzhivny0287', 'qlhvg6umlyaofm39dllz9qf32hzhivny0287', 'www.runwaysdk.com', NULL);
INSERT INTO md_attribute_indicies (set_id, item_id)  VALUES  ('6sc1pwe1zin49tiozhf44ck4lewab07f', '000000000000000000000000000004010085');
INSERT INTO visibilitymodifier (set_id, item_id)  VALUES  ('zcl1g1fmg2szocfvbycd7yr7q053s9ua', '20071109NM00000000000000000000050113');
INSERT INTO visibilitymodifier (set_id, item_id)  VALUES  ('r077dbyn17mbzt02ba6da7ry5bu7ftgb', '20071109NM00000000000000000000050113');
INSERT INTO metadata_display_label ( key_name, oid, site_master, default_locale) VALUES ('sqssp5j4vs2i7krplyz7ikoal9bsclft0287', 'sqssp5j4vs2i7krplyz7ikoal9bsclft0287', 'www.runwaysdk.com', 'Trigger on failure');
INSERT INTO metadata_display_label ( key_name, oid, site_master, default_locale) VALUES ('qov1vkw7zf7iseg05kboipe44px78rhl0287', 'qov1vkw7zf7iseg05kboipe44px78rhl0287', 'www.runwaysdk.com', NULL);
INSERT INTO md_attribute_boolean ( positive_display_label, negative_display_label, default_value, oid) VALUES ('2cmansf2mikvieys8tdrpon7ujxaqq2s0287', 'qlhvg6umlyaofm39dllz9qf32hzhivny0287', 0, 'idwrxusnirp41h4dn9733vw927296om00074');
INSERT INTO md_attribute_primitive ( is_expression, expression, oid) VALUES (0, NULL, 'idwrxusnirp41h4dn9733vw927296om00074');
INSERT INTO md_attribute_concrete ( defining_md_class, column_name, index_type, index_type_c, attribute_name, getter_visibility, getter_visibility_c, system, index_name, setter_visibility, setter_visibility_c, required, generate_accessor, display_label, immutable, oid) VALUES ('iehto0zqk2c47kojxx2wvjruqcxdxl290103', 'trigger_on_failure', '6sc1pwe1zin49tiozhf44ck4lewab07f', '000000000000000000000000000004010085', 'triggerOnFailure', 'zcl1g1fmg2szocfvbycd7yr7q053s9ua', '20071109NM00000000000000000000050113', 0, 'a9jw3vut8auoc3du4z1945kv4a4qg9', 'r077dbyn17mbzt02ba6da7ry5bu7ftgb', '20071109NM00000000000000000000050113', 0, 1, 'sqssp5j4vs2i7krplyz7ikoal9bsclft0287', 0, 'idwrxusnirp41h4dn9733vw927296om00074');
INSERT INTO md_attribute ( oid) VALUES ('idwrxusnirp41h4dn9733vw927296om00074');
INSERT INTO metadata ( create_date, seq, type, created_by, last_update_date, last_updated_by, description, locked_by, remove, owner, entity_domain, oid, key_name, site_master) VALUES ('2016-08-23 09:28:05', 4835, 'com.runwaysdk.system.metadata.MdAttributeBoolean', '000000000000000000000000000000100060', '2016-08-23 09:28:05', '000000000000000000000000000000100060', 'qov1vkw7zf7iseg05kboipe44px78rhl0287', NULL, 1, '000000000000000000000000000000100060', NULL, 'idwrxusnirp41h4dn9733vw927296om00074', 'com.runwaysdk.system.scheduler.DownstreamJobRelationship.triggerOnFailure', 'www.runwaysdk.com');
INSERT INTO class_attribute_concrete ( oid, parent_oid, child_oid) VALUES ('idwrxusnirp41h4dn9733vw927296om00245', 'iehto0zqk2c47kojxx2wvjruqcxdxl290103', 'idwrxusnirp41h4dn9733vw927296om00074');
INSERT INTO class_attribute ( oid, parent_oid, child_oid) VALUES ('idwrxusnirp41h4dn9733vw927296om00245', 'iehto0zqk2c47kojxx2wvjruqcxdxl290103', 'idwrxusnirp41h4dn9733vw927296om00074');
INSERT INTO metadata_relationship ( oid, created_by, type, last_update_date, site_master, owner, seq, key_name, entity_domain, locked_by, create_date, last_updated_by, parent_oid, child_oid) VALUES ('idwrxusnirp41h4dn9733vw927296om00245', '000000000000000000000000000000100060', 'com.runwaysdk.system.metadata.ClassAttributeConcrete', '2016-08-23 09:28:05', 'www.runwaysdk.com', '000000000000000000000000000000100060', 4836, 'com.runwaysdk.system.scheduler.DownstreamJobRelationship.triggerOnFailure', NULL, NULL, '2016-08-23 09:28:05', '000000000000000000000000000000100060', 'iehto0zqk2c47kojxx2wvjruqcxdxl290103', 'idwrxusnirp41h4dn9733vw927296om00074');
INSERT INTO metadata_display_label ( key_name, oid, site_master, default_locale) VALUES ('2ejhl6gkv4ki8di48g8hfbtbn88eby820287', '2ejhl6gkv4ki8di48g8hfbtbn88eby820287', 'www.runwaysdk.com', 'Search By Value Query');
INSERT INTO metadata_display_label ( key_name, oid, site_master, default_locale) VALUES ('skbty161p7e3h4yqofehrgxdqspztuzy0287', 'skbty161p7e3h4yqofehrgxdqspztuzy0287', 'www.runwaysdk.com', NULL);
INSERT INTO md_method ( md_type, return_type, is_static, method_name, display_label, oid) VALUES ('iehto0zqk2c47kojxx2wvjruqcxdxl290103', 'com.runwaysdk.query.ValueQuery', 1, 'searchByValueQuery', '2ejhl6gkv4ki8di48g8hfbtbn88eby820287', '047c93e4-b330-359c-8c45-912ea6410109');
INSERT INTO metadata ( create_date, seq, type, created_by, last_update_date, last_updated_by, description, locked_by, remove, owner, entity_domain, oid, key_name, site_master) VALUES ('2016-08-23 09:28:05', 4837, 'com.runwaysdk.system.metadata.MdMethod', '000000000000000000000000000000100060', '2016-08-23 09:28:05', '000000000000000000000000000000100060', 'skbty161p7e3h4yqofehrgxdqspztuzy0287', NULL, 1, '000000000000000000000000000000100060', NULL, '047c93e4-b330-359c-8c45-912ea6410109', 'com.runwaysdk.system.scheduler.DownstreamJobRelationship.searchByValueQuery', 'www.runwaysdk.com');
INSERT INTO type_method ( oid, parent_oid, child_oid) VALUES ('df3af57d-7fb0-3b73-8995-3343555b0255', 'iehto0zqk2c47kojxx2wvjruqcxdxl290103', '047c93e4-b330-359c-8c45-912ea6410109');
INSERT INTO metadata_relationship ( oid, created_by, type, last_update_date, site_master, owner, seq, key_name, entity_domain, locked_by, create_date, last_updated_by, parent_oid, child_oid) VALUES ('df3af57d-7fb0-3b73-8995-3343555b0255', '000000000000000000000000000000100060', 'com.runwaysdk.system.metadata.TypeMethod', '2016-08-23 09:28:05', 'www.runwaysdk.com', '000000000000000000000000000000100060', 4838, 'com.runwaysdk.system.scheduler.DownstreamJobRelationship.searchByValueQuery', NULL, NULL, '2016-08-23 09:28:05', '000000000000000000000000000000100060', 'iehto0zqk2c47kojxx2wvjruqcxdxl290103', '047c93e4-b330-359c-8c45-912ea6410109');
INSERT INTO metadata_display_label ( key_name, oid, site_master, default_locale) VALUES ('sly2ut3lpdkyqs9hs42lfo3sic8x544f0287', 'sly2ut3lpdkyqs9hs42lfo3sic8x544f0287', 'www.runwaysdk.com', 'Value');
INSERT INTO metadata_display_label ( key_name, oid, site_master, default_locale) VALUES ('73a7lc85sot7e1yxcmvvhtdxflqqrts40287', '73a7lc85sot7e1yxcmvvhtdxflqqrts40287', 'www.runwaysdk.com', NULL);
INSERT INTO md_parameter ( parameter_type, parameter_name, metadata, parameter_order, display_label, oid) VALUES ('java.lang.String', 'value', '047c93e4-b330-359c-8c45-912ea6410109', 0, 'sly2ut3lpdkyqs9hs42lfo3sic8x544f0287', 'i67mwcvyuy0skthpbuz1gez3nxq1lptz0110');
INSERT INTO metadata ( create_date, seq, type, created_by, last_update_date, last_updated_by, description, locked_by, remove, owner, entity_domain, oid, key_name, site_master) VALUES ('2016-08-23 09:28:05', 4839, 'com.runwaysdk.system.metadata.MdParameter', '000000000000000000000000000000100060', '2016-08-23 09:28:05', '000000000000000000000000000000100060', '73a7lc85sot7e1yxcmvvhtdxflqqrts40287', NULL, 1, '000000000000000000000000000000100060', NULL, 'i67mwcvyuy0skthpbuz1gez3nxq1lptz0110', 'com.runwaysdk.system.scheduler.DownstreamJobRelationship.searchByValueQuery.value', 'www.runwaysdk.com');
INSERT INTO metadata_parameter ( created_by, locked_by, seq, last_updated_by, type, site_master, last_update_date, owner, create_date, key_name, entity_domain, oid, parent_oid, child_oid) VALUES ('000000000000000000000000000000100060', NULL, 4840, '000000000000000000000000000000100060', 'com.runwaysdk.system.MetadataParameter', 'www.runwaysdk.com', '2016-08-23 09:28:05', '000000000000000000000000000000100060', '2016-08-23 09:28:05', 'com.runwaysdk.system.scheduler.DownstreamJobRelationship.searchByValueQuery.value', NULL, 'i67mwcvyuy0skthpbuz1gez3nxq1lptz0256', '047c93e4-b330-359c-8c45-912ea6410109', 'i67mwcvyuy0skthpbuz1gez3nxq1lptz0110');
UPDATE metadata_display_label SET key_name= '2ejhl6gkv4ki8di48g8hfbtbn88eby820287' , oid= '2ejhl6gkv4ki8di48g8hfbtbn88eby820287' , site_master= 'www.runwaysdk.com' , default_locale= 'Search By Value Query'  WHERE oid='2ejhl6gkv4ki8di48g8hfbtbn88eby820287';
UPDATE metadata_display_label SET key_name= 'skbty161p7e3h4yqofehrgxdqspztuzy0287' , oid= 'skbty161p7e3h4yqofehrgxdqspztuzy0287' , site_master= 'www.runwaysdk.com'  WHERE oid='skbty161p7e3h4yqofehrgxdqspztuzy0287';
UPDATE md_method SET md_type= 'iehto0zqk2c47kojxx2wvjruqcxdxl290103' , return_type= 'com.runwaysdk.query.ValueQuery' , is_static= 1 , method_name= 'searchByValueQuery' , display_label= '2ejhl6gkv4ki8di48g8hfbtbn88eby820287' , oid= '047c93e4-b330-359c-8c45-912ea6410109'  WHERE oid='047c93e4-b330-359c-8c45-912ea6410109';
UPDATE metadata SET create_date= '2016-08-23 09:28:05' , seq= 4841 , type= 'com.runwaysdk.system.metadata.MdMethod' , created_by= '000000000000000000000000000000100060' , last_update_date= '2016-08-23 09:28:05' , last_updated_by= '000000000000000000000000000000100060' , description= 'skbty161p7e3h4yqofehrgxdqspztuzy0287' , owner= '000000000000000000000000000000100060' , oid= '047c93e4-b330-359c-8c45-912ea6410109' , key_name= 'com.runwaysdk.system.scheduler.DownstreamJobRelationship.searchByValueQuery' , site_master= 'www.runwaysdk.com'  WHERE oid='047c93e4-b330-359c-8c45-912ea6410109';
UPDATE metadata_relationship SET seq= 4842  WHERE oid='df3af57d-7fb0-3b73-8995-3343555b0255';
UPDATE metadata_display_label SET key_name= 'sly2ut3lpdkyqs9hs42lfo3sic8x544f0287' , oid= 'sly2ut3lpdkyqs9hs42lfo3sic8x544f0287' , site_master= 'www.runwaysdk.com' , default_locale= 'Value'  WHERE oid='sly2ut3lpdkyqs9hs42lfo3sic8x544f0287';
UPDATE metadata_display_label SET key_name= '73a7lc85sot7e1yxcmvvhtdxflqqrts40287' , oid= '73a7lc85sot7e1yxcmvvhtdxflqqrts40287' , site_master= 'www.runwaysdk.com'  WHERE oid='73a7lc85sot7e1yxcmvvhtdxflqqrts40287';
UPDATE md_parameter SET parameter_type= 'java.lang.String' , parameter_name= 'value' , metadata= '047c93e4-b330-359c-8c45-912ea6410109' , parameter_order= 0 , display_label= 'sly2ut3lpdkyqs9hs42lfo3sic8x544f0287' , oid= 'i67mwcvyuy0skthpbuz1gez3nxq1lptz0110'  WHERE oid='i67mwcvyuy0skthpbuz1gez3nxq1lptz0110';
UPDATE metadata SET create_date= '2016-08-23 09:28:05' , seq= 4843 , type= 'com.runwaysdk.system.metadata.MdParameter' , created_by= '000000000000000000000000000000100060' , last_update_date= '2016-08-23 09:28:05' , last_updated_by= '000000000000000000000000000000100060' , description= '73a7lc85sot7e1yxcmvvhtdxflqqrts40287' , owner= '000000000000000000000000000000100060' , oid= 'i67mwcvyuy0skthpbuz1gez3nxq1lptz0110' , key_name= 'com.runwaysdk.system.scheduler.DownstreamJobRelationship.searchByValueQuery.value' , site_master= 'www.runwaysdk.com'  WHERE oid='i67mwcvyuy0skthpbuz1gez3nxq1lptz0110';
UPDATE metadata_parameter SET seq= 4844  WHERE oid='i67mwcvyuy0skthpbuz1gez3nxq1lptz0256';
DELETE FROM visibilitymodifier WHERE set_id='z407g7s1elz4ecbtjydsezz9u8vrq65f';
INSERT INTO visibilitymodifier (set_id, item_id)  VALUES  ('z407g7s1elz4ecbtjydsezz9u8vrq65f', '20071109NM00000000000000000000050113');
UPDATE metadata_display_label SET key_name= '6uoig41ud9xrjibqf3zx9da94spksp900287' , oid= '6uoig41ud9xrjibqf3zx9da94spksp900287' , site_master= 'www.runwaysdk.com'  WHERE oid='6uoig41ud9xrjibqf3zx9da94spksp900287';
DELETE FROM visibilitymodifier WHERE set_id='za7em9bojko8nann30zyn4psvsk6m9jv';
INSERT INTO visibilitymodifier (set_id, item_id)  VALUES  ('za7em9bojko8nann30zyn4psvsk6m9jv', '20071109NM00000000000000000000050113');
UPDATE metadata_display_label SET key_name= '7ejjnm2luqco4yqmlpt19fmvlxgq3t8d0287' , oid= '7ejjnm2luqco4yqmlpt19fmvlxgq3t8d0287' , site_master= 'www.runwaysdk.com'  WHERE oid='7ejjnm2luqco4yqmlpt19fmvlxgq3t8d0287';
DELETE FROM relationship_cache WHERE set_id='qvj5xypawrf5s5v0kmwhztsp1rnfssg6';
INSERT INTO relationship_cache (set_id, item_id)  VALUES  ('qvj5xypawrf5s5v0kmwhztsp1rnfssg6', '000000000000000000000000000002310077');
UPDATE metadata_display_label SET key_name= '8gmkixdd8ke91fjilmlk81lnmsa1gc2q0287' , oid= '8gmkixdd8ke91fjilmlk81lnmsa1gc2q0287' , site_master= 'www.runwaysdk.com' , default_locale= 'Downstream Job'  WHERE oid='8gmkixdd8ke91fjilmlk81lnmsa1gc2q0287';
UPDATE metadata_display_label SET key_name= '8tsbt0pie6mw8ybxct7jecihlv89zth60287' , oid= '8tsbt0pie6mw8ybxct7jecihlv89zth60287' , site_master= 'www.runwaysdk.com'  WHERE oid='8tsbt0pie6mw8ybxct7jecihlv89zth60287';
UPDATE md_relationship SET child_cardinality= '1' , index2_name= 'rel_r8phgfd5rh74xtz7g1jxkuzhxe' , parent_visibility= 'z407g7s1elz4ecbtjydsezz9u8vrq65f' , parent_visibility_c= '20071109NM00000000000000000000050113' , child_md_business= '8ndv254jvk1mw1rql6a4pqz9qbqvdzl40058' , child_display_label= '6uoig41ud9xrjibqf3zx9da94spksp900287' , index1_name= 'rel_1ss1n0ok0rniw9pjjcsyd37f8i' , parent_cardinality= '1' , child_visibility= 'za7em9bojko8nann30zyn4psvsk6m9jv' , child_visibility_c= '20071109NM00000000000000000000050113' , parent_method= 'upstreamJob' , parent_display_label= '7ejjnm2luqco4yqmlpt19fmvlxgq3t8d0287' , parent_md_business= '8ndv254jvk1mw1rql6a4pqz9qbqvdzl40058' , cache_algorithm= 'qvj5xypawrf5s5v0kmwhztsp1rnfssg6' , cache_algorithm_c= '000000000000000000000000000002310077' , child_method= 'downstreamJob' , oid= 'iehto0zqk2c47kojxx2wvjruqcxdxl290103'  WHERE oid='iehto0zqk2c47kojxx2wvjruqcxdxl290103';
UPDATE md_entity SET table_name= 'downstream_job_relationship' , oid= 'iehto0zqk2c47kojxx2wvjruqcxdxl290103'  WHERE oid='iehto0zqk2c47kojxx2wvjruqcxdxl290103';
UPDATE md_type SET type_name= 'DownstreamJobRelationship' , display_label= '8gmkixdd8ke91fjilmlk81lnmsa1gc2q0287' , package_name= 'com.runwaysdk.system.scheduler' , root_id= 'iehto0zqk2c47kojxx2wvjruqcxdxl29' , oid= 'iehto0zqk2c47kojxx2wvjruqcxdxl290103'  WHERE oid='iehto0zqk2c47kojxx2wvjruqcxdxl290103';
UPDATE metadata SET create_date= '2016-08-23 09:28:05' , seq= 4845 , type= 'com.runwaysdk.system.metadata.MdTree' , created_by= '000000000000000000000000000000100060' , last_update_date= '2016-08-23 09:28:05' , last_updated_by= '000000000000000000000000000000100060' , description= '8tsbt0pie6mw8ybxct7jecihlv89zth60287' , owner= '000000000000000000000000000000100060' , oid= 'iehto0zqk2c47kojxx2wvjruqcxdxl290103' , key_name= 'com.runwaysdk.system.scheduler.DownstreamJobRelationship' , site_master= 'www.runwaysdk.com'  WHERE oid='iehto0zqk2c47kojxx2wvjruqcxdxl290103';
CREATE TABLE downstream_job_relationship ( oid CHAR(64) NOT NULL PRIMARY KEY, 
parent_oid CHAR(64) NOT NULL, 
child_oid CHAR(64) NOT NULL
,key_name  varchar(255)
,site_master  varchar(255)
,entity_domain  char(64)
,create_date  timestamp
,last_update_date  timestamp
,locked_by  char(64)
,type  varchar(255)
,seq  bigint
,created_by  char(64)
,owner  char(64)
,last_updated_by  char(64)
,trigger_on_failure  int );
CREATE  UNIQUE  INDEX rel_1ss1n0ok0rniw9pjjcsyd37f8i ON downstream_job_relationship (parent_oid, child_oid);
CREATE INDEX rel_r8phgfd5rh74xtz7g1jxkuzhxe ON downstream_job_relationship (child_oid);
CREATE UNIQUE INDEX a0bjdn7he7qc8vqkfk12d5ovjkw6v1 ON downstream_job_relationship (key_name);
INSERT INTO metadata_display_label ( key_name, oid, site_master, default_locale) VALUES ('z3pkh6y12k0f0qer1lbb221otg8wpuyz0287', 'z3pkh6y12k0f0qer1lbb221otg8wpuyz0287', 'www.runwaysdk.com', NULL);
INSERT INTO metadata_display_label ( key_name, oid, site_master, default_locale) VALUES ('6sp2dh36s9yvdn75m0v3sh1eukbjng3f0287', '6sp2dh36s9yvdn75m0v3sh1eukbjng3f0287', 'www.runwaysdk.com', 'Contains all the info required for viewing a job.');
INSERT INTO md_view ( query_dto_source, query_base_source, query_stub_source, super_md_view, oid) VALUES (NULL, NULL, NULL, NULL, '4d8fe9b4-2b15-3596-95df-827d30d10116');
INSERT INTO md_session ( oid) VALUES ('4d8fe9b4-2b15-3596-95df-827d30d10116');
INSERT INTO md_transient ( is_abstract, extendable, oid) VALUES (0, 1, '4d8fe9b4-2b15-3596-95df-827d30d10116');
INSERT INTO md_class ( stub_source, publish, stub_dto_source, oid) VALUES (NULL, 1, NULL, '4d8fe9b4-2b15-3596-95df-827d30d10116');
INSERT INTO md_type ( type_name, js_stub, display_label, exported, generate_source, js_base, base_source, package_name, root_id, dto_source, oid) VALUES ('JobView', NULL, 'z3pkh6y12k0f0qer1lbb221otg8wpuyz0287', 1, 1, NULL, NULL, 'com.runwaysdk.system.scheduler', 'ikp78xpxdlb7dyntzzeqiobvhpo08oq3', NULL, '4d8fe9b4-2b15-3596-95df-827d30d10116');
INSERT INTO metadata ( create_date, seq, type, created_by, last_update_date, last_updated_by, description, locked_by, remove, owner, entity_domain, oid, key_name, site_master) VALUES ('2016-08-23 09:28:05', 4846, 'com.runwaysdk.system.metadata.MdView', '000000000000000000000000000000100060', '2016-08-23 09:28:05', '000000000000000000000000000000100060', '6sp2dh36s9yvdn75m0v3sh1eukbjng3f0287', NULL, 1, '000000000000000000000000000000100060', NULL, '4d8fe9b4-2b15-3596-95df-827d30d10116', 'com.runwaysdk.system.scheduler.JobView', 'www.runwaysdk.com');
INSERT INTO md_attribute_indicies (set_id, item_id)  VALUES  ('1w4tvmaehtsnort0o972rigp2b5jki36', '000000000000000000000000000004090085');
INSERT INTO visibilitymodifier (set_id, item_id)  VALUES  ('zjqexwl72tuu9a17mqjmf5fgw64itv05', '20071109NM00000000000000000000050113');
INSERT INTO visibilitymodifier (set_id, item_id)  VALUES  ('xtwd4h6dr9i2mwx7hg8r6uy4vami5rni', '20071109NM00000000000000000000050113');
INSERT INTO metadata_display_label ( key_name, oid, site_master, default_locale) VALUES ('spqff98k6d493rcqt69ojen4cbu3ygxe0287', 'spqff98k6d493rcqt69ojen4cbu3ygxe0287', 'www.runwaysdk.com', 'ID');
INSERT INTO metadata_display_label ( key_name, oid, site_master, default_locale) VALUES ('xgisrgv5yahwirh4zdi19v5azyrquvq00287', 'xgisrgv5yahwirh4zdi19v5azyrquvq00287', 'www.runwaysdk.com', 'ID of this object');
INSERT INTO md_attribute_character ( default_value, database_size, oid) VALUES (NULL, 64, 'im13zpx5ralcb73gwt39esa4oxd39yio0067');
INSERT INTO md_attribute_char ( oid) VALUES ('im13zpx5ralcb73gwt39esa4oxd39yio0067');
INSERT INTO md_attribute_primitive ( is_expression, expression, oid) VALUES (0, NULL, 'im13zpx5ralcb73gwt39esa4oxd39yio0067');
INSERT INTO md_attribute_concrete ( defining_md_class, column_name, index_type, index_type_c, attribute_name, getter_visibility, getter_visibility_c, system, index_name, setter_visibility, setter_visibility_c, required, generate_accessor, display_label, immutable, oid) VALUES ('4d8fe9b4-2b15-3596-95df-827d30d10116', 'n_a', '1w4tvmaehtsnort0o972rigp2b5jki36', '000000000000000000000000000004090085', 'oid', 'zjqexwl72tuu9a17mqjmf5fgw64itv05', '20071109NM00000000000000000000050113', 1, NULL, 'xtwd4h6dr9i2mwx7hg8r6uy4vami5rni', '20071109NM00000000000000000000050113', 1, 1, 'spqff98k6d493rcqt69ojen4cbu3ygxe0287', 0, 'im13zpx5ralcb73gwt39esa4oxd39yio0067');
INSERT INTO md_attribute ( oid) VALUES ('im13zpx5ralcb73gwt39esa4oxd39yio0067');
INSERT INTO metadata ( create_date, seq, type, created_by, last_update_date, last_updated_by, description, locked_by, remove, owner, entity_domain, oid, key_name, site_master) VALUES ('2016-08-23 09:28:05', 4847, 'com.runwaysdk.system.metadata.MdAttributeCharacter', '000000000000000000000000000000100060', '2016-08-23 09:28:05', '000000000000000000000000000000100060', 'xgisrgv5yahwirh4zdi19v5azyrquvq00287', NULL, 0, '000000000000000000000000000000100060', NULL, 'im13zpx5ralcb73gwt39esa4oxd39yio0067', 'com.runwaysdk.system.scheduler.JobView.oid', 'www.runwaysdk.com');
INSERT INTO class_attribute_concrete ( oid, parent_oid, child_oid) VALUES ('im13zpx5ralcb73gwt39esa4oxd39yio0245', '4d8fe9b4-2b15-3596-95df-827d30d10116', 'im13zpx5ralcb73gwt39esa4oxd39yio0067');
INSERT INTO class_attribute ( oid, parent_oid, child_oid) VALUES ('im13zpx5ralcb73gwt39esa4oxd39yio0245', '4d8fe9b4-2b15-3596-95df-827d30d10116', 'im13zpx5ralcb73gwt39esa4oxd39yio0067');
INSERT INTO metadata_relationship ( oid, created_by, type, last_update_date, site_master, owner, seq, key_name, entity_domain, locked_by, create_date, last_updated_by, parent_oid, child_oid) VALUES ('im13zpx5ralcb73gwt39esa4oxd39yio0245', '000000000000000000000000000000100060', 'com.runwaysdk.system.metadata.ClassAttributeConcrete', '2016-08-23 09:28:05', 'www.runwaysdk.com', '000000000000000000000000000000100060', 4848, 'com.runwaysdk.system.scheduler.JobView.oid', NULL, NULL, '2016-08-23 09:28:05', '000000000000000000000000000000100060', '4d8fe9b4-2b15-3596-95df-827d30d10116', 'im13zpx5ralcb73gwt39esa4oxd39yio0067');
INSERT INTO md_attribute_indicies (set_id, item_id)  VALUES  ('77wqhcrxefvinwgtzar1b0y8xisnkjum', '000000000000000000000000000004010085');
INSERT INTO visibilitymodifier (set_id, item_id)  VALUES  ('73edp0jfplqtxb907uutpxn3jha8dlc6', '20071109NM00000000000000000000050113');
INSERT INTO visibilitymodifier (set_id, item_id)  VALUES  ('92yq42np1wa6qp8os4d850k4bapdlf68', '20071109NM00000000000000000000050113');
INSERT INTO metadata_display_label ( key_name, oid, site_master, default_locale) VALUES ('z4nkkh1xjnsex4c8lt1n6hlgqom3pfuy0287', 'z4nkkh1xjnsex4c8lt1n6hlgqom3pfuy0287', 'www.runwaysdk.com', 'Job');
INSERT INTO metadata_display_label ( key_name, oid, site_master, default_locale) VALUES ('1ol18quapy4dsr405taij6kprfh8wzog0287', '1ol18quapy4dsr405taij6kprfh8wzog0287', 'www.runwaysdk.com', NULL);
INSERT INTO md_attribute_reference ( default_value, md_business, oid) VALUES (NULL, '8ndv254jvk1mw1rql6a4pqz9qbqvdzl40058', 'ihjm93cc4usoing1s9tf4fxi6qlnjiig0218');
INSERT INTO md_attribute_ref ( oid) VALUES ('ihjm93cc4usoing1s9tf4fxi6qlnjiig0218');
INSERT INTO md_attribute_concrete ( defining_md_class, column_name, index_type, index_type_c, attribute_name, getter_visibility, getter_visibility_c, system, index_name, setter_visibility, setter_visibility_c, required, generate_accessor, display_label, immutable, oid) VALUES ('4d8fe9b4-2b15-3596-95df-827d30d10116', 'n_a', '77wqhcrxefvinwgtzar1b0y8xisnkjum', '000000000000000000000000000004010085', 'job', '73edp0jfplqtxb907uutpxn3jha8dlc6', '20071109NM00000000000000000000050113', 0, NULL, '92yq42np1wa6qp8os4d850k4bapdlf68', '20071109NM00000000000000000000050113', 1, 1, 'z4nkkh1xjnsex4c8lt1n6hlgqom3pfuy0287', 0, 'ihjm93cc4usoing1s9tf4fxi6qlnjiig0218');
INSERT INTO md_attribute ( oid) VALUES ('ihjm93cc4usoing1s9tf4fxi6qlnjiig0218');
INSERT INTO metadata ( create_date, seq, type, created_by, last_update_date, last_updated_by, description, locked_by, remove, owner, entity_domain, oid, key_name, site_master) VALUES ('2016-08-23 09:28:05', 4849, 'com.runwaysdk.system.metadata.MdAttributeReference', '000000000000000000000000000000100060', '2016-08-23 09:28:05', '000000000000000000000000000000100060', '1ol18quapy4dsr405taij6kprfh8wzog0287', NULL, 1, '000000000000000000000000000000100060', NULL, 'ihjm93cc4usoing1s9tf4fxi6qlnjiig0218', 'com.runwaysdk.system.scheduler.JobView.job', 'www.runwaysdk.com');
INSERT INTO class_attribute_concrete ( oid, parent_oid, child_oid) VALUES ('ihjm93cc4usoing1s9tf4fxi6qlnjiig0245', '4d8fe9b4-2b15-3596-95df-827d30d10116', 'ihjm93cc4usoing1s9tf4fxi6qlnjiig0218');
INSERT INTO class_attribute ( oid, parent_oid, child_oid) VALUES ('ihjm93cc4usoing1s9tf4fxi6qlnjiig0245', '4d8fe9b4-2b15-3596-95df-827d30d10116', 'ihjm93cc4usoing1s9tf4fxi6qlnjiig0218');
INSERT INTO metadata_relationship ( oid, created_by, type, last_update_date, site_master, owner, seq, key_name, entity_domain, locked_by, create_date, last_updated_by, parent_oid, child_oid) VALUES ('ihjm93cc4usoing1s9tf4fxi6qlnjiig0245', '000000000000000000000000000000100060', 'com.runwaysdk.system.metadata.ClassAttributeConcrete', '2016-08-23 09:28:05', 'www.runwaysdk.com', '000000000000000000000000000000100060', 4850, 'com.runwaysdk.system.scheduler.JobView.job', NULL, NULL, '2016-08-23 09:28:05', '000000000000000000000000000000100060', '4d8fe9b4-2b15-3596-95df-827d30d10116', 'ihjm93cc4usoing1s9tf4fxi6qlnjiig0218');
INSERT INTO md_attribute_indicies (set_id, item_id)  VALUES  ('2f9v9jf3ylgeja4iclk61pkoc77sy7t2', '000000000000000000000000000004010085');
INSERT INTO visibilitymodifier (set_id, item_id)  VALUES  ('xc9z5m0d69mmz3vbnosf91l44md7d7ym', '20071109NM00000000000000000000050113');
INSERT INTO visibilitymodifier (set_id, item_id)  VALUES  ('1sgamfj1ne7qbjjj8i8fow0p5s9kfzq1', '20071109NM00000000000000000000050113');
INSERT INTO metadata_display_label ( key_name, oid, site_master, default_locale) VALUES ('774vp79kxwoivuh3rkno68g1174vrsoo0287', '774vp79kxwoivuh3rkno68g1174vrsoo0287', 'www.runwaysdk.com', 'Downstream job');
INSERT INTO metadata_display_label ( key_name, oid, site_master, default_locale) VALUES ('0cxoheyrq40lher0bcoiy19p41esnl4g0287', '0cxoheyrq40lher0bcoiy19p41esnl4g0287', 'www.runwaysdk.com', NULL);
INSERT INTO md_attribute_reference ( default_value, md_business, oid) VALUES (NULL, '8ndv254jvk1mw1rql6a4pqz9qbqvdzl40058', 'ifhbv62fs2si50ct1xf4r8f4dm1talex0218');
INSERT INTO md_attribute_ref ( oid) VALUES ('ifhbv62fs2si50ct1xf4r8f4dm1talex0218');
INSERT INTO md_attribute_concrete ( defining_md_class, column_name, index_type, index_type_c, attribute_name, getter_visibility, getter_visibility_c, system, index_name, setter_visibility, setter_visibility_c, required, generate_accessor, display_label, immutable, oid) VALUES ('4d8fe9b4-2b15-3596-95df-827d30d10116', 'n_a', '2f9v9jf3ylgeja4iclk61pkoc77sy7t2', '000000000000000000000000000004010085', 'downstreamJob', 'xc9z5m0d69mmz3vbnosf91l44md7d7ym', '20071109NM00000000000000000000050113', 0, NULL, '1sgamfj1ne7qbjjj8i8fow0p5s9kfzq1', '20071109NM00000000000000000000050113', 0, 1, '774vp79kxwoivuh3rkno68g1174vrsoo0287', 0, 'ifhbv62fs2si50ct1xf4r8f4dm1talex0218');
INSERT INTO md_attribute ( oid) VALUES ('ifhbv62fs2si50ct1xf4r8f4dm1talex0218');
INSERT INTO metadata ( create_date, seq, type, created_by, last_update_date, last_updated_by, description, locked_by, remove, owner, entity_domain, oid, key_name, site_master) VALUES ('2016-08-23 09:28:05', 4851, 'com.runwaysdk.system.metadata.MdAttributeReference', '000000000000000000000000000000100060', '2016-08-23 09:28:05', '000000000000000000000000000000100060', '0cxoheyrq40lher0bcoiy19p41esnl4g0287', NULL, 1, '000000000000000000000000000000100060', NULL, 'ifhbv62fs2si50ct1xf4r8f4dm1talex0218', 'com.runwaysdk.system.scheduler.JobView.downstreamJob', 'www.runwaysdk.com');
INSERT INTO class_attribute_concrete ( oid, parent_oid, child_oid) VALUES ('ifhbv62fs2si50ct1xf4r8f4dm1talex0245', '4d8fe9b4-2b15-3596-95df-827d30d10116', 'ifhbv62fs2si50ct1xf4r8f4dm1talex0218');
INSERT INTO class_attribute ( oid, parent_oid, child_oid) VALUES ('ifhbv62fs2si50ct1xf4r8f4dm1talex0245', '4d8fe9b4-2b15-3596-95df-827d30d10116', 'ifhbv62fs2si50ct1xf4r8f4dm1talex0218');
INSERT INTO metadata_relationship ( oid, created_by, type, last_update_date, site_master, owner, seq, key_name, entity_domain, locked_by, create_date, last_updated_by, parent_oid, child_oid) VALUES ('ifhbv62fs2si50ct1xf4r8f4dm1talex0245', '000000000000000000000000000000100060', 'com.runwaysdk.system.metadata.ClassAttributeConcrete', '2016-08-23 09:28:05', 'www.runwaysdk.com', '000000000000000000000000000000100060', 4852, 'com.runwaysdk.system.scheduler.JobView.downstreamJob', NULL, NULL, '2016-08-23 09:28:05', '000000000000000000000000000000100060', '4d8fe9b4-2b15-3596-95df-827d30d10116', 'ifhbv62fs2si50ct1xf4r8f4dm1talex0218');
INSERT INTO md_attribute_indicies (set_id, item_id)  VALUES  ('6upi12kj0n02zwsxzaq9zr5g4i5xsoc5', '000000000000000000000000000004010085');
INSERT INTO visibilitymodifier (set_id, item_id)  VALUES  ('8yh83phppj2nexyhz5f4wo47yobgm3jd', '20071109NM00000000000000000000050113');
INSERT INTO visibilitymodifier (set_id, item_id)  VALUES  ('qu4h6zgdaxmawer75nm5zr2igvik6rsz', '20071109NM00000000000000000000050113');
INSERT INTO metadata_display_label ( key_name, oid, site_master, default_locale) VALUES ('02ovk73dmimqhvo6p869lscohmy4cgwg0287', '02ovk73dmimqhvo6p869lscohmy4cgwg0287', 'www.runwaysdk.com', 'downstreamJobDisplayLabel');
INSERT INTO metadata_display_label ( key_name, oid, site_master, default_locale) VALUES ('zazz2hnfmcjuwm21jf46wucyyy4d2l5x0287', 'zazz2hnfmcjuwm21jf46wucyyy4d2l5x0287', 'www.runwaysdk.com', NULL);
INSERT INTO md_attribute_character ( default_value, database_size, oid) VALUES (NULL, 255, 'ie39qajqfoctusg7hx0o2kozsu8ufnnd0067');
INSERT INTO md_attribute_char ( oid) VALUES ('ie39qajqfoctusg7hx0o2kozsu8ufnnd0067');
INSERT INTO md_attribute_primitive ( is_expression, expression, oid) VALUES (0, NULL, 'ie39qajqfoctusg7hx0o2kozsu8ufnnd0067');
INSERT INTO md_attribute_concrete ( defining_md_class, column_name, index_type, index_type_c, attribute_name, getter_visibility, getter_visibility_c, system, index_name, setter_visibility, setter_visibility_c, required, generate_accessor, display_label, immutable, oid) VALUES ('4d8fe9b4-2b15-3596-95df-827d30d10116', 'n_a', '6upi12kj0n02zwsxzaq9zr5g4i5xsoc5', '000000000000000000000000000004010085', 'downstreamJobDisplayLabel', '8yh83phppj2nexyhz5f4wo47yobgm3jd', '20071109NM00000000000000000000050113', 0, NULL, 'qu4h6zgdaxmawer75nm5zr2igvik6rsz', '20071109NM00000000000000000000050113', 0, 1, '02ovk73dmimqhvo6p869lscohmy4cgwg0287', 0, 'ie39qajqfoctusg7hx0o2kozsu8ufnnd0067');
INSERT INTO md_attribute ( oid) VALUES ('ie39qajqfoctusg7hx0o2kozsu8ufnnd0067');
INSERT INTO metadata ( create_date, seq, type, created_by, last_update_date, last_updated_by, description, locked_by, remove, owner, entity_domain, oid, key_name, site_master) VALUES ('2016-08-23 09:28:05', 4853, 'com.runwaysdk.system.metadata.MdAttributeCharacter', '000000000000000000000000000000100060', '2016-08-23 09:28:05', '000000000000000000000000000000100060', 'zazz2hnfmcjuwm21jf46wucyyy4d2l5x0287', NULL, 1, '000000000000000000000000000000100060', NULL, 'ie39qajqfoctusg7hx0o2kozsu8ufnnd0067', 'com.runwaysdk.system.scheduler.JobView.downstreamJobDisplayLabel', 'www.runwaysdk.com');
INSERT INTO class_attribute_concrete ( oid, parent_oid, child_oid) VALUES ('ie39qajqfoctusg7hx0o2kozsu8ufnnd0245', '4d8fe9b4-2b15-3596-95df-827d30d10116', 'ie39qajqfoctusg7hx0o2kozsu8ufnnd0067');
INSERT INTO class_attribute ( oid, parent_oid, child_oid) VALUES ('ie39qajqfoctusg7hx0o2kozsu8ufnnd0245', '4d8fe9b4-2b15-3596-95df-827d30d10116', 'ie39qajqfoctusg7hx0o2kozsu8ufnnd0067');
INSERT INTO metadata_relationship ( oid, created_by, type, last_update_date, site_master, owner, seq, key_name, entity_domain, locked_by, create_date, last_updated_by, parent_oid, child_oid) VALUES ('ie39qajqfoctusg7hx0o2kozsu8ufnnd0245', '000000000000000000000000000000100060', 'com.runwaysdk.system.metadata.ClassAttributeConcrete', '2016-08-23 09:28:05', 'www.runwaysdk.com', '000000000000000000000000000000100060', 4854, 'com.runwaysdk.system.scheduler.JobView.downstreamJobDisplayLabel', NULL, NULL, '2016-08-23 09:28:05', '000000000000000000000000000000100060', '4d8fe9b4-2b15-3596-95df-827d30d10116', 'ie39qajqfoctusg7hx0o2kozsu8ufnnd0067');
INSERT INTO metadata_display_label ( key_name, oid, site_master, default_locale) VALUES ('z9qmnieel12aith90o11o2p6oii7h5ty0287', 'z9qmnieel12aith90o11o2p6oii7h5ty0287', 'www.runwaysdk.com', NULL);
INSERT INTO metadata_display_label ( key_name, oid, site_master, default_locale) VALUES ('7gl6gsyv85392o7sbml6xsovgjzxa1cn0287', '7gl6gsyv85392o7sbml6xsovgjzxa1cn0287', 'www.runwaysdk.com', NULL);
INSERT INTO md_attribute_indicies (set_id, item_id)  VALUES  ('7gctfpkyolh30mpmd27za0t1r4pmgror', '000000000000000000000000000004010085');
INSERT INTO visibilitymodifier (set_id, item_id)  VALUES  ('zojm198egcbtscek66o6yqxnae0ka2l1', '20071109NM00000000000000000000050113');
INSERT INTO visibilitymodifier (set_id, item_id)  VALUES  ('79vy50g9rw3frz5ys45fs80si6ps2w60', '20071109NM00000000000000000000050113');
INSERT INTO metadata_display_label ( key_name, oid, site_master, default_locale) VALUES ('xzm95wt38yrhyrcf2zv91r5n2qygr3080287', 'xzm95wt38yrhyrcf2zv91r5n2qygr3080287', 'www.runwaysdk.com', 'Trigger on failure');
INSERT INTO metadata_display_label ( key_name, oid, site_master, default_locale) VALUES ('x9ua784779sqz6390y21dbzzvpcqwze40287', 'x9ua784779sqz6390y21dbzzvpcqwze40287', 'www.runwaysdk.com', NULL);
INSERT INTO md_attribute_boolean ( positive_display_label, negative_display_label, default_value, oid) VALUES ('z9qmnieel12aith90o11o2p6oii7h5ty0287', '7gl6gsyv85392o7sbml6xsovgjzxa1cn0287', NULL, 'ikjgklfv1tep5oc1gjiszonfikfujuq60074');
INSERT INTO md_attribute_primitive ( is_expression, expression, oid) VALUES (0, NULL, 'ikjgklfv1tep5oc1gjiszonfikfujuq60074');
INSERT INTO md_attribute_concrete ( defining_md_class, column_name, index_type, index_type_c, attribute_name, getter_visibility, getter_visibility_c, system, index_name, setter_visibility, setter_visibility_c, required, generate_accessor, display_label, immutable, oid) VALUES ('4d8fe9b4-2b15-3596-95df-827d30d10116', 'n_a', '7gctfpkyolh30mpmd27za0t1r4pmgror', '000000000000000000000000000004010085', 'triggerOnFailure', 'zojm198egcbtscek66o6yqxnae0ka2l1', '20071109NM00000000000000000000050113', 0, NULL, '79vy50g9rw3frz5ys45fs80si6ps2w60', '20071109NM00000000000000000000050113', 0, 1, 'xzm95wt38yrhyrcf2zv91r5n2qygr3080287', 0, 'ikjgklfv1tep5oc1gjiszonfikfujuq60074');
INSERT INTO md_attribute ( oid) VALUES ('ikjgklfv1tep5oc1gjiszonfikfujuq60074');
INSERT INTO metadata ( create_date, seq, type, created_by, last_update_date, last_updated_by, description, locked_by, remove, owner, entity_domain, oid, key_name, site_master) VALUES ('2016-08-23 09:28:05', 4855, 'com.runwaysdk.system.metadata.MdAttributeBoolean', '000000000000000000000000000000100060', '2016-08-23 09:28:05', '000000000000000000000000000000100060', 'x9ua784779sqz6390y21dbzzvpcqwze40287', NULL, 1, '000000000000000000000000000000100060', NULL, 'ikjgklfv1tep5oc1gjiszonfikfujuq60074', 'com.runwaysdk.system.scheduler.JobView.triggerOnFailure', 'www.runwaysdk.com');
INSERT INTO class_attribute_concrete ( oid, parent_oid, child_oid) VALUES ('ikjgklfv1tep5oc1gjiszonfikfujuq60245', '4d8fe9b4-2b15-3596-95df-827d30d10116', 'ikjgklfv1tep5oc1gjiszonfikfujuq60074');
INSERT INTO class_attribute ( oid, parent_oid, child_oid) VALUES ('ikjgklfv1tep5oc1gjiszonfikfujuq60245', '4d8fe9b4-2b15-3596-95df-827d30d10116', 'ikjgklfv1tep5oc1gjiszonfikfujuq60074');
INSERT INTO metadata_relationship ( oid, created_by, type, last_update_date, site_master, owner, seq, key_name, entity_domain, locked_by, create_date, last_updated_by, parent_oid, child_oid) VALUES ('ikjgklfv1tep5oc1gjiszonfikfujuq60245', '000000000000000000000000000000100060', 'com.runwaysdk.system.metadata.ClassAttributeConcrete', '2016-08-23 09:28:05', 'www.runwaysdk.com', '000000000000000000000000000000100060', 4856, 'com.runwaysdk.system.scheduler.JobView.triggerOnFailure', NULL, NULL, '2016-08-23 09:28:05', '000000000000000000000000000000100060', '4d8fe9b4-2b15-3596-95df-827d30d10116', 'ikjgklfv1tep5oc1gjiszonfikfujuq60074');
INSERT INTO metadata_display_label ( key_name, oid, site_master, default_locale) VALUES ('1v19fuxcipqkot98uibpo90sqbyb72gj0287', '1v19fuxcipqkot98uibpo90sqbyb72gj0287', 'www.runwaysdk.com', 'lockJob');
INSERT INTO metadata_display_label ( key_name, oid, site_master, default_locale) VALUES ('1qnxikf9kodqhgi36nrplx2j8oqbszny0287', '1qnxikf9kodqhgi36nrplx2j8oqbszny0287', 'www.runwaysdk.com', NULL);
INSERT INTO md_method ( md_type, return_type, is_static, method_name, display_label, oid) VALUES ('4d8fe9b4-2b15-3596-95df-827d30d10116', 'com.runwaysdk.system.scheduler.JobView', 1, 'lockJob', '1v19fuxcipqkot98uibpo90sqbyb72gj0287', '6109db3d-634f-3c59-960e-33c3c1ec0109');
INSERT INTO metadata ( create_date, seq, type, created_by, last_update_date, last_updated_by, description, locked_by, remove, owner, entity_domain, oid, key_name, site_master) VALUES ('2016-08-23 09:28:05', 4857, 'com.runwaysdk.system.metadata.MdMethod', '000000000000000000000000000000100060', '2016-08-23 09:28:05', '000000000000000000000000000000100060', '1qnxikf9kodqhgi36nrplx2j8oqbszny0287', NULL, 1, '000000000000000000000000000000100060', NULL, '6109db3d-634f-3c59-960e-33c3c1ec0109', 'com.runwaysdk.system.scheduler.JobView.lockJob', 'www.runwaysdk.com');
INSERT INTO type_method ( oid, parent_oid, child_oid) VALUES ('96a8b9f3-8bf2-3b61-9e6e-08c3322b0255', '4d8fe9b4-2b15-3596-95df-827d30d10116', '6109db3d-634f-3c59-960e-33c3c1ec0109');
INSERT INTO metadata_relationship ( oid, created_by, type, last_update_date, site_master, owner, seq, key_name, entity_domain, locked_by, create_date, last_updated_by, parent_oid, child_oid) VALUES ('96a8b9f3-8bf2-3b61-9e6e-08c3322b0255', '000000000000000000000000000000100060', 'com.runwaysdk.system.metadata.TypeMethod', '2016-08-23 09:28:05', 'www.runwaysdk.com', '000000000000000000000000000000100060', 4858, 'com.runwaysdk.system.scheduler.JobView.lockJob', NULL, NULL, '2016-08-23 09:28:05', '000000000000000000000000000000100060', '4d8fe9b4-2b15-3596-95df-827d30d10116', '6109db3d-634f-3c59-960e-33c3c1ec0109');
INSERT INTO metadata_display_label ( key_name, oid, site_master, default_locale) VALUES ('7g2rlld2oq3pthvpy2be9rgghq4we67d0287', '7g2rlld2oq3pthvpy2be9rgghq4we67d0287', 'www.runwaysdk.com', 'jobId');
INSERT INTO metadata_display_label ( key_name, oid, site_master, default_locale) VALUES ('8ytzqjmd0uu6xq9921jhjr9a5o489oqe0287', '8ytzqjmd0uu6xq9921jhjr9a5o489oqe0287', 'www.runwaysdk.com', NULL);
INSERT INTO md_parameter ( parameter_type, parameter_name, metadata, parameter_order, display_label, oid) VALUES ('java.lang.String', 'jobId', '6109db3d-634f-3c59-960e-33c3c1ec0109', 0, '7g2rlld2oq3pthvpy2be9rgghq4we67d0287', 'i9cc7mms4mpel0rb8xwl7suyyw9ac3qs0110');
INSERT INTO metadata ( create_date, seq, type, created_by, last_update_date, last_updated_by, description, locked_by, remove, owner, entity_domain, oid, key_name, site_master) VALUES ('2016-08-23 09:28:05', 4859, 'com.runwaysdk.system.metadata.MdParameter', '000000000000000000000000000000100060', '2016-08-23 09:28:05', '000000000000000000000000000000100060', '8ytzqjmd0uu6xq9921jhjr9a5o489oqe0287', NULL, 1, '000000000000000000000000000000100060', NULL, 'i9cc7mms4mpel0rb8xwl7suyyw9ac3qs0110', 'com.runwaysdk.system.scheduler.JobView.lockJob.jobId', 'www.runwaysdk.com');
INSERT INTO metadata_parameter ( created_by, locked_by, seq, last_updated_by, type, site_master, last_update_date, owner, create_date, key_name, entity_domain, oid, parent_oid, child_oid) VALUES ('000000000000000000000000000000100060', NULL, 4860, '000000000000000000000000000000100060', 'com.runwaysdk.system.MetadataParameter', 'www.runwaysdk.com', '2016-08-23 09:28:05', '000000000000000000000000000000100060', '2016-08-23 09:28:05', 'com.runwaysdk.system.scheduler.JobView.lockJob.jobId', NULL, 'i9cc7mms4mpel0rb8xwl7suyyw9ac3qs0256', '6109db3d-634f-3c59-960e-33c3c1ec0109', 'i9cc7mms4mpel0rb8xwl7suyyw9ac3qs0110');
INSERT INTO metadata_display_label ( key_name, oid, site_master, default_locale) VALUES ('2eps7hw7ae4j8mmw1ozu86c8cksiqw9g0287', '2eps7hw7ae4j8mmw1ozu86c8cksiqw9g0287', 'www.runwaysdk.com', 'applyWithJob');
INSERT INTO metadata_display_label ( key_name, oid, site_master, default_locale) VALUES ('8pfblbwoojeb6sltpl7r3v9k36bi00cf0287', '8pfblbwoojeb6sltpl7r3v9k36bi00cf0287', 'www.runwaysdk.com', NULL);
INSERT INTO md_method ( md_type, return_type, is_static, method_name, display_label, oid) VALUES ('4d8fe9b4-2b15-3596-95df-827d30d10116', 'void', 0, 'applyWithJob', '2eps7hw7ae4j8mmw1ozu86c8cksiqw9g0287', 'e6434fa2-949f-3c5c-97d5-f61286240109');
INSERT INTO metadata ( create_date, seq, type, created_by, last_update_date, last_updated_by, description, locked_by, remove, owner, entity_domain, oid, key_name, site_master) VALUES ('2016-08-23 09:28:05', 4861, 'com.runwaysdk.system.metadata.MdMethod', '000000000000000000000000000000100060', '2016-08-23 09:28:05', '000000000000000000000000000000100060', '8pfblbwoojeb6sltpl7r3v9k36bi00cf0287', NULL, 1, '000000000000000000000000000000100060', NULL, 'e6434fa2-949f-3c5c-97d5-f61286240109', 'com.runwaysdk.system.scheduler.JobView.applyWithJob', 'www.runwaysdk.com');
INSERT INTO type_method ( oid, parent_oid, child_oid) VALUES ('4c058c6b-12d5-3704-ac2f-76df3c370255', '4d8fe9b4-2b15-3596-95df-827d30d10116', 'e6434fa2-949f-3c5c-97d5-f61286240109');
INSERT INTO metadata_relationship ( oid, created_by, type, last_update_date, site_master, owner, seq, key_name, entity_domain, locked_by, create_date, last_updated_by, parent_oid, child_oid) VALUES ('4c058c6b-12d5-3704-ac2f-76df3c370255', '000000000000000000000000000000100060', 'com.runwaysdk.system.metadata.TypeMethod', '2016-08-23 09:28:05', 'www.runwaysdk.com', '000000000000000000000000000000100060', 4862, 'com.runwaysdk.system.scheduler.JobView.applyWithJob', NULL, NULL, '2016-08-23 09:28:05', '000000000000000000000000000000100060', '4d8fe9b4-2b15-3596-95df-827d30d10116', 'e6434fa2-949f-3c5c-97d5-f61286240109');
INSERT INTO metadata_display_label ( key_name, oid, site_master, default_locale) VALUES ('012ys5wz42ht522m43fi6so7dnny83ju0287', '012ys5wz42ht522m43fi6so7dnny83ju0287', 'www.runwaysdk.com', 'job');
INSERT INTO metadata_display_label ( key_name, oid, site_master, default_locale) VALUES ('xtucyys2xphnojv380y40safkon46a220287', 'xtucyys2xphnojv380y40safkon46a220287', 'www.runwaysdk.com', NULL);
INSERT INTO md_parameter ( parameter_type, parameter_name, metadata, parameter_order, display_label, oid) VALUES ('com.runwaysdk.system.scheduler.ExecutableJob', 'job', 'e6434fa2-949f-3c5c-97d5-f61286240109', 0, '012ys5wz42ht522m43fi6so7dnny83ju0287', 'ih1x64iezeugtsdjvfk00pk3g98k6ous0110');
INSERT INTO metadata ( create_date, seq, type, created_by, last_update_date, last_updated_by, description, locked_by, remove, owner, entity_domain, oid, key_name, site_master) VALUES ('2016-08-23 09:28:05', 4863, 'com.runwaysdk.system.metadata.MdParameter', '000000000000000000000000000000100060', '2016-08-23 09:28:05', '000000000000000000000000000000100060', 'xtucyys2xphnojv380y40safkon46a220287', NULL, 1, '000000000000000000000000000000100060', NULL, 'ih1x64iezeugtsdjvfk00pk3g98k6ous0110', 'com.runwaysdk.system.scheduler.JobView.applyWithJob.job', 'www.runwaysdk.com');
INSERT INTO metadata_parameter ( created_by, locked_by, seq, last_updated_by, type, site_master, last_update_date, owner, create_date, key_name, entity_domain, oid, parent_oid, child_oid) VALUES ('000000000000000000000000000000100060', NULL, 4864, '000000000000000000000000000000100060', 'com.runwaysdk.system.MetadataParameter', 'www.runwaysdk.com', '2016-08-23 09:28:05', '000000000000000000000000000000100060', '2016-08-23 09:28:05', 'com.runwaysdk.system.scheduler.JobView.applyWithJob.job', NULL, 'ih1x64iezeugtsdjvfk00pk3g98k6ous0256', 'e6434fa2-949f-3c5c-97d5-f61286240109', 'ih1x64iezeugtsdjvfk00pk3g98k6ous0110');
UPDATE metadata SET seq= 4865  WHERE oid='8ndv254jvk1mw1rql6a4pqz9qbqvdzl40058';
UPDATE md_type SET type_name= 'JobView' , display_label= 'z3pkh6y12k0f0qer1lbb221otg8wpuyz0287' , package_name= 'com.runwaysdk.system.scheduler' , root_id= 'ikp78xpxdlb7dyntzzeqiobvhpo08oq3' , oid= '4d8fe9b4-2b15-3596-95df-827d30d10116'  WHERE oid='4d8fe9b4-2b15-3596-95df-827d30d10116';
UPDATE metadata SET create_date= '2016-08-23 09:28:05' , seq= 4866 , type= 'com.runwaysdk.system.metadata.MdView' , created_by= '000000000000000000000000000000100060' , last_update_date= '2016-08-23 09:28:05' , last_updated_by= '000000000000000000000000000000100060' , description= '6sp2dh36s9yvdn75m0v3sh1eukbjng3f0287' , owner= '000000000000000000000000000000100060' , oid= '4d8fe9b4-2b15-3596-95df-827d30d10116' , key_name= 'com.runwaysdk.system.scheduler.JobView' , site_master= 'www.runwaysdk.com'  WHERE oid='4d8fe9b4-2b15-3596-95df-827d30d10116';
UPDATE md_relationship SET child_cardinality= '1' , index2_name= 'rel_r8phgfd5rh74xtz7g1jxkuzhxe' , parent_visibility= 'z407g7s1elz4ecbtjydsezz9u8vrq65f' , parent_visibility_c= '20071109NM00000000000000000000050113' , child_md_business= '8ndv254jvk1mw1rql6a4pqz9qbqvdzl40058' , child_display_label= '6uoig41ud9xrjibqf3zx9da94spksp900287' , index1_name= 'rel_1ss1n0ok0rniw9pjjcsyd37f8i' , parent_cardinality= '1' , child_visibility= 'za7em9bojko8nann30zyn4psvsk6m9jv' , child_visibility_c= '20071109NM00000000000000000000050113' , parent_method= 'upstreamJob' , parent_display_label= '7ejjnm2luqco4yqmlpt19fmvlxgq3t8d0287' , parent_md_business= '8ndv254jvk1mw1rql6a4pqz9qbqvdzl40058' , cache_algorithm= 'qvj5xypawrf5s5v0kmwhztsp1rnfssg6' , cache_algorithm_c= '000000000000000000000000000002310077' , child_method= 'downstreamJob' , oid= 'iehto0zqk2c47kojxx2wvjruqcxdxl290103'  WHERE oid='iehto0zqk2c47kojxx2wvjruqcxdxl290103';
UPDATE md_entity SET table_name= 'downstream_job_relationship' , oid= 'iehto0zqk2c47kojxx2wvjruqcxdxl290103'  WHERE oid='iehto0zqk2c47kojxx2wvjruqcxdxl290103';
UPDATE md_type SET type_name= 'DownstreamJobRelationship' , display_label= '8gmkixdd8ke91fjilmlk81lnmsa1gc2q0287' , package_name= 'com.runwaysdk.system.scheduler' , root_id= 'iehto0zqk2c47kojxx2wvjruqcxdxl29' , oid= 'iehto0zqk2c47kojxx2wvjruqcxdxl290103'  WHERE oid='iehto0zqk2c47kojxx2wvjruqcxdxl290103';
UPDATE metadata SET create_date= '2016-08-23 09:28:05' , seq= 4867 , type= 'com.runwaysdk.system.metadata.MdTree' , created_by= '000000000000000000000000000000100060' , last_update_date= '2016-08-23 09:28:05' , last_updated_by= '000000000000000000000000000000100060' , description= '8tsbt0pie6mw8ybxct7jecihlv89zth60287' , owner= '000000000000000000000000000000100060' , oid= 'iehto0zqk2c47kojxx2wvjruqcxdxl290103' , key_name= 'com.runwaysdk.system.scheduler.DownstreamJobRelationship' , site_master= 'www.runwaysdk.com'  WHERE oid='iehto0zqk2c47kojxx2wvjruqcxdxl290103';
