--
-- Copyright (c) 2015 TerraFrame, Inc. All rights reserved.
--
-- This file is part of Runway SDK(tm).
--
-- Runway SDK(tm) is free software: you can redistribute it and/or modify
-- it under the terms of the GNU Lesser General Public License as
-- published by the Free Software Foundation, either version 3 of the
-- License, or (at your option) any later version.
--
-- Runway SDK(tm) is distributed in the hope that it will be useful, but
-- WITHOUT ANY WARRANTY; without even the implied warranty of
-- MERCHANTABILITY or FITNESS FOR A PARTICULAR PURPOSE.  See the
-- GNU Lesser General Public License for more details.
--
-- You should have received a copy of the GNU Lesser General Public
-- License along with Runway SDK(tm).  If not, see <http://www.gnu.org/licenses/>.
--

DELETE FROM virtualize_attribute WHERE oid = '9397af16-7611-36e7-a2e3-ef84a8null';
DELETE FROM metadata_relationship WHERE oid = '9397af16-7611-36e7-a2e3-ef84a8null' AND seq = 2827;
DELETE FROM class_attribute_virtual WHERE oid = 'f5441f4c-e260-38d5-b7b0-561aa4null';
DELETE FROM class_attribute WHERE oid = 'f5441f4c-e260-38d5-b7b0-561aa4null';
DELETE FROM metadata_relationship WHERE oid = 'f5441f4c-e260-38d5-b7b0-561aa4null' AND seq = 2826;
DELETE FROM metadata_display_label WHERE oid = '8yp7ajbwu6kqvp7ljfpchnst1ac0vp7o0287';
DELETE FROM metadata_display_label WHERE oid = 'xuoora2gxqjaejbnctks363cogmq5vyk0287';
DELETE FROM md_attribute_virtual WHERE oid = 'a6305b72-559b-3583-acb5-0922banull';
DELETE FROM md_attribute WHERE oid = 'a6305b72-559b-3583-acb5-0922banull';
DELETE FROM metadata WHERE oid = 'a6305b72-559b-3583-acb5-0922banull' AND seq = 3795;
DELETE FROM class_attribute_concrete WHERE oid = '1w1qmx9tj5b43ae7fmndvumy1k6gmbrc0245';
DELETE FROM class_attribute WHERE oid = '1w1qmx9tj5b43ae7fmndvumy1k6gmbrc0245';
DELETE FROM metadata_relationship WHERE oid = '1w1qmx9tj5b43ae7fmndvumy1k6gmbrc0245' AND seq = 2727;
DELETE FROM metadata_display_label WHERE oid = '92qsmplsc0szfxocbzrgepabv2ifxi880287';
DELETE FROM metadata_display_label WHERE oid = 'z9elki4gxg5395uko5tv57fcl2qsc6si0287';
DELETE FROM visibilitymodifier WHERE set_id='0pbrtdgbci8c8dmkhwn5910ansy6q71n';
DELETE FROM metadata_display_label WHERE oid = '0jwc2j13b3lzvu458zanuzgcdok0u4rj0287';
DELETE FROM visibilitymodifier WHERE set_id='xulmh8eg1t7mhhosiq9w1sglgvkoba2f';
DELETE FROM md_attribute_indicies WHERE set_id='90y1bjrzdmfgtcbqselulhmjozkvrdx1';
DELETE FROM metadata_display_label WHERE oid = '946sw5cg7vvia812edicxhobpgbxme7h0287';
DELETE FROM md_attribute_boolean WHERE oid = 'swti0hdell2lrm4zatw88zign57pijso0074';
DELETE FROM md_attribute_primitive WHERE oid = 'swti0hdell2lrm4zatw88zign57pijso0074';
DELETE FROM md_attribute_concrete WHERE oid = 'swti0hdell2lrm4zatw88zign57pijso0074';
DELETE FROM md_attribute WHERE oid = 'swti0hdell2lrm4zatw88zign57pijso0074';
DELETE FROM metadata WHERE oid = 'swti0hdell2lrm4zatw88zign57pijso0074' AND seq = 3454;
DELETE FROM virtualize_attribute WHERE oid = 'bd7ea3de-f841-342a-9d33-dd9674null';
DELETE FROM metadata_relationship WHERE oid = 'bd7ea3de-f841-342a-9d33-dd9674null' AND seq = 2811;
DELETE FROM class_attribute_virtual WHERE oid = '4ddcaccc-d49d-3385-919d-39e405null';
DELETE FROM class_attribute WHERE oid = '4ddcaccc-d49d-3385-919d-39e405null';
DELETE FROM metadata_relationship WHERE oid = '4ddcaccc-d49d-3385-919d-39e405null' AND seq = 2810;
DELETE FROM metadata_display_label WHERE oid = '0llyonvz51i8ipbq2r2ncpa1l8k0iz5r0287';
DELETE FROM metadata_display_label WHERE oid = 'sy7n733j13krl3z875u7ubydpjtkg57b0287';
DELETE FROM md_attribute_virtual WHERE oid = 'f4bd4696-9c4d-320c-935a-d975ccnull';
DELETE FROM md_attribute WHERE oid = 'f4bd4696-9c4d-320c-935a-d975ccnull';
DELETE FROM metadata WHERE oid = 'f4bd4696-9c4d-320c-935a-d975ccnull' AND seq = 3803;
DELETE FROM class_attribute_concrete WHERE oid = 'x98e9imya3winiadaz6kf01c2wxmcsvj0245';
DELETE FROM class_attribute WHERE oid = 'x98e9imya3winiadaz6kf01c2wxmcsvj0245';
DELETE FROM metadata_relationship WHERE oid = 'x98e9imya3winiadaz6kf01c2wxmcsvj0245' AND seq = 2731;
DELETE FROM metadata_display_label WHERE oid = '01kdcyxpqv97z28c0pq02sqrmh4ljxjf0287';
DELETE FROM metadata_display_label WHERE oid = '8kj4vcomvsp71j540m75jbetxr6jsuaw0287';
DELETE FROM visibilitymodifier WHERE set_id='1ul19sm13ca1u1zb7uzzrhe9whtaho7t';
DELETE FROM metadata_display_label WHERE oid = '93ca9glorcwo7io1gpozheum4anp6i970287';
DELETE FROM visibilitymodifier WHERE set_id='xaskuorkb1rzix8haa6efvo5kc7za32k';
DELETE FROM md_attribute_indicies WHERE set_id='6ntqrwdaz30r8efjraixseygsp21ugy7';
DELETE FROM metadata_display_label WHERE oid = '8ioq0kwxbpvwwgeyq4lza824nee95ij60287';
DELETE FROM md_attribute_boolean WHERE oid = 's9bsvcfqldftnahxte06o55wv0o8q19a0074';
DELETE FROM md_attribute_primitive WHERE oid = 's9bsvcfqldftnahxte06o55wv0o8q19a0074';
DELETE FROM md_attribute_concrete WHERE oid = 's9bsvcfqldftnahxte06o55wv0o8q19a0074';
DELETE FROM md_attribute WHERE oid = 's9bsvcfqldftnahxte06o55wv0o8q19a0074';
DELETE FROM metadata WHERE oid = 's9bsvcfqldftnahxte06o55wv0o8q19a0074' AND seq = 3440;
DELETE FROM virtualize_attribute WHERE oid = '3a15696e-fdd6-3a6f-b3ca-5f4ea1null';
DELETE FROM metadata_relationship WHERE oid = '3a15696e-fdd6-3a6f-b3ca-5f4ea1null' AND seq = 2809;
DELETE FROM class_attribute_virtual WHERE oid = 'b5cd7f92-2cbc-305f-95b5-671878null';
DELETE FROM class_attribute WHERE oid = 'b5cd7f92-2cbc-305f-95b5-671878null';
DELETE FROM metadata_relationship WHERE oid = 'b5cd7f92-2cbc-305f-95b5-671878null' AND seq = 2808;
DELETE FROM metadata_display_label WHERE oid = 'sgjyacs8jps23a8disw43lzc26ef92qn0287';
DELETE FROM metadata_display_label WHERE oid = '0rk9vqdh40kp4pe0obbrt1cwtlxkf7sc0287';
DELETE FROM md_attribute_virtual WHERE oid = 'ac22e10b-f5cf-3e68-a84d-3cfbf3null';
DELETE FROM md_attribute WHERE oid = 'ac22e10b-f5cf-3e68-a84d-3cfbf3null';
DELETE FROM metadata WHERE oid = 'ac22e10b-f5cf-3e68-a84d-3cfbf3null' AND seq = 3802;
DELETE FROM class_attribute_concrete WHERE oid = 'x9t1esvd5hdrlykghg1do55jh5lpmikf0245';
DELETE FROM class_attribute WHERE oid = 'x9t1esvd5hdrlykghg1do55jh5lpmikf0245';
DELETE FROM metadata_relationship WHERE oid = 'x9t1esvd5hdrlykghg1do55jh5lpmikf0245' AND seq = 2735;
DELETE FROM metadata_display_label WHERE oid = 'qw89d7r4mr110ozg06pcxf5u1vmc7ovn0287';
DELETE FROM metadata_display_label WHERE oid = '78irmi055szdh703o4qsj71epa1ni3ya0287';
DELETE FROM visibilitymodifier WHERE set_id='1nyw9tt709ims8on7glztuy5iro7kidr';
DELETE FROM metadata_display_label WHERE oid = 'xisvoh8mn9hadvjp3dz68zc25nvzj3t30287';
DELETE FROM visibilitymodifier WHERE set_id='z7ulo1h7ndg9h7kjex4gik7mcsit1n2x';
DELETE FROM md_attribute_indicies WHERE set_id='xhr7yn00ga2tfjsqjp3es72ooqfgs0kj';
DELETE FROM metadata_display_label WHERE oid = '8rteo1l9pccnhc9jhhenabl22twdxqbj0287';
DELETE FROM md_attribute_boolean WHERE oid = '25q4ui5xj819gauulaqompxmrhw2kabb0074';
DELETE FROM md_attribute_primitive WHERE oid = '25q4ui5xj819gauulaqompxmrhw2kabb0074';
DELETE FROM md_attribute_concrete WHERE oid = '25q4ui5xj819gauulaqompxmrhw2kabb0074';
DELETE FROM md_attribute WHERE oid = '25q4ui5xj819gauulaqompxmrhw2kabb0074';
DELETE FROM metadata WHERE oid = '25q4ui5xj819gauulaqompxmrhw2kabb0074' AND seq = 3452;
DELETE FROM virtualize_attribute WHERE oid = '058e43b9-f738-3757-b60b-c632benull';
DELETE FROM metadata_relationship WHERE oid = '058e43b9-f738-3757-b60b-c632benull' AND seq = 2835;
DELETE FROM class_attribute_virtual WHERE oid = '8a1c210b-af92-3d51-b3d4-2f515anull';
DELETE FROM class_attribute WHERE oid = '8a1c210b-af92-3d51-b3d4-2f515anull';
DELETE FROM metadata_relationship WHERE oid = '8a1c210b-af92-3d51-b3d4-2f515anull' AND seq = 2834;
DELETE FROM metadata_display_label WHERE oid = '1wfnhonea7buy6irtkwcemglvsdixrml0287';
DELETE FROM metadata_display_label WHERE oid = 'stsgyco11qnvw9rjccqzy9ieunprtdc80287';
DELETE FROM md_attribute_virtual WHERE oid = 'a36fb999-6e86-3560-933c-a2bd34null';
DELETE FROM md_attribute WHERE oid = 'a36fb999-6e86-3560-933c-a2bd34null';
DELETE FROM metadata WHERE oid = 'a36fb999-6e86-3560-933c-a2bd34null' AND seq = 3814;
DELETE FROM class_attribute_concrete WHERE oid = '6z731n8kiz0w15uhyo2n0h1xepjnt17y0245';
DELETE FROM class_attribute WHERE oid = '6z731n8kiz0w15uhyo2n0h1xepjnt17y0245';
DELETE FROM metadata_relationship WHERE oid = '6z731n8kiz0w15uhyo2n0h1xepjnt17y0245' AND seq = 2736;
DELETE FROM metadata_display_label WHERE oid = 'r24yk3riwjrlsrjbyweblbnbnylsb99z0287';
DELETE FROM metadata_display_label WHERE oid = '06ewzhf5722nkvuner229oicq2y50lv80287';
DELETE FROM visibilitymodifier WHERE set_id='0mlz3gfniqnj3mzpbsewgsy65tu9718j';
DELETE FROM metadata_display_label WHERE oid = 'zfcf6vkp922vfwkqvtqj8lcybc1gkzxl0287';
DELETE FROM visibilitymodifier WHERE set_id='sq9flr9c5l43dbp4iajrry5icilzsceg';
DELETE FROM md_attribute_indicies WHERE set_id='z1z7fi50bi514rixodggzp478fdgzr58';
DELETE FROM metadata_display_label WHERE oid = '2bakgwc3b20flu0rstctz9xffe8wxsw10287';
DELETE FROM md_attribute_boolean WHERE oid = 'y0kxd2fujadac3om2beynhcbhkc8i86i0074';
DELETE FROM md_attribute_primitive WHERE oid = 'y0kxd2fujadac3om2beynhcbhkc8i86i0074';
DELETE FROM md_attribute_concrete WHERE oid = 'y0kxd2fujadac3om2beynhcbhkc8i86i0074';
DELETE FROM md_attribute WHERE oid = 'y0kxd2fujadac3om2beynhcbhkc8i86i0074';
DELETE FROM metadata WHERE oid = 'y0kxd2fujadac3om2beynhcbhkc8i86i0074' AND seq = 3433;
DELETE FROM virtualize_attribute WHERE oid = 'c7467474-dd64-3119-9add-11015cnull';
DELETE FROM metadata_relationship WHERE oid = 'c7467474-dd64-3119-9add-11015cnull' AND seq = 2831;
DELETE FROM class_attribute_virtual WHERE oid = '50f072cd-ec50-3b82-a505-3fee99null';
DELETE FROM class_attribute WHERE oid = '50f072cd-ec50-3b82-a505-3fee99null';
DELETE FROM metadata_relationship WHERE oid = '50f072cd-ec50-3b82-a505-3fee99null' AND seq = 2830;
DELETE FROM metadata_display_label WHERE oid = 'sos4sy9zbc5tyuztlqf8wksidjasoh990287';
DELETE FROM metadata_display_label WHERE oid = 'san7u2fxehi90a2s5s5rsxynqv9gez2a0287';
DELETE FROM md_attribute_virtual WHERE oid = '5aecad27-3224-3354-9489-087d1cnull';
DELETE FROM md_attribute WHERE oid = '5aecad27-3224-3354-9489-087d1cnull';
DELETE FROM metadata WHERE oid = '5aecad27-3224-3354-9489-087d1cnull' AND seq = 3812;
DELETE FROM class_attribute_concrete WHERE oid = '8dbpb6gqjffvlwrdlequ2jt1d9p8astc0245';
DELETE FROM class_attribute WHERE oid = '8dbpb6gqjffvlwrdlequ2jt1d9p8astc0245';
DELETE FROM metadata_relationship WHERE oid = '8dbpb6gqjffvlwrdlequ2jt1d9p8astc0245' AND seq = 2725;
DELETE FROM metadata_display_label WHERE oid = 'z4jqubxyey4vwwv3deqvcu7syrtabtnb0287';
DELETE FROM metadata_display_label WHERE oid = 'qswr3n81cyhqelrbkcmp7p9t2513vzse0287';
DELETE FROM visibilitymodifier WHERE set_id='qlfl5h68m386iqbc6dhj71zsfg12itd1';
DELETE FROM metadata_display_label WHERE oid = '0e65wuii6kih1dvrk2wugofujsc7olcj0287';
DELETE FROM visibilitymodifier WHERE set_id='xn09y5mgu2ffx0zpkhgelshnd6mk7wyv';
DELETE FROM md_attribute_indicies WHERE set_id='xobwotkz558clwhf27mdwicshmhq3e26';
DELETE FROM metadata_display_label WHERE oid = 'xpnds1g5flrurx94ma3fxu1u4y82euqi0287';
DELETE FROM md_attribute_boolean WHERE oid = 'sm44ridyol20w714nav5v9vok6icv79j0074';
DELETE FROM md_attribute_primitive WHERE oid = 'sm44ridyol20w714nav5v9vok6icv79j0074';
DELETE FROM md_attribute_concrete WHERE oid = 'sm44ridyol20w714nav5v9vok6icv79j0074';
DELETE FROM md_attribute WHERE oid = 'sm44ridyol20w714nav5v9vok6icv79j0074';
DELETE FROM metadata WHERE oid = 'sm44ridyol20w714nav5v9vok6icv79j0074' AND seq = 3450;
DELETE FROM virtualize_attribute WHERE oid = 'c81c137a-00af-3d41-b312-77cbc1null';
DELETE FROM metadata_relationship WHERE oid = 'c81c137a-00af-3d41-b312-77cbc1null' AND seq = 2829;
DELETE FROM class_attribute_virtual WHERE oid = '4de0fcd7-924e-39b5-8cba-663a3bnull';
DELETE FROM class_attribute WHERE oid = '4de0fcd7-924e-39b5-8cba-663a3bnull';
DELETE FROM metadata_relationship WHERE oid = '4de0fcd7-924e-39b5-8cba-663a3bnull' AND seq = 2828;
DELETE FROM metadata_display_label WHERE oid = '28glvzxfsiz14bnq5wxlz8xbg02px77i0287';
DELETE FROM metadata_display_label WHERE oid = 'y0l1r1wbxj2tluputd151t4c3lofoz2x0287';
DELETE FROM md_attribute_virtual WHERE oid = '54142cd0-f9a4-36e0-ab2a-ba0c9fnull';
DELETE FROM md_attribute WHERE oid = '54142cd0-f9a4-36e0-ab2a-ba0c9fnull';
DELETE FROM metadata WHERE oid = '54142cd0-f9a4-36e0-ab2a-ba0c9fnull' AND seq = 3811;
DELETE FROM class_attribute_concrete WHERE oid = '8ce2re3rxxwuxu44fmmss18tttrdgokl0245';
DELETE FROM class_attribute WHERE oid = '8ce2re3rxxwuxu44fmmss18tttrdgokl0245';
DELETE FROM metadata_relationship WHERE oid = '8ce2re3rxxwuxu44fmmss18tttrdgokl0245' AND seq = 2732;
DELETE FROM metadata_display_label WHERE oid = 'zoa4yz7w7trl45equz9mpk12b1nti6wo0287';
DELETE FROM metadata_display_label WHERE oid = 'xb6vsruzs63wbdauimra57wrre73l78q0287';
DELETE FROM visibilitymodifier WHERE set_id='svshyve92sjlsbhl2fzuxwj9f3fti0ur';
DELETE FROM metadata_display_label WHERE oid = '0ehfhso5drw5dx3mjz31nw1u8mxlf2nb0287';
DELETE FROM visibilitymodifier WHERE set_id='svrd8tyz22xqjypk5xlaa05g7eucju47';
DELETE FROM md_attribute_indicies WHERE set_id='xb2fj7b43m4q4wfleeygtur5iq8zk34v';
DELETE FROM metadata_display_label WHERE oid = '28tl0lgyuiezspvk7dbqsk6e1mgzin3p0287';
DELETE FROM md_attribute_boolean WHERE oid = '8jjekyd9o6ybpouc4rno9kphkwyfkxas0074';
DELETE FROM md_attribute_primitive WHERE oid = '8jjekyd9o6ybpouc4rno9kphkwyfkxas0074';
DELETE FROM md_attribute_concrete WHERE oid = '8jjekyd9o6ybpouc4rno9kphkwyfkxas0074';
DELETE FROM md_attribute WHERE oid = '8jjekyd9o6ybpouc4rno9kphkwyfkxas0074';
DELETE FROM metadata WHERE oid = '8jjekyd9o6ybpouc4rno9kphkwyfkxas0074' AND seq = 3438;
DELETE FROM virtualize_attribute WHERE oid = '38bb3905-3243-350a-b57c-782cfbnull';
DELETE FROM metadata_relationship WHERE oid = '38bb3905-3243-350a-b57c-782cfbnull' AND seq = 2837;
DELETE FROM class_attribute_virtual WHERE oid = '3082b985-9ca7-3c47-873f-78f212null';
DELETE FROM class_attribute WHERE oid = '3082b985-9ca7-3c47-873f-78f212null';
DELETE FROM metadata_relationship WHERE oid = '3082b985-9ca7-3c47-873f-78f212null' AND seq = 2836;
DELETE FROM metadata_display_label WHERE oid = '1wevqr1pevi6d2jqcy4ga6ipcrb88aa50287';
DELETE FROM metadata_display_label WHERE oid = 'r4c2hcwa2he7bj7do11g8j0gotqs32mx0287';
DELETE FROM md_attribute_virtual WHERE oid = 'a7ea9432-57a7-363e-b28e-864c62null';
DELETE FROM md_attribute WHERE oid = 'a7ea9432-57a7-363e-b28e-864c62null';
DELETE FROM metadata WHERE oid = 'a7ea9432-57a7-363e-b28e-864c62null' AND seq = 3815;
DELETE FROM class_attribute_concrete WHERE oid = '8exyef45jwpn53qybqipuf5lrz43oxjr0245';
DELETE FROM class_attribute WHERE oid = '8exyef45jwpn53qybqipuf5lrz43oxjr0245';
DELETE FROM metadata_relationship WHERE oid = '8exyef45jwpn53qybqipuf5lrz43oxjr0245' AND seq = 2733;
DELETE FROM metadata_display_label WHERE oid = 'rapa39i4rposft4jqs80iujl8tfze35x0287';
DELETE FROM metadata_display_label WHERE oid = 'xy8mc9kga0oq93s8d49i9h8uhdm55zqt0287';
DELETE FROM visibilitymodifier WHERE set_id='r87g7069dnogp2t1b6mnabwab0vkkvik';
DELETE FROM metadata_display_label WHERE oid = 'ql58hylbo3ax8dljh00tuwi39c18axg80287';
DELETE FROM visibilitymodifier WHERE set_id='xjsitt48nrtlavrs5k2w5fiqajx3ew40';
DELETE FROM md_attribute_indicies WHERE set_id='0f09uatnk0pepyhrdppqm42166om2bah';
DELETE FROM metadata_display_label WHERE oid = 'r1wx3scz1kgzd1wt94zb4sfufy6xh8k10287';
DELETE FROM md_attribute_boolean WHERE oid = '0jqq6fd2kxe5xpgynmkfi57tfiog1xcl0074';
DELETE FROM md_attribute_primitive WHERE oid = '0jqq6fd2kxe5xpgynmkfi57tfiog1xcl0074';
DELETE FROM md_attribute_concrete WHERE oid = '0jqq6fd2kxe5xpgynmkfi57tfiog1xcl0074';
DELETE FROM md_attribute WHERE oid = '0jqq6fd2kxe5xpgynmkfi57tfiog1xcl0074';
DELETE FROM metadata WHERE oid = '0jqq6fd2kxe5xpgynmkfi57tfiog1xcl0074' AND seq = 3461;
DELETE FROM virtualize_attribute WHERE oid = 'aafed38f-2498-362f-95d5-af7c6cnull';
DELETE FROM metadata_relationship WHERE oid = 'aafed38f-2498-362f-95d5-af7c6cnull' AND seq = 2807;
DELETE FROM class_attribute_virtual WHERE oid = 'c482785f-3e5a-30d4-8140-4660ebnull';
DELETE FROM class_attribute WHERE oid = 'c482785f-3e5a-30d4-8140-4660ebnull';
DELETE FROM metadata_relationship WHERE oid = 'c482785f-3e5a-30d4-8140-4660ebnull' AND seq = 2806;
DELETE FROM metadata_display_label WHERE oid = 's9s0r4odc2hcjk4wpzwquyyh7ddkcp8g0287';
DELETE FROM metadata_display_label WHERE oid = 'xgwudacm871g7a6n8l9ek5kg67l8irvv0287';
DELETE FROM md_attribute_virtual WHERE oid = '9264095c-1b28-346e-a847-e4de84null';
DELETE FROM md_attribute WHERE oid = '9264095c-1b28-346e-a847-e4de84null';
DELETE FROM metadata WHERE oid = '9264095c-1b28-346e-a847-e4de84null' AND seq = 3801;
DELETE FROM class_attribute_concrete WHERE oid = 'qr6pcu86pavnps7ezig8cizanetk0iy00245';
DELETE FROM class_attribute WHERE oid = 'qr6pcu86pavnps7ezig8cizanetk0iy00245';
DELETE FROM metadata_relationship WHERE oid = 'qr6pcu86pavnps7ezig8cizanetk0iy00245' AND seq = 2734;
DELETE FROM metadata_display_label WHERE oid = 'sthsk481srvfx7z1jkcu0yxncw63b5am0287';
DELETE FROM metadata_display_label WHERE oid = 't26bcld53t38bpa7xt0syioihs850b810287';
DELETE FROM visibilitymodifier WHERE set_id='sqjp46lxjz7zdyxgg43armsrasxj59zc';
DELETE FROM metadata_display_label WHERE oid = '6wsgtvgpocqmc6aczun13x2j1n5ae67y0287';
DELETE FROM visibilitymodifier WHERE set_id='qprn0vym740bmdu5x67plv168p2p64n7';
DELETE FROM md_attribute_indicies WHERE set_id='ss4w6esr3rk0yrirt34kbszbjakr7ise';
DELETE FROM metadata_display_label WHERE oid = 'xeniwmlvratn8bzlk91etu6h7kwktta80287';
DELETE FROM md_attribute_boolean WHERE oid = 'stulihh05jwj7e2lu1y6nv8nyfvimo150074';
DELETE FROM md_attribute_primitive WHERE oid = 'stulihh05jwj7e2lu1y6nv8nyfvimo150074';
DELETE FROM md_attribute_concrete WHERE oid = 'stulihh05jwj7e2lu1y6nv8nyfvimo150074';
DELETE FROM md_attribute WHERE oid = 'stulihh05jwj7e2lu1y6nv8nyfvimo150074';
DELETE FROM metadata WHERE oid = 'stulihh05jwj7e2lu1y6nv8nyfvimo150074' AND seq = 3457;
DELETE FROM virtualize_attribute WHERE oid = '7b1e2e42-1b7b-3b93-8e0d-aa60f2null';
DELETE FROM metadata_relationship WHERE oid = '7b1e2e42-1b7b-3b93-8e0d-aa60f2null' AND seq = 2825;
DELETE FROM class_attribute_virtual WHERE oid = '5237ad55-b92d-385b-9476-242a9dnull';
DELETE FROM class_attribute WHERE oid = '5237ad55-b92d-385b-9476-242a9dnull';
DELETE FROM metadata_relationship WHERE oid = '5237ad55-b92d-385b-9476-242a9dnull' AND seq = 2824;
DELETE FROM metadata_display_label WHERE oid = 'r2rowi0gcpo5knwwiry19n3edw39e4zk0287';
DELETE FROM metadata_display_label WHERE oid = 'qma9zydr709exs6auw46le1v2kgkxmr40287';
DELETE FROM md_attribute_virtual WHERE oid = 'f3fed5be-f45c-3b44-9a2c-c6cd92null';
DELETE FROM md_attribute WHERE oid = 'f3fed5be-f45c-3b44-9a2c-c6cd92null';
DELETE FROM metadata WHERE oid = 'f3fed5be-f45c-3b44-9a2c-c6cd92null' AND seq = 3810;
DELETE FROM class_attribute_concrete WHERE oid = 'qpczso8z5t7rjxykcscfgkzdme64ntxh0245';
DELETE FROM class_attribute WHERE oid = 'qpczso8z5t7rjxykcscfgkzdme64ntxh0245';
DELETE FROM metadata_relationship WHERE oid = 'qpczso8z5t7rjxykcscfgkzdme64ntxh0245' AND seq = 2726;
DELETE FROM metadata_display_label WHERE oid = '6w8wpp9ezkmidxrc46z159ml3s4wrgvr0287';
DELETE FROM metadata_display_label WHERE oid = 'r5veq9pstaauyxz03xq116bvt51xvfx20287';
DELETE FROM visibilitymodifier WHERE set_id='0qdy93dk7edepy0qhyrk42o2sx0jxpra';
DELETE FROM metadata_display_label WHERE oid = 'soiublm3opc33bd18i9dvlf23h3hayeb0287';
DELETE FROM visibilitymodifier WHERE set_id='xnwxrlo10q58jjsbsgbb9typ4nqa63eq';
DELETE FROM md_attribute_indicies WHERE set_id='zahkyhbbe8lszpay864ons3lino8syjr';
DELETE FROM metadata_display_label WHERE oid = '6rkq48id1sx86vhbcs7t80ot3pjsfskh0287';
DELETE FROM md_attribute_boolean WHERE oid = '7dot75k1q82skfop6f474e31mgdn1vnx0074';
DELETE FROM md_attribute_primitive WHERE oid = '7dot75k1q82skfop6f474e31mgdn1vnx0074';
DELETE FROM md_attribute_concrete WHERE oid = '7dot75k1q82skfop6f474e31mgdn1vnx0074';
DELETE FROM md_attribute WHERE oid = '7dot75k1q82skfop6f474e31mgdn1vnx0074';
DELETE FROM metadata WHERE oid = '7dot75k1q82skfop6f474e31mgdn1vnx0074' AND seq = 3447;
DROP INDEX a3isi3jbvwzb11i5ugm9plwgxk9odl;
DELETE FROM class_attribute_concrete WHERE oid = '76cpj0tim7f9cc2d24ayjloz4e8c0kio0245';
DELETE FROM class_attribute WHERE oid = '76cpj0tim7f9cc2d24ayjloz4e8c0kio0245';
DELETE FROM metadata_relationship WHERE oid = '76cpj0tim7f9cc2d24ayjloz4e8c0kio0245' AND seq = 2782;
DELETE FROM visibilitymodifier WHERE set_id='08eoib1m95p5k7cbpqsitf27erb1149s';
DELETE FROM metadata_display_label WHERE oid = '8eu6z5ynmzvbgr3ih1io42rop7qashha0287';
DELETE FROM visibilitymodifier WHERE set_id='z456n576jpzvukeclp9suceze9jtxbby';
DELETE FROM md_attribute_indicies WHERE set_id='z7y84rpj7fn0um7gbzjj6nnqir98g8iw';
DELETE FROM metadata_display_label WHERE oid = 'r9xsj781rctpxdmtzfuxx7oyz7s0bayg0287';
DELETE FROM md_attribute_reference WHERE oid = '0htpn7avp6ebbqt02ymj492n4ve7vm2q0218';
DELETE FROM md_attribute_ref WHERE oid = '0htpn7avp6ebbqt02ymj492n4ve7vm2q0218';
DELETE FROM md_attribute_concrete WHERE oid = '0htpn7avp6ebbqt02ymj492n4ve7vm2q0218';
DELETE FROM md_attribute WHERE oid = '0htpn7avp6ebbqt02ymj492n4ve7vm2q0218';
DELETE FROM metadata WHERE oid = '0htpn7avp6ebbqt02ymj492n4ve7vm2q0218' AND seq = 3472;
DELETE FROM virtualize_attribute WHERE oid = 'a14f412e-8f4f-3471-9737-79c124null';
DELETE FROM metadata_relationship WHERE oid = 'a14f412e-8f4f-3471-9737-79c124null' AND seq = 2815;
DELETE FROM class_attribute_virtual WHERE oid = '35befa2c-2b0e-3d3f-a387-2d9dd5null';
DELETE FROM class_attribute WHERE oid = '35befa2c-2b0e-3d3f-a387-2d9dd5null';
DELETE FROM metadata_relationship WHERE oid = '35befa2c-2b0e-3d3f-a387-2d9dd5null' AND seq = 2814;
DELETE FROM metadata_display_label WHERE oid = 'z5usy6nhuksdngtcgf767f9w9adgggmm0287';
DELETE FROM metadata_display_label WHERE oid = 'z6ikn7aftsw9yy94kwanup13vhrka6f70287';
DELETE FROM md_attribute_virtual WHERE oid = '8ec6f24b-3482-3f2e-9942-1b9620null';
DELETE FROM md_attribute WHERE oid = '8ec6f24b-3482-3f2e-9942-1b9620null';
DELETE FROM metadata WHERE oid = '8ec6f24b-3482-3f2e-9942-1b9620null' AND seq = 3805;
DELETE FROM class_attribute_concrete WHERE oid = 'sxqzyxwp0mc0338ranlcvkxstdgs1fbp0245';
DELETE FROM class_attribute WHERE oid = 'sxqzyxwp0mc0338ranlcvkxstdgs1fbp0245';
DELETE FROM metadata_relationship WHERE oid = 'sxqzyxwp0mc0338ranlcvkxstdgs1fbp0245' AND seq = 2741;
DELETE FROM visibilitymodifier WHERE set_id='xvdcee24ugyokapxv458h2vw8ehszdd8';
DELETE FROM metadata_display_label WHERE oid = 'zljn63gg7qwivtfzxnx5oefui1s3w8zr0287';
DELETE FROM visibilitymodifier WHERE set_id='8dufa528zjmfgt9v5diz3okfm1hii7qt';
DELETE FROM md_attribute_indicies WHERE set_id='sjjbdqy2002wuwmevhqcwl7hu1a114us';
DELETE FROM metadata_display_label WHERE oid = '6zce7g9euo5j37d1bjzgtlkmepwgstr50287';
DELETE FROM md_attribute_datetime WHERE oid = '8u9ho3osfqp3f0yrzsrkui515z7ifln30082';
DELETE FROM md_attribute_moment WHERE oid = '8u9ho3osfqp3f0yrzsrkui515z7ifln30082';
DELETE FROM md_attribute_primitive WHERE oid = '8u9ho3osfqp3f0yrzsrkui515z7ifln30082';
DELETE FROM md_attribute_concrete WHERE oid = '8u9ho3osfqp3f0yrzsrkui515z7ifln30082';
DELETE FROM md_attribute WHERE oid = '8u9ho3osfqp3f0yrzsrkui515z7ifln30082';
DELETE FROM metadata WHERE oid = '8u9ho3osfqp3f0yrzsrkui515z7ifln30082' AND seq = 3442;
DELETE FROM virtualize_attribute WHERE oid = 'e9cbc5fc-feb9-3065-829e-601ff6null';
DELETE FROM metadata_relationship WHERE oid = 'e9cbc5fc-feb9-3065-829e-601ff6null' AND seq = 2817;
DELETE FROM class_attribute_virtual WHERE oid = '944d0e8b-23fc-306d-a9b0-125f18null';
DELETE FROM class_attribute WHERE oid = '944d0e8b-23fc-306d-a9b0-125f18null';
DELETE FROM metadata_relationship WHERE oid = '944d0e8b-23fc-306d-a9b0-125f18null' AND seq = 2816;
DELETE FROM metadata_display_label WHERE oid = 'xfjeuo2n9sekws13g4f40gp5czlz1ayn0287';
DELETE FROM metadata_display_label WHERE oid = 'r4oni6zwxhexdjjce6glkej7313wz5w30287';
DELETE FROM md_attribute_virtual WHERE oid = '65dc158a-931e-3be2-9956-8776acnull';
DELETE FROM md_attribute WHERE oid = '65dc158a-931e-3be2-9956-8776acnull';
DELETE FROM metadata WHERE oid = '65dc158a-931e-3be2-9956-8776acnull' AND seq = 3806;
DELETE FROM class_attribute_concrete WHERE oid = 'z3yf4l01qoaxubfntqlfc2mljs6m5a9p0245';
DELETE FROM class_attribute WHERE oid = 'z3yf4l01qoaxubfntqlfc2mljs6m5a9p0245';
DELETE FROM metadata_relationship WHERE oid = 'z3yf4l01qoaxubfntqlfc2mljs6m5a9p0245' AND seq = 2728;
DELETE FROM visibilitymodifier WHERE set_id='72r03qr1maowh9k5s0z7cthznzlryhwh';
DELETE FROM metadata_display_label WHERE oid = '7d2f7jp65uoykc8i2yypbs8c9dba9sh10287';
DELETE FROM visibilitymodifier WHERE set_id='sqthvs70clbb93562pvxo9901dxv8eky';
DELETE FROM md_attribute_indicies WHERE set_id='swxary57ksmcou9dej400khuegfsin7j';
DELETE FROM metadata_display_label WHERE oid = 'sp9putxxogl6lf00ofz2h7hf9njjs1ut0287';
DELETE FROM md_attribute_datetime WHERE oid = '8p3t187ar11jnbbe2udc2mklz6oe6eac0082';
DELETE FROM md_attribute_moment WHERE oid = '8p3t187ar11jnbbe2udc2mklz6oe6eac0082';
DELETE FROM md_attribute_primitive WHERE oid = '8p3t187ar11jnbbe2udc2mklz6oe6eac0082';
DELETE FROM md_attribute_concrete WHERE oid = '8p3t187ar11jnbbe2udc2mklz6oe6eac0082';
DELETE FROM md_attribute WHERE oid = '8p3t187ar11jnbbe2udc2mklz6oe6eac0082';
DELETE FROM metadata WHERE oid = '8p3t187ar11jnbbe2udc2mklz6oe6eac0082' AND seq = 3439;
DELETE FROM virtualize_attribute WHERE oid = 'ea530c77-35b0-3825-a599-20ce2dnull';
DELETE FROM metadata_relationship WHERE oid = 'ea530c77-35b0-3825-a599-20ce2dnull' AND seq = 2833;
DELETE FROM class_attribute_virtual WHERE oid = '995f9eb6-8fdd-3443-aec3-58e1ccnull';
DELETE FROM class_attribute WHERE oid = '995f9eb6-8fdd-3443-aec3-58e1ccnull';
DELETE FROM metadata_relationship WHERE oid = '995f9eb6-8fdd-3443-aec3-58e1ccnull' AND seq = 2832;
DELETE FROM metadata_display_label WHERE oid = '1uvgg5tn0roqyjg5jwm49yyt36tq477m0287';
DELETE FROM metadata_display_label WHERE oid = '1ze9mykgaiir3nb2b28tir4hl8jqfr670287';
DELETE FROM md_attribute_virtual WHERE oid = 'acb2ac72-c81a-313e-815a-ef40e0null';
DELETE FROM md_attribute WHERE oid = 'acb2ac72-c81a-313e-815a-ef40e0null';
DELETE FROM metadata WHERE oid = 'acb2ac72-c81a-313e-815a-ef40e0null' AND seq = 3813;
DELETE FROM class_attribute_concrete WHERE oid = '7f4r3xall0w13q3o73a15m72fa83s88j0245';
DELETE FROM class_attribute WHERE oid = '7f4r3xall0w13q3o73a15m72fa83s88j0245';
DELETE FROM metadata_relationship WHERE oid = '7f4r3xall0w13q3o73a15m72fa83s88j0245' AND seq = 2738;
DELETE FROM visibilitymodifier WHERE set_id='6vqdetrfdomikjf8l5e4rfjdpg07lfez';
DELETE FROM metadata_display_label WHERE oid = 'sl0ep1z40q23dsiau1xh7g26ox9mzpj40287';
DELETE FROM visibilitymodifier WHERE set_id='6utkt9sfw19jifen43cqjut581lzitbn';
DELETE FROM md_attribute_indicies WHERE set_id='1v2k6xj6g9uu6u4iuakdj0q3v1t7v3pb';
DELETE FROM metadata_display_label WHERE oid = '24ws5ym0ni844g10m0spr00yg1nt1kmb0287';
DELETE FROM md_attribute_integer WHERE oid = '930cac28-99f7-3c1b-9f7d-39d281null';
DELETE FROM md_attribute_int WHERE oid = '930cac28-99f7-3c1b-9f7d-39d281null';
DELETE FROM md_attribute_number WHERE oid = '930cac28-99f7-3c1b-9f7d-39d281null';
DELETE FROM md_attribute_primitive WHERE oid = '930cac28-99f7-3c1b-9f7d-39d281null';
DELETE FROM md_attribute_concrete WHERE oid = '930cac28-99f7-3c1b-9f7d-39d281null';
DELETE FROM md_attribute WHERE oid = '930cac28-99f7-3c1b-9f7d-39d281null';
DELETE FROM metadata WHERE oid = '930cac28-99f7-3c1b-9f7d-39d281null' AND seq = 3434;
DELETE FROM virtualize_attribute WHERE oid = '8fa4dd7e-3d2d-3b3e-9188-705d9dnull';
DELETE FROM metadata_relationship WHERE oid = '8fa4dd7e-3d2d-3b3e-9188-705d9dnull' AND seq = 2841;
DELETE FROM class_attribute_virtual WHERE oid = 'fc5ba57a-9a38-3f25-a3fe-ae2417null';
DELETE FROM class_attribute WHERE oid = 'fc5ba57a-9a38-3f25-a3fe-ae2417null';
DELETE FROM metadata_relationship WHERE oid = 'fc5ba57a-9a38-3f25-a3fe-ae2417null' AND seq = 2840;
DELETE FROM metadata_display_label WHERE oid = '0g0tjkf20olf5mq6882429hx86ymh0ag0287';
DELETE FROM metadata_display_label WHERE oid = 'qtx39d38kiz5fos8rfcevvggxe0lkh240287';
DELETE FROM md_attribute_virtual WHERE oid = '4cc48897-4a7f-3e55-b898-979c45null';
DELETE FROM md_attribute WHERE oid = '4cc48897-4a7f-3e55-b898-979c45null';
DELETE FROM metadata WHERE oid = '4cc48897-4a7f-3e55-b898-979c45null' AND seq = 3817;
DELETE FROM class_attribute_concrete WHERE oid = '8lx0njt5e0a3zq7d9zzsq0q96tpdxkpd0245';
DELETE FROM class_attribute WHERE oid = '8lx0njt5e0a3zq7d9zzsq0q96tpdxkpd0245';
DELETE FROM metadata_relationship WHERE oid = '8lx0njt5e0a3zq7d9zzsq0q96tpdxkpd0245' AND seq = 2730;
DELETE FROM visibilitymodifier WHERE set_id='stl2upsisx5ex9k0w4lvg3afauj44c3w';
DELETE FROM metadata_display_label WHERE oid = 'xyyo7t19sboon1n35ppenohwwe695dla0287';
DELETE FROM visibilitymodifier WHERE set_id='8vshf62b8x67dqwbubrczikxm37iavte';
DELETE FROM md_attribute_indicies WHERE set_id='2c25qqjhwzjm297wvrefzqr8ps5lv4d6';
DELETE FROM metadata_display_label WHERE oid = '91v03m8qcg56dttipg1n6z3is836awei0287';
DELETE FROM md_attribute_integer WHERE oid = '37ccfc1f-5c6b-30a6-8a80-c33412null';
DELETE FROM md_attribute_int WHERE oid = '37ccfc1f-5c6b-30a6-8a80-c33412null';
DELETE FROM md_attribute_number WHERE oid = '37ccfc1f-5c6b-30a6-8a80-c33412null';
DELETE FROM md_attribute_primitive WHERE oid = '37ccfc1f-5c6b-30a6-8a80-c33412null';
DELETE FROM md_attribute_concrete WHERE oid = '37ccfc1f-5c6b-30a6-8a80-c33412null';
DELETE FROM md_attribute WHERE oid = '37ccfc1f-5c6b-30a6-8a80-c33412null';
DELETE FROM metadata WHERE oid = '37ccfc1f-5c6b-30a6-8a80-c33412null' AND seq = 3449;
 INSERT INTO class_cache (set_id, item_id)  VALUES  ('0e9u7qeu2l3qab2l5u6c9kasnchbviet', '000000000000000000000000000002310077');
INSERT INTO metadata_display_label ( default_locale, oid, site_master, key_name) VALUES ('Job Status', '8ntx48y5csgx96aj70mjfs1l3ec6nf7a0287', 'www.runwaysdk.com', '8ntx48y5csgx96aj70mjfs1l3ec6nf7a0287');
INSERT INTO metadata_display_label ( default_locale, oid, site_master, key_name) VALUES (NULL, '8elx91myx7mmec7elsakilms792p53vc0287', 'www.runwaysdk.com', '8elx91myx7mmec7elsakilms792p53vc0287');
INSERT INTO md_business ( cache_algorithm, cache_algorithm_c, super_md_business, oid) VALUES ('0e9u7qeu2l3qab2l5u6c9kasnchbviet', '000000000000000000000000000002310077', '000000000000000000000000000002060058', 'it5n8uy11mc6rfo3urxl4y3iaostrri00058');
INSERT INTO md_element ( extendable, is_abstract, oid) VALUES (0, 0, 'it5n8uy11mc6rfo3urxl4y3iaostrri00058');
INSERT INTO md_entity ( query_dto_source, query_source, cache_size, enforce_site_master, has_deterministic_ids, table_name, oid) VALUES (NULL, NULL, 0, 1, 0, 'job_status', 'it5n8uy11mc6rfo3urxl4y3iaostrri00058');
INSERT INTO md_class ( publish, stub_dto_source, stub_source, oid) VALUES (1, NULL, NULL, 'it5n8uy11mc6rfo3urxl4y3iaostrri00058');
INSERT INTO md_type ( display_label, root_id, package_name, type_name, base_source, js_base, js_stub, exported, dto_source, oid) VALUES ('8ntx48y5csgx96aj70mjfs1l3ec6nf7a0287', 'it5n8uy11mc6rfo3urxl4y3iaostrri0', 'com.runwaysdk.system.scheduler', 'JobStatus', NULL, NULL, NULL, 1, NULL, 'it5n8uy11mc6rfo3urxl4y3iaostrri00058');
INSERT INTO metadata ( description, created_by, owner, oid, create_date, seq, type, remove, site_master, locked_by, entity_domain, last_updated_by, last_update_date, key_name) VALUES ('8elx91myx7mmec7elsakilms792p53vc0287', '000000000000000000000000000000100060', '000000000000000000000000000000100060', 'it5n8uy11mc6rfo3urxl4y3iaostrri00058', '2014-11-29 17:52:48', 4802, 'com.runwaysdk.system.metadata.MdBusiness', 1, 'www.runwaysdk.com', NULL, NULL, '000000000000000000000000000000100060', '2014-11-29 17:52:48', 'com.runwaysdk.system.scheduler.JobStatus');
INSERT INTO business_inheritance ( oid, parent_oid, child_oid) VALUES ('it5n8uy11mc6rfo3urxl4y3iaostrri00257', '000000000000000000000000000002060058', 'it5n8uy11mc6rfo3urxl4y3iaostrri00058');
INSERT INTO class_inheritance ( oid, parent_oid, child_oid) VALUES ('it5n8uy11mc6rfo3urxl4y3iaostrri00257', '000000000000000000000000000002060058', 'it5n8uy11mc6rfo3urxl4y3iaostrri00058');
INSERT INTO metadata_relationship ( entity_domain, site_master, last_updated_by, oid, owner, locked_by, create_date, type, created_by, seq, key_name, last_update_date, parent_oid, child_oid) VALUES (NULL, 'www.runwaysdk.com', '000000000000000000000000000000100060', 'it5n8uy11mc6rfo3urxl4y3iaostrri00257', '000000000000000000000000000000100060', NULL, '2014-11-29 17:52:48', 'com.runwaysdk.system.metadata.BusinessInheritance', '000000000000000000000000000000100060', 4803, 'com.runwaysdk.system.scheduler.JobStatus', '2014-11-29 17:52:48', '000000000000000000000000000002060058', 'it5n8uy11mc6rfo3urxl4y3iaostrri00058');
CREATE TABLE job_status ( oid CHAR(64) NOT NULL PRIMARY KEY );
INSERT INTO metadata_display_label ( default_locale, oid, site_master, key_name) VALUES ('Running', 'zgmu08ml413ij5ysbawazusnqmawtwsh0287', 'www.runwaysdk.com', 'zgmu08ml413ij5ysbawazusnqmawtwsh0287');
INSERT INTO job_status ( oid) VALUES ('0abnezckntpuk0qjylw1nc1yuhwfrijl0231');
INSERT INTO enumeration_master ( create_date, locked_by, owner, site_master, type, last_update_date, oid, entity_domain, key_name, display_label, enum_name, created_by, seq, last_updated_by) VALUES ('2014-11-29 17:52:48', NULL, '000000000000000000000000000000100060', 'www.runwaysdk.com', 'com.runwaysdk.system.scheduler.JobStatus', '2014-11-29 17:52:48', '0abnezckntpuk0qjylw1nc1yuhwfrijl0231', NULL, 'com.runwaysdk.system.scheduler.JobStatus.RUNNING', 'zgmu08ml413ij5ysbawazusnqmawtwsh0287', 'RUNNING', '000000000000000000000000000000100060', 4804, '000000000000000000000000000000100060');
INSERT INTO metadata_display_label ( default_locale, oid, site_master, key_name) VALUES ('Canceled', 'xkgiex1zi3pt8xtwemcaakyibgphbjk30287', 'www.runwaysdk.com', 'xkgiex1zi3pt8xtwemcaakyibgphbjk30287');
INSERT INTO job_status ( oid) VALUES ('06i8ibj8q0gu73z5g4en9fx0e1vm9igy0231');
INSERT INTO enumeration_master ( create_date, locked_by, owner, site_master, type, last_update_date, oid, entity_domain, key_name, display_label, enum_name, created_by, seq, last_updated_by) VALUES ('2014-11-29 17:52:48', NULL, '000000000000000000000000000000100060', 'www.runwaysdk.com', 'com.runwaysdk.system.scheduler.JobStatus', '2014-11-29 17:52:48', '06i8ibj8q0gu73z5g4en9fx0e1vm9igy0231', NULL, 'com.runwaysdk.system.scheduler.JobStatus.CANCELED', 'xkgiex1zi3pt8xtwemcaakyibgphbjk30287', 'CANCELED', '000000000000000000000000000000100060', 4805, '000000000000000000000000000000100060');
INSERT INTO metadata_display_label ( default_locale, oid, site_master, key_name) VALUES ('Success', 'z03rriibwtqlws1trhbmbcc12abtu2ug0287', 'www.runwaysdk.com', 'z03rriibwtqlws1trhbmbcc12abtu2ug0287');
INSERT INTO job_status ( oid) VALUES ('0a503ugpycrozm8rqhu1ymk29bv6w3qf0231');
INSERT INTO enumeration_master ( create_date, locked_by, owner, site_master, type, last_update_date, oid, entity_domain, key_name, display_label, enum_name, created_by, seq, last_updated_by) VALUES ('2014-11-29 17:52:48', NULL, '000000000000000000000000000000100060', 'www.runwaysdk.com', 'com.runwaysdk.system.scheduler.JobStatus', '2014-11-29 17:52:48', '0a503ugpycrozm8rqhu1ymk29bv6w3qf0231', NULL, 'com.runwaysdk.system.scheduler.JobStatus.SUCCESS', 'z03rriibwtqlws1trhbmbcc12abtu2ug0287', 'SUCCESS', '000000000000000000000000000000100060', 4806, '000000000000000000000000000000100060');
INSERT INTO metadata_display_label ( default_locale, oid, site_master, key_name) VALUES ('Failure', 'x8i0ai281fdh7emq9hf7gv3s1kxyyiup0287', 'www.runwaysdk.com', 'x8i0ai281fdh7emq9hf7gv3s1kxyyiup0287');
INSERT INTO job_status ( oid) VALUES ('xpm5e9836ibbe4vqpanghv5e981w75xc0231');
INSERT INTO enumeration_master ( create_date, locked_by, owner, site_master, type, last_update_date, oid, entity_domain, key_name, display_label, enum_name, created_by, seq, last_updated_by) VALUES ('2014-11-29 17:52:48', NULL, '000000000000000000000000000000100060', 'www.runwaysdk.com', 'com.runwaysdk.system.scheduler.JobStatus', '2014-11-29 17:52:48', 'xpm5e9836ibbe4vqpanghv5e981w75xc0231', NULL, 'com.runwaysdk.system.scheduler.JobStatus.FAILURE', 'x8i0ai281fdh7emq9hf7gv3s1kxyyiup0287', 'FAILURE', '000000000000000000000000000000100060', 4807, '000000000000000000000000000000100060');
INSERT INTO metadata_display_label ( default_locale, oid, site_master, key_name) VALUES ('Stopped', '8xhuikqj108nrh2ew7czg9xlsb67njmp0287', 'www.runwaysdk.com', '8xhuikqj108nrh2ew7czg9xlsb67njmp0287');
INSERT INTO job_status ( oid) VALUES ('1pyq771t4k3mzke81dc6lwpcan94azqd0231');
INSERT INTO enumeration_master ( create_date, locked_by, owner, site_master, type, last_update_date, oid, entity_domain, key_name, display_label, enum_name, created_by, seq, last_updated_by) VALUES ('2014-11-29 17:52:48', NULL, '000000000000000000000000000000100060', 'www.runwaysdk.com', 'com.runwaysdk.system.scheduler.JobStatus', '2014-11-29 17:52:48', '1pyq771t4k3mzke81dc6lwpcan94azqd0231', NULL, 'com.runwaysdk.system.scheduler.JobStatus.STOPPED', '8xhuikqj108nrh2ew7czg9xlsb67njmp0287', 'STOPPED', '000000000000000000000000000000100060', 4808, '000000000000000000000000000000100060');
INSERT INTO metadata_display_label ( default_locale, oid, site_master, key_name) VALUES ('All Job Status Types', '0to9a4u3y210mhx2hpy6sv6ke9rdo8xm0287', 'www.runwaysdk.com', '0to9a4u3y210mhx2hpy6sv6ke9rdo8xm0287');
INSERT INTO metadata_display_label ( default_locale, oid, site_master, key_name) VALUES (NULL, 'yw0lz8ayj5kem6xwdswbfpgttqx2g7ol0287', 'www.runwaysdk.com', 'yw0lz8ayj5kem6xwdswbfpgttqx2g7ol0287');
INSERT INTO md_enumeration ( include_all, master_md_business, table_name, oid) VALUES (0, 'it5n8uy11mc6rfo3urxl4y3iaostrri00058', 'alljobstatus', 'ij1epz96kc3kazn8h799jceyjx02y6rf0075');
INSERT INTO md_type ( display_label, root_id, package_name, type_name, base_source, js_base, js_stub, exported, dto_source, oid) VALUES ('0to9a4u3y210mhx2hpy6sv6ke9rdo8xm0287', 'ij1epz96kc3kazn8h799jceyjx02y6rf', 'com.runwaysdk.system.scheduler', 'AllJobStatus', NULL, NULL, NULL, 1, NULL, 'ij1epz96kc3kazn8h799jceyjx02y6rf0075');
INSERT INTO metadata ( description, created_by, owner, oid, create_date, seq, type, remove, site_master, locked_by, entity_domain, last_updated_by, last_update_date, key_name) VALUES ('yw0lz8ayj5kem6xwdswbfpgttqx2g7ol0287', '000000000000000000000000000000100060', '000000000000000000000000000000100060', 'ij1epz96kc3kazn8h799jceyjx02y6rf0075', '2014-11-29 17:52:48', 4809, 'com.runwaysdk.system.metadata.MdEnumeration', 1, 'www.runwaysdk.com', NULL, NULL, '000000000000000000000000000000100060', '2014-11-29 17:52:48', 'com.runwaysdk.system.scheduler.AllJobStatus');
INSERT INTO enumeration_attribute ( oid, parent_oid, child_oid) VALUES ('b42dab15-5e64-3a72-9a12-a5dc8cnull', 'it5n8uy11mc6rfo3urxl4y3iaostrri00058', 'ij1epz96kc3kazn8h799jceyjx02y6rf0075');
INSERT INTO metadata_relationship ( entity_domain, site_master, last_updated_by, oid, owner, locked_by, create_date, type, created_by, seq, key_name, last_update_date, parent_oid, child_oid) VALUES (NULL, 'www.runwaysdk.com', '000000000000000000000000000000100060', 'b42dab15-5e64-3a72-9a12-a5dc8cnull', '000000000000000000000000000000100060', NULL, '2014-11-29 17:52:48', 'com.runwaysdk.system.metadata.EnumerationAttribute', '000000000000000000000000000000100060', 4810, 'com.runwaysdk.system.scheduler.AllJobStatus', '2014-11-29 17:52:48', 'it5n8uy11mc6rfo3urxl4y3iaostrri00058', 'ij1epz96kc3kazn8h799jceyjx02y6rf0075');
CREATE TABLE alljobstatus 
(set_id                CHAR(32) NOT NULL, 
item_id CHAR(64) NOT NULL);
CREATE UNIQUE INDEX aij1epz96kc3kazn8h799jceyjx02y ON alljobstatus (set_id, item_id);
UPDATE metadata_display_label SET default_locale= 'All Job Status Types' , oid= '0to9a4u3y210mhx2hpy6sv6ke9rdo8xm0287' , site_master= 'www.runwaysdk.com' , key_name= '0to9a4u3y210mhx2hpy6sv6ke9rdo8xm0287'  WHERE oid='0to9a4u3y210mhx2hpy6sv6ke9rdo8xm0287';
UPDATE metadata_display_label SET oid= 'yw0lz8ayj5kem6xwdswbfpgttqx2g7ol0287' , site_master= 'www.runwaysdk.com' , key_name= 'yw0lz8ayj5kem6xwdswbfpgttqx2g7ol0287'  WHERE oid='yw0lz8ayj5kem6xwdswbfpgttqx2g7ol0287';
UPDATE md_enumeration SET include_all= 1 , master_md_business= 'it5n8uy11mc6rfo3urxl4y3iaostrri00058' , table_name= 'alljobstatus' , oid= 'ij1epz96kc3kazn8h799jceyjx02y6rf0075'  WHERE oid='ij1epz96kc3kazn8h799jceyjx02y6rf0075';
UPDATE md_type SET display_label= '0to9a4u3y210mhx2hpy6sv6ke9rdo8xm0287' , root_id= 'ij1epz96kc3kazn8h799jceyjx02y6rf' , package_name= 'com.runwaysdk.system.scheduler' , type_name= 'AllJobStatus' , oid= 'ij1epz96kc3kazn8h799jceyjx02y6rf0075'  WHERE oid='ij1epz96kc3kazn8h799jceyjx02y6rf0075';
UPDATE metadata SET description= 'yw0lz8ayj5kem6xwdswbfpgttqx2g7ol0287' , created_by= '000000000000000000000000000000100060' , owner= '000000000000000000000000000000100060' , oid= 'ij1epz96kc3kazn8h799jceyjx02y6rf0075' , create_date= '2014-11-29 17:52:48' , seq= 4811 , type= 'com.runwaysdk.system.metadata.MdEnumeration' , site_master= 'www.runwaysdk.com' , last_updated_by= '000000000000000000000000000000100060' , last_update_date= '2014-11-29 17:52:48' , key_name= 'com.runwaysdk.system.scheduler.AllJobStatus'  WHERE oid='ij1epz96kc3kazn8h799jceyjx02y6rf0075';
UPDATE metadata_relationship SET site_master= 'www.runwaysdk.com' , last_updated_by= '000000000000000000000000000000100060' , oid= 'b42dab15-5e64-3a72-9a12-a5dc8cnull' , owner= '000000000000000000000000000000100060' , create_date= '2014-11-29 17:52:48' , type= 'com.runwaysdk.system.metadata.EnumerationAttribute' , created_by= '000000000000000000000000000000100060' , seq= 4812 , key_name= 'com.runwaysdk.system.scheduler.AllJobStatus' , last_update_date= '2014-11-29 17:52:48'  WHERE oid='b42dab15-5e64-3a72-9a12-a5dc8cnull';
INSERT INTO enumeration_attribute_item ( oid, parent_oid, child_oid) VALUES ('il8mpvzev1cwyqz037qf0810wowu1uu50247', 'ij1epz96kc3kazn8h799jceyjx02y6rf0075', '0abnezckntpuk0qjylw1nc1yuhwfrijl0231');
INSERT INTO metadata_relationship ( entity_domain, site_master, last_updated_by, oid, owner, locked_by, create_date, type, created_by, seq, key_name, last_update_date, parent_oid, child_oid) VALUES (NULL, 'www.runwaysdk.com', '000000000000000000000000000000100060', 'il8mpvzev1cwyqz037qf0810wowu1uu50247', '000000000000000000000000000000100060', NULL, '2014-11-29 17:52:48', 'com.runwaysdk.system.metadata.EnumerationAttributeItem', '000000000000000000000000000000100060', 4813, 'com.runwaysdk.system.scheduler.AllJobStatus.RUNNING', '2014-11-29 17:52:48', 'ij1epz96kc3kazn8h799jceyjx02y6rf0075', '0abnezckntpuk0qjylw1nc1yuhwfrijl0231');
INSERT INTO enumeration_attribute_item ( oid, parent_oid, child_oid) VALUES ('is8wfgyizi67iynisuel4tzjg97adkt30247', 'ij1epz96kc3kazn8h799jceyjx02y6rf0075', '06i8ibj8q0gu73z5g4en9fx0e1vm9igy0231');
INSERT INTO metadata_relationship ( entity_domain, site_master, last_updated_by, oid, owner, locked_by, create_date, type, created_by, seq, key_name, last_update_date, parent_oid, child_oid) VALUES (NULL, 'www.runwaysdk.com', '000000000000000000000000000000100060', 'is8wfgyizi67iynisuel4tzjg97adkt30247', '000000000000000000000000000000100060', NULL, '2014-11-29 17:52:48', 'com.runwaysdk.system.metadata.EnumerationAttributeItem', '000000000000000000000000000000100060', 4814, 'com.runwaysdk.system.scheduler.AllJobStatus.CANCELED', '2014-11-29 17:52:48', 'ij1epz96kc3kazn8h799jceyjx02y6rf0075', '06i8ibj8q0gu73z5g4en9fx0e1vm9igy0231');
INSERT INTO enumeration_attribute_item ( oid, parent_oid, child_oid) VALUES ('id5ro0wn6fj4uhew36sririykqthe8ra0247', 'ij1epz96kc3kazn8h799jceyjx02y6rf0075', '0a503ugpycrozm8rqhu1ymk29bv6w3qf0231');
INSERT INTO metadata_relationship ( entity_domain, site_master, last_updated_by, oid, owner, locked_by, create_date, type, created_by, seq, key_name, last_update_date, parent_oid, child_oid) VALUES (NULL, 'www.runwaysdk.com', '000000000000000000000000000000100060', 'id5ro0wn6fj4uhew36sririykqthe8ra0247', '000000000000000000000000000000100060', NULL, '2014-11-29 17:52:48', 'com.runwaysdk.system.metadata.EnumerationAttributeItem', '000000000000000000000000000000100060', 4815, 'com.runwaysdk.system.scheduler.AllJobStatus.SUCCESS', '2014-11-29 17:52:48', 'ij1epz96kc3kazn8h799jceyjx02y6rf0075', '0a503ugpycrozm8rqhu1ymk29bv6w3qf0231');
INSERT INTO enumeration_attribute_item ( oid, parent_oid, child_oid) VALUES ('icw8m5kt3yc60zue6g1mn7njxbnkutkc0247', 'ij1epz96kc3kazn8h799jceyjx02y6rf0075', 'xpm5e9836ibbe4vqpanghv5e981w75xc0231');
INSERT INTO metadata_relationship ( entity_domain, site_master, last_updated_by, oid, owner, locked_by, create_date, type, created_by, seq, key_name, last_update_date, parent_oid, child_oid) VALUES (NULL, 'www.runwaysdk.com', '000000000000000000000000000000100060', 'icw8m5kt3yc60zue6g1mn7njxbnkutkc0247', '000000000000000000000000000000100060', NULL, '2014-11-29 17:52:48', 'com.runwaysdk.system.metadata.EnumerationAttributeItem', '000000000000000000000000000000100060', 4816, 'com.runwaysdk.system.scheduler.AllJobStatus.FAILURE', '2014-11-29 17:52:48', 'ij1epz96kc3kazn8h799jceyjx02y6rf0075', 'xpm5e9836ibbe4vqpanghv5e981w75xc0231');
INSERT INTO enumeration_attribute_item ( oid, parent_oid, child_oid) VALUES ('i2b1wvv23whp88oo5l1cbhhr4qr9qi2o0247', 'ij1epz96kc3kazn8h799jceyjx02y6rf0075', '1pyq771t4k3mzke81dc6lwpcan94azqd0231');
INSERT INTO metadata_relationship ( entity_domain, site_master, last_updated_by, oid, owner, locked_by, create_date, type, created_by, seq, key_name, last_update_date, parent_oid, child_oid) VALUES (NULL, 'www.runwaysdk.com', '000000000000000000000000000000100060', 'i2b1wvv23whp88oo5l1cbhhr4qr9qi2o0247', '000000000000000000000000000000100060', NULL, '2014-11-29 17:52:48', 'com.runwaysdk.system.metadata.EnumerationAttributeItem', '000000000000000000000000000000100060', 4817, 'com.runwaysdk.system.scheduler.AllJobStatus.STOPPED', '2014-11-29 17:52:48', 'ij1epz96kc3kazn8h799jceyjx02y6rf0075', '1pyq771t4k3mzke81dc6lwpcan94azqd0231');
UPDATE metadata SET seq= 4818 , last_update_date= '2014-11-29 17:52:48'  WHERE oid='8ndv254jvk1mw1rql6a4pqz9qbqvdzl40058';
UPDATE metadata_display_label SET default_locale= 'start'  WHERE oid='2461zyh9vrai3v9viafldkk65oghwpvh0287';
UPDATE metadata_display_label SET default_locale= 'Starts a job.'  WHERE oid='zj0na6mele8znqh08o0rv45ld05ux28j0287';
UPDATE md_method SET return_type= 'com.runwaysdk.system.scheduler.JobHistory' , display_label= '2461zyh9vrai3v9viafldkk65oghwpvh0287' , oid= 'e5944eff-ce65-33b9-bc9e-45b664null'  WHERE oid='e5944eff-ce65-33b9-bc9e-45b664null';
UPDATE metadata SET description= 'zj0na6mele8znqh08o0rv45ld05ux28j0287' , seq= 4819 , last_update_date= '2014-11-29 17:52:48'  WHERE oid='e5944eff-ce65-33b9-bc9e-45b664null';
UPDATE metadata SET seq= 4820 , last_update_date= '2014-11-29 17:52:48'  WHERE oid='2ft54d1ik9d4qmj2ffopey6uwk000fvr0058';
 INSERT INTO visibilitymodifier (set_id, item_id)  VALUES  ('6x9lppkhf4kvogoi4xdcmzafh22v2ao8', '20071109NM00000000000000000000050113');
INSERT INTO metadata_display_label ( default_locale, oid, site_master, key_name) VALUES ('Status', 'rbt4czwyyyg36x079ri2wem8r7w58aw60287', 'www.runwaysdk.com', 'rbt4czwyyyg36x079ri2wem8r7w58aw60287');
 INSERT INTO visibilitymodifier (set_id, item_id)  VALUES  ('2e9e9copd8ufh2gfcyl6my5ypl8c0uy5', '20071109NM00000000000000000000050113');
 INSERT INTO md_attribute_indicies (set_id, item_id)  VALUES  ('zmb9hdprp034s0a0vcalyi836z39pxfd', '000000000000000000000000000004010085');
INSERT INTO metadata_display_label ( default_locale, oid, site_master, key_name) VALUES (NULL, '1os981hbqkebwzy8y7wf996j0phwu3j70287', 'www.runwaysdk.com', '1os981hbqkebwzy8y7wf996j0phwu3j70287');
INSERT INTO md_attribute_enumeration ( select_multiple, md_enumeration, default_value, cache_column_name, oid) VALUES (0, 'ij1epz96kc3kazn8h799jceyjx02y6rf0075', NULL, 'status_c', 'ijo9kjdvn8pk3son3xpck0dhwda6ozz50076');
INSERT INTO md_attribute_ref ( oid) VALUES ('ijo9kjdvn8pk3son3xpck0dhwda6ozz50076');
INSERT INTO md_attribute_concrete ( column_name, defining_md_class, setter_visibility, setter_visibility_c, immutable, index_name, generate_accessor, system, required, display_label, getter_visibility, getter_visibility_c, index_type, index_type_c, attribute_name, oid) VALUES ('status', '2ft54d1ik9d4qmj2ffopey6uwk000fvr0058', '6x9lppkhf4kvogoi4xdcmzafh22v2ao8', '20071109NM00000000000000000000050113', 0, 'a3jukwub48n818z3gc8kcpqm6rc28a', 1, 0, 0, 'rbt4czwyyyg36x079ri2wem8r7w58aw60287', '2e9e9copd8ufh2gfcyl6my5ypl8c0uy5', '20071109NM00000000000000000000050113', 'zmb9hdprp034s0a0vcalyi836z39pxfd', '000000000000000000000000000004010085', 'status', 'ijo9kjdvn8pk3son3xpck0dhwda6ozz50076');
INSERT INTO md_attribute ( oid) VALUES ('ijo9kjdvn8pk3son3xpck0dhwda6ozz50076');
INSERT INTO metadata ( description, created_by, owner, oid, create_date, seq, type, remove, site_master, locked_by, entity_domain, last_updated_by, last_update_date, key_name) VALUES ('1os981hbqkebwzy8y7wf996j0phwu3j70287', '000000000000000000000000000000100060', '000000000000000000000000000000100060', 'ijo9kjdvn8pk3son3xpck0dhwda6ozz50076', '2014-11-29 17:52:48', 4821, 'com.runwaysdk.system.metadata.MdAttributeEnumeration', 1, 'www.runwaysdk.com', NULL, NULL, '000000000000000000000000000000100060', '2014-11-29 17:52:48', 'com.runwaysdk.system.scheduler.JobHistory.status');
INSERT INTO class_attribute_concrete ( oid, parent_oid, child_oid) VALUES ('ijo9kjdvn8pk3son3xpck0dhwda6ozz50245', '2ft54d1ik9d4qmj2ffopey6uwk000fvr0058', 'ijo9kjdvn8pk3son3xpck0dhwda6ozz50076');
INSERT INTO class_attribute ( oid, parent_oid, child_oid) VALUES ('ijo9kjdvn8pk3son3xpck0dhwda6ozz50245', '2ft54d1ik9d4qmj2ffopey6uwk000fvr0058', 'ijo9kjdvn8pk3son3xpck0dhwda6ozz50076');
INSERT INTO metadata_relationship ( entity_domain, site_master, last_updated_by, oid, owner, locked_by, create_date, type, created_by, seq, key_name, last_update_date, parent_oid, child_oid) VALUES (NULL, 'www.runwaysdk.com', '000000000000000000000000000000100060', 'ijo9kjdvn8pk3son3xpck0dhwda6ozz50245', '000000000000000000000000000000100060', NULL, '2014-11-29 17:52:48', 'com.runwaysdk.system.metadata.ClassAttributeConcrete', '000000000000000000000000000000100060', 4822, 'com.runwaysdk.system.scheduler.JobHistory.status', '2014-11-29 17:52:48', '2ft54d1ik9d4qmj2ffopey6uwk000fvr0058', 'ijo9kjdvn8pk3son3xpck0dhwda6ozz50076');
 INSERT INTO visibilitymodifier (set_id, item_id)  VALUES  ('1qvlgnx8udll1heu6hnj0ul7agbznm9g', '20071109NM00000000000000000000050113');
INSERT INTO metadata_display_label ( default_locale, oid, site_master, key_name) VALUES ('Last Run', 'saj2rttv09s26zcphxn25ejqizvkj9090287', 'www.runwaysdk.com', 'saj2rttv09s26zcphxn25ejqizvkj9090287');
 INSERT INTO visibilitymodifier (set_id, item_id)  VALUES  ('sa1jlv7mjzo71e4vtfyrmdun14ztj5i9', '20071109NM00000000000000000000050113');
 INSERT INTO md_attribute_indicies (set_id, item_id)  VALUES  ('8pp5znavuahn6996pa0a135g3ezh5vt7', '000000000000000000000000000004010085');
INSERT INTO metadata_display_label ( default_locale, oid, site_master, key_name) VALUES (NULL, 'szukdjte01jo2e8ue8x1z0texnx83kvs0287', 'www.runwaysdk.com', 'szukdjte01jo2e8ue8x1z0texnx83kvs0287');
INSERT INTO md_attribute_datetime ( default_value, oid) VALUES (NULL, 'ilu8f4mgo8kpn8122ucvj2ttx14u98qt0082');
INSERT INTO md_attribute_moment ( oid) VALUES ('ilu8f4mgo8kpn8122ucvj2ttx14u98qt0082');
INSERT INTO md_attribute_primitive ( oid) VALUES ('ilu8f4mgo8kpn8122ucvj2ttx14u98qt0082');
INSERT INTO md_attribute_concrete ( column_name, defining_md_class, setter_visibility, setter_visibility_c, immutable, index_name, generate_accessor, system, required, display_label, getter_visibility, getter_visibility_c, index_type, index_type_c, attribute_name, oid) VALUES ('start_time', '2ft54d1ik9d4qmj2ffopey6uwk000fvr0058', '1qvlgnx8udll1heu6hnj0ul7agbznm9g', '20071109NM00000000000000000000050113', 0, 'a9rp7eqi1tuojsk008tnd2fnm7051o', 1, 0, 0, 'saj2rttv09s26zcphxn25ejqizvkj9090287', 'sa1jlv7mjzo71e4vtfyrmdun14ztj5i9', '20071109NM00000000000000000000050113', '8pp5znavuahn6996pa0a135g3ezh5vt7', '000000000000000000000000000004010085', 'startTime', 'ilu8f4mgo8kpn8122ucvj2ttx14u98qt0082');
INSERT INTO md_attribute ( oid) VALUES ('ilu8f4mgo8kpn8122ucvj2ttx14u98qt0082');
INSERT INTO metadata ( description, created_by, owner, oid, create_date, seq, type, remove, site_master, locked_by, entity_domain, last_updated_by, last_update_date, key_name) VALUES ('szukdjte01jo2e8ue8x1z0texnx83kvs0287', '000000000000000000000000000000100060', '000000000000000000000000000000100060', 'ilu8f4mgo8kpn8122ucvj2ttx14u98qt0082', '2014-11-29 17:52:48', 4823, 'com.runwaysdk.system.metadata.MdAttributeDateTime', 1, 'www.runwaysdk.com', NULL, NULL, '000000000000000000000000000000100060', '2014-11-29 17:52:48', 'com.runwaysdk.system.scheduler.JobHistory.startTime');
INSERT INTO class_attribute_concrete ( oid, parent_oid, child_oid) VALUES ('ilu8f4mgo8kpn8122ucvj2ttx14u98qt0245', '2ft54d1ik9d4qmj2ffopey6uwk000fvr0058', 'ilu8f4mgo8kpn8122ucvj2ttx14u98qt0082');
INSERT INTO class_attribute ( oid, parent_oid, child_oid) VALUES ('ilu8f4mgo8kpn8122ucvj2ttx14u98qt0245', '2ft54d1ik9d4qmj2ffopey6uwk000fvr0058', 'ilu8f4mgo8kpn8122ucvj2ttx14u98qt0082');
INSERT INTO metadata_relationship ( entity_domain, site_master, last_updated_by, oid, owner, locked_by, create_date, type, created_by, seq, key_name, last_update_date, parent_oid, child_oid) VALUES (NULL, 'www.runwaysdk.com', '000000000000000000000000000000100060', 'ilu8f4mgo8kpn8122ucvj2ttx14u98qt0245', '000000000000000000000000000000100060', NULL, '2014-11-29 17:52:48', 'com.runwaysdk.system.metadata.ClassAttributeConcrete', '000000000000000000000000000000100060', 4824, 'com.runwaysdk.system.scheduler.JobHistory.startTime', '2014-11-29 17:52:48', '2ft54d1ik9d4qmj2ffopey6uwk000fvr0058', 'ilu8f4mgo8kpn8122ucvj2ttx14u98qt0082');
 INSERT INTO visibilitymodifier (set_id, item_id)  VALUES  ('xzs42fuoiynpuc065hqdxzm945a2c69a', '20071109NM00000000000000000000050113');
INSERT INTO metadata_display_label ( default_locale, oid, site_master, key_name) VALUES ('End Time', 'qti60s5srfd7eakt5von9x9l8483bjil0287', 'www.runwaysdk.com', 'qti60s5srfd7eakt5von9x9l8483bjil0287');
 INSERT INTO visibilitymodifier (set_id, item_id)  VALUES  ('qqokwsx1hwfpaxx2ua3tyo2hqnzi3td0', '20071109NM00000000000000000000050113');
 INSERT INTO md_attribute_indicies (set_id, item_id)  VALUES  ('zi83z5zirnlkev5dr6aq9cpgye33yxup', '000000000000000000000000000004010085');
INSERT INTO metadata_display_label ( default_locale, oid, site_master, key_name) VALUES (NULL, 'sw3yxb0a54x423sm4x22eevi4wgkhght0287', 'www.runwaysdk.com', 'sw3yxb0a54x423sm4x22eevi4wgkhght0287');
INSERT INTO md_attribute_datetime ( default_value, oid) VALUES (NULL, 'idl7r1zaflhidv1rxhpjwb3a2w9bwb4i0082');
INSERT INTO md_attribute_moment ( oid) VALUES ('idl7r1zaflhidv1rxhpjwb3a2w9bwb4i0082');
INSERT INTO md_attribute_primitive ( oid) VALUES ('idl7r1zaflhidv1rxhpjwb3a2w9bwb4i0082');
INSERT INTO md_attribute_concrete ( column_name, defining_md_class, setter_visibility, setter_visibility_c, immutable, index_name, generate_accessor, system, required, display_label, getter_visibility, getter_visibility_c, index_type, index_type_c, attribute_name, oid) VALUES ('end_time', '2ft54d1ik9d4qmj2ffopey6uwk000fvr0058', 'xzs42fuoiynpuc065hqdxzm945a2c69a', '20071109NM00000000000000000000050113', 0, 'acdtgiyzdbnjcu66pnh3tixcv4y5gx', 1, 0, 0, 'qti60s5srfd7eakt5von9x9l8483bjil0287', 'qqokwsx1hwfpaxx2ua3tyo2hqnzi3td0', '20071109NM00000000000000000000050113', 'zi83z5zirnlkev5dr6aq9cpgye33yxup', '000000000000000000000000000004010085', 'endTime', 'idl7r1zaflhidv1rxhpjwb3a2w9bwb4i0082');
INSERT INTO md_attribute ( oid) VALUES ('idl7r1zaflhidv1rxhpjwb3a2w9bwb4i0082');
INSERT INTO metadata ( description, created_by, owner, oid, create_date, seq, type, remove, site_master, locked_by, entity_domain, last_updated_by, last_update_date, key_name) VALUES ('sw3yxb0a54x423sm4x22eevi4wgkhght0287', '000000000000000000000000000000100060', '000000000000000000000000000000100060', 'idl7r1zaflhidv1rxhpjwb3a2w9bwb4i0082', '2014-11-29 17:52:48', 4825, 'com.runwaysdk.system.metadata.MdAttributeDateTime', 1, 'www.runwaysdk.com', NULL, NULL, '000000000000000000000000000000100060', '2014-11-29 17:52:48', 'com.runwaysdk.system.scheduler.JobHistory.endTime');
INSERT INTO class_attribute_concrete ( oid, parent_oid, child_oid) VALUES ('idl7r1zaflhidv1rxhpjwb3a2w9bwb4i0245', '2ft54d1ik9d4qmj2ffopey6uwk000fvr0058', 'idl7r1zaflhidv1rxhpjwb3a2w9bwb4i0082');
INSERT INTO class_attribute ( oid, parent_oid, child_oid) VALUES ('idl7r1zaflhidv1rxhpjwb3a2w9bwb4i0245', '2ft54d1ik9d4qmj2ffopey6uwk000fvr0058', 'idl7r1zaflhidv1rxhpjwb3a2w9bwb4i0082');
INSERT INTO metadata_relationship ( entity_domain, site_master, last_updated_by, oid, owner, locked_by, create_date, type, created_by, seq, key_name, last_update_date, parent_oid, child_oid) VALUES (NULL, 'www.runwaysdk.com', '000000000000000000000000000000100060', 'idl7r1zaflhidv1rxhpjwb3a2w9bwb4i0245', '000000000000000000000000000000100060', NULL, '2014-11-29 17:52:48', 'com.runwaysdk.system.metadata.ClassAttributeConcrete', '000000000000000000000000000000100060', 4826, 'com.runwaysdk.system.scheduler.JobHistory.endTime', '2014-11-29 17:52:48', '2ft54d1ik9d4qmj2ffopey6uwk000fvr0058', 'idl7r1zaflhidv1rxhpjwb3a2w9bwb4i0082');
 INSERT INTO visibilitymodifier (set_id, item_id)  VALUES  ('y09l6j3xisqq5bxp51js1hbdqrqqz9cn', '20071109NM00000000000000000000050113');
INSERT INTO metadata_display_label ( default_locale, oid, site_master, key_name) VALUES ('Retries', 'xy1yn9wsx8th4xg4sn7x2u43bkmadenc0287', 'www.runwaysdk.com', 'xy1yn9wsx8th4xg4sn7x2u43bkmadenc0287');
 INSERT INTO visibilitymodifier (set_id, item_id)  VALUES  ('02pk7mb3t6xinb60w3x43a6qnmdjacb5', '20071109NM00000000000000000000050113');
 INSERT INTO md_attribute_indicies (set_id, item_id)  VALUES  ('0afsyj2rju8bdxgb5dl2hn3ib54hkyrq', '000000000000000000000000000004010085');
INSERT INTO metadata_display_label ( default_locale, oid, site_master, key_name) VALUES (NULL, '75ajvle74symh3vrx6svovjugb1i2ohh0287', 'www.runwaysdk.com', '75ajvle74symh3vrx6svovjugb1i2ohh0287');
INSERT INTO md_attribute_integer ( start_range, default_value, end_range, oid) VALUES (NULL, 0, NULL, 'db57ecc9-6651-375f-856c-6f30f3null');
INSERT INTO md_attribute_int ( oid) VALUES ('db57ecc9-6651-375f-856c-6f30f3null');
INSERT INTO md_attribute_number ( reject_negative, reject_zero, reject_positive, oid) VALUES (0, 0, 0, 'db57ecc9-6651-375f-856c-6f30f3null');
INSERT INTO md_attribute_primitive ( oid) VALUES ('db57ecc9-6651-375f-856c-6f30f3null');
INSERT INTO md_attribute_concrete ( column_name, defining_md_class, setter_visibility, setter_visibility_c, immutable, index_name, generate_accessor, system, required, display_label, getter_visibility, getter_visibility_c, index_type, index_type_c, attribute_name, oid) VALUES ('retries', '2ft54d1ik9d4qmj2ffopey6uwk000fvr0058', 'y09l6j3xisqq5bxp51js1hbdqrqqz9cn', '20071109NM00000000000000000000050113', 0, 'a6rt4b8qxnes78p6fpvu42he8wvymk', 1, 0, 0, 'xy1yn9wsx8th4xg4sn7x2u43bkmadenc0287', '02pk7mb3t6xinb60w3x43a6qnmdjacb5', '20071109NM00000000000000000000050113', '0afsyj2rju8bdxgb5dl2hn3ib54hkyrq', '000000000000000000000000000004010085', 'retries', 'db57ecc9-6651-375f-856c-6f30f3null');
INSERT INTO md_attribute ( oid) VALUES ('db57ecc9-6651-375f-856c-6f30f3null');
INSERT INTO metadata ( description, created_by, owner, oid, create_date, seq, type, remove, site_master, locked_by, entity_domain, last_updated_by, last_update_date, key_name) VALUES ('75ajvle74symh3vrx6svovjugb1i2ohh0287', '000000000000000000000000000000100060', '000000000000000000000000000000100060', 'db57ecc9-6651-375f-856c-6f30f3null', '2014-11-29 17:52:48', 4827, 'com.runwaysdk.system.metadata.MdAttributeInteger', 1, 'www.runwaysdk.com', NULL, NULL, '000000000000000000000000000000100060', '2014-11-29 17:52:48', 'com.runwaysdk.system.scheduler.JobHistory.retries');
INSERT INTO class_attribute_concrete ( oid, parent_oid, child_oid) VALUES ('ikgua2xn2s3hys5dhsvjcz9k5y41uul70245', '2ft54d1ik9d4qmj2ffopey6uwk000fvr0058', 'db57ecc9-6651-375f-856c-6f30f3null');
INSERT INTO class_attribute ( oid, parent_oid, child_oid) VALUES ('ikgua2xn2s3hys5dhsvjcz9k5y41uul70245', '2ft54d1ik9d4qmj2ffopey6uwk000fvr0058', 'db57ecc9-6651-375f-856c-6f30f3null');
INSERT INTO metadata_relationship ( entity_domain, site_master, last_updated_by, oid, owner, locked_by, create_date, type, created_by, seq, key_name, last_update_date, parent_oid, child_oid) VALUES (NULL, 'www.runwaysdk.com', '000000000000000000000000000000100060', 'ikgua2xn2s3hys5dhsvjcz9k5y41uul70245', '000000000000000000000000000000100060', NULL, '2014-11-29 17:52:48', 'com.runwaysdk.system.metadata.ClassAttributeConcrete', '000000000000000000000000000000100060', 4828, 'com.runwaysdk.system.scheduler.JobHistory.retries', '2014-11-29 17:52:48', '2ft54d1ik9d4qmj2ffopey6uwk000fvr0058', 'db57ecc9-6651-375f-856c-6f30f3null');
 INSERT INTO visibilitymodifier (set_id, item_id)  VALUES  ('0n069tnaz8uodiw0v8fl0i8w8iv05syb', '20071109NM00000000000000000000050113');
INSERT INTO metadata_display_label ( default_locale, oid, site_master, key_name) VALUES ('work progress', 'rayrk5bjo9t9p7i334458rogk4x4c0rz0287', 'www.runwaysdk.com', 'rayrk5bjo9t9p7i334458rogk4x4c0rz0287');
 INSERT INTO visibilitymodifier (set_id, item_id)  VALUES  ('2e7ctx4ozhw8pf3brwrcgapz4x0kz6so', '20071109NM00000000000000000000050113');
 INSERT INTO md_attribute_indicies (set_id, item_id)  VALUES  ('zbtvwfex2ka7qfyxhpf2ssev4zdhvnuw', '000000000000000000000000000004010085');
INSERT INTO metadata_display_label ( default_locale, oid, site_master, key_name) VALUES (NULL, 'xyenfpbullowm4sdzca7hhnhdmpt2syp0287', 'www.runwaysdk.com', 'xyenfpbullowm4sdzca7hhnhdmpt2syp0287');
INSERT INTO md_attribute_integer ( start_range, default_value, end_range, oid) VALUES (NULL, 0, NULL, 'c6faee5d-25de-347e-9e39-c4bd35null');
INSERT INTO md_attribute_int ( oid) VALUES ('c6faee5d-25de-347e-9e39-c4bd35null');
INSERT INTO md_attribute_number ( reject_negative, reject_zero, reject_positive, oid) VALUES (0, 0, 0, 'c6faee5d-25de-347e-9e39-c4bd35null');
INSERT INTO md_attribute_primitive ( oid) VALUES ('c6faee5d-25de-347e-9e39-c4bd35null');
INSERT INTO md_attribute_concrete ( column_name, defining_md_class, setter_visibility, setter_visibility_c, immutable, index_name, generate_accessor, system, required, display_label, getter_visibility, getter_visibility_c, index_type, index_type_c, attribute_name, oid) VALUES ('work_progress', '2ft54d1ik9d4qmj2ffopey6uwk000fvr0058', '0n069tnaz8uodiw0v8fl0i8w8iv05syb', '20071109NM00000000000000000000050113', 0, 'a90mxs03afxte9r9j5saf7wqyf3bmt', 1, 0, 0, 'rayrk5bjo9t9p7i334458rogk4x4c0rz0287', '2e7ctx4ozhw8pf3brwrcgapz4x0kz6so', '20071109NM00000000000000000000050113', 'zbtvwfex2ka7qfyxhpf2ssev4zdhvnuw', '000000000000000000000000000004010085', 'workProgress', 'c6faee5d-25de-347e-9e39-c4bd35null');
INSERT INTO md_attribute ( oid) VALUES ('c6faee5d-25de-347e-9e39-c4bd35null');
INSERT INTO metadata ( description, created_by, owner, oid, create_date, seq, type, remove, site_master, locked_by, entity_domain, last_updated_by, last_update_date, key_name) VALUES ('xyenfpbullowm4sdzca7hhnhdmpt2syp0287', '000000000000000000000000000000100060', '000000000000000000000000000000100060', 'c6faee5d-25de-347e-9e39-c4bd35null', '2014-11-29 17:52:48', 4829, 'com.runwaysdk.system.metadata.MdAttributeInteger', 1, 'www.runwaysdk.com', NULL, NULL, '000000000000000000000000000000100060', '2014-11-29 17:52:48', 'com.runwaysdk.system.scheduler.JobHistory.workProgress');
INSERT INTO class_attribute_concrete ( oid, parent_oid, child_oid) VALUES ('id6b3h1iof1e4r9rusmp9vxun44928bu0245', '2ft54d1ik9d4qmj2ffopey6uwk000fvr0058', 'c6faee5d-25de-347e-9e39-c4bd35null');
INSERT INTO class_attribute ( oid, parent_oid, child_oid) VALUES ('id6b3h1iof1e4r9rusmp9vxun44928bu0245', '2ft54d1ik9d4qmj2ffopey6uwk000fvr0058', 'c6faee5d-25de-347e-9e39-c4bd35null');
INSERT INTO metadata_relationship ( entity_domain, site_master, last_updated_by, oid, owner, locked_by, create_date, type, created_by, seq, key_name, last_update_date, parent_oid, child_oid) VALUES (NULL, 'www.runwaysdk.com', '000000000000000000000000000000100060', 'id6b3h1iof1e4r9rusmp9vxun44928bu0245', '000000000000000000000000000000100060', NULL, '2014-11-29 17:52:48', 'com.runwaysdk.system.metadata.ClassAttributeConcrete', '000000000000000000000000000000100060', 4830, 'com.runwaysdk.system.scheduler.JobHistory.workProgress', '2014-11-29 17:52:48', '2ft54d1ik9d4qmj2ffopey6uwk000fvr0058', 'c6faee5d-25de-347e-9e39-c4bd35null');
INSERT INTO metadata_display_label ( default_locale, oid, site_master, key_name) VALUES ('Clear History', '07pqiqb0dgtyvm8twijt4ul0v9l71z8c0287', 'www.runwaysdk.com', '07pqiqb0dgtyvm8twijt4ul0v9l71z8c0287');
INSERT INTO metadata_display_label ( default_locale, oid, site_master, key_name) VALUES ('Clears all completed job history from the system.', '05e08vt6kkp0l0z9v7u9aa0h3smcis5m0287', 'www.runwaysdk.com', '05e08vt6kkp0l0z9v7u9aa0h3smcis5m0287');
INSERT INTO md_method ( method_name, md_type, is_static, return_type, display_label, oid) VALUES ('clearHistory', '2ft54d1ik9d4qmj2ffopey6uwk000fvr0058', 0, 'void', '07pqiqb0dgtyvm8twijt4ul0v9l71z8c0287', '10f6ff7e-f567-32a2-92a8-86b541null');
INSERT INTO metadata ( description, created_by, owner, oid, create_date, seq, type, remove, site_master, locked_by, entity_domain, last_updated_by, last_update_date, key_name) VALUES ('05e08vt6kkp0l0z9v7u9aa0h3smcis5m0287', '000000000000000000000000000000100060', '000000000000000000000000000000100060', '10f6ff7e-f567-32a2-92a8-86b541null', '2014-11-29 17:52:48', 4831, 'com.runwaysdk.system.metadata.MdMethod', 1, 'www.runwaysdk.com', NULL, NULL, '000000000000000000000000000000100060', '2014-11-29 17:52:48', 'com.runwaysdk.system.scheduler.JobHistory.clearHistory');
INSERT INTO type_method ( oid, parent_oid, child_oid) VALUES ('6dc518ce-c623-364d-9ab4-03d0e0null', '2ft54d1ik9d4qmj2ffopey6uwk000fvr0058', '10f6ff7e-f567-32a2-92a8-86b541null');
INSERT INTO metadata_relationship ( entity_domain, site_master, last_updated_by, oid, owner, locked_by, create_date, type, created_by, seq, key_name, last_update_date, parent_oid, child_oid) VALUES (NULL, 'www.runwaysdk.com', '000000000000000000000000000000100060', '6dc518ce-c623-364d-9ab4-03d0e0null', '000000000000000000000000000000100060', NULL, '2014-11-29 17:52:48', 'com.runwaysdk.system.metadata.TypeMethod', '000000000000000000000000000000100060', 4832, 'com.runwaysdk.system.scheduler.JobHistory.clearHistory', '2014-11-29 17:52:48', '2ft54d1ik9d4qmj2ffopey6uwk000fvr0058', '10f6ff7e-f567-32a2-92a8-86b541null');
ALTER TABLE job_history ADD COLUMN status  char(32), ADD COLUMN status_c  text, ADD COLUMN start_time  timestamp, ADD COLUMN end_time  timestamp, ADD COLUMN retries  int, ADD COLUMN work_progress  int;
UPDATE metadata SET seq= 4833 , last_update_date= '2014-11-29 17:52:48'  WHERE oid='11c618f5-6704-310d-b519-a462e6null';
INSERT INTO metadata_display_label ( default_locale, oid, site_master, key_name) VALUES (NULL, '934y8g38g6p72vigwa07m7xffthvvy840287', 'www.runwaysdk.com', '934y8g38g6p72vigwa07m7xffthvvy840287');
INSERT INTO metadata_display_label ( default_locale, oid, site_master, key_name) VALUES (NULL, '74rv9jdkuzx86uduej448qkc9uvj62290287', 'www.runwaysdk.com', '74rv9jdkuzx86uduej448qkc9uvj62290287');
INSERT INTO md_attribute_virtual ( defining_md_view, required, md_attribute_concrete, attribute_name, display_label, oid) VALUES ('11c618f5-6704-310d-b519-a462e6null', NULL, 'ilu8f4mgo8kpn8122ucvj2ttx14u98qt0082', 'startTime', '934y8g38g6p72vigwa07m7xffthvvy840287', '233b720d-22a9-36ba-a561-5c7dcfnull');
INSERT INTO md_attribute ( oid) VALUES ('233b720d-22a9-36ba-a561-5c7dcfnull');
INSERT INTO metadata ( description, created_by, owner, oid, create_date, seq, type, remove, site_master, locked_by, entity_domain, last_updated_by, last_update_date, key_name) VALUES ('74rv9jdkuzx86uduej448qkc9uvj62290287', '000000000000000000000000000000100060', '000000000000000000000000000000100060', '233b720d-22a9-36ba-a561-5c7dcfnull', '2014-11-29 17:52:48', 4834, 'com.runwaysdk.system.metadata.MdAttributeVirtual', 1, 'www.runwaysdk.com', NULL, NULL, '000000000000000000000000000000100060', '2014-11-29 17:52:48', 'com.runwaysdk.system.scheduler.JobHistoryView.startTime');
INSERT INTO class_attribute_virtual ( oid, parent_oid, child_oid) VALUES ('1ed2ea37-280d-34e9-8300-f188c2null', '11c618f5-6704-310d-b519-a462e6null', '233b720d-22a9-36ba-a561-5c7dcfnull');
INSERT INTO class_attribute ( oid, parent_oid, child_oid) VALUES ('1ed2ea37-280d-34e9-8300-f188c2null', '11c618f5-6704-310d-b519-a462e6null', '233b720d-22a9-36ba-a561-5c7dcfnull');
INSERT INTO metadata_relationship ( entity_domain, site_master, last_updated_by, oid, owner, locked_by, create_date, type, created_by, seq, key_name, last_update_date, parent_oid, child_oid) VALUES (NULL, 'www.runwaysdk.com', '000000000000000000000000000000100060', '1ed2ea37-280d-34e9-8300-f188c2null', '000000000000000000000000000000100060', NULL, '2014-11-29 17:52:48', 'com.runwaysdk.system.metadata.ClassAttributeVirtual', '000000000000000000000000000000100060', 4835, 'com.runwaysdk.system.scheduler.JobHistoryView.startTime.class_attribute_virtual', '2014-11-29 17:52:48', '11c618f5-6704-310d-b519-a462e6null', '233b720d-22a9-36ba-a561-5c7dcfnull');
INSERT INTO virtualize_attribute ( oid, parent_oid, child_oid) VALUES ('3659d50a-cc6a-33f4-b54e-87890bnull', 'ilu8f4mgo8kpn8122ucvj2ttx14u98qt0082', '233b720d-22a9-36ba-a561-5c7dcfnull');
INSERT INTO metadata_relationship ( entity_domain, site_master, last_updated_by, oid, owner, locked_by, create_date, type, created_by, seq, key_name, last_update_date, parent_oid, child_oid) VALUES (NULL, 'www.runwaysdk.com', '000000000000000000000000000000100060', '3659d50a-cc6a-33f4-b54e-87890bnull', '000000000000000000000000000000100060', NULL, '2014-11-29 17:52:48', 'com.runwaysdk.system.metadata.VirtualizeAttribute', '000000000000000000000000000000100060', 4836, 'com.runwaysdk.system.scheduler.JobHistoryView.startTime.virtualize_attribute', '2014-11-29 17:52:48', 'ilu8f4mgo8kpn8122ucvj2ttx14u98qt0082', '233b720d-22a9-36ba-a561-5c7dcfnull');
INSERT INTO metadata_display_label ( default_locale, oid, site_master, key_name) VALUES (NULL, '1z1hnhy1djuu3ido062oohya7kbjw8zk0287', 'www.runwaysdk.com', '1z1hnhy1djuu3ido062oohya7kbjw8zk0287');
INSERT INTO metadata_display_label ( default_locale, oid, site_master, key_name) VALUES (NULL, '07gg8208i5mpyidriaex2tl2pm1t0zux0287', 'www.runwaysdk.com', '07gg8208i5mpyidriaex2tl2pm1t0zux0287');
INSERT INTO md_attribute_virtual ( defining_md_view, required, md_attribute_concrete, attribute_name, display_label, oid) VALUES ('11c618f5-6704-310d-b519-a462e6null', NULL, 'idl7r1zaflhidv1rxhpjwb3a2w9bwb4i0082', 'endTime', '1z1hnhy1djuu3ido062oohya7kbjw8zk0287', 'a28bef42-7d20-3d23-93d6-769db5null');
INSERT INTO md_attribute ( oid) VALUES ('a28bef42-7d20-3d23-93d6-769db5null');
INSERT INTO metadata ( description, created_by, owner, oid, create_date, seq, type, remove, site_master, locked_by, entity_domain, last_updated_by, last_update_date, key_name) VALUES ('07gg8208i5mpyidriaex2tl2pm1t0zux0287', '000000000000000000000000000000100060', '000000000000000000000000000000100060', 'a28bef42-7d20-3d23-93d6-769db5null', '2014-11-29 17:52:48', 4837, 'com.runwaysdk.system.metadata.MdAttributeVirtual', 1, 'www.runwaysdk.com', NULL, NULL, '000000000000000000000000000000100060', '2014-11-29 17:52:48', 'com.runwaysdk.system.scheduler.JobHistoryView.endTime');
INSERT INTO class_attribute_virtual ( oid, parent_oid, child_oid) VALUES ('6b24880c-952a-3bae-a549-c3530bnull', '11c618f5-6704-310d-b519-a462e6null', 'a28bef42-7d20-3d23-93d6-769db5null');
INSERT INTO class_attribute ( oid, parent_oid, child_oid) VALUES ('6b24880c-952a-3bae-a549-c3530bnull', '11c618f5-6704-310d-b519-a462e6null', 'a28bef42-7d20-3d23-93d6-769db5null');
INSERT INTO metadata_relationship ( entity_domain, site_master, last_updated_by, oid, owner, locked_by, create_date, type, created_by, seq, key_name, last_update_date, parent_oid, child_oid) VALUES (NULL, 'www.runwaysdk.com', '000000000000000000000000000000100060', '6b24880c-952a-3bae-a549-c3530bnull', '000000000000000000000000000000100060', NULL, '2014-11-29 17:52:48', 'com.runwaysdk.system.metadata.ClassAttributeVirtual', '000000000000000000000000000000100060', 4838, 'com.runwaysdk.system.scheduler.JobHistoryView.endTime.class_attribute_virtual', '2014-11-29 17:52:48', '11c618f5-6704-310d-b519-a462e6null', 'a28bef42-7d20-3d23-93d6-769db5null');
INSERT INTO virtualize_attribute ( oid, parent_oid, child_oid) VALUES ('91bcae3e-1db9-3e06-a7bb-84cba4null', 'idl7r1zaflhidv1rxhpjwb3a2w9bwb4i0082', 'a28bef42-7d20-3d23-93d6-769db5null');
INSERT INTO metadata_relationship ( entity_domain, site_master, last_updated_by, oid, owner, locked_by, create_date, type, created_by, seq, key_name, last_update_date, parent_oid, child_oid) VALUES (NULL, 'www.runwaysdk.com', '000000000000000000000000000000100060', '91bcae3e-1db9-3e06-a7bb-84cba4null', '000000000000000000000000000000100060', NULL, '2014-11-29 17:52:48', 'com.runwaysdk.system.metadata.VirtualizeAttribute', '000000000000000000000000000000100060', 4839, 'com.runwaysdk.system.scheduler.JobHistoryView.endTime.virtualize_attribute', '2014-11-29 17:52:48', 'idl7r1zaflhidv1rxhpjwb3a2w9bwb4i0082', 'a28bef42-7d20-3d23-93d6-769db5null');
INSERT INTO metadata_display_label ( default_locale, oid, site_master, key_name) VALUES (NULL, '2902pwtsk2eulz0x87mxo1lrzk0j0cbr0287', 'www.runwaysdk.com', '2902pwtsk2eulz0x87mxo1lrzk0j0cbr0287');
INSERT INTO metadata_display_label ( default_locale, oid, site_master, key_name) VALUES (NULL, 'qxogdk06amyi66hig1f3qk2632xztk5p0287', 'www.runwaysdk.com', 'qxogdk06amyi66hig1f3qk2632xztk5p0287');
INSERT INTO md_attribute_virtual ( defining_md_view, required, md_attribute_concrete, attribute_name, display_label, oid) VALUES ('11c618f5-6704-310d-b519-a462e6null', NULL, 'ijo9kjdvn8pk3son3xpck0dhwda6ozz50076', 'status', '2902pwtsk2eulz0x87mxo1lrzk0j0cbr0287', '073e7cd5-a134-3a60-8149-5db470null');
INSERT INTO md_attribute ( oid) VALUES ('073e7cd5-a134-3a60-8149-5db470null');
INSERT INTO metadata ( description, created_by, owner, oid, create_date, seq, type, remove, site_master, locked_by, entity_domain, last_updated_by, last_update_date, key_name) VALUES ('qxogdk06amyi66hig1f3qk2632xztk5p0287', '000000000000000000000000000000100060', '000000000000000000000000000000100060', '073e7cd5-a134-3a60-8149-5db470null', '2014-11-29 17:52:48', 4840, 'com.runwaysdk.system.metadata.MdAttributeVirtual', 1, 'www.runwaysdk.com', NULL, NULL, '000000000000000000000000000000100060', '2014-11-29 17:52:48', 'com.runwaysdk.system.scheduler.JobHistoryView.status');
INSERT INTO class_attribute_virtual ( oid, parent_oid, child_oid) VALUES ('348539c7-b0cc-3928-8ccc-fea4ednull', '11c618f5-6704-310d-b519-a462e6null', '073e7cd5-a134-3a60-8149-5db470null');
INSERT INTO class_attribute ( oid, parent_oid, child_oid) VALUES ('348539c7-b0cc-3928-8ccc-fea4ednull', '11c618f5-6704-310d-b519-a462e6null', '073e7cd5-a134-3a60-8149-5db470null');
INSERT INTO metadata_relationship ( entity_domain, site_master, last_updated_by, oid, owner, locked_by, create_date, type, created_by, seq, key_name, last_update_date, parent_oid, child_oid) VALUES (NULL, 'www.runwaysdk.com', '000000000000000000000000000000100060', '348539c7-b0cc-3928-8ccc-fea4ednull', '000000000000000000000000000000100060', NULL, '2014-11-29 17:52:48', 'com.runwaysdk.system.metadata.ClassAttributeVirtual', '000000000000000000000000000000100060', 4841, 'com.runwaysdk.system.scheduler.JobHistoryView.status.class_attribute_virtual', '2014-11-29 17:52:48', '11c618f5-6704-310d-b519-a462e6null', '073e7cd5-a134-3a60-8149-5db470null');
INSERT INTO virtualize_attribute ( oid, parent_oid, child_oid) VALUES ('700afb93-8c97-361a-b1f9-89795cnull', 'ijo9kjdvn8pk3son3xpck0dhwda6ozz50076', '073e7cd5-a134-3a60-8149-5db470null');
INSERT INTO metadata_relationship ( entity_domain, site_master, last_updated_by, oid, owner, locked_by, create_date, type, created_by, seq, key_name, last_update_date, parent_oid, child_oid) VALUES (NULL, 'www.runwaysdk.com', '000000000000000000000000000000100060', '700afb93-8c97-361a-b1f9-89795cnull', '000000000000000000000000000000100060', NULL, '2014-11-29 17:52:48', 'com.runwaysdk.system.metadata.VirtualizeAttribute', '000000000000000000000000000000100060', 4842, 'com.runwaysdk.system.scheduler.JobHistoryView.status.virtualize_attribute', '2014-11-29 17:52:48', 'ijo9kjdvn8pk3son3xpck0dhwda6ozz50076', '073e7cd5-a134-3a60-8149-5db470null');
 INSERT INTO visibilitymodifier (set_id, item_id)  VALUES  ('767z0odusp4tnoq3bcpu3hbhzsv8dcft', '20071109NM00000000000000000000050113');
INSERT INTO metadata_display_label ( default_locale, oid, site_master, key_name) VALUES ('Status', 'xge86xnvm82cl7yg5t21b32qwglkipt10287', 'www.runwaysdk.com', 'xge86xnvm82cl7yg5t21b32qwglkipt10287');
 INSERT INTO visibilitymodifier (set_id, item_id)  VALUES  ('7eteam9ncd506uphxbmo91p857f7kzrw', '20071109NM00000000000000000000050113');
 INSERT INTO md_attribute_indicies (set_id, item_id)  VALUES  ('xbweutmfsquhjp8s7mu3slx7yinwoxqa', '000000000000000000000000000004010085');
INSERT INTO metadata_display_label ( default_locale, oid, site_master, key_name) VALUES (NULL, '0jme6glkm6usthm9rz6l85w9k3205rua0287', 'www.runwaysdk.com', '0jme6glkm6usthm9rz6l85w9k3205rua0287');
INSERT INTO md_attribute_character ( default_value, database_size, oid) VALUES (NULL, 255, 'iaaix6dqfvdx4diiwivpmyus0g53x9a00067');
INSERT INTO md_attribute_char ( oid) VALUES ('iaaix6dqfvdx4diiwivpmyus0g53x9a00067');
INSERT INTO md_attribute_primitive ( oid) VALUES ('iaaix6dqfvdx4diiwivpmyus0g53x9a00067');
INSERT INTO md_attribute_concrete ( column_name, defining_md_class, setter_visibility, setter_visibility_c, immutable, index_name, generate_accessor, system, required, display_label, getter_visibility, getter_visibility_c, index_type, index_type_c, attribute_name, oid) VALUES ('n_a', '11c618f5-6704-310d-b519-a462e6null', '767z0odusp4tnoq3bcpu3hbhzsv8dcft', '20071109NM00000000000000000000050113', 0, NULL, 1, 0, 0, 'xge86xnvm82cl7yg5t21b32qwglkipt10287', '7eteam9ncd506uphxbmo91p857f7kzrw', '20071109NM00000000000000000000050113', 'xbweutmfsquhjp8s7mu3slx7yinwoxqa', '000000000000000000000000000004010085', 'statusLabel', 'iaaix6dqfvdx4diiwivpmyus0g53x9a00067');
INSERT INTO md_attribute ( oid) VALUES ('iaaix6dqfvdx4diiwivpmyus0g53x9a00067');
INSERT INTO metadata ( description, created_by, owner, oid, create_date, seq, type, remove, site_master, locked_by, entity_domain, last_updated_by, last_update_date, key_name) VALUES ('0jme6glkm6usthm9rz6l85w9k3205rua0287', '000000000000000000000000000000100060', '000000000000000000000000000000100060', 'iaaix6dqfvdx4diiwivpmyus0g53x9a00067', '2014-11-29 17:52:48', 4843, 'com.runwaysdk.system.metadata.MdAttributeCharacter', 1, 'www.runwaysdk.com', NULL, NULL, '000000000000000000000000000000100060', '2014-11-29 17:52:48', 'com.runwaysdk.system.scheduler.JobHistoryView.statusLabel');
INSERT INTO class_attribute_concrete ( oid, parent_oid, child_oid) VALUES ('iaaix6dqfvdx4diiwivpmyus0g53x9a00245', '11c618f5-6704-310d-b519-a462e6null', 'iaaix6dqfvdx4diiwivpmyus0g53x9a00067');
INSERT INTO class_attribute ( oid, parent_oid, child_oid) VALUES ('iaaix6dqfvdx4diiwivpmyus0g53x9a00245', '11c618f5-6704-310d-b519-a462e6null', 'iaaix6dqfvdx4diiwivpmyus0g53x9a00067');
INSERT INTO metadata_relationship ( entity_domain, site_master, last_updated_by, oid, owner, locked_by, create_date, type, created_by, seq, key_name, last_update_date, parent_oid, child_oid) VALUES (NULL, 'www.runwaysdk.com', '000000000000000000000000000000100060', 'iaaix6dqfvdx4diiwivpmyus0g53x9a00245', '000000000000000000000000000000100060', NULL, '2014-11-29 17:52:48', 'com.runwaysdk.system.metadata.ClassAttributeConcrete', '000000000000000000000000000000100060', 4844, 'com.runwaysdk.system.scheduler.JobHistoryView.statusLabel', '2014-11-29 17:52:48', '11c618f5-6704-310d-b519-a462e6null', 'iaaix6dqfvdx4diiwivpmyus0g53x9a00067');
INSERT INTO metadata_display_label ( default_locale, oid, site_master, key_name) VALUES (NULL, 'r242bg3mu1qzs2q4ibdee75peqffgfc00287', 'www.runwaysdk.com', 'r242bg3mu1qzs2q4ibdee75peqffgfc00287');
INSERT INTO metadata_display_label ( default_locale, oid, site_master, key_name) VALUES (NULL, 'r5bvgvm9z0562de8s2jbinyh4clp50bl0287', 'www.runwaysdk.com', 'r5bvgvm9z0562de8s2jbinyh4clp50bl0287');
INSERT INTO md_attribute_virtual ( defining_md_view, required, md_attribute_concrete, attribute_name, display_label, oid) VALUES ('11c618f5-6704-310d-b519-a462e6null', NULL, 'db57ecc9-6651-375f-856c-6f30f3null', 'retries', 'r242bg3mu1qzs2q4ibdee75peqffgfc00287', '733dc976-8727-3cde-aad4-6c1627null');
INSERT INTO md_attribute ( oid) VALUES ('733dc976-8727-3cde-aad4-6c1627null');
INSERT INTO metadata ( description, created_by, owner, oid, create_date, seq, type, remove, site_master, locked_by, entity_domain, last_updated_by, last_update_date, key_name) VALUES ('r5bvgvm9z0562de8s2jbinyh4clp50bl0287', '000000000000000000000000000000100060', '000000000000000000000000000000100060', '733dc976-8727-3cde-aad4-6c1627null', '2014-11-29 17:52:48', 4845, 'com.runwaysdk.system.metadata.MdAttributeVirtual', 1, 'www.runwaysdk.com', NULL, NULL, '000000000000000000000000000000100060', '2014-11-29 17:52:48', 'com.runwaysdk.system.scheduler.JobHistoryView.retries');
INSERT INTO class_attribute_virtual ( oid, parent_oid, child_oid) VALUES ('533749d0-db6d-3bff-9690-d4df5anull', '11c618f5-6704-310d-b519-a462e6null', '733dc976-8727-3cde-aad4-6c1627null');
INSERT INTO class_attribute ( oid, parent_oid, child_oid) VALUES ('533749d0-db6d-3bff-9690-d4df5anull', '11c618f5-6704-310d-b519-a462e6null', '733dc976-8727-3cde-aad4-6c1627null');
INSERT INTO metadata_relationship ( entity_domain, site_master, last_updated_by, oid, owner, locked_by, create_date, type, created_by, seq, key_name, last_update_date, parent_oid, child_oid) VALUES (NULL, 'www.runwaysdk.com', '000000000000000000000000000000100060', '533749d0-db6d-3bff-9690-d4df5anull', '000000000000000000000000000000100060', NULL, '2014-11-29 17:52:48', 'com.runwaysdk.system.metadata.ClassAttributeVirtual', '000000000000000000000000000000100060', 4846, 'com.runwaysdk.system.scheduler.JobHistoryView.retries.class_attribute_virtual', '2014-11-29 17:52:48', '11c618f5-6704-310d-b519-a462e6null', '733dc976-8727-3cde-aad4-6c1627null');
INSERT INTO virtualize_attribute ( oid, parent_oid, child_oid) VALUES ('02892f7c-bef5-361f-a5cd-be3b92null', 'db57ecc9-6651-375f-856c-6f30f3null', '733dc976-8727-3cde-aad4-6c1627null');
INSERT INTO metadata_relationship ( entity_domain, site_master, last_updated_by, oid, owner, locked_by, create_date, type, created_by, seq, key_name, last_update_date, parent_oid, child_oid) VALUES (NULL, 'www.runwaysdk.com', '000000000000000000000000000000100060', '02892f7c-bef5-361f-a5cd-be3b92null', '000000000000000000000000000000100060', NULL, '2014-11-29 17:52:48', 'com.runwaysdk.system.metadata.VirtualizeAttribute', '000000000000000000000000000000100060', 4847, 'com.runwaysdk.system.scheduler.JobHistoryView.retries.virtualize_attribute', '2014-11-29 17:52:48', 'db57ecc9-6651-375f-856c-6f30f3null', '733dc976-8727-3cde-aad4-6c1627null');
INSERT INTO metadata_display_label ( default_locale, oid, site_master, key_name) VALUES (NULL, 'xfkjss3hh82wbixx2rcx6qhibl3wdx7b0287', 'www.runwaysdk.com', 'xfkjss3hh82wbixx2rcx6qhibl3wdx7b0287');
INSERT INTO metadata_display_label ( default_locale, oid, site_master, key_name) VALUES (NULL, '6twch7susofsq1a9q0lzb55w9cksay400287', 'www.runwaysdk.com', '6twch7susofsq1a9q0lzb55w9cksay400287');
INSERT INTO md_attribute_virtual ( defining_md_view, required, md_attribute_concrete, attribute_name, display_label, oid) VALUES ('11c618f5-6704-310d-b519-a462e6null', NULL, 'c6faee5d-25de-347e-9e39-c4bd35null', 'workProgress', 'xfkjss3hh82wbixx2rcx6qhibl3wdx7b0287', '9b4e3d8c-e73a-3fdc-9dfd-f6a216null');
INSERT INTO md_attribute ( oid) VALUES ('9b4e3d8c-e73a-3fdc-9dfd-f6a216null');
INSERT INTO metadata ( description, created_by, owner, oid, create_date, seq, type, remove, site_master, locked_by, entity_domain, last_updated_by, last_update_date, key_name) VALUES ('6twch7susofsq1a9q0lzb55w9cksay400287', '000000000000000000000000000000100060', '000000000000000000000000000000100060', '9b4e3d8c-e73a-3fdc-9dfd-f6a216null', '2014-11-29 17:52:48', 4848, 'com.runwaysdk.system.metadata.MdAttributeVirtual', 1, 'www.runwaysdk.com', NULL, NULL, '000000000000000000000000000000100060', '2014-11-29 17:52:48', 'com.runwaysdk.system.scheduler.JobHistoryView.workProgress');
INSERT INTO class_attribute_virtual ( oid, parent_oid, child_oid) VALUES ('ed741e53-9cf1-30ea-b42d-c3d5c7null', '11c618f5-6704-310d-b519-a462e6null', '9b4e3d8c-e73a-3fdc-9dfd-f6a216null');
INSERT INTO class_attribute ( oid, parent_oid, child_oid) VALUES ('ed741e53-9cf1-30ea-b42d-c3d5c7null', '11c618f5-6704-310d-b519-a462e6null', '9b4e3d8c-e73a-3fdc-9dfd-f6a216null');
INSERT INTO metadata_relationship ( entity_domain, site_master, last_updated_by, oid, owner, locked_by, create_date, type, created_by, seq, key_name, last_update_date, parent_oid, child_oid) VALUES (NULL, 'www.runwaysdk.com', '000000000000000000000000000000100060', 'ed741e53-9cf1-30ea-b42d-c3d5c7null', '000000000000000000000000000000100060', NULL, '2014-11-29 17:52:48', 'com.runwaysdk.system.metadata.ClassAttributeVirtual', '000000000000000000000000000000100060', 4849, 'com.runwaysdk.system.scheduler.JobHistoryView.workProgress.class_attribute_virtual', '2014-11-29 17:52:48', '11c618f5-6704-310d-b519-a462e6null', '9b4e3d8c-e73a-3fdc-9dfd-f6a216null');
INSERT INTO virtualize_attribute ( oid, parent_oid, child_oid) VALUES ('66066e22-9b97-389f-972f-7c53banull', 'c6faee5d-25de-347e-9e39-c4bd35null', '9b4e3d8c-e73a-3fdc-9dfd-f6a216null');
INSERT INTO metadata_relationship ( entity_domain, site_master, last_updated_by, oid, owner, locked_by, create_date, type, created_by, seq, key_name, last_update_date, parent_oid, child_oid) VALUES (NULL, 'www.runwaysdk.com', '000000000000000000000000000000100060', '66066e22-9b97-389f-972f-7c53banull', '000000000000000000000000000000100060', NULL, '2014-11-29 17:52:48', 'com.runwaysdk.system.metadata.VirtualizeAttribute', '000000000000000000000000000000100060', 4850, 'com.runwaysdk.system.scheduler.JobHistoryView.workProgress.virtualize_attribute', '2014-11-29 17:52:48', 'c6faee5d-25de-347e-9e39-c4bd35null', '9b4e3d8c-e73a-3fdc-9dfd-f6a216null');
UPDATE metadata SET seq= 4851 , last_update_date= '2014-11-29 17:52:48'  WHERE oid='11c618f5-6704-310d-b519-a462e6null';
UPDATE metadata SET seq= 4852 , last_update_date= '2014-11-29 17:52:48'  WHERE oid='2ft54d1ik9d4qmj2ffopey6uwk000fvr0058';
UPDATE metadata SET seq= 4853  WHERE oid='0fnj9qgoapxjygna1zbnrdk7vm5ciijy0058';
UPDATE md_business SET cache_algorithm= '0e9u7qeu2l3qab2l5u6c9kasnchbviet' , cache_algorithm_c= '000000000000000000000000000002310077' , super_md_business= '000000000000000000000000000002060058' , oid= 'it5n8uy11mc6rfo3urxl4y3iaostrri00058'  WHERE oid='it5n8uy11mc6rfo3urxl4y3iaostrri00058';
UPDATE md_element SET extendable= 0 , oid= 'it5n8uy11mc6rfo3urxl4y3iaostrri00058'  WHERE oid='it5n8uy11mc6rfo3urxl4y3iaostrri00058';
UPDATE md_entity SET table_name= 'job_status' , oid= 'it5n8uy11mc6rfo3urxl4y3iaostrri00058'  WHERE oid='it5n8uy11mc6rfo3urxl4y3iaostrri00058';
UPDATE md_type SET display_label= '8ntx48y5csgx96aj70mjfs1l3ec6nf7a0287' , root_id= 'it5n8uy11mc6rfo3urxl4y3iaostrri0' , package_name= 'com.runwaysdk.system.scheduler' , type_name= 'JobStatus' , oid= 'it5n8uy11mc6rfo3urxl4y3iaostrri00058'  WHERE oid='it5n8uy11mc6rfo3urxl4y3iaostrri00058';
UPDATE metadata SET description= '8elx91myx7mmec7elsakilms792p53vc0287' , created_by= '000000000000000000000000000000100060' , owner= '000000000000000000000000000000100060' , oid= 'it5n8uy11mc6rfo3urxl4y3iaostrri00058' , create_date= '2014-11-29 17:52:48' , seq= 4854 , type= 'com.runwaysdk.system.metadata.MdBusiness' , site_master= 'www.runwaysdk.com' , last_updated_by= '000000000000000000000000000000100060' , last_update_date= '2014-11-29 17:52:48' , key_name= 'com.runwaysdk.system.scheduler.JobStatus'  WHERE oid='it5n8uy11mc6rfo3urxl4y3iaostrri00058';
UPDATE md_enumeration SET include_all= 1 , master_md_business= 'it5n8uy11mc6rfo3urxl4y3iaostrri00058' , table_name= 'alljobstatus' , oid= 'ij1epz96kc3kazn8h799jceyjx02y6rf0075'  WHERE oid='ij1epz96kc3kazn8h799jceyjx02y6rf0075';
UPDATE md_type SET display_label= '0to9a4u3y210mhx2hpy6sv6ke9rdo8xm0287' , root_id= 'ij1epz96kc3kazn8h799jceyjx02y6rf' , package_name= 'com.runwaysdk.system.scheduler' , type_name= 'AllJobStatus' , oid= 'ij1epz96kc3kazn8h799jceyjx02y6rf0075'  WHERE oid='ij1epz96kc3kazn8h799jceyjx02y6rf0075';
UPDATE metadata SET description= 'yw0lz8ayj5kem6xwdswbfpgttqx2g7ol0287' , created_by= '000000000000000000000000000000100060' , owner= '000000000000000000000000000000100060' , oid= 'ij1epz96kc3kazn8h799jceyjx02y6rf0075' , create_date= '2014-11-29 17:52:48' , seq= 4855 , type= 'com.runwaysdk.system.metadata.MdEnumeration' , site_master= 'www.runwaysdk.com' , last_updated_by= '000000000000000000000000000000100060' , last_update_date= '2014-11-29 17:52:48' , key_name= 'com.runwaysdk.system.scheduler.AllJobStatus'  WHERE oid='ij1epz96kc3kazn8h799jceyjx02y6rf0075';
UPDATE metadata SET seq= 4856 , last_update_date= '2014-11-29 17:52:48'  WHERE oid='8ndv254jvk1mw1rql6a4pqz9qbqvdzl40058';
ALTER TABLE abstract_job DROP paused;
ALTER TABLE abstract_job DROP completed;
ALTER TABLE abstract_job DROP canceled;
ALTER TABLE abstract_job DROP running;
ALTER TABLE abstract_job DROP repeated;
ALTER TABLE abstract_job DROP remove_on_complete;
ALTER TABLE abstract_job DROP start_on_create;
ALTER TABLE abstract_job DROP cancelable;
ALTER TABLE abstract_job DROP pauseable;
ALTER TABLE job_history DROP job_snapshot;
ALTER TABLE abstract_job DROP start_time;
ALTER TABLE abstract_job DROP end_time;
ALTER TABLE abstract_job DROP retries;
ALTER TABLE abstract_job DROP work_progress;
