--
-- Copyright (c) 2015 TerraFrame, Inc. All rights reserved.
--
-- This file is part of Runway SDK(tm).
--
-- Runway SDK(tm) is free software: you can redistribute it and/or modify
-- it under the terms of the GNU Lesser General Public License as
-- published by the Free Software Foundation, either version 3 of the
-- License, or (at your option) any later version.
--
-- Runway SDK(tm) is distributed in the hope that it will be useful, but
-- WITHOUT ANY WARRANTY; without even the implied warranty of
-- MERCHANTABILITY or FITNESS FOR A PARTICULAR PURPOSE.  See the
-- GNU Lesser General Public License for more details.
--
-- You should have received a copy of the GNU Lesser General Public
-- License along with Runway SDK(tm).  If not, see <http://www.gnu.org/licenses/>.
--

INSERT INTO class_cache (set_id, item_id)  VALUES  ('xsqnptbxmoci7iuhlceqbowg7t2n2ow6', '0000000000000000000000000000023100000000000000000000000000000222');
INSERT INTO metadata_display_label ( key_name, oid, site_master, default_locale) VALUES ('y1p2txb94sumjupq78wiqt69y98oduzsNM200904120000000000000000000030', 'y1p2txb94sumjupq78wiqt69y98oduzsNM200904120000000000000000000030', 'www.runwaysdk.com', 'Aggregation Function Master');
INSERT INTO metadata_display_label ( key_name, oid, site_master, default_locale) VALUES ('1rgs3ixrnz0aup0g2u1pa8f0uel97tfbNM200904120000000000000000000030', '1rgs3ixrnz0aup0g2u1pa8f0uel97tfbNM200904120000000000000000000030', 'www.runwaysdk.com', 'Aggregation Function Enumeration Master List');
INSERT INTO md_business ( super_md_business, cache_algorithm, cache_algorithm_c, oid) VALUES ('0000000000000000000000000000020600000000000000000000000000000001', 'xsqnptbxmoci7iuhlceqbowg7t2n2ow6', '0000000000000000000000000000023100000000000000000000000000000222', 'ii7sig2clgy9z81k9zxs901sout0qs8q00000000000000000000000000000001');
INSERT INTO md_element ( is_abstract, extendable, oid) VALUES (0, 0, 'ii7sig2clgy9z81k9zxs901sout0qs8q00000000000000000000000000000001');
INSERT INTO md_entity ( cache_size, query_dto_source, has_deterministic_ids, enforce_site_master, query_source, table_name, oid) VALUES (0, NULL, 1, 1, NULL, 'aggregation_function', 'ii7sig2clgy9z81k9zxs901sout0qs8q00000000000000000000000000000001');
INSERT INTO md_class ( stub_source, publish, stub_dto_source, oid) VALUES (NULL, 1, NULL, 'ii7sig2clgy9z81k9zxs901sout0qs8q00000000000000000000000000000001');
INSERT INTO md_type ( type_name, js_stub, display_label, exported, generate_source, js_base, base_source, package_name, root_id, dto_source, oid) VALUES ('AggregationFunction', NULL, 'y1p2txb94sumjupq78wiqt69y98oduzsNM200904120000000000000000000030', 1, 1, NULL, NULL, 'com.runwaysdk.system.metadata', 'ii7sig2clgy9z81k9zxs901sout0qs8q', NULL, 'ii7sig2clgy9z81k9zxs901sout0qs8q00000000000000000000000000000001');
INSERT INTO metadata ( create_date, seq, type, created_by, last_update_date, last_updated_by, description, locked_by, remove, owner, entity_domain, oid, key_name, site_master) VALUES ('2017-06-12 23:54:42', 4852, 'com.runwaysdk.system.metadata.MdBusiness', '0000000000000000000000000000001000000000000000000000000000000003', '2017-06-12 23:54:42', '0000000000000000000000000000001000000000000000000000000000000003', '1rgs3ixrnz0aup0g2u1pa8f0uel97tfbNM200904120000000000000000000030', NULL, 0, '0000000000000000000000000000001000000000000000000000000000000003', NULL, 'ii7sig2clgy9z81k9zxs901sout0qs8q00000000000000000000000000000001', 'com.runwaysdk.system.metadata.AggregationFunction', 'www.runwaysdk.com');
CREATE TABLE aggregation_function ( oid CHAR(64) NOT NULL PRIMARY KEY );
INSERT INTO business_inheritance ( oid, parent_id, child_id) VALUES ('ii7sig2clgy9z81k9zxs901sout0qs8q20070926NM0000000000000000000004', '0000000000000000000000000000020600000000000000000000000000000001', 'ii7sig2clgy9z81k9zxs901sout0qs8q00000000000000000000000000000001');
INSERT INTO class_inheritance ( oid, parent_id, child_id) VALUES ('ii7sig2clgy9z81k9zxs901sout0qs8q20070926NM0000000000000000000004', '0000000000000000000000000000020600000000000000000000000000000001', 'ii7sig2clgy9z81k9zxs901sout0qs8q00000000000000000000000000000001');
INSERT INTO metadata_relationship ( oid, created_by, type, last_update_date, site_master, owner, seq, key_name, entity_domain, locked_by, create_date, last_updated_by, parent_id, child_id) VALUES ('ii7sig2clgy9z81k9zxs901sout0qs8q20070926NM0000000000000000000004', '0000000000000000000000000000001000000000000000000000000000000003', 'com.runwaysdk.system.metadata.BusinessInheritance', '2017-06-12 23:54:42', 'www.runwaysdk.com', '0000000000000000000000000000001000000000000000000000000000000003', 4853, 'com.runwaysdk.system.metadata.AggregationFunction', NULL, NULL, '2017-06-12 23:54:42', '0000000000000000000000000000001000000000000000000000000000000003', '0000000000000000000000000000020600000000000000000000000000000001', 'ii7sig2clgy9z81k9zxs901sout0qs8q00000000000000000000000000000001');


INSERT INTO metadata_display_label ( key_name, oid, site_master, default_locale) VALUES ('ssptr4624k8nn6sh205lg81z1337tz1qNM200904120000000000000000000030', 'ssptr4624k8nn6sh205lg81z1337tz1qNM200904120000000000000000000030', 'www.runwaysdk.com', 'Sum');
INSERT INTO aggregation_function ( oid) VALUES ('ibvpg1cjy86exwit43jra87bz7n3m77zii7sig2clgy9z81k9zxs901sout0qs8q');
INSERT INTO enumeration_master ( site_master, last_updated_by, owner, locked_by, key_name, type, enum_name, display_label, oid, last_update_date, create_date, created_by, entity_domain, seq) VALUES ('www.runwaysdk.com', '0000000000000000000000000000001000000000000000000000000000000003', '0000000000000000000000000000001000000000000000000000000000000003', NULL, 'com.runwaysdk.system.metadata.AggregationFunction.SUM', 'com.runwaysdk.system.metadata.AggregationFunction', 'SUM', 'ssptr4624k8nn6sh205lg81z1337tz1qNM200904120000000000000000000030', 'ibvpg1cjy86exwit43jra87bz7n3m77zii7sig2clgy9z81k9zxs901sout0qs8q', '2017-06-12 23:54:42', '2017-06-12 23:54:42', '0000000000000000000000000000001000000000000000000000000000000003', NULL, 4854);
INSERT INTO metadata_display_label ( key_name, oid, site_master, default_locale) VALUES ('8lfjzk8jmd7mlbq9b0a93x4dhm1a2qxmNM200904120000000000000000000030', '8lfjzk8jmd7mlbq9b0a93x4dhm1a2qxmNM200904120000000000000000000030', 'www.runwaysdk.com', 'Average');
INSERT INTO aggregation_function ( oid) VALUES ('i2h584nkvxjckla44lj29cteg9j0jv15ii7sig2clgy9z81k9zxs901sout0qs8q');
INSERT INTO enumeration_master ( site_master, last_updated_by, owner, locked_by, key_name, type, enum_name, display_label, oid, last_update_date, create_date, created_by, entity_domain, seq) VALUES ('www.runwaysdk.com', '0000000000000000000000000000001000000000000000000000000000000003', '0000000000000000000000000000001000000000000000000000000000000003', NULL, 'com.runwaysdk.system.metadata.AggregationFunction.AVG', 'com.runwaysdk.system.metadata.AggregationFunction', 'AVG', '8lfjzk8jmd7mlbq9b0a93x4dhm1a2qxmNM200904120000000000000000000030', 'i2h584nkvxjckla44lj29cteg9j0jv15ii7sig2clgy9z81k9zxs901sout0qs8q', '2017-06-12 23:54:42', '2017-06-12 23:54:42', '0000000000000000000000000000001000000000000000000000000000000003', NULL, 4855);
INSERT INTO metadata_display_label ( key_name, oid, site_master, default_locale) VALUES ('0lphzxs88q6t63q4viattnzg8hvw52m8NM200904120000000000000000000030', '0lphzxs88q6t63q4viattnzg8hvw52m8NM200904120000000000000000000030', 'www.runwaysdk.com', 'Count');
INSERT INTO aggregation_function ( oid) VALUES ('idlvup444z215bd4cs9arb39ki9nfxyrii7sig2clgy9z81k9zxs901sout0qs8q');
INSERT INTO enumeration_master ( site_master, last_updated_by, owner, locked_by, key_name, type, enum_name, display_label, oid, last_update_date, create_date, created_by, entity_domain, seq) VALUES ('www.runwaysdk.com', '0000000000000000000000000000001000000000000000000000000000000003', '0000000000000000000000000000001000000000000000000000000000000003', NULL, 'com.runwaysdk.system.metadata.AggregationFunction.COUNT', 'com.runwaysdk.system.metadata.AggregationFunction', 'COUNT', '0lphzxs88q6t63q4viattnzg8hvw52m8NM200904120000000000000000000030', 'idlvup444z215bd4cs9arb39ki9nfxyrii7sig2clgy9z81k9zxs901sout0qs8q', '2017-06-12 23:54:42', '2017-06-12 23:54:42', '0000000000000000000000000000001000000000000000000000000000000003', NULL, 4856);
INSERT INTO metadata_display_label ( key_name, oid, site_master, default_locale) VALUES ('8h2cobci19ecu3pl38us7tnr7vbc4zo6NM200904120000000000000000000030', '8h2cobci19ecu3pl38us7tnr7vbc4zo6NM200904120000000000000000000030', 'www.runwaysdk.com', 'Minimum');
INSERT INTO aggregation_function ( oid) VALUES ('i7d10qudidtzx21x650gm5axztp6jqggii7sig2clgy9z81k9zxs901sout0qs8q');
INSERT INTO enumeration_master ( site_master, last_updated_by, owner, locked_by, key_name, type, enum_name, display_label, oid, last_update_date, create_date, created_by, entity_domain, seq) VALUES ('www.runwaysdk.com', '0000000000000000000000000000001000000000000000000000000000000003', '0000000000000000000000000000001000000000000000000000000000000003', NULL, 'com.runwaysdk.system.metadata.AggregationFunction.MIN', 'com.runwaysdk.system.metadata.AggregationFunction', 'MIN', '8h2cobci19ecu3pl38us7tnr7vbc4zo6NM200904120000000000000000000030', 'i7d10qudidtzx21x650gm5axztp6jqggii7sig2clgy9z81k9zxs901sout0qs8q', '2017-06-12 23:54:42', '2017-06-12 23:54:42', '0000000000000000000000000000001000000000000000000000000000000003', NULL, 4857);
INSERT INTO metadata_display_label ( key_name, oid, site_master, default_locale) VALUES ('ssdm4stjqfla2skc9oqrnxrmgm0wrzjbNM200904120000000000000000000030', 'ssdm4stjqfla2skc9oqrnxrmgm0wrzjbNM200904120000000000000000000030', 'www.runwaysdk.com', 'Maximum');
INSERT INTO aggregation_function ( oid) VALUES ('ijuu1drfgp26dd4c6q5lpelrrpkq7ymsii7sig2clgy9z81k9zxs901sout0qs8q');
INSERT INTO enumeration_master ( site_master, last_updated_by, owner, locked_by, key_name, type, enum_name, display_label, oid, last_update_date, create_date, created_by, entity_domain, seq) VALUES ('www.runwaysdk.com', '0000000000000000000000000000001000000000000000000000000000000003', '0000000000000000000000000000001000000000000000000000000000000003', NULL, 'com.runwaysdk.system.metadata.AggregationFunction.MAX', 'com.runwaysdk.system.metadata.AggregationFunction', 'MAX', 'ssdm4stjqfla2skc9oqrnxrmgm0wrzjbNM200904120000000000000000000030', 'ijuu1drfgp26dd4c6q5lpelrrpkq7ymsii7sig2clgy9z81k9zxs901sout0qs8q', '2017-06-12 23:54:42', '2017-06-12 23:54:42', '0000000000000000000000000000001000000000000000000000000000000003', NULL, 4858);
INSERT INTO metadata_display_label ( key_name, oid, site_master, default_locale) VALUES ('xx0hl7a10uifz250o2fgbyh2zmdwsrx3NM200904120000000000000000000030', 'xx0hl7a10uifz250o2fgbyh2zmdwsrx3NM200904120000000000000000000030', 'www.runwaysdk.com', 'Standard Deviation');
INSERT INTO aggregation_function ( oid) VALUES ('in8k6816c3r9ia1aupoudcv2zqrxbxhbii7sig2clgy9z81k9zxs901sout0qs8q');
INSERT INTO enumeration_master ( site_master, last_updated_by, owner, locked_by, key_name, type, enum_name, display_label, oid, last_update_date, create_date, created_by, entity_domain, seq) VALUES ('www.runwaysdk.com', '0000000000000000000000000000001000000000000000000000000000000003', '0000000000000000000000000000001000000000000000000000000000000003', NULL, 'com.runwaysdk.system.metadata.AggregationFunction.STDEV', 'com.runwaysdk.system.metadata.AggregationFunction', 'STDEV', 'xx0hl7a10uifz250o2fgbyh2zmdwsrx3NM200904120000000000000000000030', 'in8k6816c3r9ia1aupoudcv2zqrxbxhbii7sig2clgy9z81k9zxs901sout0qs8q', '2017-06-12 23:54:42', '2017-06-12 23:54:42', '0000000000000000000000000000001000000000000000000000000000000003', NULL, 4859);
INSERT INTO metadata_display_label ( key_name, oid, site_master, default_locale) VALUES ('qy1hziyw6kh3gzp6bhchstq59jymczwlNM200904120000000000000000000030', 'qy1hziyw6kh3gzp6bhchstq59jymczwlNM200904120000000000000000000030', 'www.runwaysdk.com', 'Indicator Function');
INSERT INTO metadata_display_label ( key_name, oid, site_master, default_locale) VALUES ('6or5ndhqmnebmeryre6hdnhpne9e978cNM200904120000000000000000000030', '6or5ndhqmnebmeryre6hdnhpne9e978cNM200904120000000000000000000030', 'www.runwaysdk.com', 'Indicator Function Enumeration');
INSERT INTO md_enumeration ( master_md_business, table_name, include_all, oid) VALUES ('ii7sig2clgy9z81k9zxs901sout0qs8q00000000000000000000000000000001', 'indicator_aggregate_function', 1, 'i0mpeef4ubwk29ntr0po98lywhtzoi4m00000000000000000000000000000196');
INSERT INTO md_type ( type_name, js_stub, display_label, exported, generate_source, js_base, base_source, package_name, root_id, dto_source, oid) VALUES ('IndicatorAggregateFunction', NULL, 'qy1hziyw6kh3gzp6bhchstq59jymczwlNM200904120000000000000000000030', 1, 1, NULL, NULL, 'com.runwaysdk.system.metadata', 'i0mpeef4ubwk29ntr0po98lywhtzoi4m', NULL, 'i0mpeef4ubwk29ntr0po98lywhtzoi4m00000000000000000000000000000196');
INSERT INTO metadata ( create_date, seq, type, created_by, last_update_date, last_updated_by, description, locked_by, remove, owner, entity_domain, oid, key_name, site_master) VALUES ('2017-06-12 23:54:42', 4860, 'com.runwaysdk.system.metadata.MdEnumeration', '0000000000000000000000000000001000000000000000000000000000000003', '2017-06-12 23:54:42', '0000000000000000000000000000001000000000000000000000000000000003', '6or5ndhqmnebmeryre6hdnhpne9e978cNM200904120000000000000000000030', NULL, 0, '0000000000000000000000000000001000000000000000000000000000000003', NULL, 'i0mpeef4ubwk29ntr0po98lywhtzoi4m00000000000000000000000000000196', 'com.runwaysdk.system.metadata.IndicatorAggregateFunction', 'www.runwaysdk.com');
INSERT INTO enumeration_attribute ( oid, parent_id, child_id) VALUES ('i0mpeef4ubwk29ntr0po98lywhtzoi4m00000000000000000000000000000212', 'ii7sig2clgy9z81k9zxs901sout0qs8q00000000000000000000000000000001', 'i0mpeef4ubwk29ntr0po98lywhtzoi4m00000000000000000000000000000196');
INSERT INTO metadata_relationship ( oid, created_by, type, last_update_date, site_master, owner, seq, key_name, entity_domain, locked_by, create_date, last_updated_by, parent_id, child_id) VALUES ('i0mpeef4ubwk29ntr0po98lywhtzoi4m00000000000000000000000000000212', '0000000000000000000000000000001000000000000000000000000000000003', 'com.runwaysdk.system.metadata.EnumerationAttribute', '2017-06-12 23:54:42', 'www.runwaysdk.com', '0000000000000000000000000000001000000000000000000000000000000003', 4861, 'com.runwaysdk.system.metadata.IndicatorAggregateFunction', NULL, NULL, '2017-06-12 23:54:42', '0000000000000000000000000000001000000000000000000000000000000003', 'ii7sig2clgy9z81k9zxs901sout0qs8q00000000000000000000000000000001', 'i0mpeef4ubwk29ntr0po98lywhtzoi4m00000000000000000000000000000196');
CREATE TABLE indicator_aggregate_function 
(set_id                CHAR(32) NOT NULL, 
item_id CHAR(64) NOT NULL);
CREATE UNIQUE INDEX ai0mpeef4ubwk29ntr0po98lywhtzo ON indicator_aggregate_function (set_id, item_id);
INSERT INTO enumeration_attribute_item ( oid, parent_id, child_id) VALUES ('irv5gd4ouxp6zy5dvsf6623w5845i03g00000000000000000000000000000294', 'i0mpeef4ubwk29ntr0po98lywhtzoi4m00000000000000000000000000000196', 'ibvpg1cjy86exwit43jra87bz7n3m77zii7sig2clgy9z81k9zxs901sout0qs8q');
INSERT INTO metadata_relationship ( oid, created_by, type, last_update_date, site_master, owner, seq, key_name, entity_domain, locked_by, create_date, last_updated_by, parent_id, child_id) VALUES ('irv5gd4ouxp6zy5dvsf6623w5845i03g00000000000000000000000000000294', '0000000000000000000000000000001000000000000000000000000000000003', 'com.runwaysdk.system.metadata.EnumerationAttributeItem', '2017-06-12 23:54:42', 'www.runwaysdk.com', '0000000000000000000000000000001000000000000000000000000000000003', 4862, 'com.runwaysdk.system.metadata.IndicatorAggregateFunction.SUM', NULL, NULL, '2017-06-12 23:54:42', '0000000000000000000000000000001000000000000000000000000000000003', 'i0mpeef4ubwk29ntr0po98lywhtzoi4m00000000000000000000000000000196', 'ibvpg1cjy86exwit43jra87bz7n3m77zii7sig2clgy9z81k9zxs901sout0qs8q');
INSERT INTO enumeration_attribute_item ( oid, parent_id, child_id) VALUES ('ih2w38d4ako5haxpkp2or4ktlkwy6wwl00000000000000000000000000000294', 'i0mpeef4ubwk29ntr0po98lywhtzoi4m00000000000000000000000000000196', 'i2h584nkvxjckla44lj29cteg9j0jv15ii7sig2clgy9z81k9zxs901sout0qs8q');
INSERT INTO metadata_relationship ( oid, created_by, type, last_update_date, site_master, owner, seq, key_name, entity_domain, locked_by, create_date, last_updated_by, parent_id, child_id) VALUES ('ih2w38d4ako5haxpkp2or4ktlkwy6wwl00000000000000000000000000000294', '0000000000000000000000000000001000000000000000000000000000000003', 'com.runwaysdk.system.metadata.EnumerationAttributeItem', '2017-06-12 23:54:42', 'www.runwaysdk.com', '0000000000000000000000000000001000000000000000000000000000000003', 4863, 'com.runwaysdk.system.metadata.IndicatorAggregateFunction.AVG', NULL, NULL, '2017-06-12 23:54:42', '0000000000000000000000000000001000000000000000000000000000000003', 'i0mpeef4ubwk29ntr0po98lywhtzoi4m00000000000000000000000000000196', 'i2h584nkvxjckla44lj29cteg9j0jv15ii7sig2clgy9z81k9zxs901sout0qs8q');
INSERT INTO enumeration_attribute_item ( oid, parent_id, child_id) VALUES ('i3x0yhhzk4w4h13g97z712pnv4cl8qib00000000000000000000000000000294', 'i0mpeef4ubwk29ntr0po98lywhtzoi4m00000000000000000000000000000196', 'idlvup444z215bd4cs9arb39ki9nfxyrii7sig2clgy9z81k9zxs901sout0qs8q');
INSERT INTO metadata_relationship ( oid, created_by, type, last_update_date, site_master, owner, seq, key_name, entity_domain, locked_by, create_date, last_updated_by, parent_id, child_id) VALUES ('i3x0yhhzk4w4h13g97z712pnv4cl8qib00000000000000000000000000000294', '0000000000000000000000000000001000000000000000000000000000000003', 'com.runwaysdk.system.metadata.EnumerationAttributeItem', '2017-06-12 23:54:42', 'www.runwaysdk.com', '0000000000000000000000000000001000000000000000000000000000000003', 4864, 'com.runwaysdk.system.metadata.IndicatorAggregateFunction.COUNT', NULL, NULL, '2017-06-12 23:54:42', '0000000000000000000000000000001000000000000000000000000000000003', 'i0mpeef4ubwk29ntr0po98lywhtzoi4m00000000000000000000000000000196', 'idlvup444z215bd4cs9arb39ki9nfxyrii7sig2clgy9z81k9zxs901sout0qs8q');
INSERT INTO enumeration_attribute_item ( oid, parent_id, child_id) VALUES ('i80y7q5hy6bfz3h3vymmvp7zjwt0m8nf00000000000000000000000000000294', 'i0mpeef4ubwk29ntr0po98lywhtzoi4m00000000000000000000000000000196', 'i7d10qudidtzx21x650gm5axztp6jqggii7sig2clgy9z81k9zxs901sout0qs8q');
INSERT INTO metadata_relationship ( oid, created_by, type, last_update_date, site_master, owner, seq, key_name, entity_domain, locked_by, create_date, last_updated_by, parent_id, child_id) VALUES ('i80y7q5hy6bfz3h3vymmvp7zjwt0m8nf00000000000000000000000000000294', '0000000000000000000000000000001000000000000000000000000000000003', 'com.runwaysdk.system.metadata.EnumerationAttributeItem', '2017-06-12 23:54:42', 'www.runwaysdk.com', '0000000000000000000000000000001000000000000000000000000000000003', 4865, 'com.runwaysdk.system.metadata.IndicatorAggregateFunction.MIN', NULL, NULL, '2017-06-12 23:54:42', '0000000000000000000000000000001000000000000000000000000000000003', 'i0mpeef4ubwk29ntr0po98lywhtzoi4m00000000000000000000000000000196', 'i7d10qudidtzx21x650gm5axztp6jqggii7sig2clgy9z81k9zxs901sout0qs8q');
INSERT INTO enumeration_attribute_item ( oid, parent_id, child_id) VALUES ('i4pbr2miwyag0m5d0wm2lfxmco85nu8p00000000000000000000000000000294', 'i0mpeef4ubwk29ntr0po98lywhtzoi4m00000000000000000000000000000196', 'ijuu1drfgp26dd4c6q5lpelrrpkq7ymsii7sig2clgy9z81k9zxs901sout0qs8q');
INSERT INTO metadata_relationship ( oid, created_by, type, last_update_date, site_master, owner, seq, key_name, entity_domain, locked_by, create_date, last_updated_by, parent_id, child_id) VALUES ('i4pbr2miwyag0m5d0wm2lfxmco85nu8p00000000000000000000000000000294', '0000000000000000000000000000001000000000000000000000000000000003', 'com.runwaysdk.system.metadata.EnumerationAttributeItem', '2017-06-12 23:54:42', 'www.runwaysdk.com', '0000000000000000000000000000001000000000000000000000000000000003', 4866, 'com.runwaysdk.system.metadata.IndicatorAggregateFunction.MAX', NULL, NULL, '2017-06-12 23:54:42', '0000000000000000000000000000001000000000000000000000000000000003', 'i0mpeef4ubwk29ntr0po98lywhtzoi4m00000000000000000000000000000196', 'ijuu1drfgp26dd4c6q5lpelrrpkq7ymsii7sig2clgy9z81k9zxs901sout0qs8q');
INSERT INTO enumeration_attribute_item ( oid, parent_id, child_id) VALUES ('id0uutt6r6opr3aol8oxy6zoymjpebj200000000000000000000000000000294', 'i0mpeef4ubwk29ntr0po98lywhtzoi4m00000000000000000000000000000196', 'in8k6816c3r9ia1aupoudcv2zqrxbxhbii7sig2clgy9z81k9zxs901sout0qs8q');
INSERT INTO metadata_relationship ( oid, created_by, type, last_update_date, site_master, owner, seq, key_name, entity_domain, locked_by, create_date, last_updated_by, parent_id, child_id) VALUES ('id0uutt6r6opr3aol8oxy6zoymjpebj200000000000000000000000000000294', '0000000000000000000000000000001000000000000000000000000000000003', 'com.runwaysdk.system.metadata.EnumerationAttributeItem', '2017-06-12 23:54:42', 'www.runwaysdk.com', '0000000000000000000000000000001000000000000000000000000000000003', 4867, 'com.runwaysdk.system.metadata.IndicatorAggregateFunction.STDEV', NULL, NULL, '2017-06-12 23:54:42', '0000000000000000000000000000001000000000000000000000000000000003', 'i0mpeef4ubwk29ntr0po98lywhtzoi4m00000000000000000000000000000196', 'in8k6816c3r9ia1aupoudcv2zqrxbxhbii7sig2clgy9z81k9zxs901sout0qs8q');


INSERT INTO class_cache (set_id, item_id)  VALUES  ('zladoytsrtrnka3sjbypn7ixupysbcix', '0000000000000000000000000000023100000000000000000000000000000222');
INSERT INTO metadata_display_label ( key_name, oid, site_master, default_locale) VALUES ('quo85nipz79aucf9ahn2p7f4f75omvc2NM200904120000000000000000000030', 'quo85nipz79aucf9ahn2p7f4f75omvc2NM200904120000000000000000000030', 'www.runwaysdk.com', 'Operator Master');
INSERT INTO metadata_display_label ( key_name, oid, site_master, default_locale) VALUES ('73izzv1v8391p0rfxdapq5fte7q32u7oNM200904120000000000000000000030', '73izzv1v8391p0rfxdapq5fte7q32u7oNM200904120000000000000000000030', 'www.runwaysdk.com', 'Math Operators Enumeration Master List');
INSERT INTO md_business ( super_md_business, cache_algorithm, cache_algorithm_c, oid) VALUES ('0000000000000000000000000000020600000000000000000000000000000001', 'zladoytsrtrnka3sjbypn7ixupysbcix', '0000000000000000000000000000023100000000000000000000000000000222', 'iqumzzbqjmhyxor5e94ff0tpvop4msec00000000000000000000000000000001');
INSERT INTO md_element ( is_abstract, extendable, oid) VALUES (0, 0, 'iqumzzbqjmhyxor5e94ff0tpvop4msec00000000000000000000000000000001');
INSERT INTO md_entity ( cache_size, query_dto_source, has_deterministic_ids, enforce_site_master, query_source, table_name, oid) VALUES (0, NULL, 1, 1, NULL, 'math_operator', 'iqumzzbqjmhyxor5e94ff0tpvop4msec00000000000000000000000000000001');
INSERT INTO md_class ( stub_source, publish, stub_dto_source, oid) VALUES (NULL, 1, NULL, 'iqumzzbqjmhyxor5e94ff0tpvop4msec00000000000000000000000000000001');
INSERT INTO md_type ( type_name, js_stub, display_label, exported, generate_source, js_base, base_source, package_name, root_id, dto_source, oid) VALUES ('MathOperator', NULL, 'quo85nipz79aucf9ahn2p7f4f75omvc2NM200904120000000000000000000030', 1, 1, NULL, NULL, 'com.runwaysdk.system.metadata', 'iqumzzbqjmhyxor5e94ff0tpvop4msec', NULL, 'iqumzzbqjmhyxor5e94ff0tpvop4msec00000000000000000000000000000001');
INSERT INTO metadata ( create_date, seq, type, created_by, last_update_date, last_updated_by, description, locked_by, remove, owner, entity_domain, oid, key_name, site_master) VALUES ('2017-06-12 23:54:42', 4868, 'com.runwaysdk.system.metadata.MdBusiness', '0000000000000000000000000000001000000000000000000000000000000003', '2017-06-12 23:54:42', '0000000000000000000000000000001000000000000000000000000000000003', '73izzv1v8391p0rfxdapq5fte7q32u7oNM200904120000000000000000000030', NULL, 0, '0000000000000000000000000000001000000000000000000000000000000003', NULL, 'iqumzzbqjmhyxor5e94ff0tpvop4msec00000000000000000000000000000001', 'com.runwaysdk.system.metadata.MathOperator', 'www.runwaysdk.com');
CREATE TABLE math_operator ( oid CHAR(64) NOT NULL PRIMARY KEY );
INSERT INTO business_inheritance ( oid, parent_id, child_id) VALUES ('iqumzzbqjmhyxor5e94ff0tpvop4msec20070926NM0000000000000000000004', '0000000000000000000000000000020600000000000000000000000000000001', 'iqumzzbqjmhyxor5e94ff0tpvop4msec00000000000000000000000000000001');
INSERT INTO class_inheritance ( oid, parent_id, child_id) VALUES ('iqumzzbqjmhyxor5e94ff0tpvop4msec20070926NM0000000000000000000004', '0000000000000000000000000000020600000000000000000000000000000001', 'iqumzzbqjmhyxor5e94ff0tpvop4msec00000000000000000000000000000001');
INSERT INTO metadata_relationship ( oid, created_by, type, last_update_date, site_master, owner, seq, key_name, entity_domain, locked_by, create_date, last_updated_by, parent_id, child_id) VALUES ('iqumzzbqjmhyxor5e94ff0tpvop4msec20070926NM0000000000000000000004', '0000000000000000000000000000001000000000000000000000000000000003', 'com.runwaysdk.system.metadata.BusinessInheritance', '2017-06-12 23:54:42', 'www.runwaysdk.com', '0000000000000000000000000000001000000000000000000000000000000003', 4869, 'com.runwaysdk.system.metadata.MathOperator', NULL, NULL, '2017-06-12 23:54:42', '0000000000000000000000000000001000000000000000000000000000000003', '0000000000000000000000000000020600000000000000000000000000000001', 'iqumzzbqjmhyxor5e94ff0tpvop4msec00000000000000000000000000000001');


INSERT INTO md_attribute_indicies (set_id, item_id)  VALUES  ('qyhj674e14o45ube3kaqh1cu5lsqk7z9', '0000000000000000000000000000040900000000000000000000000000000403');
INSERT INTO visibilitymodifier (set_id, item_id)  VALUES  ('2ghro9gj8mfeq1gxazm0vhv05zjh1hif', '20071109NM000000000000000000000520071109NM0000000000000000000001');
INSERT INTO visibilitymodifier (set_id, item_id)  VALUES  ('77jt1fjb5lkvm5yvxfn5wofyy1k7kq1a', '20071109NM000000000000000000000520071109NM0000000000000000000001');
INSERT INTO metadata_display_label ( key_name, oid, site_master, default_locale) VALUES ('8muuawu6rflxfux8fxjp6d0s96trqvr6NM200904120000000000000000000030', '8muuawu6rflxfux8fxjp6d0s96trqvr6NM200904120000000000000000000030', 'www.runwaysdk.com', 'Operator');
INSERT INTO metadata_display_label ( key_name, oid, site_master, default_locale) VALUES ('0fqqm8tnsgm52h44h6zb7risj72r3lzcNM200904120000000000000000000030', '0fqqm8tnsgm52h44h6zb7risj72r3lzcNM200904120000000000000000000030', 'www.runwaysdk.com', NULL);
INSERT INTO md_attribute_character ( default_value, database_size, oid) VALUES (NULL, 1, 'itkw7ntewl174q8ywlpwhpfrkn831zhb00000000000000000000000000000138');
INSERT INTO md_attribute_char ( oid) VALUES ('itkw7ntewl174q8ywlpwhpfrkn831zhb00000000000000000000000000000138');
INSERT INTO md_attribute_primitive ( is_expression, expression, oid) VALUES (0, NULL, 'itkw7ntewl174q8ywlpwhpfrkn831zhb00000000000000000000000000000138');
INSERT INTO md_attribute_concrete ( defining_md_class, column_name, index_type, index_type_c, attribute_name, getter_visibility, getter_visibility_c, system, index_name, setter_visibility, setter_visibility_c, required, generate_accessor, display_label, immutable, oid) VALUES ('iqumzzbqjmhyxor5e94ff0tpvop4msec00000000000000000000000000000001', 'operator_symbol', 'qyhj674e14o45ube3kaqh1cu5lsqk7z9', '0000000000000000000000000000040900000000000000000000000000000403', 'operatorSymbol', '2ghro9gj8mfeq1gxazm0vhv05zjh1hif', '20071109NM000000000000000000000520071109NM0000000000000000000001', 0, 'ansv7i5haccr6avp4h8yt119gnwgxt', '77jt1fjb5lkvm5yvxfn5wofyy1k7kq1a', '20071109NM000000000000000000000520071109NM0000000000000000000001', 1, 1, '8muuawu6rflxfux8fxjp6d0s96trqvr6NM200904120000000000000000000030', 0, 'itkw7ntewl174q8ywlpwhpfrkn831zhb00000000000000000000000000000138');
INSERT INTO md_attribute ( oid) VALUES ('itkw7ntewl174q8ywlpwhpfrkn831zhb00000000000000000000000000000138');
INSERT INTO metadata ( create_date, seq, type, created_by, last_update_date, last_updated_by, description, locked_by, remove, owner, entity_domain, oid, key_name, site_master) VALUES ('2017-06-12 23:54:42', 4870, 'com.runwaysdk.system.metadata.MdAttributeCharacter', '0000000000000000000000000000001000000000000000000000000000000003', '2017-06-12 23:54:42', '0000000000000000000000000000001000000000000000000000000000000003', '0fqqm8tnsgm52h44h6zb7risj72r3lzcNM200904120000000000000000000030', NULL, 0, '0000000000000000000000000000001000000000000000000000000000000003', NULL, 'itkw7ntewl174q8ywlpwhpfrkn831zhb00000000000000000000000000000138', 'com.runwaysdk.system.metadata.MathOperator.operatorSymbol', 'www.runwaysdk.com');
ALTER TABLE math_operator ADD COLUMN operator_symbol  varchar(1);
INSERT INTO class_attribute_concrete ( oid, parent_id, child_id) VALUES ('itkw7ntewl174q8ywlpwhpfrkn831zhb00000000000000000000000000000073', 'iqumzzbqjmhyxor5e94ff0tpvop4msec00000000000000000000000000000001', 'itkw7ntewl174q8ywlpwhpfrkn831zhb00000000000000000000000000000138');
INSERT INTO class_attribute ( oid, parent_id, child_id) VALUES ('itkw7ntewl174q8ywlpwhpfrkn831zhb00000000000000000000000000000073', 'iqumzzbqjmhyxor5e94ff0tpvop4msec00000000000000000000000000000001', 'itkw7ntewl174q8ywlpwhpfrkn831zhb00000000000000000000000000000138');
INSERT INTO metadata_relationship ( oid, created_by, type, last_update_date, site_master, owner, seq, key_name, entity_domain, locked_by, create_date, last_updated_by, parent_id, child_id) VALUES ('itkw7ntewl174q8ywlpwhpfrkn831zhb00000000000000000000000000000073', '0000000000000000000000000000001000000000000000000000000000000003', 'com.runwaysdk.system.metadata.ClassAttributeConcrete', '2017-06-12 23:54:42', 'www.runwaysdk.com', '0000000000000000000000000000001000000000000000000000000000000003', 4871, 'com.runwaysdk.system.metadata.MathOperator.operatorSymbol', NULL, NULL, '2017-06-12 23:54:42', '0000000000000000000000000000001000000000000000000000000000000003', 'iqumzzbqjmhyxor5e94ff0tpvop4msec00000000000000000000000000000001', 'itkw7ntewl174q8ywlpwhpfrkn831zhb00000000000000000000000000000138');
CREATE UNIQUE INDEX ansv7i5haccr6avp4h8yt119gnwgxt ON math_operator (operator_symbol);
INSERT INTO metadata_display_label ( key_name, oid, site_master, default_locale) VALUES ('1vi31uq8bvg3be1cmdek2i9umewjh4u7NM200904120000000000000000000030', '1vi31uq8bvg3be1cmdek2i9umewjh4u7NM200904120000000000000000000030', 'www.runwaysdk.com', 'California');
INSERT INTO math_operator ( operator_symbol, oid) VALUES ('/', 'ic3pv3kklqp6habo6zbtt3pbwsdrsnkqiqumzzbqjmhyxor5e94ff0tpvop4msec');
INSERT INTO enumeration_master ( site_master, last_updated_by, owner, locked_by, key_name, type, enum_name, display_label, oid, last_update_date, create_date, created_by, entity_domain, seq) VALUES ('www.runwaysdk.com', '0000000000000000000000000000001000000000000000000000000000000003', '0000000000000000000000000000001000000000000000000000000000000003', NULL, 'com.runwaysdk.system.metadata.MathOperator.DIV', 'com.runwaysdk.system.metadata.MathOperator', 'DIV', '1vi31uq8bvg3be1cmdek2i9umewjh4u7NM200904120000000000000000000030', 'ic3pv3kklqp6habo6zbtt3pbwsdrsnkqiqumzzbqjmhyxor5e94ff0tpvop4msec', '2017-06-12 23:54:42', '2017-06-12 23:54:42', '0000000000000000000000000000001000000000000000000000000000000003', NULL, 4872);


INSERT INTO metadata_display_label ( key_name, oid, site_master, default_locale) VALUES ('qtcd1gu779vto4b3wk3x9btmoe0z8aemNM200904120000000000000000000030', 'qtcd1gu779vto4b3wk3x9btmoe0z8aemNM200904120000000000000000000030', 'www.runwaysdk.com', 'Indicator Operator');
INSERT INTO metadata_display_label ( key_name, oid, site_master, default_locale) VALUES ('0fm1xl4wlmixhak4ozbahpjw12tkypqdNM200904120000000000000000000030', '0fm1xl4wlmixhak4ozbahpjw12tkypqdNM200904120000000000000000000030', 'www.runwaysdk.com', 'Indicator Operator Enumeration');
INSERT INTO md_enumeration ( master_md_business, table_name, include_all, oid) VALUES ('iqumzzbqjmhyxor5e94ff0tpvop4msec00000000000000000000000000000001', 'indicator_operator', 1, 'i1p4wlz5q43qzcm2962gevo9gt62d4nt00000000000000000000000000000196');
INSERT INTO md_type ( type_name, js_stub, display_label, exported, generate_source, js_base, base_source, package_name, root_id, dto_source, oid) VALUES ('IndicatorOperator', NULL, 'qtcd1gu779vto4b3wk3x9btmoe0z8aemNM200904120000000000000000000030', 1, 1, NULL, NULL, 'com.runwaysdk.system.metadata', 'i1p4wlz5q43qzcm2962gevo9gt62d4nt', NULL, 'i1p4wlz5q43qzcm2962gevo9gt62d4nt00000000000000000000000000000196');
INSERT INTO metadata ( create_date, seq, type, created_by, last_update_date, last_updated_by, description, locked_by, remove, owner, entity_domain, oid, key_name, site_master) VALUES ('2017-06-12 23:54:42', 4873, 'com.runwaysdk.system.metadata.MdEnumeration', '0000000000000000000000000000001000000000000000000000000000000003', '2017-06-12 23:54:42', '0000000000000000000000000000001000000000000000000000000000000003', '0fm1xl4wlmixhak4ozbahpjw12tkypqdNM200904120000000000000000000030', NULL, 0, '0000000000000000000000000000001000000000000000000000000000000003', NULL, 'i1p4wlz5q43qzcm2962gevo9gt62d4nt00000000000000000000000000000196', 'com.runwaysdk.system.metadata.IndicatorOperator', 'www.runwaysdk.com');
INSERT INTO enumeration_attribute ( oid, parent_id, child_id) VALUES ('i1p4wlz5q43qzcm2962gevo9gt62d4nt00000000000000000000000000000212', 'iqumzzbqjmhyxor5e94ff0tpvop4msec00000000000000000000000000000001', 'i1p4wlz5q43qzcm2962gevo9gt62d4nt00000000000000000000000000000196');
INSERT INTO metadata_relationship ( oid, created_by, type, last_update_date, site_master, owner, seq, key_name, entity_domain, locked_by, create_date, last_updated_by, parent_id, child_id) VALUES ('i1p4wlz5q43qzcm2962gevo9gt62d4nt00000000000000000000000000000212', '0000000000000000000000000000001000000000000000000000000000000003', 'com.runwaysdk.system.metadata.EnumerationAttribute', '2017-06-12 23:54:42', 'www.runwaysdk.com', '0000000000000000000000000000001000000000000000000000000000000003', 4874, 'com.runwaysdk.system.metadata.IndicatorOperator', NULL, NULL, '2017-06-12 23:54:42', '0000000000000000000000000000001000000000000000000000000000000003', 'iqumzzbqjmhyxor5e94ff0tpvop4msec00000000000000000000000000000001', 'i1p4wlz5q43qzcm2962gevo9gt62d4nt00000000000000000000000000000196');
CREATE TABLE indicator_operator 
(set_id                CHAR(32) NOT NULL, 
item_id CHAR(64) NOT NULL);
CREATE UNIQUE INDEX ai1p4wlz5q43qzcm2962gevo9gt62d ON indicator_operator (set_id, item_id);
INSERT INTO enumeration_attribute_item ( oid, parent_id, child_id) VALUES ('i0wdnbo5wd0mgugci1ahax4hvh9so3yf00000000000000000000000000000294', 'i1p4wlz5q43qzcm2962gevo9gt62d4nt00000000000000000000000000000196', 'ic3pv3kklqp6habo6zbtt3pbwsdrsnkqiqumzzbqjmhyxor5e94ff0tpvop4msec');
INSERT INTO metadata_relationship ( oid, created_by, type, last_update_date, site_master, owner, seq, key_name, entity_domain, locked_by, create_date, last_updated_by, parent_id, child_id) VALUES ('i0wdnbo5wd0mgugci1ahax4hvh9so3yf00000000000000000000000000000294', '0000000000000000000000000000001000000000000000000000000000000003', 'com.runwaysdk.system.metadata.EnumerationAttributeItem', '2017-06-12 23:54:42', 'www.runwaysdk.com', '0000000000000000000000000000001000000000000000000000000000000003', 4875, 'com.runwaysdk.system.metadata.IndicatorOperator.DIV', NULL, NULL, '2017-06-12 23:54:42', '0000000000000000000000000000001000000000000000000000000000000003', 'i1p4wlz5q43qzcm2962gevo9gt62d4nt00000000000000000000000000000196', 'ic3pv3kklqp6habo6zbtt3pbwsdrsnkqiqumzzbqjmhyxor5e94ff0tpvop4msec');


INSERT INTO class_cache (set_id, item_id)  VALUES  ('snte1b7tt4h47d5ytz5l44tsb9jhv910', '0000000000000000000000000000023000000000000000000000000000000222');
INSERT INTO metadata_display_label ( key_name, oid, site_master, default_locale) VALUES ('0s4qzzki2ii4kt8jtcqwbx4z8ptjkdavNM200904120000000000000000000030', '0s4qzzki2ii4kt8jtcqwbx4z8ptjkdavNM200904120000000000000000000030', 'www.runwaysdk.com', 'Indicator Element');
INSERT INTO metadata_display_label ( key_name, oid, site_master, default_locale) VALUES ('8kqfa1ztedhazxpz1fi1pcmm23xrkikcNM200904120000000000000000000030', '8kqfa1ztedhazxpz1fi1pcmm23xrkikcNM200904120000000000000000000030', 'www.runwaysdk.com', 'An abstract class representing components that make up an indicator definition. This is the abstract class in the composite pattern.');
INSERT INTO md_business ( super_md_business, cache_algorithm, cache_algorithm_c, oid) VALUES (NULL, 'snte1b7tt4h47d5ytz5l44tsb9jhv910', '0000000000000000000000000000023000000000000000000000000000000222', 'in5q49sp4ysp566txfog13xfvpjpjrnb00000000000000000000000000000001');
INSERT INTO md_element ( is_abstract, extendable, oid) VALUES (1, 1, 'in5q49sp4ysp566txfog13xfvpjpjrnb00000000000000000000000000000001');
INSERT INTO md_entity ( cache_size, query_dto_source, has_deterministic_ids, enforce_site_master, query_source, table_name, oid) VALUES (0, NULL, 1, 1, NULL, 'indicator_element', 'in5q49sp4ysp566txfog13xfvpjpjrnb00000000000000000000000000000001');
INSERT INTO md_class ( stub_source, publish, stub_dto_source, oid) VALUES (NULL, 1, NULL, 'in5q49sp4ysp566txfog13xfvpjpjrnb00000000000000000000000000000001');
INSERT INTO md_type ( type_name, js_stub, display_label, exported, generate_source, js_base, base_source, package_name, root_id, dto_source, oid) VALUES ('IndicatorElement', NULL, '0s4qzzki2ii4kt8jtcqwbx4z8ptjkdavNM200904120000000000000000000030', 1, 1, NULL, NULL, 'com.runwaysdk.system.metadata', 'in5q49sp4ysp566txfog13xfvpjpjrnb', NULL, 'in5q49sp4ysp566txfog13xfvpjpjrnb00000000000000000000000000000001');
INSERT INTO metadata ( create_date, seq, type, created_by, last_update_date, last_updated_by, description, locked_by, remove, owner, entity_domain, oid, key_name, site_master) VALUES ('2017-06-12 23:54:42', 4876, 'com.runwaysdk.system.metadata.MdBusiness', '0000000000000000000000000000001000000000000000000000000000000003', '2017-06-12 23:54:42', '0000000000000000000000000000001000000000000000000000000000000003', '8kqfa1ztedhazxpz1fi1pcmm23xrkikcNM200904120000000000000000000030', NULL, 0, '0000000000000000000000000000001000000000000000000000000000000003', NULL, 'in5q49sp4ysp566txfog13xfvpjpjrnb00000000000000000000000000000001', 'com.runwaysdk.system.metadata.IndicatorElement', 'www.runwaysdk.com');
CREATE TABLE indicator_element ( oid CHAR(64) NOT NULL PRIMARY KEY );
INSERT INTO md_attribute_indicies (set_id, item_id)  VALUES  ('1t9u1dny20sdw9g47xe287nsi2dbmbc1', '0000000000000000000000000000040900000000000000000000000000000403');
INSERT INTO visibilitymodifier (set_id, item_id)  VALUES  ('0ixlq3mms5bsfmcr0tcu9mxkdx2ma5ps', '20071109NM000000000000000000000520071109NM0000000000000000000001');
INSERT INTO visibilitymodifier (set_id, item_id)  VALUES  ('2hc140cer4nxh4oda91muqkmh673974n', '20071109NM000000000000000000000520071109NM0000000000000000000001');
INSERT INTO metadata_display_label ( key_name, oid, site_master, default_locale) VALUES ('spsxb6qc0knlb3y8qwlg97de46lyqifwNM200904120000000000000000000030', 'spsxb6qc0knlb3y8qwlg97de46lyqifwNM200904120000000000000000000030', 'www.runwaysdk.com', 'ID');
INSERT INTO metadata_display_label ( key_name, oid, site_master, default_locale) VALUES ('73rfybhmss4k2itr6vanzjrwxh5kfg7kNM200904120000000000000000000030', '73rfybhmss4k2itr6vanzjrwxh5kfg7kNM200904120000000000000000000030', 'www.runwaysdk.com', 'ID of this object');
INSERT INTO md_attribute_character ( default_value, database_size, oid) VALUES (NULL, 64, 'ipba0cmc3fdydpx67q9o9nxetmwe33d800000000000000000000000000000138');
INSERT INTO md_attribute_char ( oid) VALUES ('ipba0cmc3fdydpx67q9o9nxetmwe33d800000000000000000000000000000138');
INSERT INTO md_attribute_primitive ( is_expression, expression, oid) VALUES (0, NULL, 'ipba0cmc3fdydpx67q9o9nxetmwe33d800000000000000000000000000000138');
INSERT INTO md_attribute_concrete ( defining_md_class, column_name, index_type, index_type_c, attribute_name, getter_visibility, getter_visibility_c, system, index_name, setter_visibility, setter_visibility_c, required, generate_accessor, display_label, immutable, oid) VALUES ('in5q49sp4ysp566txfog13xfvpjpjrnb00000000000000000000000000000001', 'oid', '1t9u1dny20sdw9g47xe287nsi2dbmbc1', '0000000000000000000000000000040900000000000000000000000000000403', 'oid', '0ixlq3mms5bsfmcr0tcu9mxkdx2ma5ps', '20071109NM000000000000000000000520071109NM0000000000000000000001', 1, 'a72kmdacapgul3bmm4f5oq7krx3278', '2hc140cer4nxh4oda91muqkmh673974n', '20071109NM000000000000000000000520071109NM0000000000000000000001', 1, 1, 'spsxb6qc0knlb3y8qwlg97de46lyqifwNM200904120000000000000000000030', 0, 'ipba0cmc3fdydpx67q9o9nxetmwe33d800000000000000000000000000000138');
INSERT INTO md_attribute ( oid) VALUES ('ipba0cmc3fdydpx67q9o9nxetmwe33d800000000000000000000000000000138');
INSERT INTO metadata ( create_date, seq, type, created_by, last_update_date, last_updated_by, description, locked_by, remove, owner, entity_domain, oid, key_name, site_master) VALUES ('2017-06-12 23:54:42', 4877, 'com.runwaysdk.system.metadata.MdAttributeCharacter', '0000000000000000000000000000001000000000000000000000000000000003', '2017-06-12 23:54:42', '0000000000000000000000000000001000000000000000000000000000000003', '73rfybhmss4k2itr6vanzjrwxh5kfg7kNM200904120000000000000000000030', NULL, 0, '0000000000000000000000000000001000000000000000000000000000000003', NULL, 'ipba0cmc3fdydpx67q9o9nxetmwe33d800000000000000000000000000000138', 'com.runwaysdk.system.metadata.IndicatorElement.oid', 'www.runwaysdk.com');
INSERT INTO class_attribute_concrete ( oid, parent_id, child_id) VALUES ('ipba0cmc3fdydpx67q9o9nxetmwe33d800000000000000000000000000000073', 'in5q49sp4ysp566txfog13xfvpjpjrnb00000000000000000000000000000001', 'ipba0cmc3fdydpx67q9o9nxetmwe33d800000000000000000000000000000138');
INSERT INTO class_attribute ( oid, parent_id, child_id) VALUES ('ipba0cmc3fdydpx67q9o9nxetmwe33d800000000000000000000000000000073', 'in5q49sp4ysp566txfog13xfvpjpjrnb00000000000000000000000000000001', 'ipba0cmc3fdydpx67q9o9nxetmwe33d800000000000000000000000000000138');
INSERT INTO metadata_relationship ( oid, created_by, type, last_update_date, site_master, owner, seq, key_name, entity_domain, locked_by, create_date, last_updated_by, parent_id, child_id) VALUES ('ipba0cmc3fdydpx67q9o9nxetmwe33d800000000000000000000000000000073', '0000000000000000000000000000001000000000000000000000000000000003', 'com.runwaysdk.system.metadata.ClassAttributeConcrete', '2017-06-12 23:54:42', 'www.runwaysdk.com', '0000000000000000000000000000001000000000000000000000000000000003', 4878, 'com.runwaysdk.system.metadata.IndicatorElement.oid', NULL, NULL, '2017-06-12 23:54:42', '0000000000000000000000000000001000000000000000000000000000000003', 'in5q49sp4ysp566txfog13xfvpjpjrnb00000000000000000000000000000001', 'ipba0cmc3fdydpx67q9o9nxetmwe33d800000000000000000000000000000138');
INSERT INTO md_attribute_indicies (set_id, item_id)  VALUES  ('1q22lxfp8td4diju4mb2rmfvpr5xm8mg', '0000000000000000000000000000040900000000000000000000000000000403');
INSERT INTO visibilitymodifier (set_id, item_id)  VALUES  ('1u3je43hfan3443yshiqig97xp6zkd6w', '20071109NM000000000000000000000520071109NM0000000000000000000001');
INSERT INTO visibilitymodifier (set_id, item_id)  VALUES  ('0kd0nugcb1wwyyk48gnw6al3r9ydbbx3', '20071109NM000000000000000000000520071109NM0000000000000000000001');
INSERT INTO metadata_display_label ( key_name, oid, site_master, default_locale) VALUES ('7en263up1toza8svqr7i13xja8ciabb4NM200904120000000000000000000030', '7en263up1toza8svqr7i13xja8ciabb4NM200904120000000000000000000030', 'www.runwaysdk.com', 'Key Name');
INSERT INTO metadata_display_label ( key_name, oid, site_master, default_locale) VALUES ('xueuxu0pjfux9plh4q6ttbcbudkdkkusNM200904120000000000000000000030', 'xueuxu0pjfux9plh4q6ttbcbudkdkkusNM200904120000000000000000000030', 'www.runwaysdk.com', 'Key which uniquely identifies each instance of this type heirarchy.');
INSERT INTO md_attribute_character ( default_value, database_size, oid) VALUES (NULL, 255, 'i0mov621urbpkbkwmotbkvmiduarbmbc00000000000000000000000000000138');
INSERT INTO md_attribute_char ( oid) VALUES ('i0mov621urbpkbkwmotbkvmiduarbmbc00000000000000000000000000000138');
INSERT INTO md_attribute_primitive ( is_expression, expression, oid) VALUES (0, NULL, 'i0mov621urbpkbkwmotbkvmiduarbmbc00000000000000000000000000000138');
INSERT INTO md_attribute_concrete ( defining_md_class, column_name, index_type, index_type_c, attribute_name, getter_visibility, getter_visibility_c, system, index_name, setter_visibility, setter_visibility_c, required, generate_accessor, display_label, immutable, oid) VALUES ('in5q49sp4ysp566txfog13xfvpjpjrnb00000000000000000000000000000001', 'key_name', '1q22lxfp8td4diju4mb2rmfvpr5xm8mg', '0000000000000000000000000000040900000000000000000000000000000403', 'keyName', '1u3je43hfan3443yshiqig97xp6zkd6w', '20071109NM000000000000000000000520071109NM0000000000000000000001', 0, 'aoj7d2lfifgyimkxbyxjz05zumhz2o', '0kd0nugcb1wwyyk48gnw6al3r9ydbbx3', '20071109NM000000000000000000000520071109NM0000000000000000000001', 1, 1, '7en263up1toza8svqr7i13xja8ciabb4NM200904120000000000000000000030', 0, 'i0mov621urbpkbkwmotbkvmiduarbmbc00000000000000000000000000000138');
INSERT INTO md_attribute ( oid) VALUES ('i0mov621urbpkbkwmotbkvmiduarbmbc00000000000000000000000000000138');
INSERT INTO metadata ( create_date, seq, type, created_by, last_update_date, last_updated_by, description, locked_by, remove, owner, entity_domain, oid, key_name, site_master) VALUES ('2017-06-12 23:54:42', 4879, 'com.runwaysdk.system.metadata.MdAttributeCharacter', '0000000000000000000000000000001000000000000000000000000000000003', '2017-06-12 23:54:42', '0000000000000000000000000000001000000000000000000000000000000003', 'xueuxu0pjfux9plh4q6ttbcbudkdkkusNM200904120000000000000000000030', NULL, 1, '0000000000000000000000000000001000000000000000000000000000000003', NULL, 'i0mov621urbpkbkwmotbkvmiduarbmbc00000000000000000000000000000138', 'com.runwaysdk.system.metadata.IndicatorElement.keyName', 'www.runwaysdk.com');
ALTER TABLE indicator_element ADD COLUMN key_name  varchar(255);
INSERT INTO class_attribute_concrete ( oid, parent_id, child_id) VALUES ('i0mov621urbpkbkwmotbkvmiduarbmbc00000000000000000000000000000073', 'in5q49sp4ysp566txfog13xfvpjpjrnb00000000000000000000000000000001', 'i0mov621urbpkbkwmotbkvmiduarbmbc00000000000000000000000000000138');
INSERT INTO class_attribute ( oid, parent_id, child_id) VALUES ('i0mov621urbpkbkwmotbkvmiduarbmbc00000000000000000000000000000073', 'in5q49sp4ysp566txfog13xfvpjpjrnb00000000000000000000000000000001', 'i0mov621urbpkbkwmotbkvmiduarbmbc00000000000000000000000000000138');
INSERT INTO metadata_relationship ( oid, created_by, type, last_update_date, site_master, owner, seq, key_name, entity_domain, locked_by, create_date, last_updated_by, parent_id, child_id) VALUES ('i0mov621urbpkbkwmotbkvmiduarbmbc00000000000000000000000000000073', '0000000000000000000000000000001000000000000000000000000000000003', 'com.runwaysdk.system.metadata.ClassAttributeConcrete', '2017-06-12 23:54:42', 'www.runwaysdk.com', '0000000000000000000000000000001000000000000000000000000000000003', 4880, 'com.runwaysdk.system.metadata.IndicatorElement.keyName', NULL, NULL, '2017-06-12 23:54:42', '0000000000000000000000000000001000000000000000000000000000000003', 'in5q49sp4ysp566txfog13xfvpjpjrnb00000000000000000000000000000001', 'i0mov621urbpkbkwmotbkvmiduarbmbc00000000000000000000000000000138');
CREATE UNIQUE INDEX aoj7d2lfifgyimkxbyxjz05zumhz2o ON indicator_element (key_name);
INSERT INTO md_attribute_indicies (set_id, item_id)  VALUES  ('sv8zn7mjwnzryelcu3xxyu1stccsreud', '0000000000000000000000000000040100000000000000000000000000000403');
INSERT INTO visibilitymodifier (set_id, item_id)  VALUES  ('zgzww0n1lwhlwdw1w3dq67mn8e1ucqxj', '20071109NM000000000000000000000520071109NM0000000000000000000001');
INSERT INTO visibilitymodifier (set_id, item_id)  VALUES  ('zma397rz3a481d5gh9mh97n9ifi55qer', '20071109NM000000000000000000000520071109NM0000000000000000000001');
INSERT INTO metadata_display_label ( key_name, oid, site_master, default_locale) VALUES ('xef6e1vkk7euj4cxw23ezsp809fagxi5NM200904120000000000000000000030', 'xef6e1vkk7euj4cxw23ezsp809fagxi5NM200904120000000000000000000030', 'www.runwaysdk.com', 'Site Master');
INSERT INTO metadata_display_label ( key_name, oid, site_master, default_locale) VALUES ('xhy3x0e49um7pte63u35l4rhb18zvuo7NM200904120000000000000000000030', 'xhy3x0e49um7pte63u35l4rhb18zvuo7NM200904120000000000000000000030', 'www.runwaysdk.com', 'The name of the site responsible for this object');
INSERT INTO md_attribute_character ( default_value, database_size, oid) VALUES (NULL, 255, 'i68lgzqo6qn32ziup3nslwykxcp7qset00000000000000000000000000000138');
INSERT INTO md_attribute_char ( oid) VALUES ('i68lgzqo6qn32ziup3nslwykxcp7qset00000000000000000000000000000138');
INSERT INTO md_attribute_primitive ( is_expression, expression, oid) VALUES (0, NULL, 'i68lgzqo6qn32ziup3nslwykxcp7qset00000000000000000000000000000138');
INSERT INTO md_attribute_concrete ( defining_md_class, column_name, index_type, index_type_c, attribute_name, getter_visibility, getter_visibility_c, system, index_name, setter_visibility, setter_visibility_c, required, generate_accessor, display_label, immutable, oid) VALUES ('in5q49sp4ysp566txfog13xfvpjpjrnb00000000000000000000000000000001', 'site_master', 'sv8zn7mjwnzryelcu3xxyu1stccsreud', '0000000000000000000000000000040100000000000000000000000000000403', 'siteMaster', 'zgzww0n1lwhlwdw1w3dq67mn8e1ucqxj', '20071109NM000000000000000000000520071109NM0000000000000000000001', 1, 'aeu3wl1rapu4qc2a9zor9ymqcebt2f', 'zma397rz3a481d5gh9mh97n9ifi55qer', '20071109NM000000000000000000000520071109NM0000000000000000000001', 1, 1, 'xef6e1vkk7euj4cxw23ezsp809fagxi5NM200904120000000000000000000030', 1, 'i68lgzqo6qn32ziup3nslwykxcp7qset00000000000000000000000000000138');
INSERT INTO md_attribute ( oid) VALUES ('i68lgzqo6qn32ziup3nslwykxcp7qset00000000000000000000000000000138');
INSERT INTO metadata ( create_date, seq, type, created_by, last_update_date, last_updated_by, description, locked_by, remove, owner, entity_domain, oid, key_name, site_master) VALUES ('2017-06-12 23:54:42', 4881, 'com.runwaysdk.system.metadata.MdAttributeCharacter', '0000000000000000000000000000001000000000000000000000000000000003', '2017-06-12 23:54:42', '0000000000000000000000000000001000000000000000000000000000000003', 'xhy3x0e49um7pte63u35l4rhb18zvuo7NM200904120000000000000000000030', NULL, 0, '0000000000000000000000000000001000000000000000000000000000000003', NULL, 'i68lgzqo6qn32ziup3nslwykxcp7qset00000000000000000000000000000138', 'com.runwaysdk.system.metadata.IndicatorElement.siteMaster', 'www.runwaysdk.com');
ALTER TABLE indicator_element ADD COLUMN site_master  varchar(255);
INSERT INTO class_attribute_concrete ( oid, parent_id, child_id) VALUES ('i68lgzqo6qn32ziup3nslwykxcp7qset00000000000000000000000000000073', 'in5q49sp4ysp566txfog13xfvpjpjrnb00000000000000000000000000000001', 'i68lgzqo6qn32ziup3nslwykxcp7qset00000000000000000000000000000138');
INSERT INTO class_attribute ( oid, parent_id, child_id) VALUES ('i68lgzqo6qn32ziup3nslwykxcp7qset00000000000000000000000000000073', 'in5q49sp4ysp566txfog13xfvpjpjrnb00000000000000000000000000000001', 'i68lgzqo6qn32ziup3nslwykxcp7qset00000000000000000000000000000138');
INSERT INTO metadata_relationship ( oid, created_by, type, last_update_date, site_master, owner, seq, key_name, entity_domain, locked_by, create_date, last_updated_by, parent_id, child_id) VALUES ('i68lgzqo6qn32ziup3nslwykxcp7qset00000000000000000000000000000073', '0000000000000000000000000000001000000000000000000000000000000003', 'com.runwaysdk.system.metadata.ClassAttributeConcrete', '2017-06-12 23:54:42', 'www.runwaysdk.com', '0000000000000000000000000000001000000000000000000000000000000003', 4882, 'com.runwaysdk.system.metadata.IndicatorElement.siteMaster', NULL, NULL, '2017-06-12 23:54:42', '0000000000000000000000000000001000000000000000000000000000000003', 'in5q49sp4ysp566txfog13xfvpjpjrnb00000000000000000000000000000001', 'i68lgzqo6qn32ziup3nslwykxcp7qset00000000000000000000000000000138');
INSERT INTO md_attribute_indicies (set_id, item_id)  VALUES  ('1rkh10p7nni9bdo4k01qmnnio4zlevb6', '0000000000000000000000000000040000000000000000000000000000000403');
INSERT INTO visibilitymodifier (set_id, item_id)  VALUES  ('0gky5hlxyydnepcr0oui8um6gma3m3ii', '20071109NM000000000000000000000520071109NM0000000000000000000001');
INSERT INTO visibilitymodifier (set_id, item_id)  VALUES  ('0c269aa69o89qcj4w0sbieih2sfuat2g', '20071109NM000000000000000000000520071109NM0000000000000000000001');
INSERT INTO metadata_display_label ( key_name, oid, site_master, default_locale) VALUES ('scwpweqqla8j7wgkniilaar56pnxwut8NM200904120000000000000000000030', 'scwpweqqla8j7wgkniilaar56pnxwut8NM200904120000000000000000000030', 'www.runwaysdk.com', 'Entity Domain');
INSERT INTO metadata_display_label ( key_name, oid, site_master, default_locale) VALUES ('xxho70kmqwoz0ds2d8o05tfwy2h10a8aNM200904120000000000000000000030', 'xxho70kmqwoz0ds2d8o05tfwy2h10a8aNM200904120000000000000000000030', 'www.runwaysdk.com', 'The Domain of this entity');
INSERT INTO md_attribute_reference ( default_value, md_business, oid) VALUES (NULL, 'NM20081011000000000000000000011100000000000000000000000000000001', 'ic2olfs57ysfori72jla34xrfiwu66ru00000000000000000000000000000186');
INSERT INTO md_attribute_ref ( oid) VALUES ('ic2olfs57ysfori72jla34xrfiwu66ru00000000000000000000000000000186');
INSERT INTO md_attribute_concrete ( defining_md_class, column_name, index_type, index_type_c, attribute_name, getter_visibility, getter_visibility_c, system, index_name, setter_visibility, setter_visibility_c, required, generate_accessor, display_label, immutable, oid) VALUES ('in5q49sp4ysp566txfog13xfvpjpjrnb00000000000000000000000000000001', 'entity_domain', '1rkh10p7nni9bdo4k01qmnnio4zlevb6', '0000000000000000000000000000040000000000000000000000000000000403', 'entityDomain', '0gky5hlxyydnepcr0oui8um6gma3m3ii', '20071109NM000000000000000000000520071109NM0000000000000000000001', 0, 'a0p6mh394cf9zpy9ywn01o91e0e52k', '0c269aa69o89qcj4w0sbieih2sfuat2g', '20071109NM000000000000000000000520071109NM0000000000000000000001', 0, 1, 'scwpweqqla8j7wgkniilaar56pnxwut8NM200904120000000000000000000030', 0, 'ic2olfs57ysfori72jla34xrfiwu66ru00000000000000000000000000000186');
INSERT INTO md_attribute ( oid) VALUES ('ic2olfs57ysfori72jla34xrfiwu66ru00000000000000000000000000000186');
INSERT INTO metadata ( create_date, seq, type, created_by, last_update_date, last_updated_by, description, locked_by, remove, owner, entity_domain, oid, key_name, site_master) VALUES ('2017-06-12 23:54:42', 4883, 'com.runwaysdk.system.metadata.MdAttributeReference', '0000000000000000000000000000001000000000000000000000000000000003', '2017-06-12 23:54:42', '0000000000000000000000000000001000000000000000000000000000000003', 'xxho70kmqwoz0ds2d8o05tfwy2h10a8aNM200904120000000000000000000030', NULL, 1, '0000000000000000000000000000001000000000000000000000000000000003', NULL, 'ic2olfs57ysfori72jla34xrfiwu66ru00000000000000000000000000000186', 'com.runwaysdk.system.metadata.IndicatorElement.entityDomain', 'www.runwaysdk.com');
ALTER TABLE indicator_element ADD COLUMN entity_domain  char(64);
INSERT INTO class_attribute_concrete ( oid, parent_id, child_id) VALUES ('ic2olfs57ysfori72jla34xrfiwu66ru00000000000000000000000000000073', 'in5q49sp4ysp566txfog13xfvpjpjrnb00000000000000000000000000000001', 'ic2olfs57ysfori72jla34xrfiwu66ru00000000000000000000000000000186');
INSERT INTO class_attribute ( oid, parent_id, child_id) VALUES ('ic2olfs57ysfori72jla34xrfiwu66ru00000000000000000000000000000073', 'in5q49sp4ysp566txfog13xfvpjpjrnb00000000000000000000000000000001', 'ic2olfs57ysfori72jla34xrfiwu66ru00000000000000000000000000000186');
INSERT INTO metadata_relationship ( oid, created_by, type, last_update_date, site_master, owner, seq, key_name, entity_domain, locked_by, create_date, last_updated_by, parent_id, child_id) VALUES ('ic2olfs57ysfori72jla34xrfiwu66ru00000000000000000000000000000073', '0000000000000000000000000000001000000000000000000000000000000003', 'com.runwaysdk.system.metadata.ClassAttributeConcrete', '2017-06-12 23:54:42', 'www.runwaysdk.com', '0000000000000000000000000000001000000000000000000000000000000003', 4884, 'com.runwaysdk.system.metadata.IndicatorElement.entityDomain', NULL, NULL, '2017-06-12 23:54:42', '0000000000000000000000000000001000000000000000000000000000000003', 'in5q49sp4ysp566txfog13xfvpjpjrnb00000000000000000000000000000001', 'ic2olfs57ysfori72jla34xrfiwu66ru00000000000000000000000000000186');
INSERT INTO md_attribute_indicies (set_id, item_id)  VALUES  ('1u8att98lnui23sasg3a2wczq9qybmla', '0000000000000000000000000000040100000000000000000000000000000403');
INSERT INTO visibilitymodifier (set_id, item_id)  VALUES  ('z0p2ioxb590qrwyud4zzpizkdqjtg8ly', '20071109NM000000000000000000000520071109NM0000000000000000000001');
INSERT INTO visibilitymodifier (set_id, item_id)  VALUES  ('2d5zalk93ifno3j0h2mm2sh3en5ilmar', '20071109NM000000000000000000000520071109NM0000000000000000000001');
INSERT INTO metadata_display_label ( key_name, oid, site_master, default_locale) VALUES ('ze8y92rg4enb57esfsblz3px21p4colzNM200904120000000000000000000030', 'ze8y92rg4enb57esfsblz3px21p4colzNM200904120000000000000000000030', 'www.runwaysdk.com', 'Create Date');
INSERT INTO metadata_display_label ( key_name, oid, site_master, default_locale) VALUES ('0damjfe4f9qyy55txnlohw7ns5ahihmzNM200904120000000000000000000030', '0damjfe4f9qyy55txnlohw7ns5ahihmzNM200904120000000000000000000030', 'www.runwaysdk.com', 'Date and time this record was created');
INSERT INTO md_attribute_datetime ( default_value, oid) VALUES (NULL, 'iof28bfn8jlmobjolw6f4z1bxwoeb09x00000000000000000000000000000341');
INSERT INTO md_attribute_moment ( oid) VALUES ('iof28bfn8jlmobjolw6f4z1bxwoeb09x00000000000000000000000000000341');
INSERT INTO md_attribute_primitive ( is_expression, expression, oid) VALUES (0, NULL, 'iof28bfn8jlmobjolw6f4z1bxwoeb09x00000000000000000000000000000341');
INSERT INTO md_attribute_concrete ( defining_md_class, column_name, index_type, index_type_c, attribute_name, getter_visibility, getter_visibility_c, system, index_name, setter_visibility, setter_visibility_c, required, generate_accessor, display_label, immutable, oid) VALUES ('in5q49sp4ysp566txfog13xfvpjpjrnb00000000000000000000000000000001', 'create_date', '1u8att98lnui23sasg3a2wczq9qybmla', '0000000000000000000000000000040100000000000000000000000000000403', 'createDate', 'z0p2ioxb590qrwyud4zzpizkdqjtg8ly', '20071109NM000000000000000000000520071109NM0000000000000000000001', 1, 'atvvbiwge45wk95nmqxwvzhh4adtvx', '2d5zalk93ifno3j0h2mm2sh3en5ilmar', '20071109NM000000000000000000000520071109NM0000000000000000000001', 1, 1, 'ze8y92rg4enb57esfsblz3px21p4colzNM200904120000000000000000000030', 0, 'iof28bfn8jlmobjolw6f4z1bxwoeb09x00000000000000000000000000000341');
INSERT INTO md_attribute ( oid) VALUES ('iof28bfn8jlmobjolw6f4z1bxwoeb09x00000000000000000000000000000341');
INSERT INTO metadata ( create_date, seq, type, created_by, last_update_date, last_updated_by, description, locked_by, remove, owner, entity_domain, oid, key_name, site_master) VALUES ('2017-06-12 23:54:42', 4885, 'com.runwaysdk.system.metadata.MdAttributeDateTime', '0000000000000000000000000000001000000000000000000000000000000003', '2017-06-12 23:54:42', '0000000000000000000000000000001000000000000000000000000000000003', '0damjfe4f9qyy55txnlohw7ns5ahihmzNM200904120000000000000000000030', NULL, 0, '0000000000000000000000000000001000000000000000000000000000000003', NULL, 'iof28bfn8jlmobjolw6f4z1bxwoeb09x00000000000000000000000000000341', 'com.runwaysdk.system.metadata.IndicatorElement.createDate', 'www.runwaysdk.com');
ALTER TABLE indicator_element ADD COLUMN create_date  timestamp;
INSERT INTO class_attribute_concrete ( oid, parent_id, child_id) VALUES ('iof28bfn8jlmobjolw6f4z1bxwoeb09x00000000000000000000000000000073', 'in5q49sp4ysp566txfog13xfvpjpjrnb00000000000000000000000000000001', 'iof28bfn8jlmobjolw6f4z1bxwoeb09x00000000000000000000000000000341');
INSERT INTO class_attribute ( oid, parent_id, child_id) VALUES ('iof28bfn8jlmobjolw6f4z1bxwoeb09x00000000000000000000000000000073', 'in5q49sp4ysp566txfog13xfvpjpjrnb00000000000000000000000000000001', 'iof28bfn8jlmobjolw6f4z1bxwoeb09x00000000000000000000000000000341');
INSERT INTO metadata_relationship ( oid, created_by, type, last_update_date, site_master, owner, seq, key_name, entity_domain, locked_by, create_date, last_updated_by, parent_id, child_id) VALUES ('iof28bfn8jlmobjolw6f4z1bxwoeb09x00000000000000000000000000000073', '0000000000000000000000000000001000000000000000000000000000000003', 'com.runwaysdk.system.metadata.ClassAttributeConcrete', '2017-06-12 23:54:42', 'www.runwaysdk.com', '0000000000000000000000000000001000000000000000000000000000000003', 4886, 'com.runwaysdk.system.metadata.IndicatorElement.createDate', NULL, NULL, '2017-06-12 23:54:42', '0000000000000000000000000000001000000000000000000000000000000003', 'in5q49sp4ysp566txfog13xfvpjpjrnb00000000000000000000000000000001', 'iof28bfn8jlmobjolw6f4z1bxwoeb09x00000000000000000000000000000341');
INSERT INTO md_attribute_indicies (set_id, item_id)  VALUES  ('y1h3u3u42mge4h7axntxev9bo2tlyhc7', '0000000000000000000000000000040100000000000000000000000000000403');
INSERT INTO visibilitymodifier (set_id, item_id)  VALUES  ('z0phwtc9s5ncgxaoueiuy6qzxb2mhkp6', '20071109NM000000000000000000000520071109NM0000000000000000000001');
INSERT INTO visibilitymodifier (set_id, item_id)  VALUES  ('z5xxcfkfm8k9h8u1wyhlc01kq36ib9jf', '20071109NM000000000000000000000520071109NM0000000000000000000001');
INSERT INTO metadata_display_label ( key_name, oid, site_master, default_locale) VALUES ('07i78n3deklkgce08g9z924yvo493772NM200904120000000000000000000030', '07i78n3deklkgce08g9z924yvo493772NM200904120000000000000000000030', 'www.runwaysdk.com', 'Last Update Date');
INSERT INTO metadata_display_label ( key_name, oid, site_master, default_locale) VALUES ('1spxzu3a1wu63q3dpkcdw3dgim7lhl2yNM200904120000000000000000000030', '1spxzu3a1wu63q3dpkcdw3dgim7lhl2yNM200904120000000000000000000030', 'www.runwaysdk.com', 'Date and time this record was last updated');
INSERT INTO md_attribute_datetime ( default_value, oid) VALUES (NULL, 'ieib3436x5kvy4y0p3c34xaq0bqhsxan00000000000000000000000000000341');
INSERT INTO md_attribute_moment ( oid) VALUES ('ieib3436x5kvy4y0p3c34xaq0bqhsxan00000000000000000000000000000341');
INSERT INTO md_attribute_primitive ( is_expression, expression, oid) VALUES (0, NULL, 'ieib3436x5kvy4y0p3c34xaq0bqhsxan00000000000000000000000000000341');
INSERT INTO md_attribute_concrete ( defining_md_class, column_name, index_type, index_type_c, attribute_name, getter_visibility, getter_visibility_c, system, index_name, setter_visibility, setter_visibility_c, required, generate_accessor, display_label, immutable, oid) VALUES ('in5q49sp4ysp566txfog13xfvpjpjrnb00000000000000000000000000000001', 'last_update_date', 'y1h3u3u42mge4h7axntxev9bo2tlyhc7', '0000000000000000000000000000040100000000000000000000000000000403', 'lastUpdateDate', 'z0phwtc9s5ncgxaoueiuy6qzxb2mhkp6', '20071109NM000000000000000000000520071109NM0000000000000000000001', 1, 'am6sdocev4dexca4zouppqfo6o43gb', 'z5xxcfkfm8k9h8u1wyhlc01kq36ib9jf', '20071109NM000000000000000000000520071109NM0000000000000000000001', 1, 1, '07i78n3deklkgce08g9z924yvo493772NM200904120000000000000000000030', 0, 'ieib3436x5kvy4y0p3c34xaq0bqhsxan00000000000000000000000000000341');
INSERT INTO md_attribute ( oid) VALUES ('ieib3436x5kvy4y0p3c34xaq0bqhsxan00000000000000000000000000000341');
INSERT INTO metadata ( create_date, seq, type, created_by, last_update_date, last_updated_by, description, locked_by, remove, owner, entity_domain, oid, key_name, site_master) VALUES ('2017-06-12 23:54:42', 4887, 'com.runwaysdk.system.metadata.MdAttributeDateTime', '0000000000000000000000000000001000000000000000000000000000000003', '2017-06-12 23:54:42', '0000000000000000000000000000001000000000000000000000000000000003', '1spxzu3a1wu63q3dpkcdw3dgim7lhl2yNM200904120000000000000000000030', NULL, 0, '0000000000000000000000000000001000000000000000000000000000000003', NULL, 'ieib3436x5kvy4y0p3c34xaq0bqhsxan00000000000000000000000000000341', 'com.runwaysdk.system.metadata.IndicatorElement.lastUpdateDate', 'www.runwaysdk.com');
ALTER TABLE indicator_element ADD COLUMN last_update_date  timestamp;
INSERT INTO class_attribute_concrete ( oid, parent_id, child_id) VALUES ('ieib3436x5kvy4y0p3c34xaq0bqhsxan00000000000000000000000000000073', 'in5q49sp4ysp566txfog13xfvpjpjrnb00000000000000000000000000000001', 'ieib3436x5kvy4y0p3c34xaq0bqhsxan00000000000000000000000000000341');
INSERT INTO class_attribute ( oid, parent_id, child_id) VALUES ('ieib3436x5kvy4y0p3c34xaq0bqhsxan00000000000000000000000000000073', 'in5q49sp4ysp566txfog13xfvpjpjrnb00000000000000000000000000000001', 'ieib3436x5kvy4y0p3c34xaq0bqhsxan00000000000000000000000000000341');
INSERT INTO metadata_relationship ( oid, created_by, type, last_update_date, site_master, owner, seq, key_name, entity_domain, locked_by, create_date, last_updated_by, parent_id, child_id) VALUES ('ieib3436x5kvy4y0p3c34xaq0bqhsxan00000000000000000000000000000073', '0000000000000000000000000000001000000000000000000000000000000003', 'com.runwaysdk.system.metadata.ClassAttributeConcrete', '2017-06-12 23:54:42', 'www.runwaysdk.com', '0000000000000000000000000000001000000000000000000000000000000003', 4888, 'com.runwaysdk.system.metadata.IndicatorElement.lastUpdateDate', NULL, NULL, '2017-06-12 23:54:42', '0000000000000000000000000000001000000000000000000000000000000003', 'in5q49sp4ysp566txfog13xfvpjpjrnb00000000000000000000000000000001', 'ieib3436x5kvy4y0p3c34xaq0bqhsxan00000000000000000000000000000341');
INSERT INTO md_attribute_indicies (set_id, item_id)  VALUES  ('zn2uxrbt1eevrn7hmpbvia6svljqmrd9', '0000000000000000000000000000040000000000000000000000000000000403');
INSERT INTO visibilitymodifier (set_id, item_id)  VALUES  ('sgtm306ahz9yvuzp554uvu8g2iddf2in', '20071109NM000000000000000000000520071109NM0000000000000000000001');
INSERT INTO visibilitymodifier (set_id, item_id)  VALUES  ('xhcjsmg9ctrkblnjvzd8uvj0ds68p747', '20071109NM000000000000000000000520071109NM0000000000000000000001');
INSERT INTO metadata_display_label ( key_name, oid, site_master, default_locale) VALUES ('qofs4h5pe27uuqynl7x7ncygttg887paNM200904120000000000000000000030', 'qofs4h5pe27uuqynl7x7ncygttg887paNM200904120000000000000000000030', 'www.runwaysdk.com', 'Locked By');
INSERT INTO metadata_display_label ( key_name, oid, site_master, default_locale) VALUES ('26lozxw88oxij74m3k5q84bbj3lamdqtNM200904120000000000000000000030', '26lozxw88oxij74m3k5q84bbj3lamdqtNM200904120000000000000000000030', 'www.runwaysdk.com', 'User who has a write lock on this object');
INSERT INTO md_attribute_reference ( default_value, md_business, oid) VALUES (NULL, 'JS20070723000000000000000000156000000000000000000000000000000001', 'im8quu5t072nn440r1v7p3a9wl7yvm6m00000000000000000000000000000186');
INSERT INTO md_attribute_ref ( oid) VALUES ('im8quu5t072nn440r1v7p3a9wl7yvm6m00000000000000000000000000000186');
INSERT INTO md_attribute_concrete ( defining_md_class, column_name, index_type, index_type_c, attribute_name, getter_visibility, getter_visibility_c, system, index_name, setter_visibility, setter_visibility_c, required, generate_accessor, display_label, immutable, oid) VALUES ('in5q49sp4ysp566txfog13xfvpjpjrnb00000000000000000000000000000001', 'locked_by', 'zn2uxrbt1eevrn7hmpbvia6svljqmrd9', '0000000000000000000000000000040000000000000000000000000000000403', 'lockedBy', 'sgtm306ahz9yvuzp554uvu8g2iddf2in', '20071109NM000000000000000000000520071109NM0000000000000000000001', 1, 'a2gwc6vuwc5ig532sthzrny5xfvirr', 'xhcjsmg9ctrkblnjvzd8uvj0ds68p747', '20071109NM000000000000000000000520071109NM0000000000000000000001', 0, 1, 'qofs4h5pe27uuqynl7x7ncygttg887paNM200904120000000000000000000030', 0, 'im8quu5t072nn440r1v7p3a9wl7yvm6m00000000000000000000000000000186');
INSERT INTO md_attribute ( oid) VALUES ('im8quu5t072nn440r1v7p3a9wl7yvm6m00000000000000000000000000000186');
INSERT INTO metadata ( create_date, seq, type, created_by, last_update_date, last_updated_by, description, locked_by, remove, owner, entity_domain, oid, key_name, site_master) VALUES ('2017-06-12 23:54:42', 4889, 'com.runwaysdk.system.metadata.MdAttributeReference', '0000000000000000000000000000001000000000000000000000000000000003', '2017-06-12 23:54:42', '0000000000000000000000000000001000000000000000000000000000000003', '26lozxw88oxij74m3k5q84bbj3lamdqtNM200904120000000000000000000030', NULL, 0, '0000000000000000000000000000001000000000000000000000000000000003', NULL, 'im8quu5t072nn440r1v7p3a9wl7yvm6m00000000000000000000000000000186', 'com.runwaysdk.system.metadata.IndicatorElement.lockedBy', 'www.runwaysdk.com');
ALTER TABLE indicator_element ADD COLUMN locked_by  char(64);
INSERT INTO class_attribute_concrete ( oid, parent_id, child_id) VALUES ('im8quu5t072nn440r1v7p3a9wl7yvm6m00000000000000000000000000000073', 'in5q49sp4ysp566txfog13xfvpjpjrnb00000000000000000000000000000001', 'im8quu5t072nn440r1v7p3a9wl7yvm6m00000000000000000000000000000186');
INSERT INTO class_attribute ( oid, parent_id, child_id) VALUES ('im8quu5t072nn440r1v7p3a9wl7yvm6m00000000000000000000000000000073', 'in5q49sp4ysp566txfog13xfvpjpjrnb00000000000000000000000000000001', 'im8quu5t072nn440r1v7p3a9wl7yvm6m00000000000000000000000000000186');
INSERT INTO metadata_relationship ( oid, created_by, type, last_update_date, site_master, owner, seq, key_name, entity_domain, locked_by, create_date, last_updated_by, parent_id, child_id) VALUES ('im8quu5t072nn440r1v7p3a9wl7yvm6m00000000000000000000000000000073', '0000000000000000000000000000001000000000000000000000000000000003', 'com.runwaysdk.system.metadata.ClassAttributeConcrete', '2017-06-12 23:54:42', 'www.runwaysdk.com', '0000000000000000000000000000001000000000000000000000000000000003', 4890, 'com.runwaysdk.system.metadata.IndicatorElement.lockedBy', NULL, NULL, '2017-06-12 23:54:42', '0000000000000000000000000000001000000000000000000000000000000003', 'in5q49sp4ysp566txfog13xfvpjpjrnb00000000000000000000000000000001', 'im8quu5t072nn440r1v7p3a9wl7yvm6m00000000000000000000000000000186');
INSERT INTO md_attribute_indicies (set_id, item_id)  VALUES  ('qwi92d7i5kdqjx2fspusf9g5gwck86ri', '0000000000000000000000000000040100000000000000000000000000000403');
INSERT INTO visibilitymodifier (set_id, item_id)  VALUES  ('xicblxcmsv876oyc4mpfxud47tlyj5pj', '20071109NM000000000000000000000520071109NM0000000000000000000001');
INSERT INTO visibilitymodifier (set_id, item_id)  VALUES  ('si69gwdx7z0xq999vm1h8njiuspukf7h', '20071109NM000000000000000000000520071109NM0000000000000000000001');
INSERT INTO metadata_display_label ( key_name, oid, site_master, default_locale) VALUES ('xuz710py1alg0ablybg5q5c4jams0r45NM200904120000000000000000000030', 'xuz710py1alg0ablybg5q5c4jams0r45NM200904120000000000000000000030', 'www.runwaysdk.com', 'Type');
INSERT INTO metadata_display_label ( key_name, oid, site_master, default_locale) VALUES ('94ilsoy3d75adgocqpr77jvhhtfn695zNM200904120000000000000000000030', '94ilsoy3d75adgocqpr77jvhhtfn695zNM200904120000000000000000000030', 'www.runwaysdk.com', 'Fully qualified type of this object');
INSERT INTO md_attribute_character ( default_value, database_size, oid) VALUES (NULL, 255, 'i562w5898xqskc7xfed3i7ubwl20osl300000000000000000000000000000138');
INSERT INTO md_attribute_char ( oid) VALUES ('i562w5898xqskc7xfed3i7ubwl20osl300000000000000000000000000000138');
INSERT INTO md_attribute_primitive ( is_expression, expression, oid) VALUES (0, NULL, 'i562w5898xqskc7xfed3i7ubwl20osl300000000000000000000000000000138');
INSERT INTO md_attribute_concrete ( defining_md_class, column_name, index_type, index_type_c, attribute_name, getter_visibility, getter_visibility_c, system, index_name, setter_visibility, setter_visibility_c, required, generate_accessor, display_label, immutable, oid) VALUES ('in5q49sp4ysp566txfog13xfvpjpjrnb00000000000000000000000000000001', 'type', 'qwi92d7i5kdqjx2fspusf9g5gwck86ri', '0000000000000000000000000000040100000000000000000000000000000403', 'type', 'xicblxcmsv876oyc4mpfxud47tlyj5pj', '20071109NM000000000000000000000520071109NM0000000000000000000001', 1, 'ankqgozmnhkj1hxosirj58cni6kg2d', 'si69gwdx7z0xq999vm1h8njiuspukf7h', '20071109NM000000000000000000000520071109NM0000000000000000000001', 1, 1, 'xuz710py1alg0ablybg5q5c4jams0r45NM200904120000000000000000000030', 1, 'i562w5898xqskc7xfed3i7ubwl20osl300000000000000000000000000000138');
INSERT INTO md_attribute ( oid) VALUES ('i562w5898xqskc7xfed3i7ubwl20osl300000000000000000000000000000138');
INSERT INTO metadata ( create_date, seq, type, created_by, last_update_date, last_updated_by, description, locked_by, remove, owner, entity_domain, oid, key_name, site_master) VALUES ('2017-06-12 23:54:42', 4891, 'com.runwaysdk.system.metadata.MdAttributeCharacter', '0000000000000000000000000000001000000000000000000000000000000003', '2017-06-12 23:54:42', '0000000000000000000000000000001000000000000000000000000000000003', '94ilsoy3d75adgocqpr77jvhhtfn695zNM200904120000000000000000000030', NULL, 0, '0000000000000000000000000000001000000000000000000000000000000003', NULL, 'i562w5898xqskc7xfed3i7ubwl20osl300000000000000000000000000000138', 'com.runwaysdk.system.metadata.IndicatorElement.type', 'www.runwaysdk.com');
ALTER TABLE indicator_element ADD COLUMN type  varchar(255);
INSERT INTO class_attribute_concrete ( oid, parent_id, child_id) VALUES ('i562w5898xqskc7xfed3i7ubwl20osl300000000000000000000000000000073', 'in5q49sp4ysp566txfog13xfvpjpjrnb00000000000000000000000000000001', 'i562w5898xqskc7xfed3i7ubwl20osl300000000000000000000000000000138');
INSERT INTO class_attribute ( oid, parent_id, child_id) VALUES ('i562w5898xqskc7xfed3i7ubwl20osl300000000000000000000000000000073', 'in5q49sp4ysp566txfog13xfvpjpjrnb00000000000000000000000000000001', 'i562w5898xqskc7xfed3i7ubwl20osl300000000000000000000000000000138');
INSERT INTO metadata_relationship ( oid, created_by, type, last_update_date, site_master, owner, seq, key_name, entity_domain, locked_by, create_date, last_updated_by, parent_id, child_id) VALUES ('i562w5898xqskc7xfed3i7ubwl20osl300000000000000000000000000000073', '0000000000000000000000000000001000000000000000000000000000000003', 'com.runwaysdk.system.metadata.ClassAttributeConcrete', '2017-06-12 23:54:42', 'www.runwaysdk.com', '0000000000000000000000000000001000000000000000000000000000000003', 4892, 'com.runwaysdk.system.metadata.IndicatorElement.type', NULL, NULL, '2017-06-12 23:54:42', '0000000000000000000000000000001000000000000000000000000000000003', 'in5q49sp4ysp566txfog13xfvpjpjrnb00000000000000000000000000000001', 'i562w5898xqskc7xfed3i7ubwl20osl300000000000000000000000000000138');
INSERT INTO md_attribute_indicies (set_id, item_id)  VALUES  ('zbizkbupqsm5rzy0pqch0ha5dyfb6mkq', '0000000000000000000000000000040100000000000000000000000000000403');
INSERT INTO visibilitymodifier (set_id, item_id)  VALUES  ('6z7ufltig3117p8guizwhz7h9frsb2mz', '20071109NM000000000000000000000520071109NM0000000000000000000001');
INSERT INTO visibilitymodifier (set_id, item_id)  VALUES  ('zhjktrhj7uhdwk0cjkj39c07n725w24j', '20071109NM000000000000000000000520071109NM0000000000000000000001');
INSERT INTO metadata_display_label ( key_name, oid, site_master, default_locale) VALUES ('0lxotigghs2dwt4vb962tj93iq92as1bNM200904120000000000000000000030', '0lxotigghs2dwt4vb962tj93iq92as1bNM200904120000000000000000000030', 'www.runwaysdk.com', 'Sequence');
INSERT INTO metadata_display_label ( key_name, oid, site_master, default_locale) VALUES ('0qo4c9n1cyzwaycb2u99yoxdicazm4i0NM200904120000000000000000000030', '0qo4c9n1cyzwaycb2u99yoxdicazm4i0NM200904120000000000000000000030', 'www.runwaysdk.com', 'Sequence number is incremented every time this object is updated');
INSERT INTO md_attribute_long ( default_value, start_range, end_range, oid) VALUES (NULL, NULL, NULL, 'i19wnjjvrhyqelndz8dm4k0g1csviyjs00000000000000000000000000000338');
INSERT INTO md_attribute_int ( oid) VALUES ('i19wnjjvrhyqelndz8dm4k0g1csviyjs00000000000000000000000000000338');
INSERT INTO md_attribute_number ( reject_negative, reject_positive, reject_zero, oid) VALUES (1, 0, 0, 'i19wnjjvrhyqelndz8dm4k0g1csviyjs00000000000000000000000000000338');
INSERT INTO md_attribute_primitive ( is_expression, expression, oid) VALUES (0, NULL, 'i19wnjjvrhyqelndz8dm4k0g1csviyjs00000000000000000000000000000338');
INSERT INTO md_attribute_concrete ( defining_md_class, column_name, index_type, index_type_c, attribute_name, getter_visibility, getter_visibility_c, system, index_name, setter_visibility, setter_visibility_c, required, generate_accessor, display_label, immutable, oid) VALUES ('in5q49sp4ysp566txfog13xfvpjpjrnb00000000000000000000000000000001', 'seq', 'zbizkbupqsm5rzy0pqch0ha5dyfb6mkq', '0000000000000000000000000000040100000000000000000000000000000403', 'seq', '6z7ufltig3117p8guizwhz7h9frsb2mz', '20071109NM000000000000000000000520071109NM0000000000000000000001', 1, 'areb53f1ee24sxi980xoyir7wlpm1n', 'zhjktrhj7uhdwk0cjkj39c07n725w24j', '20071109NM000000000000000000000520071109NM0000000000000000000001', 1, 1, '0lxotigghs2dwt4vb962tj93iq92as1bNM200904120000000000000000000030', 0, 'i19wnjjvrhyqelndz8dm4k0g1csviyjs00000000000000000000000000000338');
INSERT INTO md_attribute ( oid) VALUES ('i19wnjjvrhyqelndz8dm4k0g1csviyjs00000000000000000000000000000338');
INSERT INTO metadata ( create_date, seq, type, created_by, last_update_date, last_updated_by, description, locked_by, remove, owner, entity_domain, oid, key_name, site_master) VALUES ('2017-06-12 23:54:42', 4893, 'com.runwaysdk.system.metadata.MdAttributeLong', '0000000000000000000000000000001000000000000000000000000000000003', '2017-06-12 23:54:42', '0000000000000000000000000000001000000000000000000000000000000003', '0qo4c9n1cyzwaycb2u99yoxdicazm4i0NM200904120000000000000000000030', NULL, 0, '0000000000000000000000000000001000000000000000000000000000000003', NULL, 'i19wnjjvrhyqelndz8dm4k0g1csviyjs00000000000000000000000000000338', 'com.runwaysdk.system.metadata.IndicatorElement.seq', 'www.runwaysdk.com');
ALTER TABLE indicator_element ADD COLUMN seq  bigint;
INSERT INTO class_attribute_concrete ( oid, parent_id, child_id) VALUES ('i19wnjjvrhyqelndz8dm4k0g1csviyjs00000000000000000000000000000073', 'in5q49sp4ysp566txfog13xfvpjpjrnb00000000000000000000000000000001', 'i19wnjjvrhyqelndz8dm4k0g1csviyjs00000000000000000000000000000338');
INSERT INTO class_attribute ( oid, parent_id, child_id) VALUES ('i19wnjjvrhyqelndz8dm4k0g1csviyjs00000000000000000000000000000073', 'in5q49sp4ysp566txfog13xfvpjpjrnb00000000000000000000000000000001', 'i19wnjjvrhyqelndz8dm4k0g1csviyjs00000000000000000000000000000338');
INSERT INTO metadata_relationship ( oid, created_by, type, last_update_date, site_master, owner, seq, key_name, entity_domain, locked_by, create_date, last_updated_by, parent_id, child_id) VALUES ('i19wnjjvrhyqelndz8dm4k0g1csviyjs00000000000000000000000000000073', '0000000000000000000000000000001000000000000000000000000000000003', 'com.runwaysdk.system.metadata.ClassAttributeConcrete', '2017-06-12 23:54:42', 'www.runwaysdk.com', '0000000000000000000000000000001000000000000000000000000000000003', 4894, 'com.runwaysdk.system.metadata.IndicatorElement.seq', NULL, NULL, '2017-06-12 23:54:42', '0000000000000000000000000000001000000000000000000000000000000003', 'in5q49sp4ysp566txfog13xfvpjpjrnb00000000000000000000000000000001', 'i19wnjjvrhyqelndz8dm4k0g1csviyjs00000000000000000000000000000338');
INSERT INTO md_attribute_indicies (set_id, item_id)  VALUES  ('qz5py744jawvhx1370kimy06avgumf7v', '0000000000000000000000000000040000000000000000000000000000000403');
INSERT INTO visibilitymodifier (set_id, item_id)  VALUES  ('qtl2e3hea5sc4azo3wa5g5h742g70ftt', '20071109NM000000000000000000000520071109NM0000000000000000000001');
INSERT INTO visibilitymodifier (set_id, item_id)  VALUES  ('qvsl8wtrhahwncinj2ouu62atjlcb7q5', '20071109NM000000000000000000000520071109NM0000000000000000000001');
INSERT INTO metadata_display_label ( key_name, oid, site_master, default_locale) VALUES ('74r48kr9299htxk1portaj8hfkxa3k98NM200904120000000000000000000030', '74r48kr9299htxk1portaj8hfkxa3k98NM200904120000000000000000000030', 'www.runwaysdk.com', 'Created By');
INSERT INTO metadata_display_label ( key_name, oid, site_master, default_locale) VALUES ('smf9lff5chtkqt5a8xu12oo7xljh90yjNM200904120000000000000000000030', 'smf9lff5chtkqt5a8xu12oo7xljh90yjNM200904120000000000000000000030', 'www.runwaysdk.com', 'User that created this object');
INSERT INTO md_attribute_reference ( default_value, md_business, oid) VALUES (NULL, 'JS20070723000000000000000000156000000000000000000000000000000001', 'inr166vfppdxbh2fkys7xfz9466jcj6n00000000000000000000000000000186');
INSERT INTO md_attribute_ref ( oid) VALUES ('inr166vfppdxbh2fkys7xfz9466jcj6n00000000000000000000000000000186');
INSERT INTO md_attribute_concrete ( defining_md_class, column_name, index_type, index_type_c, attribute_name, getter_visibility, getter_visibility_c, system, index_name, setter_visibility, setter_visibility_c, required, generate_accessor, display_label, immutable, oid) VALUES ('in5q49sp4ysp566txfog13xfvpjpjrnb00000000000000000000000000000001', 'created_by', 'qz5py744jawvhx1370kimy06avgumf7v', '0000000000000000000000000000040000000000000000000000000000000403', 'createdBy', 'qtl2e3hea5sc4azo3wa5g5h742g70ftt', '20071109NM000000000000000000000520071109NM0000000000000000000001', 1, 'afp0njm456r1esvl5vswnq2bxypvuw', 'qvsl8wtrhahwncinj2ouu62atjlcb7q5', '20071109NM000000000000000000000520071109NM0000000000000000000001', 1, 1, '74r48kr9299htxk1portaj8hfkxa3k98NM200904120000000000000000000030', 1, 'inr166vfppdxbh2fkys7xfz9466jcj6n00000000000000000000000000000186');
INSERT INTO md_attribute ( oid) VALUES ('inr166vfppdxbh2fkys7xfz9466jcj6n00000000000000000000000000000186');
INSERT INTO metadata ( create_date, seq, type, created_by, last_update_date, last_updated_by, description, locked_by, remove, owner, entity_domain, oid, key_name, site_master) VALUES ('2017-06-12 23:54:42', 4895, 'com.runwaysdk.system.metadata.MdAttributeReference', '0000000000000000000000000000001000000000000000000000000000000003', '2017-06-12 23:54:42', '0000000000000000000000000000001000000000000000000000000000000003', 'smf9lff5chtkqt5a8xu12oo7xljh90yjNM200904120000000000000000000030', NULL, 0, '0000000000000000000000000000001000000000000000000000000000000003', NULL, 'inr166vfppdxbh2fkys7xfz9466jcj6n00000000000000000000000000000186', 'com.runwaysdk.system.metadata.IndicatorElement.createdBy', 'www.runwaysdk.com');
ALTER TABLE indicator_element ADD COLUMN created_by  char(64);
INSERT INTO class_attribute_concrete ( oid, parent_id, child_id) VALUES ('inr166vfppdxbh2fkys7xfz9466jcj6n00000000000000000000000000000073', 'in5q49sp4ysp566txfog13xfvpjpjrnb00000000000000000000000000000001', 'inr166vfppdxbh2fkys7xfz9466jcj6n00000000000000000000000000000186');
INSERT INTO class_attribute ( oid, parent_id, child_id) VALUES ('inr166vfppdxbh2fkys7xfz9466jcj6n00000000000000000000000000000073', 'in5q49sp4ysp566txfog13xfvpjpjrnb00000000000000000000000000000001', 'inr166vfppdxbh2fkys7xfz9466jcj6n00000000000000000000000000000186');
INSERT INTO metadata_relationship ( oid, created_by, type, last_update_date, site_master, owner, seq, key_name, entity_domain, locked_by, create_date, last_updated_by, parent_id, child_id) VALUES ('inr166vfppdxbh2fkys7xfz9466jcj6n00000000000000000000000000000073', '0000000000000000000000000000001000000000000000000000000000000003', 'com.runwaysdk.system.metadata.ClassAttributeConcrete', '2017-06-12 23:54:42', 'www.runwaysdk.com', '0000000000000000000000000000001000000000000000000000000000000003', 4896, 'com.runwaysdk.system.metadata.IndicatorElement.createdBy', NULL, NULL, '2017-06-12 23:54:42', '0000000000000000000000000000001000000000000000000000000000000003', 'in5q49sp4ysp566txfog13xfvpjpjrnb00000000000000000000000000000001', 'inr166vfppdxbh2fkys7xfz9466jcj6n00000000000000000000000000000186');
INSERT INTO md_attribute_indicies (set_id, item_id)  VALUES  ('qluzldjbbtighputx0wj9n4gqq6ngcw9', '0000000000000000000000000000040000000000000000000000000000000403');
INSERT INTO visibilitymodifier (set_id, item_id)  VALUES  ('0048zd857zoavq4rgeaw4q8ov8dpui2n', '20071109NM000000000000000000000520071109NM0000000000000000000001');
INSERT INTO visibilitymodifier (set_id, item_id)  VALUES  ('2fe1iqj9jbfbnewkk1xn761hpc7xcsvn', '20071109NM000000000000000000000520071109NM0000000000000000000001');
INSERT INTO metadata_display_label ( key_name, oid, site_master, default_locale) VALUES ('233z6mp48ifap03is6k9bgqqxtbc3gogNM200904120000000000000000000030', '233z6mp48ifap03is6k9bgqqxtbc3gogNM200904120000000000000000000030', 'www.runwaysdk.com', 'Owner');
INSERT INTO metadata_display_label ( key_name, oid, site_master, default_locale) VALUES ('0s8yhx1ahdkibn1b0bu1z581ke08ubmdNM200904120000000000000000000030', '0s8yhx1ahdkibn1b0bu1z581ke08ubmdNM200904120000000000000000000030', 'www.runwaysdk.com', 'A reference to the user who own this object');
INSERT INTO md_attribute_reference ( default_value, md_business, oid) VALUES (NULL, '0000000000000000000000000000051600000000000000000000000000000001', 'im72fbmilz1gnsywwrydtq81jfdigr6e00000000000000000000000000000186');
INSERT INTO md_attribute_ref ( oid) VALUES ('im72fbmilz1gnsywwrydtq81jfdigr6e00000000000000000000000000000186');
INSERT INTO md_attribute_concrete ( defining_md_class, column_name, index_type, index_type_c, attribute_name, getter_visibility, getter_visibility_c, system, index_name, setter_visibility, setter_visibility_c, required, generate_accessor, display_label, immutable, oid) VALUES ('in5q49sp4ysp566txfog13xfvpjpjrnb00000000000000000000000000000001', 'owner', 'qluzldjbbtighputx0wj9n4gqq6ngcw9', '0000000000000000000000000000040000000000000000000000000000000403', 'owner', '0048zd857zoavq4rgeaw4q8ov8dpui2n', '20071109NM000000000000000000000520071109NM0000000000000000000001', 0, 'a8fi68sbdkabj07iaanmde05qelfu1', '2fe1iqj9jbfbnewkk1xn761hpc7xcsvn', '20071109NM000000000000000000000520071109NM0000000000000000000001', 1, 1, '233z6mp48ifap03is6k9bgqqxtbc3gogNM200904120000000000000000000030', 0, 'im72fbmilz1gnsywwrydtq81jfdigr6e00000000000000000000000000000186');
INSERT INTO md_attribute ( oid) VALUES ('im72fbmilz1gnsywwrydtq81jfdigr6e00000000000000000000000000000186');
INSERT INTO metadata ( create_date, seq, type, created_by, last_update_date, last_updated_by, description, locked_by, remove, owner, entity_domain, oid, key_name, site_master) VALUES ('2017-06-12 23:54:42', 4897, 'com.runwaysdk.system.metadata.MdAttributeReference', '0000000000000000000000000000001000000000000000000000000000000003', '2017-06-12 23:54:42', '0000000000000000000000000000001000000000000000000000000000000003', '0s8yhx1ahdkibn1b0bu1z581ke08ubmdNM200904120000000000000000000030', NULL, 0, '0000000000000000000000000000001000000000000000000000000000000003', NULL, 'im72fbmilz1gnsywwrydtq81jfdigr6e00000000000000000000000000000186', 'com.runwaysdk.system.metadata.IndicatorElement.owner', 'www.runwaysdk.com');
ALTER TABLE indicator_element ADD COLUMN owner  char(64);
INSERT INTO class_attribute_concrete ( oid, parent_id, child_id) VALUES ('im72fbmilz1gnsywwrydtq81jfdigr6e00000000000000000000000000000073', 'in5q49sp4ysp566txfog13xfvpjpjrnb00000000000000000000000000000001', 'im72fbmilz1gnsywwrydtq81jfdigr6e00000000000000000000000000000186');
INSERT INTO class_attribute ( oid, parent_id, child_id) VALUES ('im72fbmilz1gnsywwrydtq81jfdigr6e00000000000000000000000000000073', 'in5q49sp4ysp566txfog13xfvpjpjrnb00000000000000000000000000000001', 'im72fbmilz1gnsywwrydtq81jfdigr6e00000000000000000000000000000186');
INSERT INTO metadata_relationship ( oid, created_by, type, last_update_date, site_master, owner, seq, key_name, entity_domain, locked_by, create_date, last_updated_by, parent_id, child_id) VALUES ('im72fbmilz1gnsywwrydtq81jfdigr6e00000000000000000000000000000073', '0000000000000000000000000000001000000000000000000000000000000003', 'com.runwaysdk.system.metadata.ClassAttributeConcrete', '2017-06-12 23:54:42', 'www.runwaysdk.com', '0000000000000000000000000000001000000000000000000000000000000003', 4898, 'com.runwaysdk.system.metadata.IndicatorElement.owner', NULL, NULL, '2017-06-12 23:54:42', '0000000000000000000000000000001000000000000000000000000000000003', 'in5q49sp4ysp566txfog13xfvpjpjrnb00000000000000000000000000000001', 'im72fbmilz1gnsywwrydtq81jfdigr6e00000000000000000000000000000186');
INSERT INTO md_attribute_indicies (set_id, item_id)  VALUES  ('6qy5owgibh8mfcb70q64xcv34wm4to2f', '0000000000000000000000000000040000000000000000000000000000000403');
INSERT INTO visibilitymodifier (set_id, item_id)  VALUES  ('qomytnl2haspmxuaid90fixe1uz6woi6', '20071109NM000000000000000000000520071109NM0000000000000000000001');
INSERT INTO visibilitymodifier (set_id, item_id)  VALUES  ('y0wctqurmzx0ynh3761q2n2teq9789hq', '20071109NM000000000000000000000520071109NM0000000000000000000001');
INSERT INTO metadata_display_label ( key_name, oid, site_master, default_locale) VALUES ('1tjvnbqiaf2xphuhq5jbav9t2p912wlmNM200904120000000000000000000030', '1tjvnbqiaf2xphuhq5jbav9t2p912wlmNM200904120000000000000000000030', 'www.runwaysdk.com', 'Last Updated By');
INSERT INTO metadata_display_label ( key_name, oid, site_master, default_locale) VALUES ('1przzq9043avimkwtkk3st3j7cwawjvmNM200904120000000000000000000030', '1przzq9043avimkwtkk3st3j7cwawjvmNM200904120000000000000000000030', 'www.runwaysdk.com', 'User who last updated this object');
INSERT INTO md_attribute_reference ( default_value, md_business, oid) VALUES (NULL, 'JS20070723000000000000000000156000000000000000000000000000000001', 'ia8pmwpt1xdyvze1ws350c8d1ikrolkm00000000000000000000000000000186');
INSERT INTO md_attribute_ref ( oid) VALUES ('ia8pmwpt1xdyvze1ws350c8d1ikrolkm00000000000000000000000000000186');
INSERT INTO md_attribute_concrete ( defining_md_class, column_name, index_type, index_type_c, attribute_name, getter_visibility, getter_visibility_c, system, index_name, setter_visibility, setter_visibility_c, required, generate_accessor, display_label, immutable, oid) VALUES ('in5q49sp4ysp566txfog13xfvpjpjrnb00000000000000000000000000000001', 'last_updated_by', '6qy5owgibh8mfcb70q64xcv34wm4to2f', '0000000000000000000000000000040000000000000000000000000000000403', 'lastUpdatedBy', 'qomytnl2haspmxuaid90fixe1uz6woi6', '20071109NM000000000000000000000520071109NM0000000000000000000001', 1, 'a0sqwi8grnm5589bpehhlapxcgm3a2', 'y0wctqurmzx0ynh3761q2n2teq9789hq', '20071109NM000000000000000000000520071109NM0000000000000000000001', 1, 1, '1tjvnbqiaf2xphuhq5jbav9t2p912wlmNM200904120000000000000000000030', 0, 'ia8pmwpt1xdyvze1ws350c8d1ikrolkm00000000000000000000000000000186');
INSERT INTO md_attribute ( oid) VALUES ('ia8pmwpt1xdyvze1ws350c8d1ikrolkm00000000000000000000000000000186');
INSERT INTO metadata ( create_date, seq, type, created_by, last_update_date, last_updated_by, description, locked_by, remove, owner, entity_domain, oid, key_name, site_master) VALUES ('2017-06-12 23:54:42', 4899, 'com.runwaysdk.system.metadata.MdAttributeReference', '0000000000000000000000000000001000000000000000000000000000000003', '2017-06-12 23:54:42', '0000000000000000000000000000001000000000000000000000000000000003', '1przzq9043avimkwtkk3st3j7cwawjvmNM200904120000000000000000000030', NULL, 0, '0000000000000000000000000000001000000000000000000000000000000003', NULL, 'ia8pmwpt1xdyvze1ws350c8d1ikrolkm00000000000000000000000000000186', 'com.runwaysdk.system.metadata.IndicatorElement.lastUpdatedBy', 'www.runwaysdk.com');
ALTER TABLE indicator_element ADD COLUMN last_updated_by  char(64);
INSERT INTO class_attribute_concrete ( oid, parent_id, child_id) VALUES ('ia8pmwpt1xdyvze1ws350c8d1ikrolkm00000000000000000000000000000073', 'in5q49sp4ysp566txfog13xfvpjpjrnb00000000000000000000000000000001', 'ia8pmwpt1xdyvze1ws350c8d1ikrolkm00000000000000000000000000000186');
INSERT INTO class_attribute ( oid, parent_id, child_id) VALUES ('ia8pmwpt1xdyvze1ws350c8d1ikrolkm00000000000000000000000000000073', 'in5q49sp4ysp566txfog13xfvpjpjrnb00000000000000000000000000000001', 'ia8pmwpt1xdyvze1ws350c8d1ikrolkm00000000000000000000000000000186');
INSERT INTO metadata_relationship ( oid, created_by, type, last_update_date, site_master, owner, seq, key_name, entity_domain, locked_by, create_date, last_updated_by, parent_id, child_id) VALUES ('ia8pmwpt1xdyvze1ws350c8d1ikrolkm00000000000000000000000000000073', '0000000000000000000000000000001000000000000000000000000000000003', 'com.runwaysdk.system.metadata.ClassAttributeConcrete', '2017-06-12 23:54:42', 'www.runwaysdk.com', '0000000000000000000000000000001000000000000000000000000000000003', 4900, 'com.runwaysdk.system.metadata.IndicatorElement.lastUpdatedBy', NULL, NULL, '2017-06-12 23:54:42', '0000000000000000000000000000001000000000000000000000000000000003', 'in5q49sp4ysp566txfog13xfvpjpjrnb00000000000000000000000000000001', 'ia8pmwpt1xdyvze1ws350c8d1ikrolkm00000000000000000000000000000186');


INSERT INTO class_cache (set_id, item_id)  VALUES  ('6s5w9fgqgzfuotumf622hgk9aoiluz2b', '0000000000000000000000000000023100000000000000000000000000000222');
INSERT INTO metadata_display_label ( key_name, oid, site_master, default_locale) VALUES ('zdl2392ypy9lg2i02v5v15by1boi7f0nNM200904120000000000000000000030', 'zdl2392ypy9lg2i02v5v15by1boi7f0nNM200904120000000000000000000030', 'www.runwaysdk.com', 'Indicator Primitive');
INSERT INTO metadata_display_label ( key_name, oid, site_master, default_locale) VALUES ('0a2e31ctju4f25r4l6gvyymn7116z0cfNM200904120000000000000000000030', '0a2e31ctju4f25r4l6gvyymn7116z0cfNM200904120000000000000000000030', 'www.runwaysdk.com', 'The element of an indicator that represents a primitive value. This is the concrete and non-aggregate class in the composite pattern.');
INSERT INTO md_business ( super_md_business, cache_algorithm, cache_algorithm_c, oid) VALUES ('in5q49sp4ysp566txfog13xfvpjpjrnb00000000000000000000000000000001', '6s5w9fgqgzfuotumf622hgk9aoiluz2b', '0000000000000000000000000000023100000000000000000000000000000222', 'i9y6m5oxeb0pf2gafpy8u6nl8xo8sut500000000000000000000000000000001');
INSERT INTO md_element ( is_abstract, extendable, oid) VALUES (0, 0, 'i9y6m5oxeb0pf2gafpy8u6nl8xo8sut500000000000000000000000000000001');
INSERT INTO md_entity ( cache_size, query_dto_source, has_deterministic_ids, enforce_site_master, query_source, table_name, oid) VALUES (0, NULL, 0, 1, NULL, 'indicator_primitive', 'i9y6m5oxeb0pf2gafpy8u6nl8xo8sut500000000000000000000000000000001');
INSERT INTO md_class ( stub_source, publish, stub_dto_source, oid) VALUES (NULL, 1, NULL, 'i9y6m5oxeb0pf2gafpy8u6nl8xo8sut500000000000000000000000000000001');
INSERT INTO md_type ( type_name, js_stub, display_label, exported, generate_source, js_base, base_source, package_name, root_id, dto_source, oid) VALUES ('IndicatorPrimitive', NULL, 'zdl2392ypy9lg2i02v5v15by1boi7f0nNM200904120000000000000000000030', 1, 1, NULL, NULL, 'com.runwaysdk.system.metadata', 'i9y6m5oxeb0pf2gafpy8u6nl8xo8sut5', NULL, 'i9y6m5oxeb0pf2gafpy8u6nl8xo8sut500000000000000000000000000000001');
INSERT INTO metadata ( create_date, seq, type, created_by, last_update_date, last_updated_by, description, locked_by, remove, owner, entity_domain, oid, key_name, site_master) VALUES ('2017-06-12 23:54:42', 4901, 'com.runwaysdk.system.metadata.MdBusiness', '0000000000000000000000000000001000000000000000000000000000000003', '2017-06-12 23:54:42', '0000000000000000000000000000001000000000000000000000000000000003', '0a2e31ctju4f25r4l6gvyymn7116z0cfNM200904120000000000000000000030', NULL, 0, '0000000000000000000000000000001000000000000000000000000000000003', NULL, 'i9y6m5oxeb0pf2gafpy8u6nl8xo8sut500000000000000000000000000000001', 'com.runwaysdk.system.metadata.IndicatorPrimitive', 'www.runwaysdk.com');
CREATE TABLE indicator_primitive ( oid CHAR(64) NOT NULL PRIMARY KEY );
INSERT INTO business_inheritance ( oid, parent_id, child_id) VALUES ('i9y6m5oxeb0pf2gafpy8u6nl8xo8sut520070926NM0000000000000000000004', 'in5q49sp4ysp566txfog13xfvpjpjrnb00000000000000000000000000000001', 'i9y6m5oxeb0pf2gafpy8u6nl8xo8sut500000000000000000000000000000001');
INSERT INTO class_inheritance ( oid, parent_id, child_id) VALUES ('i9y6m5oxeb0pf2gafpy8u6nl8xo8sut520070926NM0000000000000000000004', 'in5q49sp4ysp566txfog13xfvpjpjrnb00000000000000000000000000000001', 'i9y6m5oxeb0pf2gafpy8u6nl8xo8sut500000000000000000000000000000001');
INSERT INTO metadata_relationship ( oid, created_by, type, last_update_date, site_master, owner, seq, key_name, entity_domain, locked_by, create_date, last_updated_by, parent_id, child_id) VALUES ('i9y6m5oxeb0pf2gafpy8u6nl8xo8sut520070926NM0000000000000000000004', '0000000000000000000000000000001000000000000000000000000000000003', 'com.runwaysdk.system.metadata.BusinessInheritance', '2017-06-12 23:54:42', 'www.runwaysdk.com', '0000000000000000000000000000001000000000000000000000000000000003', 4902, 'com.runwaysdk.system.metadata.IndicatorPrimitive', NULL, NULL, '2017-06-12 23:54:42', '0000000000000000000000000000001000000000000000000000000000000003', 'in5q49sp4ysp566txfog13xfvpjpjrnb00000000000000000000000000000001', 'i9y6m5oxeb0pf2gafpy8u6nl8xo8sut500000000000000000000000000000001');


INSERT INTO md_attribute_indicies (set_id, item_id)  VALUES  ('8jvje5fvcjnx5l08902xbqy0gp4vjt9j', '0000000000000000000000000000040000000000000000000000000000000403');
INSERT INTO visibilitymodifier (set_id, item_id)  VALUES  ('znbxxvikayqwuzimteepuzjrjmo0k7l3', '20071109NM000000000000000000000520071109NM0000000000000000000001');
INSERT INTO visibilitymodifier (set_id, item_id)  VALUES  ('z7cbzv4cnecw0vfwtjjlzjgm2wgyf3sg', '20071109NM000000000000000000000520071109NM0000000000000000000001');
INSERT INTO metadata_display_label ( key_name, oid, site_master, default_locale) VALUES ('t1y6blomitzftt59do0u4csr6afrej5lNM200904120000000000000000000030', 't1y6blomitzftt59do0u4csr6afrej5lNM200904120000000000000000000030', 'www.runwaysdk.com', 'MdAttributePrimitive');
INSERT INTO metadata_display_label ( key_name, oid, site_master, default_locale) VALUES ('xvcsp7mwxa5ez63szue55rcmy7cpxrcgNM200904120000000000000000000030', 'xvcsp7mwxa5ez63szue55rcmy7cpxrcgNM200904120000000000000000000030', 'www.runwaysdk.com', 'A reference to a primitive attribute metadata that defines the attribute that is used in this indicator element.');
INSERT INTO md_attribute_reference ( default_value, md_business, oid) VALUES (NULL, '0000000000000000000000000000017400000000000000000000000000000001', 'ik1j0cdjgd4n9ceuk7vvymqomk2ejkv700000000000000000000000000000186');
INSERT INTO md_attribute_ref ( oid) VALUES ('ik1j0cdjgd4n9ceuk7vvymqomk2ejkv700000000000000000000000000000186');
INSERT INTO md_attribute_concrete ( defining_md_class, column_name, index_type, index_type_c, attribute_name, getter_visibility, getter_visibility_c, system, index_name, setter_visibility, setter_visibility_c, required, generate_accessor, display_label, immutable, oid) VALUES ('i9y6m5oxeb0pf2gafpy8u6nl8xo8sut500000000000000000000000000000001', 'md_attribute_primitive', '8jvje5fvcjnx5l08902xbqy0gp4vjt9j', '0000000000000000000000000000040000000000000000000000000000000403', 'mdAttributePrimitive', 'znbxxvikayqwuzimteepuzjrjmo0k7l3', '20071109NM000000000000000000000520071109NM0000000000000000000001', 0, 'a7ddfodio4q8coer5spmw6tgluojw9', 'z7cbzv4cnecw0vfwtjjlzjgm2wgyf3sg', '20071109NM000000000000000000000520071109NM0000000000000000000001', 1, 1, 't1y6blomitzftt59do0u4csr6afrej5lNM200904120000000000000000000030', 0, 'ik1j0cdjgd4n9ceuk7vvymqomk2ejkv700000000000000000000000000000186');
INSERT INTO md_attribute ( oid) VALUES ('ik1j0cdjgd4n9ceuk7vvymqomk2ejkv700000000000000000000000000000186');
INSERT INTO metadata ( create_date, seq, type, created_by, last_update_date, last_updated_by, description, locked_by, remove, owner, entity_domain, oid, key_name, site_master) VALUES ('2017-06-12 23:54:42', 4903, 'com.runwaysdk.system.metadata.MdAttributeReference', '0000000000000000000000000000001000000000000000000000000000000003', '2017-06-12 23:54:42', '0000000000000000000000000000001000000000000000000000000000000003', 'xvcsp7mwxa5ez63szue55rcmy7cpxrcgNM200904120000000000000000000030', NULL, 0, '0000000000000000000000000000001000000000000000000000000000000003', NULL, 'ik1j0cdjgd4n9ceuk7vvymqomk2ejkv700000000000000000000000000000186', 'com.runwaysdk.system.metadata.IndicatorPrimitive.mdAttributePrimitive', 'www.runwaysdk.com');
ALTER TABLE indicator_primitive ADD COLUMN md_attribute_primitive  char(64);
INSERT INTO class_attribute_concrete ( oid, parent_id, child_id) VALUES ('ik1j0cdjgd4n9ceuk7vvymqomk2ejkv700000000000000000000000000000073', 'i9y6m5oxeb0pf2gafpy8u6nl8xo8sut500000000000000000000000000000001', 'ik1j0cdjgd4n9ceuk7vvymqomk2ejkv700000000000000000000000000000186');
INSERT INTO class_attribute ( oid, parent_id, child_id) VALUES ('ik1j0cdjgd4n9ceuk7vvymqomk2ejkv700000000000000000000000000000073', 'i9y6m5oxeb0pf2gafpy8u6nl8xo8sut500000000000000000000000000000001', 'ik1j0cdjgd4n9ceuk7vvymqomk2ejkv700000000000000000000000000000186');
INSERT INTO metadata_relationship ( oid, created_by, type, last_update_date, site_master, owner, seq, key_name, entity_domain, locked_by, create_date, last_updated_by, parent_id, child_id) VALUES ('ik1j0cdjgd4n9ceuk7vvymqomk2ejkv700000000000000000000000000000073', '0000000000000000000000000000001000000000000000000000000000000003', 'com.runwaysdk.system.metadata.ClassAttributeConcrete', '2017-06-12 23:54:42', 'www.runwaysdk.com', '0000000000000000000000000000001000000000000000000000000000000003', 4904, 'com.runwaysdk.system.metadata.IndicatorPrimitive.mdAttributePrimitive', NULL, NULL, '2017-06-12 23:54:42', '0000000000000000000000000000001000000000000000000000000000000003', 'i9y6m5oxeb0pf2gafpy8u6nl8xo8sut500000000000000000000000000000001', 'ik1j0cdjgd4n9ceuk7vvymqomk2ejkv700000000000000000000000000000186');
CREATE INDEX a7ddfodio4q8coer5spmw6tgluojw9 ON indicator_primitive (md_attribute_primitive);
INSERT INTO md_attribute_indicies (set_id, item_id)  VALUES  ('zothbit8a6e0quo0oo4u7urujddb3k7r', '0000000000000000000000000000040100000000000000000000000000000403');
INSERT INTO visibilitymodifier (set_id, item_id)  VALUES  ('0lfs45hisecgavc9jrbxph59stv2sde7', '20071109NM000000000000000000000520071109NM0000000000000000000001');
INSERT INTO visibilitymodifier (set_id, item_id)  VALUES  ('sfb60gu8kecexdpmurovynjz5xel4b0s', '20071109NM000000000000000000000520071109NM0000000000000000000001');
INSERT INTO metadata_display_label ( key_name, oid, site_master, default_locale) VALUES ('z5spc9098o2jyrpr755kghveovoef9t7NM200904120000000000000000000030', 'z5spc9098o2jyrpr755kghveovoef9t7NM200904120000000000000000000030', 'www.runwaysdk.com', 'Aggregate Function');
INSERT INTO metadata_display_label ( key_name, oid, site_master, default_locale) VALUES ('qmizvourny73x81dq0ry505aw405mjfrNM200904120000000000000000000030', 'qmizvourny73x81dq0ry505aw405mjfrNM200904120000000000000000000030', 'www.runwaysdk.com', 'The aggregate function that is applied to a primitive attribute type in the indicator equation');
INSERT INTO md_attribute_enumeration ( default_value, md_enumeration, select_multiple, cache_column_name, oid) VALUES (NULL, 'i0mpeef4ubwk29ntr0po98lywhtzoi4m00000000000000000000000000000196', 0, 'indicator_function_c', 'i49zhor8tzl1n1k47p4psvq4sa4bjacg00000000000000000000000000000216');
INSERT INTO md_attribute_ref ( oid) VALUES ('i49zhor8tzl1n1k47p4psvq4sa4bjacg00000000000000000000000000000216');
INSERT INTO md_attribute_concrete ( defining_md_class, column_name, index_type, index_type_c, attribute_name, getter_visibility, getter_visibility_c, system, index_name, setter_visibility, setter_visibility_c, required, generate_accessor, display_label, immutable, oid) VALUES ('i9y6m5oxeb0pf2gafpy8u6nl8xo8sut500000000000000000000000000000001', 'indicator_function', 'zothbit8a6e0quo0oo4u7urujddb3k7r', '0000000000000000000000000000040100000000000000000000000000000403', 'indicatorFunction', '0lfs45hisecgavc9jrbxph59stv2sde7', '20071109NM000000000000000000000520071109NM0000000000000000000001', 0, 'ajtwuxjt51q3ik2lben3ns7my9qv9x', 'sfb60gu8kecexdpmurovynjz5xel4b0s', '20071109NM000000000000000000000520071109NM0000000000000000000001', 1, 1, 'z5spc9098o2jyrpr755kghveovoef9t7NM200904120000000000000000000030', 0, 'i49zhor8tzl1n1k47p4psvq4sa4bjacg00000000000000000000000000000216');
INSERT INTO md_attribute ( oid) VALUES ('i49zhor8tzl1n1k47p4psvq4sa4bjacg00000000000000000000000000000216');
INSERT INTO metadata ( create_date, seq, type, created_by, last_update_date, last_updated_by, description, locked_by, remove, owner, entity_domain, oid, key_name, site_master) VALUES ('2017-06-12 23:54:42', 4905, 'com.runwaysdk.system.metadata.MdAttributeEnumeration', '0000000000000000000000000000001000000000000000000000000000000003', '2017-06-12 23:54:42', '0000000000000000000000000000001000000000000000000000000000000003', 'qmizvourny73x81dq0ry505aw405mjfrNM200904120000000000000000000030', NULL, 0, '0000000000000000000000000000001000000000000000000000000000000003', NULL, 'i49zhor8tzl1n1k47p4psvq4sa4bjacg00000000000000000000000000000216', 'com.runwaysdk.system.metadata.IndicatorPrimitive.indicatorFunction', 'www.runwaysdk.com');
ALTER TABLE indicator_primitive ADD COLUMN indicator_function  char(32);
ALTER TABLE indicator_primitive ADD COLUMN indicator_function_c  text;
INSERT INTO class_attribute_concrete ( oid, parent_id, child_id) VALUES ('i49zhor8tzl1n1k47p4psvq4sa4bjacg00000000000000000000000000000073', 'i9y6m5oxeb0pf2gafpy8u6nl8xo8sut500000000000000000000000000000001', 'i49zhor8tzl1n1k47p4psvq4sa4bjacg00000000000000000000000000000216');
INSERT INTO class_attribute ( oid, parent_id, child_id) VALUES ('i49zhor8tzl1n1k47p4psvq4sa4bjacg00000000000000000000000000000073', 'i9y6m5oxeb0pf2gafpy8u6nl8xo8sut500000000000000000000000000000001', 'i49zhor8tzl1n1k47p4psvq4sa4bjacg00000000000000000000000000000216');
INSERT INTO metadata_relationship ( oid, created_by, type, last_update_date, site_master, owner, seq, key_name, entity_domain, locked_by, create_date, last_updated_by, parent_id, child_id) VALUES ('i49zhor8tzl1n1k47p4psvq4sa4bjacg00000000000000000000000000000073', '0000000000000000000000000000001000000000000000000000000000000003', 'com.runwaysdk.system.metadata.ClassAttributeConcrete', '2017-06-12 23:54:42', 'www.runwaysdk.com', '0000000000000000000000000000001000000000000000000000000000000003', 4906, 'com.runwaysdk.system.metadata.IndicatorPrimitive.indicatorFunction', NULL, NULL, '2017-06-12 23:54:42', '0000000000000000000000000000001000000000000000000000000000000003', 'i9y6m5oxeb0pf2gafpy8u6nl8xo8sut500000000000000000000000000000001', 'i49zhor8tzl1n1k47p4psvq4sa4bjacg00000000000000000000000000000216');
INSERT INTO class_cache (set_id, item_id)  VALUES  ('28zsigp2j2u0j28e8vo4ifrkz7res5z7', '0000000000000000000000000000023100000000000000000000000000000222');
INSERT INTO metadata_display_label ( key_name, oid, site_master, default_locale) VALUES ('76b80t2k38zpiz0l24tu8vzdj2z9ufg7NM200904120000000000000000000030', '76b80t2k38zpiz0l24tu8vzdj2z9ufg7NM200904120000000000000000000030', 'www.runwaysdk.com', 'Indicator');
INSERT INTO metadata_display_label ( key_name, oid, site_master, default_locale) VALUES ('936xkhghpk4o1y91tywd6k9rtwj99igaNM200904120000000000000000000030', '936xkhghpk4o1y91tywd6k9rtwj99igaNM200904120000000000000000000030', 'www.runwaysdk.com', 'The indicator class with a left operand, operator, and right operand. This is the concrete and aggregate class in the composite pattern.');
INSERT INTO md_business ( super_md_business, cache_algorithm, cache_algorithm_c, oid) VALUES ('in5q49sp4ysp566txfog13xfvpjpjrnb00000000000000000000000000000001', '28zsigp2j2u0j28e8vo4ifrkz7res5z7', '0000000000000000000000000000023100000000000000000000000000000222', 'ijx2qpvkmeubmt67o8t8ac0a5nd4x8pc00000000000000000000000000000001');
INSERT INTO md_element ( is_abstract, extendable, oid) VALUES (0, 0, 'ijx2qpvkmeubmt67o8t8ac0a5nd4x8pc00000000000000000000000000000001');
INSERT INTO md_entity ( cache_size, query_dto_source, has_deterministic_ids, enforce_site_master, query_source, table_name, oid) VALUES (0, NULL, 0, 1, NULL, 'indicator_composite', 'ijx2qpvkmeubmt67o8t8ac0a5nd4x8pc00000000000000000000000000000001');
INSERT INTO md_class ( stub_source, publish, stub_dto_source, oid) VALUES (NULL, 1, NULL, 'ijx2qpvkmeubmt67o8t8ac0a5nd4x8pc00000000000000000000000000000001');
INSERT INTO md_type ( type_name, js_stub, display_label, exported, generate_source, js_base, base_source, package_name, root_id, dto_source, oid) VALUES ('IndicatorComposite', NULL, '76b80t2k38zpiz0l24tu8vzdj2z9ufg7NM200904120000000000000000000030', 1, 1, NULL, NULL, 'com.runwaysdk.system.metadata', 'ijx2qpvkmeubmt67o8t8ac0a5nd4x8pc', NULL, 'ijx2qpvkmeubmt67o8t8ac0a5nd4x8pc00000000000000000000000000000001');
INSERT INTO metadata ( create_date, seq, type, created_by, last_update_date, last_updated_by, description, locked_by, remove, owner, entity_domain, oid, key_name, site_master) VALUES ('2017-06-12 23:54:42', 4907, 'com.runwaysdk.system.metadata.MdBusiness', '0000000000000000000000000000001000000000000000000000000000000003', '2017-06-12 23:54:42', '0000000000000000000000000000001000000000000000000000000000000003', '936xkhghpk4o1y91tywd6k9rtwj99igaNM200904120000000000000000000030', NULL, 0, '0000000000000000000000000000001000000000000000000000000000000003', NULL, 'ijx2qpvkmeubmt67o8t8ac0a5nd4x8pc00000000000000000000000000000001', 'com.runwaysdk.system.metadata.IndicatorComposite', 'www.runwaysdk.com');
CREATE TABLE indicator_composite ( oid CHAR(64) NOT NULL PRIMARY KEY );
INSERT INTO business_inheritance ( oid, parent_id, child_id) VALUES ('ijx2qpvkmeubmt67o8t8ac0a5nd4x8pc20070926NM0000000000000000000004', 'in5q49sp4ysp566txfog13xfvpjpjrnb00000000000000000000000000000001', 'ijx2qpvkmeubmt67o8t8ac0a5nd4x8pc00000000000000000000000000000001');
INSERT INTO class_inheritance ( oid, parent_id, child_id) VALUES ('ijx2qpvkmeubmt67o8t8ac0a5nd4x8pc20070926NM0000000000000000000004', 'in5q49sp4ysp566txfog13xfvpjpjrnb00000000000000000000000000000001', 'ijx2qpvkmeubmt67o8t8ac0a5nd4x8pc00000000000000000000000000000001');
INSERT INTO metadata_relationship ( oid, created_by, type, last_update_date, site_master, owner, seq, key_name, entity_domain, locked_by, create_date, last_updated_by, parent_id, child_id) VALUES ('ijx2qpvkmeubmt67o8t8ac0a5nd4x8pc20070926NM0000000000000000000004', '0000000000000000000000000000001000000000000000000000000000000003', 'com.runwaysdk.system.metadata.BusinessInheritance', '2017-06-12 23:54:42', 'www.runwaysdk.com', '0000000000000000000000000000001000000000000000000000000000000003', 4908, 'com.runwaysdk.system.metadata.IndicatorComposite', NULL, NULL, '2017-06-12 23:54:42', '0000000000000000000000000000001000000000000000000000000000000003', 'in5q49sp4ysp566txfog13xfvpjpjrnb00000000000000000000000000000001', 'ijx2qpvkmeubmt67o8t8ac0a5nd4x8pc00000000000000000000000000000001');


INSERT INTO md_attribute_indicies (set_id, item_id)  VALUES  ('xqzj07i180qp84jywe3isgz8zjj4srg7', '0000000000000000000000000000040000000000000000000000000000000403');
INSERT INTO visibilitymodifier (set_id, item_id)  VALUES  ('7clypbq0xhfyr16pmg3g098s2e9o1g0v', '20071109NM000000000000000000000520071109NM0000000000000000000001');
INSERT INTO visibilitymodifier (set_id, item_id)  VALUES  ('0rhljcrkcjzpv80hmkbm510nb204gzke', '20071109NM000000000000000000000520071109NM0000000000000000000001');
INSERT INTO metadata_display_label ( key_name, oid, site_master, default_locale) VALUES ('xix873pl717sj11p0kg3m7grlcvkdpc3NM200904120000000000000000000030', 'xix873pl717sj11p0kg3m7grlcvkdpc3NM200904120000000000000000000030', 'www.runwaysdk.com', 'Left Operand');
INSERT INTO metadata_display_label ( key_name, oid, site_master, default_locale) VALUES ('93bv31ygdjl3496r0s3meb5th8r6p5p5NM200904120000000000000000000030', '93bv31ygdjl3496r0s3meb5th8r6p5p5NM200904120000000000000000000030', 'www.runwaysdk.com', 'The left operand in the indicator equation');
INSERT INTO md_attribute_reference ( default_value, md_business, oid) VALUES (NULL, 'in5q49sp4ysp566txfog13xfvpjpjrnb00000000000000000000000000000001', 'i1n0ingo3rrrvla8jehf4lch3ziaf8v500000000000000000000000000000186');
INSERT INTO md_attribute_ref ( oid) VALUES ('i1n0ingo3rrrvla8jehf4lch3ziaf8v500000000000000000000000000000186');
INSERT INTO md_attribute_concrete ( defining_md_class, column_name, index_type, index_type_c, attribute_name, getter_visibility, getter_visibility_c, system, index_name, setter_visibility, setter_visibility_c, required, generate_accessor, display_label, immutable, oid) VALUES ('ijx2qpvkmeubmt67o8t8ac0a5nd4x8pc00000000000000000000000000000001', 'left_operand', 'xqzj07i180qp84jywe3isgz8zjj4srg7', '0000000000000000000000000000040000000000000000000000000000000403', 'leftOperand', '7clypbq0xhfyr16pmg3g098s2e9o1g0v', '20071109NM000000000000000000000520071109NM0000000000000000000001', 0, 'as2ialpsyjw9vufqfr91suh5glx1lx', '0rhljcrkcjzpv80hmkbm510nb204gzke', '20071109NM000000000000000000000520071109NM0000000000000000000001', 1, 1, 'xix873pl717sj11p0kg3m7grlcvkdpc3NM200904120000000000000000000030', 0, 'i1n0ingo3rrrvla8jehf4lch3ziaf8v500000000000000000000000000000186');
INSERT INTO md_attribute ( oid) VALUES ('i1n0ingo3rrrvla8jehf4lch3ziaf8v500000000000000000000000000000186');
INSERT INTO metadata ( create_date, seq, type, created_by, last_update_date, last_updated_by, description, locked_by, remove, owner, entity_domain, oid, key_name, site_master) VALUES ('2017-06-12 23:54:42', 4909, 'com.runwaysdk.system.metadata.MdAttributeReference', '0000000000000000000000000000001000000000000000000000000000000003', '2017-06-12 23:54:42', '0000000000000000000000000000001000000000000000000000000000000003', '93bv31ygdjl3496r0s3meb5th8r6p5p5NM200904120000000000000000000030', NULL, 0, '0000000000000000000000000000001000000000000000000000000000000003', NULL, 'i1n0ingo3rrrvla8jehf4lch3ziaf8v500000000000000000000000000000186', 'com.runwaysdk.system.metadata.IndicatorComposite.leftOperand', 'www.runwaysdk.com');
ALTER TABLE indicator_composite ADD COLUMN left_operand  char(64);
INSERT INTO class_attribute_concrete ( oid, parent_id, child_id) VALUES ('i1n0ingo3rrrvla8jehf4lch3ziaf8v500000000000000000000000000000073', 'ijx2qpvkmeubmt67o8t8ac0a5nd4x8pc00000000000000000000000000000001', 'i1n0ingo3rrrvla8jehf4lch3ziaf8v500000000000000000000000000000186');
INSERT INTO class_attribute ( oid, parent_id, child_id) VALUES ('i1n0ingo3rrrvla8jehf4lch3ziaf8v500000000000000000000000000000073', 'ijx2qpvkmeubmt67o8t8ac0a5nd4x8pc00000000000000000000000000000001', 'i1n0ingo3rrrvla8jehf4lch3ziaf8v500000000000000000000000000000186');
INSERT INTO metadata_relationship ( oid, created_by, type, last_update_date, site_master, owner, seq, key_name, entity_domain, locked_by, create_date, last_updated_by, parent_id, child_id) VALUES ('i1n0ingo3rrrvla8jehf4lch3ziaf8v500000000000000000000000000000073', '0000000000000000000000000000001000000000000000000000000000000003', 'com.runwaysdk.system.metadata.ClassAttributeConcrete', '2017-06-12 23:54:42', 'www.runwaysdk.com', '0000000000000000000000000000001000000000000000000000000000000003', 4910, 'com.runwaysdk.system.metadata.IndicatorComposite.leftOperand', NULL, NULL, '2017-06-12 23:54:42', '0000000000000000000000000000001000000000000000000000000000000003', 'ijx2qpvkmeubmt67o8t8ac0a5nd4x8pc00000000000000000000000000000001', 'i1n0ingo3rrrvla8jehf4lch3ziaf8v500000000000000000000000000000186');
CREATE INDEX as2ialpsyjw9vufqfr91suh5glx1lx ON indicator_composite (left_operand);
INSERT INTO md_attribute_indicies (set_id, item_id)  VALUES  ('03zmyyalanw6o2e9pgtvuigwk3ckrq82', '0000000000000000000000000000040100000000000000000000000000000403');
INSERT INTO visibilitymodifier (set_id, item_id)  VALUES  ('sb6j0jfia1ibpmh50r1vzv6z5intwr7a', '20071109NM000000000000000000000520071109NM0000000000000000000001');
INSERT INTO visibilitymodifier (set_id, item_id)  VALUES  ('xpdccb9anqyt97fx83nuz9jf3anrt89r', '20071109NM000000000000000000000520071109NM0000000000000000000001');
INSERT INTO metadata_display_label ( key_name, oid, site_master, default_locale) VALUES ('6o4cvqf7wsvlf7q7f2uj0pxxzmmzp6rdNM200904120000000000000000000030', '6o4cvqf7wsvlf7q7f2uj0pxxzmmzp6rdNM200904120000000000000000000030', 'www.runwaysdk.com', 'Operator');
INSERT INTO metadata_display_label ( key_name, oid, site_master, default_locale) VALUES ('zpefjnlb0wmxg696gyc27r4e9npqe0yoNM200904120000000000000000000030', 'zpefjnlb0wmxg696gyc27r4e9npqe0yoNM200904120000000000000000000030', 'www.runwaysdk.com', 'The operator in the indicator equation');
INSERT INTO md_attribute_enumeration ( default_value, md_enumeration, select_multiple, cache_column_name, oid) VALUES (NULL, 'i1p4wlz5q43qzcm2962gevo9gt62d4nt00000000000000000000000000000196', 0, 'math_operator_c', 'i7e643ypdd5soe6piaot3bpp6i0nt5b500000000000000000000000000000216');
INSERT INTO md_attribute_ref ( oid) VALUES ('i7e643ypdd5soe6piaot3bpp6i0nt5b500000000000000000000000000000216');
INSERT INTO md_attribute_concrete ( defining_md_class, column_name, index_type, index_type_c, attribute_name, getter_visibility, getter_visibility_c, system, index_name, setter_visibility, setter_visibility_c, required, generate_accessor, display_label, immutable, oid) VALUES ('ijx2qpvkmeubmt67o8t8ac0a5nd4x8pc00000000000000000000000000000001', 'math_operator', '03zmyyalanw6o2e9pgtvuigwk3ckrq82', '0000000000000000000000000000040100000000000000000000000000000403', 'operator', 'sb6j0jfia1ibpmh50r1vzv6z5intwr7a', '20071109NM000000000000000000000520071109NM0000000000000000000001', 0, 'a6tn04koxkskqojy9vrezk02hkoe5a', 'xpdccb9anqyt97fx83nuz9jf3anrt89r', '20071109NM000000000000000000000520071109NM0000000000000000000001', 1, 1, '6o4cvqf7wsvlf7q7f2uj0pxxzmmzp6rdNM200904120000000000000000000030', 0, 'i7e643ypdd5soe6piaot3bpp6i0nt5b500000000000000000000000000000216');
INSERT INTO md_attribute ( oid) VALUES ('i7e643ypdd5soe6piaot3bpp6i0nt5b500000000000000000000000000000216');
INSERT INTO metadata ( create_date, seq, type, created_by, last_update_date, last_updated_by, description, locked_by, remove, owner, entity_domain, oid, key_name, site_master) VALUES ('2017-06-12 23:54:42', 4911, 'com.runwaysdk.system.metadata.MdAttributeEnumeration', '0000000000000000000000000000001000000000000000000000000000000003', '2017-06-12 23:54:42', '0000000000000000000000000000001000000000000000000000000000000003', 'zpefjnlb0wmxg696gyc27r4e9npqe0yoNM200904120000000000000000000030', NULL, 0, '0000000000000000000000000000001000000000000000000000000000000003', NULL, 'i7e643ypdd5soe6piaot3bpp6i0nt5b500000000000000000000000000000216', 'com.runwaysdk.system.metadata.IndicatorComposite.operator', 'www.runwaysdk.com');
ALTER TABLE indicator_composite ADD COLUMN math_operator  char(32);
ALTER TABLE indicator_composite ADD COLUMN math_operator_c  text;
INSERT INTO class_attribute_concrete ( oid, parent_id, child_id) VALUES ('i7e643ypdd5soe6piaot3bpp6i0nt5b500000000000000000000000000000073', 'ijx2qpvkmeubmt67o8t8ac0a5nd4x8pc00000000000000000000000000000001', 'i7e643ypdd5soe6piaot3bpp6i0nt5b500000000000000000000000000000216');
INSERT INTO class_attribute ( oid, parent_id, child_id) VALUES ('i7e643ypdd5soe6piaot3bpp6i0nt5b500000000000000000000000000000073', 'ijx2qpvkmeubmt67o8t8ac0a5nd4x8pc00000000000000000000000000000001', 'i7e643ypdd5soe6piaot3bpp6i0nt5b500000000000000000000000000000216');
INSERT INTO metadata_relationship ( oid, created_by, type, last_update_date, site_master, owner, seq, key_name, entity_domain, locked_by, create_date, last_updated_by, parent_id, child_id) VALUES ('i7e643ypdd5soe6piaot3bpp6i0nt5b500000000000000000000000000000073', '0000000000000000000000000000001000000000000000000000000000000003', 'com.runwaysdk.system.metadata.ClassAttributeConcrete', '2017-06-12 23:54:42', 'www.runwaysdk.com', '0000000000000000000000000000001000000000000000000000000000000003', 4912, 'com.runwaysdk.system.metadata.IndicatorComposite.operator', NULL, NULL, '2017-06-12 23:54:42', '0000000000000000000000000000001000000000000000000000000000000003', 'ijx2qpvkmeubmt67o8t8ac0a5nd4x8pc00000000000000000000000000000001', 'i7e643ypdd5soe6piaot3bpp6i0nt5b500000000000000000000000000000216');
INSERT INTO md_attribute_indicies (set_id, item_id)  VALUES  ('1x1hiudr5ruadz9v58ovnn1ttperi1f8', '0000000000000000000000000000040000000000000000000000000000000403');
INSERT INTO visibilitymodifier (set_id, item_id)  VALUES  ('sgcabj8k0tqacb1svy3om4zwzanirr6a', '20071109NM000000000000000000000520071109NM0000000000000000000001');
INSERT INTO visibilitymodifier (set_id, item_id)  VALUES  ('zflhcphfusbn77k256c7wpxr6bra3ybx', '20071109NM000000000000000000000520071109NM0000000000000000000001');
INSERT INTO metadata_display_label ( key_name, oid, site_master, default_locale) VALUES ('6x3vq4r959ux5iof7teyqehqokh0lausNM200904120000000000000000000030', '6x3vq4r959ux5iof7teyqehqokh0lausNM200904120000000000000000000030', 'www.runwaysdk.com', 'Right Operand');
INSERT INTO metadata_display_label ( key_name, oid, site_master, default_locale) VALUES ('73uzyilixi32w05py65tqu2bi99huc89NM200904120000000000000000000030', '73uzyilixi32w05py65tqu2bi99huc89NM200904120000000000000000000030', 'www.runwaysdk.com', 'The right operand in the indicator equation');
INSERT INTO md_attribute_reference ( default_value, md_business, oid) VALUES (NULL, 'in5q49sp4ysp566txfog13xfvpjpjrnb00000000000000000000000000000001', 'i934moglfjm39ohidv1hovu1xpq68a1f00000000000000000000000000000186');
INSERT INTO md_attribute_ref ( oid) VALUES ('i934moglfjm39ohidv1hovu1xpq68a1f00000000000000000000000000000186');
INSERT INTO md_attribute_concrete ( defining_md_class, column_name, index_type, index_type_c, attribute_name, getter_visibility, getter_visibility_c, system, index_name, setter_visibility, setter_visibility_c, required, generate_accessor, display_label, immutable, oid) VALUES ('ijx2qpvkmeubmt67o8t8ac0a5nd4x8pc00000000000000000000000000000001', 'right_operand', '1x1hiudr5ruadz9v58ovnn1ttperi1f8', '0000000000000000000000000000040000000000000000000000000000000403', 'rightOperand', 'sgcabj8k0tqacb1svy3om4zwzanirr6a', '20071109NM000000000000000000000520071109NM0000000000000000000001', 0, 'a63bmttk27l184o9bflrj5r6gr99s7', 'zflhcphfusbn77k256c7wpxr6bra3ybx', '20071109NM000000000000000000000520071109NM0000000000000000000001', 1, 1, '6x3vq4r959ux5iof7teyqehqokh0lausNM200904120000000000000000000030', 0, 'i934moglfjm39ohidv1hovu1xpq68a1f00000000000000000000000000000186');
INSERT INTO md_attribute ( oid) VALUES ('i934moglfjm39ohidv1hovu1xpq68a1f00000000000000000000000000000186');
INSERT INTO metadata ( create_date, seq, type, created_by, last_update_date, last_updated_by, description, locked_by, remove, owner, entity_domain, oid, key_name, site_master) VALUES ('2017-06-12 23:54:42', 4913, 'com.runwaysdk.system.metadata.MdAttributeReference', '0000000000000000000000000000001000000000000000000000000000000003', '2017-06-12 23:54:42', '0000000000000000000000000000001000000000000000000000000000000003', '73uzyilixi32w05py65tqu2bi99huc89NM200904120000000000000000000030', NULL, 0, '0000000000000000000000000000001000000000000000000000000000000003', NULL, 'i934moglfjm39ohidv1hovu1xpq68a1f00000000000000000000000000000186', 'com.runwaysdk.system.metadata.IndicatorComposite.rightOperand', 'www.runwaysdk.com');
ALTER TABLE indicator_composite ADD COLUMN right_operand  char(64);
INSERT INTO class_attribute_concrete ( oid, parent_id, child_id) VALUES ('i934moglfjm39ohidv1hovu1xpq68a1f00000000000000000000000000000073', 'ijx2qpvkmeubmt67o8t8ac0a5nd4x8pc00000000000000000000000000000001', 'i934moglfjm39ohidv1hovu1xpq68a1f00000000000000000000000000000186');
INSERT INTO class_attribute ( oid, parent_id, child_id) VALUES ('i934moglfjm39ohidv1hovu1xpq68a1f00000000000000000000000000000073', 'ijx2qpvkmeubmt67o8t8ac0a5nd4x8pc00000000000000000000000000000001', 'i934moglfjm39ohidv1hovu1xpq68a1f00000000000000000000000000000186');
INSERT INTO metadata_relationship ( oid, created_by, type, last_update_date, site_master, owner, seq, key_name, entity_domain, locked_by, create_date, last_updated_by, parent_id, child_id) VALUES ('i934moglfjm39ohidv1hovu1xpq68a1f00000000000000000000000000000073', '0000000000000000000000000000001000000000000000000000000000000003', 'com.runwaysdk.system.metadata.ClassAttributeConcrete', '2017-06-12 23:54:42', 'www.runwaysdk.com', '0000000000000000000000000000001000000000000000000000000000000003', 4914, 'com.runwaysdk.system.metadata.IndicatorComposite.rightOperand', NULL, NULL, '2017-06-12 23:54:42', '0000000000000000000000000000001000000000000000000000000000000003', 'ijx2qpvkmeubmt67o8t8ac0a5nd4x8pc00000000000000000000000000000001', 'i934moglfjm39ohidv1hovu1xpq68a1f00000000000000000000000000000186');
CREATE INDEX a63bmttk27l184o9bflrj5r6gr99s7 ON indicator_composite (right_operand);
INSERT INTO class_cache (set_id, item_id)  VALUES  ('z0kfv7t3uf71dwujgkpcsvhjo71st1i8', '0000000000000000000000000000023100000000000000000000000000000222');
INSERT INTO metadata_display_label ( key_name, oid, site_master, default_locale) VALUES ('0ff6hrwdnblbnaknt0460bkuqm430678NM200904120000000000000000000030', '0ff6hrwdnblbnaknt0460bkuqm430678NM200904120000000000000000000030', 'www.runwaysdk.com', 'MdAttributeIndicator');
INSERT INTO metadata_display_label ( key_name, oid, site_master, default_locale) VALUES ('xnmjb8t32jpjva6v5guuefvmw37fv26dNM200904120000000000000000000030', 'xnmjb8t32jpjva6v5guuefvmw37fv26dNM200904120000000000000000000030', 'www.runwaysdk.com', 'Indicator attribute metadata');
INSERT INTO md_business ( super_md_business, cache_algorithm, cache_algorithm_c, oid) VALUES ('0000000000000000000000000000000200000000000000000000000000000001', 'z0kfv7t3uf71dwujgkpcsvhjo71st1i8', '0000000000000000000000000000023100000000000000000000000000000222', 'i1d478ac3n9ibhoahdzxqugpmqj8nwb500000000000000000000000000000001');
INSERT INTO md_element ( is_abstract, extendable, oid) VALUES (0, 1, 'i1d478ac3n9ibhoahdzxqugpmqj8nwb500000000000000000000000000000001');
INSERT INTO md_entity ( cache_size, query_dto_source, has_deterministic_ids, enforce_site_master, query_source, table_name, oid) VALUES (0, NULL, 1, 1, NULL, 'md_attribute_indicator', 'i1d478ac3n9ibhoahdzxqugpmqj8nwb500000000000000000000000000000001');
INSERT INTO md_class ( stub_source, publish, stub_dto_source, oid) VALUES (NULL, 1, NULL, 'i1d478ac3n9ibhoahdzxqugpmqj8nwb500000000000000000000000000000001');
INSERT INTO md_type ( type_name, js_stub, display_label, exported, generate_source, js_base, base_source, package_name, root_id, dto_source, oid) VALUES ('MdAttributeIndicator', NULL, '0ff6hrwdnblbnaknt0460bkuqm430678NM200904120000000000000000000030', 1, 1, NULL, NULL, 'com.runwaysdk.system.metadata', 'i1d478ac3n9ibhoahdzxqugpmqj8nwb5', NULL, 'i1d478ac3n9ibhoahdzxqugpmqj8nwb500000000000000000000000000000001');
INSERT INTO metadata ( create_date, seq, type, created_by, last_update_date, last_updated_by, description, locked_by, remove, owner, entity_domain, oid, key_name, site_master) VALUES ('2017-06-12 23:54:42', 4915, 'com.runwaysdk.system.metadata.MdBusiness', '0000000000000000000000000000001000000000000000000000000000000003', '2017-06-12 23:54:42', '0000000000000000000000000000001000000000000000000000000000000003', 'xnmjb8t32jpjva6v5guuefvmw37fv26dNM200904120000000000000000000030', NULL, 0, '0000000000000000000000000000001000000000000000000000000000000003', NULL, 'i1d478ac3n9ibhoahdzxqugpmqj8nwb500000000000000000000000000000001', 'com.runwaysdk.system.metadata.MdAttributeIndicator', 'www.runwaysdk.com');
CREATE TABLE md_attribute_indicator ( oid CHAR(64) NOT NULL PRIMARY KEY );
INSERT INTO business_inheritance ( oid, parent_id, child_id) VALUES ('i1d478ac3n9ibhoahdzxqugpmqj8nwb520070926NM0000000000000000000004', '0000000000000000000000000000000200000000000000000000000000000001', 'i1d478ac3n9ibhoahdzxqugpmqj8nwb500000000000000000000000000000001');
INSERT INTO class_inheritance ( oid, parent_id, child_id) VALUES ('i1d478ac3n9ibhoahdzxqugpmqj8nwb520070926NM0000000000000000000004', '0000000000000000000000000000000200000000000000000000000000000001', 'i1d478ac3n9ibhoahdzxqugpmqj8nwb500000000000000000000000000000001');
INSERT INTO metadata_relationship ( oid, created_by, type, last_update_date, site_master, owner, seq, key_name, entity_domain, locked_by, create_date, last_updated_by, parent_id, child_id) VALUES ('i1d478ac3n9ibhoahdzxqugpmqj8nwb520070926NM0000000000000000000004', '0000000000000000000000000000001000000000000000000000000000000003', 'com.runwaysdk.system.metadata.BusinessInheritance', '2017-06-12 23:54:42', 'www.runwaysdk.com', '0000000000000000000000000000001000000000000000000000000000000003', 4916, 'com.runwaysdk.system.metadata.MdAttributeIndicator', NULL, NULL, '2017-06-12 23:54:42', '0000000000000000000000000000001000000000000000000000000000000003', '0000000000000000000000000000000200000000000000000000000000000001', 'i1d478ac3n9ibhoahdzxqugpmqj8nwb500000000000000000000000000000001');


INSERT INTO md_attribute_indicies (set_id, item_id)  VALUES  ('0jnxn6eylr5n1vzyusxs0fg2yynxzts3', '0000000000000000000000000000040000000000000000000000000000000403');
INSERT INTO visibilitymodifier (set_id, item_id)  VALUES  ('xoqmucbhm1dxt4cwspa9b3hsduaek2op', '20071109NM000000000000000000000520071109NM0000000000000000000001');
INSERT INTO visibilitymodifier (set_id, item_id)  VALUES  ('z9w9831qgezv0oikauw1tjso2l3r9g9w', '20071109NM000000000000000000000520071109NM0000000000000000000001');
INSERT INTO metadata_display_label ( key_name, oid, site_master, default_locale) VALUES ('xd55zz0on9jqsf6o8bvmbrn254wju53fNM200904120000000000000000000030', 'xd55zz0on9jqsf6o8bvmbrn254wju53fNM200904120000000000000000000030', 'www.runwaysdk.com', 'Indicator');
INSERT INTO metadata_display_label ( key_name, oid, site_master, default_locale) VALUES ('7azxvt1x4qso8iojootj0eeo9sq5rnehNM200904120000000000000000000030', '7azxvt1x4qso8iojootj0eeo9sq5rnehNM200904120000000000000000000030', 'www.runwaysdk.com', 'Reference to a Indicator object');
INSERT INTO md_attribute_reference ( default_value, md_business, oid) VALUES (NULL, 'in5q49sp4ysp566txfog13xfvpjpjrnb00000000000000000000000000000001', 'irmkzjseaor2u8hk8ro3bsorla2mfatd00000000000000000000000000000186');
INSERT INTO md_attribute_ref ( oid) VALUES ('irmkzjseaor2u8hk8ro3bsorla2mfatd00000000000000000000000000000186');
INSERT INTO md_attribute_concrete ( defining_md_class, column_name, index_type, index_type_c, attribute_name, getter_visibility, getter_visibility_c, system, index_name, setter_visibility, setter_visibility_c, required, generate_accessor, display_label, immutable, oid) VALUES ('i1d478ac3n9ibhoahdzxqugpmqj8nwb500000000000000000000000000000001', 'indicator_element', '0jnxn6eylr5n1vzyusxs0fg2yynxzts3', '0000000000000000000000000000040000000000000000000000000000000403', 'indicatorElement', 'xoqmucbhm1dxt4cwspa9b3hsduaek2op', '20071109NM000000000000000000000520071109NM0000000000000000000001', 0, 'afi4muma3249udews681rajxm0dyzu', 'z9w9831qgezv0oikauw1tjso2l3r9g9w', '20071109NM000000000000000000000520071109NM0000000000000000000001', 1, 1, 'xd55zz0on9jqsf6o8bvmbrn254wju53fNM200904120000000000000000000030', 0, 'irmkzjseaor2u8hk8ro3bsorla2mfatd00000000000000000000000000000186');
INSERT INTO md_attribute ( oid) VALUES ('irmkzjseaor2u8hk8ro3bsorla2mfatd00000000000000000000000000000186');
INSERT INTO metadata ( create_date, seq, type, created_by, last_update_date, last_updated_by, description, locked_by, remove, owner, entity_domain, oid, key_name, site_master) VALUES ('2017-06-12 23:54:42', 4917, 'com.runwaysdk.system.metadata.MdAttributeReference', '0000000000000000000000000000001000000000000000000000000000000003', '2017-06-12 23:54:42', '0000000000000000000000000000001000000000000000000000000000000003', '7azxvt1x4qso8iojootj0eeo9sq5rnehNM200904120000000000000000000030', NULL, 0, '0000000000000000000000000000001000000000000000000000000000000003', NULL, 'irmkzjseaor2u8hk8ro3bsorla2mfatd00000000000000000000000000000186', 'com.runwaysdk.system.metadata.MdAttributeIndicator.indicatorElement', 'www.runwaysdk.com');
ALTER TABLE md_attribute_indicator ADD COLUMN indicator_element  char(64);
INSERT INTO class_attribute_concrete ( oid, parent_id, child_id) VALUES ('irmkzjseaor2u8hk8ro3bsorla2mfatd00000000000000000000000000000073', 'i1d478ac3n9ibhoahdzxqugpmqj8nwb500000000000000000000000000000001', 'irmkzjseaor2u8hk8ro3bsorla2mfatd00000000000000000000000000000186');
INSERT INTO class_attribute ( oid, parent_id, child_id) VALUES ('irmkzjseaor2u8hk8ro3bsorla2mfatd00000000000000000000000000000073', 'i1d478ac3n9ibhoahdzxqugpmqj8nwb500000000000000000000000000000001', 'irmkzjseaor2u8hk8ro3bsorla2mfatd00000000000000000000000000000186');
INSERT INTO metadata_relationship ( oid, created_by, type, last_update_date, site_master, owner, seq, key_name, entity_domain, locked_by, create_date, last_updated_by, parent_id, child_id) VALUES ('irmkzjseaor2u8hk8ro3bsorla2mfatd00000000000000000000000000000073', '0000000000000000000000000000001000000000000000000000000000000003', 'com.runwaysdk.system.metadata.ClassAttributeConcrete', '2017-06-12 23:54:42', 'www.runwaysdk.com', '0000000000000000000000000000001000000000000000000000000000000003', 4918, 'com.runwaysdk.system.metadata.MdAttributeIndicator.indicatorElement', NULL, NULL, '2017-06-12 23:54:42', '0000000000000000000000000000001000000000000000000000000000000003', 'i1d478ac3n9ibhoahdzxqugpmqj8nwb500000000000000000000000000000001', 'irmkzjseaor2u8hk8ro3bsorla2mfatd00000000000000000000000000000186');
CREATE INDEX afi4muma3249udews681rajxm0dyzu ON md_attribute_indicator (indicator_element);
INSERT INTO visibilitymodifier (set_id, item_id)  VALUES  ('0qmsmnbmkot8sc6pii5ahl9tow0gpqxz', '20071109NM000000000000000000000520071109NM0000000000000000000001');
INSERT INTO metadata_display_label ( key_name, oid, site_master, default_locale) VALUES ('6vq189ymhfzk5qqax6dc15ikdmcqmra2NM200904120000000000000000000030', '6vq189ymhfzk5qqax6dc15ikdmcqmra2NM200904120000000000000000000030', 'www.runwaysdk.com', 'com.runwaysdk.system.metadata.IndicatorComposite');
INSERT INTO visibilitymodifier (set_id, item_id)  VALUES  ('8je8qldox0emvgw46c89ajsx7mvepomb', '20071109NM000000000000000000000520071109NM0000000000000000000001');
INSERT INTO metadata_display_label ( key_name, oid, site_master, default_locale) VALUES ('xvjcigtppw31esdtnevir2t1yu794puqNM200904120000000000000000000030', 'xvjcigtppw31esdtnevir2t1yu794puqNM200904120000000000000000000030', 'www.runwaysdk.com', 'com.runwaysdk.system.metadata.MdAttributeIndicator');
INSERT INTO relationship_cache (set_id, item_id)  VALUES  ('yw67voear26xmuo8br3semilv9ktdgnc', '0000000000000000000000000000023100000000000000000000000000000222');
INSERT INTO metadata_display_label ( key_name, oid, site_master, default_locale) VALUES ('8gr71268lu0jqor7nvs8oxvafh8h2xa6NM200904120000000000000000000030', '8gr71268lu0jqor7nvs8oxvafh8h2xa6NM200904120000000000000000000030', 'www.runwaysdk.com', 'Attribute Indicator');
INSERT INTO metadata_display_label ( key_name, oid, site_master, default_locale) VALUES ('rdccbomjpy0nd932qsz1ioxkj46w90sfNM200904120000000000000000000030', 'rdccbomjpy0nd932qsz1ioxkj46w90sfNM200904120000000000000000000030', 'www.runwaysdk.com', NULL);
INSERT INTO md_tree ( oid) VALUES ('insw5s11o7uyyxpddw0mmv3v3rct7c1k20060824000000000000000000000011');
INSERT INTO md_graph ( oid) VALUES ('insw5s11o7uyyxpddw0mmv3v3rct7c1k20060824000000000000000000000011');
INSERT INTO md_relationship ( child_cardinality, index2_name, parent_visibility, parent_visibility_c, sort_md_attribute, child_md_business, super_md_relationship, child_display_label, index1_name, parent_cardinality, child_visibility, child_visibility_c, parent_method, parent_display_label, parent_md_business, cache_algorithm, cache_algorithm_c, composition, child_method, oid) VALUES ('1', 'rel_xzmtnzq4a6zunj9yvubab7qk40', '0qmsmnbmkot8sc6pii5ahl9tow0gpqxz', '20071109NM000000000000000000000520071109NM0000000000000000000001', NULL, 'ijx2qpvkmeubmt67o8t8ac0a5nd4x8pc00000000000000000000000000000001', '0000000000000000000000000000056320060824000000000000000000000011', '6vq189ymhfzk5qqax6dc15ikdmcqmra2NM200904120000000000000000000030', 'rel_zgd60movn03fqopp8eteh140et', '1', '8je8qldox0emvgw46c89ajsx7mvepomb', '20071109NM000000000000000000000520071109NM0000000000000000000001', 'getMdAttributeIndicator', 'xvjcigtppw31esdtnevir2t1yu794puqNM200904120000000000000000000030', 'i1d478ac3n9ibhoahdzxqugpmqj8nwb500000000000000000000000000000001', 'yw67voear26xmuo8br3semilv9ktdgnc', '0000000000000000000000000000023100000000000000000000000000000222', 1, 'getReferencedIndicator', 'insw5s11o7uyyxpddw0mmv3v3rct7c1k20060824000000000000000000000011');
INSERT INTO md_element ( is_abstract, extendable, oid) VALUES (0, 0, 'insw5s11o7uyyxpddw0mmv3v3rct7c1k20060824000000000000000000000011');
INSERT INTO md_entity ( cache_size, query_dto_source, has_deterministic_ids, enforce_site_master, query_source, table_name, oid) VALUES (0, NULL, 0, 1, NULL, 'attribute_indicator', 'insw5s11o7uyyxpddw0mmv3v3rct7c1k20060824000000000000000000000011');
INSERT INTO md_class ( stub_source, publish, stub_dto_source, oid) VALUES (NULL, 1, NULL, 'insw5s11o7uyyxpddw0mmv3v3rct7c1k20060824000000000000000000000011');
INSERT INTO md_type ( type_name, js_stub, display_label, exported, generate_source, js_base, base_source, package_name, root_id, dto_source, oid) VALUES ('AttributeIndicator', NULL, '8gr71268lu0jqor7nvs8oxvafh8h2xa6NM200904120000000000000000000030', 1, 1, NULL, NULL, 'com.runwaysdk.system.metadata', 'insw5s11o7uyyxpddw0mmv3v3rct7c1k', NULL, 'insw5s11o7uyyxpddw0mmv3v3rct7c1k20060824000000000000000000000011');
INSERT INTO metadata ( create_date, seq, type, created_by, last_update_date, last_updated_by, description, locked_by, remove, owner, entity_domain, oid, key_name, site_master) VALUES ('2017-06-12 23:54:42', 4919, 'com.runwaysdk.system.metadata.MdTree', '0000000000000000000000000000001000000000000000000000000000000003', '2017-06-12 23:54:42', '0000000000000000000000000000001000000000000000000000000000000003', 'rdccbomjpy0nd932qsz1ioxkj46w90sfNM200904120000000000000000000030', NULL, 0, '0000000000000000000000000000001000000000000000000000000000000003', NULL, 'insw5s11o7uyyxpddw0mmv3v3rct7c1k20060824000000000000000000000011', 'com.runwaysdk.system.metadata.AttributeIndicator', 'www.runwaysdk.com');
CREATE TABLE attribute_indicator ( oid CHAR(64) NOT NULL PRIMARY KEY, 
parent_id CHAR(64) NOT NULL, 
child_id CHAR(64) NOT NULL );
CREATE  UNIQUE  INDEX rel_zgd60movn03fqopp8eteh140et ON attribute_indicator (parent_id, child_id);
CREATE INDEX rel_xzmtnzq4a6zunj9yvubab7qk40 ON attribute_indicator (child_id);
INSERT INTO relationship_inheritance ( oid, parent_id, child_id) VALUES ('insw5s11o7uyyxpddw0mmv3v3rct7c1k20070926NM0000000000000000000010', '0000000000000000000000000000056320060824000000000000000000000011', 'insw5s11o7uyyxpddw0mmv3v3rct7c1k20060824000000000000000000000011');
INSERT INTO class_inheritance ( oid, parent_id, child_id) VALUES ('insw5s11o7uyyxpddw0mmv3v3rct7c1k20070926NM0000000000000000000010', '0000000000000000000000000000056320060824000000000000000000000011', 'insw5s11o7uyyxpddw0mmv3v3rct7c1k20060824000000000000000000000011');
INSERT INTO metadata_relationship ( oid, created_by, type, last_update_date, site_master, owner, seq, key_name, entity_domain, locked_by, create_date, last_updated_by, parent_id, child_id) VALUES ('insw5s11o7uyyxpddw0mmv3v3rct7c1k20070926NM0000000000000000000010', '0000000000000000000000000000001000000000000000000000000000000003', 'com.runwaysdk.system.metadata.RelationshipInheritance', '2017-06-12 23:54:42', 'www.runwaysdk.com', '0000000000000000000000000000001000000000000000000000000000000003', 4920, 'com.runwaysdk.system.metadata.AttributeIndicator', NULL, NULL, '2017-06-12 23:54:42', '0000000000000000000000000000001000000000000000000000000000000003', '0000000000000000000000000000056320060824000000000000000000000011', 'insw5s11o7uyyxpddw0mmv3v3rct7c1k20060824000000000000000000000011');


UPDATE md_business SET super_md_business= 'in5q49sp4ysp566txfog13xfvpjpjrnb00000000000000000000000000000001' , cache_algorithm= '28zsigp2j2u0j28e8vo4ifrkz7res5z7' , cache_algorithm_c= '0000000000000000000000000000023100000000000000000000000000000222' , oid= 'ijx2qpvkmeubmt67o8t8ac0a5nd4x8pc00000000000000000000000000000001'  WHERE oid='ijx2qpvkmeubmt67o8t8ac0a5nd4x8pc00000000000000000000000000000001';
UPDATE md_element SET extendable= 0 , oid= 'ijx2qpvkmeubmt67o8t8ac0a5nd4x8pc00000000000000000000000000000001'  WHERE oid='ijx2qpvkmeubmt67o8t8ac0a5nd4x8pc00000000000000000000000000000001';
UPDATE md_entity SET table_name= 'indicator_composite' , oid= 'ijx2qpvkmeubmt67o8t8ac0a5nd4x8pc00000000000000000000000000000001'  WHERE oid='ijx2qpvkmeubmt67o8t8ac0a5nd4x8pc00000000000000000000000000000001';
UPDATE md_type SET type_name= 'IndicatorComposite' , display_label= '76b80t2k38zpiz0l24tu8vzdj2z9ufg7NM200904120000000000000000000030' , package_name= 'com.runwaysdk.system.metadata' , root_id= 'ijx2qpvkmeubmt67o8t8ac0a5nd4x8pc' , oid= 'ijx2qpvkmeubmt67o8t8ac0a5nd4x8pc00000000000000000000000000000001'  WHERE oid='ijx2qpvkmeubmt67o8t8ac0a5nd4x8pc00000000000000000000000000000001';
UPDATE metadata SET create_date= '2017-06-12 23:54:42' , seq= 4921 , type= 'com.runwaysdk.system.metadata.MdBusiness' , created_by= '0000000000000000000000000000001000000000000000000000000000000003' , last_update_date= '2017-06-12 23:54:42' , last_updated_by= '0000000000000000000000000000001000000000000000000000000000000003' , description= '936xkhghpk4o1y91tywd6k9rtwj99igaNM200904120000000000000000000030' , remove= 0 , owner= '0000000000000000000000000000001000000000000000000000000000000003' , oid= 'ijx2qpvkmeubmt67o8t8ac0a5nd4x8pc00000000000000000000000000000001' , key_name= 'com.runwaysdk.system.metadata.IndicatorComposite' , site_master= 'www.runwaysdk.com'  WHERE oid='ijx2qpvkmeubmt67o8t8ac0a5nd4x8pc00000000000000000000000000000001';
UPDATE md_enumeration SET master_md_business= 'iqumzzbqjmhyxor5e94ff0tpvop4msec00000000000000000000000000000001' , table_name= 'indicator_operator' , include_all= 1 , oid= 'i1p4wlz5q43qzcm2962gevo9gt62d4nt00000000000000000000000000000196'  WHERE oid='i1p4wlz5q43qzcm2962gevo9gt62d4nt00000000000000000000000000000196';
UPDATE md_type SET type_name= 'IndicatorOperator' , display_label= 'qtcd1gu779vto4b3wk3x9btmoe0z8aemNM200904120000000000000000000030' , package_name= 'com.runwaysdk.system.metadata' , root_id= 'i1p4wlz5q43qzcm2962gevo9gt62d4nt' , oid= 'i1p4wlz5q43qzcm2962gevo9gt62d4nt00000000000000000000000000000196'  WHERE oid='i1p4wlz5q43qzcm2962gevo9gt62d4nt00000000000000000000000000000196';
UPDATE metadata SET create_date= '2017-06-12 23:54:42' , seq= 4922 , type= 'com.runwaysdk.system.metadata.MdEnumeration' , created_by= '0000000000000000000000000000001000000000000000000000000000000003' , last_update_date= '2017-06-12 23:54:42' , last_updated_by= '0000000000000000000000000000001000000000000000000000000000000003' , description= '0fm1xl4wlmixhak4ozbahpjw12tkypqdNM200904120000000000000000000030' , remove= 0 , owner= '0000000000000000000000000000001000000000000000000000000000000003' , oid= 'i1p4wlz5q43qzcm2962gevo9gt62d4nt00000000000000000000000000000196' , key_name= 'com.runwaysdk.system.metadata.IndicatorOperator' , site_master= 'www.runwaysdk.com'  WHERE oid='i1p4wlz5q43qzcm2962gevo9gt62d4nt00000000000000000000000000000196';
UPDATE md_business SET super_md_business= '0000000000000000000000000000020600000000000000000000000000000001' , cache_algorithm= 'zladoytsrtrnka3sjbypn7ixupysbcix' , cache_algorithm_c= '0000000000000000000000000000023100000000000000000000000000000222' , oid= 'iqumzzbqjmhyxor5e94ff0tpvop4msec00000000000000000000000000000001'  WHERE oid='iqumzzbqjmhyxor5e94ff0tpvop4msec00000000000000000000000000000001';
UPDATE md_element SET extendable= 0 , oid= 'iqumzzbqjmhyxor5e94ff0tpvop4msec00000000000000000000000000000001'  WHERE oid='iqumzzbqjmhyxor5e94ff0tpvop4msec00000000000000000000000000000001';
UPDATE md_entity SET has_deterministic_ids= 1 , table_name= 'math_operator' , oid= 'iqumzzbqjmhyxor5e94ff0tpvop4msec00000000000000000000000000000001'  WHERE oid='iqumzzbqjmhyxor5e94ff0tpvop4msec00000000000000000000000000000001';
UPDATE md_type SET type_name= 'MathOperator' , display_label= 'quo85nipz79aucf9ahn2p7f4f75omvc2NM200904120000000000000000000030' , package_name= 'com.runwaysdk.system.metadata' , root_id= 'iqumzzbqjmhyxor5e94ff0tpvop4msec' , oid= 'iqumzzbqjmhyxor5e94ff0tpvop4msec00000000000000000000000000000001'  WHERE oid='iqumzzbqjmhyxor5e94ff0tpvop4msec00000000000000000000000000000001';
UPDATE metadata SET create_date= '2017-06-12 23:54:42' , seq= 4923 , type= 'com.runwaysdk.system.metadata.MdBusiness' , created_by= '0000000000000000000000000000001000000000000000000000000000000003' , last_update_date= '2017-06-12 23:54:42' , last_updated_by= '0000000000000000000000000000001000000000000000000000000000000003' , description= '73izzv1v8391p0rfxdapq5fte7q32u7oNM200904120000000000000000000030' , remove= 0 , owner= '0000000000000000000000000000001000000000000000000000000000000003' , oid= 'iqumzzbqjmhyxor5e94ff0tpvop4msec00000000000000000000000000000001' , key_name= 'com.runwaysdk.system.metadata.MathOperator' , site_master= 'www.runwaysdk.com'  WHERE oid='iqumzzbqjmhyxor5e94ff0tpvop4msec00000000000000000000000000000001';
UPDATE md_enumeration SET master_md_business= 'ii7sig2clgy9z81k9zxs901sout0qs8q00000000000000000000000000000001' , table_name= 'indicator_aggregate_function' , include_all= 1 , oid= 'i0mpeef4ubwk29ntr0po98lywhtzoi4m00000000000000000000000000000196'  WHERE oid='i0mpeef4ubwk29ntr0po98lywhtzoi4m00000000000000000000000000000196';
UPDATE md_type SET type_name= 'IndicatorAggregateFunction' , display_label= 'qy1hziyw6kh3gzp6bhchstq59jymczwlNM200904120000000000000000000030' , package_name= 'com.runwaysdk.system.metadata' , root_id= 'i0mpeef4ubwk29ntr0po98lywhtzoi4m' , oid= 'i0mpeef4ubwk29ntr0po98lywhtzoi4m00000000000000000000000000000196'  WHERE oid='i0mpeef4ubwk29ntr0po98lywhtzoi4m00000000000000000000000000000196';
UPDATE metadata SET create_date= '2017-06-12 23:54:42' , seq= 4924 , type= 'com.runwaysdk.system.metadata.MdEnumeration' , created_by= '0000000000000000000000000000001000000000000000000000000000000003' , last_update_date= '2017-06-12 23:54:42' , last_updated_by= '0000000000000000000000000000001000000000000000000000000000000003' , description= '6or5ndhqmnebmeryre6hdnhpne9e978cNM200904120000000000000000000030' , remove= 0 , owner= '0000000000000000000000000000001000000000000000000000000000000003' , oid= 'i0mpeef4ubwk29ntr0po98lywhtzoi4m00000000000000000000000000000196' , key_name= 'com.runwaysdk.system.metadata.IndicatorAggregateFunction' , site_master= 'www.runwaysdk.com'  WHERE oid='i0mpeef4ubwk29ntr0po98lywhtzoi4m00000000000000000000000000000196';
UPDATE md_business SET super_md_business= 'in5q49sp4ysp566txfog13xfvpjpjrnb00000000000000000000000000000001' , cache_algorithm= '6s5w9fgqgzfuotumf622hgk9aoiluz2b' , cache_algorithm_c= '0000000000000000000000000000023100000000000000000000000000000222' , oid= 'i9y6m5oxeb0pf2gafpy8u6nl8xo8sut500000000000000000000000000000001'  WHERE oid='i9y6m5oxeb0pf2gafpy8u6nl8xo8sut500000000000000000000000000000001';
UPDATE md_element SET extendable= 0 , oid= 'i9y6m5oxeb0pf2gafpy8u6nl8xo8sut500000000000000000000000000000001'  WHERE oid='i9y6m5oxeb0pf2gafpy8u6nl8xo8sut500000000000000000000000000000001';
UPDATE md_entity SET table_name= 'indicator_primitive' , oid= 'i9y6m5oxeb0pf2gafpy8u6nl8xo8sut500000000000000000000000000000001'  WHERE oid='i9y6m5oxeb0pf2gafpy8u6nl8xo8sut500000000000000000000000000000001';
UPDATE md_type SET type_name= 'IndicatorPrimitive' , display_label= 'zdl2392ypy9lg2i02v5v15by1boi7f0nNM200904120000000000000000000030' , package_name= 'com.runwaysdk.system.metadata' , root_id= 'i9y6m5oxeb0pf2gafpy8u6nl8xo8sut5' , oid= 'i9y6m5oxeb0pf2gafpy8u6nl8xo8sut500000000000000000000000000000001'  WHERE oid='i9y6m5oxeb0pf2gafpy8u6nl8xo8sut500000000000000000000000000000001';
UPDATE metadata SET create_date= '2017-06-12 23:54:42' , seq= 4925 , type= 'com.runwaysdk.system.metadata.MdBusiness' , created_by= '0000000000000000000000000000001000000000000000000000000000000003' , last_update_date= '2017-06-12 23:54:42' , last_updated_by= '0000000000000000000000000000001000000000000000000000000000000003' , description= '0a2e31ctju4f25r4l6gvyymn7116z0cfNM200904120000000000000000000030' , remove= 0 , owner= '0000000000000000000000000000001000000000000000000000000000000003' , oid= 'i9y6m5oxeb0pf2gafpy8u6nl8xo8sut500000000000000000000000000000001' , key_name= 'com.runwaysdk.system.metadata.IndicatorPrimitive' , site_master= 'www.runwaysdk.com'  WHERE oid='i9y6m5oxeb0pf2gafpy8u6nl8xo8sut500000000000000000000000000000001';
UPDATE md_business SET cache_algorithm= 'snte1b7tt4h47d5ytz5l44tsb9jhv910' , cache_algorithm_c= '0000000000000000000000000000023000000000000000000000000000000222' , oid= 'in5q49sp4ysp566txfog13xfvpjpjrnb00000000000000000000000000000001'  WHERE oid='in5q49sp4ysp566txfog13xfvpjpjrnb00000000000000000000000000000001';
UPDATE md_element SET is_abstract= 1 , oid= 'in5q49sp4ysp566txfog13xfvpjpjrnb00000000000000000000000000000001'  WHERE oid='in5q49sp4ysp566txfog13xfvpjpjrnb00000000000000000000000000000001';
UPDATE md_entity SET has_deterministic_ids= 1 , table_name= 'indicator_element' , oid= 'in5q49sp4ysp566txfog13xfvpjpjrnb00000000000000000000000000000001'  WHERE oid='in5q49sp4ysp566txfog13xfvpjpjrnb00000000000000000000000000000001';
UPDATE md_type SET type_name= 'IndicatorElement' , display_label= '0s4qzzki2ii4kt8jtcqwbx4z8ptjkdavNM200904120000000000000000000030' , package_name= 'com.runwaysdk.system.metadata' , root_id= 'in5q49sp4ysp566txfog13xfvpjpjrnb' , oid= 'in5q49sp4ysp566txfog13xfvpjpjrnb00000000000000000000000000000001'  WHERE oid='in5q49sp4ysp566txfog13xfvpjpjrnb00000000000000000000000000000001';
UPDATE metadata SET create_date= '2017-06-12 23:54:42' , seq= 4926 , type= 'com.runwaysdk.system.metadata.MdBusiness' , created_by= '0000000000000000000000000000001000000000000000000000000000000003' , last_update_date= '2017-06-12 23:54:42' , last_updated_by= '0000000000000000000000000000001000000000000000000000000000000003' , description= '8kqfa1ztedhazxpz1fi1pcmm23xrkikcNM200904120000000000000000000030' , remove= 0 , owner= '0000000000000000000000000000001000000000000000000000000000000003' , oid= 'in5q49sp4ysp566txfog13xfvpjpjrnb00000000000000000000000000000001' , key_name= 'com.runwaysdk.system.metadata.IndicatorElement' , site_master= 'www.runwaysdk.com'  WHERE oid='in5q49sp4ysp566txfog13xfvpjpjrnb00000000000000000000000000000001';
UPDATE md_relationship SET child_cardinality= '1' , index2_name= 'rel_xzmtnzq4a6zunj9yvubab7qk40' , parent_visibility= '0qmsmnbmkot8sc6pii5ahl9tow0gpqxz' , parent_visibility_c= '20071109NM000000000000000000000520071109NM0000000000000000000001' , child_md_business= 'ijx2qpvkmeubmt67o8t8ac0a5nd4x8pc00000000000000000000000000000001' , super_md_relationship= '0000000000000000000000000000056320060824000000000000000000000011' , child_display_label= '6vq189ymhfzk5qqax6dc15ikdmcqmra2NM200904120000000000000000000030' , index1_name= 'rel_zgd60movn03fqopp8eteh140et' , parent_cardinality= '1' , child_visibility= '8je8qldox0emvgw46c89ajsx7mvepomb' , child_visibility_c= '20071109NM000000000000000000000520071109NM0000000000000000000001' , parent_method= 'getMdAttributeIndicator' , parent_display_label= 'xvjcigtppw31esdtnevir2t1yu794puqNM200904120000000000000000000030' , parent_md_business= 'i1d478ac3n9ibhoahdzxqugpmqj8nwb500000000000000000000000000000001' , cache_algorithm= 'yw67voear26xmuo8br3semilv9ktdgnc' , cache_algorithm_c= '0000000000000000000000000000023100000000000000000000000000000222' , composition= 1 , child_method= 'getReferencedIndicator' , oid= 'insw5s11o7uyyxpddw0mmv3v3rct7c1k20060824000000000000000000000011'  WHERE oid='insw5s11o7uyyxpddw0mmv3v3rct7c1k20060824000000000000000000000011';
UPDATE md_element SET extendable= 0 , oid= 'insw5s11o7uyyxpddw0mmv3v3rct7c1k20060824000000000000000000000011'  WHERE oid='insw5s11o7uyyxpddw0mmv3v3rct7c1k20060824000000000000000000000011';
UPDATE md_entity SET table_name= 'attribute_indicator' , oid= 'insw5s11o7uyyxpddw0mmv3v3rct7c1k20060824000000000000000000000011'  WHERE oid='insw5s11o7uyyxpddw0mmv3v3rct7c1k20060824000000000000000000000011';
UPDATE md_type SET type_name= 'AttributeIndicator' , display_label= '8gr71268lu0jqor7nvs8oxvafh8h2xa6NM200904120000000000000000000030' , package_name= 'com.runwaysdk.system.metadata' , root_id= 'insw5s11o7uyyxpddw0mmv3v3rct7c1k' , oid= 'insw5s11o7uyyxpddw0mmv3v3rct7c1k20060824000000000000000000000011'  WHERE oid='insw5s11o7uyyxpddw0mmv3v3rct7c1k20060824000000000000000000000011';
UPDATE metadata SET create_date= '2017-06-12 23:54:42' , seq= 4927 , type= 'com.runwaysdk.system.metadata.MdTree' , created_by= '0000000000000000000000000000001000000000000000000000000000000003' , last_update_date= '2017-06-12 23:54:42' , last_updated_by= '0000000000000000000000000000001000000000000000000000000000000003' , description= 'rdccbomjpy0nd932qsz1ioxkj46w90sfNM200904120000000000000000000030' , remove= 0 , owner= '0000000000000000000000000000001000000000000000000000000000000003' , oid= 'insw5s11o7uyyxpddw0mmv3v3rct7c1k20060824000000000000000000000011' , key_name= 'com.runwaysdk.system.metadata.AttributeIndicator' , site_master= 'www.runwaysdk.com'  WHERE oid='insw5s11o7uyyxpddw0mmv3v3rct7c1k20060824000000000000000000000011';
UPDATE md_business SET super_md_business= '0000000000000000000000000000020600000000000000000000000000000001' , cache_algorithm= 'xsqnptbxmoci7iuhlceqbowg7t2n2ow6' , cache_algorithm_c= '0000000000000000000000000000023100000000000000000000000000000222' , oid= 'ii7sig2clgy9z81k9zxs901sout0qs8q00000000000000000000000000000001'  WHERE oid='ii7sig2clgy9z81k9zxs901sout0qs8q00000000000000000000000000000001';
UPDATE md_element SET extendable= 0 , oid= 'ii7sig2clgy9z81k9zxs901sout0qs8q00000000000000000000000000000001'  WHERE oid='ii7sig2clgy9z81k9zxs901sout0qs8q00000000000000000000000000000001';
UPDATE md_entity SET has_deterministic_ids= 1 , table_name= 'aggregation_function' , oid= 'ii7sig2clgy9z81k9zxs901sout0qs8q00000000000000000000000000000001'  WHERE oid='ii7sig2clgy9z81k9zxs901sout0qs8q00000000000000000000000000000001';
UPDATE md_type SET type_name= 'AggregationFunction' , display_label= 'y1p2txb94sumjupq78wiqt69y98oduzsNM200904120000000000000000000030' , package_name= 'com.runwaysdk.system.metadata' , root_id= 'ii7sig2clgy9z81k9zxs901sout0qs8q' , oid= 'ii7sig2clgy9z81k9zxs901sout0qs8q00000000000000000000000000000001'  WHERE oid='ii7sig2clgy9z81k9zxs901sout0qs8q00000000000000000000000000000001';
UPDATE metadata SET create_date= '2017-06-12 23:54:42' , seq= 4928 , type= 'com.runwaysdk.system.metadata.MdBusiness' , created_by= '0000000000000000000000000000001000000000000000000000000000000003' , last_update_date= '2017-06-12 23:54:42' , last_updated_by= '0000000000000000000000000000001000000000000000000000000000000003' , description= '1rgs3ixrnz0aup0g2u1pa8f0uel97tfbNM200904120000000000000000000030' , remove= 0 , owner= '0000000000000000000000000000001000000000000000000000000000000003' , oid= 'ii7sig2clgy9z81k9zxs901sout0qs8q00000000000000000000000000000001' , key_name= 'com.runwaysdk.system.metadata.AggregationFunction' , site_master= 'www.runwaysdk.com'  WHERE oid='ii7sig2clgy9z81k9zxs901sout0qs8q00000000000000000000000000000001';
UPDATE md_business SET super_md_business= '0000000000000000000000000000000200000000000000000000000000000001' , cache_algorithm= 'z0kfv7t3uf71dwujgkpcsvhjo71st1i8' , cache_algorithm_c= '0000000000000000000000000000023100000000000000000000000000000222' , oid= 'i1d478ac3n9ibhoahdzxqugpmqj8nwb500000000000000000000000000000001'  WHERE oid='i1d478ac3n9ibhoahdzxqugpmqj8nwb500000000000000000000000000000001';
UPDATE md_entity SET has_deterministic_ids= 1 , table_name= 'md_attribute_indicator' , oid= 'i1d478ac3n9ibhoahdzxqugpmqj8nwb500000000000000000000000000000001'  WHERE oid='i1d478ac3n9ibhoahdzxqugpmqj8nwb500000000000000000000000000000001';
UPDATE md_type SET type_name= 'MdAttributeIndicator' , display_label= '0ff6hrwdnblbnaknt0460bkuqm430678NM200904120000000000000000000030' , package_name= 'com.runwaysdk.system.metadata' , root_id= 'i1d478ac3n9ibhoahdzxqugpmqj8nwb5' , oid= 'i1d478ac3n9ibhoahdzxqugpmqj8nwb500000000000000000000000000000001'  WHERE oid='i1d478ac3n9ibhoahdzxqugpmqj8nwb500000000000000000000000000000001';
UPDATE metadata SET create_date= '2017-06-12 23:54:42' , seq= 4929 , type= 'com.runwaysdk.system.metadata.MdBusiness' , created_by= '0000000000000000000000000000001000000000000000000000000000000003' , last_update_date= '2017-06-12 23:54:42' , last_updated_by= '0000000000000000000000000000001000000000000000000000000000000003' , description= 'xnmjb8t32jpjva6v5guuefvmw37fv26dNM200904120000000000000000000030' , remove= 0 , owner= '0000000000000000000000000000001000000000000000000000000000000003' , oid= 'i1d478ac3n9ibhoahdzxqugpmqj8nwb500000000000000000000000000000001' , key_name= 'com.runwaysdk.system.metadata.MdAttributeIndicator' , site_master= 'www.runwaysdk.com'  WHERE oid='i1d478ac3n9ibhoahdzxqugpmqj8nwb500000000000000000000000000000001';
