--
-- Copyright (c) 2015 TerraFrame, Inc. All rights reserved.
--
-- This file is part of Runway SDK(tm).
--
-- Runway SDK(tm) is free software: you can redistribute it and/or modify
-- it under the terms of the GNU Lesser General Public License as
-- published by the Free Software Foundation, either version 3 of the
-- License, or (at your option) any later version.
--
-- Runway SDK(tm) is distributed in the hope that it will be useful, but
-- WITHOUT ANY WARRANTY; without even the implied warranty of
-- MERCHANTABILITY or FITNESS FOR A PARTICULAR PURPOSE.  See the
-- GNU Lesser General Public License for more details.
--
-- You should have received a copy of the GNU Lesser General Public
-- License along with Runway SDK(tm).  If not, see <http://www.gnu.org/licenses/>.
--

INSERT INTO md_localizable_message ( default_locale, oid, key_name, site_master) VALUES ('There was a problem reading/writing [{location}], your backup has failed. Check that the system has permissions to write to the requested location and that your hard disk has enough space.', 'sk70zrj42i482o0m1zby3p030uklmoirxox4feeesezr4kr18adyz3v3h2ntja5s', 'sk70zrj42i482o0m1zby3p030uklmoirxox4feeesezr4kr18adyz3v3h2ntja5s', 'www.runwaysdk.com');
INSERT INTO metadata_display_label ( default_locale, oid, site_master, key_name) VALUES ('Create Backup Exception', 'sbh6t2dkidhfylebirklo9til338fnq4NM200904120000000000000000000030', 'www.runwaysdk.com', 'sbh6t2dkidhfylebirklo9til338fnq4NM200904120000000000000000000030');
INSERT INTO metadata_display_label ( default_locale, oid, site_master, key_name) VALUES ('Generic wrapper for IOExceptions when creating a backup file.', '25c4ecsojyuv6j5n7e8lof8478ri2dukNM200904120000000000000000000030', 'www.runwaysdk.com', '25c4ecsojyuv6j5n7e8lof8478ri2dukNM200904120000000000000000000030');
INSERT INTO md_exception ( super_md_exception, oid) VALUES (NULL, 'itcgr9ao0vxjjcyi7uxdfvsekivukw9w20071129NM0000000000000000000003');
INSERT INTO md_localizable ( message, oid) VALUES ('sk70zrj42i482o0m1zby3p030uklmoirxox4feeesezr4kr18adyz3v3h2ntja5s', 'itcgr9ao0vxjjcyi7uxdfvsekivukw9w20071129NM0000000000000000000003');
INSERT INTO md_transient ( extendable, is_abstract, oid) VALUES (1, 0, 'itcgr9ao0vxjjcyi7uxdfvsekivukw9w20071129NM0000000000000000000003');
INSERT INTO md_class ( publish, stub_dto_source, stub_source, oid) VALUES (1, NULL, NULL, 'itcgr9ao0vxjjcyi7uxdfvsekivukw9w20071129NM0000000000000000000003');
INSERT INTO md_type ( display_label, root_id, package_name, type_name, base_source, js_base, js_stub, exported, dto_source, oid) VALUES ('sbh6t2dkidhfylebirklo9til338fnq4NM200904120000000000000000000030', 'itcgr9ao0vxjjcyi7uxdfvsekivukw9w', 'com.runwaysdk.system.metadata', 'CreateBackupException', NULL, NULL, NULL, 1, NULL, 'itcgr9ao0vxjjcyi7uxdfvsekivukw9w20071129NM0000000000000000000003');
INSERT INTO metadata ( description, created_by, owner, oid, create_date, seq, type, remove, site_master, locked_by, entity_domain, last_updated_by, last_update_date, key_name) VALUES ('25c4ecsojyuv6j5n7e8lof8478ri2dukNM200904120000000000000000000030', '0000000000000000000000000000001000000000000000000000000000000003', '0000000000000000000000000000001000000000000000000000000000000003', 'itcgr9ao0vxjjcyi7uxdfvsekivukw9w20071129NM0000000000000000000003', '2015-07-28 10:23:07', 4786, 'com.runwaysdk.system.metadata.MdException', 1, 'www.runwaysdk.com', NULL, NULL, '0000000000000000000000000000001000000000000000000000000000000003', '2015-07-28 10:23:07', 'com.runwaysdk.system.metadata.CreateBackupException');
INSERT INTO visibilitymodifier (set_id, item_id)  VALUES  ('245nh7b0ml92v1jx74usazxsv5mtpvxt', '20071109NM000000000000000000000520071109NM0000000000000000000001');
INSERT INTO metadata_display_label ( default_locale, oid, site_master, key_name) VALUES ('ID', '7ggxmt85vu6p8hozkab39mouwjngq6w1NM200904120000000000000000000030', 'www.runwaysdk.com', '7ggxmt85vu6p8hozkab39mouwjngq6w1NM200904120000000000000000000030');
INSERT INTO visibilitymodifier (set_id, item_id)  VALUES  ('z5tdgfsv2niu7qlsmwncf2r8akovdhhu', '20071109NM000000000000000000000520071109NM0000000000000000000001');
INSERT INTO md_attribute_indicies (set_id, item_id)  VALUES  ('6pqgldxfj93giqco6wih20eankye2ksg', '0000000000000000000000000000040900000000000000000000000000000403');
INSERT INTO metadata_display_label ( default_locale, oid, site_master, key_name) VALUES ('ID of this object', '021i4d3pb7t2yiy48o2x8f49t6cb6mkfNM200904120000000000000000000030', 'www.runwaysdk.com', '021i4d3pb7t2yiy48o2x8f49t6cb6mkfNM200904120000000000000000000030');
INSERT INTO md_attribute_character ( default_value, database_size, oid) VALUES (NULL, 64, 'i2evtd4dl9t5o4rjfidfjjg0s6ucas5c00000000000000000000000000000138');
INSERT INTO md_attribute_char ( oid) VALUES ('i2evtd4dl9t5o4rjfidfjjg0s6ucas5c00000000000000000000000000000138');
INSERT INTO md_attribute_primitive ( expression, is_expression, oid) VALUES (NULL, 0, 'i2evtd4dl9t5o4rjfidfjjg0s6ucas5c00000000000000000000000000000138');
INSERT INTO md_attribute_concrete ( column_name, defining_md_class, setter_visibility, setter_visibility_c, immutable, index_name, generate_accessor, system, required, display_label, getter_visibility, getter_visibility_c, index_type, index_type_c, attribute_name, oid) VALUES ('n_a', 'itcgr9ao0vxjjcyi7uxdfvsekivukw9w20071129NM0000000000000000000003', '245nh7b0ml92v1jx74usazxsv5mtpvxt', '20071109NM000000000000000000000520071109NM0000000000000000000001', 0, NULL, 1, 1, 1, '7ggxmt85vu6p8hozkab39mouwjngq6w1NM200904120000000000000000000030', 'z5tdgfsv2niu7qlsmwncf2r8akovdhhu', '20071109NM000000000000000000000520071109NM0000000000000000000001', '6pqgldxfj93giqco6wih20eankye2ksg', '0000000000000000000000000000040900000000000000000000000000000403', 'oid', 'i2evtd4dl9t5o4rjfidfjjg0s6ucas5c00000000000000000000000000000138');
INSERT INTO md_attribute ( oid) VALUES ('i2evtd4dl9t5o4rjfidfjjg0s6ucas5c00000000000000000000000000000138');
INSERT INTO metadata ( description, created_by, owner, oid, create_date, seq, type, remove, site_master, locked_by, entity_domain, last_updated_by, last_update_date, key_name) VALUES ('021i4d3pb7t2yiy48o2x8f49t6cb6mkfNM200904120000000000000000000030', '0000000000000000000000000000001000000000000000000000000000000003', '0000000000000000000000000000001000000000000000000000000000000003', 'i2evtd4dl9t5o4rjfidfjjg0s6ucas5c00000000000000000000000000000138', '2015-07-28 10:23:07', 4787, 'com.runwaysdk.system.metadata.MdAttributeCharacter', 0, 'www.runwaysdk.com', NULL, NULL, '0000000000000000000000000000001000000000000000000000000000000003', '2015-07-28 10:23:07', 'com.runwaysdk.system.metadata.CreateBackupException.oid');
INSERT INTO class_attribute_concrete ( oid, parent_id, child_id) VALUES ('i2evtd4dl9t5o4rjfidfjjg0s6ucas5c00000000000000000000000000000073', 'itcgr9ao0vxjjcyi7uxdfvsekivukw9w20071129NM0000000000000000000003', 'i2evtd4dl9t5o4rjfidfjjg0s6ucas5c00000000000000000000000000000138');
INSERT INTO class_attribute ( oid, parent_id, child_id) VALUES ('i2evtd4dl9t5o4rjfidfjjg0s6ucas5c00000000000000000000000000000073', 'itcgr9ao0vxjjcyi7uxdfvsekivukw9w20071129NM0000000000000000000003', 'i2evtd4dl9t5o4rjfidfjjg0s6ucas5c00000000000000000000000000000138');
INSERT INTO metadata_relationship ( entity_domain, site_master, last_updated_by, oid, owner, locked_by, create_date, type, created_by, seq, key_name, last_update_date, parent_id, child_id) VALUES (NULL, 'www.runwaysdk.com', '0000000000000000000000000000001000000000000000000000000000000003', 'i2evtd4dl9t5o4rjfidfjjg0s6ucas5c00000000000000000000000000000073', '0000000000000000000000000000001000000000000000000000000000000003', NULL, '2015-07-28 10:23:07', 'com.runwaysdk.system.metadata.ClassAttributeConcrete', '0000000000000000000000000000001000000000000000000000000000000003', 4788, 'com.runwaysdk.system.metadata.CreateBackupException.oid', '2015-07-28 10:23:07', 'itcgr9ao0vxjjcyi7uxdfvsekivukw9w20071129NM0000000000000000000003', 'i2evtd4dl9t5o4rjfidfjjg0s6ucas5c00000000000000000000000000000138');
INSERT INTO visibilitymodifier (set_id, item_id)  VALUES  ('0max5ps3x3tah4z1xvpzjkd6a7wb7mgf', '20071109NM000000000000000000000520071109NM0000000000000000000001');
INSERT INTO metadata_display_label ( default_locale, oid, site_master, key_name) VALUES ('location', '8oeaqnaxaxw5ovgoj6b58yna92pbbek3NM200904120000000000000000000030', 'www.runwaysdk.com', '8oeaqnaxaxw5ovgoj6b58yna92pbbek3NM200904120000000000000000000030');
INSERT INTO visibilitymodifier (set_id, item_id)  VALUES  ('qw7va4cazgn3rmn3gwifxuchjw0ah6wm', '20071109NM000000000000000000000520071109NM0000000000000000000001');
INSERT INTO md_attribute_indicies (set_id, item_id)  VALUES  ('07uz4ydtbu9g246e2l0cpyxkbnnoi8ix', '0000000000000000000000000000040100000000000000000000000000000403');
INSERT INTO metadata_display_label ( default_locale, oid, site_master, key_name) VALUES (NULL, '6nuywgkrsjlg4oi0567v0e19y5i1d84eNM200904120000000000000000000030', 'www.runwaysdk.com', '6nuywgkrsjlg4oi0567v0e19y5i1d84eNM200904120000000000000000000030');
INSERT INTO md_attribute_character ( default_value, database_size, oid) VALUES (NULL, 255, 'ihca9sc74i9zw6jrn4ayzvugtw28fhpb00000000000000000000000000000138');
INSERT INTO md_attribute_char ( oid) VALUES ('ihca9sc74i9zw6jrn4ayzvugtw28fhpb00000000000000000000000000000138');
INSERT INTO md_attribute_primitive ( expression, is_expression, oid) VALUES (NULL, 0, 'ihca9sc74i9zw6jrn4ayzvugtw28fhpb00000000000000000000000000000138');
INSERT INTO md_attribute_concrete ( column_name, defining_md_class, setter_visibility, setter_visibility_c, immutable, index_name, generate_accessor, system, required, display_label, getter_visibility, getter_visibility_c, index_type, index_type_c, attribute_name, oid) VALUES ('n_a', 'itcgr9ao0vxjjcyi7uxdfvsekivukw9w20071129NM0000000000000000000003', '0max5ps3x3tah4z1xvpzjkd6a7wb7mgf', '20071109NM000000000000000000000520071109NM0000000000000000000001', 0, NULL, 1, 0, 0, '8oeaqnaxaxw5ovgoj6b58yna92pbbek3NM200904120000000000000000000030', 'qw7va4cazgn3rmn3gwifxuchjw0ah6wm', '20071109NM000000000000000000000520071109NM0000000000000000000001', '07uz4ydtbu9g246e2l0cpyxkbnnoi8ix', '0000000000000000000000000000040100000000000000000000000000000403', 'location', 'ihca9sc74i9zw6jrn4ayzvugtw28fhpb00000000000000000000000000000138');
INSERT INTO md_attribute ( oid) VALUES ('ihca9sc74i9zw6jrn4ayzvugtw28fhpb00000000000000000000000000000138');
INSERT INTO metadata ( description, created_by, owner, oid, create_date, seq, type, remove, site_master, locked_by, entity_domain, last_updated_by, last_update_date, key_name) VALUES ('6nuywgkrsjlg4oi0567v0e19y5i1d84eNM200904120000000000000000000030', '0000000000000000000000000000001000000000000000000000000000000003', '0000000000000000000000000000001000000000000000000000000000000003', 'ihca9sc74i9zw6jrn4ayzvugtw28fhpb00000000000000000000000000000138', '2015-07-28 10:23:07', 4789, 'com.runwaysdk.system.metadata.MdAttributeCharacter', 1, 'www.runwaysdk.com', NULL, NULL, '0000000000000000000000000000001000000000000000000000000000000003', '2015-07-28 10:23:07', 'com.runwaysdk.system.metadata.CreateBackupException.location');
INSERT INTO class_attribute_concrete ( oid, parent_id, child_id) VALUES ('ihca9sc74i9zw6jrn4ayzvugtw28fhpb00000000000000000000000000000073', 'itcgr9ao0vxjjcyi7uxdfvsekivukw9w20071129NM0000000000000000000003', 'ihca9sc74i9zw6jrn4ayzvugtw28fhpb00000000000000000000000000000138');
INSERT INTO class_attribute ( oid, parent_id, child_id) VALUES ('ihca9sc74i9zw6jrn4ayzvugtw28fhpb00000000000000000000000000000073', 'itcgr9ao0vxjjcyi7uxdfvsekivukw9w20071129NM0000000000000000000003', 'ihca9sc74i9zw6jrn4ayzvugtw28fhpb00000000000000000000000000000138');
INSERT INTO metadata_relationship ( entity_domain, site_master, last_updated_by, oid, owner, locked_by, create_date, type, created_by, seq, key_name, last_update_date, parent_id, child_id) VALUES (NULL, 'www.runwaysdk.com', '0000000000000000000000000000001000000000000000000000000000000003', 'ihca9sc74i9zw6jrn4ayzvugtw28fhpb00000000000000000000000000000073', '0000000000000000000000000000001000000000000000000000000000000003', NULL, '2015-07-28 10:23:07', 'com.runwaysdk.system.metadata.ClassAttributeConcrete', '0000000000000000000000000000001000000000000000000000000000000003', 4790, 'com.runwaysdk.system.metadata.CreateBackupException.location', '2015-07-28 10:23:07', 'itcgr9ao0vxjjcyi7uxdfvsekivukw9w20071129NM0000000000000000000003', 'ihca9sc74i9zw6jrn4ayzvugtw28fhpb00000000000000000000000000000138');
INSERT INTO md_localizable_message ( default_locale, oid, key_name, site_master) VALUES ('There was a problem reading/writing [{location}], your restore has failed. Check that the file exists, the system has permissions, and that your backup can be unzipped properly.', '1qro5g47ex2favqn7xisvms2w8syknfpxox4feeesezr4kr18adyz3v3h2ntja5s', '1qro5g47ex2favqn7xisvms2w8syknfpxox4feeesezr4kr18adyz3v3h2ntja5s', 'www.runwaysdk.com');
INSERT INTO metadata_display_label ( default_locale, oid, site_master, key_name) VALUES ('Backup Read Exception', 'z3ekm9h6n3tbav983fr2c8pmkayh3pvvNM200904120000000000000000000030', 'www.runwaysdk.com', 'z3ekm9h6n3tbav983fr2c8pmkayh3pvvNM200904120000000000000000000030');
INSERT INTO metadata_display_label ( default_locale, oid, site_master, key_name) VALUES ('Generic wrapper for IOExceptions when reading a backup file.', '1zphbw5pneg9eqs35u510aw6pr0o4zdeNM200904120000000000000000000030', 'www.runwaysdk.com', '1zphbw5pneg9eqs35u510aw6pr0o4zdeNM200904120000000000000000000030');
INSERT INTO md_exception ( super_md_exception, oid) VALUES (NULL, 'isl9n6cneegy20llcxb5zybt97eqav9e20071129NM0000000000000000000003');
INSERT INTO md_localizable ( message, oid) VALUES ('1qro5g47ex2favqn7xisvms2w8syknfpxox4feeesezr4kr18adyz3v3h2ntja5s', 'isl9n6cneegy20llcxb5zybt97eqav9e20071129NM0000000000000000000003');
INSERT INTO md_transient ( extendable, is_abstract, oid) VALUES (1, 0, 'isl9n6cneegy20llcxb5zybt97eqav9e20071129NM0000000000000000000003');
INSERT INTO md_class ( publish, stub_dto_source, stub_source, oid) VALUES (1, NULL, NULL, 'isl9n6cneegy20llcxb5zybt97eqav9e20071129NM0000000000000000000003');
INSERT INTO md_type ( display_label, root_id, package_name, type_name, base_source, js_base, js_stub, exported, dto_source, oid) VALUES ('z3ekm9h6n3tbav983fr2c8pmkayh3pvvNM200904120000000000000000000030', 'isl9n6cneegy20llcxb5zybt97eqav9e', 'com.runwaysdk.system.metadata', 'BackupReadException', NULL, NULL, NULL, 1, NULL, 'isl9n6cneegy20llcxb5zybt97eqav9e20071129NM0000000000000000000003');
INSERT INTO metadata ( description, created_by, owner, oid, create_date, seq, type, remove, site_master, locked_by, entity_domain, last_updated_by, last_update_date, key_name) VALUES ('1zphbw5pneg9eqs35u510aw6pr0o4zdeNM200904120000000000000000000030', '0000000000000000000000000000001000000000000000000000000000000003', '0000000000000000000000000000001000000000000000000000000000000003', 'isl9n6cneegy20llcxb5zybt97eqav9e20071129NM0000000000000000000003', '2015-07-28 10:23:07', 4791, 'com.runwaysdk.system.metadata.MdException', 1, 'www.runwaysdk.com', NULL, NULL, '0000000000000000000000000000001000000000000000000000000000000003', '2015-07-28 10:23:07', 'com.runwaysdk.system.metadata.BackupReadException');
INSERT INTO visibilitymodifier (set_id, item_id)  VALUES  ('6riuydoua86y51utom5fybkg1d1yerzk', '20071109NM000000000000000000000520071109NM0000000000000000000001');
INSERT INTO metadata_display_label ( default_locale, oid, site_master, key_name) VALUES ('ID', '240prv5m5uzpvi1ltirrx8xdmonu627vNM200904120000000000000000000030', 'www.runwaysdk.com', '240prv5m5uzpvi1ltirrx8xdmonu627vNM200904120000000000000000000030');
INSERT INTO visibilitymodifier (set_id, item_id)  VALUES  ('xknesvrm7gw5242x54jszfbz6wjhz203', '20071109NM000000000000000000000520071109NM0000000000000000000001');
INSERT INTO md_attribute_indicies (set_id, item_id)  VALUES  ('xit5munaenlozvpzvxfvaqq02zxz9fx3', '0000000000000000000000000000040900000000000000000000000000000403');
INSERT INTO metadata_display_label ( default_locale, oid, site_master, key_name) VALUES ('ID of this object', '1wji7lm9uotwf96hnvqd5f62qh4jf5vkNM200904120000000000000000000030', 'www.runwaysdk.com', '1wji7lm9uotwf96hnvqd5f62qh4jf5vkNM200904120000000000000000000030');
INSERT INTO md_attribute_character ( default_value, database_size, oid) VALUES (NULL, 64, 'i565gt8atx3nq7lk44hgdvxc382fquxq00000000000000000000000000000138');
INSERT INTO md_attribute_char ( oid) VALUES ('i565gt8atx3nq7lk44hgdvxc382fquxq00000000000000000000000000000138');
INSERT INTO md_attribute_primitive ( expression, is_expression, oid) VALUES (NULL, 0, 'i565gt8atx3nq7lk44hgdvxc382fquxq00000000000000000000000000000138');
INSERT INTO md_attribute_concrete ( column_name, defining_md_class, setter_visibility, setter_visibility_c, immutable, index_name, generate_accessor, system, required, display_label, getter_visibility, getter_visibility_c, index_type, index_type_c, attribute_name, oid) VALUES ('n_a', 'isl9n6cneegy20llcxb5zybt97eqav9e20071129NM0000000000000000000003', '6riuydoua86y51utom5fybkg1d1yerzk', '20071109NM000000000000000000000520071109NM0000000000000000000001', 0, NULL, 1, 1, 1, '240prv5m5uzpvi1ltirrx8xdmonu627vNM200904120000000000000000000030', 'xknesvrm7gw5242x54jszfbz6wjhz203', '20071109NM000000000000000000000520071109NM0000000000000000000001', 'xit5munaenlozvpzvxfvaqq02zxz9fx3', '0000000000000000000000000000040900000000000000000000000000000403', 'oid', 'i565gt8atx3nq7lk44hgdvxc382fquxq00000000000000000000000000000138');
INSERT INTO md_attribute ( oid) VALUES ('i565gt8atx3nq7lk44hgdvxc382fquxq00000000000000000000000000000138');
INSERT INTO metadata ( description, created_by, owner, oid, create_date, seq, type, remove, site_master, locked_by, entity_domain, last_updated_by, last_update_date, key_name) VALUES ('1wji7lm9uotwf96hnvqd5f62qh4jf5vkNM200904120000000000000000000030', '0000000000000000000000000000001000000000000000000000000000000003', '0000000000000000000000000000001000000000000000000000000000000003', 'i565gt8atx3nq7lk44hgdvxc382fquxq00000000000000000000000000000138', '2015-07-28 10:23:07', 4792, 'com.runwaysdk.system.metadata.MdAttributeCharacter', 0, 'www.runwaysdk.com', NULL, NULL, '0000000000000000000000000000001000000000000000000000000000000003', '2015-07-28 10:23:07', 'com.runwaysdk.system.metadata.BackupReadException.oid');
INSERT INTO class_attribute_concrete ( oid, parent_id, child_id) VALUES ('i565gt8atx3nq7lk44hgdvxc382fquxq00000000000000000000000000000073', 'isl9n6cneegy20llcxb5zybt97eqav9e20071129NM0000000000000000000003', 'i565gt8atx3nq7lk44hgdvxc382fquxq00000000000000000000000000000138');
INSERT INTO class_attribute ( oid, parent_id, child_id) VALUES ('i565gt8atx3nq7lk44hgdvxc382fquxq00000000000000000000000000000073', 'isl9n6cneegy20llcxb5zybt97eqav9e20071129NM0000000000000000000003', 'i565gt8atx3nq7lk44hgdvxc382fquxq00000000000000000000000000000138');
INSERT INTO metadata_relationship ( entity_domain, site_master, last_updated_by, oid, owner, locked_by, create_date, type, created_by, seq, key_name, last_update_date, parent_id, child_id) VALUES (NULL, 'www.runwaysdk.com', '0000000000000000000000000000001000000000000000000000000000000003', 'i565gt8atx3nq7lk44hgdvxc382fquxq00000000000000000000000000000073', '0000000000000000000000000000001000000000000000000000000000000003', NULL, '2015-07-28 10:23:07', 'com.runwaysdk.system.metadata.ClassAttributeConcrete', '0000000000000000000000000000001000000000000000000000000000000003', 4793, 'com.runwaysdk.system.metadata.BackupReadException.oid', '2015-07-28 10:23:07', 'isl9n6cneegy20llcxb5zybt97eqav9e20071129NM0000000000000000000003', 'i565gt8atx3nq7lk44hgdvxc382fquxq00000000000000000000000000000138');
INSERT INTO visibilitymodifier (set_id, item_id)  VALUES  ('6rsi9fd0txvukghc7iskbq3816bh6bn1', '20071109NM000000000000000000000520071109NM0000000000000000000001');
INSERT INTO metadata_display_label ( default_locale, oid, site_master, key_name) VALUES ('location', '6noz6rogumut6lkbbpksdkagyzc0msbaNM200904120000000000000000000030', 'www.runwaysdk.com', '6noz6rogumut6lkbbpksdkagyzc0msbaNM200904120000000000000000000030');
INSERT INTO visibilitymodifier (set_id, item_id)  VALUES  ('1xa2i2mzo8ooh7uedfq5fu55duk4ffzi', '20071109NM000000000000000000000520071109NM0000000000000000000001');
INSERT INTO md_attribute_indicies (set_id, item_id)  VALUES  ('7bberdlz9vealy5bfp1xqw8ld76kkcsk', '0000000000000000000000000000040100000000000000000000000000000403');
INSERT INTO metadata_display_label ( default_locale, oid, site_master, key_name) VALUES (NULL, 'qyx8xunwo22ql43tkxeoy85ltf7yns2yNM200904120000000000000000000030', 'www.runwaysdk.com', 'qyx8xunwo22ql43tkxeoy85ltf7yns2yNM200904120000000000000000000030');
INSERT INTO md_attribute_character ( default_value, database_size, oid) VALUES (NULL, 255, 'i7802hdv160dij1dep9xlin7bsxfnawm00000000000000000000000000000138');
INSERT INTO md_attribute_char ( oid) VALUES ('i7802hdv160dij1dep9xlin7bsxfnawm00000000000000000000000000000138');
INSERT INTO md_attribute_primitive ( expression, is_expression, oid) VALUES (NULL, 0, 'i7802hdv160dij1dep9xlin7bsxfnawm00000000000000000000000000000138');
INSERT INTO md_attribute_concrete ( column_name, defining_md_class, setter_visibility, setter_visibility_c, immutable, index_name, generate_accessor, system, required, display_label, getter_visibility, getter_visibility_c, index_type, index_type_c, attribute_name, oid) VALUES ('n_a', 'isl9n6cneegy20llcxb5zybt97eqav9e20071129NM0000000000000000000003', '6rsi9fd0txvukghc7iskbq3816bh6bn1', '20071109NM000000000000000000000520071109NM0000000000000000000001', 0, NULL, 1, 0, 0, '6noz6rogumut6lkbbpksdkagyzc0msbaNM200904120000000000000000000030', '1xa2i2mzo8ooh7uedfq5fu55duk4ffzi', '20071109NM000000000000000000000520071109NM0000000000000000000001', '7bberdlz9vealy5bfp1xqw8ld76kkcsk', '0000000000000000000000000000040100000000000000000000000000000403', 'location', 'i7802hdv160dij1dep9xlin7bsxfnawm00000000000000000000000000000138');
INSERT INTO md_attribute ( oid) VALUES ('i7802hdv160dij1dep9xlin7bsxfnawm00000000000000000000000000000138');
INSERT INTO metadata ( description, created_by, owner, oid, create_date, seq, type, remove, site_master, locked_by, entity_domain, last_updated_by, last_update_date, key_name) VALUES ('qyx8xunwo22ql43tkxeoy85ltf7yns2yNM200904120000000000000000000030', '0000000000000000000000000000001000000000000000000000000000000003', '0000000000000000000000000000001000000000000000000000000000000003', 'i7802hdv160dij1dep9xlin7bsxfnawm00000000000000000000000000000138', '2015-07-28 10:23:07', 4794, 'com.runwaysdk.system.metadata.MdAttributeCharacter', 1, 'www.runwaysdk.com', NULL, NULL, '0000000000000000000000000000001000000000000000000000000000000003', '2015-07-28 10:23:07', 'com.runwaysdk.system.metadata.BackupReadException.location');
INSERT INTO class_attribute_concrete ( oid, parent_id, child_id) VALUES ('i7802hdv160dij1dep9xlin7bsxfnawm00000000000000000000000000000073', 'isl9n6cneegy20llcxb5zybt97eqav9e20071129NM0000000000000000000003', 'i7802hdv160dij1dep9xlin7bsxfnawm00000000000000000000000000000138');
INSERT INTO class_attribute ( oid, parent_id, child_id) VALUES ('i7802hdv160dij1dep9xlin7bsxfnawm00000000000000000000000000000073', 'isl9n6cneegy20llcxb5zybt97eqav9e20071129NM0000000000000000000003', 'i7802hdv160dij1dep9xlin7bsxfnawm00000000000000000000000000000138');
INSERT INTO metadata_relationship ( entity_domain, site_master, last_updated_by, oid, owner, locked_by, create_date, type, created_by, seq, key_name, last_update_date, parent_id, child_id) VALUES (NULL, 'www.runwaysdk.com', '0000000000000000000000000000001000000000000000000000000000000003', 'i7802hdv160dij1dep9xlin7bsxfnawm00000000000000000000000000000073', '0000000000000000000000000000001000000000000000000000000000000003', NULL, '2015-07-28 10:23:07', 'com.runwaysdk.system.metadata.ClassAttributeConcrete', '0000000000000000000000000000001000000000000000000000000000000003', 4795, 'com.runwaysdk.system.metadata.BackupReadException.location', '2015-07-28 10:23:07', 'isl9n6cneegy20llcxb5zybt97eqav9e20071129NM0000000000000000000003', 'i7802hdv160dij1dep9xlin7bsxfnawm00000000000000000000000000000138');
INSERT INTO md_localizable_message ( default_locale, oid, key_name, site_master) VALUES ('The backup named [{backupName}] is corrupt. Check that the backup can be unzipped properly, it may have been corrupted during transfer.', 'qsios6hkga3k5fyandhkaplgxmsddqdkxox4feeesezr4kr18adyz3v3h2ntja5s', 'qsios6hkga3k5fyandhkaplgxmsddqdkxox4feeesezr4kr18adyz3v3h2ntja5s', 'www.runwaysdk.com');
INSERT INTO metadata_display_label ( default_locale, oid, site_master, key_name) VALUES ('Corrupt Backup Exception', '8pvuwgl8a34oboah2x62mx7sxn40oxi0NM200904120000000000000000000030', 'www.runwaysdk.com', '8pvuwgl8a34oboah2x62mx7sxn40oxi0NM200904120000000000000000000030');
INSERT INTO metadata_display_label ( default_locale, oid, site_master, key_name) VALUES ('Thrown when a user attemps to restore a backup which is corrupt.', 'ze879wrlalnwwqlpuu7f4bmsw1w39ho7NM200904120000000000000000000030', 'www.runwaysdk.com', 'ze879wrlalnwwqlpuu7f4bmsw1w39ho7NM200904120000000000000000000030');
INSERT INTO md_exception ( super_md_exception, oid) VALUES (NULL, 'i7wmbvxr7s604gcc8c3wv6mzr5zflv8720071129NM0000000000000000000003');
INSERT INTO md_localizable ( message, oid) VALUES ('qsios6hkga3k5fyandhkaplgxmsddqdkxox4feeesezr4kr18adyz3v3h2ntja5s', 'i7wmbvxr7s604gcc8c3wv6mzr5zflv8720071129NM0000000000000000000003');
INSERT INTO md_transient ( extendable, is_abstract, oid) VALUES (1, 0, 'i7wmbvxr7s604gcc8c3wv6mzr5zflv8720071129NM0000000000000000000003');
INSERT INTO md_class ( publish, stub_dto_source, stub_source, oid) VALUES (1, NULL, NULL, 'i7wmbvxr7s604gcc8c3wv6mzr5zflv8720071129NM0000000000000000000003');
INSERT INTO md_type ( display_label, root_id, package_name, type_name, base_source, js_base, js_stub, exported, dto_source, oid) VALUES ('8pvuwgl8a34oboah2x62mx7sxn40oxi0NM200904120000000000000000000030', 'i7wmbvxr7s604gcc8c3wv6mzr5zflv87', 'com.runwaysdk.system.metadata', 'CorruptBackupException', NULL, NULL, NULL, 1, NULL, 'i7wmbvxr7s604gcc8c3wv6mzr5zflv8720071129NM0000000000000000000003');
INSERT INTO metadata ( description, created_by, owner, oid, create_date, seq, type, remove, site_master, locked_by, entity_domain, last_updated_by, last_update_date, key_name) VALUES ('ze879wrlalnwwqlpuu7f4bmsw1w39ho7NM200904120000000000000000000030', '0000000000000000000000000000001000000000000000000000000000000003', '0000000000000000000000000000001000000000000000000000000000000003', 'i7wmbvxr7s604gcc8c3wv6mzr5zflv8720071129NM0000000000000000000003', '2015-07-28 10:23:07', 4796, 'com.runwaysdk.system.metadata.MdException', 1, 'www.runwaysdk.com', NULL, NULL, '0000000000000000000000000000001000000000000000000000000000000003', '2015-07-28 10:23:07', 'com.runwaysdk.system.metadata.CorruptBackupException');
INSERT INTO visibilitymodifier (set_id, item_id)  VALUES  ('8gpe81a9cnhhdhchs5sdbdz0r710dlz6', '20071109NM000000000000000000000520071109NM0000000000000000000001');
INSERT INTO metadata_display_label ( default_locale, oid, site_master, key_name) VALUES ('ID', 'spfeusstlapftkho7ex7ekc2kcbfm4zmNM200904120000000000000000000030', 'www.runwaysdk.com', 'spfeusstlapftkho7ex7ekc2kcbfm4zmNM200904120000000000000000000030');
INSERT INTO visibilitymodifier (set_id, item_id)  VALUES  ('qywjgsyqxbuer8rg6fzan4njrbaavv2u', '20071109NM000000000000000000000520071109NM0000000000000000000001');
INSERT INTO md_attribute_indicies (set_id, item_id)  VALUES  ('qmo1r3knucf4hvlniyk6j9kqklzlfddi', '0000000000000000000000000000040900000000000000000000000000000403');
INSERT INTO metadata_display_label ( default_locale, oid, site_master, key_name) VALUES ('ID of this object', '72qmyy75go7du574mvico9bie9e25uy7NM200904120000000000000000000030', 'www.runwaysdk.com', '72qmyy75go7du574mvico9bie9e25uy7NM200904120000000000000000000030');
INSERT INTO md_attribute_character ( default_value, database_size, oid) VALUES (NULL, 64, 'iekq18lrzsjkmfna85jnf89f6pivw2c400000000000000000000000000000138');
INSERT INTO md_attribute_char ( oid) VALUES ('iekq18lrzsjkmfna85jnf89f6pivw2c400000000000000000000000000000138');
INSERT INTO md_attribute_primitive ( expression, is_expression, oid) VALUES (NULL, 0, 'iekq18lrzsjkmfna85jnf89f6pivw2c400000000000000000000000000000138');
INSERT INTO md_attribute_concrete ( column_name, defining_md_class, setter_visibility, setter_visibility_c, immutable, index_name, generate_accessor, system, required, display_label, getter_visibility, getter_visibility_c, index_type, index_type_c, attribute_name, oid) VALUES ('n_a', 'i7wmbvxr7s604gcc8c3wv6mzr5zflv8720071129NM0000000000000000000003', '8gpe81a9cnhhdhchs5sdbdz0r710dlz6', '20071109NM000000000000000000000520071109NM0000000000000000000001', 0, NULL, 1, 1, 1, 'spfeusstlapftkho7ex7ekc2kcbfm4zmNM200904120000000000000000000030', 'qywjgsyqxbuer8rg6fzan4njrbaavv2u', '20071109NM000000000000000000000520071109NM0000000000000000000001', 'qmo1r3knucf4hvlniyk6j9kqklzlfddi', '0000000000000000000000000000040900000000000000000000000000000403', 'oid', 'iekq18lrzsjkmfna85jnf89f6pivw2c400000000000000000000000000000138');
INSERT INTO md_attribute ( oid) VALUES ('iekq18lrzsjkmfna85jnf89f6pivw2c400000000000000000000000000000138');
INSERT INTO metadata ( description, created_by, owner, oid, create_date, seq, type, remove, site_master, locked_by, entity_domain, last_updated_by, last_update_date, key_name) VALUES ('72qmyy75go7du574mvico9bie9e25uy7NM200904120000000000000000000030', '0000000000000000000000000000001000000000000000000000000000000003', '0000000000000000000000000000001000000000000000000000000000000003', 'iekq18lrzsjkmfna85jnf89f6pivw2c400000000000000000000000000000138', '2015-07-28 10:23:07', 4797, 'com.runwaysdk.system.metadata.MdAttributeCharacter', 0, 'www.runwaysdk.com', NULL, NULL, '0000000000000000000000000000001000000000000000000000000000000003', '2015-07-28 10:23:07', 'com.runwaysdk.system.metadata.CorruptBackupException.oid');
INSERT INTO class_attribute_concrete ( oid, parent_id, child_id) VALUES ('iekq18lrzsjkmfna85jnf89f6pivw2c400000000000000000000000000000073', 'i7wmbvxr7s604gcc8c3wv6mzr5zflv8720071129NM0000000000000000000003', 'iekq18lrzsjkmfna85jnf89f6pivw2c400000000000000000000000000000138');
INSERT INTO class_attribute ( oid, parent_id, child_id) VALUES ('iekq18lrzsjkmfna85jnf89f6pivw2c400000000000000000000000000000073', 'i7wmbvxr7s604gcc8c3wv6mzr5zflv8720071129NM0000000000000000000003', 'iekq18lrzsjkmfna85jnf89f6pivw2c400000000000000000000000000000138');
INSERT INTO metadata_relationship ( entity_domain, site_master, last_updated_by, oid, owner, locked_by, create_date, type, created_by, seq, key_name, last_update_date, parent_id, child_id) VALUES (NULL, 'www.runwaysdk.com', '0000000000000000000000000000001000000000000000000000000000000003', 'iekq18lrzsjkmfna85jnf89f6pivw2c400000000000000000000000000000073', '0000000000000000000000000000001000000000000000000000000000000003', NULL, '2015-07-28 10:23:07', 'com.runwaysdk.system.metadata.ClassAttributeConcrete', '0000000000000000000000000000001000000000000000000000000000000003', 4798, 'com.runwaysdk.system.metadata.CorruptBackupException.oid', '2015-07-28 10:23:07', 'i7wmbvxr7s604gcc8c3wv6mzr5zflv8720071129NM0000000000000000000003', 'iekq18lrzsjkmfna85jnf89f6pivw2c400000000000000000000000000000138');
INSERT INTO visibilitymodifier (set_id, item_id)  VALUES  ('r37ah47ew7laapd2aojei0adjs9bcgta', '20071109NM000000000000000000000520071109NM0000000000000000000001');
INSERT INTO metadata_display_label ( default_locale, oid, site_master, key_name) VALUES ('Backup Name', '8mndpqcs01r72mfucqbohm79y3ft1lq0NM200904120000000000000000000030', 'www.runwaysdk.com', '8mndpqcs01r72mfucqbohm79y3ft1lq0NM200904120000000000000000000030');
INSERT INTO visibilitymodifier (set_id, item_id)  VALUES  ('02bt1wvzczkmm8z6m1lvmaiwdhoil38g', '20071109NM000000000000000000000520071109NM0000000000000000000001');
INSERT INTO md_attribute_indicies (set_id, item_id)  VALUES  ('2byfxauu2j8vxcc5chfz6wifa905gpbo', '0000000000000000000000000000040100000000000000000000000000000403');
INSERT INTO metadata_display_label ( default_locale, oid, site_master, key_name) VALUES (NULL, '1sypp7dv3y25pfr27asg9jed2lwgy45oNM200904120000000000000000000030', 'www.runwaysdk.com', '1sypp7dv3y25pfr27asg9jed2lwgy45oNM200904120000000000000000000030');
INSERT INTO md_attribute_character ( default_value, database_size, oid) VALUES (NULL, 255, 'i32h1impd1c4vy32s93r91i53izoobc500000000000000000000000000000138');
INSERT INTO md_attribute_char ( oid) VALUES ('i32h1impd1c4vy32s93r91i53izoobc500000000000000000000000000000138');
INSERT INTO md_attribute_primitive ( expression, is_expression, oid) VALUES (NULL, 0, 'i32h1impd1c4vy32s93r91i53izoobc500000000000000000000000000000138');
INSERT INTO md_attribute_concrete ( column_name, defining_md_class, setter_visibility, setter_visibility_c, immutable, index_name, generate_accessor, system, required, display_label, getter_visibility, getter_visibility_c, index_type, index_type_c, attribute_name, oid) VALUES ('n_a', 'i7wmbvxr7s604gcc8c3wv6mzr5zflv8720071129NM0000000000000000000003', 'r37ah47ew7laapd2aojei0adjs9bcgta', '20071109NM000000000000000000000520071109NM0000000000000000000001', 0, NULL, 1, 0, 0, '8mndpqcs01r72mfucqbohm79y3ft1lq0NM200904120000000000000000000030', '02bt1wvzczkmm8z6m1lvmaiwdhoil38g', '20071109NM000000000000000000000520071109NM0000000000000000000001', '2byfxauu2j8vxcc5chfz6wifa905gpbo', '0000000000000000000000000000040100000000000000000000000000000403', 'backupName', 'i32h1impd1c4vy32s93r91i53izoobc500000000000000000000000000000138');
INSERT INTO md_attribute ( oid) VALUES ('i32h1impd1c4vy32s93r91i53izoobc500000000000000000000000000000138');
INSERT INTO metadata ( description, created_by, owner, oid, create_date, seq, type, remove, site_master, locked_by, entity_domain, last_updated_by, last_update_date, key_name) VALUES ('1sypp7dv3y25pfr27asg9jed2lwgy45oNM200904120000000000000000000030', '0000000000000000000000000000001000000000000000000000000000000003', '0000000000000000000000000000001000000000000000000000000000000003', 'i32h1impd1c4vy32s93r91i53izoobc500000000000000000000000000000138', '2015-07-28 10:23:07', 4799, 'com.runwaysdk.system.metadata.MdAttributeCharacter', 1, 'www.runwaysdk.com', NULL, NULL, '0000000000000000000000000000001000000000000000000000000000000003', '2015-07-28 10:23:07', 'com.runwaysdk.system.metadata.CorruptBackupException.backupName');
INSERT INTO class_attribute_concrete ( oid, parent_id, child_id) VALUES ('i32h1impd1c4vy32s93r91i53izoobc500000000000000000000000000000073', 'i7wmbvxr7s604gcc8c3wv6mzr5zflv8720071129NM0000000000000000000003', 'i32h1impd1c4vy32s93r91i53izoobc500000000000000000000000000000138');
INSERT INTO class_attribute ( oid, parent_id, child_id) VALUES ('i32h1impd1c4vy32s93r91i53izoobc500000000000000000000000000000073', 'i7wmbvxr7s604gcc8c3wv6mzr5zflv8720071129NM0000000000000000000003', 'i32h1impd1c4vy32s93r91i53izoobc500000000000000000000000000000138');
INSERT INTO metadata_relationship ( entity_domain, site_master, last_updated_by, oid, owner, locked_by, create_date, type, created_by, seq, key_name, last_update_date, parent_id, child_id) VALUES (NULL, 'www.runwaysdk.com', '0000000000000000000000000000001000000000000000000000000000000003', 'i32h1impd1c4vy32s93r91i53izoobc500000000000000000000000000000073', '0000000000000000000000000000001000000000000000000000000000000003', NULL, '2015-07-28 10:23:07', 'com.runwaysdk.system.metadata.ClassAttributeConcrete', '0000000000000000000000000000001000000000000000000000000000000003', 4800, 'com.runwaysdk.system.metadata.CorruptBackupException.backupName', '2015-07-28 10:23:07', 'i7wmbvxr7s604gcc8c3wv6mzr5zflv8720071129NM0000000000000000000003', 'i32h1impd1c4vy32s93r91i53izoobc500000000000000000000000000000138');
INSERT INTO md_localizable_message ( default_locale, oid, key_name, site_master) VALUES ('The app name specified in the backup [{restoreAppname}] does not match the requested restore app [{currentAppname}].', '8enzxaso3tj4g32o1gxx1h3333vd26e4xox4feeesezr4kr18adyz3v3h2ntja5s', '8enzxaso3tj4g32o1gxx1h3333vd26e4xox4feeesezr4kr18adyz3v3h2ntja5s', 'www.runwaysdk.com');
INSERT INTO metadata_display_label ( default_locale, oid, site_master, key_name) VALUES ('Restore Appname Exception', '0k0i3j9g1v5jpb4ksxkygxhq61yz3r5yNM200904120000000000000000000030', 'www.runwaysdk.com', '0k0i3j9g1v5jpb4ksxkygxhq61yz3r5yNM200904120000000000000000000030');
INSERT INTO metadata_display_label ( default_locale, oid, site_master, key_name) VALUES ('Thrown when a user attempts to restore a backup on the wrong app.', '034z27kglcyu8z3ntedjw41d1shrwj6gNM200904120000000000000000000030', 'www.runwaysdk.com', '034z27kglcyu8z3ntedjw41d1shrwj6gNM200904120000000000000000000030');
INSERT INTO md_exception ( super_md_exception, oid) VALUES (NULL, 'ie4qi8woxzeljl41hstytkvgifdsmfbo20071129NM0000000000000000000003');
INSERT INTO md_localizable ( message, oid) VALUES ('8enzxaso3tj4g32o1gxx1h3333vd26e4xox4feeesezr4kr18adyz3v3h2ntja5s', 'ie4qi8woxzeljl41hstytkvgifdsmfbo20071129NM0000000000000000000003');
INSERT INTO md_transient ( extendable, is_abstract, oid) VALUES (1, 0, 'ie4qi8woxzeljl41hstytkvgifdsmfbo20071129NM0000000000000000000003');
INSERT INTO md_class ( publish, stub_dto_source, stub_source, oid) VALUES (1, NULL, NULL, 'ie4qi8woxzeljl41hstytkvgifdsmfbo20071129NM0000000000000000000003');
INSERT INTO md_type ( display_label, root_id, package_name, type_name, base_source, js_base, js_stub, exported, dto_source, oid) VALUES ('0k0i3j9g1v5jpb4ksxkygxhq61yz3r5yNM200904120000000000000000000030', 'ie4qi8woxzeljl41hstytkvgifdsmfbo', 'com.runwaysdk.system.metadata', 'RestoreAppnameException', NULL, NULL, NULL, 1, NULL, 'ie4qi8woxzeljl41hstytkvgifdsmfbo20071129NM0000000000000000000003');
INSERT INTO metadata ( description, created_by, owner, oid, create_date, seq, type, remove, site_master, locked_by, entity_domain, last_updated_by, last_update_date, key_name) VALUES ('034z27kglcyu8z3ntedjw41d1shrwj6gNM200904120000000000000000000030', '0000000000000000000000000000001000000000000000000000000000000003', '0000000000000000000000000000001000000000000000000000000000000003', 'ie4qi8woxzeljl41hstytkvgifdsmfbo20071129NM0000000000000000000003', '2015-07-28 10:23:07', 4801, 'com.runwaysdk.system.metadata.MdException', 1, 'www.runwaysdk.com', NULL, NULL, '0000000000000000000000000000001000000000000000000000000000000003', '2015-07-28 10:23:07', 'com.runwaysdk.system.metadata.RestoreAppnameException');
INSERT INTO visibilitymodifier (set_id, item_id)  VALUES  ('6wt9cw607nbtodxp765g635e61sc3340', '20071109NM000000000000000000000520071109NM0000000000000000000001');
INSERT INTO metadata_display_label ( default_locale, oid, site_master, key_name) VALUES ('ID', '07exc7b1ot2gk14z53xvtw6wpc4vp2h3NM200904120000000000000000000030', 'www.runwaysdk.com', '07exc7b1ot2gk14z53xvtw6wpc4vp2h3NM200904120000000000000000000030');
INSERT INTO visibilitymodifier (set_id, item_id)  VALUES  ('0fzhbjuwnd2n563327ru096a7e06wbsy', '20071109NM000000000000000000000520071109NM0000000000000000000001');
INSERT INTO md_attribute_indicies (set_id, item_id)  VALUES  ('r023v7njrccc10gl6w5xfh59tb96u4fo', '0000000000000000000000000000040900000000000000000000000000000403');
INSERT INTO metadata_display_label ( default_locale, oid, site_master, key_name) VALUES ('ID of this object', '6v9l86kpfpd4p3br1k6org6wwi9u21rnNM200904120000000000000000000030', 'www.runwaysdk.com', '6v9l86kpfpd4p3br1k6org6wwi9u21rnNM200904120000000000000000000030');
INSERT INTO md_attribute_character ( default_value, database_size, oid) VALUES (NULL, 64, 'i56frb0un3td1od4gzsjds7fbe8g7qr600000000000000000000000000000138');
INSERT INTO md_attribute_char ( oid) VALUES ('i56frb0un3td1od4gzsjds7fbe8g7qr600000000000000000000000000000138');
INSERT INTO md_attribute_primitive ( expression, is_expression, oid) VALUES (NULL, 0, 'i56frb0un3td1od4gzsjds7fbe8g7qr600000000000000000000000000000138');
INSERT INTO md_attribute_concrete ( column_name, defining_md_class, setter_visibility, setter_visibility_c, immutable, index_name, generate_accessor, system, required, display_label, getter_visibility, getter_visibility_c, index_type, index_type_c, attribute_name, oid) VALUES ('n_a', 'ie4qi8woxzeljl41hstytkvgifdsmfbo20071129NM0000000000000000000003', '6wt9cw607nbtodxp765g635e61sc3340', '20071109NM000000000000000000000520071109NM0000000000000000000001', 0, NULL, 1, 1, 1, '07exc7b1ot2gk14z53xvtw6wpc4vp2h3NM200904120000000000000000000030', '0fzhbjuwnd2n563327ru096a7e06wbsy', '20071109NM000000000000000000000520071109NM0000000000000000000001', 'r023v7njrccc10gl6w5xfh59tb96u4fo', '0000000000000000000000000000040900000000000000000000000000000403', 'oid', 'i56frb0un3td1od4gzsjds7fbe8g7qr600000000000000000000000000000138');
INSERT INTO md_attribute ( oid) VALUES ('i56frb0un3td1od4gzsjds7fbe8g7qr600000000000000000000000000000138');
INSERT INTO metadata ( description, created_by, owner, oid, create_date, seq, type, remove, site_master, locked_by, entity_domain, last_updated_by, last_update_date, key_name) VALUES ('6v9l86kpfpd4p3br1k6org6wwi9u21rnNM200904120000000000000000000030', '0000000000000000000000000000001000000000000000000000000000000003', '0000000000000000000000000000001000000000000000000000000000000003', 'i56frb0un3td1od4gzsjds7fbe8g7qr600000000000000000000000000000138', '2015-07-28 10:23:07', 4802, 'com.runwaysdk.system.metadata.MdAttributeCharacter', 0, 'www.runwaysdk.com', NULL, NULL, '0000000000000000000000000000001000000000000000000000000000000003', '2015-07-28 10:23:07', 'com.runwaysdk.system.metadata.RestoreAppnameException.oid');
INSERT INTO class_attribute_concrete ( oid, parent_id, child_id) VALUES ('i56frb0un3td1od4gzsjds7fbe8g7qr600000000000000000000000000000073', 'ie4qi8woxzeljl41hstytkvgifdsmfbo20071129NM0000000000000000000003', 'i56frb0un3td1od4gzsjds7fbe8g7qr600000000000000000000000000000138');
INSERT INTO class_attribute ( oid, parent_id, child_id) VALUES ('i56frb0un3td1od4gzsjds7fbe8g7qr600000000000000000000000000000073', 'ie4qi8woxzeljl41hstytkvgifdsmfbo20071129NM0000000000000000000003', 'i56frb0un3td1od4gzsjds7fbe8g7qr600000000000000000000000000000138');
INSERT INTO metadata_relationship ( entity_domain, site_master, last_updated_by, oid, owner, locked_by, create_date, type, created_by, seq, key_name, last_update_date, parent_id, child_id) VALUES (NULL, 'www.runwaysdk.com', '0000000000000000000000000000001000000000000000000000000000000003', 'i56frb0un3td1od4gzsjds7fbe8g7qr600000000000000000000000000000073', '0000000000000000000000000000001000000000000000000000000000000003', NULL, '2015-07-28 10:23:07', 'com.runwaysdk.system.metadata.ClassAttributeConcrete', '0000000000000000000000000000001000000000000000000000000000000003', 4803, 'com.runwaysdk.system.metadata.RestoreAppnameException.oid', '2015-07-28 10:23:07', 'ie4qi8woxzeljl41hstytkvgifdsmfbo20071129NM0000000000000000000003', 'i56frb0un3td1od4gzsjds7fbe8g7qr600000000000000000000000000000138');
INSERT INTO visibilitymodifier (set_id, item_id)  VALUES  ('1ytq18v88ikvmymq09qa2f4wz7pue7nv', '20071109NM000000000000000000000520071109NM0000000000000000000001');
INSERT INTO metadata_display_label ( default_locale, oid, site_master, key_name) VALUES ('Current App Name', '6w4w3pkqa4neaaiawnh39vrhy92wiwh7NM200904120000000000000000000030', 'www.runwaysdk.com', '6w4w3pkqa4neaaiawnh39vrhy92wiwh7NM200904120000000000000000000030');
INSERT INTO visibilitymodifier (set_id, item_id)  VALUES  ('6qcibliabqbrqxrnhbwzuh37k9vzrxkv', '20071109NM000000000000000000000520071109NM0000000000000000000001');
INSERT INTO md_attribute_indicies (set_id, item_id)  VALUES  ('z69kopictj720kg0pxw3j0t8edctumqg', '0000000000000000000000000000040100000000000000000000000000000403');
INSERT INTO metadata_display_label ( default_locale, oid, site_master, key_name) VALUES (NULL, '8t6z9dhwb4ubfm4g7wymzmwhp646oljqNM200904120000000000000000000030', 'www.runwaysdk.com', '8t6z9dhwb4ubfm4g7wymzmwhp646oljqNM200904120000000000000000000030');
INSERT INTO md_attribute_character ( default_value, database_size, oid) VALUES (NULL, 255, 'ik18urht5p3sodg9vg7v9kgq5zuljp2000000000000000000000000000000138');
INSERT INTO md_attribute_char ( oid) VALUES ('ik18urht5p3sodg9vg7v9kgq5zuljp2000000000000000000000000000000138');
INSERT INTO md_attribute_primitive ( expression, is_expression, oid) VALUES (NULL, 0, 'ik18urht5p3sodg9vg7v9kgq5zuljp2000000000000000000000000000000138');
INSERT INTO md_attribute_concrete ( column_name, defining_md_class, setter_visibility, setter_visibility_c, immutable, index_name, generate_accessor, system, required, display_label, getter_visibility, getter_visibility_c, index_type, index_type_c, attribute_name, oid) VALUES ('n_a', 'ie4qi8woxzeljl41hstytkvgifdsmfbo20071129NM0000000000000000000003', '1ytq18v88ikvmymq09qa2f4wz7pue7nv', '20071109NM000000000000000000000520071109NM0000000000000000000001', 0, NULL, 1, 0, 0, '6w4w3pkqa4neaaiawnh39vrhy92wiwh7NM200904120000000000000000000030', '6qcibliabqbrqxrnhbwzuh37k9vzrxkv', '20071109NM000000000000000000000520071109NM0000000000000000000001', 'z69kopictj720kg0pxw3j0t8edctumqg', '0000000000000000000000000000040100000000000000000000000000000403', 'currentAppname', 'ik18urht5p3sodg9vg7v9kgq5zuljp2000000000000000000000000000000138');
INSERT INTO md_attribute ( oid) VALUES ('ik18urht5p3sodg9vg7v9kgq5zuljp2000000000000000000000000000000138');
INSERT INTO metadata ( description, created_by, owner, oid, create_date, seq, type, remove, site_master, locked_by, entity_domain, last_updated_by, last_update_date, key_name) VALUES ('8t6z9dhwb4ubfm4g7wymzmwhp646oljqNM200904120000000000000000000030', '0000000000000000000000000000001000000000000000000000000000000003', '0000000000000000000000000000001000000000000000000000000000000003', 'ik18urht5p3sodg9vg7v9kgq5zuljp2000000000000000000000000000000138', '2015-07-28 10:23:07', 4804, 'com.runwaysdk.system.metadata.MdAttributeCharacter', 1, 'www.runwaysdk.com', NULL, NULL, '0000000000000000000000000000001000000000000000000000000000000003', '2015-07-28 10:23:07', 'com.runwaysdk.system.metadata.RestoreAppnameException.currentAppname');
INSERT INTO class_attribute_concrete ( oid, parent_id, child_id) VALUES ('ik18urht5p3sodg9vg7v9kgq5zuljp2000000000000000000000000000000073', 'ie4qi8woxzeljl41hstytkvgifdsmfbo20071129NM0000000000000000000003', 'ik18urht5p3sodg9vg7v9kgq5zuljp2000000000000000000000000000000138');
INSERT INTO class_attribute ( oid, parent_id, child_id) VALUES ('ik18urht5p3sodg9vg7v9kgq5zuljp2000000000000000000000000000000073', 'ie4qi8woxzeljl41hstytkvgifdsmfbo20071129NM0000000000000000000003', 'ik18urht5p3sodg9vg7v9kgq5zuljp2000000000000000000000000000000138');
INSERT INTO metadata_relationship ( entity_domain, site_master, last_updated_by, oid, owner, locked_by, create_date, type, created_by, seq, key_name, last_update_date, parent_id, child_id) VALUES (NULL, 'www.runwaysdk.com', '0000000000000000000000000000001000000000000000000000000000000003', 'ik18urht5p3sodg9vg7v9kgq5zuljp2000000000000000000000000000000073', '0000000000000000000000000000001000000000000000000000000000000003', NULL, '2015-07-28 10:23:07', 'com.runwaysdk.system.metadata.ClassAttributeConcrete', '0000000000000000000000000000001000000000000000000000000000000003', 4805, 'com.runwaysdk.system.metadata.RestoreAppnameException.currentAppname', '2015-07-28 10:23:07', 'ie4qi8woxzeljl41hstytkvgifdsmfbo20071129NM0000000000000000000003', 'ik18urht5p3sodg9vg7v9kgq5zuljp2000000000000000000000000000000138');
INSERT INTO visibilitymodifier (set_id, item_id)  VALUES  ('x8h41hdm3ztf0nono46e06qw0z3stlkt', '20071109NM000000000000000000000520071109NM0000000000000000000001');
INSERT INTO metadata_display_label ( default_locale, oid, site_master, key_name) VALUES ('Restore App Name', 'qqsfduzuvmrys16zuse4rmmh1r8ss9vcNM200904120000000000000000000030', 'www.runwaysdk.com', 'qqsfduzuvmrys16zuse4rmmh1r8ss9vcNM200904120000000000000000000030');
INSERT INTO visibilitymodifier (set_id, item_id)  VALUES  ('sdkmsh0u9bg3to66412xpuzxnv91m4nu', '20071109NM000000000000000000000520071109NM0000000000000000000001');
INSERT INTO md_attribute_indicies (set_id, item_id)  VALUES  ('0k4c4fj4oh6q24gccur6ywae6g5qoc30', '0000000000000000000000000000040100000000000000000000000000000403');
INSERT INTO metadata_display_label ( default_locale, oid, site_master, key_name) VALUES (NULL, '22v6oql9srce8t9nm6d0pitp90yx9ml6NM200904120000000000000000000030', 'www.runwaysdk.com', '22v6oql9srce8t9nm6d0pitp90yx9ml6NM200904120000000000000000000030');
INSERT INTO md_attribute_character ( default_value, database_size, oid) VALUES (NULL, 255, 'ifzs1ft1jsrclrtmaj9hut22shzcv4ly00000000000000000000000000000138');
INSERT INTO md_attribute_char ( oid) VALUES ('ifzs1ft1jsrclrtmaj9hut22shzcv4ly00000000000000000000000000000138');
INSERT INTO md_attribute_primitive ( expression, is_expression, oid) VALUES (NULL, 0, 'ifzs1ft1jsrclrtmaj9hut22shzcv4ly00000000000000000000000000000138');
INSERT INTO md_attribute_concrete ( column_name, defining_md_class, setter_visibility, setter_visibility_c, immutable, index_name, generate_accessor, system, required, display_label, getter_visibility, getter_visibility_c, index_type, index_type_c, attribute_name, oid) VALUES ('n_a', 'ie4qi8woxzeljl41hstytkvgifdsmfbo20071129NM0000000000000000000003', 'x8h41hdm3ztf0nono46e06qw0z3stlkt', '20071109NM000000000000000000000520071109NM0000000000000000000001', 0, NULL, 1, 0, 0, 'qqsfduzuvmrys16zuse4rmmh1r8ss9vcNM200904120000000000000000000030', 'sdkmsh0u9bg3to66412xpuzxnv91m4nu', '20071109NM000000000000000000000520071109NM0000000000000000000001', '0k4c4fj4oh6q24gccur6ywae6g5qoc30', '0000000000000000000000000000040100000000000000000000000000000403', 'restoreAppname', 'ifzs1ft1jsrclrtmaj9hut22shzcv4ly00000000000000000000000000000138');
INSERT INTO md_attribute ( oid) VALUES ('ifzs1ft1jsrclrtmaj9hut22shzcv4ly00000000000000000000000000000138');
INSERT INTO metadata ( description, created_by, owner, oid, create_date, seq, type, remove, site_master, locked_by, entity_domain, last_updated_by, last_update_date, key_name) VALUES ('22v6oql9srce8t9nm6d0pitp90yx9ml6NM200904120000000000000000000030', '0000000000000000000000000000001000000000000000000000000000000003', '0000000000000000000000000000001000000000000000000000000000000003', 'ifzs1ft1jsrclrtmaj9hut22shzcv4ly00000000000000000000000000000138', '2015-07-28 10:23:07', 4806, 'com.runwaysdk.system.metadata.MdAttributeCharacter', 1, 'www.runwaysdk.com', NULL, NULL, '0000000000000000000000000000001000000000000000000000000000000003', '2015-07-28 10:23:07', 'com.runwaysdk.system.metadata.RestoreAppnameException.restoreAppname');
INSERT INTO class_attribute_concrete ( oid, parent_id, child_id) VALUES ('ifzs1ft1jsrclrtmaj9hut22shzcv4ly00000000000000000000000000000073', 'ie4qi8woxzeljl41hstytkvgifdsmfbo20071129NM0000000000000000000003', 'ifzs1ft1jsrclrtmaj9hut22shzcv4ly00000000000000000000000000000138');
INSERT INTO class_attribute ( oid, parent_id, child_id) VALUES ('ifzs1ft1jsrclrtmaj9hut22shzcv4ly00000000000000000000000000000073', 'ie4qi8woxzeljl41hstytkvgifdsmfbo20071129NM0000000000000000000003', 'ifzs1ft1jsrclrtmaj9hut22shzcv4ly00000000000000000000000000000138');
INSERT INTO metadata_relationship ( entity_domain, site_master, last_updated_by, oid, owner, locked_by, create_date, type, created_by, seq, key_name, last_update_date, parent_id, child_id) VALUES (NULL, 'www.runwaysdk.com', '0000000000000000000000000000001000000000000000000000000000000003', 'ifzs1ft1jsrclrtmaj9hut22shzcv4ly00000000000000000000000000000073', '0000000000000000000000000000001000000000000000000000000000000003', NULL, '2015-07-28 10:23:07', 'com.runwaysdk.system.metadata.ClassAttributeConcrete', '0000000000000000000000000000001000000000000000000000000000000003', 4807, 'com.runwaysdk.system.metadata.RestoreAppnameException.restoreAppname', '2015-07-28 10:23:07', 'ie4qi8woxzeljl41hstytkvgifdsmfbo20071129NM0000000000000000000003', 'ifzs1ft1jsrclrtmaj9hut22shzcv4ly00000000000000000000000000000138');
UPDATE md_localizable SET message= 'sk70zrj42i482o0m1zby3p030uklmoirxox4feeesezr4kr18adyz3v3h2ntja5s' , oid= 'itcgr9ao0vxjjcyi7uxdfvsekivukw9w20071129NM0000000000000000000003'  WHERE oid='itcgr9ao0vxjjcyi7uxdfvsekivukw9w20071129NM0000000000000000000003';
UPDATE md_type SET display_label= 'sbh6t2dkidhfylebirklo9til338fnq4NM200904120000000000000000000030' , root_id= 'itcgr9ao0vxjjcyi7uxdfvsekivukw9w' , package_name= 'com.runwaysdk.system.metadata' , type_name= 'CreateBackupException' , oid= 'itcgr9ao0vxjjcyi7uxdfvsekivukw9w20071129NM0000000000000000000003'  WHERE oid='itcgr9ao0vxjjcyi7uxdfvsekivukw9w20071129NM0000000000000000000003';
UPDATE metadata SET description= '25c4ecsojyuv6j5n7e8lof8478ri2dukNM200904120000000000000000000030' , created_by= '0000000000000000000000000000001000000000000000000000000000000003' , owner= '0000000000000000000000000000001000000000000000000000000000000003' , oid= 'itcgr9ao0vxjjcyi7uxdfvsekivukw9w20071129NM0000000000000000000003' , create_date= '2015-07-28 10:23:07' , seq= 4808 , type= 'com.runwaysdk.system.metadata.MdException' , site_master= 'www.runwaysdk.com' , last_updated_by= '0000000000000000000000000000001000000000000000000000000000000003' , last_update_date= '2015-07-28 10:23:07' , key_name= 'com.runwaysdk.system.metadata.CreateBackupException'  WHERE oid='itcgr9ao0vxjjcyi7uxdfvsekivukw9w20071129NM0000000000000000000003';
UPDATE md_localizable SET message= '1qro5g47ex2favqn7xisvms2w8syknfpxox4feeesezr4kr18adyz3v3h2ntja5s' , oid= 'isl9n6cneegy20llcxb5zybt97eqav9e20071129NM0000000000000000000003'  WHERE oid='isl9n6cneegy20llcxb5zybt97eqav9e20071129NM0000000000000000000003';
UPDATE md_type SET display_label= 'z3ekm9h6n3tbav983fr2c8pmkayh3pvvNM200904120000000000000000000030' , root_id= 'isl9n6cneegy20llcxb5zybt97eqav9e' , package_name= 'com.runwaysdk.system.metadata' , type_name= 'BackupReadException' , oid= 'isl9n6cneegy20llcxb5zybt97eqav9e20071129NM0000000000000000000003'  WHERE oid='isl9n6cneegy20llcxb5zybt97eqav9e20071129NM0000000000000000000003';
UPDATE metadata SET description= '1zphbw5pneg9eqs35u510aw6pr0o4zdeNM200904120000000000000000000030' , created_by= '0000000000000000000000000000001000000000000000000000000000000003' , owner= '0000000000000000000000000000001000000000000000000000000000000003' , oid= 'isl9n6cneegy20llcxb5zybt97eqav9e20071129NM0000000000000000000003' , create_date= '2015-07-28 10:23:07' , seq= 4809 , type= 'com.runwaysdk.system.metadata.MdException' , site_master= 'www.runwaysdk.com' , last_updated_by= '0000000000000000000000000000001000000000000000000000000000000003' , last_update_date= '2015-07-28 10:23:07' , key_name= 'com.runwaysdk.system.metadata.BackupReadException'  WHERE oid='isl9n6cneegy20llcxb5zybt97eqav9e20071129NM0000000000000000000003';
UPDATE md_localizable SET message= 'qsios6hkga3k5fyandhkaplgxmsddqdkxox4feeesezr4kr18adyz3v3h2ntja5s' , oid= 'i7wmbvxr7s604gcc8c3wv6mzr5zflv8720071129NM0000000000000000000003'  WHERE oid='i7wmbvxr7s604gcc8c3wv6mzr5zflv8720071129NM0000000000000000000003';
UPDATE md_type SET display_label= '8pvuwgl8a34oboah2x62mx7sxn40oxi0NM200904120000000000000000000030' , root_id= 'i7wmbvxr7s604gcc8c3wv6mzr5zflv87' , package_name= 'com.runwaysdk.system.metadata' , type_name= 'CorruptBackupException' , oid= 'i7wmbvxr7s604gcc8c3wv6mzr5zflv8720071129NM0000000000000000000003'  WHERE oid='i7wmbvxr7s604gcc8c3wv6mzr5zflv8720071129NM0000000000000000000003';
UPDATE metadata SET description= 'ze879wrlalnwwqlpuu7f4bmsw1w39ho7NM200904120000000000000000000030' , created_by= '0000000000000000000000000000001000000000000000000000000000000003' , owner= '0000000000000000000000000000001000000000000000000000000000000003' , oid= 'i7wmbvxr7s604gcc8c3wv6mzr5zflv8720071129NM0000000000000000000003' , create_date= '2015-07-28 10:23:07' , seq= 4810 , type= 'com.runwaysdk.system.metadata.MdException' , site_master= 'www.runwaysdk.com' , last_updated_by= '0000000000000000000000000000001000000000000000000000000000000003' , last_update_date= '2015-07-28 10:23:07' , key_name= 'com.runwaysdk.system.metadata.CorruptBackupException'  WHERE oid='i7wmbvxr7s604gcc8c3wv6mzr5zflv8720071129NM0000000000000000000003';
UPDATE md_localizable SET message= '8enzxaso3tj4g32o1gxx1h3333vd26e4xox4feeesezr4kr18adyz3v3h2ntja5s' , oid= 'ie4qi8woxzeljl41hstytkvgifdsmfbo20071129NM0000000000000000000003'  WHERE oid='ie4qi8woxzeljl41hstytkvgifdsmfbo20071129NM0000000000000000000003';
UPDATE md_type SET display_label= '0k0i3j9g1v5jpb4ksxkygxhq61yz3r5yNM200904120000000000000000000030' , root_id= 'ie4qi8woxzeljl41hstytkvgifdsmfbo' , package_name= 'com.runwaysdk.system.metadata' , type_name= 'RestoreAppnameException' , oid= 'ie4qi8woxzeljl41hstytkvgifdsmfbo20071129NM0000000000000000000003'  WHERE oid='ie4qi8woxzeljl41hstytkvgifdsmfbo20071129NM0000000000000000000003';
UPDATE metadata SET description= '034z27kglcyu8z3ntedjw41d1shrwj6gNM200904120000000000000000000030' , created_by= '0000000000000000000000000000001000000000000000000000000000000003' , owner= '0000000000000000000000000000001000000000000000000000000000000003' , oid= 'ie4qi8woxzeljl41hstytkvgifdsmfbo20071129NM0000000000000000000003' , create_date= '2015-07-28 10:23:07' , seq= 4811 , type= 'com.runwaysdk.system.metadata.MdException' , site_master= 'www.runwaysdk.com' , last_updated_by= '0000000000000000000000000000001000000000000000000000000000000003' , last_update_date= '2015-07-28 10:23:07' , key_name= 'com.runwaysdk.system.metadata.RestoreAppnameException'  WHERE oid='ie4qi8woxzeljl41hstytkvgifdsmfbo20071129NM0000000000000000000003';
