INSERT INTO class_cache (set_id, item_id)  VALUES  ('y0sf4h4c5q5c56eldpr5qzuh0mkvxafw', '0000000000000000000000000000023100000000000000000000000000000222');
INSERT INTO metadata_display_label ( key_name, id, site_master, default_locale) VALUES ('8zou76ln359n1d67y820g0o6pppspbj0NM200904120000000000000000000030', '8zou76ln359n1d67y820g0o6pppspbj0NM200904120000000000000000000030', 'terraframe.com', 'MdTerm');
INSERT INTO metadata_display_label ( key_name, id, site_master, default_locale) VALUES ('78ypumywcekcf76fmaktsxtiw60ahjlnNM200904120000000000000000000030', '78ypumywcekcf76fmaktsxtiw60ahjlnNM200904120000000000000000000030', 'terraframe.com', 'Business for term definition');
INSERT INTO md_business ( super_md_business, cache_algorithm, cache_algorithm_c, id) VALUES ('0000000000000000000000000000000100000000000000000000000000000001', 'y0sf4h4c5q5c56eldpr5qzuh0mkvxafw', '0000000000000000000000000000023100000000000000000000000000000222', 'i1ry1ortn0bouqdvpf9jeaxuge7hopxi00000000000000000000000000000001');
INSERT INTO md_element ( is_abstract, extendable, id) VALUES (0, 1, 'i1ry1ortn0bouqdvpf9jeaxuge7hopxi00000000000000000000000000000001');
INSERT INTO md_entity ( cache_size, query_dto_source, has_deterministic_ids, enforce_site_master, query_source, table_name, id) VALUES (0, NULL, 0, 1, NULL, 'md_term', 'i1ry1ortn0bouqdvpf9jeaxuge7hopxi00000000000000000000000000000001');
INSERT INTO md_class ( stub_source, publish, stub_dto_source, id) VALUES (NULL, 1, NULL, 'i1ry1ortn0bouqdvpf9jeaxuge7hopxi00000000000000000000000000000001');
INSERT INTO md_type ( type_name, js_stub, display_label, exported, generate_source, js_base, base_source, package_name, root_id, dto_source, id) VALUES ('MdTerm', NULL, '8zou76ln359n1d67y820g0o6pppspbj0NM200904120000000000000000000030', 1, 1, NULL, NULL, 'com.runwaysdk.system.metadata', 'i1ry1ortn0bouqdvpf9jeaxuge7hopxi', NULL, 'i1ry1ortn0bouqdvpf9jeaxuge7hopxi00000000000000000000000000000001');
INSERT INTO metadata ( create_date, seq, type, created_by, last_update_date, last_updated_by, description, locked_by, remove, owner, entity_domain, id, key_name, site_master) VALUES ('2018-01-19 10:41:15', 5080, 'com.runwaysdk.system.metadata.MdBusiness', '0000000000000000000000000000001000000000000000000000000000000003', '2018-01-19 10:41:15', '0000000000000000000000000000001000000000000000000000000000000003', '78ypumywcekcf76fmaktsxtiw60ahjlnNM200904120000000000000000000030', NULL, 1, '0000000000000000000000000000001000000000000000000000000000000003', NULL, 'i1ry1ortn0bouqdvpf9jeaxuge7hopxi00000000000000000000000000000001', 'com.runwaysdk.system.metadata.MdTerm', 'terraframe.com');
CREATE TABLE md_term ( id CHAR(64) NOT NULL PRIMARY KEY );
INSERT INTO business_inheritance ( id, parent_id, child_id) VALUES ('i1ry1ortn0bouqdvpf9jeaxuge7hopxi20070926NM0000000000000000000004', '0000000000000000000000000000000100000000000000000000000000000001', 'i1ry1ortn0bouqdvpf9jeaxuge7hopxi00000000000000000000000000000001');
INSERT INTO class_inheritance ( id, parent_id, child_id) VALUES ('i1ry1ortn0bouqdvpf9jeaxuge7hopxi20070926NM0000000000000000000004', '0000000000000000000000000000000100000000000000000000000000000001', 'i1ry1ortn0bouqdvpf9jeaxuge7hopxi00000000000000000000000000000001');
INSERT INTO metadata_relationship ( id, created_by, type, last_update_date, site_master, owner, seq, key_name, entity_domain, locked_by, create_date, last_updated_by, parent_id, child_id) VALUES ('i1ry1ortn0bouqdvpf9jeaxuge7hopxi20070926NM0000000000000000000004', '0000000000000000000000000000001000000000000000000000000000000003', 'com.runwaysdk.system.metadata.BusinessInheritance', '2018-01-19 10:41:15', 'terraframe.com', '0000000000000000000000000000001000000000000000000000000000000003', 5081, 'com.runwaysdk.system.metadata.MdTerm', NULL, NULL, '2018-01-19 10:41:15', '0000000000000000000000000000001000000000000000000000000000000003', '0000000000000000000000000000000100000000000000000000000000000001', 'i1ry1ortn0bouqdvpf9jeaxuge7hopxi00000000000000000000000000000001');
INSERT INTO class_cache (set_id, item_id)  VALUES  ('0nltsh7rh41f14pv54tv916tfikzjnk6', '0000000000000000000000000000023100000000000000000000000000000222');
INSERT INTO metadata_display_label ( key_name, id, site_master, default_locale) VALUES ('sj4je3bh6pkwpu4nf3c5dlfe2j3g815xNM200904120000000000000000000030', 'sj4je3bh6pkwpu4nf3c5dlfe2j3g815xNM200904120000000000000000000030', 'terraframe.com', 'Association Type Enum');
INSERT INTO metadata_display_label ( key_name, id, site_master, default_locale) VALUES ('1qq6yyxbepyy3dzczsfm4ees87wqh712NM200904120000000000000000000030', '1qq6yyxbepyy3dzczsfm4ees87wqh712NM200904120000000000000000000030', 'terraframe.com', 'Enumeration master for association types');
INSERT INTO md_business ( super_md_business, cache_algorithm, cache_algorithm_c, id) VALUES ('0000000000000000000000000000020600000000000000000000000000000001', '0nltsh7rh41f14pv54tv916tfikzjnk6', '0000000000000000000000000000023100000000000000000000000000000222', 'ieudt6j4o5qzrjc2e4cm5k1nsc4lv8gh00000000000000000000000000000001');
INSERT INTO md_element ( is_abstract, extendable, id) VALUES (0, 0, 'ieudt6j4o5qzrjc2e4cm5k1nsc4lv8gh00000000000000000000000000000001');
INSERT INTO md_entity ( cache_size, query_dto_source, has_deterministic_ids, enforce_site_master, query_source, table_name, id) VALUES (0, NULL, 0, 1, NULL, 'association_type_enum', 'ieudt6j4o5qzrjc2e4cm5k1nsc4lv8gh00000000000000000000000000000001');
INSERT INTO md_class ( stub_source, publish, stub_dto_source, id) VALUES (NULL, 1, NULL, 'ieudt6j4o5qzrjc2e4cm5k1nsc4lv8gh00000000000000000000000000000001');
INSERT INTO md_type ( type_name, js_stub, display_label, exported, generate_source, js_base, base_source, package_name, root_id, dto_source, id) VALUES ('AssociationTypeEnum', NULL, 'sj4je3bh6pkwpu4nf3c5dlfe2j3g815xNM200904120000000000000000000030', 1, 1, NULL, NULL, 'com.runwaysdk.system.metadata', 'ieudt6j4o5qzrjc2e4cm5k1nsc4lv8gh', NULL, 'ieudt6j4o5qzrjc2e4cm5k1nsc4lv8gh00000000000000000000000000000001');
INSERT INTO metadata ( create_date, seq, type, created_by, last_update_date, last_updated_by, description, locked_by, remove, owner, entity_domain, id, key_name, site_master) VALUES ('2018-01-19 10:41:15', 5082, 'com.runwaysdk.system.metadata.MdBusiness', '0000000000000000000000000000001000000000000000000000000000000003', '2018-01-19 10:41:15', '0000000000000000000000000000001000000000000000000000000000000003', '1qq6yyxbepyy3dzczsfm4ees87wqh712NM200904120000000000000000000030', NULL, 1, '0000000000000000000000000000001000000000000000000000000000000003', NULL, 'ieudt6j4o5qzrjc2e4cm5k1nsc4lv8gh00000000000000000000000000000001', 'com.runwaysdk.system.metadata.AssociationTypeEnum', 'terraframe.com');
CREATE TABLE association_type_enum ( id CHAR(64) NOT NULL PRIMARY KEY );
INSERT INTO business_inheritance ( id, parent_id, child_id) VALUES ('ieudt6j4o5qzrjc2e4cm5k1nsc4lv8gh20070926NM0000000000000000000004', '0000000000000000000000000000020600000000000000000000000000000001', 'ieudt6j4o5qzrjc2e4cm5k1nsc4lv8gh00000000000000000000000000000001');
INSERT INTO class_inheritance ( id, parent_id, child_id) VALUES ('ieudt6j4o5qzrjc2e4cm5k1nsc4lv8gh20070926NM0000000000000000000004', '0000000000000000000000000000020600000000000000000000000000000001', 'ieudt6j4o5qzrjc2e4cm5k1nsc4lv8gh00000000000000000000000000000001');
INSERT INTO metadata_relationship ( id, created_by, type, last_update_date, site_master, owner, seq, key_name, entity_domain, locked_by, create_date, last_updated_by, parent_id, child_id) VALUES ('ieudt6j4o5qzrjc2e4cm5k1nsc4lv8gh20070926NM0000000000000000000004', '0000000000000000000000000000001000000000000000000000000000000003', 'com.runwaysdk.system.metadata.BusinessInheritance', '2018-01-19 10:41:15', 'terraframe.com', '0000000000000000000000000000001000000000000000000000000000000003', 5083, 'com.runwaysdk.system.metadata.AssociationTypeEnum', NULL, NULL, '2018-01-19 10:41:15', '0000000000000000000000000000001000000000000000000000000000000003', '0000000000000000000000000000020600000000000000000000000000000001', 'ieudt6j4o5qzrjc2e4cm5k1nsc4lv8gh00000000000000000000000000000001');
INSERT INTO metadata_display_label ( key_name, id, site_master, default_locale) VALUES ('skdraxuc26g722oi3yw5v87bcvnkqwe4NM200904120000000000000000000030', 'skdraxuc26g722oi3yw5v87bcvnkqwe4NM200904120000000000000000000030', 'terraframe.com', 'Relationship');
INSERT INTO association_type_enum ( id) VALUES ('s8zfqjyreln8ywbz367fc337nogti2ucieudt6j4o5qzrjc2e4cm5k1nsc4lv8gh');
INSERT INTO enumeration_master ( site_master, last_updated_by, owner, locked_by, key_name, type, enum_name, display_label, id, last_update_date, create_date, created_by, entity_domain, seq) VALUES ('terraframe.com', '0000000000000000000000000000001000000000000000000000000000000003', '0000000000000000000000000000001000000000000000000000000000000003', NULL, 'com.runwaysdk.system.metadata.AssociationTypeEnum.Relationship', 'com.runwaysdk.system.metadata.AssociationTypeEnum', 'Relationship', 'skdraxuc26g722oi3yw5v87bcvnkqwe4NM200904120000000000000000000030', 's8zfqjyreln8ywbz367fc337nogti2ucieudt6j4o5qzrjc2e4cm5k1nsc4lv8gh', '2018-01-19 10:41:15', '2018-01-19 10:41:15', '0000000000000000000000000000001000000000000000000000000000000003', NULL, 5084);
INSERT INTO metadata_display_label ( key_name, id, site_master, default_locale) VALUES ('xzw2dzzugf3px4b37nupninzs1ch0e7sNM200904120000000000000000000030', 'xzw2dzzugf3px4b37nupninzs1ch0e7sNM200904120000000000000000000030', 'terraframe.com', 'Tree');
INSERT INTO association_type_enum ( id) VALUES ('xn391qqzsh1la88nyrq59e0xl4x95de4ieudt6j4o5qzrjc2e4cm5k1nsc4lv8gh');
INSERT INTO enumeration_master ( site_master, last_updated_by, owner, locked_by, key_name, type, enum_name, display_label, id, last_update_date, create_date, created_by, entity_domain, seq) VALUES ('terraframe.com', '0000000000000000000000000000001000000000000000000000000000000003', '0000000000000000000000000000001000000000000000000000000000000003', NULL, 'com.runwaysdk.system.metadata.AssociationTypeEnum.Tree', 'com.runwaysdk.system.metadata.AssociationTypeEnum', 'Tree', 'xzw2dzzugf3px4b37nupninzs1ch0e7sNM200904120000000000000000000030', 'xn391qqzsh1la88nyrq59e0xl4x95de4ieudt6j4o5qzrjc2e4cm5k1nsc4lv8gh', '2018-01-19 10:41:15', '2018-01-19 10:41:15', '0000000000000000000000000000001000000000000000000000000000000003', NULL, 5085);
INSERT INTO metadata_display_label ( key_name, id, site_master, default_locale) VALUES ('020wj4r4y05o7cexd6jzk0zbha362qiuNM200904120000000000000000000030', '020wj4r4y05o7cexd6jzk0zbha362qiuNM200904120000000000000000000030', 'terraframe.com', 'Graph');
INSERT INTO association_type_enum ( id) VALUES ('xaw53pg208866xz1rekxrwx7i3rjtvc4ieudt6j4o5qzrjc2e4cm5k1nsc4lv8gh');
INSERT INTO enumeration_master ( site_master, last_updated_by, owner, locked_by, key_name, type, enum_name, display_label, id, last_update_date, create_date, created_by, entity_domain, seq) VALUES ('terraframe.com', '0000000000000000000000000000001000000000000000000000000000000003', '0000000000000000000000000000001000000000000000000000000000000003', NULL, 'com.runwaysdk.system.metadata.AssociationTypeEnum.Graph', 'com.runwaysdk.system.metadata.AssociationTypeEnum', 'Graph', '020wj4r4y05o7cexd6jzk0zbha362qiuNM200904120000000000000000000030', 'xaw53pg208866xz1rekxrwx7i3rjtvc4ieudt6j4o5qzrjc2e4cm5k1nsc4lv8gh', '2018-01-19 10:41:15', '2018-01-19 10:41:15', '0000000000000000000000000000001000000000000000000000000000000003', NULL, 5086);
INSERT INTO metadata_display_label ( key_name, id, site_master, default_locale) VALUES ('7gyqt7ory8iov79cq3trioxov1a82xv3NM200904120000000000000000000030', '7gyqt7ory8iov79cq3trioxov1a82xv3NM200904120000000000000000000030', 'terraframe.com', 'Association type enumeration');
INSERT INTO metadata_display_label ( key_name, id, site_master, default_locale) VALUES ('8lket8nju9fqku6bn7htg0eqos4asneoNM200904120000000000000000000030', '8lket8nju9fqku6bn7htg0eqos4asneoNM200904120000000000000000000030', 'terraframe.com', NULL);
INSERT INTO md_enumeration ( master_md_business, table_name, include_all, id) VALUES ('ieudt6j4o5qzrjc2e4cm5k1nsc4lv8gh00000000000000000000000000000001', 'associationtype', 1, 'i4yr7izrif4ds4mt736wvwcpicuc4b1600000000000000000000000000000196');
INSERT INTO md_type ( type_name, js_stub, display_label, exported, generate_source, js_base, base_source, package_name, root_id, dto_source, id) VALUES ('AssociationType', NULL, '7gyqt7ory8iov79cq3trioxov1a82xv3NM200904120000000000000000000030', 1, 1, NULL, NULL, 'com.runwaysdk.system.metadata', 'i4yr7izrif4ds4mt736wvwcpicuc4b16', NULL, 'i4yr7izrif4ds4mt736wvwcpicuc4b1600000000000000000000000000000196');
INSERT INTO metadata ( create_date, seq, type, created_by, last_update_date, last_updated_by, description, locked_by, remove, owner, entity_domain, id, key_name, site_master) VALUES ('2018-01-19 10:41:15', 5087, 'com.runwaysdk.system.metadata.MdEnumeration', '0000000000000000000000000000001000000000000000000000000000000003', '2018-01-19 10:41:15', '0000000000000000000000000000001000000000000000000000000000000003', '8lket8nju9fqku6bn7htg0eqos4asneoNM200904120000000000000000000030', NULL, 1, '0000000000000000000000000000001000000000000000000000000000000003', NULL, 'i4yr7izrif4ds4mt736wvwcpicuc4b1600000000000000000000000000000196', 'com.runwaysdk.system.metadata.AssociationType', 'terraframe.com');
INSERT INTO enumeration_attribute ( id, parent_id, child_id) VALUES ('i4yr7izrif4ds4mt736wvwcpicuc4b1600000000000000000000000000000212', 'ieudt6j4o5qzrjc2e4cm5k1nsc4lv8gh00000000000000000000000000000001', 'i4yr7izrif4ds4mt736wvwcpicuc4b1600000000000000000000000000000196');
INSERT INTO metadata_relationship ( id, created_by, type, last_update_date, site_master, owner, seq, key_name, entity_domain, locked_by, create_date, last_updated_by, parent_id, child_id) VALUES ('i4yr7izrif4ds4mt736wvwcpicuc4b1600000000000000000000000000000212', '0000000000000000000000000000001000000000000000000000000000000003', 'com.runwaysdk.system.metadata.EnumerationAttribute', '2018-01-19 10:41:15', 'terraframe.com', '0000000000000000000000000000001000000000000000000000000000000003', 5088, 'com.runwaysdk.system.metadata.AssociationType', NULL, NULL, '2018-01-19 10:41:15', '0000000000000000000000000000001000000000000000000000000000000003', 'ieudt6j4o5qzrjc2e4cm5k1nsc4lv8gh00000000000000000000000000000001', 'i4yr7izrif4ds4mt736wvwcpicuc4b1600000000000000000000000000000196');
CREATE TABLE associationtype 
(set_id                CHAR(32) NOT NULL, 
item_id CHAR(64) NOT NULL);
CREATE UNIQUE INDEX ai4yr7izrif4ds4mt736wvwcpicuc4 ON associationtype (set_id, item_id);
INSERT INTO enumeration_attribute_item ( id, parent_id, child_id) VALUES ('inf0jr7p50f0x2xpyu3g3szk8723d0at00000000000000000000000000000294', 'i4yr7izrif4ds4mt736wvwcpicuc4b1600000000000000000000000000000196', 's8zfqjyreln8ywbz367fc337nogti2ucieudt6j4o5qzrjc2e4cm5k1nsc4lv8gh');
INSERT INTO metadata_relationship ( id, created_by, type, last_update_date, site_master, owner, seq, key_name, entity_domain, locked_by, create_date, last_updated_by, parent_id, child_id) VALUES ('inf0jr7p50f0x2xpyu3g3szk8723d0at00000000000000000000000000000294', '0000000000000000000000000000001000000000000000000000000000000003', 'com.runwaysdk.system.metadata.EnumerationAttributeItem', '2018-01-19 10:41:15', 'terraframe.com', '0000000000000000000000000000001000000000000000000000000000000003', 5089, 'com.runwaysdk.system.metadata.AssociationType.Relationship', NULL, NULL, '2018-01-19 10:41:15', '0000000000000000000000000000001000000000000000000000000000000003', 'i4yr7izrif4ds4mt736wvwcpicuc4b1600000000000000000000000000000196', 's8zfqjyreln8ywbz367fc337nogti2ucieudt6j4o5qzrjc2e4cm5k1nsc4lv8gh');
INSERT INTO enumeration_attribute_item ( id, parent_id, child_id) VALUES ('iqia03jo59cww7q0zeizkngaolktz2iw00000000000000000000000000000294', 'i4yr7izrif4ds4mt736wvwcpicuc4b1600000000000000000000000000000196', 'xn391qqzsh1la88nyrq59e0xl4x95de4ieudt6j4o5qzrjc2e4cm5k1nsc4lv8gh');
INSERT INTO metadata_relationship ( id, created_by, type, last_update_date, site_master, owner, seq, key_name, entity_domain, locked_by, create_date, last_updated_by, parent_id, child_id) VALUES ('iqia03jo59cww7q0zeizkngaolktz2iw00000000000000000000000000000294', '0000000000000000000000000000001000000000000000000000000000000003', 'com.runwaysdk.system.metadata.EnumerationAttributeItem', '2018-01-19 10:41:15', 'terraframe.com', '0000000000000000000000000000001000000000000000000000000000000003', 5090, 'com.runwaysdk.system.metadata.AssociationType.Tree', NULL, NULL, '2018-01-19 10:41:15', '0000000000000000000000000000001000000000000000000000000000000003', 'i4yr7izrif4ds4mt736wvwcpicuc4b1600000000000000000000000000000196', 'xn391qqzsh1la88nyrq59e0xl4x95de4ieudt6j4o5qzrjc2e4cm5k1nsc4lv8gh');
INSERT INTO enumeration_attribute_item ( id, parent_id, child_id) VALUES ('i2cdu9891d5f9gzstfb6ssdz2841kngl00000000000000000000000000000294', 'i4yr7izrif4ds4mt736wvwcpicuc4b1600000000000000000000000000000196', 'xaw53pg208866xz1rekxrwx7i3rjtvc4ieudt6j4o5qzrjc2e4cm5k1nsc4lv8gh');
INSERT INTO metadata_relationship ( id, created_by, type, last_update_date, site_master, owner, seq, key_name, entity_domain, locked_by, create_date, last_updated_by, parent_id, child_id) VALUES ('i2cdu9891d5f9gzstfb6ssdz2841kngl00000000000000000000000000000294', '0000000000000000000000000000001000000000000000000000000000000003', 'com.runwaysdk.system.metadata.EnumerationAttributeItem', '2018-01-19 10:41:15', 'terraframe.com', '0000000000000000000000000000001000000000000000000000000000000003', 5091, 'com.runwaysdk.system.metadata.AssociationType.Graph', NULL, NULL, '2018-01-19 10:41:15', '0000000000000000000000000000001000000000000000000000000000000003', 'i4yr7izrif4ds4mt736wvwcpicuc4b1600000000000000000000000000000196', 'xaw53pg208866xz1rekxrwx7i3rjtvc4ieudt6j4o5qzrjc2e4cm5k1nsc4lv8gh');
INSERT INTO class_cache (set_id, item_id)  VALUES  ('7818h9obmoxq4kkdn775yvlqvhcuowv0', '0000000000000000000000000000023100000000000000000000000000000222');
INSERT INTO metadata_display_label ( key_name, id, site_master, default_locale) VALUES ('xlkaiqh4iere9zqzrtajxpsv36wxvpjkNM200904120000000000000000000030', 'xlkaiqh4iere9zqzrtajxpsv36wxvpjkNM200904120000000000000000000030', 'terraframe.com', 'MdTermRelationship');
INSERT INTO metadata_display_label ( key_name, id, site_master, default_locale) VALUES ('8ic03xp5lyhqrftbjj65xt1fuh8yc5byNM200904120000000000000000000030', '8ic03xp5lyhqrftbjj65xt1fuh8yc5byNM200904120000000000000000000030', 'terraframe.com', 'Metadata for defining relationships between terms');
INSERT INTO md_business ( super_md_business, cache_algorithm, cache_algorithm_c, id) VALUES ('0000000000000000000000000000006100000000000000000000000000000001', '7818h9obmoxq4kkdn775yvlqvhcuowv0', '0000000000000000000000000000023100000000000000000000000000000222', 'ibnlr9qhxruoao1bv9tl5q3empf2jqe800000000000000000000000000000001');
INSERT INTO md_element ( is_abstract, extendable, id) VALUES (0, 1, 'ibnlr9qhxruoao1bv9tl5q3empf2jqe800000000000000000000000000000001');
INSERT INTO md_entity ( cache_size, query_dto_source, has_deterministic_ids, enforce_site_master, query_source, table_name, id) VALUES (0, NULL, 0, 1, NULL, 'md_term_relationship', 'ibnlr9qhxruoao1bv9tl5q3empf2jqe800000000000000000000000000000001');
INSERT INTO md_class ( stub_source, publish, stub_dto_source, id) VALUES (NULL, 1, NULL, 'ibnlr9qhxruoao1bv9tl5q3empf2jqe800000000000000000000000000000001');
INSERT INTO md_type ( type_name, js_stub, display_label, exported, generate_source, js_base, base_source, package_name, root_id, dto_source, id) VALUES ('MdTermRelationship', NULL, 'xlkaiqh4iere9zqzrtajxpsv36wxvpjkNM200904120000000000000000000030', 1, 1, NULL, NULL, 'com.runwaysdk.system.metadata', 'ibnlr9qhxruoao1bv9tl5q3empf2jqe8', NULL, 'ibnlr9qhxruoao1bv9tl5q3empf2jqe800000000000000000000000000000001');
INSERT INTO metadata ( create_date, seq, type, created_by, last_update_date, last_updated_by, description, locked_by, remove, owner, entity_domain, id, key_name, site_master) VALUES ('2018-01-19 10:41:15', 5092, 'com.runwaysdk.system.metadata.MdBusiness', '0000000000000000000000000000001000000000000000000000000000000003', '2018-01-19 10:41:15', '0000000000000000000000000000001000000000000000000000000000000003', '8ic03xp5lyhqrftbjj65xt1fuh8yc5byNM200904120000000000000000000030', NULL, 1, '0000000000000000000000000000001000000000000000000000000000000003', NULL, 'ibnlr9qhxruoao1bv9tl5q3empf2jqe800000000000000000000000000000001', 'com.runwaysdk.system.metadata.MdTermRelationship', 'terraframe.com');
CREATE TABLE md_term_relationship ( id CHAR(64) NOT NULL PRIMARY KEY );
INSERT INTO business_inheritance ( id, parent_id, child_id) VALUES ('ibnlr9qhxruoao1bv9tl5q3empf2jqe820070926NM0000000000000000000004', '0000000000000000000000000000006100000000000000000000000000000001', 'ibnlr9qhxruoao1bv9tl5q3empf2jqe800000000000000000000000000000001');
INSERT INTO class_inheritance ( id, parent_id, child_id) VALUES ('ibnlr9qhxruoao1bv9tl5q3empf2jqe820070926NM0000000000000000000004', '0000000000000000000000000000006100000000000000000000000000000001', 'ibnlr9qhxruoao1bv9tl5q3empf2jqe800000000000000000000000000000001');
INSERT INTO metadata_relationship ( id, created_by, type, last_update_date, site_master, owner, seq, key_name, entity_domain, locked_by, create_date, last_updated_by, parent_id, child_id) VALUES ('ibnlr9qhxruoao1bv9tl5q3empf2jqe820070926NM0000000000000000000004', '0000000000000000000000000000001000000000000000000000000000000003', 'com.runwaysdk.system.metadata.BusinessInheritance', '2018-01-19 10:41:15', 'terraframe.com', '0000000000000000000000000000001000000000000000000000000000000003', 5093, 'com.runwaysdk.system.metadata.MdTermRelationship', NULL, NULL, '2018-01-19 10:41:15', '0000000000000000000000000000001000000000000000000000000000000003', '0000000000000000000000000000006100000000000000000000000000000001', 'ibnlr9qhxruoao1bv9tl5q3empf2jqe800000000000000000000000000000001');
INSERT INTO md_attribute_indicies (set_id, item_id)  VALUES  ('xzdtjv0r059u92hxj5b90t6torhc0gdp', '0000000000000000000000000000040100000000000000000000000000000403');
INSERT INTO visibilitymodifier (set_id, item_id)  VALUES  ('07k0riwnlt3fm66q1txrwkckl4prefd6', '20071109NM000000000000000000000520071109NM0000000000000000000001');
INSERT INTO visibilitymodifier (set_id, item_id)  VALUES  ('xco8e9kv3uedpdg1jnahyat9zfjwq44t', '20071109NM000000000000000000000520071109NM0000000000000000000001');
INSERT INTO metadata_display_label ( key_name, id, site_master, default_locale) VALUES ('z02u8xngl2rlrbf4303j4h7alecdnd6wNM200904120000000000000000000030', 'z02u8xngl2rlrbf4303j4h7alecdnd6wNM200904120000000000000000000030', 'terraframe.com', 'Association type');
INSERT INTO metadata_display_label ( key_name, id, site_master, default_locale) VALUES ('6x5lfnyt63p0hzvd5p80nimah15v1o1pNM200904120000000000000000000030', '6x5lfnyt63p0hzvd5p80nimah15v1o1pNM200904120000000000000000000030', 'terraframe.com', NULL);
INSERT INTO md_attribute_enumeration ( default_value, md_enumeration, select_multiple, cache_column_name, id) VALUES (NULL, 'i4yr7izrif4ds4mt736wvwcpicuc4b1600000000000000000000000000000196', 0, 'association_type_c', 'itljwibtsenpvkpgwby83l88tj6hxyw000000000000000000000000000000216');
INSERT INTO md_attribute_ref ( id) VALUES ('itljwibtsenpvkpgwby83l88tj6hxyw000000000000000000000000000000216');
INSERT INTO md_attribute_concrete ( defining_md_class, column_name, index_type, index_type_c, attribute_name, getter_visibility, getter_visibility_c, system, index_name, setter_visibility, setter_visibility_c, required, generate_accessor, display_label, immutable, id) VALUES ('ibnlr9qhxruoao1bv9tl5q3empf2jqe800000000000000000000000000000001', 'association_type', 'xzdtjv0r059u92hxj5b90t6torhc0gdp', '0000000000000000000000000000040100000000000000000000000000000403', 'associationType', '07k0riwnlt3fm66q1txrwkckl4prefd6', '20071109NM000000000000000000000520071109NM0000000000000000000001', 0, 'aqp3jkgj94ujffzht5zr013rkdie5o', 'xco8e9kv3uedpdg1jnahyat9zfjwq44t', '20071109NM000000000000000000000520071109NM0000000000000000000001', 1, 1, 'z02u8xngl2rlrbf4303j4h7alecdnd6wNM200904120000000000000000000030', 0, 'itljwibtsenpvkpgwby83l88tj6hxyw000000000000000000000000000000216');
INSERT INTO md_attribute ( id) VALUES ('itljwibtsenpvkpgwby83l88tj6hxyw000000000000000000000000000000216');
INSERT INTO metadata ( create_date, seq, type, created_by, last_update_date, last_updated_by, description, locked_by, remove, owner, entity_domain, id, key_name, site_master) VALUES ('2018-01-19 10:41:15', 5094, 'com.runwaysdk.system.metadata.MdAttributeEnumeration', '0000000000000000000000000000001000000000000000000000000000000003', '2018-01-19 10:41:15', '0000000000000000000000000000001000000000000000000000000000000003', '6x5lfnyt63p0hzvd5p80nimah15v1o1pNM200904120000000000000000000030', NULL, 1, '0000000000000000000000000000001000000000000000000000000000000003', NULL, 'itljwibtsenpvkpgwby83l88tj6hxyw000000000000000000000000000000216', 'com.runwaysdk.system.metadata.MdTermRelationship.associationType', 'terraframe.com');
ALTER TABLE md_term_relationship ADD COLUMN association_type  char(32);
ALTER TABLE md_term_relationship ADD COLUMN association_type_c  text;
INSERT INTO class_attribute_concrete ( id, parent_id, child_id) VALUES ('itljwibtsenpvkpgwby83l88tj6hxyw000000000000000000000000000000073', 'ibnlr9qhxruoao1bv9tl5q3empf2jqe800000000000000000000000000000001', 'itljwibtsenpvkpgwby83l88tj6hxyw000000000000000000000000000000216');
INSERT INTO class_attribute ( id, parent_id, child_id) VALUES ('itljwibtsenpvkpgwby83l88tj6hxyw000000000000000000000000000000073', 'ibnlr9qhxruoao1bv9tl5q3empf2jqe800000000000000000000000000000001', 'itljwibtsenpvkpgwby83l88tj6hxyw000000000000000000000000000000216');
INSERT INTO metadata_relationship ( id, created_by, type, last_update_date, site_master, owner, seq, key_name, entity_domain, locked_by, create_date, last_updated_by, parent_id, child_id) VALUES ('itljwibtsenpvkpgwby83l88tj6hxyw000000000000000000000000000000073', '0000000000000000000000000000001000000000000000000000000000000003', 'com.runwaysdk.system.metadata.ClassAttributeConcrete', '2018-01-19 10:41:15', 'terraframe.com', '0000000000000000000000000000001000000000000000000000000000000003', 5095, 'com.runwaysdk.system.metadata.MdTermRelationship.associationType', NULL, NULL, '2018-01-19 10:41:15', '0000000000000000000000000000001000000000000000000000000000000003', 'ibnlr9qhxruoao1bv9tl5q3empf2jqe800000000000000000000000000000001', 'itljwibtsenpvkpgwby83l88tj6hxyw000000000000000000000000000000216');
UPDATE metadata SET seq= 5096 , last_update_date= '2018-01-19 10:41:15'  WHERE id='0000000000000000000000000000018600000000000000000000000000000001';
INSERT INTO class_cache (set_id, item_id)  VALUES  ('xc0dlp6vhnh9di4jdwttu0w8ctp7ac45', '0000000000000000000000000000023100000000000000000000000000000222');
INSERT INTO metadata_display_label ( key_name, id, site_master, default_locale) VALUES ('21hiadz4v5b7y3t4wg136i9dck7hiqppNM200904120000000000000000000030', '21hiadz4v5b7y3t4wg136i9dck7hiqppNM200904120000000000000000000030', 'terraframe.com', 'MdAttributeTerm');
INSERT INTO metadata_display_label ( key_name, id, site_master, default_locale) VALUES ('1ywsg98cy8aawjz2c0kz51hvm0mb90rrNM200904120000000000000000000030', '1ywsg98cy8aawjz2c0kz51hvm0mb90rrNM200904120000000000000000000030', 'terraframe.com', 'Metadata definition for term attributes');
INSERT INTO md_business ( super_md_business, cache_algorithm, cache_algorithm_c, id) VALUES ('0000000000000000000000000000018600000000000000000000000000000001', 'xc0dlp6vhnh9di4jdwttu0w8ctp7ac45', '0000000000000000000000000000023100000000000000000000000000000222', 'ipy5fzuz5pana77hvwpirajbizjf1xhm00000000000000000000000000000001');
INSERT INTO md_element ( is_abstract, extendable, id) VALUES (0, 1, 'ipy5fzuz5pana77hvwpirajbizjf1xhm00000000000000000000000000000001');
INSERT INTO md_entity ( cache_size, query_dto_source, has_deterministic_ids, enforce_site_master, query_source, table_name, id) VALUES (0, NULL, 0, 1, NULL, 'md_attribute_term', 'ipy5fzuz5pana77hvwpirajbizjf1xhm00000000000000000000000000000001');
INSERT INTO md_class ( stub_source, publish, stub_dto_source, id) VALUES (NULL, 1, NULL, 'ipy5fzuz5pana77hvwpirajbizjf1xhm00000000000000000000000000000001');
INSERT INTO md_type ( type_name, js_stub, display_label, exported, generate_source, js_base, base_source, package_name, root_id, dto_source, id) VALUES ('MdAttributeTerm', NULL, '21hiadz4v5b7y3t4wg136i9dck7hiqppNM200904120000000000000000000030', 1, 1, NULL, NULL, 'com.runwaysdk.system.metadata', 'ipy5fzuz5pana77hvwpirajbizjf1xhm', NULL, 'ipy5fzuz5pana77hvwpirajbizjf1xhm00000000000000000000000000000001');
INSERT INTO metadata ( create_date, seq, type, created_by, last_update_date, last_updated_by, description, locked_by, remove, owner, entity_domain, id, key_name, site_master) VALUES ('2018-01-19 10:41:15', 5097, 'com.runwaysdk.system.metadata.MdBusiness', '0000000000000000000000000000001000000000000000000000000000000003', '2018-01-19 10:41:15', '0000000000000000000000000000001000000000000000000000000000000003', '1ywsg98cy8aawjz2c0kz51hvm0mb90rrNM200904120000000000000000000030', NULL, 1, '0000000000000000000000000000001000000000000000000000000000000003', NULL, 'ipy5fzuz5pana77hvwpirajbizjf1xhm00000000000000000000000000000001', 'com.runwaysdk.system.metadata.MdAttributeTerm', 'terraframe.com');
CREATE TABLE md_attribute_term ( id CHAR(64) NOT NULL PRIMARY KEY );
INSERT INTO business_inheritance ( id, parent_id, child_id) VALUES ('ipy5fzuz5pana77hvwpirajbizjf1xhm20070926NM0000000000000000000004', '0000000000000000000000000000018600000000000000000000000000000001', 'ipy5fzuz5pana77hvwpirajbizjf1xhm00000000000000000000000000000001');
INSERT INTO class_inheritance ( id, parent_id, child_id) VALUES ('ipy5fzuz5pana77hvwpirajbizjf1xhm20070926NM0000000000000000000004', '0000000000000000000000000000018600000000000000000000000000000001', 'ipy5fzuz5pana77hvwpirajbizjf1xhm00000000000000000000000000000001');
INSERT INTO metadata_relationship ( id, created_by, type, last_update_date, site_master, owner, seq, key_name, entity_domain, locked_by, create_date, last_updated_by, parent_id, child_id) VALUES ('ipy5fzuz5pana77hvwpirajbizjf1xhm20070926NM0000000000000000000004', '0000000000000000000000000000001000000000000000000000000000000003', 'com.runwaysdk.system.metadata.BusinessInheritance', '2018-01-19 10:41:15', 'terraframe.com', '0000000000000000000000000000001000000000000000000000000000000003', 5098, 'com.runwaysdk.system.metadata.MdAttributeTerm', NULL, NULL, '2018-01-19 10:41:15', '0000000000000000000000000000001000000000000000000000000000000003', '0000000000000000000000000000018600000000000000000000000000000001', 'ipy5fzuz5pana77hvwpirajbizjf1xhm00000000000000000000000000000001');