--
-- Copyright (c) 2015 TerraFrame, Inc. All rights reserved.
--
-- This file is part of Runway SDK(tm).
--
-- Runway SDK(tm) is free software: you can redistribute it and/or modify
-- it under the terms of the GNU Lesser General Public License as
-- published by the Free Software Foundation, either version 3 of the
-- License, or (at your option) any later version.
--
-- Runway SDK(tm) is distributed in the hope that it will be useful, but
-- WITHOUT ANY WARRANTY; without even the implied warranty of
-- MERCHANTABILITY or FITNESS FOR A PARTICULAR PURPOSE.  See the
-- GNU Lesser General Public License for more details.
--
-- You should have received a copy of the GNU Lesser General Public
-- License along with Runway SDK(tm).  If not, see <http://www.gnu.org/licenses/>.
--

INSERT INTO visibilitymodifier (set_id, item_id)  VALUES  ('z407g7s1elz4ecbtjydsezz9u8vrq65f', '20071109NM000000000000000000000520071109NM0000000000000000000001');
INSERT INTO metadata_display_label ( key_name, oid, site_master, default_locale) VALUES ('6uoig41ud9xrjibqf3zx9da94spksp90NM200904120000000000000000000030', '6uoig41ud9xrjibqf3zx9da94spksp90NM200904120000000000000000000030', 'www.runwaysdk.com', NULL);
INSERT INTO visibilitymodifier (set_id, item_id)  VALUES  ('za7em9bojko8nann30zyn4psvsk6m9jv', '20071109NM000000000000000000000520071109NM0000000000000000000001');
INSERT INTO metadata_display_label ( key_name, oid, site_master, default_locale) VALUES ('7ejjnm2luqco4yqmlpt19fmvlxgq3t8dNM200904120000000000000000000030', '7ejjnm2luqco4yqmlpt19fmvlxgq3t8dNM200904120000000000000000000030', 'www.runwaysdk.com', NULL);
INSERT INTO relationship_cache (set_id, item_id)  VALUES  ('qvj5xypawrf5s5v0kmwhztsp1rnfssg6', '0000000000000000000000000000023100000000000000000000000000000222');
INSERT INTO metadata_display_label ( key_name, oid, site_master, default_locale) VALUES ('8gmkixdd8ke91fjilmlk81lnmsa1gc2qNM200904120000000000000000000030', '8gmkixdd8ke91fjilmlk81lnmsa1gc2qNM200904120000000000000000000030', 'www.runwaysdk.com', 'Downstream Job');
INSERT INTO metadata_display_label ( key_name, oid, site_master, default_locale) VALUES ('8tsbt0pie6mw8ybxct7jecihlv89zth6NM200904120000000000000000000030', '8tsbt0pie6mw8ybxct7jecihlv89zth6NM200904120000000000000000000030', 'www.runwaysdk.com', NULL);
INSERT INTO md_tree ( oid) VALUES ('iehto0zqk2c47kojxx2wvjruqcxdxl2920060824000000000000000000000011');
INSERT INTO md_graph ( oid) VALUES ('iehto0zqk2c47kojxx2wvjruqcxdxl2920060824000000000000000000000011');
INSERT INTO md_relationship ( child_cardinality, index2_name, parent_visibility, parent_visibility_c, sort_md_attribute, child_md_business, super_md_relationship, child_display_label, index1_name, parent_cardinality, child_visibility, child_visibility_c, parent_method, parent_display_label, parent_md_business, cache_algorithm, cache_algorithm_c, composition, child_method, oid) VALUES ('1', 'rel_r8phgfd5rh74xtz7g1jxkuzhxe', 'z407g7s1elz4ecbtjydsezz9u8vrq65f', '20071109NM000000000000000000000520071109NM0000000000000000000001', NULL, '8ndv254jvk1mw1rql6a4pqz9qbqvdzl400000000000000000000000000000001', NULL, '6uoig41ud9xrjibqf3zx9da94spksp90NM200904120000000000000000000030', 'rel_1ss1n0ok0rniw9pjjcsyd37f8i', '1', 'za7em9bojko8nann30zyn4psvsk6m9jv', '20071109NM000000000000000000000520071109NM0000000000000000000001', 'upstreamJob', '7ejjnm2luqco4yqmlpt19fmvlxgq3t8dNM200904120000000000000000000030', '8ndv254jvk1mw1rql6a4pqz9qbqvdzl400000000000000000000000000000001', 'qvj5xypawrf5s5v0kmwhztsp1rnfssg6', '0000000000000000000000000000023100000000000000000000000000000222', 0, 'downstreamJob', 'iehto0zqk2c47kojxx2wvjruqcxdxl2920060824000000000000000000000011');
INSERT INTO md_element ( is_abstract, extendable, oid) VALUES (0, 1, 'iehto0zqk2c47kojxx2wvjruqcxdxl2920060824000000000000000000000011');
INSERT INTO md_entity ( cache_size, query_dto_source, has_deterministic_ids, enforce_site_master, query_source, table_name, oid) VALUES (0, NULL, 0, 1, NULL, 'downstream_job_relationship', 'iehto0zqk2c47kojxx2wvjruqcxdxl2920060824000000000000000000000011');
INSERT INTO md_class ( stub_source, publish, stub_dto_source, oid) VALUES (NULL, 1, NULL, 'iehto0zqk2c47kojxx2wvjruqcxdxl2920060824000000000000000000000011');
INSERT INTO md_type ( type_name, js_stub, display_label, exported, generate_source, js_base, base_source, package_name, root_id, dto_source, oid) VALUES ('DownstreamJobRelationship', NULL, '8gmkixdd8ke91fjilmlk81lnmsa1gc2qNM200904120000000000000000000030', 1, 1, NULL, NULL, 'com.runwaysdk.system.scheduler', 'iehto0zqk2c47kojxx2wvjruqcxdxl29', NULL, 'iehto0zqk2c47kojxx2wvjruqcxdxl2920060824000000000000000000000011');
INSERT INTO metadata ( create_date, seq, type, created_by, last_update_date, last_updated_by, description, locked_by, remove, owner, entity_domain, oid, key_name, site_master) VALUES ('2016-08-23 09:28:05', 4810, 'com.runwaysdk.system.metadata.MdTree', '0000000000000000000000000000001000000000000000000000000000000003', '2016-08-23 09:28:05', '0000000000000000000000000000001000000000000000000000000000000003', '8tsbt0pie6mw8ybxct7jecihlv89zth6NM200904120000000000000000000030', NULL, 1, '0000000000000000000000000000001000000000000000000000000000000003', NULL, 'iehto0zqk2c47kojxx2wvjruqcxdxl2920060824000000000000000000000011', 'com.runwaysdk.system.scheduler.DownstreamJobRelationship', 'www.runwaysdk.com');
INSERT INTO md_attribute_indicies (set_id, item_id)  VALUES  ('xvn2cd3m5db7hzgnma3zd8bhohx7i03t', '0000000000000000000000000000040900000000000000000000000000000403');
INSERT INTO visibilitymodifier (set_id, item_id)  VALUES  ('05sr6mb3wxtt0wjxas5gzyb19j7sbb2c', '20071109NM000000000000000000000520071109NM0000000000000000000001');
INSERT INTO visibilitymodifier (set_id, item_id)  VALUES  ('yz2c58don7o6ravmme3px6hdabqgcoib', '20071109NM000000000000000000000520071109NM0000000000000000000001');
INSERT INTO metadata_display_label ( key_name, oid, site_master, default_locale) VALUES ('75z6c87fihobfbzde0kl5brievz0bbutNM200904120000000000000000000030', '75z6c87fihobfbzde0kl5brievz0bbutNM200904120000000000000000000030', 'www.runwaysdk.com', 'ID');
INSERT INTO metadata_display_label ( key_name, oid, site_master, default_locale) VALUES ('8d7llou7z3zjoq7wtqckl26bpglypw39NM200904120000000000000000000030', '8d7llou7z3zjoq7wtqckl26bpglypw39NM200904120000000000000000000030', 'www.runwaysdk.com', 'ID of this object');
INSERT INTO md_attribute_character ( default_value, database_size, oid) VALUES (NULL, 64, 'i8uc6s2rw6qtb0ypei9pxmem67wxr2ht00000000000000000000000000000138');
INSERT INTO md_attribute_char ( oid) VALUES ('i8uc6s2rw6qtb0ypei9pxmem67wxr2ht00000000000000000000000000000138');
INSERT INTO md_attribute_primitive ( is_expression, expression, oid) VALUES (0, NULL, 'i8uc6s2rw6qtb0ypei9pxmem67wxr2ht00000000000000000000000000000138');
INSERT INTO md_attribute_concrete ( defining_md_class, column_name, index_type, index_type_c, attribute_name, getter_visibility, getter_visibility_c, system, index_name, setter_visibility, setter_visibility_c, required, generate_accessor, display_label, immutable, oid) VALUES ('iehto0zqk2c47kojxx2wvjruqcxdxl2920060824000000000000000000000011', 'oid', 'xvn2cd3m5db7hzgnma3zd8bhohx7i03t', '0000000000000000000000000000040900000000000000000000000000000403', 'oid', '05sr6mb3wxtt0wjxas5gzyb19j7sbb2c', '20071109NM000000000000000000000520071109NM0000000000000000000001', 1, 'aonk497e3npxl7uhako2d90kiz01et', 'yz2c58don7o6ravmme3px6hdabqgcoib', '20071109NM000000000000000000000520071109NM0000000000000000000001', 1, 1, '75z6c87fihobfbzde0kl5brievz0bbutNM200904120000000000000000000030', 0, 'i8uc6s2rw6qtb0ypei9pxmem67wxr2ht00000000000000000000000000000138');
INSERT INTO md_attribute ( oid) VALUES ('i8uc6s2rw6qtb0ypei9pxmem67wxr2ht00000000000000000000000000000138');
INSERT INTO metadata ( create_date, seq, type, created_by, last_update_date, last_updated_by, description, locked_by, remove, owner, entity_domain, oid, key_name, site_master) VALUES ('2016-08-23 09:28:05', 4811, 'com.runwaysdk.system.metadata.MdAttributeCharacter', '0000000000000000000000000000001000000000000000000000000000000003', '2016-08-23 09:28:05', '0000000000000000000000000000001000000000000000000000000000000003', '8d7llou7z3zjoq7wtqckl26bpglypw39NM200904120000000000000000000030', NULL, 0, '0000000000000000000000000000001000000000000000000000000000000003', NULL, 'i8uc6s2rw6qtb0ypei9pxmem67wxr2ht00000000000000000000000000000138', 'com.runwaysdk.system.scheduler.DownstreamJobRelationship.oid', 'www.runwaysdk.com');
INSERT INTO class_attribute_concrete ( oid, parent_id, child_id) VALUES ('i8uc6s2rw6qtb0ypei9pxmem67wxr2ht00000000000000000000000000000073', 'iehto0zqk2c47kojxx2wvjruqcxdxl2920060824000000000000000000000011', 'i8uc6s2rw6qtb0ypei9pxmem67wxr2ht00000000000000000000000000000138');
INSERT INTO class_attribute ( oid, parent_id, child_id) VALUES ('i8uc6s2rw6qtb0ypei9pxmem67wxr2ht00000000000000000000000000000073', 'iehto0zqk2c47kojxx2wvjruqcxdxl2920060824000000000000000000000011', 'i8uc6s2rw6qtb0ypei9pxmem67wxr2ht00000000000000000000000000000138');
INSERT INTO metadata_relationship ( oid, created_by, type, last_update_date, site_master, owner, seq, key_name, entity_domain, locked_by, create_date, last_updated_by, parent_id, child_id) VALUES ('i8uc6s2rw6qtb0ypei9pxmem67wxr2ht00000000000000000000000000000073', '0000000000000000000000000000001000000000000000000000000000000003', 'com.runwaysdk.system.metadata.ClassAttributeConcrete', '2016-08-23 09:28:05', 'www.runwaysdk.com', '0000000000000000000000000000001000000000000000000000000000000003', 4812, 'com.runwaysdk.system.scheduler.DownstreamJobRelationship.oid', NULL, NULL, '2016-08-23 09:28:05', '0000000000000000000000000000001000000000000000000000000000000003', 'iehto0zqk2c47kojxx2wvjruqcxdxl2920060824000000000000000000000011', 'i8uc6s2rw6qtb0ypei9pxmem67wxr2ht00000000000000000000000000000138');
INSERT INTO md_attribute_indicies (set_id, item_id)  VALUES  ('zazfvvu8tg91t91wv38yhf2h8yhsu7j3', '0000000000000000000000000000040900000000000000000000000000000403');
INSERT INTO visibilitymodifier (set_id, item_id)  VALUES  ('zikynmk6wtcheo79hwiqtuozqwrpitec', '20071109NM000000000000000000000520071109NM0000000000000000000001');
INSERT INTO visibilitymodifier (set_id, item_id)  VALUES  ('6tqfice9rjop8k7hdx9dtvo7b5e5hj0h', '20071109NM000000000000000000000520071109NM0000000000000000000001');
INSERT INTO metadata_display_label ( key_name, oid, site_master, default_locale) VALUES ('xxidudd891itvjvqksql18qzovq006jdNM200904120000000000000000000030', 'xxidudd891itvjvqksql18qzovq006jdNM200904120000000000000000000030', 'www.runwaysdk.com', 'Key Name');
INSERT INTO metadata_display_label ( key_name, oid, site_master, default_locale) VALUES ('72fps3g8lp9zt0tazn3awjslggji4hzsNM200904120000000000000000000030', '72fps3g8lp9zt0tazn3awjslggji4hzsNM200904120000000000000000000030', 'www.runwaysdk.com', 'Key which uniquely identifies each instance of this type heirarchy.');
INSERT INTO md_attribute_character ( default_value, database_size, oid) VALUES (NULL, 255, 'imj8s5niowu9puaa37vf5fuxgglrsnyf00000000000000000000000000000138');
INSERT INTO md_attribute_char ( oid) VALUES ('imj8s5niowu9puaa37vf5fuxgglrsnyf00000000000000000000000000000138');
INSERT INTO md_attribute_primitive ( is_expression, expression, oid) VALUES (0, NULL, 'imj8s5niowu9puaa37vf5fuxgglrsnyf00000000000000000000000000000138');
INSERT INTO md_attribute_concrete ( defining_md_class, column_name, index_type, index_type_c, attribute_name, getter_visibility, getter_visibility_c, system, index_name, setter_visibility, setter_visibility_c, required, generate_accessor, display_label, immutable, oid) VALUES ('iehto0zqk2c47kojxx2wvjruqcxdxl2920060824000000000000000000000011', 'key_name', 'zazfvvu8tg91t91wv38yhf2h8yhsu7j3', '0000000000000000000000000000040900000000000000000000000000000403', 'keyName', 'zikynmk6wtcheo79hwiqtuozqwrpitec', '20071109NM000000000000000000000520071109NM0000000000000000000001', 0, 'a0bjdn7he7qc8vqkfk12d5ovjkw6v1', '6tqfice9rjop8k7hdx9dtvo7b5e5hj0h', '20071109NM000000000000000000000520071109NM0000000000000000000001', 1, 1, 'xxidudd891itvjvqksql18qzovq006jdNM200904120000000000000000000030', 0, 'imj8s5niowu9puaa37vf5fuxgglrsnyf00000000000000000000000000000138');
INSERT INTO md_attribute ( oid) VALUES ('imj8s5niowu9puaa37vf5fuxgglrsnyf00000000000000000000000000000138');
INSERT INTO metadata ( create_date, seq, type, created_by, last_update_date, last_updated_by, description, locked_by, remove, owner, entity_domain, oid, key_name, site_master) VALUES ('2016-08-23 09:28:05', 4813, 'com.runwaysdk.system.metadata.MdAttributeCharacter', '0000000000000000000000000000001000000000000000000000000000000003', '2016-08-23 09:28:05', '0000000000000000000000000000001000000000000000000000000000000003', '72fps3g8lp9zt0tazn3awjslggji4hzsNM200904120000000000000000000030', NULL, 1, '0000000000000000000000000000001000000000000000000000000000000003', NULL, 'imj8s5niowu9puaa37vf5fuxgglrsnyf00000000000000000000000000000138', 'com.runwaysdk.system.scheduler.DownstreamJobRelationship.keyName', 'www.runwaysdk.com');
INSERT INTO class_attribute_concrete ( oid, parent_id, child_id) VALUES ('imj8s5niowu9puaa37vf5fuxgglrsnyf00000000000000000000000000000073', 'iehto0zqk2c47kojxx2wvjruqcxdxl2920060824000000000000000000000011', 'imj8s5niowu9puaa37vf5fuxgglrsnyf00000000000000000000000000000138');
INSERT INTO class_attribute ( oid, parent_id, child_id) VALUES ('imj8s5niowu9puaa37vf5fuxgglrsnyf00000000000000000000000000000073', 'iehto0zqk2c47kojxx2wvjruqcxdxl2920060824000000000000000000000011', 'imj8s5niowu9puaa37vf5fuxgglrsnyf00000000000000000000000000000138');
INSERT INTO metadata_relationship ( oid, created_by, type, last_update_date, site_master, owner, seq, key_name, entity_domain, locked_by, create_date, last_updated_by, parent_id, child_id) VALUES ('imj8s5niowu9puaa37vf5fuxgglrsnyf00000000000000000000000000000073', '0000000000000000000000000000001000000000000000000000000000000003', 'com.runwaysdk.system.metadata.ClassAttributeConcrete', '2016-08-23 09:28:05', 'www.runwaysdk.com', '0000000000000000000000000000001000000000000000000000000000000003', 4814, 'com.runwaysdk.system.scheduler.DownstreamJobRelationship.keyName', NULL, NULL, '2016-08-23 09:28:05', '0000000000000000000000000000001000000000000000000000000000000003', 'iehto0zqk2c47kojxx2wvjruqcxdxl2920060824000000000000000000000011', 'imj8s5niowu9puaa37vf5fuxgglrsnyf00000000000000000000000000000138');
INSERT INTO md_attribute_indicies (set_id, item_id)  VALUES  ('200xfkpr1gxug9bls35b0pxkyzcdfoxw', '0000000000000000000000000000040100000000000000000000000000000403');
INSERT INTO visibilitymodifier (set_id, item_id)  VALUES  ('77kx5w4m4yrakcog0fnproyn6xn3hpcc', '20071109NM000000000000000000000520071109NM0000000000000000000001');
INSERT INTO visibilitymodifier (set_id, item_id)  VALUES  ('zhvuxzl94zbeqn6tzx30klpdobyl1l8n', '20071109NM000000000000000000000520071109NM0000000000000000000001');
INSERT INTO metadata_display_label ( key_name, oid, site_master, default_locale) VALUES ('yxa5my6eolyv6ycekyxqxi3l41qwi94hNM200904120000000000000000000030', 'yxa5my6eolyv6ycekyxqxi3l41qwi94hNM200904120000000000000000000030', 'www.runwaysdk.com', 'Site Master');
INSERT INTO metadata_display_label ( key_name, oid, site_master, default_locale) VALUES ('71sjkfy4qzxuogdc77orjk71h1zbmd96NM200904120000000000000000000030', '71sjkfy4qzxuogdc77orjk71h1zbmd96NM200904120000000000000000000030', 'www.runwaysdk.com', 'The name of the site responsible for this object');
INSERT INTO md_attribute_character ( default_value, database_size, oid) VALUES (NULL, 255, 'imc7vhg9xyhnt6dy2aaetmenoz13hk2800000000000000000000000000000138');
INSERT INTO md_attribute_char ( oid) VALUES ('imc7vhg9xyhnt6dy2aaetmenoz13hk2800000000000000000000000000000138');
INSERT INTO md_attribute_primitive ( is_expression, expression, oid) VALUES (0, NULL, 'imc7vhg9xyhnt6dy2aaetmenoz13hk2800000000000000000000000000000138');
INSERT INTO md_attribute_concrete ( defining_md_class, column_name, index_type, index_type_c, attribute_name, getter_visibility, getter_visibility_c, system, index_name, setter_visibility, setter_visibility_c, required, generate_accessor, display_label, immutable, oid) VALUES ('iehto0zqk2c47kojxx2wvjruqcxdxl2920060824000000000000000000000011', 'site_master', '200xfkpr1gxug9bls35b0pxkyzcdfoxw', '0000000000000000000000000000040100000000000000000000000000000403', 'siteMaster', '77kx5w4m4yrakcog0fnproyn6xn3hpcc', '20071109NM000000000000000000000520071109NM0000000000000000000001', 1, 'ahk9q27zyi4ba74zgljavjtm1deqw1', 'zhvuxzl94zbeqn6tzx30klpdobyl1l8n', '20071109NM000000000000000000000520071109NM0000000000000000000001', 1, 1, 'yxa5my6eolyv6ycekyxqxi3l41qwi94hNM200904120000000000000000000030', 1, 'imc7vhg9xyhnt6dy2aaetmenoz13hk2800000000000000000000000000000138');
INSERT INTO md_attribute ( oid) VALUES ('imc7vhg9xyhnt6dy2aaetmenoz13hk2800000000000000000000000000000138');
INSERT INTO metadata ( create_date, seq, type, created_by, last_update_date, last_updated_by, description, locked_by, remove, owner, entity_domain, oid, key_name, site_master) VALUES ('2016-08-23 09:28:05', 4815, 'com.runwaysdk.system.metadata.MdAttributeCharacter', '0000000000000000000000000000001000000000000000000000000000000003', '2016-08-23 09:28:05', '0000000000000000000000000000001000000000000000000000000000000003', '71sjkfy4qzxuogdc77orjk71h1zbmd96NM200904120000000000000000000030', NULL, 0, '0000000000000000000000000000001000000000000000000000000000000003', NULL, 'imc7vhg9xyhnt6dy2aaetmenoz13hk2800000000000000000000000000000138', 'com.runwaysdk.system.scheduler.DownstreamJobRelationship.siteMaster', 'www.runwaysdk.com');
INSERT INTO class_attribute_concrete ( oid, parent_id, child_id) VALUES ('imc7vhg9xyhnt6dy2aaetmenoz13hk2800000000000000000000000000000073', 'iehto0zqk2c47kojxx2wvjruqcxdxl2920060824000000000000000000000011', 'imc7vhg9xyhnt6dy2aaetmenoz13hk2800000000000000000000000000000138');
INSERT INTO class_attribute ( oid, parent_id, child_id) VALUES ('imc7vhg9xyhnt6dy2aaetmenoz13hk2800000000000000000000000000000073', 'iehto0zqk2c47kojxx2wvjruqcxdxl2920060824000000000000000000000011', 'imc7vhg9xyhnt6dy2aaetmenoz13hk2800000000000000000000000000000138');
INSERT INTO metadata_relationship ( oid, created_by, type, last_update_date, site_master, owner, seq, key_name, entity_domain, locked_by, create_date, last_updated_by, parent_id, child_id) VALUES ('imc7vhg9xyhnt6dy2aaetmenoz13hk2800000000000000000000000000000073', '0000000000000000000000000000001000000000000000000000000000000003', 'com.runwaysdk.system.metadata.ClassAttributeConcrete', '2016-08-23 09:28:05', 'www.runwaysdk.com', '0000000000000000000000000000001000000000000000000000000000000003', 4816, 'com.runwaysdk.system.scheduler.DownstreamJobRelationship.siteMaster', NULL, NULL, '2016-08-23 09:28:05', '0000000000000000000000000000001000000000000000000000000000000003', 'iehto0zqk2c47kojxx2wvjruqcxdxl2920060824000000000000000000000011', 'imc7vhg9xyhnt6dy2aaetmenoz13hk2800000000000000000000000000000138');
INSERT INTO md_attribute_indicies (set_id, item_id)  VALUES  ('061upk82oh2022fjcueitzzb68ntyekb', '0000000000000000000000000000040000000000000000000000000000000403');
INSERT INTO visibilitymodifier (set_id, item_id)  VALUES  ('sx65f4u9chn9x9hn9kpkrvvyg5tl0sl3', '20071109NM000000000000000000000520071109NM0000000000000000000001');
INSERT INTO visibilitymodifier (set_id, item_id)  VALUES  ('r230qi1mavh2bmy5d77m3vq1jigb2n3p', '20071109NM000000000000000000000520071109NM0000000000000000000001');
INSERT INTO metadata_display_label ( key_name, oid, site_master, default_locale) VALUES ('sxrukncii5dp73heitr8gck6htjingxvNM200904120000000000000000000030', 'sxrukncii5dp73heitr8gck6htjingxvNM200904120000000000000000000030', 'www.runwaysdk.com', 'Entity Domain');
INSERT INTO metadata_display_label ( key_name, oid, site_master, default_locale) VALUES ('zmb1skp2qu3yitl121tu489822gl0g1wNM200904120000000000000000000030', 'zmb1skp2qu3yitl121tu489822gl0g1wNM200904120000000000000000000030', 'www.runwaysdk.com', 'The Domain of this entity');
INSERT INTO md_attribute_reference ( default_value, md_business, oid) VALUES (NULL, 'NM20081011000000000000000000011100000000000000000000000000000001', 'idz6hch7drc2feobclvaac2f2ssvng9600000000000000000000000000000186');
INSERT INTO md_attribute_ref ( oid) VALUES ('idz6hch7drc2feobclvaac2f2ssvng9600000000000000000000000000000186');
INSERT INTO md_attribute_concrete ( defining_md_class, column_name, index_type, index_type_c, attribute_name, getter_visibility, getter_visibility_c, system, index_name, setter_visibility, setter_visibility_c, required, generate_accessor, display_label, immutable, oid) VALUES ('iehto0zqk2c47kojxx2wvjruqcxdxl2920060824000000000000000000000011', 'entity_domain', '061upk82oh2022fjcueitzzb68ntyekb', '0000000000000000000000000000040000000000000000000000000000000403', 'entityDomain', 'sx65f4u9chn9x9hn9kpkrvvyg5tl0sl3', '20071109NM000000000000000000000520071109NM0000000000000000000001', 0, 'any66cx1wxbcqhvucp0z7jog3c1lj8', 'r230qi1mavh2bmy5d77m3vq1jigb2n3p', '20071109NM000000000000000000000520071109NM0000000000000000000001', 0, 1, 'sxrukncii5dp73heitr8gck6htjingxvNM200904120000000000000000000030', 0, 'idz6hch7drc2feobclvaac2f2ssvng9600000000000000000000000000000186');
INSERT INTO md_attribute ( oid) VALUES ('idz6hch7drc2feobclvaac2f2ssvng9600000000000000000000000000000186');
INSERT INTO metadata ( create_date, seq, type, created_by, last_update_date, last_updated_by, description, locked_by, remove, owner, entity_domain, oid, key_name, site_master) VALUES ('2016-08-23 09:28:05', 4817, 'com.runwaysdk.system.metadata.MdAttributeReference', '0000000000000000000000000000001000000000000000000000000000000003', '2016-08-23 09:28:05', '0000000000000000000000000000001000000000000000000000000000000003', 'zmb1skp2qu3yitl121tu489822gl0g1wNM200904120000000000000000000030', NULL, 1, '0000000000000000000000000000001000000000000000000000000000000003', NULL, 'idz6hch7drc2feobclvaac2f2ssvng9600000000000000000000000000000186', 'com.runwaysdk.system.scheduler.DownstreamJobRelationship.entityDomain', 'www.runwaysdk.com');
INSERT INTO class_attribute_concrete ( oid, parent_id, child_id) VALUES ('idz6hch7drc2feobclvaac2f2ssvng9600000000000000000000000000000073', 'iehto0zqk2c47kojxx2wvjruqcxdxl2920060824000000000000000000000011', 'idz6hch7drc2feobclvaac2f2ssvng9600000000000000000000000000000186');
INSERT INTO class_attribute ( oid, parent_id, child_id) VALUES ('idz6hch7drc2feobclvaac2f2ssvng9600000000000000000000000000000073', 'iehto0zqk2c47kojxx2wvjruqcxdxl2920060824000000000000000000000011', 'idz6hch7drc2feobclvaac2f2ssvng9600000000000000000000000000000186');
INSERT INTO metadata_relationship ( oid, created_by, type, last_update_date, site_master, owner, seq, key_name, entity_domain, locked_by, create_date, last_updated_by, parent_id, child_id) VALUES ('idz6hch7drc2feobclvaac2f2ssvng9600000000000000000000000000000073', '0000000000000000000000000000001000000000000000000000000000000003', 'com.runwaysdk.system.metadata.ClassAttributeConcrete', '2016-08-23 09:28:05', 'www.runwaysdk.com', '0000000000000000000000000000001000000000000000000000000000000003', 4818, 'com.runwaysdk.system.scheduler.DownstreamJobRelationship.entityDomain', NULL, NULL, '2016-08-23 09:28:05', '0000000000000000000000000000001000000000000000000000000000000003', 'iehto0zqk2c47kojxx2wvjruqcxdxl2920060824000000000000000000000011', 'idz6hch7drc2feobclvaac2f2ssvng9600000000000000000000000000000186');
INSERT INTO md_attribute_indicies (set_id, item_id)  VALUES  ('8f7a2kxcfjjbg5rhq2kgdb5n7vly2qiz', '0000000000000000000000000000040100000000000000000000000000000403');
INSERT INTO visibilitymodifier (set_id, item_id)  VALUES  ('qvlvob5rr7kkkl7gp27j3ct4rklrjl7t', '20071109NM000000000000000000000520071109NM0000000000000000000001');
INSERT INTO visibilitymodifier (set_id, item_id)  VALUES  ('yyl5cxwynta05ojryj7jnhwv8fyhzxot', '20071109NM000000000000000000000520071109NM0000000000000000000001');
INSERT INTO metadata_display_label ( key_name, oid, site_master, default_locale) VALUES ('24vbel6c50qwtdqq01ek355wktzdc4duNM200904120000000000000000000030', '24vbel6c50qwtdqq01ek355wktzdc4duNM200904120000000000000000000030', 'www.runwaysdk.com', 'Create Date');
INSERT INTO metadata_display_label ( key_name, oid, site_master, default_locale) VALUES ('20cbcz7g7rc1i9m0gz8o41d84r6hsaaiNM200904120000000000000000000030', '20cbcz7g7rc1i9m0gz8o41d84r6hsaaiNM200904120000000000000000000030', 'www.runwaysdk.com', 'Date and time this record was created');
INSERT INTO md_attribute_datetime ( default_value, oid) VALUES (NULL, 'i9ewjluece1ip0zmrodvgc2i4y9vjbom00000000000000000000000000000341');
INSERT INTO md_attribute_moment ( oid) VALUES ('i9ewjluece1ip0zmrodvgc2i4y9vjbom00000000000000000000000000000341');
INSERT INTO md_attribute_primitive ( is_expression, expression, oid) VALUES (0, NULL, 'i9ewjluece1ip0zmrodvgc2i4y9vjbom00000000000000000000000000000341');
INSERT INTO md_attribute_concrete ( defining_md_class, column_name, index_type, index_type_c, attribute_name, getter_visibility, getter_visibility_c, system, index_name, setter_visibility, setter_visibility_c, required, generate_accessor, display_label, immutable, oid) VALUES ('iehto0zqk2c47kojxx2wvjruqcxdxl2920060824000000000000000000000011', 'create_date', '8f7a2kxcfjjbg5rhq2kgdb5n7vly2qiz', '0000000000000000000000000000040100000000000000000000000000000403', 'createDate', 'qvlvob5rr7kkkl7gp27j3ct4rklrjl7t', '20071109NM000000000000000000000520071109NM0000000000000000000001', 1, 'acjvuwzwxul00k6d9dvznxu878xmln', 'yyl5cxwynta05ojryj7jnhwv8fyhzxot', '20071109NM000000000000000000000520071109NM0000000000000000000001', 1, 1, '24vbel6c50qwtdqq01ek355wktzdc4duNM200904120000000000000000000030', 0, 'i9ewjluece1ip0zmrodvgc2i4y9vjbom00000000000000000000000000000341');
INSERT INTO md_attribute ( oid) VALUES ('i9ewjluece1ip0zmrodvgc2i4y9vjbom00000000000000000000000000000341');
INSERT INTO metadata ( create_date, seq, type, created_by, last_update_date, last_updated_by, description, locked_by, remove, owner, entity_domain, oid, key_name, site_master) VALUES ('2016-08-23 09:28:05', 4819, 'com.runwaysdk.system.metadata.MdAttributeDateTime', '0000000000000000000000000000001000000000000000000000000000000003', '2016-08-23 09:28:05', '0000000000000000000000000000001000000000000000000000000000000003', '20cbcz7g7rc1i9m0gz8o41d84r6hsaaiNM200904120000000000000000000030', NULL, 0, '0000000000000000000000000000001000000000000000000000000000000003', NULL, 'i9ewjluece1ip0zmrodvgc2i4y9vjbom00000000000000000000000000000341', 'com.runwaysdk.system.scheduler.DownstreamJobRelationship.createDate', 'www.runwaysdk.com');
INSERT INTO class_attribute_concrete ( oid, parent_id, child_id) VALUES ('i9ewjluece1ip0zmrodvgc2i4y9vjbom00000000000000000000000000000073', 'iehto0zqk2c47kojxx2wvjruqcxdxl2920060824000000000000000000000011', 'i9ewjluece1ip0zmrodvgc2i4y9vjbom00000000000000000000000000000341');
INSERT INTO class_attribute ( oid, parent_id, child_id) VALUES ('i9ewjluece1ip0zmrodvgc2i4y9vjbom00000000000000000000000000000073', 'iehto0zqk2c47kojxx2wvjruqcxdxl2920060824000000000000000000000011', 'i9ewjluece1ip0zmrodvgc2i4y9vjbom00000000000000000000000000000341');
INSERT INTO metadata_relationship ( oid, created_by, type, last_update_date, site_master, owner, seq, key_name, entity_domain, locked_by, create_date, last_updated_by, parent_id, child_id) VALUES ('i9ewjluece1ip0zmrodvgc2i4y9vjbom00000000000000000000000000000073', '0000000000000000000000000000001000000000000000000000000000000003', 'com.runwaysdk.system.metadata.ClassAttributeConcrete', '2016-08-23 09:28:05', 'www.runwaysdk.com', '0000000000000000000000000000001000000000000000000000000000000003', 4820, 'com.runwaysdk.system.scheduler.DownstreamJobRelationship.createDate', NULL, NULL, '2016-08-23 09:28:05', '0000000000000000000000000000001000000000000000000000000000000003', 'iehto0zqk2c47kojxx2wvjruqcxdxl2920060824000000000000000000000011', 'i9ewjluece1ip0zmrodvgc2i4y9vjbom00000000000000000000000000000341');
INSERT INTO md_attribute_indicies (set_id, item_id)  VALUES  ('sdmqcconvfcfm1wfj2qq6a7qnv8371k0', '0000000000000000000000000000040100000000000000000000000000000403');
INSERT INTO visibilitymodifier (set_id, item_id)  VALUES  ('zgod418qxdmshsz00cukqwmehj45r3nw', '20071109NM000000000000000000000520071109NM0000000000000000000001');
INSERT INTO visibilitymodifier (set_id, item_id)  VALUES  ('xwch2oe2rhvi8yx2nmvdrusug9j1vga4', '20071109NM000000000000000000000520071109NM0000000000000000000001');
INSERT INTO metadata_display_label ( key_name, oid, site_master, default_locale) VALUES ('x9jtszwn55fbmfz2xmbswnswtsgha2r9NM200904120000000000000000000030', 'x9jtszwn55fbmfz2xmbswnswtsgha2r9NM200904120000000000000000000030', 'www.runwaysdk.com', 'Last Update Date');
INSERT INTO metadata_display_label ( key_name, oid, site_master, default_locale) VALUES ('z0rhoadd6rj34hmydgu6cbykzn3hw834NM200904120000000000000000000030', 'z0rhoadd6rj34hmydgu6cbykzn3hw834NM200904120000000000000000000030', 'www.runwaysdk.com', 'Date and time this record was last updated');
INSERT INTO md_attribute_datetime ( default_value, oid) VALUES (NULL, 'itcihe2ikpqseievkc1iqurimuqj2vcl00000000000000000000000000000341');
INSERT INTO md_attribute_moment ( oid) VALUES ('itcihe2ikpqseievkc1iqurimuqj2vcl00000000000000000000000000000341');
INSERT INTO md_attribute_primitive ( is_expression, expression, oid) VALUES (0, NULL, 'itcihe2ikpqseievkc1iqurimuqj2vcl00000000000000000000000000000341');
INSERT INTO md_attribute_concrete ( defining_md_class, column_name, index_type, index_type_c, attribute_name, getter_visibility, getter_visibility_c, system, index_name, setter_visibility, setter_visibility_c, required, generate_accessor, display_label, immutable, oid) VALUES ('iehto0zqk2c47kojxx2wvjruqcxdxl2920060824000000000000000000000011', 'last_update_date', 'sdmqcconvfcfm1wfj2qq6a7qnv8371k0', '0000000000000000000000000000040100000000000000000000000000000403', 'lastUpdateDate', 'zgod418qxdmshsz00cukqwmehj45r3nw', '20071109NM000000000000000000000520071109NM0000000000000000000001', 1, 'anjzqoemaakg9a2z98btrhykuj5sei', 'xwch2oe2rhvi8yx2nmvdrusug9j1vga4', '20071109NM000000000000000000000520071109NM0000000000000000000001', 1, 1, 'x9jtszwn55fbmfz2xmbswnswtsgha2r9NM200904120000000000000000000030', 0, 'itcihe2ikpqseievkc1iqurimuqj2vcl00000000000000000000000000000341');
INSERT INTO md_attribute ( oid) VALUES ('itcihe2ikpqseievkc1iqurimuqj2vcl00000000000000000000000000000341');
INSERT INTO metadata ( create_date, seq, type, created_by, last_update_date, last_updated_by, description, locked_by, remove, owner, entity_domain, oid, key_name, site_master) VALUES ('2016-08-23 09:28:05', 4821, 'com.runwaysdk.system.metadata.MdAttributeDateTime', '0000000000000000000000000000001000000000000000000000000000000003', '2016-08-23 09:28:05', '0000000000000000000000000000001000000000000000000000000000000003', 'z0rhoadd6rj34hmydgu6cbykzn3hw834NM200904120000000000000000000030', NULL, 0, '0000000000000000000000000000001000000000000000000000000000000003', NULL, 'itcihe2ikpqseievkc1iqurimuqj2vcl00000000000000000000000000000341', 'com.runwaysdk.system.scheduler.DownstreamJobRelationship.lastUpdateDate', 'www.runwaysdk.com');
INSERT INTO class_attribute_concrete ( oid, parent_id, child_id) VALUES ('itcihe2ikpqseievkc1iqurimuqj2vcl00000000000000000000000000000073', 'iehto0zqk2c47kojxx2wvjruqcxdxl2920060824000000000000000000000011', 'itcihe2ikpqseievkc1iqurimuqj2vcl00000000000000000000000000000341');
INSERT INTO class_attribute ( oid, parent_id, child_id) VALUES ('itcihe2ikpqseievkc1iqurimuqj2vcl00000000000000000000000000000073', 'iehto0zqk2c47kojxx2wvjruqcxdxl2920060824000000000000000000000011', 'itcihe2ikpqseievkc1iqurimuqj2vcl00000000000000000000000000000341');
INSERT INTO metadata_relationship ( oid, created_by, type, last_update_date, site_master, owner, seq, key_name, entity_domain, locked_by, create_date, last_updated_by, parent_id, child_id) VALUES ('itcihe2ikpqseievkc1iqurimuqj2vcl00000000000000000000000000000073', '0000000000000000000000000000001000000000000000000000000000000003', 'com.runwaysdk.system.metadata.ClassAttributeConcrete', '2016-08-23 09:28:05', 'www.runwaysdk.com', '0000000000000000000000000000001000000000000000000000000000000003', 4822, 'com.runwaysdk.system.scheduler.DownstreamJobRelationship.lastUpdateDate', NULL, NULL, '2016-08-23 09:28:05', '0000000000000000000000000000001000000000000000000000000000000003', 'iehto0zqk2c47kojxx2wvjruqcxdxl2920060824000000000000000000000011', 'itcihe2ikpqseievkc1iqurimuqj2vcl00000000000000000000000000000341');
INSERT INTO md_attribute_indicies (set_id, item_id)  VALUES  ('2beo6g0phf48rzccpij4mlzdfcbp6i0w', '0000000000000000000000000000040000000000000000000000000000000403');
INSERT INTO visibilitymodifier (set_id, item_id)  VALUES  ('z5wpv40vucdsw43g36t37wr5brfa5rfy', '20071109NM000000000000000000000520071109NM0000000000000000000001');
INSERT INTO visibilitymodifier (set_id, item_id)  VALUES  ('t0tilzosntvyzjlyb5e6ii07x2mf1061', '20071109NM000000000000000000000520071109NM0000000000000000000001');
INSERT INTO metadata_display_label ( key_name, oid, site_master, default_locale) VALUES ('2dia27k7vix6sll6zg74ia2kul3ciz4rNM200904120000000000000000000030', '2dia27k7vix6sll6zg74ia2kul3ciz4rNM200904120000000000000000000030', 'www.runwaysdk.com', 'Locked By');
INSERT INTO metadata_display_label ( key_name, oid, site_master, default_locale) VALUES ('xslwdx6uoloia3457dnqf0d2d3swa5srNM200904120000000000000000000030', 'xslwdx6uoloia3457dnqf0d2d3swa5srNM200904120000000000000000000030', 'www.runwaysdk.com', 'User who has a write lock on this object');
INSERT INTO md_attribute_reference ( default_value, md_business, oid) VALUES (NULL, '0000000000000000000000000000000300000000000000000000000000000001', 'i1iv2aag1ondgze5gg8k8zj566eovuw900000000000000000000000000000186');
INSERT INTO md_attribute_ref ( oid) VALUES ('i1iv2aag1ondgze5gg8k8zj566eovuw900000000000000000000000000000186');
INSERT INTO md_attribute_concrete ( defining_md_class, column_name, index_type, index_type_c, attribute_name, getter_visibility, getter_visibility_c, system, index_name, setter_visibility, setter_visibility_c, required, generate_accessor, display_label, immutable, oid) VALUES ('iehto0zqk2c47kojxx2wvjruqcxdxl2920060824000000000000000000000011', 'locked_by', '2beo6g0phf48rzccpij4mlzdfcbp6i0w', '0000000000000000000000000000040000000000000000000000000000000403', 'lockedBy', 'z5wpv40vucdsw43g36t37wr5brfa5rfy', '20071109NM000000000000000000000520071109NM0000000000000000000001', 1, 'atnolzddlz6sp37ahityhi61wozjvy', 't0tilzosntvyzjlyb5e6ii07x2mf1061', '20071109NM000000000000000000000520071109NM0000000000000000000001', 0, 1, '2dia27k7vix6sll6zg74ia2kul3ciz4rNM200904120000000000000000000030', 0, 'i1iv2aag1ondgze5gg8k8zj566eovuw900000000000000000000000000000186');
INSERT INTO md_attribute ( oid) VALUES ('i1iv2aag1ondgze5gg8k8zj566eovuw900000000000000000000000000000186');
INSERT INTO metadata ( create_date, seq, type, created_by, last_update_date, last_updated_by, description, locked_by, remove, owner, entity_domain, oid, key_name, site_master) VALUES ('2016-08-23 09:28:05', 4823, 'com.runwaysdk.system.metadata.MdAttributeReference', '0000000000000000000000000000001000000000000000000000000000000003', '2016-08-23 09:28:05', '0000000000000000000000000000001000000000000000000000000000000003', 'xslwdx6uoloia3457dnqf0d2d3swa5srNM200904120000000000000000000030', NULL, 0, '0000000000000000000000000000001000000000000000000000000000000003', NULL, 'i1iv2aag1ondgze5gg8k8zj566eovuw900000000000000000000000000000186', 'com.runwaysdk.system.scheduler.DownstreamJobRelationship.lockedBy', 'www.runwaysdk.com');
INSERT INTO class_attribute_concrete ( oid, parent_id, child_id) VALUES ('i1iv2aag1ondgze5gg8k8zj566eovuw900000000000000000000000000000073', 'iehto0zqk2c47kojxx2wvjruqcxdxl2920060824000000000000000000000011', 'i1iv2aag1ondgze5gg8k8zj566eovuw900000000000000000000000000000186');
INSERT INTO class_attribute ( oid, parent_id, child_id) VALUES ('i1iv2aag1ondgze5gg8k8zj566eovuw900000000000000000000000000000073', 'iehto0zqk2c47kojxx2wvjruqcxdxl2920060824000000000000000000000011', 'i1iv2aag1ondgze5gg8k8zj566eovuw900000000000000000000000000000186');
INSERT INTO metadata_relationship ( oid, created_by, type, last_update_date, site_master, owner, seq, key_name, entity_domain, locked_by, create_date, last_updated_by, parent_id, child_id) VALUES ('i1iv2aag1ondgze5gg8k8zj566eovuw900000000000000000000000000000073', '0000000000000000000000000000001000000000000000000000000000000003', 'com.runwaysdk.system.metadata.ClassAttributeConcrete', '2016-08-23 09:28:05', 'www.runwaysdk.com', '0000000000000000000000000000001000000000000000000000000000000003', 4824, 'com.runwaysdk.system.scheduler.DownstreamJobRelationship.lockedBy', NULL, NULL, '2016-08-23 09:28:05', '0000000000000000000000000000001000000000000000000000000000000003', 'iehto0zqk2c47kojxx2wvjruqcxdxl2920060824000000000000000000000011', 'i1iv2aag1ondgze5gg8k8zj566eovuw900000000000000000000000000000186');
INSERT INTO md_attribute_indicies (set_id, item_id)  VALUES  ('6x5od78893hkg22pad9ewteipdmuyad0', '0000000000000000000000000000040100000000000000000000000000000403');
INSERT INTO visibilitymodifier (set_id, item_id)  VALUES  ('r29rgek6nycmnlbhzrjm9quc3ee5nxe7', '20071109NM000000000000000000000520071109NM0000000000000000000001');
INSERT INTO visibilitymodifier (set_id, item_id)  VALUES  ('zhhlph3r5kyru53tu7e4qit5la4f6a9c', '20071109NM000000000000000000000520071109NM0000000000000000000001');
INSERT INTO metadata_display_label ( key_name, oid, site_master, default_locale) VALUES ('z6p6by7ixttuhhubp7zit525y7cdm0izNM200904120000000000000000000030', 'z6p6by7ixttuhhubp7zit525y7cdm0izNM200904120000000000000000000030', 'www.runwaysdk.com', 'Type');
INSERT INTO metadata_display_label ( key_name, oid, site_master, default_locale) VALUES ('8tscl3sq7qe3q4xyguo6edtkkbq60uemNM200904120000000000000000000030', '8tscl3sq7qe3q4xyguo6edtkkbq60uemNM200904120000000000000000000030', 'www.runwaysdk.com', 'Fully qualified type of this object');
INSERT INTO md_attribute_character ( default_value, database_size, oid) VALUES (NULL, 255, 'ief112htm1boj6ddboxyetwfmxytdp7v00000000000000000000000000000138');
INSERT INTO md_attribute_char ( oid) VALUES ('ief112htm1boj6ddboxyetwfmxytdp7v00000000000000000000000000000138');
INSERT INTO md_attribute_primitive ( is_expression, expression, oid) VALUES (0, NULL, 'ief112htm1boj6ddboxyetwfmxytdp7v00000000000000000000000000000138');
INSERT INTO md_attribute_concrete ( defining_md_class, column_name, index_type, index_type_c, attribute_name, getter_visibility, getter_visibility_c, system, index_name, setter_visibility, setter_visibility_c, required, generate_accessor, display_label, immutable, oid) VALUES ('iehto0zqk2c47kojxx2wvjruqcxdxl2920060824000000000000000000000011', 'type', '6x5od78893hkg22pad9ewteipdmuyad0', '0000000000000000000000000000040100000000000000000000000000000403', 'type', 'r29rgek6nycmnlbhzrjm9quc3ee5nxe7', '20071109NM000000000000000000000520071109NM0000000000000000000001', 1, 'a1yly6wg06r8xzhf1mrc9w69t3tjss', 'zhhlph3r5kyru53tu7e4qit5la4f6a9c', '20071109NM000000000000000000000520071109NM0000000000000000000001', 1, 1, 'z6p6by7ixttuhhubp7zit525y7cdm0izNM200904120000000000000000000030', 1, 'ief112htm1boj6ddboxyetwfmxytdp7v00000000000000000000000000000138');
INSERT INTO md_attribute ( oid) VALUES ('ief112htm1boj6ddboxyetwfmxytdp7v00000000000000000000000000000138');
INSERT INTO metadata ( create_date, seq, type, created_by, last_update_date, last_updated_by, description, locked_by, remove, owner, entity_domain, oid, key_name, site_master) VALUES ('2016-08-23 09:28:05', 4825, 'com.runwaysdk.system.metadata.MdAttributeCharacter', '0000000000000000000000000000001000000000000000000000000000000003', '2016-08-23 09:28:05', '0000000000000000000000000000001000000000000000000000000000000003', '8tscl3sq7qe3q4xyguo6edtkkbq60uemNM200904120000000000000000000030', NULL, 0, '0000000000000000000000000000001000000000000000000000000000000003', NULL, 'ief112htm1boj6ddboxyetwfmxytdp7v00000000000000000000000000000138', 'com.runwaysdk.system.scheduler.DownstreamJobRelationship.type', 'www.runwaysdk.com');
INSERT INTO class_attribute_concrete ( oid, parent_id, child_id) VALUES ('ief112htm1boj6ddboxyetwfmxytdp7v00000000000000000000000000000073', 'iehto0zqk2c47kojxx2wvjruqcxdxl2920060824000000000000000000000011', 'ief112htm1boj6ddboxyetwfmxytdp7v00000000000000000000000000000138');
INSERT INTO class_attribute ( oid, parent_id, child_id) VALUES ('ief112htm1boj6ddboxyetwfmxytdp7v00000000000000000000000000000073', 'iehto0zqk2c47kojxx2wvjruqcxdxl2920060824000000000000000000000011', 'ief112htm1boj6ddboxyetwfmxytdp7v00000000000000000000000000000138');
INSERT INTO metadata_relationship ( oid, created_by, type, last_update_date, site_master, owner, seq, key_name, entity_domain, locked_by, create_date, last_updated_by, parent_id, child_id) VALUES ('ief112htm1boj6ddboxyetwfmxytdp7v00000000000000000000000000000073', '0000000000000000000000000000001000000000000000000000000000000003', 'com.runwaysdk.system.metadata.ClassAttributeConcrete', '2016-08-23 09:28:05', 'www.runwaysdk.com', '0000000000000000000000000000001000000000000000000000000000000003', 4826, 'com.runwaysdk.system.scheduler.DownstreamJobRelationship.type', NULL, NULL, '2016-08-23 09:28:05', '0000000000000000000000000000001000000000000000000000000000000003', 'iehto0zqk2c47kojxx2wvjruqcxdxl2920060824000000000000000000000011', 'ief112htm1boj6ddboxyetwfmxytdp7v00000000000000000000000000000138');
INSERT INTO md_attribute_indicies (set_id, item_id)  VALUES  ('6v8wbnl3b2co3hmqeynqh3zcevu5hwof', '0000000000000000000000000000040100000000000000000000000000000403');
INSERT INTO visibilitymodifier (set_id, item_id)  VALUES  ('xy2kknqb84ik7nz5bv0y81h9f3et51m2', '20071109NM000000000000000000000520071109NM0000000000000000000001');
INSERT INTO visibilitymodifier (set_id, item_id)  VALUES  ('sfj7zcc33pzkj4h6qbflma1hwmti92zd', '20071109NM000000000000000000000520071109NM0000000000000000000001');
INSERT INTO metadata_display_label ( key_name, oid, site_master, default_locale) VALUES ('0djv7atg95vhogghahwo3l1u4x15urolNM200904120000000000000000000030', '0djv7atg95vhogghahwo3l1u4x15urolNM200904120000000000000000000030', 'www.runwaysdk.com', 'Sequence');
INSERT INTO metadata_display_label ( key_name, oid, site_master, default_locale) VALUES ('2dyrqkc38dqewg7kddvu8dp89wxg1hfbNM200904120000000000000000000030', '2dyrqkc38dqewg7kddvu8dp89wxg1hfbNM200904120000000000000000000030', 'www.runwaysdk.com', 'Sequence number is incremented every time this object is updated');
INSERT INTO md_attribute_long ( default_value, start_range, end_range, oid) VALUES (NULL, NULL, NULL, 'i69wjm55k0548cq5uqgli0f63f9njuey00000000000000000000000000000338');
INSERT INTO md_attribute_int ( oid) VALUES ('i69wjm55k0548cq5uqgli0f63f9njuey00000000000000000000000000000338');
INSERT INTO md_attribute_number ( reject_negative, reject_positive, reject_zero, oid) VALUES (1, 0, 0, 'i69wjm55k0548cq5uqgli0f63f9njuey00000000000000000000000000000338');
INSERT INTO md_attribute_primitive ( is_expression, expression, oid) VALUES (0, NULL, 'i69wjm55k0548cq5uqgli0f63f9njuey00000000000000000000000000000338');
INSERT INTO md_attribute_concrete ( defining_md_class, column_name, index_type, index_type_c, attribute_name, getter_visibility, getter_visibility_c, system, index_name, setter_visibility, setter_visibility_c, required, generate_accessor, display_label, immutable, oid) VALUES ('iehto0zqk2c47kojxx2wvjruqcxdxl2920060824000000000000000000000011', 'seq', '6v8wbnl3b2co3hmqeynqh3zcevu5hwof', '0000000000000000000000000000040100000000000000000000000000000403', 'seq', 'xy2kknqb84ik7nz5bv0y81h9f3et51m2', '20071109NM000000000000000000000520071109NM0000000000000000000001', 1, 'aaetgqkat99au55ujn8lqmd200lt7r', 'sfj7zcc33pzkj4h6qbflma1hwmti92zd', '20071109NM000000000000000000000520071109NM0000000000000000000001', 1, 1, '0djv7atg95vhogghahwo3l1u4x15urolNM200904120000000000000000000030', 0, 'i69wjm55k0548cq5uqgli0f63f9njuey00000000000000000000000000000338');
INSERT INTO md_attribute ( oid) VALUES ('i69wjm55k0548cq5uqgli0f63f9njuey00000000000000000000000000000338');
INSERT INTO metadata ( create_date, seq, type, created_by, last_update_date, last_updated_by, description, locked_by, remove, owner, entity_domain, oid, key_name, site_master) VALUES ('2016-08-23 09:28:05', 4827, 'com.runwaysdk.system.metadata.MdAttributeLong', '0000000000000000000000000000001000000000000000000000000000000003', '2016-08-23 09:28:05', '0000000000000000000000000000001000000000000000000000000000000003', '2dyrqkc38dqewg7kddvu8dp89wxg1hfbNM200904120000000000000000000030', NULL, 0, '0000000000000000000000000000001000000000000000000000000000000003', NULL, 'i69wjm55k0548cq5uqgli0f63f9njuey00000000000000000000000000000338', 'com.runwaysdk.system.scheduler.DownstreamJobRelationship.seq', 'www.runwaysdk.com');
INSERT INTO class_attribute_concrete ( oid, parent_id, child_id) VALUES ('i69wjm55k0548cq5uqgli0f63f9njuey00000000000000000000000000000073', 'iehto0zqk2c47kojxx2wvjruqcxdxl2920060824000000000000000000000011', 'i69wjm55k0548cq5uqgli0f63f9njuey00000000000000000000000000000338');
INSERT INTO class_attribute ( oid, parent_id, child_id) VALUES ('i69wjm55k0548cq5uqgli0f63f9njuey00000000000000000000000000000073', 'iehto0zqk2c47kojxx2wvjruqcxdxl2920060824000000000000000000000011', 'i69wjm55k0548cq5uqgli0f63f9njuey00000000000000000000000000000338');
INSERT INTO metadata_relationship ( oid, created_by, type, last_update_date, site_master, owner, seq, key_name, entity_domain, locked_by, create_date, last_updated_by, parent_id, child_id) VALUES ('i69wjm55k0548cq5uqgli0f63f9njuey00000000000000000000000000000073', '0000000000000000000000000000001000000000000000000000000000000003', 'com.runwaysdk.system.metadata.ClassAttributeConcrete', '2016-08-23 09:28:05', 'www.runwaysdk.com', '0000000000000000000000000000001000000000000000000000000000000003', 4828, 'com.runwaysdk.system.scheduler.DownstreamJobRelationship.seq', NULL, NULL, '2016-08-23 09:28:05', '0000000000000000000000000000001000000000000000000000000000000003', 'iehto0zqk2c47kojxx2wvjruqcxdxl2920060824000000000000000000000011', 'i69wjm55k0548cq5uqgli0f63f9njuey00000000000000000000000000000338');
INSERT INTO md_attribute_indicies (set_id, item_id)  VALUES  ('zjqotw8yrd2tj22l6rtfg6h6e33h7csf', '0000000000000000000000000000040000000000000000000000000000000403');
INSERT INTO visibilitymodifier (set_id, item_id)  VALUES  ('0eup6k4arcojkzdo9df00agcxevmcxye', '20071109NM000000000000000000000520071109NM0000000000000000000001');
INSERT INTO visibilitymodifier (set_id, item_id)  VALUES  ('6qbozl3pus7mivywtvxzysevpxums8pt', '20071109NM000000000000000000000520071109NM0000000000000000000001');
INSERT INTO metadata_display_label ( key_name, oid, site_master, default_locale) VALUES ('8egc64otx570dkfs96f9jwa6buz88dp7NM200904120000000000000000000030', '8egc64otx570dkfs96f9jwa6buz88dp7NM200904120000000000000000000030', 'www.runwaysdk.com', 'Created By');
INSERT INTO metadata_display_label ( key_name, oid, site_master, default_locale) VALUES ('8nlxv5dlmbg5wxznnvs8t4nqv95ag6jeNM200904120000000000000000000030', '8nlxv5dlmbg5wxznnvs8t4nqv95ag6jeNM200904120000000000000000000030', 'www.runwaysdk.com', 'User that created this object');
INSERT INTO md_attribute_reference ( default_value, md_business, oid) VALUES (NULL, 'JS20070723000000000000000000156000000000000000000000000000000001', 'i3qoor691ppkx7bgidxfzwwsjfmnhb9m00000000000000000000000000000186');
INSERT INTO md_attribute_ref ( oid) VALUES ('i3qoor691ppkx7bgidxfzwwsjfmnhb9m00000000000000000000000000000186');
INSERT INTO md_attribute_concrete ( defining_md_class, column_name, index_type, index_type_c, attribute_name, getter_visibility, getter_visibility_c, system, index_name, setter_visibility, setter_visibility_c, required, generate_accessor, display_label, immutable, oid) VALUES ('iehto0zqk2c47kojxx2wvjruqcxdxl2920060824000000000000000000000011', 'created_by', 'zjqotw8yrd2tj22l6rtfg6h6e33h7csf', '0000000000000000000000000000040000000000000000000000000000000403', 'createdBy', '0eup6k4arcojkzdo9df00agcxevmcxye', '20071109NM000000000000000000000520071109NM0000000000000000000001', 1, 'a8flltyespecrb7oieycph9jpgz6hd', '6qbozl3pus7mivywtvxzysevpxums8pt', '20071109NM000000000000000000000520071109NM0000000000000000000001', 1, 1, '8egc64otx570dkfs96f9jwa6buz88dp7NM200904120000000000000000000030', 1, 'i3qoor691ppkx7bgidxfzwwsjfmnhb9m00000000000000000000000000000186');
INSERT INTO md_attribute ( oid) VALUES ('i3qoor691ppkx7bgidxfzwwsjfmnhb9m00000000000000000000000000000186');
INSERT INTO metadata ( create_date, seq, type, created_by, last_update_date, last_updated_by, description, locked_by, remove, owner, entity_domain, oid, key_name, site_master) VALUES ('2016-08-23 09:28:05', 4829, 'com.runwaysdk.system.metadata.MdAttributeReference', '0000000000000000000000000000001000000000000000000000000000000003', '2016-08-23 09:28:05', '0000000000000000000000000000001000000000000000000000000000000003', '8nlxv5dlmbg5wxznnvs8t4nqv95ag6jeNM200904120000000000000000000030', NULL, 0, '0000000000000000000000000000001000000000000000000000000000000003', NULL, 'i3qoor691ppkx7bgidxfzwwsjfmnhb9m00000000000000000000000000000186', 'com.runwaysdk.system.scheduler.DownstreamJobRelationship.createdBy', 'www.runwaysdk.com');
INSERT INTO class_attribute_concrete ( oid, parent_id, child_id) VALUES ('i3qoor691ppkx7bgidxfzwwsjfmnhb9m00000000000000000000000000000073', 'iehto0zqk2c47kojxx2wvjruqcxdxl2920060824000000000000000000000011', 'i3qoor691ppkx7bgidxfzwwsjfmnhb9m00000000000000000000000000000186');
INSERT INTO class_attribute ( oid, parent_id, child_id) VALUES ('i3qoor691ppkx7bgidxfzwwsjfmnhb9m00000000000000000000000000000073', 'iehto0zqk2c47kojxx2wvjruqcxdxl2920060824000000000000000000000011', 'i3qoor691ppkx7bgidxfzwwsjfmnhb9m00000000000000000000000000000186');
INSERT INTO metadata_relationship ( oid, created_by, type, last_update_date, site_master, owner, seq, key_name, entity_domain, locked_by, create_date, last_updated_by, parent_id, child_id) VALUES ('i3qoor691ppkx7bgidxfzwwsjfmnhb9m00000000000000000000000000000073', '0000000000000000000000000000001000000000000000000000000000000003', 'com.runwaysdk.system.metadata.ClassAttributeConcrete', '2016-08-23 09:28:05', 'www.runwaysdk.com', '0000000000000000000000000000001000000000000000000000000000000003', 4830, 'com.runwaysdk.system.scheduler.DownstreamJobRelationship.createdBy', NULL, NULL, '2016-08-23 09:28:05', '0000000000000000000000000000001000000000000000000000000000000003', 'iehto0zqk2c47kojxx2wvjruqcxdxl2920060824000000000000000000000011', 'i3qoor691ppkx7bgidxfzwwsjfmnhb9m00000000000000000000000000000186');
INSERT INTO md_attribute_indicies (set_id, item_id)  VALUES  ('r754xlri8e6j0co32ugd0huer4xmmyvt', '0000000000000000000000000000040000000000000000000000000000000403');
INSERT INTO visibilitymodifier (set_id, item_id)  VALUES  ('zf8dtad1kk8v1lp1ay3tgv2xzf387gep', '20071109NM000000000000000000000520071109NM0000000000000000000001');
INSERT INTO visibilitymodifier (set_id, item_id)  VALUES  ('0j0ifelwo5sz71zru9xrxmaqor1l900b', '20071109NM000000000000000000000520071109NM0000000000000000000001');
INSERT INTO metadata_display_label ( key_name, oid, site_master, default_locale) VALUES ('soduxl3gn36ab2kn91wn24uq2wb2lzskNM200904120000000000000000000030', 'soduxl3gn36ab2kn91wn24uq2wb2lzskNM200904120000000000000000000030', 'www.runwaysdk.com', 'Owner');
INSERT INTO metadata_display_label ( key_name, oid, site_master, default_locale) VALUES ('zj9s6eo3dw2voxvnpsrqt82mhpv8amzyNM200904120000000000000000000030', 'zj9s6eo3dw2voxvnpsrqt82mhpv8amzyNM200904120000000000000000000030', 'www.runwaysdk.com', 'A reference to the user who own this object');
INSERT INTO md_attribute_reference ( default_value, md_business, oid) VALUES (NULL, '0000000000000000000000000000051600000000000000000000000000000001', 'i61omtp6gn4x8rejw6i3h0c9h3otyar200000000000000000000000000000186');
INSERT INTO md_attribute_ref ( oid) VALUES ('i61omtp6gn4x8rejw6i3h0c9h3otyar200000000000000000000000000000186');
INSERT INTO md_attribute_concrete ( defining_md_class, column_name, index_type, index_type_c, attribute_name, getter_visibility, getter_visibility_c, system, index_name, setter_visibility, setter_visibility_c, required, generate_accessor, display_label, immutable, oid) VALUES ('iehto0zqk2c47kojxx2wvjruqcxdxl2920060824000000000000000000000011', 'owner', 'r754xlri8e6j0co32ugd0huer4xmmyvt', '0000000000000000000000000000040000000000000000000000000000000403', 'owner', 'zf8dtad1kk8v1lp1ay3tgv2xzf387gep', '20071109NM000000000000000000000520071109NM0000000000000000000001', 0, 'a4tgxkkzcryeevgrzeynmzwwy6ty5i', '0j0ifelwo5sz71zru9xrxmaqor1l900b', '20071109NM000000000000000000000520071109NM0000000000000000000001', 1, 1, 'soduxl3gn36ab2kn91wn24uq2wb2lzskNM200904120000000000000000000030', 0, 'i61omtp6gn4x8rejw6i3h0c9h3otyar200000000000000000000000000000186');
INSERT INTO md_attribute ( oid) VALUES ('i61omtp6gn4x8rejw6i3h0c9h3otyar200000000000000000000000000000186');
INSERT INTO metadata ( create_date, seq, type, created_by, last_update_date, last_updated_by, description, locked_by, remove, owner, entity_domain, oid, key_name, site_master) VALUES ('2016-08-23 09:28:05', 4831, 'com.runwaysdk.system.metadata.MdAttributeReference', '0000000000000000000000000000001000000000000000000000000000000003', '2016-08-23 09:28:05', '0000000000000000000000000000001000000000000000000000000000000003', 'zj9s6eo3dw2voxvnpsrqt82mhpv8amzyNM200904120000000000000000000030', NULL, 0, '0000000000000000000000000000001000000000000000000000000000000003', NULL, 'i61omtp6gn4x8rejw6i3h0c9h3otyar200000000000000000000000000000186', 'com.runwaysdk.system.scheduler.DownstreamJobRelationship.owner', 'www.runwaysdk.com');
INSERT INTO class_attribute_concrete ( oid, parent_id, child_id) VALUES ('i61omtp6gn4x8rejw6i3h0c9h3otyar200000000000000000000000000000073', 'iehto0zqk2c47kojxx2wvjruqcxdxl2920060824000000000000000000000011', 'i61omtp6gn4x8rejw6i3h0c9h3otyar200000000000000000000000000000186');
INSERT INTO class_attribute ( oid, parent_id, child_id) VALUES ('i61omtp6gn4x8rejw6i3h0c9h3otyar200000000000000000000000000000073', 'iehto0zqk2c47kojxx2wvjruqcxdxl2920060824000000000000000000000011', 'i61omtp6gn4x8rejw6i3h0c9h3otyar200000000000000000000000000000186');
INSERT INTO metadata_relationship ( oid, created_by, type, last_update_date, site_master, owner, seq, key_name, entity_domain, locked_by, create_date, last_updated_by, parent_id, child_id) VALUES ('i61omtp6gn4x8rejw6i3h0c9h3otyar200000000000000000000000000000073', '0000000000000000000000000000001000000000000000000000000000000003', 'com.runwaysdk.system.metadata.ClassAttributeConcrete', '2016-08-23 09:28:05', 'www.runwaysdk.com', '0000000000000000000000000000001000000000000000000000000000000003', 4832, 'com.runwaysdk.system.scheduler.DownstreamJobRelationship.owner', NULL, NULL, '2016-08-23 09:28:05', '0000000000000000000000000000001000000000000000000000000000000003', 'iehto0zqk2c47kojxx2wvjruqcxdxl2920060824000000000000000000000011', 'i61omtp6gn4x8rejw6i3h0c9h3otyar200000000000000000000000000000186');
INSERT INTO md_attribute_indicies (set_id, item_id)  VALUES  ('z9e2myo9h7gooz3ro27mtkd4ks8tdkk7', '0000000000000000000000000000040000000000000000000000000000000403');
INSERT INTO visibilitymodifier (set_id, item_id)  VALUES  ('8n0b66jall20yj3ygjwssmyesc0zjd4d', '20071109NM000000000000000000000520071109NM0000000000000000000001');
INSERT INTO visibilitymodifier (set_id, item_id)  VALUES  ('0f4smvg9vpe67gzsdkhyuih20rzytl8q', '20071109NM000000000000000000000520071109NM0000000000000000000001');
INSERT INTO metadata_display_label ( key_name, oid, site_master, default_locale) VALUES ('syg3d3qrsmi14fpw1vkaao2f3nn7tkicNM200904120000000000000000000030', 'syg3d3qrsmi14fpw1vkaao2f3nn7tkicNM200904120000000000000000000030', 'www.runwaysdk.com', 'Last Updated By');
INSERT INTO metadata_display_label ( key_name, oid, site_master, default_locale) VALUES ('8qxzmkh7itz3ncwf2vn68kzn1vzl4k1aNM200904120000000000000000000030', '8qxzmkh7itz3ncwf2vn68kzn1vzl4k1aNM200904120000000000000000000030', 'www.runwaysdk.com', 'User who last updated this object');
INSERT INTO md_attribute_reference ( default_value, md_business, oid) VALUES (NULL, 'JS20070723000000000000000000156000000000000000000000000000000001', 'i8gsesg2m4wnx43r80hf1bfcllabgr5200000000000000000000000000000186');
INSERT INTO md_attribute_ref ( oid) VALUES ('i8gsesg2m4wnx43r80hf1bfcllabgr5200000000000000000000000000000186');
INSERT INTO md_attribute_concrete ( defining_md_class, column_name, index_type, index_type_c, attribute_name, getter_visibility, getter_visibility_c, system, index_name, setter_visibility, setter_visibility_c, required, generate_accessor, display_label, immutable, oid) VALUES ('iehto0zqk2c47kojxx2wvjruqcxdxl2920060824000000000000000000000011', 'last_updated_by', 'z9e2myo9h7gooz3ro27mtkd4ks8tdkk7', '0000000000000000000000000000040000000000000000000000000000000403', 'lastUpdatedBy', '8n0b66jall20yj3ygjwssmyesc0zjd4d', '20071109NM000000000000000000000520071109NM0000000000000000000001', 1, 'aeof7w671amjjnegfdfi2y518bl9ga', '0f4smvg9vpe67gzsdkhyuih20rzytl8q', '20071109NM000000000000000000000520071109NM0000000000000000000001', 1, 1, 'syg3d3qrsmi14fpw1vkaao2f3nn7tkicNM200904120000000000000000000030', 0, 'i8gsesg2m4wnx43r80hf1bfcllabgr5200000000000000000000000000000186');
INSERT INTO md_attribute ( oid) VALUES ('i8gsesg2m4wnx43r80hf1bfcllabgr5200000000000000000000000000000186');
INSERT INTO metadata ( create_date, seq, type, created_by, last_update_date, last_updated_by, description, locked_by, remove, owner, entity_domain, oid, key_name, site_master) VALUES ('2016-08-23 09:28:05', 4833, 'com.runwaysdk.system.metadata.MdAttributeReference', '0000000000000000000000000000001000000000000000000000000000000003', '2016-08-23 09:28:05', '0000000000000000000000000000001000000000000000000000000000000003', '8qxzmkh7itz3ncwf2vn68kzn1vzl4k1aNM200904120000000000000000000030', NULL, 0, '0000000000000000000000000000001000000000000000000000000000000003', NULL, 'i8gsesg2m4wnx43r80hf1bfcllabgr5200000000000000000000000000000186', 'com.runwaysdk.system.scheduler.DownstreamJobRelationship.lastUpdatedBy', 'www.runwaysdk.com');
INSERT INTO class_attribute_concrete ( oid, parent_id, child_id) VALUES ('i8gsesg2m4wnx43r80hf1bfcllabgr5200000000000000000000000000000073', 'iehto0zqk2c47kojxx2wvjruqcxdxl2920060824000000000000000000000011', 'i8gsesg2m4wnx43r80hf1bfcllabgr5200000000000000000000000000000186');
INSERT INTO class_attribute ( oid, parent_id, child_id) VALUES ('i8gsesg2m4wnx43r80hf1bfcllabgr5200000000000000000000000000000073', 'iehto0zqk2c47kojxx2wvjruqcxdxl2920060824000000000000000000000011', 'i8gsesg2m4wnx43r80hf1bfcllabgr5200000000000000000000000000000186');
INSERT INTO metadata_relationship ( oid, created_by, type, last_update_date, site_master, owner, seq, key_name, entity_domain, locked_by, create_date, last_updated_by, parent_id, child_id) VALUES ('i8gsesg2m4wnx43r80hf1bfcllabgr5200000000000000000000000000000073', '0000000000000000000000000000001000000000000000000000000000000003', 'com.runwaysdk.system.metadata.ClassAttributeConcrete', '2016-08-23 09:28:05', 'www.runwaysdk.com', '0000000000000000000000000000001000000000000000000000000000000003', 4834, 'com.runwaysdk.system.scheduler.DownstreamJobRelationship.lastUpdatedBy', NULL, NULL, '2016-08-23 09:28:05', '0000000000000000000000000000001000000000000000000000000000000003', 'iehto0zqk2c47kojxx2wvjruqcxdxl2920060824000000000000000000000011', 'i8gsesg2m4wnx43r80hf1bfcllabgr5200000000000000000000000000000186');
INSERT INTO metadata_display_label ( key_name, oid, site_master, default_locale) VALUES ('2cmansf2mikvieys8tdrpon7ujxaqq2sNM200904120000000000000000000030', '2cmansf2mikvieys8tdrpon7ujxaqq2sNM200904120000000000000000000030', 'www.runwaysdk.com', NULL);
INSERT INTO metadata_display_label ( key_name, oid, site_master, default_locale) VALUES ('qlhvg6umlyaofm39dllz9qf32hzhivnyNM200904120000000000000000000030', 'qlhvg6umlyaofm39dllz9qf32hzhivnyNM200904120000000000000000000030', 'www.runwaysdk.com', NULL);
INSERT INTO md_attribute_indicies (set_id, item_id)  VALUES  ('6sc1pwe1zin49tiozhf44ck4lewab07f', '0000000000000000000000000000040100000000000000000000000000000403');
INSERT INTO visibilitymodifier (set_id, item_id)  VALUES  ('zcl1g1fmg2szocfvbycd7yr7q053s9ua', '20071109NM000000000000000000000520071109NM0000000000000000000001');
INSERT INTO visibilitymodifier (set_id, item_id)  VALUES  ('r077dbyn17mbzt02ba6da7ry5bu7ftgb', '20071109NM000000000000000000000520071109NM0000000000000000000001');
INSERT INTO metadata_display_label ( key_name, oid, site_master, default_locale) VALUES ('sqssp5j4vs2i7krplyz7ikoal9bsclftNM200904120000000000000000000030', 'sqssp5j4vs2i7krplyz7ikoal9bsclftNM200904120000000000000000000030', 'www.runwaysdk.com', 'Trigger on failure');
INSERT INTO metadata_display_label ( key_name, oid, site_master, default_locale) VALUES ('qov1vkw7zf7iseg05kboipe44px78rhlNM200904120000000000000000000030', 'qov1vkw7zf7iseg05kboipe44px78rhlNM200904120000000000000000000030', 'www.runwaysdk.com', NULL);
INSERT INTO md_attribute_boolean ( positive_display_label, negative_display_label, default_value, oid) VALUES ('2cmansf2mikvieys8tdrpon7ujxaqq2sNM200904120000000000000000000030', 'qlhvg6umlyaofm39dllz9qf32hzhivnyNM200904120000000000000000000030', 0, 'idwrxusnirp41h4dn9733vw927296om000000000000000000000000000000194');
INSERT INTO md_attribute_primitive ( is_expression, expression, oid) VALUES (0, NULL, 'idwrxusnirp41h4dn9733vw927296om000000000000000000000000000000194');
INSERT INTO md_attribute_concrete ( defining_md_class, column_name, index_type, index_type_c, attribute_name, getter_visibility, getter_visibility_c, system, index_name, setter_visibility, setter_visibility_c, required, generate_accessor, display_label, immutable, oid) VALUES ('iehto0zqk2c47kojxx2wvjruqcxdxl2920060824000000000000000000000011', 'trigger_on_failure', '6sc1pwe1zin49tiozhf44ck4lewab07f', '0000000000000000000000000000040100000000000000000000000000000403', 'triggerOnFailure', 'zcl1g1fmg2szocfvbycd7yr7q053s9ua', '20071109NM000000000000000000000520071109NM0000000000000000000001', 0, 'a9jw3vut8auoc3du4z1945kv4a4qg9', 'r077dbyn17mbzt02ba6da7ry5bu7ftgb', '20071109NM000000000000000000000520071109NM0000000000000000000001', 0, 1, 'sqssp5j4vs2i7krplyz7ikoal9bsclftNM200904120000000000000000000030', 0, 'idwrxusnirp41h4dn9733vw927296om000000000000000000000000000000194');
INSERT INTO md_attribute ( oid) VALUES ('idwrxusnirp41h4dn9733vw927296om000000000000000000000000000000194');
INSERT INTO metadata ( create_date, seq, type, created_by, last_update_date, last_updated_by, description, locked_by, remove, owner, entity_domain, oid, key_name, site_master) VALUES ('2016-08-23 09:28:05', 4835, 'com.runwaysdk.system.metadata.MdAttributeBoolean', '0000000000000000000000000000001000000000000000000000000000000003', '2016-08-23 09:28:05', '0000000000000000000000000000001000000000000000000000000000000003', 'qov1vkw7zf7iseg05kboipe44px78rhlNM200904120000000000000000000030', NULL, 1, '0000000000000000000000000000001000000000000000000000000000000003', NULL, 'idwrxusnirp41h4dn9733vw927296om000000000000000000000000000000194', 'com.runwaysdk.system.scheduler.DownstreamJobRelationship.triggerOnFailure', 'www.runwaysdk.com');
INSERT INTO class_attribute_concrete ( oid, parent_id, child_id) VALUES ('idwrxusnirp41h4dn9733vw927296om000000000000000000000000000000073', 'iehto0zqk2c47kojxx2wvjruqcxdxl2920060824000000000000000000000011', 'idwrxusnirp41h4dn9733vw927296om000000000000000000000000000000194');
INSERT INTO class_attribute ( oid, parent_id, child_id) VALUES ('idwrxusnirp41h4dn9733vw927296om000000000000000000000000000000073', 'iehto0zqk2c47kojxx2wvjruqcxdxl2920060824000000000000000000000011', 'idwrxusnirp41h4dn9733vw927296om000000000000000000000000000000194');
INSERT INTO metadata_relationship ( oid, created_by, type, last_update_date, site_master, owner, seq, key_name, entity_domain, locked_by, create_date, last_updated_by, parent_id, child_id) VALUES ('idwrxusnirp41h4dn9733vw927296om000000000000000000000000000000073', '0000000000000000000000000000001000000000000000000000000000000003', 'com.runwaysdk.system.metadata.ClassAttributeConcrete', '2016-08-23 09:28:05', 'www.runwaysdk.com', '0000000000000000000000000000001000000000000000000000000000000003', 4836, 'com.runwaysdk.system.scheduler.DownstreamJobRelationship.triggerOnFailure', NULL, NULL, '2016-08-23 09:28:05', '0000000000000000000000000000001000000000000000000000000000000003', 'iehto0zqk2c47kojxx2wvjruqcxdxl2920060824000000000000000000000011', 'idwrxusnirp41h4dn9733vw927296om000000000000000000000000000000194');
INSERT INTO metadata_display_label ( key_name, oid, site_master, default_locale) VALUES ('2ejhl6gkv4ki8di48g8hfbtbn88eby82NM200904120000000000000000000030', '2ejhl6gkv4ki8di48g8hfbtbn88eby82NM200904120000000000000000000030', 'www.runwaysdk.com', 'Search By Value Query');
INSERT INTO metadata_display_label ( key_name, oid, site_master, default_locale) VALUES ('skbty161p7e3h4yqofehrgxdqspztuzyNM200904120000000000000000000030', 'skbty161p7e3h4yqofehrgxdqspztuzyNM200904120000000000000000000030', 'www.runwaysdk.com', NULL);
INSERT INTO md_method ( md_type, return_type, is_static, method_name, display_label, oid) VALUES ('iehto0zqk2c47kojxx2wvjruqcxdxl2920060824000000000000000000000011', 'com.runwaysdk.query.ValueQuery', 1, 'searchByValueQuery', '2ejhl6gkv4ki8di48g8hfbtbn88eby82NM200904120000000000000000000030', 'imvmmhfmd3uum2xjjbnc1h1f0zlpa7x420070427JS0000000000000000001514');
INSERT INTO metadata ( create_date, seq, type, created_by, last_update_date, last_updated_by, description, locked_by, remove, owner, entity_domain, oid, key_name, site_master) VALUES ('2016-08-23 09:28:05', 4837, 'com.runwaysdk.system.metadata.MdMethod', '0000000000000000000000000000001000000000000000000000000000000003', '2016-08-23 09:28:05', '0000000000000000000000000000001000000000000000000000000000000003', 'skbty161p7e3h4yqofehrgxdqspztuzyNM200904120000000000000000000030', NULL, 1, '0000000000000000000000000000001000000000000000000000000000000003', NULL, 'imvmmhfmd3uum2xjjbnc1h1f0zlpa7x420070427JS0000000000000000001514', 'com.runwaysdk.system.scheduler.DownstreamJobRelationship.searchByValueQuery', 'www.runwaysdk.com');
INSERT INTO type_method ( oid, parent_id, child_id) VALUES ('imvmmhfmd3uum2xjjbnc1h1f0zlpa7x420070427JS0000000000000000001520', 'iehto0zqk2c47kojxx2wvjruqcxdxl2920060824000000000000000000000011', 'imvmmhfmd3uum2xjjbnc1h1f0zlpa7x420070427JS0000000000000000001514');
INSERT INTO metadata_relationship ( oid, created_by, type, last_update_date, site_master, owner, seq, key_name, entity_domain, locked_by, create_date, last_updated_by, parent_id, child_id) VALUES ('imvmmhfmd3uum2xjjbnc1h1f0zlpa7x420070427JS0000000000000000001520', '0000000000000000000000000000001000000000000000000000000000000003', 'com.runwaysdk.system.metadata.TypeMethod', '2016-08-23 09:28:05', 'www.runwaysdk.com', '0000000000000000000000000000001000000000000000000000000000000003', 4838, 'com.runwaysdk.system.scheduler.DownstreamJobRelationship.searchByValueQuery', NULL, NULL, '2016-08-23 09:28:05', '0000000000000000000000000000001000000000000000000000000000000003', 'iehto0zqk2c47kojxx2wvjruqcxdxl2920060824000000000000000000000011', 'imvmmhfmd3uum2xjjbnc1h1f0zlpa7x420070427JS0000000000000000001514');
INSERT INTO metadata_display_label ( key_name, oid, site_master, default_locale) VALUES ('sly2ut3lpdkyqs9hs42lfo3sic8x544fNM200904120000000000000000000030', 'sly2ut3lpdkyqs9hs42lfo3sic8x544fNM200904120000000000000000000030', 'www.runwaysdk.com', 'Value');
INSERT INTO metadata_display_label ( key_name, oid, site_master, default_locale) VALUES ('73a7lc85sot7e1yxcmvvhtdxflqqrts4NM200904120000000000000000000030', '73a7lc85sot7e1yxcmvvhtdxflqqrts4NM200904120000000000000000000030', 'www.runwaysdk.com', NULL);
INSERT INTO md_parameter ( parameter_type, parameter_name, metadata, parameter_order, display_label, oid) VALUES ('java.lang.String', 'value', 'imvmmhfmd3uum2xjjbnc1h1f0zlpa7x420070427JS0000000000000000001514', 0, 'sly2ut3lpdkyqs9hs42lfo3sic8x544fNM200904120000000000000000000030', 'i67mwcvyuy0skthpbuz1gez3nxq1lptz20070427JS0000000000000000001517');
INSERT INTO metadata ( create_date, seq, type, created_by, last_update_date, last_updated_by, description, locked_by, remove, owner, entity_domain, oid, key_name, site_master) VALUES ('2016-08-23 09:28:05', 4839, 'com.runwaysdk.system.metadata.MdParameter', '0000000000000000000000000000001000000000000000000000000000000003', '2016-08-23 09:28:05', '0000000000000000000000000000001000000000000000000000000000000003', '73a7lc85sot7e1yxcmvvhtdxflqqrts4NM200904120000000000000000000030', NULL, 1, '0000000000000000000000000000001000000000000000000000000000000003', NULL, 'i67mwcvyuy0skthpbuz1gez3nxq1lptz20070427JS0000000000000000001517', 'com.runwaysdk.system.scheduler.DownstreamJobRelationship.searchByValueQuery.value', 'www.runwaysdk.com');
INSERT INTO metadata_parameter ( created_by, locked_by, seq, last_updated_by, type, site_master, last_update_date, owner, create_date, key_name, entity_domain, oid, parent_id, child_id) VALUES ('0000000000000000000000000000001000000000000000000000000000000003', NULL, 4840, '0000000000000000000000000000001000000000000000000000000000000003', 'com.runwaysdk.system.MetadataParameter', 'www.runwaysdk.com', '2016-08-23 09:28:05', '0000000000000000000000000000001000000000000000000000000000000003', '2016-08-23 09:28:05', 'com.runwaysdk.system.scheduler.DownstreamJobRelationship.searchByValueQuery.value', NULL, 'i67mwcvyuy0skthpbuz1gez3nxq1lptz20070427JS0000000000000000001524', 'imvmmhfmd3uum2xjjbnc1h1f0zlpa7x420070427JS0000000000000000001514', 'i67mwcvyuy0skthpbuz1gez3nxq1lptz20070427JS0000000000000000001517');
UPDATE metadata_display_label SET key_name= '2ejhl6gkv4ki8di48g8hfbtbn88eby82NM200904120000000000000000000030' , oid= '2ejhl6gkv4ki8di48g8hfbtbn88eby82NM200904120000000000000000000030' , site_master= 'www.runwaysdk.com' , default_locale= 'Search By Value Query'  WHERE oid='2ejhl6gkv4ki8di48g8hfbtbn88eby82NM200904120000000000000000000030';
UPDATE metadata_display_label SET key_name= 'skbty161p7e3h4yqofehrgxdqspztuzyNM200904120000000000000000000030' , oid= 'skbty161p7e3h4yqofehrgxdqspztuzyNM200904120000000000000000000030' , site_master= 'www.runwaysdk.com'  WHERE oid='skbty161p7e3h4yqofehrgxdqspztuzyNM200904120000000000000000000030';
UPDATE md_method SET md_type= 'iehto0zqk2c47kojxx2wvjruqcxdxl2920060824000000000000000000000011' , return_type= 'com.runwaysdk.query.ValueQuery' , is_static= 1 , method_name= 'searchByValueQuery' , display_label= '2ejhl6gkv4ki8di48g8hfbtbn88eby82NM200904120000000000000000000030' , oid= 'imvmmhfmd3uum2xjjbnc1h1f0zlpa7x420070427JS0000000000000000001514'  WHERE oid='imvmmhfmd3uum2xjjbnc1h1f0zlpa7x420070427JS0000000000000000001514';
UPDATE metadata SET create_date= '2016-08-23 09:28:05' , seq= 4841 , type= 'com.runwaysdk.system.metadata.MdMethod' , created_by= '0000000000000000000000000000001000000000000000000000000000000003' , last_update_date= '2016-08-23 09:28:05' , last_updated_by= '0000000000000000000000000000001000000000000000000000000000000003' , description= 'skbty161p7e3h4yqofehrgxdqspztuzyNM200904120000000000000000000030' , owner= '0000000000000000000000000000001000000000000000000000000000000003' , oid= 'imvmmhfmd3uum2xjjbnc1h1f0zlpa7x420070427JS0000000000000000001514' , key_name= 'com.runwaysdk.system.scheduler.DownstreamJobRelationship.searchByValueQuery' , site_master= 'www.runwaysdk.com'  WHERE oid='imvmmhfmd3uum2xjjbnc1h1f0zlpa7x420070427JS0000000000000000001514';
UPDATE metadata_relationship SET seq= 4842  WHERE oid='imvmmhfmd3uum2xjjbnc1h1f0zlpa7x420070427JS0000000000000000001520';
UPDATE metadata_display_label SET key_name= 'sly2ut3lpdkyqs9hs42lfo3sic8x544fNM200904120000000000000000000030' , oid= 'sly2ut3lpdkyqs9hs42lfo3sic8x544fNM200904120000000000000000000030' , site_master= 'www.runwaysdk.com' , default_locale= 'Value'  WHERE oid='sly2ut3lpdkyqs9hs42lfo3sic8x544fNM200904120000000000000000000030';
UPDATE metadata_display_label SET key_name= '73a7lc85sot7e1yxcmvvhtdxflqqrts4NM200904120000000000000000000030' , oid= '73a7lc85sot7e1yxcmvvhtdxflqqrts4NM200904120000000000000000000030' , site_master= 'www.runwaysdk.com'  WHERE oid='73a7lc85sot7e1yxcmvvhtdxflqqrts4NM200904120000000000000000000030';
UPDATE md_parameter SET parameter_type= 'java.lang.String' , parameter_name= 'value' , metadata= 'imvmmhfmd3uum2xjjbnc1h1f0zlpa7x420070427JS0000000000000000001514' , parameter_order= 0 , display_label= 'sly2ut3lpdkyqs9hs42lfo3sic8x544fNM200904120000000000000000000030' , oid= 'i67mwcvyuy0skthpbuz1gez3nxq1lptz20070427JS0000000000000000001517'  WHERE oid='i67mwcvyuy0skthpbuz1gez3nxq1lptz20070427JS0000000000000000001517';
UPDATE metadata SET create_date= '2016-08-23 09:28:05' , seq= 4843 , type= 'com.runwaysdk.system.metadata.MdParameter' , created_by= '0000000000000000000000000000001000000000000000000000000000000003' , last_update_date= '2016-08-23 09:28:05' , last_updated_by= '0000000000000000000000000000001000000000000000000000000000000003' , description= '73a7lc85sot7e1yxcmvvhtdxflqqrts4NM200904120000000000000000000030' , owner= '0000000000000000000000000000001000000000000000000000000000000003' , oid= 'i67mwcvyuy0skthpbuz1gez3nxq1lptz20070427JS0000000000000000001517' , key_name= 'com.runwaysdk.system.scheduler.DownstreamJobRelationship.searchByValueQuery.value' , site_master= 'www.runwaysdk.com'  WHERE oid='i67mwcvyuy0skthpbuz1gez3nxq1lptz20070427JS0000000000000000001517';
UPDATE metadata_parameter SET seq= 4844  WHERE oid='i67mwcvyuy0skthpbuz1gez3nxq1lptz20070427JS0000000000000000001524';
DELETE FROM visibilitymodifier WHERE set_id='z407g7s1elz4ecbtjydsezz9u8vrq65f';
INSERT INTO visibilitymodifier (set_id, item_id)  VALUES  ('z407g7s1elz4ecbtjydsezz9u8vrq65f', '20071109NM000000000000000000000520071109NM0000000000000000000001');
UPDATE metadata_display_label SET key_name= '6uoig41ud9xrjibqf3zx9da94spksp90NM200904120000000000000000000030' , oid= '6uoig41ud9xrjibqf3zx9da94spksp90NM200904120000000000000000000030' , site_master= 'www.runwaysdk.com'  WHERE oid='6uoig41ud9xrjibqf3zx9da94spksp90NM200904120000000000000000000030';
DELETE FROM visibilitymodifier WHERE set_id='za7em9bojko8nann30zyn4psvsk6m9jv';
INSERT INTO visibilitymodifier (set_id, item_id)  VALUES  ('za7em9bojko8nann30zyn4psvsk6m9jv', '20071109NM000000000000000000000520071109NM0000000000000000000001');
UPDATE metadata_display_label SET key_name= '7ejjnm2luqco4yqmlpt19fmvlxgq3t8dNM200904120000000000000000000030' , oid= '7ejjnm2luqco4yqmlpt19fmvlxgq3t8dNM200904120000000000000000000030' , site_master= 'www.runwaysdk.com'  WHERE oid='7ejjnm2luqco4yqmlpt19fmvlxgq3t8dNM200904120000000000000000000030';
DELETE FROM relationship_cache WHERE set_id='qvj5xypawrf5s5v0kmwhztsp1rnfssg6';
INSERT INTO relationship_cache (set_id, item_id)  VALUES  ('qvj5xypawrf5s5v0kmwhztsp1rnfssg6', '0000000000000000000000000000023100000000000000000000000000000222');
UPDATE metadata_display_label SET key_name= '8gmkixdd8ke91fjilmlk81lnmsa1gc2qNM200904120000000000000000000030' , oid= '8gmkixdd8ke91fjilmlk81lnmsa1gc2qNM200904120000000000000000000030' , site_master= 'www.runwaysdk.com' , default_locale= 'Downstream Job'  WHERE oid='8gmkixdd8ke91fjilmlk81lnmsa1gc2qNM200904120000000000000000000030';
UPDATE metadata_display_label SET key_name= '8tsbt0pie6mw8ybxct7jecihlv89zth6NM200904120000000000000000000030' , oid= '8tsbt0pie6mw8ybxct7jecihlv89zth6NM200904120000000000000000000030' , site_master= 'www.runwaysdk.com'  WHERE oid='8tsbt0pie6mw8ybxct7jecihlv89zth6NM200904120000000000000000000030';
UPDATE md_relationship SET child_cardinality= '1' , index2_name= 'rel_r8phgfd5rh74xtz7g1jxkuzhxe' , parent_visibility= 'z407g7s1elz4ecbtjydsezz9u8vrq65f' , parent_visibility_c= '20071109NM000000000000000000000520071109NM0000000000000000000001' , child_md_business= '8ndv254jvk1mw1rql6a4pqz9qbqvdzl400000000000000000000000000000001' , child_display_label= '6uoig41ud9xrjibqf3zx9da94spksp90NM200904120000000000000000000030' , index1_name= 'rel_1ss1n0ok0rniw9pjjcsyd37f8i' , parent_cardinality= '1' , child_visibility= 'za7em9bojko8nann30zyn4psvsk6m9jv' , child_visibility_c= '20071109NM000000000000000000000520071109NM0000000000000000000001' , parent_method= 'upstreamJob' , parent_display_label= '7ejjnm2luqco4yqmlpt19fmvlxgq3t8dNM200904120000000000000000000030' , parent_md_business= '8ndv254jvk1mw1rql6a4pqz9qbqvdzl400000000000000000000000000000001' , cache_algorithm= 'qvj5xypawrf5s5v0kmwhztsp1rnfssg6' , cache_algorithm_c= '0000000000000000000000000000023100000000000000000000000000000222' , child_method= 'downstreamJob' , oid= 'iehto0zqk2c47kojxx2wvjruqcxdxl2920060824000000000000000000000011'  WHERE oid='iehto0zqk2c47kojxx2wvjruqcxdxl2920060824000000000000000000000011';
UPDATE md_entity SET table_name= 'downstream_job_relationship' , oid= 'iehto0zqk2c47kojxx2wvjruqcxdxl2920060824000000000000000000000011'  WHERE oid='iehto0zqk2c47kojxx2wvjruqcxdxl2920060824000000000000000000000011';
UPDATE md_type SET type_name= 'DownstreamJobRelationship' , display_label= '8gmkixdd8ke91fjilmlk81lnmsa1gc2qNM200904120000000000000000000030' , package_name= 'com.runwaysdk.system.scheduler' , root_id= 'iehto0zqk2c47kojxx2wvjruqcxdxl29' , oid= 'iehto0zqk2c47kojxx2wvjruqcxdxl2920060824000000000000000000000011'  WHERE oid='iehto0zqk2c47kojxx2wvjruqcxdxl2920060824000000000000000000000011';
UPDATE metadata SET create_date= '2016-08-23 09:28:05' , seq= 4845 , type= 'com.runwaysdk.system.metadata.MdTree' , created_by= '0000000000000000000000000000001000000000000000000000000000000003' , last_update_date= '2016-08-23 09:28:05' , last_updated_by= '0000000000000000000000000000001000000000000000000000000000000003' , description= '8tsbt0pie6mw8ybxct7jecihlv89zth6NM200904120000000000000000000030' , owner= '0000000000000000000000000000001000000000000000000000000000000003' , oid= 'iehto0zqk2c47kojxx2wvjruqcxdxl2920060824000000000000000000000011' , key_name= 'com.runwaysdk.system.scheduler.DownstreamJobRelationship' , site_master= 'www.runwaysdk.com'  WHERE oid='iehto0zqk2c47kojxx2wvjruqcxdxl2920060824000000000000000000000011';
CREATE TABLE downstream_job_relationship ( oid CHAR(64) NOT NULL PRIMARY KEY, 
parent_id CHAR(64) NOT NULL, 
child_id CHAR(64) NOT NULL
,key_name  varchar(255)
,site_master  varchar(255)
,entity_domain  char(64)
,create_date  timestamp
,last_update_date  timestamp
,locked_by  char(64)
,type  varchar(255)
,seq  bigint
,created_by  char(64)
,owner  char(64)
,last_updated_by  char(64)
,trigger_on_failure  int );
CREATE  UNIQUE  INDEX rel_1ss1n0ok0rniw9pjjcsyd37f8i ON downstream_job_relationship (parent_id, child_id);
CREATE INDEX rel_r8phgfd5rh74xtz7g1jxkuzhxe ON downstream_job_relationship (child_id);
CREATE UNIQUE INDEX a0bjdn7he7qc8vqkfk12d5ovjkw6v1 ON downstream_job_relationship (key_name);
INSERT INTO metadata_display_label ( key_name, oid, site_master, default_locale) VALUES ('z3pkh6y12k0f0qer1lbb221otg8wpuyzNM200904120000000000000000000030', 'z3pkh6y12k0f0qer1lbb221otg8wpuyzNM200904120000000000000000000030', 'www.runwaysdk.com', NULL);
INSERT INTO metadata_display_label ( key_name, oid, site_master, default_locale) VALUES ('6sp2dh36s9yvdn75m0v3sh1eukbjng3fNM200904120000000000000000000030', '6sp2dh36s9yvdn75m0v3sh1eukbjng3fNM200904120000000000000000000030', 'www.runwaysdk.com', 'Contains all the info required for viewing a job.');
INSERT INTO md_view ( query_dto_source, query_base_source, query_stub_source, super_md_view, oid) VALUES (NULL, NULL, NULL, NULL, 'ikp78xpxdlb7dyntzzeqiobvhpo08oq320071129NM0000000000000000000005');
INSERT INTO md_session ( oid) VALUES ('ikp78xpxdlb7dyntzzeqiobvhpo08oq320071129NM0000000000000000000005');
INSERT INTO md_transient ( is_abstract, extendable, oid) VALUES (0, 1, 'ikp78xpxdlb7dyntzzeqiobvhpo08oq320071129NM0000000000000000000005');
INSERT INTO md_class ( stub_source, publish, stub_dto_source, oid) VALUES (NULL, 1, NULL, 'ikp78xpxdlb7dyntzzeqiobvhpo08oq320071129NM0000000000000000000005');
INSERT INTO md_type ( type_name, js_stub, display_label, exported, generate_source, js_base, base_source, package_name, root_id, dto_source, oid) VALUES ('JobView', NULL, 'z3pkh6y12k0f0qer1lbb221otg8wpuyzNM200904120000000000000000000030', 1, 1, NULL, NULL, 'com.runwaysdk.system.scheduler', 'ikp78xpxdlb7dyntzzeqiobvhpo08oq3', NULL, 'ikp78xpxdlb7dyntzzeqiobvhpo08oq320071129NM0000000000000000000005');
INSERT INTO metadata ( create_date, seq, type, created_by, last_update_date, last_updated_by, description, locked_by, remove, owner, entity_domain, oid, key_name, site_master) VALUES ('2016-08-23 09:28:05', 4846, 'com.runwaysdk.system.metadata.MdView', '0000000000000000000000000000001000000000000000000000000000000003', '2016-08-23 09:28:05', '0000000000000000000000000000001000000000000000000000000000000003', '6sp2dh36s9yvdn75m0v3sh1eukbjng3fNM200904120000000000000000000030', NULL, 1, '0000000000000000000000000000001000000000000000000000000000000003', NULL, 'ikp78xpxdlb7dyntzzeqiobvhpo08oq320071129NM0000000000000000000005', 'com.runwaysdk.system.scheduler.JobView', 'www.runwaysdk.com');
INSERT INTO md_attribute_indicies (set_id, item_id)  VALUES  ('1w4tvmaehtsnort0o972rigp2b5jki36', '0000000000000000000000000000040900000000000000000000000000000403');
INSERT INTO visibilitymodifier (set_id, item_id)  VALUES  ('zjqexwl72tuu9a17mqjmf5fgw64itv05', '20071109NM000000000000000000000520071109NM0000000000000000000001');
INSERT INTO visibilitymodifier (set_id, item_id)  VALUES  ('xtwd4h6dr9i2mwx7hg8r6uy4vami5rni', '20071109NM000000000000000000000520071109NM0000000000000000000001');
INSERT INTO metadata_display_label ( key_name, oid, site_master, default_locale) VALUES ('spqff98k6d493rcqt69ojen4cbu3ygxeNM200904120000000000000000000030', 'spqff98k6d493rcqt69ojen4cbu3ygxeNM200904120000000000000000000030', 'www.runwaysdk.com', 'ID');
INSERT INTO metadata_display_label ( key_name, oid, site_master, default_locale) VALUES ('xgisrgv5yahwirh4zdi19v5azyrquvq0NM200904120000000000000000000030', 'xgisrgv5yahwirh4zdi19v5azyrquvq0NM200904120000000000000000000030', 'www.runwaysdk.com', 'ID of this object');
INSERT INTO md_attribute_character ( default_value, database_size, oid) VALUES (NULL, 64, 'im13zpx5ralcb73gwt39esa4oxd39yio00000000000000000000000000000138');
INSERT INTO md_attribute_char ( oid) VALUES ('im13zpx5ralcb73gwt39esa4oxd39yio00000000000000000000000000000138');
INSERT INTO md_attribute_primitive ( is_expression, expression, oid) VALUES (0, NULL, 'im13zpx5ralcb73gwt39esa4oxd39yio00000000000000000000000000000138');
INSERT INTO md_attribute_concrete ( defining_md_class, column_name, index_type, index_type_c, attribute_name, getter_visibility, getter_visibility_c, system, index_name, setter_visibility, setter_visibility_c, required, generate_accessor, display_label, immutable, oid) VALUES ('ikp78xpxdlb7dyntzzeqiobvhpo08oq320071129NM0000000000000000000005', 'n_a', '1w4tvmaehtsnort0o972rigp2b5jki36', '0000000000000000000000000000040900000000000000000000000000000403', 'oid', 'zjqexwl72tuu9a17mqjmf5fgw64itv05', '20071109NM000000000000000000000520071109NM0000000000000000000001', 1, NULL, 'xtwd4h6dr9i2mwx7hg8r6uy4vami5rni', '20071109NM000000000000000000000520071109NM0000000000000000000001', 1, 1, 'spqff98k6d493rcqt69ojen4cbu3ygxeNM200904120000000000000000000030', 0, 'im13zpx5ralcb73gwt39esa4oxd39yio00000000000000000000000000000138');
INSERT INTO md_attribute ( oid) VALUES ('im13zpx5ralcb73gwt39esa4oxd39yio00000000000000000000000000000138');
INSERT INTO metadata ( create_date, seq, type, created_by, last_update_date, last_updated_by, description, locked_by, remove, owner, entity_domain, oid, key_name, site_master) VALUES ('2016-08-23 09:28:05', 4847, 'com.runwaysdk.system.metadata.MdAttributeCharacter', '0000000000000000000000000000001000000000000000000000000000000003', '2016-08-23 09:28:05', '0000000000000000000000000000001000000000000000000000000000000003', 'xgisrgv5yahwirh4zdi19v5azyrquvq0NM200904120000000000000000000030', NULL, 0, '0000000000000000000000000000001000000000000000000000000000000003', NULL, 'im13zpx5ralcb73gwt39esa4oxd39yio00000000000000000000000000000138', 'com.runwaysdk.system.scheduler.JobView.oid', 'www.runwaysdk.com');
INSERT INTO class_attribute_concrete ( oid, parent_id, child_id) VALUES ('im13zpx5ralcb73gwt39esa4oxd39yio00000000000000000000000000000073', 'ikp78xpxdlb7dyntzzeqiobvhpo08oq320071129NM0000000000000000000005', 'im13zpx5ralcb73gwt39esa4oxd39yio00000000000000000000000000000138');
INSERT INTO class_attribute ( oid, parent_id, child_id) VALUES ('im13zpx5ralcb73gwt39esa4oxd39yio00000000000000000000000000000073', 'ikp78xpxdlb7dyntzzeqiobvhpo08oq320071129NM0000000000000000000005', 'im13zpx5ralcb73gwt39esa4oxd39yio00000000000000000000000000000138');
INSERT INTO metadata_relationship ( oid, created_by, type, last_update_date, site_master, owner, seq, key_name, entity_domain, locked_by, create_date, last_updated_by, parent_id, child_id) VALUES ('im13zpx5ralcb73gwt39esa4oxd39yio00000000000000000000000000000073', '0000000000000000000000000000001000000000000000000000000000000003', 'com.runwaysdk.system.metadata.ClassAttributeConcrete', '2016-08-23 09:28:05', 'www.runwaysdk.com', '0000000000000000000000000000001000000000000000000000000000000003', 4848, 'com.runwaysdk.system.scheduler.JobView.oid', NULL, NULL, '2016-08-23 09:28:05', '0000000000000000000000000000001000000000000000000000000000000003', 'ikp78xpxdlb7dyntzzeqiobvhpo08oq320071129NM0000000000000000000005', 'im13zpx5ralcb73gwt39esa4oxd39yio00000000000000000000000000000138');
INSERT INTO md_attribute_indicies (set_id, item_id)  VALUES  ('77wqhcrxefvinwgtzar1b0y8xisnkjum', '0000000000000000000000000000040100000000000000000000000000000403');
INSERT INTO visibilitymodifier (set_id, item_id)  VALUES  ('73edp0jfplqtxb907uutpxn3jha8dlc6', '20071109NM000000000000000000000520071109NM0000000000000000000001');
INSERT INTO visibilitymodifier (set_id, item_id)  VALUES  ('92yq42np1wa6qp8os4d850k4bapdlf68', '20071109NM000000000000000000000520071109NM0000000000000000000001');
INSERT INTO metadata_display_label ( key_name, oid, site_master, default_locale) VALUES ('z4nkkh1xjnsex4c8lt1n6hlgqom3pfuyNM200904120000000000000000000030', 'z4nkkh1xjnsex4c8lt1n6hlgqom3pfuyNM200904120000000000000000000030', 'www.runwaysdk.com', 'Job');
INSERT INTO metadata_display_label ( key_name, oid, site_master, default_locale) VALUES ('1ol18quapy4dsr405taij6kprfh8wzogNM200904120000000000000000000030', '1ol18quapy4dsr405taij6kprfh8wzogNM200904120000000000000000000030', 'www.runwaysdk.com', NULL);
INSERT INTO md_attribute_reference ( default_value, md_business, oid) VALUES (NULL, '8ndv254jvk1mw1rql6a4pqz9qbqvdzl400000000000000000000000000000001', 'ihjm93cc4usoing1s9tf4fxi6qlnjiig00000000000000000000000000000186');
INSERT INTO md_attribute_ref ( oid) VALUES ('ihjm93cc4usoing1s9tf4fxi6qlnjiig00000000000000000000000000000186');
INSERT INTO md_attribute_concrete ( defining_md_class, column_name, index_type, index_type_c, attribute_name, getter_visibility, getter_visibility_c, system, index_name, setter_visibility, setter_visibility_c, required, generate_accessor, display_label, immutable, oid) VALUES ('ikp78xpxdlb7dyntzzeqiobvhpo08oq320071129NM0000000000000000000005', 'n_a', '77wqhcrxefvinwgtzar1b0y8xisnkjum', '0000000000000000000000000000040100000000000000000000000000000403', 'job', '73edp0jfplqtxb907uutpxn3jha8dlc6', '20071109NM000000000000000000000520071109NM0000000000000000000001', 0, NULL, '92yq42np1wa6qp8os4d850k4bapdlf68', '20071109NM000000000000000000000520071109NM0000000000000000000001', 1, 1, 'z4nkkh1xjnsex4c8lt1n6hlgqom3pfuyNM200904120000000000000000000030', 0, 'ihjm93cc4usoing1s9tf4fxi6qlnjiig00000000000000000000000000000186');
INSERT INTO md_attribute ( oid) VALUES ('ihjm93cc4usoing1s9tf4fxi6qlnjiig00000000000000000000000000000186');
INSERT INTO metadata ( create_date, seq, type, created_by, last_update_date, last_updated_by, description, locked_by, remove, owner, entity_domain, oid, key_name, site_master) VALUES ('2016-08-23 09:28:05', 4849, 'com.runwaysdk.system.metadata.MdAttributeReference', '0000000000000000000000000000001000000000000000000000000000000003', '2016-08-23 09:28:05', '0000000000000000000000000000001000000000000000000000000000000003', '1ol18quapy4dsr405taij6kprfh8wzogNM200904120000000000000000000030', NULL, 1, '0000000000000000000000000000001000000000000000000000000000000003', NULL, 'ihjm93cc4usoing1s9tf4fxi6qlnjiig00000000000000000000000000000186', 'com.runwaysdk.system.scheduler.JobView.job', 'www.runwaysdk.com');
INSERT INTO class_attribute_concrete ( oid, parent_id, child_id) VALUES ('ihjm93cc4usoing1s9tf4fxi6qlnjiig00000000000000000000000000000073', 'ikp78xpxdlb7dyntzzeqiobvhpo08oq320071129NM0000000000000000000005', 'ihjm93cc4usoing1s9tf4fxi6qlnjiig00000000000000000000000000000186');
INSERT INTO class_attribute ( oid, parent_id, child_id) VALUES ('ihjm93cc4usoing1s9tf4fxi6qlnjiig00000000000000000000000000000073', 'ikp78xpxdlb7dyntzzeqiobvhpo08oq320071129NM0000000000000000000005', 'ihjm93cc4usoing1s9tf4fxi6qlnjiig00000000000000000000000000000186');
INSERT INTO metadata_relationship ( oid, created_by, type, last_update_date, site_master, owner, seq, key_name, entity_domain, locked_by, create_date, last_updated_by, parent_id, child_id) VALUES ('ihjm93cc4usoing1s9tf4fxi6qlnjiig00000000000000000000000000000073', '0000000000000000000000000000001000000000000000000000000000000003', 'com.runwaysdk.system.metadata.ClassAttributeConcrete', '2016-08-23 09:28:05', 'www.runwaysdk.com', '0000000000000000000000000000001000000000000000000000000000000003', 4850, 'com.runwaysdk.system.scheduler.JobView.job', NULL, NULL, '2016-08-23 09:28:05', '0000000000000000000000000000001000000000000000000000000000000003', 'ikp78xpxdlb7dyntzzeqiobvhpo08oq320071129NM0000000000000000000005', 'ihjm93cc4usoing1s9tf4fxi6qlnjiig00000000000000000000000000000186');
INSERT INTO md_attribute_indicies (set_id, item_id)  VALUES  ('2f9v9jf3ylgeja4iclk61pkoc77sy7t2', '0000000000000000000000000000040100000000000000000000000000000403');
INSERT INTO visibilitymodifier (set_id, item_id)  VALUES  ('xc9z5m0d69mmz3vbnosf91l44md7d7ym', '20071109NM000000000000000000000520071109NM0000000000000000000001');
INSERT INTO visibilitymodifier (set_id, item_id)  VALUES  ('1sgamfj1ne7qbjjj8i8fow0p5s9kfzq1', '20071109NM000000000000000000000520071109NM0000000000000000000001');
INSERT INTO metadata_display_label ( key_name, oid, site_master, default_locale) VALUES ('774vp79kxwoivuh3rkno68g1174vrsooNM200904120000000000000000000030', '774vp79kxwoivuh3rkno68g1174vrsooNM200904120000000000000000000030', 'www.runwaysdk.com', 'Downstream job');
INSERT INTO metadata_display_label ( key_name, oid, site_master, default_locale) VALUES ('0cxoheyrq40lher0bcoiy19p41esnl4gNM200904120000000000000000000030', '0cxoheyrq40lher0bcoiy19p41esnl4gNM200904120000000000000000000030', 'www.runwaysdk.com', NULL);
INSERT INTO md_attribute_reference ( default_value, md_business, oid) VALUES (NULL, '8ndv254jvk1mw1rql6a4pqz9qbqvdzl400000000000000000000000000000001', 'ifhbv62fs2si50ct1xf4r8f4dm1talex00000000000000000000000000000186');
INSERT INTO md_attribute_ref ( oid) VALUES ('ifhbv62fs2si50ct1xf4r8f4dm1talex00000000000000000000000000000186');
INSERT INTO md_attribute_concrete ( defining_md_class, column_name, index_type, index_type_c, attribute_name, getter_visibility, getter_visibility_c, system, index_name, setter_visibility, setter_visibility_c, required, generate_accessor, display_label, immutable, oid) VALUES ('ikp78xpxdlb7dyntzzeqiobvhpo08oq320071129NM0000000000000000000005', 'n_a', '2f9v9jf3ylgeja4iclk61pkoc77sy7t2', '0000000000000000000000000000040100000000000000000000000000000403', 'downstreamJob', 'xc9z5m0d69mmz3vbnosf91l44md7d7ym', '20071109NM000000000000000000000520071109NM0000000000000000000001', 0, NULL, '1sgamfj1ne7qbjjj8i8fow0p5s9kfzq1', '20071109NM000000000000000000000520071109NM0000000000000000000001', 0, 1, '774vp79kxwoivuh3rkno68g1174vrsooNM200904120000000000000000000030', 0, 'ifhbv62fs2si50ct1xf4r8f4dm1talex00000000000000000000000000000186');
INSERT INTO md_attribute ( oid) VALUES ('ifhbv62fs2si50ct1xf4r8f4dm1talex00000000000000000000000000000186');
INSERT INTO metadata ( create_date, seq, type, created_by, last_update_date, last_updated_by, description, locked_by, remove, owner, entity_domain, oid, key_name, site_master) VALUES ('2016-08-23 09:28:05', 4851, 'com.runwaysdk.system.metadata.MdAttributeReference', '0000000000000000000000000000001000000000000000000000000000000003', '2016-08-23 09:28:05', '0000000000000000000000000000001000000000000000000000000000000003', '0cxoheyrq40lher0bcoiy19p41esnl4gNM200904120000000000000000000030', NULL, 1, '0000000000000000000000000000001000000000000000000000000000000003', NULL, 'ifhbv62fs2si50ct1xf4r8f4dm1talex00000000000000000000000000000186', 'com.runwaysdk.system.scheduler.JobView.downstreamJob', 'www.runwaysdk.com');
INSERT INTO class_attribute_concrete ( oid, parent_id, child_id) VALUES ('ifhbv62fs2si50ct1xf4r8f4dm1talex00000000000000000000000000000073', 'ikp78xpxdlb7dyntzzeqiobvhpo08oq320071129NM0000000000000000000005', 'ifhbv62fs2si50ct1xf4r8f4dm1talex00000000000000000000000000000186');
INSERT INTO class_attribute ( oid, parent_id, child_id) VALUES ('ifhbv62fs2si50ct1xf4r8f4dm1talex00000000000000000000000000000073', 'ikp78xpxdlb7dyntzzeqiobvhpo08oq320071129NM0000000000000000000005', 'ifhbv62fs2si50ct1xf4r8f4dm1talex00000000000000000000000000000186');
INSERT INTO metadata_relationship ( oid, created_by, type, last_update_date, site_master, owner, seq, key_name, entity_domain, locked_by, create_date, last_updated_by, parent_id, child_id) VALUES ('ifhbv62fs2si50ct1xf4r8f4dm1talex00000000000000000000000000000073', '0000000000000000000000000000001000000000000000000000000000000003', 'com.runwaysdk.system.metadata.ClassAttributeConcrete', '2016-08-23 09:28:05', 'www.runwaysdk.com', '0000000000000000000000000000001000000000000000000000000000000003', 4852, 'com.runwaysdk.system.scheduler.JobView.downstreamJob', NULL, NULL, '2016-08-23 09:28:05', '0000000000000000000000000000001000000000000000000000000000000003', 'ikp78xpxdlb7dyntzzeqiobvhpo08oq320071129NM0000000000000000000005', 'ifhbv62fs2si50ct1xf4r8f4dm1talex00000000000000000000000000000186');
INSERT INTO md_attribute_indicies (set_id, item_id)  VALUES  ('6upi12kj0n02zwsxzaq9zr5g4i5xsoc5', '0000000000000000000000000000040100000000000000000000000000000403');
INSERT INTO visibilitymodifier (set_id, item_id)  VALUES  ('8yh83phppj2nexyhz5f4wo47yobgm3jd', '20071109NM000000000000000000000520071109NM0000000000000000000001');
INSERT INTO visibilitymodifier (set_id, item_id)  VALUES  ('qu4h6zgdaxmawer75nm5zr2igvik6rsz', '20071109NM000000000000000000000520071109NM0000000000000000000001');
INSERT INTO metadata_display_label ( key_name, oid, site_master, default_locale) VALUES ('02ovk73dmimqhvo6p869lscohmy4cgwgNM200904120000000000000000000030', '02ovk73dmimqhvo6p869lscohmy4cgwgNM200904120000000000000000000030', 'www.runwaysdk.com', 'downstreamJobDisplayLabel');
INSERT INTO metadata_display_label ( key_name, oid, site_master, default_locale) VALUES ('zazz2hnfmcjuwm21jf46wucyyy4d2l5xNM200904120000000000000000000030', 'zazz2hnfmcjuwm21jf46wucyyy4d2l5xNM200904120000000000000000000030', 'www.runwaysdk.com', NULL);
INSERT INTO md_attribute_character ( default_value, database_size, oid) VALUES (NULL, 255, 'ie39qajqfoctusg7hx0o2kozsu8ufnnd00000000000000000000000000000138');
INSERT INTO md_attribute_char ( oid) VALUES ('ie39qajqfoctusg7hx0o2kozsu8ufnnd00000000000000000000000000000138');
INSERT INTO md_attribute_primitive ( is_expression, expression, oid) VALUES (0, NULL, 'ie39qajqfoctusg7hx0o2kozsu8ufnnd00000000000000000000000000000138');
INSERT INTO md_attribute_concrete ( defining_md_class, column_name, index_type, index_type_c, attribute_name, getter_visibility, getter_visibility_c, system, index_name, setter_visibility, setter_visibility_c, required, generate_accessor, display_label, immutable, oid) VALUES ('ikp78xpxdlb7dyntzzeqiobvhpo08oq320071129NM0000000000000000000005', 'n_a', '6upi12kj0n02zwsxzaq9zr5g4i5xsoc5', '0000000000000000000000000000040100000000000000000000000000000403', 'downstreamJobDisplayLabel', '8yh83phppj2nexyhz5f4wo47yobgm3jd', '20071109NM000000000000000000000520071109NM0000000000000000000001', 0, NULL, 'qu4h6zgdaxmawer75nm5zr2igvik6rsz', '20071109NM000000000000000000000520071109NM0000000000000000000001', 0, 1, '02ovk73dmimqhvo6p869lscohmy4cgwgNM200904120000000000000000000030', 0, 'ie39qajqfoctusg7hx0o2kozsu8ufnnd00000000000000000000000000000138');
INSERT INTO md_attribute ( oid) VALUES ('ie39qajqfoctusg7hx0o2kozsu8ufnnd00000000000000000000000000000138');
INSERT INTO metadata ( create_date, seq, type, created_by, last_update_date, last_updated_by, description, locked_by, remove, owner, entity_domain, oid, key_name, site_master) VALUES ('2016-08-23 09:28:05', 4853, 'com.runwaysdk.system.metadata.MdAttributeCharacter', '0000000000000000000000000000001000000000000000000000000000000003', '2016-08-23 09:28:05', '0000000000000000000000000000001000000000000000000000000000000003', 'zazz2hnfmcjuwm21jf46wucyyy4d2l5xNM200904120000000000000000000030', NULL, 1, '0000000000000000000000000000001000000000000000000000000000000003', NULL, 'ie39qajqfoctusg7hx0o2kozsu8ufnnd00000000000000000000000000000138', 'com.runwaysdk.system.scheduler.JobView.downstreamJobDisplayLabel', 'www.runwaysdk.com');
INSERT INTO class_attribute_concrete ( oid, parent_id, child_id) VALUES ('ie39qajqfoctusg7hx0o2kozsu8ufnnd00000000000000000000000000000073', 'ikp78xpxdlb7dyntzzeqiobvhpo08oq320071129NM0000000000000000000005', 'ie39qajqfoctusg7hx0o2kozsu8ufnnd00000000000000000000000000000138');
INSERT INTO class_attribute ( oid, parent_id, child_id) VALUES ('ie39qajqfoctusg7hx0o2kozsu8ufnnd00000000000000000000000000000073', 'ikp78xpxdlb7dyntzzeqiobvhpo08oq320071129NM0000000000000000000005', 'ie39qajqfoctusg7hx0o2kozsu8ufnnd00000000000000000000000000000138');
INSERT INTO metadata_relationship ( oid, created_by, type, last_update_date, site_master, owner, seq, key_name, entity_domain, locked_by, create_date, last_updated_by, parent_id, child_id) VALUES ('ie39qajqfoctusg7hx0o2kozsu8ufnnd00000000000000000000000000000073', '0000000000000000000000000000001000000000000000000000000000000003', 'com.runwaysdk.system.metadata.ClassAttributeConcrete', '2016-08-23 09:28:05', 'www.runwaysdk.com', '0000000000000000000000000000001000000000000000000000000000000003', 4854, 'com.runwaysdk.system.scheduler.JobView.downstreamJobDisplayLabel', NULL, NULL, '2016-08-23 09:28:05', '0000000000000000000000000000001000000000000000000000000000000003', 'ikp78xpxdlb7dyntzzeqiobvhpo08oq320071129NM0000000000000000000005', 'ie39qajqfoctusg7hx0o2kozsu8ufnnd00000000000000000000000000000138');
INSERT INTO metadata_display_label ( key_name, oid, site_master, default_locale) VALUES ('z9qmnieel12aith90o11o2p6oii7h5tyNM200904120000000000000000000030', 'z9qmnieel12aith90o11o2p6oii7h5tyNM200904120000000000000000000030', 'www.runwaysdk.com', NULL);
INSERT INTO metadata_display_label ( key_name, oid, site_master, default_locale) VALUES ('7gl6gsyv85392o7sbml6xsovgjzxa1cnNM200904120000000000000000000030', '7gl6gsyv85392o7sbml6xsovgjzxa1cnNM200904120000000000000000000030', 'www.runwaysdk.com', NULL);
INSERT INTO md_attribute_indicies (set_id, item_id)  VALUES  ('7gctfpkyolh30mpmd27za0t1r4pmgror', '0000000000000000000000000000040100000000000000000000000000000403');
INSERT INTO visibilitymodifier (set_id, item_id)  VALUES  ('zojm198egcbtscek66o6yqxnae0ka2l1', '20071109NM000000000000000000000520071109NM0000000000000000000001');
INSERT INTO visibilitymodifier (set_id, item_id)  VALUES  ('79vy50g9rw3frz5ys45fs80si6ps2w60', '20071109NM000000000000000000000520071109NM0000000000000000000001');
INSERT INTO metadata_display_label ( key_name, oid, site_master, default_locale) VALUES ('xzm95wt38yrhyrcf2zv91r5n2qygr308NM200904120000000000000000000030', 'xzm95wt38yrhyrcf2zv91r5n2qygr308NM200904120000000000000000000030', 'www.runwaysdk.com', 'Trigger on failure');
INSERT INTO metadata_display_label ( key_name, oid, site_master, default_locale) VALUES ('x9ua784779sqz6390y21dbzzvpcqwze4NM200904120000000000000000000030', 'x9ua784779sqz6390y21dbzzvpcqwze4NM200904120000000000000000000030', 'www.runwaysdk.com', NULL);
INSERT INTO md_attribute_boolean ( positive_display_label, negative_display_label, default_value, oid) VALUES ('z9qmnieel12aith90o11o2p6oii7h5tyNM200904120000000000000000000030', '7gl6gsyv85392o7sbml6xsovgjzxa1cnNM200904120000000000000000000030', NULL, 'ikjgklfv1tep5oc1gjiszonfikfujuq600000000000000000000000000000194');
INSERT INTO md_attribute_primitive ( is_expression, expression, oid) VALUES (0, NULL, 'ikjgklfv1tep5oc1gjiszonfikfujuq600000000000000000000000000000194');
INSERT INTO md_attribute_concrete ( defining_md_class, column_name, index_type, index_type_c, attribute_name, getter_visibility, getter_visibility_c, system, index_name, setter_visibility, setter_visibility_c, required, generate_accessor, display_label, immutable, oid) VALUES ('ikp78xpxdlb7dyntzzeqiobvhpo08oq320071129NM0000000000000000000005', 'n_a', '7gctfpkyolh30mpmd27za0t1r4pmgror', '0000000000000000000000000000040100000000000000000000000000000403', 'triggerOnFailure', 'zojm198egcbtscek66o6yqxnae0ka2l1', '20071109NM000000000000000000000520071109NM0000000000000000000001', 0, NULL, '79vy50g9rw3frz5ys45fs80si6ps2w60', '20071109NM000000000000000000000520071109NM0000000000000000000001', 0, 1, 'xzm95wt38yrhyrcf2zv91r5n2qygr308NM200904120000000000000000000030', 0, 'ikjgklfv1tep5oc1gjiszonfikfujuq600000000000000000000000000000194');
INSERT INTO md_attribute ( oid) VALUES ('ikjgklfv1tep5oc1gjiszonfikfujuq600000000000000000000000000000194');
INSERT INTO metadata ( create_date, seq, type, created_by, last_update_date, last_updated_by, description, locked_by, remove, owner, entity_domain, oid, key_name, site_master) VALUES ('2016-08-23 09:28:05', 4855, 'com.runwaysdk.system.metadata.MdAttributeBoolean', '0000000000000000000000000000001000000000000000000000000000000003', '2016-08-23 09:28:05', '0000000000000000000000000000001000000000000000000000000000000003', 'x9ua784779sqz6390y21dbzzvpcqwze4NM200904120000000000000000000030', NULL, 1, '0000000000000000000000000000001000000000000000000000000000000003', NULL, 'ikjgklfv1tep5oc1gjiszonfikfujuq600000000000000000000000000000194', 'com.runwaysdk.system.scheduler.JobView.triggerOnFailure', 'www.runwaysdk.com');
INSERT INTO class_attribute_concrete ( oid, parent_id, child_id) VALUES ('ikjgklfv1tep5oc1gjiszonfikfujuq600000000000000000000000000000073', 'ikp78xpxdlb7dyntzzeqiobvhpo08oq320071129NM0000000000000000000005', 'ikjgklfv1tep5oc1gjiszonfikfujuq600000000000000000000000000000194');
INSERT INTO class_attribute ( oid, parent_id, child_id) VALUES ('ikjgklfv1tep5oc1gjiszonfikfujuq600000000000000000000000000000073', 'ikp78xpxdlb7dyntzzeqiobvhpo08oq320071129NM0000000000000000000005', 'ikjgklfv1tep5oc1gjiszonfikfujuq600000000000000000000000000000194');
INSERT INTO metadata_relationship ( oid, created_by, type, last_update_date, site_master, owner, seq, key_name, entity_domain, locked_by, create_date, last_updated_by, parent_id, child_id) VALUES ('ikjgklfv1tep5oc1gjiszonfikfujuq600000000000000000000000000000073', '0000000000000000000000000000001000000000000000000000000000000003', 'com.runwaysdk.system.metadata.ClassAttributeConcrete', '2016-08-23 09:28:05', 'www.runwaysdk.com', '0000000000000000000000000000001000000000000000000000000000000003', 4856, 'com.runwaysdk.system.scheduler.JobView.triggerOnFailure', NULL, NULL, '2016-08-23 09:28:05', '0000000000000000000000000000001000000000000000000000000000000003', 'ikp78xpxdlb7dyntzzeqiobvhpo08oq320071129NM0000000000000000000005', 'ikjgklfv1tep5oc1gjiszonfikfujuq600000000000000000000000000000194');
INSERT INTO metadata_display_label ( key_name, oid, site_master, default_locale) VALUES ('1v19fuxcipqkot98uibpo90sqbyb72gjNM200904120000000000000000000030', '1v19fuxcipqkot98uibpo90sqbyb72gjNM200904120000000000000000000030', 'www.runwaysdk.com', 'lockJob');
INSERT INTO metadata_display_label ( key_name, oid, site_master, default_locale) VALUES ('1qnxikf9kodqhgi36nrplx2j8oqbsznyNM200904120000000000000000000030', '1qnxikf9kodqhgi36nrplx2j8oqbsznyNM200904120000000000000000000030', 'www.runwaysdk.com', NULL);
INSERT INTO md_method ( md_type, return_type, is_static, method_name, display_label, oid) VALUES ('ikp78xpxdlb7dyntzzeqiobvhpo08oq320071129NM0000000000000000000005', 'com.runwaysdk.system.scheduler.JobView', 1, 'lockJob', '1v19fuxcipqkot98uibpo90sqbyb72gjNM200904120000000000000000000030', 'ikkbp4ax60nxdscssz9q0idug3xog6u520070427JS0000000000000000001514');
INSERT INTO metadata ( create_date, seq, type, created_by, last_update_date, last_updated_by, description, locked_by, remove, owner, entity_domain, oid, key_name, site_master) VALUES ('2016-08-23 09:28:05', 4857, 'com.runwaysdk.system.metadata.MdMethod', '0000000000000000000000000000001000000000000000000000000000000003', '2016-08-23 09:28:05', '0000000000000000000000000000001000000000000000000000000000000003', '1qnxikf9kodqhgi36nrplx2j8oqbsznyNM200904120000000000000000000030', NULL, 1, '0000000000000000000000000000001000000000000000000000000000000003', NULL, 'ikkbp4ax60nxdscssz9q0idug3xog6u520070427JS0000000000000000001514', 'com.runwaysdk.system.scheduler.JobView.lockJob', 'www.runwaysdk.com');
INSERT INTO type_method ( oid, parent_id, child_id) VALUES ('ikkbp4ax60nxdscssz9q0idug3xog6u520070427JS0000000000000000001520', 'ikp78xpxdlb7dyntzzeqiobvhpo08oq320071129NM0000000000000000000005', 'ikkbp4ax60nxdscssz9q0idug3xog6u520070427JS0000000000000000001514');
INSERT INTO metadata_relationship ( oid, created_by, type, last_update_date, site_master, owner, seq, key_name, entity_domain, locked_by, create_date, last_updated_by, parent_id, child_id) VALUES ('ikkbp4ax60nxdscssz9q0idug3xog6u520070427JS0000000000000000001520', '0000000000000000000000000000001000000000000000000000000000000003', 'com.runwaysdk.system.metadata.TypeMethod', '2016-08-23 09:28:05', 'www.runwaysdk.com', '0000000000000000000000000000001000000000000000000000000000000003', 4858, 'com.runwaysdk.system.scheduler.JobView.lockJob', NULL, NULL, '2016-08-23 09:28:05', '0000000000000000000000000000001000000000000000000000000000000003', 'ikp78xpxdlb7dyntzzeqiobvhpo08oq320071129NM0000000000000000000005', 'ikkbp4ax60nxdscssz9q0idug3xog6u520070427JS0000000000000000001514');
INSERT INTO metadata_display_label ( key_name, oid, site_master, default_locale) VALUES ('7g2rlld2oq3pthvpy2be9rgghq4we67dNM200904120000000000000000000030', '7g2rlld2oq3pthvpy2be9rgghq4we67dNM200904120000000000000000000030', 'www.runwaysdk.com', 'jobId');
INSERT INTO metadata_display_label ( key_name, oid, site_master, default_locale) VALUES ('8ytzqjmd0uu6xq9921jhjr9a5o489oqeNM200904120000000000000000000030', '8ytzqjmd0uu6xq9921jhjr9a5o489oqeNM200904120000000000000000000030', 'www.runwaysdk.com', NULL);
INSERT INTO md_parameter ( parameter_type, parameter_name, metadata, parameter_order, display_label, oid) VALUES ('java.lang.String', 'jobId', 'ikkbp4ax60nxdscssz9q0idug3xog6u520070427JS0000000000000000001514', 0, '7g2rlld2oq3pthvpy2be9rgghq4we67dNM200904120000000000000000000030', 'i9cc7mms4mpel0rb8xwl7suyyw9ac3qs20070427JS0000000000000000001517');
INSERT INTO metadata ( create_date, seq, type, created_by, last_update_date, last_updated_by, description, locked_by, remove, owner, entity_domain, oid, key_name, site_master) VALUES ('2016-08-23 09:28:05', 4859, 'com.runwaysdk.system.metadata.MdParameter', '0000000000000000000000000000001000000000000000000000000000000003', '2016-08-23 09:28:05', '0000000000000000000000000000001000000000000000000000000000000003', '8ytzqjmd0uu6xq9921jhjr9a5o489oqeNM200904120000000000000000000030', NULL, 1, '0000000000000000000000000000001000000000000000000000000000000003', NULL, 'i9cc7mms4mpel0rb8xwl7suyyw9ac3qs20070427JS0000000000000000001517', 'com.runwaysdk.system.scheduler.JobView.lockJob.jobId', 'www.runwaysdk.com');
INSERT INTO metadata_parameter ( created_by, locked_by, seq, last_updated_by, type, site_master, last_update_date, owner, create_date, key_name, entity_domain, oid, parent_id, child_id) VALUES ('0000000000000000000000000000001000000000000000000000000000000003', NULL, 4860, '0000000000000000000000000000001000000000000000000000000000000003', 'com.runwaysdk.system.MetadataParameter', 'www.runwaysdk.com', '2016-08-23 09:28:05', '0000000000000000000000000000001000000000000000000000000000000003', '2016-08-23 09:28:05', 'com.runwaysdk.system.scheduler.JobView.lockJob.jobId', NULL, 'i9cc7mms4mpel0rb8xwl7suyyw9ac3qs20070427JS0000000000000000001524', 'ikkbp4ax60nxdscssz9q0idug3xog6u520070427JS0000000000000000001514', 'i9cc7mms4mpel0rb8xwl7suyyw9ac3qs20070427JS0000000000000000001517');
INSERT INTO metadata_display_label ( key_name, oid, site_master, default_locale) VALUES ('2eps7hw7ae4j8mmw1ozu86c8cksiqw9gNM200904120000000000000000000030', '2eps7hw7ae4j8mmw1ozu86c8cksiqw9gNM200904120000000000000000000030', 'www.runwaysdk.com', 'applyWithJob');
INSERT INTO metadata_display_label ( key_name, oid, site_master, default_locale) VALUES ('8pfblbwoojeb6sltpl7r3v9k36bi00cfNM200904120000000000000000000030', '8pfblbwoojeb6sltpl7r3v9k36bi00cfNM200904120000000000000000000030', 'www.runwaysdk.com', NULL);
INSERT INTO md_method ( md_type, return_type, is_static, method_name, display_label, oid) VALUES ('ikp78xpxdlb7dyntzzeqiobvhpo08oq320071129NM0000000000000000000005', 'void', 0, 'applyWithJob', '2eps7hw7ae4j8mmw1ozu86c8cksiqw9gNM200904120000000000000000000030', 'i2f1i6i9c2e3mhusdki57fxkwx12acbb20070427JS0000000000000000001514');
INSERT INTO metadata ( create_date, seq, type, created_by, last_update_date, last_updated_by, description, locked_by, remove, owner, entity_domain, oid, key_name, site_master) VALUES ('2016-08-23 09:28:05', 4861, 'com.runwaysdk.system.metadata.MdMethod', '0000000000000000000000000000001000000000000000000000000000000003', '2016-08-23 09:28:05', '0000000000000000000000000000001000000000000000000000000000000003', '8pfblbwoojeb6sltpl7r3v9k36bi00cfNM200904120000000000000000000030', NULL, 1, '0000000000000000000000000000001000000000000000000000000000000003', NULL, 'i2f1i6i9c2e3mhusdki57fxkwx12acbb20070427JS0000000000000000001514', 'com.runwaysdk.system.scheduler.JobView.applyWithJob', 'www.runwaysdk.com');
INSERT INTO type_method ( oid, parent_id, child_id) VALUES ('i2f1i6i9c2e3mhusdki57fxkwx12acbb20070427JS0000000000000000001520', 'ikp78xpxdlb7dyntzzeqiobvhpo08oq320071129NM0000000000000000000005', 'i2f1i6i9c2e3mhusdki57fxkwx12acbb20070427JS0000000000000000001514');
INSERT INTO metadata_relationship ( oid, created_by, type, last_update_date, site_master, owner, seq, key_name, entity_domain, locked_by, create_date, last_updated_by, parent_id, child_id) VALUES ('i2f1i6i9c2e3mhusdki57fxkwx12acbb20070427JS0000000000000000001520', '0000000000000000000000000000001000000000000000000000000000000003', 'com.runwaysdk.system.metadata.TypeMethod', '2016-08-23 09:28:05', 'www.runwaysdk.com', '0000000000000000000000000000001000000000000000000000000000000003', 4862, 'com.runwaysdk.system.scheduler.JobView.applyWithJob', NULL, NULL, '2016-08-23 09:28:05', '0000000000000000000000000000001000000000000000000000000000000003', 'ikp78xpxdlb7dyntzzeqiobvhpo08oq320071129NM0000000000000000000005', 'i2f1i6i9c2e3mhusdki57fxkwx12acbb20070427JS0000000000000000001514');
INSERT INTO metadata_display_label ( key_name, oid, site_master, default_locale) VALUES ('012ys5wz42ht522m43fi6so7dnny83juNM200904120000000000000000000030', '012ys5wz42ht522m43fi6so7dnny83juNM200904120000000000000000000030', 'www.runwaysdk.com', 'job');
INSERT INTO metadata_display_label ( key_name, oid, site_master, default_locale) VALUES ('xtucyys2xphnojv380y40safkon46a22NM200904120000000000000000000030', 'xtucyys2xphnojv380y40safkon46a22NM200904120000000000000000000030', 'www.runwaysdk.com', NULL);
INSERT INTO md_parameter ( parameter_type, parameter_name, metadata, parameter_order, display_label, oid) VALUES ('com.runwaysdk.system.scheduler.ExecutableJob', 'job', 'i2f1i6i9c2e3mhusdki57fxkwx12acbb20070427JS0000000000000000001514', 0, '012ys5wz42ht522m43fi6so7dnny83juNM200904120000000000000000000030', 'ih1x64iezeugtsdjvfk00pk3g98k6ous20070427JS0000000000000000001517');
INSERT INTO metadata ( create_date, seq, type, created_by, last_update_date, last_updated_by, description, locked_by, remove, owner, entity_domain, oid, key_name, site_master) VALUES ('2016-08-23 09:28:05', 4863, 'com.runwaysdk.system.metadata.MdParameter', '0000000000000000000000000000001000000000000000000000000000000003', '2016-08-23 09:28:05', '0000000000000000000000000000001000000000000000000000000000000003', 'xtucyys2xphnojv380y40safkon46a22NM200904120000000000000000000030', NULL, 1, '0000000000000000000000000000001000000000000000000000000000000003', NULL, 'ih1x64iezeugtsdjvfk00pk3g98k6ous20070427JS0000000000000000001517', 'com.runwaysdk.system.scheduler.JobView.applyWithJob.job', 'www.runwaysdk.com');
INSERT INTO metadata_parameter ( created_by, locked_by, seq, last_updated_by, type, site_master, last_update_date, owner, create_date, key_name, entity_domain, oid, parent_id, child_id) VALUES ('0000000000000000000000000000001000000000000000000000000000000003', NULL, 4864, '0000000000000000000000000000001000000000000000000000000000000003', 'com.runwaysdk.system.MetadataParameter', 'www.runwaysdk.com', '2016-08-23 09:28:05', '0000000000000000000000000000001000000000000000000000000000000003', '2016-08-23 09:28:05', 'com.runwaysdk.system.scheduler.JobView.applyWithJob.job', NULL, 'ih1x64iezeugtsdjvfk00pk3g98k6ous20070427JS0000000000000000001524', 'i2f1i6i9c2e3mhusdki57fxkwx12acbb20070427JS0000000000000000001514', 'ih1x64iezeugtsdjvfk00pk3g98k6ous20070427JS0000000000000000001517');
UPDATE metadata SET seq= 4865  WHERE oid='8ndv254jvk1mw1rql6a4pqz9qbqvdzl400000000000000000000000000000001';
UPDATE md_type SET type_name= 'JobView' , display_label= 'z3pkh6y12k0f0qer1lbb221otg8wpuyzNM200904120000000000000000000030' , package_name= 'com.runwaysdk.system.scheduler' , root_id= 'ikp78xpxdlb7dyntzzeqiobvhpo08oq3' , oid= 'ikp78xpxdlb7dyntzzeqiobvhpo08oq320071129NM0000000000000000000005'  WHERE oid='ikp78xpxdlb7dyntzzeqiobvhpo08oq320071129NM0000000000000000000005';
UPDATE metadata SET create_date= '2016-08-23 09:28:05' , seq= 4866 , type= 'com.runwaysdk.system.metadata.MdView' , created_by= '0000000000000000000000000000001000000000000000000000000000000003' , last_update_date= '2016-08-23 09:28:05' , last_updated_by= '0000000000000000000000000000001000000000000000000000000000000003' , description= '6sp2dh36s9yvdn75m0v3sh1eukbjng3fNM200904120000000000000000000030' , owner= '0000000000000000000000000000001000000000000000000000000000000003' , oid= 'ikp78xpxdlb7dyntzzeqiobvhpo08oq320071129NM0000000000000000000005' , key_name= 'com.runwaysdk.system.scheduler.JobView' , site_master= 'www.runwaysdk.com'  WHERE oid='ikp78xpxdlb7dyntzzeqiobvhpo08oq320071129NM0000000000000000000005';
UPDATE md_relationship SET child_cardinality= '1' , index2_name= 'rel_r8phgfd5rh74xtz7g1jxkuzhxe' , parent_visibility= 'z407g7s1elz4ecbtjydsezz9u8vrq65f' , parent_visibility_c= '20071109NM000000000000000000000520071109NM0000000000000000000001' , child_md_business= '8ndv254jvk1mw1rql6a4pqz9qbqvdzl400000000000000000000000000000001' , child_display_label= '6uoig41ud9xrjibqf3zx9da94spksp90NM200904120000000000000000000030' , index1_name= 'rel_1ss1n0ok0rniw9pjjcsyd37f8i' , parent_cardinality= '1' , child_visibility= 'za7em9bojko8nann30zyn4psvsk6m9jv' , child_visibility_c= '20071109NM000000000000000000000520071109NM0000000000000000000001' , parent_method= 'upstreamJob' , parent_display_label= '7ejjnm2luqco4yqmlpt19fmvlxgq3t8dNM200904120000000000000000000030' , parent_md_business= '8ndv254jvk1mw1rql6a4pqz9qbqvdzl400000000000000000000000000000001' , cache_algorithm= 'qvj5xypawrf5s5v0kmwhztsp1rnfssg6' , cache_algorithm_c= '0000000000000000000000000000023100000000000000000000000000000222' , child_method= 'downstreamJob' , oid= 'iehto0zqk2c47kojxx2wvjruqcxdxl2920060824000000000000000000000011'  WHERE oid='iehto0zqk2c47kojxx2wvjruqcxdxl2920060824000000000000000000000011';
UPDATE md_entity SET table_name= 'downstream_job_relationship' , oid= 'iehto0zqk2c47kojxx2wvjruqcxdxl2920060824000000000000000000000011'  WHERE oid='iehto0zqk2c47kojxx2wvjruqcxdxl2920060824000000000000000000000011';
UPDATE md_type SET type_name= 'DownstreamJobRelationship' , display_label= '8gmkixdd8ke91fjilmlk81lnmsa1gc2qNM200904120000000000000000000030' , package_name= 'com.runwaysdk.system.scheduler' , root_id= 'iehto0zqk2c47kojxx2wvjruqcxdxl29' , oid= 'iehto0zqk2c47kojxx2wvjruqcxdxl2920060824000000000000000000000011'  WHERE oid='iehto0zqk2c47kojxx2wvjruqcxdxl2920060824000000000000000000000011';
UPDATE metadata SET create_date= '2016-08-23 09:28:05' , seq= 4867 , type= 'com.runwaysdk.system.metadata.MdTree' , created_by= '0000000000000000000000000000001000000000000000000000000000000003' , last_update_date= '2016-08-23 09:28:05' , last_updated_by= '0000000000000000000000000000001000000000000000000000000000000003' , description= '8tsbt0pie6mw8ybxct7jecihlv89zth6NM200904120000000000000000000030' , owner= '0000000000000000000000000000001000000000000000000000000000000003' , oid= 'iehto0zqk2c47kojxx2wvjruqcxdxl2920060824000000000000000000000011' , key_name= 'com.runwaysdk.system.scheduler.DownstreamJobRelationship' , site_master= 'www.runwaysdk.com'  WHERE oid='iehto0zqk2c47kojxx2wvjruqcxdxl2920060824000000000000000000000011';
