--
-- Copyright (c) 2015 TerraFrame, Inc. All rights reserved.
--
-- This file is part of Runway SDK(tm).
--
-- Runway SDK(tm) is free software: you can redistribute it and/or modify
-- it under the terms of the GNU Lesser General Public License as
-- published by the Free Software Foundation, either version 3 of the
-- License, or (at your option) any later version.
--
-- Runway SDK(tm) is distributed in the hope that it will be useful, but
-- WITHOUT ANY WARRANTY; without even the implied warranty of
-- MERCHANTABILITY or FITNESS FOR A PARTICULAR PURPOSE.  See the
-- GNU Lesser General Public License for more details.
--
-- You should have received a copy of the GNU Lesser General Public
-- License along with Runway SDK(tm).  If not, see <http://www.gnu.org/licenses/>.
--

INSERT INTO class_cache (set_id, item_id)  VALUES  ('xsqnptbxmoci7iuhlceqbowg7t2n2ow6', '000000000000000000000000000002310077');
INSERT INTO metadata_display_label ( key_name, oid, site_master, default_locale) VALUES ('y1p2txb94sumjupq78wiqt69y98oduzs0287', 'y1p2txb94sumjupq78wiqt69y98oduzs0287', 'www.runwaysdk.com', 'Aggregation Function Master');
INSERT INTO metadata_display_label ( key_name, oid, site_master, default_locale) VALUES ('1rgs3ixrnz0aup0g2u1pa8f0uel97tfb0287', '1rgs3ixrnz0aup0g2u1pa8f0uel97tfb0287', 'www.runwaysdk.com', 'Aggregation Function Enumeration Master List');
INSERT INTO md_business ( super_md_business, cache_algorithm, cache_algorithm_c, oid) VALUES ('000000000000000000000000000002060058', 'xsqnptbxmoci7iuhlceqbowg7t2n2ow6', '000000000000000000000000000002310077', 'ii7sig2clgy9z81k9zxs901sout0qs8q0058');
INSERT INTO md_element ( is_abstract, extendable, oid) VALUES (0, 0, 'ii7sig2clgy9z81k9zxs901sout0qs8q0058');
INSERT INTO md_entity ( cache_size, query_dto_source, has_deterministic_ids, enforce_site_master, query_source, table_name, oid) VALUES (0, NULL, 1, 1, NULL, 'aggregation_function', 'ii7sig2clgy9z81k9zxs901sout0qs8q0058');
INSERT INTO md_class ( stub_source, publish, stub_dto_source, oid) VALUES (NULL, 1, NULL, 'ii7sig2clgy9z81k9zxs901sout0qs8q0058');
INSERT INTO md_type ( type_name, js_stub, display_label, exported, generate_source, js_base, base_source, package_name, root_id, dto_source, oid) VALUES ('AggregationFunction', NULL, 'y1p2txb94sumjupq78wiqt69y98oduzs0287', 1, 1, NULL, NULL, 'com.runwaysdk.system.metadata', 'ii7sig2clgy9z81k9zxs901sout0qs8q', NULL, 'ii7sig2clgy9z81k9zxs901sout0qs8q0058');
INSERT INTO metadata ( create_date, seq, type, created_by, last_update_date, last_updated_by, description, locked_by, remove, owner, entity_domain, oid, key_name, site_master) VALUES ('2017-06-12 23:54:42', 4852, 'com.runwaysdk.system.metadata.MdBusiness', '000000000000000000000000000000100060', '2017-06-12 23:54:42', '000000000000000000000000000000100060', '1rgs3ixrnz0aup0g2u1pa8f0uel97tfb0287', NULL, 0, '000000000000000000000000000000100060', NULL, 'ii7sig2clgy9z81k9zxs901sout0qs8q0058', 'com.runwaysdk.system.metadata.AggregationFunction', 'www.runwaysdk.com');
CREATE TABLE aggregation_function ( oid CHAR(64) NOT NULL PRIMARY KEY );
INSERT INTO business_inheritance ( oid, parent_oid, child_oid) VALUES ('ii7sig2clgy9z81k9zxs901sout0qs8q0257', '000000000000000000000000000002060058', 'ii7sig2clgy9z81k9zxs901sout0qs8q0058');
INSERT INTO class_inheritance ( oid, parent_oid, child_oid) VALUES ('ii7sig2clgy9z81k9zxs901sout0qs8q0257', '000000000000000000000000000002060058', 'ii7sig2clgy9z81k9zxs901sout0qs8q0058');
INSERT INTO metadata_relationship ( oid, created_by, type, last_update_date, site_master, owner, seq, key_name, entity_domain, locked_by, create_date, last_updated_by, parent_oid, child_oid) VALUES ('ii7sig2clgy9z81k9zxs901sout0qs8q0257', '000000000000000000000000000000100060', 'com.runwaysdk.system.metadata.BusinessInheritance', '2017-06-12 23:54:42', 'www.runwaysdk.com', '000000000000000000000000000000100060', 4853, 'com.runwaysdk.system.metadata.AggregationFunction', NULL, NULL, '2017-06-12 23:54:42', '000000000000000000000000000000100060', '000000000000000000000000000002060058', 'ii7sig2clgy9z81k9zxs901sout0qs8q0058');


INSERT INTO metadata_display_label ( key_name, oid, site_master, default_locale) VALUES ('ssptr4624k8nn6sh205lg81z1337tz1q0287', 'ssptr4624k8nn6sh205lg81z1337tz1q0287', 'www.runwaysdk.com', 'Sum');
INSERT INTO aggregation_function ( oid) VALUES ('e4c392e4-c64b-3147-a537-eaaf02650240');
INSERT INTO enumeration_master ( site_master, last_updated_by, owner, locked_by, key_name, type, enum_name, display_label, oid, last_update_date, create_date, created_by, entity_domain, seq) VALUES ('www.runwaysdk.com', '000000000000000000000000000000100060', '000000000000000000000000000000100060', NULL, 'com.runwaysdk.system.metadata.AggregationFunction.SUM', 'com.runwaysdk.system.metadata.AggregationFunction', 'SUM', 'ssptr4624k8nn6sh205lg81z1337tz1q0287', 'e4c392e4-c64b-3147-a537-eaaf02650240', '2017-06-12 23:54:42', '2017-06-12 23:54:42', '000000000000000000000000000000100060', NULL, 4854);
INSERT INTO metadata_display_label ( key_name, oid, site_master, default_locale) VALUES ('8lfjzk8jmd7mlbq9b0a93x4dhm1a2qxm0287', '8lfjzk8jmd7mlbq9b0a93x4dhm1a2qxm0287', 'www.runwaysdk.com', 'Average');
INSERT INTO aggregation_function ( oid) VALUES ('bcac3c4b-19e8-35d5-8792-56d7b3590240');
INSERT INTO enumeration_master ( site_master, last_updated_by, owner, locked_by, key_name, type, enum_name, display_label, oid, last_update_date, create_date, created_by, entity_domain, seq) VALUES ('www.runwaysdk.com', '000000000000000000000000000000100060', '000000000000000000000000000000100060', NULL, 'com.runwaysdk.system.metadata.AggregationFunction.AVG', 'com.runwaysdk.system.metadata.AggregationFunction', 'AVG', '8lfjzk8jmd7mlbq9b0a93x4dhm1a2qxm0287', 'bcac3c4b-19e8-35d5-8792-56d7b3590240', '2017-06-12 23:54:42', '2017-06-12 23:54:42', '000000000000000000000000000000100060', NULL, 4855);
INSERT INTO metadata_display_label ( key_name, oid, site_master, default_locale) VALUES ('0lphzxs88q6t63q4viattnzg8hvw52m80287', '0lphzxs88q6t63q4viattnzg8hvw52m80287', 'www.runwaysdk.com', 'Count');
INSERT INTO aggregation_function ( oid) VALUES ('6aeb7aa2-f9c2-307f-a5e7-4bf326c50240');
INSERT INTO enumeration_master ( site_master, last_updated_by, owner, locked_by, key_name, type, enum_name, display_label, oid, last_update_date, create_date, created_by, entity_domain, seq) VALUES ('www.runwaysdk.com', '000000000000000000000000000000100060', '000000000000000000000000000000100060', NULL, 'com.runwaysdk.system.metadata.AggregationFunction.COUNT', 'com.runwaysdk.system.metadata.AggregationFunction', 'COUNT', '0lphzxs88q6t63q4viattnzg8hvw52m80287', '6aeb7aa2-f9c2-307f-a5e7-4bf326c50240', '2017-06-12 23:54:42', '2017-06-12 23:54:42', '000000000000000000000000000000100060', NULL, 4856);
INSERT INTO metadata_display_label ( key_name, oid, site_master, default_locale) VALUES ('8h2cobci19ecu3pl38us7tnr7vbc4zo60287', '8h2cobci19ecu3pl38us7tnr7vbc4zo60287', 'www.runwaysdk.com', 'Minimum');
INSERT INTO aggregation_function ( oid) VALUES ('ddc375b7-5074-3185-b316-6a554dcb0240');
INSERT INTO enumeration_master ( site_master, last_updated_by, owner, locked_by, key_name, type, enum_name, display_label, oid, last_update_date, create_date, created_by, entity_domain, seq) VALUES ('www.runwaysdk.com', '000000000000000000000000000000100060', '000000000000000000000000000000100060', NULL, 'com.runwaysdk.system.metadata.AggregationFunction.MIN', 'com.runwaysdk.system.metadata.AggregationFunction', 'MIN', '8h2cobci19ecu3pl38us7tnr7vbc4zo60287', 'ddc375b7-5074-3185-b316-6a554dcb0240', '2017-06-12 23:54:42', '2017-06-12 23:54:42', '000000000000000000000000000000100060', NULL, 4857);
INSERT INTO metadata_display_label ( key_name, oid, site_master, default_locale) VALUES ('ssdm4stjqfla2skc9oqrnxrmgm0wrzjb0287', 'ssdm4stjqfla2skc9oqrnxrmgm0wrzjb0287', 'www.runwaysdk.com', 'Maximum');
INSERT INTO aggregation_function ( oid) VALUES ('3ce6e3c2-f9de-34e5-af0e-4e563e030240');
INSERT INTO enumeration_master ( site_master, last_updated_by, owner, locked_by, key_name, type, enum_name, display_label, oid, last_update_date, create_date, created_by, entity_domain, seq) VALUES ('www.runwaysdk.com', '000000000000000000000000000000100060', '000000000000000000000000000000100060', NULL, 'com.runwaysdk.system.metadata.AggregationFunction.MAX', 'com.runwaysdk.system.metadata.AggregationFunction', 'MAX', 'ssdm4stjqfla2skc9oqrnxrmgm0wrzjb0287', '3ce6e3c2-f9de-34e5-af0e-4e563e030240', '2017-06-12 23:54:42', '2017-06-12 23:54:42', '000000000000000000000000000000100060', NULL, 4858);
INSERT INTO metadata_display_label ( key_name, oid, site_master, default_locale) VALUES ('xx0hl7a10uifz250o2fgbyh2zmdwsrx30287', 'xx0hl7a10uifz250o2fgbyh2zmdwsrx30287', 'www.runwaysdk.com', 'Standard Deviation');
INSERT INTO aggregation_function ( oid) VALUES ('0e3b6805-8477-3503-9e36-600eb9370240');
INSERT INTO enumeration_master ( site_master, last_updated_by, owner, locked_by, key_name, type, enum_name, display_label, oid, last_update_date, create_date, created_by, entity_domain, seq) VALUES ('www.runwaysdk.com', '000000000000000000000000000000100060', '000000000000000000000000000000100060', NULL, 'com.runwaysdk.system.metadata.AggregationFunction.STDEV', 'com.runwaysdk.system.metadata.AggregationFunction', 'STDEV', 'xx0hl7a10uifz250o2fgbyh2zmdwsrx30287', '0e3b6805-8477-3503-9e36-600eb9370240', '2017-06-12 23:54:42', '2017-06-12 23:54:42', '000000000000000000000000000000100060', NULL, 4859);
INSERT INTO metadata_display_label ( key_name, oid, site_master, default_locale) VALUES ('qy1hziyw6kh3gzp6bhchstq59jymczwl0287', 'qy1hziyw6kh3gzp6bhchstq59jymczwl0287', 'www.runwaysdk.com', 'Indicator Function');
INSERT INTO metadata_display_label ( key_name, oid, site_master, default_locale) VALUES ('6or5ndhqmnebmeryre6hdnhpne9e978c0287', '6or5ndhqmnebmeryre6hdnhpne9e978c0287', 'www.runwaysdk.com', 'Indicator Function Enumeration');
INSERT INTO md_enumeration ( master_md_business, table_name, include_all, oid) VALUES ('ii7sig2clgy9z81k9zxs901sout0qs8q0058', 'indicator_aggregate_function', 1, 'i0mpeef4ubwk29ntr0po98lywhtzoi4m0075');
INSERT INTO md_type ( type_name, js_stub, display_label, exported, generate_source, js_base, base_source, package_name, root_id, dto_source, oid) VALUES ('IndicatorAggregateFunction', NULL, 'qy1hziyw6kh3gzp6bhchstq59jymczwl0287', 1, 1, NULL, NULL, 'com.runwaysdk.system.metadata', 'i0mpeef4ubwk29ntr0po98lywhtzoi4m', NULL, 'i0mpeef4ubwk29ntr0po98lywhtzoi4m0075');
INSERT INTO metadata ( create_date, seq, type, created_by, last_update_date, last_updated_by, description, locked_by, remove, owner, entity_domain, oid, key_name, site_master) VALUES ('2017-06-12 23:54:42', 4860, 'com.runwaysdk.system.metadata.MdEnumeration', '000000000000000000000000000000100060', '2017-06-12 23:54:42', '000000000000000000000000000000100060', '6or5ndhqmnebmeryre6hdnhpne9e978c0287', NULL, 0, '000000000000000000000000000000100060', NULL, 'i0mpeef4ubwk29ntr0po98lywhtzoi4m0075', 'com.runwaysdk.system.metadata.IndicatorAggregateFunction', 'www.runwaysdk.com');
INSERT INTO enumeration_attribute ( oid, parent_oid, child_oid) VALUES ('7b5d41ea-57d2-31b3-851c-3d9c98e50246', 'ii7sig2clgy9z81k9zxs901sout0qs8q0058', 'i0mpeef4ubwk29ntr0po98lywhtzoi4m0075');
INSERT INTO metadata_relationship ( oid, created_by, type, last_update_date, site_master, owner, seq, key_name, entity_domain, locked_by, create_date, last_updated_by, parent_oid, child_oid) VALUES ('7b5d41ea-57d2-31b3-851c-3d9c98e50246', '000000000000000000000000000000100060', 'com.runwaysdk.system.metadata.EnumerationAttribute', '2017-06-12 23:54:42', 'www.runwaysdk.com', '000000000000000000000000000000100060', 4861, 'com.runwaysdk.system.metadata.IndicatorAggregateFunction', NULL, NULL, '2017-06-12 23:54:42', '000000000000000000000000000000100060', 'ii7sig2clgy9z81k9zxs901sout0qs8q0058', 'i0mpeef4ubwk29ntr0po98lywhtzoi4m0075');
CREATE TABLE indicator_aggregate_function 
(set_id                CHAR(32) NOT NULL, 
item_id CHAR(64) NOT NULL);
CREATE UNIQUE INDEX ai0mpeef4ubwk29ntr0po98lywhtzo ON indicator_aggregate_function (set_id, item_id);
INSERT INTO enumeration_attribute_item ( oid, parent_oid, child_oid) VALUES ('irv5gd4ouxp6zy5dvsf6623w5845i03g0247', 'i0mpeef4ubwk29ntr0po98lywhtzoi4m0075', 'e4c392e4-c64b-3147-a537-eaaf02650240');
INSERT INTO metadata_relationship ( oid, created_by, type, last_update_date, site_master, owner, seq, key_name, entity_domain, locked_by, create_date, last_updated_by, parent_oid, child_oid) VALUES ('irv5gd4ouxp6zy5dvsf6623w5845i03g0247', '000000000000000000000000000000100060', 'com.runwaysdk.system.metadata.EnumerationAttributeItem', '2017-06-12 23:54:42', 'www.runwaysdk.com', '000000000000000000000000000000100060', 4862, 'com.runwaysdk.system.metadata.IndicatorAggregateFunction.SUM', NULL, NULL, '2017-06-12 23:54:42', '000000000000000000000000000000100060', 'i0mpeef4ubwk29ntr0po98lywhtzoi4m0075', 'e4c392e4-c64b-3147-a537-eaaf02650240');
INSERT INTO enumeration_attribute_item ( oid, parent_oid, child_oid) VALUES ('ih2w38d4ako5haxpkp2or4ktlkwy6wwl0247', 'i0mpeef4ubwk29ntr0po98lywhtzoi4m0075', 'bcac3c4b-19e8-35d5-8792-56d7b3590240');
INSERT INTO metadata_relationship ( oid, created_by, type, last_update_date, site_master, owner, seq, key_name, entity_domain, locked_by, create_date, last_updated_by, parent_oid, child_oid) VALUES ('ih2w38d4ako5haxpkp2or4ktlkwy6wwl0247', '000000000000000000000000000000100060', 'com.runwaysdk.system.metadata.EnumerationAttributeItem', '2017-06-12 23:54:42', 'www.runwaysdk.com', '000000000000000000000000000000100060', 4863, 'com.runwaysdk.system.metadata.IndicatorAggregateFunction.AVG', NULL, NULL, '2017-06-12 23:54:42', '000000000000000000000000000000100060', 'i0mpeef4ubwk29ntr0po98lywhtzoi4m0075', 'bcac3c4b-19e8-35d5-8792-56d7b3590240');
INSERT INTO enumeration_attribute_item ( oid, parent_oid, child_oid) VALUES ('i3x0yhhzk4w4h13g97z712pnv4cl8qib0247', 'i0mpeef4ubwk29ntr0po98lywhtzoi4m0075', '6aeb7aa2-f9c2-307f-a5e7-4bf326c50240');
INSERT INTO metadata_relationship ( oid, created_by, type, last_update_date, site_master, owner, seq, key_name, entity_domain, locked_by, create_date, last_updated_by, parent_oid, child_oid) VALUES ('i3x0yhhzk4w4h13g97z712pnv4cl8qib0247', '000000000000000000000000000000100060', 'com.runwaysdk.system.metadata.EnumerationAttributeItem', '2017-06-12 23:54:42', 'www.runwaysdk.com', '000000000000000000000000000000100060', 4864, 'com.runwaysdk.system.metadata.IndicatorAggregateFunction.COUNT', NULL, NULL, '2017-06-12 23:54:42', '000000000000000000000000000000100060', 'i0mpeef4ubwk29ntr0po98lywhtzoi4m0075', '6aeb7aa2-f9c2-307f-a5e7-4bf326c50240');
INSERT INTO enumeration_attribute_item ( oid, parent_oid, child_oid) VALUES ('i80y7q5hy6bfz3h3vymmvp7zjwt0m8nf0247', 'i0mpeef4ubwk29ntr0po98lywhtzoi4m0075', 'ddc375b7-5074-3185-b316-6a554dcb0240');
INSERT INTO metadata_relationship ( oid, created_by, type, last_update_date, site_master, owner, seq, key_name, entity_domain, locked_by, create_date, last_updated_by, parent_oid, child_oid) VALUES ('i80y7q5hy6bfz3h3vymmvp7zjwt0m8nf0247', '000000000000000000000000000000100060', 'com.runwaysdk.system.metadata.EnumerationAttributeItem', '2017-06-12 23:54:42', 'www.runwaysdk.com', '000000000000000000000000000000100060', 4865, 'com.runwaysdk.system.metadata.IndicatorAggregateFunction.MIN', NULL, NULL, '2017-06-12 23:54:42', '000000000000000000000000000000100060', 'i0mpeef4ubwk29ntr0po98lywhtzoi4m0075', 'ddc375b7-5074-3185-b316-6a554dcb0240');
INSERT INTO enumeration_attribute_item ( oid, parent_oid, child_oid) VALUES ('i4pbr2miwyag0m5d0wm2lfxmco85nu8p0247', 'i0mpeef4ubwk29ntr0po98lywhtzoi4m0075', '3ce6e3c2-f9de-34e5-af0e-4e563e030240');
INSERT INTO metadata_relationship ( oid, created_by, type, last_update_date, site_master, owner, seq, key_name, entity_domain, locked_by, create_date, last_updated_by, parent_oid, child_oid) VALUES ('i4pbr2miwyag0m5d0wm2lfxmco85nu8p0247', '000000000000000000000000000000100060', 'com.runwaysdk.system.metadata.EnumerationAttributeItem', '2017-06-12 23:54:42', 'www.runwaysdk.com', '000000000000000000000000000000100060', 4866, 'com.runwaysdk.system.metadata.IndicatorAggregateFunction.MAX', NULL, NULL, '2017-06-12 23:54:42', '000000000000000000000000000000100060', 'i0mpeef4ubwk29ntr0po98lywhtzoi4m0075', '3ce6e3c2-f9de-34e5-af0e-4e563e030240');
INSERT INTO enumeration_attribute_item ( oid, parent_oid, child_oid) VALUES ('id0uutt6r6opr3aol8oxy6zoymjpebj20247', 'i0mpeef4ubwk29ntr0po98lywhtzoi4m0075', '0e3b6805-8477-3503-9e36-600eb9370240');
INSERT INTO metadata_relationship ( oid, created_by, type, last_update_date, site_master, owner, seq, key_name, entity_domain, locked_by, create_date, last_updated_by, parent_oid, child_oid) VALUES ('id0uutt6r6opr3aol8oxy6zoymjpebj20247', '000000000000000000000000000000100060', 'com.runwaysdk.system.metadata.EnumerationAttributeItem', '2017-06-12 23:54:42', 'www.runwaysdk.com', '000000000000000000000000000000100060', 4867, 'com.runwaysdk.system.metadata.IndicatorAggregateFunction.STDEV', NULL, NULL, '2017-06-12 23:54:42', '000000000000000000000000000000100060', 'i0mpeef4ubwk29ntr0po98lywhtzoi4m0075', '0e3b6805-8477-3503-9e36-600eb9370240');


INSERT INTO class_cache (set_id, item_id)  VALUES  ('zladoytsrtrnka3sjbypn7ixupysbcix', '000000000000000000000000000002310077');
INSERT INTO metadata_display_label ( key_name, oid, site_master, default_locale) VALUES ('quo85nipz79aucf9ahn2p7f4f75omvc20287', 'quo85nipz79aucf9ahn2p7f4f75omvc20287', 'www.runwaysdk.com', 'Operator Master');
INSERT INTO metadata_display_label ( key_name, oid, site_master, default_locale) VALUES ('73izzv1v8391p0rfxdapq5fte7q32u7o0287', '73izzv1v8391p0rfxdapq5fte7q32u7o0287', 'www.runwaysdk.com', 'Math Operators Enumeration Master List');
INSERT INTO md_business ( super_md_business, cache_algorithm, cache_algorithm_c, oid) VALUES ('000000000000000000000000000002060058', 'zladoytsrtrnka3sjbypn7ixupysbcix', '000000000000000000000000000002310077', 'iqumzzbqjmhyxor5e94ff0tpvop4msec0058');
INSERT INTO md_element ( is_abstract, extendable, oid) VALUES (0, 0, 'iqumzzbqjmhyxor5e94ff0tpvop4msec0058');
INSERT INTO md_entity ( cache_size, query_dto_source, has_deterministic_ids, enforce_site_master, query_source, table_name, oid) VALUES (0, NULL, 1, 1, NULL, 'math_operator', 'iqumzzbqjmhyxor5e94ff0tpvop4msec0058');
INSERT INTO md_class ( stub_source, publish, stub_dto_source, oid) VALUES (NULL, 1, NULL, 'iqumzzbqjmhyxor5e94ff0tpvop4msec0058');
INSERT INTO md_type ( type_name, js_stub, display_label, exported, generate_source, js_base, base_source, package_name, root_id, dto_source, oid) VALUES ('MathOperator', NULL, 'quo85nipz79aucf9ahn2p7f4f75omvc20287', 1, 1, NULL, NULL, 'com.runwaysdk.system.metadata', 'iqumzzbqjmhyxor5e94ff0tpvop4msec', NULL, 'iqumzzbqjmhyxor5e94ff0tpvop4msec0058');
INSERT INTO metadata ( create_date, seq, type, created_by, last_update_date, last_updated_by, description, locked_by, remove, owner, entity_domain, oid, key_name, site_master) VALUES ('2017-06-12 23:54:42', 4868, 'com.runwaysdk.system.metadata.MdBusiness', '000000000000000000000000000000100060', '2017-06-12 23:54:42', '000000000000000000000000000000100060', '73izzv1v8391p0rfxdapq5fte7q32u7o0287', NULL, 0, '000000000000000000000000000000100060', NULL, 'iqumzzbqjmhyxor5e94ff0tpvop4msec0058', 'com.runwaysdk.system.metadata.MathOperator', 'www.runwaysdk.com');
CREATE TABLE math_operator ( oid CHAR(64) NOT NULL PRIMARY KEY );
INSERT INTO business_inheritance ( oid, parent_oid, child_oid) VALUES ('iqumzzbqjmhyxor5e94ff0tpvop4msec0257', '000000000000000000000000000002060058', 'iqumzzbqjmhyxor5e94ff0tpvop4msec0058');
INSERT INTO class_inheritance ( oid, parent_oid, child_oid) VALUES ('iqumzzbqjmhyxor5e94ff0tpvop4msec0257', '000000000000000000000000000002060058', 'iqumzzbqjmhyxor5e94ff0tpvop4msec0058');
INSERT INTO metadata_relationship ( oid, created_by, type, last_update_date, site_master, owner, seq, key_name, entity_domain, locked_by, create_date, last_updated_by, parent_oid, child_oid) VALUES ('iqumzzbqjmhyxor5e94ff0tpvop4msec0257', '000000000000000000000000000000100060', 'com.runwaysdk.system.metadata.BusinessInheritance', '2017-06-12 23:54:42', 'www.runwaysdk.com', '000000000000000000000000000000100060', 4869, 'com.runwaysdk.system.metadata.MathOperator', NULL, NULL, '2017-06-12 23:54:42', '000000000000000000000000000000100060', '000000000000000000000000000002060058', 'iqumzzbqjmhyxor5e94ff0tpvop4msec0058');


INSERT INTO md_attribute_indicies (set_id, item_id)  VALUES  ('qyhj674e14o45ube3kaqh1cu5lsqk7z9', '000000000000000000000000000004090085');
INSERT INTO visibilitymodifier (set_id, item_id)  VALUES  ('2ghro9gj8mfeq1gxazm0vhv05zjh1hif', '20071109NM00000000000000000000050113');
INSERT INTO visibilitymodifier (set_id, item_id)  VALUES  ('77jt1fjb5lkvm5yvxfn5wofyy1k7kq1a', '20071109NM00000000000000000000050113');
INSERT INTO metadata_display_label ( key_name, oid, site_master, default_locale) VALUES ('8muuawu6rflxfux8fxjp6d0s96trqvr60287', '8muuawu6rflxfux8fxjp6d0s96trqvr60287', 'www.runwaysdk.com', 'Operator');
INSERT INTO metadata_display_label ( key_name, oid, site_master, default_locale) VALUES ('0fqqm8tnsgm52h44h6zb7risj72r3lzc0287', '0fqqm8tnsgm52h44h6zb7risj72r3lzc0287', 'www.runwaysdk.com', NULL);
INSERT INTO md_attribute_character ( default_value, database_size, oid) VALUES (NULL, 1, 'itkw7ntewl174q8ywlpwhpfrkn831zhb0067');
INSERT INTO md_attribute_char ( oid) VALUES ('itkw7ntewl174q8ywlpwhpfrkn831zhb0067');
INSERT INTO md_attribute_primitive ( is_expression, expression, oid) VALUES (0, NULL, 'itkw7ntewl174q8ywlpwhpfrkn831zhb0067');
INSERT INTO md_attribute_concrete ( defining_md_class, column_name, index_type, index_type_c, attribute_name, getter_visibility, getter_visibility_c, system, index_name, setter_visibility, setter_visibility_c, required, generate_accessor, display_label, immutable, oid) VALUES ('iqumzzbqjmhyxor5e94ff0tpvop4msec0058', 'operator_symbol', 'qyhj674e14o45ube3kaqh1cu5lsqk7z9', '000000000000000000000000000004090085', 'operatorSymbol', '2ghro9gj8mfeq1gxazm0vhv05zjh1hif', '20071109NM00000000000000000000050113', 0, 'ansv7i5haccr6avp4h8yt119gnwgxt', '77jt1fjb5lkvm5yvxfn5wofyy1k7kq1a', '20071109NM00000000000000000000050113', 1, 1, '8muuawu6rflxfux8fxjp6d0s96trqvr60287', 0, 'itkw7ntewl174q8ywlpwhpfrkn831zhb0067');
INSERT INTO md_attribute ( oid) VALUES ('itkw7ntewl174q8ywlpwhpfrkn831zhb0067');
INSERT INTO metadata ( create_date, seq, type, created_by, last_update_date, last_updated_by, description, locked_by, remove, owner, entity_domain, oid, key_name, site_master) VALUES ('2017-06-12 23:54:42', 4870, 'com.runwaysdk.system.metadata.MdAttributeCharacter', '000000000000000000000000000000100060', '2017-06-12 23:54:42', '000000000000000000000000000000100060', '0fqqm8tnsgm52h44h6zb7risj72r3lzc0287', NULL, 0, '000000000000000000000000000000100060', NULL, 'itkw7ntewl174q8ywlpwhpfrkn831zhb0067', 'com.runwaysdk.system.metadata.MathOperator.operatorSymbol', 'www.runwaysdk.com');
ALTER TABLE math_operator ADD COLUMN operator_symbol  varchar(1);
INSERT INTO class_attribute_concrete ( oid, parent_oid, child_oid) VALUES ('itkw7ntewl174q8ywlpwhpfrkn831zhb0245', 'iqumzzbqjmhyxor5e94ff0tpvop4msec0058', 'itkw7ntewl174q8ywlpwhpfrkn831zhb0067');
INSERT INTO class_attribute ( oid, parent_oid, child_oid) VALUES ('itkw7ntewl174q8ywlpwhpfrkn831zhb0245', 'iqumzzbqjmhyxor5e94ff0tpvop4msec0058', 'itkw7ntewl174q8ywlpwhpfrkn831zhb0067');
INSERT INTO metadata_relationship ( oid, created_by, type, last_update_date, site_master, owner, seq, key_name, entity_domain, locked_by, create_date, last_updated_by, parent_oid, child_oid) VALUES ('itkw7ntewl174q8ywlpwhpfrkn831zhb0245', '000000000000000000000000000000100060', 'com.runwaysdk.system.metadata.ClassAttributeConcrete', '2017-06-12 23:54:42', 'www.runwaysdk.com', '000000000000000000000000000000100060', 4871, 'com.runwaysdk.system.metadata.MathOperator.operatorSymbol', NULL, NULL, '2017-06-12 23:54:42', '000000000000000000000000000000100060', 'iqumzzbqjmhyxor5e94ff0tpvop4msec0058', 'itkw7ntewl174q8ywlpwhpfrkn831zhb0067');
CREATE UNIQUE INDEX ansv7i5haccr6avp4h8yt119gnwgxt ON math_operator (operator_symbol);
INSERT INTO metadata_display_label ( key_name, oid, site_master, default_locale) VALUES ('1vi31uq8bvg3be1cmdek2i9umewjh4u70287', '1vi31uq8bvg3be1cmdek2i9umewjh4u70287', 'www.runwaysdk.com', 'California');
INSERT INTO math_operator ( operator_symbol, oid) VALUES ('/', 'fe079d1e-1ccc-3bd4-ad4d-26972bc60237');
INSERT INTO enumeration_master ( site_master, last_updated_by, owner, locked_by, key_name, type, enum_name, display_label, oid, last_update_date, create_date, created_by, entity_domain, seq) VALUES ('www.runwaysdk.com', '000000000000000000000000000000100060', '000000000000000000000000000000100060', NULL, 'com.runwaysdk.system.metadata.MathOperator.DIV', 'com.runwaysdk.system.metadata.MathOperator', 'DIV', '1vi31uq8bvg3be1cmdek2i9umewjh4u70287', 'fe079d1e-1ccc-3bd4-ad4d-26972bc60237', '2017-06-12 23:54:42', '2017-06-12 23:54:42', '000000000000000000000000000000100060', NULL, 4872);


INSERT INTO metadata_display_label ( key_name, oid, site_master, default_locale) VALUES ('qtcd1gu779vto4b3wk3x9btmoe0z8aem0287', 'qtcd1gu779vto4b3wk3x9btmoe0z8aem0287', 'www.runwaysdk.com', 'Indicator Operator');
INSERT INTO metadata_display_label ( key_name, oid, site_master, default_locale) VALUES ('0fm1xl4wlmixhak4ozbahpjw12tkypqd0287', '0fm1xl4wlmixhak4ozbahpjw12tkypqd0287', 'www.runwaysdk.com', 'Indicator Operator Enumeration');
INSERT INTO md_enumeration ( master_md_business, table_name, include_all, oid) VALUES ('iqumzzbqjmhyxor5e94ff0tpvop4msec0058', 'indicator_operator', 1, 'i1p4wlz5q43qzcm2962gevo9gt62d4nt0075');
INSERT INTO md_type ( type_name, js_stub, display_label, exported, generate_source, js_base, base_source, package_name, root_id, dto_source, oid) VALUES ('IndicatorOperator', NULL, 'qtcd1gu779vto4b3wk3x9btmoe0z8aem0287', 1, 1, NULL, NULL, 'com.runwaysdk.system.metadata', 'i1p4wlz5q43qzcm2962gevo9gt62d4nt', NULL, 'i1p4wlz5q43qzcm2962gevo9gt62d4nt0075');
INSERT INTO metadata ( create_date, seq, type, created_by, last_update_date, last_updated_by, description, locked_by, remove, owner, entity_domain, oid, key_name, site_master) VALUES ('2017-06-12 23:54:42', 4873, 'com.runwaysdk.system.metadata.MdEnumeration', '000000000000000000000000000000100060', '2017-06-12 23:54:42', '000000000000000000000000000000100060', '0fm1xl4wlmixhak4ozbahpjw12tkypqd0287', NULL, 0, '000000000000000000000000000000100060', NULL, 'i1p4wlz5q43qzcm2962gevo9gt62d4nt0075', 'com.runwaysdk.system.metadata.IndicatorOperator', 'www.runwaysdk.com');
INSERT INTO enumeration_attribute ( oid, parent_oid, child_oid) VALUES ('60301f5b-7b49-3c07-b129-2d1420c70246', 'iqumzzbqjmhyxor5e94ff0tpvop4msec0058', 'i1p4wlz5q43qzcm2962gevo9gt62d4nt0075');
INSERT INTO metadata_relationship ( oid, created_by, type, last_update_date, site_master, owner, seq, key_name, entity_domain, locked_by, create_date, last_updated_by, parent_oid, child_oid) VALUES ('60301f5b-7b49-3c07-b129-2d1420c70246', '000000000000000000000000000000100060', 'com.runwaysdk.system.metadata.EnumerationAttribute', '2017-06-12 23:54:42', 'www.runwaysdk.com', '000000000000000000000000000000100060', 4874, 'com.runwaysdk.system.metadata.IndicatorOperator', NULL, NULL, '2017-06-12 23:54:42', '000000000000000000000000000000100060', 'iqumzzbqjmhyxor5e94ff0tpvop4msec0058', 'i1p4wlz5q43qzcm2962gevo9gt62d4nt0075');
CREATE TABLE indicator_operator 
(set_id                CHAR(32) NOT NULL, 
item_id CHAR(64) NOT NULL);
CREATE UNIQUE INDEX ai1p4wlz5q43qzcm2962gevo9gt62d ON indicator_operator (set_id, item_id);
INSERT INTO enumeration_attribute_item ( oid, parent_oid, child_oid) VALUES ('i0wdnbo5wd0mgugci1ahax4hvh9so3yf0247', 'i1p4wlz5q43qzcm2962gevo9gt62d4nt0075', 'fe079d1e-1ccc-3bd4-ad4d-26972bc60237');
INSERT INTO metadata_relationship ( oid, created_by, type, last_update_date, site_master, owner, seq, key_name, entity_domain, locked_by, create_date, last_updated_by, parent_oid, child_oid) VALUES ('i0wdnbo5wd0mgugci1ahax4hvh9so3yf0247', '000000000000000000000000000000100060', 'com.runwaysdk.system.metadata.EnumerationAttributeItem', '2017-06-12 23:54:42', 'www.runwaysdk.com', '000000000000000000000000000000100060', 4875, 'com.runwaysdk.system.metadata.IndicatorOperator.DIV', NULL, NULL, '2017-06-12 23:54:42', '000000000000000000000000000000100060', 'i1p4wlz5q43qzcm2962gevo9gt62d4nt0075', 'fe079d1e-1ccc-3bd4-ad4d-26972bc60237');


INSERT INTO class_cache (set_id, item_id)  VALUES  ('snte1b7tt4h47d5ytz5l44tsb9jhv910', '000000000000000000000000000002300077');
INSERT INTO metadata_display_label ( key_name, oid, site_master, default_locale) VALUES ('0s4qzzki2ii4kt8jtcqwbx4z8ptjkdav0287', '0s4qzzki2ii4kt8jtcqwbx4z8ptjkdav0287', 'www.runwaysdk.com', 'Indicator Element');
INSERT INTO metadata_display_label ( key_name, oid, site_master, default_locale) VALUES ('8kqfa1ztedhazxpz1fi1pcmm23xrkikc0287', '8kqfa1ztedhazxpz1fi1pcmm23xrkikc0287', 'www.runwaysdk.com', 'An abstract class representing components that make up an indicator definition. This is the abstract class in the composite pattern.');
INSERT INTO md_business ( super_md_business, cache_algorithm, cache_algorithm_c, oid) VALUES (NULL, 'snte1b7tt4h47d5ytz5l44tsb9jhv910', '000000000000000000000000000002300077', 'in5q49sp4ysp566txfog13xfvpjpjrnb0058');
INSERT INTO md_element ( is_abstract, extendable, oid) VALUES (1, 1, 'in5q49sp4ysp566txfog13xfvpjpjrnb0058');
INSERT INTO md_entity ( cache_size, query_dto_source, has_deterministic_ids, enforce_site_master, query_source, table_name, oid) VALUES (0, NULL, 1, 1, NULL, 'indicator_element', 'in5q49sp4ysp566txfog13xfvpjpjrnb0058');
INSERT INTO md_class ( stub_source, publish, stub_dto_source, oid) VALUES (NULL, 1, NULL, 'in5q49sp4ysp566txfog13xfvpjpjrnb0058');
INSERT INTO md_type ( type_name, js_stub, display_label, exported, generate_source, js_base, base_source, package_name, root_id, dto_source, oid) VALUES ('IndicatorElement', NULL, '0s4qzzki2ii4kt8jtcqwbx4z8ptjkdav0287', 1, 1, NULL, NULL, 'com.runwaysdk.system.metadata', 'in5q49sp4ysp566txfog13xfvpjpjrnb', NULL, 'in5q49sp4ysp566txfog13xfvpjpjrnb0058');
INSERT INTO metadata ( create_date, seq, type, created_by, last_update_date, last_updated_by, description, locked_by, remove, owner, entity_domain, oid, key_name, site_master) VALUES ('2017-06-12 23:54:42', 4876, 'com.runwaysdk.system.metadata.MdBusiness', '000000000000000000000000000000100060', '2017-06-12 23:54:42', '000000000000000000000000000000100060', '8kqfa1ztedhazxpz1fi1pcmm23xrkikc0287', NULL, 0, '000000000000000000000000000000100060', NULL, 'in5q49sp4ysp566txfog13xfvpjpjrnb0058', 'com.runwaysdk.system.metadata.IndicatorElement', 'www.runwaysdk.com');
CREATE TABLE indicator_element ( oid CHAR(64) NOT NULL PRIMARY KEY );
INSERT INTO md_attribute_indicies (set_id, item_id)  VALUES  ('1t9u1dny20sdw9g47xe287nsi2dbmbc1', '000000000000000000000000000004090085');
INSERT INTO visibilitymodifier (set_id, item_id)  VALUES  ('0ixlq3mms5bsfmcr0tcu9mxkdx2ma5ps', '20071109NM00000000000000000000050113');
INSERT INTO visibilitymodifier (set_id, item_id)  VALUES  ('2hc140cer4nxh4oda91muqkmh673974n', '20071109NM00000000000000000000050113');
INSERT INTO metadata_display_label ( key_name, oid, site_master, default_locale) VALUES ('spsxb6qc0knlb3y8qwlg97de46lyqifw0287', 'spsxb6qc0knlb3y8qwlg97de46lyqifw0287', 'www.runwaysdk.com', 'ID');
INSERT INTO metadata_display_label ( key_name, oid, site_master, default_locale) VALUES ('73rfybhmss4k2itr6vanzjrwxh5kfg7k0287', '73rfybhmss4k2itr6vanzjrwxh5kfg7k0287', 'www.runwaysdk.com', 'ID of this object');
INSERT INTO md_attribute_character ( default_value, database_size, oid) VALUES (NULL, 64, 'ipba0cmc3fdydpx67q9o9nxetmwe33d80067');
INSERT INTO md_attribute_char ( oid) VALUES ('ipba0cmc3fdydpx67q9o9nxetmwe33d80067');
INSERT INTO md_attribute_primitive ( is_expression, expression, oid) VALUES (0, NULL, 'ipba0cmc3fdydpx67q9o9nxetmwe33d80067');
INSERT INTO md_attribute_concrete ( defining_md_class, column_name, index_type, index_type_c, attribute_name, getter_visibility, getter_visibility_c, system, index_name, setter_visibility, setter_visibility_c, required, generate_accessor, display_label, immutable, oid) VALUES ('in5q49sp4ysp566txfog13xfvpjpjrnb0058', 'oid', '1t9u1dny20sdw9g47xe287nsi2dbmbc1', '000000000000000000000000000004090085', 'oid', '0ixlq3mms5bsfmcr0tcu9mxkdx2ma5ps', '20071109NM00000000000000000000050113', 1, 'a72kmdacapgul3bmm4f5oq7krx3278', '2hc140cer4nxh4oda91muqkmh673974n', '20071109NM00000000000000000000050113', 1, 1, 'spsxb6qc0knlb3y8qwlg97de46lyqifw0287', 0, 'ipba0cmc3fdydpx67q9o9nxetmwe33d80067');
INSERT INTO md_attribute ( oid) VALUES ('ipba0cmc3fdydpx67q9o9nxetmwe33d80067');
INSERT INTO metadata ( create_date, seq, type, created_by, last_update_date, last_updated_by, description, locked_by, remove, owner, entity_domain, oid, key_name, site_master) VALUES ('2017-06-12 23:54:42', 4877, 'com.runwaysdk.system.metadata.MdAttributeCharacter', '000000000000000000000000000000100060', '2017-06-12 23:54:42', '000000000000000000000000000000100060', '73rfybhmss4k2itr6vanzjrwxh5kfg7k0287', NULL, 0, '000000000000000000000000000000100060', NULL, 'ipba0cmc3fdydpx67q9o9nxetmwe33d80067', 'com.runwaysdk.system.metadata.IndicatorElement.oid', 'www.runwaysdk.com');
INSERT INTO class_attribute_concrete ( oid, parent_oid, child_oid) VALUES ('ipba0cmc3fdydpx67q9o9nxetmwe33d80245', 'in5q49sp4ysp566txfog13xfvpjpjrnb0058', 'ipba0cmc3fdydpx67q9o9nxetmwe33d80067');
INSERT INTO class_attribute ( oid, parent_oid, child_oid) VALUES ('ipba0cmc3fdydpx67q9o9nxetmwe33d80245', 'in5q49sp4ysp566txfog13xfvpjpjrnb0058', 'ipba0cmc3fdydpx67q9o9nxetmwe33d80067');
INSERT INTO metadata_relationship ( oid, created_by, type, last_update_date, site_master, owner, seq, key_name, entity_domain, locked_by, create_date, last_updated_by, parent_oid, child_oid) VALUES ('ipba0cmc3fdydpx67q9o9nxetmwe33d80245', '000000000000000000000000000000100060', 'com.runwaysdk.system.metadata.ClassAttributeConcrete', '2017-06-12 23:54:42', 'www.runwaysdk.com', '000000000000000000000000000000100060', 4878, 'com.runwaysdk.system.metadata.IndicatorElement.oid', NULL, NULL, '2017-06-12 23:54:42', '000000000000000000000000000000100060', 'in5q49sp4ysp566txfog13xfvpjpjrnb0058', 'ipba0cmc3fdydpx67q9o9nxetmwe33d80067');
INSERT INTO md_attribute_indicies (set_id, item_id)  VALUES  ('1q22lxfp8td4diju4mb2rmfvpr5xm8mg', '000000000000000000000000000004090085');
INSERT INTO visibilitymodifier (set_id, item_id)  VALUES  ('1u3je43hfan3443yshiqig97xp6zkd6w', '20071109NM00000000000000000000050113');
INSERT INTO visibilitymodifier (set_id, item_id)  VALUES  ('0kd0nugcb1wwyyk48gnw6al3r9ydbbx3', '20071109NM00000000000000000000050113');
INSERT INTO metadata_display_label ( key_name, oid, site_master, default_locale) VALUES ('7en263up1toza8svqr7i13xja8ciabb40287', '7en263up1toza8svqr7i13xja8ciabb40287', 'www.runwaysdk.com', 'Key Name');
INSERT INTO metadata_display_label ( key_name, oid, site_master, default_locale) VALUES ('xueuxu0pjfux9plh4q6ttbcbudkdkkus0287', 'xueuxu0pjfux9plh4q6ttbcbudkdkkus0287', 'www.runwaysdk.com', 'Key which uniquely identifies each instance of this type heirarchy.');
INSERT INTO md_attribute_character ( default_value, database_size, oid) VALUES (NULL, 255, 'i0mov621urbpkbkwmotbkvmiduarbmbc0067');
INSERT INTO md_attribute_char ( oid) VALUES ('i0mov621urbpkbkwmotbkvmiduarbmbc0067');
INSERT INTO md_attribute_primitive ( is_expression, expression, oid) VALUES (0, NULL, 'i0mov621urbpkbkwmotbkvmiduarbmbc0067');
INSERT INTO md_attribute_concrete ( defining_md_class, column_name, index_type, index_type_c, attribute_name, getter_visibility, getter_visibility_c, system, index_name, setter_visibility, setter_visibility_c, required, generate_accessor, display_label, immutable, oid) VALUES ('in5q49sp4ysp566txfog13xfvpjpjrnb0058', 'key_name', '1q22lxfp8td4diju4mb2rmfvpr5xm8mg', '000000000000000000000000000004090085', 'keyName', '1u3je43hfan3443yshiqig97xp6zkd6w', '20071109NM00000000000000000000050113', 0, 'aoj7d2lfifgyimkxbyxjz05zumhz2o', '0kd0nugcb1wwyyk48gnw6al3r9ydbbx3', '20071109NM00000000000000000000050113', 1, 1, '7en263up1toza8svqr7i13xja8ciabb40287', 0, 'i0mov621urbpkbkwmotbkvmiduarbmbc0067');
INSERT INTO md_attribute ( oid) VALUES ('i0mov621urbpkbkwmotbkvmiduarbmbc0067');
INSERT INTO metadata ( create_date, seq, type, created_by, last_update_date, last_updated_by, description, locked_by, remove, owner, entity_domain, oid, key_name, site_master) VALUES ('2017-06-12 23:54:42', 4879, 'com.runwaysdk.system.metadata.MdAttributeCharacter', '000000000000000000000000000000100060', '2017-06-12 23:54:42', '000000000000000000000000000000100060', 'xueuxu0pjfux9plh4q6ttbcbudkdkkus0287', NULL, 1, '000000000000000000000000000000100060', NULL, 'i0mov621urbpkbkwmotbkvmiduarbmbc0067', 'com.runwaysdk.system.metadata.IndicatorElement.keyName', 'www.runwaysdk.com');
ALTER TABLE indicator_element ADD COLUMN key_name  varchar(255);
INSERT INTO class_attribute_concrete ( oid, parent_oid, child_oid) VALUES ('i0mov621urbpkbkwmotbkvmiduarbmbc0245', 'in5q49sp4ysp566txfog13xfvpjpjrnb0058', 'i0mov621urbpkbkwmotbkvmiduarbmbc0067');
INSERT INTO class_attribute ( oid, parent_oid, child_oid) VALUES ('i0mov621urbpkbkwmotbkvmiduarbmbc0245', 'in5q49sp4ysp566txfog13xfvpjpjrnb0058', 'i0mov621urbpkbkwmotbkvmiduarbmbc0067');
INSERT INTO metadata_relationship ( oid, created_by, type, last_update_date, site_master, owner, seq, key_name, entity_domain, locked_by, create_date, last_updated_by, parent_oid, child_oid) VALUES ('i0mov621urbpkbkwmotbkvmiduarbmbc0245', '000000000000000000000000000000100060', 'com.runwaysdk.system.metadata.ClassAttributeConcrete', '2017-06-12 23:54:42', 'www.runwaysdk.com', '000000000000000000000000000000100060', 4880, 'com.runwaysdk.system.metadata.IndicatorElement.keyName', NULL, NULL, '2017-06-12 23:54:42', '000000000000000000000000000000100060', 'in5q49sp4ysp566txfog13xfvpjpjrnb0058', 'i0mov621urbpkbkwmotbkvmiduarbmbc0067');
CREATE UNIQUE INDEX aoj7d2lfifgyimkxbyxjz05zumhz2o ON indicator_element (key_name);
INSERT INTO md_attribute_indicies (set_id, item_id)  VALUES  ('sv8zn7mjwnzryelcu3xxyu1stccsreud', '000000000000000000000000000004010085');
INSERT INTO visibilitymodifier (set_id, item_id)  VALUES  ('zgzww0n1lwhlwdw1w3dq67mn8e1ucqxj', '20071109NM00000000000000000000050113');
INSERT INTO visibilitymodifier (set_id, item_id)  VALUES  ('zma397rz3a481d5gh9mh97n9ifi55qer', '20071109NM00000000000000000000050113');
INSERT INTO metadata_display_label ( key_name, oid, site_master, default_locale) VALUES ('xef6e1vkk7euj4cxw23ezsp809fagxi50287', 'xef6e1vkk7euj4cxw23ezsp809fagxi50287', 'www.runwaysdk.com', 'Site Master');
INSERT INTO metadata_display_label ( key_name, oid, site_master, default_locale) VALUES ('xhy3x0e49um7pte63u35l4rhb18zvuo70287', 'xhy3x0e49um7pte63u35l4rhb18zvuo70287', 'www.runwaysdk.com', 'The name of the site responsible for this object');
INSERT INTO md_attribute_character ( default_value, database_size, oid) VALUES (NULL, 255, 'i68lgzqo6qn32ziup3nslwykxcp7qset0067');
INSERT INTO md_attribute_char ( oid) VALUES ('i68lgzqo6qn32ziup3nslwykxcp7qset0067');
INSERT INTO md_attribute_primitive ( is_expression, expression, oid) VALUES (0, NULL, 'i68lgzqo6qn32ziup3nslwykxcp7qset0067');
INSERT INTO md_attribute_concrete ( defining_md_class, column_name, index_type, index_type_c, attribute_name, getter_visibility, getter_visibility_c, system, index_name, setter_visibility, setter_visibility_c, required, generate_accessor, display_label, immutable, oid) VALUES ('in5q49sp4ysp566txfog13xfvpjpjrnb0058', 'site_master', 'sv8zn7mjwnzryelcu3xxyu1stccsreud', '000000000000000000000000000004010085', 'siteMaster', 'zgzww0n1lwhlwdw1w3dq67mn8e1ucqxj', '20071109NM00000000000000000000050113', 1, 'aeu3wl1rapu4qc2a9zor9ymqcebt2f', 'zma397rz3a481d5gh9mh97n9ifi55qer', '20071109NM00000000000000000000050113', 1, 1, 'xef6e1vkk7euj4cxw23ezsp809fagxi50287', 1, 'i68lgzqo6qn32ziup3nslwykxcp7qset0067');
INSERT INTO md_attribute ( oid) VALUES ('i68lgzqo6qn32ziup3nslwykxcp7qset0067');
INSERT INTO metadata ( create_date, seq, type, created_by, last_update_date, last_updated_by, description, locked_by, remove, owner, entity_domain, oid, key_name, site_master) VALUES ('2017-06-12 23:54:42', 4881, 'com.runwaysdk.system.metadata.MdAttributeCharacter', '000000000000000000000000000000100060', '2017-06-12 23:54:42', '000000000000000000000000000000100060', 'xhy3x0e49um7pte63u35l4rhb18zvuo70287', NULL, 0, '000000000000000000000000000000100060', NULL, 'i68lgzqo6qn32ziup3nslwykxcp7qset0067', 'com.runwaysdk.system.metadata.IndicatorElement.siteMaster', 'www.runwaysdk.com');
ALTER TABLE indicator_element ADD COLUMN site_master  varchar(255);
INSERT INTO class_attribute_concrete ( oid, parent_oid, child_oid) VALUES ('i68lgzqo6qn32ziup3nslwykxcp7qset0245', 'in5q49sp4ysp566txfog13xfvpjpjrnb0058', 'i68lgzqo6qn32ziup3nslwykxcp7qset0067');
INSERT INTO class_attribute ( oid, parent_oid, child_oid) VALUES ('i68lgzqo6qn32ziup3nslwykxcp7qset0245', 'in5q49sp4ysp566txfog13xfvpjpjrnb0058', 'i68lgzqo6qn32ziup3nslwykxcp7qset0067');
INSERT INTO metadata_relationship ( oid, created_by, type, last_update_date, site_master, owner, seq, key_name, entity_domain, locked_by, create_date, last_updated_by, parent_oid, child_oid) VALUES ('i68lgzqo6qn32ziup3nslwykxcp7qset0245', '000000000000000000000000000000100060', 'com.runwaysdk.system.metadata.ClassAttributeConcrete', '2017-06-12 23:54:42', 'www.runwaysdk.com', '000000000000000000000000000000100060', 4882, 'com.runwaysdk.system.metadata.IndicatorElement.siteMaster', NULL, NULL, '2017-06-12 23:54:42', '000000000000000000000000000000100060', 'in5q49sp4ysp566txfog13xfvpjpjrnb0058', 'i68lgzqo6qn32ziup3nslwykxcp7qset0067');
INSERT INTO md_attribute_indicies (set_id, item_id)  VALUES  ('1rkh10p7nni9bdo4k01qmnnio4zlevb6', '000000000000000000000000000004000085');
INSERT INTO visibilitymodifier (set_id, item_id)  VALUES  ('0gky5hlxyydnepcr0oui8um6gma3m3ii', '20071109NM00000000000000000000050113');
INSERT INTO visibilitymodifier (set_id, item_id)  VALUES  ('0c269aa69o89qcj4w0sbieih2sfuat2g', '20071109NM00000000000000000000050113');
INSERT INTO metadata_display_label ( key_name, oid, site_master, default_locale) VALUES ('scwpweqqla8j7wgkniilaar56pnxwut80287', 'scwpweqqla8j7wgkniilaar56pnxwut80287', 'www.runwaysdk.com', 'Entity Domain');
INSERT INTO metadata_display_label ( key_name, oid, site_master, default_locale) VALUES ('xxho70kmqwoz0ds2d8o05tfwy2h10a8a0287', 'xxho70kmqwoz0ds2d8o05tfwy2h10a8a0287', 'www.runwaysdk.com', 'The Domain of this entity');
INSERT INTO md_attribute_reference ( default_value, md_business, oid) VALUES (NULL, 'NM2008101100000000000000000001110058', 'ic2olfs57ysfori72jla34xrfiwu66ru0218');
INSERT INTO md_attribute_ref ( oid) VALUES ('ic2olfs57ysfori72jla34xrfiwu66ru0218');
INSERT INTO md_attribute_concrete ( defining_md_class, column_name, index_type, index_type_c, attribute_name, getter_visibility, getter_visibility_c, system, index_name, setter_visibility, setter_visibility_c, required, generate_accessor, display_label, immutable, oid) VALUES ('in5q49sp4ysp566txfog13xfvpjpjrnb0058', 'entity_domain', '1rkh10p7nni9bdo4k01qmnnio4zlevb6', '000000000000000000000000000004000085', 'entityDomain', '0gky5hlxyydnepcr0oui8um6gma3m3ii', '20071109NM00000000000000000000050113', 0, 'a0p6mh394cf9zpy9ywn01o91e0e52k', '0c269aa69o89qcj4w0sbieih2sfuat2g', '20071109NM00000000000000000000050113', 0, 1, 'scwpweqqla8j7wgkniilaar56pnxwut80287', 0, 'ic2olfs57ysfori72jla34xrfiwu66ru0218');
INSERT INTO md_attribute ( oid) VALUES ('ic2olfs57ysfori72jla34xrfiwu66ru0218');
INSERT INTO metadata ( create_date, seq, type, created_by, last_update_date, last_updated_by, description, locked_by, remove, owner, entity_domain, oid, key_name, site_master) VALUES ('2017-06-12 23:54:42', 4883, 'com.runwaysdk.system.metadata.MdAttributeReference', '000000000000000000000000000000100060', '2017-06-12 23:54:42', '000000000000000000000000000000100060', 'xxho70kmqwoz0ds2d8o05tfwy2h10a8a0287', NULL, 1, '000000000000000000000000000000100060', NULL, 'ic2olfs57ysfori72jla34xrfiwu66ru0218', 'com.runwaysdk.system.metadata.IndicatorElement.entityDomain', 'www.runwaysdk.com');
ALTER TABLE indicator_element ADD COLUMN entity_domain  char(64);
INSERT INTO class_attribute_concrete ( oid, parent_oid, child_oid) VALUES ('ic2olfs57ysfori72jla34xrfiwu66ru0245', 'in5q49sp4ysp566txfog13xfvpjpjrnb0058', 'ic2olfs57ysfori72jla34xrfiwu66ru0218');
INSERT INTO class_attribute ( oid, parent_oid, child_oid) VALUES ('ic2olfs57ysfori72jla34xrfiwu66ru0245', 'in5q49sp4ysp566txfog13xfvpjpjrnb0058', 'ic2olfs57ysfori72jla34xrfiwu66ru0218');
INSERT INTO metadata_relationship ( oid, created_by, type, last_update_date, site_master, owner, seq, key_name, entity_domain, locked_by, create_date, last_updated_by, parent_oid, child_oid) VALUES ('ic2olfs57ysfori72jla34xrfiwu66ru0245', '000000000000000000000000000000100060', 'com.runwaysdk.system.metadata.ClassAttributeConcrete', '2017-06-12 23:54:42', 'www.runwaysdk.com', '000000000000000000000000000000100060', 4884, 'com.runwaysdk.system.metadata.IndicatorElement.entityDomain', NULL, NULL, '2017-06-12 23:54:42', '000000000000000000000000000000100060', 'in5q49sp4ysp566txfog13xfvpjpjrnb0058', 'ic2olfs57ysfori72jla34xrfiwu66ru0218');
INSERT INTO md_attribute_indicies (set_id, item_id)  VALUES  ('1u8att98lnui23sasg3a2wczq9qybmla', '000000000000000000000000000004010085');
INSERT INTO visibilitymodifier (set_id, item_id)  VALUES  ('z0p2ioxb590qrwyud4zzpizkdqjtg8ly', '20071109NM00000000000000000000050113');
INSERT INTO visibilitymodifier (set_id, item_id)  VALUES  ('2d5zalk93ifno3j0h2mm2sh3en5ilmar', '20071109NM00000000000000000000050113');
INSERT INTO metadata_display_label ( key_name, oid, site_master, default_locale) VALUES ('ze8y92rg4enb57esfsblz3px21p4colz0287', 'ze8y92rg4enb57esfsblz3px21p4colz0287', 'www.runwaysdk.com', 'Create Date');
INSERT INTO metadata_display_label ( key_name, oid, site_master, default_locale) VALUES ('0damjfe4f9qyy55txnlohw7ns5ahihmz0287', '0damjfe4f9qyy55txnlohw7ns5ahihmz0287', 'www.runwaysdk.com', 'Date and time this record was created');
INSERT INTO md_attribute_datetime ( default_value, oid) VALUES (NULL, 'iof28bfn8jlmobjolw6f4z1bxwoeb09x0082');
INSERT INTO md_attribute_moment ( oid) VALUES ('iof28bfn8jlmobjolw6f4z1bxwoeb09x0082');
INSERT INTO md_attribute_primitive ( is_expression, expression, oid) VALUES (0, NULL, 'iof28bfn8jlmobjolw6f4z1bxwoeb09x0082');
INSERT INTO md_attribute_concrete ( defining_md_class, column_name, index_type, index_type_c, attribute_name, getter_visibility, getter_visibility_c, system, index_name, setter_visibility, setter_visibility_c, required, generate_accessor, display_label, immutable, oid) VALUES ('in5q49sp4ysp566txfog13xfvpjpjrnb0058', 'create_date', '1u8att98lnui23sasg3a2wczq9qybmla', '000000000000000000000000000004010085', 'createDate', 'z0p2ioxb590qrwyud4zzpizkdqjtg8ly', '20071109NM00000000000000000000050113', 1, 'atvvbiwge45wk95nmqxwvzhh4adtvx', '2d5zalk93ifno3j0h2mm2sh3en5ilmar', '20071109NM00000000000000000000050113', 1, 1, 'ze8y92rg4enb57esfsblz3px21p4colz0287', 0, 'iof28bfn8jlmobjolw6f4z1bxwoeb09x0082');
INSERT INTO md_attribute ( oid) VALUES ('iof28bfn8jlmobjolw6f4z1bxwoeb09x0082');
INSERT INTO metadata ( create_date, seq, type, created_by, last_update_date, last_updated_by, description, locked_by, remove, owner, entity_domain, oid, key_name, site_master) VALUES ('2017-06-12 23:54:42', 4885, 'com.runwaysdk.system.metadata.MdAttributeDateTime', '000000000000000000000000000000100060', '2017-06-12 23:54:42', '000000000000000000000000000000100060', '0damjfe4f9qyy55txnlohw7ns5ahihmz0287', NULL, 0, '000000000000000000000000000000100060', NULL, 'iof28bfn8jlmobjolw6f4z1bxwoeb09x0082', 'com.runwaysdk.system.metadata.IndicatorElement.createDate', 'www.runwaysdk.com');
ALTER TABLE indicator_element ADD COLUMN create_date  timestamp;
INSERT INTO class_attribute_concrete ( oid, parent_oid, child_oid) VALUES ('iof28bfn8jlmobjolw6f4z1bxwoeb09x0245', 'in5q49sp4ysp566txfog13xfvpjpjrnb0058', 'iof28bfn8jlmobjolw6f4z1bxwoeb09x0082');
INSERT INTO class_attribute ( oid, parent_oid, child_oid) VALUES ('iof28bfn8jlmobjolw6f4z1bxwoeb09x0245', 'in5q49sp4ysp566txfog13xfvpjpjrnb0058', 'iof28bfn8jlmobjolw6f4z1bxwoeb09x0082');
INSERT INTO metadata_relationship ( oid, created_by, type, last_update_date, site_master, owner, seq, key_name, entity_domain, locked_by, create_date, last_updated_by, parent_oid, child_oid) VALUES ('iof28bfn8jlmobjolw6f4z1bxwoeb09x0245', '000000000000000000000000000000100060', 'com.runwaysdk.system.metadata.ClassAttributeConcrete', '2017-06-12 23:54:42', 'www.runwaysdk.com', '000000000000000000000000000000100060', 4886, 'com.runwaysdk.system.metadata.IndicatorElement.createDate', NULL, NULL, '2017-06-12 23:54:42', '000000000000000000000000000000100060', 'in5q49sp4ysp566txfog13xfvpjpjrnb0058', 'iof28bfn8jlmobjolw6f4z1bxwoeb09x0082');
INSERT INTO md_attribute_indicies (set_id, item_id)  VALUES  ('y1h3u3u42mge4h7axntxev9bo2tlyhc7', '000000000000000000000000000004010085');
INSERT INTO visibilitymodifier (set_id, item_id)  VALUES  ('z0phwtc9s5ncgxaoueiuy6qzxb2mhkp6', '20071109NM00000000000000000000050113');
INSERT INTO visibilitymodifier (set_id, item_id)  VALUES  ('z5xxcfkfm8k9h8u1wyhlc01kq36ib9jf', '20071109NM00000000000000000000050113');
INSERT INTO metadata_display_label ( key_name, oid, site_master, default_locale) VALUES ('07i78n3deklkgce08g9z924yvo4937720287', '07i78n3deklkgce08g9z924yvo4937720287', 'www.runwaysdk.com', 'Last Update Date');
INSERT INTO metadata_display_label ( key_name, oid, site_master, default_locale) VALUES ('1spxzu3a1wu63q3dpkcdw3dgim7lhl2y0287', '1spxzu3a1wu63q3dpkcdw3dgim7lhl2y0287', 'www.runwaysdk.com', 'Date and time this record was last updated');
INSERT INTO md_attribute_datetime ( default_value, oid) VALUES (NULL, 'ieib3436x5kvy4y0p3c34xaq0bqhsxan0082');
INSERT INTO md_attribute_moment ( oid) VALUES ('ieib3436x5kvy4y0p3c34xaq0bqhsxan0082');
INSERT INTO md_attribute_primitive ( is_expression, expression, oid) VALUES (0, NULL, 'ieib3436x5kvy4y0p3c34xaq0bqhsxan0082');
INSERT INTO md_attribute_concrete ( defining_md_class, column_name, index_type, index_type_c, attribute_name, getter_visibility, getter_visibility_c, system, index_name, setter_visibility, setter_visibility_c, required, generate_accessor, display_label, immutable, oid) VALUES ('in5q49sp4ysp566txfog13xfvpjpjrnb0058', 'last_update_date', 'y1h3u3u42mge4h7axntxev9bo2tlyhc7', '000000000000000000000000000004010085', 'lastUpdateDate', 'z0phwtc9s5ncgxaoueiuy6qzxb2mhkp6', '20071109NM00000000000000000000050113', 1, 'am6sdocev4dexca4zouppqfo6o43gb', 'z5xxcfkfm8k9h8u1wyhlc01kq36ib9jf', '20071109NM00000000000000000000050113', 1, 1, '07i78n3deklkgce08g9z924yvo4937720287', 0, 'ieib3436x5kvy4y0p3c34xaq0bqhsxan0082');
INSERT INTO md_attribute ( oid) VALUES ('ieib3436x5kvy4y0p3c34xaq0bqhsxan0082');
INSERT INTO metadata ( create_date, seq, type, created_by, last_update_date, last_updated_by, description, locked_by, remove, owner, entity_domain, oid, key_name, site_master) VALUES ('2017-06-12 23:54:42', 4887, 'com.runwaysdk.system.metadata.MdAttributeDateTime', '000000000000000000000000000000100060', '2017-06-12 23:54:42', '000000000000000000000000000000100060', '1spxzu3a1wu63q3dpkcdw3dgim7lhl2y0287', NULL, 0, '000000000000000000000000000000100060', NULL, 'ieib3436x5kvy4y0p3c34xaq0bqhsxan0082', 'com.runwaysdk.system.metadata.IndicatorElement.lastUpdateDate', 'www.runwaysdk.com');
ALTER TABLE indicator_element ADD COLUMN last_update_date  timestamp;
INSERT INTO class_attribute_concrete ( oid, parent_oid, child_oid) VALUES ('ieib3436x5kvy4y0p3c34xaq0bqhsxan0245', 'in5q49sp4ysp566txfog13xfvpjpjrnb0058', 'ieib3436x5kvy4y0p3c34xaq0bqhsxan0082');
INSERT INTO class_attribute ( oid, parent_oid, child_oid) VALUES ('ieib3436x5kvy4y0p3c34xaq0bqhsxan0245', 'in5q49sp4ysp566txfog13xfvpjpjrnb0058', 'ieib3436x5kvy4y0p3c34xaq0bqhsxan0082');
INSERT INTO metadata_relationship ( oid, created_by, type, last_update_date, site_master, owner, seq, key_name, entity_domain, locked_by, create_date, last_updated_by, parent_oid, child_oid) VALUES ('ieib3436x5kvy4y0p3c34xaq0bqhsxan0245', '000000000000000000000000000000100060', 'com.runwaysdk.system.metadata.ClassAttributeConcrete', '2017-06-12 23:54:42', 'www.runwaysdk.com', '000000000000000000000000000000100060', 4888, 'com.runwaysdk.system.metadata.IndicatorElement.lastUpdateDate', NULL, NULL, '2017-06-12 23:54:42', '000000000000000000000000000000100060', 'in5q49sp4ysp566txfog13xfvpjpjrnb0058', 'ieib3436x5kvy4y0p3c34xaq0bqhsxan0082');
INSERT INTO md_attribute_indicies (set_id, item_id)  VALUES  ('zn2uxrbt1eevrn7hmpbvia6svljqmrd9', '000000000000000000000000000004000085');
INSERT INTO visibilitymodifier (set_id, item_id)  VALUES  ('sgtm306ahz9yvuzp554uvu8g2iddf2in', '20071109NM00000000000000000000050113');
INSERT INTO visibilitymodifier (set_id, item_id)  VALUES  ('xhcjsmg9ctrkblnjvzd8uvj0ds68p747', '20071109NM00000000000000000000050113');
INSERT INTO metadata_display_label ( key_name, oid, site_master, default_locale) VALUES ('qofs4h5pe27uuqynl7x7ncygttg887pa0287', 'qofs4h5pe27uuqynl7x7ncygttg887pa0287', 'www.runwaysdk.com', 'Locked By');
INSERT INTO metadata_display_label ( key_name, oid, site_master, default_locale) VALUES ('26lozxw88oxij74m3k5q84bbj3lamdqt0287', '26lozxw88oxij74m3k5q84bbj3lamdqt0287', 'www.runwaysdk.com', 'User who has a write lock on this object');
INSERT INTO md_attribute_reference ( default_value, md_business, oid) VALUES (NULL, 'JS2007072300000000000000000015600058', 'im8quu5t072nn440r1v7p3a9wl7yvm6m0218');
INSERT INTO md_attribute_ref ( oid) VALUES ('im8quu5t072nn440r1v7p3a9wl7yvm6m0218');
INSERT INTO md_attribute_concrete ( defining_md_class, column_name, index_type, index_type_c, attribute_name, getter_visibility, getter_visibility_c, system, index_name, setter_visibility, setter_visibility_c, required, generate_accessor, display_label, immutable, oid) VALUES ('in5q49sp4ysp566txfog13xfvpjpjrnb0058', 'locked_by', 'zn2uxrbt1eevrn7hmpbvia6svljqmrd9', '000000000000000000000000000004000085', 'lockedBy', 'sgtm306ahz9yvuzp554uvu8g2iddf2in', '20071109NM00000000000000000000050113', 1, 'a2gwc6vuwc5ig532sthzrny5xfvirr', 'xhcjsmg9ctrkblnjvzd8uvj0ds68p747', '20071109NM00000000000000000000050113', 0, 1, 'qofs4h5pe27uuqynl7x7ncygttg887pa0287', 0, 'im8quu5t072nn440r1v7p3a9wl7yvm6m0218');
INSERT INTO md_attribute ( oid) VALUES ('im8quu5t072nn440r1v7p3a9wl7yvm6m0218');
INSERT INTO metadata ( create_date, seq, type, created_by, last_update_date, last_updated_by, description, locked_by, remove, owner, entity_domain, oid, key_name, site_master) VALUES ('2017-06-12 23:54:42', 4889, 'com.runwaysdk.system.metadata.MdAttributeReference', '000000000000000000000000000000100060', '2017-06-12 23:54:42', '000000000000000000000000000000100060', '26lozxw88oxij74m3k5q84bbj3lamdqt0287', NULL, 0, '000000000000000000000000000000100060', NULL, 'im8quu5t072nn440r1v7p3a9wl7yvm6m0218', 'com.runwaysdk.system.metadata.IndicatorElement.lockedBy', 'www.runwaysdk.com');
ALTER TABLE indicator_element ADD COLUMN locked_by  char(64);
INSERT INTO class_attribute_concrete ( oid, parent_oid, child_oid) VALUES ('im8quu5t072nn440r1v7p3a9wl7yvm6m0245', 'in5q49sp4ysp566txfog13xfvpjpjrnb0058', 'im8quu5t072nn440r1v7p3a9wl7yvm6m0218');
INSERT INTO class_attribute ( oid, parent_oid, child_oid) VALUES ('im8quu5t072nn440r1v7p3a9wl7yvm6m0245', 'in5q49sp4ysp566txfog13xfvpjpjrnb0058', 'im8quu5t072nn440r1v7p3a9wl7yvm6m0218');
INSERT INTO metadata_relationship ( oid, created_by, type, last_update_date, site_master, owner, seq, key_name, entity_domain, locked_by, create_date, last_updated_by, parent_oid, child_oid) VALUES ('im8quu5t072nn440r1v7p3a9wl7yvm6m0245', '000000000000000000000000000000100060', 'com.runwaysdk.system.metadata.ClassAttributeConcrete', '2017-06-12 23:54:42', 'www.runwaysdk.com', '000000000000000000000000000000100060', 4890, 'com.runwaysdk.system.metadata.IndicatorElement.lockedBy', NULL, NULL, '2017-06-12 23:54:42', '000000000000000000000000000000100060', 'in5q49sp4ysp566txfog13xfvpjpjrnb0058', 'im8quu5t072nn440r1v7p3a9wl7yvm6m0218');
INSERT INTO md_attribute_indicies (set_id, item_id)  VALUES  ('qwi92d7i5kdqjx2fspusf9g5gwck86ri', '000000000000000000000000000004010085');
INSERT INTO visibilitymodifier (set_id, item_id)  VALUES  ('xicblxcmsv876oyc4mpfxud47tlyj5pj', '20071109NM00000000000000000000050113');
INSERT INTO visibilitymodifier (set_id, item_id)  VALUES  ('si69gwdx7z0xq999vm1h8njiuspukf7h', '20071109NM00000000000000000000050113');
INSERT INTO metadata_display_label ( key_name, oid, site_master, default_locale) VALUES ('xuz710py1alg0ablybg5q5c4jams0r450287', 'xuz710py1alg0ablybg5q5c4jams0r450287', 'www.runwaysdk.com', 'Type');
INSERT INTO metadata_display_label ( key_name, oid, site_master, default_locale) VALUES ('94ilsoy3d75adgocqpr77jvhhtfn695z0287', '94ilsoy3d75adgocqpr77jvhhtfn695z0287', 'www.runwaysdk.com', 'Fully qualified type of this object');
INSERT INTO md_attribute_character ( default_value, database_size, oid) VALUES (NULL, 255, 'i562w5898xqskc7xfed3i7ubwl20osl30067');
INSERT INTO md_attribute_char ( oid) VALUES ('i562w5898xqskc7xfed3i7ubwl20osl30067');
INSERT INTO md_attribute_primitive ( is_expression, expression, oid) VALUES (0, NULL, 'i562w5898xqskc7xfed3i7ubwl20osl30067');
INSERT INTO md_attribute_concrete ( defining_md_class, column_name, index_type, index_type_c, attribute_name, getter_visibility, getter_visibility_c, system, index_name, setter_visibility, setter_visibility_c, required, generate_accessor, display_label, immutable, oid) VALUES ('in5q49sp4ysp566txfog13xfvpjpjrnb0058', 'type', 'qwi92d7i5kdqjx2fspusf9g5gwck86ri', '000000000000000000000000000004010085', 'type', 'xicblxcmsv876oyc4mpfxud47tlyj5pj', '20071109NM00000000000000000000050113', 1, 'ankqgozmnhkj1hxosirj58cni6kg2d', 'si69gwdx7z0xq999vm1h8njiuspukf7h', '20071109NM00000000000000000000050113', 1, 1, 'xuz710py1alg0ablybg5q5c4jams0r450287', 1, 'i562w5898xqskc7xfed3i7ubwl20osl30067');
INSERT INTO md_attribute ( oid) VALUES ('i562w5898xqskc7xfed3i7ubwl20osl30067');
INSERT INTO metadata ( create_date, seq, type, created_by, last_update_date, last_updated_by, description, locked_by, remove, owner, entity_domain, oid, key_name, site_master) VALUES ('2017-06-12 23:54:42', 4891, 'com.runwaysdk.system.metadata.MdAttributeCharacter', '000000000000000000000000000000100060', '2017-06-12 23:54:42', '000000000000000000000000000000100060', '94ilsoy3d75adgocqpr77jvhhtfn695z0287', NULL, 0, '000000000000000000000000000000100060', NULL, 'i562w5898xqskc7xfed3i7ubwl20osl30067', 'com.runwaysdk.system.metadata.IndicatorElement.type', 'www.runwaysdk.com');
ALTER TABLE indicator_element ADD COLUMN type  varchar(255);
INSERT INTO class_attribute_concrete ( oid, parent_oid, child_oid) VALUES ('i562w5898xqskc7xfed3i7ubwl20osl30245', 'in5q49sp4ysp566txfog13xfvpjpjrnb0058', 'i562w5898xqskc7xfed3i7ubwl20osl30067');
INSERT INTO class_attribute ( oid, parent_oid, child_oid) VALUES ('i562w5898xqskc7xfed3i7ubwl20osl30245', 'in5q49sp4ysp566txfog13xfvpjpjrnb0058', 'i562w5898xqskc7xfed3i7ubwl20osl30067');
INSERT INTO metadata_relationship ( oid, created_by, type, last_update_date, site_master, owner, seq, key_name, entity_domain, locked_by, create_date, last_updated_by, parent_oid, child_oid) VALUES ('i562w5898xqskc7xfed3i7ubwl20osl30245', '000000000000000000000000000000100060', 'com.runwaysdk.system.metadata.ClassAttributeConcrete', '2017-06-12 23:54:42', 'www.runwaysdk.com', '000000000000000000000000000000100060', 4892, 'com.runwaysdk.system.metadata.IndicatorElement.type', NULL, NULL, '2017-06-12 23:54:42', '000000000000000000000000000000100060', 'in5q49sp4ysp566txfog13xfvpjpjrnb0058', 'i562w5898xqskc7xfed3i7ubwl20osl30067');
INSERT INTO md_attribute_indicies (set_id, item_id)  VALUES  ('zbizkbupqsm5rzy0pqch0ha5dyfb6mkq', '000000000000000000000000000004010085');
INSERT INTO visibilitymodifier (set_id, item_id)  VALUES  ('6z7ufltig3117p8guizwhz7h9frsb2mz', '20071109NM00000000000000000000050113');
INSERT INTO visibilitymodifier (set_id, item_id)  VALUES  ('zhjktrhj7uhdwk0cjkj39c07n725w24j', '20071109NM00000000000000000000050113');
INSERT INTO metadata_display_label ( key_name, oid, site_master, default_locale) VALUES ('0lxotigghs2dwt4vb962tj93iq92as1b0287', '0lxotigghs2dwt4vb962tj93iq92as1b0287', 'www.runwaysdk.com', 'Sequence');
INSERT INTO metadata_display_label ( key_name, oid, site_master, default_locale) VALUES ('0qo4c9n1cyzwaycb2u99yoxdicazm4i00287', '0qo4c9n1cyzwaycb2u99yoxdicazm4i00287', 'www.runwaysdk.com', 'Sequence number is incremented every time this object is updated');
INSERT INTO md_attribute_long ( default_value, start_range, end_range, oid) VALUES (NULL, NULL, NULL, 'i19wnjjvrhyqelndz8dm4k0g1csviyjs0080');
INSERT INTO md_attribute_int ( oid) VALUES ('i19wnjjvrhyqelndz8dm4k0g1csviyjs0080');
INSERT INTO md_attribute_number ( reject_negative, reject_positive, reject_zero, oid) VALUES (1, 0, 0, 'i19wnjjvrhyqelndz8dm4k0g1csviyjs0080');
INSERT INTO md_attribute_primitive ( is_expression, expression, oid) VALUES (0, NULL, 'i19wnjjvrhyqelndz8dm4k0g1csviyjs0080');
INSERT INTO md_attribute_concrete ( defining_md_class, column_name, index_type, index_type_c, attribute_name, getter_visibility, getter_visibility_c, system, index_name, setter_visibility, setter_visibility_c, required, generate_accessor, display_label, immutable, oid) VALUES ('in5q49sp4ysp566txfog13xfvpjpjrnb0058', 'seq', 'zbizkbupqsm5rzy0pqch0ha5dyfb6mkq', '000000000000000000000000000004010085', 'seq', '6z7ufltig3117p8guizwhz7h9frsb2mz', '20071109NM00000000000000000000050113', 1, 'areb53f1ee24sxi980xoyir7wlpm1n', 'zhjktrhj7uhdwk0cjkj39c07n725w24j', '20071109NM00000000000000000000050113', 1, 1, '0lxotigghs2dwt4vb962tj93iq92as1b0287', 0, 'i19wnjjvrhyqelndz8dm4k0g1csviyjs0080');
INSERT INTO md_attribute ( oid) VALUES ('i19wnjjvrhyqelndz8dm4k0g1csviyjs0080');
INSERT INTO metadata ( create_date, seq, type, created_by, last_update_date, last_updated_by, description, locked_by, remove, owner, entity_domain, oid, key_name, site_master) VALUES ('2017-06-12 23:54:42', 4893, 'com.runwaysdk.system.metadata.MdAttributeLong', '000000000000000000000000000000100060', '2017-06-12 23:54:42', '000000000000000000000000000000100060', '0qo4c9n1cyzwaycb2u99yoxdicazm4i00287', NULL, 0, '000000000000000000000000000000100060', NULL, 'i19wnjjvrhyqelndz8dm4k0g1csviyjs0080', 'com.runwaysdk.system.metadata.IndicatorElement.seq', 'www.runwaysdk.com');
ALTER TABLE indicator_element ADD COLUMN seq  bigint;
INSERT INTO class_attribute_concrete ( oid, parent_oid, child_oid) VALUES ('i19wnjjvrhyqelndz8dm4k0g1csviyjs0245', 'in5q49sp4ysp566txfog13xfvpjpjrnb0058', 'i19wnjjvrhyqelndz8dm4k0g1csviyjs0080');
INSERT INTO class_attribute ( oid, parent_oid, child_oid) VALUES ('i19wnjjvrhyqelndz8dm4k0g1csviyjs0245', 'in5q49sp4ysp566txfog13xfvpjpjrnb0058', 'i19wnjjvrhyqelndz8dm4k0g1csviyjs0080');
INSERT INTO metadata_relationship ( oid, created_by, type, last_update_date, site_master, owner, seq, key_name, entity_domain, locked_by, create_date, last_updated_by, parent_oid, child_oid) VALUES ('i19wnjjvrhyqelndz8dm4k0g1csviyjs0245', '000000000000000000000000000000100060', 'com.runwaysdk.system.metadata.ClassAttributeConcrete', '2017-06-12 23:54:42', 'www.runwaysdk.com', '000000000000000000000000000000100060', 4894, 'com.runwaysdk.system.metadata.IndicatorElement.seq', NULL, NULL, '2017-06-12 23:54:42', '000000000000000000000000000000100060', 'in5q49sp4ysp566txfog13xfvpjpjrnb0058', 'i19wnjjvrhyqelndz8dm4k0g1csviyjs0080');
INSERT INTO md_attribute_indicies (set_id, item_id)  VALUES  ('qz5py744jawvhx1370kimy06avgumf7v', '000000000000000000000000000004000085');
INSERT INTO visibilitymodifier (set_id, item_id)  VALUES  ('qtl2e3hea5sc4azo3wa5g5h742g70ftt', '20071109NM00000000000000000000050113');
INSERT INTO visibilitymodifier (set_id, item_id)  VALUES  ('qvsl8wtrhahwncinj2ouu62atjlcb7q5', '20071109NM00000000000000000000050113');
INSERT INTO metadata_display_label ( key_name, oid, site_master, default_locale) VALUES ('74r48kr9299htxk1portaj8hfkxa3k980287', '74r48kr9299htxk1portaj8hfkxa3k980287', 'www.runwaysdk.com', 'Created By');
INSERT INTO metadata_display_label ( key_name, oid, site_master, default_locale) VALUES ('smf9lff5chtkqt5a8xu12oo7xljh90yj0287', 'smf9lff5chtkqt5a8xu12oo7xljh90yj0287', 'www.runwaysdk.com', 'User that created this object');
INSERT INTO md_attribute_reference ( default_value, md_business, oid) VALUES (NULL, 'JS2007072300000000000000000015600058', 'inr166vfppdxbh2fkys7xfz9466jcj6n0218');
INSERT INTO md_attribute_ref ( oid) VALUES ('inr166vfppdxbh2fkys7xfz9466jcj6n0218');
INSERT INTO md_attribute_concrete ( defining_md_class, column_name, index_type, index_type_c, attribute_name, getter_visibility, getter_visibility_c, system, index_name, setter_visibility, setter_visibility_c, required, generate_accessor, display_label, immutable, oid) VALUES ('in5q49sp4ysp566txfog13xfvpjpjrnb0058', 'created_by', 'qz5py744jawvhx1370kimy06avgumf7v', '000000000000000000000000000004000085', 'createdBy', 'qtl2e3hea5sc4azo3wa5g5h742g70ftt', '20071109NM00000000000000000000050113', 1, 'afp0njm456r1esvl5vswnq2bxypvuw', 'qvsl8wtrhahwncinj2ouu62atjlcb7q5', '20071109NM00000000000000000000050113', 1, 1, '74r48kr9299htxk1portaj8hfkxa3k980287', 1, 'inr166vfppdxbh2fkys7xfz9466jcj6n0218');
INSERT INTO md_attribute ( oid) VALUES ('inr166vfppdxbh2fkys7xfz9466jcj6n0218');
INSERT INTO metadata ( create_date, seq, type, created_by, last_update_date, last_updated_by, description, locked_by, remove, owner, entity_domain, oid, key_name, site_master) VALUES ('2017-06-12 23:54:42', 4895, 'com.runwaysdk.system.metadata.MdAttributeReference', '000000000000000000000000000000100060', '2017-06-12 23:54:42', '000000000000000000000000000000100060', 'smf9lff5chtkqt5a8xu12oo7xljh90yj0287', NULL, 0, '000000000000000000000000000000100060', NULL, 'inr166vfppdxbh2fkys7xfz9466jcj6n0218', 'com.runwaysdk.system.metadata.IndicatorElement.createdBy', 'www.runwaysdk.com');
ALTER TABLE indicator_element ADD COLUMN created_by  char(64);
INSERT INTO class_attribute_concrete ( oid, parent_oid, child_oid) VALUES ('inr166vfppdxbh2fkys7xfz9466jcj6n0245', 'in5q49sp4ysp566txfog13xfvpjpjrnb0058', 'inr166vfppdxbh2fkys7xfz9466jcj6n0218');
INSERT INTO class_attribute ( oid, parent_oid, child_oid) VALUES ('inr166vfppdxbh2fkys7xfz9466jcj6n0245', 'in5q49sp4ysp566txfog13xfvpjpjrnb0058', 'inr166vfppdxbh2fkys7xfz9466jcj6n0218');
INSERT INTO metadata_relationship ( oid, created_by, type, last_update_date, site_master, owner, seq, key_name, entity_domain, locked_by, create_date, last_updated_by, parent_oid, child_oid) VALUES ('inr166vfppdxbh2fkys7xfz9466jcj6n0245', '000000000000000000000000000000100060', 'com.runwaysdk.system.metadata.ClassAttributeConcrete', '2017-06-12 23:54:42', 'www.runwaysdk.com', '000000000000000000000000000000100060', 4896, 'com.runwaysdk.system.metadata.IndicatorElement.createdBy', NULL, NULL, '2017-06-12 23:54:42', '000000000000000000000000000000100060', 'in5q49sp4ysp566txfog13xfvpjpjrnb0058', 'inr166vfppdxbh2fkys7xfz9466jcj6n0218');
INSERT INTO md_attribute_indicies (set_id, item_id)  VALUES  ('qluzldjbbtighputx0wj9n4gqq6ngcw9', '000000000000000000000000000004000085');
INSERT INTO visibilitymodifier (set_id, item_id)  VALUES  ('0048zd857zoavq4rgeaw4q8ov8dpui2n', '20071109NM00000000000000000000050113');
INSERT INTO visibilitymodifier (set_id, item_id)  VALUES  ('2fe1iqj9jbfbnewkk1xn761hpc7xcsvn', '20071109NM00000000000000000000050113');
INSERT INTO metadata_display_label ( key_name, oid, site_master, default_locale) VALUES ('233z6mp48ifap03is6k9bgqqxtbc3gog0287', '233z6mp48ifap03is6k9bgqqxtbc3gog0287', 'www.runwaysdk.com', 'Owner');
INSERT INTO metadata_display_label ( key_name, oid, site_master, default_locale) VALUES ('0s8yhx1ahdkibn1b0bu1z581ke08ubmd0287', '0s8yhx1ahdkibn1b0bu1z581ke08ubmd0287', 'www.runwaysdk.com', 'A reference to the user who own this object');
INSERT INTO md_attribute_reference ( default_value, md_business, oid) VALUES (NULL, '000000000000000000000000000005160058', 'im72fbmilz1gnsywwrydtq81jfdigr6e0218');
INSERT INTO md_attribute_ref ( oid) VALUES ('im72fbmilz1gnsywwrydtq81jfdigr6e0218');
INSERT INTO md_attribute_concrete ( defining_md_class, column_name, index_type, index_type_c, attribute_name, getter_visibility, getter_visibility_c, system, index_name, setter_visibility, setter_visibility_c, required, generate_accessor, display_label, immutable, oid) VALUES ('in5q49sp4ysp566txfog13xfvpjpjrnb0058', 'owner', 'qluzldjbbtighputx0wj9n4gqq6ngcw9', '000000000000000000000000000004000085', 'owner', '0048zd857zoavq4rgeaw4q8ov8dpui2n', '20071109NM00000000000000000000050113', 0, 'a8fi68sbdkabj07iaanmde05qelfu1', '2fe1iqj9jbfbnewkk1xn761hpc7xcsvn', '20071109NM00000000000000000000050113', 1, 1, '233z6mp48ifap03is6k9bgqqxtbc3gog0287', 0, 'im72fbmilz1gnsywwrydtq81jfdigr6e0218');
INSERT INTO md_attribute ( oid) VALUES ('im72fbmilz1gnsywwrydtq81jfdigr6e0218');
INSERT INTO metadata ( create_date, seq, type, created_by, last_update_date, last_updated_by, description, locked_by, remove, owner, entity_domain, oid, key_name, site_master) VALUES ('2017-06-12 23:54:42', 4897, 'com.runwaysdk.system.metadata.MdAttributeReference', '000000000000000000000000000000100060', '2017-06-12 23:54:42', '000000000000000000000000000000100060', '0s8yhx1ahdkibn1b0bu1z581ke08ubmd0287', NULL, 0, '000000000000000000000000000000100060', NULL, 'im72fbmilz1gnsywwrydtq81jfdigr6e0218', 'com.runwaysdk.system.metadata.IndicatorElement.owner', 'www.runwaysdk.com');
ALTER TABLE indicator_element ADD COLUMN owner  char(64);
INSERT INTO class_attribute_concrete ( oid, parent_oid, child_oid) VALUES ('im72fbmilz1gnsywwrydtq81jfdigr6e0245', 'in5q49sp4ysp566txfog13xfvpjpjrnb0058', 'im72fbmilz1gnsywwrydtq81jfdigr6e0218');
INSERT INTO class_attribute ( oid, parent_oid, child_oid) VALUES ('im72fbmilz1gnsywwrydtq81jfdigr6e0245', 'in5q49sp4ysp566txfog13xfvpjpjrnb0058', 'im72fbmilz1gnsywwrydtq81jfdigr6e0218');
INSERT INTO metadata_relationship ( oid, created_by, type, last_update_date, site_master, owner, seq, key_name, entity_domain, locked_by, create_date, last_updated_by, parent_oid, child_oid) VALUES ('im72fbmilz1gnsywwrydtq81jfdigr6e0245', '000000000000000000000000000000100060', 'com.runwaysdk.system.metadata.ClassAttributeConcrete', '2017-06-12 23:54:42', 'www.runwaysdk.com', '000000000000000000000000000000100060', 4898, 'com.runwaysdk.system.metadata.IndicatorElement.owner', NULL, NULL, '2017-06-12 23:54:42', '000000000000000000000000000000100060', 'in5q49sp4ysp566txfog13xfvpjpjrnb0058', 'im72fbmilz1gnsywwrydtq81jfdigr6e0218');
INSERT INTO md_attribute_indicies (set_id, item_id)  VALUES  ('6qy5owgibh8mfcb70q64xcv34wm4to2f', '000000000000000000000000000004000085');
INSERT INTO visibilitymodifier (set_id, item_id)  VALUES  ('qomytnl2haspmxuaid90fixe1uz6woi6', '20071109NM00000000000000000000050113');
INSERT INTO visibilitymodifier (set_id, item_id)  VALUES  ('y0wctqurmzx0ynh3761q2n2teq9789hq', '20071109NM00000000000000000000050113');
INSERT INTO metadata_display_label ( key_name, oid, site_master, default_locale) VALUES ('1tjvnbqiaf2xphuhq5jbav9t2p912wlm0287', '1tjvnbqiaf2xphuhq5jbav9t2p912wlm0287', 'www.runwaysdk.com', 'Last Updated By');
INSERT INTO metadata_display_label ( key_name, oid, site_master, default_locale) VALUES ('1przzq9043avimkwtkk3st3j7cwawjvm0287', '1przzq9043avimkwtkk3st3j7cwawjvm0287', 'www.runwaysdk.com', 'User who last updated this object');
INSERT INTO md_attribute_reference ( default_value, md_business, oid) VALUES (NULL, 'JS2007072300000000000000000015600058', 'ia8pmwpt1xdyvze1ws350c8d1ikrolkm0218');
INSERT INTO md_attribute_ref ( oid) VALUES ('ia8pmwpt1xdyvze1ws350c8d1ikrolkm0218');
INSERT INTO md_attribute_concrete ( defining_md_class, column_name, index_type, index_type_c, attribute_name, getter_visibility, getter_visibility_c, system, index_name, setter_visibility, setter_visibility_c, required, generate_accessor, display_label, immutable, oid) VALUES ('in5q49sp4ysp566txfog13xfvpjpjrnb0058', 'last_updated_by', '6qy5owgibh8mfcb70q64xcv34wm4to2f', '000000000000000000000000000004000085', 'lastUpdatedBy', 'qomytnl2haspmxuaid90fixe1uz6woi6', '20071109NM00000000000000000000050113', 1, 'a0sqwi8grnm5589bpehhlapxcgm3a2', 'y0wctqurmzx0ynh3761q2n2teq9789hq', '20071109NM00000000000000000000050113', 1, 1, '1tjvnbqiaf2xphuhq5jbav9t2p912wlm0287', 0, 'ia8pmwpt1xdyvze1ws350c8d1ikrolkm0218');
INSERT INTO md_attribute ( oid) VALUES ('ia8pmwpt1xdyvze1ws350c8d1ikrolkm0218');
INSERT INTO metadata ( create_date, seq, type, created_by, last_update_date, last_updated_by, description, locked_by, remove, owner, entity_domain, oid, key_name, site_master) VALUES ('2017-06-12 23:54:42', 4899, 'com.runwaysdk.system.metadata.MdAttributeReference', '000000000000000000000000000000100060', '2017-06-12 23:54:42', '000000000000000000000000000000100060', '1przzq9043avimkwtkk3st3j7cwawjvm0287', NULL, 0, '000000000000000000000000000000100060', NULL, 'ia8pmwpt1xdyvze1ws350c8d1ikrolkm0218', 'com.runwaysdk.system.metadata.IndicatorElement.lastUpdatedBy', 'www.runwaysdk.com');
ALTER TABLE indicator_element ADD COLUMN last_updated_by  char(64);
INSERT INTO class_attribute_concrete ( oid, parent_oid, child_oid) VALUES ('ia8pmwpt1xdyvze1ws350c8d1ikrolkm0245', 'in5q49sp4ysp566txfog13xfvpjpjrnb0058', 'ia8pmwpt1xdyvze1ws350c8d1ikrolkm0218');
INSERT INTO class_attribute ( oid, parent_oid, child_oid) VALUES ('ia8pmwpt1xdyvze1ws350c8d1ikrolkm0245', 'in5q49sp4ysp566txfog13xfvpjpjrnb0058', 'ia8pmwpt1xdyvze1ws350c8d1ikrolkm0218');
INSERT INTO metadata_relationship ( oid, created_by, type, last_update_date, site_master, owner, seq, key_name, entity_domain, locked_by, create_date, last_updated_by, parent_oid, child_oid) VALUES ('ia8pmwpt1xdyvze1ws350c8d1ikrolkm0245', '000000000000000000000000000000100060', 'com.runwaysdk.system.metadata.ClassAttributeConcrete', '2017-06-12 23:54:42', 'www.runwaysdk.com', '000000000000000000000000000000100060', 4900, 'com.runwaysdk.system.metadata.IndicatorElement.lastUpdatedBy', NULL, NULL, '2017-06-12 23:54:42', '000000000000000000000000000000100060', 'in5q49sp4ysp566txfog13xfvpjpjrnb0058', 'ia8pmwpt1xdyvze1ws350c8d1ikrolkm0218');


INSERT INTO class_cache (set_id, item_id)  VALUES  ('6s5w9fgqgzfuotumf622hgk9aoiluz2b', '000000000000000000000000000002310077');
INSERT INTO metadata_display_label ( key_name, oid, site_master, default_locale) VALUES ('zdl2392ypy9lg2i02v5v15by1boi7f0n0287', 'zdl2392ypy9lg2i02v5v15by1boi7f0n0287', 'www.runwaysdk.com', 'Indicator Primitive');
INSERT INTO metadata_display_label ( key_name, oid, site_master, default_locale) VALUES ('0a2e31ctju4f25r4l6gvyymn7116z0cf0287', '0a2e31ctju4f25r4l6gvyymn7116z0cf0287', 'www.runwaysdk.com', 'The element of an indicator that represents a primitive value. This is the concrete and non-aggregate class in the composite pattern.');
INSERT INTO md_business ( super_md_business, cache_algorithm, cache_algorithm_c, oid) VALUES ('in5q49sp4ysp566txfog13xfvpjpjrnb0058', '6s5w9fgqgzfuotumf622hgk9aoiluz2b', '000000000000000000000000000002310077', 'i9y6m5oxeb0pf2gafpy8u6nl8xo8sut50058');
INSERT INTO md_element ( is_abstract, extendable, oid) VALUES (0, 0, 'i9y6m5oxeb0pf2gafpy8u6nl8xo8sut50058');
INSERT INTO md_entity ( cache_size, query_dto_source, has_deterministic_ids, enforce_site_master, query_source, table_name, oid) VALUES (0, NULL, 0, 1, NULL, 'indicator_primitive', 'i9y6m5oxeb0pf2gafpy8u6nl8xo8sut50058');
INSERT INTO md_class ( stub_source, publish, stub_dto_source, oid) VALUES (NULL, 1, NULL, 'i9y6m5oxeb0pf2gafpy8u6nl8xo8sut50058');
INSERT INTO md_type ( type_name, js_stub, display_label, exported, generate_source, js_base, base_source, package_name, root_id, dto_source, oid) VALUES ('IndicatorPrimitive', NULL, 'zdl2392ypy9lg2i02v5v15by1boi7f0n0287', 1, 1, NULL, NULL, 'com.runwaysdk.system.metadata', 'i9y6m5oxeb0pf2gafpy8u6nl8xo8sut5', NULL, 'i9y6m5oxeb0pf2gafpy8u6nl8xo8sut50058');
INSERT INTO metadata ( create_date, seq, type, created_by, last_update_date, last_updated_by, description, locked_by, remove, owner, entity_domain, oid, key_name, site_master) VALUES ('2017-06-12 23:54:42', 4901, 'com.runwaysdk.system.metadata.MdBusiness', '000000000000000000000000000000100060', '2017-06-12 23:54:42', '000000000000000000000000000000100060', '0a2e31ctju4f25r4l6gvyymn7116z0cf0287', NULL, 0, '000000000000000000000000000000100060', NULL, 'i9y6m5oxeb0pf2gafpy8u6nl8xo8sut50058', 'com.runwaysdk.system.metadata.IndicatorPrimitive', 'www.runwaysdk.com');
CREATE TABLE indicator_primitive ( oid CHAR(64) NOT NULL PRIMARY KEY );
INSERT INTO business_inheritance ( oid, parent_oid, child_oid) VALUES ('i9y6m5oxeb0pf2gafpy8u6nl8xo8sut50257', 'in5q49sp4ysp566txfog13xfvpjpjrnb0058', 'i9y6m5oxeb0pf2gafpy8u6nl8xo8sut50058');
INSERT INTO class_inheritance ( oid, parent_oid, child_oid) VALUES ('i9y6m5oxeb0pf2gafpy8u6nl8xo8sut50257', 'in5q49sp4ysp566txfog13xfvpjpjrnb0058', 'i9y6m5oxeb0pf2gafpy8u6nl8xo8sut50058');
INSERT INTO metadata_relationship ( oid, created_by, type, last_update_date, site_master, owner, seq, key_name, entity_domain, locked_by, create_date, last_updated_by, parent_oid, child_oid) VALUES ('i9y6m5oxeb0pf2gafpy8u6nl8xo8sut50257', '000000000000000000000000000000100060', 'com.runwaysdk.system.metadata.BusinessInheritance', '2017-06-12 23:54:42', 'www.runwaysdk.com', '000000000000000000000000000000100060', 4902, 'com.runwaysdk.system.metadata.IndicatorPrimitive', NULL, NULL, '2017-06-12 23:54:42', '000000000000000000000000000000100060', 'in5q49sp4ysp566txfog13xfvpjpjrnb0058', 'i9y6m5oxeb0pf2gafpy8u6nl8xo8sut50058');


INSERT INTO md_attribute_indicies (set_id, item_id)  VALUES  ('8jvje5fvcjnx5l08902xbqy0gp4vjt9j', '000000000000000000000000000004000085');
INSERT INTO visibilitymodifier (set_id, item_id)  VALUES  ('znbxxvikayqwuzimteepuzjrjmo0k7l3', '20071109NM00000000000000000000050113');
INSERT INTO visibilitymodifier (set_id, item_id)  VALUES  ('z7cbzv4cnecw0vfwtjjlzjgm2wgyf3sg', '20071109NM00000000000000000000050113');
INSERT INTO metadata_display_label ( key_name, oid, site_master, default_locale) VALUES ('t1y6blomitzftt59do0u4csr6afrej5l0287', 't1y6blomitzftt59do0u4csr6afrej5l0287', 'www.runwaysdk.com', 'MdAttributePrimitive');
INSERT INTO metadata_display_label ( key_name, oid, site_master, default_locale) VALUES ('xvcsp7mwxa5ez63szue55rcmy7cpxrcg0287', 'xvcsp7mwxa5ez63szue55rcmy7cpxrcg0287', 'www.runwaysdk.com', 'A reference to a primitive attribute metadata that defines the attribute that is used in this indicator element.');
INSERT INTO md_attribute_reference ( default_value, md_business, oid) VALUES (NULL, '000000000000000000000000000001740058', 'ik1j0cdjgd4n9ceuk7vvymqomk2ejkv70218');
INSERT INTO md_attribute_ref ( oid) VALUES ('ik1j0cdjgd4n9ceuk7vvymqomk2ejkv70218');
INSERT INTO md_attribute_concrete ( defining_md_class, column_name, index_type, index_type_c, attribute_name, getter_visibility, getter_visibility_c, system, index_name, setter_visibility, setter_visibility_c, required, generate_accessor, display_label, immutable, oid) VALUES ('i9y6m5oxeb0pf2gafpy8u6nl8xo8sut50058', 'md_attribute_primitive', '8jvje5fvcjnx5l08902xbqy0gp4vjt9j', '000000000000000000000000000004000085', 'mdAttributePrimitive', 'znbxxvikayqwuzimteepuzjrjmo0k7l3', '20071109NM00000000000000000000050113', 0, 'a7ddfodio4q8coer5spmw6tgluojw9', 'z7cbzv4cnecw0vfwtjjlzjgm2wgyf3sg', '20071109NM00000000000000000000050113', 1, 1, 't1y6blomitzftt59do0u4csr6afrej5l0287', 0, 'ik1j0cdjgd4n9ceuk7vvymqomk2ejkv70218');
INSERT INTO md_attribute ( oid) VALUES ('ik1j0cdjgd4n9ceuk7vvymqomk2ejkv70218');
INSERT INTO metadata ( create_date, seq, type, created_by, last_update_date, last_updated_by, description, locked_by, remove, owner, entity_domain, oid, key_name, site_master) VALUES ('2017-06-12 23:54:42', 4903, 'com.runwaysdk.system.metadata.MdAttributeReference', '000000000000000000000000000000100060', '2017-06-12 23:54:42', '000000000000000000000000000000100060', 'xvcsp7mwxa5ez63szue55rcmy7cpxrcg0287', NULL, 0, '000000000000000000000000000000100060', NULL, 'ik1j0cdjgd4n9ceuk7vvymqomk2ejkv70218', 'com.runwaysdk.system.metadata.IndicatorPrimitive.mdAttributePrimitive', 'www.runwaysdk.com');
ALTER TABLE indicator_primitive ADD COLUMN md_attribute_primitive  char(64);
INSERT INTO class_attribute_concrete ( oid, parent_oid, child_oid) VALUES ('ik1j0cdjgd4n9ceuk7vvymqomk2ejkv70245', 'i9y6m5oxeb0pf2gafpy8u6nl8xo8sut50058', 'ik1j0cdjgd4n9ceuk7vvymqomk2ejkv70218');
INSERT INTO class_attribute ( oid, parent_oid, child_oid) VALUES ('ik1j0cdjgd4n9ceuk7vvymqomk2ejkv70245', 'i9y6m5oxeb0pf2gafpy8u6nl8xo8sut50058', 'ik1j0cdjgd4n9ceuk7vvymqomk2ejkv70218');
INSERT INTO metadata_relationship ( oid, created_by, type, last_update_date, site_master, owner, seq, key_name, entity_domain, locked_by, create_date, last_updated_by, parent_oid, child_oid) VALUES ('ik1j0cdjgd4n9ceuk7vvymqomk2ejkv70245', '000000000000000000000000000000100060', 'com.runwaysdk.system.metadata.ClassAttributeConcrete', '2017-06-12 23:54:42', 'www.runwaysdk.com', '000000000000000000000000000000100060', 4904, 'com.runwaysdk.system.metadata.IndicatorPrimitive.mdAttributePrimitive', NULL, NULL, '2017-06-12 23:54:42', '000000000000000000000000000000100060', 'i9y6m5oxeb0pf2gafpy8u6nl8xo8sut50058', 'ik1j0cdjgd4n9ceuk7vvymqomk2ejkv70218');
CREATE INDEX a7ddfodio4q8coer5spmw6tgluojw9 ON indicator_primitive (md_attribute_primitive);
INSERT INTO md_attribute_indicies (set_id, item_id)  VALUES  ('zothbit8a6e0quo0oo4u7urujddb3k7r', '000000000000000000000000000004010085');
INSERT INTO visibilitymodifier (set_id, item_id)  VALUES  ('0lfs45hisecgavc9jrbxph59stv2sde7', '20071109NM00000000000000000000050113');
INSERT INTO visibilitymodifier (set_id, item_id)  VALUES  ('sfb60gu8kecexdpmurovynjz5xel4b0s', '20071109NM00000000000000000000050113');
INSERT INTO metadata_display_label ( key_name, oid, site_master, default_locale) VALUES ('z5spc9098o2jyrpr755kghveovoef9t70287', 'z5spc9098o2jyrpr755kghveovoef9t70287', 'www.runwaysdk.com', 'Aggregate Function');
INSERT INTO metadata_display_label ( key_name, oid, site_master, default_locale) VALUES ('qmizvourny73x81dq0ry505aw405mjfr0287', 'qmizvourny73x81dq0ry505aw405mjfr0287', 'www.runwaysdk.com', 'The aggregate function that is applied to a primitive attribute type in the indicator equation');
INSERT INTO md_attribute_enumeration ( default_value, md_enumeration, select_multiple, cache_column_name, oid) VALUES (NULL, 'i0mpeef4ubwk29ntr0po98lywhtzoi4m0075', 0, 'indicator_function_c', 'i49zhor8tzl1n1k47p4psvq4sa4bjacg0076');
INSERT INTO md_attribute_ref ( oid) VALUES ('i49zhor8tzl1n1k47p4psvq4sa4bjacg0076');
INSERT INTO md_attribute_concrete ( defining_md_class, column_name, index_type, index_type_c, attribute_name, getter_visibility, getter_visibility_c, system, index_name, setter_visibility, setter_visibility_c, required, generate_accessor, display_label, immutable, oid) VALUES ('i9y6m5oxeb0pf2gafpy8u6nl8xo8sut50058', 'indicator_function', 'zothbit8a6e0quo0oo4u7urujddb3k7r', '000000000000000000000000000004010085', 'indicatorFunction', '0lfs45hisecgavc9jrbxph59stv2sde7', '20071109NM00000000000000000000050113', 0, 'ajtwuxjt51q3ik2lben3ns7my9qv9x', 'sfb60gu8kecexdpmurovynjz5xel4b0s', '20071109NM00000000000000000000050113', 1, 1, 'z5spc9098o2jyrpr755kghveovoef9t70287', 0, 'i49zhor8tzl1n1k47p4psvq4sa4bjacg0076');
INSERT INTO md_attribute ( oid) VALUES ('i49zhor8tzl1n1k47p4psvq4sa4bjacg0076');
INSERT INTO metadata ( create_date, seq, type, created_by, last_update_date, last_updated_by, description, locked_by, remove, owner, entity_domain, oid, key_name, site_master) VALUES ('2017-06-12 23:54:42', 4905, 'com.runwaysdk.system.metadata.MdAttributeEnumeration', '000000000000000000000000000000100060', '2017-06-12 23:54:42', '000000000000000000000000000000100060', 'qmizvourny73x81dq0ry505aw405mjfr0287', NULL, 0, '000000000000000000000000000000100060', NULL, 'i49zhor8tzl1n1k47p4psvq4sa4bjacg0076', 'com.runwaysdk.system.metadata.IndicatorPrimitive.indicatorFunction', 'www.runwaysdk.com');
ALTER TABLE indicator_primitive ADD COLUMN indicator_function  char(32);
ALTER TABLE indicator_primitive ADD COLUMN indicator_function_c  text;
INSERT INTO class_attribute_concrete ( oid, parent_oid, child_oid) VALUES ('i49zhor8tzl1n1k47p4psvq4sa4bjacg0245', 'i9y6m5oxeb0pf2gafpy8u6nl8xo8sut50058', 'i49zhor8tzl1n1k47p4psvq4sa4bjacg0076');
INSERT INTO class_attribute ( oid, parent_oid, child_oid) VALUES ('i49zhor8tzl1n1k47p4psvq4sa4bjacg0245', 'i9y6m5oxeb0pf2gafpy8u6nl8xo8sut50058', 'i49zhor8tzl1n1k47p4psvq4sa4bjacg0076');
INSERT INTO metadata_relationship ( oid, created_by, type, last_update_date, site_master, owner, seq, key_name, entity_domain, locked_by, create_date, last_updated_by, parent_oid, child_oid) VALUES ('i49zhor8tzl1n1k47p4psvq4sa4bjacg0245', '000000000000000000000000000000100060', 'com.runwaysdk.system.metadata.ClassAttributeConcrete', '2017-06-12 23:54:42', 'www.runwaysdk.com', '000000000000000000000000000000100060', 4906, 'com.runwaysdk.system.metadata.IndicatorPrimitive.indicatorFunction', NULL, NULL, '2017-06-12 23:54:42', '000000000000000000000000000000100060', 'i9y6m5oxeb0pf2gafpy8u6nl8xo8sut50058', 'i49zhor8tzl1n1k47p4psvq4sa4bjacg0076');
INSERT INTO class_cache (set_id, item_id)  VALUES  ('28zsigp2j2u0j28e8vo4ifrkz7res5z7', '000000000000000000000000000002310077');
INSERT INTO metadata_display_label ( key_name, oid, site_master, default_locale) VALUES ('76b80t2k38zpiz0l24tu8vzdj2z9ufg70287', '76b80t2k38zpiz0l24tu8vzdj2z9ufg70287', 'www.runwaysdk.com', 'Indicator');
INSERT INTO metadata_display_label ( key_name, oid, site_master, default_locale) VALUES ('936xkhghpk4o1y91tywd6k9rtwj99iga0287', '936xkhghpk4o1y91tywd6k9rtwj99iga0287', 'www.runwaysdk.com', 'The indicator class with a left operand, operator, and right operand. This is the concrete and aggregate class in the composite pattern.');
INSERT INTO md_business ( super_md_business, cache_algorithm, cache_algorithm_c, oid) VALUES ('in5q49sp4ysp566txfog13xfvpjpjrnb0058', '28zsigp2j2u0j28e8vo4ifrkz7res5z7', '000000000000000000000000000002310077', 'ijx2qpvkmeubmt67o8t8ac0a5nd4x8pc0058');
INSERT INTO md_element ( is_abstract, extendable, oid) VALUES (0, 0, 'ijx2qpvkmeubmt67o8t8ac0a5nd4x8pc0058');
INSERT INTO md_entity ( cache_size, query_dto_source, has_deterministic_ids, enforce_site_master, query_source, table_name, oid) VALUES (0, NULL, 0, 1, NULL, 'indicator_composite', 'ijx2qpvkmeubmt67o8t8ac0a5nd4x8pc0058');
INSERT INTO md_class ( stub_source, publish, stub_dto_source, oid) VALUES (NULL, 1, NULL, 'ijx2qpvkmeubmt67o8t8ac0a5nd4x8pc0058');
INSERT INTO md_type ( type_name, js_stub, display_label, exported, generate_source, js_base, base_source, package_name, root_id, dto_source, oid) VALUES ('IndicatorComposite', NULL, '76b80t2k38zpiz0l24tu8vzdj2z9ufg70287', 1, 1, NULL, NULL, 'com.runwaysdk.system.metadata', 'ijx2qpvkmeubmt67o8t8ac0a5nd4x8pc', NULL, 'ijx2qpvkmeubmt67o8t8ac0a5nd4x8pc0058');
INSERT INTO metadata ( create_date, seq, type, created_by, last_update_date, last_updated_by, description, locked_by, remove, owner, entity_domain, oid, key_name, site_master) VALUES ('2017-06-12 23:54:42', 4907, 'com.runwaysdk.system.metadata.MdBusiness', '000000000000000000000000000000100060', '2017-06-12 23:54:42', '000000000000000000000000000000100060', '936xkhghpk4o1y91tywd6k9rtwj99iga0287', NULL, 0, '000000000000000000000000000000100060', NULL, 'ijx2qpvkmeubmt67o8t8ac0a5nd4x8pc0058', 'com.runwaysdk.system.metadata.IndicatorComposite', 'www.runwaysdk.com');
CREATE TABLE indicator_composite ( oid CHAR(64) NOT NULL PRIMARY KEY );
INSERT INTO business_inheritance ( oid, parent_oid, child_oid) VALUES ('ijx2qpvkmeubmt67o8t8ac0a5nd4x8pc0257', 'in5q49sp4ysp566txfog13xfvpjpjrnb0058', 'ijx2qpvkmeubmt67o8t8ac0a5nd4x8pc0058');
INSERT INTO class_inheritance ( oid, parent_oid, child_oid) VALUES ('ijx2qpvkmeubmt67o8t8ac0a5nd4x8pc0257', 'in5q49sp4ysp566txfog13xfvpjpjrnb0058', 'ijx2qpvkmeubmt67o8t8ac0a5nd4x8pc0058');
INSERT INTO metadata_relationship ( oid, created_by, type, last_update_date, site_master, owner, seq, key_name, entity_domain, locked_by, create_date, last_updated_by, parent_oid, child_oid) VALUES ('ijx2qpvkmeubmt67o8t8ac0a5nd4x8pc0257', '000000000000000000000000000000100060', 'com.runwaysdk.system.metadata.BusinessInheritance', '2017-06-12 23:54:42', 'www.runwaysdk.com', '000000000000000000000000000000100060', 4908, 'com.runwaysdk.system.metadata.IndicatorComposite', NULL, NULL, '2017-06-12 23:54:42', '000000000000000000000000000000100060', 'in5q49sp4ysp566txfog13xfvpjpjrnb0058', 'ijx2qpvkmeubmt67o8t8ac0a5nd4x8pc0058');


INSERT INTO md_attribute_indicies (set_id, item_id)  VALUES  ('xqzj07i180qp84jywe3isgz8zjj4srg7', '000000000000000000000000000004000085');
INSERT INTO visibilitymodifier (set_id, item_id)  VALUES  ('7clypbq0xhfyr16pmg3g098s2e9o1g0v', '20071109NM00000000000000000000050113');
INSERT INTO visibilitymodifier (set_id, item_id)  VALUES  ('0rhljcrkcjzpv80hmkbm510nb204gzke', '20071109NM00000000000000000000050113');
INSERT INTO metadata_display_label ( key_name, oid, site_master, default_locale) VALUES ('xix873pl717sj11p0kg3m7grlcvkdpc30287', 'xix873pl717sj11p0kg3m7grlcvkdpc30287', 'www.runwaysdk.com', 'Left Operand');
INSERT INTO metadata_display_label ( key_name, oid, site_master, default_locale) VALUES ('93bv31ygdjl3496r0s3meb5th8r6p5p50287', '93bv31ygdjl3496r0s3meb5th8r6p5p50287', 'www.runwaysdk.com', 'The left operand in the indicator equation');
INSERT INTO md_attribute_reference ( default_value, md_business, oid) VALUES (NULL, 'in5q49sp4ysp566txfog13xfvpjpjrnb0058', 'i1n0ingo3rrrvla8jehf4lch3ziaf8v50218');
INSERT INTO md_attribute_ref ( oid) VALUES ('i1n0ingo3rrrvla8jehf4lch3ziaf8v50218');
INSERT INTO md_attribute_concrete ( defining_md_class, column_name, index_type, index_type_c, attribute_name, getter_visibility, getter_visibility_c, system, index_name, setter_visibility, setter_visibility_c, required, generate_accessor, display_label, immutable, oid) VALUES ('ijx2qpvkmeubmt67o8t8ac0a5nd4x8pc0058', 'left_operand', 'xqzj07i180qp84jywe3isgz8zjj4srg7', '000000000000000000000000000004000085', 'leftOperand', '7clypbq0xhfyr16pmg3g098s2e9o1g0v', '20071109NM00000000000000000000050113', 0, 'as2ialpsyjw9vufqfr91suh5glx1lx', '0rhljcrkcjzpv80hmkbm510nb204gzke', '20071109NM00000000000000000000050113', 1, 1, 'xix873pl717sj11p0kg3m7grlcvkdpc30287', 0, 'i1n0ingo3rrrvla8jehf4lch3ziaf8v50218');
INSERT INTO md_attribute ( oid) VALUES ('i1n0ingo3rrrvla8jehf4lch3ziaf8v50218');
INSERT INTO metadata ( create_date, seq, type, created_by, last_update_date, last_updated_by, description, locked_by, remove, owner, entity_domain, oid, key_name, site_master) VALUES ('2017-06-12 23:54:42', 4909, 'com.runwaysdk.system.metadata.MdAttributeReference', '000000000000000000000000000000100060', '2017-06-12 23:54:42', '000000000000000000000000000000100060', '93bv31ygdjl3496r0s3meb5th8r6p5p50287', NULL, 0, '000000000000000000000000000000100060', NULL, 'i1n0ingo3rrrvla8jehf4lch3ziaf8v50218', 'com.runwaysdk.system.metadata.IndicatorComposite.leftOperand', 'www.runwaysdk.com');
ALTER TABLE indicator_composite ADD COLUMN left_operand  char(64);
INSERT INTO class_attribute_concrete ( oid, parent_oid, child_oid) VALUES ('i1n0ingo3rrrvla8jehf4lch3ziaf8v50245', 'ijx2qpvkmeubmt67o8t8ac0a5nd4x8pc0058', 'i1n0ingo3rrrvla8jehf4lch3ziaf8v50218');
INSERT INTO class_attribute ( oid, parent_oid, child_oid) VALUES ('i1n0ingo3rrrvla8jehf4lch3ziaf8v50245', 'ijx2qpvkmeubmt67o8t8ac0a5nd4x8pc0058', 'i1n0ingo3rrrvla8jehf4lch3ziaf8v50218');
INSERT INTO metadata_relationship ( oid, created_by, type, last_update_date, site_master, owner, seq, key_name, entity_domain, locked_by, create_date, last_updated_by, parent_oid, child_oid) VALUES ('i1n0ingo3rrrvla8jehf4lch3ziaf8v50245', '000000000000000000000000000000100060', 'com.runwaysdk.system.metadata.ClassAttributeConcrete', '2017-06-12 23:54:42', 'www.runwaysdk.com', '000000000000000000000000000000100060', 4910, 'com.runwaysdk.system.metadata.IndicatorComposite.leftOperand', NULL, NULL, '2017-06-12 23:54:42', '000000000000000000000000000000100060', 'ijx2qpvkmeubmt67o8t8ac0a5nd4x8pc0058', 'i1n0ingo3rrrvla8jehf4lch3ziaf8v50218');
CREATE INDEX as2ialpsyjw9vufqfr91suh5glx1lx ON indicator_composite (left_operand);
INSERT INTO md_attribute_indicies (set_id, item_id)  VALUES  ('03zmyyalanw6o2e9pgtvuigwk3ckrq82', '000000000000000000000000000004010085');
INSERT INTO visibilitymodifier (set_id, item_id)  VALUES  ('sb6j0jfia1ibpmh50r1vzv6z5intwr7a', '20071109NM00000000000000000000050113');
INSERT INTO visibilitymodifier (set_id, item_id)  VALUES  ('xpdccb9anqyt97fx83nuz9jf3anrt89r', '20071109NM00000000000000000000050113');
INSERT INTO metadata_display_label ( key_name, oid, site_master, default_locale) VALUES ('6o4cvqf7wsvlf7q7f2uj0pxxzmmzp6rd0287', '6o4cvqf7wsvlf7q7f2uj0pxxzmmzp6rd0287', 'www.runwaysdk.com', 'Operator');
INSERT INTO metadata_display_label ( key_name, oid, site_master, default_locale) VALUES ('zpefjnlb0wmxg696gyc27r4e9npqe0yo0287', 'zpefjnlb0wmxg696gyc27r4e9npqe0yo0287', 'www.runwaysdk.com', 'The operator in the indicator equation');
INSERT INTO md_attribute_enumeration ( default_value, md_enumeration, select_multiple, cache_column_name, oid) VALUES (NULL, 'i1p4wlz5q43qzcm2962gevo9gt62d4nt0075', 0, 'math_operator_c', 'i7e643ypdd5soe6piaot3bpp6i0nt5b50076');
INSERT INTO md_attribute_ref ( oid) VALUES ('i7e643ypdd5soe6piaot3bpp6i0nt5b50076');
INSERT INTO md_attribute_concrete ( defining_md_class, column_name, index_type, index_type_c, attribute_name, getter_visibility, getter_visibility_c, system, index_name, setter_visibility, setter_visibility_c, required, generate_accessor, display_label, immutable, oid) VALUES ('ijx2qpvkmeubmt67o8t8ac0a5nd4x8pc0058', 'math_operator', '03zmyyalanw6o2e9pgtvuigwk3ckrq82', '000000000000000000000000000004010085', 'operator', 'sb6j0jfia1ibpmh50r1vzv6z5intwr7a', '20071109NM00000000000000000000050113', 0, 'a6tn04koxkskqojy9vrezk02hkoe5a', 'xpdccb9anqyt97fx83nuz9jf3anrt89r', '20071109NM00000000000000000000050113', 1, 1, '6o4cvqf7wsvlf7q7f2uj0pxxzmmzp6rd0287', 0, 'i7e643ypdd5soe6piaot3bpp6i0nt5b50076');
INSERT INTO md_attribute ( oid) VALUES ('i7e643ypdd5soe6piaot3bpp6i0nt5b50076');
INSERT INTO metadata ( create_date, seq, type, created_by, last_update_date, last_updated_by, description, locked_by, remove, owner, entity_domain, oid, key_name, site_master) VALUES ('2017-06-12 23:54:42', 4911, 'com.runwaysdk.system.metadata.MdAttributeEnumeration', '000000000000000000000000000000100060', '2017-06-12 23:54:42', '000000000000000000000000000000100060', 'zpefjnlb0wmxg696gyc27r4e9npqe0yo0287', NULL, 0, '000000000000000000000000000000100060', NULL, 'i7e643ypdd5soe6piaot3bpp6i0nt5b50076', 'com.runwaysdk.system.metadata.IndicatorComposite.operator', 'www.runwaysdk.com');
ALTER TABLE indicator_composite ADD COLUMN math_operator  char(32);
ALTER TABLE indicator_composite ADD COLUMN math_operator_c  text;
INSERT INTO class_attribute_concrete ( oid, parent_oid, child_oid) VALUES ('i7e643ypdd5soe6piaot3bpp6i0nt5b50245', 'ijx2qpvkmeubmt67o8t8ac0a5nd4x8pc0058', 'i7e643ypdd5soe6piaot3bpp6i0nt5b50076');
INSERT INTO class_attribute ( oid, parent_oid, child_oid) VALUES ('i7e643ypdd5soe6piaot3bpp6i0nt5b50245', 'ijx2qpvkmeubmt67o8t8ac0a5nd4x8pc0058', 'i7e643ypdd5soe6piaot3bpp6i0nt5b50076');
INSERT INTO metadata_relationship ( oid, created_by, type, last_update_date, site_master, owner, seq, key_name, entity_domain, locked_by, create_date, last_updated_by, parent_oid, child_oid) VALUES ('i7e643ypdd5soe6piaot3bpp6i0nt5b50245', '000000000000000000000000000000100060', 'com.runwaysdk.system.metadata.ClassAttributeConcrete', '2017-06-12 23:54:42', 'www.runwaysdk.com', '000000000000000000000000000000100060', 4912, 'com.runwaysdk.system.metadata.IndicatorComposite.operator', NULL, NULL, '2017-06-12 23:54:42', '000000000000000000000000000000100060', 'ijx2qpvkmeubmt67o8t8ac0a5nd4x8pc0058', 'i7e643ypdd5soe6piaot3bpp6i0nt5b50076');
INSERT INTO md_attribute_indicies (set_id, item_id)  VALUES  ('1x1hiudr5ruadz9v58ovnn1ttperi1f8', '000000000000000000000000000004000085');
INSERT INTO visibilitymodifier (set_id, item_id)  VALUES  ('sgcabj8k0tqacb1svy3om4zwzanirr6a', '20071109NM00000000000000000000050113');
INSERT INTO visibilitymodifier (set_id, item_id)  VALUES  ('zflhcphfusbn77k256c7wpxr6bra3ybx', '20071109NM00000000000000000000050113');
INSERT INTO metadata_display_label ( key_name, oid, site_master, default_locale) VALUES ('6x3vq4r959ux5iof7teyqehqokh0laus0287', '6x3vq4r959ux5iof7teyqehqokh0laus0287', 'www.runwaysdk.com', 'Right Operand');
INSERT INTO metadata_display_label ( key_name, oid, site_master, default_locale) VALUES ('73uzyilixi32w05py65tqu2bi99huc890287', '73uzyilixi32w05py65tqu2bi99huc890287', 'www.runwaysdk.com', 'The right operand in the indicator equation');
INSERT INTO md_attribute_reference ( default_value, md_business, oid) VALUES (NULL, 'in5q49sp4ysp566txfog13xfvpjpjrnb0058', 'i934moglfjm39ohidv1hovu1xpq68a1f0218');
INSERT INTO md_attribute_ref ( oid) VALUES ('i934moglfjm39ohidv1hovu1xpq68a1f0218');
INSERT INTO md_attribute_concrete ( defining_md_class, column_name, index_type, index_type_c, attribute_name, getter_visibility, getter_visibility_c, system, index_name, setter_visibility, setter_visibility_c, required, generate_accessor, display_label, immutable, oid) VALUES ('ijx2qpvkmeubmt67o8t8ac0a5nd4x8pc0058', 'right_operand', '1x1hiudr5ruadz9v58ovnn1ttperi1f8', '000000000000000000000000000004000085', 'rightOperand', 'sgcabj8k0tqacb1svy3om4zwzanirr6a', '20071109NM00000000000000000000050113', 0, 'a63bmttk27l184o9bflrj5r6gr99s7', 'zflhcphfusbn77k256c7wpxr6bra3ybx', '20071109NM00000000000000000000050113', 1, 1, '6x3vq4r959ux5iof7teyqehqokh0laus0287', 0, 'i934moglfjm39ohidv1hovu1xpq68a1f0218');
INSERT INTO md_attribute ( oid) VALUES ('i934moglfjm39ohidv1hovu1xpq68a1f0218');
INSERT INTO metadata ( create_date, seq, type, created_by, last_update_date, last_updated_by, description, locked_by, remove, owner, entity_domain, oid, key_name, site_master) VALUES ('2017-06-12 23:54:42', 4913, 'com.runwaysdk.system.metadata.MdAttributeReference', '000000000000000000000000000000100060', '2017-06-12 23:54:42', '000000000000000000000000000000100060', '73uzyilixi32w05py65tqu2bi99huc890287', NULL, 0, '000000000000000000000000000000100060', NULL, 'i934moglfjm39ohidv1hovu1xpq68a1f0218', 'com.runwaysdk.system.metadata.IndicatorComposite.rightOperand', 'www.runwaysdk.com');
ALTER TABLE indicator_composite ADD COLUMN right_operand  char(64);
INSERT INTO class_attribute_concrete ( oid, parent_oid, child_oid) VALUES ('i934moglfjm39ohidv1hovu1xpq68a1f0245', 'ijx2qpvkmeubmt67o8t8ac0a5nd4x8pc0058', 'i934moglfjm39ohidv1hovu1xpq68a1f0218');
INSERT INTO class_attribute ( oid, parent_oid, child_oid) VALUES ('i934moglfjm39ohidv1hovu1xpq68a1f0245', 'ijx2qpvkmeubmt67o8t8ac0a5nd4x8pc0058', 'i934moglfjm39ohidv1hovu1xpq68a1f0218');
INSERT INTO metadata_relationship ( oid, created_by, type, last_update_date, site_master, owner, seq, key_name, entity_domain, locked_by, create_date, last_updated_by, parent_oid, child_oid) VALUES ('i934moglfjm39ohidv1hovu1xpq68a1f0245', '000000000000000000000000000000100060', 'com.runwaysdk.system.metadata.ClassAttributeConcrete', '2017-06-12 23:54:42', 'www.runwaysdk.com', '000000000000000000000000000000100060', 4914, 'com.runwaysdk.system.metadata.IndicatorComposite.rightOperand', NULL, NULL, '2017-06-12 23:54:42', '000000000000000000000000000000100060', 'ijx2qpvkmeubmt67o8t8ac0a5nd4x8pc0058', 'i934moglfjm39ohidv1hovu1xpq68a1f0218');
CREATE INDEX a63bmttk27l184o9bflrj5r6gr99s7 ON indicator_composite (right_operand);
INSERT INTO class_cache (set_id, item_id)  VALUES  ('z0kfv7t3uf71dwujgkpcsvhjo71st1i8', '000000000000000000000000000002310077');
INSERT INTO metadata_display_label ( key_name, oid, site_master, default_locale) VALUES ('0ff6hrwdnblbnaknt0460bkuqm4306780287', '0ff6hrwdnblbnaknt0460bkuqm4306780287', 'www.runwaysdk.com', 'MdAttributeIndicator');
INSERT INTO metadata_display_label ( key_name, oid, site_master, default_locale) VALUES ('xnmjb8t32jpjva6v5guuefvmw37fv26d0287', 'xnmjb8t32jpjva6v5guuefvmw37fv26d0287', 'www.runwaysdk.com', 'Indicator attribute metadata');
INSERT INTO md_business ( super_md_business, cache_algorithm, cache_algorithm_c, oid) VALUES ('000000000000000000000000000000020058', 'z0kfv7t3uf71dwujgkpcsvhjo71st1i8', '000000000000000000000000000002310077', 'i1d478ac3n9ibhoahdzxqugpmqj8nwb50058');
INSERT INTO md_element ( is_abstract, extendable, oid) VALUES (0, 1, 'i1d478ac3n9ibhoahdzxqugpmqj8nwb50058');
INSERT INTO md_entity ( cache_size, query_dto_source, has_deterministic_ids, enforce_site_master, query_source, table_name, oid) VALUES (0, NULL, 1, 1, NULL, 'md_attribute_indicator', 'i1d478ac3n9ibhoahdzxqugpmqj8nwb50058');
INSERT INTO md_class ( stub_source, publish, stub_dto_source, oid) VALUES (NULL, 1, NULL, 'i1d478ac3n9ibhoahdzxqugpmqj8nwb50058');
INSERT INTO md_type ( type_name, js_stub, display_label, exported, generate_source, js_base, base_source, package_name, root_id, dto_source, oid) VALUES ('MdAttributeIndicator', NULL, '0ff6hrwdnblbnaknt0460bkuqm4306780287', 1, 1, NULL, NULL, 'com.runwaysdk.system.metadata', 'i1d478ac3n9ibhoahdzxqugpmqj8nwb5', NULL, 'i1d478ac3n9ibhoahdzxqugpmqj8nwb50058');
INSERT INTO metadata ( create_date, seq, type, created_by, last_update_date, last_updated_by, description, locked_by, remove, owner, entity_domain, oid, key_name, site_master) VALUES ('2017-06-12 23:54:42', 4915, 'com.runwaysdk.system.metadata.MdBusiness', '000000000000000000000000000000100060', '2017-06-12 23:54:42', '000000000000000000000000000000100060', 'xnmjb8t32jpjva6v5guuefvmw37fv26d0287', NULL, 0, '000000000000000000000000000000100060', NULL, 'i1d478ac3n9ibhoahdzxqugpmqj8nwb50058', 'com.runwaysdk.system.metadata.MdAttributeIndicator', 'www.runwaysdk.com');
CREATE TABLE md_attribute_indicator ( oid CHAR(64) NOT NULL PRIMARY KEY );
INSERT INTO business_inheritance ( oid, parent_oid, child_oid) VALUES ('i1d478ac3n9ibhoahdzxqugpmqj8nwb50257', '000000000000000000000000000000020058', 'i1d478ac3n9ibhoahdzxqugpmqj8nwb50058');
INSERT INTO class_inheritance ( oid, parent_oid, child_oid) VALUES ('i1d478ac3n9ibhoahdzxqugpmqj8nwb50257', '000000000000000000000000000000020058', 'i1d478ac3n9ibhoahdzxqugpmqj8nwb50058');
INSERT INTO metadata_relationship ( oid, created_by, type, last_update_date, site_master, owner, seq, key_name, entity_domain, locked_by, create_date, last_updated_by, parent_oid, child_oid) VALUES ('i1d478ac3n9ibhoahdzxqugpmqj8nwb50257', '000000000000000000000000000000100060', 'com.runwaysdk.system.metadata.BusinessInheritance', '2017-06-12 23:54:42', 'www.runwaysdk.com', '000000000000000000000000000000100060', 4916, 'com.runwaysdk.system.metadata.MdAttributeIndicator', NULL, NULL, '2017-06-12 23:54:42', '000000000000000000000000000000100060', '000000000000000000000000000000020058', 'i1d478ac3n9ibhoahdzxqugpmqj8nwb50058');


INSERT INTO md_attribute_indicies (set_id, item_id)  VALUES  ('0jnxn6eylr5n1vzyusxs0fg2yynxzts3', '000000000000000000000000000004000085');
INSERT INTO visibilitymodifier (set_id, item_id)  VALUES  ('xoqmucbhm1dxt4cwspa9b3hsduaek2op', '20071109NM00000000000000000000050113');
INSERT INTO visibilitymodifier (set_id, item_id)  VALUES  ('z9w9831qgezv0oikauw1tjso2l3r9g9w', '20071109NM00000000000000000000050113');
INSERT INTO metadata_display_label ( key_name, oid, site_master, default_locale) VALUES ('xd55zz0on9jqsf6o8bvmbrn254wju53f0287', 'xd55zz0on9jqsf6o8bvmbrn254wju53f0287', 'www.runwaysdk.com', 'Indicator');
INSERT INTO metadata_display_label ( key_name, oid, site_master, default_locale) VALUES ('7azxvt1x4qso8iojootj0eeo9sq5rneh0287', '7azxvt1x4qso8iojootj0eeo9sq5rneh0287', 'www.runwaysdk.com', 'Reference to a Indicator object');
INSERT INTO md_attribute_reference ( default_value, md_business, oid) VALUES (NULL, 'in5q49sp4ysp566txfog13xfvpjpjrnb0058', 'irmkzjseaor2u8hk8ro3bsorla2mfatd0218');
INSERT INTO md_attribute_ref ( oid) VALUES ('irmkzjseaor2u8hk8ro3bsorla2mfatd0218');
INSERT INTO md_attribute_concrete ( defining_md_class, column_name, index_type, index_type_c, attribute_name, getter_visibility, getter_visibility_c, system, index_name, setter_visibility, setter_visibility_c, required, generate_accessor, display_label, immutable, oid) VALUES ('i1d478ac3n9ibhoahdzxqugpmqj8nwb50058', 'indicator_element', '0jnxn6eylr5n1vzyusxs0fg2yynxzts3', '000000000000000000000000000004000085', 'indicatorElement', 'xoqmucbhm1dxt4cwspa9b3hsduaek2op', '20071109NM00000000000000000000050113', 0, 'afi4muma3249udews681rajxm0dyzu', 'z9w9831qgezv0oikauw1tjso2l3r9g9w', '20071109NM00000000000000000000050113', 1, 1, 'xd55zz0on9jqsf6o8bvmbrn254wju53f0287', 0, 'irmkzjseaor2u8hk8ro3bsorla2mfatd0218');
INSERT INTO md_attribute ( oid) VALUES ('irmkzjseaor2u8hk8ro3bsorla2mfatd0218');
INSERT INTO metadata ( create_date, seq, type, created_by, last_update_date, last_updated_by, description, locked_by, remove, owner, entity_domain, oid, key_name, site_master) VALUES ('2017-06-12 23:54:42', 4917, 'com.runwaysdk.system.metadata.MdAttributeReference', '000000000000000000000000000000100060', '2017-06-12 23:54:42', '000000000000000000000000000000100060', '7azxvt1x4qso8iojootj0eeo9sq5rneh0287', NULL, 0, '000000000000000000000000000000100060', NULL, 'irmkzjseaor2u8hk8ro3bsorla2mfatd0218', 'com.runwaysdk.system.metadata.MdAttributeIndicator.indicatorElement', 'www.runwaysdk.com');
ALTER TABLE md_attribute_indicator ADD COLUMN indicator_element  char(64);
INSERT INTO class_attribute_concrete ( oid, parent_oid, child_oid) VALUES ('irmkzjseaor2u8hk8ro3bsorla2mfatd0245', 'i1d478ac3n9ibhoahdzxqugpmqj8nwb50058', 'irmkzjseaor2u8hk8ro3bsorla2mfatd0218');
INSERT INTO class_attribute ( oid, parent_oid, child_oid) VALUES ('irmkzjseaor2u8hk8ro3bsorla2mfatd0245', 'i1d478ac3n9ibhoahdzxqugpmqj8nwb50058', 'irmkzjseaor2u8hk8ro3bsorla2mfatd0218');
INSERT INTO metadata_relationship ( oid, created_by, type, last_update_date, site_master, owner, seq, key_name, entity_domain, locked_by, create_date, last_updated_by, parent_oid, child_oid) VALUES ('irmkzjseaor2u8hk8ro3bsorla2mfatd0245', '000000000000000000000000000000100060', 'com.runwaysdk.system.metadata.ClassAttributeConcrete', '2017-06-12 23:54:42', 'www.runwaysdk.com', '000000000000000000000000000000100060', 4918, 'com.runwaysdk.system.metadata.MdAttributeIndicator.indicatorElement', NULL, NULL, '2017-06-12 23:54:42', '000000000000000000000000000000100060', 'i1d478ac3n9ibhoahdzxqugpmqj8nwb50058', 'irmkzjseaor2u8hk8ro3bsorla2mfatd0218');
CREATE INDEX afi4muma3249udews681rajxm0dyzu ON md_attribute_indicator (indicator_element);
INSERT INTO visibilitymodifier (set_id, item_id)  VALUES  ('0qmsmnbmkot8sc6pii5ahl9tow0gpqxz', '20071109NM00000000000000000000050113');
INSERT INTO metadata_display_label ( key_name, oid, site_master, default_locale) VALUES ('6vq189ymhfzk5qqax6dc15ikdmcqmra20287', '6vq189ymhfzk5qqax6dc15ikdmcqmra20287', 'www.runwaysdk.com', 'com.runwaysdk.system.metadata.IndicatorComposite');
INSERT INTO visibilitymodifier (set_id, item_id)  VALUES  ('8je8qldox0emvgw46c89ajsx7mvepomb', '20071109NM00000000000000000000050113');
INSERT INTO metadata_display_label ( key_name, oid, site_master, default_locale) VALUES ('xvjcigtppw31esdtnevir2t1yu794puq0287', 'xvjcigtppw31esdtnevir2t1yu794puq0287', 'www.runwaysdk.com', 'com.runwaysdk.system.metadata.MdAttributeIndicator');
INSERT INTO relationship_cache (set_id, item_id)  VALUES  ('yw67voear26xmuo8br3semilv9ktdgnc', '000000000000000000000000000002310077');
INSERT INTO metadata_display_label ( key_name, oid, site_master, default_locale) VALUES ('8gr71268lu0jqor7nvs8oxvafh8h2xa60287', '8gr71268lu0jqor7nvs8oxvafh8h2xa60287', 'www.runwaysdk.com', 'Attribute Indicator');
INSERT INTO metadata_display_label ( key_name, oid, site_master, default_locale) VALUES ('rdccbomjpy0nd932qsz1ioxkj46w90sf0287', 'rdccbomjpy0nd932qsz1ioxkj46w90sf0287', 'www.runwaysdk.com', NULL);
INSERT INTO md_tree ( oid) VALUES ('insw5s11o7uyyxpddw0mmv3v3rct7c1k0103');
INSERT INTO md_graph ( oid) VALUES ('insw5s11o7uyyxpddw0mmv3v3rct7c1k0103');
INSERT INTO md_relationship ( child_cardinality, index2_name, parent_visibility, parent_visibility_c, sort_md_attribute, child_md_business, super_md_relationship, child_display_label, index1_name, parent_cardinality, child_visibility, child_visibility_c, parent_method, parent_display_label, parent_md_business, cache_algorithm, cache_algorithm_c, composition, child_method, oid) VALUES ('1', 'rel_xzmtnzq4a6zunj9yvubab7qk40', '0qmsmnbmkot8sc6pii5ahl9tow0gpqxz', '20071109NM00000000000000000000050113', NULL, 'ijx2qpvkmeubmt67o8t8ac0a5nd4x8pc0058', '000000000000000000000000000005630103', '6vq189ymhfzk5qqax6dc15ikdmcqmra20287', 'rel_zgd60movn03fqopp8eteh140et', '1', '8je8qldox0emvgw46c89ajsx7mvepomb', '20071109NM00000000000000000000050113', 'getMdAttributeIndicator', 'xvjcigtppw31esdtnevir2t1yu794puq0287', 'i1d478ac3n9ibhoahdzxqugpmqj8nwb50058', 'yw67voear26xmuo8br3semilv9ktdgnc', '000000000000000000000000000002310077', 1, 'getReferencedIndicator', 'insw5s11o7uyyxpddw0mmv3v3rct7c1k0103');
INSERT INTO md_element ( is_abstract, extendable, oid) VALUES (0, 0, 'insw5s11o7uyyxpddw0mmv3v3rct7c1k0103');
INSERT INTO md_entity ( cache_size, query_dto_source, has_deterministic_ids, enforce_site_master, query_source, table_name, oid) VALUES (0, NULL, 0, 1, NULL, 'attribute_indicator', 'insw5s11o7uyyxpddw0mmv3v3rct7c1k0103');
INSERT INTO md_class ( stub_source, publish, stub_dto_source, oid) VALUES (NULL, 1, NULL, 'insw5s11o7uyyxpddw0mmv3v3rct7c1k0103');
INSERT INTO md_type ( type_name, js_stub, display_label, exported, generate_source, js_base, base_source, package_name, root_id, dto_source, oid) VALUES ('AttributeIndicator', NULL, '8gr71268lu0jqor7nvs8oxvafh8h2xa60287', 1, 1, NULL, NULL, 'com.runwaysdk.system.metadata', 'insw5s11o7uyyxpddw0mmv3v3rct7c1k', NULL, 'insw5s11o7uyyxpddw0mmv3v3rct7c1k0103');
INSERT INTO metadata ( create_date, seq, type, created_by, last_update_date, last_updated_by, description, locked_by, remove, owner, entity_domain, oid, key_name, site_master) VALUES ('2017-06-12 23:54:42', 4919, 'com.runwaysdk.system.metadata.MdTree', '000000000000000000000000000000100060', '2017-06-12 23:54:42', '000000000000000000000000000000100060', 'rdccbomjpy0nd932qsz1ioxkj46w90sf0287', NULL, 0, '000000000000000000000000000000100060', NULL, 'insw5s11o7uyyxpddw0mmv3v3rct7c1k0103', 'com.runwaysdk.system.metadata.AttributeIndicator', 'www.runwaysdk.com');
CREATE TABLE attribute_indicator ( oid CHAR(64) NOT NULL PRIMARY KEY, 
parent_oid CHAR(64) NOT NULL, 
child_oid CHAR(64) NOT NULL );
CREATE  UNIQUE  INDEX rel_zgd60movn03fqopp8eteh140et ON attribute_indicator (parent_oid, child_oid);
CREATE INDEX rel_xzmtnzq4a6zunj9yvubab7qk40 ON attribute_indicator (child_oid);
INSERT INTO relationship_inheritance ( oid, parent_oid, child_oid) VALUES ('adbc0e6b-00d3-3715-b019-20ec4c140258', '000000000000000000000000000005630103', 'insw5s11o7uyyxpddw0mmv3v3rct7c1k0103');
INSERT INTO class_inheritance ( oid, parent_oid, child_oid) VALUES ('adbc0e6b-00d3-3715-b019-20ec4c140258', '000000000000000000000000000005630103', 'insw5s11o7uyyxpddw0mmv3v3rct7c1k0103');
INSERT INTO metadata_relationship ( oid, created_by, type, last_update_date, site_master, owner, seq, key_name, entity_domain, locked_by, create_date, last_updated_by, parent_oid, child_oid) VALUES ('adbc0e6b-00d3-3715-b019-20ec4c140258', '000000000000000000000000000000100060', 'com.runwaysdk.system.metadata.RelationshipInheritance', '2017-06-12 23:54:42', 'www.runwaysdk.com', '000000000000000000000000000000100060', 4920, 'com.runwaysdk.system.metadata.AttributeIndicator', NULL, NULL, '2017-06-12 23:54:42', '000000000000000000000000000000100060', '000000000000000000000000000005630103', 'insw5s11o7uyyxpddw0mmv3v3rct7c1k0103');


UPDATE md_business SET super_md_business= 'in5q49sp4ysp566txfog13xfvpjpjrnb0058' , cache_algorithm= '28zsigp2j2u0j28e8vo4ifrkz7res5z7' , cache_algorithm_c= '000000000000000000000000000002310077' , oid= 'ijx2qpvkmeubmt67o8t8ac0a5nd4x8pc0058'  WHERE oid='ijx2qpvkmeubmt67o8t8ac0a5nd4x8pc0058';
UPDATE md_element SET extendable= 0 , oid= 'ijx2qpvkmeubmt67o8t8ac0a5nd4x8pc0058'  WHERE oid='ijx2qpvkmeubmt67o8t8ac0a5nd4x8pc0058';
UPDATE md_entity SET table_name= 'indicator_composite' , oid= 'ijx2qpvkmeubmt67o8t8ac0a5nd4x8pc0058'  WHERE oid='ijx2qpvkmeubmt67o8t8ac0a5nd4x8pc0058';
UPDATE md_type SET type_name= 'IndicatorComposite' , display_label= '76b80t2k38zpiz0l24tu8vzdj2z9ufg70287' , package_name= 'com.runwaysdk.system.metadata' , root_id= 'ijx2qpvkmeubmt67o8t8ac0a5nd4x8pc' , oid= 'ijx2qpvkmeubmt67o8t8ac0a5nd4x8pc0058'  WHERE oid='ijx2qpvkmeubmt67o8t8ac0a5nd4x8pc0058';
UPDATE metadata SET create_date= '2017-06-12 23:54:42' , seq= 4921 , type= 'com.runwaysdk.system.metadata.MdBusiness' , created_by= '000000000000000000000000000000100060' , last_update_date= '2017-06-12 23:54:42' , last_updated_by= '000000000000000000000000000000100060' , description= '936xkhghpk4o1y91tywd6k9rtwj99iga0287' , remove= 0 , owner= '000000000000000000000000000000100060' , oid= 'ijx2qpvkmeubmt67o8t8ac0a5nd4x8pc0058' , key_name= 'com.runwaysdk.system.metadata.IndicatorComposite' , site_master= 'www.runwaysdk.com'  WHERE oid='ijx2qpvkmeubmt67o8t8ac0a5nd4x8pc0058';
UPDATE md_enumeration SET master_md_business= 'iqumzzbqjmhyxor5e94ff0tpvop4msec0058' , table_name= 'indicator_operator' , include_all= 1 , oid= 'i1p4wlz5q43qzcm2962gevo9gt62d4nt0075'  WHERE oid='i1p4wlz5q43qzcm2962gevo9gt62d4nt0075';
UPDATE md_type SET type_name= 'IndicatorOperator' , display_label= 'qtcd1gu779vto4b3wk3x9btmoe0z8aem0287' , package_name= 'com.runwaysdk.system.metadata' , root_id= 'i1p4wlz5q43qzcm2962gevo9gt62d4nt' , oid= 'i1p4wlz5q43qzcm2962gevo9gt62d4nt0075'  WHERE oid='i1p4wlz5q43qzcm2962gevo9gt62d4nt0075';
UPDATE metadata SET create_date= '2017-06-12 23:54:42' , seq= 4922 , type= 'com.runwaysdk.system.metadata.MdEnumeration' , created_by= '000000000000000000000000000000100060' , last_update_date= '2017-06-12 23:54:42' , last_updated_by= '000000000000000000000000000000100060' , description= '0fm1xl4wlmixhak4ozbahpjw12tkypqd0287' , remove= 0 , owner= '000000000000000000000000000000100060' , oid= 'i1p4wlz5q43qzcm2962gevo9gt62d4nt0075' , key_name= 'com.runwaysdk.system.metadata.IndicatorOperator' , site_master= 'www.runwaysdk.com'  WHERE oid='i1p4wlz5q43qzcm2962gevo9gt62d4nt0075';
UPDATE md_business SET super_md_business= '000000000000000000000000000002060058' , cache_algorithm= 'zladoytsrtrnka3sjbypn7ixupysbcix' , cache_algorithm_c= '000000000000000000000000000002310077' , oid= 'iqumzzbqjmhyxor5e94ff0tpvop4msec0058'  WHERE oid='iqumzzbqjmhyxor5e94ff0tpvop4msec0058';
UPDATE md_element SET extendable= 0 , oid= 'iqumzzbqjmhyxor5e94ff0tpvop4msec0058'  WHERE oid='iqumzzbqjmhyxor5e94ff0tpvop4msec0058';
UPDATE md_entity SET has_deterministic_ids= 1 , table_name= 'math_operator' , oid= 'iqumzzbqjmhyxor5e94ff0tpvop4msec0058'  WHERE oid='iqumzzbqjmhyxor5e94ff0tpvop4msec0058';
UPDATE md_type SET type_name= 'MathOperator' , display_label= 'quo85nipz79aucf9ahn2p7f4f75omvc20287' , package_name= 'com.runwaysdk.system.metadata' , root_id= 'iqumzzbqjmhyxor5e94ff0tpvop4msec' , oid= 'iqumzzbqjmhyxor5e94ff0tpvop4msec0058'  WHERE oid='iqumzzbqjmhyxor5e94ff0tpvop4msec0058';
UPDATE metadata SET create_date= '2017-06-12 23:54:42' , seq= 4923 , type= 'com.runwaysdk.system.metadata.MdBusiness' , created_by= '000000000000000000000000000000100060' , last_update_date= '2017-06-12 23:54:42' , last_updated_by= '000000000000000000000000000000100060' , description= '73izzv1v8391p0rfxdapq5fte7q32u7o0287' , remove= 0 , owner= '000000000000000000000000000000100060' , oid= 'iqumzzbqjmhyxor5e94ff0tpvop4msec0058' , key_name= 'com.runwaysdk.system.metadata.MathOperator' , site_master= 'www.runwaysdk.com'  WHERE oid='iqumzzbqjmhyxor5e94ff0tpvop4msec0058';
UPDATE md_enumeration SET master_md_business= 'ii7sig2clgy9z81k9zxs901sout0qs8q0058' , table_name= 'indicator_aggregate_function' , include_all= 1 , oid= 'i0mpeef4ubwk29ntr0po98lywhtzoi4m0075'  WHERE oid='i0mpeef4ubwk29ntr0po98lywhtzoi4m0075';
UPDATE md_type SET type_name= 'IndicatorAggregateFunction' , display_label= 'qy1hziyw6kh3gzp6bhchstq59jymczwl0287' , package_name= 'com.runwaysdk.system.metadata' , root_id= 'i0mpeef4ubwk29ntr0po98lywhtzoi4m' , oid= 'i0mpeef4ubwk29ntr0po98lywhtzoi4m0075'  WHERE oid='i0mpeef4ubwk29ntr0po98lywhtzoi4m0075';
UPDATE metadata SET create_date= '2017-06-12 23:54:42' , seq= 4924 , type= 'com.runwaysdk.system.metadata.MdEnumeration' , created_by= '000000000000000000000000000000100060' , last_update_date= '2017-06-12 23:54:42' , last_updated_by= '000000000000000000000000000000100060' , description= '6or5ndhqmnebmeryre6hdnhpne9e978c0287' , remove= 0 , owner= '000000000000000000000000000000100060' , oid= 'i0mpeef4ubwk29ntr0po98lywhtzoi4m0075' , key_name= 'com.runwaysdk.system.metadata.IndicatorAggregateFunction' , site_master= 'www.runwaysdk.com'  WHERE oid='i0mpeef4ubwk29ntr0po98lywhtzoi4m0075';
UPDATE md_business SET super_md_business= 'in5q49sp4ysp566txfog13xfvpjpjrnb0058' , cache_algorithm= '6s5w9fgqgzfuotumf622hgk9aoiluz2b' , cache_algorithm_c= '000000000000000000000000000002310077' , oid= 'i9y6m5oxeb0pf2gafpy8u6nl8xo8sut50058'  WHERE oid='i9y6m5oxeb0pf2gafpy8u6nl8xo8sut50058';
UPDATE md_element SET extendable= 0 , oid= 'i9y6m5oxeb0pf2gafpy8u6nl8xo8sut50058'  WHERE oid='i9y6m5oxeb0pf2gafpy8u6nl8xo8sut50058';
UPDATE md_entity SET table_name= 'indicator_primitive' , oid= 'i9y6m5oxeb0pf2gafpy8u6nl8xo8sut50058'  WHERE oid='i9y6m5oxeb0pf2gafpy8u6nl8xo8sut50058';
UPDATE md_type SET type_name= 'IndicatorPrimitive' , display_label= 'zdl2392ypy9lg2i02v5v15by1boi7f0n0287' , package_name= 'com.runwaysdk.system.metadata' , root_id= 'i9y6m5oxeb0pf2gafpy8u6nl8xo8sut5' , oid= 'i9y6m5oxeb0pf2gafpy8u6nl8xo8sut50058'  WHERE oid='i9y6m5oxeb0pf2gafpy8u6nl8xo8sut50058';
UPDATE metadata SET create_date= '2017-06-12 23:54:42' , seq= 4925 , type= 'com.runwaysdk.system.metadata.MdBusiness' , created_by= '000000000000000000000000000000100060' , last_update_date= '2017-06-12 23:54:42' , last_updated_by= '000000000000000000000000000000100060' , description= '0a2e31ctju4f25r4l6gvyymn7116z0cf0287' , remove= 0 , owner= '000000000000000000000000000000100060' , oid= 'i9y6m5oxeb0pf2gafpy8u6nl8xo8sut50058' , key_name= 'com.runwaysdk.system.metadata.IndicatorPrimitive' , site_master= 'www.runwaysdk.com'  WHERE oid='i9y6m5oxeb0pf2gafpy8u6nl8xo8sut50058';
UPDATE md_business SET cache_algorithm= 'snte1b7tt4h47d5ytz5l44tsb9jhv910' , cache_algorithm_c= '000000000000000000000000000002300077' , oid= 'in5q49sp4ysp566txfog13xfvpjpjrnb0058'  WHERE oid='in5q49sp4ysp566txfog13xfvpjpjrnb0058';
UPDATE md_element SET is_abstract= 1 , oid= 'in5q49sp4ysp566txfog13xfvpjpjrnb0058'  WHERE oid='in5q49sp4ysp566txfog13xfvpjpjrnb0058';
UPDATE md_entity SET has_deterministic_ids= 1 , table_name= 'indicator_element' , oid= 'in5q49sp4ysp566txfog13xfvpjpjrnb0058'  WHERE oid='in5q49sp4ysp566txfog13xfvpjpjrnb0058';
UPDATE md_type SET type_name= 'IndicatorElement' , display_label= '0s4qzzki2ii4kt8jtcqwbx4z8ptjkdav0287' , package_name= 'com.runwaysdk.system.metadata' , root_id= 'in5q49sp4ysp566txfog13xfvpjpjrnb' , oid= 'in5q49sp4ysp566txfog13xfvpjpjrnb0058'  WHERE oid='in5q49sp4ysp566txfog13xfvpjpjrnb0058';
UPDATE metadata SET create_date= '2017-06-12 23:54:42' , seq= 4926 , type= 'com.runwaysdk.system.metadata.MdBusiness' , created_by= '000000000000000000000000000000100060' , last_update_date= '2017-06-12 23:54:42' , last_updated_by= '000000000000000000000000000000100060' , description= '8kqfa1ztedhazxpz1fi1pcmm23xrkikc0287' , remove= 0 , owner= '000000000000000000000000000000100060' , oid= 'in5q49sp4ysp566txfog13xfvpjpjrnb0058' , key_name= 'com.runwaysdk.system.metadata.IndicatorElement' , site_master= 'www.runwaysdk.com'  WHERE oid='in5q49sp4ysp566txfog13xfvpjpjrnb0058';
UPDATE md_relationship SET child_cardinality= '1' , index2_name= 'rel_xzmtnzq4a6zunj9yvubab7qk40' , parent_visibility= '0qmsmnbmkot8sc6pii5ahl9tow0gpqxz' , parent_visibility_c= '20071109NM00000000000000000000050113' , child_md_business= 'ijx2qpvkmeubmt67o8t8ac0a5nd4x8pc0058' , super_md_relationship= '000000000000000000000000000005630103' , child_display_label= '6vq189ymhfzk5qqax6dc15ikdmcqmra20287' , index1_name= 'rel_zgd60movn03fqopp8eteh140et' , parent_cardinality= '1' , child_visibility= '8je8qldox0emvgw46c89ajsx7mvepomb' , child_visibility_c= '20071109NM00000000000000000000050113' , parent_method= 'getMdAttributeIndicator' , parent_display_label= 'xvjcigtppw31esdtnevir2t1yu794puq0287' , parent_md_business= 'i1d478ac3n9ibhoahdzxqugpmqj8nwb50058' , cache_algorithm= 'yw67voear26xmuo8br3semilv9ktdgnc' , cache_algorithm_c= '000000000000000000000000000002310077' , composition= 1 , child_method= 'getReferencedIndicator' , oid= 'insw5s11o7uyyxpddw0mmv3v3rct7c1k0103'  WHERE oid='insw5s11o7uyyxpddw0mmv3v3rct7c1k0103';
UPDATE md_element SET extendable= 0 , oid= 'insw5s11o7uyyxpddw0mmv3v3rct7c1k0103'  WHERE oid='insw5s11o7uyyxpddw0mmv3v3rct7c1k0103';
UPDATE md_entity SET table_name= 'attribute_indicator' , oid= 'insw5s11o7uyyxpddw0mmv3v3rct7c1k0103'  WHERE oid='insw5s11o7uyyxpddw0mmv3v3rct7c1k0103';
UPDATE md_type SET type_name= 'AttributeIndicator' , display_label= '8gr71268lu0jqor7nvs8oxvafh8h2xa60287' , package_name= 'com.runwaysdk.system.metadata' , root_id= 'insw5s11o7uyyxpddw0mmv3v3rct7c1k' , oid= 'insw5s11o7uyyxpddw0mmv3v3rct7c1k0103'  WHERE oid='insw5s11o7uyyxpddw0mmv3v3rct7c1k0103';
UPDATE metadata SET create_date= '2017-06-12 23:54:42' , seq= 4927 , type= 'com.runwaysdk.system.metadata.MdTree' , created_by= '000000000000000000000000000000100060' , last_update_date= '2017-06-12 23:54:42' , last_updated_by= '000000000000000000000000000000100060' , description= 'rdccbomjpy0nd932qsz1ioxkj46w90sf0287' , remove= 0 , owner= '000000000000000000000000000000100060' , oid= 'insw5s11o7uyyxpddw0mmv3v3rct7c1k0103' , key_name= 'com.runwaysdk.system.metadata.AttributeIndicator' , site_master= 'www.runwaysdk.com'  WHERE oid='insw5s11o7uyyxpddw0mmv3v3rct7c1k0103';
UPDATE md_business SET super_md_business= '000000000000000000000000000002060058' , cache_algorithm= 'xsqnptbxmoci7iuhlceqbowg7t2n2ow6' , cache_algorithm_c= '000000000000000000000000000002310077' , oid= 'ii7sig2clgy9z81k9zxs901sout0qs8q0058'  WHERE oid='ii7sig2clgy9z81k9zxs901sout0qs8q0058';
UPDATE md_element SET extendable= 0 , oid= 'ii7sig2clgy9z81k9zxs901sout0qs8q0058'  WHERE oid='ii7sig2clgy9z81k9zxs901sout0qs8q0058';
UPDATE md_entity SET has_deterministic_ids= 1 , table_name= 'aggregation_function' , oid= 'ii7sig2clgy9z81k9zxs901sout0qs8q0058'  WHERE oid='ii7sig2clgy9z81k9zxs901sout0qs8q0058';
UPDATE md_type SET type_name= 'AggregationFunction' , display_label= 'y1p2txb94sumjupq78wiqt69y98oduzs0287' , package_name= 'com.runwaysdk.system.metadata' , root_id= 'ii7sig2clgy9z81k9zxs901sout0qs8q' , oid= 'ii7sig2clgy9z81k9zxs901sout0qs8q0058'  WHERE oid='ii7sig2clgy9z81k9zxs901sout0qs8q0058';
UPDATE metadata SET create_date= '2017-06-12 23:54:42' , seq= 4928 , type= 'com.runwaysdk.system.metadata.MdBusiness' , created_by= '000000000000000000000000000000100060' , last_update_date= '2017-06-12 23:54:42' , last_updated_by= '000000000000000000000000000000100060' , description= '1rgs3ixrnz0aup0g2u1pa8f0uel97tfb0287' , remove= 0 , owner= '000000000000000000000000000000100060' , oid= 'ii7sig2clgy9z81k9zxs901sout0qs8q0058' , key_name= 'com.runwaysdk.system.metadata.AggregationFunction' , site_master= 'www.runwaysdk.com'  WHERE oid='ii7sig2clgy9z81k9zxs901sout0qs8q0058';
UPDATE md_business SET super_md_business= '000000000000000000000000000000020058' , cache_algorithm= 'z0kfv7t3uf71dwujgkpcsvhjo71st1i8' , cache_algorithm_c= '000000000000000000000000000002310077' , oid= 'i1d478ac3n9ibhoahdzxqugpmqj8nwb50058'  WHERE oid='i1d478ac3n9ibhoahdzxqugpmqj8nwb50058';
UPDATE md_entity SET has_deterministic_ids= 1 , table_name= 'md_attribute_indicator' , oid= 'i1d478ac3n9ibhoahdzxqugpmqj8nwb50058'  WHERE oid='i1d478ac3n9ibhoahdzxqugpmqj8nwb50058';
UPDATE md_type SET type_name= 'MdAttributeIndicator' , display_label= '0ff6hrwdnblbnaknt0460bkuqm4306780287' , package_name= 'com.runwaysdk.system.metadata' , root_id= 'i1d478ac3n9ibhoahdzxqugpmqj8nwb5' , oid= 'i1d478ac3n9ibhoahdzxqugpmqj8nwb50058'  WHERE oid='i1d478ac3n9ibhoahdzxqugpmqj8nwb50058';
UPDATE metadata SET create_date= '2017-06-12 23:54:42' , seq= 4929 , type= 'com.runwaysdk.system.metadata.MdBusiness' , created_by= '000000000000000000000000000000100060' , last_update_date= '2017-06-12 23:54:42' , last_updated_by= '000000000000000000000000000000100060' , description= 'xnmjb8t32jpjva6v5guuefvmw37fv26d0287' , remove= 0 , owner= '000000000000000000000000000000100060' , oid= 'i1d478ac3n9ibhoahdzxqugpmqj8nwb50058' , key_name= 'com.runwaysdk.system.metadata.MdAttributeIndicator' , site_master= 'www.runwaysdk.com'  WHERE oid='i1d478ac3n9ibhoahdzxqugpmqj8nwb50058';
