--
-- Copyright (c) 2015 TerraFrame, Inc. All rights reserved.
--
-- This file is part of Runway SDK(tm).
--
-- Runway SDK(tm) is free software: you can redistribute it and/or modify
-- it under the terms of the GNU Lesser General Public License as
-- published by the Free Software Foundation, either version 3 of the
-- License, or (at your option) any later version.
--
-- Runway SDK(tm) is distributed in the hope that it will be useful, but
-- WITHOUT ANY WARRANTY; without even the implied warranty of
-- MERCHANTABILITY or FITNESS FOR A PARTICULAR PURPOSE.  See the
-- GNU Lesser General Public License for more details.
--
-- You should have received a copy of the GNU Lesser General Public
-- License along with Runway SDK(tm).  If not, see <http://www.gnu.org/licenses/>.
--

INSERT INTO md_localizable_message ( default_locale, oid, key_name, site_master) VALUES ('This is abstract and will never be displayed', 'xq2syy3dflyahlkho28it08t9n0lxd60xox4feeesezr4kr18adyz3v3h2ntja5s', 'xq2syy3dflyahlkho28it08t9n0lxd60xox4feeesezr4kr18adyz3v3h2ntja5s', 'www.runwaysdk.com');
INSERT INTO metadata_display_label ( default_locale, oid, site_master, key_name) VALUES ('Notification Problem', 'z225ku852ua4ig0oh560ngdu4occq9tnNM200904120000000000000000000030', 'www.runwaysdk.com', 'z225ku852ua4ig0oh560ngdu4occq9tnNM200904120000000000000000000030');
INSERT INTO metadata_display_label ( default_locale, oid, site_master, key_name) VALUES (NULL, '1p6fym7hkhtbsaljknyh51gc28qlz3jeNM200904120000000000000000000030', 'www.runwaysdk.com', '1p6fym7hkhtbsaljknyh51gc28qlz3jeNM200904120000000000000000000030');
INSERT INTO md_problem ( super_md_problem, oid) VALUES (NULL, 'zd8s3nexjr3qbzibkiyqshqf51ctmbvo20071130NM0000000000000000000017');
INSERT INTO md_notification ( oid) VALUES ('zd8s3nexjr3qbzibkiyqshqf51ctmbvo20071130NM0000000000000000000017');
INSERT INTO md_localizable ( message, oid) VALUES ('xq2syy3dflyahlkho28it08t9n0lxd60xox4feeesezr4kr18adyz3v3h2ntja5s', 'zd8s3nexjr3qbzibkiyqshqf51ctmbvo20071130NM0000000000000000000017');
INSERT INTO md_transient ( extendable, is_abstract, oid) VALUES (1, 1, 'zd8s3nexjr3qbzibkiyqshqf51ctmbvo20071130NM0000000000000000000017');
INSERT INTO md_class ( publish, stub_dto_source, stub_source, oid) VALUES (1, NULL, NULL, 'zd8s3nexjr3qbzibkiyqshqf51ctmbvo20071130NM0000000000000000000017');
INSERT INTO md_type ( display_label, root_id, package_name, type_name, base_source, js_base, js_stub, exported, dto_source, oid) VALUES ('z225ku852ua4ig0oh560ngdu4occq9tnNM200904120000000000000000000030', 'zd8s3nexjr3qbzibkiyqshqf51ctmbvo', 'com.runwaysdk.system.web', 'AttributeNotificationProblem', NULL, NULL, NULL, 1, NULL, 'zd8s3nexjr3qbzibkiyqshqf51ctmbvo20071130NM0000000000000000000017');
INSERT INTO metadata ( description, created_by, owner, oid, create_date, seq, type, remove, site_master, locked_by, entity_domain, last_updated_by, last_update_date, key_name) VALUES ('1p6fym7hkhtbsaljknyh51gc28qlz3jeNM200904120000000000000000000030', '0000000000000000000000000000001000000000000000000000000000000003', '0000000000000000000000000000001000000000000000000000000000000003', 'zd8s3nexjr3qbzibkiyqshqf51ctmbvo20071130NM0000000000000000000017', '2014-03-12 10:28:18', 4705, 'com.runwaysdk.system.metadata.MdProblem', 1, 'www.runwaysdk.com', NULL, NULL, '0000000000000000000000000000001000000000000000000000000000000003', '2014-03-12 10:28:18', 'com.runwaysdk.system.web.AttributeNotificationProblem');
 INSERT INTO visibilitymodifier (set_id, item_id)  VALUES  ('72faumodvkd2zoso7pl7oq4a00ike63v', '20071109NM000000000000000000000520071109NM0000000000000000000001');
INSERT INTO metadata_display_label ( default_locale, oid, site_master, key_name) VALUES ('ID', 'r3idx71oxcj7abm4o1mcth7bzr9vfv5pNM200904120000000000000000000030', 'www.runwaysdk.com', 'r3idx71oxcj7abm4o1mcth7bzr9vfv5pNM200904120000000000000000000030');
 INSERT INTO visibilitymodifier (set_id, item_id)  VALUES  ('0gal67gl86h4yupriwm8o83l2d6rivsy', '20071109NM000000000000000000000520071109NM0000000000000000000001');
 INSERT INTO md_attribute_indicies (set_id, item_id)  VALUES  ('8qwv90jvdit6s4qhsikqkou1sb83i6fr', '0000000000000000000000000000040900000000000000000000000000000403');
INSERT INTO metadata_display_label ( default_locale, oid, site_master, key_name) VALUES ('ID of this object', 't12et756ec2k4t1lr06xs8zw37mvj2rnNM200904120000000000000000000030', 'www.runwaysdk.com', 't12et756ec2k4t1lr06xs8zw37mvj2rnNM200904120000000000000000000030');
INSERT INTO md_attribute_character ( default_value, database_size, oid) VALUES (NULL, 64, '8jbhvp0if72w5fuyzqdiv25ou6yzuk0s00000000000000000000000000000138');
INSERT INTO md_attribute_char ( oid) VALUES ('8jbhvp0if72w5fuyzqdiv25ou6yzuk0s00000000000000000000000000000138');
INSERT INTO md_attribute_primitive ( oid) VALUES ('8jbhvp0if72w5fuyzqdiv25ou6yzuk0s00000000000000000000000000000138');
INSERT INTO md_attribute_concrete ( column_name, defining_md_class, setter_visibility, setter_visibility_c, immutable, index_name, generate_accessor, system, required, display_label, getter_visibility, getter_visibility_c, index_type, index_type_c, attribute_name, oid) VALUES ('n_a', 'zd8s3nexjr3qbzibkiyqshqf51ctmbvo20071130NM0000000000000000000017', '72faumodvkd2zoso7pl7oq4a00ike63v', '20071109NM000000000000000000000520071109NM0000000000000000000001', 0, NULL, 1, 1, 1, 'r3idx71oxcj7abm4o1mcth7bzr9vfv5pNM200904120000000000000000000030', '0gal67gl86h4yupriwm8o83l2d6rivsy', '20071109NM000000000000000000000520071109NM0000000000000000000001', '8qwv90jvdit6s4qhsikqkou1sb83i6fr', '0000000000000000000000000000040900000000000000000000000000000403', 'oid', '8jbhvp0if72w5fuyzqdiv25ou6yzuk0s00000000000000000000000000000138');
INSERT INTO md_attribute ( oid) VALUES ('8jbhvp0if72w5fuyzqdiv25ou6yzuk0s00000000000000000000000000000138');
INSERT INTO metadata ( description, created_by, owner, oid, create_date, seq, type, remove, site_master, locked_by, entity_domain, last_updated_by, last_update_date, key_name) VALUES ('t12et756ec2k4t1lr06xs8zw37mvj2rnNM200904120000000000000000000030', '0000000000000000000000000000001000000000000000000000000000000003', '0000000000000000000000000000001000000000000000000000000000000003', '8jbhvp0if72w5fuyzqdiv25ou6yzuk0s00000000000000000000000000000138', '2014-03-12 10:28:18', 4706, 'com.runwaysdk.system.metadata.MdAttributeCharacter', 0, 'www.runwaysdk.com', NULL, NULL, '0000000000000000000000000000001000000000000000000000000000000003', '2014-03-12 10:28:18', 'com.runwaysdk.system.web.AttributeNotificationProblem.oid');
INSERT INTO class_attribute_concrete ( oid, parent_id, child_id) VALUES ('r9782kqu2gig123np8x2745p63ithvlv00000000000000000000000000000073', 'zd8s3nexjr3qbzibkiyqshqf51ctmbvo20071130NM0000000000000000000017', '8jbhvp0if72w5fuyzqdiv25ou6yzuk0s00000000000000000000000000000138');
INSERT INTO class_attribute ( oid, parent_id, child_id) VALUES ('r9782kqu2gig123np8x2745p63ithvlv00000000000000000000000000000073', 'zd8s3nexjr3qbzibkiyqshqf51ctmbvo20071130NM0000000000000000000017', '8jbhvp0if72w5fuyzqdiv25ou6yzuk0s00000000000000000000000000000138');
INSERT INTO metadata_relationship ( entity_domain, site_master, last_updated_by, oid, owner, locked_by, create_date, type, created_by, seq, key_name, last_update_date, parent_id, child_id) VALUES (NULL, 'www.runwaysdk.com', '0000000000000000000000000000001000000000000000000000000000000003', 'r9782kqu2gig123np8x2745p63ithvlv00000000000000000000000000000073', '0000000000000000000000000000001000000000000000000000000000000003', NULL, '2014-03-12 10:28:18', 'com.runwaysdk.system.metadata.ClassAttributeConcrete', '0000000000000000000000000000001000000000000000000000000000000003', 4707, 'com.runwaysdk.system.web.AttributeNotificationProblem.oid', '2014-03-12 10:28:18', 'zd8s3nexjr3qbzibkiyqshqf51ctmbvo20071130NM0000000000000000000017', '8jbhvp0if72w5fuyzqdiv25ou6yzuk0s00000000000000000000000000000138');
 INSERT INTO visibilitymodifier (set_id, item_id)  VALUES  ('xf21bkcoogv02cicxxatceoph2yjf5pg', '20071109NM000000000000000000000520071109NM0000000000000000000001');
INSERT INTO metadata_display_label ( default_locale, oid, site_master, key_name) VALUES ('ComponentId', 'sanr2yo1c1mtsmhpsu413qwfkwvsd3dtNM200904120000000000000000000030', 'www.runwaysdk.com', 'sanr2yo1c1mtsmhpsu413qwfkwvsd3dtNM200904120000000000000000000030');
 INSERT INTO visibilitymodifier (set_id, item_id)  VALUES  ('8opjhuu1onavsxl734sablcyxa1z3zhb', '20071109NM000000000000000000000520071109NM0000000000000000000001');
 INSERT INTO md_attribute_indicies (set_id, item_id)  VALUES  ('sf95mgotkc80ovpri9a148g23jgn5rh0', '0000000000000000000000000000040100000000000000000000000000000403');
INSERT INTO metadata_display_label ( default_locale, oid, site_master, key_name) VALUES (NULL, 'xuw5swq4zl15jbkzhuwfu2ucv5vjjjmvNM200904120000000000000000000030', 'www.runwaysdk.com', 'xuw5swq4zl15jbkzhuwfu2ucv5vjjjmvNM200904120000000000000000000030');
INSERT INTO md_attribute_character ( default_value, database_size, oid) VALUES (NULL, 255, 'ziy9tmaf6msgob7cj5b81ntmaua7dien00000000000000000000000000000138');
INSERT INTO md_attribute_char ( oid) VALUES ('ziy9tmaf6msgob7cj5b81ntmaua7dien00000000000000000000000000000138');
INSERT INTO md_attribute_primitive ( oid) VALUES ('ziy9tmaf6msgob7cj5b81ntmaua7dien00000000000000000000000000000138');
INSERT INTO md_attribute_concrete ( column_name, defining_md_class, setter_visibility, setter_visibility_c, immutable, index_name, generate_accessor, system, required, display_label, getter_visibility, getter_visibility_c, index_type, index_type_c, attribute_name, oid) VALUES ('n_a', 'zd8s3nexjr3qbzibkiyqshqf51ctmbvo20071130NM0000000000000000000017', 'xf21bkcoogv02cicxxatceoph2yjf5pg', '20071109NM000000000000000000000520071109NM0000000000000000000001', 0, NULL, 1, 0, 1, 'sanr2yo1c1mtsmhpsu413qwfkwvsd3dtNM200904120000000000000000000030', '8opjhuu1onavsxl734sablcyxa1z3zhb', '20071109NM000000000000000000000520071109NM0000000000000000000001', 'sf95mgotkc80ovpri9a148g23jgn5rh0', '0000000000000000000000000000040100000000000000000000000000000403', 'componentId', 'ziy9tmaf6msgob7cj5b81ntmaua7dien00000000000000000000000000000138');
INSERT INTO md_attribute ( oid) VALUES ('ziy9tmaf6msgob7cj5b81ntmaua7dien00000000000000000000000000000138');
INSERT INTO metadata ( description, created_by, owner, oid, create_date, seq, type, remove, site_master, locked_by, entity_domain, last_updated_by, last_update_date, key_name) VALUES ('xuw5swq4zl15jbkzhuwfu2ucv5vjjjmvNM200904120000000000000000000030', '0000000000000000000000000000001000000000000000000000000000000003', '0000000000000000000000000000001000000000000000000000000000000003', 'ziy9tmaf6msgob7cj5b81ntmaua7dien00000000000000000000000000000138', '2014-03-12 10:28:18', 4708, 'com.runwaysdk.system.metadata.MdAttributeCharacter', 1, 'www.runwaysdk.com', NULL, NULL, '0000000000000000000000000000001000000000000000000000000000000003', '2014-03-12 10:28:18', 'com.runwaysdk.system.web.AttributeNotificationProblem.componentId');
INSERT INTO class_attribute_concrete ( oid, parent_id, child_id) VALUES ('zhfjtc9wliuf590sbj7mj5rsz7ukazxg00000000000000000000000000000073', 'zd8s3nexjr3qbzibkiyqshqf51ctmbvo20071130NM0000000000000000000017', 'ziy9tmaf6msgob7cj5b81ntmaua7dien00000000000000000000000000000138');
INSERT INTO class_attribute ( oid, parent_id, child_id) VALUES ('zhfjtc9wliuf590sbj7mj5rsz7ukazxg00000000000000000000000000000073', 'zd8s3nexjr3qbzibkiyqshqf51ctmbvo20071130NM0000000000000000000017', 'ziy9tmaf6msgob7cj5b81ntmaua7dien00000000000000000000000000000138');
INSERT INTO metadata_relationship ( entity_domain, site_master, last_updated_by, oid, owner, locked_by, create_date, type, created_by, seq, key_name, last_update_date, parent_id, child_id) VALUES (NULL, 'www.runwaysdk.com', '0000000000000000000000000000001000000000000000000000000000000003', 'zhfjtc9wliuf590sbj7mj5rsz7ukazxg00000000000000000000000000000073', '0000000000000000000000000000001000000000000000000000000000000003', NULL, '2014-03-12 10:28:18', 'com.runwaysdk.system.metadata.ClassAttributeConcrete', '0000000000000000000000000000001000000000000000000000000000000003', 4709, 'com.runwaysdk.system.web.AttributeNotificationProblem.componentId', '2014-03-12 10:28:18', 'zd8s3nexjr3qbzibkiyqshqf51ctmbvo20071130NM0000000000000000000017', 'ziy9tmaf6msgob7cj5b81ntmaua7dien00000000000000000000000000000138');
 INSERT INTO visibilitymodifier (set_id, item_id)  VALUES  ('0rels6iqwjpa9kfce7s3gqdyf90ppyhw', '20071109NM000000000000000000000520071109NM0000000000000000000001');
INSERT INTO metadata_display_label ( default_locale, oid, site_master, key_name) VALUES ('Defining Type', 'xis418ismnxnrl192owrfywhy7b3b2etNM200904120000000000000000000030', 'www.runwaysdk.com', 'xis418ismnxnrl192owrfywhy7b3b2etNM200904120000000000000000000030');
 INSERT INTO visibilitymodifier (set_id, item_id)  VALUES  ('7gnpiz2bi7kc35d3ov849ijyuo79slh0', '20071109NM000000000000000000000520071109NM0000000000000000000001');
 INSERT INTO md_attribute_indicies (set_id, item_id)  VALUES  ('2754sclbgutx1c44glhhky8ojxolubzm', '0000000000000000000000000000040100000000000000000000000000000403');
INSERT INTO metadata_display_label ( default_locale, oid, site_master, key_name) VALUES (NULL, 'zdeiioq6ydlbqkutwkmepuztxlc5hoyrNM200904120000000000000000000030', 'www.runwaysdk.com', 'zdeiioq6ydlbqkutwkmepuztxlc5hoyrNM200904120000000000000000000030');
INSERT INTO md_attribute_character ( default_value, database_size, oid) VALUES (NULL, 255, '6ysna3j1iq8kbtvu1uqkzc2c7y0qqg3000000000000000000000000000000138');
INSERT INTO md_attribute_char ( oid) VALUES ('6ysna3j1iq8kbtvu1uqkzc2c7y0qqg3000000000000000000000000000000138');
INSERT INTO md_attribute_primitive ( oid) VALUES ('6ysna3j1iq8kbtvu1uqkzc2c7y0qqg3000000000000000000000000000000138');
INSERT INTO md_attribute_concrete ( column_name, defining_md_class, setter_visibility, setter_visibility_c, immutable, index_name, generate_accessor, system, required, display_label, getter_visibility, getter_visibility_c, index_type, index_type_c, attribute_name, oid) VALUES ('n_a', 'zd8s3nexjr3qbzibkiyqshqf51ctmbvo20071130NM0000000000000000000017', '0rels6iqwjpa9kfce7s3gqdyf90ppyhw', '20071109NM000000000000000000000520071109NM0000000000000000000001', 0, NULL, 1, 0, 1, 'xis418ismnxnrl192owrfywhy7b3b2etNM200904120000000000000000000030', '7gnpiz2bi7kc35d3ov849ijyuo79slh0', '20071109NM000000000000000000000520071109NM0000000000000000000001', '2754sclbgutx1c44glhhky8ojxolubzm', '0000000000000000000000000000040100000000000000000000000000000403', 'definingType', '6ysna3j1iq8kbtvu1uqkzc2c7y0qqg3000000000000000000000000000000138');
INSERT INTO md_attribute ( oid) VALUES ('6ysna3j1iq8kbtvu1uqkzc2c7y0qqg3000000000000000000000000000000138');
INSERT INTO metadata ( description, created_by, owner, oid, create_date, seq, type, remove, site_master, locked_by, entity_domain, last_updated_by, last_update_date, key_name) VALUES ('zdeiioq6ydlbqkutwkmepuztxlc5hoyrNM200904120000000000000000000030', '0000000000000000000000000000001000000000000000000000000000000003', '0000000000000000000000000000001000000000000000000000000000000003', '6ysna3j1iq8kbtvu1uqkzc2c7y0qqg3000000000000000000000000000000138', '2014-03-12 10:28:18', 4710, 'com.runwaysdk.system.metadata.MdAttributeCharacter', 1, 'www.runwaysdk.com', NULL, NULL, '0000000000000000000000000000001000000000000000000000000000000003', '2014-03-12 10:28:18', 'com.runwaysdk.system.web.AttributeNotificationProblem.definingType');
INSERT INTO class_attribute_concrete ( oid, parent_id, child_id) VALUES ('26a2amx4qg6sl3xvijrsjie8eosw0cx300000000000000000000000000000073', 'zd8s3nexjr3qbzibkiyqshqf51ctmbvo20071130NM0000000000000000000017', '6ysna3j1iq8kbtvu1uqkzc2c7y0qqg3000000000000000000000000000000138');
INSERT INTO class_attribute ( oid, parent_id, child_id) VALUES ('26a2amx4qg6sl3xvijrsjie8eosw0cx300000000000000000000000000000073', 'zd8s3nexjr3qbzibkiyqshqf51ctmbvo20071130NM0000000000000000000017', '6ysna3j1iq8kbtvu1uqkzc2c7y0qqg3000000000000000000000000000000138');
INSERT INTO metadata_relationship ( entity_domain, site_master, last_updated_by, oid, owner, locked_by, create_date, type, created_by, seq, key_name, last_update_date, parent_id, child_id) VALUES (NULL, 'www.runwaysdk.com', '0000000000000000000000000000001000000000000000000000000000000003', '26a2amx4qg6sl3xvijrsjie8eosw0cx300000000000000000000000000000073', '0000000000000000000000000000001000000000000000000000000000000003', NULL, '2014-03-12 10:28:18', 'com.runwaysdk.system.metadata.ClassAttributeConcrete', '0000000000000000000000000000001000000000000000000000000000000003', 4711, 'com.runwaysdk.system.web.AttributeNotificationProblem.definingType', '2014-03-12 10:28:18', 'zd8s3nexjr3qbzibkiyqshqf51ctmbvo20071130NM0000000000000000000017', '6ysna3j1iq8kbtvu1uqkzc2c7y0qqg3000000000000000000000000000000138');
 INSERT INTO visibilitymodifier (set_id, item_id)  VALUES  ('1oe2ku1ljr1ixbo3jv806zc7mpidztha', '20071109NM000000000000000000000520071109NM0000000000000000000001');
INSERT INTO metadata_display_label ( default_locale, oid, site_master, key_name) VALUES ('Defining Type Display Label', '8owfb2g42wm9aqzqyyp7my570aw0ruapNM200904120000000000000000000030', 'www.runwaysdk.com', '8owfb2g42wm9aqzqyyp7my570aw0ruapNM200904120000000000000000000030');
 INSERT INTO visibilitymodifier (set_id, item_id)  VALUES  ('zbw4ff453rc932shi502g14gwi5mpl9h', '20071109NM000000000000000000000520071109NM0000000000000000000001');
 INSERT INTO md_attribute_indicies (set_id, item_id)  VALUES  ('8wg6fs34405nso5j49k97yrfg8amburf', '0000000000000000000000000000040100000000000000000000000000000403');
INSERT INTO metadata_display_label ( default_locale, oid, site_master, key_name) VALUES (NULL, 'svvsqya19igscsdzk97vn8m5xqb0b4s6NM200904120000000000000000000030', 'www.runwaysdk.com', 'svvsqya19igscsdzk97vn8m5xqb0b4s6NM200904120000000000000000000030');
INSERT INTO md_attribute_character ( default_value, database_size, oid) VALUES (NULL, 255, '0lw24bmloeaw6m267nf25py4rrl0smz900000000000000000000000000000138');
INSERT INTO md_attribute_char ( oid) VALUES ('0lw24bmloeaw6m267nf25py4rrl0smz900000000000000000000000000000138');
INSERT INTO md_attribute_primitive ( oid) VALUES ('0lw24bmloeaw6m267nf25py4rrl0smz900000000000000000000000000000138');
INSERT INTO md_attribute_concrete ( column_name, defining_md_class, setter_visibility, setter_visibility_c, immutable, index_name, generate_accessor, system, required, display_label, getter_visibility, getter_visibility_c, index_type, index_type_c, attribute_name, oid) VALUES ('n_a', 'zd8s3nexjr3qbzibkiyqshqf51ctmbvo20071130NM0000000000000000000017', '1oe2ku1ljr1ixbo3jv806zc7mpidztha', '20071109NM000000000000000000000520071109NM0000000000000000000001', 0, NULL, 1, 0, 1, '8owfb2g42wm9aqzqyyp7my570aw0ruapNM200904120000000000000000000030', 'zbw4ff453rc932shi502g14gwi5mpl9h', '20071109NM000000000000000000000520071109NM0000000000000000000001', '8wg6fs34405nso5j49k97yrfg8amburf', '0000000000000000000000000000040100000000000000000000000000000403', 'definingTypeDisplayLabel', '0lw24bmloeaw6m267nf25py4rrl0smz900000000000000000000000000000138');
INSERT INTO md_attribute ( oid) VALUES ('0lw24bmloeaw6m267nf25py4rrl0smz900000000000000000000000000000138');
INSERT INTO metadata ( description, created_by, owner, oid, create_date, seq, type, remove, site_master, locked_by, entity_domain, last_updated_by, last_update_date, key_name) VALUES ('svvsqya19igscsdzk97vn8m5xqb0b4s6NM200904120000000000000000000030', '0000000000000000000000000000001000000000000000000000000000000003', '0000000000000000000000000000001000000000000000000000000000000003', '0lw24bmloeaw6m267nf25py4rrl0smz900000000000000000000000000000138', '2014-03-12 10:28:18', 4712, 'com.runwaysdk.system.metadata.MdAttributeCharacter', 1, 'www.runwaysdk.com', NULL, NULL, '0000000000000000000000000000001000000000000000000000000000000003', '2014-03-12 10:28:18', 'com.runwaysdk.system.web.AttributeNotificationProblem.definingTypeDisplayLabel');
INSERT INTO class_attribute_concrete ( oid, parent_id, child_id) VALUES ('xa0my8hjrrl5m1bamumnq1xl4vr45ov300000000000000000000000000000073', 'zd8s3nexjr3qbzibkiyqshqf51ctmbvo20071130NM0000000000000000000017', '0lw24bmloeaw6m267nf25py4rrl0smz900000000000000000000000000000138');
INSERT INTO class_attribute ( oid, parent_id, child_id) VALUES ('xa0my8hjrrl5m1bamumnq1xl4vr45ov300000000000000000000000000000073', 'zd8s3nexjr3qbzibkiyqshqf51ctmbvo20071130NM0000000000000000000017', '0lw24bmloeaw6m267nf25py4rrl0smz900000000000000000000000000000138');
INSERT INTO metadata_relationship ( entity_domain, site_master, last_updated_by, oid, owner, locked_by, create_date, type, created_by, seq, key_name, last_update_date, parent_id, child_id) VALUES (NULL, 'www.runwaysdk.com', '0000000000000000000000000000001000000000000000000000000000000003', 'xa0my8hjrrl5m1bamumnq1xl4vr45ov300000000000000000000000000000073', '0000000000000000000000000000001000000000000000000000000000000003', NULL, '2014-03-12 10:28:18', 'com.runwaysdk.system.metadata.ClassAttributeConcrete', '0000000000000000000000000000001000000000000000000000000000000003', 4713, 'com.runwaysdk.system.web.AttributeNotificationProblem.definingTypeDisplayLabel', '2014-03-12 10:28:18', 'zd8s3nexjr3qbzibkiyqshqf51ctmbvo20071130NM0000000000000000000017', '0lw24bmloeaw6m267nf25py4rrl0smz900000000000000000000000000000138');
 INSERT INTO visibilitymodifier (set_id, item_id)  VALUES  ('sadjtagl8szhai7zt94cgr51qd49dv0k', '20071109NM000000000000000000000520071109NM0000000000000000000001');
INSERT INTO metadata_display_label ( default_locale, oid, site_master, key_name) VALUES ('Attribute Name', '0cjaquen0ijfd8swsnofaegd9r9tvp5cNM200904120000000000000000000030', 'www.runwaysdk.com', '0cjaquen0ijfd8swsnofaegd9r9tvp5cNM200904120000000000000000000030');
 INSERT INTO visibilitymodifier (set_id, item_id)  VALUES  ('1sp93ekw4gy8ugotqi0jl9o1zvfw4vm2', '20071109NM000000000000000000000520071109NM0000000000000000000001');
 INSERT INTO md_attribute_indicies (set_id, item_id)  VALUES  ('r4rq4plfxx0qrea9ituo3pw7ynh7er9c', '0000000000000000000000000000040100000000000000000000000000000403');
INSERT INTO metadata_display_label ( default_locale, oid, site_master, key_name) VALUES (NULL, '6qtzqv77qlvgfbz9ol1a42r8zcfe458pNM200904120000000000000000000030', 'www.runwaysdk.com', '6qtzqv77qlvgfbz9ol1a42r8zcfe458pNM200904120000000000000000000030');
INSERT INTO md_attribute_character ( default_value, database_size, oid) VALUES (NULL, 255, 'qqg80s1vr437u0119alrw9swa1124bwk00000000000000000000000000000138');
INSERT INTO md_attribute_char ( oid) VALUES ('qqg80s1vr437u0119alrw9swa1124bwk00000000000000000000000000000138');
INSERT INTO md_attribute_primitive ( oid) VALUES ('qqg80s1vr437u0119alrw9swa1124bwk00000000000000000000000000000138');
INSERT INTO md_attribute_concrete ( column_name, defining_md_class, setter_visibility, setter_visibility_c, immutable, index_name, generate_accessor, system, required, display_label, getter_visibility, getter_visibility_c, index_type, index_type_c, attribute_name, oid) VALUES ('n_a', 'zd8s3nexjr3qbzibkiyqshqf51ctmbvo20071130NM0000000000000000000017', 'sadjtagl8szhai7zt94cgr51qd49dv0k', '20071109NM000000000000000000000520071109NM0000000000000000000001', 0, NULL, 1, 0, 1, '0cjaquen0ijfd8swsnofaegd9r9tvp5cNM200904120000000000000000000030', '1sp93ekw4gy8ugotqi0jl9o1zvfw4vm2', '20071109NM000000000000000000000520071109NM0000000000000000000001', 'r4rq4plfxx0qrea9ituo3pw7ynh7er9c', '0000000000000000000000000000040100000000000000000000000000000403', 'attributeName', 'qqg80s1vr437u0119alrw9swa1124bwk00000000000000000000000000000138');
INSERT INTO md_attribute ( oid) VALUES ('qqg80s1vr437u0119alrw9swa1124bwk00000000000000000000000000000138');
INSERT INTO metadata ( description, created_by, owner, oid, create_date, seq, type, remove, site_master, locked_by, entity_domain, last_updated_by, last_update_date, key_name) VALUES ('6qtzqv77qlvgfbz9ol1a42r8zcfe458pNM200904120000000000000000000030', '0000000000000000000000000000001000000000000000000000000000000003', '0000000000000000000000000000001000000000000000000000000000000003', 'qqg80s1vr437u0119alrw9swa1124bwk00000000000000000000000000000138', '2014-03-12 10:28:18', 4714, 'com.runwaysdk.system.metadata.MdAttributeCharacter', 1, 'www.runwaysdk.com', NULL, NULL, '0000000000000000000000000000001000000000000000000000000000000003', '2014-03-12 10:28:18', 'com.runwaysdk.system.web.AttributeNotificationProblem.attributeName');
INSERT INTO class_attribute_concrete ( oid, parent_id, child_id) VALUES ('8qhyy7mv36067xzzmlt7cn6cjzx0wzq600000000000000000000000000000073', 'zd8s3nexjr3qbzibkiyqshqf51ctmbvo20071130NM0000000000000000000017', 'qqg80s1vr437u0119alrw9swa1124bwk00000000000000000000000000000138');
INSERT INTO class_attribute ( oid, parent_id, child_id) VALUES ('8qhyy7mv36067xzzmlt7cn6cjzx0wzq600000000000000000000000000000073', 'zd8s3nexjr3qbzibkiyqshqf51ctmbvo20071130NM0000000000000000000017', 'qqg80s1vr437u0119alrw9swa1124bwk00000000000000000000000000000138');
INSERT INTO metadata_relationship ( entity_domain, site_master, last_updated_by, oid, owner, locked_by, create_date, type, created_by, seq, key_name, last_update_date, parent_id, child_id) VALUES (NULL, 'www.runwaysdk.com', '0000000000000000000000000000001000000000000000000000000000000003', '8qhyy7mv36067xzzmlt7cn6cjzx0wzq600000000000000000000000000000073', '0000000000000000000000000000001000000000000000000000000000000003', NULL, '2014-03-12 10:28:18', 'com.runwaysdk.system.metadata.ClassAttributeConcrete', '0000000000000000000000000000001000000000000000000000000000000003', 4715, 'com.runwaysdk.system.web.AttributeNotificationProblem.attributeName', '2014-03-12 10:28:18', 'zd8s3nexjr3qbzibkiyqshqf51ctmbvo20071130NM0000000000000000000017', 'qqg80s1vr437u0119alrw9swa1124bwk00000000000000000000000000000138');
 INSERT INTO visibilitymodifier (set_id, item_id)  VALUES  ('xicz66qgns7pndsfgnxnqhvaba99pyqm', '20071109NM000000000000000000000520071109NM0000000000000000000001');
INSERT INTO metadata_display_label ( default_locale, oid, site_master, key_name) VALUES ('Attribute Display Label', '8fidhbrnvdtrlkll2yxan6s98h51feguNM200904120000000000000000000030', 'www.runwaysdk.com', '8fidhbrnvdtrlkll2yxan6s98h51feguNM200904120000000000000000000030');
 INSERT INTO visibilitymodifier (set_id, item_id)  VALUES  ('y1utctvy8udjpeo6ec7h7zdx3koxatb3', '20071109NM000000000000000000000520071109NM0000000000000000000001');
 INSERT INTO md_attribute_indicies (set_id, item_id)  VALUES  ('08r9ptp5rzy2whmieuekkmmq6nzqtuq8', '0000000000000000000000000000040100000000000000000000000000000403');
INSERT INTO metadata_display_label ( default_locale, oid, site_master, key_name) VALUES (NULL, '6skxoxg5qgs8za5abtwhd6xd99r0qfppNM200904120000000000000000000030', 'www.runwaysdk.com', '6skxoxg5qgs8za5abtwhd6xd99r0qfppNM200904120000000000000000000030');
INSERT INTO md_attribute_character ( default_value, database_size, oid) VALUES (NULL, 255, 'xmmlwax3n0njfhug8s3x0j63zwi2xaae00000000000000000000000000000138');
INSERT INTO md_attribute_char ( oid) VALUES ('xmmlwax3n0njfhug8s3x0j63zwi2xaae00000000000000000000000000000138');
INSERT INTO md_attribute_primitive ( oid) VALUES ('xmmlwax3n0njfhug8s3x0j63zwi2xaae00000000000000000000000000000138');
INSERT INTO md_attribute_concrete ( column_name, defining_md_class, setter_visibility, setter_visibility_c, immutable, index_name, generate_accessor, system, required, display_label, getter_visibility, getter_visibility_c, index_type, index_type_c, attribute_name, oid) VALUES ('n_a', 'zd8s3nexjr3qbzibkiyqshqf51ctmbvo20071130NM0000000000000000000017', 'xicz66qgns7pndsfgnxnqhvaba99pyqm', '20071109NM000000000000000000000520071109NM0000000000000000000001', 0, NULL, 1, 0, 1, '8fidhbrnvdtrlkll2yxan6s98h51feguNM200904120000000000000000000030', 'y1utctvy8udjpeo6ec7h7zdx3koxatb3', '20071109NM000000000000000000000520071109NM0000000000000000000001', '08r9ptp5rzy2whmieuekkmmq6nzqtuq8', '0000000000000000000000000000040100000000000000000000000000000403', 'attributeDisplayLabel', 'xmmlwax3n0njfhug8s3x0j63zwi2xaae00000000000000000000000000000138');
INSERT INTO md_attribute ( oid) VALUES ('xmmlwax3n0njfhug8s3x0j63zwi2xaae00000000000000000000000000000138');
INSERT INTO metadata ( description, created_by, owner, oid, create_date, seq, type, remove, site_master, locked_by, entity_domain, last_updated_by, last_update_date, key_name) VALUES ('6skxoxg5qgs8za5abtwhd6xd99r0qfppNM200904120000000000000000000030', '0000000000000000000000000000001000000000000000000000000000000003', '0000000000000000000000000000001000000000000000000000000000000003', 'xmmlwax3n0njfhug8s3x0j63zwi2xaae00000000000000000000000000000138', '2014-03-12 10:28:18', 4716, 'com.runwaysdk.system.metadata.MdAttributeCharacter', 1, 'www.runwaysdk.com', NULL, NULL, '0000000000000000000000000000001000000000000000000000000000000003', '2014-03-12 10:28:18', 'com.runwaysdk.system.web.AttributeNotificationProblem.attributeDisplayLabel');
INSERT INTO class_attribute_concrete ( oid, parent_id, child_id) VALUES ('21is5gulnp4y0ra5pz28wdshtxt0164s00000000000000000000000000000073', 'zd8s3nexjr3qbzibkiyqshqf51ctmbvo20071130NM0000000000000000000017', 'xmmlwax3n0njfhug8s3x0j63zwi2xaae00000000000000000000000000000138');
INSERT INTO class_attribute ( oid, parent_id, child_id) VALUES ('21is5gulnp4y0ra5pz28wdshtxt0164s00000000000000000000000000000073', 'zd8s3nexjr3qbzibkiyqshqf51ctmbvo20071130NM0000000000000000000017', 'xmmlwax3n0njfhug8s3x0j63zwi2xaae00000000000000000000000000000138');
INSERT INTO metadata_relationship ( entity_domain, site_master, last_updated_by, oid, owner, locked_by, create_date, type, created_by, seq, key_name, last_update_date, parent_id, child_id) VALUES (NULL, 'www.runwaysdk.com', '0000000000000000000000000000001000000000000000000000000000000003', '21is5gulnp4y0ra5pz28wdshtxt0164s00000000000000000000000000000073', '0000000000000000000000000000001000000000000000000000000000000003', NULL, '2014-03-12 10:28:18', 'com.runwaysdk.system.metadata.ClassAttributeConcrete', '0000000000000000000000000000001000000000000000000000000000000003', 4717, 'com.runwaysdk.system.web.AttributeNotificationProblem.attributeDisplayLabel', '2014-03-12 10:28:18', 'zd8s3nexjr3qbzibkiyqshqf51ctmbvo20071130NM0000000000000000000017', 'xmmlwax3n0njfhug8s3x0j63zwi2xaae00000000000000000000000000000138');
UPDATE md_localizable SET message= 'xq2syy3dflyahlkho28it08t9n0lxd60xox4feeesezr4kr18adyz3v3h2ntja5s' , oid= 'zd8s3nexjr3qbzibkiyqshqf51ctmbvo20071130NM0000000000000000000017'  WHERE oid='zd8s3nexjr3qbzibkiyqshqf51ctmbvo20071130NM0000000000000000000017';
UPDATE md_transient SET is_abstract= 1 , oid= 'zd8s3nexjr3qbzibkiyqshqf51ctmbvo20071130NM0000000000000000000017'  WHERE oid='zd8s3nexjr3qbzibkiyqshqf51ctmbvo20071130NM0000000000000000000017';
UPDATE md_type SET display_label= 'z225ku852ua4ig0oh560ngdu4occq9tnNM200904120000000000000000000030' , root_id= 'zd8s3nexjr3qbzibkiyqshqf51ctmbvo' , package_name= 'com.runwaysdk.system.web' , type_name= 'AttributeNotificationProblem' , oid= 'zd8s3nexjr3qbzibkiyqshqf51ctmbvo20071130NM0000000000000000000017'  WHERE oid='zd8s3nexjr3qbzibkiyqshqf51ctmbvo20071130NM0000000000000000000017';
UPDATE metadata SET description= '1p6fym7hkhtbsaljknyh51gc28qlz3jeNM200904120000000000000000000030' , created_by= '0000000000000000000000000000001000000000000000000000000000000003' , owner= '0000000000000000000000000000001000000000000000000000000000000003' , oid= 'zd8s3nexjr3qbzibkiyqshqf51ctmbvo20071130NM0000000000000000000017' , create_date= '2014-03-12 10:28:18' , seq= 4718 , type= 'com.runwaysdk.system.metadata.MdProblem' , site_master= 'www.runwaysdk.com' , last_updated_by= '0000000000000000000000000000001000000000000000000000000000000003' , last_update_date= '2014-03-12 10:28:18' , key_name= 'com.runwaysdk.system.web.AttributeNotificationProblem'  WHERE oid='zd8s3nexjr3qbzibkiyqshqf51ctmbvo20071130NM0000000000000000000017';