--
-- Copyright (c) 2022 TerraFrame, Inc. All rights reserved.
--
-- This file is part of Runway SDK(tm).
--
-- Runway SDK(tm) is free software: you can redistribute it and/or modify
-- it under the terms of the GNU Lesser General Public License as
-- published by the Free Software Foundation, either version 3 of the
-- License, or (at your option) any later version.
--
-- Runway SDK(tm) is distributed in the hope that it will be useful, but
-- WITHOUT ANY WARRANTY; without even the implied warranty of
-- MERCHANTABILITY or FITNESS FOR A PARTICULAR PURPOSE.  See the
-- GNU Lesser General Public License for more details.
--
-- You should have received a copy of the GNU Lesser General Public
-- License along with Runway SDK(tm).  If not, see <http://www.gnu.org/licenses/>.
--

INSERT INTO md_localizable_message ( default_locale, oid, key_name, site_master) VALUES ('This is abstract and will never be displayed', '13e8c4cd-be65-3133-80c6-fe1aa8null', '13e8c4cd-be65-3133-80c6-fe1aa8null', 'www.runwaysdk.com');
INSERT INTO metadata_display_label ( default_locale, oid, site_master, key_name) VALUES ('Notification Problem', 'z225ku852ua4ig0oh560ngdu4occq9tn0287', 'www.runwaysdk.com', 'z225ku852ua4ig0oh560ngdu4occq9tn0287');
INSERT INTO metadata_display_label ( default_locale, oid, site_master, key_name) VALUES (NULL, '1p6fym7hkhtbsaljknyh51gc28qlz3je0287', 'www.runwaysdk.com', '1p6fym7hkhtbsaljknyh51gc28qlz3je0287');
INSERT INTO md_problem ( super_md_problem, oid) VALUES (NULL, '89c565d7-1a35-3d44-8ec7-1c4ccbnull');
INSERT INTO md_notification ( oid) VALUES ('89c565d7-1a35-3d44-8ec7-1c4ccbnull');
INSERT INTO md_localizable ( message, oid) VALUES ('13e8c4cd-be65-3133-80c6-fe1aa8null', '89c565d7-1a35-3d44-8ec7-1c4ccbnull');
INSERT INTO md_transient ( extendable, is_abstract, oid) VALUES (1, 1, '89c565d7-1a35-3d44-8ec7-1c4ccbnull');
INSERT INTO md_class ( publish, stub_dto_source, stub_source, oid) VALUES (1, NULL, NULL, '89c565d7-1a35-3d44-8ec7-1c4ccbnull');
INSERT INTO md_type ( display_label, root_id, package_name, type_name, base_source, js_base, js_stub, exported, dto_source, oid) VALUES ('z225ku852ua4ig0oh560ngdu4occq9tn0287', 'zd8s3nexjr3qbzibkiyqshqf51ctmbvo', 'com.runwaysdk.system.web', 'AttributeNotificationProblem', NULL, NULL, NULL, 1, NULL, '89c565d7-1a35-3d44-8ec7-1c4ccbnull');
INSERT INTO metadata ( description, created_by, owner, oid, create_date, seq, type, remove, site_master, locked_by, entity_domain, last_updated_by, last_update_date, key_name) VALUES ('1p6fym7hkhtbsaljknyh51gc28qlz3je0287', '000000000000000000000000000000100060', '000000000000000000000000000000100060', '89c565d7-1a35-3d44-8ec7-1c4ccbnull', '2014-03-12 10:28:18', 4705, 'com.runwaysdk.system.metadata.MdProblem', 1, 'www.runwaysdk.com', NULL, NULL, '000000000000000000000000000000100060', '2014-03-12 10:28:18', 'com.runwaysdk.system.web.AttributeNotificationProblem');
 INSERT INTO visibilitymodifier (set_id, item_id)  VALUES  ('72faumodvkd2zoso7pl7oq4a00ike63v', '20071109NM00000000000000000000050113');
INSERT INTO metadata_display_label ( default_locale, oid, site_master, key_name) VALUES ('ID', 'r3idx71oxcj7abm4o1mcth7bzr9vfv5p0287', 'www.runwaysdk.com', 'r3idx71oxcj7abm4o1mcth7bzr9vfv5p0287');
 INSERT INTO visibilitymodifier (set_id, item_id)  VALUES  ('0gal67gl86h4yupriwm8o83l2d6rivsy', '20071109NM00000000000000000000050113');
 INSERT INTO md_attribute_indicies (set_id, item_id)  VALUES  ('8qwv90jvdit6s4qhsikqkou1sb83i6fr', '000000000000000000000000000004090085');
INSERT INTO metadata_display_label ( default_locale, oid, site_master, key_name) VALUES ('ID of this object', 't12et756ec2k4t1lr06xs8zw37mvj2rn0287', 'www.runwaysdk.com', 't12et756ec2k4t1lr06xs8zw37mvj2rn0287');
INSERT INTO md_attribute_character ( default_value, database_size, oid) VALUES (NULL, 64, '8jbhvp0if72w5fuyzqdiv25ou6yzuk0s0067');
INSERT INTO md_attribute_char ( oid) VALUES ('8jbhvp0if72w5fuyzqdiv25ou6yzuk0s0067');
INSERT INTO md_attribute_primitive ( oid) VALUES ('8jbhvp0if72w5fuyzqdiv25ou6yzuk0s0067');
INSERT INTO md_attribute_concrete ( column_name, defining_md_class, setter_visibility, setter_visibility_c, immutable, index_name, generate_accessor, system, required, display_label, getter_visibility, getter_visibility_c, index_type, index_type_c, attribute_name, oid) VALUES ('n_a', '89c565d7-1a35-3d44-8ec7-1c4ccbnull', '72faumodvkd2zoso7pl7oq4a00ike63v', '20071109NM00000000000000000000050113', 0, NULL, 1, 1, 1, 'r3idx71oxcj7abm4o1mcth7bzr9vfv5p0287', '0gal67gl86h4yupriwm8o83l2d6rivsy', '20071109NM00000000000000000000050113', '8qwv90jvdit6s4qhsikqkou1sb83i6fr', '000000000000000000000000000004090085', 'oid', '8jbhvp0if72w5fuyzqdiv25ou6yzuk0s0067');
INSERT INTO md_attribute ( oid) VALUES ('8jbhvp0if72w5fuyzqdiv25ou6yzuk0s0067');
INSERT INTO metadata ( description, created_by, owner, oid, create_date, seq, type, remove, site_master, locked_by, entity_domain, last_updated_by, last_update_date, key_name) VALUES ('t12et756ec2k4t1lr06xs8zw37mvj2rn0287', '000000000000000000000000000000100060', '000000000000000000000000000000100060', '8jbhvp0if72w5fuyzqdiv25ou6yzuk0s0067', '2014-03-12 10:28:18', 4706, 'com.runwaysdk.system.metadata.MdAttributeCharacter', 0, 'www.runwaysdk.com', NULL, NULL, '000000000000000000000000000000100060', '2014-03-12 10:28:18', 'com.runwaysdk.system.web.AttributeNotificationProblem.oid');
INSERT INTO class_attribute_concrete ( oid, parent_oid, child_oid) VALUES ('r9782kqu2gig123np8x2745p63ithvlv0245', '89c565d7-1a35-3d44-8ec7-1c4ccbnull', '8jbhvp0if72w5fuyzqdiv25ou6yzuk0s0067');
INSERT INTO class_attribute ( oid, parent_oid, child_oid) VALUES ('r9782kqu2gig123np8x2745p63ithvlv0245', '89c565d7-1a35-3d44-8ec7-1c4ccbnull', '8jbhvp0if72w5fuyzqdiv25ou6yzuk0s0067');
INSERT INTO metadata_relationship ( entity_domain, site_master, last_updated_by, oid, owner, locked_by, create_date, type, created_by, seq, key_name, last_update_date, parent_oid, child_oid) VALUES (NULL, 'www.runwaysdk.com', '000000000000000000000000000000100060', 'r9782kqu2gig123np8x2745p63ithvlv0245', '000000000000000000000000000000100060', NULL, '2014-03-12 10:28:18', 'com.runwaysdk.system.metadata.ClassAttributeConcrete', '000000000000000000000000000000100060', 4707, 'com.runwaysdk.system.web.AttributeNotificationProblem.oid', '2014-03-12 10:28:18', '89c565d7-1a35-3d44-8ec7-1c4ccbnull', '8jbhvp0if72w5fuyzqdiv25ou6yzuk0s0067');
 INSERT INTO visibilitymodifier (set_id, item_id)  VALUES  ('xf21bkcoogv02cicxxatceoph2yjf5pg', '20071109NM00000000000000000000050113');
INSERT INTO metadata_display_label ( default_locale, oid, site_master, key_name) VALUES ('ComponentId', 'sanr2yo1c1mtsmhpsu413qwfkwvsd3dt0287', 'www.runwaysdk.com', 'sanr2yo1c1mtsmhpsu413qwfkwvsd3dt0287');
 INSERT INTO visibilitymodifier (set_id, item_id)  VALUES  ('8opjhuu1onavsxl734sablcyxa1z3zhb', '20071109NM00000000000000000000050113');
 INSERT INTO md_attribute_indicies (set_id, item_id)  VALUES  ('sf95mgotkc80ovpri9a148g23jgn5rh0', '000000000000000000000000000004010085');
INSERT INTO metadata_display_label ( default_locale, oid, site_master, key_name) VALUES (NULL, 'xuw5swq4zl15jbkzhuwfu2ucv5vjjjmv0287', 'www.runwaysdk.com', 'xuw5swq4zl15jbkzhuwfu2ucv5vjjjmv0287');
INSERT INTO md_attribute_character ( default_value, database_size, oid) VALUES (NULL, 255, 'ziy9tmaf6msgob7cj5b81ntmaua7dien0067');
INSERT INTO md_attribute_char ( oid) VALUES ('ziy9tmaf6msgob7cj5b81ntmaua7dien0067');
INSERT INTO md_attribute_primitive ( oid) VALUES ('ziy9tmaf6msgob7cj5b81ntmaua7dien0067');
INSERT INTO md_attribute_concrete ( column_name, defining_md_class, setter_visibility, setter_visibility_c, immutable, index_name, generate_accessor, system, required, display_label, getter_visibility, getter_visibility_c, index_type, index_type_c, attribute_name, oid) VALUES ('n_a', '89c565d7-1a35-3d44-8ec7-1c4ccbnull', 'xf21bkcoogv02cicxxatceoph2yjf5pg', '20071109NM00000000000000000000050113', 0, NULL, 1, 0, 1, 'sanr2yo1c1mtsmhpsu413qwfkwvsd3dt0287', '8opjhuu1onavsxl734sablcyxa1z3zhb', '20071109NM00000000000000000000050113', 'sf95mgotkc80ovpri9a148g23jgn5rh0', '000000000000000000000000000004010085', 'componentId', 'ziy9tmaf6msgob7cj5b81ntmaua7dien0067');
INSERT INTO md_attribute ( oid) VALUES ('ziy9tmaf6msgob7cj5b81ntmaua7dien0067');
INSERT INTO metadata ( description, created_by, owner, oid, create_date, seq, type, remove, site_master, locked_by, entity_domain, last_updated_by, last_update_date, key_name) VALUES ('xuw5swq4zl15jbkzhuwfu2ucv5vjjjmv0287', '000000000000000000000000000000100060', '000000000000000000000000000000100060', 'ziy9tmaf6msgob7cj5b81ntmaua7dien0067', '2014-03-12 10:28:18', 4708, 'com.runwaysdk.system.metadata.MdAttributeCharacter', 1, 'www.runwaysdk.com', NULL, NULL, '000000000000000000000000000000100060', '2014-03-12 10:28:18', 'com.runwaysdk.system.web.AttributeNotificationProblem.componentId');
INSERT INTO class_attribute_concrete ( oid, parent_oid, child_oid) VALUES ('zhfjtc9wliuf590sbj7mj5rsz7ukazxg0245', '89c565d7-1a35-3d44-8ec7-1c4ccbnull', 'ziy9tmaf6msgob7cj5b81ntmaua7dien0067');
INSERT INTO class_attribute ( oid, parent_oid, child_oid) VALUES ('zhfjtc9wliuf590sbj7mj5rsz7ukazxg0245', '89c565d7-1a35-3d44-8ec7-1c4ccbnull', 'ziy9tmaf6msgob7cj5b81ntmaua7dien0067');
INSERT INTO metadata_relationship ( entity_domain, site_master, last_updated_by, oid, owner, locked_by, create_date, type, created_by, seq, key_name, last_update_date, parent_oid, child_oid) VALUES (NULL, 'www.runwaysdk.com', '000000000000000000000000000000100060', 'zhfjtc9wliuf590sbj7mj5rsz7ukazxg0245', '000000000000000000000000000000100060', NULL, '2014-03-12 10:28:18', 'com.runwaysdk.system.metadata.ClassAttributeConcrete', '000000000000000000000000000000100060', 4709, 'com.runwaysdk.system.web.AttributeNotificationProblem.componentId', '2014-03-12 10:28:18', '89c565d7-1a35-3d44-8ec7-1c4ccbnull', 'ziy9tmaf6msgob7cj5b81ntmaua7dien0067');
 INSERT INTO visibilitymodifier (set_id, item_id)  VALUES  ('0rels6iqwjpa9kfce7s3gqdyf90ppyhw', '20071109NM00000000000000000000050113');
INSERT INTO metadata_display_label ( default_locale, oid, site_master, key_name) VALUES ('Defining Type', 'xis418ismnxnrl192owrfywhy7b3b2et0287', 'www.runwaysdk.com', 'xis418ismnxnrl192owrfywhy7b3b2et0287');
 INSERT INTO visibilitymodifier (set_id, item_id)  VALUES  ('7gnpiz2bi7kc35d3ov849ijyuo79slh0', '20071109NM00000000000000000000050113');
 INSERT INTO md_attribute_indicies (set_id, item_id)  VALUES  ('2754sclbgutx1c44glhhky8ojxolubzm', '000000000000000000000000000004010085');
INSERT INTO metadata_display_label ( default_locale, oid, site_master, key_name) VALUES (NULL, 'zdeiioq6ydlbqkutwkmepuztxlc5hoyr0287', 'www.runwaysdk.com', 'zdeiioq6ydlbqkutwkmepuztxlc5hoyr0287');
INSERT INTO md_attribute_character ( default_value, database_size, oid) VALUES (NULL, 255, '6ysna3j1iq8kbtvu1uqkzc2c7y0qqg300067');
INSERT INTO md_attribute_char ( oid) VALUES ('6ysna3j1iq8kbtvu1uqkzc2c7y0qqg300067');
INSERT INTO md_attribute_primitive ( oid) VALUES ('6ysna3j1iq8kbtvu1uqkzc2c7y0qqg300067');
INSERT INTO md_attribute_concrete ( column_name, defining_md_class, setter_visibility, setter_visibility_c, immutable, index_name, generate_accessor, system, required, display_label, getter_visibility, getter_visibility_c, index_type, index_type_c, attribute_name, oid) VALUES ('n_a', '89c565d7-1a35-3d44-8ec7-1c4ccbnull', '0rels6iqwjpa9kfce7s3gqdyf90ppyhw', '20071109NM00000000000000000000050113', 0, NULL, 1, 0, 1, 'xis418ismnxnrl192owrfywhy7b3b2et0287', '7gnpiz2bi7kc35d3ov849ijyuo79slh0', '20071109NM00000000000000000000050113', '2754sclbgutx1c44glhhky8ojxolubzm', '000000000000000000000000000004010085', 'definingType', '6ysna3j1iq8kbtvu1uqkzc2c7y0qqg300067');
INSERT INTO md_attribute ( oid) VALUES ('6ysna3j1iq8kbtvu1uqkzc2c7y0qqg300067');
INSERT INTO metadata ( description, created_by, owner, oid, create_date, seq, type, remove, site_master, locked_by, entity_domain, last_updated_by, last_update_date, key_name) VALUES ('zdeiioq6ydlbqkutwkmepuztxlc5hoyr0287', '000000000000000000000000000000100060', '000000000000000000000000000000100060', '6ysna3j1iq8kbtvu1uqkzc2c7y0qqg300067', '2014-03-12 10:28:18', 4710, 'com.runwaysdk.system.metadata.MdAttributeCharacter', 1, 'www.runwaysdk.com', NULL, NULL, '000000000000000000000000000000100060', '2014-03-12 10:28:18', 'com.runwaysdk.system.web.AttributeNotificationProblem.definingType');
INSERT INTO class_attribute_concrete ( oid, parent_oid, child_oid) VALUES ('26a2amx4qg6sl3xvijrsjie8eosw0cx30245', '89c565d7-1a35-3d44-8ec7-1c4ccbnull', '6ysna3j1iq8kbtvu1uqkzc2c7y0qqg300067');
INSERT INTO class_attribute ( oid, parent_oid, child_oid) VALUES ('26a2amx4qg6sl3xvijrsjie8eosw0cx30245', '89c565d7-1a35-3d44-8ec7-1c4ccbnull', '6ysna3j1iq8kbtvu1uqkzc2c7y0qqg300067');
INSERT INTO metadata_relationship ( entity_domain, site_master, last_updated_by, oid, owner, locked_by, create_date, type, created_by, seq, key_name, last_update_date, parent_oid, child_oid) VALUES (NULL, 'www.runwaysdk.com', '000000000000000000000000000000100060', '26a2amx4qg6sl3xvijrsjie8eosw0cx30245', '000000000000000000000000000000100060', NULL, '2014-03-12 10:28:18', 'com.runwaysdk.system.metadata.ClassAttributeConcrete', '000000000000000000000000000000100060', 4711, 'com.runwaysdk.system.web.AttributeNotificationProblem.definingType', '2014-03-12 10:28:18', '89c565d7-1a35-3d44-8ec7-1c4ccbnull', '6ysna3j1iq8kbtvu1uqkzc2c7y0qqg300067');
 INSERT INTO visibilitymodifier (set_id, item_id)  VALUES  ('1oe2ku1ljr1ixbo3jv806zc7mpidztha', '20071109NM00000000000000000000050113');
INSERT INTO metadata_display_label ( default_locale, oid, site_master, key_name) VALUES ('Defining Type Display Label', '8owfb2g42wm9aqzqyyp7my570aw0ruap0287', 'www.runwaysdk.com', '8owfb2g42wm9aqzqyyp7my570aw0ruap0287');
 INSERT INTO visibilitymodifier (set_id, item_id)  VALUES  ('zbw4ff453rc932shi502g14gwi5mpl9h', '20071109NM00000000000000000000050113');
 INSERT INTO md_attribute_indicies (set_id, item_id)  VALUES  ('8wg6fs34405nso5j49k97yrfg8amburf', '000000000000000000000000000004010085');
INSERT INTO metadata_display_label ( default_locale, oid, site_master, key_name) VALUES (NULL, 'svvsqya19igscsdzk97vn8m5xqb0b4s60287', 'www.runwaysdk.com', 'svvsqya19igscsdzk97vn8m5xqb0b4s60287');
INSERT INTO md_attribute_character ( default_value, database_size, oid) VALUES (NULL, 255, '0lw24bmloeaw6m267nf25py4rrl0smz90067');
INSERT INTO md_attribute_char ( oid) VALUES ('0lw24bmloeaw6m267nf25py4rrl0smz90067');
INSERT INTO md_attribute_primitive ( oid) VALUES ('0lw24bmloeaw6m267nf25py4rrl0smz90067');
INSERT INTO md_attribute_concrete ( column_name, defining_md_class, setter_visibility, setter_visibility_c, immutable, index_name, generate_accessor, system, required, display_label, getter_visibility, getter_visibility_c, index_type, index_type_c, attribute_name, oid) VALUES ('n_a', '89c565d7-1a35-3d44-8ec7-1c4ccbnull', '1oe2ku1ljr1ixbo3jv806zc7mpidztha', '20071109NM00000000000000000000050113', 0, NULL, 1, 0, 1, '8owfb2g42wm9aqzqyyp7my570aw0ruap0287', 'zbw4ff453rc932shi502g14gwi5mpl9h', '20071109NM00000000000000000000050113', '8wg6fs34405nso5j49k97yrfg8amburf', '000000000000000000000000000004010085', 'definingTypeDisplayLabel', '0lw24bmloeaw6m267nf25py4rrl0smz90067');
INSERT INTO md_attribute ( oid) VALUES ('0lw24bmloeaw6m267nf25py4rrl0smz90067');
INSERT INTO metadata ( description, created_by, owner, oid, create_date, seq, type, remove, site_master, locked_by, entity_domain, last_updated_by, last_update_date, key_name) VALUES ('svvsqya19igscsdzk97vn8m5xqb0b4s60287', '000000000000000000000000000000100060', '000000000000000000000000000000100060', '0lw24bmloeaw6m267nf25py4rrl0smz90067', '2014-03-12 10:28:18', 4712, 'com.runwaysdk.system.metadata.MdAttributeCharacter', 1, 'www.runwaysdk.com', NULL, NULL, '000000000000000000000000000000100060', '2014-03-12 10:28:18', 'com.runwaysdk.system.web.AttributeNotificationProblem.definingTypeDisplayLabel');
INSERT INTO class_attribute_concrete ( oid, parent_oid, child_oid) VALUES ('xa0my8hjrrl5m1bamumnq1xl4vr45ov30245', '89c565d7-1a35-3d44-8ec7-1c4ccbnull', '0lw24bmloeaw6m267nf25py4rrl0smz90067');
INSERT INTO class_attribute ( oid, parent_oid, child_oid) VALUES ('xa0my8hjrrl5m1bamumnq1xl4vr45ov30245', '89c565d7-1a35-3d44-8ec7-1c4ccbnull', '0lw24bmloeaw6m267nf25py4rrl0smz90067');
INSERT INTO metadata_relationship ( entity_domain, site_master, last_updated_by, oid, owner, locked_by, create_date, type, created_by, seq, key_name, last_update_date, parent_oid, child_oid) VALUES (NULL, 'www.runwaysdk.com', '000000000000000000000000000000100060', 'xa0my8hjrrl5m1bamumnq1xl4vr45ov30245', '000000000000000000000000000000100060', NULL, '2014-03-12 10:28:18', 'com.runwaysdk.system.metadata.ClassAttributeConcrete', '000000000000000000000000000000100060', 4713, 'com.runwaysdk.system.web.AttributeNotificationProblem.definingTypeDisplayLabel', '2014-03-12 10:28:18', '89c565d7-1a35-3d44-8ec7-1c4ccbnull', '0lw24bmloeaw6m267nf25py4rrl0smz90067');
 INSERT INTO visibilitymodifier (set_id, item_id)  VALUES  ('sadjtagl8szhai7zt94cgr51qd49dv0k', '20071109NM00000000000000000000050113');
INSERT INTO metadata_display_label ( default_locale, oid, site_master, key_name) VALUES ('Attribute Name', '0cjaquen0ijfd8swsnofaegd9r9tvp5c0287', 'www.runwaysdk.com', '0cjaquen0ijfd8swsnofaegd9r9tvp5c0287');
 INSERT INTO visibilitymodifier (set_id, item_id)  VALUES  ('1sp93ekw4gy8ugotqi0jl9o1zvfw4vm2', '20071109NM00000000000000000000050113');
 INSERT INTO md_attribute_indicies (set_id, item_id)  VALUES  ('r4rq4plfxx0qrea9ituo3pw7ynh7er9c', '000000000000000000000000000004010085');
INSERT INTO metadata_display_label ( default_locale, oid, site_master, key_name) VALUES (NULL, '6qtzqv77qlvgfbz9ol1a42r8zcfe458p0287', 'www.runwaysdk.com', '6qtzqv77qlvgfbz9ol1a42r8zcfe458p0287');
INSERT INTO md_attribute_character ( default_value, database_size, oid) VALUES (NULL, 255, 'qqg80s1vr437u0119alrw9swa1124bwk0067');
INSERT INTO md_attribute_char ( oid) VALUES ('qqg80s1vr437u0119alrw9swa1124bwk0067');
INSERT INTO md_attribute_primitive ( oid) VALUES ('qqg80s1vr437u0119alrw9swa1124bwk0067');
INSERT INTO md_attribute_concrete ( column_name, defining_md_class, setter_visibility, setter_visibility_c, immutable, index_name, generate_accessor, system, required, display_label, getter_visibility, getter_visibility_c, index_type, index_type_c, attribute_name, oid) VALUES ('n_a', '89c565d7-1a35-3d44-8ec7-1c4ccbnull', 'sadjtagl8szhai7zt94cgr51qd49dv0k', '20071109NM00000000000000000000050113', 0, NULL, 1, 0, 1, '0cjaquen0ijfd8swsnofaegd9r9tvp5c0287', '1sp93ekw4gy8ugotqi0jl9o1zvfw4vm2', '20071109NM00000000000000000000050113', 'r4rq4plfxx0qrea9ituo3pw7ynh7er9c', '000000000000000000000000000004010085', 'attributeName', 'qqg80s1vr437u0119alrw9swa1124bwk0067');
INSERT INTO md_attribute ( oid) VALUES ('qqg80s1vr437u0119alrw9swa1124bwk0067');
INSERT INTO metadata ( description, created_by, owner, oid, create_date, seq, type, remove, site_master, locked_by, entity_domain, last_updated_by, last_update_date, key_name) VALUES ('6qtzqv77qlvgfbz9ol1a42r8zcfe458p0287', '000000000000000000000000000000100060', '000000000000000000000000000000100060', 'qqg80s1vr437u0119alrw9swa1124bwk0067', '2014-03-12 10:28:18', 4714, 'com.runwaysdk.system.metadata.MdAttributeCharacter', 1, 'www.runwaysdk.com', NULL, NULL, '000000000000000000000000000000100060', '2014-03-12 10:28:18', 'com.runwaysdk.system.web.AttributeNotificationProblem.attributeName');
INSERT INTO class_attribute_concrete ( oid, parent_oid, child_oid) VALUES ('8qhyy7mv36067xzzmlt7cn6cjzx0wzq60245', '89c565d7-1a35-3d44-8ec7-1c4ccbnull', 'qqg80s1vr437u0119alrw9swa1124bwk0067');
INSERT INTO class_attribute ( oid, parent_oid, child_oid) VALUES ('8qhyy7mv36067xzzmlt7cn6cjzx0wzq60245', '89c565d7-1a35-3d44-8ec7-1c4ccbnull', 'qqg80s1vr437u0119alrw9swa1124bwk0067');
INSERT INTO metadata_relationship ( entity_domain, site_master, last_updated_by, oid, owner, locked_by, create_date, type, created_by, seq, key_name, last_update_date, parent_oid, child_oid) VALUES (NULL, 'www.runwaysdk.com', '000000000000000000000000000000100060', '8qhyy7mv36067xzzmlt7cn6cjzx0wzq60245', '000000000000000000000000000000100060', NULL, '2014-03-12 10:28:18', 'com.runwaysdk.system.metadata.ClassAttributeConcrete', '000000000000000000000000000000100060', 4715, 'com.runwaysdk.system.web.AttributeNotificationProblem.attributeName', '2014-03-12 10:28:18', '89c565d7-1a35-3d44-8ec7-1c4ccbnull', 'qqg80s1vr437u0119alrw9swa1124bwk0067');
 INSERT INTO visibilitymodifier (set_id, item_id)  VALUES  ('xicz66qgns7pndsfgnxnqhvaba99pyqm', '20071109NM00000000000000000000050113');
INSERT INTO metadata_display_label ( default_locale, oid, site_master, key_name) VALUES ('Attribute Display Label', '8fidhbrnvdtrlkll2yxan6s98h51fegu0287', 'www.runwaysdk.com', '8fidhbrnvdtrlkll2yxan6s98h51fegu0287');
 INSERT INTO visibilitymodifier (set_id, item_id)  VALUES  ('y1utctvy8udjpeo6ec7h7zdx3koxatb3', '20071109NM00000000000000000000050113');
 INSERT INTO md_attribute_indicies (set_id, item_id)  VALUES  ('08r9ptp5rzy2whmieuekkmmq6nzqtuq8', '000000000000000000000000000004010085');
INSERT INTO metadata_display_label ( default_locale, oid, site_master, key_name) VALUES (NULL, '6skxoxg5qgs8za5abtwhd6xd99r0qfpp0287', 'www.runwaysdk.com', '6skxoxg5qgs8za5abtwhd6xd99r0qfpp0287');
INSERT INTO md_attribute_character ( default_value, database_size, oid) VALUES (NULL, 255, 'xmmlwax3n0njfhug8s3x0j63zwi2xaae0067');
INSERT INTO md_attribute_char ( oid) VALUES ('xmmlwax3n0njfhug8s3x0j63zwi2xaae0067');
INSERT INTO md_attribute_primitive ( oid) VALUES ('xmmlwax3n0njfhug8s3x0j63zwi2xaae0067');
INSERT INTO md_attribute_concrete ( column_name, defining_md_class, setter_visibility, setter_visibility_c, immutable, index_name, generate_accessor, system, required, display_label, getter_visibility, getter_visibility_c, index_type, index_type_c, attribute_name, oid) VALUES ('n_a', '89c565d7-1a35-3d44-8ec7-1c4ccbnull', 'xicz66qgns7pndsfgnxnqhvaba99pyqm', '20071109NM00000000000000000000050113', 0, NULL, 1, 0, 1, '8fidhbrnvdtrlkll2yxan6s98h51fegu0287', 'y1utctvy8udjpeo6ec7h7zdx3koxatb3', '20071109NM00000000000000000000050113', '08r9ptp5rzy2whmieuekkmmq6nzqtuq8', '000000000000000000000000000004010085', 'attributeDisplayLabel', 'xmmlwax3n0njfhug8s3x0j63zwi2xaae0067');
INSERT INTO md_attribute ( oid) VALUES ('xmmlwax3n0njfhug8s3x0j63zwi2xaae0067');
INSERT INTO metadata ( description, created_by, owner, oid, create_date, seq, type, remove, site_master, locked_by, entity_domain, last_updated_by, last_update_date, key_name) VALUES ('6skxoxg5qgs8za5abtwhd6xd99r0qfpp0287', '000000000000000000000000000000100060', '000000000000000000000000000000100060', 'xmmlwax3n0njfhug8s3x0j63zwi2xaae0067', '2014-03-12 10:28:18', 4716, 'com.runwaysdk.system.metadata.MdAttributeCharacter', 1, 'www.runwaysdk.com', NULL, NULL, '000000000000000000000000000000100060', '2014-03-12 10:28:18', 'com.runwaysdk.system.web.AttributeNotificationProblem.attributeDisplayLabel');
INSERT INTO class_attribute_concrete ( oid, parent_oid, child_oid) VALUES ('21is5gulnp4y0ra5pz28wdshtxt0164s0245', '89c565d7-1a35-3d44-8ec7-1c4ccbnull', 'xmmlwax3n0njfhug8s3x0j63zwi2xaae0067');
INSERT INTO class_attribute ( oid, parent_oid, child_oid) VALUES ('21is5gulnp4y0ra5pz28wdshtxt0164s0245', '89c565d7-1a35-3d44-8ec7-1c4ccbnull', 'xmmlwax3n0njfhug8s3x0j63zwi2xaae0067');
INSERT INTO metadata_relationship ( entity_domain, site_master, last_updated_by, oid, owner, locked_by, create_date, type, created_by, seq, key_name, last_update_date, parent_oid, child_oid) VALUES (NULL, 'www.runwaysdk.com', '000000000000000000000000000000100060', '21is5gulnp4y0ra5pz28wdshtxt0164s0245', '000000000000000000000000000000100060', NULL, '2014-03-12 10:28:18', 'com.runwaysdk.system.metadata.ClassAttributeConcrete', '000000000000000000000000000000100060', 4717, 'com.runwaysdk.system.web.AttributeNotificationProblem.attributeDisplayLabel', '2014-03-12 10:28:18', '89c565d7-1a35-3d44-8ec7-1c4ccbnull', 'xmmlwax3n0njfhug8s3x0j63zwi2xaae0067');
UPDATE md_localizable SET message= '13e8c4cd-be65-3133-80c6-fe1aa8null' , oid= '89c565d7-1a35-3d44-8ec7-1c4ccbnull'  WHERE oid='89c565d7-1a35-3d44-8ec7-1c4ccbnull';
UPDATE md_transient SET is_abstract= 1 , oid= '89c565d7-1a35-3d44-8ec7-1c4ccbnull'  WHERE oid='89c565d7-1a35-3d44-8ec7-1c4ccbnull';
UPDATE md_type SET display_label= 'z225ku852ua4ig0oh560ngdu4occq9tn0287' , root_id= 'zd8s3nexjr3qbzibkiyqshqf51ctmbvo' , package_name= 'com.runwaysdk.system.web' , type_name= 'AttributeNotificationProblem' , oid= '89c565d7-1a35-3d44-8ec7-1c4ccbnull'  WHERE oid='89c565d7-1a35-3d44-8ec7-1c4ccbnull';
UPDATE metadata SET description= '1p6fym7hkhtbsaljknyh51gc28qlz3je0287' , created_by= '000000000000000000000000000000100060' , owner= '000000000000000000000000000000100060' , oid= '89c565d7-1a35-3d44-8ec7-1c4ccbnull' , create_date= '2014-03-12 10:28:18' , seq= 4718 , type= 'com.runwaysdk.system.metadata.MdProblem' , site_master= 'www.runwaysdk.com' , last_updated_by= '000000000000000000000000000000100060' , last_update_date= '2014-03-12 10:28:18' , key_name= 'com.runwaysdk.system.web.AttributeNotificationProblem'  WHERE oid='89c565d7-1a35-3d44-8ec7-1c4ccbnull';