<?xml version="1.0" encoding="UTF-8"?>
<rows>
    <head>
		<column width="150" type="combo" align="left" sort="str">Filtering Mode 
			<filter>true</filter>
			<option value="1">one</option>
	   		<option value="2">two</option>
	   		<option value="3">three</option>
	   		<option value="4">four</option>
	   		<option value="5">five</option>
	   		<option value="6">six</option>
	   		<option value="7">seven</option>
	  		<option value="8">eight</option>
	   		<option value="9">nine</option>
	   		<option value="10">ten</option>
        </column>
		
       	<column width="150" type="combo" align="left" sort="str">Selectbox Mode
			<editable>false</editable>
	   		<source>data.xml</source>
        </column>
		<column width="150" type="combo" align="left" sort="str">Autocoplete Mode
           <auto>true</auto>
		   <source>complete.php</source>
		   <cache>false</cache>
		   <sub>false</sub>
		</column>
      
        <settings>
            <colwidth>px</colwidth>
        </settings>
		
		
    </head>
 	<row id="1">
		<cell>1</cell>
		<cell>1</cell>
		<cell>Austria</cell>
		
	</row>
	<row id="2">
		<cell>2</cell>
		<cell>2</cell>
		<cell>Bahamas</cell>
	</row>
	<row id="3">
		<cell>3</cell>
		<cell>3</cell>
		<cell>Canada</cell>
	</row>
	<row id="4">
		<cell>4</cell>
		<cell>4</cell>
		<cell>Denmark</cell>
	</row>
	<row id="5">
		<cell>5</cell>
		<cell>5</cell>
		<cell>Estonia</cell>
	</row>
	<row id="6">
		<cell>6</cell>
		<cell>6</cell>
		<cell>France</cell>
	</row>
	<row id="7">
		<cell>7</cell>
		<cell>7</cell>
		<cell>Germany</cell>
	</row>
	<row id="8">
		<cell>8</cell>
		<cell>8</cell>
		<cell>Japan</cell>
	</row>
	<row id="9">
		<cell>9</cell>
		<cell>9</cell>
		<cell>Russia</cell>
	</row>
	<row id="10">
		<cell>10</cell>
		<cell>10</cell>
		<cell>Spain</cell>
	</row>
</rows>
