<?xml version="1.0" encoding="UTF-8"?>
<rows>
 	<row id="1">
		<cell>-1500</cell>
		<cell>A Time to Kill</cell>
		<cell>John Grisham</cell>
		<cell>12.99</cell>
		<cell>1</cell>
		<cell>05/01/1998</cell>
	</row>
	<row id="2">
		<cell>1000</cell>
		<cell>Blood and Smoke</cell>
		<cell>Stephen King</cell>
		<cell>0</cell>
		<cell>1</cell>
		<cell>01/01/2000</cell>
	</row>
	<row id="3" selected="1">
		<cell>-200</cell>
		<cell>The Rainmaker</cell>
		<cell>John Grisham</cell>
		<cell>7.99</cell>
		<cell>0</cell>
		<cell>12/01/2001</cell>
	</row>
	<row id="4">
		<cell>350</cell>
		<cell>The Green Mile</cell>
		<cell>Stephen King</cell>
		<cell>11.10</cell>
		<cell>1</cell>
		<cell>01/01/1992</cell>
	</row>
	<row id="5">
		<cell>700</cell>
		<cell>Misery</cell>
		<cell>Stephen King</cell>
		<cell>7.70</cell>
		<cell>0</cell>
		<cell>01/01/2003</cell>
	</row>
	<row id="6">
		<cell>-1200</cell>
		<cell>The Dark Half</cell>
		<cell>Stephen King</cell>
		<cell>0</cell>
		<cell>0</cell>
		<cell>10/30/1999</cell>
	</row>
	<row id="7">
		<cell>1500</cell>
		<cell>The Partner</cell>
		<cell>John Grisham</cell>
		<cell>12.99</cell>
		<cell>1</cell>
		<cell>01/01/2005</cell>
	</row>
	<row id="8">
		<cell>500</cell>
		<cell>It</cell>
		<cell>Stephen King</cell>
		<cell>9.70</cell>
		<cell>0</cell>
		<cell>10/15/2001</cell>
	</row>
	<row id="9">
		<cell>400</cell>
		<cell>Cousin Bette</cell>
		<cell>Honore de Balzac</cell>
		<cell>0</cell>
		<cell>1</cell>
		<cell>12/01/1991</cell>
	</row>
</rows>
