<?xml version="1.0" encoding="UTF-8"?>
<rows>
 	<row id="12">
		<cell>The Gravemound</cell>
		<cell><![CDATA[Yanka Kupala^http://www.belarus-misc.org/writer/ykupala.htm^iframe_a]]></cell>
	</row>
	<row id="1">
		<cell><![CDATA[1 <IMG alt="Pokaz turbosprezarki" src="http://tt.stronatestowa.com/images/TTS_Catalog/arrow_right.gif"/> 1]]></cell>
		<cell>Link^javascript:alert(1);^_self</cell>
	</row>
	<row id="2">
		<cell>Blood and Smoke</cell>
		<cell>Stephen King^http://www.stephenking.com/</cell>
	</row>
	<row id="3" >
		<cell>The Rainmaker</cell>
		<cell>John Grisham^http://www.randomhouse.com/features/grisham/</cell>
	</row>
	<row id="4">
		<cell>The Green Mile</cell>
		<cell>Stephen King^http://www.stephenking.com/</cell>
	</row>
	<row id="5">
		<cell>Misery</cell>
		<cell>Stephen King^http://www.stephenking.com/</cell>
	</row>
	<row id="6">
		<cell>The Dark Half</cell>
		<cell>Stephen King^http://www.stephenking.com/</cell>
	</row>
	<row id="7">
		<cell>A Time to Kill</cell>
		<cell>John Grisham^http://www.randomhouse.com/features/grisham/</cell>
	</row>
	<row id="8">
		<cell>It</cell>
		<cell>Stephen King^http://www.stephenking.com/</cell>
	</row>
	<row id="9">
		<cell>Cousin Bette</cell>
		<cell>Honore de Balzac</cell>
	</row>
	<row id="10">
		<cell>Boris Godunov</cell>
		<cell>Alexandr Pushkin</cell>
	</row>
	<row id="11">
		<cell>Alice in Wonderland</cell>
		<cell>Lewis Carroll</cell>
	</row>

</rows>
