INSERT INTO metadata_display_label ( default_locale, oid, site_master, key_name) VALUES ('false', 'qntlqfr84a8cexl2fasiyxvl8sj3czsq0287', 'www.runwaysdk.com', 'qntlqfr84a8cexl2fasiyxvl8sj3czsq0287');
INSERT INTO metadata_display_label ( default_locale, oid, site_master, key_name) VALUES ('true', 'zjyk3zfcynantyza2wk3piwizq0q59i50287', 'www.runwaysdk.com', 'zjyk3zfcynantyza2wk3piwizq0q59i50287');
INSERT INTO visibilitymodifier (set_id, item_id)  VALUES  ('xgm7mb0enjtvulez3he043ywyybiagvp', '20071109NM00000000000000000000050113');
INSERT INTO metadata_display_label ( default_locale, oid, site_master, key_name) VALUES ('Is Expression Attribute', '6ybo6hv9wpni79tbowb8r1dpcnsasxmr0287', 'www.runwaysdk.com', '6ybo6hv9wpni79tbowb8r1dpcnsasxmr0287');
INSERT INTO visibilitymodifier (set_id, item_id)  VALUES  ('r7o8p1i49g3p9388po6hgbsgwf50cyqf', '20071109NM00000000000000000000050113');
INSERT INTO md_attribute_indicies (set_id, item_id)  VALUES  ('sbzg7gbnlap3r0njwl8fuap2dupt3mns', '000000000000000000000000000004010085');
INSERT INTO metadata_display_label ( default_locale, oid, site_master, key_name) VALUES ('Calculates a value as a result of an expression and stores the results into the database', '8q8kf4e27hs6u2wm9llbnfw5dechwh1w0287', 'www.runwaysdk.com', '8q8kf4e27hs6u2wm9llbnfw5dechwh1w0287');
INSERT INTO md_attribute_boolean ( negative_display_label, default_value, positive_display_label, oid) VALUES ('qntlqfr84a8cexl2fasiyxvl8sj3czsq0287', 0, 'zjyk3zfcynantyza2wk3piwizq0q59i50287', 'i6j9rzj20ieehcglq72604ze87yembfd0074');
INSERT INTO md_attribute_primitive ( oid) VALUES ('i6j9rzj20ieehcglq72604ze87yembfd0074');
INSERT INTO md_attribute_concrete ( column_name, defining_md_class, setter_visibility, setter_visibility_c, immutable, index_name, generate_accessor, system, required, display_label, getter_visibility, getter_visibility_c, index_type, index_type_c, attribute_name, oid) VALUES ('is_expression', '000000000000000000000000000001740058', 'xgm7mb0enjtvulez3he043ywyybiagvp', '20071109NM00000000000000000000050113', 0, 'a7mg8oy67ifjjyllcr91gdz7rut7fl', 1, 0, 1, '6ybo6hv9wpni79tbowb8r1dpcnsasxmr0287', 'r7o8p1i49g3p9388po6hgbsgwf50cyqf', '20071109NM00000000000000000000050113', 'sbzg7gbnlap3r0njwl8fuap2dupt3mns', '000000000000000000000000000004010085', 'isExpression', 'i6j9rzj20ieehcglq72604ze87yembfd0074');
INSERT INTO md_attribute ( oid) VALUES ('i6j9rzj20ieehcglq72604ze87yembfd0074');
INSERT INTO metadata ( description, created_by, owner, oid, create_date, seq, type, remove, site_master, locked_by, entity_domain, last_updated_by, last_update_date, key_name) VALUES ('8q8kf4e27hs6u2wm9llbnfw5dechwh1w0287', '000000000000000000000000000000100060', '000000000000000000000000000000100060', 'i6j9rzj20ieehcglq72604ze87yembfd0074', '2014-12-05 23:40:28', 4780, 'com.runwaysdk.system.metadata.MdAttributeBoolean', 0, 'www.runwaysdk.com', NULL, NULL, '000000000000000000000000000000100060', '2014-12-05 23:40:28', 'com.runwaysdk.system.metadata.MdAttributePrimitive.isExpression');
ALTER TABLE md_attribute_primitive ADD COLUMN is_expression  int;
INSERT INTO class_attribute_concrete ( oid, parent_oid, child_oid) VALUES ('i6j9rzj20ieehcglq72604ze87yembfd0245', '000000000000000000000000000001740058', 'i6j9rzj20ieehcglq72604ze87yembfd0074');
INSERT INTO class_attribute ( oid, parent_oid, child_oid) VALUES ('i6j9rzj20ieehcglq72604ze87yembfd0245', '000000000000000000000000000001740058', 'i6j9rzj20ieehcglq72604ze87yembfd0074');
INSERT INTO metadata_relationship ( entity_domain, site_master, last_updated_by, oid, owner, locked_by, create_date, type, created_by, seq, key_name, last_update_date, parent_oid, child_oid) VALUES (NULL, 'www.runwaysdk.com', '000000000000000000000000000000100060', 'i6j9rzj20ieehcglq72604ze87yembfd0245', '000000000000000000000000000000100060', NULL, '2014-12-05 23:40:28', 'com.runwaysdk.system.metadata.ClassAttributeConcrete', '000000000000000000000000000000100060', 4781, 'com.runwaysdk.system.metadata.MdAttributePrimitive.isExpression', '2014-12-05 23:40:28', '000000000000000000000000000001740058', 'i6j9rzj20ieehcglq72604ze87yembfd0074');
INSERT INTO visibilitymodifier (set_id, item_id)  VALUES  ('0fte18wx4u3qoum73j766vlov0w9t641', '20071109NM00000000000000000000050113');
INSERT INTO metadata_display_label ( default_locale, oid, site_master, key_name) VALUES ('Expression', '8mpzlrzjr4t9ucxtdu8hin09ukl5t0120287', 'www.runwaysdk.com', '8mpzlrzjr4t9ucxtdu8hin09ukl5t0120287');
INSERT INTO visibilitymodifier (set_id, item_id)  VALUES  ('svs5unc17grn2a1fr5okd8zbe9yjacjj', '20071109NM00000000000000000000050113');
INSERT INTO md_attribute_indicies (set_id, item_id)  VALUES  ('xt586mpttqfawnvues2m7xew2h18dsei', '000000000000000000000000000004010085');
INSERT INTO metadata_display_label ( default_locale, oid, site_master, key_name) VALUES ('Field for defining an expression that is evaluated on object apply and stored in the database', '6td9jhegm53gozcwtjq1qcf2430h2pzm0287', 'www.runwaysdk.com', '6td9jhegm53gozcwtjq1qcf2430h2pzm0287');
INSERT INTO md_attribute_text ( default_value, oid) VALUES (NULL, '07717020-fe28-36ef-bcc0-86ed28a90068');
INSERT INTO md_attribute_char ( oid) VALUES ('07717020-fe28-36ef-bcc0-86ed28a90068');
INSERT INTO md_attribute_primitive ( is_expression, oid) VALUES (0, '07717020-fe28-36ef-bcc0-86ed28a90068');
INSERT INTO md_attribute_concrete ( column_name, defining_md_class, setter_visibility, setter_visibility_c, immutable, index_name, generate_accessor, system, required, display_label, getter_visibility, getter_visibility_c, index_type, index_type_c, attribute_name, oid) VALUES ('expression', '000000000000000000000000000001740058', '0fte18wx4u3qoum73j766vlov0w9t641', '20071109NM00000000000000000000050113', 0, 'abhzl0y9xq0wed3cre8fbxmw14w8g1', 1, 0, 0, '8mpzlrzjr4t9ucxtdu8hin09ukl5t0120287', 'svs5unc17grn2a1fr5okd8zbe9yjacjj', '20071109NM00000000000000000000050113', 'xt586mpttqfawnvues2m7xew2h18dsei', '000000000000000000000000000004010085', 'expression', '07717020-fe28-36ef-bcc0-86ed28a90068');
INSERT INTO md_attribute ( oid) VALUES ('07717020-fe28-36ef-bcc0-86ed28a90068');
INSERT INTO metadata ( description, created_by, owner, oid, create_date, seq, type, remove, site_master, locked_by, entity_domain, last_updated_by, last_update_date, key_name) VALUES ('6td9jhegm53gozcwtjq1qcf2430h2pzm0287', '000000000000000000000000000000100060', '000000000000000000000000000000100060', '07717020-fe28-36ef-bcc0-86ed28a90068', '2014-12-05 23:40:28', 4782, 'com.runwaysdk.system.metadata.MdAttributeText', 0, 'www.runwaysdk.com', NULL, NULL, '000000000000000000000000000000100060', '2014-12-05 23:40:28', 'com.runwaysdk.system.metadata.MdAttributePrimitive.expression');
ALTER TABLE md_attribute_primitive ADD COLUMN expression  text;
INSERT INTO class_attribute_concrete ( oid, parent_oid, child_oid) VALUES ('i9qolynki2buxjziq31h35c630muacvs0245', '000000000000000000000000000001740058', '07717020-fe28-36ef-bcc0-86ed28a90068');
INSERT INTO class_attribute ( oid, parent_oid, child_oid) VALUES ('i9qolynki2buxjziq31h35c630muacvs0245', '000000000000000000000000000001740058', '07717020-fe28-36ef-bcc0-86ed28a90068');
INSERT INTO metadata_relationship ( entity_domain, site_master, last_updated_by, oid, owner, locked_by, create_date, type, created_by, seq, key_name, last_update_date, parent_oid, child_oid) VALUES (NULL, 'www.runwaysdk.com', '000000000000000000000000000000100060', 'i9qolynki2buxjziq31h35c630muacvs0245', '000000000000000000000000000000100060', NULL, '2014-12-05 23:40:28', 'com.runwaysdk.system.metadata.ClassAttributeConcrete', '000000000000000000000000000000100060', 4783, 'com.runwaysdk.system.metadata.MdAttributePrimitive.expression', '2014-12-05 23:40:28', '000000000000000000000000000001740058', '07717020-fe28-36ef-bcc0-86ed28a90068');
UPDATE metadata SET seq= 4784  WHERE oid='000000000000000000000000000001740058';
UPDATE md_attribute_primitive SET is_expression = 0;
INSERT INTO metadata_display_label ( default_locale, oid, site_master, key_name) VALUES ('false', 'qyty6dw8fffynu4ht6q5ullqjj7jsasn0287', 'www.runwaysdk.com', 'qyty6dw8fffynu4ht6q5ullqjj7jsasn0287');
INSERT INTO metadata_display_label ( default_locale, oid, site_master, key_name) VALUES ('true', 'z9rxuciom20hcifbq9eln5pfn95bbalj0287', 'www.runwaysdk.com', 'z9rxuciom20hcifbq9eln5pfn95bbalj0287');
INSERT INTO visibilitymodifier (set_id, item_id)  VALUES  ('006h5i3rzu4534kdddxcvlmt89h3y8az', '20071109NM00000000000000000000050113');
INSERT INTO metadata_display_label ( default_locale, oid, site_master, key_name) VALUES ('Is Expression Attribute', 'xrconhggcirzhh4m56c4oeq6ofy1rlip0287', 'www.runwaysdk.com', 'xrconhggcirzhh4m56c4oeq6ofy1rlip0287');
INSERT INTO visibilitymodifier (set_id, item_id)  VALUES  ('z63jm4cyxp991b7sd3h72gzqpog24p0j', '20071109NM00000000000000000000050113');
INSERT INTO md_attribute_indicies (set_id, item_id)  VALUES  ('z8utoudz4lb7s4aepjhm2cmxfi8xzzmq', '000000000000000000000000000004010085');
INSERT INTO metadata_display_label ( default_locale, oid, site_master, key_name) VALUES ('Calculates a value as a result of an expression and stores the results into the database', '71kh84bdcrf3e88pa24i1xykmm1i4dd90287', 'www.runwaysdk.com', '71kh84bdcrf3e88pa24i1xykmm1i4dd90287');
INSERT INTO md_attribute_boolean ( negative_display_label, default_value, positive_display_label, oid) VALUES ('qyty6dw8fffynu4ht6q5ullqjj7jsasn0287', 0, 'z9rxuciom20hcifbq9eln5pfn95bbalj0287', 'ipw4nhorictnmmdftvcbgezagg7up7330074');
INSERT INTO md_attribute_primitive ( expression, is_expression, oid) VALUES (NULL, 0, 'ipw4nhorictnmmdftvcbgezagg7up7330074');
INSERT INTO md_attribute_concrete ( column_name, defining_md_class, setter_visibility, setter_visibility_c, immutable, index_name, generate_accessor, system, required, display_label, getter_visibility, getter_visibility_c, index_type, index_type_c, attribute_name, oid) VALUES ('is_expression', '94dp3weikqddxwpddry9j5ot6my91th10058', '006h5i3rzu4534kdddxcvlmt89h3y8az', '20071109NM00000000000000000000050113', 0, 'aqcs4k3hd1a9er3h29g1dmblh5ik1r', 1, 0, 1, 'xrconhggcirzhh4m56c4oeq6ofy1rlip0287', 'z63jm4cyxp991b7sd3h72gzqpog24p0j', '20071109NM00000000000000000000050113', 'z8utoudz4lb7s4aepjhm2cmxfi8xzzmq', '000000000000000000000000000004010085', 'isExpression', 'ipw4nhorictnmmdftvcbgezagg7up7330074');
INSERT INTO md_attribute ( oid) VALUES ('ipw4nhorictnmmdftvcbgezagg7up7330074');
INSERT INTO metadata ( description, created_by, owner, oid, create_date, seq, type, remove, site_master, locked_by, entity_domain, last_updated_by, last_update_date, key_name) VALUES ('71kh84bdcrf3e88pa24i1xykmm1i4dd90287', '000000000000000000000000000000100060', '000000000000000000000000000000100060', 'ipw4nhorictnmmdftvcbgezagg7up7330074', '2014-12-12 14:38:00', 5800, 'com.runwaysdk.system.metadata.MdAttributeBoolean', 0, 'www.runwaysdk.com', NULL, NULL, '000000000000000000000000000000100060', '2014-12-12 14:38:00', 'com.runwaysdk.system.metadata.MdWebPrimitive.isExpression');
ALTER TABLE md_web_primitive ADD COLUMN is_expression  int;
INSERT INTO class_attribute_concrete ( oid, parent_oid, child_oid) VALUES ('ipw4nhorictnmmdftvcbgezagg7up7330245', '94dp3weikqddxwpddry9j5ot6my91th10058', 'ipw4nhorictnmmdftvcbgezagg7up7330074');
INSERT INTO class_attribute ( oid, parent_oid, child_oid) VALUES ('ipw4nhorictnmmdftvcbgezagg7up7330245', '94dp3weikqddxwpddry9j5ot6my91th10058', 'ipw4nhorictnmmdftvcbgezagg7up7330074');
INSERT INTO metadata_relationship ( entity_domain, site_master, last_updated_by, oid, owner, locked_by, create_date, type, created_by, seq, key_name, last_update_date, parent_oid, child_oid) VALUES (NULL, 'www.runwaysdk.com', '000000000000000000000000000000100060', 'ipw4nhorictnmmdftvcbgezagg7up7330245', '000000000000000000000000000000100060', NULL, '2014-12-12 14:38:00', 'com.runwaysdk.system.metadata.ClassAttributeConcrete', '000000000000000000000000000000100060', 5801, 'com.runwaysdk.system.metadata.MdWebPrimitive.isExpression', '2014-12-12 14:38:00', '94dp3weikqddxwpddry9j5ot6my91th10058', 'ipw4nhorictnmmdftvcbgezagg7up7330074');
INSERT INTO visibilitymodifier (set_id, item_id)  VALUES  ('92odjz1d47u3j4gjt09cypxnvg0i7zr9', '20071109NM00000000000000000000050113');
INSERT INTO metadata_display_label ( default_locale, oid, site_master, key_name) VALUES ('Expression', 'zovxfky1cttrg58m2oolejzirux6pus50287', 'www.runwaysdk.com', 'zovxfky1cttrg58m2oolejzirux6pus50287');
INSERT INTO visibilitymodifier (set_id, item_id)  VALUES  ('sx260miyj18vj7zdphjhl4t2gj25q7bg', '20071109NM00000000000000000000050113');
INSERT INTO md_attribute_indicies (set_id, item_id)  VALUES  ('smzjyzpmbpzm4qe0ra1501ni1i2ffmeb', '000000000000000000000000000004010085');
INSERT INTO metadata_display_label ( default_locale, oid, site_master, key_name) VALUES ('Field for defining an expression that is evaluated on object apply and stored in the database', '0c828q4pmsesckx9dak93r8vu24wszok0287', 'www.runwaysdk.com', '0c828q4pmsesckx9dak93r8vu24wszok0287');
INSERT INTO md_attribute_text ( default_value, oid) VALUES (NULL, '225b39e6-ee81-3d00-955a-5ddc46630068');
INSERT INTO md_attribute_char ( oid) VALUES ('225b39e6-ee81-3d00-955a-5ddc46630068');
INSERT INTO md_attribute_primitive ( expression, is_expression, oid) VALUES (NULL, 0, '225b39e6-ee81-3d00-955a-5ddc46630068');
INSERT INTO md_attribute_concrete ( column_name, defining_md_class, setter_visibility, setter_visibility_c, immutable, index_name, generate_accessor, system, required, display_label, getter_visibility, getter_visibility_c, index_type, index_type_c, attribute_name, oid) VALUES ('expression', '94dp3weikqddxwpddry9j5ot6my91th10058', '92odjz1d47u3j4gjt09cypxnvg0i7zr9', '20071109NM00000000000000000000050113', 0, 'ak2baenrbueprpmt9e9kx47okzy9ph', 1, 0, 0, 'zovxfky1cttrg58m2oolejzirux6pus50287', 'sx260miyj18vj7zdphjhl4t2gj25q7bg', '20071109NM00000000000000000000050113', 'smzjyzpmbpzm4qe0ra1501ni1i2ffmeb', '000000000000000000000000000004010085', 'expression', '225b39e6-ee81-3d00-955a-5ddc46630068');
INSERT INTO md_attribute ( oid) VALUES ('225b39e6-ee81-3d00-955a-5ddc46630068');
INSERT INTO metadata ( description, created_by, owner, oid, create_date, seq, type, remove, site_master, locked_by, entity_domain, last_updated_by, last_update_date, key_name) VALUES ('0c828q4pmsesckx9dak93r8vu24wszok0287', '000000000000000000000000000000100060', '000000000000000000000000000000100060', '225b39e6-ee81-3d00-955a-5ddc46630068', '2014-12-12 14:38:00', 5802, 'com.runwaysdk.system.metadata.MdAttributeText', 0, 'www.runwaysdk.com', NULL, NULL, '000000000000000000000000000000100060', '2014-12-12 14:38:00', 'com.runwaysdk.system.metadata.MdWebPrimitive.expression');
ALTER TABLE md_web_primitive ADD COLUMN expression  text;
INSERT INTO class_attribute_concrete ( oid, parent_oid, child_oid) VALUES ('igvrol3trqk0lxjauzb0vuhpoxpcp0eb0245', '94dp3weikqddxwpddry9j5ot6my91th10058', '225b39e6-ee81-3d00-955a-5ddc46630068');
INSERT INTO class_attribute ( oid, parent_oid, child_oid) VALUES ('igvrol3trqk0lxjauzb0vuhpoxpcp0eb0245', '94dp3weikqddxwpddry9j5ot6my91th10058', '225b39e6-ee81-3d00-955a-5ddc46630068');
INSERT INTO metadata_relationship ( entity_domain, site_master, last_updated_by, oid, owner, locked_by, create_date, type, created_by, seq, key_name, last_update_date, parent_oid, child_oid) VALUES (NULL, 'www.runwaysdk.com', '000000000000000000000000000000100060', 'igvrol3trqk0lxjauzb0vuhpoxpcp0eb0245', '000000000000000000000000000000100060', NULL, '2014-12-12 14:38:00', 'com.runwaysdk.system.metadata.ClassAttributeConcrete', '000000000000000000000000000000100060', 5803, 'com.runwaysdk.system.metadata.MdWebPrimitive.expression', '2014-12-12 14:38:00', '94dp3weikqddxwpddry9j5ot6my91th10058', '225b39e6-ee81-3d00-955a-5ddc46630068');
UPDATE metadata SET seq= 5804  WHERE oid='94dp3weikqddxwpddry9j5ot6my91th10058';