<?xml version="1.0"?>
<tree id="0"><item id="/calendar" text="calendar"><userdata name="desc">Yahoo calendar</userdata><userdata name="edition">any</userdata><userdata name="insrc">false</userdata><item id="/calendar/calendar.css" text="calendar.css"><userdata name="desc">undefined</userdata><userdata name="edition">any</userdata><userdata name="insrc">false</userdata></item><item id="/calendar/calendar.js" text="calendar.js"><userdata name="desc">undefined</userdata><userdata name="edition">any</userdata><userdata name="insrc">false</userdata></item><item id="/calendar/calendar_init.js" text="calendar_init.js"><userdata name="desc">undefined</userdata><userdata name="edition">any</userdata><userdata name="insrc">false</userdata></item><item id="/calendar/event.js" text="event.js"><userdata name="desc">undefined</userdata><userdata name="edition">any</userdata><userdata name="insrc">false</userdata></item><item id="/calendar/img" text="img"><userdata name="desc">undefined</userdata><userdata name="edition">any</userdata><userdata name="insrc">false</userdata></item><item id="/calendar/YAHOO.js" text="YAHOO.js"><userdata name="desc">undefined</userdata><userdata name="edition">any</userdata><userdata name="insrc">false</userdata></item></item><item id="/dhtmlxcommon.js" text="dhtmlxcommon.js"><userdata name="desc">common js</userdata><userdata name="edition">any</userdata><userdata name="insrc">true</userdata><userdata name="inapi">true</userdata></item><item id="/dhtmlxcommon_debug.js" text="dhtmlxcommon_debug.js"><userdata name="desc">common js with debug info</userdata><userdata name="edition">pro</userdata><userdata name="insrc">false</userdata></item><item id="/dhtmlxgrid.css" text="dhtmlxgrid.css"><userdata name="desc">common grid css</userdata><userdata name="edition">any</userdata><userdata name="insrc">false</userdata></item><item id="/dhtmlxgrid.js" text="dhtmlxgrid.js"><userdata name="desc">main grid js</userdata><userdata name="edition">mx</userdata><userdata name="insrc">true</userdata><userdata name="inapi">true</userdata></item><item id="/dhtmlxgridcell.js" text="dhtmlxgridcell.js"><userdata name="desc">standard grid eXcells</userdata><userdata name="edition">mx</userdata><userdata name="insrc">true</userdata><userdata name="inapi">true</userdata></item><item id="/dhtmlxgrid_skins.css" text="dhtmlxgrid_skins.css"><userdata name="desc">grid extended skins</userdata><userdata name="edition">any</userdata><userdata name="insrc">false</userdata></item><item id="/excells" text="excells"><userdata name="desc">extended grid eXcells</userdata><userdata name="edition">any</userdata><userdata name="insrc">true</userdata><item id="/excells/dhtmlxgrid_excell_3but.js" text="dhtmlxgrid_excell_3but.js"><userdata name="desc">demo of possibility to use html in excells. Do not have practical usage - just demo.</userdata><userdata name="edition">any</userdata><userdata name="insrc">true</userdata></item><item id="/excells/dhtmlxgrid_excell_acheck.js" text="dhtmlxgrid_excell_acheck.js"><userdata name="desc">Advanced checkbox (with icon and text)</userdata><userdata name="edition">any</userdata><userdata name="insrc">true</userdata></item><item id="/excells/dhtmlxgrid_excell_acomplete.js" text="dhtmlxgrid_excell_acomplete.js"/><item id="/excells/dhtmlxgrid_excell_calck.js" text="dhtmlxgrid_excell_calck.js"><userdata name="desc">Calculator</userdata><userdata name="edition">pro</userdata><userdata name="insrc">true</userdata></item><item id="/excells/dhtmlxgrid_excell_calendar.js" text="dhtmlxgrid_excell_calendar.js"><userdata name="desc">Yahoo calendar</userdata><userdata name="edition">any</userdata><userdata name="insrc">true</userdata></item><item id="/excells/dhtmlxgrid_excell_clist.js" text="dhtmlxgrid_excell_clist.js"><userdata name="desc">List of checkboxes</userdata><userdata name="edition">pro</userdata><userdata name="insrc">true</userdata></item><item id="/excells/dhtmlxgrid_excell_cntr.js" text="dhtmlxgrid_excell_cntr.js"><userdata name="desc">Shows row index</userdata><userdata name="edition">any</userdata><userdata name="insrc">true</userdata></item><item id="/excells/dhtmlxgrid_excell_combo.js" text="dhtmlxgrid_excell_combo.js"><userdata name="desc">dhtmlxCombo integration v.1.0</userdata><userdata name="edition">pro</userdata><userdata name="insrc">true</userdata></item><item id="/excells/dhtmlxgrid_excell_cor.js" text="dhtmlxgrid_excell_cor.js"/><item id="/excells/dhtmlxgrid_excell_dec.js" text="dhtmlxgrid_excell_dec.js"><userdata name="desc">Extended editor. Allows only decimal values</userdata><userdata name="edition">pro</userdata><userdata name="insrc">true</userdata></item><item id="/excells/dhtmlxgrid_excell_grid.js" text="dhtmlxgrid_excell_grid.js"><userdata name="desc">Grid as editor</userdata><userdata name="edition">any</userdata><userdata name="insrc">true</userdata><userdata name="inapi">false</userdata></item><item id="/excells/dhtmlxgrid_excell_limit.js" text="dhtmlxgrid_excell_limit.js"><userdata name="desc">Limitted number of symbols in value</userdata><userdata name="edition">pro</userdata><userdata name="insrc">true</userdata></item><item id="/excells/dhtmlxgrid_excell_link.js" text="dhtmlxgrid_excell_link.js"><userdata name="desc">HTML Link</userdata><userdata name="edition">any</userdata><userdata name="insrc">true</userdata></item><item id="/excells/dhtmlxgrid_excell_liveedit.js" text="dhtmlxgrid_excell_liveedit.js"><userdata name="desc">Always visible text input.</userdata><userdata name="edition">pro</userdata><userdata name="insrc">true</userdata></item><item id="/excells/dhtmlxgrid_excell_mro.js" text="dhtmlxgrid_excell_mro.js"><userdata name="desc">Multiline readonly cell with ability to set max height of the cell</userdata><userdata name="edition">pro</userdata><userdata name="insrc">true</userdata></item><item id="/excells/dhtmlxgrid_excell_num.js" text="dhtmlxgrid_excell_num.js"/><item id="/excells/dhtmlxgrid_excell_passw.js" text="dhtmlxgrid_excell_passw.js"><userdata name="desc">Password field</userdata><userdata name="edition">pro</userdata><userdata name="insrc">true</userdata></item><item id="/excells/dhtmlxgrid_excell_ra_str.js" text="dhtmlxgrid_excell_ra_str.js"><userdata name="desc">In-row radiobutton</userdata><userdata name="edition">pro</userdata><userdata name="insrc">true</userdata></item><item id="/excells/dhtmlxgrid_excell_time.js" text="dhtmlxgrid_excell_time.js"><userdata name="desc">time formating excell</userdata><userdata name="edition">pro</userdata><userdata name="insrc">true</userdata></item><item id="/excells/dhtmlxgrid_excell_wbut.js" text="dhtmlxgrid_excell_wbut.js"><userdata name="desc">Demo of excell with button opening popup and getting value from popup </userdata><userdata name="edition">pro</userdata><userdata name="insrc">true</userdata></item><item id="/excells/dhtmlxgrid_excell_sub_row.js" text="dhtmlxgrid_excell_sub_row.js"><userdata name="desc">Subrow in grid (cell value moved below the original grid with ability to expand/collapse it), load content with ajax</userdata><userdata name="edition">pro</userdata><userdata name="insrc">true</userdata><userdata name="inapi">false</userdata></item><item id="/excells/dhtmlxgrid_calc.css" text="dhtmlxgrid_calc.css"><userdata name="desc">styles for calculator</userdata><userdata name="edition">pro</userdata><userdata name="insrc">true</userdata><userdata name="inapi">false</userdata></item><item id="/excells/dhtmlxgrid_excell_context.js" text="dhtmlxgrid_excell_context.js"><userdata name="desc">editor in popup</userdata><userdata name="edition">any</userdata><userdata name="insrc">true</userdata><userdata name="inapi">false</userdata></item><item id="/excells/dhtmlxgrid_excell_tree.js" text="dhtmlxgrid_excell_tree.js"><userdata name="desc">tree as editor for grid cell</userdata><userdata name="edition">any</userdata><userdata name="insrc">true</userdata><userdata name="inapi">false</userdata></item></item><item id="/ext" open="1" text="ext"><userdata name="desc">grid Extensions</userdata><userdata name="edition">any</userdata><userdata name="insrc">true</userdata><item id="/ext/dhtmlxgrid_drag.js" text="dhtmlxgrid_drag.js"><userdata name="desc">Drag-n-drop</userdata><userdata name="edition">mx</userdata><userdata name="insrc">true</userdata><userdata name="inapi">true</userdata></item><item id="/ext/dhtmlxgrid_fast.js" text="dhtmlxgrid_fast.js"><userdata name="desc">Increasing Add/Delete/Move operations performance</userdata><userdata name="edition">pro</userdata><userdata name="insrc">true</userdata><userdata name="inapi">true</userdata></item><item id="/ext/dhtmlxgrid_filter.js" text="dhtmlxgrid_filter.js"><userdata name="desc">Filtering in grid</userdata><userdata name="edition">any</userdata><userdata name="insrc">true</userdata><userdata name="inapi">true</userdata></item><item id="/ext/dhtmlxgrid_form.js" text="dhtmlxgrid_form.js"><userdata name="desc">Form integration. Submit values (changed values, selected rows etc) with the form grid enclosed into.</userdata><userdata name="edition">pro</userdata><userdata name="insrc">true</userdata><userdata name="inapi">true</userdata></item><item id="/ext/dhtmlxgrid_math.js" text="dhtmlxgrid_math.js"><userdata name="desc">Formulas in grid cells</userdata><userdata name="edition">pro</userdata><userdata name="insrc">true</userdata><userdata name="inapi">true</userdata></item><item id="/ext/dhtmlxgrid_mcol.js" text="dhtmlxgrid_mcol.js"><userdata name="desc">Columns: move, delete, add</userdata><userdata name="edition">pro</userdata><userdata name="insrc">true</userdata><userdata name="inapi">true</userdata></item><item id="/ext/dhtmlxgrid_nxml.js" text="dhtmlxgrid_nxml.js"><userdata name="desc">CSV support, clipboard operations</userdata><userdata name="edition">any</userdata><userdata name="insrc">true</userdata><userdata name="inapi">true</userdata></item><item id="/ext/dhtmlxgrid_over.js" text="dhtmlxgrid_over.js"><userdata name="desc">Mousein and mouseout events for rows</userdata><userdata name="edition">pro</userdata><userdata name="insrc">true</userdata><userdata name="inapi">true</userdata></item><item id="/ext/dhtmlxgrid_pgn.js" text="dhtmlxgrid_pgn.js"><userdata name="desc">paging</userdata><userdata name="edition">pro</userdata><userdata name="insrc">true</userdata><userdata name="inapi">true</userdata></item><item id="/ext/dhtmlxgrid_selection.js" text="dhtmlxgrid_selection.js"><userdata name="desc">Block selection</userdata><userdata name="edition">any</userdata><userdata name="insrc">true</userdata><userdata name="inapi">true</userdata></item><item id="/ext/dhtmlxgrid_splt.js" text="dhtmlxgrid_splt.js"><userdata name="desc">Split</userdata><userdata name="edition">pro</userdata><userdata name="insrc">true</userdata><userdata name="inapi">true</userdata></item><item id="/ext/dhtmlxgrid_srnd.js" text="dhtmlxgrid_srnd.js"><userdata name="desc">Smart Rendering</userdata><userdata name="edition">mx</userdata><userdata name="insrc">true</userdata><userdata name="inapi">true</userdata></item><item id="/ext/dhtmlxgrid_ssc.js" text="dhtmlxgrid_ssc.js"><userdata name="desc">Saving column width to cookie with ability to restore later</userdata><userdata name="edition">pro</userdata><userdata name="insrc">true</userdata><userdata name="inapi">true</userdata></item><item id="/ext/dhtmlxgrid_start.js" text="dhtmlxgrid_start.js"><userdata name="desc">Initialization from HTML</userdata><userdata name="edition">any</userdata><userdata name="insrc">true</userdata><userdata name="inapi">true</userdata></item><item id="/ext/dhtmlxgrid_undo.js" text="dhtmlxgrid_undo.js"><userdata name="desc">UnDo ReDO</userdata><userdata name="edition">pro</userdata><userdata name="insrc">true</userdata><userdata name="inapi">true</userdata></item><item id="/ext/dhtmlx_extdrag.js" text="dhtmlx_extdrag.js"><userdata name="desc">Extended drag-n-drop</userdata><userdata name="edition">pro</userdata><userdata name="insrc">true</userdata><userdata name="inapi">true</userdata></item><item id="/ext/dhtmlxgrid_hmenu.js" text="dhtmlxgrid_hmenu.js"><userdata name="desc">Column Header context menu which allows hide/show columns</userdata><userdata name="edition">pro</userdata><userdata name="insrc">true</userdata><userdata name="inapi">true</userdata></item><item id="/ext/dhtmlxgrid_group.js" text="dhtmlxgrid_group.js"><userdata name="desc">grouping of rows by some column</userdata><userdata name="edition">pro</userdata><userdata name="insrc">true</userdata><userdata name="inapi">true</userdata></item><item id="/ext/dhtmlxgrid_pivot.js" text="dhtmlxgrid_pivot.js"><userdata name="desc">pivot table based on grid. beta</userdata><userdata name="edition">pro</userdata><userdata name="insrc">true</userdata><userdata name="inapi">true</userdata></item><item id="/ext/dhtmlxgrid_rowspan.js" text="dhtmlxgrid_rowspan.js"><userdata name="desc">rows span</userdata><userdata name="edition">pro</userdata><userdata name="insrc">true</userdata><userdata name="inapi">true</userdata></item><item id="/ext/dhtmlxgrid_keymap_access.js" text="dhtmlxgrid_keymap_access.js"><userdata name="desc">undefined</userdata><userdata name="edition">any</userdata><userdata name="insrc">true</userdata><userdata name="inapi">true</userdata></item><item id="/ext/dhtmlxgrid_keymap_excel.js" text="dhtmlxgrid_keymap_excel.js"><userdata name="desc">undefined</userdata><userdata name="edition">any</userdata><userdata name="insrc">true</userdata><userdata name="inapi">true</userdata></item><item id="/ext/dhtmlxgrid_keymap_extra.js" text="dhtmlxgrid_keymap_extra.js"><userdata name="desc">undefined</userdata><userdata name="edition">any</userdata><userdata name="insrc">true</userdata><userdata name="inapi">true</userdata></item><item id="/ext/dhtmlx_extdrag.css" select="1" text="dhtmlx_extdrag.css"/></item><item id="/dhtmlxgrid_nicelookingcode.js" text="dhtmlxgrid_nicelookingcode.js"/></tree>
