INSERT INTO metadata_relationship ( entity_domain, site_master, last_updated_by, id, owner, locked_by, create_date, type, created_by, seq, key_name, last_update_date, parent_id, child_id) VALUES (NULL, 'www.runwaysdk.com', '0000000000000000000000000000001000000000000000000000000000000003', '8no5l7fw4wppxpo95qp6ada5b73ai8lrNM200811060000000000000000000005', '0000000000000000000000000000001000000000000000000000000000000003', NULL, '2014-01-28 10:55:05', 'com.runwaysdk.system.metadata.ClassAttributeVirtual', '0000000000000000000000000000001000000000000000000000000000000003', 4741, 'com.runwaysdk.system.scheduler.JobHistoryView.description', '2014-01-28 10:55:05', '7e515ymyib4ej1u2ut7hbkk7xqmakxmb20071129NM0000000000000000000005', 'qxd89pu26jkr0j2c4h4a0x7edi7amst2NM200811060000000000000000000001');
INSERT INTO virtualize_attribute ( id, parent_id, child_id) VALUES ('xbu0vdm7y1dcecvwmk2itpo286uqx1hwNM200811200000000000000000000023', '7b9ks2xzc6tdi35d4wgmx6z8bktf8uib0000000MdAttributeLocalCharacter', 'qxd89pu26jkr0j2c4h4a0x7edi7amst2NM200811060000000000000000000001');
INSERT INTO metadata_relationship ( entity_domain, site_master, last_updated_by, id, owner, locked_by, create_date, type, created_by, seq, key_name, last_update_date, parent_id, child_id) VALUES (NULL, 'www.runwaysdk.com', '0000000000000000000000000000001000000000000000000000000000000003', 'xbu0vdm7y1dcecvwmk2itpo286uqx1hwNM200811200000000000000000000023', '0000000000000000000000000000001000000000000000000000000000000003', NULL, '2014-01-28 10:55:05', 'com.runwaysdk.system.metadata.VirtualizeAttribute', '0000000000000000000000000000001000000000000000000000000000000003', 4742, 'xbu0vdm7y1dcecvwmk2itpo286uqx1hwNM200811200000000000000000000023', '2014-01-28 10:55:05', '7b9ks2xzc6tdi35d4wgmx6z8bktf8uib0000000MdAttributeLocalCharacter', 'qxd89pu26jkr0j2c4h4a0x7edi7amst2NM200811060000000000000000000001');
INSERT INTO metadata_display_label ( default_locale, id, site_master, key_name) VALUES (NULL, 'sg2g1on8whb835d2wsh620te1hlu2f0wNM200904120000000000000000000030', 'www.runwaysdk.com', 'sg2g1on8whb835d2wsh620te1hlu2f0wNM200904120000000000000000000030');
INSERT INTO metadata_display_label ( default_locale, id, site_master, key_name) VALUES (NULL, 'xii3ev8vlembgo0ofa29k2k62vlwdxf0NM200904120000000000000000000030', 'www.runwaysdk.com', 'xii3ev8vlembgo0ofa29k2k62vlwdxf0NM200904120000000000000000000030');
INSERT INTO md_attribute_virtual ( defining_md_view, required, md_attribute_concrete, attribute_name, display_label, id) VALUES ('7e515ymyib4ej1u2ut7hbkk7xqmakxmb20071129NM0000000000000000000005', NULL, '0i8k1wlwtahg6mgtbdse4y9l29wrl1ai00000000000000000000000000000138', 'jobId', 'sg2g1on8whb835d2wsh620te1hlu2f0wNM200904120000000000000000000030', 'xceso4gcag1ykqg87v77qfjatm2jqukcNM200811060000000000000000000001');
INSERT INTO md_attribute ( id) VALUES ('xceso4gcag1ykqg87v77qfjatm2jqukcNM200811060000000000000000000001');
INSERT INTO metadata ( description, created_by, owner, id, create_date, seq, type, remove, site_master, locked_by, entity_domain, last_updated_by, last_update_date, key_name) VALUES ('xii3ev8vlembgo0ofa29k2k62vlwdxf0NM200904120000000000000000000030', '0000000000000000000000000000001000000000000000000000000000000003', '0000000000000000000000000000001000000000000000000000000000000003', 'xceso4gcag1ykqg87v77qfjatm2jqukcNM200811060000000000000000000001', '2014-01-28 10:55:05', 4743, 'com.runwaysdk.system.metadata.MdAttributeVirtual', 1, 'www.runwaysdk.com', NULL, NULL, '0000000000000000000000000000001000000000000000000000000000000003', '2014-01-28 10:55:05', 'com.runwaysdk.system.scheduler.JobHistoryView.jobId');
INSERT INTO class_attribute_virtual ( id, parent_id, child_id) VALUES ('0sxck0ssxfeeel5o2texo5jjdxubxgcgNM200811060000000000000000000005', '7e515ymyib4ej1u2ut7hbkk7xqmakxmb20071129NM0000000000000000000005', 'xceso4gcag1ykqg87v77qfjatm2jqukcNM200811060000000000000000000001');
INSERT INTO class_attribute ( id, parent_id, child_id) VALUES ('0sxck0ssxfeeel5o2texo5jjdxubxgcgNM200811060000000000000000000005', '7e515ymyib4ej1u2ut7hbkk7xqmakxmb20071129NM0000000000000000000005', 'xceso4gcag1ykqg87v77qfjatm2jqukcNM200811060000000000000000000001');
INSERT INTO metadata_relationship ( entity_domain, site_master, last_updated_by, id, owner, locked_by, create_date, type, created_by, seq, key_name, last_update_date, parent_id, child_id) VALUES (NULL, 'www.runwaysdk.com', '0000000000000000000000000000001000000000000000000000000000000003', '0sxck0ssxfeeel5o2texo5jjdxubxgcgNM200811060000000000000000000005', '0000000000000000000000000000001000000000000000000000000000000003', NULL, '2014-01-28 10:55:05', 'com.runwaysdk.system.metadata.ClassAttributeVirtual', '0000000000000000000000000000001000000000000000000000000000000003', 4744, 'com.runwaysdk.system.scheduler.JobHistoryView.jobId', '2014-01-28 10:55:05', '7e515ymyib4ej1u2ut7hbkk7xqmakxmb20071129NM0000000000000000000005', 'xceso4gcag1ykqg87v77qfjatm2jqukcNM200811060000000000000000000001');
INSERT INTO virtualize_attribute ( id, parent_id, child_id) VALUES ('0syr0b7qvqgs2kfbxb8mbzl9bctdisvjNM200811200000000000000000000023', '0i8k1wlwtahg6mgtbdse4y9l29wrl1ai00000000000000000000000000000138', 'xceso4gcag1ykqg87v77qfjatm2jqukcNM200811060000000000000000000001');
INSERT INTO metadata_relationship ( entity_domain, site_master, last_updated_by, id, owner, locked_by, create_date, type, created_by, seq, key_name, last_update_date, parent_id, child_id) VALUES (NULL, 'www.runwaysdk.com', '0000000000000000000000000000001000000000000000000000000000000003', '0syr0b7qvqgs2kfbxb8mbzl9bctdisvjNM200811200000000000000000000023', '0000000000000000000000000000001000000000000000000000000000000003', NULL, '2014-01-28 10:55:05', 'com.runwaysdk.system.metadata.VirtualizeAttribute', '0000000000000000000000000000001000000000000000000000000000000003', 4745, '0syr0b7qvqgs2kfbxb8mbzl9bctdisvjNM200811200000000000000000000023', '2014-01-28 10:55:05', '0i8k1wlwtahg6mgtbdse4y9l29wrl1ai00000000000000000000000000000138', 'xceso4gcag1ykqg87v77qfjatm2jqukcNM200811060000000000000000000001');
INSERT INTO metadata_display_label ( default_locale, id, site_master, key_name) VALUES (NULL, '7834nk41juijd8nwnsk23ha7j84je3ocNM200904120000000000000000000030', 'www.runwaysdk.com', '7834nk41juijd8nwnsk23ha7j84je3ocNM200904120000000000000000000030');
INSERT INTO metadata_display_label ( default_locale, id, site_master, key_name) VALUES (NULL, 'szx4ijbcuioevfkyab7dmp9dkj2fpmufNM200904120000000000000000000030', 'www.runwaysdk.com', 'szx4ijbcuioevfkyab7dmp9dkj2fpmufNM200904120000000000000000000030');
INSERT INTO md_attribute_virtual ( defining_md_view, required, md_attribute_concrete, attribute_name, display_label, id) VALUES ('7e515ymyib4ej1u2ut7hbkk7xqmakxmb20071129NM0000000000000000000005', NULL, 'xd4rk02itv08v1nywki9lvtttejia2uv00000000000000000000000000000194', 'cancelable', '7834nk41juijd8nwnsk23ha7j84je3ocNM200904120000000000000000000030', '8iwyoah4rrllsftdcq21v6g4kh1hp41lNM200811060000000000000000000001');
INSERT INTO md_attribute ( id) VALUES ('8iwyoah4rrllsftdcq21v6g4kh1hp41lNM200811060000000000000000000001');
INSERT INTO metadata ( description, created_by, owner, id, create_date, seq, type, remove, site_master, locked_by, entity_domain, last_updated_by, last_update_date, key_name) VALUES ('szx4ijbcuioevfkyab7dmp9dkj2fpmufNM200904120000000000000000000030', '0000000000000000000000000000001000000000000000000000000000000003', '0000000000000000000000000000001000000000000000000000000000000003', '8iwyoah4rrllsftdcq21v6g4kh1hp41lNM200811060000000000000000000001', '2014-01-28 10:55:05', 4746, 'com.runwaysdk.system.metadata.MdAttributeVirtual', 1, 'www.runwaysdk.com', NULL, NULL, '0000000000000000000000000000001000000000000000000000000000000003', '2014-01-28 10:55:05', 'com.runwaysdk.system.scheduler.JobHistoryView.cancelable');
INSERT INTO class_attribute_virtual ( id, parent_id, child_id) VALUES ('z7bfvmtgu4oj5w00gd6ygfkx7q56u5r9NM200811060000000000000000000005', '7e515ymyib4ej1u2ut7hbkk7xqmakxmb20071129NM0000000000000000000005', '8iwyoah4rrllsftdcq21v6g4kh1hp41lNM200811060000000000000000000001');
INSERT INTO class_attribute ( id, parent_id, child_id) VALUES ('z7bfvmtgu4oj5w00gd6ygfkx7q56u5r9NM200811060000000000000000000005', '7e515ymyib4ej1u2ut7hbkk7xqmakxmb20071129NM0000000000000000000005', '8iwyoah4rrllsftdcq21v6g4kh1hp41lNM200811060000000000000000000001');
INSERT INTO metadata_relationship ( entity_domain, site_master, last_updated_by, id, owner, locked_by, create_date, type, created_by, seq, key_name, last_update_date, parent_id, child_id) VALUES (NULL, 'www.runwaysdk.com', '0000000000000000000000000000001000000000000000000000000000000003', 'z7bfvmtgu4oj5w00gd6ygfkx7q56u5r9NM200811060000000000000000000005', '0000000000000000000000000000001000000000000000000000000000000003', NULL, '2014-01-28 10:55:05', 'com.runwaysdk.system.metadata.ClassAttributeVirtual', '0000000000000000000000000000001000000000000000000000000000000003', 4747, 'com.runwaysdk.system.scheduler.JobHistoryView.cancelable', '2014-01-28 10:55:05', '7e515ymyib4ej1u2ut7hbkk7xqmakxmb20071129NM0000000000000000000005', '8iwyoah4rrllsftdcq21v6g4kh1hp41lNM200811060000000000000000000001');
INSERT INTO virtualize_attribute ( id, parent_id, child_id) VALUES ('sok620g8e71vcebwvpqt8mmudhbno8onNM200811200000000000000000000023', 'xd4rk02itv08v1nywki9lvtttejia2uv00000000000000000000000000000194', '8iwyoah4rrllsftdcq21v6g4kh1hp41lNM200811060000000000000000000001');
INSERT INTO metadata_relationship ( entity_domain, site_master, last_updated_by, id, owner, locked_by, create_date, type, created_by, seq, key_name, last_update_date, parent_id, child_id) VALUES (NULL, 'www.runwaysdk.com', '0000000000000000000000000000001000000000000000000000000000000003', 'sok620g8e71vcebwvpqt8mmudhbno8onNM200811200000000000000000000023', '0000000000000000000000000000001000000000000000000000000000000003', NULL, '2014-01-28 10:55:05', 'com.runwaysdk.system.metadata.VirtualizeAttribute', '0000000000000000000000000000001000000000000000000000000000000003', 4748, 'sok620g8e71vcebwvpqt8mmudhbno8onNM200811200000000000000000000023', '2014-01-28 10:55:05', 'xd4rk02itv08v1nywki9lvtttejia2uv00000000000000000000000000000194', '8iwyoah4rrllsftdcq21v6g4kh1hp41lNM200811060000000000000000000001');
INSERT INTO metadata_display_label ( default_locale, id, site_master, key_name) VALUES (NULL, '1wogqfdiw1nuvgksjyw2qctn8ggij4r7NM200904120000000000000000000030', 'www.runwaysdk.com', '1wogqfdiw1nuvgksjyw2qctn8ggij4r7NM200904120000000000000000000030');
INSERT INTO metadata_display_label ( default_locale, id, site_master, key_name) VALUES (NULL, '067l3ohjjgqaued5vakz9mn9na4081lrNM200904120000000000000000000030', 'www.runwaysdk.com', '067l3ohjjgqaued5vakz9mn9na4081lrNM200904120000000000000000000030');
INSERT INTO md_attribute_virtual ( defining_md_view, required, md_attribute_concrete, attribute_name, display_label, id) VALUES ('7e515ymyib4ej1u2ut7hbkk7xqmakxmb20071129NM0000000000000000000005', NULL, 'six7qqjtsywhvpkmg6n6kuvn0z9ijbxh00000000000000000000000000000194', 'canceled', '1wogqfdiw1nuvgksjyw2qctn8ggij4r7NM200904120000000000000000000030', '24no6grpnfq8uq1rs57a7785jy90sx2hNM200811060000000000000000000001');
INSERT INTO md_attribute ( id) VALUES ('24no6grpnfq8uq1rs57a7785jy90sx2hNM200811060000000000000000000001');
INSERT INTO metadata ( description, created_by, owner, id, create_date, seq, type, remove, site_master, locked_by, entity_domain, last_updated_by, last_update_date, key_name) VALUES ('067l3ohjjgqaued5vakz9mn9na4081lrNM200904120000000000000000000030', '0000000000000000000000000000001000000000000000000000000000000003', '0000000000000000000000000000001000000000000000000000000000000003', '24no6grpnfq8uq1rs57a7785jy90sx2hNM200811060000000000000000000001', '2014-01-28 10:55:05', 4749, 'com.runwaysdk.system.metadata.MdAttributeVirtual', 1, 'www.runwaysdk.com', NULL, NULL, '0000000000000000000000000000001000000000000000000000000000000003', '2014-01-28 10:55:05', 'com.runwaysdk.system.scheduler.JobHistoryView.canceled');
INSERT INTO class_attribute_virtual ( id, parent_id, child_id) VALUES ('6q0cck1ysmwv35htm3b1shplrqqyt6e1NM200811060000000000000000000005', '7e515ymyib4ej1u2ut7hbkk7xqmakxmb20071129NM0000000000000000000005', '24no6grpnfq8uq1rs57a7785jy90sx2hNM200811060000000000000000000001');
INSERT INTO class_attribute ( id, parent_id, child_id) VALUES ('6q0cck1ysmwv35htm3b1shplrqqyt6e1NM200811060000000000000000000005', '7e515ymyib4ej1u2ut7hbkk7xqmakxmb20071129NM0000000000000000000005', '24no6grpnfq8uq1rs57a7785jy90sx2hNM200811060000000000000000000001');
INSERT INTO metadata_relationship ( entity_domain, site_master, last_updated_by, id, owner, locked_by, create_date, type, created_by, seq, key_name, last_update_date, parent_id, child_id) VALUES (NULL, 'www.runwaysdk.com', '0000000000000000000000000000001000000000000000000000000000000003', '6q0cck1ysmwv35htm3b1shplrqqyt6e1NM200811060000000000000000000005', '0000000000000000000000000000001000000000000000000000000000000003', NULL, '2014-01-28 10:55:05', 'com.runwaysdk.system.metadata.ClassAttributeVirtual', '0000000000000000000000000000001000000000000000000000000000000003', 4750, 'com.runwaysdk.system.scheduler.JobHistoryView.canceled', '2014-01-28 10:55:05', '7e515ymyib4ej1u2ut7hbkk7xqmakxmb20071129NM0000000000000000000005', '24no6grpnfq8uq1rs57a7785jy90sx2hNM200811060000000000000000000001');
INSERT INTO virtualize_attribute ( id, parent_id, child_id) VALUES ('rd5mgr0uvspj5w3nocn0w8vi5cccoi9mNM200811200000000000000000000023', 'six7qqjtsywhvpkmg6n6kuvn0z9ijbxh00000000000000000000000000000194', '24no6grpnfq8uq1rs57a7785jy90sx2hNM200811060000000000000000000001');
INSERT INTO metadata_relationship ( entity_domain, site_master, last_updated_by, id, owner, locked_by, create_date, type, created_by, seq, key_name, last_update_date, parent_id, child_id) VALUES (NULL, 'www.runwaysdk.com', '0000000000000000000000000000001000000000000000000000000000000003', 'rd5mgr0uvspj5w3nocn0w8vi5cccoi9mNM200811200000000000000000000023', '0000000000000000000000000000001000000000000000000000000000000003', NULL, '2014-01-28 10:55:05', 'com.runwaysdk.system.metadata.VirtualizeAttribute', '0000000000000000000000000000001000000000000000000000000000000003', 4751, 'rd5mgr0uvspj5w3nocn0w8vi5cccoi9mNM200811200000000000000000000023', '2014-01-28 10:55:05', 'six7qqjtsywhvpkmg6n6kuvn0z9ijbxh00000000000000000000000000000194', '24no6grpnfq8uq1rs57a7785jy90sx2hNM200811060000000000000000000001');
INSERT INTO metadata_display_label ( default_locale, id, site_master, key_name) VALUES (NULL, '1uia5bv72cwb2esvl7qf3jyvhyxhk9dkNM200904120000000000000000000030', 'www.runwaysdk.com', '1uia5bv72cwb2esvl7qf3jyvhyxhk9dkNM200904120000000000000000000030');
INSERT INTO metadata_display_label ( default_locale, id, site_master, key_name) VALUES (NULL, 'xva7msgqrsq8bhju3hc2af3zrlatujkfNM200904120000000000000000000030', 'www.runwaysdk.com', 'xva7msgqrsq8bhju3hc2af3zrlatujkfNM200904120000000000000000000030');
INSERT INTO md_attribute_virtual ( defining_md_view, required, md_attribute_concrete, attribute_name, display_label, id) VALUES ('7e515ymyib4ej1u2ut7hbkk7xqmakxmb20071129NM0000000000000000000005', NULL, '72fx1inp7qocxufr3cihtukck2dgnaxt00000000000000000000000000000194', 'completed', '1uia5bv72cwb2esvl7qf3jyvhyxhk9dkNM200904120000000000000000000030', '1yt5nl8mjb3suignvwd70be156vsbzezNM200811060000000000000000000001');
INSERT INTO md_attribute ( id) VALUES ('1yt5nl8mjb3suignvwd70be156vsbzezNM200811060000000000000000000001');
INSERT INTO metadata ( description, created_by, owner, id, create_date, seq, type, remove, site_master, locked_by, entity_domain, last_updated_by, last_update_date, key_name) VALUES ('xva7msgqrsq8bhju3hc2af3zrlatujkfNM200904120000000000000000000030', '0000000000000000000000000000001000000000000000000000000000000003', '0000000000000000000000000000001000000000000000000000000000000003', '1yt5nl8mjb3suignvwd70be156vsbzezNM200811060000000000000000000001', '2014-01-28 10:55:05', 4752, 'com.runwaysdk.system.metadata.MdAttributeVirtual', 1, 'www.runwaysdk.com', NULL, NULL, '0000000000000000000000000000001000000000000000000000000000000003', '2014-01-28 10:55:05', 'com.runwaysdk.system.scheduler.JobHistoryView.completed');
INSERT INTO class_attribute_virtual ( id, parent_id, child_id) VALUES ('xj5mux6rlrutj7sy1oiwrta82xxsit5bNM200811060000000000000000000005', '7e515ymyib4ej1u2ut7hbkk7xqmakxmb20071129NM0000000000000000000005', '1yt5nl8mjb3suignvwd70be156vsbzezNM200811060000000000000000000001');
INSERT INTO class_attribute ( id, parent_id, child_id) VALUES ('xj5mux6rlrutj7sy1oiwrta82xxsit5bNM200811060000000000000000000005', '7e515ymyib4ej1u2ut7hbkk7xqmakxmb20071129NM0000000000000000000005', '1yt5nl8mjb3suignvwd70be156vsbzezNM200811060000000000000000000001');
INSERT INTO metadata_relationship ( entity_domain, site_master, last_updated_by, id, owner, locked_by, create_date, type, created_by, seq, key_name, last_update_date, parent_id, child_id) VALUES (NULL, 'www.runwaysdk.com', '0000000000000000000000000000001000000000000000000000000000000003', 'xj5mux6rlrutj7sy1oiwrta82xxsit5bNM200811060000000000000000000005', '0000000000000000000000000000001000000000000000000000000000000003', NULL, '2014-01-28 10:55:05', 'com.runwaysdk.system.metadata.ClassAttributeVirtual', '0000000000000000000000000000001000000000000000000000000000000003', 4753, 'com.runwaysdk.system.scheduler.JobHistoryView.completed', '2014-01-28 10:55:05', '7e515ymyib4ej1u2ut7hbkk7xqmakxmb20071129NM0000000000000000000005', '1yt5nl8mjb3suignvwd70be156vsbzezNM200811060000000000000000000001');
INSERT INTO virtualize_attribute ( id, parent_id, child_id) VALUES ('6ncln7hzcpc5n1lv9azbostnt10v0i1kNM200811200000000000000000000023', '72fx1inp7qocxufr3cihtukck2dgnaxt00000000000000000000000000000194', '1yt5nl8mjb3suignvwd70be156vsbzezNM200811060000000000000000000001');
INSERT INTO metadata_relationship ( entity_domain, site_master, last_updated_by, id, owner, locked_by, create_date, type, created_by, seq, key_name, last_update_date, parent_id, child_id) VALUES (NULL, 'www.runwaysdk.com', '0000000000000000000000000000001000000000000000000000000000000003', '6ncln7hzcpc5n1lv9azbostnt10v0i1kNM200811200000000000000000000023', '0000000000000000000000000000001000000000000000000000000000000003', NULL, '2014-01-28 10:55:05', 'com.runwaysdk.system.metadata.VirtualizeAttribute', '0000000000000000000000000000001000000000000000000000000000000003', 4754, '6ncln7hzcpc5n1lv9azbostnt10v0i1kNM200811200000000000000000000023', '2014-01-28 10:55:05', '72fx1inp7qocxufr3cihtukck2dgnaxt00000000000000000000000000000194', '1yt5nl8mjb3suignvwd70be156vsbzezNM200811060000000000000000000001');
INSERT INTO metadata_display_label ( default_locale, id, site_master, key_name) VALUES (NULL, 'zlcerspmmxeqnzrscxvoxvhk1l4sl9lkNM200904120000000000000000000030', 'www.runwaysdk.com', 'zlcerspmmxeqnzrscxvoxvhk1l4sl9lkNM200904120000000000000000000030');
INSERT INTO metadata_display_label ( default_locale, id, site_master, key_name) VALUES (NULL, 'svw77uv8rs6rrl7h3ixafrotlvq1jb78NM200904120000000000000000000030', 'www.runwaysdk.com', 'svw77uv8rs6rrl7h3ixafrotlvq1jb78NM200904120000000000000000000030');
INSERT INTO md_attribute_virtual ( defining_md_view, required, md_attribute_concrete, attribute_name, display_label, id) VALUES ('7e515ymyib4ej1u2ut7hbkk7xqmakxmb20071129NM0000000000000000000005', NULL, 'soxi8dfdgb41rmkxla79uqxor4r7jxw800000000000000000000000000000138', 'cronExpression', 'zlcerspmmxeqnzrscxvoxvhk1l4sl9lkNM200904120000000000000000000030', 'xouepaajbtvnslq9natbi61w79z9uymbNM200811060000000000000000000001');
INSERT INTO md_attribute ( id) VALUES ('xouepaajbtvnslq9natbi61w79z9uymbNM200811060000000000000000000001');
INSERT INTO metadata ( description, created_by, owner, id, create_date, seq, type, remove, site_master, locked_by, entity_domain, last_updated_by, last_update_date, key_name) VALUES ('svw77uv8rs6rrl7h3ixafrotlvq1jb78NM200904120000000000000000000030', '0000000000000000000000000000001000000000000000000000000000000003', '0000000000000000000000000000001000000000000000000000000000000003', 'xouepaajbtvnslq9natbi61w79z9uymbNM200811060000000000000000000001', '2014-01-28 10:55:05', 4755, 'com.runwaysdk.system.metadata.MdAttributeVirtual', 1, 'www.runwaysdk.com', NULL, NULL, '0000000000000000000000000000001000000000000000000000000000000003', '2014-01-28 10:55:05', 'com.runwaysdk.system.scheduler.JobHistoryView.cronExpression');
INSERT INTO class_attribute_virtual ( id, parent_id, child_id) VALUES ('8etekrafnt4cvx62x0d9ipr7intacb4pNM200811060000000000000000000005', '7e515ymyib4ej1u2ut7hbkk7xqmakxmb20071129NM0000000000000000000005', 'xouepaajbtvnslq9natbi61w79z9uymbNM200811060000000000000000000001');
INSERT INTO class_attribute ( id, parent_id, child_id) VALUES ('8etekrafnt4cvx62x0d9ipr7intacb4pNM200811060000000000000000000005', '7e515ymyib4ej1u2ut7hbkk7xqmakxmb20071129NM0000000000000000000005', 'xouepaajbtvnslq9natbi61w79z9uymbNM200811060000000000000000000001');
INSERT INTO metadata_relationship ( entity_domain, site_master, last_updated_by, id, owner, locked_by, create_date, type, created_by, seq, key_name, last_update_date, parent_id, child_id) VALUES (NULL, 'www.runwaysdk.com', '0000000000000000000000000000001000000000000000000000000000000003', '8etekrafnt4cvx62x0d9ipr7intacb4pNM200811060000000000000000000005', '0000000000000000000000000000001000000000000000000000000000000003', NULL, '2014-01-28 10:55:05', 'com.runwaysdk.system.metadata.ClassAttributeVirtual', '0000000000000000000000000000001000000000000000000000000000000003', 4756, 'com.runwaysdk.system.scheduler.JobHistoryView.cronExpression', '2014-01-28 10:55:05', '7e515ymyib4ej1u2ut7hbkk7xqmakxmb20071129NM0000000000000000000005', 'xouepaajbtvnslq9natbi61w79z9uymbNM200811060000000000000000000001');
INSERT INTO virtualize_attribute ( id, parent_id, child_id) VALUES ('z46rierpki9wo62ssqehm122e99kbwvdNM200811200000000000000000000023', 'soxi8dfdgb41rmkxla79uqxor4r7jxw800000000000000000000000000000138', 'xouepaajbtvnslq9natbi61w79z9uymbNM200811060000000000000000000001');
INSERT INTO metadata_relationship ( entity_domain, site_master, last_updated_by, id, owner, locked_by, create_date, type, created_by, seq, key_name, last_update_date, parent_id, child_id) VALUES (NULL, 'www.runwaysdk.com', '0000000000000000000000000000001000000000000000000000000000000003', 'z46rierpki9wo62ssqehm122e99kbwvdNM200811200000000000000000000023', '0000000000000000000000000000001000000000000000000000000000000003', NULL, '2014-01-28 10:55:05', 'com.runwaysdk.system.metadata.VirtualizeAttribute', '0000000000000000000000000000001000000000000000000000000000000003', 4757, 'z46rierpki9wo62ssqehm122e99kbwvdNM200811200000000000000000000023', '2014-01-28 10:55:05', 'soxi8dfdgb41rmkxla79uqxor4r7jxw800000000000000000000000000000138', 'xouepaajbtvnslq9natbi61w79z9uymbNM200811060000000000000000000001');
INSERT INTO metadata_display_label ( default_locale, id, site_master, key_name) VALUES (NULL, '742hhyblwgpe6i9twn6cwughbrh4nm86NM200904120000000000000000000030', 'www.runwaysdk.com', '742hhyblwgpe6i9twn6cwughbrh4nm86NM200904120000000000000000000030');
INSERT INTO metadata_display_label ( default_locale, id, site_master, key_name) VALUES (NULL, 'razm7o7c7l67qapemxz8nv2oykrc254sNM200904120000000000000000000030', 'www.runwaysdk.com', 'razm7o7c7l67qapemxz8nv2oykrc254sNM200904120000000000000000000030');
INSERT INTO md_attribute_virtual ( defining_md_view, required, md_attribute_concrete, attribute_name, display_label, id) VALUES ('7e515ymyib4ej1u2ut7hbkk7xqmakxmb20071129NM0000000000000000000005', NULL, '8hwqpf2xxphumfa9bugoy8mvtzumbkzh00000000000000000000000000000341', 'startTime', '742hhyblwgpe6i9twn6cwughbrh4nm86NM200904120000000000000000000030', 't0uff8r2r7y8f7j93dd2s5kewxmvt0k8NM200811060000000000000000000001');
INSERT INTO md_attribute ( id) VALUES ('t0uff8r2r7y8f7j93dd2s5kewxmvt0k8NM200811060000000000000000000001');
INSERT INTO metadata ( description, created_by, owner, id, create_date, seq, type, remove, site_master, locked_by, entity_domain, last_updated_by, last_update_date, key_name) VALUES ('razm7o7c7l67qapemxz8nv2oykrc254sNM200904120000000000000000000030', '0000000000000000000000000000001000000000000000000000000000000003', '0000000000000000000000000000001000000000000000000000000000000003', 't0uff8r2r7y8f7j93dd2s5kewxmvt0k8NM200811060000000000000000000001', '2014-01-28 10:55:05', 4758, 'com.runwaysdk.system.metadata.MdAttributeVirtual', 1, 'www.runwaysdk.com', NULL, NULL, '0000000000000000000000000000001000000000000000000000000000000003', '2014-01-28 10:55:05', 'com.runwaysdk.system.scheduler.JobHistoryView.startTime');
INSERT INTO class_attribute_virtual ( id, parent_id, child_id) VALUES ('t2fp0qpa4qk5vffdmvrw6kpzhf4rn7r4NM200811060000000000000000000005', '7e515ymyib4ej1u2ut7hbkk7xqmakxmb20071129NM0000000000000000000005', 't0uff8r2r7y8f7j93dd2s5kewxmvt0k8NM200811060000000000000000000001');
INSERT INTO class_attribute ( id, parent_id, child_id) VALUES ('t2fp0qpa4qk5vffdmvrw6kpzhf4rn7r4NM200811060000000000000000000005', '7e515ymyib4ej1u2ut7hbkk7xqmakxmb20071129NM0000000000000000000005', 't0uff8r2r7y8f7j93dd2s5kewxmvt0k8NM200811060000000000000000000001');
INSERT INTO metadata_relationship ( entity_domain, site_master, last_updated_by, id, owner, locked_by, create_date, type, created_by, seq, key_name, last_update_date, parent_id, child_id) VALUES (NULL, 'www.runwaysdk.com', '0000000000000000000000000000001000000000000000000000000000000003', 't2fp0qpa4qk5vffdmvrw6kpzhf4rn7r4NM200811060000000000000000000005', '0000000000000000000000000000001000000000000000000000000000000003', NULL, '2014-01-28 10:55:05', 'com.runwaysdk.system.metadata.ClassAttributeVirtual', '0000000000000000000000000000001000000000000000000000000000000003', 4759, 'com.runwaysdk.system.scheduler.JobHistoryView.startTime', '2014-01-28 10:55:05', '7e515ymyib4ej1u2ut7hbkk7xqmakxmb20071129NM0000000000000000000005', 't0uff8r2r7y8f7j93dd2s5kewxmvt0k8NM200811060000000000000000000001');
INSERT INTO virtualize_attribute ( id, parent_id, child_id) VALUES ('sgf4ts4gtqipwftagdbnhgtttiktyfz9NM200811200000000000000000000023', '8hwqpf2xxphumfa9bugoy8mvtzumbkzh00000000000000000000000000000341', 't0uff8r2r7y8f7j93dd2s5kewxmvt0k8NM200811060000000000000000000001');
INSERT INTO metadata_relationship ( entity_domain, site_master, last_updated_by, id, owner, locked_by, create_date, type, created_by, seq, key_name, last_update_date, parent_id, child_id) VALUES (NULL, 'www.runwaysdk.com', '0000000000000000000000000000001000000000000000000000000000000003', 'sgf4ts4gtqipwftagdbnhgtttiktyfz9NM200811200000000000000000000023', '0000000000000000000000000000001000000000000000000000000000000003', NULL, '2014-01-28 10:55:05', 'com.runwaysdk.system.metadata.VirtualizeAttribute', '0000000000000000000000000000001000000000000000000000000000000003', 4760, 'sgf4ts4gtqipwftagdbnhgtttiktyfz9NM200811200000000000000000000023', '2014-01-28 10:55:05', '8hwqpf2xxphumfa9bugoy8mvtzumbkzh00000000000000000000000000000341', 't0uff8r2r7y8f7j93dd2s5kewxmvt0k8NM200811060000000000000000000001');
INSERT INTO metadata_display_label ( default_locale, id, site_master, key_name) VALUES (NULL, 'sb667e7rkpaya6zvkrq9xn10k3kktmmaNM200904120000000000000000000030', 'www.runwaysdk.com', 'sb667e7rkpaya6zvkrq9xn10k3kktmmaNM200904120000000000000000000030');
INSERT INTO metadata_display_label ( default_locale, id, site_master, key_name) VALUES (NULL, '6x2j3gl8gc13gc7hwx5mtbfp9i4ozvg6NM200904120000000000000000000030', 'www.runwaysdk.com', '6x2j3gl8gc13gc7hwx5mtbfp9i4ozvg6NM200904120000000000000000000030');
INSERT INTO md_attribute_virtual ( defining_md_view, required, md_attribute_concrete, attribute_name, display_label, id) VALUES ('7e515ymyib4ej1u2ut7hbkk7xqmakxmb20071129NM0000000000000000000005', NULL, 'xjpl7l6t0cl22pzq9xu5cnw0536f31z400000000000000000000000000000341', 'endTime', 'sb667e7rkpaya6zvkrq9xn10k3kktmmaNM200904120000000000000000000030', '23316zgtdbhe1r0lz3mxk0hvxvpcrl18NM200811060000000000000000000001');
INSERT INTO md_attribute ( id) VALUES ('23316zgtdbhe1r0lz3mxk0hvxvpcrl18NM200811060000000000000000000001');
INSERT INTO metadata ( description, created_by, owner, id, create_date, seq, type, remove, site_master, locked_by, entity_domain, last_updated_by, last_update_date, key_name) VALUES ('6x2j3gl8gc13gc7hwx5mtbfp9i4ozvg6NM200904120000000000000000000030', '0000000000000000000000000000001000000000000000000000000000000003', '0000000000000000000000000000001000000000000000000000000000000003', '23316zgtdbhe1r0lz3mxk0hvxvpcrl18NM200811060000000000000000000001', '2014-01-28 10:55:05', 4761, 'com.runwaysdk.system.metadata.MdAttributeVirtual', 1, 'www.runwaysdk.com', NULL, NULL, '0000000000000000000000000000001000000000000000000000000000000003', '2014-01-28 10:55:05', 'com.runwaysdk.system.scheduler.JobHistoryView.endTime');
INSERT INTO class_attribute_virtual ( id, parent_id, child_id) VALUES ('6tyhoo4up92exnpnporwpw671d20bylmNM200811060000000000000000000005', '7e515ymyib4ej1u2ut7hbkk7xqmakxmb20071129NM0000000000000000000005', '23316zgtdbhe1r0lz3mxk0hvxvpcrl18NM200811060000000000000000000001');
INSERT INTO class_attribute ( id, parent_id, child_id) VALUES ('6tyhoo4up92exnpnporwpw671d20bylmNM200811060000000000000000000005', '7e515ymyib4ej1u2ut7hbkk7xqmakxmb20071129NM0000000000000000000005', '23316zgtdbhe1r0lz3mxk0hvxvpcrl18NM200811060000000000000000000001');
INSERT INTO metadata_relationship ( entity_domain, site_master, last_updated_by, id, owner, locked_by, create_date, type, created_by, seq, key_name, last_update_date, parent_id, child_id) VALUES (NULL, 'www.runwaysdk.com', '0000000000000000000000000000001000000000000000000000000000000003', '6tyhoo4up92exnpnporwpw671d20bylmNM200811060000000000000000000005', '0000000000000000000000000000001000000000000000000000000000000003', NULL, '2014-01-28 10:55:05', 'com.runwaysdk.system.metadata.ClassAttributeVirtual', '0000000000000000000000000000001000000000000000000000000000000003', 4762, 'com.runwaysdk.system.scheduler.JobHistoryView.endTime', '2014-01-28 10:55:05', '7e515ymyib4ej1u2ut7hbkk7xqmakxmb20071129NM0000000000000000000005', '23316zgtdbhe1r0lz3mxk0hvxvpcrl18NM200811060000000000000000000001');
INSERT INTO virtualize_attribute ( id, parent_id, child_id) VALUES ('1pkn61ydty5ndzy9ijiqodhjrk5mgedyNM200811200000000000000000000023', 'xjpl7l6t0cl22pzq9xu5cnw0536f31z400000000000000000000000000000341', '23316zgtdbhe1r0lz3mxk0hvxvpcrl18NM200811060000000000000000000001');
INSERT INTO metadata_relationship ( entity_domain, site_master, last_updated_by, id, owner, locked_by, create_date, type, created_by, seq, key_name, last_update_date, parent_id, child_id) VALUES (NULL, 'www.runwaysdk.com', '0000000000000000000000000000001000000000000000000000000000000003', '1pkn61ydty5ndzy9ijiqodhjrk5mgedyNM200811200000000000000000000023', '0000000000000000000000000000001000000000000000000000000000000003', NULL, '2014-01-28 10:55:05', 'com.runwaysdk.system.metadata.VirtualizeAttribute', '0000000000000000000000000000001000000000000000000000000000000003', 4763, '1pkn61ydty5ndzy9ijiqodhjrk5mgedyNM200811200000000000000000000023', '2014-01-28 10:55:05', 'xjpl7l6t0cl22pzq9xu5cnw0536f31z400000000000000000000000000000341', '23316zgtdbhe1r0lz3mxk0hvxvpcrl18NM200811060000000000000000000001');
INSERT INTO metadata_display_label ( default_locale, id, site_master, key_name) VALUES (NULL, 's9imhqux1qhgcylcdcwxfh1hc6u8zgccNM200904120000000000000000000030', 'www.runwaysdk.com', 's9imhqux1qhgcylcdcwxfh1hc6u8zgccNM200904120000000000000000000030');
INSERT INTO metadata_display_label ( default_locale, id, site_master, key_name) VALUES (NULL, 'sj4pgec65eievwf0dzjb42bfxnlenw3xNM200904120000000000000000000030', 'www.runwaysdk.com', 'sj4pgec65eievwf0dzjb42bfxnlenw3xNM200904120000000000000000000030');
INSERT INTO md_attribute_virtual ( defining_md_view, required, md_attribute_concrete, attribute_name, display_label, id) VALUES ('7e515ymyib4ej1u2ut7hbkk7xqmakxmb20071129NM0000000000000000000005', NULL, '0own2o7j7hjbk1bvfe7vr38wrv42pwp300000000000000000000000000000216', 'jobOperation', 's9imhqux1qhgcylcdcwxfh1hc6u8zgccNM200904120000000000000000000030', 'snes0nc1vqkjodsjp8eiz4f028cvbw6uNM200811060000000000000000000001');
INSERT INTO md_attribute ( id) VALUES ('snes0nc1vqkjodsjp8eiz4f028cvbw6uNM200811060000000000000000000001');
INSERT INTO metadata ( description, created_by, owner, id, create_date, seq, type, remove, site_master, locked_by, entity_domain, last_updated_by, last_update_date, key_name) VALUES ('sj4pgec65eievwf0dzjb42bfxnlenw3xNM200904120000000000000000000030', '0000000000000000000000000000001000000000000000000000000000000003', '0000000000000000000000000000001000000000000000000000000000000003', 'snes0nc1vqkjodsjp8eiz4f028cvbw6uNM200811060000000000000000000001', '2014-01-28 10:55:05', 4764, 'com.runwaysdk.system.metadata.MdAttributeVirtual', 1, 'www.runwaysdk.com', NULL, NULL, '0000000000000000000000000000001000000000000000000000000000000003', '2014-01-28 10:55:05', 'com.runwaysdk.system.scheduler.JobHistoryView.jobOperation');
INSERT INTO class_attribute_virtual ( id, parent_id, child_id) VALUES ('xb4jk7m570erzvpnhr8bqp7jyzdwzs8eNM200811060000000000000000000005', '7e515ymyib4ej1u2ut7hbkk7xqmakxmb20071129NM0000000000000000000005', 'snes0nc1vqkjodsjp8eiz4f028cvbw6uNM200811060000000000000000000001');
INSERT INTO class_attribute ( id, parent_id, child_id) VALUES ('xb4jk7m570erzvpnhr8bqp7jyzdwzs8eNM200811060000000000000000000005', '7e515ymyib4ej1u2ut7hbkk7xqmakxmb20071129NM0000000000000000000005', 'snes0nc1vqkjodsjp8eiz4f028cvbw6uNM200811060000000000000000000001');
INSERT INTO metadata_relationship ( entity_domain, site_master, last_updated_by, id, owner, locked_by, create_date, type, created_by, seq, key_name, last_update_date, parent_id, child_id) VALUES (NULL, 'www.runwaysdk.com', '0000000000000000000000000000001000000000000000000000000000000003', 'xb4jk7m570erzvpnhr8bqp7jyzdwzs8eNM200811060000000000000000000005', '0000000000000000000000000000001000000000000000000000000000000003', NULL, '2014-01-28 10:55:05', 'com.runwaysdk.system.metadata.ClassAttributeVirtual', '0000000000000000000000000000001000000000000000000000000000000003', 4765, 'com.runwaysdk.system.scheduler.JobHistoryView.jobOperation', '2014-01-28 10:55:05', '7e515ymyib4ej1u2ut7hbkk7xqmakxmb20071129NM0000000000000000000005', 'snes0nc1vqkjodsjp8eiz4f028cvbw6uNM200811060000000000000000000001');
INSERT INTO virtualize_attribute ( id, parent_id, child_id) VALUES ('svw3gib7x1706mfgv649zom7e6bt4m7iNM200811200000000000000000000023', '0own2o7j7hjbk1bvfe7vr38wrv42pwp300000000000000000000000000000216', 'snes0nc1vqkjodsjp8eiz4f028cvbw6uNM200811060000000000000000000001');
INSERT INTO metadata_relationship ( entity_domain, site_master, last_updated_by, id, owner, locked_by, create_date, type, created_by, seq, key_name, last_update_date, parent_id, child_id) VALUES (NULL, 'www.runwaysdk.com', '0000000000000000000000000000001000000000000000000000000000000003', 'svw3gib7x1706mfgv649zom7e6bt4m7iNM200811200000000000000000000023', '0000000000000000000000000000001000000000000000000000000000000003', NULL, '2014-01-28 10:55:05', 'com.runwaysdk.system.metadata.VirtualizeAttribute', '0000000000000000000000000000001000000000000000000000000000000003', 4766, 'svw3gib7x1706mfgv649zom7e6bt4m7iNM200811200000000000000000000023', '2014-01-28 10:55:05', '0own2o7j7hjbk1bvfe7vr38wrv42pwp300000000000000000000000000000216', 'snes0nc1vqkjodsjp8eiz4f028cvbw6uNM200811060000000000000000000001');
INSERT INTO metadata_display_label ( default_locale, id, site_master, key_name) VALUES (NULL, 'xf68rb9l8bhboe61w9h6c5gsj976vkc4NM200904120000000000000000000030', 'www.runwaysdk.com', 'xf68rb9l8bhboe61w9h6c5gsj976vkc4NM200904120000000000000000000030');
INSERT INTO metadata_display_label ( default_locale, id, site_master, key_name) VALUES (NULL, '8qp7ud7eqjzox1izidpr83l5y1vvw9vwNM200904120000000000000000000030', 'www.runwaysdk.com', '8qp7ud7eqjzox1izidpr83l5y1vvw9vwNM200904120000000000000000000030');
INSERT INTO md_attribute_virtual ( defining_md_view, required, md_attribute_concrete, attribute_name, display_label, id) VALUES ('7e515ymyib4ej1u2ut7hbkk7xqmakxmb20071129NM0000000000000000000005', NULL, 'qmlrj8um4gnme8dq4vrllf6glv0d0tpr00000000000000000000000000000341', 'lastRun', 'xf68rb9l8bhboe61w9h6c5gsj976vkc4NM200904120000000000000000000030', 'sjwbn2eqanu7bv33jco2zo3f9p519w28NM200811060000000000000000000001');
INSERT INTO md_attribute ( id) VALUES ('sjwbn2eqanu7bv33jco2zo3f9p519w28NM200811060000000000000000000001');
INSERT INTO metadata ( description, created_by, owner, id, create_date, seq, type, remove, site_master, locked_by, entity_domain, last_updated_by, last_update_date, key_name) VALUES ('8qp7ud7eqjzox1izidpr83l5y1vvw9vwNM200904120000000000000000000030', '0000000000000000000000000000001000000000000000000000000000000003', '0000000000000000000000000000001000000000000000000000000000000003', 'sjwbn2eqanu7bv33jco2zo3f9p519w28NM200811060000000000000000000001', '2014-01-28 10:55:05', 4767, 'com.runwaysdk.system.metadata.MdAttributeVirtual', 1, 'www.runwaysdk.com', NULL, NULL, '0000000000000000000000000000001000000000000000000000000000000003', '2014-01-28 10:55:05', 'com.runwaysdk.system.scheduler.JobHistoryView.lastRun');
INSERT INTO class_attribute_virtual ( id, parent_id, child_id) VALUES ('zizaywmxmal4qs1tyotqlfown3pt5wlwNM200811060000000000000000000005', '7e515ymyib4ej1u2ut7hbkk7xqmakxmb20071129NM0000000000000000000005', 'sjwbn2eqanu7bv33jco2zo3f9p519w28NM200811060000000000000000000001');
INSERT INTO class_attribute ( id, parent_id, child_id) VALUES ('zizaywmxmal4qs1tyotqlfown3pt5wlwNM200811060000000000000000000005', '7e515ymyib4ej1u2ut7hbkk7xqmakxmb20071129NM0000000000000000000005', 'sjwbn2eqanu7bv33jco2zo3f9p519w28NM200811060000000000000000000001');
INSERT INTO metadata_relationship ( entity_domain, site_master, last_updated_by, id, owner, locked_by, create_date, type, created_by, seq, key_name, last_update_date, parent_id, child_id) VALUES (NULL, 'www.runwaysdk.com', '0000000000000000000000000000001000000000000000000000000000000003', 'zizaywmxmal4qs1tyotqlfown3pt5wlwNM200811060000000000000000000005', '0000000000000000000000000000001000000000000000000000000000000003', NULL, '2014-01-28 10:55:05', 'com.runwaysdk.system.metadata.ClassAttributeVirtual', '0000000000000000000000000000001000000000000000000000000000000003', 4768, 'com.runwaysdk.system.scheduler.JobHistoryView.lastRun', '2014-01-28 10:55:05', '7e515ymyib4ej1u2ut7hbkk7xqmakxmb20071129NM0000000000000000000005', 'sjwbn2eqanu7bv33jco2zo3f9p519w28NM200811060000000000000000000001');
INSERT INTO virtualize_attribute ( id, parent_id, child_id) VALUES ('76xp5bchb05kdoc4l26dsvrgr6bonfkcNM200811200000000000000000000023', 'qmlrj8um4gnme8dq4vrllf6glv0d0tpr00000000000000000000000000000341', 'sjwbn2eqanu7bv33jco2zo3f9p519w28NM200811060000000000000000000001');
INSERT INTO metadata_relationship ( entity_domain, site_master, last_updated_by, id, owner, locked_by, create_date, type, created_by, seq, key_name, last_update_date, parent_id, child_id) VALUES (NULL, 'www.runwaysdk.com', '0000000000000000000000000000001000000000000000000000000000000003', '76xp5bchb05kdoc4l26dsvrgr6bonfkcNM200811200000000000000000000023', '0000000000000000000000000000001000000000000000000000000000000003', NULL, '2014-01-28 10:55:05', 'com.runwaysdk.system.metadata.VirtualizeAttribute', '0000000000000000000000000000001000000000000000000000000000000003', 4769, '76xp5bchb05kdoc4l26dsvrgr6bonfkcNM200811200000000000000000000023', '2014-01-28 10:55:05', 'qmlrj8um4gnme8dq4vrllf6glv0d0tpr00000000000000000000000000000341', 'sjwbn2eqanu7bv33jco2zo3f9p519w28NM200811060000000000000000000001');
INSERT INTO metadata_display_label ( default_locale, id, site_master, key_name) VALUES (NULL, '1rabeeke7gkh8o1eyu5lqtlhwaurqvymNM200904120000000000000000000030', 'www.runwaysdk.com', '1rabeeke7gkh8o1eyu5lqtlhwaurqvymNM200904120000000000000000000030');
INSERT INTO metadata_display_label ( default_locale, id, site_master, key_name) VALUES (NULL, '6ssrppe03ir7s63dy4zfoqdyssye91apNM200904120000000000000000000030', 'www.runwaysdk.com', '6ssrppe03ir7s63dy4zfoqdyssye91apNM200904120000000000000000000030');
INSERT INTO md_attribute_virtual ( defining_md_view, required, md_attribute_concrete, attribute_name, display_label, id) VALUES ('7e515ymyib4ej1u2ut7hbkk7xqmakxmb20071129NM0000000000000000000005', NULL, 'se7t67jmd6l9sjyrvnan5omzbm38khhp00000000000000000000000000000332', 'maxRetries', '1rabeeke7gkh8o1eyu5lqtlhwaurqvymNM200904120000000000000000000030', '1y6w6ea1shz5lfo99ze9ogmnjenwjnejNM200811060000000000000000000001');
INSERT INTO md_attribute ( id) VALUES ('1y6w6ea1shz5lfo99ze9ogmnjenwjnejNM200811060000000000000000000001');
INSERT INTO metadata ( description, created_by, owner, id, create_date, seq, type, remove, site_master, locked_by, entity_domain, last_updated_by, last_update_date, key_name) VALUES ('6ssrppe03ir7s63dy4zfoqdyssye91apNM200904120000000000000000000030', '0000000000000000000000000000001000000000000000000000000000000003', '0000000000000000000000000000001000000000000000000000000000000003', '1y6w6ea1shz5lfo99ze9ogmnjenwjnejNM200811060000000000000000000001', '2014-01-28 10:55:05', 4770, 'com.runwaysdk.system.metadata.MdAttributeVirtual', 1, 'www.runwaysdk.com', NULL, NULL, '0000000000000000000000000000001000000000000000000000000000000003', '2014-01-28 10:55:05', 'com.runwaysdk.system.scheduler.JobHistoryView.maxRetries');
INSERT INTO class_attribute_virtual ( id, parent_id, child_id) VALUES ('zmg9071amxlmzkqwaz1rall02vbucwvdNM200811060000000000000000000005', '7e515ymyib4ej1u2ut7hbkk7xqmakxmb20071129NM0000000000000000000005', '1y6w6ea1shz5lfo99ze9ogmnjenwjnejNM200811060000000000000000000001');
INSERT INTO class_attribute ( id, parent_id, child_id) VALUES ('zmg9071amxlmzkqwaz1rall02vbucwvdNM200811060000000000000000000005', '7e515ymyib4ej1u2ut7hbkk7xqmakxmb20071129NM0000000000000000000005', '1y6w6ea1shz5lfo99ze9ogmnjenwjnejNM200811060000000000000000000001');
INSERT INTO metadata_relationship ( entity_domain, site_master, last_updated_by, id, owner, locked_by, create_date, type, created_by, seq, key_name, last_update_date, parent_id, child_id) VALUES (NULL, 'www.runwaysdk.com', '0000000000000000000000000000001000000000000000000000000000000003', 'zmg9071amxlmzkqwaz1rall02vbucwvdNM200811060000000000000000000005', '0000000000000000000000000000001000000000000000000000000000000003', NULL, '2014-01-28 10:55:05', 'com.runwaysdk.system.metadata.ClassAttributeVirtual', '0000000000000000000000000000001000000000000000000000000000000003', 4771, 'com.runwaysdk.system.scheduler.JobHistoryView.maxRetries', '2014-01-28 10:55:05', '7e515ymyib4ej1u2ut7hbkk7xqmakxmb20071129NM0000000000000000000005', '1y6w6ea1shz5lfo99ze9ogmnjenwjnejNM200811060000000000000000000001');
INSERT INTO virtualize_attribute ( id, parent_id, child_id) VALUES ('8gtgi14e85eeflp5ihn8yujcsp0ue7luNM200811200000000000000000000023', 'se7t67jmd6l9sjyrvnan5omzbm38khhp00000000000000000000000000000332', '1y6w6ea1shz5lfo99ze9ogmnjenwjnejNM200811060000000000000000000001');
INSERT INTO metadata_relationship ( entity_domain, site_master, last_updated_by, id, owner, locked_by, create_date, type, created_by, seq, key_name, last_update_date, parent_id, child_id) VALUES (NULL, 'www.runwaysdk.com', '0000000000000000000000000000001000000000000000000000000000000003', '8gtgi14e85eeflp5ihn8yujcsp0ue7luNM200811200000000000000000000023', '0000000000000000000000000000001000000000000000000000000000000003', NULL, '2014-01-28 10:55:05', 'com.runwaysdk.system.metadata.VirtualizeAttribute', '0000000000000000000000000000001000000000000000000000000000000003', 4772, '8gtgi14e85eeflp5ihn8yujcsp0ue7luNM200811200000000000000000000023', '2014-01-28 10:55:05', 'se7t67jmd6l9sjyrvnan5omzbm38khhp00000000000000000000000000000332', '1y6w6ea1shz5lfo99ze9ogmnjenwjnejNM200811060000000000000000000001');
INSERT INTO metadata_display_label ( default_locale, id, site_master, key_name) VALUES (NULL, '8dd0zingk0lv67d7qr5jifls74bf0z49NM200904120000000000000000000030', 'www.runwaysdk.com', '8dd0zingk0lv67d7qr5jifls74bf0z49NM200904120000000000000000000030');
INSERT INTO metadata_display_label ( default_locale, id, site_master, key_name) VALUES (NULL, 'xujivypq6tv2u00uw2qi5e38r55367w5NM200904120000000000000000000030', 'www.runwaysdk.com', 'xujivypq6tv2u00uw2qi5e38r55367w5NM200904120000000000000000000030');
INSERT INTO md_attribute_virtual ( defining_md_view, required, md_attribute_concrete, attribute_name, display_label, id) VALUES ('7e515ymyib4ej1u2ut7hbkk7xqmakxmb20071129NM0000000000000000000005', NULL, '0flmte2kf4togh0gxfqvhb8vjhczj2sj00000000000000000000000000000194', 'pauseable', '8dd0zingk0lv67d7qr5jifls74bf0z49NM200904120000000000000000000030', 'xv7lyj6f0fb9q00bxev9nhgxu3nu7ekvNM200811060000000000000000000001');
INSERT INTO md_attribute ( id) VALUES ('xv7lyj6f0fb9q00bxev9nhgxu3nu7ekvNM200811060000000000000000000001');
INSERT INTO metadata ( description, created_by, owner, id, create_date, seq, type, remove, site_master, locked_by, entity_domain, last_updated_by, last_update_date, key_name) VALUES ('xujivypq6tv2u00uw2qi5e38r55367w5NM200904120000000000000000000030', '0000000000000000000000000000001000000000000000000000000000000003', '0000000000000000000000000000001000000000000000000000000000000003', 'xv7lyj6f0fb9q00bxev9nhgxu3nu7ekvNM200811060000000000000000000001', '2014-01-28 10:55:05', 4773, 'com.runwaysdk.system.metadata.MdAttributeVirtual', 1, 'www.runwaysdk.com', NULL, NULL, '0000000000000000000000000000001000000000000000000000000000000003', '2014-01-28 10:55:05', 'com.runwaysdk.system.scheduler.JobHistoryView.pauseable');
INSERT INTO class_attribute_virtual ( id, parent_id, child_id) VALUES ('qqtylyzncjxq2mlge4eaxrsunclpympuNM200811060000000000000000000005', '7e515ymyib4ej1u2ut7hbkk7xqmakxmb20071129NM0000000000000000000005', 'xv7lyj6f0fb9q00bxev9nhgxu3nu7ekvNM200811060000000000000000000001');
INSERT INTO class_attribute ( id, parent_id, child_id) VALUES ('qqtylyzncjxq2mlge4eaxrsunclpympuNM200811060000000000000000000005', '7e515ymyib4ej1u2ut7hbkk7xqmakxmb20071129NM0000000000000000000005', 'xv7lyj6f0fb9q00bxev9nhgxu3nu7ekvNM200811060000000000000000000001');
INSERT INTO metadata_relationship ( entity_domain, site_master, last_updated_by, id, owner, locked_by, create_date, type, created_by, seq, key_name, last_update_date, parent_id, child_id) VALUES (NULL, 'www.runwaysdk.com', '0000000000000000000000000000001000000000000000000000000000000003', 'qqtylyzncjxq2mlge4eaxrsunclpympuNM200811060000000000000000000005', '0000000000000000000000000000001000000000000000000000000000000003', NULL, '2014-01-28 10:55:05', 'com.runwaysdk.system.metadata.ClassAttributeVirtual', '0000000000000000000000000000001000000000000000000000000000000003', 4774, 'com.runwaysdk.system.scheduler.JobHistoryView.pauseable', '2014-01-28 10:55:05', '7e515ymyib4ej1u2ut7hbkk7xqmakxmb20071129NM0000000000000000000005', 'xv7lyj6f0fb9q00bxev9nhgxu3nu7ekvNM200811060000000000000000000001');
INSERT INTO virtualize_attribute ( id, parent_id, child_id) VALUES ('7d1xrmq4im4vb0ag28giqs00w1q31tz5NM200811200000000000000000000023', '0flmte2kf4togh0gxfqvhb8vjhczj2sj00000000000000000000000000000194', 'xv7lyj6f0fb9q00bxev9nhgxu3nu7ekvNM200811060000000000000000000001');
INSERT INTO metadata_relationship ( entity_domain, site_master, last_updated_by, id, owner, locked_by, create_date, type, created_by, seq, key_name, last_update_date, parent_id, child_id) VALUES (NULL, 'www.runwaysdk.com', '0000000000000000000000000000001000000000000000000000000000000003', '7d1xrmq4im4vb0ag28giqs00w1q31tz5NM200811200000000000000000000023', '0000000000000000000000000000001000000000000000000000000000000003', NULL, '2014-01-28 10:55:05', 'com.runwaysdk.system.metadata.VirtualizeAttribute', '0000000000000000000000000000001000000000000000000000000000000003', 4775, '7d1xrmq4im4vb0ag28giqs00w1q31tz5NM200811200000000000000000000023', '2014-01-28 10:55:05', '0flmte2kf4togh0gxfqvhb8vjhczj2sj00000000000000000000000000000194', 'xv7lyj6f0fb9q00bxev9nhgxu3nu7ekvNM200811060000000000000000000001');
INSERT INTO metadata_display_label ( default_locale, id, site_master, key_name) VALUES (NULL, 'xz5fzfobsuy5ybifg99sb6ro8n067yuaNM200904120000000000000000000030', 'www.runwaysdk.com', 'xz5fzfobsuy5ybifg99sb6ro8n067yuaNM200904120000000000000000000030');
INSERT INTO metadata_display_label ( default_locale, id, site_master, key_name) VALUES (NULL, 'xdbrww2wnknjl2fg370eh58tkzgle1lyNM200904120000000000000000000030', 'www.runwaysdk.com', 'xdbrww2wnknjl2fg370eh58tkzgle1lyNM200904120000000000000000000030');
INSERT INTO md_attribute_virtual ( defining_md_view, required, md_attribute_concrete, attribute_name, display_label, id) VALUES ('7e515ymyib4ej1u2ut7hbkk7xqmakxmb20071129NM0000000000000000000005', NULL, '8f4e0y7e9ffyekb9w8yrif1tfjqhelpm00000000000000000000000000000194', 'paused', 'xz5fzfobsuy5ybifg99sb6ro8n067yuaNM200904120000000000000000000030', '8mtpsiqbv71z8kc7hcfwufepiq4ih0rzNM200811060000000000000000000001');
INSERT INTO md_attribute ( id) VALUES ('8mtpsiqbv71z8kc7hcfwufepiq4ih0rzNM200811060000000000000000000001');
INSERT INTO metadata ( description, created_by, owner, id, create_date, seq, type, remove, site_master, locked_by, entity_domain, last_updated_by, last_update_date, key_name) VALUES ('xdbrww2wnknjl2fg370eh58tkzgle1lyNM200904120000000000000000000030', '0000000000000000000000000000001000000000000000000000000000000003', '0000000000000000000000000000001000000000000000000000000000000003', '8mtpsiqbv71z8kc7hcfwufepiq4ih0rzNM200811060000000000000000000001', '2014-01-28 10:55:05', 4776, 'com.runwaysdk.system.metadata.MdAttributeVirtual', 1, 'www.runwaysdk.com', NULL, NULL, '0000000000000000000000000000001000000000000000000000000000000003', '2014-01-28 10:55:05', 'com.runwaysdk.system.scheduler.JobHistoryView.paused');
INSERT INTO class_attribute_virtual ( id, parent_id, child_id) VALUES ('8j1zliymtkon0nu8c1j5pltycfezfennNM200811060000000000000000000005', '7e515ymyib4ej1u2ut7hbkk7xqmakxmb20071129NM0000000000000000000005', '8mtpsiqbv71z8kc7hcfwufepiq4ih0rzNM200811060000000000000000000001');
INSERT INTO class_attribute ( id, parent_id, child_id) VALUES ('8j1zliymtkon0nu8c1j5pltycfezfennNM200811060000000000000000000005', '7e515ymyib4ej1u2ut7hbkk7xqmakxmb20071129NM0000000000000000000005', '8mtpsiqbv71z8kc7hcfwufepiq4ih0rzNM200811060000000000000000000001');
INSERT INTO metadata_relationship ( entity_domain, site_master, last_updated_by, id, owner, locked_by, create_date, type, created_by, seq, key_name, last_update_date, parent_id, child_id) VALUES (NULL, 'www.runwaysdk.com', '0000000000000000000000000000001000000000000000000000000000000003', '8j1zliymtkon0nu8c1j5pltycfezfennNM200811060000000000000000000005', '0000000000000000000000000000001000000000000000000000000000000003', NULL, '2014-01-28 10:55:05', 'com.runwaysdk.system.metadata.ClassAttributeVirtual', '0000000000000000000000000000001000000000000000000000000000000003', 4777, 'com.runwaysdk.system.scheduler.JobHistoryView.paused', '2014-01-28 10:55:05', '7e515ymyib4ej1u2ut7hbkk7xqmakxmb20071129NM0000000000000000000005', '8mtpsiqbv71z8kc7hcfwufepiq4ih0rzNM200811060000000000000000000001');
INSERT INTO virtualize_attribute ( id, parent_id, child_id) VALUES ('8qw85e4i4sj8sehf0hndkiurwgals6qzNM200811200000000000000000000023', '8f4e0y7e9ffyekb9w8yrif1tfjqhelpm00000000000000000000000000000194', '8mtpsiqbv71z8kc7hcfwufepiq4ih0rzNM200811060000000000000000000001');
INSERT INTO metadata_relationship ( entity_domain, site_master, last_updated_by, id, owner, locked_by, create_date, type, created_by, seq, key_name, last_update_date, parent_id, child_id) VALUES (NULL, 'www.runwaysdk.com', '0000000000000000000000000000001000000000000000000000000000000003', '8qw85e4i4sj8sehf0hndkiurwgals6qzNM200811200000000000000000000023', '0000000000000000000000000000001000000000000000000000000000000003', NULL, '2014-01-28 10:55:05', 'com.runwaysdk.system.metadata.VirtualizeAttribute', '0000000000000000000000000000001000000000000000000000000000000003', 4778, '8qw85e4i4sj8sehf0hndkiurwgals6qzNM200811200000000000000000000023', '2014-01-28 10:55:05', '8f4e0y7e9ffyekb9w8yrif1tfjqhelpm00000000000000000000000000000194', '8mtpsiqbv71z8kc7hcfwufepiq4ih0rzNM200811060000000000000000000001');
INSERT INTO metadata_display_label ( default_locale, id, site_master, key_name) VALUES (NULL, '0bmagdrxyvvtxnnd76oh0uglwpxs2e4bNM200904120000000000000000000030', 'www.runwaysdk.com', '0bmagdrxyvvtxnnd76oh0uglwpxs2e4bNM200904120000000000000000000030');
INSERT INTO metadata_display_label ( default_locale, id, site_master, key_name) VALUES (NULL, '6ualbim7wkne96lcdpea0gkp49b7exhjNM200904120000000000000000000030', 'www.runwaysdk.com', '6ualbim7wkne96lcdpea0gkp49b7exhjNM200904120000000000000000000030');
INSERT INTO md_attribute_virtual ( defining_md_view, required, md_attribute_concrete, attribute_name, display_label, id) VALUES ('7e515ymyib4ej1u2ut7hbkk7xqmakxmb20071129NM0000000000000000000005', NULL, 'qyc42rqoaqri3hpu6p2dts2sp4wdwkda00000000000000000000000000000194', 'removeOnComplete', '0bmagdrxyvvtxnnd76oh0uglwpxs2e4bNM200904120000000000000000000030', 'xhc46ziw5b4ylb86gf5etmtezmmn1fujNM200811060000000000000000000001');
INSERT INTO md_attribute ( id) VALUES ('xhc46ziw5b4ylb86gf5etmtezmmn1fujNM200811060000000000000000000001');
INSERT INTO metadata ( description, created_by, owner, id, create_date, seq, type, remove, site_master, locked_by, entity_domain, last_updated_by, last_update_date, key_name) VALUES ('6ualbim7wkne96lcdpea0gkp49b7exhjNM200904120000000000000000000030', '0000000000000000000000000000001000000000000000000000000000000003', '0000000000000000000000000000001000000000000000000000000000000003', 'xhc46ziw5b4ylb86gf5etmtezmmn1fujNM200811060000000000000000000001', '2014-01-28 10:55:05', 4779, 'com.runwaysdk.system.metadata.MdAttributeVirtual', 1, 'www.runwaysdk.com', NULL, NULL, '0000000000000000000000000000001000000000000000000000000000000003', '2014-01-28 10:55:05', 'com.runwaysdk.system.scheduler.JobHistoryView.removeOnComplete');
INSERT INTO class_attribute_virtual ( id, parent_id, child_id) VALUES ('03nc4nzzxh7b63sfe3aawajy26uhydwbNM200811060000000000000000000005', '7e515ymyib4ej1u2ut7hbkk7xqmakxmb20071129NM0000000000000000000005', 'xhc46ziw5b4ylb86gf5etmtezmmn1fujNM200811060000000000000000000001');
INSERT INTO class_attribute ( id, parent_id, child_id) VALUES ('03nc4nzzxh7b63sfe3aawajy26uhydwbNM200811060000000000000000000005', '7e515ymyib4ej1u2ut7hbkk7xqmakxmb20071129NM0000000000000000000005', 'xhc46ziw5b4ylb86gf5etmtezmmn1fujNM200811060000000000000000000001');
INSERT INTO metadata_relationship ( entity_domain, site_master, last_updated_by, id, owner, locked_by, create_date, type, created_by, seq, key_name, last_update_date, parent_id, child_id) VALUES (NULL, 'www.runwaysdk.com', '0000000000000000000000000000001000000000000000000000000000000003', '03nc4nzzxh7b63sfe3aawajy26uhydwbNM200811060000000000000000000005', '0000000000000000000000000000001000000000000000000000000000000003', NULL, '2014-01-28 10:55:05', 'com.runwaysdk.system.metadata.ClassAttributeVirtual', '0000000000000000000000000000001000000000000000000000000000000003', 4780, 'com.runwaysdk.system.scheduler.JobHistoryView.removeOnComplete', '2014-01-28 10:55:05', '7e515ymyib4ej1u2ut7hbkk7xqmakxmb20071129NM0000000000000000000005', 'xhc46ziw5b4ylb86gf5etmtezmmn1fujNM200811060000000000000000000001');
INSERT INTO virtualize_attribute ( id, parent_id, child_id) VALUES ('25hra0yrkcl0sir5m1v9nfx9e9wb7tbaNM200811200000000000000000000023', 'qyc42rqoaqri3hpu6p2dts2sp4wdwkda00000000000000000000000000000194', 'xhc46ziw5b4ylb86gf5etmtezmmn1fujNM200811060000000000000000000001');
INSERT INTO metadata_relationship ( entity_domain, site_master, last_updated_by, id, owner, locked_by, create_date, type, created_by, seq, key_name, last_update_date, parent_id, child_id) VALUES (NULL, 'www.runwaysdk.com', '0000000000000000000000000000001000000000000000000000000000000003', '25hra0yrkcl0sir5m1v9nfx9e9wb7tbaNM200811200000000000000000000023', '0000000000000000000000000000001000000000000000000000000000000003', NULL, '2014-01-28 10:55:05', 'com.runwaysdk.system.metadata.VirtualizeAttribute', '0000000000000000000000000000001000000000000000000000000000000003', 4781, '25hra0yrkcl0sir5m1v9nfx9e9wb7tbaNM200811200000000000000000000023', '2014-01-28 10:55:05', 'qyc42rqoaqri3hpu6p2dts2sp4wdwkda00000000000000000000000000000194', 'xhc46ziw5b4ylb86gf5etmtezmmn1fujNM200811060000000000000000000001');
INSERT INTO metadata_display_label ( default_locale, id, site_master, key_name) VALUES (NULL, 'quyylcmujmxjlavr24wxtvjuoq60nl3zNM200904120000000000000000000030', 'www.runwaysdk.com', 'quyylcmujmxjlavr24wxtvjuoq60nl3zNM200904120000000000000000000030');
INSERT INTO metadata_display_label ( default_locale, id, site_master, key_name) VALUES (NULL, '8z82mh94vvogk9v3kea1ftv7e7zqz9r0NM200904120000000000000000000030', 'www.runwaysdk.com', '8z82mh94vvogk9v3kea1ftv7e7zqz9r0NM200904120000000000000000000030');
INSERT INTO md_attribute_virtual ( defining_md_view, required, md_attribute_concrete, attribute_name, display_label, id) VALUES ('7e515ymyib4ej1u2ut7hbkk7xqmakxmb20071129NM0000000000000000000005', NULL, '72qhr8kzymv5ox8ffzctkz01da1toc8900000000000000000000000000000194', 'repeated', 'quyylcmujmxjlavr24wxtvjuoq60nl3zNM200904120000000000000000000030', '6wzef9vdlxlk9jk728tchyiytzls47ziNM200811060000000000000000000001');
INSERT INTO md_attribute ( id) VALUES ('6wzef9vdlxlk9jk728tchyiytzls47ziNM200811060000000000000000000001');
INSERT INTO metadata ( description, created_by, owner, id, create_date, seq, type, remove, site_master, locked_by, entity_domain, last_updated_by, last_update_date, key_name) VALUES ('8z82mh94vvogk9v3kea1ftv7e7zqz9r0NM200904120000000000000000000030', '0000000000000000000000000000001000000000000000000000000000000003', '0000000000000000000000000000001000000000000000000000000000000003', '6wzef9vdlxlk9jk728tchyiytzls47ziNM200811060000000000000000000001', '2014-01-28 10:55:05', 4782, 'com.runwaysdk.system.metadata.MdAttributeVirtual', 1, 'www.runwaysdk.com', NULL, NULL, '0000000000000000000000000000001000000000000000000000000000000003', '2014-01-28 10:55:05', 'com.runwaysdk.system.scheduler.JobHistoryView.repeated');
INSERT INTO class_attribute_virtual ( id, parent_id, child_id) VALUES ('rb50mwpupvheoxh7phgslihe1evhylc3NM200811060000000000000000000005', '7e515ymyib4ej1u2ut7hbkk7xqmakxmb20071129NM0000000000000000000005', '6wzef9vdlxlk9jk728tchyiytzls47ziNM200811060000000000000000000001');
INSERT INTO class_attribute ( id, parent_id, child_id) VALUES ('rb50mwpupvheoxh7phgslihe1evhylc3NM200811060000000000000000000005', '7e515ymyib4ej1u2ut7hbkk7xqmakxmb20071129NM0000000000000000000005', '6wzef9vdlxlk9jk728tchyiytzls47ziNM200811060000000000000000000001');
INSERT INTO metadata_relationship ( entity_domain, site_master, last_updated_by, id, owner, locked_by, create_date, type, created_by, seq, key_name, last_update_date, parent_id, child_id) VALUES (NULL, 'www.runwaysdk.com', '0000000000000000000000000000001000000000000000000000000000000003', 'rb50mwpupvheoxh7phgslihe1evhylc3NM200811060000000000000000000005', '0000000000000000000000000000001000000000000000000000000000000003', NULL, '2014-01-28 10:55:05', 'com.runwaysdk.system.metadata.ClassAttributeVirtual', '0000000000000000000000000000001000000000000000000000000000000003', 4783, 'com.runwaysdk.system.scheduler.JobHistoryView.repeated', '2014-01-28 10:55:05', '7e515ymyib4ej1u2ut7hbkk7xqmakxmb20071129NM0000000000000000000005', '6wzef9vdlxlk9jk728tchyiytzls47ziNM200811060000000000000000000001');
INSERT INTO virtualize_attribute ( id, parent_id, child_id) VALUES ('70eakq13olsd2uso04dnk9dpc2kko9e9NM200811200000000000000000000023', '72qhr8kzymv5ox8ffzctkz01da1toc8900000000000000000000000000000194', '6wzef9vdlxlk9jk728tchyiytzls47ziNM200811060000000000000000000001');
INSERT INTO metadata_relationship ( entity_domain, site_master, last_updated_by, id, owner, locked_by, create_date, type, created_by, seq, key_name, last_update_date, parent_id, child_id) VALUES (NULL, 'www.runwaysdk.com', '0000000000000000000000000000001000000000000000000000000000000003', '70eakq13olsd2uso04dnk9dpc2kko9e9NM200811200000000000000000000023', '0000000000000000000000000000001000000000000000000000000000000003', NULL, '2014-01-28 10:55:05', 'com.runwaysdk.system.metadata.VirtualizeAttribute', '0000000000000000000000000000001000000000000000000000000000000003', 4784, '70eakq13olsd2uso04dnk9dpc2kko9e9NM200811200000000000000000000023', '2014-01-28 10:55:05', '72qhr8kzymv5ox8ffzctkz01da1toc8900000000000000000000000000000194', '6wzef9vdlxlk9jk728tchyiytzls47ziNM200811060000000000000000000001');
INSERT INTO metadata_display_label ( default_locale, id, site_master, key_name) VALUES (NULL, '0f01lyrr630msqa6id0pi74k930phg1uNM200904120000000000000000000030', 'www.runwaysdk.com', '0f01lyrr630msqa6id0pi74k930phg1uNM200904120000000000000000000030');
INSERT INTO metadata_display_label ( default_locale, id, site_master, key_name) VALUES (NULL, 'zlc3lxanqtwp2u4s86b3isrugr2dxsl0NM200904120000000000000000000030', 'www.runwaysdk.com', 'zlc3lxanqtwp2u4s86b3isrugr2dxsl0NM200904120000000000000000000030');
INSERT INTO md_attribute_virtual ( defining_md_view, required, md_attribute_concrete, attribute_name, display_label, id) VALUES ('7e515ymyib4ej1u2ut7hbkk7xqmakxmb20071129NM0000000000000000000005', NULL, '04aunzn4jp1kip5tsjyfctxubb1nrhlf00000000000000000000000000000332', 'retries', '0f01lyrr630msqa6id0pi74k930phg1uNM200904120000000000000000000030', 'z93q3j3ld2lty5vb67n9vx8m9ehc6t7bNM200811060000000000000000000001');
INSERT INTO md_attribute ( id) VALUES ('z93q3j3ld2lty5vb67n9vx8m9ehc6t7bNM200811060000000000000000000001');
INSERT INTO metadata ( description, created_by, owner, id, create_date, seq, type, remove, site_master, locked_by, entity_domain, last_updated_by, last_update_date, key_name) VALUES ('zlc3lxanqtwp2u4s86b3isrugr2dxsl0NM200904120000000000000000000030', '0000000000000000000000000000001000000000000000000000000000000003', '0000000000000000000000000000001000000000000000000000000000000003', 'z93q3j3ld2lty5vb67n9vx8m9ehc6t7bNM200811060000000000000000000001', '2014-01-28 10:55:05', 4785, 'com.runwaysdk.system.metadata.MdAttributeVirtual', 1, 'www.runwaysdk.com', NULL, NULL, '0000000000000000000000000000001000000000000000000000000000000003', '2014-01-28 10:55:05', 'com.runwaysdk.system.scheduler.JobHistoryView.retries');
INSERT INTO class_attribute_virtual ( id, parent_id, child_id) VALUES ('zgge9g8vyu37b656vzd7cywrhy9om6b8NM200811060000000000000000000005', '7e515ymyib4ej1u2ut7hbkk7xqmakxmb20071129NM0000000000000000000005', 'z93q3j3ld2lty5vb67n9vx8m9ehc6t7bNM200811060000000000000000000001');
INSERT INTO class_attribute ( id, parent_id, child_id) VALUES ('zgge9g8vyu37b656vzd7cywrhy9om6b8NM200811060000000000000000000005', '7e515ymyib4ej1u2ut7hbkk7xqmakxmb20071129NM0000000000000000000005', 'z93q3j3ld2lty5vb67n9vx8m9ehc6t7bNM200811060000000000000000000001');
INSERT INTO metadata_relationship ( entity_domain, site_master, last_updated_by, id, owner, locked_by, create_date, type, created_by, seq, key_name, last_update_date, parent_id, child_id) VALUES (NULL, 'www.runwaysdk.com', '0000000000000000000000000000001000000000000000000000000000000003', 'zgge9g8vyu37b656vzd7cywrhy9om6b8NM200811060000000000000000000005', '0000000000000000000000000000001000000000000000000000000000000003', NULL, '2014-01-28 10:55:05', 'com.runwaysdk.system.metadata.ClassAttributeVirtual', '0000000000000000000000000000001000000000000000000000000000000003', 4786, 'com.runwaysdk.system.scheduler.JobHistoryView.retries', '2014-01-28 10:55:05', '7e515ymyib4ej1u2ut7hbkk7xqmakxmb20071129NM0000000000000000000005', 'z93q3j3ld2lty5vb67n9vx8m9ehc6t7bNM200811060000000000000000000001');
INSERT INTO virtualize_attribute ( id, parent_id, child_id) VALUES ('8s7x3l4s0m6ua7ne1lk5oy3bsla1snj4NM200811200000000000000000000023', '04aunzn4jp1kip5tsjyfctxubb1nrhlf00000000000000000000000000000332', 'z93q3j3ld2lty5vb67n9vx8m9ehc6t7bNM200811060000000000000000000001');
INSERT INTO metadata_relationship ( entity_domain, site_master, last_updated_by, id, owner, locked_by, create_date, type, created_by, seq, key_name, last_update_date, parent_id, child_id) VALUES (NULL, 'www.runwaysdk.com', '0000000000000000000000000000001000000000000000000000000000000003', '8s7x3l4s0m6ua7ne1lk5oy3bsla1snj4NM200811200000000000000000000023', '0000000000000000000000000000001000000000000000000000000000000003', NULL, '2014-01-28 10:55:05', 'com.runwaysdk.system.metadata.VirtualizeAttribute', '0000000000000000000000000000001000000000000000000000000000000003', 4787, '8s7x3l4s0m6ua7ne1lk5oy3bsla1snj4NM200811200000000000000000000023', '2014-01-28 10:55:05', '04aunzn4jp1kip5tsjyfctxubb1nrhlf00000000000000000000000000000332', 'z93q3j3ld2lty5vb67n9vx8m9ehc6t7bNM200811060000000000000000000001');
INSERT INTO metadata_display_label ( default_locale, id, site_master, key_name) VALUES (NULL, 'qns1qdhfccn5ngjjznbqk5v2ro4gw0xqNM200904120000000000000000000030', 'www.runwaysdk.com', 'qns1qdhfccn5ngjjznbqk5v2ro4gw0xqNM200904120000000000000000000030');
INSERT INTO metadata_display_label ( default_locale, id, site_master, key_name) VALUES (NULL, 'sf80f7q9peyvuzpp6tnoxt7f6bcxpymjNM200904120000000000000000000030', 'www.runwaysdk.com', 'sf80f7q9peyvuzpp6tnoxt7f6bcxpymjNM200904120000000000000000000030');
INSERT INTO md_attribute_virtual ( defining_md_view, required, md_attribute_concrete, attribute_name, display_label, id) VALUES ('7e515ymyib4ej1u2ut7hbkk7xqmakxmb20071129NM0000000000000000000005', NULL, 'xknhqrwa6nm8dcgo06v2zanqqqicrjst00000000000000000000000000000194', 'running', 'qns1qdhfccn5ngjjznbqk5v2ro4gw0xqNM200904120000000000000000000030', 'sgfvb2s7g11o27ps47r5xt8jc81jzfnqNM200811060000000000000000000001');
INSERT INTO md_attribute ( id) VALUES ('sgfvb2s7g11o27ps47r5xt8jc81jzfnqNM200811060000000000000000000001');
INSERT INTO metadata ( description, created_by, owner, id, create_date, seq, type, remove, site_master, locked_by, entity_domain, last_updated_by, last_update_date, key_name) VALUES ('sf80f7q9peyvuzpp6tnoxt7f6bcxpymjNM200904120000000000000000000030', '0000000000000000000000000000001000000000000000000000000000000003', '0000000000000000000000000000001000000000000000000000000000000003', 'sgfvb2s7g11o27ps47r5xt8jc81jzfnqNM200811060000000000000000000001', '2014-01-28 10:55:05', 4788, 'com.runwaysdk.system.metadata.MdAttributeVirtual', 1, 'www.runwaysdk.com', NULL, NULL, '0000000000000000000000000000001000000000000000000000000000000003', '2014-01-28 10:55:05', 'com.runwaysdk.system.scheduler.JobHistoryView.running');
INSERT INTO class_attribute_virtual ( id, parent_id, child_id) VALUES ('xkpfak6260tp7hka5dntsp0t340agqpuNM200811060000000000000000000005', '7e515ymyib4ej1u2ut7hbkk7xqmakxmb20071129NM0000000000000000000005', 'sgfvb2s7g11o27ps47r5xt8jc81jzfnqNM200811060000000000000000000001');
INSERT INTO class_attribute ( id, parent_id, child_id) VALUES ('xkpfak6260tp7hka5dntsp0t340agqpuNM200811060000000000000000000005', '7e515ymyib4ej1u2ut7hbkk7xqmakxmb20071129NM0000000000000000000005', 'sgfvb2s7g11o27ps47r5xt8jc81jzfnqNM200811060000000000000000000001');
INSERT INTO metadata_relationship ( entity_domain, site_master, last_updated_by, id, owner, locked_by, create_date, type, created_by, seq, key_name, last_update_date, parent_id, child_id) VALUES (NULL, 'www.runwaysdk.com', '0000000000000000000000000000001000000000000000000000000000000003', 'xkpfak6260tp7hka5dntsp0t340agqpuNM200811060000000000000000000005', '0000000000000000000000000000001000000000000000000000000000000003', NULL, '2014-01-28 10:55:05', 'com.runwaysdk.system.metadata.ClassAttributeVirtual', '0000000000000000000000000000001000000000000000000000000000000003', 4789, 'com.runwaysdk.system.scheduler.JobHistoryView.running', '2014-01-28 10:55:05', '7e515ymyib4ej1u2ut7hbkk7xqmakxmb20071129NM0000000000000000000005', 'sgfvb2s7g11o27ps47r5xt8jc81jzfnqNM200811060000000000000000000001');
INSERT INTO virtualize_attribute ( id, parent_id, child_id) VALUES ('8kgz2lm4rgag0tt1lcb23wwtapdi4s3rNM200811200000000000000000000023', 'xknhqrwa6nm8dcgo06v2zanqqqicrjst00000000000000000000000000000194', 'sgfvb2s7g11o27ps47r5xt8jc81jzfnqNM200811060000000000000000000001');
INSERT INTO metadata_relationship ( entity_domain, site_master, last_updated_by, id, owner, locked_by, create_date, type, created_by, seq, key_name, last_update_date, parent_id, child_id) VALUES (NULL, 'www.runwaysdk.com', '0000000000000000000000000000001000000000000000000000000000000003', '8kgz2lm4rgag0tt1lcb23wwtapdi4s3rNM200811200000000000000000000023', '0000000000000000000000000000001000000000000000000000000000000003', NULL, '2014-01-28 10:55:05', 'com.runwaysdk.system.metadata.VirtualizeAttribute', '0000000000000000000000000000001000000000000000000000000000000003', 4790, '8kgz2lm4rgag0tt1lcb23wwtapdi4s3rNM200811200000000000000000000023', '2014-01-28 10:55:05', 'xknhqrwa6nm8dcgo06v2zanqqqicrjst00000000000000000000000000000194', 'sgfvb2s7g11o27ps47r5xt8jc81jzfnqNM200811060000000000000000000001');
INSERT INTO metadata_display_label ( default_locale, id, site_master, key_name) VALUES (NULL, 'zdcds7xgj624094qljgo4nsn5hofwgtlNM200904120000000000000000000030', 'www.runwaysdk.com', 'zdcds7xgj624094qljgo4nsn5hofwgtlNM200904120000000000000000000030');
INSERT INTO metadata_display_label ( default_locale, id, site_master, key_name) VALUES (NULL, 'sgf18iybjfejtyu98a009b6u2lta6tnuNM200904120000000000000000000030', 'www.runwaysdk.com', 'sgf18iybjfejtyu98a009b6u2lta6tnuNM200904120000000000000000000030');
INSERT INTO md_attribute_virtual ( defining_md_view, required, md_attribute_concrete, attribute_name, display_label, id) VALUES ('7e515ymyib4ej1u2ut7hbkk7xqmakxmb20071129NM0000000000000000000005', NULL, '27m7m2gqnjqo504iw0fzwsjxjuekcj0u00000000000000000000000000000194', 'startOnCreate', 'zdcds7xgj624094qljgo4nsn5hofwgtlNM200904120000000000000000000030', 'qn4j9m5uo5o8l8eygzurq32yujp1jzycNM200811060000000000000000000001');
INSERT INTO md_attribute ( id) VALUES ('qn4j9m5uo5o8l8eygzurq32yujp1jzycNM200811060000000000000000000001');
INSERT INTO metadata ( description, created_by, owner, id, create_date, seq, type, remove, site_master, locked_by, entity_domain, last_updated_by, last_update_date, key_name) VALUES ('sgf18iybjfejtyu98a009b6u2lta6tnuNM200904120000000000000000000030', '0000000000000000000000000000001000000000000000000000000000000003', '0000000000000000000000000000001000000000000000000000000000000003', 'qn4j9m5uo5o8l8eygzurq32yujp1jzycNM200811060000000000000000000001', '2014-01-28 10:55:05', 4791, 'com.runwaysdk.system.metadata.MdAttributeVirtual', 1, 'www.runwaysdk.com', NULL, NULL, '0000000000000000000000000000001000000000000000000000000000000003', '2014-01-28 10:55:05', 'com.runwaysdk.system.scheduler.JobHistoryView.startOnCreate');
INSERT INTO class_attribute_virtual ( id, parent_id, child_id) VALUES ('sax7wi6211atfiraw7who09aggp7unrfNM200811060000000000000000000005', '7e515ymyib4ej1u2ut7hbkk7xqmakxmb20071129NM0000000000000000000005', 'qn4j9m5uo5o8l8eygzurq32yujp1jzycNM200811060000000000000000000001');
INSERT INTO class_attribute ( id, parent_id, child_id) VALUES ('sax7wi6211atfiraw7who09aggp7unrfNM200811060000000000000000000005', '7e515ymyib4ej1u2ut7hbkk7xqmakxmb20071129NM0000000000000000000005', 'qn4j9m5uo5o8l8eygzurq32yujp1jzycNM200811060000000000000000000001');
INSERT INTO metadata_relationship ( entity_domain, site_master, last_updated_by, id, owner, locked_by, create_date, type, created_by, seq, key_name, last_update_date, parent_id, child_id) VALUES (NULL, 'www.runwaysdk.com', '0000000000000000000000000000001000000000000000000000000000000003', 'sax7wi6211atfiraw7who09aggp7unrfNM200811060000000000000000000005', '0000000000000000000000000000001000000000000000000000000000000003', NULL, '2014-01-28 10:55:05', 'com.runwaysdk.system.metadata.ClassAttributeVirtual', '0000000000000000000000000000001000000000000000000000000000000003', 4792, 'com.runwaysdk.system.scheduler.JobHistoryView.startOnCreate', '2014-01-28 10:55:05', '7e515ymyib4ej1u2ut7hbkk7xqmakxmb20071129NM0000000000000000000005', 'qn4j9m5uo5o8l8eygzurq32yujp1jzycNM200811060000000000000000000001');
INSERT INTO virtualize_attribute ( id, parent_id, child_id) VALUES ('znqs1jgwud7o0qku8lqp4dfzhf632puqNM200811200000000000000000000023', '27m7m2gqnjqo504iw0fzwsjxjuekcj0u00000000000000000000000000000194', 'qn4j9m5uo5o8l8eygzurq32yujp1jzycNM200811060000000000000000000001');
INSERT INTO metadata_relationship ( entity_domain, site_master, last_updated_by, id, owner, locked_by, create_date, type, created_by, seq, key_name, last_update_date, parent_id, child_id) VALUES (NULL, 'www.runwaysdk.com', '0000000000000000000000000000001000000000000000000000000000000003', 'znqs1jgwud7o0qku8lqp4dfzhf632puqNM200811200000000000000000000023', '0000000000000000000000000000001000000000000000000000000000000003', NULL, '2014-01-28 10:55:05', 'com.runwaysdk.system.metadata.VirtualizeAttribute', '0000000000000000000000000000001000000000000000000000000000000003', 4793, 'znqs1jgwud7o0qku8lqp4dfzhf632puqNM200811200000000000000000000023', '2014-01-28 10:55:05', '27m7m2gqnjqo504iw0fzwsjxjuekcj0u00000000000000000000000000000194', 'qn4j9m5uo5o8l8eygzurq32yujp1jzycNM200811060000000000000000000001');
INSERT INTO metadata_display_label ( default_locale, id, site_master, key_name) VALUES (NULL, '6vxsx4mgsag6umaqlx9etbql6azsn299NM200904120000000000000000000030', 'www.runwaysdk.com', '6vxsx4mgsag6umaqlx9etbql6azsn299NM200904120000000000000000000030');
INSERT INTO metadata_display_label ( default_locale, id, site_master, key_name) VALUES (NULL, 'xel1vc7mb9xpx7zpq79kf9n8oitf15sqNM200904120000000000000000000030', 'www.runwaysdk.com', 'xel1vc7mb9xpx7zpq79kf9n8oitf15sqNM200904120000000000000000000030');
INSERT INTO md_attribute_virtual ( defining_md_view, required, md_attribute_concrete, attribute_name, display_label, id) VALUES ('7e515ymyib4ej1u2ut7hbkk7xqmakxmb20071129NM0000000000000000000005', NULL, 'sgq8tanyuyd8zbf2tfkbff1yyhwct9wn00000000000000000000000000000338', 'timeout', '6vxsx4mgsag6umaqlx9etbql6azsn299NM200904120000000000000000000030', 'zdum3xele3xj2563v68z9zygjtsh2fi8NM200811060000000000000000000001');
INSERT INTO md_attribute ( id) VALUES ('zdum3xele3xj2563v68z9zygjtsh2fi8NM200811060000000000000000000001');
INSERT INTO metadata ( description, created_by, owner, id, create_date, seq, type, remove, site_master, locked_by, entity_domain, last_updated_by, last_update_date, key_name) VALUES ('xel1vc7mb9xpx7zpq79kf9n8oitf15sqNM200904120000000000000000000030', '0000000000000000000000000000001000000000000000000000000000000003', '0000000000000000000000000000001000000000000000000000000000000003', 'zdum3xele3xj2563v68z9zygjtsh2fi8NM200811060000000000000000000001', '2014-01-28 10:55:05', 4794, 'com.runwaysdk.system.metadata.MdAttributeVirtual', 1, 'www.runwaysdk.com', NULL, NULL, '0000000000000000000000000000001000000000000000000000000000000003', '2014-01-28 10:55:05', 'com.runwaysdk.system.scheduler.JobHistoryView.timeout');
INSERT INTO class_attribute_virtual ( id, parent_id, child_id) VALUES ('quejt2ef807vvjyeaicpli725a933jonNM200811060000000000000000000005', '7e515ymyib4ej1u2ut7hbkk7xqmakxmb20071129NM0000000000000000000005', 'zdum3xele3xj2563v68z9zygjtsh2fi8NM200811060000000000000000000001');
INSERT INTO class_attribute ( id, parent_id, child_id) VALUES ('quejt2ef807vvjyeaicpli725a933jonNM200811060000000000000000000005', '7e515ymyib4ej1u2ut7hbkk7xqmakxmb20071129NM0000000000000000000005', 'zdum3xele3xj2563v68z9zygjtsh2fi8NM200811060000000000000000000001');
INSERT INTO metadata_relationship ( entity_domain, site_master, last_updated_by, id, owner, locked_by, create_date, type, created_by, seq, key_name, last_update_date, parent_id, child_id) VALUES (NULL, 'www.runwaysdk.com', '0000000000000000000000000000001000000000000000000000000000000003', 'quejt2ef807vvjyeaicpli725a933jonNM200811060000000000000000000005', '0000000000000000000000000000001000000000000000000000000000000003', NULL, '2014-01-28 10:55:05', 'com.runwaysdk.system.metadata.ClassAttributeVirtual', '0000000000000000000000000000001000000000000000000000000000000003', 4795, 'com.runwaysdk.system.scheduler.JobHistoryView.timeout', '2014-01-28 10:55:05', '7e515ymyib4ej1u2ut7hbkk7xqmakxmb20071129NM0000000000000000000005', 'zdum3xele3xj2563v68z9zygjtsh2fi8NM200811060000000000000000000001');
INSERT INTO virtualize_attribute ( id, parent_id, child_id) VALUES ('1vz942ihbs1rnaghixxlamppqze1eyndNM200811200000000000000000000023', 'sgq8tanyuyd8zbf2tfkbff1yyhwct9wn00000000000000000000000000000338', 'zdum3xele3xj2563v68z9zygjtsh2fi8NM200811060000000000000000000001');
INSERT INTO metadata_relationship ( entity_domain, site_master, last_updated_by, id, owner, locked_by, create_date, type, created_by, seq, key_name, last_update_date, parent_id, child_id) VALUES (NULL, 'www.runwaysdk.com', '0000000000000000000000000000001000000000000000000000000000000003', '1vz942ihbs1rnaghixxlamppqze1eyndNM200811200000000000000000000023', '0000000000000000000000000000001000000000000000000000000000000003', NULL, '2014-01-28 10:55:05', 'com.runwaysdk.system.metadata.VirtualizeAttribute', '0000000000000000000000000000001000000000000000000000000000000003', 4796, '1vz942ihbs1rnaghixxlamppqze1eyndNM200811200000000000000000000023', '2014-01-28 10:55:05', 'sgq8tanyuyd8zbf2tfkbff1yyhwct9wn00000000000000000000000000000338', 'zdum3xele3xj2563v68z9zygjtsh2fi8NM200811060000000000000000000001');
INSERT INTO metadata_display_label ( default_locale, id, site_master, key_name) VALUES (NULL, '2h1qs61dnjmbhay0z0bbofzb9x8pzqdiNM200904120000000000000000000030', 'www.runwaysdk.com', '2h1qs61dnjmbhay0z0bbofzb9x8pzqdiNM200904120000000000000000000030');
INSERT INTO metadata_display_label ( default_locale, id, site_master, key_name) VALUES (NULL, '79zqctdjkz78o16lej6cpmtt1r4yow9vNM200904120000000000000000000030', 'www.runwaysdk.com', '79zqctdjkz78o16lej6cpmtt1r4yow9vNM200904120000000000000000000030');
INSERT INTO md_attribute_virtual ( defining_md_view, required, md_attribute_concrete, attribute_name, display_label, id) VALUES ('7e515ymyib4ej1u2ut7hbkk7xqmakxmb20071129NM0000000000000000000005', NULL, '0nhxxc2dhrvcp9ojj8w5ie7exvkrnogt00000000000000000000000000000332', 'workProgress', '2h1qs61dnjmbhay0z0bbofzb9x8pzqdiNM200904120000000000000000000030', '07uxyjg98ebts3u0mshuypm9ptajnqivNM200811060000000000000000000001');
INSERT INTO md_attribute ( id) VALUES ('07uxyjg98ebts3u0mshuypm9ptajnqivNM200811060000000000000000000001');
INSERT INTO metadata ( description, created_by, owner, id, create_date, seq, type, remove, site_master, locked_by, entity_domain, last_updated_by, last_update_date, key_name) VALUES ('79zqctdjkz78o16lej6cpmtt1r4yow9vNM200904120000000000000000000030', '0000000000000000000000000000001000000000000000000000000000000003', '0000000000000000000000000000001000000000000000000000000000000003', '07uxyjg98ebts3u0mshuypm9ptajnqivNM200811060000000000000000000001', '2014-01-28 10:55:05', 4797, 'com.runwaysdk.system.metadata.MdAttributeVirtual', 1, 'www.runwaysdk.com', NULL, NULL, '0000000000000000000000000000001000000000000000000000000000000003', '2014-01-28 10:55:05', 'com.runwaysdk.system.scheduler.JobHistoryView.workProgress');
INSERT INTO class_attribute_virtual ( id, parent_id, child_id) VALUES ('x9dtlrxxg2pqwr5wwzh6ued4c4oyykteNM200811060000000000000000000005', '7e515ymyib4ej1u2ut7hbkk7xqmakxmb20071129NM0000000000000000000005', '07uxyjg98ebts3u0mshuypm9ptajnqivNM200811060000000000000000000001');
INSERT INTO class_attribute ( id, parent_id, child_id) VALUES ('x9dtlrxxg2pqwr5wwzh6ued4c4oyykteNM200811060000000000000000000005', '7e515ymyib4ej1u2ut7hbkk7xqmakxmb20071129NM0000000000000000000005', '07uxyjg98ebts3u0mshuypm9ptajnqivNM200811060000000000000000000001');
INSERT INTO metadata_relationship ( entity_domain, site_master, last_updated_by, id, owner, locked_by, create_date, type, created_by, seq, key_name, last_update_date, parent_id, child_id) VALUES (NULL, 'www.runwaysdk.com', '0000000000000000000000000000001000000000000000000000000000000003', 'x9dtlrxxg2pqwr5wwzh6ued4c4oyykteNM200811060000000000000000000005', '0000000000000000000000000000001000000000000000000000000000000003', NULL, '2014-01-28 10:55:05', 'com.runwaysdk.system.metadata.ClassAttributeVirtual', '0000000000000000000000000000001000000000000000000000000000000003', 4798, 'com.runwaysdk.system.scheduler.JobHistoryView.workProgress', '2014-01-28 10:55:05', '7e515ymyib4ej1u2ut7hbkk7xqmakxmb20071129NM0000000000000000000005', '07uxyjg98ebts3u0mshuypm9ptajnqivNM200811060000000000000000000001');
INSERT INTO virtualize_attribute ( id, parent_id, child_id) VALUES ('8qxomcui4bxu1sg9g1gknrlrf3o8iraoNM200811200000000000000000000023', '0nhxxc2dhrvcp9ojj8w5ie7exvkrnogt00000000000000000000000000000332', '07uxyjg98ebts3u0mshuypm9ptajnqivNM200811060000000000000000000001');
INSERT INTO metadata_relationship ( entity_domain, site_master, last_updated_by, id, owner, locked_by, create_date, type, created_by, seq, key_name, last_update_date, parent_id, child_id) VALUES (NULL, 'www.runwaysdk.com', '0000000000000000000000000000001000000000000000000000000000000003', '8qxomcui4bxu1sg9g1gknrlrf3o8iraoNM200811200000000000000000000023', '0000000000000000000000000000001000000000000000000000000000000003', NULL, '2014-01-28 10:55:05', 'com.runwaysdk.system.metadata.VirtualizeAttribute', '0000000000000000000000000000001000000000000000000000000000000003', 4799, '8qxomcui4bxu1sg9g1gknrlrf3o8iraoNM200811200000000000000000000023', '2014-01-28 10:55:05', '0nhxxc2dhrvcp9ojj8w5ie7exvkrnogt00000000000000000000000000000332', '07uxyjg98ebts3u0mshuypm9ptajnqivNM200811060000000000000000000001');
INSERT INTO metadata_display_label ( default_locale, id, site_master, key_name) VALUES (NULL, 'xk749fsgxb7sr5xeunsl9hplqvfg2hljNM200904120000000000000000000030', 'www.runwaysdk.com', 'xk749fsgxb7sr5xeunsl9hplqvfg2hljNM200904120000000000000000000030');
INSERT INTO metadata_display_label ( default_locale, id, site_master, key_name) VALUES (NULL, '92p37e77jq63302wpk9jpd19e2ao5htkNM200904120000000000000000000030', 'www.runwaysdk.com', '92p37e77jq63302wpk9jpd19e2ao5htkNM200904120000000000000000000030');
INSERT INTO md_attribute_virtual ( defining_md_view, required, md_attribute_concrete, attribute_name, display_label, id) VALUES ('7e515ymyib4ej1u2ut7hbkk7xqmakxmb20071129NM0000000000000000000005', NULL, '0ovs3ukeu29fkge7qavc8ehfd707x89000000000000000000000000000000332', 'workTotal', 'xk749fsgxb7sr5xeunsl9hplqvfg2hljNM200904120000000000000000000030', 'qtl4nh74spb18zptqg3dez635mkdoa3fNM200811060000000000000000000001');
INSERT INTO md_attribute ( id) VALUES ('qtl4nh74spb18zptqg3dez635mkdoa3fNM200811060000000000000000000001');
INSERT INTO metadata ( description, created_by, owner, id, create_date, seq, type, remove, site_master, locked_by, entity_domain, last_updated_by, last_update_date, key_name) VALUES ('92p37e77jq63302wpk9jpd19e2ao5htkNM200904120000000000000000000030', '0000000000000000000000000000001000000000000000000000000000000003', '0000000000000000000000000000001000000000000000000000000000000003', 'qtl4nh74spb18zptqg3dez635mkdoa3fNM200811060000000000000000000001', '2014-01-28 10:55:05', 4800, 'com.runwaysdk.system.metadata.MdAttributeVirtual', 1, 'www.runwaysdk.com', NULL, NULL, '0000000000000000000000000000001000000000000000000000000000000003', '2014-01-28 10:55:05', 'com.runwaysdk.system.scheduler.JobHistoryView.workTotal');
INSERT INTO class_attribute_virtual ( id, parent_id, child_id) VALUES ('xz2gcg8cewng67ex9780kt74szm72wjsNM200811060000000000000000000005', '7e515ymyib4ej1u2ut7hbkk7xqmakxmb20071129NM0000000000000000000005', 'qtl4nh74spb18zptqg3dez635mkdoa3fNM200811060000000000000000000001');
INSERT INTO class_attribute ( id, parent_id, child_id) VALUES ('xz2gcg8cewng67ex9780kt74szm72wjsNM200811060000000000000000000005', '7e515ymyib4ej1u2ut7hbkk7xqmakxmb20071129NM0000000000000000000005', 'qtl4nh74spb18zptqg3dez635mkdoa3fNM200811060000000000000000000001');
INSERT INTO metadata_relationship ( entity_domain, site_master, last_updated_by, id, owner, locked_by, create_date, type, created_by, seq, key_name, last_update_date, parent_id, child_id) VALUES (NULL, 'www.runwaysdk.com', '0000000000000000000000000000001000000000000000000000000000000003', 'xz2gcg8cewng67ex9780kt74szm72wjsNM200811060000000000000000000005', '0000000000000000000000000000001000000000000000000000000000000003', NULL, '2014-01-28 10:55:05', 'com.runwaysdk.system.metadata.ClassAttributeVirtual', '0000000000000000000000000000001000000000000000000000000000000003', 4801, 'com.runwaysdk.system.scheduler.JobHistoryView.workTotal', '2014-01-28 10:55:05', '7e515ymyib4ej1u2ut7hbkk7xqmakxmb20071129NM0000000000000000000005', 'qtl4nh74spb18zptqg3dez635mkdoa3fNM200811060000000000000000000001');
INSERT INTO virtualize_attribute ( id, parent_id, child_id) VALUES ('qoe1j4c47hmeoejdyjdonrj2kb8r1hhzNM200811200000000000000000000023', '0ovs3ukeu29fkge7qavc8ehfd707x89000000000000000000000000000000332', 'qtl4nh74spb18zptqg3dez635mkdoa3fNM200811060000000000000000000001');
INSERT INTO metadata_relationship ( entity_domain, site_master, last_updated_by, id, owner, locked_by, create_date, type, created_by, seq, key_name, last_update_date, parent_id, child_id) VALUES (NULL, 'www.runwaysdk.com', '0000000000000000000000000000001000000000000000000000000000000003', 'qoe1j4c47hmeoejdyjdonrj2kb8r1hhzNM200811200000000000000000000023', '0000000000000000000000000000001000000000000000000000000000000003', NULL, '2014-01-28 10:55:05', 'com.runwaysdk.system.metadata.VirtualizeAttribute', '0000000000000000000000000000001000000000000000000000000000000003', 4802, 'qoe1j4c47hmeoejdyjdonrj2kb8r1hhzNM200811200000000000000000000023', '2014-01-28 10:55:05', '0ovs3ukeu29fkge7qavc8ehfd707x89000000000000000000000000000000332', 'qtl4nh74spb18zptqg3dez635mkdoa3fNM200811060000000000000000000001');
INSERT INTO metadata_display_label ( default_locale, id, site_master, key_name) VALUES ('Get job histories', '28n17nzs8q11xfw7mgg1p8pveroxfx6hNM200904120000000000000000000030', 'www.runwaysdk.com', '28n17nzs8q11xfw7mgg1p8pveroxfx6hNM200904120000000000000000000030');
INSERT INTO metadata_display_label ( default_locale, id, site_master, key_name) VALUES (NULL, '0h4kc44cqzg57ukp828e8mpf36hrjbpkNM200904120000000000000000000030', 'www.runwaysdk.com', '0h4kc44cqzg57ukp828e8mpf36hrjbpkNM200904120000000000000000000030');
INSERT INTO md_method ( method_name, md_type, is_static, return_type, display_label, id) VALUES ('getJobHistories', '7e515ymyib4ej1u2ut7hbkk7xqmakxmb20071129NM0000000000000000000005', 1, 'com.runwaysdk.system.scheduler.JobHistoryViewQuery', '28n17nzs8q11xfw7mgg1p8pveroxfx6hNM200904120000000000000000000030', 's9y7uqi68ipv4emh0n7lctvi8urkz46h20070427JS0000000000000000001514');
INSERT INTO metadata ( description, created_by, owner, id, create_date, seq, type, remove, site_master, locked_by, entity_domain, last_updated_by, last_update_date, key_name) VALUES ('0h4kc44cqzg57ukp828e8mpf36hrjbpkNM200904120000000000000000000030', '0000000000000000000000000000001000000000000000000000000000000003', '0000000000000000000000000000001000000000000000000000000000000003', 's9y7uqi68ipv4emh0n7lctvi8urkz46h20070427JS0000000000000000001514', '2014-01-28 10:55:05', 4803, 'com.runwaysdk.system.metadata.MdMethod', 1, 'www.runwaysdk.com', NULL, NULL, '0000000000000000000000000000001000000000000000000000000000000003', '2014-01-28 10:55:05', 'com.runwaysdk.system.scheduler.JobHistoryView.getJobHistories');
INSERT INTO type_method ( id, parent_id, child_id) VALUES ('0ac9rakpe6sujpplzfujl4wq1xkhbhwb20070427JS0000000000000000001520', '7e515ymyib4ej1u2ut7hbkk7xqmakxmb20071129NM0000000000000000000005', 's9y7uqi68ipv4emh0n7lctvi8urkz46h20070427JS0000000000000000001514');
INSERT INTO metadata_relationship ( entity_domain, site_master, last_updated_by, id, owner, locked_by, create_date, type, created_by, seq, key_name, last_update_date, parent_id, child_id) VALUES (NULL, 'www.runwaysdk.com', '0000000000000000000000000000001000000000000000000000000000000003', '0ac9rakpe6sujpplzfujl4wq1xkhbhwb20070427JS0000000000000000001520', '0000000000000000000000000000001000000000000000000000000000000003', NULL, '2014-01-28 10:55:05', 'com.runwaysdk.system.metadata.TypeMethod', '0000000000000000000000000000001000000000000000000000000000000003', 4804, 'com.runwaysdk.system.scheduler.JobHistoryView.getJobHistories', '2014-01-28 10:55:05', '7e515ymyib4ej1u2ut7hbkk7xqmakxmb20071129NM0000000000000000000005', 's9y7uqi68ipv4emh0n7lctvi8urkz46h20070427JS0000000000000000001514');
INSERT INTO metadata_display_label ( default_locale, id, site_master, key_name) VALUES ('Sort attribute', '20lblqzxtpu31s5b2tx4kkcavtjlo2umNM200904120000000000000000000030', 'www.runwaysdk.com', '20lblqzxtpu31s5b2tx4kkcavtjlo2umNM200904120000000000000000000030');
INSERT INTO metadata_display_label ( default_locale, id, site_master, key_name) VALUES (NULL, '29nei5pxqpi18peree6d06savkc8qa2aNM200904120000000000000000000030', 'www.runwaysdk.com', '29nei5pxqpi18peree6d06savkc8qa2aNM200904120000000000000000000030');
INSERT INTO md_parameter ( metadata, parameter_order, parameter_name, parameter_type, display_label, id) VALUES ('s9y7uqi68ipv4emh0n7lctvi8urkz46h20070427JS0000000000000000001514', 1, 'sortAttribute', 'java.lang.String', '20lblqzxtpu31s5b2tx4kkcavtjlo2umNM200904120000000000000000000030', 'svafki2025tdxqoraopxzrnoppkaidhr20070427JS0000000000000000001517');
INSERT INTO metadata ( description, created_by, owner, id, create_date, seq, type, remove, site_master, locked_by, entity_domain, last_updated_by, last_update_date, key_name) VALUES ('29nei5pxqpi18peree6d06savkc8qa2aNM200904120000000000000000000030', '0000000000000000000000000000001000000000000000000000000000000003', '0000000000000000000000000000001000000000000000000000000000000003', 'svafki2025tdxqoraopxzrnoppkaidhr20070427JS0000000000000000001517', '2014-01-28 10:55:05', 4805, 'com.runwaysdk.system.metadata.MdParameter', 1, 'www.runwaysdk.com', NULL, NULL, '0000000000000000000000000000001000000000000000000000000000000003', '2014-01-28 10:55:05', 'com.runwaysdk.system.scheduler.JobHistoryView.getJobHistories.sortAttribute');
INSERT INTO metadata_parameter ( site_master, last_updated_by, create_date, seq, locked_by, entity_domain, created_by, type, last_update_date, key_name, owner, id, parent_id, child_id) VALUES ('www.runwaysdk.com', '0000000000000000000000000000001000000000000000000000000000000003', '2014-01-28 10:55:05', 4806, NULL, NULL, '0000000000000000000000000000001000000000000000000000000000000003', 'com.runwaysdk.system.MetadataParameter', '2014-01-28 10:55:05', 'com.runwaysdk.system.scheduler.JobHistoryView.getJobHistories.sortAttribute', '0000000000000000000000000000001000000000000000000000000000000003', '1t0ebd1xteep4g27ld08fz65zoambzs220070427JS0000000000000000001524', 's9y7uqi68ipv4emh0n7lctvi8urkz46h20070427JS0000000000000000001514', 'svafki2025tdxqoraopxzrnoppkaidhr20070427JS0000000000000000001517');
INSERT INTO metadata_display_label ( default_locale, id, site_master, key_name) VALUES ('Is ascending', '76imhrh75yguq26hx3t9r0a6edzapk8jNM200904120000000000000000000030', 'www.runwaysdk.com', '76imhrh75yguq26hx3t9r0a6edzapk8jNM200904120000000000000000000030');
INSERT INTO metadata_display_label ( default_locale, id, site_master, key_name) VALUES (NULL, '8huvcscnm8r2qc0mciezctxnfu1ihfz6NM200904120000000000000000000030', 'www.runwaysdk.com', '8huvcscnm8r2qc0mciezctxnfu1ihfz6NM200904120000000000000000000030');
INSERT INTO md_parameter ( metadata, parameter_order, parameter_name, parameter_type, display_label, id) VALUES ('s9y7uqi68ipv4emh0n7lctvi8urkz46h20070427JS0000000000000000001514', 2, 'isAscending', 'java.lang.Boolean', '76imhrh75yguq26hx3t9r0a6edzapk8jNM200904120000000000000000000030', 'x8q7bhxs0x0izdt6ld3xolwg6nl9mo6h20070427JS0000000000000000001517');
INSERT INTO metadata ( description, created_by, owner, id, create_date, seq, type, remove, site_master, locked_by, entity_domain, last_updated_by, last_update_date, key_name) VALUES ('8huvcscnm8r2qc0mciezctxnfu1ihfz6NM200904120000000000000000000030', '0000000000000000000000000000001000000000000000000000000000000003', '0000000000000000000000000000001000000000000000000000000000000003', 'x8q7bhxs0x0izdt6ld3xolwg6nl9mo6h20070427JS0000000000000000001517', '2014-01-28 10:55:05', 4807, 'com.runwaysdk.system.metadata.MdParameter', 1, 'www.runwaysdk.com', NULL, NULL, '0000000000000000000000000000001000000000000000000000000000000003', '2014-01-28 10:55:05', 'com.runwaysdk.system.scheduler.JobHistoryView.getJobHistories.isAscending');
INSERT INTO metadata_parameter ( site_master, last_updated_by, create_date, seq, locked_by, entity_domain, created_by, type, last_update_date, key_name, owner, id, parent_id, child_id) VALUES ('www.runwaysdk.com', '0000000000000000000000000000001000000000000000000000000000000003', '2014-01-28 10:55:05', 4808, NULL, NULL, '0000000000000000000000000000001000000000000000000000000000000003', 'com.runwaysdk.system.MetadataParameter', '2014-01-28 10:55:05', 'com.runwaysdk.system.scheduler.JobHistoryView.getJobHistories.isAscending', '0000000000000000000000000000001000000000000000000000000000000003', '23czwpmcko5v9h3phirzpw3agy5nh86c20070427JS0000000000000000001524', 's9y7uqi68ipv4emh0n7lctvi8urkz46h20070427JS0000000000000000001514', 'x8q7bhxs0x0izdt6ld3xolwg6nl9mo6h20070427JS0000000000000000001517');
INSERT INTO metadata_display_label ( default_locale, id, site_master, key_name) VALUES ('Page size', '2g6ng1n8hbgqfl0m0sqnjim3f4ngxskfNM200904120000000000000000000030', 'www.runwaysdk.com', '2g6ng1n8hbgqfl0m0sqnjim3f4ngxskfNM200904120000000000000000000030');
INSERT INTO metadata_display_label ( default_locale, id, site_master, key_name) VALUES (NULL, 'z3febvtlq702c6crvxvvhv6m2g97k1hzNM200904120000000000000000000030', 'www.runwaysdk.com', 'z3febvtlq702c6crvxvvhv6m2g97k1hzNM200904120000000000000000000030');
INSERT INTO md_parameter ( metadata, parameter_order, parameter_name, parameter_type, display_label, id) VALUES ('s9y7uqi68ipv4emh0n7lctvi8urkz46h20070427JS0000000000000000001514', 3, 'pageSize', 'java.lang.Integer', '2g6ng1n8hbgqfl0m0sqnjim3f4ngxskfNM200904120000000000000000000030', 'sc7bu3wufvx15bhg3kodec1752z86c2v20070427JS0000000000000000001517');
INSERT INTO metadata ( description, created_by, owner, id, create_date, seq, type, remove, site_master, locked_by, entity_domain, last_updated_by, last_update_date, key_name) VALUES ('z3febvtlq702c6crvxvvhv6m2g97k1hzNM200904120000000000000000000030', '0000000000000000000000000000001000000000000000000000000000000003', '0000000000000000000000000000001000000000000000000000000000000003', 'sc7bu3wufvx15bhg3kodec1752z86c2v20070427JS0000000000000000001517', '2014-01-28 10:55:05', 4809, 'com.runwaysdk.system.metadata.MdParameter', 1, 'www.runwaysdk.com', NULL, NULL, '0000000000000000000000000000001000000000000000000000000000000003', '2014-01-28 10:55:05', 'com.runwaysdk.system.scheduler.JobHistoryView.getJobHistories.pageSize');
INSERT INTO metadata_parameter ( site_master, last_updated_by, create_date, seq, locked_by, entity_domain, created_by, type, last_update_date, key_name, owner, id, parent_id, child_id) VALUES ('www.runwaysdk.com', '0000000000000000000000000000001000000000000000000000000000000003', '2014-01-28 10:55:05', 4810, NULL, NULL, '0000000000000000000000000000001000000000000000000000000000000003', 'com.runwaysdk.system.MetadataParameter', '2014-01-28 10:55:05', 'com.runwaysdk.system.scheduler.JobHistoryView.getJobHistories.pageSize', '0000000000000000000000000000001000000000000000000000000000000003', '1qpitj6cddnqs9r7mvhguipd6gxoesh520070427JS0000000000000000001524', 's9y7uqi68ipv4emh0n7lctvi8urkz46h20070427JS0000000000000000001514', 'sc7bu3wufvx15bhg3kodec1752z86c2v20070427JS0000000000000000001517');
INSERT INTO metadata_display_label ( default_locale, id, site_master, key_name) VALUES ('Page number', '75b2nkv8zfhgoudlmgg19c3ltdtvd7cyNM200904120000000000000000000030', 'www.runwaysdk.com', '75b2nkv8zfhgoudlmgg19c3ltdtvd7cyNM200904120000000000000000000030');
INSERT INTO metadata_display_label ( default_locale, id, site_master, key_name) VALUES (NULL, 'qt1uqtyt7wkxky0mxhquodif6fxauxszNM200904120000000000000000000030', 'www.runwaysdk.com', 'qt1uqtyt7wkxky0mxhquodif6fxauxszNM200904120000000000000000000030');
INSERT INTO md_parameter ( metadata, parameter_order, parameter_name, parameter_type, display_label, id) VALUES ('s9y7uqi68ipv4emh0n7lctvi8urkz46h20070427JS0000000000000000001514', 4, 'pageNumber', 'java.lang.Integer', '75b2nkv8zfhgoudlmgg19c3ltdtvd7cyNM200904120000000000000000000030', 'y0yy3op33ufcd4eral7cghokthwo9f6c20070427JS0000000000000000001517');
INSERT INTO metadata ( description, created_by, owner, id, create_date, seq, type, remove, site_master, locked_by, entity_domain, last_updated_by, last_update_date, key_name) VALUES ('qt1uqtyt7wkxky0mxhquodif6fxauxszNM200904120000000000000000000030', '0000000000000000000000000000001000000000000000000000000000000003', '0000000000000000000000000000001000000000000000000000000000000003', 'y0yy3op33ufcd4eral7cghokthwo9f6c20070427JS0000000000000000001517', '2014-01-28 10:55:05', 4811, 'com.runwaysdk.system.metadata.MdParameter', 1, 'www.runwaysdk.com', NULL, NULL, '0000000000000000000000000000001000000000000000000000000000000003', '2014-01-28 10:55:05', 'com.runwaysdk.system.scheduler.JobHistoryView.getJobHistories.pageNumber');
INSERT INTO metadata_parameter ( site_master, last_updated_by, create_date, seq, locked_by, entity_domain, created_by, type, last_update_date, key_name, owner, id, parent_id, child_id) VALUES ('www.runwaysdk.com', '0000000000000000000000000000001000000000000000000000000000000003', '2014-01-28 10:55:05', 4812, NULL, NULL, '0000000000000000000000000000001000000000000000000000000000000003', 'com.runwaysdk.system.MetadataParameter', '2014-01-28 10:55:05', 'com.runwaysdk.system.scheduler.JobHistoryView.getJobHistories.pageNumber', '0000000000000000000000000000001000000000000000000000000000000003', 'strzee8tev9orwq6xhbliklow36eky6520070427JS0000000000000000001524', 's9y7uqi68ipv4emh0n7lctvi8urkz46h20070427JS0000000000000000001514', 'y0yy3op33ufcd4eral7cghokthwo9f6c20070427JS0000000000000000001517');
UPDATE md_type SET display_label= '0srnjakpehuw7yd4h3jo6bi2kv8432v1NM200904120000000000000000000030' , root_id= '7e515ymyib4ej1u2ut7hbkk7xqmakxmb' , package_name= 'com.runwaysdk.system.scheduler' , type_name= 'JobHistoryView'  WHERE id='7e515ymyib4ej1u2ut7hbkk7xqmakxmb20071129NM0000000000000000000005';
UPDATE metadata SET description= 'sifh2r3x3qvzcrirv06j0yo5nxh42bhwNM200904120000000000000000000030' , created_by= '0000000000000000000000000000001000000000000000000000000000000003' , owner= '0000000000000000000000000000001000000000000000000000000000000003' , id= '7e515ymyib4ej1u2ut7hbkk7xqmakxmb20071129NM0000000000000000000005' , create_date= '2014-01-28 10:55:05' , seq= 4813 , type= 'com.runwaysdk.system.metadata.MdView' , site_master= 'www.runwaysdk.com' , last_updated_by= '0000000000000000000000000000001000000000000000000000000000000003' , last_update_date= '2014-01-28 10:55:05' , key_name= 'com.runwaysdk.system.scheduler.JobHistoryView'  WHERE id='7e515ymyib4ej1u2ut7hbkk7xqmakxmb20071129NM0000000000000000000005';
