INSERT INTO metadata_display_label ( default_locale, oid, site_master, key_name) VALUES ('Job history view', '1s2rs2hnvmemvjhk7z8r41svmp2epmnu0287', 'www.runwaysdk.com', '1s2rs2hnvmemvjhk7z8r41svmp2epmnu0287');
INSERT INTO metadata_display_label ( default_locale, oid, site_master, key_name) VALUES (NULL, '2bu7jnnt7i5h4mvpnux2wmw3daue2n1b0287', 'www.runwaysdk.com', '2bu7jnnt7i5h4mvpnux2wmw3daue2n1b0287');
INSERT INTO md_view ( super_md_view, query_dto_source, query_base_source, query_stub_source, oid) VALUES (NULL, NULL, NULL, NULL, '21a526e8-2c0d-38bb-b9d1-a1b432290116');
INSERT INTO md_session ( oid) VALUES ('21a526e8-2c0d-38bb-b9d1-a1b432290116');
INSERT INTO md_transient ( extendable, is_abstract, oid) VALUES (1, 0, '21a526e8-2c0d-38bb-b9d1-a1b432290116');
INSERT INTO md_class ( publish, stub_dto_source, stub_source, oid) VALUES (1, NULL, NULL, '21a526e8-2c0d-38bb-b9d1-a1b432290116');
INSERT INTO md_type ( display_label, root_id, package_name, type_name, base_source, js_base, js_stub, exported, dto_source, oid) VALUES ('1s2rs2hnvmemvjhk7z8r41svmp2epmnu0287', '0myp064p1wj846sqldssh6511t6pniro', 'com.runwaysdk.system.scheduler', 'JobHistoryView', NULL, NULL, NULL, 1, NULL, '21a526e8-2c0d-38bb-b9d1-a1b432290116');
INSERT INTO metadata ( description, created_by, owner, oid, create_date, seq, type, remove, site_master, locked_by, entity_domain, last_updated_by, last_update_date, key_name) VALUES ('2bu7jnnt7i5h4mvpnux2wmw3daue2n1b0287', '000000000000000000000000000000100060', '000000000000000000000000000000100060', '21a526e8-2c0d-38bb-b9d1-a1b432290116', '2014-02-10 12:21:40', 4749, 'com.runwaysdk.system.metadata.MdView', 1, 'www.runwaysdk.com', NULL, NULL, '000000000000000000000000000000100060', '2014-02-10 12:21:40', 'com.runwaysdk.system.scheduler.JobHistoryView');
 INSERT INTO visibilitymodifier (set_id, item_id)  VALUES  ('xqsijyaadfbbtv9iluidaz5hiausaxtd', '20071109NM00000000000000000000050113');
INSERT INTO metadata_display_label ( default_locale, oid, site_master, key_name) VALUES ('ID', 'sm48hnmq78qxw7wny9lucn9cviodup610287', 'www.runwaysdk.com', 'sm48hnmq78qxw7wny9lucn9cviodup610287');
 INSERT INTO visibilitymodifier (set_id, item_id)  VALUES  ('r9cz98mt6exy2sjn8km40yqmigw7l74u', '20071109NM00000000000000000000050113');
 INSERT INTO md_attribute_indicies (set_id, item_id)  VALUES  ('8e4fugnvnex1wvn8zuft4ysknxlgcp0v', '000000000000000000000000000004090085');
INSERT INTO metadata_display_label ( default_locale, oid, site_master, key_name) VALUES ('ID of this object', '6qp03xge5yuz514r3ui9mmpx7f4ero2n0287', 'www.runwaysdk.com', '6qp03xge5yuz514r3ui9mmpx7f4ero2n0287');
INSERT INTO md_attribute_character ( default_value, database_size, oid) VALUES (NULL, 64, 'zoasw1eofdepioet5axepotlpx1us7ap0067');
INSERT INTO md_attribute_char ( oid) VALUES ('zoasw1eofdepioet5axepotlpx1us7ap0067');
INSERT INTO md_attribute_primitive ( oid) VALUES ('zoasw1eofdepioet5axepotlpx1us7ap0067');
INSERT INTO md_attribute_concrete ( column_name, defining_md_class, setter_visibility, setter_visibility_c, immutable, index_name, generate_accessor, system, required, display_label, getter_visibility, getter_visibility_c, index_type, index_type_c, attribute_name, oid) VALUES ('n_a', '21a526e8-2c0d-38bb-b9d1-a1b432290116', 'xqsijyaadfbbtv9iluidaz5hiausaxtd', '20071109NM00000000000000000000050113', 0, NULL, 1, 1, 1, 'sm48hnmq78qxw7wny9lucn9cviodup610287', 'r9cz98mt6exy2sjn8km40yqmigw7l74u', '20071109NM00000000000000000000050113', '8e4fugnvnex1wvn8zuft4ysknxlgcp0v', '000000000000000000000000000004090085', 'oid', 'zoasw1eofdepioet5axepotlpx1us7ap0067');
INSERT INTO md_attribute ( oid) VALUES ('zoasw1eofdepioet5axepotlpx1us7ap0067');
INSERT INTO metadata ( description, created_by, owner, oid, create_date, seq, type, remove, site_master, locked_by, entity_domain, last_updated_by, last_update_date, key_name) VALUES ('6qp03xge5yuz514r3ui9mmpx7f4ero2n0287', '000000000000000000000000000000100060', '000000000000000000000000000000100060', 'zoasw1eofdepioet5axepotlpx1us7ap0067', '2014-02-10 12:21:40', 4750, 'com.runwaysdk.system.metadata.MdAttributeCharacter', 0, 'www.runwaysdk.com', NULL, NULL, '000000000000000000000000000000100060', '2014-02-10 12:21:40', 'com.runwaysdk.system.scheduler.JobHistoryView.oid');
INSERT INTO class_attribute_concrete ( oid, parent_oid, child_oid) VALUES ('zgrt908iitfoxsh2te82acx6frpk6k650245', '21a526e8-2c0d-38bb-b9d1-a1b432290116', 'zoasw1eofdepioet5axepotlpx1us7ap0067');
INSERT INTO class_attribute ( oid, parent_oid, child_oid) VALUES ('zgrt908iitfoxsh2te82acx6frpk6k650245', '21a526e8-2c0d-38bb-b9d1-a1b432290116', 'zoasw1eofdepioet5axepotlpx1us7ap0067');
INSERT INTO metadata_relationship ( entity_domain, site_master, last_updated_by, oid, owner, locked_by, create_date, type, created_by, seq, key_name, last_update_date, parent_oid, child_oid) VALUES (NULL, 'www.runwaysdk.com', '000000000000000000000000000000100060', 'zgrt908iitfoxsh2te82acx6frpk6k650245', '000000000000000000000000000000100060', NULL, '2014-02-10 12:21:40', 'com.runwaysdk.system.metadata.ClassAttributeConcrete', '000000000000000000000000000000100060', 4751, 'com.runwaysdk.system.scheduler.JobHistoryView.oid', '2014-02-10 12:21:40', '21a526e8-2c0d-38bb-b9d1-a1b432290116', 'zoasw1eofdepioet5axepotlpx1us7ap0067');
INSERT INTO metadata_display_label ( default_locale, oid, site_master, key_name) VALUES (NULL, 'z48aj4ubu0vdqt9il7z71e0gfzq87rlu0287', 'www.runwaysdk.com', 'z48aj4ubu0vdqt9il7z71e0gfzq87rlu0287');
INSERT INTO metadata_display_label ( default_locale, oid, site_master, key_name) VALUES (NULL, 'yxevap4q2gcugtgd6zjotz76zgidkwtu0287', 'www.runwaysdk.com', 'yxevap4q2gcugtgd6zjotz76zgidkwtu0287');
INSERT INTO md_attribute_virtual ( defining_md_view, required, md_attribute_concrete, attribute_name, display_label, oid) VALUES ('21a526e8-2c0d-38bb-b9d1-a1b432290116', NULL, 'xwh81hemts3cxodgwsla6b0bx63zuvfe0082', 'createDate', 'z48aj4ubu0vdqt9il7z71e0gfzq87rlu0287', '2819708e-0d2b-39fa-b1af-3461b96c0132');
INSERT INTO md_attribute ( oid) VALUES ('2819708e-0d2b-39fa-b1af-3461b96c0132');
INSERT INTO metadata ( description, created_by, owner, oid, create_date, seq, type, remove, site_master, locked_by, entity_domain, last_updated_by, last_update_date, key_name) VALUES ('yxevap4q2gcugtgd6zjotz76zgidkwtu0287', '000000000000000000000000000000100060', '000000000000000000000000000000100060', '2819708e-0d2b-39fa-b1af-3461b96c0132', '2014-02-10 12:21:40', 4752, 'com.runwaysdk.system.metadata.MdAttributeVirtual', 1, 'www.runwaysdk.com', NULL, NULL, '000000000000000000000000000000100060', '2014-02-10 12:21:40', 'com.runwaysdk.system.scheduler.JobHistoryView.createDate');
INSERT INTO class_attribute_virtual ( oid, parent_oid, child_oid) VALUES ('a68dea66-990e-3f5e-8107-02398f380242', '21a526e8-2c0d-38bb-b9d1-a1b432290116', '2819708e-0d2b-39fa-b1af-3461b96c0132');
INSERT INTO class_attribute ( oid, parent_oid, child_oid) VALUES ('a68dea66-990e-3f5e-8107-02398f380242', '21a526e8-2c0d-38bb-b9d1-a1b432290116', '2819708e-0d2b-39fa-b1af-3461b96c0132');
INSERT INTO metadata_relationship ( entity_domain, site_master, last_updated_by, oid, owner, locked_by, create_date, type, created_by, seq, key_name, last_update_date, parent_oid, child_oid) VALUES (NULL, 'www.runwaysdk.com', '000000000000000000000000000000100060', 'a68dea66-990e-3f5e-8107-02398f380242', '000000000000000000000000000000100060', NULL, '2014-02-10 12:21:40', 'com.runwaysdk.system.metadata.ClassAttributeVirtual', '000000000000000000000000000000100060', 4753, 'com.runwaysdk.system.scheduler.JobHistoryView.createDate', '2014-02-10 12:21:40', '21a526e8-2c0d-38bb-b9d1-a1b432290116', '2819708e-0d2b-39fa-b1af-3461b96c0132');
INSERT INTO virtualize_attribute ( oid, parent_oid, child_oid) VALUES ('ee9fd117-18cb-31a9-9ee1-82ad39d30269', 'xwh81hemts3cxodgwsla6b0bx63zuvfe0082', '2819708e-0d2b-39fa-b1af-3461b96c0132');
INSERT INTO metadata_relationship ( entity_domain, site_master, last_updated_by, oid, owner, locked_by, create_date, type, created_by, seq, key_name, last_update_date, parent_oid, child_oid) VALUES (NULL, 'www.runwaysdk.com', '000000000000000000000000000000100060', 'ee9fd117-18cb-31a9-9ee1-82ad39d30269', '000000000000000000000000000000100060', NULL, '2014-02-10 12:21:40', 'com.runwaysdk.system.metadata.VirtualizeAttribute', '000000000000000000000000000000100060', 4754, 'ee9fd117-18cb-31a9-9ee1-82ad39d30269', '2014-02-10 12:21:40', 'xwh81hemts3cxodgwsla6b0bx63zuvfe0082', '2819708e-0d2b-39fa-b1af-3461b96c0132');
INSERT INTO metadata_display_label ( default_locale, oid, site_master, key_name) VALUES (NULL, '8e1885bhbfslxsabu3oy5zikom3gi57c0287', 'www.runwaysdk.com', '8e1885bhbfslxsabu3oy5zikom3gi57c0287');
INSERT INTO metadata_display_label ( default_locale, oid, site_master, key_name) VALUES (NULL, 'zd5ugqh29lkw9wz1ocgkxgd9zzwakerf0287', 'www.runwaysdk.com', 'zd5ugqh29lkw9wz1ocgkxgd9zzwakerf0287');
INSERT INTO md_attribute_virtual ( defining_md_view, required, md_attribute_concrete, attribute_name, display_label, oid) VALUES ('21a526e8-2c0d-38bb-b9d1-a1b432290116', NULL, '7beeddf3-e791-31e4-9038-bef36d840136', 'historyComment', '8e1885bhbfslxsabu3oy5zikom3gi57c0287', '2dcf23c3-5d9b-344e-a11e-4dfe94640132');
INSERT INTO md_attribute ( oid) VALUES ('2dcf23c3-5d9b-344e-a11e-4dfe94640132');
INSERT INTO metadata ( description, created_by, owner, oid, create_date, seq, type, remove, site_master, locked_by, entity_domain, last_updated_by, last_update_date, key_name) VALUES ('zd5ugqh29lkw9wz1ocgkxgd9zzwakerf0287', '000000000000000000000000000000100060', '000000000000000000000000000000100060', '2dcf23c3-5d9b-344e-a11e-4dfe94640132', '2014-02-10 12:21:40', 4755, 'com.runwaysdk.system.metadata.MdAttributeVirtual', 1, 'www.runwaysdk.com', NULL, NULL, '000000000000000000000000000000100060', '2014-02-10 12:21:40', 'com.runwaysdk.system.scheduler.JobHistoryView.historyComment');
INSERT INTO class_attribute_virtual ( oid, parent_oid, child_oid) VALUES ('e6ca331f-6526-39f3-b7bf-6266eb620242', '21a526e8-2c0d-38bb-b9d1-a1b432290116', '2dcf23c3-5d9b-344e-a11e-4dfe94640132');
INSERT INTO class_attribute ( oid, parent_oid, child_oid) VALUES ('e6ca331f-6526-39f3-b7bf-6266eb620242', '21a526e8-2c0d-38bb-b9d1-a1b432290116', '2dcf23c3-5d9b-344e-a11e-4dfe94640132');
INSERT INTO metadata_relationship ( entity_domain, site_master, last_updated_by, oid, owner, locked_by, create_date, type, created_by, seq, key_name, last_update_date, parent_oid, child_oid) VALUES (NULL, 'www.runwaysdk.com', '000000000000000000000000000000100060', 'e6ca331f-6526-39f3-b7bf-6266eb620242', '000000000000000000000000000000100060', NULL, '2014-02-10 12:21:40', 'com.runwaysdk.system.metadata.ClassAttributeVirtual', '000000000000000000000000000000100060', 4756, 'com.runwaysdk.system.scheduler.JobHistoryView.historyComment', '2014-02-10 12:21:40', '21a526e8-2c0d-38bb-b9d1-a1b432290116', '2dcf23c3-5d9b-344e-a11e-4dfe94640132');
INSERT INTO virtualize_attribute ( oid, parent_oid, child_oid) VALUES ('5042cb6a-c598-3e0c-acb8-a4600d480269', '7beeddf3-e791-31e4-9038-bef36d840136', '2dcf23c3-5d9b-344e-a11e-4dfe94640132');
INSERT INTO metadata_relationship ( entity_domain, site_master, last_updated_by, oid, owner, locked_by, create_date, type, created_by, seq, key_name, last_update_date, parent_oid, child_oid) VALUES (NULL, 'www.runwaysdk.com', '000000000000000000000000000000100060', '5042cb6a-c598-3e0c-acb8-a4600d480269', '000000000000000000000000000000100060', NULL, '2014-02-10 12:21:40', 'com.runwaysdk.system.metadata.VirtualizeAttribute', '000000000000000000000000000000100060', 4757, '5042cb6a-c598-3e0c-acb8-a4600d480269', '2014-02-10 12:21:40', '7beeddf3-e791-31e4-9038-bef36d840136', '2dcf23c3-5d9b-344e-a11e-4dfe94640132');
INSERT INTO metadata_display_label ( default_locale, oid, site_master, key_name) VALUES (NULL, 'yyukizxk09m8yyiekea5bdyutd38q92q0287', 'www.runwaysdk.com', 'yyukizxk09m8yyiekea5bdyutd38q92q0287');
INSERT INTO metadata_display_label ( default_locale, oid, site_master, key_name) VALUES (NULL, 'zn4h52mqyc4crgotsc5nfxo3tzowe0f10287', 'www.runwaysdk.com', 'zn4h52mqyc4crgotsc5nfxo3tzowe0f10287');
INSERT INTO md_attribute_virtual ( defining_md_view, required, md_attribute_concrete, attribute_name, display_label, oid) VALUES ('21a526e8-2c0d-38bb-b9d1-a1b432290116', NULL, '3609e1d6-d7bd-3b28-846e-fa35062e0136', 'historyInformation', 'yyukizxk09m8yyiekea5bdyutd38q92q0287', 'b7c48870-161c-3201-bcdd-008659c30132');
INSERT INTO md_attribute ( oid) VALUES ('b7c48870-161c-3201-bcdd-008659c30132');
INSERT INTO metadata ( description, created_by, owner, oid, create_date, seq, type, remove, site_master, locked_by, entity_domain, last_updated_by, last_update_date, key_name) VALUES ('zn4h52mqyc4crgotsc5nfxo3tzowe0f10287', '000000000000000000000000000000100060', '000000000000000000000000000000100060', 'b7c48870-161c-3201-bcdd-008659c30132', '2014-02-10 12:21:40', 4758, 'com.runwaysdk.system.metadata.MdAttributeVirtual', 1, 'www.runwaysdk.com', NULL, NULL, '000000000000000000000000000000100060', '2014-02-10 12:21:40', 'com.runwaysdk.system.scheduler.JobHistoryView.historyInformation');
INSERT INTO class_attribute_virtual ( oid, parent_oid, child_oid) VALUES ('e5990acf-8c0c-36b2-b6c7-a3b40bd30242', '21a526e8-2c0d-38bb-b9d1-a1b432290116', 'b7c48870-161c-3201-bcdd-008659c30132');
INSERT INTO class_attribute ( oid, parent_oid, child_oid) VALUES ('e5990acf-8c0c-36b2-b6c7-a3b40bd30242', '21a526e8-2c0d-38bb-b9d1-a1b432290116', 'b7c48870-161c-3201-bcdd-008659c30132');
INSERT INTO metadata_relationship ( entity_domain, site_master, last_updated_by, oid, owner, locked_by, create_date, type, created_by, seq, key_name, last_update_date, parent_oid, child_oid) VALUES (NULL, 'www.runwaysdk.com', '000000000000000000000000000000100060', 'e5990acf-8c0c-36b2-b6c7-a3b40bd30242', '000000000000000000000000000000100060', NULL, '2014-02-10 12:21:40', 'com.runwaysdk.system.metadata.ClassAttributeVirtual', '000000000000000000000000000000100060', 4759, 'com.runwaysdk.system.scheduler.JobHistoryView.historyInformation', '2014-02-10 12:21:40', '21a526e8-2c0d-38bb-b9d1-a1b432290116', 'b7c48870-161c-3201-bcdd-008659c30132');
INSERT INTO virtualize_attribute ( oid, parent_oid, child_oid) VALUES ('bc96a230-d4ba-3bf4-9643-d14f29480269', '3609e1d6-d7bd-3b28-846e-fa35062e0136', 'b7c48870-161c-3201-bcdd-008659c30132');
INSERT INTO metadata_relationship ( entity_domain, site_master, last_updated_by, oid, owner, locked_by, create_date, type, created_by, seq, key_name, last_update_date, parent_oid, child_oid) VALUES (NULL, 'www.runwaysdk.com', '000000000000000000000000000000100060', 'bc96a230-d4ba-3bf4-9643-d14f29480269', '000000000000000000000000000000100060', NULL, '2014-02-10 12:21:40', 'com.runwaysdk.system.metadata.VirtualizeAttribute', '000000000000000000000000000000100060', 4760, 'bc96a230-d4ba-3bf4-9643-d14f29480269', '2014-02-10 12:21:40', '3609e1d6-d7bd-3b28-846e-fa35062e0136', 'b7c48870-161c-3201-bcdd-008659c30132');
INSERT INTO metadata_display_label ( default_locale, oid, site_master, key_name) VALUES (NULL, '8kxnqokh0rqnwrx9ujqwmk6suyqunsja0287', 'www.runwaysdk.com', '8kxnqokh0rqnwrx9ujqwmk6suyqunsja0287');
INSERT INTO metadata_display_label ( default_locale, oid, site_master, key_name) VALUES (NULL, '6zl63npepoyqdtpvr8vzlnola7nszew10287', 'www.runwaysdk.com', '6zl63npepoyqdtpvr8vzlnola7nszew10287');
INSERT INTO md_attribute_virtual ( defining_md_view, required, md_attribute_concrete, attribute_name, display_label, oid) VALUES ('21a526e8-2c0d-38bb-b9d1-a1b432290116', NULL, 'qp4ia9xc9kba5b1w9i6rgvzykr7hz9j80133', 'description', '8kxnqokh0rqnwrx9ujqwmk6suyqunsja0287', 'c84b15be-966c-3bc3-862e-eec42cda0132');
INSERT INTO md_attribute ( oid) VALUES ('c84b15be-966c-3bc3-862e-eec42cda0132');
INSERT INTO metadata ( description, created_by, owner, oid, create_date, seq, type, remove, site_master, locked_by, entity_domain, last_updated_by, last_update_date, key_name) VALUES ('6zl63npepoyqdtpvr8vzlnola7nszew10287', '000000000000000000000000000000100060', '000000000000000000000000000000100060', 'c84b15be-966c-3bc3-862e-eec42cda0132', '2014-02-10 12:21:40', 4761, 'com.runwaysdk.system.metadata.MdAttributeVirtual', 1, 'www.runwaysdk.com', NULL, NULL, '000000000000000000000000000000100060', '2014-02-10 12:21:40', 'com.runwaysdk.system.scheduler.JobHistoryView.description');
INSERT INTO class_attribute_virtual ( oid, parent_oid, child_oid) VALUES ('69e248a4-3e9e-39b1-b4bd-c12b91000242', '21a526e8-2c0d-38bb-b9d1-a1b432290116', 'c84b15be-966c-3bc3-862e-eec42cda0132');
INSERT INTO class_attribute ( oid, parent_oid, child_oid) VALUES ('69e248a4-3e9e-39b1-b4bd-c12b91000242', '21a526e8-2c0d-38bb-b9d1-a1b432290116', 'c84b15be-966c-3bc3-862e-eec42cda0132');
INSERT INTO metadata_relationship ( entity_domain, site_master, last_updated_by, oid, owner, locked_by, create_date, type, created_by, seq, key_name, last_update_date, parent_oid, child_oid) VALUES (NULL, 'www.runwaysdk.com', '000000000000000000000000000000100060', '69e248a4-3e9e-39b1-b4bd-c12b91000242', '000000000000000000000000000000100060', NULL, '2014-02-10 12:21:40', 'com.runwaysdk.system.metadata.ClassAttributeVirtual', '000000000000000000000000000000100060', 4762, 'com.runwaysdk.system.scheduler.JobHistoryView.description', '2014-02-10 12:21:40', '21a526e8-2c0d-38bb-b9d1-a1b432290116', 'c84b15be-966c-3bc3-862e-eec42cda0132');
INSERT INTO virtualize_attribute ( oid, parent_oid, child_oid) VALUES ('bc46ade5-b77f-34dd-a16e-d0af5eed0269', 'qp4ia9xc9kba5b1w9i6rgvzykr7hz9j80133', 'c84b15be-966c-3bc3-862e-eec42cda0132');
INSERT INTO metadata_relationship ( entity_domain, site_master, last_updated_by, oid, owner, locked_by, create_date, type, created_by, seq, key_name, last_update_date, parent_oid, child_oid) VALUES (NULL, 'www.runwaysdk.com', '000000000000000000000000000000100060', 'bc46ade5-b77f-34dd-a16e-d0af5eed0269', '000000000000000000000000000000100060', NULL, '2014-02-10 12:21:40', 'com.runwaysdk.system.metadata.VirtualizeAttribute', '000000000000000000000000000000100060', 4763, 'bc46ade5-b77f-34dd-a16e-d0af5eed0269', '2014-02-10 12:21:40', 'qp4ia9xc9kba5b1w9i6rgvzykr7hz9j80133', 'c84b15be-966c-3bc3-862e-eec42cda0132');
INSERT INTO metadata_display_label ( default_locale, oid, site_master, key_name) VALUES (NULL, '2es6wk3941ir8srx625hszcwxkom2znm0287', 'www.runwaysdk.com', '2es6wk3941ir8srx625hszcwxkom2znm0287');
INSERT INTO metadata_display_label ( default_locale, oid, site_master, key_name) VALUES (NULL, 'ql4xe9itdqe6v63lkiumoc6segoant7l0287', 'www.runwaysdk.com', 'ql4xe9itdqe6v63lkiumoc6segoant7l0287');
INSERT INTO md_attribute_virtual ( defining_md_view, required, md_attribute_concrete, attribute_name, display_label, oid) VALUES ('21a526e8-2c0d-38bb-b9d1-a1b432290116', NULL, 'qx1xxd1bzpaucwiqwdgncx85ml5qk0li0067', 'jobId', '2es6wk3941ir8srx625hszcwxkom2znm0287', 'c0e68adb-d32c-3f74-a216-2623da4b0132');
INSERT INTO md_attribute ( oid) VALUES ('c0e68adb-d32c-3f74-a216-2623da4b0132');
INSERT INTO metadata ( description, created_by, owner, oid, create_date, seq, type, remove, site_master, locked_by, entity_domain, last_updated_by, last_update_date, key_name) VALUES ('ql4xe9itdqe6v63lkiumoc6segoant7l0287', '000000000000000000000000000000100060', '000000000000000000000000000000100060', 'c0e68adb-d32c-3f74-a216-2623da4b0132', '2014-02-10 12:21:40', 4764, 'com.runwaysdk.system.metadata.MdAttributeVirtual', 1, 'www.runwaysdk.com', NULL, NULL, '000000000000000000000000000000100060', '2014-02-10 12:21:40', 'com.runwaysdk.system.scheduler.JobHistoryView.jobId');
INSERT INTO class_attribute_virtual ( oid, parent_oid, child_oid) VALUES ('392d2019-797f-3d6b-bb1f-0e4dac640242', '21a526e8-2c0d-38bb-b9d1-a1b432290116', 'c0e68adb-d32c-3f74-a216-2623da4b0132');
INSERT INTO class_attribute ( oid, parent_oid, child_oid) VALUES ('392d2019-797f-3d6b-bb1f-0e4dac640242', '21a526e8-2c0d-38bb-b9d1-a1b432290116', 'c0e68adb-d32c-3f74-a216-2623da4b0132');
INSERT INTO metadata_relationship ( entity_domain, site_master, last_updated_by, oid, owner, locked_by, create_date, type, created_by, seq, key_name, last_update_date, parent_oid, child_oid) VALUES (NULL, 'www.runwaysdk.com', '000000000000000000000000000000100060', '392d2019-797f-3d6b-bb1f-0e4dac640242', '000000000000000000000000000000100060', NULL, '2014-02-10 12:21:40', 'com.runwaysdk.system.metadata.ClassAttributeVirtual', '000000000000000000000000000000100060', 4765, 'com.runwaysdk.system.scheduler.JobHistoryView.jobId', '2014-02-10 12:21:40', '21a526e8-2c0d-38bb-b9d1-a1b432290116', 'c0e68adb-d32c-3f74-a216-2623da4b0132');
INSERT INTO virtualize_attribute ( oid, parent_oid, child_oid) VALUES ('0287a7c9-3a53-3d6b-9901-00f01cfc0269', 'qx1xxd1bzpaucwiqwdgncx85ml5qk0li0067', 'c0e68adb-d32c-3f74-a216-2623da4b0132');
INSERT INTO metadata_relationship ( entity_domain, site_master, last_updated_by, oid, owner, locked_by, create_date, type, created_by, seq, key_name, last_update_date, parent_oid, child_oid) VALUES (NULL, 'www.runwaysdk.com', '000000000000000000000000000000100060', '0287a7c9-3a53-3d6b-9901-00f01cfc0269', '000000000000000000000000000000100060', NULL, '2014-02-10 12:21:40', 'com.runwaysdk.system.metadata.VirtualizeAttribute', '000000000000000000000000000000100060', 4766, '0287a7c9-3a53-3d6b-9901-00f01cfc0269', '2014-02-10 12:21:40', 'qx1xxd1bzpaucwiqwdgncx85ml5qk0li0067', 'c0e68adb-d32c-3f74-a216-2623da4b0132');
INSERT INTO metadata_display_label ( default_locale, oid, site_master, key_name) VALUES (NULL, 's9s0r4odc2hcjk4wpzwquyyh7ddkcp8g0287', 'www.runwaysdk.com', 's9s0r4odc2hcjk4wpzwquyyh7ddkcp8g0287');
INSERT INTO metadata_display_label ( default_locale, oid, site_master, key_name) VALUES (NULL, 'xgwudacm871g7a6n8l9ek5kg67l8irvv0287', 'www.runwaysdk.com', 'xgwudacm871g7a6n8l9ek5kg67l8irvv0287');
INSERT INTO md_attribute_virtual ( defining_md_view, required, md_attribute_concrete, attribute_name, display_label, oid) VALUES ('21a526e8-2c0d-38bb-b9d1-a1b432290116', NULL, 'stulihh05jwj7e2lu1y6nv8nyfvimo150074', 'cancelable', 's9s0r4odc2hcjk4wpzwquyyh7ddkcp8g0287', '5321edbe-5684-3260-bb33-f5ca40530132');
INSERT INTO md_attribute ( oid) VALUES ('5321edbe-5684-3260-bb33-f5ca40530132');
INSERT INTO metadata ( description, created_by, owner, oid, create_date, seq, type, remove, site_master, locked_by, entity_domain, last_updated_by, last_update_date, key_name) VALUES ('xgwudacm871g7a6n8l9ek5kg67l8irvv0287', '000000000000000000000000000000100060', '000000000000000000000000000000100060', '5321edbe-5684-3260-bb33-f5ca40530132', '2014-02-10 12:21:40', 4767, 'com.runwaysdk.system.metadata.MdAttributeVirtual', 1, 'www.runwaysdk.com', NULL, NULL, '000000000000000000000000000000100060', '2014-02-10 12:21:40', 'com.runwaysdk.system.scheduler.JobHistoryView.cancelable');
INSERT INTO class_attribute_virtual ( oid, parent_oid, child_oid) VALUES ('85669110-c809-3599-8a62-ddf846da0242', '21a526e8-2c0d-38bb-b9d1-a1b432290116', '5321edbe-5684-3260-bb33-f5ca40530132');
INSERT INTO class_attribute ( oid, parent_oid, child_oid) VALUES ('85669110-c809-3599-8a62-ddf846da0242', '21a526e8-2c0d-38bb-b9d1-a1b432290116', '5321edbe-5684-3260-bb33-f5ca40530132');
INSERT INTO metadata_relationship ( entity_domain, site_master, last_updated_by, oid, owner, locked_by, create_date, type, created_by, seq, key_name, last_update_date, parent_oid, child_oid) VALUES (NULL, 'www.runwaysdk.com', '000000000000000000000000000000100060', '85669110-c809-3599-8a62-ddf846da0242', '000000000000000000000000000000100060', NULL, '2014-02-10 12:21:40', 'com.runwaysdk.system.metadata.ClassAttributeVirtual', '000000000000000000000000000000100060', 4768, 'com.runwaysdk.system.scheduler.JobHistoryView.cancelable', '2014-02-10 12:21:40', '21a526e8-2c0d-38bb-b9d1-a1b432290116', '5321edbe-5684-3260-bb33-f5ca40530132');
INSERT INTO virtualize_attribute ( oid, parent_oid, child_oid) VALUES ('fc9e9d2f-b6d2-3337-998a-196e7ad10269', 'stulihh05jwj7e2lu1y6nv8nyfvimo150074', '5321edbe-5684-3260-bb33-f5ca40530132');
INSERT INTO metadata_relationship ( entity_domain, site_master, last_updated_by, oid, owner, locked_by, create_date, type, created_by, seq, key_name, last_update_date, parent_oid, child_oid) VALUES (NULL, 'www.runwaysdk.com', '000000000000000000000000000000100060', 'fc9e9d2f-b6d2-3337-998a-196e7ad10269', '000000000000000000000000000000100060', NULL, '2014-02-10 12:21:40', 'com.runwaysdk.system.metadata.VirtualizeAttribute', '000000000000000000000000000000100060', 4769, 'fc9e9d2f-b6d2-3337-998a-196e7ad10269', '2014-02-10 12:21:40', 'stulihh05jwj7e2lu1y6nv8nyfvimo150074', '5321edbe-5684-3260-bb33-f5ca40530132');
INSERT INTO metadata_display_label ( default_locale, oid, site_master, key_name) VALUES (NULL, 'sgjyacs8jps23a8disw43lzc26ef92qn0287', 'www.runwaysdk.com', 'sgjyacs8jps23a8disw43lzc26ef92qn0287');
INSERT INTO metadata_display_label ( default_locale, oid, site_master, key_name) VALUES (NULL, '0rk9vqdh40kp4pe0obbrt1cwtlxkf7sc0287', 'www.runwaysdk.com', '0rk9vqdh40kp4pe0obbrt1cwtlxkf7sc0287');
INSERT INTO md_attribute_virtual ( defining_md_view, required, md_attribute_concrete, attribute_name, display_label, oid) VALUES ('21a526e8-2c0d-38bb-b9d1-a1b432290116', NULL, '25q4ui5xj819gauulaqompxmrhw2kabb0074', 'canceled', 'sgjyacs8jps23a8disw43lzc26ef92qn0287', 'bc6af65d-3dbe-3c19-abe1-3fb75b8e0132');
INSERT INTO md_attribute ( oid) VALUES ('bc6af65d-3dbe-3c19-abe1-3fb75b8e0132');
INSERT INTO metadata ( description, created_by, owner, oid, create_date, seq, type, remove, site_master, locked_by, entity_domain, last_updated_by, last_update_date, key_name) VALUES ('0rk9vqdh40kp4pe0obbrt1cwtlxkf7sc0287', '000000000000000000000000000000100060', '000000000000000000000000000000100060', 'bc6af65d-3dbe-3c19-abe1-3fb75b8e0132', '2014-02-10 12:21:40', 4770, 'com.runwaysdk.system.metadata.MdAttributeVirtual', 1, 'www.runwaysdk.com', NULL, NULL, '000000000000000000000000000000100060', '2014-02-10 12:21:40', 'com.runwaysdk.system.scheduler.JobHistoryView.canceled');
INSERT INTO class_attribute_virtual ( oid, parent_oid, child_oid) VALUES ('4b728ecf-c6d4-3465-ac83-0b40cb290242', '21a526e8-2c0d-38bb-b9d1-a1b432290116', 'bc6af65d-3dbe-3c19-abe1-3fb75b8e0132');
INSERT INTO class_attribute ( oid, parent_oid, child_oid) VALUES ('4b728ecf-c6d4-3465-ac83-0b40cb290242', '21a526e8-2c0d-38bb-b9d1-a1b432290116', 'bc6af65d-3dbe-3c19-abe1-3fb75b8e0132');
INSERT INTO metadata_relationship ( entity_domain, site_master, last_updated_by, oid, owner, locked_by, create_date, type, created_by, seq, key_name, last_update_date, parent_oid, child_oid) VALUES (NULL, 'www.runwaysdk.com', '000000000000000000000000000000100060', '4b728ecf-c6d4-3465-ac83-0b40cb290242', '000000000000000000000000000000100060', NULL, '2014-02-10 12:21:40', 'com.runwaysdk.system.metadata.ClassAttributeVirtual', '000000000000000000000000000000100060', 4771, 'com.runwaysdk.system.scheduler.JobHistoryView.canceled', '2014-02-10 12:21:40', '21a526e8-2c0d-38bb-b9d1-a1b432290116', 'bc6af65d-3dbe-3c19-abe1-3fb75b8e0132');
INSERT INTO virtualize_attribute ( oid, parent_oid, child_oid) VALUES ('bf3de777-72b8-30be-bcbc-8d87b2b50269', '25q4ui5xj819gauulaqompxmrhw2kabb0074', 'bc6af65d-3dbe-3c19-abe1-3fb75b8e0132');
INSERT INTO metadata_relationship ( entity_domain, site_master, last_updated_by, oid, owner, locked_by, create_date, type, created_by, seq, key_name, last_update_date, parent_oid, child_oid) VALUES (NULL, 'www.runwaysdk.com', '000000000000000000000000000000100060', 'bf3de777-72b8-30be-bcbc-8d87b2b50269', '000000000000000000000000000000100060', NULL, '2014-02-10 12:21:40', 'com.runwaysdk.system.metadata.VirtualizeAttribute', '000000000000000000000000000000100060', 4772, 'bf3de777-72b8-30be-bcbc-8d87b2b50269', '2014-02-10 12:21:40', '25q4ui5xj819gauulaqompxmrhw2kabb0074', 'bc6af65d-3dbe-3c19-abe1-3fb75b8e0132');
INSERT INTO metadata_display_label ( default_locale, oid, site_master, key_name) VALUES (NULL, '0llyonvz51i8ipbq2r2ncpa1l8k0iz5r0287', 'www.runwaysdk.com', '0llyonvz51i8ipbq2r2ncpa1l8k0iz5r0287');
INSERT INTO metadata_display_label ( default_locale, oid, site_master, key_name) VALUES (NULL, 'sy7n733j13krl3z875u7ubydpjtkg57b0287', 'www.runwaysdk.com', 'sy7n733j13krl3z875u7ubydpjtkg57b0287');
INSERT INTO md_attribute_virtual ( defining_md_view, required, md_attribute_concrete, attribute_name, display_label, oid) VALUES ('21a526e8-2c0d-38bb-b9d1-a1b432290116', NULL, 's9bsvcfqldftnahxte06o55wv0o8q19a0074', 'completed', '0llyonvz51i8ipbq2r2ncpa1l8k0iz5r0287', 'c002a0a2-792a-34b0-a0cd-067354050132');
INSERT INTO md_attribute ( oid) VALUES ('c002a0a2-792a-34b0-a0cd-067354050132');
INSERT INTO metadata ( description, created_by, owner, oid, create_date, seq, type, remove, site_master, locked_by, entity_domain, last_updated_by, last_update_date, key_name) VALUES ('sy7n733j13krl3z875u7ubydpjtkg57b0287', '000000000000000000000000000000100060', '000000000000000000000000000000100060', 'c002a0a2-792a-34b0-a0cd-067354050132', '2014-02-10 12:21:40', 4773, 'com.runwaysdk.system.metadata.MdAttributeVirtual', 1, 'www.runwaysdk.com', NULL, NULL, '000000000000000000000000000000100060', '2014-02-10 12:21:40', 'com.runwaysdk.system.scheduler.JobHistoryView.completed');
INSERT INTO class_attribute_virtual ( oid, parent_oid, child_oid) VALUES ('18d9383f-c895-3f8c-b042-15a03ba50242', '21a526e8-2c0d-38bb-b9d1-a1b432290116', 'c002a0a2-792a-34b0-a0cd-067354050132');
INSERT INTO class_attribute ( oid, parent_oid, child_oid) VALUES ('18d9383f-c895-3f8c-b042-15a03ba50242', '21a526e8-2c0d-38bb-b9d1-a1b432290116', 'c002a0a2-792a-34b0-a0cd-067354050132');
INSERT INTO metadata_relationship ( entity_domain, site_master, last_updated_by, oid, owner, locked_by, create_date, type, created_by, seq, key_name, last_update_date, parent_oid, child_oid) VALUES (NULL, 'www.runwaysdk.com', '000000000000000000000000000000100060', '18d9383f-c895-3f8c-b042-15a03ba50242', '000000000000000000000000000000100060', NULL, '2014-02-10 12:21:40', 'com.runwaysdk.system.metadata.ClassAttributeVirtual', '000000000000000000000000000000100060', 4774, 'com.runwaysdk.system.scheduler.JobHistoryView.completed', '2014-02-10 12:21:40', '21a526e8-2c0d-38bb-b9d1-a1b432290116', 'c002a0a2-792a-34b0-a0cd-067354050132');
INSERT INTO virtualize_attribute ( oid, parent_oid, child_oid) VALUES ('1d63f3e1-c079-337a-91b8-412cc6110269', 's9bsvcfqldftnahxte06o55wv0o8q19a0074', 'c002a0a2-792a-34b0-a0cd-067354050132');
INSERT INTO metadata_relationship ( entity_domain, site_master, last_updated_by, oid, owner, locked_by, create_date, type, created_by, seq, key_name, last_update_date, parent_oid, child_oid) VALUES (NULL, 'www.runwaysdk.com', '000000000000000000000000000000100060', '1d63f3e1-c079-337a-91b8-412cc6110269', '000000000000000000000000000000100060', NULL, '2014-02-10 12:21:40', 'com.runwaysdk.system.metadata.VirtualizeAttribute', '000000000000000000000000000000100060', 4775, '1d63f3e1-c079-337a-91b8-412cc6110269', '2014-02-10 12:21:40', 's9bsvcfqldftnahxte06o55wv0o8q19a0074', 'c002a0a2-792a-34b0-a0cd-067354050132');
INSERT INTO metadata_display_label ( default_locale, oid, site_master, key_name) VALUES (NULL, 'zeowr74wke6vcum6yni5lvei6s2v86pj0287', 'www.runwaysdk.com', 'zeowr74wke6vcum6yni5lvei6s2v86pj0287');
INSERT INTO metadata_display_label ( default_locale, oid, site_master, key_name) VALUES (NULL, '6tqmep4l4b11mpwmaim8apotns9r0lbh0287', 'www.runwaysdk.com', '6tqmep4l4b11mpwmaim8apotns9r0lbh0287');
INSERT INTO md_attribute_virtual ( defining_md_view, required, md_attribute_concrete, attribute_name, display_label, oid) VALUES ('21a526e8-2c0d-38bb-b9d1-a1b432290116', NULL, '28pjirwu8nu9g2f5e2j7i0umnm5crnpd0067', 'cronExpression', 'zeowr74wke6vcum6yni5lvei6s2v86pj0287', '2ec92931-17ea-3e20-b95b-a6b1986b0132');
INSERT INTO md_attribute ( oid) VALUES ('2ec92931-17ea-3e20-b95b-a6b1986b0132');
INSERT INTO metadata ( description, created_by, owner, oid, create_date, seq, type, remove, site_master, locked_by, entity_domain, last_updated_by, last_update_date, key_name) VALUES ('6tqmep4l4b11mpwmaim8apotns9r0lbh0287', '000000000000000000000000000000100060', '000000000000000000000000000000100060', '2ec92931-17ea-3e20-b95b-a6b1986b0132', '2014-02-10 12:21:40', 4776, 'com.runwaysdk.system.metadata.MdAttributeVirtual', 1, 'www.runwaysdk.com', NULL, NULL, '000000000000000000000000000000100060', '2014-02-10 12:21:40', 'com.runwaysdk.system.scheduler.JobHistoryView.cronExpression');
INSERT INTO class_attribute_virtual ( oid, parent_oid, child_oid) VALUES ('5c6f6fed-e436-3db1-8cf6-8403a2000242', '21a526e8-2c0d-38bb-b9d1-a1b432290116', '2ec92931-17ea-3e20-b95b-a6b1986b0132');
INSERT INTO class_attribute ( oid, parent_oid, child_oid) VALUES ('5c6f6fed-e436-3db1-8cf6-8403a2000242', '21a526e8-2c0d-38bb-b9d1-a1b432290116', '2ec92931-17ea-3e20-b95b-a6b1986b0132');
INSERT INTO metadata_relationship ( entity_domain, site_master, last_updated_by, oid, owner, locked_by, create_date, type, created_by, seq, key_name, last_update_date, parent_oid, child_oid) VALUES (NULL, 'www.runwaysdk.com', '000000000000000000000000000000100060', '5c6f6fed-e436-3db1-8cf6-8403a2000242', '000000000000000000000000000000100060', NULL, '2014-02-10 12:21:40', 'com.runwaysdk.system.metadata.ClassAttributeVirtual', '000000000000000000000000000000100060', 4777, 'com.runwaysdk.system.scheduler.JobHistoryView.cronExpression', '2014-02-10 12:21:40', '21a526e8-2c0d-38bb-b9d1-a1b432290116', '2ec92931-17ea-3e20-b95b-a6b1986b0132');
INSERT INTO virtualize_attribute ( oid, parent_oid, child_oid) VALUES ('759627c7-b62e-3132-b301-ea7243410269', '28pjirwu8nu9g2f5e2j7i0umnm5crnpd0067', '2ec92931-17ea-3e20-b95b-a6b1986b0132');
INSERT INTO metadata_relationship ( entity_domain, site_master, last_updated_by, oid, owner, locked_by, create_date, type, created_by, seq, key_name, last_update_date, parent_oid, child_oid) VALUES (NULL, 'www.runwaysdk.com', '000000000000000000000000000000100060', '759627c7-b62e-3132-b301-ea7243410269', '000000000000000000000000000000100060', NULL, '2014-02-10 12:21:40', 'com.runwaysdk.system.metadata.VirtualizeAttribute', '000000000000000000000000000000100060', 4778, '759627c7-b62e-3132-b301-ea7243410269', '2014-02-10 12:21:40', '28pjirwu8nu9g2f5e2j7i0umnm5crnpd0067', '2ec92931-17ea-3e20-b95b-a6b1986b0132');
INSERT INTO metadata_display_label ( default_locale, oid, site_master, key_name) VALUES (NULL, 'z5usy6nhuksdngtcgf767f9w9adgggmm0287', 'www.runwaysdk.com', 'z5usy6nhuksdngtcgf767f9w9adgggmm0287');
INSERT INTO metadata_display_label ( default_locale, oid, site_master, key_name) VALUES (NULL, 'z6ikn7aftsw9yy94kwanup13vhrka6f70287', 'www.runwaysdk.com', 'z6ikn7aftsw9yy94kwanup13vhrka6f70287');
INSERT INTO md_attribute_virtual ( defining_md_view, required, md_attribute_concrete, attribute_name, display_label, oid) VALUES ('21a526e8-2c0d-38bb-b9d1-a1b432290116', NULL, '8u9ho3osfqp3f0yrzsrkui515z7ifln30082', 'startTime', 'z5usy6nhuksdngtcgf767f9w9adgggmm0287', '902af59a-7c9e-3b60-80ab-13df2d0a0132');
INSERT INTO md_attribute ( oid) VALUES ('902af59a-7c9e-3b60-80ab-13df2d0a0132');
INSERT INTO metadata ( description, created_by, owner, oid, create_date, seq, type, remove, site_master, locked_by, entity_domain, last_updated_by, last_update_date, key_name) VALUES ('z6ikn7aftsw9yy94kwanup13vhrka6f70287', '000000000000000000000000000000100060', '000000000000000000000000000000100060', '902af59a-7c9e-3b60-80ab-13df2d0a0132', '2014-02-10 12:21:40', 4779, 'com.runwaysdk.system.metadata.MdAttributeVirtual', 1, 'www.runwaysdk.com', NULL, NULL, '000000000000000000000000000000100060', '2014-02-10 12:21:40', 'com.runwaysdk.system.scheduler.JobHistoryView.startTime');
INSERT INTO class_attribute_virtual ( oid, parent_oid, child_oid) VALUES ('b38c3c69-0010-3bd8-a958-ce609fd30242', '21a526e8-2c0d-38bb-b9d1-a1b432290116', '902af59a-7c9e-3b60-80ab-13df2d0a0132');
INSERT INTO class_attribute ( oid, parent_oid, child_oid) VALUES ('b38c3c69-0010-3bd8-a958-ce609fd30242', '21a526e8-2c0d-38bb-b9d1-a1b432290116', '902af59a-7c9e-3b60-80ab-13df2d0a0132');
INSERT INTO metadata_relationship ( entity_domain, site_master, last_updated_by, oid, owner, locked_by, create_date, type, created_by, seq, key_name, last_update_date, parent_oid, child_oid) VALUES (NULL, 'www.runwaysdk.com', '000000000000000000000000000000100060', 'b38c3c69-0010-3bd8-a958-ce609fd30242', '000000000000000000000000000000100060', NULL, '2014-02-10 12:21:40', 'com.runwaysdk.system.metadata.ClassAttributeVirtual', '000000000000000000000000000000100060', 4780, 'com.runwaysdk.system.scheduler.JobHistoryView.startTime', '2014-02-10 12:21:40', '21a526e8-2c0d-38bb-b9d1-a1b432290116', '902af59a-7c9e-3b60-80ab-13df2d0a0132');
INSERT INTO virtualize_attribute ( oid, parent_oid, child_oid) VALUES ('9fd70800-e23d-38b0-941f-d2b34f860269', '8u9ho3osfqp3f0yrzsrkui515z7ifln30082', '902af59a-7c9e-3b60-80ab-13df2d0a0132');
INSERT INTO metadata_relationship ( entity_domain, site_master, last_updated_by, oid, owner, locked_by, create_date, type, created_by, seq, key_name, last_update_date, parent_oid, child_oid) VALUES (NULL, 'www.runwaysdk.com', '000000000000000000000000000000100060', '9fd70800-e23d-38b0-941f-d2b34f860269', '000000000000000000000000000000100060', NULL, '2014-02-10 12:21:40', 'com.runwaysdk.system.metadata.VirtualizeAttribute', '000000000000000000000000000000100060', 4781, '9fd70800-e23d-38b0-941f-d2b34f860269', '2014-02-10 12:21:40', '8u9ho3osfqp3f0yrzsrkui515z7ifln30082', '902af59a-7c9e-3b60-80ab-13df2d0a0132');
INSERT INTO metadata_display_label ( default_locale, oid, site_master, key_name) VALUES (NULL, 'xfjeuo2n9sekws13g4f40gp5czlz1ayn0287', 'www.runwaysdk.com', 'xfjeuo2n9sekws13g4f40gp5czlz1ayn0287');
INSERT INTO metadata_display_label ( default_locale, oid, site_master, key_name) VALUES (NULL, 'r4oni6zwxhexdjjce6glkej7313wz5w30287', 'www.runwaysdk.com', 'r4oni6zwxhexdjjce6glkej7313wz5w30287');
INSERT INTO md_attribute_virtual ( defining_md_view, required, md_attribute_concrete, attribute_name, display_label, oid) VALUES ('21a526e8-2c0d-38bb-b9d1-a1b432290116', NULL, '8p3t187ar11jnbbe2udc2mklz6oe6eac0082', 'endTime', 'xfjeuo2n9sekws13g4f40gp5czlz1ayn0287', '018f3e18-5fa0-3d99-a141-7c1e289a0132');
INSERT INTO md_attribute ( oid) VALUES ('018f3e18-5fa0-3d99-a141-7c1e289a0132');
INSERT INTO metadata ( description, created_by, owner, oid, create_date, seq, type, remove, site_master, locked_by, entity_domain, last_updated_by, last_update_date, key_name) VALUES ('r4oni6zwxhexdjjce6glkej7313wz5w30287', '000000000000000000000000000000100060', '000000000000000000000000000000100060', '018f3e18-5fa0-3d99-a141-7c1e289a0132', '2014-02-10 12:21:40', 4782, 'com.runwaysdk.system.metadata.MdAttributeVirtual', 1, 'www.runwaysdk.com', NULL, NULL, '000000000000000000000000000000100060', '2014-02-10 12:21:40', 'com.runwaysdk.system.scheduler.JobHistoryView.endTime');
INSERT INTO class_attribute_virtual ( oid, parent_oid, child_oid) VALUES ('6dd18aea-afd0-3044-8c17-c5765e010242', '21a526e8-2c0d-38bb-b9d1-a1b432290116', '018f3e18-5fa0-3d99-a141-7c1e289a0132');
INSERT INTO class_attribute ( oid, parent_oid, child_oid) VALUES ('6dd18aea-afd0-3044-8c17-c5765e010242', '21a526e8-2c0d-38bb-b9d1-a1b432290116', '018f3e18-5fa0-3d99-a141-7c1e289a0132');
INSERT INTO metadata_relationship ( entity_domain, site_master, last_updated_by, oid, owner, locked_by, create_date, type, created_by, seq, key_name, last_update_date, parent_oid, child_oid) VALUES (NULL, 'www.runwaysdk.com', '000000000000000000000000000000100060', '6dd18aea-afd0-3044-8c17-c5765e010242', '000000000000000000000000000000100060', NULL, '2014-02-10 12:21:40', 'com.runwaysdk.system.metadata.ClassAttributeVirtual', '000000000000000000000000000000100060', 4783, 'com.runwaysdk.system.scheduler.JobHistoryView.endTime', '2014-02-10 12:21:40', '21a526e8-2c0d-38bb-b9d1-a1b432290116', '018f3e18-5fa0-3d99-a141-7c1e289a0132');
INSERT INTO virtualize_attribute ( oid, parent_oid, child_oid) VALUES ('4500d007-9494-3cb1-b6a7-ada45ace0269', '8p3t187ar11jnbbe2udc2mklz6oe6eac0082', '018f3e18-5fa0-3d99-a141-7c1e289a0132');
INSERT INTO metadata_relationship ( entity_domain, site_master, last_updated_by, oid, owner, locked_by, create_date, type, created_by, seq, key_name, last_update_date, parent_oid, child_oid) VALUES (NULL, 'www.runwaysdk.com', '000000000000000000000000000000100060', '4500d007-9494-3cb1-b6a7-ada45ace0269', '000000000000000000000000000000100060', NULL, '2014-02-10 12:21:40', 'com.runwaysdk.system.metadata.VirtualizeAttribute', '000000000000000000000000000000100060', 4784, '4500d007-9494-3cb1-b6a7-ada45ace0269', '2014-02-10 12:21:40', '8p3t187ar11jnbbe2udc2mklz6oe6eac0082', '018f3e18-5fa0-3d99-a141-7c1e289a0132');
INSERT INTO metadata_display_label ( default_locale, oid, site_master, key_name) VALUES (NULL, '1tc9d6xtov1mrtv22mcpl2m80btc09be0287', 'www.runwaysdk.com', '1tc9d6xtov1mrtv22mcpl2m80btc09be0287');
INSERT INTO metadata_display_label ( default_locale, oid, site_master, key_name) VALUES (NULL, '8d15xfq0q45n8viotfju677ukijph0u50287', 'www.runwaysdk.com', '8d15xfq0q45n8viotfju677ukijph0u50287');
INSERT INTO md_attribute_virtual ( defining_md_view, required, md_attribute_concrete, attribute_name, display_label, oid) VALUES ('21a526e8-2c0d-38bb-b9d1-a1b432290116', NULL, 'szzb0q8oojv78hfuu4axc52t688pxbio0076', 'jobOperation', '1tc9d6xtov1mrtv22mcpl2m80btc09be0287', '11733bcf-349e-3779-9185-a4900d1b0132');
INSERT INTO md_attribute ( oid) VALUES ('11733bcf-349e-3779-9185-a4900d1b0132');
INSERT INTO metadata ( description, created_by, owner, oid, create_date, seq, type, remove, site_master, locked_by, entity_domain, last_updated_by, last_update_date, key_name) VALUES ('8d15xfq0q45n8viotfju677ukijph0u50287', '000000000000000000000000000000100060', '000000000000000000000000000000100060', '11733bcf-349e-3779-9185-a4900d1b0132', '2014-02-10 12:21:40', 4785, 'com.runwaysdk.system.metadata.MdAttributeVirtual', 1, 'www.runwaysdk.com', NULL, NULL, '000000000000000000000000000000100060', '2014-02-10 12:21:40', 'com.runwaysdk.system.scheduler.JobHistoryView.jobOperation');
INSERT INTO class_attribute_virtual ( oid, parent_oid, child_oid) VALUES ('4f063273-6a73-320f-978b-16e720610242', '21a526e8-2c0d-38bb-b9d1-a1b432290116', '11733bcf-349e-3779-9185-a4900d1b0132');
INSERT INTO class_attribute ( oid, parent_oid, child_oid) VALUES ('4f063273-6a73-320f-978b-16e720610242', '21a526e8-2c0d-38bb-b9d1-a1b432290116', '11733bcf-349e-3779-9185-a4900d1b0132');
INSERT INTO metadata_relationship ( entity_domain, site_master, last_updated_by, oid, owner, locked_by, create_date, type, created_by, seq, key_name, last_update_date, parent_oid, child_oid) VALUES (NULL, 'www.runwaysdk.com', '000000000000000000000000000000100060', '4f063273-6a73-320f-978b-16e720610242', '000000000000000000000000000000100060', NULL, '2014-02-10 12:21:40', 'com.runwaysdk.system.metadata.ClassAttributeVirtual', '000000000000000000000000000000100060', 4786, 'com.runwaysdk.system.scheduler.JobHistoryView.jobOperation', '2014-02-10 12:21:40', '21a526e8-2c0d-38bb-b9d1-a1b432290116', '11733bcf-349e-3779-9185-a4900d1b0132');
INSERT INTO virtualize_attribute ( oid, parent_oid, child_oid) VALUES ('1888516b-fe6b-3079-b3bc-da507ef50269', 'szzb0q8oojv78hfuu4axc52t688pxbio0076', '11733bcf-349e-3779-9185-a4900d1b0132');
INSERT INTO metadata_relationship ( entity_domain, site_master, last_updated_by, oid, owner, locked_by, create_date, type, created_by, seq, key_name, last_update_date, parent_oid, child_oid) VALUES (NULL, 'www.runwaysdk.com', '000000000000000000000000000000100060', '1888516b-fe6b-3079-b3bc-da507ef50269', '000000000000000000000000000000100060', NULL, '2014-02-10 12:21:40', 'com.runwaysdk.system.metadata.VirtualizeAttribute', '000000000000000000000000000000100060', 4787, '1888516b-fe6b-3079-b3bc-da507ef50269', '2014-02-10 12:21:40', 'szzb0q8oojv78hfuu4axc52t688pxbio0076', '11733bcf-349e-3779-9185-a4900d1b0132');
INSERT INTO metadata_display_label ( default_locale, oid, site_master, key_name) VALUES (NULL, '6r8uo2s6t5tcl5wfzgihtjbebm0s52mi0287', 'www.runwaysdk.com', '6r8uo2s6t5tcl5wfzgihtjbebm0s52mi0287');
INSERT INTO metadata_display_label ( default_locale, oid, site_master, key_name) VALUES (NULL, 's9w6us72ti0jj0i6f9pg4441b9snu0vq0287', 'www.runwaysdk.com', 's9w6us72ti0jj0i6f9pg4441b9snu0vq0287');
INSERT INTO md_attribute_virtual ( defining_md_view, required, md_attribute_concrete, attribute_name, display_label, oid) VALUES ('21a526e8-2c0d-38bb-b9d1-a1b432290116', NULL, 'zju51m0wwboc8dnzczed7pmefwzdlgv00082', 'lastRun', '6r8uo2s6t5tcl5wfzgihtjbebm0s52mi0287', 'fe394ee4-0b26-300b-aa50-7725207f0132');
INSERT INTO md_attribute ( oid) VALUES ('fe394ee4-0b26-300b-aa50-7725207f0132');
INSERT INTO metadata ( description, created_by, owner, oid, create_date, seq, type, remove, site_master, locked_by, entity_domain, last_updated_by, last_update_date, key_name) VALUES ('s9w6us72ti0jj0i6f9pg4441b9snu0vq0287', '000000000000000000000000000000100060', '000000000000000000000000000000100060', 'fe394ee4-0b26-300b-aa50-7725207f0132', '2014-02-10 12:21:40', 4788, 'com.runwaysdk.system.metadata.MdAttributeVirtual', 1, 'www.runwaysdk.com', NULL, NULL, '000000000000000000000000000000100060', '2014-02-10 12:21:40', 'com.runwaysdk.system.scheduler.JobHistoryView.lastRun');
INSERT INTO class_attribute_virtual ( oid, parent_oid, child_oid) VALUES ('f0a258d5-d470-3386-aece-5bba000e0242', '21a526e8-2c0d-38bb-b9d1-a1b432290116', 'fe394ee4-0b26-300b-aa50-7725207f0132');
INSERT INTO class_attribute ( oid, parent_oid, child_oid) VALUES ('f0a258d5-d470-3386-aece-5bba000e0242', '21a526e8-2c0d-38bb-b9d1-a1b432290116', 'fe394ee4-0b26-300b-aa50-7725207f0132');
INSERT INTO metadata_relationship ( entity_domain, site_master, last_updated_by, oid, owner, locked_by, create_date, type, created_by, seq, key_name, last_update_date, parent_oid, child_oid) VALUES (NULL, 'www.runwaysdk.com', '000000000000000000000000000000100060', 'f0a258d5-d470-3386-aece-5bba000e0242', '000000000000000000000000000000100060', NULL, '2014-02-10 12:21:40', 'com.runwaysdk.system.metadata.ClassAttributeVirtual', '000000000000000000000000000000100060', 4789, 'com.runwaysdk.system.scheduler.JobHistoryView.lastRun', '2014-02-10 12:21:40', '21a526e8-2c0d-38bb-b9d1-a1b432290116', 'fe394ee4-0b26-300b-aa50-7725207f0132');
INSERT INTO virtualize_attribute ( oid, parent_oid, child_oid) VALUES ('376a62e1-ffd8-3b7c-b93f-80c87b150269', 'zju51m0wwboc8dnzczed7pmefwzdlgv00082', 'fe394ee4-0b26-300b-aa50-7725207f0132');
INSERT INTO metadata_relationship ( entity_domain, site_master, last_updated_by, oid, owner, locked_by, create_date, type, created_by, seq, key_name, last_update_date, parent_oid, child_oid) VALUES (NULL, 'www.runwaysdk.com', '000000000000000000000000000000100060', '376a62e1-ffd8-3b7c-b93f-80c87b150269', '000000000000000000000000000000100060', NULL, '2014-02-10 12:21:40', 'com.runwaysdk.system.metadata.VirtualizeAttribute', '000000000000000000000000000000100060', 4790, '376a62e1-ffd8-3b7c-b93f-80c87b150269', '2014-02-10 12:21:40', 'zju51m0wwboc8dnzczed7pmefwzdlgv00082', 'fe394ee4-0b26-300b-aa50-7725207f0132');
INSERT INTO metadata_display_label ( default_locale, oid, site_master, key_name) VALUES (NULL, '0te0sc14snd72fg2j49iv7u29mx5rzzt0287', 'www.runwaysdk.com', '0te0sc14snd72fg2j49iv7u29mx5rzzt0287');
INSERT INTO metadata_display_label ( default_locale, oid, site_master, key_name) VALUES (NULL, '2g9ygr9bpsipmcuc98yeeg7rvkluxe9m0287', 'www.runwaysdk.com', '2g9ygr9bpsipmcuc98yeeg7rvkluxe9m0287');
INSERT INTO md_attribute_virtual ( defining_md_view, required, md_attribute_concrete, attribute_name, display_label, oid) VALUES ('21a526e8-2c0d-38bb-b9d1-a1b432290116', NULL, 'c0bfd850-be22-3478-b3dc-345d09be0079', 'maxRetries', '0te0sc14snd72fg2j49iv7u29mx5rzzt0287', '8ce7d13f-1722-34f4-b01e-af3f02040132');
INSERT INTO md_attribute ( oid) VALUES ('8ce7d13f-1722-34f4-b01e-af3f02040132');
INSERT INTO metadata ( description, created_by, owner, oid, create_date, seq, type, remove, site_master, locked_by, entity_domain, last_updated_by, last_update_date, key_name) VALUES ('2g9ygr9bpsipmcuc98yeeg7rvkluxe9m0287', '000000000000000000000000000000100060', '000000000000000000000000000000100060', '8ce7d13f-1722-34f4-b01e-af3f02040132', '2014-02-10 12:21:40', 4791, 'com.runwaysdk.system.metadata.MdAttributeVirtual', 1, 'www.runwaysdk.com', NULL, NULL, '000000000000000000000000000000100060', '2014-02-10 12:21:40', 'com.runwaysdk.system.scheduler.JobHistoryView.maxRetries');
INSERT INTO class_attribute_virtual ( oid, parent_oid, child_oid) VALUES ('13c466e6-2d64-35b8-9f74-d4ec531f0242', '21a526e8-2c0d-38bb-b9d1-a1b432290116', '8ce7d13f-1722-34f4-b01e-af3f02040132');
INSERT INTO class_attribute ( oid, parent_oid, child_oid) VALUES ('13c466e6-2d64-35b8-9f74-d4ec531f0242', '21a526e8-2c0d-38bb-b9d1-a1b432290116', '8ce7d13f-1722-34f4-b01e-af3f02040132');
INSERT INTO metadata_relationship ( entity_domain, site_master, last_updated_by, oid, owner, locked_by, create_date, type, created_by, seq, key_name, last_update_date, parent_oid, child_oid) VALUES (NULL, 'www.runwaysdk.com', '000000000000000000000000000000100060', '13c466e6-2d64-35b8-9f74-d4ec531f0242', '000000000000000000000000000000100060', NULL, '2014-02-10 12:21:40', 'com.runwaysdk.system.metadata.ClassAttributeVirtual', '000000000000000000000000000000100060', 4792, 'com.runwaysdk.system.scheduler.JobHistoryView.maxRetries', '2014-02-10 12:21:40', '21a526e8-2c0d-38bb-b9d1-a1b432290116', '8ce7d13f-1722-34f4-b01e-af3f02040132');
INSERT INTO virtualize_attribute ( oid, parent_oid, child_oid) VALUES ('a53dc4d4-2133-3d95-8ed9-716d4e9b0269', 'c0bfd850-be22-3478-b3dc-345d09be0079', '8ce7d13f-1722-34f4-b01e-af3f02040132');
INSERT INTO metadata_relationship ( entity_domain, site_master, last_updated_by, oid, owner, locked_by, create_date, type, created_by, seq, key_name, last_update_date, parent_oid, child_oid) VALUES (NULL, 'www.runwaysdk.com', '000000000000000000000000000000100060', 'a53dc4d4-2133-3d95-8ed9-716d4e9b0269', '000000000000000000000000000000100060', NULL, '2014-02-10 12:21:40', 'com.runwaysdk.system.metadata.VirtualizeAttribute', '000000000000000000000000000000100060', 4793, 'a53dc4d4-2133-3d95-8ed9-716d4e9b0269', '2014-02-10 12:21:40', 'c0bfd850-be22-3478-b3dc-345d09be0079', '8ce7d13f-1722-34f4-b01e-af3f02040132');
INSERT INTO metadata_display_label ( default_locale, oid, site_master, key_name) VALUES (NULL, 'r2rowi0gcpo5knwwiry19n3edw39e4zk0287', 'www.runwaysdk.com', 'r2rowi0gcpo5knwwiry19n3edw39e4zk0287');
INSERT INTO metadata_display_label ( default_locale, oid, site_master, key_name) VALUES (NULL, 'qma9zydr709exs6auw46le1v2kgkxmr40287', 'www.runwaysdk.com', 'qma9zydr709exs6auw46le1v2kgkxmr40287');
INSERT INTO md_attribute_virtual ( defining_md_view, required, md_attribute_concrete, attribute_name, display_label, oid) VALUES ('21a526e8-2c0d-38bb-b9d1-a1b432290116', NULL, '7dot75k1q82skfop6f474e31mgdn1vnx0074', 'pauseable', 'r2rowi0gcpo5knwwiry19n3edw39e4zk0287', '7bd0b965-6e7e-38d6-8a46-ae6129ce0132');
INSERT INTO md_attribute ( oid) VALUES ('7bd0b965-6e7e-38d6-8a46-ae6129ce0132');
INSERT INTO metadata ( description, created_by, owner, oid, create_date, seq, type, remove, site_master, locked_by, entity_domain, last_updated_by, last_update_date, key_name) VALUES ('qma9zydr709exs6auw46le1v2kgkxmr40287', '000000000000000000000000000000100060', '000000000000000000000000000000100060', '7bd0b965-6e7e-38d6-8a46-ae6129ce0132', '2014-02-10 12:21:40', 4794, 'com.runwaysdk.system.metadata.MdAttributeVirtual', 1, 'www.runwaysdk.com', NULL, NULL, '000000000000000000000000000000100060', '2014-02-10 12:21:40', 'com.runwaysdk.system.scheduler.JobHistoryView.pauseable');
INSERT INTO class_attribute_virtual ( oid, parent_oid, child_oid) VALUES ('2ee6537e-604a-3c80-94d2-02991f720242', '21a526e8-2c0d-38bb-b9d1-a1b432290116', '7bd0b965-6e7e-38d6-8a46-ae6129ce0132');
INSERT INTO class_attribute ( oid, parent_oid, child_oid) VALUES ('2ee6537e-604a-3c80-94d2-02991f720242', '21a526e8-2c0d-38bb-b9d1-a1b432290116', '7bd0b965-6e7e-38d6-8a46-ae6129ce0132');
INSERT INTO metadata_relationship ( entity_domain, site_master, last_updated_by, oid, owner, locked_by, create_date, type, created_by, seq, key_name, last_update_date, parent_oid, child_oid) VALUES (NULL, 'www.runwaysdk.com', '000000000000000000000000000000100060', '2ee6537e-604a-3c80-94d2-02991f720242', '000000000000000000000000000000100060', NULL, '2014-02-10 12:21:40', 'com.runwaysdk.system.metadata.ClassAttributeVirtual', '000000000000000000000000000000100060', 4795, 'com.runwaysdk.system.scheduler.JobHistoryView.pauseable', '2014-02-10 12:21:40', '21a526e8-2c0d-38bb-b9d1-a1b432290116', '7bd0b965-6e7e-38d6-8a46-ae6129ce0132');
INSERT INTO virtualize_attribute ( oid, parent_oid, child_oid) VALUES ('22f7f8e3-9cf5-3f1c-9a18-66c6afdd0269', '7dot75k1q82skfop6f474e31mgdn1vnx0074', '7bd0b965-6e7e-38d6-8a46-ae6129ce0132');
INSERT INTO metadata_relationship ( entity_domain, site_master, last_updated_by, oid, owner, locked_by, create_date, type, created_by, seq, key_name, last_update_date, parent_oid, child_oid) VALUES (NULL, 'www.runwaysdk.com', '000000000000000000000000000000100060', '22f7f8e3-9cf5-3f1c-9a18-66c6afdd0269', '000000000000000000000000000000100060', NULL, '2014-02-10 12:21:40', 'com.runwaysdk.system.metadata.VirtualizeAttribute', '000000000000000000000000000000100060', 4796, '22f7f8e3-9cf5-3f1c-9a18-66c6afdd0269', '2014-02-10 12:21:40', '7dot75k1q82skfop6f474e31mgdn1vnx0074', '7bd0b965-6e7e-38d6-8a46-ae6129ce0132');
INSERT INTO metadata_display_label ( default_locale, oid, site_master, key_name) VALUES (NULL, '8yp7ajbwu6kqvp7ljfpchnst1ac0vp7o0287', 'www.runwaysdk.com', '8yp7ajbwu6kqvp7ljfpchnst1ac0vp7o0287');
INSERT INTO metadata_display_label ( default_locale, oid, site_master, key_name) VALUES (NULL, 'xuoora2gxqjaejbnctks363cogmq5vyk0287', 'www.runwaysdk.com', 'xuoora2gxqjaejbnctks363cogmq5vyk0287');
INSERT INTO md_attribute_virtual ( defining_md_view, required, md_attribute_concrete, attribute_name, display_label, oid) VALUES ('21a526e8-2c0d-38bb-b9d1-a1b432290116', NULL, 'swti0hdell2lrm4zatw88zign57pijso0074', 'paused', '8yp7ajbwu6kqvp7ljfpchnst1ac0vp7o0287', '12bb78e9-a399-3961-92bd-9c4541170132');
INSERT INTO md_attribute ( oid) VALUES ('12bb78e9-a399-3961-92bd-9c4541170132');
INSERT INTO metadata ( description, created_by, owner, oid, create_date, seq, type, remove, site_master, locked_by, entity_domain, last_updated_by, last_update_date, key_name) VALUES ('xuoora2gxqjaejbnctks363cogmq5vyk0287', '000000000000000000000000000000100060', '000000000000000000000000000000100060', '12bb78e9-a399-3961-92bd-9c4541170132', '2014-02-10 12:21:40', 4797, 'com.runwaysdk.system.metadata.MdAttributeVirtual', 1, 'www.runwaysdk.com', NULL, NULL, '000000000000000000000000000000100060', '2014-02-10 12:21:40', 'com.runwaysdk.system.scheduler.JobHistoryView.paused');
INSERT INTO class_attribute_virtual ( oid, parent_oid, child_oid) VALUES ('f61bdc31-ed17-3f0f-a66a-464225ef0242', '21a526e8-2c0d-38bb-b9d1-a1b432290116', '12bb78e9-a399-3961-92bd-9c4541170132');
INSERT INTO class_attribute ( oid, parent_oid, child_oid) VALUES ('f61bdc31-ed17-3f0f-a66a-464225ef0242', '21a526e8-2c0d-38bb-b9d1-a1b432290116', '12bb78e9-a399-3961-92bd-9c4541170132');
INSERT INTO metadata_relationship ( entity_domain, site_master, last_updated_by, oid, owner, locked_by, create_date, type, created_by, seq, key_name, last_update_date, parent_oid, child_oid) VALUES (NULL, 'www.runwaysdk.com', '000000000000000000000000000000100060', 'f61bdc31-ed17-3f0f-a66a-464225ef0242', '000000000000000000000000000000100060', NULL, '2014-02-10 12:21:40', 'com.runwaysdk.system.metadata.ClassAttributeVirtual', '000000000000000000000000000000100060', 4798, 'com.runwaysdk.system.scheduler.JobHistoryView.paused', '2014-02-10 12:21:40', '21a526e8-2c0d-38bb-b9d1-a1b432290116', '12bb78e9-a399-3961-92bd-9c4541170132');
INSERT INTO virtualize_attribute ( oid, parent_oid, child_oid) VALUES ('ca6aad50-3b11-3491-bb6a-5e92c5230269', 'swti0hdell2lrm4zatw88zign57pijso0074', '12bb78e9-a399-3961-92bd-9c4541170132');
INSERT INTO metadata_relationship ( entity_domain, site_master, last_updated_by, oid, owner, locked_by, create_date, type, created_by, seq, key_name, last_update_date, parent_oid, child_oid) VALUES (NULL, 'www.runwaysdk.com', '000000000000000000000000000000100060', 'ca6aad50-3b11-3491-bb6a-5e92c5230269', '000000000000000000000000000000100060', NULL, '2014-02-10 12:21:40', 'com.runwaysdk.system.metadata.VirtualizeAttribute', '000000000000000000000000000000100060', 4799, 'ca6aad50-3b11-3491-bb6a-5e92c5230269', '2014-02-10 12:21:40', 'swti0hdell2lrm4zatw88zign57pijso0074', '12bb78e9-a399-3961-92bd-9c4541170132');
INSERT INTO metadata_display_label ( default_locale, oid, site_master, key_name) VALUES (NULL, '28glvzxfsiz14bnq5wxlz8xbg02px77i0287', 'www.runwaysdk.com', '28glvzxfsiz14bnq5wxlz8xbg02px77i0287');
INSERT INTO metadata_display_label ( default_locale, oid, site_master, key_name) VALUES (NULL, 'y0l1r1wbxj2tluputd151t4c3lofoz2x0287', 'www.runwaysdk.com', 'y0l1r1wbxj2tluputd151t4c3lofoz2x0287');
INSERT INTO md_attribute_virtual ( defining_md_view, required, md_attribute_concrete, attribute_name, display_label, oid) VALUES ('21a526e8-2c0d-38bb-b9d1-a1b432290116', NULL, '8jjekyd9o6ybpouc4rno9kphkwyfkxas0074', 'removeOnComplete', '28glvzxfsiz14bnq5wxlz8xbg02px77i0287', '024dd0d0-8413-3ce6-a570-180b4f8f0132');
INSERT INTO md_attribute ( oid) VALUES ('024dd0d0-8413-3ce6-a570-180b4f8f0132');
INSERT INTO metadata ( description, created_by, owner, oid, create_date, seq, type, remove, site_master, locked_by, entity_domain, last_updated_by, last_update_date, key_name) VALUES ('y0l1r1wbxj2tluputd151t4c3lofoz2x0287', '000000000000000000000000000000100060', '000000000000000000000000000000100060', '024dd0d0-8413-3ce6-a570-180b4f8f0132', '2014-02-10 12:21:40', 4800, 'com.runwaysdk.system.metadata.MdAttributeVirtual', 1, 'www.runwaysdk.com', NULL, NULL, '000000000000000000000000000000100060', '2014-02-10 12:21:40', 'com.runwaysdk.system.scheduler.JobHistoryView.removeOnComplete');
INSERT INTO class_attribute_virtual ( oid, parent_oid, child_oid) VALUES ('294ebb19-cbf2-3f89-b83d-b057ee290242', '21a526e8-2c0d-38bb-b9d1-a1b432290116', '024dd0d0-8413-3ce6-a570-180b4f8f0132');
INSERT INTO class_attribute ( oid, parent_oid, child_oid) VALUES ('294ebb19-cbf2-3f89-b83d-b057ee290242', '21a526e8-2c0d-38bb-b9d1-a1b432290116', '024dd0d0-8413-3ce6-a570-180b4f8f0132');
INSERT INTO metadata_relationship ( entity_domain, site_master, last_updated_by, oid, owner, locked_by, create_date, type, created_by, seq, key_name, last_update_date, parent_oid, child_oid) VALUES (NULL, 'www.runwaysdk.com', '000000000000000000000000000000100060', '294ebb19-cbf2-3f89-b83d-b057ee290242', '000000000000000000000000000000100060', NULL, '2014-02-10 12:21:40', 'com.runwaysdk.system.metadata.ClassAttributeVirtual', '000000000000000000000000000000100060', 4801, 'com.runwaysdk.system.scheduler.JobHistoryView.removeOnComplete', '2014-02-10 12:21:40', '21a526e8-2c0d-38bb-b9d1-a1b432290116', '024dd0d0-8413-3ce6-a570-180b4f8f0132');
INSERT INTO virtualize_attribute ( oid, parent_oid, child_oid) VALUES ('5b0f316a-4bba-37e3-8a7e-e42542090269', '8jjekyd9o6ybpouc4rno9kphkwyfkxas0074', '024dd0d0-8413-3ce6-a570-180b4f8f0132');
INSERT INTO metadata_relationship ( entity_domain, site_master, last_updated_by, oid, owner, locked_by, create_date, type, created_by, seq, key_name, last_update_date, parent_oid, child_oid) VALUES (NULL, 'www.runwaysdk.com', '000000000000000000000000000000100060', '5b0f316a-4bba-37e3-8a7e-e42542090269', '000000000000000000000000000000100060', NULL, '2014-02-10 12:21:40', 'com.runwaysdk.system.metadata.VirtualizeAttribute', '000000000000000000000000000000100060', 4802, '5b0f316a-4bba-37e3-8a7e-e42542090269', '2014-02-10 12:21:40', '8jjekyd9o6ybpouc4rno9kphkwyfkxas0074', '024dd0d0-8413-3ce6-a570-180b4f8f0132');
INSERT INTO metadata_display_label ( default_locale, oid, site_master, key_name) VALUES (NULL, 'sos4sy9zbc5tyuztlqf8wksidjasoh990287', 'www.runwaysdk.com', 'sos4sy9zbc5tyuztlqf8wksidjasoh990287');
INSERT INTO metadata_display_label ( default_locale, oid, site_master, key_name) VALUES (NULL, 'san7u2fxehi90a2s5s5rsxynqv9gez2a0287', 'www.runwaysdk.com', 'san7u2fxehi90a2s5s5rsxynqv9gez2a0287');
INSERT INTO md_attribute_virtual ( defining_md_view, required, md_attribute_concrete, attribute_name, display_label, oid) VALUES ('21a526e8-2c0d-38bb-b9d1-a1b432290116', NULL, 'sm44ridyol20w714nav5v9vok6icv79j0074', 'repeated', 'sos4sy9zbc5tyuztlqf8wksidjasoh990287', '204c6bb8-66d5-3939-aace-278aafb60132');
INSERT INTO md_attribute ( oid) VALUES ('204c6bb8-66d5-3939-aace-278aafb60132');
INSERT INTO metadata ( description, created_by, owner, oid, create_date, seq, type, remove, site_master, locked_by, entity_domain, last_updated_by, last_update_date, key_name) VALUES ('san7u2fxehi90a2s5s5rsxynqv9gez2a0287', '000000000000000000000000000000100060', '000000000000000000000000000000100060', '204c6bb8-66d5-3939-aace-278aafb60132', '2014-02-10 12:21:40', 4803, 'com.runwaysdk.system.metadata.MdAttributeVirtual', 1, 'www.runwaysdk.com', NULL, NULL, '000000000000000000000000000000100060', '2014-02-10 12:21:40', 'com.runwaysdk.system.scheduler.JobHistoryView.repeated');
INSERT INTO class_attribute_virtual ( oid, parent_oid, child_oid) VALUES ('7f9426d6-9dd0-3c29-8b58-6053bb950242', '21a526e8-2c0d-38bb-b9d1-a1b432290116', '204c6bb8-66d5-3939-aace-278aafb60132');
INSERT INTO class_attribute ( oid, parent_oid, child_oid) VALUES ('7f9426d6-9dd0-3c29-8b58-6053bb950242', '21a526e8-2c0d-38bb-b9d1-a1b432290116', '204c6bb8-66d5-3939-aace-278aafb60132');
INSERT INTO metadata_relationship ( entity_domain, site_master, last_updated_by, oid, owner, locked_by, create_date, type, created_by, seq, key_name, last_update_date, parent_oid, child_oid) VALUES (NULL, 'www.runwaysdk.com', '000000000000000000000000000000100060', '7f9426d6-9dd0-3c29-8b58-6053bb950242', '000000000000000000000000000000100060', NULL, '2014-02-10 12:21:40', 'com.runwaysdk.system.metadata.ClassAttributeVirtual', '000000000000000000000000000000100060', 4804, 'com.runwaysdk.system.scheduler.JobHistoryView.repeated', '2014-02-10 12:21:40', '21a526e8-2c0d-38bb-b9d1-a1b432290116', '204c6bb8-66d5-3939-aace-278aafb60132');
INSERT INTO virtualize_attribute ( oid, parent_oid, child_oid) VALUES ('54ac4452-ebee-336c-a943-2feae4f80269', 'sm44ridyol20w714nav5v9vok6icv79j0074', '204c6bb8-66d5-3939-aace-278aafb60132');
INSERT INTO metadata_relationship ( entity_domain, site_master, last_updated_by, oid, owner, locked_by, create_date, type, created_by, seq, key_name, last_update_date, parent_oid, child_oid) VALUES (NULL, 'www.runwaysdk.com', '000000000000000000000000000000100060', '54ac4452-ebee-336c-a943-2feae4f80269', '000000000000000000000000000000100060', NULL, '2014-02-10 12:21:40', 'com.runwaysdk.system.metadata.VirtualizeAttribute', '000000000000000000000000000000100060', 4805, '54ac4452-ebee-336c-a943-2feae4f80269', '2014-02-10 12:21:40', 'sm44ridyol20w714nav5v9vok6icv79j0074', '204c6bb8-66d5-3939-aace-278aafb60132');
INSERT INTO metadata_display_label ( default_locale, oid, site_master, key_name) VALUES (NULL, '1uvgg5tn0roqyjg5jwm49yyt36tq477m0287', 'www.runwaysdk.com', '1uvgg5tn0roqyjg5jwm49yyt36tq477m0287');
INSERT INTO metadata_display_label ( default_locale, oid, site_master, key_name) VALUES (NULL, '1ze9mykgaiir3nb2b28tir4hl8jqfr670287', 'www.runwaysdk.com', '1ze9mykgaiir3nb2b28tir4hl8jqfr670287');
INSERT INTO md_attribute_virtual ( defining_md_view, required, md_attribute_concrete, attribute_name, display_label, oid) VALUES ('21a526e8-2c0d-38bb-b9d1-a1b432290116', NULL, 'b4b2d3a8-e788-3aa7-9e58-f27930db0079', 'retries', '1uvgg5tn0roqyjg5jwm49yyt36tq477m0287', '47abcaa3-b45a-31a8-8fd6-2c602ba10132');
INSERT INTO md_attribute ( oid) VALUES ('47abcaa3-b45a-31a8-8fd6-2c602ba10132');
INSERT INTO metadata ( description, created_by, owner, oid, create_date, seq, type, remove, site_master, locked_by, entity_domain, last_updated_by, last_update_date, key_name) VALUES ('1ze9mykgaiir3nb2b28tir4hl8jqfr670287', '000000000000000000000000000000100060', '000000000000000000000000000000100060', '47abcaa3-b45a-31a8-8fd6-2c602ba10132', '2014-02-10 12:21:40', 4806, 'com.runwaysdk.system.metadata.MdAttributeVirtual', 1, 'www.runwaysdk.com', NULL, NULL, '000000000000000000000000000000100060', '2014-02-10 12:21:40', 'com.runwaysdk.system.scheduler.JobHistoryView.retries');
INSERT INTO class_attribute_virtual ( oid, parent_oid, child_oid) VALUES ('037c00a9-e2ea-3478-9bbb-3ba69c250242', '21a526e8-2c0d-38bb-b9d1-a1b432290116', '47abcaa3-b45a-31a8-8fd6-2c602ba10132');
INSERT INTO class_attribute ( oid, parent_oid, child_oid) VALUES ('037c00a9-e2ea-3478-9bbb-3ba69c250242', '21a526e8-2c0d-38bb-b9d1-a1b432290116', '47abcaa3-b45a-31a8-8fd6-2c602ba10132');
INSERT INTO metadata_relationship ( entity_domain, site_master, last_updated_by, oid, owner, locked_by, create_date, type, created_by, seq, key_name, last_update_date, parent_oid, child_oid) VALUES (NULL, 'www.runwaysdk.com', '000000000000000000000000000000100060', '037c00a9-e2ea-3478-9bbb-3ba69c250242', '000000000000000000000000000000100060', NULL, '2014-02-10 12:21:40', 'com.runwaysdk.system.metadata.ClassAttributeVirtual', '000000000000000000000000000000100060', 4807, 'com.runwaysdk.system.scheduler.JobHistoryView.retries', '2014-02-10 12:21:40', '21a526e8-2c0d-38bb-b9d1-a1b432290116', '47abcaa3-b45a-31a8-8fd6-2c602ba10132');
INSERT INTO virtualize_attribute ( oid, parent_oid, child_oid) VALUES ('c3d1b168-df3f-3850-8e95-c337c0270269', 'b4b2d3a8-e788-3aa7-9e58-f27930db0079', '47abcaa3-b45a-31a8-8fd6-2c602ba10132');
INSERT INTO metadata_relationship ( entity_domain, site_master, last_updated_by, oid, owner, locked_by, create_date, type, created_by, seq, key_name, last_update_date, parent_oid, child_oid) VALUES (NULL, 'www.runwaysdk.com', '000000000000000000000000000000100060', 'c3d1b168-df3f-3850-8e95-c337c0270269', '000000000000000000000000000000100060', NULL, '2014-02-10 12:21:40', 'com.runwaysdk.system.metadata.VirtualizeAttribute', '000000000000000000000000000000100060', 4808, 'c3d1b168-df3f-3850-8e95-c337c0270269', '2014-02-10 12:21:40', 'b4b2d3a8-e788-3aa7-9e58-f27930db0079', '47abcaa3-b45a-31a8-8fd6-2c602ba10132');
INSERT INTO metadata_display_label ( default_locale, oid, site_master, key_name) VALUES (NULL, '1wfnhonea7buy6irtkwcemglvsdixrml0287', 'www.runwaysdk.com', '1wfnhonea7buy6irtkwcemglvsdixrml0287');
INSERT INTO metadata_display_label ( default_locale, oid, site_master, key_name) VALUES (NULL, 'stsgyco11qnvw9rjccqzy9ieunprtdc80287', 'www.runwaysdk.com', 'stsgyco11qnvw9rjccqzy9ieunprtdc80287');
INSERT INTO md_attribute_virtual ( defining_md_view, required, md_attribute_concrete, attribute_name, display_label, oid) VALUES ('21a526e8-2c0d-38bb-b9d1-a1b432290116', NULL, 'y0kxd2fujadac3om2beynhcbhkc8i86i0074', 'running', '1wfnhonea7buy6irtkwcemglvsdixrml0287', '1664408a-c293-3c61-8498-8307e7450132');
INSERT INTO md_attribute ( oid) VALUES ('1664408a-c293-3c61-8498-8307e7450132');
INSERT INTO metadata ( description, created_by, owner, oid, create_date, seq, type, remove, site_master, locked_by, entity_domain, last_updated_by, last_update_date, key_name) VALUES ('stsgyco11qnvw9rjccqzy9ieunprtdc80287', '000000000000000000000000000000100060', '000000000000000000000000000000100060', '1664408a-c293-3c61-8498-8307e7450132', '2014-02-10 12:21:40', 4809, 'com.runwaysdk.system.metadata.MdAttributeVirtual', 1, 'www.runwaysdk.com', NULL, NULL, '000000000000000000000000000000100060', '2014-02-10 12:21:40', 'com.runwaysdk.system.scheduler.JobHistoryView.running');
INSERT INTO class_attribute_virtual ( oid, parent_oid, child_oid) VALUES ('46fabca6-bd30-3830-a981-0f521b250242', '21a526e8-2c0d-38bb-b9d1-a1b432290116', '1664408a-c293-3c61-8498-8307e7450132');
INSERT INTO class_attribute ( oid, parent_oid, child_oid) VALUES ('46fabca6-bd30-3830-a981-0f521b250242', '21a526e8-2c0d-38bb-b9d1-a1b432290116', '1664408a-c293-3c61-8498-8307e7450132');
INSERT INTO metadata_relationship ( entity_domain, site_master, last_updated_by, oid, owner, locked_by, create_date, type, created_by, seq, key_name, last_update_date, parent_oid, child_oid) VALUES (NULL, 'www.runwaysdk.com', '000000000000000000000000000000100060', '46fabca6-bd30-3830-a981-0f521b250242', '000000000000000000000000000000100060', NULL, '2014-02-10 12:21:40', 'com.runwaysdk.system.metadata.ClassAttributeVirtual', '000000000000000000000000000000100060', 4810, 'com.runwaysdk.system.scheduler.JobHistoryView.running', '2014-02-10 12:21:40', '21a526e8-2c0d-38bb-b9d1-a1b432290116', '1664408a-c293-3c61-8498-8307e7450132');
INSERT INTO virtualize_attribute ( oid, parent_oid, child_oid) VALUES ('58300577-98c6-3346-bc7f-ceb9db290269', 'y0kxd2fujadac3om2beynhcbhkc8i86i0074', '1664408a-c293-3c61-8498-8307e7450132');
INSERT INTO metadata_relationship ( entity_domain, site_master, last_updated_by, oid, owner, locked_by, create_date, type, created_by, seq, key_name, last_update_date, parent_oid, child_oid) VALUES (NULL, 'www.runwaysdk.com', '000000000000000000000000000000100060', '58300577-98c6-3346-bc7f-ceb9db290269', '000000000000000000000000000000100060', NULL, '2014-02-10 12:21:40', 'com.runwaysdk.system.metadata.VirtualizeAttribute', '000000000000000000000000000000100060', 4811, '58300577-98c6-3346-bc7f-ceb9db290269', '2014-02-10 12:21:40', 'y0kxd2fujadac3om2beynhcbhkc8i86i0074', '1664408a-c293-3c61-8498-8307e7450132');
INSERT INTO metadata_display_label ( default_locale, oid, site_master, key_name) VALUES (NULL, '1wevqr1pevi6d2jqcy4ga6ipcrb88aa50287', 'www.runwaysdk.com', '1wevqr1pevi6d2jqcy4ga6ipcrb88aa50287');
INSERT INTO metadata_display_label ( default_locale, oid, site_master, key_name) VALUES (NULL, 'r4c2hcwa2he7bj7do11g8j0gotqs32mx0287', 'www.runwaysdk.com', 'r4c2hcwa2he7bj7do11g8j0gotqs32mx0287');
INSERT INTO md_attribute_virtual ( defining_md_view, required, md_attribute_concrete, attribute_name, display_label, oid) VALUES ('21a526e8-2c0d-38bb-b9d1-a1b432290116', NULL, '0jqq6fd2kxe5xpgynmkfi57tfiog1xcl0074', 'startOnCreate', '1wevqr1pevi6d2jqcy4ga6ipcrb88aa50287', 'cfeaaaa2-2fac-3a3b-9780-fc2ce5880132');
INSERT INTO md_attribute ( oid) VALUES ('cfeaaaa2-2fac-3a3b-9780-fc2ce5880132');
INSERT INTO metadata ( description, created_by, owner, oid, create_date, seq, type, remove, site_master, locked_by, entity_domain, last_updated_by, last_update_date, key_name) VALUES ('r4c2hcwa2he7bj7do11g8j0gotqs32mx0287', '000000000000000000000000000000100060', '000000000000000000000000000000100060', 'cfeaaaa2-2fac-3a3b-9780-fc2ce5880132', '2014-02-10 12:21:40', 4812, 'com.runwaysdk.system.metadata.MdAttributeVirtual', 1, 'www.runwaysdk.com', NULL, NULL, '000000000000000000000000000000100060', '2014-02-10 12:21:40', 'com.runwaysdk.system.scheduler.JobHistoryView.startOnCreate');
INSERT INTO class_attribute_virtual ( oid, parent_oid, child_oid) VALUES ('d10b1248-d15b-3016-a284-863fb1710242', '21a526e8-2c0d-38bb-b9d1-a1b432290116', 'cfeaaaa2-2fac-3a3b-9780-fc2ce5880132');
INSERT INTO class_attribute ( oid, parent_oid, child_oid) VALUES ('d10b1248-d15b-3016-a284-863fb1710242', '21a526e8-2c0d-38bb-b9d1-a1b432290116', 'cfeaaaa2-2fac-3a3b-9780-fc2ce5880132');
INSERT INTO metadata_relationship ( entity_domain, site_master, last_updated_by, oid, owner, locked_by, create_date, type, created_by, seq, key_name, last_update_date, parent_oid, child_oid) VALUES (NULL, 'www.runwaysdk.com', '000000000000000000000000000000100060', 'd10b1248-d15b-3016-a284-863fb1710242', '000000000000000000000000000000100060', NULL, '2014-02-10 12:21:40', 'com.runwaysdk.system.metadata.ClassAttributeVirtual', '000000000000000000000000000000100060', 4813, 'com.runwaysdk.system.scheduler.JobHistoryView.startOnCreate', '2014-02-10 12:21:40', '21a526e8-2c0d-38bb-b9d1-a1b432290116', 'cfeaaaa2-2fac-3a3b-9780-fc2ce5880132');
INSERT INTO virtualize_attribute ( oid, parent_oid, child_oid) VALUES ('3deb828e-6b29-3b67-bea5-0af577120269', '0jqq6fd2kxe5xpgynmkfi57tfiog1xcl0074', 'cfeaaaa2-2fac-3a3b-9780-fc2ce5880132');
INSERT INTO metadata_relationship ( entity_domain, site_master, last_updated_by, oid, owner, locked_by, create_date, type, created_by, seq, key_name, last_update_date, parent_oid, child_oid) VALUES (NULL, 'www.runwaysdk.com', '000000000000000000000000000000100060', '3deb828e-6b29-3b67-bea5-0af577120269', '000000000000000000000000000000100060', NULL, '2014-02-10 12:21:40', 'com.runwaysdk.system.metadata.VirtualizeAttribute', '000000000000000000000000000000100060', 4814, '3deb828e-6b29-3b67-bea5-0af577120269', '2014-02-10 12:21:40', '0jqq6fd2kxe5xpgynmkfi57tfiog1xcl0074', 'cfeaaaa2-2fac-3a3b-9780-fc2ce5880132');
INSERT INTO metadata_display_label ( default_locale, oid, site_master, key_name) VALUES (NULL, 'zcuyq3iwzjbe99w10iglnlhclm5te9z20287', 'www.runwaysdk.com', 'zcuyq3iwzjbe99w10iglnlhclm5te9z20287');
INSERT INTO metadata_display_label ( default_locale, oid, site_master, key_name) VALUES (NULL, '7agqg3lres0ubekuxnk0kcvdlzccin7v0287', 'www.runwaysdk.com', '7agqg3lres0ubekuxnk0kcvdlzccin7v0287');
INSERT INTO md_attribute_virtual ( defining_md_view, required, md_attribute_concrete, attribute_name, display_label, oid) VALUES ('21a526e8-2c0d-38bb-b9d1-a1b432290116', NULL, 'yz5jdl3l8yaxk1xzav00ctaygx9c8tgi0080', 'timeout', 'zcuyq3iwzjbe99w10iglnlhclm5te9z20287', 'b10f2ab8-3c85-3891-afb4-d16a17470132');
INSERT INTO md_attribute ( oid) VALUES ('b10f2ab8-3c85-3891-afb4-d16a17470132');
INSERT INTO metadata ( description, created_by, owner, oid, create_date, seq, type, remove, site_master, locked_by, entity_domain, last_updated_by, last_update_date, key_name) VALUES ('7agqg3lres0ubekuxnk0kcvdlzccin7v0287', '000000000000000000000000000000100060', '000000000000000000000000000000100060', 'b10f2ab8-3c85-3891-afb4-d16a17470132', '2014-02-10 12:21:40', 4815, 'com.runwaysdk.system.metadata.MdAttributeVirtual', 1, 'www.runwaysdk.com', NULL, NULL, '000000000000000000000000000000100060', '2014-02-10 12:21:40', 'com.runwaysdk.system.scheduler.JobHistoryView.timeout');
INSERT INTO class_attribute_virtual ( oid, parent_oid, child_oid) VALUES ('08906ec3-1ad9-35d7-be30-cde520750242', '21a526e8-2c0d-38bb-b9d1-a1b432290116', 'b10f2ab8-3c85-3891-afb4-d16a17470132');
INSERT INTO class_attribute ( oid, parent_oid, child_oid) VALUES ('08906ec3-1ad9-35d7-be30-cde520750242', '21a526e8-2c0d-38bb-b9d1-a1b432290116', 'b10f2ab8-3c85-3891-afb4-d16a17470132');
INSERT INTO metadata_relationship ( entity_domain, site_master, last_updated_by, oid, owner, locked_by, create_date, type, created_by, seq, key_name, last_update_date, parent_oid, child_oid) VALUES (NULL, 'www.runwaysdk.com', '000000000000000000000000000000100060', '08906ec3-1ad9-35d7-be30-cde520750242', '000000000000000000000000000000100060', NULL, '2014-02-10 12:21:40', 'com.runwaysdk.system.metadata.ClassAttributeVirtual', '000000000000000000000000000000100060', 4816, 'com.runwaysdk.system.scheduler.JobHistoryView.timeout', '2014-02-10 12:21:40', '21a526e8-2c0d-38bb-b9d1-a1b432290116', 'b10f2ab8-3c85-3891-afb4-d16a17470132');
INSERT INTO virtualize_attribute ( oid, parent_oid, child_oid) VALUES ('a7192a44-7df2-3eef-b972-84d986800269', 'yz5jdl3l8yaxk1xzav00ctaygx9c8tgi0080', 'b10f2ab8-3c85-3891-afb4-d16a17470132');
INSERT INTO metadata_relationship ( entity_domain, site_master, last_updated_by, oid, owner, locked_by, create_date, type, created_by, seq, key_name, last_update_date, parent_oid, child_oid) VALUES (NULL, 'www.runwaysdk.com', '000000000000000000000000000000100060', 'a7192a44-7df2-3eef-b972-84d986800269', '000000000000000000000000000000100060', NULL, '2014-02-10 12:21:40', 'com.runwaysdk.system.metadata.VirtualizeAttribute', '000000000000000000000000000000100060', 4817, 'a7192a44-7df2-3eef-b972-84d986800269', '2014-02-10 12:21:40', 'yz5jdl3l8yaxk1xzav00ctaygx9c8tgi0080', 'b10f2ab8-3c85-3891-afb4-d16a17470132');
INSERT INTO metadata_display_label ( default_locale, oid, site_master, key_name) VALUES (NULL, '0g0tjkf20olf5mq6882429hx86ymh0ag0287', 'www.runwaysdk.com', '0g0tjkf20olf5mq6882429hx86ymh0ag0287');
INSERT INTO metadata_display_label ( default_locale, oid, site_master, key_name) VALUES (NULL, 'qtx39d38kiz5fos8rfcevvggxe0lkh240287', 'www.runwaysdk.com', 'qtx39d38kiz5fos8rfcevvggxe0lkh240287');
INSERT INTO md_attribute_virtual ( defining_md_view, required, md_attribute_concrete, attribute_name, display_label, oid) VALUES ('21a526e8-2c0d-38bb-b9d1-a1b432290116', NULL, '205e0e74-e66c-31ac-b2e5-18c52c660079', 'workProgress', '0g0tjkf20olf5mq6882429hx86ymh0ag0287', 'df4abd49-f8c4-37c7-b102-11f445d10132');
INSERT INTO md_attribute ( oid) VALUES ('df4abd49-f8c4-37c7-b102-11f445d10132');
INSERT INTO metadata ( description, created_by, owner, oid, create_date, seq, type, remove, site_master, locked_by, entity_domain, last_updated_by, last_update_date, key_name) VALUES ('qtx39d38kiz5fos8rfcevvggxe0lkh240287', '000000000000000000000000000000100060', '000000000000000000000000000000100060', 'df4abd49-f8c4-37c7-b102-11f445d10132', '2014-02-10 12:21:40', 4818, 'com.runwaysdk.system.metadata.MdAttributeVirtual', 1, 'www.runwaysdk.com', NULL, NULL, '000000000000000000000000000000100060', '2014-02-10 12:21:40', 'com.runwaysdk.system.scheduler.JobHistoryView.workProgress');
INSERT INTO class_attribute_virtual ( oid, parent_oid, child_oid) VALUES ('45a5d0fd-fe48-37ab-a16a-e796c2880242', '21a526e8-2c0d-38bb-b9d1-a1b432290116', 'df4abd49-f8c4-37c7-b102-11f445d10132');
INSERT INTO class_attribute ( oid, parent_oid, child_oid) VALUES ('45a5d0fd-fe48-37ab-a16a-e796c2880242', '21a526e8-2c0d-38bb-b9d1-a1b432290116', 'df4abd49-f8c4-37c7-b102-11f445d10132');
INSERT INTO metadata_relationship ( entity_domain, site_master, last_updated_by, oid, owner, locked_by, create_date, type, created_by, seq, key_name, last_update_date, parent_oid, child_oid) VALUES (NULL, 'www.runwaysdk.com', '000000000000000000000000000000100060', '45a5d0fd-fe48-37ab-a16a-e796c2880242', '000000000000000000000000000000100060', NULL, '2014-02-10 12:21:40', 'com.runwaysdk.system.metadata.ClassAttributeVirtual', '000000000000000000000000000000100060', 4819, 'com.runwaysdk.system.scheduler.JobHistoryView.workProgress', '2014-02-10 12:21:40', '21a526e8-2c0d-38bb-b9d1-a1b432290116', 'df4abd49-f8c4-37c7-b102-11f445d10132');
INSERT INTO virtualize_attribute ( oid, parent_oid, child_oid) VALUES ('6ed151bf-c275-32e7-938e-9de478870269', '205e0e74-e66c-31ac-b2e5-18c52c660079', 'df4abd49-f8c4-37c7-b102-11f445d10132');
INSERT INTO metadata_relationship ( entity_domain, site_master, last_updated_by, oid, owner, locked_by, create_date, type, created_by, seq, key_name, last_update_date, parent_oid, child_oid) VALUES (NULL, 'www.runwaysdk.com', '000000000000000000000000000000100060', '6ed151bf-c275-32e7-938e-9de478870269', '000000000000000000000000000000100060', NULL, '2014-02-10 12:21:40', 'com.runwaysdk.system.metadata.VirtualizeAttribute', '000000000000000000000000000000100060', 4820, '6ed151bf-c275-32e7-938e-9de478870269', '2014-02-10 12:21:40', '205e0e74-e66c-31ac-b2e5-18c52c660079', 'df4abd49-f8c4-37c7-b102-11f445d10132');
INSERT INTO metadata_display_label ( default_locale, oid, site_master, key_name) VALUES (NULL, '75idc4jfai9usxpy3gl1ipxz282htrxl0287', 'www.runwaysdk.com', '75idc4jfai9usxpy3gl1ipxz282htrxl0287');
INSERT INTO metadata_display_label ( default_locale, oid, site_master, key_name) VALUES (NULL, 'xw71cwps56y58hog4h2wbvic5syyiu1i0287', 'www.runwaysdk.com', 'xw71cwps56y58hog4h2wbvic5syyiu1i0287');
INSERT INTO md_attribute_virtual ( defining_md_view, required, md_attribute_concrete, attribute_name, display_label, oid) VALUES ('21a526e8-2c0d-38bb-b9d1-a1b432290116', NULL, 'c9288f09-3cbb-3d03-933a-7529dbd70079', 'workTotal', '75idc4jfai9usxpy3gl1ipxz282htrxl0287', 'bc152691-aa81-3eb2-880d-42b5ff160132');
INSERT INTO md_attribute ( oid) VALUES ('bc152691-aa81-3eb2-880d-42b5ff160132');
INSERT INTO metadata ( description, created_by, owner, oid, create_date, seq, type, remove, site_master, locked_by, entity_domain, last_updated_by, last_update_date, key_name) VALUES ('xw71cwps56y58hog4h2wbvic5syyiu1i0287', '000000000000000000000000000000100060', '000000000000000000000000000000100060', 'bc152691-aa81-3eb2-880d-42b5ff160132', '2014-02-10 12:21:40', 4821, 'com.runwaysdk.system.metadata.MdAttributeVirtual', 1, 'www.runwaysdk.com', NULL, NULL, '000000000000000000000000000000100060', '2014-02-10 12:21:40', 'com.runwaysdk.system.scheduler.JobHistoryView.workTotal');
INSERT INTO class_attribute_virtual ( oid, parent_oid, child_oid) VALUES ('c6a749d9-97a6-3839-b66c-e3c6c24a0242', '21a526e8-2c0d-38bb-b9d1-a1b432290116', 'bc152691-aa81-3eb2-880d-42b5ff160132');
INSERT INTO class_attribute ( oid, parent_oid, child_oid) VALUES ('c6a749d9-97a6-3839-b66c-e3c6c24a0242', '21a526e8-2c0d-38bb-b9d1-a1b432290116', 'bc152691-aa81-3eb2-880d-42b5ff160132');
INSERT INTO metadata_relationship ( entity_domain, site_master, last_updated_by, oid, owner, locked_by, create_date, type, created_by, seq, key_name, last_update_date, parent_oid, child_oid) VALUES (NULL, 'www.runwaysdk.com', '000000000000000000000000000000100060', 'c6a749d9-97a6-3839-b66c-e3c6c24a0242', '000000000000000000000000000000100060', NULL, '2014-02-10 12:21:40', 'com.runwaysdk.system.metadata.ClassAttributeVirtual', '000000000000000000000000000000100060', 4822, 'com.runwaysdk.system.scheduler.JobHistoryView.workTotal', '2014-02-10 12:21:40', '21a526e8-2c0d-38bb-b9d1-a1b432290116', 'bc152691-aa81-3eb2-880d-42b5ff160132');
INSERT INTO virtualize_attribute ( oid, parent_oid, child_oid) VALUES ('699add16-6bdb-3e7b-a4c9-62404c2c0269', 'c9288f09-3cbb-3d03-933a-7529dbd70079', 'bc152691-aa81-3eb2-880d-42b5ff160132');
INSERT INTO metadata_relationship ( entity_domain, site_master, last_updated_by, oid, owner, locked_by, create_date, type, created_by, seq, key_name, last_update_date, parent_oid, child_oid) VALUES (NULL, 'www.runwaysdk.com', '000000000000000000000000000000100060', '699add16-6bdb-3e7b-a4c9-62404c2c0269', '000000000000000000000000000000100060', NULL, '2014-02-10 12:21:40', 'com.runwaysdk.system.metadata.VirtualizeAttribute', '000000000000000000000000000000100060', 4823, '699add16-6bdb-3e7b-a4c9-62404c2c0269', '2014-02-10 12:21:40', 'c9288f09-3cbb-3d03-933a-7529dbd70079', 'bc152691-aa81-3eb2-880d-42b5ff160132');
INSERT INTO metadata_display_label ( default_locale, oid, site_master, key_name) VALUES ('Get job histories', '6ycorejcc2c0ouximdbb9oo2eo05laje0287', 'www.runwaysdk.com', '6ycorejcc2c0ouximdbb9oo2eo05laje0287');
INSERT INTO metadata_display_label ( default_locale, oid, site_master, key_name) VALUES (NULL, 'qt3uiz96i5gpftllzhrb0dogb6vu51gh0287', 'www.runwaysdk.com', 'qt3uiz96i5gpftllzhrb0dogb6vu51gh0287');
INSERT INTO md_method ( method_name, md_type, is_static, return_type, display_label, oid) VALUES ('getJobHistories', '21a526e8-2c0d-38bb-b9d1-a1b432290116', 1, 'com.runwaysdk.system.scheduler.JobHistoryViewQuery', '6ycorejcc2c0ouximdbb9oo2eo05laje0287', 'b71159d8-3fe4-344a-90f7-ccd4ee8f0109');
INSERT INTO metadata ( description, created_by, owner, oid, create_date, seq, type, remove, site_master, locked_by, entity_domain, last_updated_by, last_update_date, key_name) VALUES ('qt3uiz96i5gpftllzhrb0dogb6vu51gh0287', '000000000000000000000000000000100060', '000000000000000000000000000000100060', 'b71159d8-3fe4-344a-90f7-ccd4ee8f0109', '2014-02-10 12:21:40', 4824, 'com.runwaysdk.system.metadata.MdMethod', 1, 'www.runwaysdk.com', NULL, NULL, '000000000000000000000000000000100060', '2014-02-10 12:21:40', 'com.runwaysdk.system.scheduler.JobHistoryView.getJobHistories');
INSERT INTO type_method ( oid, parent_oid, child_oid) VALUES ('4a57da20-4b00-33f5-b93d-285ae6da0255', '21a526e8-2c0d-38bb-b9d1-a1b432290116', 'b71159d8-3fe4-344a-90f7-ccd4ee8f0109');
INSERT INTO metadata_relationship ( entity_domain, site_master, last_updated_by, oid, owner, locked_by, create_date, type, created_by, seq, key_name, last_update_date, parent_oid, child_oid) VALUES (NULL, 'www.runwaysdk.com', '000000000000000000000000000000100060', '4a57da20-4b00-33f5-b93d-285ae6da0255', '000000000000000000000000000000100060', NULL, '2014-02-10 12:21:40', 'com.runwaysdk.system.metadata.TypeMethod', '000000000000000000000000000000100060', 4825, 'com.runwaysdk.system.scheduler.JobHistoryView.getJobHistories', '2014-02-10 12:21:40', '21a526e8-2c0d-38bb-b9d1-a1b432290116', 'b71159d8-3fe4-344a-90f7-ccd4ee8f0109');
INSERT INTO metadata_display_label ( default_locale, oid, site_master, key_name) VALUES ('Sort attribute', '7dgaz82mj5h1hu3e0l6ov1c3h5lv80500287', 'www.runwaysdk.com', '7dgaz82mj5h1hu3e0l6ov1c3h5lv80500287');
INSERT INTO metadata_display_label ( default_locale, oid, site_master, key_name) VALUES (NULL, 'zlqj3qumxiv3ie220anfpaghs3ec1wdr0287', 'www.runwaysdk.com', 'zlqj3qumxiv3ie220anfpaghs3ec1wdr0287');
INSERT INTO md_parameter ( metadata, parameter_order, parameter_name, parameter_type, display_label, oid) VALUES ('b71159d8-3fe4-344a-90f7-ccd4ee8f0109', 1, 'sortAttribute', 'java.lang.String', '7dgaz82mj5h1hu3e0l6ov1c3h5lv80500287', 'su1n1spbuogoih801ei2zatb1mqu08g30110');
INSERT INTO metadata ( description, created_by, owner, oid, create_date, seq, type, remove, site_master, locked_by, entity_domain, last_updated_by, last_update_date, key_name) VALUES ('zlqj3qumxiv3ie220anfpaghs3ec1wdr0287', '000000000000000000000000000000100060', '000000000000000000000000000000100060', 'su1n1spbuogoih801ei2zatb1mqu08g30110', '2014-02-10 12:21:40', 4826, 'com.runwaysdk.system.metadata.MdParameter', 1, 'www.runwaysdk.com', NULL, NULL, '000000000000000000000000000000100060', '2014-02-10 12:21:40', 'com.runwaysdk.system.scheduler.JobHistoryView.getJobHistories.sortAttribute');
INSERT INTO metadata_parameter ( site_master, last_updated_by, create_date, seq, locked_by, entity_domain, created_by, type, last_update_date, key_name, owner, oid, parent_oid, child_oid) VALUES ('www.runwaysdk.com', '000000000000000000000000000000100060', '2014-02-10 12:21:40', 4827, NULL, NULL, '000000000000000000000000000000100060', 'com.runwaysdk.system.MetadataParameter', '2014-02-10 12:21:40', 'com.runwaysdk.system.scheduler.JobHistoryView.getJobHistories.sortAttribute', '000000000000000000000000000000100060', 'qym78yt2p0673hrq683f7h1n2lw2deqg0256', 'b71159d8-3fe4-344a-90f7-ccd4ee8f0109', 'su1n1spbuogoih801ei2zatb1mqu08g30110');
INSERT INTO metadata_display_label ( default_locale, oid, site_master, key_name) VALUES ('Is ascending', 'xfbhjixmcj35okprmpuv93zsakzc7u340287', 'www.runwaysdk.com', 'xfbhjixmcj35okprmpuv93zsakzc7u340287');
INSERT INTO metadata_display_label ( default_locale, oid, site_master, key_name) VALUES (NULL, 'xrfi1dtlbvlowcqlx6sw4494zn8g54am0287', 'www.runwaysdk.com', 'xrfi1dtlbvlowcqlx6sw4494zn8g54am0287');
INSERT INTO md_parameter ( metadata, parameter_order, parameter_name, parameter_type, display_label, oid) VALUES ('b71159d8-3fe4-344a-90f7-ccd4ee8f0109', 2, 'isAscending', 'java.lang.Boolean', 'xfbhjixmcj35okprmpuv93zsakzc7u340287', '1yp76mr8vrq4rnybuho958dijg5pve6r0110');
INSERT INTO metadata ( description, created_by, owner, oid, create_date, seq, type, remove, site_master, locked_by, entity_domain, last_updated_by, last_update_date, key_name) VALUES ('xrfi1dtlbvlowcqlx6sw4494zn8g54am0287', '000000000000000000000000000000100060', '000000000000000000000000000000100060', '1yp76mr8vrq4rnybuho958dijg5pve6r0110', '2014-02-10 12:21:40', 4828, 'com.runwaysdk.system.metadata.MdParameter', 1, 'www.runwaysdk.com', NULL, NULL, '000000000000000000000000000000100060', '2014-02-10 12:21:40', 'com.runwaysdk.system.scheduler.JobHistoryView.getJobHistories.isAscending');
INSERT INTO metadata_parameter ( site_master, last_updated_by, create_date, seq, locked_by, entity_domain, created_by, type, last_update_date, key_name, owner, oid, parent_oid, child_oid) VALUES ('www.runwaysdk.com', '000000000000000000000000000000100060', '2014-02-10 12:21:40', 4829, NULL, NULL, '000000000000000000000000000000100060', 'com.runwaysdk.system.MetadataParameter', '2014-02-10 12:21:40', 'com.runwaysdk.system.scheduler.JobHistoryView.getJobHistories.isAscending', '000000000000000000000000000000100060', '0cbin6ufa88nf131sir8eths5u77g8870256', 'b71159d8-3fe4-344a-90f7-ccd4ee8f0109', '1yp76mr8vrq4rnybuho958dijg5pve6r0110');
INSERT INTO metadata_display_label ( default_locale, oid, site_master, key_name) VALUES ('Page size', '0hefaroksjzh9j6bxyenrjgxlwpxoo2r0287', 'www.runwaysdk.com', '0hefaroksjzh9j6bxyenrjgxlwpxoo2r0287');
INSERT INTO metadata_display_label ( default_locale, oid, site_master, key_name) VALUES (NULL, 'x8q9ned31du78cst1cn4bqws4pwn46wc0287', 'www.runwaysdk.com', 'x8q9ned31du78cst1cn4bqws4pwn46wc0287');
INSERT INTO md_parameter ( metadata, parameter_order, parameter_name, parameter_type, display_label, oid) VALUES ('b71159d8-3fe4-344a-90f7-ccd4ee8f0109', 3, 'pageSize', 'java.lang.Integer', '0hefaroksjzh9j6bxyenrjgxlwpxoo2r0287', '6x5pel2kbk0no6w63hbh9avawjgd0cpy0110');
INSERT INTO metadata ( description, created_by, owner, oid, create_date, seq, type, remove, site_master, locked_by, entity_domain, last_updated_by, last_update_date, key_name) VALUES ('x8q9ned31du78cst1cn4bqws4pwn46wc0287', '000000000000000000000000000000100060', '000000000000000000000000000000100060', '6x5pel2kbk0no6w63hbh9avawjgd0cpy0110', '2014-02-10 12:21:40', 4830, 'com.runwaysdk.system.metadata.MdParameter', 1, 'www.runwaysdk.com', NULL, NULL, '000000000000000000000000000000100060', '2014-02-10 12:21:40', 'com.runwaysdk.system.scheduler.JobHistoryView.getJobHistories.pageSize');
INSERT INTO metadata_parameter ( site_master, last_updated_by, create_date, seq, locked_by, entity_domain, created_by, type, last_update_date, key_name, owner, oid, parent_oid, child_oid) VALUES ('www.runwaysdk.com', '000000000000000000000000000000100060', '2014-02-10 12:21:40', 4831, NULL, NULL, '000000000000000000000000000000100060', 'com.runwaysdk.system.MetadataParameter', '2014-02-10 12:21:40', 'com.runwaysdk.system.scheduler.JobHistoryView.getJobHistories.pageSize', '000000000000000000000000000000100060', 'qtmcoi8do32picg0lxq4vzk9kbyw54it0256', 'b71159d8-3fe4-344a-90f7-ccd4ee8f0109', '6x5pel2kbk0no6w63hbh9avawjgd0cpy0110');
INSERT INTO metadata_display_label ( default_locale, oid, site_master, key_name) VALUES ('Page number', '2gg6p74q71vcsfzr4vf2f32ffh5a5iti0287', 'www.runwaysdk.com', '2gg6p74q71vcsfzr4vf2f32ffh5a5iti0287');
INSERT INTO metadata_display_label ( default_locale, oid, site_master, key_name) VALUES (NULL, 'z8avwhg0enmjdfysln34vz9swf9yjgia0287', 'www.runwaysdk.com', 'z8avwhg0enmjdfysln34vz9swf9yjgia0287');
INSERT INTO md_parameter ( metadata, parameter_order, parameter_name, parameter_type, display_label, oid) VALUES ('b71159d8-3fe4-344a-90f7-ccd4ee8f0109', 4, 'pageNumber', 'java.lang.Integer', '2gg6p74q71vcsfzr4vf2f32ffh5a5iti0287', 'rcgzg6ej0pod5g90hn1j0n36x2k6ua2n0110');
INSERT INTO metadata ( description, created_by, owner, oid, create_date, seq, type, remove, site_master, locked_by, entity_domain, last_updated_by, last_update_date, key_name) VALUES ('z8avwhg0enmjdfysln34vz9swf9yjgia0287', '000000000000000000000000000000100060', '000000000000000000000000000000100060', 'rcgzg6ej0pod5g90hn1j0n36x2k6ua2n0110', '2014-02-10 12:21:40', 4832, 'com.runwaysdk.system.metadata.MdParameter', 1, 'www.runwaysdk.com', NULL, NULL, '000000000000000000000000000000100060', '2014-02-10 12:21:40', 'com.runwaysdk.system.scheduler.JobHistoryView.getJobHistories.pageNumber');
INSERT INTO metadata_parameter ( site_master, last_updated_by, create_date, seq, locked_by, entity_domain, created_by, type, last_update_date, key_name, owner, oid, parent_oid, child_oid) VALUES ('www.runwaysdk.com', '000000000000000000000000000000100060', '2014-02-10 12:21:40', 4833, NULL, NULL, '000000000000000000000000000000100060', 'com.runwaysdk.system.MetadataParameter', '2014-02-10 12:21:40', 'com.runwaysdk.system.scheduler.JobHistoryView.getJobHistories.pageNumber', '000000000000000000000000000000100060', '06rx3orn0j5g1g4eoe84ouutec5pf00y0256', 'b71159d8-3fe4-344a-90f7-ccd4ee8f0109', 'rcgzg6ej0pod5g90hn1j0n36x2k6ua2n0110');
UPDATE md_type SET display_label= '1s2rs2hnvmemvjhk7z8r41svmp2epmnu0287' , root_id= '0myp064p1wj846sqldssh6511t6pniro' , package_name= 'com.runwaysdk.system.scheduler' , type_name= 'JobHistoryView' , oid= '21a526e8-2c0d-38bb-b9d1-a1b432290116'  WHERE oid='21a526e8-2c0d-38bb-b9d1-a1b432290116';
UPDATE metadata SET description= '2bu7jnnt7i5h4mvpnux2wmw3daue2n1b0287' , created_by= '000000000000000000000000000000100060' , owner= '000000000000000000000000000000100060' , oid= '21a526e8-2c0d-38bb-b9d1-a1b432290116' , create_date= '2014-02-10 12:21:40' , seq= 4834 , type= 'com.runwaysdk.system.metadata.MdView' , site_master= 'www.runwaysdk.com' , last_updated_by= '000000000000000000000000000000100060' , last_update_date= '2014-02-10 12:21:40' , key_name= 'com.runwaysdk.system.scheduler.JobHistoryView'  WHERE oid='21a526e8-2c0d-38bb-b9d1-a1b432290116';
