INSERT INTO metadata_display_label ( default_locale, oid, site_master, key_name) VALUES ('Job history view', '1s2rs2hnvmemvjhk7z8r41svmp2epmnu0287', 'www.runwaysdk.com', '1s2rs2hnvmemvjhk7z8r41svmp2epmnu0287');
INSERT INTO metadata_display_label ( default_locale, oid, site_master, key_name) VALUES (NULL, '2bu7jnnt7i5h4mvpnux2wmw3daue2n1b0287', 'www.runwaysdk.com', '2bu7jnnt7i5h4mvpnux2wmw3daue2n1b0287');
INSERT INTO md_view ( super_md_view, query_dto_source, query_base_source, query_stub_source, oid) VALUES (NULL, NULL, NULL, NULL, '0myp064p1wj846sqldssh6511t6pniro20071129NM0000000000000000000005');
INSERT INTO md_session ( oid) VALUES ('0myp064p1wj846sqldssh6511t6pniro20071129NM0000000000000000000005');
INSERT INTO md_transient ( extendable, is_abstract, oid) VALUES (1, 0, '0myp064p1wj846sqldssh6511t6pniro20071129NM0000000000000000000005');
INSERT INTO md_class ( publish, stub_dto_source, stub_source, oid) VALUES (1, NULL, NULL, '0myp064p1wj846sqldssh6511t6pniro20071129NM0000000000000000000005');
INSERT INTO md_type ( display_label, root_id, package_name, type_name, base_source, js_base, js_stub, exported, dto_source, oid) VALUES ('1s2rs2hnvmemvjhk7z8r41svmp2epmnu0287', '0myp064p1wj846sqldssh6511t6pniro', 'com.runwaysdk.system.scheduler', 'JobHistoryView', NULL, NULL, NULL, 1, NULL, '0myp064p1wj846sqldssh6511t6pniro20071129NM0000000000000000000005');
INSERT INTO metadata ( description, created_by, owner, oid, create_date, seq, type, remove, site_master, locked_by, entity_domain, last_updated_by, last_update_date, key_name) VALUES ('2bu7jnnt7i5h4mvpnux2wmw3daue2n1b0287', '000000000000000000000000000000100060', '000000000000000000000000000000100060', '0myp064p1wj846sqldssh6511t6pniro20071129NM0000000000000000000005', '2014-02-10 12:21:40', 4749, 'com.runwaysdk.system.metadata.MdView', 1, 'www.runwaysdk.com', NULL, NULL, '000000000000000000000000000000100060', '2014-02-10 12:21:40', 'com.runwaysdk.system.scheduler.JobHistoryView');
 INSERT INTO visibilitymodifier (set_id, item_id)  VALUES  ('xqsijyaadfbbtv9iluidaz5hiausaxtd', '20071109NM00000000000000000000050113');
INSERT INTO metadata_display_label ( default_locale, oid, site_master, key_name) VALUES ('ID', 'sm48hnmq78qxw7wny9lucn9cviodup610287', 'www.runwaysdk.com', 'sm48hnmq78qxw7wny9lucn9cviodup610287');
 INSERT INTO visibilitymodifier (set_id, item_id)  VALUES  ('r9cz98mt6exy2sjn8km40yqmigw7l74u', '20071109NM00000000000000000000050113');
 INSERT INTO md_attribute_indicies (set_id, item_id)  VALUES  ('8e4fugnvnex1wvn8zuft4ysknxlgcp0v', '000000000000000000000000000004090085');
INSERT INTO metadata_display_label ( default_locale, oid, site_master, key_name) VALUES ('ID of this object', '6qp03xge5yuz514r3ui9mmpx7f4ero2n0287', 'www.runwaysdk.com', '6qp03xge5yuz514r3ui9mmpx7f4ero2n0287');
INSERT INTO md_attribute_character ( default_value, database_size, oid) VALUES (NULL, 64, 'zoasw1eofdepioet5axepotlpx1us7ap0067');
INSERT INTO md_attribute_char ( oid) VALUES ('zoasw1eofdepioet5axepotlpx1us7ap0067');
INSERT INTO md_attribute_primitive ( oid) VALUES ('zoasw1eofdepioet5axepotlpx1us7ap0067');
INSERT INTO md_attribute_concrete ( column_name, defining_md_class, setter_visibility, setter_visibility_c, immutable, index_name, generate_accessor, system, required, display_label, getter_visibility, getter_visibility_c, index_type, index_type_c, attribute_name, oid) VALUES ('n_a', '0myp064p1wj846sqldssh6511t6pniro20071129NM0000000000000000000005', 'xqsijyaadfbbtv9iluidaz5hiausaxtd', '20071109NM00000000000000000000050113', 0, NULL, 1, 1, 1, 'sm48hnmq78qxw7wny9lucn9cviodup610287', 'r9cz98mt6exy2sjn8km40yqmigw7l74u', '20071109NM00000000000000000000050113', '8e4fugnvnex1wvn8zuft4ysknxlgcp0v', '000000000000000000000000000004090085', 'oid', 'zoasw1eofdepioet5axepotlpx1us7ap0067');
INSERT INTO md_attribute ( oid) VALUES ('zoasw1eofdepioet5axepotlpx1us7ap0067');
INSERT INTO metadata ( description, created_by, owner, oid, create_date, seq, type, remove, site_master, locked_by, entity_domain, last_updated_by, last_update_date, key_name) VALUES ('6qp03xge5yuz514r3ui9mmpx7f4ero2n0287', '000000000000000000000000000000100060', '000000000000000000000000000000100060', 'zoasw1eofdepioet5axepotlpx1us7ap0067', '2014-02-10 12:21:40', 4750, 'com.runwaysdk.system.metadata.MdAttributeCharacter', 0, 'www.runwaysdk.com', NULL, NULL, '000000000000000000000000000000100060', '2014-02-10 12:21:40', 'com.runwaysdk.system.scheduler.JobHistoryView.oid');
INSERT INTO class_attribute_concrete ( oid, parent_oid, child_oid) VALUES ('zgrt908iitfoxsh2te82acx6frpk6k650245', '0myp064p1wj846sqldssh6511t6pniro20071129NM0000000000000000000005', 'zoasw1eofdepioet5axepotlpx1us7ap0067');
INSERT INTO class_attribute ( oid, parent_oid, child_oid) VALUES ('zgrt908iitfoxsh2te82acx6frpk6k650245', '0myp064p1wj846sqldssh6511t6pniro20071129NM0000000000000000000005', 'zoasw1eofdepioet5axepotlpx1us7ap0067');
INSERT INTO metadata_relationship ( entity_domain, site_master, last_updated_by, oid, owner, locked_by, create_date, type, created_by, seq, key_name, last_update_date, parent_oid, child_oid) VALUES (NULL, 'www.runwaysdk.com', '000000000000000000000000000000100060', 'zgrt908iitfoxsh2te82acx6frpk6k650245', '000000000000000000000000000000100060', NULL, '2014-02-10 12:21:40', 'com.runwaysdk.system.metadata.ClassAttributeConcrete', '000000000000000000000000000000100060', 4751, 'com.runwaysdk.system.scheduler.JobHistoryView.oid', '2014-02-10 12:21:40', '0myp064p1wj846sqldssh6511t6pniro20071129NM0000000000000000000005', 'zoasw1eofdepioet5axepotlpx1us7ap0067');
INSERT INTO metadata_display_label ( default_locale, oid, site_master, key_name) VALUES (NULL, 'z48aj4ubu0vdqt9il7z71e0gfzq87rlu0287', 'www.runwaysdk.com', 'z48aj4ubu0vdqt9il7z71e0gfzq87rlu0287');
INSERT INTO metadata_display_label ( default_locale, oid, site_master, key_name) VALUES (NULL, 'yxevap4q2gcugtgd6zjotz76zgidkwtu0287', 'www.runwaysdk.com', 'yxevap4q2gcugtgd6zjotz76zgidkwtu0287');
INSERT INTO md_attribute_virtual ( defining_md_view, required, md_attribute_concrete, attribute_name, display_label, oid) VALUES ('0myp064p1wj846sqldssh6511t6pniro20071129NM0000000000000000000005', NULL, 'xwh81hemts3cxodgwsla6b0bx63zuvfe00000000000000000000000000000341', 'createDate', 'z48aj4ubu0vdqt9il7z71e0gfzq87rlu0287', 'y1frsxjzdkx48k2d8lwl4tjpdey2uu19NM200811060000000000000000000001');
INSERT INTO md_attribute ( oid) VALUES ('y1frsxjzdkx48k2d8lwl4tjpdey2uu19NM200811060000000000000000000001');
INSERT INTO metadata ( description, created_by, owner, oid, create_date, seq, type, remove, site_master, locked_by, entity_domain, last_updated_by, last_update_date, key_name) VALUES ('yxevap4q2gcugtgd6zjotz76zgidkwtu0287', '000000000000000000000000000000100060', '000000000000000000000000000000100060', 'y1frsxjzdkx48k2d8lwl4tjpdey2uu19NM200811060000000000000000000001', '2014-02-10 12:21:40', 4752, 'com.runwaysdk.system.metadata.MdAttributeVirtual', 1, 'www.runwaysdk.com', NULL, NULL, '000000000000000000000000000000100060', '2014-02-10 12:21:40', 'com.runwaysdk.system.scheduler.JobHistoryView.createDate');
INSERT INTO class_attribute_virtual ( oid, parent_oid, child_oid) VALUES ('1s8ykl9rkfvfq1hjdxbbkkcvxrug60oyNM200811060000000000000000000005', '0myp064p1wj846sqldssh6511t6pniro20071129NM0000000000000000000005', 'y1frsxjzdkx48k2d8lwl4tjpdey2uu19NM200811060000000000000000000001');
INSERT INTO class_attribute ( oid, parent_oid, child_oid) VALUES ('1s8ykl9rkfvfq1hjdxbbkkcvxrug60oyNM200811060000000000000000000005', '0myp064p1wj846sqldssh6511t6pniro20071129NM0000000000000000000005', 'y1frsxjzdkx48k2d8lwl4tjpdey2uu19NM200811060000000000000000000001');
INSERT INTO metadata_relationship ( entity_domain, site_master, last_updated_by, oid, owner, locked_by, create_date, type, created_by, seq, key_name, last_update_date, parent_oid, child_oid) VALUES (NULL, 'www.runwaysdk.com', '000000000000000000000000000000100060', '1s8ykl9rkfvfq1hjdxbbkkcvxrug60oyNM200811060000000000000000000005', '000000000000000000000000000000100060', NULL, '2014-02-10 12:21:40', 'com.runwaysdk.system.metadata.ClassAttributeVirtual', '000000000000000000000000000000100060', 4753, 'com.runwaysdk.system.scheduler.JobHistoryView.createDate', '2014-02-10 12:21:40', '0myp064p1wj846sqldssh6511t6pniro20071129NM0000000000000000000005', 'y1frsxjzdkx48k2d8lwl4tjpdey2uu19NM200811060000000000000000000001');
INSERT INTO virtualize_attribute ( oid, parent_oid, child_oid) VALUES ('y06o72b3ferc75ub0sesr2mfruuveat5NM200811200000000000000000000023', 'xwh81hemts3cxodgwsla6b0bx63zuvfe00000000000000000000000000000341', 'y1frsxjzdkx48k2d8lwl4tjpdey2uu19NM200811060000000000000000000001');
INSERT INTO metadata_relationship ( entity_domain, site_master, last_updated_by, oid, owner, locked_by, create_date, type, created_by, seq, key_name, last_update_date, parent_oid, child_oid) VALUES (NULL, 'www.runwaysdk.com', '000000000000000000000000000000100060', 'y06o72b3ferc75ub0sesr2mfruuveat5NM200811200000000000000000000023', '000000000000000000000000000000100060', NULL, '2014-02-10 12:21:40', 'com.runwaysdk.system.metadata.VirtualizeAttribute', '000000000000000000000000000000100060', 4754, 'y06o72b3ferc75ub0sesr2mfruuveat5NM200811200000000000000000000023', '2014-02-10 12:21:40', 'xwh81hemts3cxodgwsla6b0bx63zuvfe00000000000000000000000000000341', 'y1frsxjzdkx48k2d8lwl4tjpdey2uu19NM200811060000000000000000000001');
INSERT INTO metadata_display_label ( default_locale, oid, site_master, key_name) VALUES (NULL, '8e1885bhbfslxsabu3oy5zikom3gi57c0287', 'www.runwaysdk.com', '8e1885bhbfslxsabu3oy5zikom3gi57c0287');
INSERT INTO metadata_display_label ( default_locale, oid, site_master, key_name) VALUES (NULL, 'zd5ugqh29lkw9wz1ocgkxgd9zzwakerf0287', 'www.runwaysdk.com', 'zd5ugqh29lkw9wz1ocgkxgd9zzwakerf0287');
INSERT INTO md_attribute_virtual ( defining_md_view, required, md_attribute_concrete, attribute_name, display_label, oid) VALUES ('0myp064p1wj846sqldssh6511t6pniro20071129NM0000000000000000000005', NULL, '8mqqlcqjf08v64cxlmrhbzc7nsbglsgs000000000000MdAttributeLocalText', 'historyComment', '8e1885bhbfslxsabu3oy5zikom3gi57c0287', '21n24bkvwwuxbyc45cfka1o0bxiwj3y3NM200811060000000000000000000001');
INSERT INTO md_attribute ( oid) VALUES ('21n24bkvwwuxbyc45cfka1o0bxiwj3y3NM200811060000000000000000000001');
INSERT INTO metadata ( description, created_by, owner, oid, create_date, seq, type, remove, site_master, locked_by, entity_domain, last_updated_by, last_update_date, key_name) VALUES ('zd5ugqh29lkw9wz1ocgkxgd9zzwakerf0287', '000000000000000000000000000000100060', '000000000000000000000000000000100060', '21n24bkvwwuxbyc45cfka1o0bxiwj3y3NM200811060000000000000000000001', '2014-02-10 12:21:40', 4755, 'com.runwaysdk.system.metadata.MdAttributeVirtual', 1, 'www.runwaysdk.com', NULL, NULL, '000000000000000000000000000000100060', '2014-02-10 12:21:40', 'com.runwaysdk.system.scheduler.JobHistoryView.historyComment');
INSERT INTO class_attribute_virtual ( oid, parent_oid, child_oid) VALUES ('xl2w08fmg6vbfcwrgrlio55sk1um9xhnNM200811060000000000000000000005', '0myp064p1wj846sqldssh6511t6pniro20071129NM0000000000000000000005', '21n24bkvwwuxbyc45cfka1o0bxiwj3y3NM200811060000000000000000000001');
INSERT INTO class_attribute ( oid, parent_oid, child_oid) VALUES ('xl2w08fmg6vbfcwrgrlio55sk1um9xhnNM200811060000000000000000000005', '0myp064p1wj846sqldssh6511t6pniro20071129NM0000000000000000000005', '21n24bkvwwuxbyc45cfka1o0bxiwj3y3NM200811060000000000000000000001');
INSERT INTO metadata_relationship ( entity_domain, site_master, last_updated_by, oid, owner, locked_by, create_date, type, created_by, seq, key_name, last_update_date, parent_oid, child_oid) VALUES (NULL, 'www.runwaysdk.com', '000000000000000000000000000000100060', 'xl2w08fmg6vbfcwrgrlio55sk1um9xhnNM200811060000000000000000000005', '000000000000000000000000000000100060', NULL, '2014-02-10 12:21:40', 'com.runwaysdk.system.metadata.ClassAttributeVirtual', '000000000000000000000000000000100060', 4756, 'com.runwaysdk.system.scheduler.JobHistoryView.historyComment', '2014-02-10 12:21:40', '0myp064p1wj846sqldssh6511t6pniro20071129NM0000000000000000000005', '21n24bkvwwuxbyc45cfka1o0bxiwj3y3NM200811060000000000000000000001');
INSERT INTO virtualize_attribute ( oid, parent_oid, child_oid) VALUES ('qv2g8htzjdk7ttywctataiw2mltmkubaNM200811200000000000000000000023', '8mqqlcqjf08v64cxlmrhbzc7nsbglsgs000000000000MdAttributeLocalText', '21n24bkvwwuxbyc45cfka1o0bxiwj3y3NM200811060000000000000000000001');
INSERT INTO metadata_relationship ( entity_domain, site_master, last_updated_by, oid, owner, locked_by, create_date, type, created_by, seq, key_name, last_update_date, parent_oid, child_oid) VALUES (NULL, 'www.runwaysdk.com', '000000000000000000000000000000100060', 'qv2g8htzjdk7ttywctataiw2mltmkubaNM200811200000000000000000000023', '000000000000000000000000000000100060', NULL, '2014-02-10 12:21:40', 'com.runwaysdk.system.metadata.VirtualizeAttribute', '000000000000000000000000000000100060', 4757, 'qv2g8htzjdk7ttywctataiw2mltmkubaNM200811200000000000000000000023', '2014-02-10 12:21:40', '8mqqlcqjf08v64cxlmrhbzc7nsbglsgs000000000000MdAttributeLocalText', '21n24bkvwwuxbyc45cfka1o0bxiwj3y3NM200811060000000000000000000001');
INSERT INTO metadata_display_label ( default_locale, oid, site_master, key_name) VALUES (NULL, 'yyukizxk09m8yyiekea5bdyutd38q92q0287', 'www.runwaysdk.com', 'yyukizxk09m8yyiekea5bdyutd38q92q0287');
INSERT INTO metadata_display_label ( default_locale, oid, site_master, key_name) VALUES (NULL, 'zn4h52mqyc4crgotsc5nfxo3tzowe0f10287', 'www.runwaysdk.com', 'zn4h52mqyc4crgotsc5nfxo3tzowe0f10287');
INSERT INTO md_attribute_virtual ( defining_md_view, required, md_attribute_concrete, attribute_name, display_label, oid) VALUES ('0myp064p1wj846sqldssh6511t6pniro20071129NM0000000000000000000005', NULL, '93q4l4k5qp20ynk7n2win58beeeg2hbs000000000000MdAttributeLocalText', 'historyInformation', 'yyukizxk09m8yyiekea5bdyutd38q92q0287', 'yz90dqgrt1qrc91091b1n5h96095nqvgNM200811060000000000000000000001');
INSERT INTO md_attribute ( oid) VALUES ('yz90dqgrt1qrc91091b1n5h96095nqvgNM200811060000000000000000000001');
INSERT INTO metadata ( description, created_by, owner, oid, create_date, seq, type, remove, site_master, locked_by, entity_domain, last_updated_by, last_update_date, key_name) VALUES ('zn4h52mqyc4crgotsc5nfxo3tzowe0f10287', '000000000000000000000000000000100060', '000000000000000000000000000000100060', 'yz90dqgrt1qrc91091b1n5h96095nqvgNM200811060000000000000000000001', '2014-02-10 12:21:40', 4758, 'com.runwaysdk.system.metadata.MdAttributeVirtual', 1, 'www.runwaysdk.com', NULL, NULL, '000000000000000000000000000000100060', '2014-02-10 12:21:40', 'com.runwaysdk.system.scheduler.JobHistoryView.historyInformation');
INSERT INTO class_attribute_virtual ( oid, parent_oid, child_oid) VALUES ('xnug6s2gymbs1wkgitocexae259whr1qNM200811060000000000000000000005', '0myp064p1wj846sqldssh6511t6pniro20071129NM0000000000000000000005', 'yz90dqgrt1qrc91091b1n5h96095nqvgNM200811060000000000000000000001');
INSERT INTO class_attribute ( oid, parent_oid, child_oid) VALUES ('xnug6s2gymbs1wkgitocexae259whr1qNM200811060000000000000000000005', '0myp064p1wj846sqldssh6511t6pniro20071129NM0000000000000000000005', 'yz90dqgrt1qrc91091b1n5h96095nqvgNM200811060000000000000000000001');
INSERT INTO metadata_relationship ( entity_domain, site_master, last_updated_by, oid, owner, locked_by, create_date, type, created_by, seq, key_name, last_update_date, parent_oid, child_oid) VALUES (NULL, 'www.runwaysdk.com', '000000000000000000000000000000100060', 'xnug6s2gymbs1wkgitocexae259whr1qNM200811060000000000000000000005', '000000000000000000000000000000100060', NULL, '2014-02-10 12:21:40', 'com.runwaysdk.system.metadata.ClassAttributeVirtual', '000000000000000000000000000000100060', 4759, 'com.runwaysdk.system.scheduler.JobHistoryView.historyInformation', '2014-02-10 12:21:40', '0myp064p1wj846sqldssh6511t6pniro20071129NM0000000000000000000005', 'yz90dqgrt1qrc91091b1n5h96095nqvgNM200811060000000000000000000001');
INSERT INTO virtualize_attribute ( oid, parent_oid, child_oid) VALUES ('77yd7n0ryzj1iws6r7kindz7h4ty2qokNM200811200000000000000000000023', '93q4l4k5qp20ynk7n2win58beeeg2hbs000000000000MdAttributeLocalText', 'yz90dqgrt1qrc91091b1n5h96095nqvgNM200811060000000000000000000001');
INSERT INTO metadata_relationship ( entity_domain, site_master, last_updated_by, oid, owner, locked_by, create_date, type, created_by, seq, key_name, last_update_date, parent_oid, child_oid) VALUES (NULL, 'www.runwaysdk.com', '000000000000000000000000000000100060', '77yd7n0ryzj1iws6r7kindz7h4ty2qokNM200811200000000000000000000023', '000000000000000000000000000000100060', NULL, '2014-02-10 12:21:40', 'com.runwaysdk.system.metadata.VirtualizeAttribute', '000000000000000000000000000000100060', 4760, '77yd7n0ryzj1iws6r7kindz7h4ty2qokNM200811200000000000000000000023', '2014-02-10 12:21:40', '93q4l4k5qp20ynk7n2win58beeeg2hbs000000000000MdAttributeLocalText', 'yz90dqgrt1qrc91091b1n5h96095nqvgNM200811060000000000000000000001');
INSERT INTO metadata_display_label ( default_locale, oid, site_master, key_name) VALUES (NULL, '8kxnqokh0rqnwrx9ujqwmk6suyqunsja0287', 'www.runwaysdk.com', '8kxnqokh0rqnwrx9ujqwmk6suyqunsja0287');
INSERT INTO metadata_display_label ( default_locale, oid, site_master, key_name) VALUES (NULL, '6zl63npepoyqdtpvr8vzlnola7nszew10287', 'www.runwaysdk.com', '6zl63npepoyqdtpvr8vzlnola7nszew10287');
INSERT INTO md_attribute_virtual ( defining_md_view, required, md_attribute_concrete, attribute_name, display_label, oid) VALUES ('0myp064p1wj846sqldssh6511t6pniro20071129NM0000000000000000000005', NULL, 'qp4ia9xc9kba5b1w9i6rgvzykr7hz9j80000000MdAttributeLocalCharacter', 'description', '8kxnqokh0rqnwrx9ujqwmk6suyqunsja0287', '6ykcapzdzqhx7qeapv9ciwc2fo7q2zr7NM200811060000000000000000000001');
INSERT INTO md_attribute ( oid) VALUES ('6ykcapzdzqhx7qeapv9ciwc2fo7q2zr7NM200811060000000000000000000001');
INSERT INTO metadata ( description, created_by, owner, oid, create_date, seq, type, remove, site_master, locked_by, entity_domain, last_updated_by, last_update_date, key_name) VALUES ('6zl63npepoyqdtpvr8vzlnola7nszew10287', '000000000000000000000000000000100060', '000000000000000000000000000000100060', '6ykcapzdzqhx7qeapv9ciwc2fo7q2zr7NM200811060000000000000000000001', '2014-02-10 12:21:40', 4761, 'com.runwaysdk.system.metadata.MdAttributeVirtual', 1, 'www.runwaysdk.com', NULL, NULL, '000000000000000000000000000000100060', '2014-02-10 12:21:40', 'com.runwaysdk.system.scheduler.JobHistoryView.description');
INSERT INTO class_attribute_virtual ( oid, parent_oid, child_oid) VALUES ('0tj9q5rwfrshx2xrqyn7hstekiyq0p8aNM200811060000000000000000000005', '0myp064p1wj846sqldssh6511t6pniro20071129NM0000000000000000000005', '6ykcapzdzqhx7qeapv9ciwc2fo7q2zr7NM200811060000000000000000000001');
INSERT INTO class_attribute ( oid, parent_oid, child_oid) VALUES ('0tj9q5rwfrshx2xrqyn7hstekiyq0p8aNM200811060000000000000000000005', '0myp064p1wj846sqldssh6511t6pniro20071129NM0000000000000000000005', '6ykcapzdzqhx7qeapv9ciwc2fo7q2zr7NM200811060000000000000000000001');
INSERT INTO metadata_relationship ( entity_domain, site_master, last_updated_by, oid, owner, locked_by, create_date, type, created_by, seq, key_name, last_update_date, parent_oid, child_oid) VALUES (NULL, 'www.runwaysdk.com', '000000000000000000000000000000100060', '0tj9q5rwfrshx2xrqyn7hstekiyq0p8aNM200811060000000000000000000005', '000000000000000000000000000000100060', NULL, '2014-02-10 12:21:40', 'com.runwaysdk.system.metadata.ClassAttributeVirtual', '000000000000000000000000000000100060', 4762, 'com.runwaysdk.system.scheduler.JobHistoryView.description', '2014-02-10 12:21:40', '0myp064p1wj846sqldssh6511t6pniro20071129NM0000000000000000000005', '6ykcapzdzqhx7qeapv9ciwc2fo7q2zr7NM200811060000000000000000000001');
INSERT INTO virtualize_attribute ( oid, parent_oid, child_oid) VALUES ('xjy7p4ptk4905htzh7ykjmv4x7kspe19NM200811200000000000000000000023', 'qp4ia9xc9kba5b1w9i6rgvzykr7hz9j80000000MdAttributeLocalCharacter', '6ykcapzdzqhx7qeapv9ciwc2fo7q2zr7NM200811060000000000000000000001');
INSERT INTO metadata_relationship ( entity_domain, site_master, last_updated_by, oid, owner, locked_by, create_date, type, created_by, seq, key_name, last_update_date, parent_oid, child_oid) VALUES (NULL, 'www.runwaysdk.com', '000000000000000000000000000000100060', 'xjy7p4ptk4905htzh7ykjmv4x7kspe19NM200811200000000000000000000023', '000000000000000000000000000000100060', NULL, '2014-02-10 12:21:40', 'com.runwaysdk.system.metadata.VirtualizeAttribute', '000000000000000000000000000000100060', 4763, 'xjy7p4ptk4905htzh7ykjmv4x7kspe19NM200811200000000000000000000023', '2014-02-10 12:21:40', 'qp4ia9xc9kba5b1w9i6rgvzykr7hz9j80000000MdAttributeLocalCharacter', '6ykcapzdzqhx7qeapv9ciwc2fo7q2zr7NM200811060000000000000000000001');
INSERT INTO metadata_display_label ( default_locale, oid, site_master, key_name) VALUES (NULL, '2es6wk3941ir8srx625hszcwxkom2znm0287', 'www.runwaysdk.com', '2es6wk3941ir8srx625hszcwxkom2znm0287');
INSERT INTO metadata_display_label ( default_locale, oid, site_master, key_name) VALUES (NULL, 'ql4xe9itdqe6v63lkiumoc6segoant7l0287', 'www.runwaysdk.com', 'ql4xe9itdqe6v63lkiumoc6segoant7l0287');
INSERT INTO md_attribute_virtual ( defining_md_view, required, md_attribute_concrete, attribute_name, display_label, oid) VALUES ('0myp064p1wj846sqldssh6511t6pniro20071129NM0000000000000000000005', NULL, 'qx1xxd1bzpaucwiqwdgncx85ml5qk0li0067', 'jobId', '2es6wk3941ir8srx625hszcwxkom2znm0287', 'zmeyz4kauc5ewldnw2rai6phwxymqrlxNM200811060000000000000000000001');
INSERT INTO md_attribute ( oid) VALUES ('zmeyz4kauc5ewldnw2rai6phwxymqrlxNM200811060000000000000000000001');
INSERT INTO metadata ( description, created_by, owner, oid, create_date, seq, type, remove, site_master, locked_by, entity_domain, last_updated_by, last_update_date, key_name) VALUES ('ql4xe9itdqe6v63lkiumoc6segoant7l0287', '000000000000000000000000000000100060', '000000000000000000000000000000100060', 'zmeyz4kauc5ewldnw2rai6phwxymqrlxNM200811060000000000000000000001', '2014-02-10 12:21:40', 4764, 'com.runwaysdk.system.metadata.MdAttributeVirtual', 1, 'www.runwaysdk.com', NULL, NULL, '000000000000000000000000000000100060', '2014-02-10 12:21:40', 'com.runwaysdk.system.scheduler.JobHistoryView.jobId');
INSERT INTO class_attribute_virtual ( oid, parent_oid, child_oid) VALUES ('8jbbs6pd68kcjfkz5i3r01jifj18ok87NM200811060000000000000000000005', '0myp064p1wj846sqldssh6511t6pniro20071129NM0000000000000000000005', 'zmeyz4kauc5ewldnw2rai6phwxymqrlxNM200811060000000000000000000001');
INSERT INTO class_attribute ( oid, parent_oid, child_oid) VALUES ('8jbbs6pd68kcjfkz5i3r01jifj18ok87NM200811060000000000000000000005', '0myp064p1wj846sqldssh6511t6pniro20071129NM0000000000000000000005', 'zmeyz4kauc5ewldnw2rai6phwxymqrlxNM200811060000000000000000000001');
INSERT INTO metadata_relationship ( entity_domain, site_master, last_updated_by, oid, owner, locked_by, create_date, type, created_by, seq, key_name, last_update_date, parent_oid, child_oid) VALUES (NULL, 'www.runwaysdk.com', '000000000000000000000000000000100060', '8jbbs6pd68kcjfkz5i3r01jifj18ok87NM200811060000000000000000000005', '000000000000000000000000000000100060', NULL, '2014-02-10 12:21:40', 'com.runwaysdk.system.metadata.ClassAttributeVirtual', '000000000000000000000000000000100060', 4765, 'com.runwaysdk.system.scheduler.JobHistoryView.jobId', '2014-02-10 12:21:40', '0myp064p1wj846sqldssh6511t6pniro20071129NM0000000000000000000005', 'zmeyz4kauc5ewldnw2rai6phwxymqrlxNM200811060000000000000000000001');
INSERT INTO virtualize_attribute ( oid, parent_oid, child_oid) VALUES ('yyqf6l1ztxronydgmsw7v8mofciixyz4NM200811200000000000000000000023', 'qx1xxd1bzpaucwiqwdgncx85ml5qk0li0067', 'zmeyz4kauc5ewldnw2rai6phwxymqrlxNM200811060000000000000000000001');
INSERT INTO metadata_relationship ( entity_domain, site_master, last_updated_by, oid, owner, locked_by, create_date, type, created_by, seq, key_name, last_update_date, parent_oid, child_oid) VALUES (NULL, 'www.runwaysdk.com', '000000000000000000000000000000100060', 'yyqf6l1ztxronydgmsw7v8mofciixyz4NM200811200000000000000000000023', '000000000000000000000000000000100060', NULL, '2014-02-10 12:21:40', 'com.runwaysdk.system.metadata.VirtualizeAttribute', '000000000000000000000000000000100060', 4766, 'yyqf6l1ztxronydgmsw7v8mofciixyz4NM200811200000000000000000000023', '2014-02-10 12:21:40', 'qx1xxd1bzpaucwiqwdgncx85ml5qk0li0067', 'zmeyz4kauc5ewldnw2rai6phwxymqrlxNM200811060000000000000000000001');
INSERT INTO metadata_display_label ( default_locale, oid, site_master, key_name) VALUES (NULL, 's9s0r4odc2hcjk4wpzwquyyh7ddkcp8g0287', 'www.runwaysdk.com', 's9s0r4odc2hcjk4wpzwquyyh7ddkcp8g0287');
INSERT INTO metadata_display_label ( default_locale, oid, site_master, key_name) VALUES (NULL, 'xgwudacm871g7a6n8l9ek5kg67l8irvv0287', 'www.runwaysdk.com', 'xgwudacm871g7a6n8l9ek5kg67l8irvv0287');
INSERT INTO md_attribute_virtual ( defining_md_view, required, md_attribute_concrete, attribute_name, display_label, oid) VALUES ('0myp064p1wj846sqldssh6511t6pniro20071129NM0000000000000000000005', NULL, 'stulihh05jwj7e2lu1y6nv8nyfvimo150074', 'cancelable', 's9s0r4odc2hcjk4wpzwquyyh7ddkcp8g0287', '1topcnbglfl8owxoanb2u83jq0s477byNM200811060000000000000000000001');
INSERT INTO md_attribute ( oid) VALUES ('1topcnbglfl8owxoanb2u83jq0s477byNM200811060000000000000000000001');
INSERT INTO metadata ( description, created_by, owner, oid, create_date, seq, type, remove, site_master, locked_by, entity_domain, last_updated_by, last_update_date, key_name) VALUES ('xgwudacm871g7a6n8l9ek5kg67l8irvv0287', '000000000000000000000000000000100060', '000000000000000000000000000000100060', '1topcnbglfl8owxoanb2u83jq0s477byNM200811060000000000000000000001', '2014-02-10 12:21:40', 4767, 'com.runwaysdk.system.metadata.MdAttributeVirtual', 1, 'www.runwaysdk.com', NULL, NULL, '000000000000000000000000000000100060', '2014-02-10 12:21:40', 'com.runwaysdk.system.scheduler.JobHistoryView.cancelable');
INSERT INTO class_attribute_virtual ( oid, parent_oid, child_oid) VALUES ('ywylv5b5xs3ex80ua9553b4rbhamihezNM200811060000000000000000000005', '0myp064p1wj846sqldssh6511t6pniro20071129NM0000000000000000000005', '1topcnbglfl8owxoanb2u83jq0s477byNM200811060000000000000000000001');
INSERT INTO class_attribute ( oid, parent_oid, child_oid) VALUES ('ywylv5b5xs3ex80ua9553b4rbhamihezNM200811060000000000000000000005', '0myp064p1wj846sqldssh6511t6pniro20071129NM0000000000000000000005', '1topcnbglfl8owxoanb2u83jq0s477byNM200811060000000000000000000001');
INSERT INTO metadata_relationship ( entity_domain, site_master, last_updated_by, oid, owner, locked_by, create_date, type, created_by, seq, key_name, last_update_date, parent_oid, child_oid) VALUES (NULL, 'www.runwaysdk.com', '000000000000000000000000000000100060', 'ywylv5b5xs3ex80ua9553b4rbhamihezNM200811060000000000000000000005', '000000000000000000000000000000100060', NULL, '2014-02-10 12:21:40', 'com.runwaysdk.system.metadata.ClassAttributeVirtual', '000000000000000000000000000000100060', 4768, 'com.runwaysdk.system.scheduler.JobHistoryView.cancelable', '2014-02-10 12:21:40', '0myp064p1wj846sqldssh6511t6pniro20071129NM0000000000000000000005', '1topcnbglfl8owxoanb2u83jq0s477byNM200811060000000000000000000001');
INSERT INTO virtualize_attribute ( oid, parent_oid, child_oid) VALUES ('1vlv1rdv91u6j4rr093z7m9tmdzix4n0NM200811200000000000000000000023', 'stulihh05jwj7e2lu1y6nv8nyfvimo150074', '1topcnbglfl8owxoanb2u83jq0s477byNM200811060000000000000000000001');
INSERT INTO metadata_relationship ( entity_domain, site_master, last_updated_by, oid, owner, locked_by, create_date, type, created_by, seq, key_name, last_update_date, parent_oid, child_oid) VALUES (NULL, 'www.runwaysdk.com', '000000000000000000000000000000100060', '1vlv1rdv91u6j4rr093z7m9tmdzix4n0NM200811200000000000000000000023', '000000000000000000000000000000100060', NULL, '2014-02-10 12:21:40', 'com.runwaysdk.system.metadata.VirtualizeAttribute', '000000000000000000000000000000100060', 4769, '1vlv1rdv91u6j4rr093z7m9tmdzix4n0NM200811200000000000000000000023', '2014-02-10 12:21:40', 'stulihh05jwj7e2lu1y6nv8nyfvimo150074', '1topcnbglfl8owxoanb2u83jq0s477byNM200811060000000000000000000001');
INSERT INTO metadata_display_label ( default_locale, oid, site_master, key_name) VALUES (NULL, 'sgjyacs8jps23a8disw43lzc26ef92qn0287', 'www.runwaysdk.com', 'sgjyacs8jps23a8disw43lzc26ef92qn0287');
INSERT INTO metadata_display_label ( default_locale, oid, site_master, key_name) VALUES (NULL, '0rk9vqdh40kp4pe0obbrt1cwtlxkf7sc0287', 'www.runwaysdk.com', '0rk9vqdh40kp4pe0obbrt1cwtlxkf7sc0287');
INSERT INTO md_attribute_virtual ( defining_md_view, required, md_attribute_concrete, attribute_name, display_label, oid) VALUES ('0myp064p1wj846sqldssh6511t6pniro20071129NM0000000000000000000005', NULL, '25q4ui5xj819gauulaqompxmrhw2kabb0074', 'canceled', 'sgjyacs8jps23a8disw43lzc26ef92qn0287', 'qymd4rhbxjxy3yuj2pfj2y38k0irzq3aNM200811060000000000000000000001');
INSERT INTO md_attribute ( oid) VALUES ('qymd4rhbxjxy3yuj2pfj2y38k0irzq3aNM200811060000000000000000000001');
INSERT INTO metadata ( description, created_by, owner, oid, create_date, seq, type, remove, site_master, locked_by, entity_domain, last_updated_by, last_update_date, key_name) VALUES ('0rk9vqdh40kp4pe0obbrt1cwtlxkf7sc0287', '000000000000000000000000000000100060', '000000000000000000000000000000100060', 'qymd4rhbxjxy3yuj2pfj2y38k0irzq3aNM200811060000000000000000000001', '2014-02-10 12:21:40', 4770, 'com.runwaysdk.system.metadata.MdAttributeVirtual', 1, 'www.runwaysdk.com', NULL, NULL, '000000000000000000000000000000100060', '2014-02-10 12:21:40', 'com.runwaysdk.system.scheduler.JobHistoryView.canceled');
INSERT INTO class_attribute_virtual ( oid, parent_oid, child_oid) VALUES ('sixelunmkrowwsrbgyo2ga447f7elyeeNM200811060000000000000000000005', '0myp064p1wj846sqldssh6511t6pniro20071129NM0000000000000000000005', 'qymd4rhbxjxy3yuj2pfj2y38k0irzq3aNM200811060000000000000000000001');
INSERT INTO class_attribute ( oid, parent_oid, child_oid) VALUES ('sixelunmkrowwsrbgyo2ga447f7elyeeNM200811060000000000000000000005', '0myp064p1wj846sqldssh6511t6pniro20071129NM0000000000000000000005', 'qymd4rhbxjxy3yuj2pfj2y38k0irzq3aNM200811060000000000000000000001');
INSERT INTO metadata_relationship ( entity_domain, site_master, last_updated_by, oid, owner, locked_by, create_date, type, created_by, seq, key_name, last_update_date, parent_oid, child_oid) VALUES (NULL, 'www.runwaysdk.com', '000000000000000000000000000000100060', 'sixelunmkrowwsrbgyo2ga447f7elyeeNM200811060000000000000000000005', '000000000000000000000000000000100060', NULL, '2014-02-10 12:21:40', 'com.runwaysdk.system.metadata.ClassAttributeVirtual', '000000000000000000000000000000100060', 4771, 'com.runwaysdk.system.scheduler.JobHistoryView.canceled', '2014-02-10 12:21:40', '0myp064p1wj846sqldssh6511t6pniro20071129NM0000000000000000000005', 'qymd4rhbxjxy3yuj2pfj2y38k0irzq3aNM200811060000000000000000000001');
INSERT INTO virtualize_attribute ( oid, parent_oid, child_oid) VALUES ('01fya5piddw9zzfhbzzqjirvjxjn32xaNM200811200000000000000000000023', '25q4ui5xj819gauulaqompxmrhw2kabb0074', 'qymd4rhbxjxy3yuj2pfj2y38k0irzq3aNM200811060000000000000000000001');
INSERT INTO metadata_relationship ( entity_domain, site_master, last_updated_by, oid, owner, locked_by, create_date, type, created_by, seq, key_name, last_update_date, parent_oid, child_oid) VALUES (NULL, 'www.runwaysdk.com', '000000000000000000000000000000100060', '01fya5piddw9zzfhbzzqjirvjxjn32xaNM200811200000000000000000000023', '000000000000000000000000000000100060', NULL, '2014-02-10 12:21:40', 'com.runwaysdk.system.metadata.VirtualizeAttribute', '000000000000000000000000000000100060', 4772, '01fya5piddw9zzfhbzzqjirvjxjn32xaNM200811200000000000000000000023', '2014-02-10 12:21:40', '25q4ui5xj819gauulaqompxmrhw2kabb0074', 'qymd4rhbxjxy3yuj2pfj2y38k0irzq3aNM200811060000000000000000000001');
INSERT INTO metadata_display_label ( default_locale, oid, site_master, key_name) VALUES (NULL, '0llyonvz51i8ipbq2r2ncpa1l8k0iz5r0287', 'www.runwaysdk.com', '0llyonvz51i8ipbq2r2ncpa1l8k0iz5r0287');
INSERT INTO metadata_display_label ( default_locale, oid, site_master, key_name) VALUES (NULL, 'sy7n733j13krl3z875u7ubydpjtkg57b0287', 'www.runwaysdk.com', 'sy7n733j13krl3z875u7ubydpjtkg57b0287');
INSERT INTO md_attribute_virtual ( defining_md_view, required, md_attribute_concrete, attribute_name, display_label, oid) VALUES ('0myp064p1wj846sqldssh6511t6pniro20071129NM0000000000000000000005', NULL, 's9bsvcfqldftnahxte06o55wv0o8q19a0074', 'completed', '0llyonvz51i8ipbq2r2ncpa1l8k0iz5r0287', '728dfdjyxmdro0pcst03xf6dv61fzephNM200811060000000000000000000001');
INSERT INTO md_attribute ( oid) VALUES ('728dfdjyxmdro0pcst03xf6dv61fzephNM200811060000000000000000000001');
INSERT INTO metadata ( description, created_by, owner, oid, create_date, seq, type, remove, site_master, locked_by, entity_domain, last_updated_by, last_update_date, key_name) VALUES ('sy7n733j13krl3z875u7ubydpjtkg57b0287', '000000000000000000000000000000100060', '000000000000000000000000000000100060', '728dfdjyxmdro0pcst03xf6dv61fzephNM200811060000000000000000000001', '2014-02-10 12:21:40', 4773, 'com.runwaysdk.system.metadata.MdAttributeVirtual', 1, 'www.runwaysdk.com', NULL, NULL, '000000000000000000000000000000100060', '2014-02-10 12:21:40', 'com.runwaysdk.system.scheduler.JobHistoryView.completed');
INSERT INTO class_attribute_virtual ( oid, parent_oid, child_oid) VALUES ('xet2oip7le7prcqlk7jku5ny4tgpecbeNM200811060000000000000000000005', '0myp064p1wj846sqldssh6511t6pniro20071129NM0000000000000000000005', '728dfdjyxmdro0pcst03xf6dv61fzephNM200811060000000000000000000001');
INSERT INTO class_attribute ( oid, parent_oid, child_oid) VALUES ('xet2oip7le7prcqlk7jku5ny4tgpecbeNM200811060000000000000000000005', '0myp064p1wj846sqldssh6511t6pniro20071129NM0000000000000000000005', '728dfdjyxmdro0pcst03xf6dv61fzephNM200811060000000000000000000001');
INSERT INTO metadata_relationship ( entity_domain, site_master, last_updated_by, oid, owner, locked_by, create_date, type, created_by, seq, key_name, last_update_date, parent_oid, child_oid) VALUES (NULL, 'www.runwaysdk.com', '000000000000000000000000000000100060', 'xet2oip7le7prcqlk7jku5ny4tgpecbeNM200811060000000000000000000005', '000000000000000000000000000000100060', NULL, '2014-02-10 12:21:40', 'com.runwaysdk.system.metadata.ClassAttributeVirtual', '000000000000000000000000000000100060', 4774, 'com.runwaysdk.system.scheduler.JobHistoryView.completed', '2014-02-10 12:21:40', '0myp064p1wj846sqldssh6511t6pniro20071129NM0000000000000000000005', '728dfdjyxmdro0pcst03xf6dv61fzephNM200811060000000000000000000001');
INSERT INTO virtualize_attribute ( oid, parent_oid, child_oid) VALUES ('21hqcyb5ajqgz9m8ps210oaa2dzyrh1kNM200811200000000000000000000023', 's9bsvcfqldftnahxte06o55wv0o8q19a0074', '728dfdjyxmdro0pcst03xf6dv61fzephNM200811060000000000000000000001');
INSERT INTO metadata_relationship ( entity_domain, site_master, last_updated_by, oid, owner, locked_by, create_date, type, created_by, seq, key_name, last_update_date, parent_oid, child_oid) VALUES (NULL, 'www.runwaysdk.com', '000000000000000000000000000000100060', '21hqcyb5ajqgz9m8ps210oaa2dzyrh1kNM200811200000000000000000000023', '000000000000000000000000000000100060', NULL, '2014-02-10 12:21:40', 'com.runwaysdk.system.metadata.VirtualizeAttribute', '000000000000000000000000000000100060', 4775, '21hqcyb5ajqgz9m8ps210oaa2dzyrh1kNM200811200000000000000000000023', '2014-02-10 12:21:40', 's9bsvcfqldftnahxte06o55wv0o8q19a0074', '728dfdjyxmdro0pcst03xf6dv61fzephNM200811060000000000000000000001');
INSERT INTO metadata_display_label ( default_locale, oid, site_master, key_name) VALUES (NULL, 'zeowr74wke6vcum6yni5lvei6s2v86pj0287', 'www.runwaysdk.com', 'zeowr74wke6vcum6yni5lvei6s2v86pj0287');
INSERT INTO metadata_display_label ( default_locale, oid, site_master, key_name) VALUES (NULL, '6tqmep4l4b11mpwmaim8apotns9r0lbh0287', 'www.runwaysdk.com', '6tqmep4l4b11mpwmaim8apotns9r0lbh0287');
INSERT INTO md_attribute_virtual ( defining_md_view, required, md_attribute_concrete, attribute_name, display_label, oid) VALUES ('0myp064p1wj846sqldssh6511t6pniro20071129NM0000000000000000000005', NULL, '28pjirwu8nu9g2f5e2j7i0umnm5crnpd0067', 'cronExpression', 'zeowr74wke6vcum6yni5lvei6s2v86pj0287', '0maqqvve8aevjetl715xeqt5we2mk45xNM200811060000000000000000000001');
INSERT INTO md_attribute ( oid) VALUES ('0maqqvve8aevjetl715xeqt5we2mk45xNM200811060000000000000000000001');
INSERT INTO metadata ( description, created_by, owner, oid, create_date, seq, type, remove, site_master, locked_by, entity_domain, last_updated_by, last_update_date, key_name) VALUES ('6tqmep4l4b11mpwmaim8apotns9r0lbh0287', '000000000000000000000000000000100060', '000000000000000000000000000000100060', '0maqqvve8aevjetl715xeqt5we2mk45xNM200811060000000000000000000001', '2014-02-10 12:21:40', 4776, 'com.runwaysdk.system.metadata.MdAttributeVirtual', 1, 'www.runwaysdk.com', NULL, NULL, '000000000000000000000000000000100060', '2014-02-10 12:21:40', 'com.runwaysdk.system.scheduler.JobHistoryView.cronExpression');
INSERT INTO class_attribute_virtual ( oid, parent_oid, child_oid) VALUES ('6o14xm08t0teuhhdexv0c6e0y1ylsymoNM200811060000000000000000000005', '0myp064p1wj846sqldssh6511t6pniro20071129NM0000000000000000000005', '0maqqvve8aevjetl715xeqt5we2mk45xNM200811060000000000000000000001');
INSERT INTO class_attribute ( oid, parent_oid, child_oid) VALUES ('6o14xm08t0teuhhdexv0c6e0y1ylsymoNM200811060000000000000000000005', '0myp064p1wj846sqldssh6511t6pniro20071129NM0000000000000000000005', '0maqqvve8aevjetl715xeqt5we2mk45xNM200811060000000000000000000001');
INSERT INTO metadata_relationship ( entity_domain, site_master, last_updated_by, oid, owner, locked_by, create_date, type, created_by, seq, key_name, last_update_date, parent_oid, child_oid) VALUES (NULL, 'www.runwaysdk.com', '000000000000000000000000000000100060', '6o14xm08t0teuhhdexv0c6e0y1ylsymoNM200811060000000000000000000005', '000000000000000000000000000000100060', NULL, '2014-02-10 12:21:40', 'com.runwaysdk.system.metadata.ClassAttributeVirtual', '000000000000000000000000000000100060', 4777, 'com.runwaysdk.system.scheduler.JobHistoryView.cronExpression', '2014-02-10 12:21:40', '0myp064p1wj846sqldssh6511t6pniro20071129NM0000000000000000000005', '0maqqvve8aevjetl715xeqt5we2mk45xNM200811060000000000000000000001');
INSERT INTO virtualize_attribute ( oid, parent_oid, child_oid) VALUES ('6oat1kob9d1crcj5vao0f0bpysb8jlhvNM200811200000000000000000000023', '28pjirwu8nu9g2f5e2j7i0umnm5crnpd0067', '0maqqvve8aevjetl715xeqt5we2mk45xNM200811060000000000000000000001');
INSERT INTO metadata_relationship ( entity_domain, site_master, last_updated_by, oid, owner, locked_by, create_date, type, created_by, seq, key_name, last_update_date, parent_oid, child_oid) VALUES (NULL, 'www.runwaysdk.com', '000000000000000000000000000000100060', '6oat1kob9d1crcj5vao0f0bpysb8jlhvNM200811200000000000000000000023', '000000000000000000000000000000100060', NULL, '2014-02-10 12:21:40', 'com.runwaysdk.system.metadata.VirtualizeAttribute', '000000000000000000000000000000100060', 4778, '6oat1kob9d1crcj5vao0f0bpysb8jlhvNM200811200000000000000000000023', '2014-02-10 12:21:40', '28pjirwu8nu9g2f5e2j7i0umnm5crnpd0067', '0maqqvve8aevjetl715xeqt5we2mk45xNM200811060000000000000000000001');
INSERT INTO metadata_display_label ( default_locale, oid, site_master, key_name) VALUES (NULL, 'z5usy6nhuksdngtcgf767f9w9adgggmm0287', 'www.runwaysdk.com', 'z5usy6nhuksdngtcgf767f9w9adgggmm0287');
INSERT INTO metadata_display_label ( default_locale, oid, site_master, key_name) VALUES (NULL, 'z6ikn7aftsw9yy94kwanup13vhrka6f70287', 'www.runwaysdk.com', 'z6ikn7aftsw9yy94kwanup13vhrka6f70287');
INSERT INTO md_attribute_virtual ( defining_md_view, required, md_attribute_concrete, attribute_name, display_label, oid) VALUES ('0myp064p1wj846sqldssh6511t6pniro20071129NM0000000000000000000005', NULL, '8u9ho3osfqp3f0yrzsrkui515z7ifln300000000000000000000000000000341', 'startTime', 'z5usy6nhuksdngtcgf767f9w9adgggmm0287', 'zi2sbwcmnhd6hlhz9alwh9o6stbym95bNM200811060000000000000000000001');
INSERT INTO md_attribute ( oid) VALUES ('zi2sbwcmnhd6hlhz9alwh9o6stbym95bNM200811060000000000000000000001');
INSERT INTO metadata ( description, created_by, owner, oid, create_date, seq, type, remove, site_master, locked_by, entity_domain, last_updated_by, last_update_date, key_name) VALUES ('z6ikn7aftsw9yy94kwanup13vhrka6f70287', '000000000000000000000000000000100060', '000000000000000000000000000000100060', 'zi2sbwcmnhd6hlhz9alwh9o6stbym95bNM200811060000000000000000000001', '2014-02-10 12:21:40', 4779, 'com.runwaysdk.system.metadata.MdAttributeVirtual', 1, 'www.runwaysdk.com', NULL, NULL, '000000000000000000000000000000100060', '2014-02-10 12:21:40', 'com.runwaysdk.system.scheduler.JobHistoryView.startTime');
INSERT INTO class_attribute_virtual ( oid, parent_oid, child_oid) VALUES ('r8ayv9cvqvsodjd5iofudiot09do8e4rNM200811060000000000000000000005', '0myp064p1wj846sqldssh6511t6pniro20071129NM0000000000000000000005', 'zi2sbwcmnhd6hlhz9alwh9o6stbym95bNM200811060000000000000000000001');
INSERT INTO class_attribute ( oid, parent_oid, child_oid) VALUES ('r8ayv9cvqvsodjd5iofudiot09do8e4rNM200811060000000000000000000005', '0myp064p1wj846sqldssh6511t6pniro20071129NM0000000000000000000005', 'zi2sbwcmnhd6hlhz9alwh9o6stbym95bNM200811060000000000000000000001');
INSERT INTO metadata_relationship ( entity_domain, site_master, last_updated_by, oid, owner, locked_by, create_date, type, created_by, seq, key_name, last_update_date, parent_oid, child_oid) VALUES (NULL, 'www.runwaysdk.com', '000000000000000000000000000000100060', 'r8ayv9cvqvsodjd5iofudiot09do8e4rNM200811060000000000000000000005', '000000000000000000000000000000100060', NULL, '2014-02-10 12:21:40', 'com.runwaysdk.system.metadata.ClassAttributeVirtual', '000000000000000000000000000000100060', 4780, 'com.runwaysdk.system.scheduler.JobHistoryView.startTime', '2014-02-10 12:21:40', '0myp064p1wj846sqldssh6511t6pniro20071129NM0000000000000000000005', 'zi2sbwcmnhd6hlhz9alwh9o6stbym95bNM200811060000000000000000000001');
INSERT INTO virtualize_attribute ( oid, parent_oid, child_oid) VALUES ('1sn04so60lqxsvuaom8d1alky6qgl1wnNM200811200000000000000000000023', '8u9ho3osfqp3f0yrzsrkui515z7ifln300000000000000000000000000000341', 'zi2sbwcmnhd6hlhz9alwh9o6stbym95bNM200811060000000000000000000001');
INSERT INTO metadata_relationship ( entity_domain, site_master, last_updated_by, oid, owner, locked_by, create_date, type, created_by, seq, key_name, last_update_date, parent_oid, child_oid) VALUES (NULL, 'www.runwaysdk.com', '000000000000000000000000000000100060', '1sn04so60lqxsvuaom8d1alky6qgl1wnNM200811200000000000000000000023', '000000000000000000000000000000100060', NULL, '2014-02-10 12:21:40', 'com.runwaysdk.system.metadata.VirtualizeAttribute', '000000000000000000000000000000100060', 4781, '1sn04so60lqxsvuaom8d1alky6qgl1wnNM200811200000000000000000000023', '2014-02-10 12:21:40', '8u9ho3osfqp3f0yrzsrkui515z7ifln300000000000000000000000000000341', 'zi2sbwcmnhd6hlhz9alwh9o6stbym95bNM200811060000000000000000000001');
INSERT INTO metadata_display_label ( default_locale, oid, site_master, key_name) VALUES (NULL, 'xfjeuo2n9sekws13g4f40gp5czlz1ayn0287', 'www.runwaysdk.com', 'xfjeuo2n9sekws13g4f40gp5czlz1ayn0287');
INSERT INTO metadata_display_label ( default_locale, oid, site_master, key_name) VALUES (NULL, 'r4oni6zwxhexdjjce6glkej7313wz5w30287', 'www.runwaysdk.com', 'r4oni6zwxhexdjjce6glkej7313wz5w30287');
INSERT INTO md_attribute_virtual ( defining_md_view, required, md_attribute_concrete, attribute_name, display_label, oid) VALUES ('0myp064p1wj846sqldssh6511t6pniro20071129NM0000000000000000000005', NULL, '8p3t187ar11jnbbe2udc2mklz6oe6eac00000000000000000000000000000341', 'endTime', 'xfjeuo2n9sekws13g4f40gp5czlz1ayn0287', 'zf2mccikuukxdff7uhsmhjmovtnm0ecfNM200811060000000000000000000001');
INSERT INTO md_attribute ( oid) VALUES ('zf2mccikuukxdff7uhsmhjmovtnm0ecfNM200811060000000000000000000001');
INSERT INTO metadata ( description, created_by, owner, oid, create_date, seq, type, remove, site_master, locked_by, entity_domain, last_updated_by, last_update_date, key_name) VALUES ('r4oni6zwxhexdjjce6glkej7313wz5w30287', '000000000000000000000000000000100060', '000000000000000000000000000000100060', 'zf2mccikuukxdff7uhsmhjmovtnm0ecfNM200811060000000000000000000001', '2014-02-10 12:21:40', 4782, 'com.runwaysdk.system.metadata.MdAttributeVirtual', 1, 'www.runwaysdk.com', NULL, NULL, '000000000000000000000000000000100060', '2014-02-10 12:21:40', 'com.runwaysdk.system.scheduler.JobHistoryView.endTime');
INSERT INTO class_attribute_virtual ( oid, parent_oid, child_oid) VALUES ('70nhcdr5wyz3ew70as45zzg0k9s7l69fNM200811060000000000000000000005', '0myp064p1wj846sqldssh6511t6pniro20071129NM0000000000000000000005', 'zf2mccikuukxdff7uhsmhjmovtnm0ecfNM200811060000000000000000000001');
INSERT INTO class_attribute ( oid, parent_oid, child_oid) VALUES ('70nhcdr5wyz3ew70as45zzg0k9s7l69fNM200811060000000000000000000005', '0myp064p1wj846sqldssh6511t6pniro20071129NM0000000000000000000005', 'zf2mccikuukxdff7uhsmhjmovtnm0ecfNM200811060000000000000000000001');
INSERT INTO metadata_relationship ( entity_domain, site_master, last_updated_by, oid, owner, locked_by, create_date, type, created_by, seq, key_name, last_update_date, parent_oid, child_oid) VALUES (NULL, 'www.runwaysdk.com', '000000000000000000000000000000100060', '70nhcdr5wyz3ew70as45zzg0k9s7l69fNM200811060000000000000000000005', '000000000000000000000000000000100060', NULL, '2014-02-10 12:21:40', 'com.runwaysdk.system.metadata.ClassAttributeVirtual', '000000000000000000000000000000100060', 4783, 'com.runwaysdk.system.scheduler.JobHistoryView.endTime', '2014-02-10 12:21:40', '0myp064p1wj846sqldssh6511t6pniro20071129NM0000000000000000000005', 'zf2mccikuukxdff7uhsmhjmovtnm0ecfNM200811060000000000000000000001');
INSERT INTO virtualize_attribute ( oid, parent_oid, child_oid) VALUES ('z2zj4m93uxscf7nhh2hixn2409xi0h48NM200811200000000000000000000023', '8p3t187ar11jnbbe2udc2mklz6oe6eac00000000000000000000000000000341', 'zf2mccikuukxdff7uhsmhjmovtnm0ecfNM200811060000000000000000000001');
INSERT INTO metadata_relationship ( entity_domain, site_master, last_updated_by, oid, owner, locked_by, create_date, type, created_by, seq, key_name, last_update_date, parent_oid, child_oid) VALUES (NULL, 'www.runwaysdk.com', '000000000000000000000000000000100060', 'z2zj4m93uxscf7nhh2hixn2409xi0h48NM200811200000000000000000000023', '000000000000000000000000000000100060', NULL, '2014-02-10 12:21:40', 'com.runwaysdk.system.metadata.VirtualizeAttribute', '000000000000000000000000000000100060', 4784, 'z2zj4m93uxscf7nhh2hixn2409xi0h48NM200811200000000000000000000023', '2014-02-10 12:21:40', '8p3t187ar11jnbbe2udc2mklz6oe6eac00000000000000000000000000000341', 'zf2mccikuukxdff7uhsmhjmovtnm0ecfNM200811060000000000000000000001');
INSERT INTO metadata_display_label ( default_locale, oid, site_master, key_name) VALUES (NULL, '1tc9d6xtov1mrtv22mcpl2m80btc09be0287', 'www.runwaysdk.com', '1tc9d6xtov1mrtv22mcpl2m80btc09be0287');
INSERT INTO metadata_display_label ( default_locale, oid, site_master, key_name) VALUES (NULL, '8d15xfq0q45n8viotfju677ukijph0u50287', 'www.runwaysdk.com', '8d15xfq0q45n8viotfju677ukijph0u50287');
INSERT INTO md_attribute_virtual ( defining_md_view, required, md_attribute_concrete, attribute_name, display_label, oid) VALUES ('0myp064p1wj846sqldssh6511t6pniro20071129NM0000000000000000000005', NULL, 'szzb0q8oojv78hfuu4axc52t688pxbio00000000000000000000000000000216', 'jobOperation', '1tc9d6xtov1mrtv22mcpl2m80btc09be0287', 'xmyba32zssnf7up3kx7bp6t9qmim8ns6NM200811060000000000000000000001');
INSERT INTO md_attribute ( oid) VALUES ('xmyba32zssnf7up3kx7bp6t9qmim8ns6NM200811060000000000000000000001');
INSERT INTO metadata ( description, created_by, owner, oid, create_date, seq, type, remove, site_master, locked_by, entity_domain, last_updated_by, last_update_date, key_name) VALUES ('8d15xfq0q45n8viotfju677ukijph0u50287', '000000000000000000000000000000100060', '000000000000000000000000000000100060', 'xmyba32zssnf7up3kx7bp6t9qmim8ns6NM200811060000000000000000000001', '2014-02-10 12:21:40', 4785, 'com.runwaysdk.system.metadata.MdAttributeVirtual', 1, 'www.runwaysdk.com', NULL, NULL, '000000000000000000000000000000100060', '2014-02-10 12:21:40', 'com.runwaysdk.system.scheduler.JobHistoryView.jobOperation');
INSERT INTO class_attribute_virtual ( oid, parent_oid, child_oid) VALUES ('x9792rvcjs7x4djjbga7bcrplenjjko8NM200811060000000000000000000005', '0myp064p1wj846sqldssh6511t6pniro20071129NM0000000000000000000005', 'xmyba32zssnf7up3kx7bp6t9qmim8ns6NM200811060000000000000000000001');
INSERT INTO class_attribute ( oid, parent_oid, child_oid) VALUES ('x9792rvcjs7x4djjbga7bcrplenjjko8NM200811060000000000000000000005', '0myp064p1wj846sqldssh6511t6pniro20071129NM0000000000000000000005', 'xmyba32zssnf7up3kx7bp6t9qmim8ns6NM200811060000000000000000000001');
INSERT INTO metadata_relationship ( entity_domain, site_master, last_updated_by, oid, owner, locked_by, create_date, type, created_by, seq, key_name, last_update_date, parent_oid, child_oid) VALUES (NULL, 'www.runwaysdk.com', '000000000000000000000000000000100060', 'x9792rvcjs7x4djjbga7bcrplenjjko8NM200811060000000000000000000005', '000000000000000000000000000000100060', NULL, '2014-02-10 12:21:40', 'com.runwaysdk.system.metadata.ClassAttributeVirtual', '000000000000000000000000000000100060', 4786, 'com.runwaysdk.system.scheduler.JobHistoryView.jobOperation', '2014-02-10 12:21:40', '0myp064p1wj846sqldssh6511t6pniro20071129NM0000000000000000000005', 'xmyba32zssnf7up3kx7bp6t9qmim8ns6NM200811060000000000000000000001');
INSERT INTO virtualize_attribute ( oid, parent_oid, child_oid) VALUES ('r0q43s8gwxm561cg123m1mbxr6pg435aNM200811200000000000000000000023', 'szzb0q8oojv78hfuu4axc52t688pxbio00000000000000000000000000000216', 'xmyba32zssnf7up3kx7bp6t9qmim8ns6NM200811060000000000000000000001');
INSERT INTO metadata_relationship ( entity_domain, site_master, last_updated_by, oid, owner, locked_by, create_date, type, created_by, seq, key_name, last_update_date, parent_oid, child_oid) VALUES (NULL, 'www.runwaysdk.com', '000000000000000000000000000000100060', 'r0q43s8gwxm561cg123m1mbxr6pg435aNM200811200000000000000000000023', '000000000000000000000000000000100060', NULL, '2014-02-10 12:21:40', 'com.runwaysdk.system.metadata.VirtualizeAttribute', '000000000000000000000000000000100060', 4787, 'r0q43s8gwxm561cg123m1mbxr6pg435aNM200811200000000000000000000023', '2014-02-10 12:21:40', 'szzb0q8oojv78hfuu4axc52t688pxbio00000000000000000000000000000216', 'xmyba32zssnf7up3kx7bp6t9qmim8ns6NM200811060000000000000000000001');
INSERT INTO metadata_display_label ( default_locale, oid, site_master, key_name) VALUES (NULL, '6r8uo2s6t5tcl5wfzgihtjbebm0s52mi0287', 'www.runwaysdk.com', '6r8uo2s6t5tcl5wfzgihtjbebm0s52mi0287');
INSERT INTO metadata_display_label ( default_locale, oid, site_master, key_name) VALUES (NULL, 's9w6us72ti0jj0i6f9pg4441b9snu0vq0287', 'www.runwaysdk.com', 's9w6us72ti0jj0i6f9pg4441b9snu0vq0287');
INSERT INTO md_attribute_virtual ( defining_md_view, required, md_attribute_concrete, attribute_name, display_label, oid) VALUES ('0myp064p1wj846sqldssh6511t6pniro20071129NM0000000000000000000005', NULL, 'zju51m0wwboc8dnzczed7pmefwzdlgv000000000000000000000000000000341', 'lastRun', '6r8uo2s6t5tcl5wfzgihtjbebm0s52mi0287', 'swre5xjop338e962i5ib4h1mszfv5vz2NM200811060000000000000000000001');
INSERT INTO md_attribute ( oid) VALUES ('swre5xjop338e962i5ib4h1mszfv5vz2NM200811060000000000000000000001');
INSERT INTO metadata ( description, created_by, owner, oid, create_date, seq, type, remove, site_master, locked_by, entity_domain, last_updated_by, last_update_date, key_name) VALUES ('s9w6us72ti0jj0i6f9pg4441b9snu0vq0287', '000000000000000000000000000000100060', '000000000000000000000000000000100060', 'swre5xjop338e962i5ib4h1mszfv5vz2NM200811060000000000000000000001', '2014-02-10 12:21:40', 4788, 'com.runwaysdk.system.metadata.MdAttributeVirtual', 1, 'www.runwaysdk.com', NULL, NULL, '000000000000000000000000000000100060', '2014-02-10 12:21:40', 'com.runwaysdk.system.scheduler.JobHistoryView.lastRun');
INSERT INTO class_attribute_virtual ( oid, parent_oid, child_oid) VALUES ('rd8samkktr8obwopylcfb26g8pns0hsuNM200811060000000000000000000005', '0myp064p1wj846sqldssh6511t6pniro20071129NM0000000000000000000005', 'swre5xjop338e962i5ib4h1mszfv5vz2NM200811060000000000000000000001');
INSERT INTO class_attribute ( oid, parent_oid, child_oid) VALUES ('rd8samkktr8obwopylcfb26g8pns0hsuNM200811060000000000000000000005', '0myp064p1wj846sqldssh6511t6pniro20071129NM0000000000000000000005', 'swre5xjop338e962i5ib4h1mszfv5vz2NM200811060000000000000000000001');
INSERT INTO metadata_relationship ( entity_domain, site_master, last_updated_by, oid, owner, locked_by, create_date, type, created_by, seq, key_name, last_update_date, parent_oid, child_oid) VALUES (NULL, 'www.runwaysdk.com', '000000000000000000000000000000100060', 'rd8samkktr8obwopylcfb26g8pns0hsuNM200811060000000000000000000005', '000000000000000000000000000000100060', NULL, '2014-02-10 12:21:40', 'com.runwaysdk.system.metadata.ClassAttributeVirtual', '000000000000000000000000000000100060', 4789, 'com.runwaysdk.system.scheduler.JobHistoryView.lastRun', '2014-02-10 12:21:40', '0myp064p1wj846sqldssh6511t6pniro20071129NM0000000000000000000005', 'swre5xjop338e962i5ib4h1mszfv5vz2NM200811060000000000000000000001');
INSERT INTO virtualize_attribute ( oid, parent_oid, child_oid) VALUES ('73h4m9delyims42x99wjirxwarqpqyflNM200811200000000000000000000023', 'zju51m0wwboc8dnzczed7pmefwzdlgv000000000000000000000000000000341', 'swre5xjop338e962i5ib4h1mszfv5vz2NM200811060000000000000000000001');
INSERT INTO metadata_relationship ( entity_domain, site_master, last_updated_by, oid, owner, locked_by, create_date, type, created_by, seq, key_name, last_update_date, parent_oid, child_oid) VALUES (NULL, 'www.runwaysdk.com', '000000000000000000000000000000100060', '73h4m9delyims42x99wjirxwarqpqyflNM200811200000000000000000000023', '000000000000000000000000000000100060', NULL, '2014-02-10 12:21:40', 'com.runwaysdk.system.metadata.VirtualizeAttribute', '000000000000000000000000000000100060', 4790, '73h4m9delyims42x99wjirxwarqpqyflNM200811200000000000000000000023', '2014-02-10 12:21:40', 'zju51m0wwboc8dnzczed7pmefwzdlgv000000000000000000000000000000341', 'swre5xjop338e962i5ib4h1mszfv5vz2NM200811060000000000000000000001');
INSERT INTO metadata_display_label ( default_locale, oid, site_master, key_name) VALUES (NULL, '0te0sc14snd72fg2j49iv7u29mx5rzzt0287', 'www.runwaysdk.com', '0te0sc14snd72fg2j49iv7u29mx5rzzt0287');
INSERT INTO metadata_display_label ( default_locale, oid, site_master, key_name) VALUES (NULL, '2g9ygr9bpsipmcuc98yeeg7rvkluxe9m0287', 'www.runwaysdk.com', '2g9ygr9bpsipmcuc98yeeg7rvkluxe9m0287');
INSERT INTO md_attribute_virtual ( defining_md_view, required, md_attribute_concrete, attribute_name, display_label, oid) VALUES ('0myp064p1wj846sqldssh6511t6pniro20071129NM0000000000000000000005', NULL, 'zncr6whvppf4auqpzfnb2wonimgvwhw000000000000000000000000000000332', 'maxRetries', '0te0sc14snd72fg2j49iv7u29mx5rzzt0287', '8na0btlywjutz45nx8gv3olebeytm508NM200811060000000000000000000001');
INSERT INTO md_attribute ( oid) VALUES ('8na0btlywjutz45nx8gv3olebeytm508NM200811060000000000000000000001');
INSERT INTO metadata ( description, created_by, owner, oid, create_date, seq, type, remove, site_master, locked_by, entity_domain, last_updated_by, last_update_date, key_name) VALUES ('2g9ygr9bpsipmcuc98yeeg7rvkluxe9m0287', '000000000000000000000000000000100060', '000000000000000000000000000000100060', '8na0btlywjutz45nx8gv3olebeytm508NM200811060000000000000000000001', '2014-02-10 12:21:40', 4791, 'com.runwaysdk.system.metadata.MdAttributeVirtual', 1, 'www.runwaysdk.com', NULL, NULL, '000000000000000000000000000000100060', '2014-02-10 12:21:40', 'com.runwaysdk.system.scheduler.JobHistoryView.maxRetries');
INSERT INTO class_attribute_virtual ( oid, parent_oid, child_oid) VALUES ('sa8ogemsv0wvg0cq5azftmxg2tsjuz9gNM200811060000000000000000000005', '0myp064p1wj846sqldssh6511t6pniro20071129NM0000000000000000000005', '8na0btlywjutz45nx8gv3olebeytm508NM200811060000000000000000000001');
INSERT INTO class_attribute ( oid, parent_oid, child_oid) VALUES ('sa8ogemsv0wvg0cq5azftmxg2tsjuz9gNM200811060000000000000000000005', '0myp064p1wj846sqldssh6511t6pniro20071129NM0000000000000000000005', '8na0btlywjutz45nx8gv3olebeytm508NM200811060000000000000000000001');
INSERT INTO metadata_relationship ( entity_domain, site_master, last_updated_by, oid, owner, locked_by, create_date, type, created_by, seq, key_name, last_update_date, parent_oid, child_oid) VALUES (NULL, 'www.runwaysdk.com', '000000000000000000000000000000100060', 'sa8ogemsv0wvg0cq5azftmxg2tsjuz9gNM200811060000000000000000000005', '000000000000000000000000000000100060', NULL, '2014-02-10 12:21:40', 'com.runwaysdk.system.metadata.ClassAttributeVirtual', '000000000000000000000000000000100060', 4792, 'com.runwaysdk.system.scheduler.JobHistoryView.maxRetries', '2014-02-10 12:21:40', '0myp064p1wj846sqldssh6511t6pniro20071129NM0000000000000000000005', '8na0btlywjutz45nx8gv3olebeytm508NM200811060000000000000000000001');
INSERT INTO virtualize_attribute ( oid, parent_oid, child_oid) VALUES ('8th4axayqmvwv486svauuzojt1cu48hfNM200811200000000000000000000023', 'zncr6whvppf4auqpzfnb2wonimgvwhw000000000000000000000000000000332', '8na0btlywjutz45nx8gv3olebeytm508NM200811060000000000000000000001');
INSERT INTO metadata_relationship ( entity_domain, site_master, last_updated_by, oid, owner, locked_by, create_date, type, created_by, seq, key_name, last_update_date, parent_oid, child_oid) VALUES (NULL, 'www.runwaysdk.com', '000000000000000000000000000000100060', '8th4axayqmvwv486svauuzojt1cu48hfNM200811200000000000000000000023', '000000000000000000000000000000100060', NULL, '2014-02-10 12:21:40', 'com.runwaysdk.system.metadata.VirtualizeAttribute', '000000000000000000000000000000100060', 4793, '8th4axayqmvwv486svauuzojt1cu48hfNM200811200000000000000000000023', '2014-02-10 12:21:40', 'zncr6whvppf4auqpzfnb2wonimgvwhw000000000000000000000000000000332', '8na0btlywjutz45nx8gv3olebeytm508NM200811060000000000000000000001');
INSERT INTO metadata_display_label ( default_locale, oid, site_master, key_name) VALUES (NULL, 'r2rowi0gcpo5knwwiry19n3edw39e4zk0287', 'www.runwaysdk.com', 'r2rowi0gcpo5knwwiry19n3edw39e4zk0287');
INSERT INTO metadata_display_label ( default_locale, oid, site_master, key_name) VALUES (NULL, 'qma9zydr709exs6auw46le1v2kgkxmr40287', 'www.runwaysdk.com', 'qma9zydr709exs6auw46le1v2kgkxmr40287');
INSERT INTO md_attribute_virtual ( defining_md_view, required, md_attribute_concrete, attribute_name, display_label, oid) VALUES ('0myp064p1wj846sqldssh6511t6pniro20071129NM0000000000000000000005', NULL, '7dot75k1q82skfop6f474e31mgdn1vnx0074', 'pauseable', 'r2rowi0gcpo5knwwiry19n3edw39e4zk0287', '6ut2vywu05gqcwgbyohoq7r5vpdx69qiNM200811060000000000000000000001');
INSERT INTO md_attribute ( oid) VALUES ('6ut2vywu05gqcwgbyohoq7r5vpdx69qiNM200811060000000000000000000001');
INSERT INTO metadata ( description, created_by, owner, oid, create_date, seq, type, remove, site_master, locked_by, entity_domain, last_updated_by, last_update_date, key_name) VALUES ('qma9zydr709exs6auw46le1v2kgkxmr40287', '000000000000000000000000000000100060', '000000000000000000000000000000100060', '6ut2vywu05gqcwgbyohoq7r5vpdx69qiNM200811060000000000000000000001', '2014-02-10 12:21:40', 4794, 'com.runwaysdk.system.metadata.MdAttributeVirtual', 1, 'www.runwaysdk.com', NULL, NULL, '000000000000000000000000000000100060', '2014-02-10 12:21:40', 'com.runwaysdk.system.scheduler.JobHistoryView.pauseable');
INSERT INTO class_attribute_virtual ( oid, parent_oid, child_oid) VALUES ('sao8b312sp2ut8opfc2o5hgneykvwpseNM200811060000000000000000000005', '0myp064p1wj846sqldssh6511t6pniro20071129NM0000000000000000000005', '6ut2vywu05gqcwgbyohoq7r5vpdx69qiNM200811060000000000000000000001');
INSERT INTO class_attribute ( oid, parent_oid, child_oid) VALUES ('sao8b312sp2ut8opfc2o5hgneykvwpseNM200811060000000000000000000005', '0myp064p1wj846sqldssh6511t6pniro20071129NM0000000000000000000005', '6ut2vywu05gqcwgbyohoq7r5vpdx69qiNM200811060000000000000000000001');
INSERT INTO metadata_relationship ( entity_domain, site_master, last_updated_by, oid, owner, locked_by, create_date, type, created_by, seq, key_name, last_update_date, parent_oid, child_oid) VALUES (NULL, 'www.runwaysdk.com', '000000000000000000000000000000100060', 'sao8b312sp2ut8opfc2o5hgneykvwpseNM200811060000000000000000000005', '000000000000000000000000000000100060', NULL, '2014-02-10 12:21:40', 'com.runwaysdk.system.metadata.ClassAttributeVirtual', '000000000000000000000000000000100060', 4795, 'com.runwaysdk.system.scheduler.JobHistoryView.pauseable', '2014-02-10 12:21:40', '0myp064p1wj846sqldssh6511t6pniro20071129NM0000000000000000000005', '6ut2vywu05gqcwgbyohoq7r5vpdx69qiNM200811060000000000000000000001');
INSERT INTO virtualize_attribute ( oid, parent_oid, child_oid) VALUES ('0cpn5sdpm7iji8xxt4k53m3a268og1l1NM200811200000000000000000000023', '7dot75k1q82skfop6f474e31mgdn1vnx0074', '6ut2vywu05gqcwgbyohoq7r5vpdx69qiNM200811060000000000000000000001');
INSERT INTO metadata_relationship ( entity_domain, site_master, last_updated_by, oid, owner, locked_by, create_date, type, created_by, seq, key_name, last_update_date, parent_oid, child_oid) VALUES (NULL, 'www.runwaysdk.com', '000000000000000000000000000000100060', '0cpn5sdpm7iji8xxt4k53m3a268og1l1NM200811200000000000000000000023', '000000000000000000000000000000100060', NULL, '2014-02-10 12:21:40', 'com.runwaysdk.system.metadata.VirtualizeAttribute', '000000000000000000000000000000100060', 4796, '0cpn5sdpm7iji8xxt4k53m3a268og1l1NM200811200000000000000000000023', '2014-02-10 12:21:40', '7dot75k1q82skfop6f474e31mgdn1vnx0074', '6ut2vywu05gqcwgbyohoq7r5vpdx69qiNM200811060000000000000000000001');
INSERT INTO metadata_display_label ( default_locale, oid, site_master, key_name) VALUES (NULL, '8yp7ajbwu6kqvp7ljfpchnst1ac0vp7o0287', 'www.runwaysdk.com', '8yp7ajbwu6kqvp7ljfpchnst1ac0vp7o0287');
INSERT INTO metadata_display_label ( default_locale, oid, site_master, key_name) VALUES (NULL, 'xuoora2gxqjaejbnctks363cogmq5vyk0287', 'www.runwaysdk.com', 'xuoora2gxqjaejbnctks363cogmq5vyk0287');
INSERT INTO md_attribute_virtual ( defining_md_view, required, md_attribute_concrete, attribute_name, display_label, oid) VALUES ('0myp064p1wj846sqldssh6511t6pniro20071129NM0000000000000000000005', NULL, 'swti0hdell2lrm4zatw88zign57pijso0074', 'paused', '8yp7ajbwu6kqvp7ljfpchnst1ac0vp7o0287', '0ijty3pqvo1xkcuwxowmhxgxm5avkxxdNM200811060000000000000000000001');
INSERT INTO md_attribute ( oid) VALUES ('0ijty3pqvo1xkcuwxowmhxgxm5avkxxdNM200811060000000000000000000001');
INSERT INTO metadata ( description, created_by, owner, oid, create_date, seq, type, remove, site_master, locked_by, entity_domain, last_updated_by, last_update_date, key_name) VALUES ('xuoora2gxqjaejbnctks363cogmq5vyk0287', '000000000000000000000000000000100060', '000000000000000000000000000000100060', '0ijty3pqvo1xkcuwxowmhxgxm5avkxxdNM200811060000000000000000000001', '2014-02-10 12:21:40', 4797, 'com.runwaysdk.system.metadata.MdAttributeVirtual', 1, 'www.runwaysdk.com', NULL, NULL, '000000000000000000000000000000100060', '2014-02-10 12:21:40', 'com.runwaysdk.system.scheduler.JobHistoryView.paused');
INSERT INTO class_attribute_virtual ( oid, parent_oid, child_oid) VALUES ('sltlmstwun8lt1gum8b2abt0l3ihcipmNM200811060000000000000000000005', '0myp064p1wj846sqldssh6511t6pniro20071129NM0000000000000000000005', '0ijty3pqvo1xkcuwxowmhxgxm5avkxxdNM200811060000000000000000000001');
INSERT INTO class_attribute ( oid, parent_oid, child_oid) VALUES ('sltlmstwun8lt1gum8b2abt0l3ihcipmNM200811060000000000000000000005', '0myp064p1wj846sqldssh6511t6pniro20071129NM0000000000000000000005', '0ijty3pqvo1xkcuwxowmhxgxm5avkxxdNM200811060000000000000000000001');
INSERT INTO metadata_relationship ( entity_domain, site_master, last_updated_by, oid, owner, locked_by, create_date, type, created_by, seq, key_name, last_update_date, parent_oid, child_oid) VALUES (NULL, 'www.runwaysdk.com', '000000000000000000000000000000100060', 'sltlmstwun8lt1gum8b2abt0l3ihcipmNM200811060000000000000000000005', '000000000000000000000000000000100060', NULL, '2014-02-10 12:21:40', 'com.runwaysdk.system.metadata.ClassAttributeVirtual', '000000000000000000000000000000100060', 4798, 'com.runwaysdk.system.scheduler.JobHistoryView.paused', '2014-02-10 12:21:40', '0myp064p1wj846sqldssh6511t6pniro20071129NM0000000000000000000005', '0ijty3pqvo1xkcuwxowmhxgxm5avkxxdNM200811060000000000000000000001');
INSERT INTO virtualize_attribute ( oid, parent_oid, child_oid) VALUES ('sez406wdggcn3rffg9un0cre1fzso5iuNM200811200000000000000000000023', 'swti0hdell2lrm4zatw88zign57pijso0074', '0ijty3pqvo1xkcuwxowmhxgxm5avkxxdNM200811060000000000000000000001');
INSERT INTO metadata_relationship ( entity_domain, site_master, last_updated_by, oid, owner, locked_by, create_date, type, created_by, seq, key_name, last_update_date, parent_oid, child_oid) VALUES (NULL, 'www.runwaysdk.com', '000000000000000000000000000000100060', 'sez406wdggcn3rffg9un0cre1fzso5iuNM200811200000000000000000000023', '000000000000000000000000000000100060', NULL, '2014-02-10 12:21:40', 'com.runwaysdk.system.metadata.VirtualizeAttribute', '000000000000000000000000000000100060', 4799, 'sez406wdggcn3rffg9un0cre1fzso5iuNM200811200000000000000000000023', '2014-02-10 12:21:40', 'swti0hdell2lrm4zatw88zign57pijso0074', '0ijty3pqvo1xkcuwxowmhxgxm5avkxxdNM200811060000000000000000000001');
INSERT INTO metadata_display_label ( default_locale, oid, site_master, key_name) VALUES (NULL, '28glvzxfsiz14bnq5wxlz8xbg02px77i0287', 'www.runwaysdk.com', '28glvzxfsiz14bnq5wxlz8xbg02px77i0287');
INSERT INTO metadata_display_label ( default_locale, oid, site_master, key_name) VALUES (NULL, 'y0l1r1wbxj2tluputd151t4c3lofoz2x0287', 'www.runwaysdk.com', 'y0l1r1wbxj2tluputd151t4c3lofoz2x0287');
INSERT INTO md_attribute_virtual ( defining_md_view, required, md_attribute_concrete, attribute_name, display_label, oid) VALUES ('0myp064p1wj846sqldssh6511t6pniro20071129NM0000000000000000000005', NULL, '8jjekyd9o6ybpouc4rno9kphkwyfkxas0074', 'removeOnComplete', '28glvzxfsiz14bnq5wxlz8xbg02px77i0287', '0mwm80ri4bh8zbzilzxqhk8oglhhjnyfNM200811060000000000000000000001');
INSERT INTO md_attribute ( oid) VALUES ('0mwm80ri4bh8zbzilzxqhk8oglhhjnyfNM200811060000000000000000000001');
INSERT INTO metadata ( description, created_by, owner, oid, create_date, seq, type, remove, site_master, locked_by, entity_domain, last_updated_by, last_update_date, key_name) VALUES ('y0l1r1wbxj2tluputd151t4c3lofoz2x0287', '000000000000000000000000000000100060', '000000000000000000000000000000100060', '0mwm80ri4bh8zbzilzxqhk8oglhhjnyfNM200811060000000000000000000001', '2014-02-10 12:21:40', 4800, 'com.runwaysdk.system.metadata.MdAttributeVirtual', 1, 'www.runwaysdk.com', NULL, NULL, '000000000000000000000000000000100060', '2014-02-10 12:21:40', 'com.runwaysdk.system.scheduler.JobHistoryView.removeOnComplete');
INSERT INTO class_attribute_virtual ( oid, parent_oid, child_oid) VALUES ('z2lw034ike3t8m6wfci1w4wkdw71x5x4NM200811060000000000000000000005', '0myp064p1wj846sqldssh6511t6pniro20071129NM0000000000000000000005', '0mwm80ri4bh8zbzilzxqhk8oglhhjnyfNM200811060000000000000000000001');
INSERT INTO class_attribute ( oid, parent_oid, child_oid) VALUES ('z2lw034ike3t8m6wfci1w4wkdw71x5x4NM200811060000000000000000000005', '0myp064p1wj846sqldssh6511t6pniro20071129NM0000000000000000000005', '0mwm80ri4bh8zbzilzxqhk8oglhhjnyfNM200811060000000000000000000001');
INSERT INTO metadata_relationship ( entity_domain, site_master, last_updated_by, oid, owner, locked_by, create_date, type, created_by, seq, key_name, last_update_date, parent_oid, child_oid) VALUES (NULL, 'www.runwaysdk.com', '000000000000000000000000000000100060', 'z2lw034ike3t8m6wfci1w4wkdw71x5x4NM200811060000000000000000000005', '000000000000000000000000000000100060', NULL, '2014-02-10 12:21:40', 'com.runwaysdk.system.metadata.ClassAttributeVirtual', '000000000000000000000000000000100060', 4801, 'com.runwaysdk.system.scheduler.JobHistoryView.removeOnComplete', '2014-02-10 12:21:40', '0myp064p1wj846sqldssh6511t6pniro20071129NM0000000000000000000005', '0mwm80ri4bh8zbzilzxqhk8oglhhjnyfNM200811060000000000000000000001');
INSERT INTO virtualize_attribute ( oid, parent_oid, child_oid) VALUES ('xvxbcsrdt4vi3enw5nkui3se2ojoc4s7NM200811200000000000000000000023', '8jjekyd9o6ybpouc4rno9kphkwyfkxas0074', '0mwm80ri4bh8zbzilzxqhk8oglhhjnyfNM200811060000000000000000000001');
INSERT INTO metadata_relationship ( entity_domain, site_master, last_updated_by, oid, owner, locked_by, create_date, type, created_by, seq, key_name, last_update_date, parent_oid, child_oid) VALUES (NULL, 'www.runwaysdk.com', '000000000000000000000000000000100060', 'xvxbcsrdt4vi3enw5nkui3se2ojoc4s7NM200811200000000000000000000023', '000000000000000000000000000000100060', NULL, '2014-02-10 12:21:40', 'com.runwaysdk.system.metadata.VirtualizeAttribute', '000000000000000000000000000000100060', 4802, 'xvxbcsrdt4vi3enw5nkui3se2ojoc4s7NM200811200000000000000000000023', '2014-02-10 12:21:40', '8jjekyd9o6ybpouc4rno9kphkwyfkxas0074', '0mwm80ri4bh8zbzilzxqhk8oglhhjnyfNM200811060000000000000000000001');
INSERT INTO metadata_display_label ( default_locale, oid, site_master, key_name) VALUES (NULL, 'sos4sy9zbc5tyuztlqf8wksidjasoh990287', 'www.runwaysdk.com', 'sos4sy9zbc5tyuztlqf8wksidjasoh990287');
INSERT INTO metadata_display_label ( default_locale, oid, site_master, key_name) VALUES (NULL, 'san7u2fxehi90a2s5s5rsxynqv9gez2a0287', 'www.runwaysdk.com', 'san7u2fxehi90a2s5s5rsxynqv9gez2a0287');
INSERT INTO md_attribute_virtual ( defining_md_view, required, md_attribute_concrete, attribute_name, display_label, oid) VALUES ('0myp064p1wj846sqldssh6511t6pniro20071129NM0000000000000000000005', NULL, 'sm44ridyol20w714nav5v9vok6icv79j0074', 'repeated', 'sos4sy9zbc5tyuztlqf8wksidjasoh990287', 'raiquazqqfzhjomzzcx1c8p21ztpy75eNM200811060000000000000000000001');
INSERT INTO md_attribute ( oid) VALUES ('raiquazqqfzhjomzzcx1c8p21ztpy75eNM200811060000000000000000000001');
INSERT INTO metadata ( description, created_by, owner, oid, create_date, seq, type, remove, site_master, locked_by, entity_domain, last_updated_by, last_update_date, key_name) VALUES ('san7u2fxehi90a2s5s5rsxynqv9gez2a0287', '000000000000000000000000000000100060', '000000000000000000000000000000100060', 'raiquazqqfzhjomzzcx1c8p21ztpy75eNM200811060000000000000000000001', '2014-02-10 12:21:40', 4803, 'com.runwaysdk.system.metadata.MdAttributeVirtual', 1, 'www.runwaysdk.com', NULL, NULL, '000000000000000000000000000000100060', '2014-02-10 12:21:40', 'com.runwaysdk.system.scheduler.JobHistoryView.repeated');
INSERT INTO class_attribute_virtual ( oid, parent_oid, child_oid) VALUES ('zi8xf4eb66hvc75fz90qhmucozoeeuywNM200811060000000000000000000005', '0myp064p1wj846sqldssh6511t6pniro20071129NM0000000000000000000005', 'raiquazqqfzhjomzzcx1c8p21ztpy75eNM200811060000000000000000000001');
INSERT INTO class_attribute ( oid, parent_oid, child_oid) VALUES ('zi8xf4eb66hvc75fz90qhmucozoeeuywNM200811060000000000000000000005', '0myp064p1wj846sqldssh6511t6pniro20071129NM0000000000000000000005', 'raiquazqqfzhjomzzcx1c8p21ztpy75eNM200811060000000000000000000001');
INSERT INTO metadata_relationship ( entity_domain, site_master, last_updated_by, oid, owner, locked_by, create_date, type, created_by, seq, key_name, last_update_date, parent_oid, child_oid) VALUES (NULL, 'www.runwaysdk.com', '000000000000000000000000000000100060', 'zi8xf4eb66hvc75fz90qhmucozoeeuywNM200811060000000000000000000005', '000000000000000000000000000000100060', NULL, '2014-02-10 12:21:40', 'com.runwaysdk.system.metadata.ClassAttributeVirtual', '000000000000000000000000000000100060', 4804, 'com.runwaysdk.system.scheduler.JobHistoryView.repeated', '2014-02-10 12:21:40', '0myp064p1wj846sqldssh6511t6pniro20071129NM0000000000000000000005', 'raiquazqqfzhjomzzcx1c8p21ztpy75eNM200811060000000000000000000001');
INSERT INTO virtualize_attribute ( oid, parent_oid, child_oid) VALUES ('z4c8ibrioyahyr2n2ry2tz25x0pci83eNM200811200000000000000000000023', 'sm44ridyol20w714nav5v9vok6icv79j0074', 'raiquazqqfzhjomzzcx1c8p21ztpy75eNM200811060000000000000000000001');
INSERT INTO metadata_relationship ( entity_domain, site_master, last_updated_by, oid, owner, locked_by, create_date, type, created_by, seq, key_name, last_update_date, parent_oid, child_oid) VALUES (NULL, 'www.runwaysdk.com', '000000000000000000000000000000100060', 'z4c8ibrioyahyr2n2ry2tz25x0pci83eNM200811200000000000000000000023', '000000000000000000000000000000100060', NULL, '2014-02-10 12:21:40', 'com.runwaysdk.system.metadata.VirtualizeAttribute', '000000000000000000000000000000100060', 4805, 'z4c8ibrioyahyr2n2ry2tz25x0pci83eNM200811200000000000000000000023', '2014-02-10 12:21:40', 'sm44ridyol20w714nav5v9vok6icv79j0074', 'raiquazqqfzhjomzzcx1c8p21ztpy75eNM200811060000000000000000000001');
INSERT INTO metadata_display_label ( default_locale, oid, site_master, key_name) VALUES (NULL, '1uvgg5tn0roqyjg5jwm49yyt36tq477m0287', 'www.runwaysdk.com', '1uvgg5tn0roqyjg5jwm49yyt36tq477m0287');
INSERT INTO metadata_display_label ( default_locale, oid, site_master, key_name) VALUES (NULL, '1ze9mykgaiir3nb2b28tir4hl8jqfr670287', 'www.runwaysdk.com', '1ze9mykgaiir3nb2b28tir4hl8jqfr670287');
INSERT INTO md_attribute_virtual ( defining_md_view, required, md_attribute_concrete, attribute_name, display_label, oid) VALUES ('0myp064p1wj846sqldssh6511t6pniro20071129NM0000000000000000000005', NULL, '78srpi6mazu9gxpfwxqqexyegp0ez8cf00000000000000000000000000000332', 'retries', '1uvgg5tn0roqyjg5jwm49yyt36tq477m0287', '8dp10uwzjh8m8p9bfutt5pf9wowjervhNM200811060000000000000000000001');
INSERT INTO md_attribute ( oid) VALUES ('8dp10uwzjh8m8p9bfutt5pf9wowjervhNM200811060000000000000000000001');
INSERT INTO metadata ( description, created_by, owner, oid, create_date, seq, type, remove, site_master, locked_by, entity_domain, last_updated_by, last_update_date, key_name) VALUES ('1ze9mykgaiir3nb2b28tir4hl8jqfr670287', '000000000000000000000000000000100060', '000000000000000000000000000000100060', '8dp10uwzjh8m8p9bfutt5pf9wowjervhNM200811060000000000000000000001', '2014-02-10 12:21:40', 4806, 'com.runwaysdk.system.metadata.MdAttributeVirtual', 1, 'www.runwaysdk.com', NULL, NULL, '000000000000000000000000000000100060', '2014-02-10 12:21:40', 'com.runwaysdk.system.scheduler.JobHistoryView.retries');
INSERT INTO class_attribute_virtual ( oid, parent_oid, child_oid) VALUES ('z9v3cdwlzm0i8whvrvlb916j6j04bjg7NM200811060000000000000000000005', '0myp064p1wj846sqldssh6511t6pniro20071129NM0000000000000000000005', '8dp10uwzjh8m8p9bfutt5pf9wowjervhNM200811060000000000000000000001');
INSERT INTO class_attribute ( oid, parent_oid, child_oid) VALUES ('z9v3cdwlzm0i8whvrvlb916j6j04bjg7NM200811060000000000000000000005', '0myp064p1wj846sqldssh6511t6pniro20071129NM0000000000000000000005', '8dp10uwzjh8m8p9bfutt5pf9wowjervhNM200811060000000000000000000001');
INSERT INTO metadata_relationship ( entity_domain, site_master, last_updated_by, oid, owner, locked_by, create_date, type, created_by, seq, key_name, last_update_date, parent_oid, child_oid) VALUES (NULL, 'www.runwaysdk.com', '000000000000000000000000000000100060', 'z9v3cdwlzm0i8whvrvlb916j6j04bjg7NM200811060000000000000000000005', '000000000000000000000000000000100060', NULL, '2014-02-10 12:21:40', 'com.runwaysdk.system.metadata.ClassAttributeVirtual', '000000000000000000000000000000100060', 4807, 'com.runwaysdk.system.scheduler.JobHistoryView.retries', '2014-02-10 12:21:40', '0myp064p1wj846sqldssh6511t6pniro20071129NM0000000000000000000005', '8dp10uwzjh8m8p9bfutt5pf9wowjervhNM200811060000000000000000000001');
INSERT INTO virtualize_attribute ( oid, parent_oid, child_oid) VALUES ('1quwn1oa03tjsqyx9ow37fkx7oiquz7wNM200811200000000000000000000023', '78srpi6mazu9gxpfwxqqexyegp0ez8cf00000000000000000000000000000332', '8dp10uwzjh8m8p9bfutt5pf9wowjervhNM200811060000000000000000000001');
INSERT INTO metadata_relationship ( entity_domain, site_master, last_updated_by, oid, owner, locked_by, create_date, type, created_by, seq, key_name, last_update_date, parent_oid, child_oid) VALUES (NULL, 'www.runwaysdk.com', '000000000000000000000000000000100060', '1quwn1oa03tjsqyx9ow37fkx7oiquz7wNM200811200000000000000000000023', '000000000000000000000000000000100060', NULL, '2014-02-10 12:21:40', 'com.runwaysdk.system.metadata.VirtualizeAttribute', '000000000000000000000000000000100060', 4808, '1quwn1oa03tjsqyx9ow37fkx7oiquz7wNM200811200000000000000000000023', '2014-02-10 12:21:40', '78srpi6mazu9gxpfwxqqexyegp0ez8cf00000000000000000000000000000332', '8dp10uwzjh8m8p9bfutt5pf9wowjervhNM200811060000000000000000000001');
INSERT INTO metadata_display_label ( default_locale, oid, site_master, key_name) VALUES (NULL, '1wfnhonea7buy6irtkwcemglvsdixrml0287', 'www.runwaysdk.com', '1wfnhonea7buy6irtkwcemglvsdixrml0287');
INSERT INTO metadata_display_label ( default_locale, oid, site_master, key_name) VALUES (NULL, 'stsgyco11qnvw9rjccqzy9ieunprtdc80287', 'www.runwaysdk.com', 'stsgyco11qnvw9rjccqzy9ieunprtdc80287');
INSERT INTO md_attribute_virtual ( defining_md_view, required, md_attribute_concrete, attribute_name, display_label, oid) VALUES ('0myp064p1wj846sqldssh6511t6pniro20071129NM0000000000000000000005', NULL, 'y0kxd2fujadac3om2beynhcbhkc8i86i0074', 'running', '1wfnhonea7buy6irtkwcemglvsdixrml0287', 'zo95gh0n96jy456h4i7h3fzuaomdb45uNM200811060000000000000000000001');
INSERT INTO md_attribute ( oid) VALUES ('zo95gh0n96jy456h4i7h3fzuaomdb45uNM200811060000000000000000000001');
INSERT INTO metadata ( description, created_by, owner, oid, create_date, seq, type, remove, site_master, locked_by, entity_domain, last_updated_by, last_update_date, key_name) VALUES ('stsgyco11qnvw9rjccqzy9ieunprtdc80287', '000000000000000000000000000000100060', '000000000000000000000000000000100060', 'zo95gh0n96jy456h4i7h3fzuaomdb45uNM200811060000000000000000000001', '2014-02-10 12:21:40', 4809, 'com.runwaysdk.system.metadata.MdAttributeVirtual', 1, 'www.runwaysdk.com', NULL, NULL, '000000000000000000000000000000100060', '2014-02-10 12:21:40', 'com.runwaysdk.system.scheduler.JobHistoryView.running');
INSERT INTO class_attribute_virtual ( oid, parent_oid, child_oid) VALUES ('sog1x3kauo6hay0ihkkeyj8rxj4q460kNM200811060000000000000000000005', '0myp064p1wj846sqldssh6511t6pniro20071129NM0000000000000000000005', 'zo95gh0n96jy456h4i7h3fzuaomdb45uNM200811060000000000000000000001');
INSERT INTO class_attribute ( oid, parent_oid, child_oid) VALUES ('sog1x3kauo6hay0ihkkeyj8rxj4q460kNM200811060000000000000000000005', '0myp064p1wj846sqldssh6511t6pniro20071129NM0000000000000000000005', 'zo95gh0n96jy456h4i7h3fzuaomdb45uNM200811060000000000000000000001');
INSERT INTO metadata_relationship ( entity_domain, site_master, last_updated_by, oid, owner, locked_by, create_date, type, created_by, seq, key_name, last_update_date, parent_oid, child_oid) VALUES (NULL, 'www.runwaysdk.com', '000000000000000000000000000000100060', 'sog1x3kauo6hay0ihkkeyj8rxj4q460kNM200811060000000000000000000005', '000000000000000000000000000000100060', NULL, '2014-02-10 12:21:40', 'com.runwaysdk.system.metadata.ClassAttributeVirtual', '000000000000000000000000000000100060', 4810, 'com.runwaysdk.system.scheduler.JobHistoryView.running', '2014-02-10 12:21:40', '0myp064p1wj846sqldssh6511t6pniro20071129NM0000000000000000000005', 'zo95gh0n96jy456h4i7h3fzuaomdb45uNM200811060000000000000000000001');
INSERT INTO virtualize_attribute ( oid, parent_oid, child_oid) VALUES ('xh3rydy766ty0hprprt72f0iz08jicthNM200811200000000000000000000023', 'y0kxd2fujadac3om2beynhcbhkc8i86i0074', 'zo95gh0n96jy456h4i7h3fzuaomdb45uNM200811060000000000000000000001');
INSERT INTO metadata_relationship ( entity_domain, site_master, last_updated_by, oid, owner, locked_by, create_date, type, created_by, seq, key_name, last_update_date, parent_oid, child_oid) VALUES (NULL, 'www.runwaysdk.com', '000000000000000000000000000000100060', 'xh3rydy766ty0hprprt72f0iz08jicthNM200811200000000000000000000023', '000000000000000000000000000000100060', NULL, '2014-02-10 12:21:40', 'com.runwaysdk.system.metadata.VirtualizeAttribute', '000000000000000000000000000000100060', 4811, 'xh3rydy766ty0hprprt72f0iz08jicthNM200811200000000000000000000023', '2014-02-10 12:21:40', 'y0kxd2fujadac3om2beynhcbhkc8i86i0074', 'zo95gh0n96jy456h4i7h3fzuaomdb45uNM200811060000000000000000000001');
INSERT INTO metadata_display_label ( default_locale, oid, site_master, key_name) VALUES (NULL, '1wevqr1pevi6d2jqcy4ga6ipcrb88aa50287', 'www.runwaysdk.com', '1wevqr1pevi6d2jqcy4ga6ipcrb88aa50287');
INSERT INTO metadata_display_label ( default_locale, oid, site_master, key_name) VALUES (NULL, 'r4c2hcwa2he7bj7do11g8j0gotqs32mx0287', 'www.runwaysdk.com', 'r4c2hcwa2he7bj7do11g8j0gotqs32mx0287');
INSERT INTO md_attribute_virtual ( defining_md_view, required, md_attribute_concrete, attribute_name, display_label, oid) VALUES ('0myp064p1wj846sqldssh6511t6pniro20071129NM0000000000000000000005', NULL, '0jqq6fd2kxe5xpgynmkfi57tfiog1xcl0074', 'startOnCreate', '1wevqr1pevi6d2jqcy4ga6ipcrb88aa50287', '8st0z3kbo86msxx6mfv6wnuz1ufgzdgvNM200811060000000000000000000001');
INSERT INTO md_attribute ( oid) VALUES ('8st0z3kbo86msxx6mfv6wnuz1ufgzdgvNM200811060000000000000000000001');
INSERT INTO metadata ( description, created_by, owner, oid, create_date, seq, type, remove, site_master, locked_by, entity_domain, last_updated_by, last_update_date, key_name) VALUES ('r4c2hcwa2he7bj7do11g8j0gotqs32mx0287', '000000000000000000000000000000100060', '000000000000000000000000000000100060', '8st0z3kbo86msxx6mfv6wnuz1ufgzdgvNM200811060000000000000000000001', '2014-02-10 12:21:40', 4812, 'com.runwaysdk.system.metadata.MdAttributeVirtual', 1, 'www.runwaysdk.com', NULL, NULL, '000000000000000000000000000000100060', '2014-02-10 12:21:40', 'com.runwaysdk.system.scheduler.JobHistoryView.startOnCreate');
INSERT INTO class_attribute_virtual ( oid, parent_oid, child_oid) VALUES ('24yoi9u0gyocmkq7nuqh0k6ja7gc75xnNM200811060000000000000000000005', '0myp064p1wj846sqldssh6511t6pniro20071129NM0000000000000000000005', '8st0z3kbo86msxx6mfv6wnuz1ufgzdgvNM200811060000000000000000000001');
INSERT INTO class_attribute ( oid, parent_oid, child_oid) VALUES ('24yoi9u0gyocmkq7nuqh0k6ja7gc75xnNM200811060000000000000000000005', '0myp064p1wj846sqldssh6511t6pniro20071129NM0000000000000000000005', '8st0z3kbo86msxx6mfv6wnuz1ufgzdgvNM200811060000000000000000000001');
INSERT INTO metadata_relationship ( entity_domain, site_master, last_updated_by, oid, owner, locked_by, create_date, type, created_by, seq, key_name, last_update_date, parent_oid, child_oid) VALUES (NULL, 'www.runwaysdk.com', '000000000000000000000000000000100060', '24yoi9u0gyocmkq7nuqh0k6ja7gc75xnNM200811060000000000000000000005', '000000000000000000000000000000100060', NULL, '2014-02-10 12:21:40', 'com.runwaysdk.system.metadata.ClassAttributeVirtual', '000000000000000000000000000000100060', 4813, 'com.runwaysdk.system.scheduler.JobHistoryView.startOnCreate', '2014-02-10 12:21:40', '0myp064p1wj846sqldssh6511t6pniro20071129NM0000000000000000000005', '8st0z3kbo86msxx6mfv6wnuz1ufgzdgvNM200811060000000000000000000001');
INSERT INTO virtualize_attribute ( oid, parent_oid, child_oid) VALUES ('sbmkpy7ve9wcnw3lwu5wleycbh5ojt2oNM200811200000000000000000000023', '0jqq6fd2kxe5xpgynmkfi57tfiog1xcl0074', '8st0z3kbo86msxx6mfv6wnuz1ufgzdgvNM200811060000000000000000000001');
INSERT INTO metadata_relationship ( entity_domain, site_master, last_updated_by, oid, owner, locked_by, create_date, type, created_by, seq, key_name, last_update_date, parent_oid, child_oid) VALUES (NULL, 'www.runwaysdk.com', '000000000000000000000000000000100060', 'sbmkpy7ve9wcnw3lwu5wleycbh5ojt2oNM200811200000000000000000000023', '000000000000000000000000000000100060', NULL, '2014-02-10 12:21:40', 'com.runwaysdk.system.metadata.VirtualizeAttribute', '000000000000000000000000000000100060', 4814, 'sbmkpy7ve9wcnw3lwu5wleycbh5ojt2oNM200811200000000000000000000023', '2014-02-10 12:21:40', '0jqq6fd2kxe5xpgynmkfi57tfiog1xcl0074', '8st0z3kbo86msxx6mfv6wnuz1ufgzdgvNM200811060000000000000000000001');
INSERT INTO metadata_display_label ( default_locale, oid, site_master, key_name) VALUES (NULL, 'zcuyq3iwzjbe99w10iglnlhclm5te9z20287', 'www.runwaysdk.com', 'zcuyq3iwzjbe99w10iglnlhclm5te9z20287');
INSERT INTO metadata_display_label ( default_locale, oid, site_master, key_name) VALUES (NULL, '7agqg3lres0ubekuxnk0kcvdlzccin7v0287', 'www.runwaysdk.com', '7agqg3lres0ubekuxnk0kcvdlzccin7v0287');
INSERT INTO md_attribute_virtual ( defining_md_view, required, md_attribute_concrete, attribute_name, display_label, oid) VALUES ('0myp064p1wj846sqldssh6511t6pniro20071129NM0000000000000000000005', NULL, 'yz5jdl3l8yaxk1xzav00ctaygx9c8tgi00000000000000000000000000000338', 'timeout', 'zcuyq3iwzjbe99w10iglnlhclm5te9z20287', 'xba95e4gixxkgyabnl5jriughuq5ef7tNM200811060000000000000000000001');
INSERT INTO md_attribute ( oid) VALUES ('xba95e4gixxkgyabnl5jriughuq5ef7tNM200811060000000000000000000001');
INSERT INTO metadata ( description, created_by, owner, oid, create_date, seq, type, remove, site_master, locked_by, entity_domain, last_updated_by, last_update_date, key_name) VALUES ('7agqg3lres0ubekuxnk0kcvdlzccin7v0287', '000000000000000000000000000000100060', '000000000000000000000000000000100060', 'xba95e4gixxkgyabnl5jriughuq5ef7tNM200811060000000000000000000001', '2014-02-10 12:21:40', 4815, 'com.runwaysdk.system.metadata.MdAttributeVirtual', 1, 'www.runwaysdk.com', NULL, NULL, '000000000000000000000000000000100060', '2014-02-10 12:21:40', 'com.runwaysdk.system.scheduler.JobHistoryView.timeout');
INSERT INTO class_attribute_virtual ( oid, parent_oid, child_oid) VALUES ('2108rp02koas47ykdti63w15xhxzpnnlNM200811060000000000000000000005', '0myp064p1wj846sqldssh6511t6pniro20071129NM0000000000000000000005', 'xba95e4gixxkgyabnl5jriughuq5ef7tNM200811060000000000000000000001');
INSERT INTO class_attribute ( oid, parent_oid, child_oid) VALUES ('2108rp02koas47ykdti63w15xhxzpnnlNM200811060000000000000000000005', '0myp064p1wj846sqldssh6511t6pniro20071129NM0000000000000000000005', 'xba95e4gixxkgyabnl5jriughuq5ef7tNM200811060000000000000000000001');
INSERT INTO metadata_relationship ( entity_domain, site_master, last_updated_by, oid, owner, locked_by, create_date, type, created_by, seq, key_name, last_update_date, parent_oid, child_oid) VALUES (NULL, 'www.runwaysdk.com', '000000000000000000000000000000100060', '2108rp02koas47ykdti63w15xhxzpnnlNM200811060000000000000000000005', '000000000000000000000000000000100060', NULL, '2014-02-10 12:21:40', 'com.runwaysdk.system.metadata.ClassAttributeVirtual', '000000000000000000000000000000100060', 4816, 'com.runwaysdk.system.scheduler.JobHistoryView.timeout', '2014-02-10 12:21:40', '0myp064p1wj846sqldssh6511t6pniro20071129NM0000000000000000000005', 'xba95e4gixxkgyabnl5jriughuq5ef7tNM200811060000000000000000000001');
INSERT INTO virtualize_attribute ( oid, parent_oid, child_oid) VALUES ('yxsmuygofdagjx1dyrbxkovqy5mp1mlrNM200811200000000000000000000023', 'yz5jdl3l8yaxk1xzav00ctaygx9c8tgi00000000000000000000000000000338', 'xba95e4gixxkgyabnl5jriughuq5ef7tNM200811060000000000000000000001');
INSERT INTO metadata_relationship ( entity_domain, site_master, last_updated_by, oid, owner, locked_by, create_date, type, created_by, seq, key_name, last_update_date, parent_oid, child_oid) VALUES (NULL, 'www.runwaysdk.com', '000000000000000000000000000000100060', 'yxsmuygofdagjx1dyrbxkovqy5mp1mlrNM200811200000000000000000000023', '000000000000000000000000000000100060', NULL, '2014-02-10 12:21:40', 'com.runwaysdk.system.metadata.VirtualizeAttribute', '000000000000000000000000000000100060', 4817, 'yxsmuygofdagjx1dyrbxkovqy5mp1mlrNM200811200000000000000000000023', '2014-02-10 12:21:40', 'yz5jdl3l8yaxk1xzav00ctaygx9c8tgi00000000000000000000000000000338', 'xba95e4gixxkgyabnl5jriughuq5ef7tNM200811060000000000000000000001');
INSERT INTO metadata_display_label ( default_locale, oid, site_master, key_name) VALUES (NULL, '0g0tjkf20olf5mq6882429hx86ymh0ag0287', 'www.runwaysdk.com', '0g0tjkf20olf5mq6882429hx86ymh0ag0287');
INSERT INTO metadata_display_label ( default_locale, oid, site_master, key_name) VALUES (NULL, 'qtx39d38kiz5fos8rfcevvggxe0lkh240287', 'www.runwaysdk.com', 'qtx39d38kiz5fos8rfcevvggxe0lkh240287');
INSERT INTO md_attribute_virtual ( defining_md_view, required, md_attribute_concrete, attribute_name, display_label, oid) VALUES ('0myp064p1wj846sqldssh6511t6pniro20071129NM0000000000000000000005', NULL, 'rcyo64wsfudlbs4m415md41tslnlm3nv00000000000000000000000000000332', 'workProgress', '0g0tjkf20olf5mq6882429hx86ymh0ag0287', '7artopx77kldxpky5zznw1utsqec42daNM200811060000000000000000000001');
INSERT INTO md_attribute ( oid) VALUES ('7artopx77kldxpky5zznw1utsqec42daNM200811060000000000000000000001');
INSERT INTO metadata ( description, created_by, owner, oid, create_date, seq, type, remove, site_master, locked_by, entity_domain, last_updated_by, last_update_date, key_name) VALUES ('qtx39d38kiz5fos8rfcevvggxe0lkh240287', '000000000000000000000000000000100060', '000000000000000000000000000000100060', '7artopx77kldxpky5zznw1utsqec42daNM200811060000000000000000000001', '2014-02-10 12:21:40', 4818, 'com.runwaysdk.system.metadata.MdAttributeVirtual', 1, 'www.runwaysdk.com', NULL, NULL, '000000000000000000000000000000100060', '2014-02-10 12:21:40', 'com.runwaysdk.system.scheduler.JobHistoryView.workProgress');
INSERT INTO class_attribute_virtual ( oid, parent_oid, child_oid) VALUES ('xreipmrql9x754a17uirj3irnwczjspdNM200811060000000000000000000005', '0myp064p1wj846sqldssh6511t6pniro20071129NM0000000000000000000005', '7artopx77kldxpky5zznw1utsqec42daNM200811060000000000000000000001');
INSERT INTO class_attribute ( oid, parent_oid, child_oid) VALUES ('xreipmrql9x754a17uirj3irnwczjspdNM200811060000000000000000000005', '0myp064p1wj846sqldssh6511t6pniro20071129NM0000000000000000000005', '7artopx77kldxpky5zznw1utsqec42daNM200811060000000000000000000001');
INSERT INTO metadata_relationship ( entity_domain, site_master, last_updated_by, oid, owner, locked_by, create_date, type, created_by, seq, key_name, last_update_date, parent_oid, child_oid) VALUES (NULL, 'www.runwaysdk.com', '000000000000000000000000000000100060', 'xreipmrql9x754a17uirj3irnwczjspdNM200811060000000000000000000005', '000000000000000000000000000000100060', NULL, '2014-02-10 12:21:40', 'com.runwaysdk.system.metadata.ClassAttributeVirtual', '000000000000000000000000000000100060', 4819, 'com.runwaysdk.system.scheduler.JobHistoryView.workProgress', '2014-02-10 12:21:40', '0myp064p1wj846sqldssh6511t6pniro20071129NM0000000000000000000005', '7artopx77kldxpky5zznw1utsqec42daNM200811060000000000000000000001');
INSERT INTO virtualize_attribute ( oid, parent_oid, child_oid) VALUES ('z7sjmzf9a2y9sr1tmbgcb7povxsqqxuvNM200811200000000000000000000023', 'rcyo64wsfudlbs4m415md41tslnlm3nv00000000000000000000000000000332', '7artopx77kldxpky5zznw1utsqec42daNM200811060000000000000000000001');
INSERT INTO metadata_relationship ( entity_domain, site_master, last_updated_by, oid, owner, locked_by, create_date, type, created_by, seq, key_name, last_update_date, parent_oid, child_oid) VALUES (NULL, 'www.runwaysdk.com', '000000000000000000000000000000100060', 'z7sjmzf9a2y9sr1tmbgcb7povxsqqxuvNM200811200000000000000000000023', '000000000000000000000000000000100060', NULL, '2014-02-10 12:21:40', 'com.runwaysdk.system.metadata.VirtualizeAttribute', '000000000000000000000000000000100060', 4820, 'z7sjmzf9a2y9sr1tmbgcb7povxsqqxuvNM200811200000000000000000000023', '2014-02-10 12:21:40', 'rcyo64wsfudlbs4m415md41tslnlm3nv00000000000000000000000000000332', '7artopx77kldxpky5zznw1utsqec42daNM200811060000000000000000000001');
INSERT INTO metadata_display_label ( default_locale, oid, site_master, key_name) VALUES (NULL, '75idc4jfai9usxpy3gl1ipxz282htrxl0287', 'www.runwaysdk.com', '75idc4jfai9usxpy3gl1ipxz282htrxl0287');
INSERT INTO metadata_display_label ( default_locale, oid, site_master, key_name) VALUES (NULL, 'xw71cwps56y58hog4h2wbvic5syyiu1i0287', 'www.runwaysdk.com', 'xw71cwps56y58hog4h2wbvic5syyiu1i0287');
INSERT INTO md_attribute_virtual ( defining_md_view, required, md_attribute_concrete, attribute_name, display_label, oid) VALUES ('0myp064p1wj846sqldssh6511t6pniro20071129NM0000000000000000000005', NULL, 'z8g4l4wyli8gnn1vi83cz5y4sc4ckfyk00000000000000000000000000000332', 'workTotal', '75idc4jfai9usxpy3gl1ipxz282htrxl0287', 't22w82favs8yozfivgny4j1p5syvezjzNM200811060000000000000000000001');
INSERT INTO md_attribute ( oid) VALUES ('t22w82favs8yozfivgny4j1p5syvezjzNM200811060000000000000000000001');
INSERT INTO metadata ( description, created_by, owner, oid, create_date, seq, type, remove, site_master, locked_by, entity_domain, last_updated_by, last_update_date, key_name) VALUES ('xw71cwps56y58hog4h2wbvic5syyiu1i0287', '000000000000000000000000000000100060', '000000000000000000000000000000100060', 't22w82favs8yozfivgny4j1p5syvezjzNM200811060000000000000000000001', '2014-02-10 12:21:40', 4821, 'com.runwaysdk.system.metadata.MdAttributeVirtual', 1, 'www.runwaysdk.com', NULL, NULL, '000000000000000000000000000000100060', '2014-02-10 12:21:40', 'com.runwaysdk.system.scheduler.JobHistoryView.workTotal');
INSERT INTO class_attribute_virtual ( oid, parent_oid, child_oid) VALUES ('262t713lwzta686zmg4us6y4l8p81pplNM200811060000000000000000000005', '0myp064p1wj846sqldssh6511t6pniro20071129NM0000000000000000000005', 't22w82favs8yozfivgny4j1p5syvezjzNM200811060000000000000000000001');
INSERT INTO class_attribute ( oid, parent_oid, child_oid) VALUES ('262t713lwzta686zmg4us6y4l8p81pplNM200811060000000000000000000005', '0myp064p1wj846sqldssh6511t6pniro20071129NM0000000000000000000005', 't22w82favs8yozfivgny4j1p5syvezjzNM200811060000000000000000000001');
INSERT INTO metadata_relationship ( entity_domain, site_master, last_updated_by, oid, owner, locked_by, create_date, type, created_by, seq, key_name, last_update_date, parent_oid, child_oid) VALUES (NULL, 'www.runwaysdk.com', '000000000000000000000000000000100060', '262t713lwzta686zmg4us6y4l8p81pplNM200811060000000000000000000005', '000000000000000000000000000000100060', NULL, '2014-02-10 12:21:40', 'com.runwaysdk.system.metadata.ClassAttributeVirtual', '000000000000000000000000000000100060', 4822, 'com.runwaysdk.system.scheduler.JobHistoryView.workTotal', '2014-02-10 12:21:40', '0myp064p1wj846sqldssh6511t6pniro20071129NM0000000000000000000005', 't22w82favs8yozfivgny4j1p5syvezjzNM200811060000000000000000000001');
INSERT INTO virtualize_attribute ( oid, parent_oid, child_oid) VALUES ('szuct763f9gknm4m3x3f6r38oap9gnjfNM200811200000000000000000000023', 'z8g4l4wyli8gnn1vi83cz5y4sc4ckfyk00000000000000000000000000000332', 't22w82favs8yozfivgny4j1p5syvezjzNM200811060000000000000000000001');
INSERT INTO metadata_relationship ( entity_domain, site_master, last_updated_by, oid, owner, locked_by, create_date, type, created_by, seq, key_name, last_update_date, parent_oid, child_oid) VALUES (NULL, 'www.runwaysdk.com', '000000000000000000000000000000100060', 'szuct763f9gknm4m3x3f6r38oap9gnjfNM200811200000000000000000000023', '000000000000000000000000000000100060', NULL, '2014-02-10 12:21:40', 'com.runwaysdk.system.metadata.VirtualizeAttribute', '000000000000000000000000000000100060', 4823, 'szuct763f9gknm4m3x3f6r38oap9gnjfNM200811200000000000000000000023', '2014-02-10 12:21:40', 'z8g4l4wyli8gnn1vi83cz5y4sc4ckfyk00000000000000000000000000000332', 't22w82favs8yozfivgny4j1p5syvezjzNM200811060000000000000000000001');
INSERT INTO metadata_display_label ( default_locale, oid, site_master, key_name) VALUES ('Get job histories', '6ycorejcc2c0ouximdbb9oo2eo05laje0287', 'www.runwaysdk.com', '6ycorejcc2c0ouximdbb9oo2eo05laje0287');
INSERT INTO metadata_display_label ( default_locale, oid, site_master, key_name) VALUES (NULL, 'qt3uiz96i5gpftllzhrb0dogb6vu51gh0287', 'www.runwaysdk.com', 'qt3uiz96i5gpftllzhrb0dogb6vu51gh0287');
INSERT INTO md_method ( method_name, md_type, is_static, return_type, display_label, oid) VALUES ('getJobHistories', '0myp064p1wj846sqldssh6511t6pniro20071129NM0000000000000000000005', 1, 'com.runwaysdk.system.scheduler.JobHistoryViewQuery', '6ycorejcc2c0ouximdbb9oo2eo05laje0287', '05lnuveu27my4t7jdzwexy8d8vpexk0v20070427JS0000000000000000001514');
INSERT INTO metadata ( description, created_by, owner, oid, create_date, seq, type, remove, site_master, locked_by, entity_domain, last_updated_by, last_update_date, key_name) VALUES ('qt3uiz96i5gpftllzhrb0dogb6vu51gh0287', '000000000000000000000000000000100060', '000000000000000000000000000000100060', '05lnuveu27my4t7jdzwexy8d8vpexk0v20070427JS0000000000000000001514', '2014-02-10 12:21:40', 4824, 'com.runwaysdk.system.metadata.MdMethod', 1, 'www.runwaysdk.com', NULL, NULL, '000000000000000000000000000000100060', '2014-02-10 12:21:40', 'com.runwaysdk.system.scheduler.JobHistoryView.getJobHistories');
INSERT INTO type_method ( oid, parent_oid, child_oid) VALUES ('1xxuanol00yoccvi8hhxeq3chrzipecs20070427JS0000000000000000001520', '0myp064p1wj846sqldssh6511t6pniro20071129NM0000000000000000000005', '05lnuveu27my4t7jdzwexy8d8vpexk0v20070427JS0000000000000000001514');
INSERT INTO metadata_relationship ( entity_domain, site_master, last_updated_by, oid, owner, locked_by, create_date, type, created_by, seq, key_name, last_update_date, parent_oid, child_oid) VALUES (NULL, 'www.runwaysdk.com', '000000000000000000000000000000100060', '1xxuanol00yoccvi8hhxeq3chrzipecs20070427JS0000000000000000001520', '000000000000000000000000000000100060', NULL, '2014-02-10 12:21:40', 'com.runwaysdk.system.metadata.TypeMethod', '000000000000000000000000000000100060', 4825, 'com.runwaysdk.system.scheduler.JobHistoryView.getJobHistories', '2014-02-10 12:21:40', '0myp064p1wj846sqldssh6511t6pniro20071129NM0000000000000000000005', '05lnuveu27my4t7jdzwexy8d8vpexk0v20070427JS0000000000000000001514');
INSERT INTO metadata_display_label ( default_locale, oid, site_master, key_name) VALUES ('Sort attribute', '7dgaz82mj5h1hu3e0l6ov1c3h5lv80500287', 'www.runwaysdk.com', '7dgaz82mj5h1hu3e0l6ov1c3h5lv80500287');
INSERT INTO metadata_display_label ( default_locale, oid, site_master, key_name) VALUES (NULL, 'zlqj3qumxiv3ie220anfpaghs3ec1wdr0287', 'www.runwaysdk.com', 'zlqj3qumxiv3ie220anfpaghs3ec1wdr0287');
INSERT INTO md_parameter ( metadata, parameter_order, parameter_name, parameter_type, display_label, oid) VALUES ('05lnuveu27my4t7jdzwexy8d8vpexk0v20070427JS0000000000000000001514', 1, 'sortAttribute', 'java.lang.String', '7dgaz82mj5h1hu3e0l6ov1c3h5lv80500287', 'su1n1spbuogoih801ei2zatb1mqu08g320070427JS0000000000000000001517');
INSERT INTO metadata ( description, created_by, owner, oid, create_date, seq, type, remove, site_master, locked_by, entity_domain, last_updated_by, last_update_date, key_name) VALUES ('zlqj3qumxiv3ie220anfpaghs3ec1wdr0287', '000000000000000000000000000000100060', '000000000000000000000000000000100060', 'su1n1spbuogoih801ei2zatb1mqu08g320070427JS0000000000000000001517', '2014-02-10 12:21:40', 4826, 'com.runwaysdk.system.metadata.MdParameter', 1, 'www.runwaysdk.com', NULL, NULL, '000000000000000000000000000000100060', '2014-02-10 12:21:40', 'com.runwaysdk.system.scheduler.JobHistoryView.getJobHistories.sortAttribute');
INSERT INTO metadata_parameter ( site_master, last_updated_by, create_date, seq, locked_by, entity_domain, created_by, type, last_update_date, key_name, owner, oid, parent_oid, child_oid) VALUES ('www.runwaysdk.com', '000000000000000000000000000000100060', '2014-02-10 12:21:40', 4827, NULL, NULL, '000000000000000000000000000000100060', 'com.runwaysdk.system.MetadataParameter', '2014-02-10 12:21:40', 'com.runwaysdk.system.scheduler.JobHistoryView.getJobHistories.sortAttribute', '000000000000000000000000000000100060', 'qym78yt2p0673hrq683f7h1n2lw2deqg20070427JS0000000000000000001524', '05lnuveu27my4t7jdzwexy8d8vpexk0v20070427JS0000000000000000001514', 'su1n1spbuogoih801ei2zatb1mqu08g320070427JS0000000000000000001517');
INSERT INTO metadata_display_label ( default_locale, oid, site_master, key_name) VALUES ('Is ascending', 'xfbhjixmcj35okprmpuv93zsakzc7u340287', 'www.runwaysdk.com', 'xfbhjixmcj35okprmpuv93zsakzc7u340287');
INSERT INTO metadata_display_label ( default_locale, oid, site_master, key_name) VALUES (NULL, 'xrfi1dtlbvlowcqlx6sw4494zn8g54am0287', 'www.runwaysdk.com', 'xrfi1dtlbvlowcqlx6sw4494zn8g54am0287');
INSERT INTO md_parameter ( metadata, parameter_order, parameter_name, parameter_type, display_label, oid) VALUES ('05lnuveu27my4t7jdzwexy8d8vpexk0v20070427JS0000000000000000001514', 2, 'isAscending', 'java.lang.Boolean', 'xfbhjixmcj35okprmpuv93zsakzc7u340287', '1yp76mr8vrq4rnybuho958dijg5pve6r20070427JS0000000000000000001517');
INSERT INTO metadata ( description, created_by, owner, oid, create_date, seq, type, remove, site_master, locked_by, entity_domain, last_updated_by, last_update_date, key_name) VALUES ('xrfi1dtlbvlowcqlx6sw4494zn8g54am0287', '000000000000000000000000000000100060', '000000000000000000000000000000100060', '1yp76mr8vrq4rnybuho958dijg5pve6r20070427JS0000000000000000001517', '2014-02-10 12:21:40', 4828, 'com.runwaysdk.system.metadata.MdParameter', 1, 'www.runwaysdk.com', NULL, NULL, '000000000000000000000000000000100060', '2014-02-10 12:21:40', 'com.runwaysdk.system.scheduler.JobHistoryView.getJobHistories.isAscending');
INSERT INTO metadata_parameter ( site_master, last_updated_by, create_date, seq, locked_by, entity_domain, created_by, type, last_update_date, key_name, owner, oid, parent_oid, child_oid) VALUES ('www.runwaysdk.com', '000000000000000000000000000000100060', '2014-02-10 12:21:40', 4829, NULL, NULL, '000000000000000000000000000000100060', 'com.runwaysdk.system.MetadataParameter', '2014-02-10 12:21:40', 'com.runwaysdk.system.scheduler.JobHistoryView.getJobHistories.isAscending', '000000000000000000000000000000100060', '0cbin6ufa88nf131sir8eths5u77g88720070427JS0000000000000000001524', '05lnuveu27my4t7jdzwexy8d8vpexk0v20070427JS0000000000000000001514', '1yp76mr8vrq4rnybuho958dijg5pve6r20070427JS0000000000000000001517');
INSERT INTO metadata_display_label ( default_locale, oid, site_master, key_name) VALUES ('Page size', '0hefaroksjzh9j6bxyenrjgxlwpxoo2r0287', 'www.runwaysdk.com', '0hefaroksjzh9j6bxyenrjgxlwpxoo2r0287');
INSERT INTO metadata_display_label ( default_locale, oid, site_master, key_name) VALUES (NULL, 'x8q9ned31du78cst1cn4bqws4pwn46wc0287', 'www.runwaysdk.com', 'x8q9ned31du78cst1cn4bqws4pwn46wc0287');
INSERT INTO md_parameter ( metadata, parameter_order, parameter_name, parameter_type, display_label, oid) VALUES ('05lnuveu27my4t7jdzwexy8d8vpexk0v20070427JS0000000000000000001514', 3, 'pageSize', 'java.lang.Integer', '0hefaroksjzh9j6bxyenrjgxlwpxoo2r0287', '6x5pel2kbk0no6w63hbh9avawjgd0cpy20070427JS0000000000000000001517');
INSERT INTO metadata ( description, created_by, owner, oid, create_date, seq, type, remove, site_master, locked_by, entity_domain, last_updated_by, last_update_date, key_name) VALUES ('x8q9ned31du78cst1cn4bqws4pwn46wc0287', '000000000000000000000000000000100060', '000000000000000000000000000000100060', '6x5pel2kbk0no6w63hbh9avawjgd0cpy20070427JS0000000000000000001517', '2014-02-10 12:21:40', 4830, 'com.runwaysdk.system.metadata.MdParameter', 1, 'www.runwaysdk.com', NULL, NULL, '000000000000000000000000000000100060', '2014-02-10 12:21:40', 'com.runwaysdk.system.scheduler.JobHistoryView.getJobHistories.pageSize');
INSERT INTO metadata_parameter ( site_master, last_updated_by, create_date, seq, locked_by, entity_domain, created_by, type, last_update_date, key_name, owner, oid, parent_oid, child_oid) VALUES ('www.runwaysdk.com', '000000000000000000000000000000100060', '2014-02-10 12:21:40', 4831, NULL, NULL, '000000000000000000000000000000100060', 'com.runwaysdk.system.MetadataParameter', '2014-02-10 12:21:40', 'com.runwaysdk.system.scheduler.JobHistoryView.getJobHistories.pageSize', '000000000000000000000000000000100060', 'qtmcoi8do32picg0lxq4vzk9kbyw54it20070427JS0000000000000000001524', '05lnuveu27my4t7jdzwexy8d8vpexk0v20070427JS0000000000000000001514', '6x5pel2kbk0no6w63hbh9avawjgd0cpy20070427JS0000000000000000001517');
INSERT INTO metadata_display_label ( default_locale, oid, site_master, key_name) VALUES ('Page number', '2gg6p74q71vcsfzr4vf2f32ffh5a5iti0287', 'www.runwaysdk.com', '2gg6p74q71vcsfzr4vf2f32ffh5a5iti0287');
INSERT INTO metadata_display_label ( default_locale, oid, site_master, key_name) VALUES (NULL, 'z8avwhg0enmjdfysln34vz9swf9yjgia0287', 'www.runwaysdk.com', 'z8avwhg0enmjdfysln34vz9swf9yjgia0287');
INSERT INTO md_parameter ( metadata, parameter_order, parameter_name, parameter_type, display_label, oid) VALUES ('05lnuveu27my4t7jdzwexy8d8vpexk0v20070427JS0000000000000000001514', 4, 'pageNumber', 'java.lang.Integer', '2gg6p74q71vcsfzr4vf2f32ffh5a5iti0287', 'rcgzg6ej0pod5g90hn1j0n36x2k6ua2n20070427JS0000000000000000001517');
INSERT INTO metadata ( description, created_by, owner, oid, create_date, seq, type, remove, site_master, locked_by, entity_domain, last_updated_by, last_update_date, key_name) VALUES ('z8avwhg0enmjdfysln34vz9swf9yjgia0287', '000000000000000000000000000000100060', '000000000000000000000000000000100060', 'rcgzg6ej0pod5g90hn1j0n36x2k6ua2n20070427JS0000000000000000001517', '2014-02-10 12:21:40', 4832, 'com.runwaysdk.system.metadata.MdParameter', 1, 'www.runwaysdk.com', NULL, NULL, '000000000000000000000000000000100060', '2014-02-10 12:21:40', 'com.runwaysdk.system.scheduler.JobHistoryView.getJobHistories.pageNumber');
INSERT INTO metadata_parameter ( site_master, last_updated_by, create_date, seq, locked_by, entity_domain, created_by, type, last_update_date, key_name, owner, oid, parent_oid, child_oid) VALUES ('www.runwaysdk.com', '000000000000000000000000000000100060', '2014-02-10 12:21:40', 4833, NULL, NULL, '000000000000000000000000000000100060', 'com.runwaysdk.system.MetadataParameter', '2014-02-10 12:21:40', 'com.runwaysdk.system.scheduler.JobHistoryView.getJobHistories.pageNumber', '000000000000000000000000000000100060', '06rx3orn0j5g1g4eoe84ouutec5pf00y20070427JS0000000000000000001524', '05lnuveu27my4t7jdzwexy8d8vpexk0v20070427JS0000000000000000001514', 'rcgzg6ej0pod5g90hn1j0n36x2k6ua2n20070427JS0000000000000000001517');
UPDATE md_type SET display_label= '1s2rs2hnvmemvjhk7z8r41svmp2epmnu0287' , root_id= '0myp064p1wj846sqldssh6511t6pniro' , package_name= 'com.runwaysdk.system.scheduler' , type_name= 'JobHistoryView' , oid= '0myp064p1wj846sqldssh6511t6pniro20071129NM0000000000000000000005'  WHERE oid='0myp064p1wj846sqldssh6511t6pniro20071129NM0000000000000000000005';
UPDATE metadata SET description= '2bu7jnnt7i5h4mvpnux2wmw3daue2n1b0287' , created_by= '000000000000000000000000000000100060' , owner= '000000000000000000000000000000100060' , oid= '0myp064p1wj846sqldssh6511t6pniro20071129NM0000000000000000000005' , create_date= '2014-02-10 12:21:40' , seq= 4834 , type= 'com.runwaysdk.system.metadata.MdView' , site_master= 'www.runwaysdk.com' , last_updated_by= '000000000000000000000000000000100060' , last_update_date= '2014-02-10 12:21:40' , key_name= 'com.runwaysdk.system.scheduler.JobHistoryView'  WHERE oid='0myp064p1wj846sqldssh6511t6pniro20071129NM0000000000000000000005';
