INSERT INTO class_cache (set_id, item_id)  VALUES  ('05jlnoy3h7jhf67jduvz01osb3pi3mkm', '000000000000000000000000000002310077');
INSERT INTO metadata_display_label ( default_locale, oid, site_master, key_name) VALUES ('MdAttributeMultiReference', 'r3v87bz1qhe4s2hu3mmsd6ljiqc086zj0287', 'www.runwaysdk.com', 'r3v87bz1qhe4s2hu3mmsd6ljiqc086zj0287');
INSERT INTO metadata_display_label ( default_locale, oid, site_master, key_name) VALUES ('Metadata definition for multi reference attributes', 'xpym10yredy2twsp1xx8puelf8emeowa0287', 'www.runwaysdk.com', 'xpym10yredy2twsp1xx8puelf8emeowa0287');
INSERT INTO md_business ( cache_algorithm, cache_algorithm_c, super_md_business, oid) VALUES ('05jlnoy3h7jhf67jduvz01osb3pi3mkm', '000000000000000000000000000002310077', '000000000000000000000000000000020058', '78q308c43scloggizruul94yfqmr032c0058');
INSERT INTO md_element ( extendable, is_abstract, oid) VALUES (1, 0, '78q308c43scloggizruul94yfqmr032c0058');
INSERT INTO md_entity ( query_dto_source, query_source, cache_size, enforce_site_master, table_name, oid) VALUES (NULL, NULL, 0, 1, 'md_attribute_multi_reference', '78q308c43scloggizruul94yfqmr032c0058');
INSERT INTO md_class ( publish, stub_dto_source, stub_source, oid) VALUES (1, NULL, NULL, '78q308c43scloggizruul94yfqmr032c0058');
INSERT INTO md_type ( display_label, root_id, package_name, type_name, base_source, js_base, js_stub, exported, dto_source, oid) VALUES ('r3v87bz1qhe4s2hu3mmsd6ljiqc086zj0287', '78q308c43scloggizruul94yfqmr032c', 'com.runwaysdk.system.metadata', 'MdAttributeMultiReference', NULL, NULL, NULL, 1, NULL, '78q308c43scloggizruul94yfqmr032c0058');
INSERT INTO metadata ( description, created_by, owner, oid, create_date, seq, type, remove, site_master, locked_by, entity_domain, last_updated_by, last_update_date, key_name) VALUES ('xpym10yredy2twsp1xx8puelf8emeowa0287', '000000000000000000000000000000100060', '000000000000000000000000000000100060', '78q308c43scloggizruul94yfqmr032c0058', '2013-11-15 10:18:24', 4132, 'com.runwaysdk.system.metadata.MdBusiness', 1, 'www.runwaysdk.com', NULL, NULL, '000000000000000000000000000000100060', '2013-11-15 10:18:24', 'com.runwaysdk.system.metadata.MdAttributeMultiReference');
CREATE TABLE md_attribute_multi_reference ( oid CHAR(64) NOT NULL PRIMARY KEY );
INSERT INTO business_inheritance ( oid, parent_oid, child_oid) VALUES ('r3nl52w1i4yvpzb4vgyx9jdwcibgacee20070926NM0000000000000000000004', '000000000000000000000000000000020058', '78q308c43scloggizruul94yfqmr032c0058');
INSERT INTO class_inheritance ( oid, parent_oid, child_oid) VALUES ('r3nl52w1i4yvpzb4vgyx9jdwcibgacee20070926NM0000000000000000000004', '000000000000000000000000000000020058', '78q308c43scloggizruul94yfqmr032c0058');
INSERT INTO metadata_relationship ( entity_domain, site_master, last_updated_by, oid, owner, locked_by, create_date, type, created_by, seq, key_name, last_update_date, parent_oid, child_oid) VALUES (NULL, 'www.runwaysdk.com', '000000000000000000000000000000100060', 'r3nl52w1i4yvpzb4vgyx9jdwcibgacee20070926NM0000000000000000000004', '000000000000000000000000000000100060', NULL, '2013-11-15 10:18:24', 'com.runwaysdk.system.metadata.BusinessInheritance', '000000000000000000000000000000100060', 4133, 'r3nl52w1i4yvpzb4vgyx9jdwcibgacee20070926NM0000000000000000000004', '2013-11-15 10:18:24', '000000000000000000000000000000020058', '78q308c43scloggizruul94yfqmr032c0058');
 INSERT INTO visibilitymodifier (set_id, item_id)  VALUES  ('1zjrz0r5d8ph8g01dni6nu1r4s2fnlti', '20071109NM00000000000000000000050113');
INSERT INTO metadata_display_label ( default_locale, oid, site_master, key_name) VALUES ('Reference MdBusiness', '2g159ml12alv288exykpc99v5k5pfe760287', 'www.runwaysdk.com', '2g159ml12alv288exykpc99v5k5pfe760287');
 INSERT INTO visibilitymodifier (set_id, item_id)  VALUES  ('scxzpcx7iv0uvtpkhqkm3iqr586v9xf2', '20071109NM00000000000000000000050113');
 INSERT INTO md_attribute_indicies (set_id, item_id)  VALUES  ('77aawnilgnq3ofwbkn814zpstkpczuz7', '000000000000000000000000000004010085');
INSERT INTO metadata_display_label ( default_locale, oid, site_master, key_name) VALUES ('Reference MdBusiness', 'xbz2xe9mwqy7zcdzr34mhikor4c1d3o20287', 'www.runwaysdk.com', 'xbz2xe9mwqy7zcdzr34mhikor4c1d3o20287');
INSERT INTO md_attribute_reference ( default_value, md_business, oid) VALUES (NULL, '000000000000000000000000000000010058', 'xkdku5zn2sxgdjnmxwsl97skngep128z0218');
INSERT INTO md_attribute_ref ( oid) VALUES ('xkdku5zn2sxgdjnmxwsl97skngep128z0218');
INSERT INTO md_attribute_concrete ( column_name, defining_md_class, setter_visibility, setter_visibility_c, immutable, index_name, generate_accessor, system, required, display_label, getter_visibility, getter_visibility_c, index_type, index_type_c, attribute_name, oid) VALUES ('md_business', '78q308c43scloggizruul94yfqmr032c0058', '1zjrz0r5d8ph8g01dni6nu1r4s2fnlti', '20071109NM00000000000000000000050113', 1, 'at9ps658hir0lkuof7ixitqykmha3f', 1, 0, 1, '2g159ml12alv288exykpc99v5k5pfe760287', 'scxzpcx7iv0uvtpkhqkm3iqr586v9xf2', '20071109NM00000000000000000000050113', '77aawnilgnq3ofwbkn814zpstkpczuz7', '000000000000000000000000000004010085', 'mdBusiness', 'xkdku5zn2sxgdjnmxwsl97skngep128z0218');
INSERT INTO md_attribute ( oid) VALUES ('xkdku5zn2sxgdjnmxwsl97skngep128z0218');
INSERT INTO metadata ( description, created_by, owner, oid, create_date, seq, type, remove, site_master, locked_by, entity_domain, last_updated_by, last_update_date, key_name) VALUES ('xbz2xe9mwqy7zcdzr34mhikor4c1d3o20287', '000000000000000000000000000000100060', '000000000000000000000000000000100060', 'xkdku5zn2sxgdjnmxwsl97skngep128z0218', '2013-11-15 10:18:24', 4134, 'com.runwaysdk.system.metadata.MdAttributeReference', 1, 'www.runwaysdk.com', NULL, NULL, '000000000000000000000000000000100060', '2013-11-15 10:18:24', 'com.runwaysdk.system.metadata.MdAttributeMultiReference.mdBusiness');
ALTER TABLE md_attribute_multi_reference ADD COLUMN md_business  char(64);
INSERT INTO class_attribute_concrete ( oid, parent_oid, child_oid) VALUES ('x8gxusrw1trlro433h2mw7nn4w42nkdv0245', '78q308c43scloggizruul94yfqmr032c0058', 'xkdku5zn2sxgdjnmxwsl97skngep128z0218');
INSERT INTO class_attribute ( oid, parent_oid, child_oid) VALUES ('x8gxusrw1trlro433h2mw7nn4w42nkdv0245', '78q308c43scloggizruul94yfqmr032c0058', 'xkdku5zn2sxgdjnmxwsl97skngep128z0218');
INSERT INTO metadata_relationship ( entity_domain, site_master, last_updated_by, oid, owner, locked_by, create_date, type, created_by, seq, key_name, last_update_date, parent_oid, child_oid) VALUES (NULL, 'www.runwaysdk.com', '000000000000000000000000000000100060', 'x8gxusrw1trlro433h2mw7nn4w42nkdv0245', '000000000000000000000000000000100060', NULL, '2013-11-15 10:18:24', 'com.runwaysdk.system.metadata.ClassAttributeConcrete', '000000000000000000000000000000100060', 4135, 'com.runwaysdk.system.metadata.MdAttributeMultiReference.mdBusiness', '2013-11-15 10:18:24', '78q308c43scloggizruul94yfqmr032c0058', 'xkdku5zn2sxgdjnmxwsl97skngep128z0218');
 INSERT INTO visibilitymodifier (set_id, item_id)  VALUES  ('29q0565za3wu42iewt7wcdzyhmat980f', '20071109NM00000000000000000000050113');
INSERT INTO metadata_display_label ( default_locale, oid, site_master, key_name) VALUES ('Table name', '7bggvzkyi2pci399q9xwwi9ioyimfske0287', 'www.runwaysdk.com', '7bggvzkyi2pci399q9xwwi9ioyimfske0287');
 INSERT INTO visibilitymodifier (set_id, item_id)  VALUES  ('0hh6mt7456bmpsz46g107xfplhmimd6x', '20071109NM00000000000000000000050113');
 INSERT INTO md_attribute_indicies (set_id, item_id)  VALUES  ('zp5evewehhbmggbspskvza2br6get7ab', '000000000000000000000000000004010085');
INSERT INTO metadata_display_label ( default_locale, oid, site_master, key_name) VALUES ('Table name', '6obyjfobdfybax915jehhcdszb2l2nc80287', 'www.runwaysdk.com', '6obyjfobdfybax915jehhcdszb2l2nc80287');
INSERT INTO md_attribute_character ( default_value, database_size, oid) VALUES (NULL, 255, '0c58dxm45dmhfn8lj30pbfsqsnvtzd1d0067');
INSERT INTO md_attribute_char ( oid) VALUES ('0c58dxm45dmhfn8lj30pbfsqsnvtzd1d0067');
INSERT INTO md_attribute_primitive ( oid) VALUES ('0c58dxm45dmhfn8lj30pbfsqsnvtzd1d0067');
INSERT INTO md_attribute_concrete ( column_name, defining_md_class, setter_visibility, setter_visibility_c, immutable, index_name, generate_accessor, system, required, display_label, getter_visibility, getter_visibility_c, index_type, index_type_c, attribute_name, oid) VALUES ('table_name', '78q308c43scloggizruul94yfqmr032c0058', '29q0565za3wu42iewt7wcdzyhmat980f', '20071109NM00000000000000000000050113', 1, 'a7oysm6v33nsylqiuwnm0qea0ds961', 1, 0, 1, '7bggvzkyi2pci399q9xwwi9ioyimfske0287', '0hh6mt7456bmpsz46g107xfplhmimd6x', '20071109NM00000000000000000000050113', 'zp5evewehhbmggbspskvza2br6get7ab', '000000000000000000000000000004010085', 'tableName', '0c58dxm45dmhfn8lj30pbfsqsnvtzd1d0067');
INSERT INTO md_attribute ( oid) VALUES ('0c58dxm45dmhfn8lj30pbfsqsnvtzd1d0067');
INSERT INTO metadata ( description, created_by, owner, oid, create_date, seq, type, remove, site_master, locked_by, entity_domain, last_updated_by, last_update_date, key_name) VALUES ('6obyjfobdfybax915jehhcdszb2l2nc80287', '000000000000000000000000000000100060', '000000000000000000000000000000100060', '0c58dxm45dmhfn8lj30pbfsqsnvtzd1d0067', '2013-11-15 10:18:24', 4136, 'com.runwaysdk.system.metadata.MdAttributeCharacter', 1, 'www.runwaysdk.com', NULL, NULL, '000000000000000000000000000000100060', '2013-11-15 10:18:24', 'com.runwaysdk.system.metadata.MdAttributeMultiReference.tableName');
ALTER TABLE md_attribute_multi_reference ADD COLUMN table_name  varchar(255);
INSERT INTO class_attribute_concrete ( oid, parent_oid, child_oid) VALUES ('z3bzu1ir9m5d912ggk49l92asqvty6m30245', '78q308c43scloggizruul94yfqmr032c0058', '0c58dxm45dmhfn8lj30pbfsqsnvtzd1d0067');
INSERT INTO class_attribute ( oid, parent_oid, child_oid) VALUES ('z3bzu1ir9m5d912ggk49l92asqvty6m30245', '78q308c43scloggizruul94yfqmr032c0058', '0c58dxm45dmhfn8lj30pbfsqsnvtzd1d0067');
INSERT INTO metadata_relationship ( entity_domain, site_master, last_updated_by, oid, owner, locked_by, create_date, type, created_by, seq, key_name, last_update_date, parent_oid, child_oid) VALUES (NULL, 'www.runwaysdk.com', '000000000000000000000000000000100060', 'z3bzu1ir9m5d912ggk49l92asqvty6m30245', '000000000000000000000000000000100060', NULL, '2013-11-15 10:18:24', 'com.runwaysdk.system.metadata.ClassAttributeConcrete', '000000000000000000000000000000100060', 4137, 'com.runwaysdk.system.metadata.MdAttributeMultiReference.tableName', '2013-11-15 10:18:24', '78q308c43scloggizruul94yfqmr032c0058', '0c58dxm45dmhfn8lj30pbfsqsnvtzd1d0067');
 INSERT INTO visibilitymodifier (set_id, item_id)  VALUES  ('xupd99fsg5tgh8q653pwl2v6n3qjci4b', '20071109NM00000000000000000000050113');
INSERT INTO metadata_display_label ( default_locale, oid, site_master, key_name) VALUES ('Default value', 'xipknfqv50apli5tj5q3mdrq2yupq8hz0287', 'www.runwaysdk.com', 'xipknfqv50apli5tj5q3mdrq2yupq8hz0287');
 INSERT INTO visibilitymodifier (set_id, item_id)  VALUES  ('2956owr2xu1fqfw6agyxaj2dct2n2f41', '20071109NM00000000000000000000050113');
 INSERT INTO md_attribute_indicies (set_id, item_id)  VALUES  ('y0a5nxrjgth6fo8o5i7ebyff83plkw9y', '000000000000000000000000000004010085');
INSERT INTO metadata_display_label ( default_locale, oid, site_master, key_name) VALUES ('Default value', '8hizc6h8qhm3pileivc2ovrvdjj7mwsf0287', 'www.runwaysdk.com', '8hizc6h8qhm3pileivc2ovrvdjj7mwsf0287');
INSERT INTO md_attribute_character ( default_value, database_size, oid) VALUES (NULL, 64, 'sa6mjyo1jkwzytyq4le0v38fjn21em810067');
INSERT INTO md_attribute_char ( oid) VALUES ('sa6mjyo1jkwzytyq4le0v38fjn21em810067');
INSERT INTO md_attribute_primitive ( oid) VALUES ('sa6mjyo1jkwzytyq4le0v38fjn21em810067');
INSERT INTO md_attribute_concrete ( column_name, defining_md_class, setter_visibility, setter_visibility_c, immutable, index_name, generate_accessor, system, required, display_label, getter_visibility, getter_visibility_c, index_type, index_type_c, attribute_name, oid) VALUES ('default_value', '78q308c43scloggizruul94yfqmr032c0058', 'xupd99fsg5tgh8q653pwl2v6n3qjci4b', '20071109NM00000000000000000000050113', 0, 'a6betf5iwoyw1a0eh5wox3fxcm2ph4', 1, 0, 0, 'xipknfqv50apli5tj5q3mdrq2yupq8hz0287', '2956owr2xu1fqfw6agyxaj2dct2n2f41', '20071109NM00000000000000000000050113', 'y0a5nxrjgth6fo8o5i7ebyff83plkw9y', '000000000000000000000000000004010085', 'defaultValue', 'sa6mjyo1jkwzytyq4le0v38fjn21em810067');
INSERT INTO md_attribute ( oid) VALUES ('sa6mjyo1jkwzytyq4le0v38fjn21em810067');
INSERT INTO metadata ( description, created_by, owner, oid, create_date, seq, type, remove, site_master, locked_by, entity_domain, last_updated_by, last_update_date, key_name) VALUES ('8hizc6h8qhm3pileivc2ovrvdjj7mwsf0287', '000000000000000000000000000000100060', '000000000000000000000000000000100060', 'sa6mjyo1jkwzytyq4le0v38fjn21em810067', '2013-11-15 10:18:24', 4138, 'com.runwaysdk.system.metadata.MdAttributeCharacter', 1, 'www.runwaysdk.com', NULL, NULL, '000000000000000000000000000000100060', '2013-11-15 10:18:24', 'com.runwaysdk.system.metadata.MdAttributeMultiReference.defaultValue');
ALTER TABLE md_attribute_multi_reference ADD COLUMN default_value  varchar(64);
INSERT INTO class_attribute_concrete ( oid, parent_oid, child_oid) VALUES ('qxe092smxni7oy0kbn7cuoybw6w23fdu0245', '78q308c43scloggizruul94yfqmr032c0058', 'sa6mjyo1jkwzytyq4le0v38fjn21em810067');
INSERT INTO class_attribute ( oid, parent_oid, child_oid) VALUES ('qxe092smxni7oy0kbn7cuoybw6w23fdu0245', '78q308c43scloggizruul94yfqmr032c0058', 'sa6mjyo1jkwzytyq4le0v38fjn21em810067');
INSERT INTO metadata_relationship ( entity_domain, site_master, last_updated_by, oid, owner, locked_by, create_date, type, created_by, seq, key_name, last_update_date, parent_oid, child_oid) VALUES (NULL, 'www.runwaysdk.com', '000000000000000000000000000000100060', 'qxe092smxni7oy0kbn7cuoybw6w23fdu0245', '000000000000000000000000000000100060', NULL, '2013-11-15 10:18:24', 'com.runwaysdk.system.metadata.ClassAttributeConcrete', '000000000000000000000000000000100060', 4139, 'com.runwaysdk.system.metadata.MdAttributeMultiReference.defaultValue', '2013-11-15 10:18:24', '78q308c43scloggizruul94yfqmr032c0058', 'sa6mjyo1jkwzytyq4le0v38fjn21em810067');
 INSERT INTO class_cache (set_id, item_id)  VALUES  ('r1pliqugs5g41pvyjhghv3s52amj6hrs', '000000000000000000000000000002310077');
INSERT INTO metadata_display_label ( default_locale, oid, site_master, key_name) VALUES ('MdAttributeMultiTerm', '08w1oj35knbboqkwbp22wa5inc3buhmb0287', 'www.runwaysdk.com', '08w1oj35knbboqkwbp22wa5inc3buhmb0287');
INSERT INTO metadata_display_label ( default_locale, oid, site_master, key_name) VALUES ('Metadata definition for multi term attributes', 'xkvenm2pysw5wmtborgo0cxlwnz3qehb0287', 'www.runwaysdk.com', 'xkvenm2pysw5wmtborgo0cxlwnz3qehb0287');
INSERT INTO md_business ( cache_algorithm, cache_algorithm_c, super_md_business, oid) VALUES ('r1pliqugs5g41pvyjhghv3s52amj6hrs', '000000000000000000000000000002310077', '78q308c43scloggizruul94yfqmr032c0058', '90x9y545ok5sjhqor1beytryg187gc9p0058');
INSERT INTO md_element ( extendable, is_abstract, oid) VALUES (1, 0, '90x9y545ok5sjhqor1beytryg187gc9p0058');
INSERT INTO md_entity ( query_dto_source, query_source, cache_size, enforce_site_master, table_name, oid) VALUES (NULL, NULL, 0, 1, 'md_attribute_multi_term', '90x9y545ok5sjhqor1beytryg187gc9p0058');
INSERT INTO md_class ( publish, stub_dto_source, stub_source, oid) VALUES (1, NULL, NULL, '90x9y545ok5sjhqor1beytryg187gc9p0058');
INSERT INTO md_type ( display_label, root_id, package_name, type_name, base_source, js_base, js_stub, exported, dto_source, oid) VALUES ('08w1oj35knbboqkwbp22wa5inc3buhmb0287', '90x9y545ok5sjhqor1beytryg187gc9p', 'com.runwaysdk.system.metadata', 'MdAttributeMultiTerm', NULL, NULL, NULL, 1, NULL, '90x9y545ok5sjhqor1beytryg187gc9p0058');
INSERT INTO metadata ( description, created_by, owner, oid, create_date, seq, type, remove, site_master, locked_by, entity_domain, last_updated_by, last_update_date, key_name) VALUES ('xkvenm2pysw5wmtborgo0cxlwnz3qehb0287', '000000000000000000000000000000100060', '000000000000000000000000000000100060', '90x9y545ok5sjhqor1beytryg187gc9p0058', '2013-11-15 10:18:24', 4140, 'com.runwaysdk.system.metadata.MdBusiness', 1, 'www.runwaysdk.com', NULL, NULL, '000000000000000000000000000000100060', '2013-11-15 10:18:24', 'com.runwaysdk.system.metadata.MdAttributeMultiTerm');
CREATE TABLE md_attribute_multi_term ( oid CHAR(64) NOT NULL PRIMARY KEY );
INSERT INTO business_inheritance ( oid, parent_oid, child_oid) VALUES ('8rwwmylwus55of8zd4a0b4vs7npvzzdo20070926NM0000000000000000000004', '78q308c43scloggizruul94yfqmr032c0058', '90x9y545ok5sjhqor1beytryg187gc9p0058');
INSERT INTO class_inheritance ( oid, parent_oid, child_oid) VALUES ('8rwwmylwus55of8zd4a0b4vs7npvzzdo20070926NM0000000000000000000004', '78q308c43scloggizruul94yfqmr032c0058', '90x9y545ok5sjhqor1beytryg187gc9p0058');
INSERT INTO metadata_relationship ( entity_domain, site_master, last_updated_by, oid, owner, locked_by, create_date, type, created_by, seq, key_name, last_update_date, parent_oid, child_oid) VALUES (NULL, 'www.runwaysdk.com', '000000000000000000000000000000100060', '8rwwmylwus55of8zd4a0b4vs7npvzzdo20070926NM0000000000000000000004', '000000000000000000000000000000100060', NULL, '2013-11-15 10:18:24', 'com.runwaysdk.system.metadata.BusinessInheritance', '000000000000000000000000000000100060', 4141, '8rwwmylwus55of8zd4a0b4vs7npvzzdo20070926NM0000000000000000000004', '2013-11-15 10:18:24', '78q308c43scloggizruul94yfqmr032c0058', '90x9y545ok5sjhqor1beytryg187gc9p0058');
UPDATE md_business SET cache_algorithm= 'r1pliqugs5g41pvyjhghv3s52amj6hrs' , cache_algorithm_c= '000000000000000000000000000002310077' , super_md_business= '78q308c43scloggizruul94yfqmr032c0058'  WHERE oid='90x9y545ok5sjhqor1beytryg187gc9p0058';
UPDATE md_entity SET table_name= 'md_attribute_multi_term'  WHERE oid='90x9y545ok5sjhqor1beytryg187gc9p0058';
UPDATE md_type SET display_label= '08w1oj35knbboqkwbp22wa5inc3buhmb0287' , root_id= '90x9y545ok5sjhqor1beytryg187gc9p' , package_name= 'com.runwaysdk.system.metadata' , type_name= 'MdAttributeMultiTerm'  WHERE oid='90x9y545ok5sjhqor1beytryg187gc9p0058';
UPDATE metadata SET description= 'xkvenm2pysw5wmtborgo0cxlwnz3qehb0287' , created_by= '000000000000000000000000000000100060' , owner= '000000000000000000000000000000100060' , oid= '90x9y545ok5sjhqor1beytryg187gc9p0058' , create_date= '2013-11-15 10:18:24' , seq= 4142 , type= 'com.runwaysdk.system.metadata.MdBusiness' , site_master= 'www.runwaysdk.com' , last_updated_by= '000000000000000000000000000000100060' , last_update_date= '2013-11-15 10:18:24' , key_name= 'com.runwaysdk.system.metadata.MdAttributeMultiTerm'  WHERE oid='90x9y545ok5sjhqor1beytryg187gc9p0058';
UPDATE md_business SET cache_algorithm= '05jlnoy3h7jhf67jduvz01osb3pi3mkm' , cache_algorithm_c= '000000000000000000000000000002310077' , super_md_business= '000000000000000000000000000000020058'  WHERE oid='78q308c43scloggizruul94yfqmr032c0058';
UPDATE md_entity SET table_name= 'md_attribute_multi_reference'  WHERE oid='78q308c43scloggizruul94yfqmr032c0058';
UPDATE md_type SET display_label= 'r3v87bz1qhe4s2hu3mmsd6ljiqc086zj0287' , root_id= '78q308c43scloggizruul94yfqmr032c' , package_name= 'com.runwaysdk.system.metadata' , type_name= 'MdAttributeMultiReference'  WHERE oid='78q308c43scloggizruul94yfqmr032c0058';
UPDATE metadata SET description= 'xpym10yredy2twsp1xx8puelf8emeowa0287' , created_by= '000000000000000000000000000000100060' , owner= '000000000000000000000000000000100060' , oid= '78q308c43scloggizruul94yfqmr032c0058' , create_date= '2013-11-15 10:18:24' , seq= 4143 , type= 'com.runwaysdk.system.metadata.MdBusiness' , site_master= 'www.runwaysdk.com' , last_updated_by= '000000000000000000000000000000100060' , last_update_date= '2013-11-15 10:18:24' , key_name= 'com.runwaysdk.system.metadata.MdAttributeMultiReference'  WHERE oid='78q308c43scloggizruul94yfqmr032c0058';
