 INSERT INTO class_cache (set_id, item_id)  VALUES  ('74e86gj2z4mfa5d5we0c99x8ck6foih9', '000000000000000000000000000002310077');
INSERT INTO metadata_display_label ( default_locale, oid, site_master, key_name) VALUES ('Job Operation', '0eqysdr3355mbhrr9e47y1apu4z1jlbn0287', 'www.runwaysdk.com', '0eqysdr3355mbhrr9e47y1apu4z1jlbn0287');
INSERT INTO metadata_display_label ( default_locale, oid, site_master, key_name) VALUES ('Job Operation', 'szaab13jfovq74x0nhprx59za7q3zc2i0287', 'www.runwaysdk.com', 'szaab13jfovq74x0nhprx59za7q3zc2i0287');
INSERT INTO md_business ( cache_algorithm, cache_algorithm_c, super_md_business, oid) VALUES ('74e86gj2z4mfa5d5we0c99x8ck6foih9', '000000000000000000000000000002310077', '000000000000000000000000000002060058', 'xir473x8wypomyg7b93mojxd8gaf8f4w0058');
INSERT INTO md_element ( extendable, is_abstract, oid) VALUES (0, 0, 'xir473x8wypomyg7b93mojxd8gaf8f4w0058');
INSERT INTO md_entity ( query_dto_source, query_source, cache_size, enforce_site_master, has_deterministic_ids, table_name, oid) VALUES (NULL, NULL, 0, 1, 0, 'job_operation', 'xir473x8wypomyg7b93mojxd8gaf8f4w0058');
INSERT INTO md_class ( publish, stub_dto_source, stub_source, oid) VALUES (1, NULL, NULL, 'xir473x8wypomyg7b93mojxd8gaf8f4w0058');
INSERT INTO md_type ( display_label, root_id, package_name, type_name, base_source, js_base, js_stub, exported, dto_source, oid) VALUES ('0eqysdr3355mbhrr9e47y1apu4z1jlbn0287', 'xir473x8wypomyg7b93mojxd8gaf8f4w', 'com.runwaysdk.system.scheduler', 'JobOperation', NULL, NULL, NULL, 1, NULL, 'xir473x8wypomyg7b93mojxd8gaf8f4w0058');
INSERT INTO metadata ( description, created_by, owner, oid, create_date, seq, type, remove, site_master, locked_by, entity_domain, last_updated_by, last_update_date, key_name) VALUES ('szaab13jfovq74x0nhprx59za7q3zc2i0287', '000000000000000000000000000000100060', '000000000000000000000000000000100060', 'xir473x8wypomyg7b93mojxd8gaf8f4w0058', '2014-02-10 12:13:54', 4142, 'com.runwaysdk.system.metadata.MdBusiness', 1, 'www.runwaysdk.com', NULL, NULL, '000000000000000000000000000000100060', '2014-02-10 12:13:54', 'com.runwaysdk.system.scheduler.JobOperation');
CREATE TABLE job_operation ( oid CHAR(64) NOT NULL PRIMARY KEY );
INSERT INTO metadata_display_label ( default_locale, oid, site_master, key_name) VALUES (NULL, 'svfjxji98uggn27itdgyamvbt8h2tozt0287', 'www.runwaysdk.com', 'svfjxji98uggn27itdgyamvbt8h2tozt0287');
INSERT INTO metadata_display_label ( default_locale, oid, site_master, key_name) VALUES (NULL, '8xdmcgarbeasd3o5oc139d1w1e016z4c0287', 'www.runwaysdk.com', '8xdmcgarbeasd3o5oc139d1w1e016z4c0287');
INSERT INTO md_controller ( stub_source, oid) VALUES (NULL, '0lzq2h7xlcuvagetzpftd8y8emyybfeg0130');
INSERT INTO md_type ( display_label, root_id, package_name, type_name, base_source, js_base, js_stub, exported, dto_source, oid) VALUES ('svfjxji98uggn27itdgyamvbt8h2tozt0287', '0lzq2h7xlcuvagetzpftd8y8emyybfeg', 'com.runwaysdk.system.scheduler', 'JobOperationController', NULL, NULL, NULL, 1, NULL, '0lzq2h7xlcuvagetzpftd8y8emyybfeg0130');
INSERT INTO metadata ( description, created_by, owner, oid, create_date, seq, type, remove, site_master, locked_by, entity_domain, last_updated_by, last_update_date, key_name) VALUES ('8xdmcgarbeasd3o5oc139d1w1e016z4c0287', '000000000000000000000000000000100060', '000000000000000000000000000000100060', '0lzq2h7xlcuvagetzpftd8y8emyybfeg0130', '2014-02-10 12:13:54', 4143, 'com.runwaysdk.system.metadata.MdController', 1, 'www.runwaysdk.com', NULL, NULL, '000000000000000000000000000000100060', '2014-02-10 12:13:54', 'com.runwaysdk.system.scheduler.JobOperationController');
INSERT INTO metadata_display_label ( default_locale, oid, site_master, key_name) VALUES ('View Page', 'shstgefp3xtjsfem2nw3cyzuhtpf85ns0287', 'www.runwaysdk.com', 'shstgefp3xtjsfem2nw3cyzuhtpf85ns0287');
INSERT INTO metadata_display_label ( default_locale, oid, site_master, key_name) VALUES ('Loads a ViewAll query for a specific page into the request object', 'z2vo30vvp4k11wyvortvkd78zrkh54hq0287', 'www.runwaysdk.com', 'z2vo30vvp4k11wyvortvkd78zrkh54hq0287');
INSERT INTO md_action ( is_query, enclosing_md_controller, is_post, action_name, display_label, oid) VALUES (1, '0lzq2h7xlcuvagetzpftd8y8emyybfeg0130', 0, 'viewPage', 'shstgefp3xtjsfem2nw3cyzuhtpf85ns0287', 'raenwm9u156k6yl1ji1y5uj5trzrawgv0131');
INSERT INTO metadata ( description, created_by, owner, oid, create_date, seq, type, remove, site_master, locked_by, entity_domain, last_updated_by, last_update_date, key_name) VALUES ('z2vo30vvp4k11wyvortvkd78zrkh54hq0287', '000000000000000000000000000000100060', '000000000000000000000000000000100060', 'raenwm9u156k6yl1ji1y5uj5trzrawgv0131', '2014-02-10 12:13:54', 4144, 'com.runwaysdk.system.metadata.MdAction', 1, 'www.runwaysdk.com', NULL, NULL, '000000000000000000000000000000100060', '2014-02-10 12:13:54', 'com.runwaysdk.system.scheduler.JobOperationController.viewPage');
INSERT INTO controller_action ( key_name, locked_by, oid, owner, entity_domain, created_by, type, last_update_date, create_date, seq, last_updated_by, site_master, parent_oid, child_oid) VALUES ('com.runwaysdk.system.scheduler.JobOperationController.viewPage', NULL, '0r37qwtzy8qlkkjj3heygh9sufxz27q10264', '000000000000000000000000000000100060', NULL, '000000000000000000000000000000100060', 'com.runwaysdk.system.ControllerAction', '2014-02-10 12:13:54', '2014-02-10 12:13:54', 4145, '000000000000000000000000000000100060', 'www.runwaysdk.com', '0lzq2h7xlcuvagetzpftd8y8emyybfeg0130', 'raenwm9u156k6yl1ji1y5uj5trzrawgv0131');
INSERT INTO metadata_display_label ( default_locale, oid, site_master, key_name) VALUES ('Sort Attribute', 'smnshoos2sqjllne5rp3yt8qhg6olb7h0287', 'www.runwaysdk.com', 'smnshoos2sqjllne5rp3yt8qhg6olb7h0287');
INSERT INTO metadata_display_label ( default_locale, oid, site_master, key_name) VALUES (NULL, 'z3rfqqi4yaf10y6oc1nn1p6ij7n1y0uu0287', 'www.runwaysdk.com', 'z3rfqqi4yaf10y6oc1nn1p6ij7n1y0uu0287');
INSERT INTO md_parameter ( metadata, parameter_order, parameter_name, parameter_type, display_label, oid) VALUES ('raenwm9u156k6yl1ji1y5uj5trzrawgv0131', -4, 'sortAttribute', 'java.lang.String', 'smnshoos2sqjllne5rp3yt8qhg6olb7h0287', '8v20ju8dacj57jhk58lsq91l7tjiji7v0110');
INSERT INTO metadata ( description, created_by, owner, oid, create_date, seq, type, remove, site_master, locked_by, entity_domain, last_updated_by, last_update_date, key_name) VALUES ('z3rfqqi4yaf10y6oc1nn1p6ij7n1y0uu0287', '000000000000000000000000000000100060', '000000000000000000000000000000100060', '8v20ju8dacj57jhk58lsq91l7tjiji7v0110', '2014-02-10 12:13:54', 4146, 'com.runwaysdk.system.metadata.MdParameter', 1, 'www.runwaysdk.com', NULL, NULL, '000000000000000000000000000000100060', '2014-02-10 12:13:54', 'com.runwaysdk.system.scheduler.JobOperationController.viewPage.sortAttribute');
INSERT INTO metadata_parameter ( site_master, last_updated_by, create_date, seq, locked_by, entity_domain, created_by, type, last_update_date, key_name, owner, oid, parent_oid, child_oid) VALUES ('www.runwaysdk.com', '000000000000000000000000000000100060', '2014-02-10 12:13:54', 4147, NULL, NULL, '000000000000000000000000000000100060', 'com.runwaysdk.system.MetadataParameter', '2014-02-10 12:13:54', 'com.runwaysdk.system.scheduler.JobOperationController.viewPage.sortAttribute', '000000000000000000000000000000100060', 'sie40enym5biapi2sw9b9yo997jhal5s0256', 'raenwm9u156k6yl1ji1y5uj5trzrawgv0131', '8v20ju8dacj57jhk58lsq91l7tjiji7v0110');
INSERT INTO metadata_display_label ( default_locale, oid, site_master, key_name) VALUES ('Is Ascending', 's9vznemfi1sfeia1d6r03zfhxh1so6j60287', 'www.runwaysdk.com', 's9vznemfi1sfeia1d6r03zfhxh1so6j60287');
INSERT INTO metadata_display_label ( default_locale, oid, site_master, key_name) VALUES (NULL, 'r7yr793y7z5129px5hhl91ikchlutgsj0287', 'www.runwaysdk.com', 'r7yr793y7z5129px5hhl91ikchlutgsj0287');
INSERT INTO md_parameter ( metadata, parameter_order, parameter_name, parameter_type, display_label, oid) VALUES ('raenwm9u156k6yl1ji1y5uj5trzrawgv0131', -3, 'isAscending', 'java.lang.Boolean', 's9vznemfi1sfeia1d6r03zfhxh1so6j60287', 'zk8ah87fbqu3t8fgjgnz0nteaozzwf8a0110');
INSERT INTO metadata ( description, created_by, owner, oid, create_date, seq, type, remove, site_master, locked_by, entity_domain, last_updated_by, last_update_date, key_name) VALUES ('r7yr793y7z5129px5hhl91ikchlutgsj0287', '000000000000000000000000000000100060', '000000000000000000000000000000100060', 'zk8ah87fbqu3t8fgjgnz0nteaozzwf8a0110', '2014-02-10 12:13:54', 4148, 'com.runwaysdk.system.metadata.MdParameter', 1, 'www.runwaysdk.com', NULL, NULL, '000000000000000000000000000000100060', '2014-02-10 12:13:54', 'com.runwaysdk.system.scheduler.JobOperationController.viewPage.isAscending');
INSERT INTO metadata_parameter ( site_master, last_updated_by, create_date, seq, locked_by, entity_domain, created_by, type, last_update_date, key_name, owner, oid, parent_oid, child_oid) VALUES ('www.runwaysdk.com', '000000000000000000000000000000100060', '2014-02-10 12:13:54', 4149, NULL, NULL, '000000000000000000000000000000100060', 'com.runwaysdk.system.MetadataParameter', '2014-02-10 12:13:54', 'com.runwaysdk.system.scheduler.JobOperationController.viewPage.isAscending', '000000000000000000000000000000100060', '0hx9ll9mry7szd1li7sp37jcmge0nfo60256', 'raenwm9u156k6yl1ji1y5uj5trzrawgv0131', 'zk8ah87fbqu3t8fgjgnz0nteaozzwf8a0110');
INSERT INTO metadata_display_label ( default_locale, oid, site_master, key_name) VALUES ('Page Size', '00kw7987p1e4mky9lmthoms2atjpkrol0287', 'www.runwaysdk.com', '00kw7987p1e4mky9lmthoms2atjpkrol0287');
INSERT INTO metadata_display_label ( default_locale, oid, site_master, key_name) VALUES (NULL, '79eh5bmt6af3lyrg4lzjiuwy358oy0co0287', 'www.runwaysdk.com', '79eh5bmt6af3lyrg4lzjiuwy358oy0co0287');
INSERT INTO md_parameter ( metadata, parameter_order, parameter_name, parameter_type, display_label, oid) VALUES ('raenwm9u156k6yl1ji1y5uj5trzrawgv0131', -2, 'pageSize', 'java.lang.Integer', '00kw7987p1e4mky9lmthoms2atjpkrol0287', '030g48anm1ypzpfiypxf8qeockygpqij0110');
INSERT INTO metadata ( description, created_by, owner, oid, create_date, seq, type, remove, site_master, locked_by, entity_domain, last_updated_by, last_update_date, key_name) VALUES ('79eh5bmt6af3lyrg4lzjiuwy358oy0co0287', '000000000000000000000000000000100060', '000000000000000000000000000000100060', '030g48anm1ypzpfiypxf8qeockygpqij0110', '2014-02-10 12:13:54', 4150, 'com.runwaysdk.system.metadata.MdParameter', 1, 'www.runwaysdk.com', NULL, NULL, '000000000000000000000000000000100060', '2014-02-10 12:13:54', 'com.runwaysdk.system.scheduler.JobOperationController.viewPage.pageSize');
INSERT INTO metadata_parameter ( site_master, last_updated_by, create_date, seq, locked_by, entity_domain, created_by, type, last_update_date, key_name, owner, oid, parent_oid, child_oid) VALUES ('www.runwaysdk.com', '000000000000000000000000000000100060', '2014-02-10 12:13:54', 4151, NULL, NULL, '000000000000000000000000000000100060', 'com.runwaysdk.system.MetadataParameter', '2014-02-10 12:13:54', 'com.runwaysdk.system.scheduler.JobOperationController.viewPage.pageSize', '000000000000000000000000000000100060', '1veckeijm0irvgmegpbbecoyl4i9au7e0256', 'raenwm9u156k6yl1ji1y5uj5trzrawgv0131', '030g48anm1ypzpfiypxf8qeockygpqij0110');
INSERT INTO metadata_display_label ( default_locale, oid, site_master, key_name) VALUES ('Page Number', '8vr8m866slcrebr9ndtp3exs1tk9li030287', 'www.runwaysdk.com', '8vr8m866slcrebr9ndtp3exs1tk9li030287');
INSERT INTO metadata_display_label ( default_locale, oid, site_master, key_name) VALUES (NULL, '8pv17absthb0n1qg4nkxn0p0io3w9ibu0287', 'www.runwaysdk.com', '8pv17absthb0n1qg4nkxn0p0io3w9ibu0287');
INSERT INTO md_parameter ( metadata, parameter_order, parameter_name, parameter_type, display_label, oid) VALUES ('raenwm9u156k6yl1ji1y5uj5trzrawgv0131', -1, 'pageNumber', 'java.lang.Integer', '8vr8m866slcrebr9ndtp3exs1tk9li030287', '923qhmgj41iolq2bkwxse3dk8kbkmjoq0110');
INSERT INTO metadata ( description, created_by, owner, oid, create_date, seq, type, remove, site_master, locked_by, entity_domain, last_updated_by, last_update_date, key_name) VALUES ('8pv17absthb0n1qg4nkxn0p0io3w9ibu0287', '000000000000000000000000000000100060', '000000000000000000000000000000100060', '923qhmgj41iolq2bkwxse3dk8kbkmjoq0110', '2014-02-10 12:13:54', 4152, 'com.runwaysdk.system.metadata.MdParameter', 1, 'www.runwaysdk.com', NULL, NULL, '000000000000000000000000000000100060', '2014-02-10 12:13:54', 'com.runwaysdk.system.scheduler.JobOperationController.viewPage.pageNumber');
INSERT INTO metadata_parameter ( site_master, last_updated_by, create_date, seq, locked_by, entity_domain, created_by, type, last_update_date, key_name, owner, oid, parent_oid, child_oid) VALUES ('www.runwaysdk.com', '000000000000000000000000000000100060', '2014-02-10 12:13:54', 4153, NULL, NULL, '000000000000000000000000000000100060', 'com.runwaysdk.system.MetadataParameter', '2014-02-10 12:13:54', 'com.runwaysdk.system.scheduler.JobOperationController.viewPage.pageNumber', '000000000000000000000000000000100060', 'sw6hazrdz42z1zz8mk2cnpyftl3ixqbh0256', 'raenwm9u156k6yl1ji1y5uj5trzrawgv0131', '923qhmgj41iolq2bkwxse3dk8kbkmjoq0110');
INSERT INTO metadata_display_label ( default_locale, oid, site_master, key_name) VALUES ('View All', 'y14l0wfvyy1p9agurivzi71wnpvu03550287', 'www.runwaysdk.com', 'y14l0wfvyy1p9agurivzi71wnpvu03550287');
INSERT INTO metadata_display_label ( default_locale, oid, site_master, key_name) VALUES ('Loads a ViewAll query with the default settings', '7etoh2ip6u7jy968ovuivimv2szougtq0287', 'www.runwaysdk.com', '7etoh2ip6u7jy968ovuivimv2szougtq0287');
INSERT INTO md_action ( is_query, enclosing_md_controller, is_post, action_name, display_label, oid) VALUES (0, '0lzq2h7xlcuvagetzpftd8y8emyybfeg0130', 0, 'viewAll', 'y14l0wfvyy1p9agurivzi71wnpvu03550287', 'zo0qj3y5t0754445rv57p0kae9dpe6sh0131');
INSERT INTO metadata ( description, created_by, owner, oid, create_date, seq, type, remove, site_master, locked_by, entity_domain, last_updated_by, last_update_date, key_name) VALUES ('7etoh2ip6u7jy968ovuivimv2szougtq0287', '000000000000000000000000000000100060', '000000000000000000000000000000100060', 'zo0qj3y5t0754445rv57p0kae9dpe6sh0131', '2014-02-10 12:13:54', 4154, 'com.runwaysdk.system.metadata.MdAction', 1, 'www.runwaysdk.com', NULL, NULL, '000000000000000000000000000000100060', '2014-02-10 12:13:54', 'com.runwaysdk.system.scheduler.JobOperationController.viewAll');
INSERT INTO controller_action ( key_name, locked_by, oid, owner, entity_domain, created_by, type, last_update_date, create_date, seq, last_updated_by, site_master, parent_oid, child_oid) VALUES ('com.runwaysdk.system.scheduler.JobOperationController.viewAll', NULL, 'zclsms8j0x1xuy5e8vqx64l13ypqe4mx0264', '000000000000000000000000000000100060', NULL, '000000000000000000000000000000100060', 'com.runwaysdk.system.ControllerAction', '2014-02-10 12:13:54', '2014-02-10 12:13:54', 4155, '000000000000000000000000000000100060', 'www.runwaysdk.com', '0lzq2h7xlcuvagetzpftd8y8emyybfeg0130', 'zo0qj3y5t0754445rv57p0kae9dpe6sh0131');
INSERT INTO metadata_display_label ( default_locale, oid, site_master, key_name) VALUES ('View', '1telmaucehxf4h3j7sa0gx187xf1ai2p0287', 'www.runwaysdk.com', '1telmaucehxf4h3j7sa0gx187xf1ai2p0287');
INSERT INTO metadata_display_label ( default_locale, oid, site_master, key_name) VALUES ('View an existing instance of com.runwaysdk.system.scheduler.JobOperation', '6w7gmqj9w184axoo45k32oymcxorx39x0287', 'www.runwaysdk.com', '6w7gmqj9w184axoo45k32oymcxorx39x0287');
INSERT INTO md_action ( is_query, enclosing_md_controller, is_post, action_name, display_label, oid) VALUES (0, '0lzq2h7xlcuvagetzpftd8y8emyybfeg0130', 0, 'view', '1telmaucehxf4h3j7sa0gx187xf1ai2p0287', 'xf0sos4djekmquq27ugmku1fpj67en820131');
INSERT INTO metadata ( description, created_by, owner, oid, create_date, seq, type, remove, site_master, locked_by, entity_domain, last_updated_by, last_update_date, key_name) VALUES ('6w7gmqj9w184axoo45k32oymcxorx39x0287', '000000000000000000000000000000100060', '000000000000000000000000000000100060', 'xf0sos4djekmquq27ugmku1fpj67en820131', '2014-02-10 12:13:54', 4156, 'com.runwaysdk.system.metadata.MdAction', 1, 'www.runwaysdk.com', NULL, NULL, '000000000000000000000000000000100060', '2014-02-10 12:13:54', 'com.runwaysdk.system.scheduler.JobOperationController.view');
INSERT INTO controller_action ( key_name, locked_by, oid, owner, entity_domain, created_by, type, last_update_date, create_date, seq, last_updated_by, site_master, parent_oid, child_oid) VALUES ('com.runwaysdk.system.scheduler.JobOperationController.view', NULL, '6xgtywpompxspzjxi05ycfyp6qnyb7340264', '000000000000000000000000000000100060', NULL, '000000000000000000000000000000100060', 'com.runwaysdk.system.ControllerAction', '2014-02-10 12:13:54', '2014-02-10 12:13:54', 4157, '000000000000000000000000000000100060', 'www.runwaysdk.com', '0lzq2h7xlcuvagetzpftd8y8emyybfeg0130', 'xf0sos4djekmquq27ugmku1fpj67en820131');
INSERT INTO metadata_display_label ( default_locale, oid, site_master, key_name) VALUES ('Parameter: com.runwaysdk.system.scheduler.JobOperation - oid', '8mklfy42gqw8bdc6yd855udyho3aq4r90287', 'www.runwaysdk.com', '8mklfy42gqw8bdc6yd855udyho3aq4r90287');
INSERT INTO metadata_display_label ( default_locale, oid, site_master, key_name) VALUES ('Id of com.runwaysdk.system.scheduler.JobOperation to view.', '21ms4njxp3nmfyypp3pn2a7a951awmbw0287', 'www.runwaysdk.com', '21ms4njxp3nmfyypp3pn2a7a951awmbw0287');
INSERT INTO md_parameter ( metadata, parameter_order, parameter_name, parameter_type, display_label, oid) VALUES ('xf0sos4djekmquq27ugmku1fpj67en820131', 0, 'oid', 'java.lang.String', '8mklfy42gqw8bdc6yd855udyho3aq4r90287', '90ptw7yz60egcvjh6r9n7t8cij7t96gn0110');
INSERT INTO metadata ( description, created_by, owner, oid, create_date, seq, type, remove, site_master, locked_by, entity_domain, last_updated_by, last_update_date, key_name) VALUES ('21ms4njxp3nmfyypp3pn2a7a951awmbw0287', '000000000000000000000000000000100060', '000000000000000000000000000000100060', '90ptw7yz60egcvjh6r9n7t8cij7t96gn0110', '2014-02-10 12:13:54', 4158, 'com.runwaysdk.system.metadata.MdParameter', 1, 'www.runwaysdk.com', NULL, NULL, '000000000000000000000000000000100060', '2014-02-10 12:13:54', 'com.runwaysdk.system.scheduler.JobOperationController.view.oid');
INSERT INTO metadata_parameter ( site_master, last_updated_by, create_date, seq, locked_by, entity_domain, created_by, type, last_update_date, key_name, owner, oid, parent_oid, child_oid) VALUES ('www.runwaysdk.com', '000000000000000000000000000000100060', '2014-02-10 12:13:54', 4159, NULL, NULL, '000000000000000000000000000000100060', 'com.runwaysdk.system.MetadataParameter', '2014-02-10 12:13:54', 'com.runwaysdk.system.scheduler.JobOperationController.view.oid', '000000000000000000000000000000100060', '8zg4cmn08ugexjtt6n19bzu4p6mz06pe0256', 'xf0sos4djekmquq27ugmku1fpj67en820131', '90ptw7yz60egcvjh6r9n7t8cij7t96gn0110');
INSERT INTO metadata_display_label ( default_locale, oid, site_master, key_name) VALUES ('New Instance', 'sm15qyoqz065q44yinmzo8oyc9p7f5b90287', 'www.runwaysdk.com', 'sm15qyoqz065q44yinmzo8oyc9p7f5b90287');
INSERT INTO metadata_display_label ( default_locale, oid, site_master, key_name) VALUES ('Loads a new instance of com.runwaysdk.system.scheduler.JobOperation into the request object', 'yxqtsncbe3whgaeh5rijh9uukh2dei560287', 'www.runwaysdk.com', 'yxqtsncbe3whgaeh5rijh9uukh2dei560287');
INSERT INTO md_action ( is_query, enclosing_md_controller, is_post, action_name, display_label, oid) VALUES (0, '0lzq2h7xlcuvagetzpftd8y8emyybfeg0130', 0, 'newInstance', 'sm15qyoqz065q44yinmzo8oyc9p7f5b90287', 'sgefkmkb4joe40gzo06isaygv3gt9vtp0131');
INSERT INTO metadata ( description, created_by, owner, oid, create_date, seq, type, remove, site_master, locked_by, entity_domain, last_updated_by, last_update_date, key_name) VALUES ('yxqtsncbe3whgaeh5rijh9uukh2dei560287', '000000000000000000000000000000100060', '000000000000000000000000000000100060', 'sgefkmkb4joe40gzo06isaygv3gt9vtp0131', '2014-02-10 12:13:54', 4160, 'com.runwaysdk.system.metadata.MdAction', 1, 'www.runwaysdk.com', NULL, NULL, '000000000000000000000000000000100060', '2014-02-10 12:13:54', 'com.runwaysdk.system.scheduler.JobOperationController.newInstance');
INSERT INTO controller_action ( key_name, locked_by, oid, owner, entity_domain, created_by, type, last_update_date, create_date, seq, last_updated_by, site_master, parent_oid, child_oid) VALUES ('com.runwaysdk.system.scheduler.JobOperationController.newInstance', NULL, 'xx72u1osqbd4qtotz1fr5lvvsqpwe8ii0264', '000000000000000000000000000000100060', NULL, '000000000000000000000000000000100060', 'com.runwaysdk.system.ControllerAction', '2014-02-10 12:13:54', '2014-02-10 12:13:54', 4161, '000000000000000000000000000000100060', 'www.runwaysdk.com', '0lzq2h7xlcuvagetzpftd8y8emyybfeg0130', 'sgefkmkb4joe40gzo06isaygv3gt9vtp0131');
INSERT INTO metadata_display_label ( default_locale, oid, site_master, key_name) VALUES ('Create', 'xx2zkbp0g3kwtx2l9ziyhoh9fnchsgel0287', 'www.runwaysdk.com', 'xx2zkbp0g3kwtx2l9ziyhoh9fnchsgel0287');
INSERT INTO metadata_display_label ( default_locale, oid, site_master, key_name) VALUES ('Applys a new instance of com.runwaysdk.system.scheduler.JobOperation', 'zm5idw6y9v3opt2nmbe52440i5rk5dq30287', 'www.runwaysdk.com', 'zm5idw6y9v3opt2nmbe52440i5rk5dq30287');
INSERT INTO md_action ( is_query, enclosing_md_controller, is_post, action_name, display_label, oid) VALUES (0, '0lzq2h7xlcuvagetzpftd8y8emyybfeg0130', 1, 'create', 'xx2zkbp0g3kwtx2l9ziyhoh9fnchsgel0287', 'xsnihz2thivs5m4ukx7vxgbcwp2opm730131');
INSERT INTO metadata ( description, created_by, owner, oid, create_date, seq, type, remove, site_master, locked_by, entity_domain, last_updated_by, last_update_date, key_name) VALUES ('zm5idw6y9v3opt2nmbe52440i5rk5dq30287', '000000000000000000000000000000100060', '000000000000000000000000000000100060', 'xsnihz2thivs5m4ukx7vxgbcwp2opm730131', '2014-02-10 12:13:54', 4162, 'com.runwaysdk.system.metadata.MdAction', 1, 'www.runwaysdk.com', NULL, NULL, '000000000000000000000000000000100060', '2014-02-10 12:13:54', 'com.runwaysdk.system.scheduler.JobOperationController.create');
INSERT INTO controller_action ( key_name, locked_by, oid, owner, entity_domain, created_by, type, last_update_date, create_date, seq, last_updated_by, site_master, parent_oid, child_oid) VALUES ('com.runwaysdk.system.scheduler.JobOperationController.create', NULL, '8otvd9fz3rl5g01k45a9010la007ygk90264', '000000000000000000000000000000100060', NULL, '000000000000000000000000000000100060', 'com.runwaysdk.system.ControllerAction', '2014-02-10 12:13:54', '2014-02-10 12:13:54', 4163, '000000000000000000000000000000100060', 'www.runwaysdk.com', '0lzq2h7xlcuvagetzpftd8y8emyybfeg0130', 'xsnihz2thivs5m4ukx7vxgbcwp2opm730131');
INSERT INTO metadata_display_label ( default_locale, oid, site_master, key_name) VALUES ('Parameter: com.runwaysdk.system.scheduler.JobOperation', '0iqn1hzhgka58h9ou06k5ei5pzohch4t0287', 'www.runwaysdk.com', '0iqn1hzhgka58h9ou06k5ei5pzohch4t0287');
INSERT INTO metadata_display_label ( default_locale, oid, site_master, key_name) VALUES ('com.runwaysdk.system.scheduler.JobOperation to apply to the database', '8fxm2yf2wsp8ibsi3leuhv9con389ly90287', 'www.runwaysdk.com', '8fxm2yf2wsp8ibsi3leuhv9con389ly90287');
INSERT INTO md_parameter ( metadata, parameter_order, parameter_name, parameter_type, display_label, oid) VALUES ('xsnihz2thivs5m4ukx7vxgbcwp2opm730131', 0, 'dto', 'com.runwaysdk.system.scheduler.JobOperation', '0iqn1hzhgka58h9ou06k5ei5pzohch4t0287', 'qqxmfef11sj7xt90o3q4t6okmp4ib5po0110');
INSERT INTO metadata ( description, created_by, owner, oid, create_date, seq, type, remove, site_master, locked_by, entity_domain, last_updated_by, last_update_date, key_name) VALUES ('8fxm2yf2wsp8ibsi3leuhv9con389ly90287', '000000000000000000000000000000100060', '000000000000000000000000000000100060', 'qqxmfef11sj7xt90o3q4t6okmp4ib5po0110', '2014-02-10 12:13:54', 4164, 'com.runwaysdk.system.metadata.MdParameter', 1, 'www.runwaysdk.com', NULL, NULL, '000000000000000000000000000000100060', '2014-02-10 12:13:54', 'com.runwaysdk.system.scheduler.JobOperationController.create.dto');
INSERT INTO metadata_parameter ( site_master, last_updated_by, create_date, seq, locked_by, entity_domain, created_by, type, last_update_date, key_name, owner, oid, parent_oid, child_oid) VALUES ('www.runwaysdk.com', '000000000000000000000000000000100060', '2014-02-10 12:13:54', 4165, NULL, NULL, '000000000000000000000000000000100060', 'com.runwaysdk.system.MetadataParameter', '2014-02-10 12:13:54', 'com.runwaysdk.system.scheduler.JobOperationController.create.dto', '000000000000000000000000000000100060', '1stgsjlarzdxsusio9roquml6bl5mqcr0256', 'xsnihz2thivs5m4ukx7vxgbcwp2opm730131', 'qqxmfef11sj7xt90o3q4t6okmp4ib5po0110');
INSERT INTO metadata_display_label ( default_locale, oid, site_master, key_name) VALUES ('edit', 'xliy7nq9ky6tvkjj7kvihu2wz6zks3e40287', 'www.runwaysdk.com', 'xliy7nq9ky6tvkjj7kvihu2wz6zks3e40287');
INSERT INTO metadata_display_label ( default_locale, oid, site_master, key_name) VALUES ('Applys an existing instance of com.runwaysdk.system.scheduler.JobOperation', '75u8salcexnpnpg4a5vqevbyrj0f0e9r0287', 'www.runwaysdk.com', '75u8salcexnpnpg4a5vqevbyrj0f0e9r0287');
INSERT INTO md_action ( is_query, enclosing_md_controller, is_post, action_name, display_label, oid) VALUES (0, '0lzq2h7xlcuvagetzpftd8y8emyybfeg0130', 0, 'edit', 'xliy7nq9ky6tvkjj7kvihu2wz6zks3e40287', '0mgf1ece3m3qm4qpixs1sk2j3qijt1n80131');
INSERT INTO metadata ( description, created_by, owner, oid, create_date, seq, type, remove, site_master, locked_by, entity_domain, last_updated_by, last_update_date, key_name) VALUES ('75u8salcexnpnpg4a5vqevbyrj0f0e9r0287', '000000000000000000000000000000100060', '000000000000000000000000000000100060', '0mgf1ece3m3qm4qpixs1sk2j3qijt1n80131', '2014-02-10 12:13:54', 4166, 'com.runwaysdk.system.metadata.MdAction', 1, 'www.runwaysdk.com', NULL, NULL, '000000000000000000000000000000100060', '2014-02-10 12:13:54', 'com.runwaysdk.system.scheduler.JobOperationController.edit');
INSERT INTO controller_action ( key_name, locked_by, oid, owner, entity_domain, created_by, type, last_update_date, create_date, seq, last_updated_by, site_master, parent_oid, child_oid) VALUES ('com.runwaysdk.system.scheduler.JobOperationController.edit', NULL, 'xi86m4mc68zjebllea0a871agyto1ni80264', '000000000000000000000000000000100060', NULL, '000000000000000000000000000000100060', 'com.runwaysdk.system.ControllerAction', '2014-02-10 12:13:54', '2014-02-10 12:13:54', 4167, '000000000000000000000000000000100060', 'www.runwaysdk.com', '0lzq2h7xlcuvagetzpftd8y8emyybfeg0130', '0mgf1ece3m3qm4qpixs1sk2j3qijt1n80131');
INSERT INTO metadata_display_label ( default_locale, oid, site_master, key_name) VALUES ('Parameter: com.runwaysdk.system.scheduler.JobOperation', 'qy9el98aw9embokmeo9hpdkw7lyduhdu0287', 'www.runwaysdk.com', 'qy9el98aw9embokmeo9hpdkw7lyduhdu0287');
INSERT INTO metadata_display_label ( default_locale, oid, site_master, key_name) VALUES ('com.runwaysdk.system.scheduler.JobOperation to apply to the database', '0f3aviqbixahvoa1va2uoic5krc61kc40287', 'www.runwaysdk.com', '0f3aviqbixahvoa1va2uoic5krc61kc40287');
INSERT INTO md_parameter ( metadata, parameter_order, parameter_name, parameter_type, display_label, oid) VALUES ('0mgf1ece3m3qm4qpixs1sk2j3qijt1n80131', 0, 'oid', 'java.lang.String', 'qy9el98aw9embokmeo9hpdkw7lyduhdu0287', 'r5v29j7q6wtbezw7cxaxxf84avye0ev70110');
INSERT INTO metadata ( description, created_by, owner, oid, create_date, seq, type, remove, site_master, locked_by, entity_domain, last_updated_by, last_update_date, key_name) VALUES ('0f3aviqbixahvoa1va2uoic5krc61kc40287', '000000000000000000000000000000100060', '000000000000000000000000000000100060', 'r5v29j7q6wtbezw7cxaxxf84avye0ev70110', '2014-02-10 12:13:54', 4168, 'com.runwaysdk.system.metadata.MdParameter', 1, 'www.runwaysdk.com', NULL, NULL, '000000000000000000000000000000100060', '2014-02-10 12:13:54', 'com.runwaysdk.system.scheduler.JobOperationController.edit.oid');
INSERT INTO metadata_parameter ( site_master, last_updated_by, create_date, seq, locked_by, entity_domain, created_by, type, last_update_date, key_name, owner, oid, parent_oid, child_oid) VALUES ('www.runwaysdk.com', '000000000000000000000000000000100060', '2014-02-10 12:13:54', 4169, NULL, NULL, '000000000000000000000000000000100060', 'com.runwaysdk.system.MetadataParameter', '2014-02-10 12:13:54', 'com.runwaysdk.system.scheduler.JobOperationController.edit.oid', '000000000000000000000000000000100060', 'r9laqf06c4bfzrfg93kpay4iiu0hksk00256', '0mgf1ece3m3qm4qpixs1sk2j3qijt1n80131', 'r5v29j7q6wtbezw7cxaxxf84avye0ev70110');
INSERT INTO metadata_display_label ( default_locale, oid, site_master, key_name) VALUES ('update', 'r439ufn0yey7l85i388aouh5d5nkc19h0287', 'www.runwaysdk.com', 'r439ufn0yey7l85i388aouh5d5nkc19h0287');
INSERT INTO metadata_display_label ( default_locale, oid, site_master, key_name) VALUES ('Applys an existing instance of com.runwaysdk.system.scheduler.JobOperation', 'xykqtuxo5qpgjq6yo1w2anpzzwyy6voa0287', 'www.runwaysdk.com', 'xykqtuxo5qpgjq6yo1w2anpzzwyy6voa0287');
INSERT INTO md_action ( is_query, enclosing_md_controller, is_post, action_name, display_label, oid) VALUES (0, '0lzq2h7xlcuvagetzpftd8y8emyybfeg0130', 1, 'update', 'r439ufn0yey7l85i388aouh5d5nkc19h0287', '1xhevizo60ybrxsq8qgja1dlxzn4pnmc0131');
INSERT INTO metadata ( description, created_by, owner, oid, create_date, seq, type, remove, site_master, locked_by, entity_domain, last_updated_by, last_update_date, key_name) VALUES ('xykqtuxo5qpgjq6yo1w2anpzzwyy6voa0287', '000000000000000000000000000000100060', '000000000000000000000000000000100060', '1xhevizo60ybrxsq8qgja1dlxzn4pnmc0131', '2014-02-10 12:13:54', 4170, 'com.runwaysdk.system.metadata.MdAction', 1, 'www.runwaysdk.com', NULL, NULL, '000000000000000000000000000000100060', '2014-02-10 12:13:54', 'com.runwaysdk.system.scheduler.JobOperationController.update');
INSERT INTO controller_action ( key_name, locked_by, oid, owner, entity_domain, created_by, type, last_update_date, create_date, seq, last_updated_by, site_master, parent_oid, child_oid) VALUES ('com.runwaysdk.system.scheduler.JobOperationController.update', NULL, 'xjmvstihun57n65dkzkh190rsyhz4su00264', '000000000000000000000000000000100060', NULL, '000000000000000000000000000000100060', 'com.runwaysdk.system.ControllerAction', '2014-02-10 12:13:54', '2014-02-10 12:13:54', 4171, '000000000000000000000000000000100060', 'www.runwaysdk.com', '0lzq2h7xlcuvagetzpftd8y8emyybfeg0130', '1xhevizo60ybrxsq8qgja1dlxzn4pnmc0131');
INSERT INTO metadata_display_label ( default_locale, oid, site_master, key_name) VALUES ('Parameter: com.runwaysdk.system.scheduler.JobOperation - dto', '8th3uei3mndt27cdkiytgevlnfayk6xz0287', 'www.runwaysdk.com', '8th3uei3mndt27cdkiytgevlnfayk6xz0287');
INSERT INTO metadata_display_label ( default_locale, oid, site_master, key_name) VALUES ('com.runwaysdk.system.scheduler.JobOperation to apply to the database', '8btc6yhcuvemzvtc1egv5clrnhk4qobd0287', 'www.runwaysdk.com', '8btc6yhcuvemzvtc1egv5clrnhk4qobd0287');
INSERT INTO md_parameter ( metadata, parameter_order, parameter_name, parameter_type, display_label, oid) VALUES ('1xhevizo60ybrxsq8qgja1dlxzn4pnmc0131', 0, 'dto', 'com.runwaysdk.system.scheduler.JobOperation', '8th3uei3mndt27cdkiytgevlnfayk6xz0287', 'r5482i5afyaywwe2pnti3zm5ii5lycsu0110');
INSERT INTO metadata ( description, created_by, owner, oid, create_date, seq, type, remove, site_master, locked_by, entity_domain, last_updated_by, last_update_date, key_name) VALUES ('8btc6yhcuvemzvtc1egv5clrnhk4qobd0287', '000000000000000000000000000000100060', '000000000000000000000000000000100060', 'r5482i5afyaywwe2pnti3zm5ii5lycsu0110', '2014-02-10 12:13:54', 4172, 'com.runwaysdk.system.metadata.MdParameter', 1, 'www.runwaysdk.com', NULL, NULL, '000000000000000000000000000000100060', '2014-02-10 12:13:54', 'com.runwaysdk.system.scheduler.JobOperationController.update.dto');
INSERT INTO metadata_parameter ( site_master, last_updated_by, create_date, seq, locked_by, entity_domain, created_by, type, last_update_date, key_name, owner, oid, parent_oid, child_oid) VALUES ('www.runwaysdk.com', '000000000000000000000000000000100060', '2014-02-10 12:13:54', 4173, NULL, NULL, '000000000000000000000000000000100060', 'com.runwaysdk.system.MetadataParameter', '2014-02-10 12:13:54', 'com.runwaysdk.system.scheduler.JobOperationController.update.dto', '000000000000000000000000000000100060', '8jbru9k3hm2ffmhq4fdsf7239rz7h9we0256', '1xhevizo60ybrxsq8qgja1dlxzn4pnmc0131', 'r5482i5afyaywwe2pnti3zm5ii5lycsu0110');
INSERT INTO metadata_display_label ( default_locale, oid, site_master, key_name) VALUES ('cancel', 'qvz0nmjm3qqz3byhp8qzrm23bqssnlbm0287', 'www.runwaysdk.com', 'qvz0nmjm3qqz3byhp8qzrm23bqssnlbm0287');
INSERT INTO metadata_display_label ( default_locale, oid, site_master, key_name) VALUES ('Unlocks an instance com.runwaysdk.system.scheduler.JobOperation', 'si3tgrpv84zbmy7vgianyxzdzvsdm95l0287', 'www.runwaysdk.com', 'si3tgrpv84zbmy7vgianyxzdzvsdm95l0287');
INSERT INTO md_action ( is_query, enclosing_md_controller, is_post, action_name, display_label, oid) VALUES (0, '0lzq2h7xlcuvagetzpftd8y8emyybfeg0130', 1, 'cancel', 'qvz0nmjm3qqz3byhp8qzrm23bqssnlbm0287', 'st5o02fj4y6bpj52p3qpqeahgd974s2j0131');
INSERT INTO metadata ( description, created_by, owner, oid, create_date, seq, type, remove, site_master, locked_by, entity_domain, last_updated_by, last_update_date, key_name) VALUES ('si3tgrpv84zbmy7vgianyxzdzvsdm95l0287', '000000000000000000000000000000100060', '000000000000000000000000000000100060', 'st5o02fj4y6bpj52p3qpqeahgd974s2j0131', '2014-02-10 12:13:54', 4174, 'com.runwaysdk.system.metadata.MdAction', 1, 'www.runwaysdk.com', NULL, NULL, '000000000000000000000000000000100060', '2014-02-10 12:13:54', 'com.runwaysdk.system.scheduler.JobOperationController.cancel');
INSERT INTO controller_action ( key_name, locked_by, oid, owner, entity_domain, created_by, type, last_update_date, create_date, seq, last_updated_by, site_master, parent_oid, child_oid) VALUES ('com.runwaysdk.system.scheduler.JobOperationController.cancel', NULL, '28s7yfvi71hiwuxa0jigmuk1pszu2w7x0264', '000000000000000000000000000000100060', NULL, '000000000000000000000000000000100060', 'com.runwaysdk.system.ControllerAction', '2014-02-10 12:13:54', '2014-02-10 12:13:54', 4175, '000000000000000000000000000000100060', 'www.runwaysdk.com', '0lzq2h7xlcuvagetzpftd8y8emyybfeg0130', 'st5o02fj4y6bpj52p3qpqeahgd974s2j0131');
INSERT INTO metadata_display_label ( default_locale, oid, site_master, key_name) VALUES ('Parameter: com.runwaysdk.system.scheduler.JobOperation - dto', 'sycdth68nfahnacplrg245ujoqx7vbaw0287', 'www.runwaysdk.com', 'sycdth68nfahnacplrg245ujoqx7vbaw0287');
INSERT INTO metadata_display_label ( default_locale, oid, site_master, key_name) VALUES ('com.runwaysdk.system.scheduler.JobOperation to unlock', 'rerouu16yxmzykeq8rgf06bp12ashpff0287', 'www.runwaysdk.com', 'rerouu16yxmzykeq8rgf06bp12ashpff0287');
INSERT INTO md_parameter ( metadata, parameter_order, parameter_name, parameter_type, display_label, oid) VALUES ('st5o02fj4y6bpj52p3qpqeahgd974s2j0131', 0, 'dto', 'com.runwaysdk.system.scheduler.JobOperation', 'sycdth68nfahnacplrg245ujoqx7vbaw0287', 'xzj5a1il2ssogy3w1xhik5p1vp8d796p0110');
INSERT INTO metadata ( description, created_by, owner, oid, create_date, seq, type, remove, site_master, locked_by, entity_domain, last_updated_by, last_update_date, key_name) VALUES ('rerouu16yxmzykeq8rgf06bp12ashpff0287', '000000000000000000000000000000100060', '000000000000000000000000000000100060', 'xzj5a1il2ssogy3w1xhik5p1vp8d796p0110', '2014-02-10 12:13:54', 4176, 'com.runwaysdk.system.metadata.MdParameter', 1, 'www.runwaysdk.com', NULL, NULL, '000000000000000000000000000000100060', '2014-02-10 12:13:54', 'com.runwaysdk.system.scheduler.JobOperationController.cancel.dto');
INSERT INTO metadata_parameter ( site_master, last_updated_by, create_date, seq, locked_by, entity_domain, created_by, type, last_update_date, key_name, owner, oid, parent_oid, child_oid) VALUES ('www.runwaysdk.com', '000000000000000000000000000000100060', '2014-02-10 12:13:54', 4177, NULL, NULL, '000000000000000000000000000000100060', 'com.runwaysdk.system.MetadataParameter', '2014-02-10 12:13:54', 'com.runwaysdk.system.scheduler.JobOperationController.cancel.dto', '000000000000000000000000000000100060', 'zdpkunobtrr2djoloy8hc01fo7rrcqc50256', 'st5o02fj4y6bpj52p3qpqeahgd974s2j0131', 'xzj5a1il2ssogy3w1xhik5p1vp8d796p0110');
INSERT INTO metadata_display_label ( default_locale, oid, site_master, key_name) VALUES ('delete', 'qsgyk18wmhb1gxxlobosaantij1zljcf0287', 'www.runwaysdk.com', 'qsgyk18wmhb1gxxlobosaantij1zljcf0287');
INSERT INTO metadata_display_label ( default_locale, oid, site_master, key_name) VALUES ('Delete an instance of com.runwaysdk.system.scheduler.JobOperation', 'xn7aw95vslg7jcglj29ry8v8r83s6l740287', 'www.runwaysdk.com', 'xn7aw95vslg7jcglj29ry8v8r83s6l740287');
INSERT INTO md_action ( is_query, enclosing_md_controller, is_post, action_name, display_label, oid) VALUES (0, '0lzq2h7xlcuvagetzpftd8y8emyybfeg0130', 1, 'delete', 'qsgyk18wmhb1gxxlobosaantij1zljcf0287', 'swlhv55s53ypdhgpyzh0emhsrw5ont540131');
INSERT INTO metadata ( description, created_by, owner, oid, create_date, seq, type, remove, site_master, locked_by, entity_domain, last_updated_by, last_update_date, key_name) VALUES ('xn7aw95vslg7jcglj29ry8v8r83s6l740287', '000000000000000000000000000000100060', '000000000000000000000000000000100060', 'swlhv55s53ypdhgpyzh0emhsrw5ont540131', '2014-02-10 12:13:54', 4178, 'com.runwaysdk.system.metadata.MdAction', 1, 'www.runwaysdk.com', NULL, NULL, '000000000000000000000000000000100060', '2014-02-10 12:13:54', 'com.runwaysdk.system.scheduler.JobOperationController.delete');
INSERT INTO controller_action ( key_name, locked_by, oid, owner, entity_domain, created_by, type, last_update_date, create_date, seq, last_updated_by, site_master, parent_oid, child_oid) VALUES ('com.runwaysdk.system.scheduler.JobOperationController.delete', NULL, 'zbrc36et4o1n272loiftw18iumu40n4e0264', '000000000000000000000000000000100060', NULL, '000000000000000000000000000000100060', 'com.runwaysdk.system.ControllerAction', '2014-02-10 12:13:54', '2014-02-10 12:13:54', 4179, '000000000000000000000000000000100060', 'www.runwaysdk.com', '0lzq2h7xlcuvagetzpftd8y8emyybfeg0130', 'swlhv55s53ypdhgpyzh0emhsrw5ont540131');
INSERT INTO metadata_display_label ( default_locale, oid, site_master, key_name) VALUES ('Parameter: com.runwaysdk.system.scheduler.JobOperation - dto', '8lx2j087aiawvjk4a3nv1a81qhsrqa2e0287', 'www.runwaysdk.com', '8lx2j087aiawvjk4a3nv1a81qhsrqa2e0287');
INSERT INTO metadata_display_label ( default_locale, oid, site_master, key_name) VALUES ('com.runwaysdk.system.scheduler.JobOperation to delete', 'z8gdkggkuu1dp49yypnpi3ygzudtps2c0287', 'www.runwaysdk.com', 'z8gdkggkuu1dp49yypnpi3ygzudtps2c0287');
INSERT INTO md_parameter ( metadata, parameter_order, parameter_name, parameter_type, display_label, oid) VALUES ('swlhv55s53ypdhgpyzh0emhsrw5ont540131', 0, 'dto', 'com.runwaysdk.system.scheduler.JobOperation', '8lx2j087aiawvjk4a3nv1a81qhsrqa2e0287', '06rk930udhthy6rawxuz83afn1b2opex0110');
INSERT INTO metadata ( description, created_by, owner, oid, create_date, seq, type, remove, site_master, locked_by, entity_domain, last_updated_by, last_update_date, key_name) VALUES ('z8gdkggkuu1dp49yypnpi3ygzudtps2c0287', '000000000000000000000000000000100060', '000000000000000000000000000000100060', '06rk930udhthy6rawxuz83afn1b2opex0110', '2014-02-10 12:13:54', 4180, 'com.runwaysdk.system.metadata.MdParameter', 1, 'www.runwaysdk.com', NULL, NULL, '000000000000000000000000000000100060', '2014-02-10 12:13:54', 'com.runwaysdk.system.scheduler.JobOperationController.delete.dto');
INSERT INTO metadata_parameter ( site_master, last_updated_by, create_date, seq, locked_by, entity_domain, created_by, type, last_update_date, key_name, owner, oid, parent_oid, child_oid) VALUES ('www.runwaysdk.com', '000000000000000000000000000000100060', '2014-02-10 12:13:54', 4181, NULL, NULL, '000000000000000000000000000000100060', 'com.runwaysdk.system.MetadataParameter', '2014-02-10 12:13:54', 'com.runwaysdk.system.scheduler.JobOperationController.delete.dto', '000000000000000000000000000000100060', 't0v0mrsndim2kq04gi7m4zv8hve2b8yh0256', 'swlhv55s53ypdhgpyzh0emhsrw5ont540131', '06rk930udhthy6rawxuz83afn1b2opex0110');
INSERT INTO business_inheritance ( oid, parent_oid, child_oid) VALUES ('qo1d75zzwmqoq1ll6k72ok6zkxknsqk40257', '000000000000000000000000000002060058', 'xir473x8wypomyg7b93mojxd8gaf8f4w0058');
INSERT INTO class_inheritance ( oid, parent_oid, child_oid) VALUES ('qo1d75zzwmqoq1ll6k72ok6zkxknsqk40257', '000000000000000000000000000002060058', 'xir473x8wypomyg7b93mojxd8gaf8f4w0058');
INSERT INTO metadata_relationship ( entity_domain, site_master, last_updated_by, oid, owner, locked_by, create_date, type, created_by, seq, key_name, last_update_date, parent_oid, child_oid) VALUES (NULL, 'www.runwaysdk.com', '000000000000000000000000000000100060', 'qo1d75zzwmqoq1ll6k72ok6zkxknsqk40257', '000000000000000000000000000000100060', NULL, '2014-02-10 12:13:54', 'com.runwaysdk.system.metadata.BusinessInheritance', '000000000000000000000000000000100060', 4182, 'qo1d75zzwmqoq1ll6k72ok6zkxknsqk40257', '2014-02-10 12:13:54', '000000000000000000000000000002060058', 'xir473x8wypomyg7b93mojxd8gaf8f4w0058');
INSERT INTO metadata_display_label ( default_locale, oid, site_master, key_name) VALUES ('Pause', 'queasnm7sv9v6adjpw1zq6tf8xxncgk00287', 'www.runwaysdk.com', 'queasnm7sv9v6adjpw1zq6tf8xxncgk00287');
INSERT INTO job_operation ( oid) VALUES ('qubohozi75h3irlyx8hvocw5qn9h5wknxir473x8wypomyg7b93mojxd8gaf8f4w');
INSERT INTO enumeration_master ( create_date, locked_by, owner, site_master, type, last_update_date, oid, entity_domain, key_name, display_label, enum_name, created_by, seq, last_updated_by) VALUES ('2014-02-10 12:13:54', NULL, '000000000000000000000000000000100060', 'www.runwaysdk.com', 'com.runwaysdk.system.scheduler.JobOperation', '2014-02-10 12:13:54', 'qubohozi75h3irlyx8hvocw5qn9h5wknxir473x8wypomyg7b93mojxd8gaf8f4w', NULL, 'com.runwaysdk.system.scheduler.JobOperation.PAUSE', 'queasnm7sv9v6adjpw1zq6tf8xxncgk00287', 'PAUSE', '000000000000000000000000000000100060', 4183, '000000000000000000000000000000100060');
INSERT INTO metadata_display_label ( default_locale, oid, site_master, key_name) VALUES ('Resume', '23xumz45fzxz27k0mnmbzp08sxpgodhg0287', 'www.runwaysdk.com', '23xumz45fzxz27k0mnmbzp08sxpgodhg0287');
INSERT INTO job_operation ( oid) VALUES ('8tm7cs0n7ram0gg268a84hvjpuo9x6rmxir473x8wypomyg7b93mojxd8gaf8f4w');
INSERT INTO enumeration_master ( create_date, locked_by, owner, site_master, type, last_update_date, oid, entity_domain, key_name, display_label, enum_name, created_by, seq, last_updated_by) VALUES ('2014-02-10 12:13:54', NULL, '000000000000000000000000000000100060', 'www.runwaysdk.com', 'com.runwaysdk.system.scheduler.JobOperation', '2014-02-10 12:13:54', '8tm7cs0n7ram0gg268a84hvjpuo9x6rmxir473x8wypomyg7b93mojxd8gaf8f4w', NULL, 'com.runwaysdk.system.scheduler.JobOperation.RESUME', '23xumz45fzxz27k0mnmbzp08sxpgodhg0287', 'RESUME', '000000000000000000000000000000100060', 4184, '000000000000000000000000000000100060');
INSERT INTO metadata_display_label ( default_locale, oid, site_master, key_name) VALUES ('Start', '041di3tnpor2p6qidudfusvwv3f2gwq40287', 'www.runwaysdk.com', '041di3tnpor2p6qidudfusvwv3f2gwq40287');
INSERT INTO job_operation ( oid) VALUES ('syc4f4aaydzcblbnsukg4iy7itp7wikrxir473x8wypomyg7b93mojxd8gaf8f4w');
INSERT INTO enumeration_master ( create_date, locked_by, owner, site_master, type, last_update_date, oid, entity_domain, key_name, display_label, enum_name, created_by, seq, last_updated_by) VALUES ('2014-02-10 12:13:54', NULL, '000000000000000000000000000000100060', 'www.runwaysdk.com', 'com.runwaysdk.system.scheduler.JobOperation', '2014-02-10 12:13:54', 'syc4f4aaydzcblbnsukg4iy7itp7wikrxir473x8wypomyg7b93mojxd8gaf8f4w', NULL, 'com.runwaysdk.system.scheduler.JobOperation.START', '041di3tnpor2p6qidudfusvwv3f2gwq40287', 'START', '000000000000000000000000000000100060', 4185, '000000000000000000000000000000100060');
INSERT INTO metadata_display_label ( default_locale, oid, site_master, key_name) VALUES ('Stop', '6ytkyzn3qmfufww00ks6hhqhvhkybj2y0287', 'www.runwaysdk.com', '6ytkyzn3qmfufww00ks6hhqhvhkybj2y0287');
INSERT INTO job_operation ( oid) VALUES ('qx75irjpycqfo6dvbm3c739g8hmz6l1mxir473x8wypomyg7b93mojxd8gaf8f4w');
INSERT INTO enumeration_master ( create_date, locked_by, owner, site_master, type, last_update_date, oid, entity_domain, key_name, display_label, enum_name, created_by, seq, last_updated_by) VALUES ('2014-02-10 12:13:54', NULL, '000000000000000000000000000000100060', 'www.runwaysdk.com', 'com.runwaysdk.system.scheduler.JobOperation', '2014-02-10 12:13:54', 'qx75irjpycqfo6dvbm3c739g8hmz6l1mxir473x8wypomyg7b93mojxd8gaf8f4w', NULL, 'com.runwaysdk.system.scheduler.JobOperation.STOP', '6ytkyzn3qmfufww00ks6hhqhvhkybj2y0287', 'STOP', '000000000000000000000000000000100060', 4186, '000000000000000000000000000000100060');
INSERT INTO metadata_display_label ( default_locale, oid, site_master, key_name) VALUES ('Cancel', 'xi9a7z1c3dqapliutf8qqqgbhh4c4z920287', 'www.runwaysdk.com', 'xi9a7z1c3dqapliutf8qqqgbhh4c4z920287');
INSERT INTO job_operation ( oid) VALUES ('23vaipf1iwo4t93iqp3sawp1lyyfxa4zxir473x8wypomyg7b93mojxd8gaf8f4w');
INSERT INTO enumeration_master ( create_date, locked_by, owner, site_master, type, last_update_date, oid, entity_domain, key_name, display_label, enum_name, created_by, seq, last_updated_by) VALUES ('2014-02-10 12:13:54', NULL, '000000000000000000000000000000100060', 'www.runwaysdk.com', 'com.runwaysdk.system.scheduler.JobOperation', '2014-02-10 12:13:54', '23vaipf1iwo4t93iqp3sawp1lyyfxa4zxir473x8wypomyg7b93mojxd8gaf8f4w', NULL, 'com.runwaysdk.system.scheduler.JobOperation.CANCEL', 'xi9a7z1c3dqapliutf8qqqgbhh4c4z920287', 'CANCEL', '000000000000000000000000000000100060', 4187, '000000000000000000000000000000100060');
INSERT INTO metadata_display_label ( default_locale, oid, site_master, key_name) VALUES ('All Job Operations', '042o14m089c1bje2omdnlvft3pv68p140287', 'www.runwaysdk.com', '042o14m089c1bje2omdnlvft3pv68p140287');
INSERT INTO metadata_display_label ( default_locale, oid, site_master, key_name) VALUES ('All Job Operations', 'z6i4894p0vjssq78gg91o25aydybji5t0287', 'www.runwaysdk.com', 'z6i4894p0vjssq78gg91o25aydybji5t0287');
INSERT INTO md_enumeration ( include_all, master_md_business, table_name, oid) VALUES (1, 'xir473x8wypomyg7b93mojxd8gaf8f4w0058', 'alljoboperation', 'zph9q83yb3ematrlwta473t521piy1su0075');
INSERT INTO md_type ( display_label, root_id, package_name, type_name, base_source, js_base, js_stub, exported, dto_source, oid) VALUES ('042o14m089c1bje2omdnlvft3pv68p140287', 'zph9q83yb3ematrlwta473t521piy1su', 'com.runwaysdk.system.scheduler', 'AllJobOperation', NULL, NULL, NULL, 1, NULL, 'zph9q83yb3ematrlwta473t521piy1su0075');
INSERT INTO metadata ( description, created_by, owner, oid, create_date, seq, type, remove, site_master, locked_by, entity_domain, last_updated_by, last_update_date, key_name) VALUES ('z6i4894p0vjssq78gg91o25aydybji5t0287', '000000000000000000000000000000100060', '000000000000000000000000000000100060', 'zph9q83yb3ematrlwta473t521piy1su0075', '2014-02-10 12:13:54', 4188, 'com.runwaysdk.system.metadata.MdEnumeration', 1, 'www.runwaysdk.com', NULL, NULL, '000000000000000000000000000000100060', '2014-02-10 12:13:54', 'com.runwaysdk.system.scheduler.AllJobOperation');
INSERT INTO enumeration_attribute ( oid, parent_oid, child_oid) VALUES ('zfllr6qsgs29s6sqhzhg7q780532lef700000000000000000000000000000212', 'xir473x8wypomyg7b93mojxd8gaf8f4w0058', 'zph9q83yb3ematrlwta473t521piy1su0075');
INSERT INTO metadata_relationship ( entity_domain, site_master, last_updated_by, oid, owner, locked_by, create_date, type, created_by, seq, key_name, last_update_date, parent_oid, child_oid) VALUES (NULL, 'www.runwaysdk.com', '000000000000000000000000000000100060', 'zfllr6qsgs29s6sqhzhg7q780532lef700000000000000000000000000000212', '000000000000000000000000000000100060', NULL, '2014-02-10 12:13:54', 'com.runwaysdk.system.metadata.EnumerationAttribute', '000000000000000000000000000000100060', 4189, 'com.runwaysdk.system.scheduler.AllJobOperation', '2014-02-10 12:13:54', 'xir473x8wypomyg7b93mojxd8gaf8f4w0058', 'zph9q83yb3ematrlwta473t521piy1su0075');
INSERT INTO enumeration_attribute_item ( oid, parent_oid, child_oid) VALUES ('08emlsdx1jcesl1kcorpgt9rvb11uia60247', 'zph9q83yb3ematrlwta473t521piy1su0075', 'qubohozi75h3irlyx8hvocw5qn9h5wknxir473x8wypomyg7b93mojxd8gaf8f4w');
INSERT INTO metadata_relationship ( entity_domain, site_master, last_updated_by, oid, owner, locked_by, create_date, type, created_by, seq, key_name, last_update_date, parent_oid, child_oid) VALUES (NULL, 'www.runwaysdk.com', '000000000000000000000000000000100060', '08emlsdx1jcesl1kcorpgt9rvb11uia60247', '000000000000000000000000000000100060', NULL, '2014-02-10 12:13:54', 'com.runwaysdk.system.metadata.EnumerationAttributeItem', '000000000000000000000000000000100060', 4190, '08emlsdx1jcesl1kcorpgt9rvb11uia60247', '2014-02-10 12:13:54', 'zph9q83yb3ematrlwta473t521piy1su0075', 'qubohozi75h3irlyx8hvocw5qn9h5wknxir473x8wypomyg7b93mojxd8gaf8f4w');
INSERT INTO enumeration_attribute_item ( oid, parent_oid, child_oid) VALUES ('8guz6al0cyrk1z62mh1a6tlde1emfpuz0247', 'zph9q83yb3ematrlwta473t521piy1su0075', '8tm7cs0n7ram0gg268a84hvjpuo9x6rmxir473x8wypomyg7b93mojxd8gaf8f4w');
INSERT INTO metadata_relationship ( entity_domain, site_master, last_updated_by, oid, owner, locked_by, create_date, type, created_by, seq, key_name, last_update_date, parent_oid, child_oid) VALUES (NULL, 'www.runwaysdk.com', '000000000000000000000000000000100060', '8guz6al0cyrk1z62mh1a6tlde1emfpuz0247', '000000000000000000000000000000100060', NULL, '2014-02-10 12:13:54', 'com.runwaysdk.system.metadata.EnumerationAttributeItem', '000000000000000000000000000000100060', 4191, '8guz6al0cyrk1z62mh1a6tlde1emfpuz0247', '2014-02-10 12:13:54', 'zph9q83yb3ematrlwta473t521piy1su0075', '8tm7cs0n7ram0gg268a84hvjpuo9x6rmxir473x8wypomyg7b93mojxd8gaf8f4w');
INSERT INTO enumeration_attribute_item ( oid, parent_oid, child_oid) VALUES ('092729e1sdx8klik2hlq2svdog2p81hs0247', 'zph9q83yb3ematrlwta473t521piy1su0075', 'syc4f4aaydzcblbnsukg4iy7itp7wikrxir473x8wypomyg7b93mojxd8gaf8f4w');
INSERT INTO metadata_relationship ( entity_domain, site_master, last_updated_by, oid, owner, locked_by, create_date, type, created_by, seq, key_name, last_update_date, parent_oid, child_oid) VALUES (NULL, 'www.runwaysdk.com', '000000000000000000000000000000100060', '092729e1sdx8klik2hlq2svdog2p81hs0247', '000000000000000000000000000000100060', NULL, '2014-02-10 12:13:54', 'com.runwaysdk.system.metadata.EnumerationAttributeItem', '000000000000000000000000000000100060', 4192, '092729e1sdx8klik2hlq2svdog2p81hs0247', '2014-02-10 12:13:54', 'zph9q83yb3ematrlwta473t521piy1su0075', 'syc4f4aaydzcblbnsukg4iy7itp7wikrxir473x8wypomyg7b93mojxd8gaf8f4w');
INSERT INTO enumeration_attribute_item ( oid, parent_oid, child_oid) VALUES ('1qnhak1cnwbzvsy55uzdvg2rg9tghvxi0247', 'zph9q83yb3ematrlwta473t521piy1su0075', 'qx75irjpycqfo6dvbm3c739g8hmz6l1mxir473x8wypomyg7b93mojxd8gaf8f4w');
INSERT INTO metadata_relationship ( entity_domain, site_master, last_updated_by, oid, owner, locked_by, create_date, type, created_by, seq, key_name, last_update_date, parent_oid, child_oid) VALUES (NULL, 'www.runwaysdk.com', '000000000000000000000000000000100060', '1qnhak1cnwbzvsy55uzdvg2rg9tghvxi0247', '000000000000000000000000000000100060', NULL, '2014-02-10 12:13:54', 'com.runwaysdk.system.metadata.EnumerationAttributeItem', '000000000000000000000000000000100060', 4193, '1qnhak1cnwbzvsy55uzdvg2rg9tghvxi0247', '2014-02-10 12:13:54', 'zph9q83yb3ematrlwta473t521piy1su0075', 'qx75irjpycqfo6dvbm3c739g8hmz6l1mxir473x8wypomyg7b93mojxd8gaf8f4w');
INSERT INTO enumeration_attribute_item ( oid, parent_oid, child_oid) VALUES ('qo4b948nxttd6o00o3drxac1jchqiiqf0247', 'zph9q83yb3ematrlwta473t521piy1su0075', '23vaipf1iwo4t93iqp3sawp1lyyfxa4zxir473x8wypomyg7b93mojxd8gaf8f4w');
INSERT INTO metadata_relationship ( entity_domain, site_master, last_updated_by, oid, owner, locked_by, create_date, type, created_by, seq, key_name, last_update_date, parent_oid, child_oid) VALUES (NULL, 'www.runwaysdk.com', '000000000000000000000000000000100060', 'qo4b948nxttd6o00o3drxac1jchqiiqf0247', '000000000000000000000000000000100060', NULL, '2014-02-10 12:13:54', 'com.runwaysdk.system.metadata.EnumerationAttributeItem', '000000000000000000000000000000100060', 4194, 'qo4b948nxttd6o00o3drxac1jchqiiqf0247', '2014-02-10 12:13:54', 'zph9q83yb3ematrlwta473t521piy1su0075', '23vaipf1iwo4t93iqp3sawp1lyyfxa4zxir473x8wypomyg7b93mojxd8gaf8f4w');
CREATE TABLE alljoboperation 
(set_id                CHAR(32) NOT NULL, 
item_id CHAR(64) NOT NULL);
CREATE UNIQUE INDEX azph9q83yb3ematrlwta473t521piy ON alljoboperation (set_id, item_id);
 INSERT INTO class_cache (set_id, item_id)  VALUES  ('rcaif7j4kmjq3956xl6jvm11ifqud8pp', '000000000000000000000000000002310077');
INSERT INTO metadata_display_label ( default_locale, oid, site_master, key_name) VALUES ('AbstractJob', 'qskd8a3ze6gfug4b1d9hlm9m7tks35850287', 'www.runwaysdk.com', 'qskd8a3ze6gfug4b1d9hlm9m7tks35850287');
INSERT INTO metadata_display_label ( default_locale, oid, site_master, key_name) VALUES ('AbstractJob', '0jbebmtth90hc7jiipad5k09r5sslxai0287', 'www.runwaysdk.com', '0jbebmtth90hc7jiipad5k09r5sslxai0287');
INSERT INTO md_business ( cache_algorithm, cache_algorithm_c, super_md_business, oid) VALUES ('rcaif7j4kmjq3956xl6jvm11ifqud8pp', '000000000000000000000000000002310077', NULL, '0fnj9qgoapxjygna1zbnrdk7vm5ciijy0058');
INSERT INTO md_element ( extendable, is_abstract, oid) VALUES (1, 1, '0fnj9qgoapxjygna1zbnrdk7vm5ciijy0058');
INSERT INTO md_entity ( query_dto_source, query_source, cache_size, enforce_site_master, has_deterministic_ids, table_name, oid) VALUES (NULL, NULL, 0, 1, 0, 'abstract_job', '0fnj9qgoapxjygna1zbnrdk7vm5ciijy0058');
INSERT INTO md_class ( publish, stub_dto_source, stub_source, oid) VALUES (1, NULL, NULL, '0fnj9qgoapxjygna1zbnrdk7vm5ciijy0058');
INSERT INTO md_type ( display_label, root_id, package_name, type_name, base_source, js_base, js_stub, exported, dto_source, oid) VALUES ('qskd8a3ze6gfug4b1d9hlm9m7tks35850287', '0fnj9qgoapxjygna1zbnrdk7vm5ciijy', 'com.runwaysdk.system.scheduler', 'AbstractJob', NULL, NULL, NULL, 1, NULL, '0fnj9qgoapxjygna1zbnrdk7vm5ciijy0058');
INSERT INTO metadata ( description, created_by, owner, oid, create_date, seq, type, remove, site_master, locked_by, entity_domain, last_updated_by, last_update_date, key_name) VALUES ('0jbebmtth90hc7jiipad5k09r5sslxai0287', '000000000000000000000000000000100060', '000000000000000000000000000000100060', '0fnj9qgoapxjygna1zbnrdk7vm5ciijy0058', '2014-02-10 12:13:54', 4195, 'com.runwaysdk.system.metadata.MdBusiness', 1, 'www.runwaysdk.com', NULL, NULL, '000000000000000000000000000000100060', '2014-02-10 12:13:54', 'com.runwaysdk.system.scheduler.AbstractJob');
CREATE TABLE abstract_job ( oid CHAR(64) NOT NULL PRIMARY KEY );
 INSERT INTO visibilitymodifier (set_id, item_id)  VALUES  ('22xp1yjd4q050c2ad0sseel4qwhft63v', '20071109NM00000000000000000000050113');
INSERT INTO metadata_display_label ( default_locale, oid, site_master, key_name) VALUES ('ID', 't0191jlr0ynsgr33mm86ni04jq9t2nbx0287', 'www.runwaysdk.com', 't0191jlr0ynsgr33mm86ni04jq9t2nbx0287');
 INSERT INTO visibilitymodifier (set_id, item_id)  VALUES  ('xo53x0impd44i8jk5oxm26seffvhzj38', '20071109NM00000000000000000000050113');
 INSERT INTO md_attribute_indicies (set_id, item_id)  VALUES  ('8mqv2roivgunjanroffa3rvtmk83lk3p', '000000000000000000000000000004090085');
INSERT INTO metadata_display_label ( default_locale, oid, site_master, key_name) VALUES ('ID of this object', '0s17qeg0fb4osm5ear3fg9rpsb7e3k1z0287', 'www.runwaysdk.com', '0s17qeg0fb4osm5ear3fg9rpsb7e3k1z0287');
INSERT INTO md_attribute_character ( default_value, database_size, oid) VALUES (NULL, 64, '22h9nmusqjkr1mnscd48u42vphnbckgh0067');
INSERT INTO md_attribute_char ( oid) VALUES ('22h9nmusqjkr1mnscd48u42vphnbckgh0067');
INSERT INTO md_attribute_primitive ( oid) VALUES ('22h9nmusqjkr1mnscd48u42vphnbckgh0067');
INSERT INTO md_attribute_concrete ( column_name, defining_md_class, setter_visibility, setter_visibility_c, immutable, index_name, generate_accessor, system, required, display_label, getter_visibility, getter_visibility_c, index_type, index_type_c, attribute_name, oid) VALUES ('oid', '0fnj9qgoapxjygna1zbnrdk7vm5ciijy0058', '22xp1yjd4q050c2ad0sseel4qwhft63v', '20071109NM00000000000000000000050113', 0, 'apsnidtvizw0mip15mlmbxrtaz0g3e', 1, 1, 1, 't0191jlr0ynsgr33mm86ni04jq9t2nbx0287', 'xo53x0impd44i8jk5oxm26seffvhzj38', '20071109NM00000000000000000000050113', '8mqv2roivgunjanroffa3rvtmk83lk3p', '000000000000000000000000000004090085', 'oid', '22h9nmusqjkr1mnscd48u42vphnbckgh0067');
INSERT INTO md_attribute ( oid) VALUES ('22h9nmusqjkr1mnscd48u42vphnbckgh0067');
INSERT INTO metadata ( description, created_by, owner, oid, create_date, seq, type, remove, site_master, locked_by, entity_domain, last_updated_by, last_update_date, key_name) VALUES ('0s17qeg0fb4osm5ear3fg9rpsb7e3k1z0287', '000000000000000000000000000000100060', '000000000000000000000000000000100060', '22h9nmusqjkr1mnscd48u42vphnbckgh0067', '2014-02-10 12:13:54', 4196, 'com.runwaysdk.system.metadata.MdAttributeCharacter', 0, 'www.runwaysdk.com', NULL, NULL, '000000000000000000000000000000100060', '2014-02-10 12:13:54', 'com.runwaysdk.system.scheduler.AbstractJob.oid');
INSERT INTO class_attribute_concrete ( oid, parent_oid, child_oid) VALUES ('92hhfo3ubxskohslbtfbv4ijb34lk0v10245', '0fnj9qgoapxjygna1zbnrdk7vm5ciijy0058', '22h9nmusqjkr1mnscd48u42vphnbckgh0067');
INSERT INTO class_attribute ( oid, parent_oid, child_oid) VALUES ('92hhfo3ubxskohslbtfbv4ijb34lk0v10245', '0fnj9qgoapxjygna1zbnrdk7vm5ciijy0058', '22h9nmusqjkr1mnscd48u42vphnbckgh0067');
INSERT INTO metadata_relationship ( entity_domain, site_master, last_updated_by, oid, owner, locked_by, create_date, type, created_by, seq, key_name, last_update_date, parent_oid, child_oid) VALUES (NULL, 'www.runwaysdk.com', '000000000000000000000000000000100060', '92hhfo3ubxskohslbtfbv4ijb34lk0v10245', '000000000000000000000000000000100060', NULL, '2014-02-10 12:13:54', 'com.runwaysdk.system.metadata.ClassAttributeConcrete', '000000000000000000000000000000100060', 4197, 'com.runwaysdk.system.scheduler.AbstractJob.oid', '2014-02-10 12:13:54', '0fnj9qgoapxjygna1zbnrdk7vm5ciijy0058', '22h9nmusqjkr1mnscd48u42vphnbckgh0067');
 INSERT INTO visibilitymodifier (set_id, item_id)  VALUES  ('z691ck38gfiqxz2w8v9t7tcnobhjh54i', '20071109NM00000000000000000000050113');
INSERT INTO metadata_display_label ( default_locale, oid, site_master, key_name) VALUES ('Site Master', '8olzm3k2hi492pbjnskaohdau4lubdlv0287', 'www.runwaysdk.com', '8olzm3k2hi492pbjnskaohdau4lubdlv0287');
 INSERT INTO visibilitymodifier (set_id, item_id)  VALUES  ('93zox6s9rlkjpxaedz5jf8u70mamjho9', '20071109NM00000000000000000000050113');
 INSERT INTO md_attribute_indicies (set_id, item_id)  VALUES  ('ywjqla48qhubruz267ex2slab5ds4xc7', '000000000000000000000000000004010085');
INSERT INTO metadata_display_label ( default_locale, oid, site_master, key_name) VALUES ('The name of the site responsible for this object', '040d12encvhnxc5oagw4poyqcjvl3usm0287', 'www.runwaysdk.com', '040d12encvhnxc5oagw4poyqcjvl3usm0287');
INSERT INTO md_attribute_character ( default_value, database_size, oid) VALUES (NULL, 255, '07qjm03asvsj2bw5wls8w4l3og7nm7e80067');
INSERT INTO md_attribute_char ( oid) VALUES ('07qjm03asvsj2bw5wls8w4l3og7nm7e80067');
INSERT INTO md_attribute_primitive ( oid) VALUES ('07qjm03asvsj2bw5wls8w4l3og7nm7e80067');
INSERT INTO md_attribute_concrete ( column_name, defining_md_class, setter_visibility, setter_visibility_c, immutable, index_name, generate_accessor, system, required, display_label, getter_visibility, getter_visibility_c, index_type, index_type_c, attribute_name, oid) VALUES ('site_master', '0fnj9qgoapxjygna1zbnrdk7vm5ciijy0058', 'z691ck38gfiqxz2w8v9t7tcnobhjh54i', '20071109NM00000000000000000000050113', 1, 'atjri1r0860ijodqyg6qrd2xfi4szs', 1, 1, 1, '8olzm3k2hi492pbjnskaohdau4lubdlv0287', '93zox6s9rlkjpxaedz5jf8u70mamjho9', '20071109NM00000000000000000000050113', 'ywjqla48qhubruz267ex2slab5ds4xc7', '000000000000000000000000000004010085', 'siteMaster', '07qjm03asvsj2bw5wls8w4l3og7nm7e80067');
INSERT INTO md_attribute ( oid) VALUES ('07qjm03asvsj2bw5wls8w4l3og7nm7e80067');
INSERT INTO metadata ( description, created_by, owner, oid, create_date, seq, type, remove, site_master, locked_by, entity_domain, last_updated_by, last_update_date, key_name) VALUES ('040d12encvhnxc5oagw4poyqcjvl3usm0287', '000000000000000000000000000000100060', '000000000000000000000000000000100060', '07qjm03asvsj2bw5wls8w4l3og7nm7e80067', '2014-02-10 12:13:54', 4198, 'com.runwaysdk.system.metadata.MdAttributeCharacter', 0, 'www.runwaysdk.com', NULL, NULL, '000000000000000000000000000000100060', '2014-02-10 12:13:54', 'com.runwaysdk.system.scheduler.AbstractJob.siteMaster');
ALTER TABLE abstract_job ADD COLUMN site_master  varchar(255);
INSERT INTO class_attribute_concrete ( oid, parent_oid, child_oid) VALUES ('772zuqui8av422ysvpifrzff1055cny60245', '0fnj9qgoapxjygna1zbnrdk7vm5ciijy0058', '07qjm03asvsj2bw5wls8w4l3og7nm7e80067');
INSERT INTO class_attribute ( oid, parent_oid, child_oid) VALUES ('772zuqui8av422ysvpifrzff1055cny60245', '0fnj9qgoapxjygna1zbnrdk7vm5ciijy0058', '07qjm03asvsj2bw5wls8w4l3og7nm7e80067');
INSERT INTO metadata_relationship ( entity_domain, site_master, last_updated_by, oid, owner, locked_by, create_date, type, created_by, seq, key_name, last_update_date, parent_oid, child_oid) VALUES (NULL, 'www.runwaysdk.com', '000000000000000000000000000000100060', '772zuqui8av422ysvpifrzff1055cny60245', '000000000000000000000000000000100060', NULL, '2014-02-10 12:13:54', 'com.runwaysdk.system.metadata.ClassAttributeConcrete', '000000000000000000000000000000100060', 4199, 'com.runwaysdk.system.scheduler.AbstractJob.siteMaster', '2014-02-10 12:13:54', '0fnj9qgoapxjygna1zbnrdk7vm5ciijy0058', '07qjm03asvsj2bw5wls8w4l3og7nm7e80067');
 INSERT INTO visibilitymodifier (set_id, item_id)  VALUES  ('r57fzna7jkyp0gls9jfuobpwap5q2mb9', '20071109NM00000000000000000000050113');
INSERT INTO metadata_display_label ( default_locale, oid, site_master, key_name) VALUES ('Key Name', '8gtv1qxiu9zkxt5c5e5eb2y6kp3bdfnf0287', 'www.runwaysdk.com', '8gtv1qxiu9zkxt5c5e5eb2y6kp3bdfnf0287');
 INSERT INTO visibilitymodifier (set_id, item_id)  VALUES  ('xi78gctibsn8y5xtreoutglflql0orr6', '20071109NM00000000000000000000050113');
 INSERT INTO md_attribute_indicies (set_id, item_id)  VALUES  ('zpc9bzgnl1qwo6l4upqedc1n5n55fjmm', '000000000000000000000000000004090085');
INSERT INTO metadata_display_label ( default_locale, oid, site_master, key_name) VALUES ('Key which uniquely identifies each instance of this type heirarchy.', '8k9619mmdrjzxe08k2iohmqkt83kci3b0287', 'www.runwaysdk.com', '8k9619mmdrjzxe08k2iohmqkt83kci3b0287');
INSERT INTO md_attribute_character ( default_value, database_size, oid) VALUES (NULL, 255, '8glnx8r2jh0lgiv05xoyjejgrtp95tdk0067');
INSERT INTO md_attribute_char ( oid) VALUES ('8glnx8r2jh0lgiv05xoyjejgrtp95tdk0067');
INSERT INTO md_attribute_primitive ( oid) VALUES ('8glnx8r2jh0lgiv05xoyjejgrtp95tdk0067');
INSERT INTO md_attribute_concrete ( column_name, defining_md_class, setter_visibility, setter_visibility_c, immutable, index_name, generate_accessor, system, required, display_label, getter_visibility, getter_visibility_c, index_type, index_type_c, attribute_name, oid) VALUES ('key_name', '0fnj9qgoapxjygna1zbnrdk7vm5ciijy0058', 'r57fzna7jkyp0gls9jfuobpwap5q2mb9', '20071109NM00000000000000000000050113', 0, 'a9af59oribwy9mpjvp7vhjd2seesag', 1, 0, 1, '8gtv1qxiu9zkxt5c5e5eb2y6kp3bdfnf0287', 'xi78gctibsn8y5xtreoutglflql0orr6', '20071109NM00000000000000000000050113', 'zpc9bzgnl1qwo6l4upqedc1n5n55fjmm', '000000000000000000000000000004090085', 'keyName', '8glnx8r2jh0lgiv05xoyjejgrtp95tdk0067');
INSERT INTO md_attribute ( oid) VALUES ('8glnx8r2jh0lgiv05xoyjejgrtp95tdk0067');
INSERT INTO metadata ( description, created_by, owner, oid, create_date, seq, type, remove, site_master, locked_by, entity_domain, last_updated_by, last_update_date, key_name) VALUES ('8k9619mmdrjzxe08k2iohmqkt83kci3b0287', '000000000000000000000000000000100060', '000000000000000000000000000000100060', '8glnx8r2jh0lgiv05xoyjejgrtp95tdk0067', '2014-02-10 12:13:54', 4200, 'com.runwaysdk.system.metadata.MdAttributeCharacter', 1, 'www.runwaysdk.com', NULL, NULL, '000000000000000000000000000000100060', '2014-02-10 12:13:54', 'com.runwaysdk.system.scheduler.AbstractJob.keyName');
ALTER TABLE abstract_job ADD COLUMN key_name  varchar(255);
INSERT INTO class_attribute_concrete ( oid, parent_oid, child_oid) VALUES ('zmv7ltkb9b6p17w0ucbf53eaxgum5fbc0245', '0fnj9qgoapxjygna1zbnrdk7vm5ciijy0058', '8glnx8r2jh0lgiv05xoyjejgrtp95tdk0067');
INSERT INTO class_attribute ( oid, parent_oid, child_oid) VALUES ('zmv7ltkb9b6p17w0ucbf53eaxgum5fbc0245', '0fnj9qgoapxjygna1zbnrdk7vm5ciijy0058', '8glnx8r2jh0lgiv05xoyjejgrtp95tdk0067');
INSERT INTO metadata_relationship ( entity_domain, site_master, last_updated_by, oid, owner, locked_by, create_date, type, created_by, seq, key_name, last_update_date, parent_oid, child_oid) VALUES (NULL, 'www.runwaysdk.com', '000000000000000000000000000000100060', 'zmv7ltkb9b6p17w0ucbf53eaxgum5fbc0245', '000000000000000000000000000000100060', NULL, '2014-02-10 12:13:54', 'com.runwaysdk.system.metadata.ClassAttributeConcrete', '000000000000000000000000000000100060', 4201, 'com.runwaysdk.system.scheduler.AbstractJob.keyName', '2014-02-10 12:13:54', '0fnj9qgoapxjygna1zbnrdk7vm5ciijy0058', '8glnx8r2jh0lgiv05xoyjejgrtp95tdk0067');
CREATE UNIQUE INDEX a9af59oribwy9mpjvp7vhjd2seesag ON abstract_job (key_name);
 INSERT INTO visibilitymodifier (set_id, item_id)  VALUES  ('7eb8wda0rfb5biwnrj6ks2qw2nx4981m', '20071109NM00000000000000000000050113');
INSERT INTO metadata_display_label ( default_locale, oid, site_master, key_name) VALUES ('Last Update Date', '8l4wt83g4wzlll5cm0c2osnal5vnelvq0287', 'www.runwaysdk.com', '8l4wt83g4wzlll5cm0c2osnal5vnelvq0287');
 INSERT INTO visibilitymodifier (set_id, item_id)  VALUES  ('svcfclu74rw4dou9cuom2xjuj3x16wtq', '20071109NM00000000000000000000050113');
 INSERT INTO md_attribute_indicies (set_id, item_id)  VALUES  ('qoqmturq0bng258qecw6qa9i8nv6iuaz', '000000000000000000000000000004010085');
INSERT INTO metadata_display_label ( default_locale, oid, site_master, key_name) VALUES ('Date and time this record was last updated', '8nyrhq7yakq0qhg7ydp5wtqds5xlehz00287', 'www.runwaysdk.com', '8nyrhq7yakq0qhg7ydp5wtqds5xlehz00287');
INSERT INTO md_attribute_datetime ( default_value, oid) VALUES (NULL, 't1nisso05vc6hasbqdpjmtu00gmj6cpi0082');
INSERT INTO md_attribute_moment ( oid) VALUES ('t1nisso05vc6hasbqdpjmtu00gmj6cpi0082');
INSERT INTO md_attribute_primitive ( oid) VALUES ('t1nisso05vc6hasbqdpjmtu00gmj6cpi0082');
INSERT INTO md_attribute_concrete ( column_name, defining_md_class, setter_visibility, setter_visibility_c, immutable, index_name, generate_accessor, system, required, display_label, getter_visibility, getter_visibility_c, index_type, index_type_c, attribute_name, oid) VALUES ('last_update_date', '0fnj9qgoapxjygna1zbnrdk7vm5ciijy0058', '7eb8wda0rfb5biwnrj6ks2qw2nx4981m', '20071109NM00000000000000000000050113', 0, 'aonyqt6tqvx5lix6hsq2sr9y5465f6', 1, 1, 1, '8l4wt83g4wzlll5cm0c2osnal5vnelvq0287', 'svcfclu74rw4dou9cuom2xjuj3x16wtq', '20071109NM00000000000000000000050113', 'qoqmturq0bng258qecw6qa9i8nv6iuaz', '000000000000000000000000000004010085', 'lastUpdateDate', 't1nisso05vc6hasbqdpjmtu00gmj6cpi0082');
INSERT INTO md_attribute ( oid) VALUES ('t1nisso05vc6hasbqdpjmtu00gmj6cpi0082');
INSERT INTO metadata ( description, created_by, owner, oid, create_date, seq, type, remove, site_master, locked_by, entity_domain, last_updated_by, last_update_date, key_name) VALUES ('8nyrhq7yakq0qhg7ydp5wtqds5xlehz00287', '000000000000000000000000000000100060', '000000000000000000000000000000100060', 't1nisso05vc6hasbqdpjmtu00gmj6cpi0082', '2014-02-10 12:13:54', 4202, 'com.runwaysdk.system.metadata.MdAttributeDateTime', 0, 'www.runwaysdk.com', NULL, NULL, '000000000000000000000000000000100060', '2014-02-10 12:13:54', 'com.runwaysdk.system.scheduler.AbstractJob.lastUpdateDate');
ALTER TABLE abstract_job ADD COLUMN last_update_date  timestamp;
INSERT INTO class_attribute_concrete ( oid, parent_oid, child_oid) VALUES ('ze5riwrx53i1jm6vm5ntdeubzob4exhe0245', '0fnj9qgoapxjygna1zbnrdk7vm5ciijy0058', 't1nisso05vc6hasbqdpjmtu00gmj6cpi0082');
INSERT INTO class_attribute ( oid, parent_oid, child_oid) VALUES ('ze5riwrx53i1jm6vm5ntdeubzob4exhe0245', '0fnj9qgoapxjygna1zbnrdk7vm5ciijy0058', 't1nisso05vc6hasbqdpjmtu00gmj6cpi0082');
INSERT INTO metadata_relationship ( entity_domain, site_master, last_updated_by, oid, owner, locked_by, create_date, type, created_by, seq, key_name, last_update_date, parent_oid, child_oid) VALUES (NULL, 'www.runwaysdk.com', '000000000000000000000000000000100060', 'ze5riwrx53i1jm6vm5ntdeubzob4exhe0245', '000000000000000000000000000000100060', NULL, '2014-02-10 12:13:54', 'com.runwaysdk.system.metadata.ClassAttributeConcrete', '000000000000000000000000000000100060', 4203, 'com.runwaysdk.system.scheduler.AbstractJob.lastUpdateDate', '2014-02-10 12:13:54', '0fnj9qgoapxjygna1zbnrdk7vm5ciijy0058', 't1nisso05vc6hasbqdpjmtu00gmj6cpi0082');
 INSERT INTO visibilitymodifier (set_id, item_id)  VALUES  ('6rol2frmrrl916nn5olrvbezfxphdhf2', '20071109NM00000000000000000000050113');
INSERT INTO metadata_display_label ( default_locale, oid, site_master, key_name) VALUES ('Last Updated By', '8ic7xvusr8b5ms3luzq2ninlhaja5bbr0287', 'www.runwaysdk.com', '8ic7xvusr8b5ms3luzq2ninlhaja5bbr0287');
 INSERT INTO visibilitymodifier (set_id, item_id)  VALUES  ('yxxyh05sljglhr4wkhck2yf3s28uz8n7', '20071109NM00000000000000000000050113');
 INSERT INTO md_attribute_indicies (set_id, item_id)  VALUES  ('xatd0xyjpnpl59dkz2kvgkn32ft7vvrj', '000000000000000000000000000004000085');
INSERT INTO metadata_display_label ( default_locale, oid, site_master, key_name) VALUES ('User who last updated this object', 'xqvasxhy048h6xb06xv4a1m3hyhw7a460287', 'www.runwaysdk.com', 'xqvasxhy048h6xb06xv4a1m3hyhw7a460287');
INSERT INTO md_attribute_reference ( default_value, md_business, oid) VALUES (NULL, 'JS2007072300000000000000000015600058', 't0fnw6kgnayhdfq1m5udml6smyr17u9e0218');
INSERT INTO md_attribute_ref ( oid) VALUES ('t0fnw6kgnayhdfq1m5udml6smyr17u9e0218');
INSERT INTO md_attribute_concrete ( column_name, defining_md_class, setter_visibility, setter_visibility_c, immutable, index_name, generate_accessor, system, required, display_label, getter_visibility, getter_visibility_c, index_type, index_type_c, attribute_name, oid) VALUES ('last_updated_by', '0fnj9qgoapxjygna1zbnrdk7vm5ciijy0058', '6rol2frmrrl916nn5olrvbezfxphdhf2', '20071109NM00000000000000000000050113', 0, 'aamrrkg8yuff8ir1aw98tv5wzzrkqd', 1, 1, 1, '8ic7xvusr8b5ms3luzq2ninlhaja5bbr0287', 'yxxyh05sljglhr4wkhck2yf3s28uz8n7', '20071109NM00000000000000000000050113', 'xatd0xyjpnpl59dkz2kvgkn32ft7vvrj', '000000000000000000000000000004000085', 'lastUpdatedBy', 't0fnw6kgnayhdfq1m5udml6smyr17u9e0218');
INSERT INTO md_attribute ( oid) VALUES ('t0fnw6kgnayhdfq1m5udml6smyr17u9e0218');
INSERT INTO metadata ( description, created_by, owner, oid, create_date, seq, type, remove, site_master, locked_by, entity_domain, last_updated_by, last_update_date, key_name) VALUES ('xqvasxhy048h6xb06xv4a1m3hyhw7a460287', '000000000000000000000000000000100060', '000000000000000000000000000000100060', 't0fnw6kgnayhdfq1m5udml6smyr17u9e0218', '2014-02-10 12:13:54', 4204, 'com.runwaysdk.system.metadata.MdAttributeReference', 0, 'www.runwaysdk.com', NULL, NULL, '000000000000000000000000000000100060', '2014-02-10 12:13:54', 'com.runwaysdk.system.scheduler.AbstractJob.lastUpdatedBy');
ALTER TABLE abstract_job ADD COLUMN last_updated_by  char(64);
INSERT INTO class_attribute_concrete ( oid, parent_oid, child_oid) VALUES ('6z95ewxi1a1jv8l8d51hqflk5mb2q88k0245', '0fnj9qgoapxjygna1zbnrdk7vm5ciijy0058', 't0fnw6kgnayhdfq1m5udml6smyr17u9e0218');
INSERT INTO class_attribute ( oid, parent_oid, child_oid) VALUES ('6z95ewxi1a1jv8l8d51hqflk5mb2q88k0245', '0fnj9qgoapxjygna1zbnrdk7vm5ciijy0058', 't0fnw6kgnayhdfq1m5udml6smyr17u9e0218');
INSERT INTO metadata_relationship ( entity_domain, site_master, last_updated_by, oid, owner, locked_by, create_date, type, created_by, seq, key_name, last_update_date, parent_oid, child_oid) VALUES (NULL, 'www.runwaysdk.com', '000000000000000000000000000000100060', '6z95ewxi1a1jv8l8d51hqflk5mb2q88k0245', '000000000000000000000000000000100060', NULL, '2014-02-10 12:13:54', 'com.runwaysdk.system.metadata.ClassAttributeConcrete', '000000000000000000000000000000100060', 4205, 'com.runwaysdk.system.scheduler.AbstractJob.lastUpdatedBy', '2014-02-10 12:13:54', '0fnj9qgoapxjygna1zbnrdk7vm5ciijy0058', 't0fnw6kgnayhdfq1m5udml6smyr17u9e0218');
 INSERT INTO visibilitymodifier (set_id, item_id)  VALUES  ('szfbbwfask5dbzyogcm6a3z5fpx608d1', '20071109NM00000000000000000000050113');
INSERT INTO metadata_display_label ( default_locale, oid, site_master, key_name) VALUES ('Created By', 'r3ixcg5owkvezign3giowdw9lg167l3r0287', 'www.runwaysdk.com', 'r3ixcg5owkvezign3giowdw9lg167l3r0287');
 INSERT INTO visibilitymodifier (set_id, item_id)  VALUES  ('28rh2lnhq4bw49l473xyaunah22tb9s8', '20071109NM00000000000000000000050113');
 INSERT INTO md_attribute_indicies (set_id, item_id)  VALUES  ('xukkfnum7hpstxpr2pq0dloy0e8upsoa', '000000000000000000000000000004000085');
INSERT INTO metadata_display_label ( default_locale, oid, site_master, key_name) VALUES ('User that created this object', 'zhvpxqc07oo6in4zsv7m0ai5e7iu4ffx0287', 'www.runwaysdk.com', 'zhvpxqc07oo6in4zsv7m0ai5e7iu4ffx0287');
INSERT INTO md_attribute_reference ( default_value, md_business, oid) VALUES (NULL, 'JS2007072300000000000000000015600058', 'soq5xdumnsf5o7ygoopr6xvc3gv7t6b80218');
INSERT INTO md_attribute_ref ( oid) VALUES ('soq5xdumnsf5o7ygoopr6xvc3gv7t6b80218');
INSERT INTO md_attribute_concrete ( column_name, defining_md_class, setter_visibility, setter_visibility_c, immutable, index_name, generate_accessor, system, required, display_label, getter_visibility, getter_visibility_c, index_type, index_type_c, attribute_name, oid) VALUES ('created_by', '0fnj9qgoapxjygna1zbnrdk7vm5ciijy0058', 'szfbbwfask5dbzyogcm6a3z5fpx608d1', '20071109NM00000000000000000000050113', 1, 'a5ek1qimkhm992mqt2f658kk7paqmh', 1, 1, 1, 'r3ixcg5owkvezign3giowdw9lg167l3r0287', '28rh2lnhq4bw49l473xyaunah22tb9s8', '20071109NM00000000000000000000050113', 'xukkfnum7hpstxpr2pq0dloy0e8upsoa', '000000000000000000000000000004000085', 'createdBy', 'soq5xdumnsf5o7ygoopr6xvc3gv7t6b80218');
INSERT INTO md_attribute ( oid) VALUES ('soq5xdumnsf5o7ygoopr6xvc3gv7t6b80218');
INSERT INTO metadata ( description, created_by, owner, oid, create_date, seq, type, remove, site_master, locked_by, entity_domain, last_updated_by, last_update_date, key_name) VALUES ('zhvpxqc07oo6in4zsv7m0ai5e7iu4ffx0287', '000000000000000000000000000000100060', '000000000000000000000000000000100060', 'soq5xdumnsf5o7ygoopr6xvc3gv7t6b80218', '2014-02-10 12:13:54', 4206, 'com.runwaysdk.system.metadata.MdAttributeReference', 0, 'www.runwaysdk.com', NULL, NULL, '000000000000000000000000000000100060', '2014-02-10 12:13:54', 'com.runwaysdk.system.scheduler.AbstractJob.createdBy');
ALTER TABLE abstract_job ADD COLUMN created_by  char(64);
INSERT INTO class_attribute_concrete ( oid, parent_oid, child_oid) VALUES ('0mqlugeiyvisjrnfxcvx3tcy2du21b2z0245', '0fnj9qgoapxjygna1zbnrdk7vm5ciijy0058', 'soq5xdumnsf5o7ygoopr6xvc3gv7t6b80218');
INSERT INTO class_attribute ( oid, parent_oid, child_oid) VALUES ('0mqlugeiyvisjrnfxcvx3tcy2du21b2z0245', '0fnj9qgoapxjygna1zbnrdk7vm5ciijy0058', 'soq5xdumnsf5o7ygoopr6xvc3gv7t6b80218');
INSERT INTO metadata_relationship ( entity_domain, site_master, last_updated_by, oid, owner, locked_by, create_date, type, created_by, seq, key_name, last_update_date, parent_oid, child_oid) VALUES (NULL, 'www.runwaysdk.com', '000000000000000000000000000000100060', '0mqlugeiyvisjrnfxcvx3tcy2du21b2z0245', '000000000000000000000000000000100060', NULL, '2014-02-10 12:13:54', 'com.runwaysdk.system.metadata.ClassAttributeConcrete', '000000000000000000000000000000100060', 4207, 'com.runwaysdk.system.scheduler.AbstractJob.createdBy', '2014-02-10 12:13:54', '0fnj9qgoapxjygna1zbnrdk7vm5ciijy0058', 'soq5xdumnsf5o7ygoopr6xvc3gv7t6b80218');
 INSERT INTO visibilitymodifier (set_id, item_id)  VALUES  ('1oiusdep8yuh1t76f68ym473axnmigfg', '20071109NM00000000000000000000050113');
INSERT INTO metadata_display_label ( default_locale, oid, site_master, key_name) VALUES ('Locked By', '1sji60flftwdt7w8cfw47a2zwmc1hx6w0287', 'www.runwaysdk.com', '1sji60flftwdt7w8cfw47a2zwmc1hx6w0287');
 INSERT INTO visibilitymodifier (set_id, item_id)  VALUES  ('sa4wjj1wiuczob6apwa5ivom4hdqqu8e', '20071109NM00000000000000000000050113');
 INSERT INTO md_attribute_indicies (set_id, item_id)  VALUES  ('z13lkqu9kqp7u5dfd86pseosyyn0b1nm', '000000000000000000000000000004000085');
INSERT INTO metadata_display_label ( default_locale, oid, site_master, key_name) VALUES ('User who has a write lock on this object', '2ehatru1ktd73oe4t5vp4iy8fn6w68w00287', 'www.runwaysdk.com', '2ehatru1ktd73oe4t5vp4iy8fn6w68w00287');
INSERT INTO md_attribute_reference ( default_value, md_business, oid) VALUES (NULL, '000000000000000000000000000000030058', '07znvsbjpd3ljrlvy9d43aayv3yvm5xx0218');
INSERT INTO md_attribute_ref ( oid) VALUES ('07znvsbjpd3ljrlvy9d43aayv3yvm5xx0218');
INSERT INTO md_attribute_concrete ( column_name, defining_md_class, setter_visibility, setter_visibility_c, immutable, index_name, generate_accessor, system, required, display_label, getter_visibility, getter_visibility_c, index_type, index_type_c, attribute_name, oid) VALUES ('locked_by', '0fnj9qgoapxjygna1zbnrdk7vm5ciijy0058', '1oiusdep8yuh1t76f68ym473axnmigfg', '20071109NM00000000000000000000050113', 0, 'a2hjt6hyqdfx0uh3l6tgaydk2p84br', 1, 1, 0, '1sji60flftwdt7w8cfw47a2zwmc1hx6w0287', 'sa4wjj1wiuczob6apwa5ivom4hdqqu8e', '20071109NM00000000000000000000050113', 'z13lkqu9kqp7u5dfd86pseosyyn0b1nm', '000000000000000000000000000004000085', 'lockedBy', '07znvsbjpd3ljrlvy9d43aayv3yvm5xx0218');
INSERT INTO md_attribute ( oid) VALUES ('07znvsbjpd3ljrlvy9d43aayv3yvm5xx0218');
INSERT INTO metadata ( description, created_by, owner, oid, create_date, seq, type, remove, site_master, locked_by, entity_domain, last_updated_by, last_update_date, key_name) VALUES ('2ehatru1ktd73oe4t5vp4iy8fn6w68w00287', '000000000000000000000000000000100060', '000000000000000000000000000000100060', '07znvsbjpd3ljrlvy9d43aayv3yvm5xx0218', '2014-02-10 12:13:54', 4208, 'com.runwaysdk.system.metadata.MdAttributeReference', 0, 'www.runwaysdk.com', NULL, NULL, '000000000000000000000000000000100060', '2014-02-10 12:13:54', 'com.runwaysdk.system.scheduler.AbstractJob.lockedBy');
ALTER TABLE abstract_job ADD COLUMN locked_by  char(64);
INSERT INTO class_attribute_concrete ( oid, parent_oid, child_oid) VALUES ('sx2zwa4eyih54v7ad1y8laixk0ybzapf0245', '0fnj9qgoapxjygna1zbnrdk7vm5ciijy0058', '07znvsbjpd3ljrlvy9d43aayv3yvm5xx0218');
INSERT INTO class_attribute ( oid, parent_oid, child_oid) VALUES ('sx2zwa4eyih54v7ad1y8laixk0ybzapf0245', '0fnj9qgoapxjygna1zbnrdk7vm5ciijy0058', '07znvsbjpd3ljrlvy9d43aayv3yvm5xx0218');
INSERT INTO metadata_relationship ( entity_domain, site_master, last_updated_by, oid, owner, locked_by, create_date, type, created_by, seq, key_name, last_update_date, parent_oid, child_oid) VALUES (NULL, 'www.runwaysdk.com', '000000000000000000000000000000100060', 'sx2zwa4eyih54v7ad1y8laixk0ybzapf0245', '000000000000000000000000000000100060', NULL, '2014-02-10 12:13:54', 'com.runwaysdk.system.metadata.ClassAttributeConcrete', '000000000000000000000000000000100060', 4209, 'com.runwaysdk.system.scheduler.AbstractJob.lockedBy', '2014-02-10 12:13:54', '0fnj9qgoapxjygna1zbnrdk7vm5ciijy0058', '07znvsbjpd3ljrlvy9d43aayv3yvm5xx0218');
 INSERT INTO visibilitymodifier (set_id, item_id)  VALUES  ('xiko9ydby8a3i0zajssao4gk19hlc6b6', '20071109NM00000000000000000000050113');
INSERT INTO metadata_display_label ( default_locale, oid, site_master, key_name) VALUES ('Create Date', '71m9gsog4wh4vw9vlxykwnhtt9ggk08t0287', 'www.runwaysdk.com', '71m9gsog4wh4vw9vlxykwnhtt9ggk08t0287');
 INSERT INTO visibilitymodifier (set_id, item_id)  VALUES  ('07impdckbanqfi1bc5shntltzpawkful', '20071109NM00000000000000000000050113');
 INSERT INTO md_attribute_indicies (set_id, item_id)  VALUES  ('0jei9lwsi5cyzdhomwn9vibzizlietxd', '000000000000000000000000000004010085');
INSERT INTO metadata_display_label ( default_locale, oid, site_master, key_name) VALUES ('Date and time this record was created', '2b6izpjfn0w5rxe2sd62agmyo1scs21c0287', 'www.runwaysdk.com', '2b6izpjfn0w5rxe2sd62agmyo1scs21c0287');
INSERT INTO md_attribute_datetime ( default_value, oid) VALUES (NULL, '0a9o7jd6ddf1sx1fjlsgkohnjt32mmt60082');
INSERT INTO md_attribute_moment ( oid) VALUES ('0a9o7jd6ddf1sx1fjlsgkohnjt32mmt60082');
INSERT INTO md_attribute_primitive ( oid) VALUES ('0a9o7jd6ddf1sx1fjlsgkohnjt32mmt60082');
INSERT INTO md_attribute_concrete ( column_name, defining_md_class, setter_visibility, setter_visibility_c, immutable, index_name, generate_accessor, system, required, display_label, getter_visibility, getter_visibility_c, index_type, index_type_c, attribute_name, oid) VALUES ('create_date', '0fnj9qgoapxjygna1zbnrdk7vm5ciijy0058', 'xiko9ydby8a3i0zajssao4gk19hlc6b6', '20071109NM00000000000000000000050113', 0, 'a8bjii2aozcczuxib61sp3osntbegw', 1, 1, 1, '71m9gsog4wh4vw9vlxykwnhtt9ggk08t0287', '07impdckbanqfi1bc5shntltzpawkful', '20071109NM00000000000000000000050113', '0jei9lwsi5cyzdhomwn9vibzizlietxd', '000000000000000000000000000004010085', 'createDate', '0a9o7jd6ddf1sx1fjlsgkohnjt32mmt60082');
INSERT INTO md_attribute ( oid) VALUES ('0a9o7jd6ddf1sx1fjlsgkohnjt32mmt60082');
INSERT INTO metadata ( description, created_by, owner, oid, create_date, seq, type, remove, site_master, locked_by, entity_domain, last_updated_by, last_update_date, key_name) VALUES ('2b6izpjfn0w5rxe2sd62agmyo1scs21c0287', '000000000000000000000000000000100060', '000000000000000000000000000000100060', '0a9o7jd6ddf1sx1fjlsgkohnjt32mmt60082', '2014-02-10 12:13:54', 4210, 'com.runwaysdk.system.metadata.MdAttributeDateTime', 0, 'www.runwaysdk.com', NULL, NULL, '000000000000000000000000000000100060', '2014-02-10 12:13:54', 'com.runwaysdk.system.scheduler.AbstractJob.createDate');
ALTER TABLE abstract_job ADD COLUMN create_date  timestamp;
INSERT INTO class_attribute_concrete ( oid, parent_oid, child_oid) VALUES ('z50gt8ujl59skc7rbymwgv62t9cw8mzx0245', '0fnj9qgoapxjygna1zbnrdk7vm5ciijy0058', '0a9o7jd6ddf1sx1fjlsgkohnjt32mmt60082');
INSERT INTO class_attribute ( oid, parent_oid, child_oid) VALUES ('z50gt8ujl59skc7rbymwgv62t9cw8mzx0245', '0fnj9qgoapxjygna1zbnrdk7vm5ciijy0058', '0a9o7jd6ddf1sx1fjlsgkohnjt32mmt60082');
INSERT INTO metadata_relationship ( entity_domain, site_master, last_updated_by, oid, owner, locked_by, create_date, type, created_by, seq, key_name, last_update_date, parent_oid, child_oid) VALUES (NULL, 'www.runwaysdk.com', '000000000000000000000000000000100060', 'z50gt8ujl59skc7rbymwgv62t9cw8mzx0245', '000000000000000000000000000000100060', NULL, '2014-02-10 12:13:54', 'com.runwaysdk.system.metadata.ClassAttributeConcrete', '000000000000000000000000000000100060', 4211, 'com.runwaysdk.system.scheduler.AbstractJob.createDate', '2014-02-10 12:13:54', '0fnj9qgoapxjygna1zbnrdk7vm5ciijy0058', '0a9o7jd6ddf1sx1fjlsgkohnjt32mmt60082');
 INSERT INTO visibilitymodifier (set_id, item_id)  VALUES  ('2giot1up2wvzarj6bdsfa13akkaz49wk', '20071109NM00000000000000000000050113');
INSERT INTO metadata_display_label ( default_locale, oid, site_master, key_name) VALUES ('Owner', '8rrhs2guok4g7lhbh9274wohteuf8iqo0287', 'www.runwaysdk.com', '8rrhs2guok4g7lhbh9274wohteuf8iqo0287');
 INSERT INTO visibilitymodifier (set_id, item_id)  VALUES  ('x9l08nz9r5p8r4ioz3auof2x6vte4qfe', '20071109NM00000000000000000000050113');
 INSERT INTO md_attribute_indicies (set_id, item_id)  VALUES  ('000iis00dlnringk1b5vabsajn6rl9f4', '000000000000000000000000000004000085');
INSERT INTO metadata_display_label ( default_locale, oid, site_master, key_name) VALUES ('A reference to the user who own this object', '1wwb6znll6hgdbysvko6ietpf29fb5is0287', 'www.runwaysdk.com', '1wwb6znll6hgdbysvko6ietpf29fb5is0287');
INSERT INTO md_attribute_reference ( default_value, md_business, oid) VALUES (NULL, '000000000000000000000000000005160058', '932tehfp7lak98pwtzlaut4ormt5fftn0218');
INSERT INTO md_attribute_ref ( oid) VALUES ('932tehfp7lak98pwtzlaut4ormt5fftn0218');
INSERT INTO md_attribute_concrete ( column_name, defining_md_class, setter_visibility, setter_visibility_c, immutable, index_name, generate_accessor, system, required, display_label, getter_visibility, getter_visibility_c, index_type, index_type_c, attribute_name, oid) VALUES ('owner', '0fnj9qgoapxjygna1zbnrdk7vm5ciijy0058', '2giot1up2wvzarj6bdsfa13akkaz49wk', '20071109NM00000000000000000000050113', 0, 'ani99mi8xdeef34mvxqoqlotl1pmrv', 1, 0, 1, '8rrhs2guok4g7lhbh9274wohteuf8iqo0287', 'x9l08nz9r5p8r4ioz3auof2x6vte4qfe', '20071109NM00000000000000000000050113', '000iis00dlnringk1b5vabsajn6rl9f4', '000000000000000000000000000004000085', 'owner', '932tehfp7lak98pwtzlaut4ormt5fftn0218');
INSERT INTO md_attribute ( oid) VALUES ('932tehfp7lak98pwtzlaut4ormt5fftn0218');
INSERT INTO metadata ( description, created_by, owner, oid, create_date, seq, type, remove, site_master, locked_by, entity_domain, last_updated_by, last_update_date, key_name) VALUES ('1wwb6znll6hgdbysvko6ietpf29fb5is0287', '000000000000000000000000000000100060', '000000000000000000000000000000100060', '932tehfp7lak98pwtzlaut4ormt5fftn0218', '2014-02-10 12:13:54', 4212, 'com.runwaysdk.system.metadata.MdAttributeReference', 0, 'www.runwaysdk.com', NULL, NULL, '000000000000000000000000000000100060', '2014-02-10 12:13:54', 'com.runwaysdk.system.scheduler.AbstractJob.owner');
ALTER TABLE abstract_job ADD COLUMN owner  char(64);
INSERT INTO class_attribute_concrete ( oid, parent_oid, child_oid) VALUES ('xw4cb78yng0u7voda4zhjvjq7081z9dr0245', '0fnj9qgoapxjygna1zbnrdk7vm5ciijy0058', '932tehfp7lak98pwtzlaut4ormt5fftn0218');
INSERT INTO class_attribute ( oid, parent_oid, child_oid) VALUES ('xw4cb78yng0u7voda4zhjvjq7081z9dr0245', '0fnj9qgoapxjygna1zbnrdk7vm5ciijy0058', '932tehfp7lak98pwtzlaut4ormt5fftn0218');
INSERT INTO metadata_relationship ( entity_domain, site_master, last_updated_by, oid, owner, locked_by, create_date, type, created_by, seq, key_name, last_update_date, parent_oid, child_oid) VALUES (NULL, 'www.runwaysdk.com', '000000000000000000000000000000100060', 'xw4cb78yng0u7voda4zhjvjq7081z9dr0245', '000000000000000000000000000000100060', NULL, '2014-02-10 12:13:54', 'com.runwaysdk.system.metadata.ClassAttributeConcrete', '000000000000000000000000000000100060', 4213, 'com.runwaysdk.system.scheduler.AbstractJob.owner', '2014-02-10 12:13:54', '0fnj9qgoapxjygna1zbnrdk7vm5ciijy0058', '932tehfp7lak98pwtzlaut4ormt5fftn0218');
 INSERT INTO visibilitymodifier (set_id, item_id)  VALUES  ('6z6an9lr8ad1177t05mcd0262g7zhqjs', '20071109NM00000000000000000000050113');
INSERT INTO metadata_display_label ( default_locale, oid, site_master, key_name) VALUES ('Type', '7akzni9bbmvf85xs1pf6myp2lnrorzc50287', 'www.runwaysdk.com', '7akzni9bbmvf85xs1pf6myp2lnrorzc50287');
 INSERT INTO visibilitymodifier (set_id, item_id)  VALUES  ('z3fkagkwbp98ugaxbsjmldh0m1g72ok7', '20071109NM00000000000000000000050113');
 INSERT INTO md_attribute_indicies (set_id, item_id)  VALUES  ('6yzfkru1lf1in1yx2buiiqnit0r54usw', '000000000000000000000000000004010085');
INSERT INTO metadata_display_label ( default_locale, oid, site_master, key_name) VALUES ('Fully qualified type of this object', 'qnkl7vj4c1vtztnzd0gqavira037qpwh0287', 'www.runwaysdk.com', 'qnkl7vj4c1vtztnzd0gqavira037qpwh0287');
INSERT INTO md_attribute_character ( default_value, database_size, oid) VALUES (NULL, 255, '2eezcevqb4tlqinyu3dgpsvcn45bf9i80067');
INSERT INTO md_attribute_char ( oid) VALUES ('2eezcevqb4tlqinyu3dgpsvcn45bf9i80067');
INSERT INTO md_attribute_primitive ( oid) VALUES ('2eezcevqb4tlqinyu3dgpsvcn45bf9i80067');
INSERT INTO md_attribute_concrete ( column_name, defining_md_class, setter_visibility, setter_visibility_c, immutable, index_name, generate_accessor, system, required, display_label, getter_visibility, getter_visibility_c, index_type, index_type_c, attribute_name, oid) VALUES ('type', '0fnj9qgoapxjygna1zbnrdk7vm5ciijy0058', '6z6an9lr8ad1177t05mcd0262g7zhqjs', '20071109NM00000000000000000000050113', 1, 'alek8gfbkjj6ja002em7qeugp3mp38', 1, 1, 1, '7akzni9bbmvf85xs1pf6myp2lnrorzc50287', 'z3fkagkwbp98ugaxbsjmldh0m1g72ok7', '20071109NM00000000000000000000050113', '6yzfkru1lf1in1yx2buiiqnit0r54usw', '000000000000000000000000000004010085', 'type', '2eezcevqb4tlqinyu3dgpsvcn45bf9i80067');
INSERT INTO md_attribute ( oid) VALUES ('2eezcevqb4tlqinyu3dgpsvcn45bf9i80067');
INSERT INTO metadata ( description, created_by, owner, oid, create_date, seq, type, remove, site_master, locked_by, entity_domain, last_updated_by, last_update_date, key_name) VALUES ('qnkl7vj4c1vtztnzd0gqavira037qpwh0287', '000000000000000000000000000000100060', '000000000000000000000000000000100060', '2eezcevqb4tlqinyu3dgpsvcn45bf9i80067', '2014-02-10 12:13:54', 4214, 'com.runwaysdk.system.metadata.MdAttributeCharacter', 0, 'www.runwaysdk.com', NULL, NULL, '000000000000000000000000000000100060', '2014-02-10 12:13:54', 'com.runwaysdk.system.scheduler.AbstractJob.type');
ALTER TABLE abstract_job ADD COLUMN type  varchar(255);
INSERT INTO class_attribute_concrete ( oid, parent_oid, child_oid) VALUES ('1s9db0eixl3cmwehuxmcp03rnnr0hq120245', '0fnj9qgoapxjygna1zbnrdk7vm5ciijy0058', '2eezcevqb4tlqinyu3dgpsvcn45bf9i80067');
INSERT INTO class_attribute ( oid, parent_oid, child_oid) VALUES ('1s9db0eixl3cmwehuxmcp03rnnr0hq120245', '0fnj9qgoapxjygna1zbnrdk7vm5ciijy0058', '2eezcevqb4tlqinyu3dgpsvcn45bf9i80067');
INSERT INTO metadata_relationship ( entity_domain, site_master, last_updated_by, oid, owner, locked_by, create_date, type, created_by, seq, key_name, last_update_date, parent_oid, child_oid) VALUES (NULL, 'www.runwaysdk.com', '000000000000000000000000000000100060', '1s9db0eixl3cmwehuxmcp03rnnr0hq120245', '000000000000000000000000000000100060', NULL, '2014-02-10 12:13:54', 'com.runwaysdk.system.metadata.ClassAttributeConcrete', '000000000000000000000000000000100060', 4215, 'com.runwaysdk.system.scheduler.AbstractJob.type', '2014-02-10 12:13:54', '0fnj9qgoapxjygna1zbnrdk7vm5ciijy0058', '2eezcevqb4tlqinyu3dgpsvcn45bf9i80067');
 INSERT INTO visibilitymodifier (set_id, item_id)  VALUES  ('1zr41326217bo3os27lwug5fj6wni7cs', '20071109NM00000000000000000000050113');
INSERT INTO metadata_display_label ( default_locale, oid, site_master, key_name) VALUES ('Entity Domain', 'sexfcuv5j53yoog85b43zcy6udqnml3z0287', 'www.runwaysdk.com', 'sexfcuv5j53yoog85b43zcy6udqnml3z0287');
 INSERT INTO visibilitymodifier (set_id, item_id)  VALUES  ('z3ur1a2nkiq56edxr0ox9dag16y1e84h', '20071109NM00000000000000000000050113');
 INSERT INTO md_attribute_indicies (set_id, item_id)  VALUES  ('0r5b5pzhit770736ca0q4ac4u4exf9lo', '000000000000000000000000000004010085');
INSERT INTO metadata_display_label ( default_locale, oid, site_master, key_name) VALUES ('The Domain of this entity', '01fvzzau5sd4vdsmigkccevmo9q356l20287', 'www.runwaysdk.com', '01fvzzau5sd4vdsmigkccevmo9q356l20287');
INSERT INTO md_attribute_reference ( default_value, md_business, oid) VALUES (NULL, 'NM2008101100000000000000000001110058', '0421p92m5c8nxj3elcpoygbra137xrrv0218');
INSERT INTO md_attribute_ref ( oid) VALUES ('0421p92m5c8nxj3elcpoygbra137xrrv0218');
INSERT INTO md_attribute_concrete ( column_name, defining_md_class, setter_visibility, setter_visibility_c, immutable, index_name, generate_accessor, system, required, display_label, getter_visibility, getter_visibility_c, index_type, index_type_c, attribute_name, oid) VALUES ('entity_domain', '0fnj9qgoapxjygna1zbnrdk7vm5ciijy0058', '1zr41326217bo3os27lwug5fj6wni7cs', '20071109NM00000000000000000000050113', 0, 'ad22tfkz2olwmkitqkllk0g0p5899x', 1, 0, 0, 'sexfcuv5j53yoog85b43zcy6udqnml3z0287', 'z3ur1a2nkiq56edxr0ox9dag16y1e84h', '20071109NM00000000000000000000050113', '0r5b5pzhit770736ca0q4ac4u4exf9lo', '000000000000000000000000000004010085', 'entityDomain', '0421p92m5c8nxj3elcpoygbra137xrrv0218');
INSERT INTO md_attribute ( oid) VALUES ('0421p92m5c8nxj3elcpoygbra137xrrv0218');
INSERT INTO metadata ( description, created_by, owner, oid, create_date, seq, type, remove, site_master, locked_by, entity_domain, last_updated_by, last_update_date, key_name) VALUES ('01fvzzau5sd4vdsmigkccevmo9q356l20287', '000000000000000000000000000000100060', '000000000000000000000000000000100060', '0421p92m5c8nxj3elcpoygbra137xrrv0218', '2014-02-10 12:13:54', 4216, 'com.runwaysdk.system.metadata.MdAttributeReference', 1, 'www.runwaysdk.com', NULL, NULL, '000000000000000000000000000000100060', '2014-02-10 12:13:54', 'com.runwaysdk.system.scheduler.AbstractJob.entityDomain');
ALTER TABLE abstract_job ADD COLUMN entity_domain  char(64);
INSERT INTO class_attribute_concrete ( oid, parent_oid, child_oid) VALUES ('xl9fujj1tpptp9xtdbydnw461chb36qx0245', '0fnj9qgoapxjygna1zbnrdk7vm5ciijy0058', '0421p92m5c8nxj3elcpoygbra137xrrv0218');
INSERT INTO class_attribute ( oid, parent_oid, child_oid) VALUES ('xl9fujj1tpptp9xtdbydnw461chb36qx0245', '0fnj9qgoapxjygna1zbnrdk7vm5ciijy0058', '0421p92m5c8nxj3elcpoygbra137xrrv0218');
INSERT INTO metadata_relationship ( entity_domain, site_master, last_updated_by, oid, owner, locked_by, create_date, type, created_by, seq, key_name, last_update_date, parent_oid, child_oid) VALUES (NULL, 'www.runwaysdk.com', '000000000000000000000000000000100060', 'xl9fujj1tpptp9xtdbydnw461chb36qx0245', '000000000000000000000000000000100060', NULL, '2014-02-10 12:13:54', 'com.runwaysdk.system.metadata.ClassAttributeConcrete', '000000000000000000000000000000100060', 4217, 'com.runwaysdk.system.scheduler.AbstractJob.entityDomain', '2014-02-10 12:13:54', '0fnj9qgoapxjygna1zbnrdk7vm5ciijy0058', '0421p92m5c8nxj3elcpoygbra137xrrv0218');
 INSERT INTO visibilitymodifier (set_id, item_id)  VALUES  ('r0gq7zwrxcgal82t15ftime0ggzyu34j', '20071109NM00000000000000000000050113');
INSERT INTO metadata_display_label ( default_locale, oid, site_master, key_name) VALUES ('Sequence', 'qxx861kkjymg3pb9v0yjfv006s7vpyyx0287', 'www.runwaysdk.com', 'qxx861kkjymg3pb9v0yjfv006s7vpyyx0287');
 INSERT INTO visibilitymodifier (set_id, item_id)  VALUES  ('0duu4oylydk9qcl28hdsxuawrrzf88gy', '20071109NM00000000000000000000050113');
 INSERT INTO md_attribute_indicies (set_id, item_id)  VALUES  ('spci9m54im1dhu777e8a3l9ytd7sngcl', '000000000000000000000000000004010085');
INSERT INTO metadata_display_label ( default_locale, oid, site_master, key_name) VALUES ('Sequence number is incremented every time this object is updated', 'xc5ddqh5imsadkvzk34r4776d2vwvg3g0287', 'www.runwaysdk.com', 'xc5ddqh5imsadkvzk34r4776d2vwvg3g0287');
INSERT INTO md_attribute_long ( end_range, default_value, start_range, oid) VALUES (NULL, NULL, NULL, 'xzvi05ab43b3e8mpfr8lfpracj0iuf2z0080');
INSERT INTO md_attribute_int ( oid) VALUES ('xzvi05ab43b3e8mpfr8lfpracj0iuf2z0080');
INSERT INTO md_attribute_number ( reject_negative, reject_zero, reject_positive, oid) VALUES (1, 0, 0, 'xzvi05ab43b3e8mpfr8lfpracj0iuf2z0080');
INSERT INTO md_attribute_primitive ( oid) VALUES ('xzvi05ab43b3e8mpfr8lfpracj0iuf2z0080');
INSERT INTO md_attribute_concrete ( column_name, defining_md_class, setter_visibility, setter_visibility_c, immutable, index_name, generate_accessor, system, required, display_label, getter_visibility, getter_visibility_c, index_type, index_type_c, attribute_name, oid) VALUES ('seq', '0fnj9qgoapxjygna1zbnrdk7vm5ciijy0058', 'r0gq7zwrxcgal82t15ftime0ggzyu34j', '20071109NM00000000000000000000050113', 0, 'ah5nolfycd0jduv08vexeq8s93b3ts', 1, 1, 1, 'qxx861kkjymg3pb9v0yjfv006s7vpyyx0287', '0duu4oylydk9qcl28hdsxuawrrzf88gy', '20071109NM00000000000000000000050113', 'spci9m54im1dhu777e8a3l9ytd7sngcl', '000000000000000000000000000004010085', 'seq', 'xzvi05ab43b3e8mpfr8lfpracj0iuf2z0080');
INSERT INTO md_attribute ( oid) VALUES ('xzvi05ab43b3e8mpfr8lfpracj0iuf2z0080');
INSERT INTO metadata ( description, created_by, owner, oid, create_date, seq, type, remove, site_master, locked_by, entity_domain, last_updated_by, last_update_date, key_name) VALUES ('xc5ddqh5imsadkvzk34r4776d2vwvg3g0287', '000000000000000000000000000000100060', '000000000000000000000000000000100060', 'xzvi05ab43b3e8mpfr8lfpracj0iuf2z0080', '2014-02-10 12:13:54', 4218, 'com.runwaysdk.system.metadata.MdAttributeLong', 0, 'www.runwaysdk.com', NULL, NULL, '000000000000000000000000000000100060', '2014-02-10 12:13:54', 'com.runwaysdk.system.scheduler.AbstractJob.seq');
ALTER TABLE abstract_job ADD COLUMN seq  bigint;
INSERT INTO class_attribute_concrete ( oid, parent_oid, child_oid) VALUES ('qm9xqm9m0s3yk9l7ovhk3h6xpfyz2nch0245', '0fnj9qgoapxjygna1zbnrdk7vm5ciijy0058', 'xzvi05ab43b3e8mpfr8lfpracj0iuf2z0080');
INSERT INTO class_attribute ( oid, parent_oid, child_oid) VALUES ('qm9xqm9m0s3yk9l7ovhk3h6xpfyz2nch0245', '0fnj9qgoapxjygna1zbnrdk7vm5ciijy0058', 'xzvi05ab43b3e8mpfr8lfpracj0iuf2z0080');
INSERT INTO metadata_relationship ( entity_domain, site_master, last_updated_by, oid, owner, locked_by, create_date, type, created_by, seq, key_name, last_update_date, parent_oid, child_oid) VALUES (NULL, 'www.runwaysdk.com', '000000000000000000000000000000100060', 'qm9xqm9m0s3yk9l7ovhk3h6xpfyz2nch0245', '000000000000000000000000000000100060', NULL, '2014-02-10 12:13:54', 'com.runwaysdk.system.metadata.ClassAttributeConcrete', '000000000000000000000000000000100060', 4219, 'com.runwaysdk.system.scheduler.AbstractJob.seq', '2014-02-10 12:13:54', '0fnj9qgoapxjygna1zbnrdk7vm5ciijy0058', 'xzvi05ab43b3e8mpfr8lfpracj0iuf2z0080');
INSERT INTO metadata_display_label ( default_locale, oid, site_master, key_name) VALUES (NULL, '8vuo2zhequlotdzd4agtnf0z0fzqmosi0287', 'www.runwaysdk.com', '8vuo2zhequlotdzd4agtnf0z0fzqmosi0287');
INSERT INTO metadata_display_label ( default_locale, oid, site_master, key_name) VALUES (NULL, 't0x4du2nbpgv2j71ulysave9yffuqvtq0287', 'www.runwaysdk.com', 't0x4du2nbpgv2j71ulysave9yffuqvtq0287');
INSERT INTO md_controller ( stub_source, oid) VALUES (NULL, '8dyiwg55t1pa6jsy322w3ek0kl7i9jz80130');
INSERT INTO md_type ( display_label, root_id, package_name, type_name, base_source, js_base, js_stub, exported, dto_source, oid) VALUES ('8vuo2zhequlotdzd4agtnf0z0fzqmosi0287', '8dyiwg55t1pa6jsy322w3ek0kl7i9jz8', 'com.runwaysdk.system.scheduler', 'AbstractJobController', NULL, NULL, NULL, 1, NULL, '8dyiwg55t1pa6jsy322w3ek0kl7i9jz80130');
INSERT INTO metadata ( description, created_by, owner, oid, create_date, seq, type, remove, site_master, locked_by, entity_domain, last_updated_by, last_update_date, key_name) VALUES ('t0x4du2nbpgv2j71ulysave9yffuqvtq0287', '000000000000000000000000000000100060', '000000000000000000000000000000100060', '8dyiwg55t1pa6jsy322w3ek0kl7i9jz80130', '2014-02-10 12:13:54', 4220, 'com.runwaysdk.system.metadata.MdController', 1, 'www.runwaysdk.com', NULL, NULL, '000000000000000000000000000000100060', '2014-02-10 12:13:54', 'com.runwaysdk.system.scheduler.AbstractJobController');
INSERT INTO metadata_display_label ( default_locale, oid, site_master, key_name) VALUES ('View Page', 'z9gqocie5v70uds8gihk4o1mk5al3nii0287', 'www.runwaysdk.com', 'z9gqocie5v70uds8gihk4o1mk5al3nii0287');
INSERT INTO metadata_display_label ( default_locale, oid, site_master, key_name) VALUES ('Loads a ViewAll query for a specific page into the request object', 'x8qd6x4g3x4nf1te4hzzq391l6gjfqv50287', 'www.runwaysdk.com', 'x8qd6x4g3x4nf1te4hzzq391l6gjfqv50287');
INSERT INTO md_action ( is_query, enclosing_md_controller, is_post, action_name, display_label, oid) VALUES (1, '8dyiwg55t1pa6jsy322w3ek0kl7i9jz80130', 0, 'viewPage', 'z9gqocie5v70uds8gihk4o1mk5al3nii0287', '8k9bhgjovhc9puu2miu2e3i7eqryf1qz0131');
INSERT INTO metadata ( description, created_by, owner, oid, create_date, seq, type, remove, site_master, locked_by, entity_domain, last_updated_by, last_update_date, key_name) VALUES ('x8qd6x4g3x4nf1te4hzzq391l6gjfqv50287', '000000000000000000000000000000100060', '000000000000000000000000000000100060', '8k9bhgjovhc9puu2miu2e3i7eqryf1qz0131', '2014-02-10 12:13:54', 4221, 'com.runwaysdk.system.metadata.MdAction', 1, 'www.runwaysdk.com', NULL, NULL, '000000000000000000000000000000100060', '2014-02-10 12:13:54', 'com.runwaysdk.system.scheduler.AbstractJobController.viewPage');
INSERT INTO controller_action ( key_name, locked_by, oid, owner, entity_domain, created_by, type, last_update_date, create_date, seq, last_updated_by, site_master, parent_oid, child_oid) VALUES ('com.runwaysdk.system.scheduler.AbstractJobController.viewPage', NULL, '0cocz48u08kbxy2to3ql35ffb93coz2z0264', '000000000000000000000000000000100060', NULL, '000000000000000000000000000000100060', 'com.runwaysdk.system.ControllerAction', '2014-02-10 12:13:54', '2014-02-10 12:13:54', 4222, '000000000000000000000000000000100060', 'www.runwaysdk.com', '8dyiwg55t1pa6jsy322w3ek0kl7i9jz80130', '8k9bhgjovhc9puu2miu2e3i7eqryf1qz0131');
INSERT INTO metadata_display_label ( default_locale, oid, site_master, key_name) VALUES ('Sort Attribute', '0r3w2puqas3nmd0pdldduhi9dvfdsn5r0287', 'www.runwaysdk.com', '0r3w2puqas3nmd0pdldduhi9dvfdsn5r0287');
INSERT INTO metadata_display_label ( default_locale, oid, site_master, key_name) VALUES (NULL, 'snxpj2bdquu0yrm66h6ye29f4b2y5e2e0287', 'www.runwaysdk.com', 'snxpj2bdquu0yrm66h6ye29f4b2y5e2e0287');
INSERT INTO md_parameter ( metadata, parameter_order, parameter_name, parameter_type, display_label, oid) VALUES ('8k9bhgjovhc9puu2miu2e3i7eqryf1qz0131', -4, 'sortAttribute', 'java.lang.String', '0r3w2puqas3nmd0pdldduhi9dvfdsn5r0287', 'qzaauaqiyw6hhwxerjw5u1i39j8c74e90110');
INSERT INTO metadata ( description, created_by, owner, oid, create_date, seq, type, remove, site_master, locked_by, entity_domain, last_updated_by, last_update_date, key_name) VALUES ('snxpj2bdquu0yrm66h6ye29f4b2y5e2e0287', '000000000000000000000000000000100060', '000000000000000000000000000000100060', 'qzaauaqiyw6hhwxerjw5u1i39j8c74e90110', '2014-02-10 12:13:54', 4223, 'com.runwaysdk.system.metadata.MdParameter', 1, 'www.runwaysdk.com', NULL, NULL, '000000000000000000000000000000100060', '2014-02-10 12:13:54', 'com.runwaysdk.system.scheduler.AbstractJobController.viewPage.sortAttribute');
INSERT INTO metadata_parameter ( site_master, last_updated_by, create_date, seq, locked_by, entity_domain, created_by, type, last_update_date, key_name, owner, oid, parent_oid, child_oid) VALUES ('www.runwaysdk.com', '000000000000000000000000000000100060', '2014-02-10 12:13:54', 4224, NULL, NULL, '000000000000000000000000000000100060', 'com.runwaysdk.system.MetadataParameter', '2014-02-10 12:13:54', 'com.runwaysdk.system.scheduler.AbstractJobController.viewPage.sortAttribute', '000000000000000000000000000000100060', '750ds56jbxkhnt0w4zvkv5j9mtfuutpz0256', '8k9bhgjovhc9puu2miu2e3i7eqryf1qz0131', 'qzaauaqiyw6hhwxerjw5u1i39j8c74e90110');
INSERT INTO metadata_display_label ( default_locale, oid, site_master, key_name) VALUES ('Is Ascending', 'zaw84z3nut3ul370f2x7cnvn999grpod0287', 'www.runwaysdk.com', 'zaw84z3nut3ul370f2x7cnvn999grpod0287');
INSERT INTO metadata_display_label ( default_locale, oid, site_master, key_name) VALUES (NULL, 'r91e06twj2am6nnd2fey5sqlm4x9gkxk0287', 'www.runwaysdk.com', 'r91e06twj2am6nnd2fey5sqlm4x9gkxk0287');
INSERT INTO md_parameter ( metadata, parameter_order, parameter_name, parameter_type, display_label, oid) VALUES ('8k9bhgjovhc9puu2miu2e3i7eqryf1qz0131', -3, 'isAscending', 'java.lang.Boolean', 'zaw84z3nut3ul370f2x7cnvn999grpod0287', 'zfbayiowqf1mmmsg29q6aqsik7utuqig0110');
INSERT INTO metadata ( description, created_by, owner, oid, create_date, seq, type, remove, site_master, locked_by, entity_domain, last_updated_by, last_update_date, key_name) VALUES ('r91e06twj2am6nnd2fey5sqlm4x9gkxk0287', '000000000000000000000000000000100060', '000000000000000000000000000000100060', 'zfbayiowqf1mmmsg29q6aqsik7utuqig0110', '2014-02-10 12:13:54', 4225, 'com.runwaysdk.system.metadata.MdParameter', 1, 'www.runwaysdk.com', NULL, NULL, '000000000000000000000000000000100060', '2014-02-10 12:13:54', 'com.runwaysdk.system.scheduler.AbstractJobController.viewPage.isAscending');
INSERT INTO metadata_parameter ( site_master, last_updated_by, create_date, seq, locked_by, entity_domain, created_by, type, last_update_date, key_name, owner, oid, parent_oid, child_oid) VALUES ('www.runwaysdk.com', '000000000000000000000000000000100060', '2014-02-10 12:13:54', 4226, NULL, NULL, '000000000000000000000000000000100060', 'com.runwaysdk.system.MetadataParameter', '2014-02-10 12:13:54', 'com.runwaysdk.system.scheduler.AbstractJobController.viewPage.isAscending', '000000000000000000000000000000100060', 'xd891e49immff8yw1s35ig3bkl1sqvl20256', '8k9bhgjovhc9puu2miu2e3i7eqryf1qz0131', 'zfbayiowqf1mmmsg29q6aqsik7utuqig0110');
INSERT INTO metadata_display_label ( default_locale, oid, site_master, key_name) VALUES ('Page Size', '8g209ijxkmq2vm299nprfcgxbhp7q2q90287', 'www.runwaysdk.com', '8g209ijxkmq2vm299nprfcgxbhp7q2q90287');
INSERT INTO metadata_display_label ( default_locale, oid, site_master, key_name) VALUES (NULL, '0cau3fs102btbd3zltlwovakxbdt9srd0287', 'www.runwaysdk.com', '0cau3fs102btbd3zltlwovakxbdt9srd0287');
INSERT INTO md_parameter ( metadata, parameter_order, parameter_name, parameter_type, display_label, oid) VALUES ('8k9bhgjovhc9puu2miu2e3i7eqryf1qz0131', -2, 'pageSize', 'java.lang.Integer', '8g209ijxkmq2vm299nprfcgxbhp7q2q90287', '6pwrbupar2vqxl8v7vk8zjuogqj3so230110');
INSERT INTO metadata ( description, created_by, owner, oid, create_date, seq, type, remove, site_master, locked_by, entity_domain, last_updated_by, last_update_date, key_name) VALUES ('0cau3fs102btbd3zltlwovakxbdt9srd0287', '000000000000000000000000000000100060', '000000000000000000000000000000100060', '6pwrbupar2vqxl8v7vk8zjuogqj3so230110', '2014-02-10 12:13:54', 4227, 'com.runwaysdk.system.metadata.MdParameter', 1, 'www.runwaysdk.com', NULL, NULL, '000000000000000000000000000000100060', '2014-02-10 12:13:54', 'com.runwaysdk.system.scheduler.AbstractJobController.viewPage.pageSize');
INSERT INTO metadata_parameter ( site_master, last_updated_by, create_date, seq, locked_by, entity_domain, created_by, type, last_update_date, key_name, owner, oid, parent_oid, child_oid) VALUES ('www.runwaysdk.com', '000000000000000000000000000000100060', '2014-02-10 12:13:54', 4228, NULL, NULL, '000000000000000000000000000000100060', 'com.runwaysdk.system.MetadataParameter', '2014-02-10 12:13:54', 'com.runwaysdk.system.scheduler.AbstractJobController.viewPage.pageSize', '000000000000000000000000000000100060', 't0ybnipudhaandxtc0ofpfwvm3cyc2uj0256', '8k9bhgjovhc9puu2miu2e3i7eqryf1qz0131', '6pwrbupar2vqxl8v7vk8zjuogqj3so230110');
INSERT INTO metadata_display_label ( default_locale, oid, site_master, key_name) VALUES ('Page Number', 'z3h1wpuozp6pvliarj7gjeu2czkhufr40287', 'www.runwaysdk.com', 'z3h1wpuozp6pvliarj7gjeu2czkhufr40287');
INSERT INTO metadata_display_label ( default_locale, oid, site_master, key_name) VALUES (NULL, 'xnppw4i2oq5h1n83ssmw9eyx6crfzpzf0287', 'www.runwaysdk.com', 'xnppw4i2oq5h1n83ssmw9eyx6crfzpzf0287');
INSERT INTO md_parameter ( metadata, parameter_order, parameter_name, parameter_type, display_label, oid) VALUES ('8k9bhgjovhc9puu2miu2e3i7eqryf1qz0131', -1, 'pageNumber', 'java.lang.Integer', 'z3h1wpuozp6pvliarj7gjeu2czkhufr40287', 'qptbl8s9hrs5hf92h4lweav1nknyyscj0110');
INSERT INTO metadata ( description, created_by, owner, oid, create_date, seq, type, remove, site_master, locked_by, entity_domain, last_updated_by, last_update_date, key_name) VALUES ('xnppw4i2oq5h1n83ssmw9eyx6crfzpzf0287', '000000000000000000000000000000100060', '000000000000000000000000000000100060', 'qptbl8s9hrs5hf92h4lweav1nknyyscj0110', '2014-02-10 12:13:54', 4229, 'com.runwaysdk.system.metadata.MdParameter', 1, 'www.runwaysdk.com', NULL, NULL, '000000000000000000000000000000100060', '2014-02-10 12:13:54', 'com.runwaysdk.system.scheduler.AbstractJobController.viewPage.pageNumber');
INSERT INTO metadata_parameter ( site_master, last_updated_by, create_date, seq, locked_by, entity_domain, created_by, type, last_update_date, key_name, owner, oid, parent_oid, child_oid) VALUES ('www.runwaysdk.com', '000000000000000000000000000000100060', '2014-02-10 12:13:54', 4230, NULL, NULL, '000000000000000000000000000000100060', 'com.runwaysdk.system.MetadataParameter', '2014-02-10 12:13:54', 'com.runwaysdk.system.scheduler.AbstractJobController.viewPage.pageNumber', '000000000000000000000000000000100060', 's9gesp4ckqh4ne9w769p3dbox1p0fyfb0256', '8k9bhgjovhc9puu2miu2e3i7eqryf1qz0131', 'qptbl8s9hrs5hf92h4lweav1nknyyscj0110');
INSERT INTO metadata_display_label ( default_locale, oid, site_master, key_name) VALUES ('View All', '8pjw59o1fy5l9tg4ft5j2nuzdduz37x20287', 'www.runwaysdk.com', '8pjw59o1fy5l9tg4ft5j2nuzdduz37x20287');
INSERT INTO metadata_display_label ( default_locale, oid, site_master, key_name) VALUES ('Loads a ViewAll query with the default settings', 'sb1ds49weep09uyc6nzjaeuo7i6d3oqa0287', 'www.runwaysdk.com', 'sb1ds49weep09uyc6nzjaeuo7i6d3oqa0287');
INSERT INTO md_action ( is_query, enclosing_md_controller, is_post, action_name, display_label, oid) VALUES (0, '8dyiwg55t1pa6jsy322w3ek0kl7i9jz80130', 0, 'viewAll', '8pjw59o1fy5l9tg4ft5j2nuzdduz37x20287', '92517jkcb4paf6efc8uqlnlc20opa17b0131');
INSERT INTO metadata ( description, created_by, owner, oid, create_date, seq, type, remove, site_master, locked_by, entity_domain, last_updated_by, last_update_date, key_name) VALUES ('sb1ds49weep09uyc6nzjaeuo7i6d3oqa0287', '000000000000000000000000000000100060', '000000000000000000000000000000100060', '92517jkcb4paf6efc8uqlnlc20opa17b0131', '2014-02-10 12:13:54', 4231, 'com.runwaysdk.system.metadata.MdAction', 1, 'www.runwaysdk.com', NULL, NULL, '000000000000000000000000000000100060', '2014-02-10 12:13:54', 'com.runwaysdk.system.scheduler.AbstractJobController.viewAll');
INSERT INTO controller_action ( key_name, locked_by, oid, owner, entity_domain, created_by, type, last_update_date, create_date, seq, last_updated_by, site_master, parent_oid, child_oid) VALUES ('com.runwaysdk.system.scheduler.AbstractJobController.viewAll', NULL, '03yiip4msubemch1ydnbft2vg6cjwmg30264', '000000000000000000000000000000100060', NULL, '000000000000000000000000000000100060', 'com.runwaysdk.system.ControllerAction', '2014-02-10 12:13:54', '2014-02-10 12:13:54', 4232, '000000000000000000000000000000100060', 'www.runwaysdk.com', '8dyiwg55t1pa6jsy322w3ek0kl7i9jz80130', '92517jkcb4paf6efc8uqlnlc20opa17b0131');
INSERT INTO metadata_display_label ( default_locale, oid, site_master, key_name) VALUES ('View', 'zkin1h0xrkbgkhh9b00pt5hd1f7goynl0287', 'www.runwaysdk.com', 'zkin1h0xrkbgkhh9b00pt5hd1f7goynl0287');
INSERT INTO metadata_display_label ( default_locale, oid, site_master, key_name) VALUES ('View an existing instance of com.runwaysdk.system.scheduler.AbstractJob', '6swm05n5fnmowmlb14tswutw5sc4sjdo0287', 'www.runwaysdk.com', '6swm05n5fnmowmlb14tswutw5sc4sjdo0287');
INSERT INTO md_action ( is_query, enclosing_md_controller, is_post, action_name, display_label, oid) VALUES (0, '8dyiwg55t1pa6jsy322w3ek0kl7i9jz80130', 0, 'view', 'zkin1h0xrkbgkhh9b00pt5hd1f7goynl0287', '06p3u1hnm98evtspdts0wi0a812d04uq0131');
INSERT INTO metadata ( description, created_by, owner, oid, create_date, seq, type, remove, site_master, locked_by, entity_domain, last_updated_by, last_update_date, key_name) VALUES ('6swm05n5fnmowmlb14tswutw5sc4sjdo0287', '000000000000000000000000000000100060', '000000000000000000000000000000100060', '06p3u1hnm98evtspdts0wi0a812d04uq0131', '2014-02-10 12:13:54', 4233, 'com.runwaysdk.system.metadata.MdAction', 1, 'www.runwaysdk.com', NULL, NULL, '000000000000000000000000000000100060', '2014-02-10 12:13:54', 'com.runwaysdk.system.scheduler.AbstractJobController.view');
INSERT INTO controller_action ( key_name, locked_by, oid, owner, entity_domain, created_by, type, last_update_date, create_date, seq, last_updated_by, site_master, parent_oid, child_oid) VALUES ('com.runwaysdk.system.scheduler.AbstractJobController.view', NULL, '20nr0tg4t5vazdsqkjnkwavktcgqe32b0264', '000000000000000000000000000000100060', NULL, '000000000000000000000000000000100060', 'com.runwaysdk.system.ControllerAction', '2014-02-10 12:13:54', '2014-02-10 12:13:54', 4234, '000000000000000000000000000000100060', 'www.runwaysdk.com', '8dyiwg55t1pa6jsy322w3ek0kl7i9jz80130', '06p3u1hnm98evtspdts0wi0a812d04uq0131');
INSERT INTO metadata_display_label ( default_locale, oid, site_master, key_name) VALUES ('Parameter: com.runwaysdk.system.scheduler.AbstractJob - oid', 'sa1lziwkr89aa43sqjytlqhqvh3rovhx0287', 'www.runwaysdk.com', 'sa1lziwkr89aa43sqjytlqhqvh3rovhx0287');
INSERT INTO metadata_display_label ( default_locale, oid, site_master, key_name) VALUES ('Id of com.runwaysdk.system.scheduler.AbstractJob to view.', '2eua7l0s9yv7pppr17w9rb5lnwaawe2f0287', 'www.runwaysdk.com', '2eua7l0s9yv7pppr17w9rb5lnwaawe2f0287');
INSERT INTO md_parameter ( metadata, parameter_order, parameter_name, parameter_type, display_label, oid) VALUES ('06p3u1hnm98evtspdts0wi0a812d04uq0131', 0, 'oid', 'java.lang.String', 'sa1lziwkr89aa43sqjytlqhqvh3rovhx0287', '8k1tdmdiy8blv4nmjjn6c0q50hehof4j0110');
INSERT INTO metadata ( description, created_by, owner, oid, create_date, seq, type, remove, site_master, locked_by, entity_domain, last_updated_by, last_update_date, key_name) VALUES ('2eua7l0s9yv7pppr17w9rb5lnwaawe2f0287', '000000000000000000000000000000100060', '000000000000000000000000000000100060', '8k1tdmdiy8blv4nmjjn6c0q50hehof4j0110', '2014-02-10 12:13:54', 4235, 'com.runwaysdk.system.metadata.MdParameter', 1, 'www.runwaysdk.com', NULL, NULL, '000000000000000000000000000000100060', '2014-02-10 12:13:54', 'com.runwaysdk.system.scheduler.AbstractJobController.view.oid');
INSERT INTO metadata_parameter ( site_master, last_updated_by, create_date, seq, locked_by, entity_domain, created_by, type, last_update_date, key_name, owner, oid, parent_oid, child_oid) VALUES ('www.runwaysdk.com', '000000000000000000000000000000100060', '2014-02-10 12:13:54', 4236, NULL, NULL, '000000000000000000000000000000100060', 'com.runwaysdk.system.MetadataParameter', '2014-02-10 12:13:54', 'com.runwaysdk.system.scheduler.AbstractJobController.view.oid', '000000000000000000000000000000100060', 'zo7xcxncduysy7psqm1c5q5jp5usg6zu0256', '06p3u1hnm98evtspdts0wi0a812d04uq0131', '8k1tdmdiy8blv4nmjjn6c0q50hehof4j0110');
INSERT INTO metadata_display_label ( default_locale, oid, site_master, key_name) VALUES ('Create', 'xe7ikfbte9rcgc7q8y1quqzgnw4hzrlp0287', 'www.runwaysdk.com', 'xe7ikfbte9rcgc7q8y1quqzgnw4hzrlp0287');
INSERT INTO metadata_display_label ( default_locale, oid, site_master, key_name) VALUES ('Applys a new instance of com.runwaysdk.system.scheduler.AbstractJob', 'xwz4c5t912lg1v3ugo5l41s5ruhyocjs0287', 'www.runwaysdk.com', 'xwz4c5t912lg1v3ugo5l41s5ruhyocjs0287');
INSERT INTO md_action ( is_query, enclosing_md_controller, is_post, action_name, display_label, oid) VALUES (0, '8dyiwg55t1pa6jsy322w3ek0kl7i9jz80130', 1, 'create', 'xe7ikfbte9rcgc7q8y1quqzgnw4hzrlp0287', 'y1yiom64liqr8z629jgabrntnio2bnck0131');
INSERT INTO metadata ( description, created_by, owner, oid, create_date, seq, type, remove, site_master, locked_by, entity_domain, last_updated_by, last_update_date, key_name) VALUES ('xwz4c5t912lg1v3ugo5l41s5ruhyocjs0287', '000000000000000000000000000000100060', '000000000000000000000000000000100060', 'y1yiom64liqr8z629jgabrntnio2bnck0131', '2014-02-10 12:13:54', 4237, 'com.runwaysdk.system.metadata.MdAction', 1, 'www.runwaysdk.com', NULL, NULL, '000000000000000000000000000000100060', '2014-02-10 12:13:54', 'com.runwaysdk.system.scheduler.AbstractJobController.create');
INSERT INTO controller_action ( key_name, locked_by, oid, owner, entity_domain, created_by, type, last_update_date, create_date, seq, last_updated_by, site_master, parent_oid, child_oid) VALUES ('com.runwaysdk.system.scheduler.AbstractJobController.create', NULL, '1pyf92k5fh10wn29hd6hb9secaxh6pd10264', '000000000000000000000000000000100060', NULL, '000000000000000000000000000000100060', 'com.runwaysdk.system.ControllerAction', '2014-02-10 12:13:54', '2014-02-10 12:13:54', 4238, '000000000000000000000000000000100060', 'www.runwaysdk.com', '8dyiwg55t1pa6jsy322w3ek0kl7i9jz80130', 'y1yiom64liqr8z629jgabrntnio2bnck0131');
INSERT INTO metadata_display_label ( default_locale, oid, site_master, key_name) VALUES ('Parameter: com.runwaysdk.system.scheduler.AbstractJob', '29bcodiaon6qoeayz5xsp0a6oyiex47t0287', 'www.runwaysdk.com', '29bcodiaon6qoeayz5xsp0a6oyiex47t0287');
INSERT INTO metadata_display_label ( default_locale, oid, site_master, key_name) VALUES ('com.runwaysdk.system.scheduler.AbstractJob to apply to the database', '92ipmm8fi00829wr0muc7qfxv4a20v6p0287', 'www.runwaysdk.com', '92ipmm8fi00829wr0muc7qfxv4a20v6p0287');
INSERT INTO md_parameter ( metadata, parameter_order, parameter_name, parameter_type, display_label, oid) VALUES ('y1yiom64liqr8z629jgabrntnio2bnck0131', 0, 'dto', 'com.runwaysdk.system.scheduler.AbstractJob', '29bcodiaon6qoeayz5xsp0a6oyiex47t0287', '92x0xwdfizfanq98puryiq8km0z86coy0110');
INSERT INTO metadata ( description, created_by, owner, oid, create_date, seq, type, remove, site_master, locked_by, entity_domain, last_updated_by, last_update_date, key_name) VALUES ('92ipmm8fi00829wr0muc7qfxv4a20v6p0287', '000000000000000000000000000000100060', '000000000000000000000000000000100060', '92x0xwdfizfanq98puryiq8km0z86coy0110', '2014-02-10 12:13:54', 4239, 'com.runwaysdk.system.metadata.MdParameter', 1, 'www.runwaysdk.com', NULL, NULL, '000000000000000000000000000000100060', '2014-02-10 12:13:54', 'com.runwaysdk.system.scheduler.AbstractJobController.create.dto');
INSERT INTO metadata_parameter ( site_master, last_updated_by, create_date, seq, locked_by, entity_domain, created_by, type, last_update_date, key_name, owner, oid, parent_oid, child_oid) VALUES ('www.runwaysdk.com', '000000000000000000000000000000100060', '2014-02-10 12:13:54', 4240, NULL, NULL, '000000000000000000000000000000100060', 'com.runwaysdk.system.MetadataParameter', '2014-02-10 12:13:54', 'com.runwaysdk.system.scheduler.AbstractJobController.create.dto', '000000000000000000000000000000100060', 'qvsx3prr2cx171tta63ht2t5hhcwokee0256', 'y1yiom64liqr8z629jgabrntnio2bnck0131', '92x0xwdfizfanq98puryiq8km0z86coy0110');
INSERT INTO metadata_display_label ( default_locale, oid, site_master, key_name) VALUES ('edit', '1zbtp3v6if0d5o1fwj76zh7cdytbfnpg0287', 'www.runwaysdk.com', '1zbtp3v6if0d5o1fwj76zh7cdytbfnpg0287');
INSERT INTO metadata_display_label ( default_locale, oid, site_master, key_name) VALUES ('Applys an existing instance of com.runwaysdk.system.scheduler.AbstractJob', 't2ma8jodrxel5mafng9xzcny2oe2kj310287', 'www.runwaysdk.com', 't2ma8jodrxel5mafng9xzcny2oe2kj310287');
INSERT INTO md_action ( is_query, enclosing_md_controller, is_post, action_name, display_label, oid) VALUES (0, '8dyiwg55t1pa6jsy322w3ek0kl7i9jz80130', 0, 'edit', '1zbtp3v6if0d5o1fwj76zh7cdytbfnpg0287', '0m2cjght90doe1t2mharqdl9bfdncp840131');
INSERT INTO metadata ( description, created_by, owner, oid, create_date, seq, type, remove, site_master, locked_by, entity_domain, last_updated_by, last_update_date, key_name) VALUES ('t2ma8jodrxel5mafng9xzcny2oe2kj310287', '000000000000000000000000000000100060', '000000000000000000000000000000100060', '0m2cjght90doe1t2mharqdl9bfdncp840131', '2014-02-10 12:13:54', 4241, 'com.runwaysdk.system.metadata.MdAction', 1, 'www.runwaysdk.com', NULL, NULL, '000000000000000000000000000000100060', '2014-02-10 12:13:54', 'com.runwaysdk.system.scheduler.AbstractJobController.edit');
INSERT INTO controller_action ( key_name, locked_by, oid, owner, entity_domain, created_by, type, last_update_date, create_date, seq, last_updated_by, site_master, parent_oid, child_oid) VALUES ('com.runwaysdk.system.scheduler.AbstractJobController.edit', NULL, 'xlk33o7qo0b9idbnplty71tdod4sub3j0264', '000000000000000000000000000000100060', NULL, '000000000000000000000000000000100060', 'com.runwaysdk.system.ControllerAction', '2014-02-10 12:13:54', '2014-02-10 12:13:54', 4242, '000000000000000000000000000000100060', 'www.runwaysdk.com', '8dyiwg55t1pa6jsy322w3ek0kl7i9jz80130', '0m2cjght90doe1t2mharqdl9bfdncp840131');
INSERT INTO metadata_display_label ( default_locale, oid, site_master, key_name) VALUES ('Parameter: com.runwaysdk.system.scheduler.AbstractJob', 'qvoeizdyrtuvzadg6zbc2rx0grlyprz10287', 'www.runwaysdk.com', 'qvoeizdyrtuvzadg6zbc2rx0grlyprz10287');
INSERT INTO metadata_display_label ( default_locale, oid, site_master, key_name) VALUES ('com.runwaysdk.system.scheduler.AbstractJob to apply to the database', '21eykrquukyhdy6l29a7df509poikzyq0287', 'www.runwaysdk.com', '21eykrquukyhdy6l29a7df509poikzyq0287');
INSERT INTO md_parameter ( metadata, parameter_order, parameter_name, parameter_type, display_label, oid) VALUES ('0m2cjght90doe1t2mharqdl9bfdncp840131', 0, 'oid', 'java.lang.String', 'qvoeizdyrtuvzadg6zbc2rx0grlyprz10287', '7fqfk4e0mxv2z5u4ph75cbu2r5mb8bqm0110');
INSERT INTO metadata ( description, created_by, owner, oid, create_date, seq, type, remove, site_master, locked_by, entity_domain, last_updated_by, last_update_date, key_name) VALUES ('21eykrquukyhdy6l29a7df509poikzyq0287', '000000000000000000000000000000100060', '000000000000000000000000000000100060', '7fqfk4e0mxv2z5u4ph75cbu2r5mb8bqm0110', '2014-02-10 12:13:54', 4243, 'com.runwaysdk.system.metadata.MdParameter', 1, 'www.runwaysdk.com', NULL, NULL, '000000000000000000000000000000100060', '2014-02-10 12:13:54', 'com.runwaysdk.system.scheduler.AbstractJobController.edit.oid');
INSERT INTO metadata_parameter ( site_master, last_updated_by, create_date, seq, locked_by, entity_domain, created_by, type, last_update_date, key_name, owner, oid, parent_oid, child_oid) VALUES ('www.runwaysdk.com', '000000000000000000000000000000100060', '2014-02-10 12:13:54', 4244, NULL, NULL, '000000000000000000000000000000100060', 'com.runwaysdk.system.MetadataParameter', '2014-02-10 12:13:54', 'com.runwaysdk.system.scheduler.AbstractJobController.edit.oid', '000000000000000000000000000000100060', 'xyxx9o48vcnerj6sebbqxhqorc3f2ks20256', '0m2cjght90doe1t2mharqdl9bfdncp840131', '7fqfk4e0mxv2z5u4ph75cbu2r5mb8bqm0110');
INSERT INTO metadata_display_label ( default_locale, oid, site_master, key_name) VALUES ('update', '6zb9e6y084ysdiciabrd1tj0ys2lqa1v0287', 'www.runwaysdk.com', '6zb9e6y084ysdiciabrd1tj0ys2lqa1v0287');
INSERT INTO metadata_display_label ( default_locale, oid, site_master, key_name) VALUES ('Applys an existing instance of com.runwaysdk.system.scheduler.AbstractJob', 'z864l3hg4qkdopdpymf15j4kcddv9s0j0287', 'www.runwaysdk.com', 'z864l3hg4qkdopdpymf15j4kcddv9s0j0287');
INSERT INTO md_action ( is_query, enclosing_md_controller, is_post, action_name, display_label, oid) VALUES (0, '8dyiwg55t1pa6jsy322w3ek0kl7i9jz80130', 1, 'update', '6zb9e6y084ysdiciabrd1tj0ys2lqa1v0287', 'yxrj81gtmmx0xasp6n0mfjcxec60wb8t0131');
INSERT INTO metadata ( description, created_by, owner, oid, create_date, seq, type, remove, site_master, locked_by, entity_domain, last_updated_by, last_update_date, key_name) VALUES ('z864l3hg4qkdopdpymf15j4kcddv9s0j0287', '000000000000000000000000000000100060', '000000000000000000000000000000100060', 'yxrj81gtmmx0xasp6n0mfjcxec60wb8t0131', '2014-02-10 12:13:54', 4245, 'com.runwaysdk.system.metadata.MdAction', 1, 'www.runwaysdk.com', NULL, NULL, '000000000000000000000000000000100060', '2014-02-10 12:13:54', 'com.runwaysdk.system.scheduler.AbstractJobController.update');
INSERT INTO controller_action ( key_name, locked_by, oid, owner, entity_domain, created_by, type, last_update_date, create_date, seq, last_updated_by, site_master, parent_oid, child_oid) VALUES ('com.runwaysdk.system.scheduler.AbstractJobController.update', NULL, '6nhn1f2pwd1ibk16mt2398o19ua9pof60264', '000000000000000000000000000000100060', NULL, '000000000000000000000000000000100060', 'com.runwaysdk.system.ControllerAction', '2014-02-10 12:13:54', '2014-02-10 12:13:54', 4246, '000000000000000000000000000000100060', 'www.runwaysdk.com', '8dyiwg55t1pa6jsy322w3ek0kl7i9jz80130', 'yxrj81gtmmx0xasp6n0mfjcxec60wb8t0131');
INSERT INTO metadata_display_label ( default_locale, oid, site_master, key_name) VALUES ('Parameter: com.runwaysdk.system.scheduler.AbstractJob - dto', '6r29942b1nv8t3607opzdcf8k8jlnqqz0287', 'www.runwaysdk.com', '6r29942b1nv8t3607opzdcf8k8jlnqqz0287');
INSERT INTO metadata_display_label ( default_locale, oid, site_master, key_name) VALUES ('com.runwaysdk.system.scheduler.AbstractJob to apply to the database', 'z3mhexkp34g5afopwl576u1jv16nwry30287', 'www.runwaysdk.com', 'z3mhexkp34g5afopwl576u1jv16nwry30287');
INSERT INTO md_parameter ( metadata, parameter_order, parameter_name, parameter_type, display_label, oid) VALUES ('yxrj81gtmmx0xasp6n0mfjcxec60wb8t0131', 0, 'dto', 'com.runwaysdk.system.scheduler.AbstractJob', '6r29942b1nv8t3607opzdcf8k8jlnqqz0287', 'soqes8niw47u2f2c03dv0l7ruh269xr60110');
INSERT INTO metadata ( description, created_by, owner, oid, create_date, seq, type, remove, site_master, locked_by, entity_domain, last_updated_by, last_update_date, key_name) VALUES ('z3mhexkp34g5afopwl576u1jv16nwry30287', '000000000000000000000000000000100060', '000000000000000000000000000000100060', 'soqes8niw47u2f2c03dv0l7ruh269xr60110', '2014-02-10 12:13:54', 4247, 'com.runwaysdk.system.metadata.MdParameter', 1, 'www.runwaysdk.com', NULL, NULL, '000000000000000000000000000000100060', '2014-02-10 12:13:54', 'com.runwaysdk.system.scheduler.AbstractJobController.update.dto');
INSERT INTO metadata_parameter ( site_master, last_updated_by, create_date, seq, locked_by, entity_domain, created_by, type, last_update_date, key_name, owner, oid, parent_oid, child_oid) VALUES ('www.runwaysdk.com', '000000000000000000000000000000100060', '2014-02-10 12:13:54', 4248, NULL, NULL, '000000000000000000000000000000100060', 'com.runwaysdk.system.MetadataParameter', '2014-02-10 12:13:54', 'com.runwaysdk.system.scheduler.AbstractJobController.update.dto', '000000000000000000000000000000100060', '03hcj25j4s9dsatmbw5vs6a386dnh0mz0256', 'yxrj81gtmmx0xasp6n0mfjcxec60wb8t0131', 'soqes8niw47u2f2c03dv0l7ruh269xr60110');
INSERT INTO metadata_display_label ( default_locale, oid, site_master, key_name) VALUES ('cancel', '6yja4u0ixsmmaox1hl9m58o7ahzenuc50287', 'www.runwaysdk.com', '6yja4u0ixsmmaox1hl9m58o7ahzenuc50287');
INSERT INTO metadata_display_label ( default_locale, oid, site_master, key_name) VALUES ('Unlocks an instance com.runwaysdk.system.scheduler.AbstractJob', '8g4n5slemjdulmaysmlmwfmmpyjhu17c0287', 'www.runwaysdk.com', '8g4n5slemjdulmaysmlmwfmmpyjhu17c0287');
INSERT INTO md_action ( is_query, enclosing_md_controller, is_post, action_name, display_label, oid) VALUES (0, '8dyiwg55t1pa6jsy322w3ek0kl7i9jz80130', 1, 'cancel', '6yja4u0ixsmmaox1hl9m58o7ahzenuc50287', '91hlpwrb1s5znkb1vjpvk8n5unerfqxs0131');
INSERT INTO metadata ( description, created_by, owner, oid, create_date, seq, type, remove, site_master, locked_by, entity_domain, last_updated_by, last_update_date, key_name) VALUES ('8g4n5slemjdulmaysmlmwfmmpyjhu17c0287', '000000000000000000000000000000100060', '000000000000000000000000000000100060', '91hlpwrb1s5znkb1vjpvk8n5unerfqxs0131', '2014-02-10 12:13:54', 4249, 'com.runwaysdk.system.metadata.MdAction', 1, 'www.runwaysdk.com', NULL, NULL, '000000000000000000000000000000100060', '2014-02-10 12:13:54', 'com.runwaysdk.system.scheduler.AbstractJobController.cancel');
INSERT INTO controller_action ( key_name, locked_by, oid, owner, entity_domain, created_by, type, last_update_date, create_date, seq, last_updated_by, site_master, parent_oid, child_oid) VALUES ('com.runwaysdk.system.scheduler.AbstractJobController.cancel', NULL, '8eh30a68wsyc5eni4lpbfex0vs9u5wo10264', '000000000000000000000000000000100060', NULL, '000000000000000000000000000000100060', 'com.runwaysdk.system.ControllerAction', '2014-02-10 12:13:54', '2014-02-10 12:13:54', 4250, '000000000000000000000000000000100060', 'www.runwaysdk.com', '8dyiwg55t1pa6jsy322w3ek0kl7i9jz80130', '91hlpwrb1s5znkb1vjpvk8n5unerfqxs0131');
INSERT INTO metadata_display_label ( default_locale, oid, site_master, key_name) VALUES ('Parameter: com.runwaysdk.system.scheduler.AbstractJob - dto', 'z7lx2im4zf44crcvpe70binih8igskkv0287', 'www.runwaysdk.com', 'z7lx2im4zf44crcvpe70binih8igskkv0287');
INSERT INTO metadata_display_label ( default_locale, oid, site_master, key_name) VALUES ('com.runwaysdk.system.scheduler.AbstractJob to unlock', '6pu3j82can6xae49tn6mys4dxwb78pgu0287', 'www.runwaysdk.com', '6pu3j82can6xae49tn6mys4dxwb78pgu0287');
INSERT INTO md_parameter ( metadata, parameter_order, parameter_name, parameter_type, display_label, oid) VALUES ('91hlpwrb1s5znkb1vjpvk8n5unerfqxs0131', 0, 'dto', 'com.runwaysdk.system.scheduler.AbstractJob', 'z7lx2im4zf44crcvpe70binih8igskkv0287', 'znlisiwqhluow3bzookco0ksxiv939to0110');
INSERT INTO metadata ( description, created_by, owner, oid, create_date, seq, type, remove, site_master, locked_by, entity_domain, last_updated_by, last_update_date, key_name) VALUES ('6pu3j82can6xae49tn6mys4dxwb78pgu0287', '000000000000000000000000000000100060', '000000000000000000000000000000100060', 'znlisiwqhluow3bzookco0ksxiv939to0110', '2014-02-10 12:13:54', 4251, 'com.runwaysdk.system.metadata.MdParameter', 1, 'www.runwaysdk.com', NULL, NULL, '000000000000000000000000000000100060', '2014-02-10 12:13:54', 'com.runwaysdk.system.scheduler.AbstractJobController.cancel.dto');
INSERT INTO metadata_parameter ( site_master, last_updated_by, create_date, seq, locked_by, entity_domain, created_by, type, last_update_date, key_name, owner, oid, parent_oid, child_oid) VALUES ('www.runwaysdk.com', '000000000000000000000000000000100060', '2014-02-10 12:13:54', 4252, NULL, NULL, '000000000000000000000000000000100060', 'com.runwaysdk.system.MetadataParameter', '2014-02-10 12:13:54', 'com.runwaysdk.system.scheduler.AbstractJobController.cancel.dto', '000000000000000000000000000000100060', '1yu7kgpbfe6c1tz53ebys55n2ayzskx10256', '91hlpwrb1s5znkb1vjpvk8n5unerfqxs0131', 'znlisiwqhluow3bzookco0ksxiv939to0110');
INSERT INTO metadata_display_label ( default_locale, oid, site_master, key_name) VALUES ('delete', '0hh23pxeno8idk9xt0wf24aqazo9gdjz0287', 'www.runwaysdk.com', '0hh23pxeno8idk9xt0wf24aqazo9gdjz0287');
INSERT INTO metadata_display_label ( default_locale, oid, site_master, key_name) VALUES ('Delete an instance of com.runwaysdk.system.scheduler.AbstractJob', 'y0ep8ibvtd4jj5ily3b3vbgaefecopi00287', 'www.runwaysdk.com', 'y0ep8ibvtd4jj5ily3b3vbgaefecopi00287');
INSERT INTO md_action ( is_query, enclosing_md_controller, is_post, action_name, display_label, oid) VALUES (0, '8dyiwg55t1pa6jsy322w3ek0kl7i9jz80130', 1, 'delete', '0hh23pxeno8idk9xt0wf24aqazo9gdjz0287', 'xxgs46zrs6k6hz5kqnorglz47oyn512r0131');
INSERT INTO metadata ( description, created_by, owner, oid, create_date, seq, type, remove, site_master, locked_by, entity_domain, last_updated_by, last_update_date, key_name) VALUES ('y0ep8ibvtd4jj5ily3b3vbgaefecopi00287', '000000000000000000000000000000100060', '000000000000000000000000000000100060', 'xxgs46zrs6k6hz5kqnorglz47oyn512r0131', '2014-02-10 12:13:54', 4253, 'com.runwaysdk.system.metadata.MdAction', 1, 'www.runwaysdk.com', NULL, NULL, '000000000000000000000000000000100060', '2014-02-10 12:13:54', 'com.runwaysdk.system.scheduler.AbstractJobController.delete');
INSERT INTO controller_action ( key_name, locked_by, oid, owner, entity_domain, created_by, type, last_update_date, create_date, seq, last_updated_by, site_master, parent_oid, child_oid) VALUES ('com.runwaysdk.system.scheduler.AbstractJobController.delete', NULL, 'xrumadniwmg8q9qfxe5vhrob4zvxsqi30264', '000000000000000000000000000000100060', NULL, '000000000000000000000000000000100060', 'com.runwaysdk.system.ControllerAction', '2014-02-10 12:13:54', '2014-02-10 12:13:54', 4254, '000000000000000000000000000000100060', 'www.runwaysdk.com', '8dyiwg55t1pa6jsy322w3ek0kl7i9jz80130', 'xxgs46zrs6k6hz5kqnorglz47oyn512r0131');
INSERT INTO metadata_display_label ( default_locale, oid, site_master, key_name) VALUES ('Parameter: com.runwaysdk.system.scheduler.AbstractJob - dto', '7dx23b5i36xxk680ib6v7okuvj3pbz5f0287', 'www.runwaysdk.com', '7dx23b5i36xxk680ib6v7okuvj3pbz5f0287');
INSERT INTO metadata_display_label ( default_locale, oid, site_master, key_name) VALUES ('com.runwaysdk.system.scheduler.AbstractJob to delete', 'z3widfcwpg2fnhzf479vsnwti47vsqc10287', 'www.runwaysdk.com', 'z3widfcwpg2fnhzf479vsnwti47vsqc10287');
INSERT INTO md_parameter ( metadata, parameter_order, parameter_name, parameter_type, display_label, oid) VALUES ('xxgs46zrs6k6hz5kqnorglz47oyn512r0131', 0, 'dto', 'com.runwaysdk.system.scheduler.AbstractJob', '7dx23b5i36xxk680ib6v7okuvj3pbz5f0287', 'sgn08r3o5no2xjmsbq79bmumtycguaik0110');
INSERT INTO metadata ( description, created_by, owner, oid, create_date, seq, type, remove, site_master, locked_by, entity_domain, last_updated_by, last_update_date, key_name) VALUES ('z3widfcwpg2fnhzf479vsnwti47vsqc10287', '000000000000000000000000000000100060', '000000000000000000000000000000100060', 'sgn08r3o5no2xjmsbq79bmumtycguaik0110', '2014-02-10 12:13:54', 4255, 'com.runwaysdk.system.metadata.MdParameter', 1, 'www.runwaysdk.com', NULL, NULL, '000000000000000000000000000000100060', '2014-02-10 12:13:54', 'com.runwaysdk.system.scheduler.AbstractJobController.delete.dto');
INSERT INTO metadata_parameter ( site_master, last_updated_by, create_date, seq, locked_by, entity_domain, created_by, type, last_update_date, key_name, owner, oid, parent_oid, child_oid) VALUES ('www.runwaysdk.com', '000000000000000000000000000000100060', '2014-02-10 12:13:54', 4256, NULL, NULL, '000000000000000000000000000000100060', 'com.runwaysdk.system.MetadataParameter', '2014-02-10 12:13:54', 'com.runwaysdk.system.scheduler.AbstractJobController.delete.dto', '000000000000000000000000000000100060', 'se0aslkseu5d4pjw98oqgvu831soyumv0256', 'xxgs46zrs6k6hz5kqnorglz47oyn512r0131', 'sgn08r3o5no2xjmsbq79bmumtycguaik0110');
 INSERT INTO visibilitymodifier (set_id, item_id)  VALUES  ('zijedijzk65r0tf0x5o96s98xucvb9rm', '20071109NM00000000000000000000050113');
INSERT INTO metadata_display_label ( default_locale, oid, site_master, key_name) VALUES ('Last Run', '25nozr52yhbezgwx31duck87vv2lrndg0287', 'www.runwaysdk.com', '25nozr52yhbezgwx31duck87vv2lrndg0287');
 INSERT INTO visibilitymodifier (set_id, item_id)  VALUES  ('r9fz88a0aoxom7yskvlpxpnkakykkei2', '20071109NM00000000000000000000050113');
 INSERT INTO md_attribute_indicies (set_id, item_id)  VALUES  ('zijhixe8xn8ifjh772z7qtl2qhph30dt', '000000000000000000000000000004010085');
INSERT INTO metadata_display_label ( default_locale, oid, site_master, key_name) VALUES ('Last Run', '0913eik4d6joeutwtwikf61lay0ba6980287', 'www.runwaysdk.com', '0913eik4d6joeutwtwikf61lay0ba6980287');
INSERT INTO md_attribute_datetime ( default_value, oid) VALUES (NULL, 'zju51m0wwboc8dnzczed7pmefwzdlgv00082');
INSERT INTO md_attribute_moment ( oid) VALUES ('zju51m0wwboc8dnzczed7pmefwzdlgv00082');
INSERT INTO md_attribute_primitive ( oid) VALUES ('zju51m0wwboc8dnzczed7pmefwzdlgv00082');
INSERT INTO md_attribute_concrete ( column_name, defining_md_class, setter_visibility, setter_visibility_c, immutable, index_name, generate_accessor, system, required, display_label, getter_visibility, getter_visibility_c, index_type, index_type_c, attribute_name, oid) VALUES ('last_run', '0fnj9qgoapxjygna1zbnrdk7vm5ciijy0058', 'zijedijzk65r0tf0x5o96s98xucvb9rm', '20071109NM00000000000000000000050113', 0, 'ajwmdfmusedoo58tymci3bv1n1khfh', 1, 0, 0, '25nozr52yhbezgwx31duck87vv2lrndg0287', 'r9fz88a0aoxom7yskvlpxpnkakykkei2', '20071109NM00000000000000000000050113', 'zijhixe8xn8ifjh772z7qtl2qhph30dt', '000000000000000000000000000004010085', 'lastRun', 'zju51m0wwboc8dnzczed7pmefwzdlgv00082');
INSERT INTO md_attribute ( oid) VALUES ('zju51m0wwboc8dnzczed7pmefwzdlgv00082');
INSERT INTO metadata ( description, created_by, owner, oid, create_date, seq, type, remove, site_master, locked_by, entity_domain, last_updated_by, last_update_date, key_name) VALUES ('0913eik4d6joeutwtwikf61lay0ba6980287', '000000000000000000000000000000100060', '000000000000000000000000000000100060', 'zju51m0wwboc8dnzczed7pmefwzdlgv00082', '2014-02-10 12:13:54', 4257, 'com.runwaysdk.system.metadata.MdAttributeDateTime', 1, 'www.runwaysdk.com', NULL, NULL, '000000000000000000000000000000100060', '2014-02-10 12:13:54', 'com.runwaysdk.system.scheduler.AbstractJob.lastRun');
ALTER TABLE abstract_job ADD COLUMN last_run  timestamp;
INSERT INTO class_attribute_concrete ( oid, parent_oid, child_oid) VALUES ('0e09cw9sfx0d4z1sq28ctoj4lwng34mm0245', '0fnj9qgoapxjygna1zbnrdk7vm5ciijy0058', 'zju51m0wwboc8dnzczed7pmefwzdlgv00082');
INSERT INTO class_attribute ( oid, parent_oid, child_oid) VALUES ('0e09cw9sfx0d4z1sq28ctoj4lwng34mm0245', '0fnj9qgoapxjygna1zbnrdk7vm5ciijy0058', 'zju51m0wwboc8dnzczed7pmefwzdlgv00082');
INSERT INTO metadata_relationship ( entity_domain, site_master, last_updated_by, oid, owner, locked_by, create_date, type, created_by, seq, key_name, last_update_date, parent_oid, child_oid) VALUES (NULL, 'www.runwaysdk.com', '000000000000000000000000000000100060', '0e09cw9sfx0d4z1sq28ctoj4lwng34mm0245', '000000000000000000000000000000100060', NULL, '2014-02-10 12:13:54', 'com.runwaysdk.system.metadata.ClassAttributeConcrete', '000000000000000000000000000000100060', 4258, 'com.runwaysdk.system.scheduler.AbstractJob.lastRun', '2014-02-10 12:13:54', '0fnj9qgoapxjygna1zbnrdk7vm5ciijy0058', 'zju51m0wwboc8dnzczed7pmefwzdlgv00082');
INSERT INTO metadata_display_label ( default_locale, oid, site_master, key_name) VALUES ('false', 'xqyk65l9ehqpowrjb5ajvnqpvezry9gj0287', 'www.runwaysdk.com', 'xqyk65l9ehqpowrjb5ajvnqpvezry9gj0287');
INSERT INTO metadata_display_label ( default_locale, oid, site_master, key_name) VALUES ('true', 'xbaw3b7tihlqeoaordebq49y3zs8brmg0287', 'www.runwaysdk.com', 'xbaw3b7tihlqeoaordebq49y3zs8brmg0287');
 INSERT INTO visibilitymodifier (set_id, item_id)  VALUES  ('qlfl5h68m386iqbc6dhj71zsfg12itd1', '20071109NM00000000000000000000050113');
INSERT INTO metadata_display_label ( default_locale, oid, site_master, key_name) VALUES ('Repeated', 'xybjm9ys840km08jm3sbn4ifky813pt80287', 'www.runwaysdk.com', 'xybjm9ys840km08jm3sbn4ifky813pt80287');
 INSERT INTO visibilitymodifier (set_id, item_id)  VALUES  ('xn09y5mgu2ffx0zpkhgelshnd6mk7wyv', '20071109NM00000000000000000000050113');
 INSERT INTO md_attribute_indicies (set_id, item_id)  VALUES  ('xobwotkz558clwhf27mdwicshmhq3e26', '000000000000000000000000000004010085');
INSERT INTO metadata_display_label ( default_locale, oid, site_master, key_name) VALUES ('Repeated', '8p3oj8gr9g0hnfla6rde3bsry6lgmjte0287', 'www.runwaysdk.com', '8p3oj8gr9g0hnfla6rde3bsry6lgmjte0287');
INSERT INTO md_attribute_boolean ( negative_display_label, default_value, positive_display_label, oid) VALUES ('xqyk65l9ehqpowrjb5ajvnqpvezry9gj0287', 0, 'xbaw3b7tihlqeoaordebq49y3zs8brmg0287', 'sm44ridyol20w714nav5v9vok6icv79j0074');
INSERT INTO md_attribute_primitive ( oid) VALUES ('sm44ridyol20w714nav5v9vok6icv79j0074');
INSERT INTO md_attribute_concrete ( column_name, defining_md_class, setter_visibility, setter_visibility_c, immutable, index_name, generate_accessor, system, required, display_label, getter_visibility, getter_visibility_c, index_type, index_type_c, attribute_name, oid) VALUES ('repeated', '0fnj9qgoapxjygna1zbnrdk7vm5ciijy0058', 'qlfl5h68m386iqbc6dhj71zsfg12itd1', '20071109NM00000000000000000000050113', 0, 'atcvbrdcdbu4yn03dw280qrwz1gzws', 1, 0, 1, 'xybjm9ys840km08jm3sbn4ifky813pt80287', 'xn09y5mgu2ffx0zpkhgelshnd6mk7wyv', '20071109NM00000000000000000000050113', 'xobwotkz558clwhf27mdwicshmhq3e26', '000000000000000000000000000004010085', 'repeated', 'sm44ridyol20w714nav5v9vok6icv79j0074');
INSERT INTO md_attribute ( oid) VALUES ('sm44ridyol20w714nav5v9vok6icv79j0074');
INSERT INTO metadata ( description, created_by, owner, oid, create_date, seq, type, remove, site_master, locked_by, entity_domain, last_updated_by, last_update_date, key_name) VALUES ('8p3oj8gr9g0hnfla6rde3bsry6lgmjte0287', '000000000000000000000000000000100060', '000000000000000000000000000000100060', 'sm44ridyol20w714nav5v9vok6icv79j0074', '2014-02-10 12:13:54', 4259, 'com.runwaysdk.system.metadata.MdAttributeBoolean', 1, 'www.runwaysdk.com', NULL, NULL, '000000000000000000000000000000100060', '2014-02-10 12:13:54', 'com.runwaysdk.system.scheduler.AbstractJob.repeated');
ALTER TABLE abstract_job ADD COLUMN repeated  int;
INSERT INTO class_attribute_concrete ( oid, parent_oid, child_oid) VALUES ('8dbpb6gqjffvlwrdlequ2jt1d9p8astc0245', '0fnj9qgoapxjygna1zbnrdk7vm5ciijy0058', 'sm44ridyol20w714nav5v9vok6icv79j0074');
INSERT INTO class_attribute ( oid, parent_oid, child_oid) VALUES ('8dbpb6gqjffvlwrdlequ2jt1d9p8astc0245', '0fnj9qgoapxjygna1zbnrdk7vm5ciijy0058', 'sm44ridyol20w714nav5v9vok6icv79j0074');
INSERT INTO metadata_relationship ( entity_domain, site_master, last_updated_by, oid, owner, locked_by, create_date, type, created_by, seq, key_name, last_update_date, parent_oid, child_oid) VALUES (NULL, 'www.runwaysdk.com', '000000000000000000000000000000100060', '8dbpb6gqjffvlwrdlequ2jt1d9p8astc0245', '000000000000000000000000000000100060', NULL, '2014-02-10 12:13:54', 'com.runwaysdk.system.metadata.ClassAttributeConcrete', '000000000000000000000000000000100060', 4260, 'com.runwaysdk.system.scheduler.AbstractJob.repeated', '2014-02-10 12:13:54', '0fnj9qgoapxjygna1zbnrdk7vm5ciijy0058', 'sm44ridyol20w714nav5v9vok6icv79j0074');
INSERT INTO metadata_display_label ( default_locale, oid, site_master, key_name) VALUES ('false', '917h2ucmoe8fxmpyfw2u7oi8sdht6dt70287', 'www.runwaysdk.com', '917h2ucmoe8fxmpyfw2u7oi8sdht6dt70287');
INSERT INTO metadata_display_label ( default_locale, oid, site_master, key_name) VALUES ('true', 'qucaoimg2hqpusiib750ccbyt56rrzwi0287', 'www.runwaysdk.com', 'qucaoimg2hqpusiib750ccbyt56rrzwi0287');
 INSERT INTO visibilitymodifier (set_id, item_id)  VALUES  ('0qdy93dk7edepy0qhyrk42o2sx0jxpra', '20071109NM00000000000000000000050113');
INSERT INTO metadata_display_label ( default_locale, oid, site_master, key_name) VALUES ('Pauseable', '20vl779ncgm6yedj8s9zt8cjpzfmhu1z0287', 'www.runwaysdk.com', '20vl779ncgm6yedj8s9zt8cjpzfmhu1z0287');
 INSERT INTO visibilitymodifier (set_id, item_id)  VALUES  ('xnwxrlo10q58jjsbsgbb9typ4nqa63eq', '20071109NM00000000000000000000050113');
 INSERT INTO md_attribute_indicies (set_id, item_id)  VALUES  ('zahkyhbbe8lszpay864ons3lino8syjr', '000000000000000000000000000004010085');
INSERT INTO metadata_display_label ( default_locale, oid, site_master, key_name) VALUES ('Pauseable', 'zivi1m07tk3qjviijsjfo3ugaqld3bbq0287', 'www.runwaysdk.com', 'zivi1m07tk3qjviijsjfo3ugaqld3bbq0287');
INSERT INTO md_attribute_boolean ( negative_display_label, default_value, positive_display_label, oid) VALUES ('917h2ucmoe8fxmpyfw2u7oi8sdht6dt70287', 0, 'qucaoimg2hqpusiib750ccbyt56rrzwi0287', '7dot75k1q82skfop6f474e31mgdn1vnx0074');
INSERT INTO md_attribute_primitive ( oid) VALUES ('7dot75k1q82skfop6f474e31mgdn1vnx0074');
INSERT INTO md_attribute_concrete ( column_name, defining_md_class, setter_visibility, setter_visibility_c, immutable, index_name, generate_accessor, system, required, display_label, getter_visibility, getter_visibility_c, index_type, index_type_c, attribute_name, oid) VALUES ('pauseable', '0fnj9qgoapxjygna1zbnrdk7vm5ciijy0058', '0qdy93dk7edepy0qhyrk42o2sx0jxpra', '20071109NM00000000000000000000050113', 0, 'ag5br5wyh4opb1qmajqk2zaz4921q6', 1, 0, 1, '20vl779ncgm6yedj8s9zt8cjpzfmhu1z0287', 'xnwxrlo10q58jjsbsgbb9typ4nqa63eq', '20071109NM00000000000000000000050113', 'zahkyhbbe8lszpay864ons3lino8syjr', '000000000000000000000000000004010085', 'pauseable', '7dot75k1q82skfop6f474e31mgdn1vnx0074');
INSERT INTO md_attribute ( oid) VALUES ('7dot75k1q82skfop6f474e31mgdn1vnx0074');
INSERT INTO metadata ( description, created_by, owner, oid, create_date, seq, type, remove, site_master, locked_by, entity_domain, last_updated_by, last_update_date, key_name) VALUES ('zivi1m07tk3qjviijsjfo3ugaqld3bbq0287', '000000000000000000000000000000100060', '000000000000000000000000000000100060', '7dot75k1q82skfop6f474e31mgdn1vnx0074', '2014-02-10 12:13:54', 4261, 'com.runwaysdk.system.metadata.MdAttributeBoolean', 1, 'www.runwaysdk.com', NULL, NULL, '000000000000000000000000000000100060', '2014-02-10 12:13:54', 'com.runwaysdk.system.scheduler.AbstractJob.pauseable');
ALTER TABLE abstract_job ADD COLUMN pauseable  int;
INSERT INTO class_attribute_concrete ( oid, parent_oid, child_oid) VALUES ('qpczso8z5t7rjxykcscfgkzdme64ntxh0245', '0fnj9qgoapxjygna1zbnrdk7vm5ciijy0058', '7dot75k1q82skfop6f474e31mgdn1vnx0074');
INSERT INTO class_attribute ( oid, parent_oid, child_oid) VALUES ('qpczso8z5t7rjxykcscfgkzdme64ntxh0245', '0fnj9qgoapxjygna1zbnrdk7vm5ciijy0058', '7dot75k1q82skfop6f474e31mgdn1vnx0074');
INSERT INTO metadata_relationship ( entity_domain, site_master, last_updated_by, oid, owner, locked_by, create_date, type, created_by, seq, key_name, last_update_date, parent_oid, child_oid) VALUES (NULL, 'www.runwaysdk.com', '000000000000000000000000000000100060', 'qpczso8z5t7rjxykcscfgkzdme64ntxh0245', '000000000000000000000000000000100060', NULL, '2014-02-10 12:13:54', 'com.runwaysdk.system.metadata.ClassAttributeConcrete', '000000000000000000000000000000100060', 4262, 'com.runwaysdk.system.scheduler.AbstractJob.pauseable', '2014-02-10 12:13:54', '0fnj9qgoapxjygna1zbnrdk7vm5ciijy0058', '7dot75k1q82skfop6f474e31mgdn1vnx0074');
INSERT INTO metadata_display_label ( default_locale, oid, site_master, key_name) VALUES ('false', 'stx5zdi64e5zl39hxeiy001273cuyyj80287', 'www.runwaysdk.com', 'stx5zdi64e5zl39hxeiy001273cuyyj80287');
INSERT INTO metadata_display_label ( default_locale, oid, site_master, key_name) VALUES ('true', 'zkf55iicx99nk4qjv81ygjlms88xhrwo0287', 'www.runwaysdk.com', 'zkf55iicx99nk4qjv81ygjlms88xhrwo0287');
 INSERT INTO visibilitymodifier (set_id, item_id)  VALUES  ('0pbrtdgbci8c8dmkhwn5910ansy6q71n', '20071109NM00000000000000000000050113');
INSERT INTO metadata_display_label ( default_locale, oid, site_master, key_name) VALUES ('Paused', 'z7ghyjpan55l6t201zyew10adak8o7o20287', 'www.runwaysdk.com', 'z7ghyjpan55l6t201zyew10adak8o7o20287');
 INSERT INTO visibilitymodifier (set_id, item_id)  VALUES  ('xulmh8eg1t7mhhosiq9w1sglgvkoba2f', '20071109NM00000000000000000000050113');
 INSERT INTO md_attribute_indicies (set_id, item_id)  VALUES  ('90y1bjrzdmfgtcbqselulhmjozkvrdx1', '000000000000000000000000000004010085');
INSERT INTO metadata_display_label ( default_locale, oid, site_master, key_name) VALUES ('Paused', 'swqhdwvgp211wi4mz3oeiabrt3vdx0cy0287', 'www.runwaysdk.com', 'swqhdwvgp211wi4mz3oeiabrt3vdx0cy0287');
INSERT INTO md_attribute_boolean ( negative_display_label, default_value, positive_display_label, oid) VALUES ('stx5zdi64e5zl39hxeiy001273cuyyj80287', 0, 'zkf55iicx99nk4qjv81ygjlms88xhrwo0287', 'swti0hdell2lrm4zatw88zign57pijso0074');
INSERT INTO md_attribute_primitive ( oid) VALUES ('swti0hdell2lrm4zatw88zign57pijso0074');
INSERT INTO md_attribute_concrete ( column_name, defining_md_class, setter_visibility, setter_visibility_c, immutable, index_name, generate_accessor, system, required, display_label, getter_visibility, getter_visibility_c, index_type, index_type_c, attribute_name, oid) VALUES ('paused', '0fnj9qgoapxjygna1zbnrdk7vm5ciijy0058', '0pbrtdgbci8c8dmkhwn5910ansy6q71n', '20071109NM00000000000000000000050113', 0, 'ar69oqf1rsh04xgxleb84aqbuywiol', 1, 0, 1, 'z7ghyjpan55l6t201zyew10adak8o7o20287', 'xulmh8eg1t7mhhosiq9w1sglgvkoba2f', '20071109NM00000000000000000000050113', '90y1bjrzdmfgtcbqselulhmjozkvrdx1', '000000000000000000000000000004010085', 'paused', 'swti0hdell2lrm4zatw88zign57pijso0074');
INSERT INTO md_attribute ( oid) VALUES ('swti0hdell2lrm4zatw88zign57pijso0074');
INSERT INTO metadata ( description, created_by, owner, oid, create_date, seq, type, remove, site_master, locked_by, entity_domain, last_updated_by, last_update_date, key_name) VALUES ('swqhdwvgp211wi4mz3oeiabrt3vdx0cy0287', '000000000000000000000000000000100060', '000000000000000000000000000000100060', 'swti0hdell2lrm4zatw88zign57pijso0074', '2014-02-10 12:13:54', 4263, 'com.runwaysdk.system.metadata.MdAttributeBoolean', 1, 'www.runwaysdk.com', NULL, NULL, '000000000000000000000000000000100060', '2014-02-10 12:13:54', 'com.runwaysdk.system.scheduler.AbstractJob.paused');
ALTER TABLE abstract_job ADD COLUMN paused  int;
INSERT INTO class_attribute_concrete ( oid, parent_oid, child_oid) VALUES ('1w1qmx9tj5b43ae7fmndvumy1k6gmbrc0245', '0fnj9qgoapxjygna1zbnrdk7vm5ciijy0058', 'swti0hdell2lrm4zatw88zign57pijso0074');
INSERT INTO class_attribute ( oid, parent_oid, child_oid) VALUES ('1w1qmx9tj5b43ae7fmndvumy1k6gmbrc0245', '0fnj9qgoapxjygna1zbnrdk7vm5ciijy0058', 'swti0hdell2lrm4zatw88zign57pijso0074');
INSERT INTO metadata_relationship ( entity_domain, site_master, last_updated_by, oid, owner, locked_by, create_date, type, created_by, seq, key_name, last_update_date, parent_oid, child_oid) VALUES (NULL, 'www.runwaysdk.com', '000000000000000000000000000000100060', '1w1qmx9tj5b43ae7fmndvumy1k6gmbrc0245', '000000000000000000000000000000100060', NULL, '2014-02-10 12:13:54', 'com.runwaysdk.system.metadata.ClassAttributeConcrete', '000000000000000000000000000000100060', 4264, 'com.runwaysdk.system.scheduler.AbstractJob.paused', '2014-02-10 12:13:54', '0fnj9qgoapxjygna1zbnrdk7vm5ciijy0058', 'swti0hdell2lrm4zatw88zign57pijso0074');
 INSERT INTO visibilitymodifier (set_id, item_id)  VALUES  ('1sj0o1hl7rpmkxjgil3z227jcs1930ij', '20071109NM00000000000000000000050113');
INSERT INTO metadata_display_label ( default_locale, oid, site_master, key_name) VALUES ('Work Total', 'szugi5804poytogbe0fl6c955zrcbgm50287', 'www.runwaysdk.com', 'szugi5804poytogbe0fl6c955zrcbgm50287');
 INSERT INTO visibilitymodifier (set_id, item_id)  VALUES  ('8lq8lr7e983yt5h14js3glvwrtfrj7yx', '20071109NM00000000000000000000050113');
 INSERT INTO md_attribute_indicies (set_id, item_id)  VALUES  ('stm6r5nqg9jn8tbz8c8eq4zki125vdeh', '000000000000000000000000000004010085');
INSERT INTO metadata_display_label ( default_locale, oid, site_master, key_name) VALUES ('Work Total', '8t0inh5cntj2wuaapkcltoreimli9cze0287', 'www.runwaysdk.com', '8t0inh5cntj2wuaapkcltoreimli9cze0287');
INSERT INTO md_attribute_integer ( start_range, default_value, end_range, oid) VALUES (NULL, NULL, NULL, 'z8g4l4wyli8gnn1vi83cz5y4sc4ckfyk00000000000000000000000000000332');
INSERT INTO md_attribute_int ( oid) VALUES ('z8g4l4wyli8gnn1vi83cz5y4sc4ckfyk00000000000000000000000000000332');
INSERT INTO md_attribute_number ( reject_negative, reject_zero, reject_positive, oid) VALUES (1, 0, 0, 'z8g4l4wyli8gnn1vi83cz5y4sc4ckfyk00000000000000000000000000000332');
INSERT INTO md_attribute_primitive ( oid) VALUES ('z8g4l4wyli8gnn1vi83cz5y4sc4ckfyk00000000000000000000000000000332');
INSERT INTO md_attribute_concrete ( column_name, defining_md_class, setter_visibility, setter_visibility_c, immutable, index_name, generate_accessor, system, required, display_label, getter_visibility, getter_visibility_c, index_type, index_type_c, attribute_name, oid) VALUES ('work_total', '0fnj9qgoapxjygna1zbnrdk7vm5ciijy0058', '1sj0o1hl7rpmkxjgil3z227jcs1930ij', '20071109NM00000000000000000000050113', 0, 'aik04xpdqn3kpwovi5vmwuucv062h7', 1, 0, 0, 'szugi5804poytogbe0fl6c955zrcbgm50287', '8lq8lr7e983yt5h14js3glvwrtfrj7yx', '20071109NM00000000000000000000050113', 'stm6r5nqg9jn8tbz8c8eq4zki125vdeh', '000000000000000000000000000004010085', 'workTotal', 'z8g4l4wyli8gnn1vi83cz5y4sc4ckfyk00000000000000000000000000000332');
INSERT INTO md_attribute ( oid) VALUES ('z8g4l4wyli8gnn1vi83cz5y4sc4ckfyk00000000000000000000000000000332');
INSERT INTO metadata ( description, created_by, owner, oid, create_date, seq, type, remove, site_master, locked_by, entity_domain, last_updated_by, last_update_date, key_name) VALUES ('8t0inh5cntj2wuaapkcltoreimli9cze0287', '000000000000000000000000000000100060', '000000000000000000000000000000100060', 'z8g4l4wyli8gnn1vi83cz5y4sc4ckfyk00000000000000000000000000000332', '2014-02-10 12:13:54', 4265, 'com.runwaysdk.system.metadata.MdAttributeInteger', 1, 'www.runwaysdk.com', NULL, NULL, '000000000000000000000000000000100060', '2014-02-10 12:13:54', 'com.runwaysdk.system.scheduler.AbstractJob.workTotal');
ALTER TABLE abstract_job ADD COLUMN work_total  int;
INSERT INTO class_attribute_concrete ( oid, parent_oid, child_oid) VALUES ('24bmu6zzy40c6nmpuht6andpix8pr68v0245', '0fnj9qgoapxjygna1zbnrdk7vm5ciijy0058', 'z8g4l4wyli8gnn1vi83cz5y4sc4ckfyk00000000000000000000000000000332');
INSERT INTO class_attribute ( oid, parent_oid, child_oid) VALUES ('24bmu6zzy40c6nmpuht6andpix8pr68v0245', '0fnj9qgoapxjygna1zbnrdk7vm5ciijy0058', 'z8g4l4wyli8gnn1vi83cz5y4sc4ckfyk00000000000000000000000000000332');
INSERT INTO metadata_relationship ( entity_domain, site_master, last_updated_by, oid, owner, locked_by, create_date, type, created_by, seq, key_name, last_update_date, parent_oid, child_oid) VALUES (NULL, 'www.runwaysdk.com', '000000000000000000000000000000100060', '24bmu6zzy40c6nmpuht6andpix8pr68v0245', '000000000000000000000000000000100060', NULL, '2014-02-10 12:13:54', 'com.runwaysdk.system.metadata.ClassAttributeConcrete', '000000000000000000000000000000100060', 4266, 'com.runwaysdk.system.scheduler.AbstractJob.workTotal', '2014-02-10 12:13:54', '0fnj9qgoapxjygna1zbnrdk7vm5ciijy0058', 'z8g4l4wyli8gnn1vi83cz5y4sc4ckfyk00000000000000000000000000000332');
 INSERT INTO visibilitymodifier (set_id, item_id)  VALUES  ('stl2upsisx5ex9k0w4lvg3afauj44c3w', '20071109NM00000000000000000000050113');
INSERT INTO metadata_display_label ( default_locale, oid, site_master, key_name) VALUES ('Work Progress', '8s8tq82qs39l1dhkisx90hvde51j35m90287', 'www.runwaysdk.com', '8s8tq82qs39l1dhkisx90hvde51j35m90287');
 INSERT INTO visibilitymodifier (set_id, item_id)  VALUES  ('8vshf62b8x67dqwbubrczikxm37iavte', '20071109NM00000000000000000000050113');
 INSERT INTO md_attribute_indicies (set_id, item_id)  VALUES  ('2c25qqjhwzjm297wvrefzqr8ps5lv4d6', '000000000000000000000000000004010085');
INSERT INTO metadata_display_label ( default_locale, oid, site_master, key_name) VALUES ('Work Progress', 'zdjaxfwzev3s14880tvqaudvqi9de9va0287', 'www.runwaysdk.com', 'zdjaxfwzev3s14880tvqaudvqi9de9va0287');
INSERT INTO md_attribute_integer ( start_range, default_value, end_range, oid) VALUES (NULL, NULL, NULL, 'rcyo64wsfudlbs4m415md41tslnlm3nv00000000000000000000000000000332');
INSERT INTO md_attribute_int ( oid) VALUES ('rcyo64wsfudlbs4m415md41tslnlm3nv00000000000000000000000000000332');
INSERT INTO md_attribute_number ( reject_negative, reject_zero, reject_positive, oid) VALUES (1, 0, 0, 'rcyo64wsfudlbs4m415md41tslnlm3nv00000000000000000000000000000332');
INSERT INTO md_attribute_primitive ( oid) VALUES ('rcyo64wsfudlbs4m415md41tslnlm3nv00000000000000000000000000000332');
INSERT INTO md_attribute_concrete ( column_name, defining_md_class, setter_visibility, setter_visibility_c, immutable, index_name, generate_accessor, system, required, display_label, getter_visibility, getter_visibility_c, index_type, index_type_c, attribute_name, oid) VALUES ('work_progress', '0fnj9qgoapxjygna1zbnrdk7vm5ciijy0058', 'stl2upsisx5ex9k0w4lvg3afauj44c3w', '20071109NM00000000000000000000050113', 0, 'aar2358ae03jr07zg7fqtmjcr9avuz', 1, 0, 0, '8s8tq82qs39l1dhkisx90hvde51j35m90287', '8vshf62b8x67dqwbubrczikxm37iavte', '20071109NM00000000000000000000050113', '2c25qqjhwzjm297wvrefzqr8ps5lv4d6', '000000000000000000000000000004010085', 'workProgress', 'rcyo64wsfudlbs4m415md41tslnlm3nv00000000000000000000000000000332');
INSERT INTO md_attribute ( oid) VALUES ('rcyo64wsfudlbs4m415md41tslnlm3nv00000000000000000000000000000332');
INSERT INTO metadata ( description, created_by, owner, oid, create_date, seq, type, remove, site_master, locked_by, entity_domain, last_updated_by, last_update_date, key_name) VALUES ('zdjaxfwzev3s14880tvqaudvqi9de9va0287', '000000000000000000000000000000100060', '000000000000000000000000000000100060', 'rcyo64wsfudlbs4m415md41tslnlm3nv00000000000000000000000000000332', '2014-02-10 12:13:54', 4267, 'com.runwaysdk.system.metadata.MdAttributeInteger', 1, 'www.runwaysdk.com', NULL, NULL, '000000000000000000000000000000100060', '2014-02-10 12:13:54', 'com.runwaysdk.system.scheduler.AbstractJob.workProgress');
ALTER TABLE abstract_job ADD COLUMN work_progress  int;
INSERT INTO class_attribute_concrete ( oid, parent_oid, child_oid) VALUES ('8lx0njt5e0a3zq7d9zzsq0q96tpdxkpd0245', '0fnj9qgoapxjygna1zbnrdk7vm5ciijy0058', 'rcyo64wsfudlbs4m415md41tslnlm3nv00000000000000000000000000000332');
INSERT INTO class_attribute ( oid, parent_oid, child_oid) VALUES ('8lx0njt5e0a3zq7d9zzsq0q96tpdxkpd0245', '0fnj9qgoapxjygna1zbnrdk7vm5ciijy0058', 'rcyo64wsfudlbs4m415md41tslnlm3nv00000000000000000000000000000332');
INSERT INTO metadata_relationship ( entity_domain, site_master, last_updated_by, oid, owner, locked_by, create_date, type, created_by, seq, key_name, last_update_date, parent_oid, child_oid) VALUES (NULL, 'www.runwaysdk.com', '000000000000000000000000000000100060', '8lx0njt5e0a3zq7d9zzsq0q96tpdxkpd0245', '000000000000000000000000000000100060', NULL, '2014-02-10 12:13:54', 'com.runwaysdk.system.metadata.ClassAttributeConcrete', '000000000000000000000000000000100060', 4268, 'com.runwaysdk.system.scheduler.AbstractJob.workProgress', '2014-02-10 12:13:54', '0fnj9qgoapxjygna1zbnrdk7vm5ciijy0058', 'rcyo64wsfudlbs4m415md41tslnlm3nv00000000000000000000000000000332');
INSERT INTO metadata_display_label ( default_locale, oid, site_master, key_name) VALUES ('false', '1y7s2gn2hyk5n750pqdgeejcc6wg1x770287', 'www.runwaysdk.com', '1y7s2gn2hyk5n750pqdgeejcc6wg1x770287');
INSERT INTO metadata_display_label ( default_locale, oid, site_master, key_name) VALUES ('true', 'xh7ygl9spspfejm87inywjhceqrkt3ef0287', 'www.runwaysdk.com', 'xh7ygl9spspfejm87inywjhceqrkt3ef0287');
 INSERT INTO visibilitymodifier (set_id, item_id)  VALUES  ('1ul19sm13ca1u1zb7uzzrhe9whtaho7t', '20071109NM00000000000000000000050113');
INSERT INTO metadata_display_label ( default_locale, oid, site_master, key_name) VALUES ('Completed', 'xmdh9uca5qvvq195tb3w7onuojop3njd0287', 'www.runwaysdk.com', 'xmdh9uca5qvvq195tb3w7onuojop3njd0287');
 INSERT INTO visibilitymodifier (set_id, item_id)  VALUES  ('xaskuorkb1rzix8haa6efvo5kc7za32k', '20071109NM00000000000000000000050113');
 INSERT INTO md_attribute_indicies (set_id, item_id)  VALUES  ('6ntqrwdaz30r8efjraixseygsp21ugy7', '000000000000000000000000000004010085');
INSERT INTO metadata_display_label ( default_locale, oid, site_master, key_name) VALUES ('Completed', 'zpl3xmmju3gxfolwfq6ca8kdi3gog32s0287', 'www.runwaysdk.com', 'zpl3xmmju3gxfolwfq6ca8kdi3gog32s0287');
INSERT INTO md_attribute_boolean ( negative_display_label, default_value, positive_display_label, oid) VALUES ('1y7s2gn2hyk5n750pqdgeejcc6wg1x770287', 0, 'xh7ygl9spspfejm87inywjhceqrkt3ef0287', 's9bsvcfqldftnahxte06o55wv0o8q19a0074');
INSERT INTO md_attribute_primitive ( oid) VALUES ('s9bsvcfqldftnahxte06o55wv0o8q19a0074');
INSERT INTO md_attribute_concrete ( column_name, defining_md_class, setter_visibility, setter_visibility_c, immutable, index_name, generate_accessor, system, required, display_label, getter_visibility, getter_visibility_c, index_type, index_type_c, attribute_name, oid) VALUES ('completed', '0fnj9qgoapxjygna1zbnrdk7vm5ciijy0058', '1ul19sm13ca1u1zb7uzzrhe9whtaho7t', '20071109NM00000000000000000000050113', 0, 'adj46saymuk1uvn0yze1y22kj32zhi', 1, 0, 1, 'xmdh9uca5qvvq195tb3w7onuojop3njd0287', 'xaskuorkb1rzix8haa6efvo5kc7za32k', '20071109NM00000000000000000000050113', '6ntqrwdaz30r8efjraixseygsp21ugy7', '000000000000000000000000000004010085', 'completed', 's9bsvcfqldftnahxte06o55wv0o8q19a0074');
INSERT INTO md_attribute ( oid) VALUES ('s9bsvcfqldftnahxte06o55wv0o8q19a0074');
INSERT INTO metadata ( description, created_by, owner, oid, create_date, seq, type, remove, site_master, locked_by, entity_domain, last_updated_by, last_update_date, key_name) VALUES ('zpl3xmmju3gxfolwfq6ca8kdi3gog32s0287', '000000000000000000000000000000100060', '000000000000000000000000000000100060', 's9bsvcfqldftnahxte06o55wv0o8q19a0074', '2014-02-10 12:13:54', 4269, 'com.runwaysdk.system.metadata.MdAttributeBoolean', 1, 'www.runwaysdk.com', NULL, NULL, '000000000000000000000000000000100060', '2014-02-10 12:13:54', 'com.runwaysdk.system.scheduler.AbstractJob.completed');
ALTER TABLE abstract_job ADD COLUMN completed  int;
INSERT INTO class_attribute_concrete ( oid, parent_oid, child_oid) VALUES ('x98e9imya3winiadaz6kf01c2wxmcsvj0245', '0fnj9qgoapxjygna1zbnrdk7vm5ciijy0058', 's9bsvcfqldftnahxte06o55wv0o8q19a0074');
INSERT INTO class_attribute ( oid, parent_oid, child_oid) VALUES ('x98e9imya3winiadaz6kf01c2wxmcsvj0245', '0fnj9qgoapxjygna1zbnrdk7vm5ciijy0058', 's9bsvcfqldftnahxte06o55wv0o8q19a0074');
INSERT INTO metadata_relationship ( entity_domain, site_master, last_updated_by, oid, owner, locked_by, create_date, type, created_by, seq, key_name, last_update_date, parent_oid, child_oid) VALUES (NULL, 'www.runwaysdk.com', '000000000000000000000000000000100060', 'x98e9imya3winiadaz6kf01c2wxmcsvj0245', '000000000000000000000000000000100060', NULL, '2014-02-10 12:13:54', 'com.runwaysdk.system.metadata.ClassAttributeConcrete', '000000000000000000000000000000100060', 4270, 'com.runwaysdk.system.scheduler.AbstractJob.completed', '2014-02-10 12:13:54', '0fnj9qgoapxjygna1zbnrdk7vm5ciijy0058', 's9bsvcfqldftnahxte06o55wv0o8q19a0074');
INSERT INTO metadata_display_label ( default_locale, oid, site_master, key_name) VALUES ('false', 'r4xg1mibxq71toh0t0s79finrrs1i9f20287', 'www.runwaysdk.com', 'r4xg1mibxq71toh0t0s79finrrs1i9f20287');
INSERT INTO metadata_display_label ( default_locale, oid, site_master, key_name) VALUES ('true', '1ro99h32kad3r8dsc0jwolbsonhan9k40287', 'www.runwaysdk.com', '1ro99h32kad3r8dsc0jwolbsonhan9k40287');
 INSERT INTO visibilitymodifier (set_id, item_id)  VALUES  ('svshyve92sjlsbhl2fzuxwj9f3fti0ur', '20071109NM00000000000000000000050113');
INSERT INTO metadata_display_label ( default_locale, oid, site_master, key_name) VALUES ('Remove On Complete', 'zig2sjy6d3zahee3rjknbk3uvf99lemf0287', 'www.runwaysdk.com', 'zig2sjy6d3zahee3rjknbk3uvf99lemf0287');
 INSERT INTO visibilitymodifier (set_id, item_id)  VALUES  ('svrd8tyz22xqjypk5xlaa05g7eucju47', '20071109NM00000000000000000000050113');
 INSERT INTO md_attribute_indicies (set_id, item_id)  VALUES  ('xb2fj7b43m4q4wfleeygtur5iq8zk34v', '000000000000000000000000000004010085');
INSERT INTO metadata_display_label ( default_locale, oid, site_master, key_name) VALUES ('Remove On Complete', 'siyngd4usotent8t3v2mmpvq86fi7bxa0287', 'www.runwaysdk.com', 'siyngd4usotent8t3v2mmpvq86fi7bxa0287');
INSERT INTO md_attribute_boolean ( negative_display_label, default_value, positive_display_label, oid) VALUES ('r4xg1mibxq71toh0t0s79finrrs1i9f20287', 0, '1ro99h32kad3r8dsc0jwolbsonhan9k40287', '8jjekyd9o6ybpouc4rno9kphkwyfkxas0074');
INSERT INTO md_attribute_primitive ( oid) VALUES ('8jjekyd9o6ybpouc4rno9kphkwyfkxas0074');
INSERT INTO md_attribute_concrete ( column_name, defining_md_class, setter_visibility, setter_visibility_c, immutable, index_name, generate_accessor, system, required, display_label, getter_visibility, getter_visibility_c, index_type, index_type_c, attribute_name, oid) VALUES ('remove_on_complete', '0fnj9qgoapxjygna1zbnrdk7vm5ciijy0058', 'svshyve92sjlsbhl2fzuxwj9f3fti0ur', '20071109NM00000000000000000000050113', 0, 'a434jun9mnxivq4gkcnu8rkp0ssjtx', 1, 0, 1, 'zig2sjy6d3zahee3rjknbk3uvf99lemf0287', 'svrd8tyz22xqjypk5xlaa05g7eucju47', '20071109NM00000000000000000000050113', 'xb2fj7b43m4q4wfleeygtur5iq8zk34v', '000000000000000000000000000004010085', 'removeOnComplete', '8jjekyd9o6ybpouc4rno9kphkwyfkxas0074');
INSERT INTO md_attribute ( oid) VALUES ('8jjekyd9o6ybpouc4rno9kphkwyfkxas0074');
INSERT INTO metadata ( description, created_by, owner, oid, create_date, seq, type, remove, site_master, locked_by, entity_domain, last_updated_by, last_update_date, key_name) VALUES ('siyngd4usotent8t3v2mmpvq86fi7bxa0287', '000000000000000000000000000000100060', '000000000000000000000000000000100060', '8jjekyd9o6ybpouc4rno9kphkwyfkxas0074', '2014-02-10 12:13:54', 4271, 'com.runwaysdk.system.metadata.MdAttributeBoolean', 1, 'www.runwaysdk.com', NULL, NULL, '000000000000000000000000000000100060', '2014-02-10 12:13:54', 'com.runwaysdk.system.scheduler.AbstractJob.removeOnComplete');
ALTER TABLE abstract_job ADD COLUMN remove_on_complete  int;
INSERT INTO class_attribute_concrete ( oid, parent_oid, child_oid) VALUES ('8ce2re3rxxwuxu44fmmss18tttrdgokl0245', '0fnj9qgoapxjygna1zbnrdk7vm5ciijy0058', '8jjekyd9o6ybpouc4rno9kphkwyfkxas0074');
INSERT INTO class_attribute ( oid, parent_oid, child_oid) VALUES ('8ce2re3rxxwuxu44fmmss18tttrdgokl0245', '0fnj9qgoapxjygna1zbnrdk7vm5ciijy0058', '8jjekyd9o6ybpouc4rno9kphkwyfkxas0074');
INSERT INTO metadata_relationship ( entity_domain, site_master, last_updated_by, oid, owner, locked_by, create_date, type, created_by, seq, key_name, last_update_date, parent_oid, child_oid) VALUES (NULL, 'www.runwaysdk.com', '000000000000000000000000000000100060', '8ce2re3rxxwuxu44fmmss18tttrdgokl0245', '000000000000000000000000000000100060', NULL, '2014-02-10 12:13:54', 'com.runwaysdk.system.metadata.ClassAttributeConcrete', '000000000000000000000000000000100060', 4272, 'com.runwaysdk.system.scheduler.AbstractJob.removeOnComplete', '2014-02-10 12:13:54', '0fnj9qgoapxjygna1zbnrdk7vm5ciijy0058', '8jjekyd9o6ybpouc4rno9kphkwyfkxas0074');
INSERT INTO metadata_display_label ( default_locale, oid, site_master, key_name) VALUES ('false', '6rfmhuyz5z0ufsyxgqbrkkc4w186n9ln0287', 'www.runwaysdk.com', '6rfmhuyz5z0ufsyxgqbrkkc4w186n9ln0287');
INSERT INTO metadata_display_label ( default_locale, oid, site_master, key_name) VALUES ('true', 'zoedpuy5z6zeqe7rj0b4c8g29sopkv260287', 'www.runwaysdk.com', 'zoedpuy5z6zeqe7rj0b4c8g29sopkv260287');
 INSERT INTO visibilitymodifier (set_id, item_id)  VALUES  ('r87g7069dnogp2t1b6mnabwab0vkkvik', '20071109NM00000000000000000000050113');
INSERT INTO metadata_display_label ( default_locale, oid, site_master, key_name) VALUES ('Start On Create', 'skem9yxg9nn8l3eff31hd2z48n5nqzc60287', 'www.runwaysdk.com', 'skem9yxg9nn8l3eff31hd2z48n5nqzc60287');
 INSERT INTO visibilitymodifier (set_id, item_id)  VALUES  ('xjsitt48nrtlavrs5k2w5fiqajx3ew40', '20071109NM00000000000000000000050113');
 INSERT INTO md_attribute_indicies (set_id, item_id)  VALUES  ('0f09uatnk0pepyhrdppqm42166om2bah', '000000000000000000000000000004010085');
INSERT INTO metadata_display_label ( default_locale, oid, site_master, key_name) VALUES ('Start On Create', '0spg90h07a712ttaf4ygm5ivlcm8l1ih0287', 'www.runwaysdk.com', '0spg90h07a712ttaf4ygm5ivlcm8l1ih0287');
INSERT INTO md_attribute_boolean ( negative_display_label, default_value, positive_display_label, oid) VALUES ('6rfmhuyz5z0ufsyxgqbrkkc4w186n9ln0287', 0, 'zoedpuy5z6zeqe7rj0b4c8g29sopkv260287', '0jqq6fd2kxe5xpgynmkfi57tfiog1xcl0074');
INSERT INTO md_attribute_primitive ( oid) VALUES ('0jqq6fd2kxe5xpgynmkfi57tfiog1xcl0074');
INSERT INTO md_attribute_concrete ( column_name, defining_md_class, setter_visibility, setter_visibility_c, immutable, index_name, generate_accessor, system, required, display_label, getter_visibility, getter_visibility_c, index_type, index_type_c, attribute_name, oid) VALUES ('start_on_create', '0fnj9qgoapxjygna1zbnrdk7vm5ciijy0058', 'r87g7069dnogp2t1b6mnabwab0vkkvik', '20071109NM00000000000000000000050113', 0, 'asdy2wxtmpwi5benhid9ov6uro8zlk', 1, 0, 1, 'skem9yxg9nn8l3eff31hd2z48n5nqzc60287', 'xjsitt48nrtlavrs5k2w5fiqajx3ew40', '20071109NM00000000000000000000050113', '0f09uatnk0pepyhrdppqm42166om2bah', '000000000000000000000000000004010085', 'startOnCreate', '0jqq6fd2kxe5xpgynmkfi57tfiog1xcl0074');
INSERT INTO md_attribute ( oid) VALUES ('0jqq6fd2kxe5xpgynmkfi57tfiog1xcl0074');
INSERT INTO metadata ( description, created_by, owner, oid, create_date, seq, type, remove, site_master, locked_by, entity_domain, last_updated_by, last_update_date, key_name) VALUES ('0spg90h07a712ttaf4ygm5ivlcm8l1ih0287', '000000000000000000000000000000100060', '000000000000000000000000000000100060', '0jqq6fd2kxe5xpgynmkfi57tfiog1xcl0074', '2014-02-10 12:13:54', 4273, 'com.runwaysdk.system.metadata.MdAttributeBoolean', 1, 'www.runwaysdk.com', NULL, NULL, '000000000000000000000000000000100060', '2014-02-10 12:13:54', 'com.runwaysdk.system.scheduler.AbstractJob.startOnCreate');
ALTER TABLE abstract_job ADD COLUMN start_on_create  int;
INSERT INTO class_attribute_concrete ( oid, parent_oid, child_oid) VALUES ('8exyef45jwpn53qybqipuf5lrz43oxjr0245', '0fnj9qgoapxjygna1zbnrdk7vm5ciijy0058', '0jqq6fd2kxe5xpgynmkfi57tfiog1xcl0074');
INSERT INTO class_attribute ( oid, parent_oid, child_oid) VALUES ('8exyef45jwpn53qybqipuf5lrz43oxjr0245', '0fnj9qgoapxjygna1zbnrdk7vm5ciijy0058', '0jqq6fd2kxe5xpgynmkfi57tfiog1xcl0074');
INSERT INTO metadata_relationship ( entity_domain, site_master, last_updated_by, oid, owner, locked_by, create_date, type, created_by, seq, key_name, last_update_date, parent_oid, child_oid) VALUES (NULL, 'www.runwaysdk.com', '000000000000000000000000000000100060', '8exyef45jwpn53qybqipuf5lrz43oxjr0245', '000000000000000000000000000000100060', NULL, '2014-02-10 12:13:54', 'com.runwaysdk.system.metadata.ClassAttributeConcrete', '000000000000000000000000000000100060', 4274, 'com.runwaysdk.system.scheduler.AbstractJob.startOnCreate', '2014-02-10 12:13:54', '0fnj9qgoapxjygna1zbnrdk7vm5ciijy0058', '0jqq6fd2kxe5xpgynmkfi57tfiog1xcl0074');
INSERT INTO metadata_display_label ( default_locale, oid, site_master, key_name) VALUES ('false', 'znctkaxg2wvnn0xjt3ofax3lt388q8gv0287', 'www.runwaysdk.com', 'znctkaxg2wvnn0xjt3ofax3lt388q8gv0287');
INSERT INTO metadata_display_label ( default_locale, oid, site_master, key_name) VALUES ('true', '00w85n2bnddsmdpexrghgz3ne61ml0h00287', 'www.runwaysdk.com', '00w85n2bnddsmdpexrghgz3ne61ml0h00287');
 INSERT INTO visibilitymodifier (set_id, item_id)  VALUES  ('sqjp46lxjz7zdyxgg43armsrasxj59zc', '20071109NM00000000000000000000050113');
INSERT INTO metadata_display_label ( default_locale, oid, site_master, key_name) VALUES ('Cancelable', '2bflrrkl872qqwowwsc8dwcfqb9ejbpx0287', 'www.runwaysdk.com', '2bflrrkl872qqwowwsc8dwcfqb9ejbpx0287');
 INSERT INTO visibilitymodifier (set_id, item_id)  VALUES  ('qprn0vym740bmdu5x67plv168p2p64n7', '20071109NM00000000000000000000050113');
 INSERT INTO md_attribute_indicies (set_id, item_id)  VALUES  ('ss4w6esr3rk0yrirt34kbszbjakr7ise', '000000000000000000000000000004010085');
INSERT INTO metadata_display_label ( default_locale, oid, site_master, key_name) VALUES ('Cancelable', '09w2gaehrc38awgcxk58wvzeii8njo1k0287', 'www.runwaysdk.com', '09w2gaehrc38awgcxk58wvzeii8njo1k0287');
INSERT INTO md_attribute_boolean ( negative_display_label, default_value, positive_display_label, oid) VALUES ('znctkaxg2wvnn0xjt3ofax3lt388q8gv0287', 0, '00w85n2bnddsmdpexrghgz3ne61ml0h00287', 'stulihh05jwj7e2lu1y6nv8nyfvimo150074');
INSERT INTO md_attribute_primitive ( oid) VALUES ('stulihh05jwj7e2lu1y6nv8nyfvimo150074');
INSERT INTO md_attribute_concrete ( column_name, defining_md_class, setter_visibility, setter_visibility_c, immutable, index_name, generate_accessor, system, required, display_label, getter_visibility, getter_visibility_c, index_type, index_type_c, attribute_name, oid) VALUES ('cancelable', '0fnj9qgoapxjygna1zbnrdk7vm5ciijy0058', 'sqjp46lxjz7zdyxgg43armsrasxj59zc', '20071109NM00000000000000000000050113', 0, 'a801om0rai1cxx0c08406ic2lwvzt2', 1, 0, 1, '2bflrrkl872qqwowwsc8dwcfqb9ejbpx0287', 'qprn0vym740bmdu5x67plv168p2p64n7', '20071109NM00000000000000000000050113', 'ss4w6esr3rk0yrirt34kbszbjakr7ise', '000000000000000000000000000004010085', 'cancelable', 'stulihh05jwj7e2lu1y6nv8nyfvimo150074');
INSERT INTO md_attribute ( oid) VALUES ('stulihh05jwj7e2lu1y6nv8nyfvimo150074');
INSERT INTO metadata ( description, created_by, owner, oid, create_date, seq, type, remove, site_master, locked_by, entity_domain, last_updated_by, last_update_date, key_name) VALUES ('09w2gaehrc38awgcxk58wvzeii8njo1k0287', '000000000000000000000000000000100060', '000000000000000000000000000000100060', 'stulihh05jwj7e2lu1y6nv8nyfvimo150074', '2014-02-10 12:13:54', 4275, 'com.runwaysdk.system.metadata.MdAttributeBoolean', 1, 'www.runwaysdk.com', NULL, NULL, '000000000000000000000000000000100060', '2014-02-10 12:13:54', 'com.runwaysdk.system.scheduler.AbstractJob.cancelable');
ALTER TABLE abstract_job ADD COLUMN cancelable  int;
INSERT INTO class_attribute_concrete ( oid, parent_oid, child_oid) VALUES ('qr6pcu86pavnps7ezig8cizanetk0iy00245', '0fnj9qgoapxjygna1zbnrdk7vm5ciijy0058', 'stulihh05jwj7e2lu1y6nv8nyfvimo150074');
INSERT INTO class_attribute ( oid, parent_oid, child_oid) VALUES ('qr6pcu86pavnps7ezig8cizanetk0iy00245', '0fnj9qgoapxjygna1zbnrdk7vm5ciijy0058', 'stulihh05jwj7e2lu1y6nv8nyfvimo150074');
INSERT INTO metadata_relationship ( entity_domain, site_master, last_updated_by, oid, owner, locked_by, create_date, type, created_by, seq, key_name, last_update_date, parent_oid, child_oid) VALUES (NULL, 'www.runwaysdk.com', '000000000000000000000000000000100060', 'qr6pcu86pavnps7ezig8cizanetk0iy00245', '000000000000000000000000000000100060', NULL, '2014-02-10 12:13:54', 'com.runwaysdk.system.metadata.ClassAttributeConcrete', '000000000000000000000000000000100060', 4276, 'com.runwaysdk.system.scheduler.AbstractJob.cancelable', '2014-02-10 12:13:54', '0fnj9qgoapxjygna1zbnrdk7vm5ciijy0058', 'stulihh05jwj7e2lu1y6nv8nyfvimo150074');
INSERT INTO metadata_display_label ( default_locale, oid, site_master, key_name) VALUES ('false', 'zgczul5atkd370delakgyo7ad19lzw5q0287', 'www.runwaysdk.com', 'zgczul5atkd370delakgyo7ad19lzw5q0287');
INSERT INTO metadata_display_label ( default_locale, oid, site_master, key_name) VALUES ('true', '21g7vy3qdxrytw0tvtvurkpmfq7n87ny0287', 'www.runwaysdk.com', '21g7vy3qdxrytw0tvtvurkpmfq7n87ny0287');
 INSERT INTO visibilitymodifier (set_id, item_id)  VALUES  ('1nyw9tt709ims8on7glztuy5iro7kidr', '20071109NM00000000000000000000050113');
INSERT INTO metadata_display_label ( default_locale, oid, site_master, key_name) VALUES ('Canceled', 'sxwdimoi2hr7rmsoqgndaigsfr4rjvhy0287', 'www.runwaysdk.com', 'sxwdimoi2hr7rmsoqgndaigsfr4rjvhy0287');
 INSERT INTO visibilitymodifier (set_id, item_id)  VALUES  ('z7ulo1h7ndg9h7kjex4gik7mcsit1n2x', '20071109NM00000000000000000000050113');
 INSERT INTO md_attribute_indicies (set_id, item_id)  VALUES  ('xhr7yn00ga2tfjsqjp3es72ooqfgs0kj', '000000000000000000000000000004010085');
INSERT INTO metadata_display_label ( default_locale, oid, site_master, key_name) VALUES ('Canceled', '0e192539lm3mnjtt94jqft4f69ok1xhc0287', 'www.runwaysdk.com', '0e192539lm3mnjtt94jqft4f69ok1xhc0287');
INSERT INTO md_attribute_boolean ( negative_display_label, default_value, positive_display_label, oid) VALUES ('zgczul5atkd370delakgyo7ad19lzw5q0287', 0, '21g7vy3qdxrytw0tvtvurkpmfq7n87ny0287', '25q4ui5xj819gauulaqompxmrhw2kabb0074');
INSERT INTO md_attribute_primitive ( oid) VALUES ('25q4ui5xj819gauulaqompxmrhw2kabb0074');
INSERT INTO md_attribute_concrete ( column_name, defining_md_class, setter_visibility, setter_visibility_c, immutable, index_name, generate_accessor, system, required, display_label, getter_visibility, getter_visibility_c, index_type, index_type_c, attribute_name, oid) VALUES ('canceled', '0fnj9qgoapxjygna1zbnrdk7vm5ciijy0058', '1nyw9tt709ims8on7glztuy5iro7kidr', '20071109NM00000000000000000000050113', 0, 'ac7rkwyuynhiye8ru5njm6q2n6q64b', 1, 0, 1, 'sxwdimoi2hr7rmsoqgndaigsfr4rjvhy0287', 'z7ulo1h7ndg9h7kjex4gik7mcsit1n2x', '20071109NM00000000000000000000050113', 'xhr7yn00ga2tfjsqjp3es72ooqfgs0kj', '000000000000000000000000000004010085', 'canceled', '25q4ui5xj819gauulaqompxmrhw2kabb0074');
INSERT INTO md_attribute ( oid) VALUES ('25q4ui5xj819gauulaqompxmrhw2kabb0074');
INSERT INTO metadata ( description, created_by, owner, oid, create_date, seq, type, remove, site_master, locked_by, entity_domain, last_updated_by, last_update_date, key_name) VALUES ('0e192539lm3mnjtt94jqft4f69ok1xhc0287', '000000000000000000000000000000100060', '000000000000000000000000000000100060', '25q4ui5xj819gauulaqompxmrhw2kabb0074', '2014-02-10 12:13:54', 4277, 'com.runwaysdk.system.metadata.MdAttributeBoolean', 1, 'www.runwaysdk.com', NULL, NULL, '000000000000000000000000000000100060', '2014-02-10 12:13:54', 'com.runwaysdk.system.scheduler.AbstractJob.canceled');
ALTER TABLE abstract_job ADD COLUMN canceled  int;
INSERT INTO class_attribute_concrete ( oid, parent_oid, child_oid) VALUES ('x9t1esvd5hdrlykghg1do55jh5lpmikf0245', '0fnj9qgoapxjygna1zbnrdk7vm5ciijy0058', '25q4ui5xj819gauulaqompxmrhw2kabb0074');
INSERT INTO class_attribute ( oid, parent_oid, child_oid) VALUES ('x9t1esvd5hdrlykghg1do55jh5lpmikf0245', '0fnj9qgoapxjygna1zbnrdk7vm5ciijy0058', '25q4ui5xj819gauulaqompxmrhw2kabb0074');
INSERT INTO metadata_relationship ( entity_domain, site_master, last_updated_by, oid, owner, locked_by, create_date, type, created_by, seq, key_name, last_update_date, parent_oid, child_oid) VALUES (NULL, 'www.runwaysdk.com', '000000000000000000000000000000100060', 'x9t1esvd5hdrlykghg1do55jh5lpmikf0245', '000000000000000000000000000000100060', NULL, '2014-02-10 12:13:54', 'com.runwaysdk.system.metadata.ClassAttributeConcrete', '000000000000000000000000000000100060', 4278, 'com.runwaysdk.system.scheduler.AbstractJob.canceled', '2014-02-10 12:13:54', '0fnj9qgoapxjygna1zbnrdk7vm5ciijy0058', '25q4ui5xj819gauulaqompxmrhw2kabb0074');
INSERT INTO metadata_display_label ( default_locale, oid, site_master, key_name) VALUES ('false', '0ad394v2vpjfw5yvoc6e1hlewx6kgkul0287', 'www.runwaysdk.com', '0ad394v2vpjfw5yvoc6e1hlewx6kgkul0287');
INSERT INTO metadata_display_label ( default_locale, oid, site_master, key_name) VALUES ('true', 'xqk3dn7cvt8b4qxs2ypci1vjrg25fhft0287', 'www.runwaysdk.com', 'xqk3dn7cvt8b4qxs2ypci1vjrg25fhft0287');
 INSERT INTO visibilitymodifier (set_id, item_id)  VALUES  ('0mlz3gfniqnj3mzpbsewgsy65tu9718j', '20071109NM00000000000000000000050113');
INSERT INTO metadata_display_label ( default_locale, oid, site_master, key_name) VALUES ('Running', '0pkmnn9x6gev93nn9xrd14yefayfiek90287', 'www.runwaysdk.com', '0pkmnn9x6gev93nn9xrd14yefayfiek90287');
 INSERT INTO visibilitymodifier (set_id, item_id)  VALUES  ('sq9flr9c5l43dbp4iajrry5icilzsceg', '20071109NM00000000000000000000050113');
 INSERT INTO md_attribute_indicies (set_id, item_id)  VALUES  ('z1z7fi50bi514rixodggzp478fdgzr58', '000000000000000000000000000004010085');
INSERT INTO metadata_display_label ( default_locale, oid, site_master, key_name) VALUES ('Running', '8kxp8ea2vm4la85n1qujpd6yn1x6lz1e0287', 'www.runwaysdk.com', '8kxp8ea2vm4la85n1qujpd6yn1x6lz1e0287');
INSERT INTO md_attribute_boolean ( negative_display_label, default_value, positive_display_label, oid) VALUES ('0ad394v2vpjfw5yvoc6e1hlewx6kgkul0287', 0, 'xqk3dn7cvt8b4qxs2ypci1vjrg25fhft0287', 'y0kxd2fujadac3om2beynhcbhkc8i86i0074');
INSERT INTO md_attribute_primitive ( oid) VALUES ('y0kxd2fujadac3om2beynhcbhkc8i86i0074');
INSERT INTO md_attribute_concrete ( column_name, defining_md_class, setter_visibility, setter_visibility_c, immutable, index_name, generate_accessor, system, required, display_label, getter_visibility, getter_visibility_c, index_type, index_type_c, attribute_name, oid) VALUES ('running', '0fnj9qgoapxjygna1zbnrdk7vm5ciijy0058', '0mlz3gfniqnj3mzpbsewgsy65tu9718j', '20071109NM00000000000000000000050113', 0, 'asx8vptplare26s5d9icqtkhxncjku', 1, 0, 1, '0pkmnn9x6gev93nn9xrd14yefayfiek90287', 'sq9flr9c5l43dbp4iajrry5icilzsceg', '20071109NM00000000000000000000050113', 'z1z7fi50bi514rixodggzp478fdgzr58', '000000000000000000000000000004010085', 'running', 'y0kxd2fujadac3om2beynhcbhkc8i86i0074');
INSERT INTO md_attribute ( oid) VALUES ('y0kxd2fujadac3om2beynhcbhkc8i86i0074');
INSERT INTO metadata ( description, created_by, owner, oid, create_date, seq, type, remove, site_master, locked_by, entity_domain, last_updated_by, last_update_date, key_name) VALUES ('8kxp8ea2vm4la85n1qujpd6yn1x6lz1e0287', '000000000000000000000000000000100060', '000000000000000000000000000000100060', 'y0kxd2fujadac3om2beynhcbhkc8i86i0074', '2014-02-10 12:13:54', 4279, 'com.runwaysdk.system.metadata.MdAttributeBoolean', 1, 'www.runwaysdk.com', NULL, NULL, '000000000000000000000000000000100060', '2014-02-10 12:13:54', 'com.runwaysdk.system.scheduler.AbstractJob.running');
ALTER TABLE abstract_job ADD COLUMN running  int;
INSERT INTO class_attribute_concrete ( oid, parent_oid, child_oid) VALUES ('6z731n8kiz0w15uhyo2n0h1xepjnt17y0245', '0fnj9qgoapxjygna1zbnrdk7vm5ciijy0058', 'y0kxd2fujadac3om2beynhcbhkc8i86i0074');
INSERT INTO class_attribute ( oid, parent_oid, child_oid) VALUES ('6z731n8kiz0w15uhyo2n0h1xepjnt17y0245', '0fnj9qgoapxjygna1zbnrdk7vm5ciijy0058', 'y0kxd2fujadac3om2beynhcbhkc8i86i0074');
INSERT INTO metadata_relationship ( entity_domain, site_master, last_updated_by, oid, owner, locked_by, create_date, type, created_by, seq, key_name, last_update_date, parent_oid, child_oid) VALUES (NULL, 'www.runwaysdk.com', '000000000000000000000000000000100060', '6z731n8kiz0w15uhyo2n0h1xepjnt17y0245', '000000000000000000000000000000100060', NULL, '2014-02-10 12:13:54', 'com.runwaysdk.system.metadata.ClassAttributeConcrete', '000000000000000000000000000000100060', 4280, 'com.runwaysdk.system.scheduler.AbstractJob.running', '2014-02-10 12:13:54', '0fnj9qgoapxjygna1zbnrdk7vm5ciijy0058', 'y0kxd2fujadac3om2beynhcbhkc8i86i0074');
 INSERT INTO visibilitymodifier (set_id, item_id)  VALUES  ('8hbd7t9y8sdw2zr57tpc6v04de5wl0ci', '20071109NM00000000000000000000050113');
INSERT INTO metadata_display_label ( default_locale, oid, site_master, key_name) VALUES ('Max Retries', 'xl2164cejd40w8t8y104jx42l5mtzmf80287', 'www.runwaysdk.com', 'xl2164cejd40w8t8y104jx42l5mtzmf80287');
 INSERT INTO visibilitymodifier (set_id, item_id)  VALUES  ('zcz4prbt814qwuq46lb40yaros1k9k17', '20071109NM00000000000000000000050113');
 INSERT INTO md_attribute_indicies (set_id, item_id)  VALUES  ('73q2c8mixka6qyg6tn7jyi477hp8a93l', '000000000000000000000000000004010085');
INSERT INTO metadata_display_label ( default_locale, oid, site_master, key_name) VALUES ('Max Retries', '0ohpwifmvct56mooa2i0fv7s62havp8b0287', 'www.runwaysdk.com', '0ohpwifmvct56mooa2i0fv7s62havp8b0287');
INSERT INTO md_attribute_integer ( start_range, default_value, end_range, oid) VALUES (NULL, NULL, NULL, 'zncr6whvppf4auqpzfnb2wonimgvwhw000000000000000000000000000000332');
INSERT INTO md_attribute_int ( oid) VALUES ('zncr6whvppf4auqpzfnb2wonimgvwhw000000000000000000000000000000332');
INSERT INTO md_attribute_number ( reject_negative, reject_zero, reject_positive, oid) VALUES (1, 0, 0, 'zncr6whvppf4auqpzfnb2wonimgvwhw000000000000000000000000000000332');
INSERT INTO md_attribute_primitive ( oid) VALUES ('zncr6whvppf4auqpzfnb2wonimgvwhw000000000000000000000000000000332');
INSERT INTO md_attribute_concrete ( column_name, defining_md_class, setter_visibility, setter_visibility_c, immutable, index_name, generate_accessor, system, required, display_label, getter_visibility, getter_visibility_c, index_type, index_type_c, attribute_name, oid) VALUES ('max_retries', '0fnj9qgoapxjygna1zbnrdk7vm5ciijy0058', '8hbd7t9y8sdw2zr57tpc6v04de5wl0ci', '20071109NM00000000000000000000050113', 0, 'ag95243ir4hw1lc26a6s1pgrqjqgot', 1, 0, 0, 'xl2164cejd40w8t8y104jx42l5mtzmf80287', 'zcz4prbt814qwuq46lb40yaros1k9k17', '20071109NM00000000000000000000050113', '73q2c8mixka6qyg6tn7jyi477hp8a93l', '000000000000000000000000000004010085', 'maxRetries', 'zncr6whvppf4auqpzfnb2wonimgvwhw000000000000000000000000000000332');
INSERT INTO md_attribute ( oid) VALUES ('zncr6whvppf4auqpzfnb2wonimgvwhw000000000000000000000000000000332');
INSERT INTO metadata ( description, created_by, owner, oid, create_date, seq, type, remove, site_master, locked_by, entity_domain, last_updated_by, last_update_date, key_name) VALUES ('0ohpwifmvct56mooa2i0fv7s62havp8b0287', '000000000000000000000000000000100060', '000000000000000000000000000000100060', 'zncr6whvppf4auqpzfnb2wonimgvwhw000000000000000000000000000000332', '2014-02-10 12:13:54', 4281, 'com.runwaysdk.system.metadata.MdAttributeInteger', 1, 'www.runwaysdk.com', NULL, NULL, '000000000000000000000000000000100060', '2014-02-10 12:13:54', 'com.runwaysdk.system.scheduler.AbstractJob.maxRetries');
ALTER TABLE abstract_job ADD COLUMN max_retries  int;
INSERT INTO class_attribute_concrete ( oid, parent_oid, child_oid) VALUES ('2f522nxsywymjbxzr47cfufr42ea51u90245', '0fnj9qgoapxjygna1zbnrdk7vm5ciijy0058', 'zncr6whvppf4auqpzfnb2wonimgvwhw000000000000000000000000000000332');
INSERT INTO class_attribute ( oid, parent_oid, child_oid) VALUES ('2f522nxsywymjbxzr47cfufr42ea51u90245', '0fnj9qgoapxjygna1zbnrdk7vm5ciijy0058', 'zncr6whvppf4auqpzfnb2wonimgvwhw000000000000000000000000000000332');
INSERT INTO metadata_relationship ( entity_domain, site_master, last_updated_by, oid, owner, locked_by, create_date, type, created_by, seq, key_name, last_update_date, parent_oid, child_oid) VALUES (NULL, 'www.runwaysdk.com', '000000000000000000000000000000100060', '2f522nxsywymjbxzr47cfufr42ea51u90245', '000000000000000000000000000000100060', NULL, '2014-02-10 12:13:54', 'com.runwaysdk.system.metadata.ClassAttributeConcrete', '000000000000000000000000000000100060', 4282, 'com.runwaysdk.system.scheduler.AbstractJob.maxRetries', '2014-02-10 12:13:54', '0fnj9qgoapxjygna1zbnrdk7vm5ciijy0058', 'zncr6whvppf4auqpzfnb2wonimgvwhw000000000000000000000000000000332');
 INSERT INTO visibilitymodifier (set_id, item_id)  VALUES  ('6vqdetrfdomikjf8l5e4rfjdpg07lfez', '20071109NM00000000000000000000050113');
INSERT INTO metadata_display_label ( default_locale, oid, site_master, key_name) VALUES ('Retries', '20zanzw3vg4yflil9xx888qa9af3xyl80287', 'www.runwaysdk.com', '20zanzw3vg4yflil9xx888qa9af3xyl80287');
 INSERT INTO visibilitymodifier (set_id, item_id)  VALUES  ('6utkt9sfw19jifen43cqjut581lzitbn', '20071109NM00000000000000000000050113');
 INSERT INTO md_attribute_indicies (set_id, item_id)  VALUES  ('1v2k6xj6g9uu6u4iuakdj0q3v1t7v3pb', '000000000000000000000000000004010085');
INSERT INTO metadata_display_label ( default_locale, oid, site_master, key_name) VALUES ('Retries', '1rvqv7zxzlbwbqn7ytxzd7n4iuxmgv5w0287', 'www.runwaysdk.com', '1rvqv7zxzlbwbqn7ytxzd7n4iuxmgv5w0287');
INSERT INTO md_attribute_integer ( start_range, default_value, end_range, oid) VALUES (NULL, NULL, NULL, '78srpi6mazu9gxpfwxqqexyegp0ez8cf00000000000000000000000000000332');
INSERT INTO md_attribute_int ( oid) VALUES ('78srpi6mazu9gxpfwxqqexyegp0ez8cf00000000000000000000000000000332');
INSERT INTO md_attribute_number ( reject_negative, reject_zero, reject_positive, oid) VALUES (1, 0, 0, '78srpi6mazu9gxpfwxqqexyegp0ez8cf00000000000000000000000000000332');
INSERT INTO md_attribute_primitive ( oid) VALUES ('78srpi6mazu9gxpfwxqqexyegp0ez8cf00000000000000000000000000000332');
INSERT INTO md_attribute_concrete ( column_name, defining_md_class, setter_visibility, setter_visibility_c, immutable, index_name, generate_accessor, system, required, display_label, getter_visibility, getter_visibility_c, index_type, index_type_c, attribute_name, oid) VALUES ('retries', '0fnj9qgoapxjygna1zbnrdk7vm5ciijy0058', '6vqdetrfdomikjf8l5e4rfjdpg07lfez', '20071109NM00000000000000000000050113', 0, 'a0hlqwup85neemzsd3mu9whvcxi9vw', 1, 0, 0, '20zanzw3vg4yflil9xx888qa9af3xyl80287', '6utkt9sfw19jifen43cqjut581lzitbn', '20071109NM00000000000000000000050113', '1v2k6xj6g9uu6u4iuakdj0q3v1t7v3pb', '000000000000000000000000000004010085', 'retries', '78srpi6mazu9gxpfwxqqexyegp0ez8cf00000000000000000000000000000332');
INSERT INTO md_attribute ( oid) VALUES ('78srpi6mazu9gxpfwxqqexyegp0ez8cf00000000000000000000000000000332');
INSERT INTO metadata ( description, created_by, owner, oid, create_date, seq, type, remove, site_master, locked_by, entity_domain, last_updated_by, last_update_date, key_name) VALUES ('1rvqv7zxzlbwbqn7ytxzd7n4iuxmgv5w0287', '000000000000000000000000000000100060', '000000000000000000000000000000100060', '78srpi6mazu9gxpfwxqqexyegp0ez8cf00000000000000000000000000000332', '2014-02-10 12:13:54', 4283, 'com.runwaysdk.system.metadata.MdAttributeInteger', 1, 'www.runwaysdk.com', NULL, NULL, '000000000000000000000000000000100060', '2014-02-10 12:13:54', 'com.runwaysdk.system.scheduler.AbstractJob.retries');
ALTER TABLE abstract_job ADD COLUMN retries  int;
INSERT INTO class_attribute_concrete ( oid, parent_oid, child_oid) VALUES ('7f4r3xall0w13q3o73a15m72fa83s88j0245', '0fnj9qgoapxjygna1zbnrdk7vm5ciijy0058', '78srpi6mazu9gxpfwxqqexyegp0ez8cf00000000000000000000000000000332');
INSERT INTO class_attribute ( oid, parent_oid, child_oid) VALUES ('7f4r3xall0w13q3o73a15m72fa83s88j0245', '0fnj9qgoapxjygna1zbnrdk7vm5ciijy0058', '78srpi6mazu9gxpfwxqqexyegp0ez8cf00000000000000000000000000000332');
INSERT INTO metadata_relationship ( entity_domain, site_master, last_updated_by, oid, owner, locked_by, create_date, type, created_by, seq, key_name, last_update_date, parent_oid, child_oid) VALUES (NULL, 'www.runwaysdk.com', '000000000000000000000000000000100060', '7f4r3xall0w13q3o73a15m72fa83s88j0245', '000000000000000000000000000000100060', NULL, '2014-02-10 12:13:54', 'com.runwaysdk.system.metadata.ClassAttributeConcrete', '000000000000000000000000000000100060', 4284, 'com.runwaysdk.system.scheduler.AbstractJob.retries', '2014-02-10 12:13:54', '0fnj9qgoapxjygna1zbnrdk7vm5ciijy0058', '78srpi6mazu9gxpfwxqqexyegp0ez8cf00000000000000000000000000000332');
 INSERT INTO visibilitymodifier (set_id, item_id)  VALUES  ('1xi9lxtry36lwyavrqkumjja8x907cqq', '20071109NM00000000000000000000050113');
INSERT INTO metadata_display_label ( default_locale, oid, site_master, key_name) VALUES ('Timeout', 'y13aowsr7q110aqea420e16f69unaf7a0287', 'www.runwaysdk.com', 'y13aowsr7q110aqea420e16f69unaf7a0287');
 INSERT INTO visibilitymodifier (set_id, item_id)  VALUES  ('xlfavznue1pw72a37oja52wzc9s3y13x', '20071109NM00000000000000000000050113');
 INSERT INTO md_attribute_indicies (set_id, item_id)  VALUES  ('8u4u5o53xpu95rd7cudu2zao0dfl6s95', '000000000000000000000000000004010085');
INSERT INTO metadata_display_label ( default_locale, oid, site_master, key_name) VALUES ('Timeout', '6nt4kh9pwjs8c1yjq8dw0q14x9m8kqod0287', 'www.runwaysdk.com', '6nt4kh9pwjs8c1yjq8dw0q14x9m8kqod0287');
INSERT INTO md_attribute_long ( end_range, default_value, start_range, oid) VALUES (NULL, NULL, NULL, 'yz5jdl3l8yaxk1xzav00ctaygx9c8tgi0080');
INSERT INTO md_attribute_int ( oid) VALUES ('yz5jdl3l8yaxk1xzav00ctaygx9c8tgi0080');
INSERT INTO md_attribute_number ( reject_negative, reject_zero, reject_positive, oid) VALUES (1, 0, 0, 'yz5jdl3l8yaxk1xzav00ctaygx9c8tgi0080');
INSERT INTO md_attribute_primitive ( oid) VALUES ('yz5jdl3l8yaxk1xzav00ctaygx9c8tgi0080');
INSERT INTO md_attribute_concrete ( column_name, defining_md_class, setter_visibility, setter_visibility_c, immutable, index_name, generate_accessor, system, required, display_label, getter_visibility, getter_visibility_c, index_type, index_type_c, attribute_name, oid) VALUES ('timeout', '0fnj9qgoapxjygna1zbnrdk7vm5ciijy0058', '1xi9lxtry36lwyavrqkumjja8x907cqq', '20071109NM00000000000000000000050113', 0, 'akvpauskxd0n3m7y8ctnz54x7lztx9', 1, 0, 0, 'y13aowsr7q110aqea420e16f69unaf7a0287', 'xlfavznue1pw72a37oja52wzc9s3y13x', '20071109NM00000000000000000000050113', '8u4u5o53xpu95rd7cudu2zao0dfl6s95', '000000000000000000000000000004010085', 'timeout', 'yz5jdl3l8yaxk1xzav00ctaygx9c8tgi0080');
INSERT INTO md_attribute ( oid) VALUES ('yz5jdl3l8yaxk1xzav00ctaygx9c8tgi0080');
INSERT INTO metadata ( description, created_by, owner, oid, create_date, seq, type, remove, site_master, locked_by, entity_domain, last_updated_by, last_update_date, key_name) VALUES ('6nt4kh9pwjs8c1yjq8dw0q14x9m8kqod0287', '000000000000000000000000000000100060', '000000000000000000000000000000100060', 'yz5jdl3l8yaxk1xzav00ctaygx9c8tgi0080', '2014-02-10 12:13:54', 4285, 'com.runwaysdk.system.metadata.MdAttributeLong', 1, 'www.runwaysdk.com', NULL, NULL, '000000000000000000000000000000100060', '2014-02-10 12:13:54', 'com.runwaysdk.system.scheduler.AbstractJob.timeout');
ALTER TABLE abstract_job ADD COLUMN timeout  bigint;
INSERT INTO class_attribute_concrete ( oid, parent_oid, child_oid) VALUES ('xjxgyon3uqhyigwtz5dsyoqu9mw0u16k0245', '0fnj9qgoapxjygna1zbnrdk7vm5ciijy0058', 'yz5jdl3l8yaxk1xzav00ctaygx9c8tgi0080');
INSERT INTO class_attribute ( oid, parent_oid, child_oid) VALUES ('xjxgyon3uqhyigwtz5dsyoqu9mw0u16k0245', '0fnj9qgoapxjygna1zbnrdk7vm5ciijy0058', 'yz5jdl3l8yaxk1xzav00ctaygx9c8tgi0080');
INSERT INTO metadata_relationship ( entity_domain, site_master, last_updated_by, oid, owner, locked_by, create_date, type, created_by, seq, key_name, last_update_date, parent_oid, child_oid) VALUES (NULL, 'www.runwaysdk.com', '000000000000000000000000000000100060', 'xjxgyon3uqhyigwtz5dsyoqu9mw0u16k0245', '000000000000000000000000000000100060', NULL, '2014-02-10 12:13:54', 'com.runwaysdk.system.metadata.ClassAttributeConcrete', '000000000000000000000000000000100060', 4286, 'com.runwaysdk.system.scheduler.AbstractJob.timeout', '2014-02-10 12:13:54', '0fnj9qgoapxjygna1zbnrdk7vm5ciijy0058', 'yz5jdl3l8yaxk1xzav00ctaygx9c8tgi0080');
 INSERT INTO visibilitymodifier (set_id, item_id)  VALUES  ('04c0idfxgbldvmihqct7qbh8sxf3162r', '20071109NM00000000000000000000050113');
INSERT INTO metadata_display_label ( default_locale, oid, site_master, key_name) VALUES ('Cron Expression', '8wuwyyn1ahu5takrzwdcimnrdp8ms9s00287', 'www.runwaysdk.com', '8wuwyyn1ahu5takrzwdcimnrdp8ms9s00287');
 INSERT INTO visibilitymodifier (set_id, item_id)  VALUES  ('6nid4sg9z9q3etzaw4mq8wqhlkcnmiec', '20071109NM00000000000000000000050113');
 INSERT INTO md_attribute_indicies (set_id, item_id)  VALUES  ('sboofnb7bb7hf2e2vbrex6ti7rb1yk27', '000000000000000000000000000004010085');
INSERT INTO metadata_display_label ( default_locale, oid, site_master, key_name) VALUES ('Cron Expression', 'sn37bg9gqzhwtthetg56jwg1ydlqrdc60287', 'www.runwaysdk.com', 'sn37bg9gqzhwtthetg56jwg1ydlqrdc60287');
INSERT INTO md_attribute_character ( default_value, database_size, oid) VALUES (NULL, 60, '28pjirwu8nu9g2f5e2j7i0umnm5crnpd0067');
INSERT INTO md_attribute_char ( oid) VALUES ('28pjirwu8nu9g2f5e2j7i0umnm5crnpd0067');
INSERT INTO md_attribute_primitive ( oid) VALUES ('28pjirwu8nu9g2f5e2j7i0umnm5crnpd0067');
INSERT INTO md_attribute_concrete ( column_name, defining_md_class, setter_visibility, setter_visibility_c, immutable, index_name, generate_accessor, system, required, display_label, getter_visibility, getter_visibility_c, index_type, index_type_c, attribute_name, oid) VALUES ('cron_expression', '0fnj9qgoapxjygna1zbnrdk7vm5ciijy0058', '04c0idfxgbldvmihqct7qbh8sxf3162r', '20071109NM00000000000000000000050113', 0, 'ab5txjihdbgpfyp3isbrm1yus893jy', 1, 0, 0, '8wuwyyn1ahu5takrzwdcimnrdp8ms9s00287', '6nid4sg9z9q3etzaw4mq8wqhlkcnmiec', '20071109NM00000000000000000000050113', 'sboofnb7bb7hf2e2vbrex6ti7rb1yk27', '000000000000000000000000000004010085', 'cronExpression', '28pjirwu8nu9g2f5e2j7i0umnm5crnpd0067');
INSERT INTO md_attribute ( oid) VALUES ('28pjirwu8nu9g2f5e2j7i0umnm5crnpd0067');
INSERT INTO metadata ( description, created_by, owner, oid, create_date, seq, type, remove, site_master, locked_by, entity_domain, last_updated_by, last_update_date, key_name) VALUES ('sn37bg9gqzhwtthetg56jwg1ydlqrdc60287', '000000000000000000000000000000100060', '000000000000000000000000000000100060', '28pjirwu8nu9g2f5e2j7i0umnm5crnpd0067', '2014-02-10 12:13:54', 4287, 'com.runwaysdk.system.metadata.MdAttributeCharacter', 1, 'www.runwaysdk.com', NULL, NULL, '000000000000000000000000000000100060', '2014-02-10 12:13:54', 'com.runwaysdk.system.scheduler.AbstractJob.cronExpression');
ALTER TABLE abstract_job ADD COLUMN cron_expression  varchar(60);
INSERT INTO class_attribute_concrete ( oid, parent_oid, child_oid) VALUES ('0n7h4qme48dz9mn2d49anurs0p8cns7o0245', '0fnj9qgoapxjygna1zbnrdk7vm5ciijy0058', '28pjirwu8nu9g2f5e2j7i0umnm5crnpd0067');
INSERT INTO class_attribute ( oid, parent_oid, child_oid) VALUES ('0n7h4qme48dz9mn2d49anurs0p8cns7o0245', '0fnj9qgoapxjygna1zbnrdk7vm5ciijy0058', '28pjirwu8nu9g2f5e2j7i0umnm5crnpd0067');
INSERT INTO metadata_relationship ( entity_domain, site_master, last_updated_by, oid, owner, locked_by, create_date, type, created_by, seq, key_name, last_update_date, parent_oid, child_oid) VALUES (NULL, 'www.runwaysdk.com', '000000000000000000000000000000100060', '0n7h4qme48dz9mn2d49anurs0p8cns7o0245', '000000000000000000000000000000100060', NULL, '2014-02-10 12:13:54', 'com.runwaysdk.system.metadata.ClassAttributeConcrete', '000000000000000000000000000000100060', 4288, 'com.runwaysdk.system.scheduler.AbstractJob.cronExpression', '2014-02-10 12:13:54', '0fnj9qgoapxjygna1zbnrdk7vm5ciijy0058', '28pjirwu8nu9g2f5e2j7i0umnm5crnpd0067');
 INSERT INTO visibilitymodifier (set_id, item_id)  VALUES  ('xvdcee24ugyokapxv458h2vw8ehszdd8', '20071109NM00000000000000000000050113');
INSERT INTO metadata_display_label ( default_locale, oid, site_master, key_name) VALUES ('Start Time', 'spwcgybpplzyrstg3zkcy3h111pcbut00287', 'www.runwaysdk.com', 'spwcgybpplzyrstg3zkcy3h111pcbut00287');
 INSERT INTO visibilitymodifier (set_id, item_id)  VALUES  ('8dufa528zjmfgt9v5diz3okfm1hii7qt', '20071109NM00000000000000000000050113');
 INSERT INTO md_attribute_indicies (set_id, item_id)  VALUES  ('sjjbdqy2002wuwmevhqcwl7hu1a114us', '000000000000000000000000000004010085');
INSERT INTO metadata_display_label ( default_locale, oid, site_master, key_name) VALUES ('Start Time', '0s3e73bpl3nqzz5hpfwxz75ndrio76oy0287', 'www.runwaysdk.com', '0s3e73bpl3nqzz5hpfwxz75ndrio76oy0287');
INSERT INTO md_attribute_datetime ( default_value, oid) VALUES (NULL, '8u9ho3osfqp3f0yrzsrkui515z7ifln30082');
INSERT INTO md_attribute_moment ( oid) VALUES ('8u9ho3osfqp3f0yrzsrkui515z7ifln30082');
INSERT INTO md_attribute_primitive ( oid) VALUES ('8u9ho3osfqp3f0yrzsrkui515z7ifln30082');
INSERT INTO md_attribute_concrete ( column_name, defining_md_class, setter_visibility, setter_visibility_c, immutable, index_name, generate_accessor, system, required, display_label, getter_visibility, getter_visibility_c, index_type, index_type_c, attribute_name, oid) VALUES ('start_time', '0fnj9qgoapxjygna1zbnrdk7vm5ciijy0058', 'xvdcee24ugyokapxv458h2vw8ehszdd8', '20071109NM00000000000000000000050113', 0, 'atip6a46g3tknuuxqvqnapqtvegr9v', 1, 0, 0, 'spwcgybpplzyrstg3zkcy3h111pcbut00287', '8dufa528zjmfgt9v5diz3okfm1hii7qt', '20071109NM00000000000000000000050113', 'sjjbdqy2002wuwmevhqcwl7hu1a114us', '000000000000000000000000000004010085', 'startTime', '8u9ho3osfqp3f0yrzsrkui515z7ifln30082');
INSERT INTO md_attribute ( oid) VALUES ('8u9ho3osfqp3f0yrzsrkui515z7ifln30082');
INSERT INTO metadata ( description, created_by, owner, oid, create_date, seq, type, remove, site_master, locked_by, entity_domain, last_updated_by, last_update_date, key_name) VALUES ('0s3e73bpl3nqzz5hpfwxz75ndrio76oy0287', '000000000000000000000000000000100060', '000000000000000000000000000000100060', '8u9ho3osfqp3f0yrzsrkui515z7ifln30082', '2014-02-10 12:13:54', 4289, 'com.runwaysdk.system.metadata.MdAttributeDateTime', 1, 'www.runwaysdk.com', NULL, NULL, '000000000000000000000000000000100060', '2014-02-10 12:13:54', 'com.runwaysdk.system.scheduler.AbstractJob.startTime');
ALTER TABLE abstract_job ADD COLUMN start_time  timestamp;
INSERT INTO class_attribute_concrete ( oid, parent_oid, child_oid) VALUES ('sxqzyxwp0mc0338ranlcvkxstdgs1fbp0245', '0fnj9qgoapxjygna1zbnrdk7vm5ciijy0058', '8u9ho3osfqp3f0yrzsrkui515z7ifln30082');
INSERT INTO class_attribute ( oid, parent_oid, child_oid) VALUES ('sxqzyxwp0mc0338ranlcvkxstdgs1fbp0245', '0fnj9qgoapxjygna1zbnrdk7vm5ciijy0058', '8u9ho3osfqp3f0yrzsrkui515z7ifln30082');
INSERT INTO metadata_relationship ( entity_domain, site_master, last_updated_by, oid, owner, locked_by, create_date, type, created_by, seq, key_name, last_update_date, parent_oid, child_oid) VALUES (NULL, 'www.runwaysdk.com', '000000000000000000000000000000100060', 'sxqzyxwp0mc0338ranlcvkxstdgs1fbp0245', '000000000000000000000000000000100060', NULL, '2014-02-10 12:13:54', 'com.runwaysdk.system.metadata.ClassAttributeConcrete', '000000000000000000000000000000100060', 4290, 'com.runwaysdk.system.scheduler.AbstractJob.startTime', '2014-02-10 12:13:54', '0fnj9qgoapxjygna1zbnrdk7vm5ciijy0058', '8u9ho3osfqp3f0yrzsrkui515z7ifln30082');
 INSERT INTO visibilitymodifier (set_id, item_id)  VALUES  ('72r03qr1maowh9k5s0z7cthznzlryhwh', '20071109NM00000000000000000000050113');
INSERT INTO metadata_display_label ( default_locale, oid, site_master, key_name) VALUES ('End Time', 'stjpqr67x2v8uz2dc7cd6izbe84emz6m0287', 'www.runwaysdk.com', 'stjpqr67x2v8uz2dc7cd6izbe84emz6m0287');
 INSERT INTO visibilitymodifier (set_id, item_id)  VALUES  ('sqthvs70clbb93562pvxo9901dxv8eky', '20071109NM00000000000000000000050113');
 INSERT INTO md_attribute_indicies (set_id, item_id)  VALUES  ('swxary57ksmcou9dej400khuegfsin7j', '000000000000000000000000000004010085');
INSERT INTO metadata_display_label ( default_locale, oid, site_master, key_name) VALUES ('End Time', '6t70d87ff8tcigmfhs0milq49anpy8u70287', 'www.runwaysdk.com', '6t70d87ff8tcigmfhs0milq49anpy8u70287');
INSERT INTO md_attribute_datetime ( default_value, oid) VALUES (NULL, '8p3t187ar11jnbbe2udc2mklz6oe6eac0082');
INSERT INTO md_attribute_moment ( oid) VALUES ('8p3t187ar11jnbbe2udc2mklz6oe6eac0082');
INSERT INTO md_attribute_primitive ( oid) VALUES ('8p3t187ar11jnbbe2udc2mklz6oe6eac0082');
INSERT INTO md_attribute_concrete ( column_name, defining_md_class, setter_visibility, setter_visibility_c, immutable, index_name, generate_accessor, system, required, display_label, getter_visibility, getter_visibility_c, index_type, index_type_c, attribute_name, oid) VALUES ('end_time', '0fnj9qgoapxjygna1zbnrdk7vm5ciijy0058', '72r03qr1maowh9k5s0z7cthznzlryhwh', '20071109NM00000000000000000000050113', 0, 'ab4wcfxmpmhlmhxxp47utzlfpiadum', 1, 0, 0, 'stjpqr67x2v8uz2dc7cd6izbe84emz6m0287', 'sqthvs70clbb93562pvxo9901dxv8eky', '20071109NM00000000000000000000050113', 'swxary57ksmcou9dej400khuegfsin7j', '000000000000000000000000000004010085', 'endTime', '8p3t187ar11jnbbe2udc2mklz6oe6eac0082');
INSERT INTO md_attribute ( oid) VALUES ('8p3t187ar11jnbbe2udc2mklz6oe6eac0082');
INSERT INTO metadata ( description, created_by, owner, oid, create_date, seq, type, remove, site_master, locked_by, entity_domain, last_updated_by, last_update_date, key_name) VALUES ('6t70d87ff8tcigmfhs0milq49anpy8u70287', '000000000000000000000000000000100060', '000000000000000000000000000000100060', '8p3t187ar11jnbbe2udc2mklz6oe6eac0082', '2014-02-10 12:13:54', 4291, 'com.runwaysdk.system.metadata.MdAttributeDateTime', 1, 'www.runwaysdk.com', NULL, NULL, '000000000000000000000000000000100060', '2014-02-10 12:13:54', 'com.runwaysdk.system.scheduler.AbstractJob.endTime');
ALTER TABLE abstract_job ADD COLUMN end_time  timestamp;
INSERT INTO class_attribute_concrete ( oid, parent_oid, child_oid) VALUES ('z3yf4l01qoaxubfntqlfc2mljs6m5a9p0245', '0fnj9qgoapxjygna1zbnrdk7vm5ciijy0058', '8p3t187ar11jnbbe2udc2mklz6oe6eac0082');
INSERT INTO class_attribute ( oid, parent_oid, child_oid) VALUES ('z3yf4l01qoaxubfntqlfc2mljs6m5a9p0245', '0fnj9qgoapxjygna1zbnrdk7vm5ciijy0058', '8p3t187ar11jnbbe2udc2mklz6oe6eac0082');
INSERT INTO metadata_relationship ( entity_domain, site_master, last_updated_by, oid, owner, locked_by, create_date, type, created_by, seq, key_name, last_update_date, parent_oid, child_oid) VALUES (NULL, 'www.runwaysdk.com', '000000000000000000000000000000100060', 'z3yf4l01qoaxubfntqlfc2mljs6m5a9p0245', '000000000000000000000000000000100060', NULL, '2014-02-10 12:13:54', 'com.runwaysdk.system.metadata.ClassAttributeConcrete', '000000000000000000000000000000100060', 4292, 'com.runwaysdk.system.scheduler.AbstractJob.endTime', '2014-02-10 12:13:54', '0fnj9qgoapxjygna1zbnrdk7vm5ciijy0058', '8p3t187ar11jnbbe2udc2mklz6oe6eac0082');
 INSERT INTO visibilitymodifier (set_id, item_id)  VALUES  ('8j6rcduoucm6ejubo42hl0z1lw0h2n1j', '20071109NM00000000000000000000050113');
INSERT INTO metadata_display_label ( default_locale, oid, site_master, key_name) VALUES ('Job Operation', 'sbsrpwi789o3kjuu7jk1vebcfaq1ktho0287', 'www.runwaysdk.com', 'sbsrpwi789o3kjuu7jk1vebcfaq1ktho0287');
 INSERT INTO visibilitymodifier (set_id, item_id)  VALUES  ('z8yvmjmvode1pq29efz1al7oijawynwa', '20071109NM00000000000000000000050113');
 INSERT INTO md_attribute_indicies (set_id, item_id)  VALUES  ('0m73mvy04j2g473v8hiiqrlnckh1gtvd', '000000000000000000000000000004010085');
INSERT INTO metadata_display_label ( default_locale, oid, site_master, key_name) VALUES ('The current Job Operation called on the Job.', '0n6h2aafaoemhxthox2wp2oaiyf65mlw0287', 'www.runwaysdk.com', '0n6h2aafaoemhxthox2wp2oaiyf65mlw0287');
INSERT INTO md_attribute_enumeration ( select_multiple, md_enumeration, default_value, cache_column_name, oid) VALUES (0, 'zph9q83yb3ematrlwta473t521piy1su0075', NULL, 'job_operation_c', 'szzb0q8oojv78hfuu4axc52t688pxbio0076');
INSERT INTO md_attribute_ref ( oid) VALUES ('szzb0q8oojv78hfuu4axc52t688pxbio0076');
INSERT INTO md_attribute_concrete ( column_name, defining_md_class, setter_visibility, setter_visibility_c, immutable, index_name, generate_accessor, system, required, display_label, getter_visibility, getter_visibility_c, index_type, index_type_c, attribute_name, oid) VALUES ('job_operation', '0fnj9qgoapxjygna1zbnrdk7vm5ciijy0058', '8j6rcduoucm6ejubo42hl0z1lw0h2n1j', '20071109NM00000000000000000000050113', 0, 'aka1iirm0qbxx7zrboa6kvqrjan1ol', 1, 0, 0, 'sbsrpwi789o3kjuu7jk1vebcfaq1ktho0287', 'z8yvmjmvode1pq29efz1al7oijawynwa', '20071109NM00000000000000000000050113', '0m73mvy04j2g473v8hiiqrlnckh1gtvd', '000000000000000000000000000004010085', 'jobOperation', 'szzb0q8oojv78hfuu4axc52t688pxbio0076');
INSERT INTO md_attribute ( oid) VALUES ('szzb0q8oojv78hfuu4axc52t688pxbio0076');
INSERT INTO metadata ( description, created_by, owner, oid, create_date, seq, type, remove, site_master, locked_by, entity_domain, last_updated_by, last_update_date, key_name) VALUES ('0n6h2aafaoemhxthox2wp2oaiyf65mlw0287', '000000000000000000000000000000100060', '000000000000000000000000000000100060', 'szzb0q8oojv78hfuu4axc52t688pxbio0076', '2014-02-10 12:13:54', 4293, 'com.runwaysdk.system.metadata.MdAttributeEnumeration', 1, 'www.runwaysdk.com', NULL, NULL, '000000000000000000000000000000100060', '2014-02-10 12:13:54', 'com.runwaysdk.system.scheduler.AbstractJob.jobOperation');
ALTER TABLE abstract_job ADD COLUMN job_operation  char(32);
ALTER TABLE abstract_job ADD COLUMN job_operation_c  text;
INSERT INTO class_attribute_concrete ( oid, parent_oid, child_oid) VALUES ('zh35r9v7ioamcpjuod4bblarbopn588l0245', '0fnj9qgoapxjygna1zbnrdk7vm5ciijy0058', 'szzb0q8oojv78hfuu4axc52t688pxbio0076');
INSERT INTO class_attribute ( oid, parent_oid, child_oid) VALUES ('zh35r9v7ioamcpjuod4bblarbopn588l0245', '0fnj9qgoapxjygna1zbnrdk7vm5ciijy0058', 'szzb0q8oojv78hfuu4axc52t688pxbio0076');
INSERT INTO metadata_relationship ( entity_domain, site_master, last_updated_by, oid, owner, locked_by, create_date, type, created_by, seq, key_name, last_update_date, parent_oid, child_oid) VALUES (NULL, 'www.runwaysdk.com', '000000000000000000000000000000100060', 'zh35r9v7ioamcpjuod4bblarbopn588l0245', '000000000000000000000000000000100060', NULL, '2014-02-10 12:13:54', 'com.runwaysdk.system.metadata.ClassAttributeConcrete', '000000000000000000000000000000100060', 4294, 'com.runwaysdk.system.scheduler.AbstractJob.jobOperation', '2014-02-10 12:13:54', '0fnj9qgoapxjygna1zbnrdk7vm5ciijy0058', 'szzb0q8oojv78hfuu4axc52t688pxbio0076');
 INSERT INTO class_cache (set_id, item_id)  VALUES  ('1px7wda9e0l77f2u9wf7zs7w39ydkahe', '000000000000000000000000000002300077');
INSERT INTO metadata_display_label ( default_locale, oid, site_master, key_name) VALUES ('Executable Job', 'zfhn142nhgc1vy5trdz645h8c3ov4r4c0287', 'www.runwaysdk.com', 'zfhn142nhgc1vy5trdz645h8c3ov4r4c0287');
INSERT INTO metadata_display_label ( default_locale, oid, site_master, key_name) VALUES ('Executable Job', 'yy3jjxnfqu3ipadd0mmi82moqcnvp2hi0287', 'www.runwaysdk.com', 'yy3jjxnfqu3ipadd0mmi82moqcnvp2hi0287');
INSERT INTO md_business ( cache_algorithm, cache_algorithm_c, super_md_business, oid) VALUES ('1px7wda9e0l77f2u9wf7zs7w39ydkahe', '000000000000000000000000000002300077', '0fnj9qgoapxjygna1zbnrdk7vm5ciijy0058', '8ndv254jvk1mw1rql6a4pqz9qbqvdzl40058');
INSERT INTO md_element ( extendable, is_abstract, oid) VALUES (1, 1, '8ndv254jvk1mw1rql6a4pqz9qbqvdzl40058');
INSERT INTO md_entity ( query_dto_source, query_source, cache_size, enforce_site_master, has_deterministic_ids, table_name, oid) VALUES (NULL, NULL, 0, 1, 0, 'executable_job', '8ndv254jvk1mw1rql6a4pqz9qbqvdzl40058');
INSERT INTO md_class ( publish, stub_dto_source, stub_source, oid) VALUES (1, NULL, NULL, '8ndv254jvk1mw1rql6a4pqz9qbqvdzl40058');
INSERT INTO md_type ( display_label, root_id, package_name, type_name, base_source, js_base, js_stub, exported, dto_source, oid) VALUES ('zfhn142nhgc1vy5trdz645h8c3ov4r4c0287', '8ndv254jvk1mw1rql6a4pqz9qbqvdzl4', 'com.runwaysdk.system.scheduler', 'ExecutableJob', NULL, NULL, NULL, 1, NULL, '8ndv254jvk1mw1rql6a4pqz9qbqvdzl40058');
INSERT INTO metadata ( description, created_by, owner, oid, create_date, seq, type, remove, site_master, locked_by, entity_domain, last_updated_by, last_update_date, key_name) VALUES ('yy3jjxnfqu3ipadd0mmi82moqcnvp2hi0287', '000000000000000000000000000000100060', '000000000000000000000000000000100060', '8ndv254jvk1mw1rql6a4pqz9qbqvdzl40058', '2014-02-10 12:13:54', 4295, 'com.runwaysdk.system.metadata.MdBusiness', 1, 'www.runwaysdk.com', NULL, NULL, '000000000000000000000000000000100060', '2014-02-10 12:13:54', 'com.runwaysdk.system.scheduler.ExecutableJob');
CREATE TABLE executable_job ( oid CHAR(64) NOT NULL PRIMARY KEY );
INSERT INTO metadata_display_label ( default_locale, oid, site_master, key_name) VALUES (NULL, '22jazbqjil854zombawb2qtea2ta33tr0287', 'www.runwaysdk.com', '22jazbqjil854zombawb2qtea2ta33tr0287');
INSERT INTO metadata_display_label ( default_locale, oid, site_master, key_name) VALUES (NULL, '0hyv72o8h31ig2ouz1l69tdzutxiebyd0287', 'www.runwaysdk.com', '0hyv72o8h31ig2ouz1l69tdzutxiebyd0287');
INSERT INTO md_controller ( stub_source, oid) VALUES (NULL, 'xjlv8mzrcwcgyqy6valc7urt4icyewpp0130');
INSERT INTO md_type ( display_label, root_id, package_name, type_name, base_source, js_base, js_stub, exported, dto_source, oid) VALUES ('22jazbqjil854zombawb2qtea2ta33tr0287', 'xjlv8mzrcwcgyqy6valc7urt4icyewpp', 'com.runwaysdk.system.scheduler', 'ExecutableJobController', NULL, NULL, NULL, 1, NULL, 'xjlv8mzrcwcgyqy6valc7urt4icyewpp0130');
INSERT INTO metadata ( description, created_by, owner, oid, create_date, seq, type, remove, site_master, locked_by, entity_domain, last_updated_by, last_update_date, key_name) VALUES ('0hyv72o8h31ig2ouz1l69tdzutxiebyd0287', '000000000000000000000000000000100060', '000000000000000000000000000000100060', 'xjlv8mzrcwcgyqy6valc7urt4icyewpp0130', '2014-02-10 12:13:54', 4296, 'com.runwaysdk.system.metadata.MdController', 1, 'www.runwaysdk.com', NULL, NULL, '000000000000000000000000000000100060', '2014-02-10 12:13:54', 'com.runwaysdk.system.scheduler.ExecutableJobController');
INSERT INTO metadata_display_label ( default_locale, oid, site_master, key_name) VALUES ('View Page', '79iek60nzz5sztwf63r8ccoal8y61kbz0287', 'www.runwaysdk.com', '79iek60nzz5sztwf63r8ccoal8y61kbz0287');
INSERT INTO metadata_display_label ( default_locale, oid, site_master, key_name) VALUES ('Loads a ViewAll query for a specific page into the request object', '1wn5auq4x4f7kntb6sdpo8q1kuodszon0287', 'www.runwaysdk.com', '1wn5auq4x4f7kntb6sdpo8q1kuodszon0287');
INSERT INTO md_action ( is_query, enclosing_md_controller, is_post, action_name, display_label, oid) VALUES (1, 'xjlv8mzrcwcgyqy6valc7urt4icyewpp0130', 0, 'viewPage', '79iek60nzz5sztwf63r8ccoal8y61kbz0287', 'sdt2c76ee9om1aa37wrs9eqqq1n8cwoy0131');
INSERT INTO metadata ( description, created_by, owner, oid, create_date, seq, type, remove, site_master, locked_by, entity_domain, last_updated_by, last_update_date, key_name) VALUES ('1wn5auq4x4f7kntb6sdpo8q1kuodszon0287', '000000000000000000000000000000100060', '000000000000000000000000000000100060', 'sdt2c76ee9om1aa37wrs9eqqq1n8cwoy0131', '2014-02-10 12:13:54', 4297, 'com.runwaysdk.system.metadata.MdAction', 1, 'www.runwaysdk.com', NULL, NULL, '000000000000000000000000000000100060', '2014-02-10 12:13:54', 'com.runwaysdk.system.scheduler.ExecutableJobController.viewPage');
INSERT INTO controller_action ( key_name, locked_by, oid, owner, entity_domain, created_by, type, last_update_date, create_date, seq, last_updated_by, site_master, parent_oid, child_oid) VALUES ('com.runwaysdk.system.scheduler.ExecutableJobController.viewPage', NULL, 'z76mtvhuwjkl2evx5y908e483a39qf1x0264', '000000000000000000000000000000100060', NULL, '000000000000000000000000000000100060', 'com.runwaysdk.system.ControllerAction', '2014-02-10 12:13:54', '2014-02-10 12:13:54', 4298, '000000000000000000000000000000100060', 'www.runwaysdk.com', 'xjlv8mzrcwcgyqy6valc7urt4icyewpp0130', 'sdt2c76ee9om1aa37wrs9eqqq1n8cwoy0131');
INSERT INTO metadata_display_label ( default_locale, oid, site_master, key_name) VALUES ('Sort Attribute', 'zaygpv2rym1pp232t1c9s4e9i3ck0fib0287', 'www.runwaysdk.com', 'zaygpv2rym1pp232t1c9s4e9i3ck0fib0287');
INSERT INTO metadata_display_label ( default_locale, oid, site_master, key_name) VALUES (NULL, 'zjrqhjf5oafux22ath5m0mss00p8keot0287', 'www.runwaysdk.com', 'zjrqhjf5oafux22ath5m0mss00p8keot0287');
INSERT INTO md_parameter ( metadata, parameter_order, parameter_name, parameter_type, display_label, oid) VALUES ('sdt2c76ee9om1aa37wrs9eqqq1n8cwoy0131', -4, 'sortAttribute', 'java.lang.String', 'zaygpv2rym1pp232t1c9s4e9i3ck0fib0287', '05ofc9jvm2jyjti4z4medsj0kf1x5sas0110');
INSERT INTO metadata ( description, created_by, owner, oid, create_date, seq, type, remove, site_master, locked_by, entity_domain, last_updated_by, last_update_date, key_name) VALUES ('zjrqhjf5oafux22ath5m0mss00p8keot0287', '000000000000000000000000000000100060', '000000000000000000000000000000100060', '05ofc9jvm2jyjti4z4medsj0kf1x5sas0110', '2014-02-10 12:13:54', 4299, 'com.runwaysdk.system.metadata.MdParameter', 1, 'www.runwaysdk.com', NULL, NULL, '000000000000000000000000000000100060', '2014-02-10 12:13:54', 'com.runwaysdk.system.scheduler.ExecutableJobController.viewPage.sortAttribute');
INSERT INTO metadata_parameter ( site_master, last_updated_by, create_date, seq, locked_by, entity_domain, created_by, type, last_update_date, key_name, owner, oid, parent_oid, child_oid) VALUES ('www.runwaysdk.com', '000000000000000000000000000000100060', '2014-02-10 12:13:54', 4300, NULL, NULL, '000000000000000000000000000000100060', 'com.runwaysdk.system.MetadataParameter', '2014-02-10 12:13:54', 'com.runwaysdk.system.scheduler.ExecutableJobController.viewPage.sortAttribute', '000000000000000000000000000000100060', 'seq5tx8f6xm73x2tlh73ufgaj65ibht60256', 'sdt2c76ee9om1aa37wrs9eqqq1n8cwoy0131', '05ofc9jvm2jyjti4z4medsj0kf1x5sas0110');
INSERT INTO metadata_display_label ( default_locale, oid, site_master, key_name) VALUES ('Is Ascending', 'smow8tc5lnjhdwo3uz46eqwi9jxo35j50287', 'www.runwaysdk.com', 'smow8tc5lnjhdwo3uz46eqwi9jxo35j50287');
INSERT INTO metadata_display_label ( default_locale, oid, site_master, key_name) VALUES (NULL, 'r1r31nxz0mr9d3swy1df7hr3pqharpn40287', 'www.runwaysdk.com', 'r1r31nxz0mr9d3swy1df7hr3pqharpn40287');
INSERT INTO md_parameter ( metadata, parameter_order, parameter_name, parameter_type, display_label, oid) VALUES ('sdt2c76ee9om1aa37wrs9eqqq1n8cwoy0131', -3, 'isAscending', 'java.lang.Boolean', 'smow8tc5lnjhdwo3uz46eqwi9jxo35j50287', '098l6plmgl4bdwar82c8upk4qi5ebdoe0110');
INSERT INTO metadata ( description, created_by, owner, oid, create_date, seq, type, remove, site_master, locked_by, entity_domain, last_updated_by, last_update_date, key_name) VALUES ('r1r31nxz0mr9d3swy1df7hr3pqharpn40287', '000000000000000000000000000000100060', '000000000000000000000000000000100060', '098l6plmgl4bdwar82c8upk4qi5ebdoe0110', '2014-02-10 12:13:54', 4301, 'com.runwaysdk.system.metadata.MdParameter', 1, 'www.runwaysdk.com', NULL, NULL, '000000000000000000000000000000100060', '2014-02-10 12:13:54', 'com.runwaysdk.system.scheduler.ExecutableJobController.viewPage.isAscending');
INSERT INTO metadata_parameter ( site_master, last_updated_by, create_date, seq, locked_by, entity_domain, created_by, type, last_update_date, key_name, owner, oid, parent_oid, child_oid) VALUES ('www.runwaysdk.com', '000000000000000000000000000000100060', '2014-02-10 12:13:54', 4302, NULL, NULL, '000000000000000000000000000000100060', 'com.runwaysdk.system.MetadataParameter', '2014-02-10 12:13:54', 'com.runwaysdk.system.scheduler.ExecutableJobController.viewPage.isAscending', '000000000000000000000000000000100060', '29o0mm6eeiasd1ov91va0jdov5efur0h0256', 'sdt2c76ee9om1aa37wrs9eqqq1n8cwoy0131', '098l6plmgl4bdwar82c8upk4qi5ebdoe0110');
INSERT INTO metadata_display_label ( default_locale, oid, site_master, key_name) VALUES ('Page Size', '01wdeahih29dy34ofbl8j0sbzr4nwgw70287', 'www.runwaysdk.com', '01wdeahih29dy34ofbl8j0sbzr4nwgw70287');
INSERT INTO metadata_display_label ( default_locale, oid, site_master, key_name) VALUES (NULL, 'yyf4cyvebiq3rxyoz31y7sum0wohhbd60287', 'www.runwaysdk.com', 'yyf4cyvebiq3rxyoz31y7sum0wohhbd60287');
INSERT INTO md_parameter ( metadata, parameter_order, parameter_name, parameter_type, display_label, oid) VALUES ('sdt2c76ee9om1aa37wrs9eqqq1n8cwoy0131', -2, 'pageSize', 'java.lang.Integer', '01wdeahih29dy34ofbl8j0sbzr4nwgw70287', 'sa3sd9ob1ihyixmk4jmkl33rdb6i0ypv0110');
INSERT INTO metadata ( description, created_by, owner, oid, create_date, seq, type, remove, site_master, locked_by, entity_domain, last_updated_by, last_update_date, key_name) VALUES ('yyf4cyvebiq3rxyoz31y7sum0wohhbd60287', '000000000000000000000000000000100060', '000000000000000000000000000000100060', 'sa3sd9ob1ihyixmk4jmkl33rdb6i0ypv0110', '2014-02-10 12:13:54', 4303, 'com.runwaysdk.system.metadata.MdParameter', 1, 'www.runwaysdk.com', NULL, NULL, '000000000000000000000000000000100060', '2014-02-10 12:13:54', 'com.runwaysdk.system.scheduler.ExecutableJobController.viewPage.pageSize');
INSERT INTO metadata_parameter ( site_master, last_updated_by, create_date, seq, locked_by, entity_domain, created_by, type, last_update_date, key_name, owner, oid, parent_oid, child_oid) VALUES ('www.runwaysdk.com', '000000000000000000000000000000100060', '2014-02-10 12:13:54', 4304, NULL, NULL, '000000000000000000000000000000100060', 'com.runwaysdk.system.MetadataParameter', '2014-02-10 12:13:54', 'com.runwaysdk.system.scheduler.ExecutableJobController.viewPage.pageSize', '000000000000000000000000000000100060', '6zrejeqy61e4kce804mfg27tqpzfb5340256', 'sdt2c76ee9om1aa37wrs9eqqq1n8cwoy0131', 'sa3sd9ob1ihyixmk4jmkl33rdb6i0ypv0110');
INSERT INTO metadata_display_label ( default_locale, oid, site_master, key_name) VALUES ('Page Number', 'zakhqe19gwwgzpj1j65f0uivfvn1vcu40287', 'www.runwaysdk.com', 'zakhqe19gwwgzpj1j65f0uivfvn1vcu40287');
INSERT INTO metadata_display_label ( default_locale, oid, site_master, key_name) VALUES (NULL, 'zd0409p3uslheb8flu3i0q0gy236t9j80287', 'www.runwaysdk.com', 'zd0409p3uslheb8flu3i0q0gy236t9j80287');
INSERT INTO md_parameter ( metadata, parameter_order, parameter_name, parameter_type, display_label, oid) VALUES ('sdt2c76ee9om1aa37wrs9eqqq1n8cwoy0131', -1, 'pageNumber', 'java.lang.Integer', 'zakhqe19gwwgzpj1j65f0uivfvn1vcu40287', '6vd7441nz6s8mie87pt4ju8pabkq9qff0110');
INSERT INTO metadata ( description, created_by, owner, oid, create_date, seq, type, remove, site_master, locked_by, entity_domain, last_updated_by, last_update_date, key_name) VALUES ('zd0409p3uslheb8flu3i0q0gy236t9j80287', '000000000000000000000000000000100060', '000000000000000000000000000000100060', '6vd7441nz6s8mie87pt4ju8pabkq9qff0110', '2014-02-10 12:13:54', 4305, 'com.runwaysdk.system.metadata.MdParameter', 1, 'www.runwaysdk.com', NULL, NULL, '000000000000000000000000000000100060', '2014-02-10 12:13:54', 'com.runwaysdk.system.scheduler.ExecutableJobController.viewPage.pageNumber');
INSERT INTO metadata_parameter ( site_master, last_updated_by, create_date, seq, locked_by, entity_domain, created_by, type, last_update_date, key_name, owner, oid, parent_oid, child_oid) VALUES ('www.runwaysdk.com', '000000000000000000000000000000100060', '2014-02-10 12:13:54', 4306, NULL, NULL, '000000000000000000000000000000100060', 'com.runwaysdk.system.MetadataParameter', '2014-02-10 12:13:54', 'com.runwaysdk.system.scheduler.ExecutableJobController.viewPage.pageNumber', '000000000000000000000000000000100060', '2f0lfral61e1i7xalku1ru865rigt36e0256', 'sdt2c76ee9om1aa37wrs9eqqq1n8cwoy0131', '6vd7441nz6s8mie87pt4ju8pabkq9qff0110');
INSERT INTO metadata_display_label ( default_locale, oid, site_master, key_name) VALUES ('View All', '8cix5ofhra9bbryyqh1sxuww94w1htk90287', 'www.runwaysdk.com', '8cix5ofhra9bbryyqh1sxuww94w1htk90287');
INSERT INTO metadata_display_label ( default_locale, oid, site_master, key_name) VALUES ('Loads a ViewAll query with the default settings', 'staedurducho5x4xr4l4nw4d6fx8sfw20287', 'www.runwaysdk.com', 'staedurducho5x4xr4l4nw4d6fx8sfw20287');
INSERT INTO md_action ( is_query, enclosing_md_controller, is_post, action_name, display_label, oid) VALUES (0, 'xjlv8mzrcwcgyqy6valc7urt4icyewpp0130', 0, 'viewAll', '8cix5ofhra9bbryyqh1sxuww94w1htk90287', 'zjlsg8p6ji4inrmhbi8mdmfrgb07ohqa0131');
INSERT INTO metadata ( description, created_by, owner, oid, create_date, seq, type, remove, site_master, locked_by, entity_domain, last_updated_by, last_update_date, key_name) VALUES ('staedurducho5x4xr4l4nw4d6fx8sfw20287', '000000000000000000000000000000100060', '000000000000000000000000000000100060', 'zjlsg8p6ji4inrmhbi8mdmfrgb07ohqa0131', '2014-02-10 12:13:54', 4307, 'com.runwaysdk.system.metadata.MdAction', 1, 'www.runwaysdk.com', NULL, NULL, '000000000000000000000000000000100060', '2014-02-10 12:13:54', 'com.runwaysdk.system.scheduler.ExecutableJobController.viewAll');
INSERT INTO controller_action ( key_name, locked_by, oid, owner, entity_domain, created_by, type, last_update_date, create_date, seq, last_updated_by, site_master, parent_oid, child_oid) VALUES ('com.runwaysdk.system.scheduler.ExecutableJobController.viewAll', NULL, '2138y0txbfxzsbayqqvlsf2jtpmtsqzv0264', '000000000000000000000000000000100060', NULL, '000000000000000000000000000000100060', 'com.runwaysdk.system.ControllerAction', '2014-02-10 12:13:54', '2014-02-10 12:13:54', 4308, '000000000000000000000000000000100060', 'www.runwaysdk.com', 'xjlv8mzrcwcgyqy6valc7urt4icyewpp0130', 'zjlsg8p6ji4inrmhbi8mdmfrgb07ohqa0131');
INSERT INTO metadata_display_label ( default_locale, oid, site_master, key_name) VALUES ('View', '8s94okssx2ums6gu52zqu21g5ldhcm0k0287', 'www.runwaysdk.com', '8s94okssx2ums6gu52zqu21g5ldhcm0k0287');
INSERT INTO metadata_display_label ( default_locale, oid, site_master, key_name) VALUES ('View an existing instance of com.runwaysdk.system.scheduler.ExecutableJob', '6zwth8xkpo2wt1t2fzc45c1uq97bbmln0287', 'www.runwaysdk.com', '6zwth8xkpo2wt1t2fzc45c1uq97bbmln0287');
INSERT INTO md_action ( is_query, enclosing_md_controller, is_post, action_name, display_label, oid) VALUES (0, 'xjlv8mzrcwcgyqy6valc7urt4icyewpp0130', 0, 'view', '8s94okssx2ums6gu52zqu21g5ldhcm0k0287', 'sm0wzbxzu50l1zqsqiouz3996tsvdugj0131');
INSERT INTO metadata ( description, created_by, owner, oid, create_date, seq, type, remove, site_master, locked_by, entity_domain, last_updated_by, last_update_date, key_name) VALUES ('6zwth8xkpo2wt1t2fzc45c1uq97bbmln0287', '000000000000000000000000000000100060', '000000000000000000000000000000100060', 'sm0wzbxzu50l1zqsqiouz3996tsvdugj0131', '2014-02-10 12:13:54', 4309, 'com.runwaysdk.system.metadata.MdAction', 1, 'www.runwaysdk.com', NULL, NULL, '000000000000000000000000000000100060', '2014-02-10 12:13:54', 'com.runwaysdk.system.scheduler.ExecutableJobController.view');
INSERT INTO controller_action ( key_name, locked_by, oid, owner, entity_domain, created_by, type, last_update_date, create_date, seq, last_updated_by, site_master, parent_oid, child_oid) VALUES ('com.runwaysdk.system.scheduler.ExecutableJobController.view', NULL, '6q6acvovnhloyk5bpfn6s304wt7b6l8z0264', '000000000000000000000000000000100060', NULL, '000000000000000000000000000000100060', 'com.runwaysdk.system.ControllerAction', '2014-02-10 12:13:54', '2014-02-10 12:13:54', 4310, '000000000000000000000000000000100060', 'www.runwaysdk.com', 'xjlv8mzrcwcgyqy6valc7urt4icyewpp0130', 'sm0wzbxzu50l1zqsqiouz3996tsvdugj0131');
INSERT INTO metadata_display_label ( default_locale, oid, site_master, key_name) VALUES ('Parameter: com.runwaysdk.system.scheduler.ExecutableJob - oid', '8zy1cl4atgu7szft0l0831wijupw2vjd0287', 'www.runwaysdk.com', '8zy1cl4atgu7szft0l0831wijupw2vjd0287');
INSERT INTO metadata_display_label ( default_locale, oid, site_master, key_name) VALUES ('Id of com.runwaysdk.system.scheduler.ExecutableJob to view.', 'ra1ucge6i28snrm2b0871384fzkelwpw0287', 'www.runwaysdk.com', 'ra1ucge6i28snrm2b0871384fzkelwpw0287');
INSERT INTO md_parameter ( metadata, parameter_order, parameter_name, parameter_type, display_label, oid) VALUES ('sm0wzbxzu50l1zqsqiouz3996tsvdugj0131', 0, 'oid', 'java.lang.String', '8zy1cl4atgu7szft0l0831wijupw2vjd0287', 'zngyndocjyzlpahjr249nbrw26ol0lu60110');
INSERT INTO metadata ( description, created_by, owner, oid, create_date, seq, type, remove, site_master, locked_by, entity_domain, last_updated_by, last_update_date, key_name) VALUES ('ra1ucge6i28snrm2b0871384fzkelwpw0287', '000000000000000000000000000000100060', '000000000000000000000000000000100060', 'zngyndocjyzlpahjr249nbrw26ol0lu60110', '2014-02-10 12:13:54', 4311, 'com.runwaysdk.system.metadata.MdParameter', 1, 'www.runwaysdk.com', NULL, NULL, '000000000000000000000000000000100060', '2014-02-10 12:13:54', 'com.runwaysdk.system.scheduler.ExecutableJobController.view.oid');
INSERT INTO metadata_parameter ( site_master, last_updated_by, create_date, seq, locked_by, entity_domain, created_by, type, last_update_date, key_name, owner, oid, parent_oid, child_oid) VALUES ('www.runwaysdk.com', '000000000000000000000000000000100060', '2014-02-10 12:13:54', 4312, NULL, NULL, '000000000000000000000000000000100060', 'com.runwaysdk.system.MetadataParameter', '2014-02-10 12:13:54', 'com.runwaysdk.system.scheduler.ExecutableJobController.view.oid', '000000000000000000000000000000100060', '07fe8aiiw2lr0jh3uxv5jgyvtfb57bg60256', 'sm0wzbxzu50l1zqsqiouz3996tsvdugj0131', 'zngyndocjyzlpahjr249nbrw26ol0lu60110');
INSERT INTO metadata_display_label ( default_locale, oid, site_master, key_name) VALUES ('Create', '0rfkqra50qkbny7h4fjechyumd7741770287', 'www.runwaysdk.com', '0rfkqra50qkbny7h4fjechyumd7741770287');
INSERT INTO metadata_display_label ( default_locale, oid, site_master, key_name) VALUES ('Applys a new instance of com.runwaysdk.system.scheduler.ExecutableJob', 'xxajxwyrns17cmcivpkekzrr2gg13asx0287', 'www.runwaysdk.com', 'xxajxwyrns17cmcivpkekzrr2gg13asx0287');
INSERT INTO md_action ( is_query, enclosing_md_controller, is_post, action_name, display_label, oid) VALUES (0, 'xjlv8mzrcwcgyqy6valc7urt4icyewpp0130', 1, 'create', '0rfkqra50qkbny7h4fjechyumd7741770287', '01wh4qsh5lnpssh3ks5zcvbpwqeaahoi0131');
INSERT INTO metadata ( description, created_by, owner, oid, create_date, seq, type, remove, site_master, locked_by, entity_domain, last_updated_by, last_update_date, key_name) VALUES ('xxajxwyrns17cmcivpkekzrr2gg13asx0287', '000000000000000000000000000000100060', '000000000000000000000000000000100060', '01wh4qsh5lnpssh3ks5zcvbpwqeaahoi0131', '2014-02-10 12:13:54', 4313, 'com.runwaysdk.system.metadata.MdAction', 1, 'www.runwaysdk.com', NULL, NULL, '000000000000000000000000000000100060', '2014-02-10 12:13:54', 'com.runwaysdk.system.scheduler.ExecutableJobController.create');
INSERT INTO controller_action ( key_name, locked_by, oid, owner, entity_domain, created_by, type, last_update_date, create_date, seq, last_updated_by, site_master, parent_oid, child_oid) VALUES ('com.runwaysdk.system.scheduler.ExecutableJobController.create', NULL, '1y9jom90o0f3hwl13fyis2xu53800xy60264', '000000000000000000000000000000100060', NULL, '000000000000000000000000000000100060', 'com.runwaysdk.system.ControllerAction', '2014-02-10 12:13:54', '2014-02-10 12:13:54', 4314, '000000000000000000000000000000100060', 'www.runwaysdk.com', 'xjlv8mzrcwcgyqy6valc7urt4icyewpp0130', '01wh4qsh5lnpssh3ks5zcvbpwqeaahoi0131');
INSERT INTO metadata_display_label ( default_locale, oid, site_master, key_name) VALUES ('Parameter: com.runwaysdk.system.scheduler.ExecutableJob', 'qn0qh5ulmy1qxooo3nf1netnmbwzr7cc0287', 'www.runwaysdk.com', 'qn0qh5ulmy1qxooo3nf1netnmbwzr7cc0287');
INSERT INTO metadata_display_label ( default_locale, oid, site_master, key_name) VALUES ('com.runwaysdk.system.scheduler.ExecutableJob to apply to the database', '1o6rflitztjw2xlsdiccf33szj42qd3p0287', 'www.runwaysdk.com', '1o6rflitztjw2xlsdiccf33szj42qd3p0287');
INSERT INTO md_parameter ( metadata, parameter_order, parameter_name, parameter_type, display_label, oid) VALUES ('01wh4qsh5lnpssh3ks5zcvbpwqeaahoi0131', 0, 'dto', 'com.runwaysdk.system.scheduler.ExecutableJob', 'qn0qh5ulmy1qxooo3nf1netnmbwzr7cc0287', 'slsbiqjjvo1g01ieyaif1f7gv6qc360p0110');
INSERT INTO metadata ( description, created_by, owner, oid, create_date, seq, type, remove, site_master, locked_by, entity_domain, last_updated_by, last_update_date, key_name) VALUES ('1o6rflitztjw2xlsdiccf33szj42qd3p0287', '000000000000000000000000000000100060', '000000000000000000000000000000100060', 'slsbiqjjvo1g01ieyaif1f7gv6qc360p0110', '2014-02-10 12:13:54', 4315, 'com.runwaysdk.system.metadata.MdParameter', 1, 'www.runwaysdk.com', NULL, NULL, '000000000000000000000000000000100060', '2014-02-10 12:13:54', 'com.runwaysdk.system.scheduler.ExecutableJobController.create.dto');
INSERT INTO metadata_parameter ( site_master, last_updated_by, create_date, seq, locked_by, entity_domain, created_by, type, last_update_date, key_name, owner, oid, parent_oid, child_oid) VALUES ('www.runwaysdk.com', '000000000000000000000000000000100060', '2014-02-10 12:13:54', 4316, NULL, NULL, '000000000000000000000000000000100060', 'com.runwaysdk.system.MetadataParameter', '2014-02-10 12:13:54', 'com.runwaysdk.system.scheduler.ExecutableJobController.create.dto', '000000000000000000000000000000100060', '1ob96sa0pykf83sz23ynbj8ywodc5kql0256', '01wh4qsh5lnpssh3ks5zcvbpwqeaahoi0131', 'slsbiqjjvo1g01ieyaif1f7gv6qc360p0110');
INSERT INTO metadata_display_label ( default_locale, oid, site_master, key_name) VALUES ('edit', '90rq33muk45fq3tvqypgkbc66olbwkc00287', 'www.runwaysdk.com', '90rq33muk45fq3tvqypgkbc66olbwkc00287');
INSERT INTO metadata_display_label ( default_locale, oid, site_master, key_name) VALUES ('Applys an existing instance of com.runwaysdk.system.scheduler.ExecutableJob', 'st1kcxlimisbhsuf451mmpkj4ghtk6jq0287', 'www.runwaysdk.com', 'st1kcxlimisbhsuf451mmpkj4ghtk6jq0287');
INSERT INTO md_action ( is_query, enclosing_md_controller, is_post, action_name, display_label, oid) VALUES (0, 'xjlv8mzrcwcgyqy6valc7urt4icyewpp0130', 0, 'edit', '90rq33muk45fq3tvqypgkbc66olbwkc00287', 'qretlzfxugeluj4o2dl8xzmnz05hmoxl0131');
INSERT INTO metadata ( description, created_by, owner, oid, create_date, seq, type, remove, site_master, locked_by, entity_domain, last_updated_by, last_update_date, key_name) VALUES ('st1kcxlimisbhsuf451mmpkj4ghtk6jq0287', '000000000000000000000000000000100060', '000000000000000000000000000000100060', 'qretlzfxugeluj4o2dl8xzmnz05hmoxl0131', '2014-02-10 12:13:54', 4317, 'com.runwaysdk.system.metadata.MdAction', 1, 'www.runwaysdk.com', NULL, NULL, '000000000000000000000000000000100060', '2014-02-10 12:13:54', 'com.runwaysdk.system.scheduler.ExecutableJobController.edit');
INSERT INTO controller_action ( key_name, locked_by, oid, owner, entity_domain, created_by, type, last_update_date, create_date, seq, last_updated_by, site_master, parent_oid, child_oid) VALUES ('com.runwaysdk.system.scheduler.ExecutableJobController.edit', NULL, 'z7xstjggpmlt1xrjasg8u4ncpg343x590264', '000000000000000000000000000000100060', NULL, '000000000000000000000000000000100060', 'com.runwaysdk.system.ControllerAction', '2014-02-10 12:13:54', '2014-02-10 12:13:54', 4318, '000000000000000000000000000000100060', 'www.runwaysdk.com', 'xjlv8mzrcwcgyqy6valc7urt4icyewpp0130', 'qretlzfxugeluj4o2dl8xzmnz05hmoxl0131');
INSERT INTO metadata_display_label ( default_locale, oid, site_master, key_name) VALUES ('Parameter: com.runwaysdk.system.scheduler.ExecutableJob', '23ymjkqsmsuw06kzsugq99e0lu1asri00287', 'www.runwaysdk.com', '23ymjkqsmsuw06kzsugq99e0lu1asri00287');
INSERT INTO metadata_display_label ( default_locale, oid, site_master, key_name) VALUES ('com.runwaysdk.system.scheduler.ExecutableJob to apply to the database', 'xjr6s2umpcr0c7n8oy794r222jrv49md0287', 'www.runwaysdk.com', 'xjr6s2umpcr0c7n8oy794r222jrv49md0287');
INSERT INTO md_parameter ( metadata, parameter_order, parameter_name, parameter_type, display_label, oid) VALUES ('qretlzfxugeluj4o2dl8xzmnz05hmoxl0131', 0, 'oid', 'java.lang.String', '23ymjkqsmsuw06kzsugq99e0lu1asri00287', '0lk2zmbvw3jtrt1odbnrfrt0eiq0sva70110');
INSERT INTO metadata ( description, created_by, owner, oid, create_date, seq, type, remove, site_master, locked_by, entity_domain, last_updated_by, last_update_date, key_name) VALUES ('xjr6s2umpcr0c7n8oy794r222jrv49md0287', '000000000000000000000000000000100060', '000000000000000000000000000000100060', '0lk2zmbvw3jtrt1odbnrfrt0eiq0sva70110', '2014-02-10 12:13:54', 4319, 'com.runwaysdk.system.metadata.MdParameter', 1, 'www.runwaysdk.com', NULL, NULL, '000000000000000000000000000000100060', '2014-02-10 12:13:54', 'com.runwaysdk.system.scheduler.ExecutableJobController.edit.oid');
INSERT INTO metadata_parameter ( site_master, last_updated_by, create_date, seq, locked_by, entity_domain, created_by, type, last_update_date, key_name, owner, oid, parent_oid, child_oid) VALUES ('www.runwaysdk.com', '000000000000000000000000000000100060', '2014-02-10 12:13:54', 4320, NULL, NULL, '000000000000000000000000000000100060', 'com.runwaysdk.system.MetadataParameter', '2014-02-10 12:13:54', 'com.runwaysdk.system.scheduler.ExecutableJobController.edit.oid', '000000000000000000000000000000100060', '6vr6ep05xrfedhr9znc6qdtt6nhqwbme0256', 'qretlzfxugeluj4o2dl8xzmnz05hmoxl0131', '0lk2zmbvw3jtrt1odbnrfrt0eiq0sva70110');
INSERT INTO metadata_display_label ( default_locale, oid, site_master, key_name) VALUES ('update', 'xzbotakwfshxqtxpcqmxqu282g5z1lpb0287', 'www.runwaysdk.com', 'xzbotakwfshxqtxpcqmxqu282g5z1lpb0287');
INSERT INTO metadata_display_label ( default_locale, oid, site_master, key_name) VALUES ('Applys an existing instance of com.runwaysdk.system.scheduler.ExecutableJob', 'sbq19cnik22en0x0f15setppvlmqylzx0287', 'www.runwaysdk.com', 'sbq19cnik22en0x0f15setppvlmqylzx0287');
INSERT INTO md_action ( is_query, enclosing_md_controller, is_post, action_name, display_label, oid) VALUES (0, 'xjlv8mzrcwcgyqy6valc7urt4icyewpp0130', 1, 'update', 'xzbotakwfshxqtxpcqmxqu282g5z1lpb0287', '0buqh3pwjxj0txzj2xs9sk40m273620l0131');
INSERT INTO metadata ( description, created_by, owner, oid, create_date, seq, type, remove, site_master, locked_by, entity_domain, last_updated_by, last_update_date, key_name) VALUES ('sbq19cnik22en0x0f15setppvlmqylzx0287', '000000000000000000000000000000100060', '000000000000000000000000000000100060', '0buqh3pwjxj0txzj2xs9sk40m273620l0131', '2014-02-10 12:13:54', 4321, 'com.runwaysdk.system.metadata.MdAction', 1, 'www.runwaysdk.com', NULL, NULL, '000000000000000000000000000000100060', '2014-02-10 12:13:54', 'com.runwaysdk.system.scheduler.ExecutableJobController.update');
INSERT INTO controller_action ( key_name, locked_by, oid, owner, entity_domain, created_by, type, last_update_date, create_date, seq, last_updated_by, site_master, parent_oid, child_oid) VALUES ('com.runwaysdk.system.scheduler.ExecutableJobController.update', NULL, '938p7lo07k4x5z4evzgn95wwsn40n3hl0264', '000000000000000000000000000000100060', NULL, '000000000000000000000000000000100060', 'com.runwaysdk.system.ControllerAction', '2014-02-10 12:13:54', '2014-02-10 12:13:54', 4322, '000000000000000000000000000000100060', 'www.runwaysdk.com', 'xjlv8mzrcwcgyqy6valc7urt4icyewpp0130', '0buqh3pwjxj0txzj2xs9sk40m273620l0131');
INSERT INTO metadata_display_label ( default_locale, oid, site_master, key_name) VALUES ('Parameter: com.runwaysdk.system.scheduler.ExecutableJob - dto', '1rs0cznwnb0cmfjyz9525aigfa85xtg10287', 'www.runwaysdk.com', '1rs0cznwnb0cmfjyz9525aigfa85xtg10287');
INSERT INTO metadata_display_label ( default_locale, oid, site_master, key_name) VALUES ('com.runwaysdk.system.scheduler.ExecutableJob to apply to the database', 'zaqj8h7ocdz5ey41buxms43f9zxzup7b0287', 'www.runwaysdk.com', 'zaqj8h7ocdz5ey41buxms43f9zxzup7b0287');
INSERT INTO md_parameter ( metadata, parameter_order, parameter_name, parameter_type, display_label, oid) VALUES ('0buqh3pwjxj0txzj2xs9sk40m273620l0131', 0, 'dto', 'com.runwaysdk.system.scheduler.ExecutableJob', '1rs0cznwnb0cmfjyz9525aigfa85xtg10287', 'swwbpqeqcdelmw3gufnk84fvkb5ooj7j0110');
INSERT INTO metadata ( description, created_by, owner, oid, create_date, seq, type, remove, site_master, locked_by, entity_domain, last_updated_by, last_update_date, key_name) VALUES ('zaqj8h7ocdz5ey41buxms43f9zxzup7b0287', '000000000000000000000000000000100060', '000000000000000000000000000000100060', 'swwbpqeqcdelmw3gufnk84fvkb5ooj7j0110', '2014-02-10 12:13:54', 4323, 'com.runwaysdk.system.metadata.MdParameter', 1, 'www.runwaysdk.com', NULL, NULL, '000000000000000000000000000000100060', '2014-02-10 12:13:54', 'com.runwaysdk.system.scheduler.ExecutableJobController.update.dto');
INSERT INTO metadata_parameter ( site_master, last_updated_by, create_date, seq, locked_by, entity_domain, created_by, type, last_update_date, key_name, owner, oid, parent_oid, child_oid) VALUES ('www.runwaysdk.com', '000000000000000000000000000000100060', '2014-02-10 12:13:54', 4324, NULL, NULL, '000000000000000000000000000000100060', 'com.runwaysdk.system.MetadataParameter', '2014-02-10 12:13:54', 'com.runwaysdk.system.scheduler.ExecutableJobController.update.dto', '000000000000000000000000000000100060', 'xneq2pk7gsr5ykkqqdjpjmt1tcxddyyf0256', '0buqh3pwjxj0txzj2xs9sk40m273620l0131', 'swwbpqeqcdelmw3gufnk84fvkb5ooj7j0110');
INSERT INTO metadata_display_label ( default_locale, oid, site_master, key_name) VALUES ('cancel', '6x23ydiuh5a78v768xkxzz7zarqj82eg0287', 'www.runwaysdk.com', '6x23ydiuh5a78v768xkxzz7zarqj82eg0287');
INSERT INTO metadata_display_label ( default_locale, oid, site_master, key_name) VALUES ('Unlocks an instance com.runwaysdk.system.scheduler.ExecutableJob', '94g8yxe45j4l7d9fq6npv91mbhsrnl3h0287', 'www.runwaysdk.com', '94g8yxe45j4l7d9fq6npv91mbhsrnl3h0287');
INSERT INTO md_action ( is_query, enclosing_md_controller, is_post, action_name, display_label, oid) VALUES (0, 'xjlv8mzrcwcgyqy6valc7urt4icyewpp0130', 1, 'cancel', '6x23ydiuh5a78v768xkxzz7zarqj82eg0287', 'xvazqg4chfwllpu284cppaulhfjiex7q0131');
INSERT INTO metadata ( description, created_by, owner, oid, create_date, seq, type, remove, site_master, locked_by, entity_domain, last_updated_by, last_update_date, key_name) VALUES ('94g8yxe45j4l7d9fq6npv91mbhsrnl3h0287', '000000000000000000000000000000100060', '000000000000000000000000000000100060', 'xvazqg4chfwllpu284cppaulhfjiex7q0131', '2014-02-10 12:13:54', 4325, 'com.runwaysdk.system.metadata.MdAction', 1, 'www.runwaysdk.com', NULL, NULL, '000000000000000000000000000000100060', '2014-02-10 12:13:54', 'com.runwaysdk.system.scheduler.ExecutableJobController.cancel');
INSERT INTO controller_action ( key_name, locked_by, oid, owner, entity_domain, created_by, type, last_update_date, create_date, seq, last_updated_by, site_master, parent_oid, child_oid) VALUES ('com.runwaysdk.system.scheduler.ExecutableJobController.cancel', NULL, 'xni0qolpr5ccjlnbz0m021f7ixtmbl8d0264', '000000000000000000000000000000100060', NULL, '000000000000000000000000000000100060', 'com.runwaysdk.system.ControllerAction', '2014-02-10 12:13:54', '2014-02-10 12:13:54', 4326, '000000000000000000000000000000100060', 'www.runwaysdk.com', 'xjlv8mzrcwcgyqy6valc7urt4icyewpp0130', 'xvazqg4chfwllpu284cppaulhfjiex7q0131');
INSERT INTO metadata_display_label ( default_locale, oid, site_master, key_name) VALUES ('Parameter: com.runwaysdk.system.scheduler.ExecutableJob - dto', '1rqxo81ho7mnmy5t7ldqgwih7tsgmnga0287', 'www.runwaysdk.com', '1rqxo81ho7mnmy5t7ldqgwih7tsgmnga0287');
INSERT INTO metadata_display_label ( default_locale, oid, site_master, key_name) VALUES ('com.runwaysdk.system.scheduler.ExecutableJob to unlock', 't0za8ws1cektr4rvj3k6uj5it5ywuxog0287', 'www.runwaysdk.com', 't0za8ws1cektr4rvj3k6uj5it5ywuxog0287');
INSERT INTO md_parameter ( metadata, parameter_order, parameter_name, parameter_type, display_label, oid) VALUES ('xvazqg4chfwllpu284cppaulhfjiex7q0131', 0, 'dto', 'com.runwaysdk.system.scheduler.ExecutableJob', '1rqxo81ho7mnmy5t7ldqgwih7tsgmnga0287', 'qlxbvu5faobog74yvsd8pixmo026zg4v0110');
INSERT INTO metadata ( description, created_by, owner, oid, create_date, seq, type, remove, site_master, locked_by, entity_domain, last_updated_by, last_update_date, key_name) VALUES ('t0za8ws1cektr4rvj3k6uj5it5ywuxog0287', '000000000000000000000000000000100060', '000000000000000000000000000000100060', 'qlxbvu5faobog74yvsd8pixmo026zg4v0110', '2014-02-10 12:13:54', 4327, 'com.runwaysdk.system.metadata.MdParameter', 1, 'www.runwaysdk.com', NULL, NULL, '000000000000000000000000000000100060', '2014-02-10 12:13:54', 'com.runwaysdk.system.scheduler.ExecutableJobController.cancel.dto');
INSERT INTO metadata_parameter ( site_master, last_updated_by, create_date, seq, locked_by, entity_domain, created_by, type, last_update_date, key_name, owner, oid, parent_oid, child_oid) VALUES ('www.runwaysdk.com', '000000000000000000000000000000100060', '2014-02-10 12:13:54', 4328, NULL, NULL, '000000000000000000000000000000100060', 'com.runwaysdk.system.MetadataParameter', '2014-02-10 12:13:54', 'com.runwaysdk.system.scheduler.ExecutableJobController.cancel.dto', '000000000000000000000000000000100060', 'sb4s2wbks9ngllosdbvq0txdeagsahb30256', 'xvazqg4chfwllpu284cppaulhfjiex7q0131', 'qlxbvu5faobog74yvsd8pixmo026zg4v0110');
INSERT INTO metadata_display_label ( default_locale, oid, site_master, key_name) VALUES ('delete', 'z97bcgqfof6i6w2xxgw9l5lsv47jozor0287', 'www.runwaysdk.com', 'z97bcgqfof6i6w2xxgw9l5lsv47jozor0287');
INSERT INTO metadata_display_label ( default_locale, oid, site_master, key_name) VALUES ('Delete an instance of com.runwaysdk.system.scheduler.ExecutableJob', '2aeztzuksthrshkrjrpuw7prwcobw2f90287', 'www.runwaysdk.com', '2aeztzuksthrshkrjrpuw7prwcobw2f90287');
INSERT INTO md_action ( is_query, enclosing_md_controller, is_post, action_name, display_label, oid) VALUES (0, 'xjlv8mzrcwcgyqy6valc7urt4icyewpp0130', 1, 'delete', 'z97bcgqfof6i6w2xxgw9l5lsv47jozor0287', '8r17s762ge415j6x0f0ht6bbkgr96cvw0131');
INSERT INTO metadata ( description, created_by, owner, oid, create_date, seq, type, remove, site_master, locked_by, entity_domain, last_updated_by, last_update_date, key_name) VALUES ('2aeztzuksthrshkrjrpuw7prwcobw2f90287', '000000000000000000000000000000100060', '000000000000000000000000000000100060', '8r17s762ge415j6x0f0ht6bbkgr96cvw0131', '2014-02-10 12:13:54', 4329, 'com.runwaysdk.system.metadata.MdAction', 1, 'www.runwaysdk.com', NULL, NULL, '000000000000000000000000000000100060', '2014-02-10 12:13:54', 'com.runwaysdk.system.scheduler.ExecutableJobController.delete');
INSERT INTO controller_action ( key_name, locked_by, oid, owner, entity_domain, created_by, type, last_update_date, create_date, seq, last_updated_by, site_master, parent_oid, child_oid) VALUES ('com.runwaysdk.system.scheduler.ExecutableJobController.delete', NULL, '27nsgb66bio73spheofr9x1tqdndnfi20264', '000000000000000000000000000000100060', NULL, '000000000000000000000000000000100060', 'com.runwaysdk.system.ControllerAction', '2014-02-10 12:13:54', '2014-02-10 12:13:54', 4330, '000000000000000000000000000000100060', 'www.runwaysdk.com', 'xjlv8mzrcwcgyqy6valc7urt4icyewpp0130', '8r17s762ge415j6x0f0ht6bbkgr96cvw0131');
INSERT INTO metadata_display_label ( default_locale, oid, site_master, key_name) VALUES ('Parameter: com.runwaysdk.system.scheduler.ExecutableJob - dto', '2924bz6psuq7t742m4ylcad5juoabw1i0287', 'www.runwaysdk.com', '2924bz6psuq7t742m4ylcad5juoabw1i0287');
INSERT INTO metadata_display_label ( default_locale, oid, site_master, key_name) VALUES ('com.runwaysdk.system.scheduler.ExecutableJob to delete', 'swbsuqdy68drxxza7ptejv6grz796jwi0287', 'www.runwaysdk.com', 'swbsuqdy68drxxza7ptejv6grz796jwi0287');
INSERT INTO md_parameter ( metadata, parameter_order, parameter_name, parameter_type, display_label, oid) VALUES ('8r17s762ge415j6x0f0ht6bbkgr96cvw0131', 0, 'dto', 'com.runwaysdk.system.scheduler.ExecutableJob', '2924bz6psuq7t742m4ylcad5juoabw1i0287', '1tctbf1i3wn55m05tp71vaary8gpldq20110');
INSERT INTO metadata ( description, created_by, owner, oid, create_date, seq, type, remove, site_master, locked_by, entity_domain, last_updated_by, last_update_date, key_name) VALUES ('swbsuqdy68drxxza7ptejv6grz796jwi0287', '000000000000000000000000000000100060', '000000000000000000000000000000100060', '1tctbf1i3wn55m05tp71vaary8gpldq20110', '2014-02-10 12:13:54', 4331, 'com.runwaysdk.system.metadata.MdParameter', 1, 'www.runwaysdk.com', NULL, NULL, '000000000000000000000000000000100060', '2014-02-10 12:13:54', 'com.runwaysdk.system.scheduler.ExecutableJobController.delete.dto');
INSERT INTO metadata_parameter ( site_master, last_updated_by, create_date, seq, locked_by, entity_domain, created_by, type, last_update_date, key_name, owner, oid, parent_oid, child_oid) VALUES ('www.runwaysdk.com', '000000000000000000000000000000100060', '2014-02-10 12:13:54', 4332, NULL, NULL, '000000000000000000000000000000100060', 'com.runwaysdk.system.MetadataParameter', '2014-02-10 12:13:54', 'com.runwaysdk.system.scheduler.ExecutableJobController.delete.dto', '000000000000000000000000000000100060', 'sbhfoqwfczr2ty305ltutsdszvtdcjtb0256', '8r17s762ge415j6x0f0ht6bbkgr96cvw0131', '1tctbf1i3wn55m05tp71vaary8gpldq20110');
INSERT INTO business_inheritance ( oid, parent_oid, child_oid) VALUES ('6z78mfyb83p75frq8i0uyivj0dm3lwe20257', '0fnj9qgoapxjygna1zbnrdk7vm5ciijy0058', '8ndv254jvk1mw1rql6a4pqz9qbqvdzl40058');
INSERT INTO class_inheritance ( oid, parent_oid, child_oid) VALUES ('6z78mfyb83p75frq8i0uyivj0dm3lwe20257', '0fnj9qgoapxjygna1zbnrdk7vm5ciijy0058', '8ndv254jvk1mw1rql6a4pqz9qbqvdzl40058');
INSERT INTO metadata_relationship ( entity_domain, site_master, last_updated_by, oid, owner, locked_by, create_date, type, created_by, seq, key_name, last_update_date, parent_oid, child_oid) VALUES (NULL, 'www.runwaysdk.com', '000000000000000000000000000000100060', '6z78mfyb83p75frq8i0uyivj0dm3lwe20257', '000000000000000000000000000000100060', NULL, '2014-02-10 12:13:54', 'com.runwaysdk.system.metadata.BusinessInheritance', '000000000000000000000000000000100060', 4333, '6z78mfyb83p75frq8i0uyivj0dm3lwe20257', '2014-02-10 12:13:54', '0fnj9qgoapxjygna1zbnrdk7vm5ciijy0058', '8ndv254jvk1mw1rql6a4pqz9qbqvdzl40058');
INSERT INTO metadata_display_label ( default_locale, oid, site_master, key_name) VALUES ('Start Job', '2461zyh9vrai3v9viafldkk65oghwpvh0287', 'www.runwaysdk.com', '2461zyh9vrai3v9viafldkk65oghwpvh0287');
INSERT INTO metadata_display_label ( default_locale, oid, site_master, key_name) VALUES ('Start Job', 'zj0na6mele8znqh08o0rv45ld05ux28j0287', 'www.runwaysdk.com', 'zj0na6mele8znqh08o0rv45ld05ux28j0287');
INSERT INTO md_method ( method_name, md_type, is_static, return_type, display_label, oid) VALUES ('start', '8ndv254jvk1mw1rql6a4pqz9qbqvdzl40058', 0, 'void', '2461zyh9vrai3v9viafldkk65oghwpvh0287', '8jytrqr8g8blar0ntscsbo0vswepo4yp20070427JS0000000000000000001514');
INSERT INTO metadata ( description, created_by, owner, oid, create_date, seq, type, remove, site_master, locked_by, entity_domain, last_updated_by, last_update_date, key_name) VALUES ('zj0na6mele8znqh08o0rv45ld05ux28j0287', '000000000000000000000000000000100060', '000000000000000000000000000000100060', '8jytrqr8g8blar0ntscsbo0vswepo4yp20070427JS0000000000000000001514', '2014-02-10 12:13:54', 4334, 'com.runwaysdk.system.metadata.MdMethod', 1, 'www.runwaysdk.com', NULL, NULL, '000000000000000000000000000000100060', '2014-02-10 12:13:54', 'com.runwaysdk.system.scheduler.ExecutableJob.start');
INSERT INTO type_method ( oid, parent_oid, child_oid) VALUES ('r3vc3ltgam6ko6rj29mfe9mnogus626x20070427JS0000000000000000001520', '8ndv254jvk1mw1rql6a4pqz9qbqvdzl40058', '8jytrqr8g8blar0ntscsbo0vswepo4yp20070427JS0000000000000000001514');
INSERT INTO metadata_relationship ( entity_domain, site_master, last_updated_by, oid, owner, locked_by, create_date, type, created_by, seq, key_name, last_update_date, parent_oid, child_oid) VALUES (NULL, 'www.runwaysdk.com', '000000000000000000000000000000100060', 'r3vc3ltgam6ko6rj29mfe9mnogus626x20070427JS0000000000000000001520', '000000000000000000000000000000100060', NULL, '2014-02-10 12:13:54', 'com.runwaysdk.system.metadata.TypeMethod', '000000000000000000000000000000100060', 4335, 'com.runwaysdk.system.scheduler.ExecutableJob.start', '2014-02-10 12:13:54', '8ndv254jvk1mw1rql6a4pqz9qbqvdzl40058', '8jytrqr8g8blar0ntscsbo0vswepo4yp20070427JS0000000000000000001514');
INSERT INTO metadata_display_label ( default_locale, oid, site_master, key_name) VALUES ('Stop Job', '1yon9vreovb97r8jufh95o56he2xn1ie0287', 'www.runwaysdk.com', '1yon9vreovb97r8jufh95o56he2xn1ie0287');
INSERT INTO metadata_display_label ( default_locale, oid, site_master, key_name) VALUES ('Stop Job', '8yg99oa9571ovqvcigefe0e92cznf1300287', 'www.runwaysdk.com', '8yg99oa9571ovqvcigefe0e92cznf1300287');
INSERT INTO md_method ( method_name, md_type, is_static, return_type, display_label, oid) VALUES ('stop', '8ndv254jvk1mw1rql6a4pqz9qbqvdzl40058', 0, 'void', '1yon9vreovb97r8jufh95o56he2xn1ie0287', '2g3ldgiok19amtmh9p69rbrckyuu3fok20070427JS0000000000000000001514');
INSERT INTO metadata ( description, created_by, owner, oid, create_date, seq, type, remove, site_master, locked_by, entity_domain, last_updated_by, last_update_date, key_name) VALUES ('8yg99oa9571ovqvcigefe0e92cznf1300287', '000000000000000000000000000000100060', '000000000000000000000000000000100060', '2g3ldgiok19amtmh9p69rbrckyuu3fok20070427JS0000000000000000001514', '2014-02-10 12:13:54', 4336, 'com.runwaysdk.system.metadata.MdMethod', 1, 'www.runwaysdk.com', NULL, NULL, '000000000000000000000000000000100060', '2014-02-10 12:13:54', 'com.runwaysdk.system.scheduler.ExecutableJob.stop');
INSERT INTO type_method ( oid, parent_oid, child_oid) VALUES ('6xn452mzlh483fj06li1oc4o6ex6unwk20070427JS0000000000000000001520', '8ndv254jvk1mw1rql6a4pqz9qbqvdzl40058', '2g3ldgiok19amtmh9p69rbrckyuu3fok20070427JS0000000000000000001514');
INSERT INTO metadata_relationship ( entity_domain, site_master, last_updated_by, oid, owner, locked_by, create_date, type, created_by, seq, key_name, last_update_date, parent_oid, child_oid) VALUES (NULL, 'www.runwaysdk.com', '000000000000000000000000000000100060', '6xn452mzlh483fj06li1oc4o6ex6unwk20070427JS0000000000000000001520', '000000000000000000000000000000100060', NULL, '2014-02-10 12:13:54', 'com.runwaysdk.system.metadata.TypeMethod', '000000000000000000000000000000100060', 4337, 'com.runwaysdk.system.scheduler.ExecutableJob.stop', '2014-02-10 12:13:54', '8ndv254jvk1mw1rql6a4pqz9qbqvdzl40058', '2g3ldgiok19amtmh9p69rbrckyuu3fok20070427JS0000000000000000001514');
INSERT INTO metadata_display_label ( default_locale, oid, site_master, key_name) VALUES ('Cancel Job', '009j4uqpded377msw0awhvevobv94nmw0287', 'www.runwaysdk.com', '009j4uqpded377msw0awhvevobv94nmw0287');
INSERT INTO metadata_display_label ( default_locale, oid, site_master, key_name) VALUES ('Cancel Job', 'zihm249l1eb5qyc1wl1q8yg1w83lg81u0287', 'www.runwaysdk.com', 'zihm249l1eb5qyc1wl1q8yg1w83lg81u0287');
INSERT INTO md_method ( method_name, md_type, is_static, return_type, display_label, oid) VALUES ('cancel', '8ndv254jvk1mw1rql6a4pqz9qbqvdzl40058', 0, 'void', '009j4uqpded377msw0awhvevobv94nmw0287', 'zc2nzl6og7qgura3iaw1osl7av55fuvr20070427JS0000000000000000001514');
INSERT INTO metadata ( description, created_by, owner, oid, create_date, seq, type, remove, site_master, locked_by, entity_domain, last_updated_by, last_update_date, key_name) VALUES ('zihm249l1eb5qyc1wl1q8yg1w83lg81u0287', '000000000000000000000000000000100060', '000000000000000000000000000000100060', 'zc2nzl6og7qgura3iaw1osl7av55fuvr20070427JS0000000000000000001514', '2014-02-10 12:13:54', 4338, 'com.runwaysdk.system.metadata.MdMethod', 1, 'www.runwaysdk.com', NULL, NULL, '000000000000000000000000000000100060', '2014-02-10 12:13:54', 'com.runwaysdk.system.scheduler.ExecutableJob.cancel');
INSERT INTO type_method ( oid, parent_oid, child_oid) VALUES ('8jo4jjnv7na12u4ttsjf65x6w9znvati20070427JS0000000000000000001520', '8ndv254jvk1mw1rql6a4pqz9qbqvdzl40058', 'zc2nzl6og7qgura3iaw1osl7av55fuvr20070427JS0000000000000000001514');
INSERT INTO metadata_relationship ( entity_domain, site_master, last_updated_by, oid, owner, locked_by, create_date, type, created_by, seq, key_name, last_update_date, parent_oid, child_oid) VALUES (NULL, 'www.runwaysdk.com', '000000000000000000000000000000100060', '8jo4jjnv7na12u4ttsjf65x6w9znvati20070427JS0000000000000000001520', '000000000000000000000000000000100060', NULL, '2014-02-10 12:13:54', 'com.runwaysdk.system.metadata.TypeMethod', '000000000000000000000000000000100060', 4339, 'com.runwaysdk.system.scheduler.ExecutableJob.cancel', '2014-02-10 12:13:54', '8ndv254jvk1mw1rql6a4pqz9qbqvdzl40058', 'zc2nzl6og7qgura3iaw1osl7av55fuvr20070427JS0000000000000000001514');
INSERT INTO metadata_display_label ( default_locale, oid, site_master, key_name) VALUES ('Resume Job', 'yw86ohkephwq28t4mxoxlahu1rtgfd6z0287', 'www.runwaysdk.com', 'yw86ohkephwq28t4mxoxlahu1rtgfd6z0287');
INSERT INTO metadata_display_label ( default_locale, oid, site_master, key_name) VALUES ('Resume Job', '1pu0s0hpug90yfn6wmblzqnqcuyyjcl30287', 'www.runwaysdk.com', '1pu0s0hpug90yfn6wmblzqnqcuyyjcl30287');
INSERT INTO md_method ( method_name, md_type, is_static, return_type, display_label, oid) VALUES ('resume', '8ndv254jvk1mw1rql6a4pqz9qbqvdzl40058', 0, 'void', 'yw86ohkephwq28t4mxoxlahu1rtgfd6z0287', 'z7bcb0rzw24p9kz3e3pai45cnikoconf20070427JS0000000000000000001514');
INSERT INTO metadata ( description, created_by, owner, oid, create_date, seq, type, remove, site_master, locked_by, entity_domain, last_updated_by, last_update_date, key_name) VALUES ('1pu0s0hpug90yfn6wmblzqnqcuyyjcl30287', '000000000000000000000000000000100060', '000000000000000000000000000000100060', 'z7bcb0rzw24p9kz3e3pai45cnikoconf20070427JS0000000000000000001514', '2014-02-10 12:13:54', 4340, 'com.runwaysdk.system.metadata.MdMethod', 1, 'www.runwaysdk.com', NULL, NULL, '000000000000000000000000000000100060', '2014-02-10 12:13:54', 'com.runwaysdk.system.scheduler.ExecutableJob.resume');
INSERT INTO type_method ( oid, parent_oid, child_oid) VALUES ('1zcd9ixfaxfd0jadri009qz85uwoyieg20070427JS0000000000000000001520', '8ndv254jvk1mw1rql6a4pqz9qbqvdzl40058', 'z7bcb0rzw24p9kz3e3pai45cnikoconf20070427JS0000000000000000001514');
INSERT INTO metadata_relationship ( entity_domain, site_master, last_updated_by, oid, owner, locked_by, create_date, type, created_by, seq, key_name, last_update_date, parent_oid, child_oid) VALUES (NULL, 'www.runwaysdk.com', '000000000000000000000000000000100060', '1zcd9ixfaxfd0jadri009qz85uwoyieg20070427JS0000000000000000001520', '000000000000000000000000000000100060', NULL, '2014-02-10 12:13:54', 'com.runwaysdk.system.metadata.TypeMethod', '000000000000000000000000000000100060', 4341, 'com.runwaysdk.system.scheduler.ExecutableJob.resume', '2014-02-10 12:13:54', '8ndv254jvk1mw1rql6a4pqz9qbqvdzl40058', 'z7bcb0rzw24p9kz3e3pai45cnikoconf20070427JS0000000000000000001514');
INSERT INTO metadata_display_label ( default_locale, oid, site_master, key_name) VALUES ('Pause Job', 'qskhd7zx3vs0ddarnd2hsnu0znrejhte0287', 'www.runwaysdk.com', 'qskhd7zx3vs0ddarnd2hsnu0znrejhte0287');
INSERT INTO metadata_display_label ( default_locale, oid, site_master, key_name) VALUES ('Pause Job', 'zknsvenpvmxkc3s6gqswb5kbj5fqoo4f0287', 'www.runwaysdk.com', 'zknsvenpvmxkc3s6gqswb5kbj5fqoo4f0287');
INSERT INTO md_method ( method_name, md_type, is_static, return_type, display_label, oid) VALUES ('pause', '8ndv254jvk1mw1rql6a4pqz9qbqvdzl40058', 0, 'void', 'qskhd7zx3vs0ddarnd2hsnu0znrejhte0287', '222ncfvnfem2wkcm05u5cldbn3xkykq620070427JS0000000000000000001514');
INSERT INTO metadata ( description, created_by, owner, oid, create_date, seq, type, remove, site_master, locked_by, entity_domain, last_updated_by, last_update_date, key_name) VALUES ('zknsvenpvmxkc3s6gqswb5kbj5fqoo4f0287', '000000000000000000000000000000100060', '000000000000000000000000000000100060', '222ncfvnfem2wkcm05u5cldbn3xkykq620070427JS0000000000000000001514', '2014-02-10 12:13:54', 4342, 'com.runwaysdk.system.metadata.MdMethod', 1, 'www.runwaysdk.com', NULL, NULL, '000000000000000000000000000000100060', '2014-02-10 12:13:54', 'com.runwaysdk.system.scheduler.ExecutableJob.pause');
INSERT INTO type_method ( oid, parent_oid, child_oid) VALUES ('sz8xc7nwqj2a32k6qfd9r2h5t2q1x79w20070427JS0000000000000000001520', '8ndv254jvk1mw1rql6a4pqz9qbqvdzl40058', '222ncfvnfem2wkcm05u5cldbn3xkykq620070427JS0000000000000000001514');
INSERT INTO metadata_relationship ( entity_domain, site_master, last_updated_by, oid, owner, locked_by, create_date, type, created_by, seq, key_name, last_update_date, parent_oid, child_oid) VALUES (NULL, 'www.runwaysdk.com', '000000000000000000000000000000100060', 'sz8xc7nwqj2a32k6qfd9r2h5t2q1x79w20070427JS0000000000000000001520', '000000000000000000000000000000100060', NULL, '2014-02-10 12:13:54', 'com.runwaysdk.system.metadata.TypeMethod', '000000000000000000000000000000100060', 4343, 'com.runwaysdk.system.scheduler.ExecutableJob.pause', '2014-02-10 12:13:54', '8ndv254jvk1mw1rql6a4pqz9qbqvdzl40058', '222ncfvnfem2wkcm05u5cldbn3xkykq620070427JS0000000000000000001514');
 INSERT INTO struct_cache (set_id, item_id)  VALUES  ('0h59568n5ovjmnbkm352b3krkeni7c41', '000000000000000000000000000002310077');
INSERT INTO metadata_display_label ( default_locale, oid, site_master, key_name) VALUES ('Description', '7f07w3mzl7pqf2nin6d1958z7vacop6x0287', 'www.runwaysdk.com', '7f07w3mzl7pqf2nin6d1958z7vacop6x0287');
INSERT INTO metadata_display_label ( default_locale, oid, site_master, key_name) VALUES ('Description', '27mkncxlal5uek2bzf24i05g79mbf0r50287', 'www.runwaysdk.com', '27mkncxlal5uek2bzf24i05g79mbf0r50287');
INSERT INTO md_local_struct ( oid) VALUES ('qqhfctwvbkzyaocsqynj2u6lejwo2a9m0000000000000000000MdLocalStruct');
INSERT INTO md_struct ( cache_algorithm, cache_algorithm_c, oid) VALUES ('0h59568n5ovjmnbkm352b3krkeni7c41', '000000000000000000000000000002310077', 'qqhfctwvbkzyaocsqynj2u6lejwo2a9m0000000000000000000MdLocalStruct');
INSERT INTO md_entity ( query_dto_source, query_source, cache_size, enforce_site_master, has_deterministic_ids, table_name, oid) VALUES (NULL, NULL, 0, 1, 0, 'executable_job_description', 'qqhfctwvbkzyaocsqynj2u6lejwo2a9m0000000000000000000MdLocalStruct');
INSERT INTO md_class ( publish, stub_dto_source, stub_source, oid) VALUES (1, NULL, NULL, 'qqhfctwvbkzyaocsqynj2u6lejwo2a9m0000000000000000000MdLocalStruct');
INSERT INTO md_type ( display_label, root_id, package_name, type_name, base_source, js_base, js_stub, exported, dto_source, oid) VALUES ('7f07w3mzl7pqf2nin6d1958z7vacop6x0287', 'qqhfctwvbkzyaocsqynj2u6lejwo2a9m', 'com.runwaysdk.system.scheduler', 'ExecutableJobDescription', NULL, NULL, NULL, 1, NULL, 'qqhfctwvbkzyaocsqynj2u6lejwo2a9m0000000000000000000MdLocalStruct');
INSERT INTO metadata ( description, created_by, owner, oid, create_date, seq, type, remove, site_master, locked_by, entity_domain, last_updated_by, last_update_date, key_name) VALUES ('27mkncxlal5uek2bzf24i05g79mbf0r50287', '000000000000000000000000000000100060', '000000000000000000000000000000100060', 'qqhfctwvbkzyaocsqynj2u6lejwo2a9m0000000000000000000MdLocalStruct', '2014-02-10 12:13:54', 4344, 'com.runwaysdk.system.metadata.MdLocalStruct', 1, 'www.runwaysdk.com', NULL, NULL, '000000000000000000000000000000100060', '2014-02-10 12:13:54', 'com.runwaysdk.system.scheduler.ExecutableJobDescription');
CREATE TABLE executable_job_description ( oid CHAR(64) NOT NULL PRIMARY KEY );
 INSERT INTO visibilitymodifier (set_id, item_id)  VALUES  ('8jxqneq3hlba3533gdo89f6g0egahgs4', '20071109NM00000000000000000000050113');
INSERT INTO metadata_display_label ( default_locale, oid, site_master, key_name) VALUES ('ID', '1wmoekk2mabizzkxfog1wdemvqxterz10287', 'www.runwaysdk.com', '1wmoekk2mabizzkxfog1wdemvqxterz10287');
 INSERT INTO visibilitymodifier (set_id, item_id)  VALUES  ('7d5tkae1c9383c7sw8dewqyy1t9vw7kk', '20071109NM00000000000000000000050113');
 INSERT INTO md_attribute_indicies (set_id, item_id)  VALUES  ('24q76vn5xmxw2atv3p55ut5jdpwmq0ss', '000000000000000000000000000004090085');
INSERT INTO metadata_display_label ( default_locale, oid, site_master, key_name) VALUES ('ID of this object', 'xerwr70slsdoa91slt89gcbgvcilkkuo0287', 'www.runwaysdk.com', 'xerwr70slsdoa91slt89gcbgvcilkkuo0287');
INSERT INTO md_attribute_character ( default_value, database_size, oid) VALUES (NULL, 64, '1vmu1sa2yrpmmwa8epcpd60bxokmoo3k0067');
INSERT INTO md_attribute_char ( oid) VALUES ('1vmu1sa2yrpmmwa8epcpd60bxokmoo3k0067');
INSERT INTO md_attribute_primitive ( oid) VALUES ('1vmu1sa2yrpmmwa8epcpd60bxokmoo3k0067');
INSERT INTO md_attribute_concrete ( column_name, defining_md_class, setter_visibility, setter_visibility_c, immutable, index_name, generate_accessor, system, required, display_label, getter_visibility, getter_visibility_c, index_type, index_type_c, attribute_name, oid) VALUES ('oid', 'qqhfctwvbkzyaocsqynj2u6lejwo2a9m0000000000000000000MdLocalStruct', '8jxqneq3hlba3533gdo89f6g0egahgs4', '20071109NM00000000000000000000050113', 0, 'ag0okiwlfl9uem3458g6ckksg54qsr', 1, 1, 1, '1wmoekk2mabizzkxfog1wdemvqxterz10287', '7d5tkae1c9383c7sw8dewqyy1t9vw7kk', '20071109NM00000000000000000000050113', '24q76vn5xmxw2atv3p55ut5jdpwmq0ss', '000000000000000000000000000004090085', 'oid', '1vmu1sa2yrpmmwa8epcpd60bxokmoo3k0067');
INSERT INTO md_attribute ( oid) VALUES ('1vmu1sa2yrpmmwa8epcpd60bxokmoo3k0067');
INSERT INTO metadata ( description, created_by, owner, oid, create_date, seq, type, remove, site_master, locked_by, entity_domain, last_updated_by, last_update_date, key_name) VALUES ('xerwr70slsdoa91slt89gcbgvcilkkuo0287', '000000000000000000000000000000100060', '000000000000000000000000000000100060', '1vmu1sa2yrpmmwa8epcpd60bxokmoo3k0067', '2014-02-10 12:13:54', 4345, 'com.runwaysdk.system.metadata.MdAttributeCharacter', 0, 'www.runwaysdk.com', NULL, NULL, '000000000000000000000000000000100060', '2014-02-10 12:13:54', 'com.runwaysdk.system.scheduler.ExecutableJobDescription.oid');
INSERT INTO class_attribute_concrete ( oid, parent_oid, child_oid) VALUES ('02jzuldl6l7egoukd02lr4cdoq00kfi40245', 'qqhfctwvbkzyaocsqynj2u6lejwo2a9m0000000000000000000MdLocalStruct', '1vmu1sa2yrpmmwa8epcpd60bxokmoo3k0067');
INSERT INTO class_attribute ( oid, parent_oid, child_oid) VALUES ('02jzuldl6l7egoukd02lr4cdoq00kfi40245', 'qqhfctwvbkzyaocsqynj2u6lejwo2a9m0000000000000000000MdLocalStruct', '1vmu1sa2yrpmmwa8epcpd60bxokmoo3k0067');
INSERT INTO metadata_relationship ( entity_domain, site_master, last_updated_by, oid, owner, locked_by, create_date, type, created_by, seq, key_name, last_update_date, parent_oid, child_oid) VALUES (NULL, 'www.runwaysdk.com', '000000000000000000000000000000100060', '02jzuldl6l7egoukd02lr4cdoq00kfi40245', '000000000000000000000000000000100060', NULL, '2014-02-10 12:13:54', 'com.runwaysdk.system.metadata.ClassAttributeConcrete', '000000000000000000000000000000100060', 4346, 'com.runwaysdk.system.scheduler.ExecutableJobDescription.oid', '2014-02-10 12:13:54', 'qqhfctwvbkzyaocsqynj2u6lejwo2a9m0000000000000000000MdLocalStruct', '1vmu1sa2yrpmmwa8epcpd60bxokmoo3k0067');
 INSERT INTO visibilitymodifier (set_id, item_id)  VALUES  ('29bp6jucoydzgpc4fqednxlv5pk9xa9c', '20071109NM00000000000000000000050113');
INSERT INTO metadata_display_label ( default_locale, oid, site_master, key_name) VALUES ('Site Master', 'qq27koa9ftfuh7qhfbkwfkfg3qtej0md0287', 'www.runwaysdk.com', 'qq27koa9ftfuh7qhfbkwfkfg3qtej0md0287');
 INSERT INTO visibilitymodifier (set_id, item_id)  VALUES  ('z9wwlwyp9540gezq4fup1txiq15mtle5', '20071109NM00000000000000000000050113');
 INSERT INTO md_attribute_indicies (set_id, item_id)  VALUES  ('sa0vxbcf9h9ljifpcgwrt26i1ftsbmtf', '000000000000000000000000000004010085');
INSERT INTO metadata_display_label ( default_locale, oid, site_master, key_name) VALUES ('The name of the site responsible for this object', 'z95h843xfufkyz7jysytof2ygzi6zva90287', 'www.runwaysdk.com', 'z95h843xfufkyz7jysytof2ygzi6zva90287');
INSERT INTO md_attribute_character ( default_value, database_size, oid) VALUES (NULL, 255, '1od0069zdhpc0eu18i03nrt7gyly5has0067');
INSERT INTO md_attribute_char ( oid) VALUES ('1od0069zdhpc0eu18i03nrt7gyly5has0067');
INSERT INTO md_attribute_primitive ( oid) VALUES ('1od0069zdhpc0eu18i03nrt7gyly5has0067');
INSERT INTO md_attribute_concrete ( column_name, defining_md_class, setter_visibility, setter_visibility_c, immutable, index_name, generate_accessor, system, required, display_label, getter_visibility, getter_visibility_c, index_type, index_type_c, attribute_name, oid) VALUES ('site_master', 'qqhfctwvbkzyaocsqynj2u6lejwo2a9m0000000000000000000MdLocalStruct', '29bp6jucoydzgpc4fqednxlv5pk9xa9c', '20071109NM00000000000000000000050113', 1, 'a7gteh14gss1jpdqu5s3tyggbp0fy9', 1, 1, 1, 'qq27koa9ftfuh7qhfbkwfkfg3qtej0md0287', 'z9wwlwyp9540gezq4fup1txiq15mtle5', '20071109NM00000000000000000000050113', 'sa0vxbcf9h9ljifpcgwrt26i1ftsbmtf', '000000000000000000000000000004010085', 'siteMaster', '1od0069zdhpc0eu18i03nrt7gyly5has0067');
INSERT INTO md_attribute ( oid) VALUES ('1od0069zdhpc0eu18i03nrt7gyly5has0067');
INSERT INTO metadata ( description, created_by, owner, oid, create_date, seq, type, remove, site_master, locked_by, entity_domain, last_updated_by, last_update_date, key_name) VALUES ('z95h843xfufkyz7jysytof2ygzi6zva90287', '000000000000000000000000000000100060', '000000000000000000000000000000100060', '1od0069zdhpc0eu18i03nrt7gyly5has0067', '2014-02-10 12:13:54', 4347, 'com.runwaysdk.system.metadata.MdAttributeCharacter', 0, 'www.runwaysdk.com', NULL, NULL, '000000000000000000000000000000100060', '2014-02-10 12:13:54', 'com.runwaysdk.system.scheduler.ExecutableJobDescription.siteMaster');
ALTER TABLE executable_job_description ADD COLUMN site_master  varchar(255);
INSERT INTO class_attribute_concrete ( oid, parent_oid, child_oid) VALUES ('zc6ns0k8q35hiuypjatjy1zw3mkoj29i0245', 'qqhfctwvbkzyaocsqynj2u6lejwo2a9m0000000000000000000MdLocalStruct', '1od0069zdhpc0eu18i03nrt7gyly5has0067');
INSERT INTO class_attribute ( oid, parent_oid, child_oid) VALUES ('zc6ns0k8q35hiuypjatjy1zw3mkoj29i0245', 'qqhfctwvbkzyaocsqynj2u6lejwo2a9m0000000000000000000MdLocalStruct', '1od0069zdhpc0eu18i03nrt7gyly5has0067');
INSERT INTO metadata_relationship ( entity_domain, site_master, last_updated_by, oid, owner, locked_by, create_date, type, created_by, seq, key_name, last_update_date, parent_oid, child_oid) VALUES (NULL, 'www.runwaysdk.com', '000000000000000000000000000000100060', 'zc6ns0k8q35hiuypjatjy1zw3mkoj29i0245', '000000000000000000000000000000100060', NULL, '2014-02-10 12:13:54', 'com.runwaysdk.system.metadata.ClassAttributeConcrete', '000000000000000000000000000000100060', 4348, 'com.runwaysdk.system.scheduler.ExecutableJobDescription.siteMaster', '2014-02-10 12:13:54', 'qqhfctwvbkzyaocsqynj2u6lejwo2a9m0000000000000000000MdLocalStruct', '1od0069zdhpc0eu18i03nrt7gyly5has0067');
 INSERT INTO visibilitymodifier (set_id, item_id)  VALUES  ('1qhmu2zc3y495heh4zo20rwq1e79wmx6', '20071109NM00000000000000000000050113');
INSERT INTO metadata_display_label ( default_locale, oid, site_master, key_name) VALUES ('Key Name', '1z3e4ojh7gkkm3lpxtpicmlvkr57n7gl0287', 'www.runwaysdk.com', '1z3e4ojh7gkkm3lpxtpicmlvkr57n7gl0287');
 INSERT INTO visibilitymodifier (set_id, item_id)  VALUES  ('75c380lb9jxx0eaxzdqiuoa5xxc9frof', '20071109NM00000000000000000000050113');
 INSERT INTO md_attribute_indicies (set_id, item_id)  VALUES  ('767q36zlyqxsxv7hhjqz3su45vr6fr91', '000000000000000000000000000004090085');
INSERT INTO metadata_display_label ( default_locale, oid, site_master, key_name) VALUES ('Key which uniquely identifies each instance of this type heirarchy.', '8s3nsxardvfw444l3ne8q6tho7j0iy1b0287', 'www.runwaysdk.com', '8s3nsxardvfw444l3ne8q6tho7j0iy1b0287');
INSERT INTO md_attribute_character ( default_value, database_size, oid) VALUES (NULL, 255, 'qomak9t0la8icbh1mfkvolf24ysqwcd70067');
INSERT INTO md_attribute_char ( oid) VALUES ('qomak9t0la8icbh1mfkvolf24ysqwcd70067');
INSERT INTO md_attribute_primitive ( oid) VALUES ('qomak9t0la8icbh1mfkvolf24ysqwcd70067');
INSERT INTO md_attribute_concrete ( column_name, defining_md_class, setter_visibility, setter_visibility_c, immutable, index_name, generate_accessor, system, required, display_label, getter_visibility, getter_visibility_c, index_type, index_type_c, attribute_name, oid) VALUES ('key_name', 'qqhfctwvbkzyaocsqynj2u6lejwo2a9m0000000000000000000MdLocalStruct', '1qhmu2zc3y495heh4zo20rwq1e79wmx6', '20071109NM00000000000000000000050113', 0, 'ar9hrkybyz4ljmk7ldv7ac2by3tmmt', 1, 0, 1, '1z3e4ojh7gkkm3lpxtpicmlvkr57n7gl0287', '75c380lb9jxx0eaxzdqiuoa5xxc9frof', '20071109NM00000000000000000000050113', '767q36zlyqxsxv7hhjqz3su45vr6fr91', '000000000000000000000000000004090085', 'keyName', 'qomak9t0la8icbh1mfkvolf24ysqwcd70067');
INSERT INTO md_attribute ( oid) VALUES ('qomak9t0la8icbh1mfkvolf24ysqwcd70067');
INSERT INTO metadata ( description, created_by, owner, oid, create_date, seq, type, remove, site_master, locked_by, entity_domain, last_updated_by, last_update_date, key_name) VALUES ('8s3nsxardvfw444l3ne8q6tho7j0iy1b0287', '000000000000000000000000000000100060', '000000000000000000000000000000100060', 'qomak9t0la8icbh1mfkvolf24ysqwcd70067', '2014-02-10 12:13:54', 4349, 'com.runwaysdk.system.metadata.MdAttributeCharacter', 1, 'www.runwaysdk.com', NULL, NULL, '000000000000000000000000000000100060', '2014-02-10 12:13:54', 'com.runwaysdk.system.scheduler.ExecutableJobDescription.keyName');
ALTER TABLE executable_job_description ADD COLUMN key_name  varchar(255);
INSERT INTO class_attribute_concrete ( oid, parent_oid, child_oid) VALUES ('6y44ny4apmbg7spi2unmm8e0v05fa1hg0245', 'qqhfctwvbkzyaocsqynj2u6lejwo2a9m0000000000000000000MdLocalStruct', 'qomak9t0la8icbh1mfkvolf24ysqwcd70067');
INSERT INTO class_attribute ( oid, parent_oid, child_oid) VALUES ('6y44ny4apmbg7spi2unmm8e0v05fa1hg0245', 'qqhfctwvbkzyaocsqynj2u6lejwo2a9m0000000000000000000MdLocalStruct', 'qomak9t0la8icbh1mfkvolf24ysqwcd70067');
INSERT INTO metadata_relationship ( entity_domain, site_master, last_updated_by, oid, owner, locked_by, create_date, type, created_by, seq, key_name, last_update_date, parent_oid, child_oid) VALUES (NULL, 'www.runwaysdk.com', '000000000000000000000000000000100060', '6y44ny4apmbg7spi2unmm8e0v05fa1hg0245', '000000000000000000000000000000100060', NULL, '2014-02-10 12:13:54', 'com.runwaysdk.system.metadata.ClassAttributeConcrete', '000000000000000000000000000000100060', 4350, 'com.runwaysdk.system.scheduler.ExecutableJobDescription.keyName', '2014-02-10 12:13:54', 'qqhfctwvbkzyaocsqynj2u6lejwo2a9m0000000000000000000MdLocalStruct', 'qomak9t0la8icbh1mfkvolf24ysqwcd70067');
CREATE UNIQUE INDEX ar9hrkybyz4ljmk7ldv7ac2by3tmmt ON executable_job_description (key_name);
INSERT INTO metadata_display_label ( default_locale, oid, site_master, key_name) VALUES (NULL, '6r7b3itvt9xwdlscietoznj0qruplc3v0287', 'www.runwaysdk.com', '6r7b3itvt9xwdlscietoznj0qruplc3v0287');
INSERT INTO metadata_display_label ( default_locale, oid, site_master, key_name) VALUES (NULL, '0im06fpct3h745vxb7f6qaf5qgstfr6w0287', 'www.runwaysdk.com', '0im06fpct3h745vxb7f6qaf5qgstfr6w0287');
INSERT INTO md_controller ( stub_source, oid) VALUES (NULL, '1xuzn3m7qujq8xxvhmwym9jhqmamywkv0130');
INSERT INTO md_type ( display_label, root_id, package_name, type_name, base_source, js_base, js_stub, exported, dto_source, oid) VALUES ('6r7b3itvt9xwdlscietoznj0qruplc3v0287', '1xuzn3m7qujq8xxvhmwym9jhqmamywkv', 'com.runwaysdk.system.scheduler', 'ExecutableJobDescriptionController', NULL, NULL, NULL, 1, NULL, '1xuzn3m7qujq8xxvhmwym9jhqmamywkv0130');
INSERT INTO metadata ( description, created_by, owner, oid, create_date, seq, type, remove, site_master, locked_by, entity_domain, last_updated_by, last_update_date, key_name) VALUES ('0im06fpct3h745vxb7f6qaf5qgstfr6w0287', '000000000000000000000000000000100060', '000000000000000000000000000000100060', '1xuzn3m7qujq8xxvhmwym9jhqmamywkv0130', '2014-02-10 12:13:54', 4351, 'com.runwaysdk.system.metadata.MdController', 1, 'www.runwaysdk.com', NULL, NULL, '000000000000000000000000000000100060', '2014-02-10 12:13:54', 'com.runwaysdk.system.scheduler.ExecutableJobDescriptionController');
INSERT INTO metadata_display_label ( default_locale, oid, site_master, key_name) VALUES ('View Page', '2fpvhj881qr84pkkzfp8nuelm8ssfb9n0287', 'www.runwaysdk.com', '2fpvhj881qr84pkkzfp8nuelm8ssfb9n0287');
INSERT INTO metadata_display_label ( default_locale, oid, site_master, key_name) VALUES ('Loads a ViewAll query for a specific page into the request object', 'r1lxknd18mpwvqzvo0uajhw4d1f0uc5r0287', 'www.runwaysdk.com', 'r1lxknd18mpwvqzvo0uajhw4d1f0uc5r0287');
INSERT INTO md_action ( is_query, enclosing_md_controller, is_post, action_name, display_label, oid) VALUES (1, '1xuzn3m7qujq8xxvhmwym9jhqmamywkv0130', 0, 'viewPage', '2fpvhj881qr84pkkzfp8nuelm8ssfb9n0287', 'qxs0m4iil4wgz7yqegr7zqscqn6zquwa0131');
INSERT INTO metadata ( description, created_by, owner, oid, create_date, seq, type, remove, site_master, locked_by, entity_domain, last_updated_by, last_update_date, key_name) VALUES ('r1lxknd18mpwvqzvo0uajhw4d1f0uc5r0287', '000000000000000000000000000000100060', '000000000000000000000000000000100060', 'qxs0m4iil4wgz7yqegr7zqscqn6zquwa0131', '2014-02-10 12:13:54', 4352, 'com.runwaysdk.system.metadata.MdAction', 1, 'www.runwaysdk.com', NULL, NULL, '000000000000000000000000000000100060', '2014-02-10 12:13:54', 'com.runwaysdk.system.scheduler.ExecutableJobDescriptionController.viewPage');
INSERT INTO controller_action ( key_name, locked_by, oid, owner, entity_domain, created_by, type, last_update_date, create_date, seq, last_updated_by, site_master, parent_oid, child_oid) VALUES ('com.runwaysdk.system.scheduler.ExecutableJobDescriptionController.viewPage', NULL, 'zfpcrlj5onbv23hhsdigxvn6bmh4ky0g0264', '000000000000000000000000000000100060', NULL, '000000000000000000000000000000100060', 'com.runwaysdk.system.ControllerAction', '2014-02-10 12:13:54', '2014-02-10 12:13:54', 4353, '000000000000000000000000000000100060', 'www.runwaysdk.com', '1xuzn3m7qujq8xxvhmwym9jhqmamywkv0130', 'qxs0m4iil4wgz7yqegr7zqscqn6zquwa0131');
INSERT INTO metadata_display_label ( default_locale, oid, site_master, key_name) VALUES ('Sort Attribute', '75druietoujdwbkhm3ictciprd6l3gfh0287', 'www.runwaysdk.com', '75druietoujdwbkhm3ictciprd6l3gfh0287');
INSERT INTO metadata_display_label ( default_locale, oid, site_master, key_name) VALUES (NULL, 'znr7il18tx4zqepnjrovsp68ix73giz70287', 'www.runwaysdk.com', 'znr7il18tx4zqepnjrovsp68ix73giz70287');
INSERT INTO md_parameter ( metadata, parameter_order, parameter_name, parameter_type, display_label, oid) VALUES ('qxs0m4iil4wgz7yqegr7zqscqn6zquwa0131', -4, 'sortAttribute', 'java.lang.String', '75druietoujdwbkhm3ictciprd6l3gfh0287', 'swodjp7ki882t408x15crvlzicadqh640110');
INSERT INTO metadata ( description, created_by, owner, oid, create_date, seq, type, remove, site_master, locked_by, entity_domain, last_updated_by, last_update_date, key_name) VALUES ('znr7il18tx4zqepnjrovsp68ix73giz70287', '000000000000000000000000000000100060', '000000000000000000000000000000100060', 'swodjp7ki882t408x15crvlzicadqh640110', '2014-02-10 12:13:54', 4354, 'com.runwaysdk.system.metadata.MdParameter', 1, 'www.runwaysdk.com', NULL, NULL, '000000000000000000000000000000100060', '2014-02-10 12:13:54', 'com.runwaysdk.system.scheduler.ExecutableJobDescriptionController.viewPage.sortAttribute');
INSERT INTO metadata_parameter ( site_master, last_updated_by, create_date, seq, locked_by, entity_domain, created_by, type, last_update_date, key_name, owner, oid, parent_oid, child_oid) VALUES ('www.runwaysdk.com', '000000000000000000000000000000100060', '2014-02-10 12:13:54', 4355, NULL, NULL, '000000000000000000000000000000100060', 'com.runwaysdk.system.MetadataParameter', '2014-02-10 12:13:54', 'com.runwaysdk.system.scheduler.ExecutableJobDescriptionController.viewPage.sortAttribute', '000000000000000000000000000000100060', '080rsmh21idaxm5h5sd2de0vxuymrcu30256', 'qxs0m4iil4wgz7yqegr7zqscqn6zquwa0131', 'swodjp7ki882t408x15crvlzicadqh640110');
INSERT INTO metadata_display_label ( default_locale, oid, site_master, key_name) VALUES ('Is Ascending', '6x3lwj48cmn0qmw1x1esm3jkriiikioj0287', 'www.runwaysdk.com', '6x3lwj48cmn0qmw1x1esm3jkriiikioj0287');
INSERT INTO metadata_display_label ( default_locale, oid, site_master, key_name) VALUES (NULL, '6sqmbgr9y7v19frst6gw7jci8bwm7rfi0287', 'www.runwaysdk.com', '6sqmbgr9y7v19frst6gw7jci8bwm7rfi0287');
INSERT INTO md_parameter ( metadata, parameter_order, parameter_name, parameter_type, display_label, oid) VALUES ('qxs0m4iil4wgz7yqegr7zqscqn6zquwa0131', -3, 'isAscending', 'java.lang.Boolean', '6x3lwj48cmn0qmw1x1esm3jkriiikioj0287', 'xhwacvrt9c8c4izabxcwco7tko50rzvk0110');
INSERT INTO metadata ( description, created_by, owner, oid, create_date, seq, type, remove, site_master, locked_by, entity_domain, last_updated_by, last_update_date, key_name) VALUES ('6sqmbgr9y7v19frst6gw7jci8bwm7rfi0287', '000000000000000000000000000000100060', '000000000000000000000000000000100060', 'xhwacvrt9c8c4izabxcwco7tko50rzvk0110', '2014-02-10 12:13:54', 4356, 'com.runwaysdk.system.metadata.MdParameter', 1, 'www.runwaysdk.com', NULL, NULL, '000000000000000000000000000000100060', '2014-02-10 12:13:54', 'com.runwaysdk.system.scheduler.ExecutableJobDescriptionController.viewPage.isAscending');
INSERT INTO metadata_parameter ( site_master, last_updated_by, create_date, seq, locked_by, entity_domain, created_by, type, last_update_date, key_name, owner, oid, parent_oid, child_oid) VALUES ('www.runwaysdk.com', '000000000000000000000000000000100060', '2014-02-10 12:13:54', 4357, NULL, NULL, '000000000000000000000000000000100060', 'com.runwaysdk.system.MetadataParameter', '2014-02-10 12:13:54', 'com.runwaysdk.system.scheduler.ExecutableJobDescriptionController.viewPage.isAscending', '000000000000000000000000000000100060', 'r7i154bbpelblyunpg5f35rhs0lec7xn0256', 'qxs0m4iil4wgz7yqegr7zqscqn6zquwa0131', 'xhwacvrt9c8c4izabxcwco7tko50rzvk0110');
INSERT INTO metadata_display_label ( default_locale, oid, site_master, key_name) VALUES ('Page Size', 'xd8u7ltdtpzfrys8u6wuygxmhksqwrzs0287', 'www.runwaysdk.com', 'xd8u7ltdtpzfrys8u6wuygxmhksqwrzs0287');
INSERT INTO metadata_display_label ( default_locale, oid, site_master, key_name) VALUES (NULL, 'sl6xahjgqtwn1wwlm56owqzz4xhc2wxv0287', 'www.runwaysdk.com', 'sl6xahjgqtwn1wwlm56owqzz4xhc2wxv0287');
INSERT INTO md_parameter ( metadata, parameter_order, parameter_name, parameter_type, display_label, oid) VALUES ('qxs0m4iil4wgz7yqegr7zqscqn6zquwa0131', -2, 'pageSize', 'java.lang.Integer', 'xd8u7ltdtpzfrys8u6wuygxmhksqwrzs0287', '8hck4kadtwi2i4u4xhmxeqj6968dcpkm0110');
INSERT INTO metadata ( description, created_by, owner, oid, create_date, seq, type, remove, site_master, locked_by, entity_domain, last_updated_by, last_update_date, key_name) VALUES ('sl6xahjgqtwn1wwlm56owqzz4xhc2wxv0287', '000000000000000000000000000000100060', '000000000000000000000000000000100060', '8hck4kadtwi2i4u4xhmxeqj6968dcpkm0110', '2014-02-10 12:13:54', 4358, 'com.runwaysdk.system.metadata.MdParameter', 1, 'www.runwaysdk.com', NULL, NULL, '000000000000000000000000000000100060', '2014-02-10 12:13:54', 'com.runwaysdk.system.scheduler.ExecutableJobDescriptionController.viewPage.pageSize');
INSERT INTO metadata_parameter ( site_master, last_updated_by, create_date, seq, locked_by, entity_domain, created_by, type, last_update_date, key_name, owner, oid, parent_oid, child_oid) VALUES ('www.runwaysdk.com', '000000000000000000000000000000100060', '2014-02-10 12:13:54', 4359, NULL, NULL, '000000000000000000000000000000100060', 'com.runwaysdk.system.MetadataParameter', '2014-02-10 12:13:54', 'com.runwaysdk.system.scheduler.ExecutableJobDescriptionController.viewPage.pageSize', '000000000000000000000000000000100060', 'r8bjhuy4um0wizlkg0iwubox1c3wpu9g0256', 'qxs0m4iil4wgz7yqegr7zqscqn6zquwa0131', '8hck4kadtwi2i4u4xhmxeqj6968dcpkm0110');
INSERT INTO metadata_display_label ( default_locale, oid, site_master, key_name) VALUES ('Page Number', '6trrumyayon9ho54urwm5jzyspuzup3g0287', 'www.runwaysdk.com', '6trrumyayon9ho54urwm5jzyspuzup3g0287');
INSERT INTO metadata_display_label ( default_locale, oid, site_master, key_name) VALUES (NULL, '25drxcj8ukdqzpz2i6diqdvgs4q85b6a0287', 'www.runwaysdk.com', '25drxcj8ukdqzpz2i6diqdvgs4q85b6a0287');
INSERT INTO md_parameter ( metadata, parameter_order, parameter_name, parameter_type, display_label, oid) VALUES ('qxs0m4iil4wgz7yqegr7zqscqn6zquwa0131', -1, 'pageNumber', 'java.lang.Integer', '6trrumyayon9ho54urwm5jzyspuzup3g0287', '2c8w4cxf35ywvcq4h5eysbllkf20w0zb0110');
INSERT INTO metadata ( description, created_by, owner, oid, create_date, seq, type, remove, site_master, locked_by, entity_domain, last_updated_by, last_update_date, key_name) VALUES ('25drxcj8ukdqzpz2i6diqdvgs4q85b6a0287', '000000000000000000000000000000100060', '000000000000000000000000000000100060', '2c8w4cxf35ywvcq4h5eysbllkf20w0zb0110', '2014-02-10 12:13:54', 4360, 'com.runwaysdk.system.metadata.MdParameter', 1, 'www.runwaysdk.com', NULL, NULL, '000000000000000000000000000000100060', '2014-02-10 12:13:54', 'com.runwaysdk.system.scheduler.ExecutableJobDescriptionController.viewPage.pageNumber');
INSERT INTO metadata_parameter ( site_master, last_updated_by, create_date, seq, locked_by, entity_domain, created_by, type, last_update_date, key_name, owner, oid, parent_oid, child_oid) VALUES ('www.runwaysdk.com', '000000000000000000000000000000100060', '2014-02-10 12:13:54', 4361, NULL, NULL, '000000000000000000000000000000100060', 'com.runwaysdk.system.MetadataParameter', '2014-02-10 12:13:54', 'com.runwaysdk.system.scheduler.ExecutableJobDescriptionController.viewPage.pageNumber', '000000000000000000000000000000100060', '8r5vot3gzlrdq4zz9igpxmlecqz1eq7v0256', 'qxs0m4iil4wgz7yqegr7zqscqn6zquwa0131', '2c8w4cxf35ywvcq4h5eysbllkf20w0zb0110');
INSERT INTO metadata_display_label ( default_locale, oid, site_master, key_name) VALUES ('View All', '8ycmijfganjrja0ov7p4pu0g72vyhl1v0287', 'www.runwaysdk.com', '8ycmijfganjrja0ov7p4pu0g72vyhl1v0287');
INSERT INTO metadata_display_label ( default_locale, oid, site_master, key_name) VALUES ('Loads a ViewAll query with the default settings', '2e13jwhvhzolcxe0els94nmk549z1cr40287', 'www.runwaysdk.com', '2e13jwhvhzolcxe0els94nmk549z1cr40287');
INSERT INTO md_action ( is_query, enclosing_md_controller, is_post, action_name, display_label, oid) VALUES (0, '1xuzn3m7qujq8xxvhmwym9jhqmamywkv0130', 0, 'viewAll', '8ycmijfganjrja0ov7p4pu0g72vyhl1v0287', 'zml23fxpve4978v8qzldyhxyrxzmlzhw0131');
INSERT INTO metadata ( description, created_by, owner, oid, create_date, seq, type, remove, site_master, locked_by, entity_domain, last_updated_by, last_update_date, key_name) VALUES ('2e13jwhvhzolcxe0els94nmk549z1cr40287', '000000000000000000000000000000100060', '000000000000000000000000000000100060', 'zml23fxpve4978v8qzldyhxyrxzmlzhw0131', '2014-02-10 12:13:54', 4362, 'com.runwaysdk.system.metadata.MdAction', 1, 'www.runwaysdk.com', NULL, NULL, '000000000000000000000000000000100060', '2014-02-10 12:13:54', 'com.runwaysdk.system.scheduler.ExecutableJobDescriptionController.viewAll');
INSERT INTO controller_action ( key_name, locked_by, oid, owner, entity_domain, created_by, type, last_update_date, create_date, seq, last_updated_by, site_master, parent_oid, child_oid) VALUES ('com.runwaysdk.system.scheduler.ExecutableJobDescriptionController.viewAll', NULL, '02t00pd4yltvhvrer6lqva9qshevuz100264', '000000000000000000000000000000100060', NULL, '000000000000000000000000000000100060', 'com.runwaysdk.system.ControllerAction', '2014-02-10 12:13:54', '2014-02-10 12:13:54', 4363, '000000000000000000000000000000100060', 'www.runwaysdk.com', '1xuzn3m7qujq8xxvhmwym9jhqmamywkv0130', 'zml23fxpve4978v8qzldyhxyrxzmlzhw0131');
INSERT INTO metadata_display_label ( default_locale, oid, site_master, key_name) VALUES ('View', 'zi85figkzxaqnoyvnqfkq2xg8thv6ofb0287', 'www.runwaysdk.com', 'zi85figkzxaqnoyvnqfkq2xg8thv6ofb0287');
INSERT INTO metadata_display_label ( default_locale, oid, site_master, key_name) VALUES ('View an existing instance of com.runwaysdk.system.scheduler.ExecutableJobDescription', 'ra2ndmfcf3ssef0shjjt9kzri277i9qn0287', 'www.runwaysdk.com', 'ra2ndmfcf3ssef0shjjt9kzri277i9qn0287');
INSERT INTO md_action ( is_query, enclosing_md_controller, is_post, action_name, display_label, oid) VALUES (0, '1xuzn3m7qujq8xxvhmwym9jhqmamywkv0130', 0, 'view', 'zi85figkzxaqnoyvnqfkq2xg8thv6ofb0287', '0kceiyxfcuzlnysmqnjem5y9z3iingun0131');
INSERT INTO metadata ( description, created_by, owner, oid, create_date, seq, type, remove, site_master, locked_by, entity_domain, last_updated_by, last_update_date, key_name) VALUES ('ra2ndmfcf3ssef0shjjt9kzri277i9qn0287', '000000000000000000000000000000100060', '000000000000000000000000000000100060', '0kceiyxfcuzlnysmqnjem5y9z3iingun0131', '2014-02-10 12:13:54', 4364, 'com.runwaysdk.system.metadata.MdAction', 1, 'www.runwaysdk.com', NULL, NULL, '000000000000000000000000000000100060', '2014-02-10 12:13:54', 'com.runwaysdk.system.scheduler.ExecutableJobDescriptionController.view');
INSERT INTO controller_action ( key_name, locked_by, oid, owner, entity_domain, created_by, type, last_update_date, create_date, seq, last_updated_by, site_master, parent_oid, child_oid) VALUES ('com.runwaysdk.system.scheduler.ExecutableJobDescriptionController.view', NULL, '1qet04npshhwx55ofedgdfuj538xdvbf0264', '000000000000000000000000000000100060', NULL, '000000000000000000000000000000100060', 'com.runwaysdk.system.ControllerAction', '2014-02-10 12:13:54', '2014-02-10 12:13:54', 4365, '000000000000000000000000000000100060', 'www.runwaysdk.com', '1xuzn3m7qujq8xxvhmwym9jhqmamywkv0130', '0kceiyxfcuzlnysmqnjem5y9z3iingun0131');
INSERT INTO metadata_display_label ( default_locale, oid, site_master, key_name) VALUES ('Parameter: com.runwaysdk.system.scheduler.ExecutableJobDescription - oid', '6v5bjiqxf1hczui5i6lq8btu1j3hlxld0287', 'www.runwaysdk.com', '6v5bjiqxf1hczui5i6lq8btu1j3hlxld0287');
INSERT INTO metadata_display_label ( default_locale, oid, site_master, key_name) VALUES ('Id of com.runwaysdk.system.scheduler.ExecutableJobDescription to view.', 'qzaajfwhxo2yvs77ml1fqx4thwyj5ko10287', 'www.runwaysdk.com', 'qzaajfwhxo2yvs77ml1fqx4thwyj5ko10287');
INSERT INTO md_parameter ( metadata, parameter_order, parameter_name, parameter_type, display_label, oid) VALUES ('0kceiyxfcuzlnysmqnjem5y9z3iingun0131', 0, 'oid', 'java.lang.String', '6v5bjiqxf1hczui5i6lq8btu1j3hlxld0287', '23kww3mz2tq9uvevttfggm3j4ab938ch0110');
INSERT INTO metadata ( description, created_by, owner, oid, create_date, seq, type, remove, site_master, locked_by, entity_domain, last_updated_by, last_update_date, key_name) VALUES ('qzaajfwhxo2yvs77ml1fqx4thwyj5ko10287', '000000000000000000000000000000100060', '000000000000000000000000000000100060', '23kww3mz2tq9uvevttfggm3j4ab938ch0110', '2014-02-10 12:13:54', 4366, 'com.runwaysdk.system.metadata.MdParameter', 1, 'www.runwaysdk.com', NULL, NULL, '000000000000000000000000000000100060', '2014-02-10 12:13:54', 'com.runwaysdk.system.scheduler.ExecutableJobDescriptionController.view.oid');
INSERT INTO metadata_parameter ( site_master, last_updated_by, create_date, seq, locked_by, entity_domain, created_by, type, last_update_date, key_name, owner, oid, parent_oid, child_oid) VALUES ('www.runwaysdk.com', '000000000000000000000000000000100060', '2014-02-10 12:13:54', 4367, NULL, NULL, '000000000000000000000000000000100060', 'com.runwaysdk.system.MetadataParameter', '2014-02-10 12:13:54', 'com.runwaysdk.system.scheduler.ExecutableJobDescriptionController.view.oid', '000000000000000000000000000000100060', '79b4hpsttxghm3k2jw9q56rjehkb2c0j0256', '0kceiyxfcuzlnysmqnjem5y9z3iingun0131', '23kww3mz2tq9uvevttfggm3j4ab938ch0110');
INSERT INTO metadata_display_label ( default_locale, oid, site_master, key_name) VALUES ('New Instance', 'st0jv5s0ue5zxc7fjpzvb9naiji6ezxu0287', 'www.runwaysdk.com', 'st0jv5s0ue5zxc7fjpzvb9naiji6ezxu0287');
INSERT INTO metadata_display_label ( default_locale, oid, site_master, key_name) VALUES ('Loads a new instance of com.runwaysdk.system.scheduler.ExecutableJobDescription into the request object', '06rqmz6mhf956a77z4xw4u7umuv17tfs0287', 'www.runwaysdk.com', '06rqmz6mhf956a77z4xw4u7umuv17tfs0287');
INSERT INTO md_action ( is_query, enclosing_md_controller, is_post, action_name, display_label, oid) VALUES (0, '1xuzn3m7qujq8xxvhmwym9jhqmamywkv0130', 0, 'newInstance', 'st0jv5s0ue5zxc7fjpzvb9naiji6ezxu0287', '04ivwxo47ewczxyotsahmwy1fsvcimhs0131');
INSERT INTO metadata ( description, created_by, owner, oid, create_date, seq, type, remove, site_master, locked_by, entity_domain, last_updated_by, last_update_date, key_name) VALUES ('06rqmz6mhf956a77z4xw4u7umuv17tfs0287', '000000000000000000000000000000100060', '000000000000000000000000000000100060', '04ivwxo47ewczxyotsahmwy1fsvcimhs0131', '2014-02-10 12:13:54', 4368, 'com.runwaysdk.system.metadata.MdAction', 1, 'www.runwaysdk.com', NULL, NULL, '000000000000000000000000000000100060', '2014-02-10 12:13:54', 'com.runwaysdk.system.scheduler.ExecutableJobDescriptionController.newInstance');
INSERT INTO controller_action ( key_name, locked_by, oid, owner, entity_domain, created_by, type, last_update_date, create_date, seq, last_updated_by, site_master, parent_oid, child_oid) VALUES ('com.runwaysdk.system.scheduler.ExecutableJobDescriptionController.newInstance', NULL, '0q3i6k9pk8es3y3c4zuzl7whj5481cj20264', '000000000000000000000000000000100060', NULL, '000000000000000000000000000000100060', 'com.runwaysdk.system.ControllerAction', '2014-02-10 12:13:54', '2014-02-10 12:13:54', 4369, '000000000000000000000000000000100060', 'www.runwaysdk.com', '1xuzn3m7qujq8xxvhmwym9jhqmamywkv0130', '04ivwxo47ewczxyotsahmwy1fsvcimhs0131');
INSERT INTO metadata_display_label ( default_locale, oid, site_master, key_name) VALUES ('Create', 'xmqb0ha8ugit0sj8fsk9kbvowk26gabr0287', 'www.runwaysdk.com', 'xmqb0ha8ugit0sj8fsk9kbvowk26gabr0287');
INSERT INTO metadata_display_label ( default_locale, oid, site_master, key_name) VALUES ('Applys a new instance of com.runwaysdk.system.scheduler.ExecutableJobDescription', '1stdno93zvifk3ou0ksslwvyjb62koxb0287', 'www.runwaysdk.com', '1stdno93zvifk3ou0ksslwvyjb62koxb0287');
INSERT INTO md_action ( is_query, enclosing_md_controller, is_post, action_name, display_label, oid) VALUES (0, '1xuzn3m7qujq8xxvhmwym9jhqmamywkv0130', 1, 'create', 'xmqb0ha8ugit0sj8fsk9kbvowk26gabr0287', 'zjro2c18902lwna8trrtgg5x30l0cs3h0131');
INSERT INTO metadata ( description, created_by, owner, oid, create_date, seq, type, remove, site_master, locked_by, entity_domain, last_updated_by, last_update_date, key_name) VALUES ('1stdno93zvifk3ou0ksslwvyjb62koxb0287', '000000000000000000000000000000100060', '000000000000000000000000000000100060', 'zjro2c18902lwna8trrtgg5x30l0cs3h0131', '2014-02-10 12:13:54', 4370, 'com.runwaysdk.system.metadata.MdAction', 1, 'www.runwaysdk.com', NULL, NULL, '000000000000000000000000000000100060', '2014-02-10 12:13:54', 'com.runwaysdk.system.scheduler.ExecutableJobDescriptionController.create');
INSERT INTO controller_action ( key_name, locked_by, oid, owner, entity_domain, created_by, type, last_update_date, create_date, seq, last_updated_by, site_master, parent_oid, child_oid) VALUES ('com.runwaysdk.system.scheduler.ExecutableJobDescriptionController.create', NULL, 'ze38023xx8hg3q7lrbpwnwe9njmk13ai0264', '000000000000000000000000000000100060', NULL, '000000000000000000000000000000100060', 'com.runwaysdk.system.ControllerAction', '2014-02-10 12:13:54', '2014-02-10 12:13:54', 4371, '000000000000000000000000000000100060', 'www.runwaysdk.com', '1xuzn3m7qujq8xxvhmwym9jhqmamywkv0130', 'zjro2c18902lwna8trrtgg5x30l0cs3h0131');
INSERT INTO metadata_display_label ( default_locale, oid, site_master, key_name) VALUES ('Parameter: com.runwaysdk.system.scheduler.ExecutableJobDescription', '920kg74048x5rp76bdoj528a25autei50287', 'www.runwaysdk.com', '920kg74048x5rp76bdoj528a25autei50287');
INSERT INTO metadata_display_label ( default_locale, oid, site_master, key_name) VALUES ('com.runwaysdk.system.scheduler.ExecutableJobDescription to apply to the database', '0tbsa0dx4so03bp4rsio8zwkbsvnqh8u0287', 'www.runwaysdk.com', '0tbsa0dx4so03bp4rsio8zwkbsvnqh8u0287');
INSERT INTO md_parameter ( metadata, parameter_order, parameter_name, parameter_type, display_label, oid) VALUES ('zjro2c18902lwna8trrtgg5x30l0cs3h0131', 0, 'dto', 'com.runwaysdk.system.scheduler.ExecutableJobDescription', '920kg74048x5rp76bdoj528a25autei50287', 'qn4vac2ns6s6393ucu4pdllvel4meq6x0110');
INSERT INTO metadata ( description, created_by, owner, oid, create_date, seq, type, remove, site_master, locked_by, entity_domain, last_updated_by, last_update_date, key_name) VALUES ('0tbsa0dx4so03bp4rsio8zwkbsvnqh8u0287', '000000000000000000000000000000100060', '000000000000000000000000000000100060', 'qn4vac2ns6s6393ucu4pdllvel4meq6x0110', '2014-02-10 12:13:54', 4372, 'com.runwaysdk.system.metadata.MdParameter', 1, 'www.runwaysdk.com', NULL, NULL, '000000000000000000000000000000100060', '2014-02-10 12:13:54', 'com.runwaysdk.system.scheduler.ExecutableJobDescriptionController.create.dto');
INSERT INTO metadata_parameter ( site_master, last_updated_by, create_date, seq, locked_by, entity_domain, created_by, type, last_update_date, key_name, owner, oid, parent_oid, child_oid) VALUES ('www.runwaysdk.com', '000000000000000000000000000000100060', '2014-02-10 12:13:54', 4373, NULL, NULL, '000000000000000000000000000000100060', 'com.runwaysdk.system.MetadataParameter', '2014-02-10 12:13:54', 'com.runwaysdk.system.scheduler.ExecutableJobDescriptionController.create.dto', '000000000000000000000000000000100060', '7233j0v8szac7oz8rz0jpycl0qj1cpgo0256', 'zjro2c18902lwna8trrtgg5x30l0cs3h0131', 'qn4vac2ns6s6393ucu4pdllvel4meq6x0110');
INSERT INTO metadata_display_label ( default_locale, oid, site_master, key_name) VALUES ('edit', '7gsmhbsmo4mqfznhfohqt8t20u3ycm510287', 'www.runwaysdk.com', '7gsmhbsmo4mqfznhfohqt8t20u3ycm510287');
INSERT INTO metadata_display_label ( default_locale, oid, site_master, key_name) VALUES ('Applys an existing instance of com.runwaysdk.system.scheduler.ExecutableJobDescription', 'z0wopl76qxxii2bd9n36n8hkrjs7acrt0287', 'www.runwaysdk.com', 'z0wopl76qxxii2bd9n36n8hkrjs7acrt0287');
INSERT INTO md_action ( is_query, enclosing_md_controller, is_post, action_name, display_label, oid) VALUES (0, '1xuzn3m7qujq8xxvhmwym9jhqmamywkv0130', 0, 'edit', '7gsmhbsmo4mqfznhfohqt8t20u3ycm510287', '73bauzv0xto4yafbf0iry7bbonat7tsb0131');
INSERT INTO metadata ( description, created_by, owner, oid, create_date, seq, type, remove, site_master, locked_by, entity_domain, last_updated_by, last_update_date, key_name) VALUES ('z0wopl76qxxii2bd9n36n8hkrjs7acrt0287', '000000000000000000000000000000100060', '000000000000000000000000000000100060', '73bauzv0xto4yafbf0iry7bbonat7tsb0131', '2014-02-10 12:13:54', 4374, 'com.runwaysdk.system.metadata.MdAction', 1, 'www.runwaysdk.com', NULL, NULL, '000000000000000000000000000000100060', '2014-02-10 12:13:54', 'com.runwaysdk.system.scheduler.ExecutableJobDescriptionController.edit');
INSERT INTO controller_action ( key_name, locked_by, oid, owner, entity_domain, created_by, type, last_update_date, create_date, seq, last_updated_by, site_master, parent_oid, child_oid) VALUES ('com.runwaysdk.system.scheduler.ExecutableJobDescriptionController.edit', NULL, '702x2c84phtctwamnptxe5avr5m3hsr60264', '000000000000000000000000000000100060', NULL, '000000000000000000000000000000100060', 'com.runwaysdk.system.ControllerAction', '2014-02-10 12:13:54', '2014-02-10 12:13:54', 4375, '000000000000000000000000000000100060', 'www.runwaysdk.com', '1xuzn3m7qujq8xxvhmwym9jhqmamywkv0130', '73bauzv0xto4yafbf0iry7bbonat7tsb0131');
INSERT INTO metadata_display_label ( default_locale, oid, site_master, key_name) VALUES ('Parameter: com.runwaysdk.system.scheduler.ExecutableJobDescription', '8rwk6kyfhj5ss9bccoy54ajmb4ap55k00287', 'www.runwaysdk.com', '8rwk6kyfhj5ss9bccoy54ajmb4ap55k00287');
INSERT INTO metadata_display_label ( default_locale, oid, site_master, key_name) VALUES ('com.runwaysdk.system.scheduler.ExecutableJobDescription to apply to the database', 'xtvckgf5al03g76vtq2ya7umnx2jx2tt0287', 'www.runwaysdk.com', 'xtvckgf5al03g76vtq2ya7umnx2jx2tt0287');
INSERT INTO md_parameter ( metadata, parameter_order, parameter_name, parameter_type, display_label, oid) VALUES ('73bauzv0xto4yafbf0iry7bbonat7tsb0131', 0, 'oid', 'java.lang.String', '8rwk6kyfhj5ss9bccoy54ajmb4ap55k00287', '70hoki3mxnpyacfory63hzm58ocwp4vw0110');
INSERT INTO metadata ( description, created_by, owner, oid, create_date, seq, type, remove, site_master, locked_by, entity_domain, last_updated_by, last_update_date, key_name) VALUES ('xtvckgf5al03g76vtq2ya7umnx2jx2tt0287', '000000000000000000000000000000100060', '000000000000000000000000000000100060', '70hoki3mxnpyacfory63hzm58ocwp4vw0110', '2014-02-10 12:13:54', 4376, 'com.runwaysdk.system.metadata.MdParameter', 1, 'www.runwaysdk.com', NULL, NULL, '000000000000000000000000000000100060', '2014-02-10 12:13:54', 'com.runwaysdk.system.scheduler.ExecutableJobDescriptionController.edit.oid');
INSERT INTO metadata_parameter ( site_master, last_updated_by, create_date, seq, locked_by, entity_domain, created_by, type, last_update_date, key_name, owner, oid, parent_oid, child_oid) VALUES ('www.runwaysdk.com', '000000000000000000000000000000100060', '2014-02-10 12:13:54', 4377, NULL, NULL, '000000000000000000000000000000100060', 'com.runwaysdk.system.MetadataParameter', '2014-02-10 12:13:54', 'com.runwaysdk.system.scheduler.ExecutableJobDescriptionController.edit.oid', '000000000000000000000000000000100060', 'zfl26s01xej2e3gcin87hy0g9s5n1col0256', '73bauzv0xto4yafbf0iry7bbonat7tsb0131', '70hoki3mxnpyacfory63hzm58ocwp4vw0110');
INSERT INTO metadata_display_label ( default_locale, oid, site_master, key_name) VALUES ('update', 'zhqsrpiwm5en4yqc6rt1k8stdbeqwmsw0287', 'www.runwaysdk.com', 'zhqsrpiwm5en4yqc6rt1k8stdbeqwmsw0287');
INSERT INTO metadata_display_label ( default_locale, oid, site_master, key_name) VALUES ('Applys an existing instance of com.runwaysdk.system.scheduler.ExecutableJobDescription', '1r6iywo2eriflmiz0bw60zgsyekk1gz00287', 'www.runwaysdk.com', '1r6iywo2eriflmiz0bw60zgsyekk1gz00287');
INSERT INTO md_action ( is_query, enclosing_md_controller, is_post, action_name, display_label, oid) VALUES (0, '1xuzn3m7qujq8xxvhmwym9jhqmamywkv0130', 1, 'update', 'zhqsrpiwm5en4yqc6rt1k8stdbeqwmsw0287', '8tp48m1pb7umfkf3gby7bci148pz563r0131');
INSERT INTO metadata ( description, created_by, owner, oid, create_date, seq, type, remove, site_master, locked_by, entity_domain, last_updated_by, last_update_date, key_name) VALUES ('1r6iywo2eriflmiz0bw60zgsyekk1gz00287', '000000000000000000000000000000100060', '000000000000000000000000000000100060', '8tp48m1pb7umfkf3gby7bci148pz563r0131', '2014-02-10 12:13:54', 4378, 'com.runwaysdk.system.metadata.MdAction', 1, 'www.runwaysdk.com', NULL, NULL, '000000000000000000000000000000100060', '2014-02-10 12:13:54', 'com.runwaysdk.system.scheduler.ExecutableJobDescriptionController.update');
INSERT INTO controller_action ( key_name, locked_by, oid, owner, entity_domain, created_by, type, last_update_date, create_date, seq, last_updated_by, site_master, parent_oid, child_oid) VALUES ('com.runwaysdk.system.scheduler.ExecutableJobDescriptionController.update', NULL, 'xbyt73nm18xp1zjomqd0i5r7tqdunslz0264', '000000000000000000000000000000100060', NULL, '000000000000000000000000000000100060', 'com.runwaysdk.system.ControllerAction', '2014-02-10 12:13:54', '2014-02-10 12:13:54', 4379, '000000000000000000000000000000100060', 'www.runwaysdk.com', '1xuzn3m7qujq8xxvhmwym9jhqmamywkv0130', '8tp48m1pb7umfkf3gby7bci148pz563r0131');
INSERT INTO metadata_display_label ( default_locale, oid, site_master, key_name) VALUES ('Parameter: com.runwaysdk.system.scheduler.ExecutableJobDescription - dto', '6nmuvr8858a2tq3o70otlqh7yr5y3rtw0287', 'www.runwaysdk.com', '6nmuvr8858a2tq3o70otlqh7yr5y3rtw0287');
INSERT INTO metadata_display_label ( default_locale, oid, site_master, key_name) VALUES ('com.runwaysdk.system.scheduler.ExecutableJobDescription to apply to the database', '07joijq0n70eduii3xmzp3ry0sdlhvz20287', 'www.runwaysdk.com', '07joijq0n70eduii3xmzp3ry0sdlhvz20287');
INSERT INTO md_parameter ( metadata, parameter_order, parameter_name, parameter_type, display_label, oid) VALUES ('8tp48m1pb7umfkf3gby7bci148pz563r0131', 0, 'dto', 'com.runwaysdk.system.scheduler.ExecutableJobDescription', '6nmuvr8858a2tq3o70otlqh7yr5y3rtw0287', '745zlf1vbtpclftz5sbghmvxqt103dyb0110');
INSERT INTO metadata ( description, created_by, owner, oid, create_date, seq, type, remove, site_master, locked_by, entity_domain, last_updated_by, last_update_date, key_name) VALUES ('07joijq0n70eduii3xmzp3ry0sdlhvz20287', '000000000000000000000000000000100060', '000000000000000000000000000000100060', '745zlf1vbtpclftz5sbghmvxqt103dyb0110', '2014-02-10 12:13:54', 4380, 'com.runwaysdk.system.metadata.MdParameter', 1, 'www.runwaysdk.com', NULL, NULL, '000000000000000000000000000000100060', '2014-02-10 12:13:54', 'com.runwaysdk.system.scheduler.ExecutableJobDescriptionController.update.dto');
INSERT INTO metadata_parameter ( site_master, last_updated_by, create_date, seq, locked_by, entity_domain, created_by, type, last_update_date, key_name, owner, oid, parent_oid, child_oid) VALUES ('www.runwaysdk.com', '000000000000000000000000000000100060', '2014-02-10 12:13:54', 4381, NULL, NULL, '000000000000000000000000000000100060', 'com.runwaysdk.system.MetadataParameter', '2014-02-10 12:13:54', 'com.runwaysdk.system.scheduler.ExecutableJobDescriptionController.update.dto', '000000000000000000000000000000100060', 'zlp1sb9y7dmi0q8j05kbxel4ngzl2c9y0256', '8tp48m1pb7umfkf3gby7bci148pz563r0131', '745zlf1vbtpclftz5sbghmvxqt103dyb0110');
INSERT INTO metadata_display_label ( default_locale, oid, site_master, key_name) VALUES ('cancel', '6vohwxv9j1vis3mjwgx3sb0k7kn32ksv0287', 'www.runwaysdk.com', '6vohwxv9j1vis3mjwgx3sb0k7kn32ksv0287');
INSERT INTO metadata_display_label ( default_locale, oid, site_master, key_name) VALUES ('Unlocks an instance com.runwaysdk.system.scheduler.ExecutableJobDescription', '05j814hixunfetlr89u4vozhmxf2oyjb0287', 'www.runwaysdk.com', '05j814hixunfetlr89u4vozhmxf2oyjb0287');
INSERT INTO md_action ( is_query, enclosing_md_controller, is_post, action_name, display_label, oid) VALUES (0, '1xuzn3m7qujq8xxvhmwym9jhqmamywkv0130', 1, 'cancel', '6vohwxv9j1vis3mjwgx3sb0k7kn32ksv0287', 'zj9s2lwhhtpkdwb4vba1cx8ptodvmx690131');
INSERT INTO metadata ( description, created_by, owner, oid, create_date, seq, type, remove, site_master, locked_by, entity_domain, last_updated_by, last_update_date, key_name) VALUES ('05j814hixunfetlr89u4vozhmxf2oyjb0287', '000000000000000000000000000000100060', '000000000000000000000000000000100060', 'zj9s2lwhhtpkdwb4vba1cx8ptodvmx690131', '2014-02-10 12:13:54', 4382, 'com.runwaysdk.system.metadata.MdAction', 1, 'www.runwaysdk.com', NULL, NULL, '000000000000000000000000000000100060', '2014-02-10 12:13:54', 'com.runwaysdk.system.scheduler.ExecutableJobDescriptionController.cancel');
INSERT INTO controller_action ( key_name, locked_by, oid, owner, entity_domain, created_by, type, last_update_date, create_date, seq, last_updated_by, site_master, parent_oid, child_oid) VALUES ('com.runwaysdk.system.scheduler.ExecutableJobDescriptionController.cancel', NULL, '1umqkt6544r9bqo2rv61kbcvi76xlojw0264', '000000000000000000000000000000100060', NULL, '000000000000000000000000000000100060', 'com.runwaysdk.system.ControllerAction', '2014-02-10 12:13:54', '2014-02-10 12:13:54', 4383, '000000000000000000000000000000100060', 'www.runwaysdk.com', '1xuzn3m7qujq8xxvhmwym9jhqmamywkv0130', 'zj9s2lwhhtpkdwb4vba1cx8ptodvmx690131');
INSERT INTO metadata_display_label ( default_locale, oid, site_master, key_name) VALUES ('Parameter: com.runwaysdk.system.scheduler.ExecutableJobDescription - dto', 'srfpzxx8m1pr3e33czz97je3d6jicuyq0287', 'www.runwaysdk.com', 'srfpzxx8m1pr3e33czz97je3d6jicuyq0287');
INSERT INTO metadata_display_label ( default_locale, oid, site_master, key_name) VALUES ('com.runwaysdk.system.scheduler.ExecutableJobDescription to unlock', 'xeaiv02m6quiqvcrpium5eby9ns5c05u0287', 'www.runwaysdk.com', 'xeaiv02m6quiqvcrpium5eby9ns5c05u0287');
INSERT INTO md_parameter ( metadata, parameter_order, parameter_name, parameter_type, display_label, oid) VALUES ('zj9s2lwhhtpkdwb4vba1cx8ptodvmx690131', 0, 'dto', 'com.runwaysdk.system.scheduler.ExecutableJobDescription', 'srfpzxx8m1pr3e33czz97je3d6jicuyq0287', '6xy6bwng1ttxhc98g50qk35ngut8aiup0110');
INSERT INTO metadata ( description, created_by, owner, oid, create_date, seq, type, remove, site_master, locked_by, entity_domain, last_updated_by, last_update_date, key_name) VALUES ('xeaiv02m6quiqvcrpium5eby9ns5c05u0287', '000000000000000000000000000000100060', '000000000000000000000000000000100060', '6xy6bwng1ttxhc98g50qk35ngut8aiup0110', '2014-02-10 12:13:54', 4384, 'com.runwaysdk.system.metadata.MdParameter', 1, 'www.runwaysdk.com', NULL, NULL, '000000000000000000000000000000100060', '2014-02-10 12:13:54', 'com.runwaysdk.system.scheduler.ExecutableJobDescriptionController.cancel.dto');
INSERT INTO metadata_parameter ( site_master, last_updated_by, create_date, seq, locked_by, entity_domain, created_by, type, last_update_date, key_name, owner, oid, parent_oid, child_oid) VALUES ('www.runwaysdk.com', '000000000000000000000000000000100060', '2014-02-10 12:13:54', 4385, NULL, NULL, '000000000000000000000000000000100060', 'com.runwaysdk.system.MetadataParameter', '2014-02-10 12:13:54', 'com.runwaysdk.system.scheduler.ExecutableJobDescriptionController.cancel.dto', '000000000000000000000000000000100060', 'r2fz5chm0tou9wlaph1zmmbtwbhp7q7o0256', 'zj9s2lwhhtpkdwb4vba1cx8ptodvmx690131', '6xy6bwng1ttxhc98g50qk35ngut8aiup0110');
INSERT INTO metadata_display_label ( default_locale, oid, site_master, key_name) VALUES ('delete', '766gkd22vncizr5w3ewcl20hvrrienx90287', 'www.runwaysdk.com', '766gkd22vncizr5w3ewcl20hvrrienx90287');
INSERT INTO metadata_display_label ( default_locale, oid, site_master, key_name) VALUES ('Delete an instance of com.runwaysdk.system.scheduler.ExecutableJobDescription', '7cfu8q8staczk4aze6byvmezb5j06qyn0287', 'www.runwaysdk.com', '7cfu8q8staczk4aze6byvmezb5j06qyn0287');
INSERT INTO md_action ( is_query, enclosing_md_controller, is_post, action_name, display_label, oid) VALUES (0, '1xuzn3m7qujq8xxvhmwym9jhqmamywkv0130', 1, 'delete', '766gkd22vncizr5w3ewcl20hvrrienx90287', 'x8etolc4gzx90j2diz6lma17s9hd52f00131');
INSERT INTO metadata ( description, created_by, owner, oid, create_date, seq, type, remove, site_master, locked_by, entity_domain, last_updated_by, last_update_date, key_name) VALUES ('7cfu8q8staczk4aze6byvmezb5j06qyn0287', '000000000000000000000000000000100060', '000000000000000000000000000000100060', 'x8etolc4gzx90j2diz6lma17s9hd52f00131', '2014-02-10 12:13:54', 4386, 'com.runwaysdk.system.metadata.MdAction', 1, 'www.runwaysdk.com', NULL, NULL, '000000000000000000000000000000100060', '2014-02-10 12:13:54', 'com.runwaysdk.system.scheduler.ExecutableJobDescriptionController.delete');
INSERT INTO controller_action ( key_name, locked_by, oid, owner, entity_domain, created_by, type, last_update_date, create_date, seq, last_updated_by, site_master, parent_oid, child_oid) VALUES ('com.runwaysdk.system.scheduler.ExecutableJobDescriptionController.delete', NULL, 'sbp8vjhdidqjc1xtgpepy9ye059dwfr40264', '000000000000000000000000000000100060', NULL, '000000000000000000000000000000100060', 'com.runwaysdk.system.ControllerAction', '2014-02-10 12:13:54', '2014-02-10 12:13:54', 4387, '000000000000000000000000000000100060', 'www.runwaysdk.com', '1xuzn3m7qujq8xxvhmwym9jhqmamywkv0130', 'x8etolc4gzx90j2diz6lma17s9hd52f00131');
INSERT INTO metadata_display_label ( default_locale, oid, site_master, key_name) VALUES ('Parameter: com.runwaysdk.system.scheduler.ExecutableJobDescription - dto', 'ywcr30m8ur2msfru7lljqv1266o8pb5r0287', 'www.runwaysdk.com', 'ywcr30m8ur2msfru7lljqv1266o8pb5r0287');
INSERT INTO metadata_display_label ( default_locale, oid, site_master, key_name) VALUES ('com.runwaysdk.system.scheduler.ExecutableJobDescription to delete', '8pz2bidnso5jmmgef4vzf2o7xwqf4mdq0287', 'www.runwaysdk.com', '8pz2bidnso5jmmgef4vzf2o7xwqf4mdq0287');
INSERT INTO md_parameter ( metadata, parameter_order, parameter_name, parameter_type, display_label, oid) VALUES ('x8etolc4gzx90j2diz6lma17s9hd52f00131', 0, 'dto', 'com.runwaysdk.system.scheduler.ExecutableJobDescription', 'ywcr30m8ur2msfru7lljqv1266o8pb5r0287', 'qtq0e5i3tnaqqpykk91psum3ojhv1zf00110');
INSERT INTO metadata ( description, created_by, owner, oid, create_date, seq, type, remove, site_master, locked_by, entity_domain, last_updated_by, last_update_date, key_name) VALUES ('8pz2bidnso5jmmgef4vzf2o7xwqf4mdq0287', '000000000000000000000000000000100060', '000000000000000000000000000000100060', 'qtq0e5i3tnaqqpykk91psum3ojhv1zf00110', '2014-02-10 12:13:54', 4388, 'com.runwaysdk.system.metadata.MdParameter', 1, 'www.runwaysdk.com', NULL, NULL, '000000000000000000000000000000100060', '2014-02-10 12:13:54', 'com.runwaysdk.system.scheduler.ExecutableJobDescriptionController.delete.dto');
INSERT INTO metadata_parameter ( site_master, last_updated_by, create_date, seq, locked_by, entity_domain, created_by, type, last_update_date, key_name, owner, oid, parent_oid, child_oid) VALUES ('www.runwaysdk.com', '000000000000000000000000000000100060', '2014-02-10 12:13:54', 4389, NULL, NULL, '000000000000000000000000000000100060', 'com.runwaysdk.system.MetadataParameter', '2014-02-10 12:13:54', 'com.runwaysdk.system.scheduler.ExecutableJobDescriptionController.delete.dto', '000000000000000000000000000000100060', 'slajqdtopk97hf6krbvhlvc60qgwaz3e0256', 'x8etolc4gzx90j2diz6lma17s9hd52f00131', 'qtq0e5i3tnaqqpykk91psum3ojhv1zf00110');
 INSERT INTO visibilitymodifier (set_id, item_id)  VALUES  ('zfjjak6v5mqlla3rlxr1ov5colvup7oy', '20071109NM00000000000000000000050113');
INSERT INTO metadata_display_label ( default_locale, oid, site_master, key_name) VALUES ('Description', 'zo0jlldh0wgtuvomst0czb9ust1l4eys0287', 'www.runwaysdk.com', 'zo0jlldh0wgtuvomst0czb9ust1l4eys0287');
 INSERT INTO visibilitymodifier (set_id, item_id)  VALUES  ('qrp999egcopqj6ce3v5fgsdnzc7ur8fc', '20071109NM00000000000000000000050113');
 INSERT INTO md_attribute_indicies (set_id, item_id)  VALUES  ('92gux0dm57wayvwpj1yupm1hzegqregy', '000000000000000000000000000004010085');
INSERT INTO metadata_display_label ( default_locale, oid, site_master, key_name) VALUES ('Description', '6raqn2stqdqhz3wdat52o6qxi941s0pg0287', 'www.runwaysdk.com', '6raqn2stqdqhz3wdat52o6qxi941s0pg0287');
INSERT INTO md_attribute_local_character ( oid) VALUES ('qp4ia9xc9kba5b1w9i6rgvzykr7hz9j80133');
INSERT INTO md_attribute_local ( oid) VALUES ('qp4ia9xc9kba5b1w9i6rgvzykr7hz9j80133');
INSERT INTO md_attribute_struct ( md_struct, oid) VALUES ('qqhfctwvbkzyaocsqynj2u6lejwo2a9m0000000000000000000MdLocalStruct', 'qp4ia9xc9kba5b1w9i6rgvzykr7hz9j80133');
INSERT INTO md_attribute_concrete ( column_name, defining_md_class, setter_visibility, setter_visibility_c, immutable, index_name, generate_accessor, system, required, display_label, getter_visibility, getter_visibility_c, index_type, index_type_c, attribute_name, oid) VALUES ('description', '8ndv254jvk1mw1rql6a4pqz9qbqvdzl40058', 'zfjjak6v5mqlla3rlxr1ov5colvup7oy', '20071109NM00000000000000000000050113', 0, 'agvabqk827diys92iua1y1jvx39fsc', 1, 0, 1, 'zo0jlldh0wgtuvomst0czb9ust1l4eys0287', 'qrp999egcopqj6ce3v5fgsdnzc7ur8fc', '20071109NM00000000000000000000050113', '92gux0dm57wayvwpj1yupm1hzegqregy', '000000000000000000000000000004010085', 'description', 'qp4ia9xc9kba5b1w9i6rgvzykr7hz9j80133');
INSERT INTO md_attribute ( oid) VALUES ('qp4ia9xc9kba5b1w9i6rgvzykr7hz9j80133');
INSERT INTO metadata ( description, created_by, owner, oid, create_date, seq, type, remove, site_master, locked_by, entity_domain, last_updated_by, last_update_date, key_name) VALUES ('6raqn2stqdqhz3wdat52o6qxi941s0pg0287', '000000000000000000000000000000100060', '000000000000000000000000000000100060', 'qp4ia9xc9kba5b1w9i6rgvzykr7hz9j80133', '2014-02-10 12:13:54', 4390, 'com.runwaysdk.system.metadata.MdAttributeLocalCharacter', 1, 'www.runwaysdk.com', NULL, NULL, '000000000000000000000000000000100060', '2014-02-10 12:13:54', 'com.runwaysdk.system.scheduler.ExecutableJob.description');
ALTER TABLE executable_job ADD COLUMN description  char(64);
INSERT INTO class_attribute_concrete ( oid, parent_oid, child_oid) VALUES ('zde4i8w0hlpr70swp6bexfg6zac6hn9s0245', '8ndv254jvk1mw1rql6a4pqz9qbqvdzl40058', 'qp4ia9xc9kba5b1w9i6rgvzykr7hz9j80133');
INSERT INTO class_attribute ( oid, parent_oid, child_oid) VALUES ('zde4i8w0hlpr70swp6bexfg6zac6hn9s0245', '8ndv254jvk1mw1rql6a4pqz9qbqvdzl40058', 'qp4ia9xc9kba5b1w9i6rgvzykr7hz9j80133');
INSERT INTO metadata_relationship ( entity_domain, site_master, last_updated_by, oid, owner, locked_by, create_date, type, created_by, seq, key_name, last_update_date, parent_oid, child_oid) VALUES (NULL, 'www.runwaysdk.com', '000000000000000000000000000000100060', 'zde4i8w0hlpr70swp6bexfg6zac6hn9s0245', '000000000000000000000000000000100060', NULL, '2014-02-10 12:13:54', 'com.runwaysdk.system.metadata.ClassAttributeConcrete', '000000000000000000000000000000100060', 4391, 'com.runwaysdk.system.scheduler.ExecutableJob.description', '2014-02-10 12:13:54', '8ndv254jvk1mw1rql6a4pqz9qbqvdzl40058', 'qp4ia9xc9kba5b1w9i6rgvzykr7hz9j80133');
 INSERT INTO visibilitymodifier (set_id, item_id)  VALUES  ('6sd3pdc7vydfv0ob7x8s4qojrn1wvtne', '20071109NM00000000000000000000050113');
INSERT INTO metadata_display_label ( default_locale, oid, site_master, key_name) VALUES ('Default Locale', 'r48qp6wc55g59rbfrn18qhu7ciow0qbt0287', 'www.runwaysdk.com', 'r48qp6wc55g59rbfrn18qhu7ciow0qbt0287');
 INSERT INTO visibilitymodifier (set_id, item_id)  VALUES  ('0kjhclwgzu7rp6fir95llhjej22yp1rx', '20071109NM00000000000000000000050113');
 INSERT INTO md_attribute_indicies (set_id, item_id)  VALUES  ('xp1249yxs7e7p50gnbtdsyc0y4ekx5fa', '000000000000000000000000000004010085');
INSERT INTO metadata_display_label ( default_locale, oid, site_master, key_name) VALUES ('Default locale', '6u3ze65znsksgdtra1abcfogec9tqg4c0287', 'www.runwaysdk.com', '6u3ze65znsksgdtra1abcfogec9tqg4c0287');
INSERT INTO md_attribute_character ( default_value, database_size, oid) VALUES (NULL, 4000, '7g1wn6zc531fojdpokckb89zdvw5x4mj0067');
INSERT INTO md_attribute_char ( oid) VALUES ('7g1wn6zc531fojdpokckb89zdvw5x4mj0067');
INSERT INTO md_attribute_primitive ( oid) VALUES ('7g1wn6zc531fojdpokckb89zdvw5x4mj0067');
INSERT INTO md_attribute_concrete ( column_name, defining_md_class, setter_visibility, setter_visibility_c, immutable, index_name, generate_accessor, system, required, display_label, getter_visibility, getter_visibility_c, index_type, index_type_c, attribute_name, oid) VALUES ('default_locale', 'qqhfctwvbkzyaocsqynj2u6lejwo2a9m0000000000000000000MdLocalStruct', '6sd3pdc7vydfv0ob7x8s4qojrn1wvtne', '20071109NM00000000000000000000050113', 0, 'adyh4oz573s3ktuz0l4ousooi8l5ud', 0, 0, 0, 'r48qp6wc55g59rbfrn18qhu7ciow0qbt0287', '0kjhclwgzu7rp6fir95llhjej22yp1rx', '20071109NM00000000000000000000050113', 'xp1249yxs7e7p50gnbtdsyc0y4ekx5fa', '000000000000000000000000000004010085', 'defaultLocale', '7g1wn6zc531fojdpokckb89zdvw5x4mj0067');
INSERT INTO md_attribute ( oid) VALUES ('7g1wn6zc531fojdpokckb89zdvw5x4mj0067');
INSERT INTO metadata ( description, created_by, owner, oid, create_date, seq, type, remove, site_master, locked_by, entity_domain, last_updated_by, last_update_date, key_name) VALUES ('6u3ze65znsksgdtra1abcfogec9tqg4c0287', '000000000000000000000000000000100060', '000000000000000000000000000000100060', '7g1wn6zc531fojdpokckb89zdvw5x4mj0067', '2014-02-10 12:13:54', 4392, 'com.runwaysdk.system.metadata.MdAttributeCharacter', 1, 'www.runwaysdk.com', NULL, NULL, '000000000000000000000000000000100060', '2014-02-10 12:13:54', 'com.runwaysdk.system.scheduler.ExecutableJobDescription.defaultLocale');
ALTER TABLE executable_job_description ADD COLUMN default_locale  varchar(4000);
INSERT INTO class_attribute_concrete ( oid, parent_oid, child_oid) VALUES ('qzhoxbbu1m01q98oyp8ihmf8e2ogejco0245', 'qqhfctwvbkzyaocsqynj2u6lejwo2a9m0000000000000000000MdLocalStruct', '7g1wn6zc531fojdpokckb89zdvw5x4mj0067');
INSERT INTO class_attribute ( oid, parent_oid, child_oid) VALUES ('qzhoxbbu1m01q98oyp8ihmf8e2ogejco0245', 'qqhfctwvbkzyaocsqynj2u6lejwo2a9m0000000000000000000MdLocalStruct', '7g1wn6zc531fojdpokckb89zdvw5x4mj0067');
INSERT INTO metadata_relationship ( entity_domain, site_master, last_updated_by, oid, owner, locked_by, create_date, type, created_by, seq, key_name, last_update_date, parent_oid, child_oid) VALUES (NULL, 'www.runwaysdk.com', '000000000000000000000000000000100060', 'qzhoxbbu1m01q98oyp8ihmf8e2ogejco0245', '000000000000000000000000000000100060', NULL, '2014-02-10 12:13:54', 'com.runwaysdk.system.metadata.ClassAttributeConcrete', '000000000000000000000000000000100060', 4393, 'com.runwaysdk.system.scheduler.ExecutableJobDescription.defaultLocale', '2014-02-10 12:13:54', 'qqhfctwvbkzyaocsqynj2u6lejwo2a9m0000000000000000000MdLocalStruct', '7g1wn6zc531fojdpokckb89zdvw5x4mj0067');
 INSERT INTO visibilitymodifier (set_id, item_id)  VALUES  ('yy8tkzvbh2e12qcwdcdy8uz9rihmyqzx', '20071109NM00000000000000000000050113');
INSERT INTO metadata_display_label ( default_locale, oid, site_master, key_name) VALUES ('Job Id', 'swua33brubm0eiy7xnauj4m8m4938ip50287', 'www.runwaysdk.com', 'swua33brubm0eiy7xnauj4m8m4938ip50287');
 INSERT INTO visibilitymodifier (set_id, item_id)  VALUES  ('097qntfysq71wz3qnbyrgnynjkiwmx3c', '20071109NM00000000000000000000050113');
 INSERT INTO md_attribute_indicies (set_id, item_id)  VALUES  ('1vsfp9fjwt2hcsh87fk4p7a0t53rnsj0', '000000000000000000000000000004090085');
INSERT INTO metadata_display_label ( default_locale, oid, site_master, key_name) VALUES ('Job Id', 'symigc7rd7fsw6wlerfdmmgm4reooh6r0287', 'www.runwaysdk.com', 'symigc7rd7fsw6wlerfdmmgm4reooh6r0287');
INSERT INTO md_attribute_character ( default_value, database_size, oid) VALUES (NULL, 64, 'qx1xxd1bzpaucwiqwdgncx85ml5qk0li0067');
INSERT INTO md_attribute_char ( oid) VALUES ('qx1xxd1bzpaucwiqwdgncx85ml5qk0li0067');
INSERT INTO md_attribute_primitive ( oid) VALUES ('qx1xxd1bzpaucwiqwdgncx85ml5qk0li0067');
INSERT INTO md_attribute_concrete ( column_name, defining_md_class, setter_visibility, setter_visibility_c, immutable, index_name, generate_accessor, system, required, display_label, getter_visibility, getter_visibility_c, index_type, index_type_c, attribute_name, oid) VALUES ('job_id', '8ndv254jvk1mw1rql6a4pqz9qbqvdzl40058', 'yy8tkzvbh2e12qcwdcdy8uz9rihmyqzx', '20071109NM00000000000000000000050113', 0, 'asvuxqyqsaj9j09y4lt1xrdkmtcsrz', 1, 0, 1, 'swua33brubm0eiy7xnauj4m8m4938ip50287', '097qntfysq71wz3qnbyrgnynjkiwmx3c', '20071109NM00000000000000000000050113', '1vsfp9fjwt2hcsh87fk4p7a0t53rnsj0', '000000000000000000000000000004090085', 'jobId', 'qx1xxd1bzpaucwiqwdgncx85ml5qk0li0067');
INSERT INTO md_attribute ( oid) VALUES ('qx1xxd1bzpaucwiqwdgncx85ml5qk0li0067');
INSERT INTO metadata ( description, created_by, owner, oid, create_date, seq, type, remove, site_master, locked_by, entity_domain, last_updated_by, last_update_date, key_name) VALUES ('symigc7rd7fsw6wlerfdmmgm4reooh6r0287', '000000000000000000000000000000100060', '000000000000000000000000000000100060', 'qx1xxd1bzpaucwiqwdgncx85ml5qk0li0067', '2014-02-10 12:13:54', 4394, 'com.runwaysdk.system.metadata.MdAttributeCharacter', 1, 'www.runwaysdk.com', NULL, NULL, '000000000000000000000000000000100060', '2014-02-10 12:13:54', 'com.runwaysdk.system.scheduler.ExecutableJob.jobId');
ALTER TABLE executable_job ADD COLUMN job_id  varchar(64);
INSERT INTO class_attribute_concrete ( oid, parent_oid, child_oid) VALUES ('zc5pfeispsqai16gf31ryf0jlh01z0100245', '8ndv254jvk1mw1rql6a4pqz9qbqvdzl40058', 'qx1xxd1bzpaucwiqwdgncx85ml5qk0li0067');
INSERT INTO class_attribute ( oid, parent_oid, child_oid) VALUES ('zc5pfeispsqai16gf31ryf0jlh01z0100245', '8ndv254jvk1mw1rql6a4pqz9qbqvdzl40058', 'qx1xxd1bzpaucwiqwdgncx85ml5qk0li0067');
INSERT INTO metadata_relationship ( entity_domain, site_master, last_updated_by, oid, owner, locked_by, create_date, type, created_by, seq, key_name, last_update_date, parent_oid, child_oid) VALUES (NULL, 'www.runwaysdk.com', '000000000000000000000000000000100060', 'zc5pfeispsqai16gf31ryf0jlh01z0100245', '000000000000000000000000000000100060', NULL, '2014-02-10 12:13:54', 'com.runwaysdk.system.metadata.ClassAttributeConcrete', '000000000000000000000000000000100060', 4395, 'com.runwaysdk.system.scheduler.ExecutableJob.jobId', '2014-02-10 12:13:54', '8ndv254jvk1mw1rql6a4pqz9qbqvdzl40058', 'qx1xxd1bzpaucwiqwdgncx85ml5qk0li0067');
CREATE UNIQUE INDEX asvuxqyqsaj9j09y4lt1xrdkmtcsrz ON executable_job (job_id);
 INSERT INTO class_cache (set_id, item_id)  VALUES  ('6u43ua7ikp6culh1d3vqn2yd9zpswowe', '000000000000000000000000000002310077');
INSERT INTO metadata_display_label ( default_locale, oid, site_master, key_name) VALUES ('Qualified Type Job', 'qpyiwa2858lcvkyrd33qgu9nhr3uc5da0287', 'www.runwaysdk.com', 'qpyiwa2858lcvkyrd33qgu9nhr3uc5da0287');
INSERT INTO metadata_display_label ( default_locale, oid, site_master, key_name) VALUES ('Qualified Type Job', 'xzq5zj1z1be84k5vkeb4cdwregs5qs7a0287', 'www.runwaysdk.com', 'xzq5zj1z1be84k5vkeb4cdwregs5qs7a0287');
INSERT INTO md_business ( cache_algorithm, cache_algorithm_c, super_md_business, oid) VALUES ('6u43ua7ikp6culh1d3vqn2yd9zpswowe', '000000000000000000000000000002310077', '8ndv254jvk1mw1rql6a4pqz9qbqvdzl40058', 'xwa6z189dcyrqfsje4e0x0a4r2tixpug0058');
INSERT INTO md_element ( extendable, is_abstract, oid) VALUES (1, 0, 'xwa6z189dcyrqfsje4e0x0a4r2tixpug0058');
INSERT INTO md_entity ( query_dto_source, query_source, cache_size, enforce_site_master, has_deterministic_ids, table_name, oid) VALUES (NULL, NULL, 0, 1, 0, 'qualified_type_job', 'xwa6z189dcyrqfsje4e0x0a4r2tixpug0058');
INSERT INTO md_class ( publish, stub_dto_source, stub_source, oid) VALUES (1, NULL, NULL, 'xwa6z189dcyrqfsje4e0x0a4r2tixpug0058');
INSERT INTO md_type ( display_label, root_id, package_name, type_name, base_source, js_base, js_stub, exported, dto_source, oid) VALUES ('qpyiwa2858lcvkyrd33qgu9nhr3uc5da0287', 'xwa6z189dcyrqfsje4e0x0a4r2tixpug', 'com.runwaysdk.system.scheduler', 'QualifiedTypeJob', NULL, NULL, NULL, 1, NULL, 'xwa6z189dcyrqfsje4e0x0a4r2tixpug0058');
INSERT INTO metadata ( description, created_by, owner, oid, create_date, seq, type, remove, site_master, locked_by, entity_domain, last_updated_by, last_update_date, key_name) VALUES ('xzq5zj1z1be84k5vkeb4cdwregs5qs7a0287', '000000000000000000000000000000100060', '000000000000000000000000000000100060', 'xwa6z189dcyrqfsje4e0x0a4r2tixpug0058', '2014-02-10 12:13:54', 4396, 'com.runwaysdk.system.metadata.MdBusiness', 1, 'www.runwaysdk.com', NULL, NULL, '000000000000000000000000000000100060', '2014-02-10 12:13:54', 'com.runwaysdk.system.scheduler.QualifiedTypeJob');
CREATE TABLE qualified_type_job ( oid CHAR(64) NOT NULL PRIMARY KEY );
INSERT INTO metadata_display_label ( default_locale, oid, site_master, key_name) VALUES (NULL, '0cy932qyc9vpcrxeusbkakv6nlyyiv3f0287', 'www.runwaysdk.com', '0cy932qyc9vpcrxeusbkakv6nlyyiv3f0287');
INSERT INTO metadata_display_label ( default_locale, oid, site_master, key_name) VALUES (NULL, '7b46didkj3zifm1l42omu9bt7ywoxb0h0287', 'www.runwaysdk.com', '7b46didkj3zifm1l42omu9bt7ywoxb0h0287');
INSERT INTO md_controller ( stub_source, oid) VALUES (NULL, '2bxydw0neffoda5qsaeb2s5h7hhghyg30130');
INSERT INTO md_type ( display_label, root_id, package_name, type_name, base_source, js_base, js_stub, exported, dto_source, oid) VALUES ('0cy932qyc9vpcrxeusbkakv6nlyyiv3f0287', '2bxydw0neffoda5qsaeb2s5h7hhghyg3', 'com.runwaysdk.system.scheduler', 'QualifiedTypeJobController', NULL, NULL, NULL, 1, NULL, '2bxydw0neffoda5qsaeb2s5h7hhghyg30130');
INSERT INTO metadata ( description, created_by, owner, oid, create_date, seq, type, remove, site_master, locked_by, entity_domain, last_updated_by, last_update_date, key_name) VALUES ('7b46didkj3zifm1l42omu9bt7ywoxb0h0287', '000000000000000000000000000000100060', '000000000000000000000000000000100060', '2bxydw0neffoda5qsaeb2s5h7hhghyg30130', '2014-02-10 12:13:54', 4397, 'com.runwaysdk.system.metadata.MdController', 1, 'www.runwaysdk.com', NULL, NULL, '000000000000000000000000000000100060', '2014-02-10 12:13:54', 'com.runwaysdk.system.scheduler.QualifiedTypeJobController');
INSERT INTO metadata_display_label ( default_locale, oid, site_master, key_name) VALUES ('View Page', '6tbf3thxvd5gaxxnlqi9l085oc8rkovc0287', 'www.runwaysdk.com', '6tbf3thxvd5gaxxnlqi9l085oc8rkovc0287');
INSERT INTO metadata_display_label ( default_locale, oid, site_master, key_name) VALUES ('Loads a ViewAll query for a specific page into the request object', 'ra4hjy24ecwzg0ywcggg80n7pkg78ets0287', 'www.runwaysdk.com', 'ra4hjy24ecwzg0ywcggg80n7pkg78ets0287');
INSERT INTO md_action ( is_query, enclosing_md_controller, is_post, action_name, display_label, oid) VALUES (1, '2bxydw0neffoda5qsaeb2s5h7hhghyg30130', 0, 'viewPage', '6tbf3thxvd5gaxxnlqi9l085oc8rkovc0287', 'xil9bszppbvvkwqgmvwchnd4fvlhmdel0131');
INSERT INTO metadata ( description, created_by, owner, oid, create_date, seq, type, remove, site_master, locked_by, entity_domain, last_updated_by, last_update_date, key_name) VALUES ('ra4hjy24ecwzg0ywcggg80n7pkg78ets0287', '000000000000000000000000000000100060', '000000000000000000000000000000100060', 'xil9bszppbvvkwqgmvwchnd4fvlhmdel0131', '2014-02-10 12:13:54', 4398, 'com.runwaysdk.system.metadata.MdAction', 1, 'www.runwaysdk.com', NULL, NULL, '000000000000000000000000000000100060', '2014-02-10 12:13:54', 'com.runwaysdk.system.scheduler.QualifiedTypeJobController.viewPage');
INSERT INTO controller_action ( key_name, locked_by, oid, owner, entity_domain, created_by, type, last_update_date, create_date, seq, last_updated_by, site_master, parent_oid, child_oid) VALUES ('com.runwaysdk.system.scheduler.QualifiedTypeJobController.viewPage', NULL, 'r3cvaywba5f2u3augsl5hpht9tfhgjb40264', '000000000000000000000000000000100060', NULL, '000000000000000000000000000000100060', 'com.runwaysdk.system.ControllerAction', '2014-02-10 12:13:54', '2014-02-10 12:13:54', 4399, '000000000000000000000000000000100060', 'www.runwaysdk.com', '2bxydw0neffoda5qsaeb2s5h7hhghyg30130', 'xil9bszppbvvkwqgmvwchnd4fvlhmdel0131');
INSERT INTO metadata_display_label ( default_locale, oid, site_master, key_name) VALUES ('Sort Attribute', 'xmcjymhfnt0b5j3juhuv99q3ckvx64nb0287', 'www.runwaysdk.com', 'xmcjymhfnt0b5j3juhuv99q3ckvx64nb0287');
INSERT INTO metadata_display_label ( default_locale, oid, site_master, key_name) VALUES (NULL, 's9p62dwdxl5bv42jfk82jwv6m9pvduu40287', 'www.runwaysdk.com', 's9p62dwdxl5bv42jfk82jwv6m9pvduu40287');
INSERT INTO md_parameter ( metadata, parameter_order, parameter_name, parameter_type, display_label, oid) VALUES ('xil9bszppbvvkwqgmvwchnd4fvlhmdel0131', -4, 'sortAttribute', 'java.lang.String', 'xmcjymhfnt0b5j3juhuv99q3ckvx64nb0287', 'qxpki1jx78ebpq6vogd9cxoctnwarta60110');
INSERT INTO metadata ( description, created_by, owner, oid, create_date, seq, type, remove, site_master, locked_by, entity_domain, last_updated_by, last_update_date, key_name) VALUES ('s9p62dwdxl5bv42jfk82jwv6m9pvduu40287', '000000000000000000000000000000100060', '000000000000000000000000000000100060', 'qxpki1jx78ebpq6vogd9cxoctnwarta60110', '2014-02-10 12:13:54', 4400, 'com.runwaysdk.system.metadata.MdParameter', 1, 'www.runwaysdk.com', NULL, NULL, '000000000000000000000000000000100060', '2014-02-10 12:13:54', 'com.runwaysdk.system.scheduler.QualifiedTypeJobController.viewPage.sortAttribute');
INSERT INTO metadata_parameter ( site_master, last_updated_by, create_date, seq, locked_by, entity_domain, created_by, type, last_update_date, key_name, owner, oid, parent_oid, child_oid) VALUES ('www.runwaysdk.com', '000000000000000000000000000000100060', '2014-02-10 12:13:54', 4401, NULL, NULL, '000000000000000000000000000000100060', 'com.runwaysdk.system.MetadataParameter', '2014-02-10 12:13:54', 'com.runwaysdk.system.scheduler.QualifiedTypeJobController.viewPage.sortAttribute', '000000000000000000000000000000100060', '1zja70c1kosy57y8m30zhij4x37g8l940256', 'xil9bszppbvvkwqgmvwchnd4fvlhmdel0131', 'qxpki1jx78ebpq6vogd9cxoctnwarta60110');
INSERT INTO metadata_display_label ( default_locale, oid, site_master, key_name) VALUES ('Is Ascending', 'yxaao1vmoptyr3x9mrjn3mfi1j2ag3r10287', 'www.runwaysdk.com', 'yxaao1vmoptyr3x9mrjn3mfi1j2ag3r10287');
INSERT INTO metadata_display_label ( default_locale, oid, site_master, key_name) VALUES (NULL, 'xjt68qdc17oaflf27pzm72a1tvcb87lw0287', 'www.runwaysdk.com', 'xjt68qdc17oaflf27pzm72a1tvcb87lw0287');
INSERT INTO md_parameter ( metadata, parameter_order, parameter_name, parameter_type, display_label, oid) VALUES ('xil9bszppbvvkwqgmvwchnd4fvlhmdel0131', -3, 'isAscending', 'java.lang.Boolean', 'yxaao1vmoptyr3x9mrjn3mfi1j2ag3r10287', '26ckiufcb47ao4ecvobxryo2vch9e0200110');
INSERT INTO metadata ( description, created_by, owner, oid, create_date, seq, type, remove, site_master, locked_by, entity_domain, last_updated_by, last_update_date, key_name) VALUES ('xjt68qdc17oaflf27pzm72a1tvcb87lw0287', '000000000000000000000000000000100060', '000000000000000000000000000000100060', '26ckiufcb47ao4ecvobxryo2vch9e0200110', '2014-02-10 12:13:54', 4402, 'com.runwaysdk.system.metadata.MdParameter', 1, 'www.runwaysdk.com', NULL, NULL, '000000000000000000000000000000100060', '2014-02-10 12:13:54', 'com.runwaysdk.system.scheduler.QualifiedTypeJobController.viewPage.isAscending');
INSERT INTO metadata_parameter ( site_master, last_updated_by, create_date, seq, locked_by, entity_domain, created_by, type, last_update_date, key_name, owner, oid, parent_oid, child_oid) VALUES ('www.runwaysdk.com', '000000000000000000000000000000100060', '2014-02-10 12:13:54', 4403, NULL, NULL, '000000000000000000000000000000100060', 'com.runwaysdk.system.MetadataParameter', '2014-02-10 12:13:54', 'com.runwaysdk.system.scheduler.QualifiedTypeJobController.viewPage.isAscending', '000000000000000000000000000000100060', '260v52cmxcgxg35zpovrnzzh0x5p7hpz0256', 'xil9bszppbvvkwqgmvwchnd4fvlhmdel0131', '26ckiufcb47ao4ecvobxryo2vch9e0200110');
INSERT INTO metadata_display_label ( default_locale, oid, site_master, key_name) VALUES ('Page Size', '92dpq0wjhwt3kgobnc8uyh98boru282t0287', 'www.runwaysdk.com', '92dpq0wjhwt3kgobnc8uyh98boru282t0287');
INSERT INTO metadata_display_label ( default_locale, oid, site_master, key_name) VALUES (NULL, '0726zcw36ht5stlaknchi95kythz7gct0287', 'www.runwaysdk.com', '0726zcw36ht5stlaknchi95kythz7gct0287');
INSERT INTO md_parameter ( metadata, parameter_order, parameter_name, parameter_type, display_label, oid) VALUES ('xil9bszppbvvkwqgmvwchnd4fvlhmdel0131', -2, 'pageSize', 'java.lang.Integer', '92dpq0wjhwt3kgobnc8uyh98boru282t0287', '8i6a446kc1z3b2rwkd55ikrr31q10iqd0110');
INSERT INTO metadata ( description, created_by, owner, oid, create_date, seq, type, remove, site_master, locked_by, entity_domain, last_updated_by, last_update_date, key_name) VALUES ('0726zcw36ht5stlaknchi95kythz7gct0287', '000000000000000000000000000000100060', '000000000000000000000000000000100060', '8i6a446kc1z3b2rwkd55ikrr31q10iqd0110', '2014-02-10 12:13:54', 4404, 'com.runwaysdk.system.metadata.MdParameter', 1, 'www.runwaysdk.com', NULL, NULL, '000000000000000000000000000000100060', '2014-02-10 12:13:54', 'com.runwaysdk.system.scheduler.QualifiedTypeJobController.viewPage.pageSize');
INSERT INTO metadata_parameter ( site_master, last_updated_by, create_date, seq, locked_by, entity_domain, created_by, type, last_update_date, key_name, owner, oid, parent_oid, child_oid) VALUES ('www.runwaysdk.com', '000000000000000000000000000000100060', '2014-02-10 12:13:54', 4405, NULL, NULL, '000000000000000000000000000000100060', 'com.runwaysdk.system.MetadataParameter', '2014-02-10 12:13:54', 'com.runwaysdk.system.scheduler.QualifiedTypeJobController.viewPage.pageSize', '000000000000000000000000000000100060', '25x75v6jdweuzdetx88hlcqu1nsjuht40256', 'xil9bszppbvvkwqgmvwchnd4fvlhmdel0131', '8i6a446kc1z3b2rwkd55ikrr31q10iqd0110');
INSERT INTO metadata_display_label ( default_locale, oid, site_master, key_name) VALUES ('Page Number', '766h2cs0krjye7lmu7mesqtja3vukdaj0287', 'www.runwaysdk.com', '766h2cs0krjye7lmu7mesqtja3vukdaj0287');
INSERT INTO metadata_display_label ( default_locale, oid, site_master, key_name) VALUES (NULL, '8uwlun9p69757n49aaynrtktgqqiktla0287', 'www.runwaysdk.com', '8uwlun9p69757n49aaynrtktgqqiktla0287');
INSERT INTO md_parameter ( metadata, parameter_order, parameter_name, parameter_type, display_label, oid) VALUES ('xil9bszppbvvkwqgmvwchnd4fvlhmdel0131', -1, 'pageNumber', 'java.lang.Integer', '766h2cs0krjye7lmu7mesqtja3vukdaj0287', '742pxt04w3k7e7ozmv72svnd1j23sm4p0110');
INSERT INTO metadata ( description, created_by, owner, oid, create_date, seq, type, remove, site_master, locked_by, entity_domain, last_updated_by, last_update_date, key_name) VALUES ('8uwlun9p69757n49aaynrtktgqqiktla0287', '000000000000000000000000000000100060', '000000000000000000000000000000100060', '742pxt04w3k7e7ozmv72svnd1j23sm4p0110', '2014-02-10 12:13:54', 4406, 'com.runwaysdk.system.metadata.MdParameter', 1, 'www.runwaysdk.com', NULL, NULL, '000000000000000000000000000000100060', '2014-02-10 12:13:54', 'com.runwaysdk.system.scheduler.QualifiedTypeJobController.viewPage.pageNumber');
INSERT INTO metadata_parameter ( site_master, last_updated_by, create_date, seq, locked_by, entity_domain, created_by, type, last_update_date, key_name, owner, oid, parent_oid, child_oid) VALUES ('www.runwaysdk.com', '000000000000000000000000000000100060', '2014-02-10 12:13:54', 4407, NULL, NULL, '000000000000000000000000000000100060', 'com.runwaysdk.system.MetadataParameter', '2014-02-10 12:13:54', 'com.runwaysdk.system.scheduler.QualifiedTypeJobController.viewPage.pageNumber', '000000000000000000000000000000100060', '6yt1hphs6fv9e8ppmdtxug0ooddnuiox0256', 'xil9bszppbvvkwqgmvwchnd4fvlhmdel0131', '742pxt04w3k7e7ozmv72svnd1j23sm4p0110');
INSERT INTO metadata_display_label ( default_locale, oid, site_master, key_name) VALUES ('View All', '8zjku3czcuefdzkum3fnsjfyg5osczk90287', 'www.runwaysdk.com', '8zjku3czcuefdzkum3fnsjfyg5osczk90287');
INSERT INTO metadata_display_label ( default_locale, oid, site_master, key_name) VALUES ('Loads a ViewAll query with the default settings', 'sqx659uilcfevntbzaut83e3aungiqm70287', 'www.runwaysdk.com', 'sqx659uilcfevntbzaut83e3aungiqm70287');
INSERT INTO md_action ( is_query, enclosing_md_controller, is_post, action_name, display_label, oid) VALUES (0, '2bxydw0neffoda5qsaeb2s5h7hhghyg30130', 0, 'viewAll', '8zjku3czcuefdzkum3fnsjfyg5osczk90287', '6ztcmmtm2vbgoxx9x7zmst92zhc2qa490131');
INSERT INTO metadata ( description, created_by, owner, oid, create_date, seq, type, remove, site_master, locked_by, entity_domain, last_updated_by, last_update_date, key_name) VALUES ('sqx659uilcfevntbzaut83e3aungiqm70287', '000000000000000000000000000000100060', '000000000000000000000000000000100060', '6ztcmmtm2vbgoxx9x7zmst92zhc2qa490131', '2014-02-10 12:13:54', 4408, 'com.runwaysdk.system.metadata.MdAction', 1, 'www.runwaysdk.com', NULL, NULL, '000000000000000000000000000000100060', '2014-02-10 12:13:54', 'com.runwaysdk.system.scheduler.QualifiedTypeJobController.viewAll');
INSERT INTO controller_action ( key_name, locked_by, oid, owner, entity_domain, created_by, type, last_update_date, create_date, seq, last_updated_by, site_master, parent_oid, child_oid) VALUES ('com.runwaysdk.system.scheduler.QualifiedTypeJobController.viewAll', NULL, 's9toxl6ig7oal2u4jsos61jfm8quefag0264', '000000000000000000000000000000100060', NULL, '000000000000000000000000000000100060', 'com.runwaysdk.system.ControllerAction', '2014-02-10 12:13:54', '2014-02-10 12:13:54', 4409, '000000000000000000000000000000100060', 'www.runwaysdk.com', '2bxydw0neffoda5qsaeb2s5h7hhghyg30130', '6ztcmmtm2vbgoxx9x7zmst92zhc2qa490131');
INSERT INTO metadata_display_label ( default_locale, oid, site_master, key_name) VALUES ('View', '1us9l4lg8qvyi1dg7jmxx275rwvueljo0287', 'www.runwaysdk.com', '1us9l4lg8qvyi1dg7jmxx275rwvueljo0287');
INSERT INTO metadata_display_label ( default_locale, oid, site_master, key_name) VALUES ('View an existing instance of com.runwaysdk.system.scheduler.QualifiedTypeJob', 't0modzvy5fotnuxtnl3hxpxxvhz59a730287', 'www.runwaysdk.com', 't0modzvy5fotnuxtnl3hxpxxvhz59a730287');
INSERT INTO md_action ( is_query, enclosing_md_controller, is_post, action_name, display_label, oid) VALUES (0, '2bxydw0neffoda5qsaeb2s5h7hhghyg30130', 0, 'view', '1us9l4lg8qvyi1dg7jmxx275rwvueljo0287', 'xnnrcji863wx1i1qnuryeenwcqejqjlr0131');
INSERT INTO metadata ( description, created_by, owner, oid, create_date, seq, type, remove, site_master, locked_by, entity_domain, last_updated_by, last_update_date, key_name) VALUES ('t0modzvy5fotnuxtnl3hxpxxvhz59a730287', '000000000000000000000000000000100060', '000000000000000000000000000000100060', 'xnnrcji863wx1i1qnuryeenwcqejqjlr0131', '2014-02-10 12:13:54', 4410, 'com.runwaysdk.system.metadata.MdAction', 1, 'www.runwaysdk.com', NULL, NULL, '000000000000000000000000000000100060', '2014-02-10 12:13:54', 'com.runwaysdk.system.scheduler.QualifiedTypeJobController.view');
INSERT INTO controller_action ( key_name, locked_by, oid, owner, entity_domain, created_by, type, last_update_date, create_date, seq, last_updated_by, site_master, parent_oid, child_oid) VALUES ('com.runwaysdk.system.scheduler.QualifiedTypeJobController.view', NULL, 'r34vtxe5e00d37chz33nh7ahnm2fd44u0264', '000000000000000000000000000000100060', NULL, '000000000000000000000000000000100060', 'com.runwaysdk.system.ControllerAction', '2014-02-10 12:13:54', '2014-02-10 12:13:54', 4411, '000000000000000000000000000000100060', 'www.runwaysdk.com', '2bxydw0neffoda5qsaeb2s5h7hhghyg30130', 'xnnrcji863wx1i1qnuryeenwcqejqjlr0131');
INSERT INTO metadata_display_label ( default_locale, oid, site_master, key_name) VALUES ('Parameter: com.runwaysdk.system.scheduler.QualifiedTypeJob - oid', '29pmq206p5j710m4oihj98ufwxoosztn0287', 'www.runwaysdk.com', '29pmq206p5j710m4oihj98ufwxoosztn0287');
INSERT INTO metadata_display_label ( default_locale, oid, site_master, key_name) VALUES ('Id of com.runwaysdk.system.scheduler.QualifiedTypeJob to view.', '6r9r9rbzbjbxbkiixn9xkujzzhenpppm0287', 'www.runwaysdk.com', '6r9r9rbzbjbxbkiixn9xkujzzhenpppm0287');
INSERT INTO md_parameter ( metadata, parameter_order, parameter_name, parameter_type, display_label, oid) VALUES ('xnnrcji863wx1i1qnuryeenwcqejqjlr0131', 0, 'oid', 'java.lang.String', '29pmq206p5j710m4oihj98ufwxoosztn0287', 'qleu3xld795kqillduft1yfjbva3m4ud0110');
INSERT INTO metadata ( description, created_by, owner, oid, create_date, seq, type, remove, site_master, locked_by, entity_domain, last_updated_by, last_update_date, key_name) VALUES ('6r9r9rbzbjbxbkiixn9xkujzzhenpppm0287', '000000000000000000000000000000100060', '000000000000000000000000000000100060', 'qleu3xld795kqillduft1yfjbva3m4ud0110', '2014-02-10 12:13:54', 4412, 'com.runwaysdk.system.metadata.MdParameter', 1, 'www.runwaysdk.com', NULL, NULL, '000000000000000000000000000000100060', '2014-02-10 12:13:54', 'com.runwaysdk.system.scheduler.QualifiedTypeJobController.view.oid');
INSERT INTO metadata_parameter ( site_master, last_updated_by, create_date, seq, locked_by, entity_domain, created_by, type, last_update_date, key_name, owner, oid, parent_oid, child_oid) VALUES ('www.runwaysdk.com', '000000000000000000000000000000100060', '2014-02-10 12:13:54', 4413, NULL, NULL, '000000000000000000000000000000100060', 'com.runwaysdk.system.MetadataParameter', '2014-02-10 12:13:54', 'com.runwaysdk.system.scheduler.QualifiedTypeJobController.view.oid', '000000000000000000000000000000100060', '7fr6tuca4f5boenewxds1gxlbml38lvr0256', 'xnnrcji863wx1i1qnuryeenwcqejqjlr0131', 'qleu3xld795kqillduft1yfjbva3m4ud0110');
INSERT INTO metadata_display_label ( default_locale, oid, site_master, key_name) VALUES ('New Instance', 'z8xpw26y56ls6y0kjow9x87g4ildiuid0287', 'www.runwaysdk.com', 'z8xpw26y56ls6y0kjow9x87g4ildiuid0287');
INSERT INTO metadata_display_label ( default_locale, oid, site_master, key_name) VALUES ('Loads a new instance of com.runwaysdk.system.scheduler.QualifiedTypeJob into the request object', 'xxr9oim16axnpr09xljnig3th4rnxg970287', 'www.runwaysdk.com', 'xxr9oim16axnpr09xljnig3th4rnxg970287');
INSERT INTO md_action ( is_query, enclosing_md_controller, is_post, action_name, display_label, oid) VALUES (0, '2bxydw0neffoda5qsaeb2s5h7hhghyg30130', 0, 'newInstance', 'z8xpw26y56ls6y0kjow9x87g4ildiuid0287', '78qtdsxme6cio425tf5iixe1pyi9n2hu0131');
INSERT INTO metadata ( description, created_by, owner, oid, create_date, seq, type, remove, site_master, locked_by, entity_domain, last_updated_by, last_update_date, key_name) VALUES ('xxr9oim16axnpr09xljnig3th4rnxg970287', '000000000000000000000000000000100060', '000000000000000000000000000000100060', '78qtdsxme6cio425tf5iixe1pyi9n2hu0131', '2014-02-10 12:13:54', 4414, 'com.runwaysdk.system.metadata.MdAction', 1, 'www.runwaysdk.com', NULL, NULL, '000000000000000000000000000000100060', '2014-02-10 12:13:54', 'com.runwaysdk.system.scheduler.QualifiedTypeJobController.newInstance');
INSERT INTO controller_action ( key_name, locked_by, oid, owner, entity_domain, created_by, type, last_update_date, create_date, seq, last_updated_by, site_master, parent_oid, child_oid) VALUES ('com.runwaysdk.system.scheduler.QualifiedTypeJobController.newInstance', NULL, '02c8tgu4bwdi39gr45vgh52cp4p40sew0264', '000000000000000000000000000000100060', NULL, '000000000000000000000000000000100060', 'com.runwaysdk.system.ControllerAction', '2014-02-10 12:13:54', '2014-02-10 12:13:54', 4415, '000000000000000000000000000000100060', 'www.runwaysdk.com', '2bxydw0neffoda5qsaeb2s5h7hhghyg30130', '78qtdsxme6cio425tf5iixe1pyi9n2hu0131');
INSERT INTO metadata_display_label ( default_locale, oid, site_master, key_name) VALUES ('Create', 'xyhbisjvf9sq9wcqay3xzndt2f33adep0287', 'www.runwaysdk.com', 'xyhbisjvf9sq9wcqay3xzndt2f33adep0287');
INSERT INTO metadata_display_label ( default_locale, oid, site_master, key_name) VALUES ('Applys a new instance of com.runwaysdk.system.scheduler.QualifiedTypeJob', 'ra2pqkymtzos56424mt0laybnm6pnwz70287', 'www.runwaysdk.com', 'ra2pqkymtzos56424mt0laybnm6pnwz70287');
INSERT INTO md_action ( is_query, enclosing_md_controller, is_post, action_name, display_label, oid) VALUES (0, '2bxydw0neffoda5qsaeb2s5h7hhghyg30130', 1, 'create', 'xyhbisjvf9sq9wcqay3xzndt2f33adep0287', 'x8f7nvx8cwbld2l03a8q03ndctzwzqcn0131');
INSERT INTO metadata ( description, created_by, owner, oid, create_date, seq, type, remove, site_master, locked_by, entity_domain, last_updated_by, last_update_date, key_name) VALUES ('ra2pqkymtzos56424mt0laybnm6pnwz70287', '000000000000000000000000000000100060', '000000000000000000000000000000100060', 'x8f7nvx8cwbld2l03a8q03ndctzwzqcn0131', '2014-02-10 12:13:54', 4416, 'com.runwaysdk.system.metadata.MdAction', 1, 'www.runwaysdk.com', NULL, NULL, '000000000000000000000000000000100060', '2014-02-10 12:13:54', 'com.runwaysdk.system.scheduler.QualifiedTypeJobController.create');
INSERT INTO controller_action ( key_name, locked_by, oid, owner, entity_domain, created_by, type, last_update_date, create_date, seq, last_updated_by, site_master, parent_oid, child_oid) VALUES ('com.runwaysdk.system.scheduler.QualifiedTypeJobController.create', NULL, '26wp3arqu7s3cknl4epwn8ue19sa7wh50264', '000000000000000000000000000000100060', NULL, '000000000000000000000000000000100060', 'com.runwaysdk.system.ControllerAction', '2014-02-10 12:13:54', '2014-02-10 12:13:54', 4417, '000000000000000000000000000000100060', 'www.runwaysdk.com', '2bxydw0neffoda5qsaeb2s5h7hhghyg30130', 'x8f7nvx8cwbld2l03a8q03ndctzwzqcn0131');
INSERT INTO metadata_display_label ( default_locale, oid, site_master, key_name) VALUES ('Parameter: com.runwaysdk.system.scheduler.QualifiedTypeJob', '087fh6zwknflx3rnz9exklnb4i0549dg0287', 'www.runwaysdk.com', '087fh6zwknflx3rnz9exklnb4i0549dg0287');
INSERT INTO metadata_display_label ( default_locale, oid, site_master, key_name) VALUES ('com.runwaysdk.system.scheduler.QualifiedTypeJob to apply to the database', '09bb2nphlcy4aal5zu2t5qaz65iosfyp0287', 'www.runwaysdk.com', '09bb2nphlcy4aal5zu2t5qaz65iosfyp0287');
INSERT INTO md_parameter ( metadata, parameter_order, parameter_name, parameter_type, display_label, oid) VALUES ('x8f7nvx8cwbld2l03a8q03ndctzwzqcn0131', 0, 'dto', 'com.runwaysdk.system.scheduler.QualifiedTypeJob', '087fh6zwknflx3rnz9exklnb4i0549dg0287', '25x30hf1jswhl6eokntful1mh81lug9c0110');
INSERT INTO metadata ( description, created_by, owner, oid, create_date, seq, type, remove, site_master, locked_by, entity_domain, last_updated_by, last_update_date, key_name) VALUES ('09bb2nphlcy4aal5zu2t5qaz65iosfyp0287', '000000000000000000000000000000100060', '000000000000000000000000000000100060', '25x30hf1jswhl6eokntful1mh81lug9c0110', '2014-02-10 12:13:54', 4418, 'com.runwaysdk.system.metadata.MdParameter', 1, 'www.runwaysdk.com', NULL, NULL, '000000000000000000000000000000100060', '2014-02-10 12:13:54', 'com.runwaysdk.system.scheduler.QualifiedTypeJobController.create.dto');
INSERT INTO metadata_parameter ( site_master, last_updated_by, create_date, seq, locked_by, entity_domain, created_by, type, last_update_date, key_name, owner, oid, parent_oid, child_oid) VALUES ('www.runwaysdk.com', '000000000000000000000000000000100060', '2014-02-10 12:13:54', 4419, NULL, NULL, '000000000000000000000000000000100060', 'com.runwaysdk.system.MetadataParameter', '2014-02-10 12:13:54', 'com.runwaysdk.system.scheduler.QualifiedTypeJobController.create.dto', '000000000000000000000000000000100060', 'xh688owt3ab8p4gnl55044xb99knqvhs0256', 'x8f7nvx8cwbld2l03a8q03ndctzwzqcn0131', '25x30hf1jswhl6eokntful1mh81lug9c0110');
INSERT INTO metadata_display_label ( default_locale, oid, site_master, key_name) VALUES ('edit', 'sm6g690p435qprtnxgaqrtu1brt63ddl0287', 'www.runwaysdk.com', 'sm6g690p435qprtnxgaqrtu1brt63ddl0287');
INSERT INTO metadata_display_label ( default_locale, oid, site_master, key_name) VALUES ('Applys an existing instance of com.runwaysdk.system.scheduler.QualifiedTypeJob', 'zna4zehfeolvo42mfa377pul6sh96q7e0287', 'www.runwaysdk.com', 'zna4zehfeolvo42mfa377pul6sh96q7e0287');
INSERT INTO md_action ( is_query, enclosing_md_controller, is_post, action_name, display_label, oid) VALUES (0, '2bxydw0neffoda5qsaeb2s5h7hhghyg30130', 0, 'edit', 'sm6g690p435qprtnxgaqrtu1brt63ddl0287', 'xph4jmt0a0bo1epit3bbjqluzwi3pzx70131');
INSERT INTO metadata ( description, created_by, owner, oid, create_date, seq, type, remove, site_master, locked_by, entity_domain, last_updated_by, last_update_date, key_name) VALUES ('zna4zehfeolvo42mfa377pul6sh96q7e0287', '000000000000000000000000000000100060', '000000000000000000000000000000100060', 'xph4jmt0a0bo1epit3bbjqluzwi3pzx70131', '2014-02-10 12:13:54', 4420, 'com.runwaysdk.system.metadata.MdAction', 1, 'www.runwaysdk.com', NULL, NULL, '000000000000000000000000000000100060', '2014-02-10 12:13:54', 'com.runwaysdk.system.scheduler.QualifiedTypeJobController.edit');
INSERT INTO controller_action ( key_name, locked_by, oid, owner, entity_domain, created_by, type, last_update_date, create_date, seq, last_updated_by, site_master, parent_oid, child_oid) VALUES ('com.runwaysdk.system.scheduler.QualifiedTypeJobController.edit', NULL, 'zkouxci5e3s5zn6jn79f4ejbgmeccog20264', '000000000000000000000000000000100060', NULL, '000000000000000000000000000000100060', 'com.runwaysdk.system.ControllerAction', '2014-02-10 12:13:54', '2014-02-10 12:13:54', 4421, '000000000000000000000000000000100060', 'www.runwaysdk.com', '2bxydw0neffoda5qsaeb2s5h7hhghyg30130', 'xph4jmt0a0bo1epit3bbjqluzwi3pzx70131');
INSERT INTO metadata_display_label ( default_locale, oid, site_master, key_name) VALUES ('Parameter: com.runwaysdk.system.scheduler.QualifiedTypeJob', '0r8kbit308h1a0m4nsvi64uca80nydam0287', 'www.runwaysdk.com', '0r8kbit308h1a0m4nsvi64uca80nydam0287');
INSERT INTO metadata_display_label ( default_locale, oid, site_master, key_name) VALUES ('com.runwaysdk.system.scheduler.QualifiedTypeJob to apply to the database', '2337caabt6me49ooej5g3478oxf4b6s40287', 'www.runwaysdk.com', '2337caabt6me49ooej5g3478oxf4b6s40287');
INSERT INTO md_parameter ( metadata, parameter_order, parameter_name, parameter_type, display_label, oid) VALUES ('xph4jmt0a0bo1epit3bbjqluzwi3pzx70131', 0, 'oid', 'java.lang.String', '0r8kbit308h1a0m4nsvi64uca80nydam0287', 'rd00yeomzarwype7q0glc3vplmuj1ib70110');
INSERT INTO metadata ( description, created_by, owner, oid, create_date, seq, type, remove, site_master, locked_by, entity_domain, last_updated_by, last_update_date, key_name) VALUES ('2337caabt6me49ooej5g3478oxf4b6s40287', '000000000000000000000000000000100060', '000000000000000000000000000000100060', 'rd00yeomzarwype7q0glc3vplmuj1ib70110', '2014-02-10 12:13:54', 4422, 'com.runwaysdk.system.metadata.MdParameter', 1, 'www.runwaysdk.com', NULL, NULL, '000000000000000000000000000000100060', '2014-02-10 12:13:54', 'com.runwaysdk.system.scheduler.QualifiedTypeJobController.edit.oid');
INSERT INTO metadata_parameter ( site_master, last_updated_by, create_date, seq, locked_by, entity_domain, created_by, type, last_update_date, key_name, owner, oid, parent_oid, child_oid) VALUES ('www.runwaysdk.com', '000000000000000000000000000000100060', '2014-02-10 12:13:54', 4423, NULL, NULL, '000000000000000000000000000000100060', 'com.runwaysdk.system.MetadataParameter', '2014-02-10 12:13:54', 'com.runwaysdk.system.scheduler.QualifiedTypeJobController.edit.oid', '000000000000000000000000000000100060', '20me1kip64t4uj7489x97s0zoxu508bg0256', 'xph4jmt0a0bo1epit3bbjqluzwi3pzx70131', 'rd00yeomzarwype7q0glc3vplmuj1ib70110');
INSERT INTO metadata_display_label ( default_locale, oid, site_master, key_name) VALUES ('update', 'sigmr0iq859roba9o9crs1vfrkc3aq7l0287', 'www.runwaysdk.com', 'sigmr0iq859roba9o9crs1vfrkc3aq7l0287');
INSERT INTO metadata_display_label ( default_locale, oid, site_master, key_name) VALUES ('Applys an existing instance of com.runwaysdk.system.scheduler.QualifiedTypeJob', 'zmdbbw7zxgwi1rd48qb90zz7ylb82c2k0287', 'www.runwaysdk.com', 'zmdbbw7zxgwi1rd48qb90zz7ylb82c2k0287');
INSERT INTO md_action ( is_query, enclosing_md_controller, is_post, action_name, display_label, oid) VALUES (0, '2bxydw0neffoda5qsaeb2s5h7hhghyg30130', 1, 'update', 'sigmr0iq859roba9o9crs1vfrkc3aq7l0287', 'z1r1fdrua5k2svysunwdac9gecbp06y80131');
INSERT INTO metadata ( description, created_by, owner, oid, create_date, seq, type, remove, site_master, locked_by, entity_domain, last_updated_by, last_update_date, key_name) VALUES ('zmdbbw7zxgwi1rd48qb90zz7ylb82c2k0287', '000000000000000000000000000000100060', '000000000000000000000000000000100060', 'z1r1fdrua5k2svysunwdac9gecbp06y80131', '2014-02-10 12:13:54', 4424, 'com.runwaysdk.system.metadata.MdAction', 1, 'www.runwaysdk.com', NULL, NULL, '000000000000000000000000000000100060', '2014-02-10 12:13:54', 'com.runwaysdk.system.scheduler.QualifiedTypeJobController.update');
INSERT INTO controller_action ( key_name, locked_by, oid, owner, entity_domain, created_by, type, last_update_date, create_date, seq, last_updated_by, site_master, parent_oid, child_oid) VALUES ('com.runwaysdk.system.scheduler.QualifiedTypeJobController.update', NULL, 'sti0po39ghzwkk2kkb2w499e5kuty4o30264', '000000000000000000000000000000100060', NULL, '000000000000000000000000000000100060', 'com.runwaysdk.system.ControllerAction', '2014-02-10 12:13:54', '2014-02-10 12:13:54', 4425, '000000000000000000000000000000100060', 'www.runwaysdk.com', '2bxydw0neffoda5qsaeb2s5h7hhghyg30130', 'z1r1fdrua5k2svysunwdac9gecbp06y80131');
INSERT INTO metadata_display_label ( default_locale, oid, site_master, key_name) VALUES ('Parameter: com.runwaysdk.system.scheduler.QualifiedTypeJob - dto', 'y1wcjf0gtvktqkqbtsfj8jxen56u6u5b0287', 'www.runwaysdk.com', 'y1wcjf0gtvktqkqbtsfj8jxen56u6u5b0287');
INSERT INTO metadata_display_label ( default_locale, oid, site_master, key_name) VALUES ('com.runwaysdk.system.scheduler.QualifiedTypeJob to apply to the database', 'ra6wkd3pygfa857xepikqeiyjae1zxa50287', 'www.runwaysdk.com', 'ra6wkd3pygfa857xepikqeiyjae1zxa50287');
INSERT INTO md_parameter ( metadata, parameter_order, parameter_name, parameter_type, display_label, oid) VALUES ('z1r1fdrua5k2svysunwdac9gecbp06y80131', 0, 'dto', 'com.runwaysdk.system.scheduler.QualifiedTypeJob', 'y1wcjf0gtvktqkqbtsfj8jxen56u6u5b0287', '0sfhey5bmbd6nbzoc75nemho7jyihtz90110');
INSERT INTO metadata ( description, created_by, owner, oid, create_date, seq, type, remove, site_master, locked_by, entity_domain, last_updated_by, last_update_date, key_name) VALUES ('ra6wkd3pygfa857xepikqeiyjae1zxa50287', '000000000000000000000000000000100060', '000000000000000000000000000000100060', '0sfhey5bmbd6nbzoc75nemho7jyihtz90110', '2014-02-10 12:13:54', 4426, 'com.runwaysdk.system.metadata.MdParameter', 1, 'www.runwaysdk.com', NULL, NULL, '000000000000000000000000000000100060', '2014-02-10 12:13:54', 'com.runwaysdk.system.scheduler.QualifiedTypeJobController.update.dto');
INSERT INTO metadata_parameter ( site_master, last_updated_by, create_date, seq, locked_by, entity_domain, created_by, type, last_update_date, key_name, owner, oid, parent_oid, child_oid) VALUES ('www.runwaysdk.com', '000000000000000000000000000000100060', '2014-02-10 12:13:54', 4427, NULL, NULL, '000000000000000000000000000000100060', 'com.runwaysdk.system.MetadataParameter', '2014-02-10 12:13:54', 'com.runwaysdk.system.scheduler.QualifiedTypeJobController.update.dto', '000000000000000000000000000000100060', '2cs19poxe3tay3unbc6xb7w4tv3pq0pr0256', 'z1r1fdrua5k2svysunwdac9gecbp06y80131', '0sfhey5bmbd6nbzoc75nemho7jyihtz90110');
INSERT INTO metadata_display_label ( default_locale, oid, site_master, key_name) VALUES ('cancel', 'zjg089oxecy21172v9xl05xbbzfqjl4h0287', 'www.runwaysdk.com', 'zjg089oxecy21172v9xl05xbbzfqjl4h0287');
INSERT INTO metadata_display_label ( default_locale, oid, site_master, key_name) VALUES ('Unlocks an instance com.runwaysdk.system.scheduler.QualifiedTypeJob', 'sjot0rlf2ug36t7240cyj3r8ubpa3hz60287', 'www.runwaysdk.com', 'sjot0rlf2ug36t7240cyj3r8ubpa3hz60287');
INSERT INTO md_action ( is_query, enclosing_md_controller, is_post, action_name, display_label, oid) VALUES (0, '2bxydw0neffoda5qsaeb2s5h7hhghyg30130', 1, 'cancel', 'zjg089oxecy21172v9xl05xbbzfqjl4h0287', '1u4q6s3n1z5hk8kbn4g7m7q99b9x5oke0131');
INSERT INTO metadata ( description, created_by, owner, oid, create_date, seq, type, remove, site_master, locked_by, entity_domain, last_updated_by, last_update_date, key_name) VALUES ('sjot0rlf2ug36t7240cyj3r8ubpa3hz60287', '000000000000000000000000000000100060', '000000000000000000000000000000100060', '1u4q6s3n1z5hk8kbn4g7m7q99b9x5oke0131', '2014-02-10 12:13:54', 4428, 'com.runwaysdk.system.metadata.MdAction', 1, 'www.runwaysdk.com', NULL, NULL, '000000000000000000000000000000100060', '2014-02-10 12:13:54', 'com.runwaysdk.system.scheduler.QualifiedTypeJobController.cancel');
INSERT INTO controller_action ( key_name, locked_by, oid, owner, entity_domain, created_by, type, last_update_date, create_date, seq, last_updated_by, site_master, parent_oid, child_oid) VALUES ('com.runwaysdk.system.scheduler.QualifiedTypeJobController.cancel', NULL, '8vcb0s99szbkg2cz7ic0smnr1txqapbc0264', '000000000000000000000000000000100060', NULL, '000000000000000000000000000000100060', 'com.runwaysdk.system.ControllerAction', '2014-02-10 12:13:54', '2014-02-10 12:13:54', 4429, '000000000000000000000000000000100060', 'www.runwaysdk.com', '2bxydw0neffoda5qsaeb2s5h7hhghyg30130', '1u4q6s3n1z5hk8kbn4g7m7q99b9x5oke0131');
INSERT INTO metadata_display_label ( default_locale, oid, site_master, key_name) VALUES ('Parameter: com.runwaysdk.system.scheduler.QualifiedTypeJob - dto', '0hfob11gqrd0n07mkk36nr14apksakii0287', 'www.runwaysdk.com', '0hfob11gqrd0n07mkk36nr14apksakii0287');
INSERT INTO metadata_display_label ( default_locale, oid, site_master, key_name) VALUES ('com.runwaysdk.system.scheduler.QualifiedTypeJob to unlock', 'zedc8bgrlylgglh1nk3vhn4iq7uby65o0287', 'www.runwaysdk.com', 'zedc8bgrlylgglh1nk3vhn4iq7uby65o0287');
INSERT INTO md_parameter ( metadata, parameter_order, parameter_name, parameter_type, display_label, oid) VALUES ('1u4q6s3n1z5hk8kbn4g7m7q99b9x5oke0131', 0, 'dto', 'com.runwaysdk.system.scheduler.QualifiedTypeJob', '0hfob11gqrd0n07mkk36nr14apksakii0287', 'xfszgqux4qpfiz4lk9dooqbsdyy31e4f0110');
INSERT INTO metadata ( description, created_by, owner, oid, create_date, seq, type, remove, site_master, locked_by, entity_domain, last_updated_by, last_update_date, key_name) VALUES ('zedc8bgrlylgglh1nk3vhn4iq7uby65o0287', '000000000000000000000000000000100060', '000000000000000000000000000000100060', 'xfszgqux4qpfiz4lk9dooqbsdyy31e4f0110', '2014-02-10 12:13:54', 4430, 'com.runwaysdk.system.metadata.MdParameter', 1, 'www.runwaysdk.com', NULL, NULL, '000000000000000000000000000000100060', '2014-02-10 12:13:54', 'com.runwaysdk.system.scheduler.QualifiedTypeJobController.cancel.dto');
INSERT INTO metadata_parameter ( site_master, last_updated_by, create_date, seq, locked_by, entity_domain, created_by, type, last_update_date, key_name, owner, oid, parent_oid, child_oid) VALUES ('www.runwaysdk.com', '000000000000000000000000000000100060', '2014-02-10 12:13:54', 4431, NULL, NULL, '000000000000000000000000000000100060', 'com.runwaysdk.system.MetadataParameter', '2014-02-10 12:13:54', 'com.runwaysdk.system.scheduler.QualifiedTypeJobController.cancel.dto', '000000000000000000000000000000100060', '256aguiybqrmch3rq66y1esljypgdnnn0256', '1u4q6s3n1z5hk8kbn4g7m7q99b9x5oke0131', 'xfszgqux4qpfiz4lk9dooqbsdyy31e4f0110');
INSERT INTO metadata_display_label ( default_locale, oid, site_master, key_name) VALUES ('delete', '2hn7ub0izfnivs0s94wft931upvgejmw0287', 'www.runwaysdk.com', '2hn7ub0izfnivs0s94wft931upvgejmw0287');
INSERT INTO metadata_display_label ( default_locale, oid, site_master, key_name) VALUES ('Delete an instance of com.runwaysdk.system.scheduler.QualifiedTypeJob', '72dk59wnzca946nwt99dsz94ltpb6mgi0287', 'www.runwaysdk.com', '72dk59wnzca946nwt99dsz94ltpb6mgi0287');
INSERT INTO md_action ( is_query, enclosing_md_controller, is_post, action_name, display_label, oid) VALUES (0, '2bxydw0neffoda5qsaeb2s5h7hhghyg30130', 1, 'delete', '2hn7ub0izfnivs0s94wft931upvgejmw0287', 'xr2hmbrvtbexn7w6x4o4el482g593kz10131');
INSERT INTO metadata ( description, created_by, owner, oid, create_date, seq, type, remove, site_master, locked_by, entity_domain, last_updated_by, last_update_date, key_name) VALUES ('72dk59wnzca946nwt99dsz94ltpb6mgi0287', '000000000000000000000000000000100060', '000000000000000000000000000000100060', 'xr2hmbrvtbexn7w6x4o4el482g593kz10131', '2014-02-10 12:13:54', 4432, 'com.runwaysdk.system.metadata.MdAction', 1, 'www.runwaysdk.com', NULL, NULL, '000000000000000000000000000000100060', '2014-02-10 12:13:54', 'com.runwaysdk.system.scheduler.QualifiedTypeJobController.delete');
INSERT INTO controller_action ( key_name, locked_by, oid, owner, entity_domain, created_by, type, last_update_date, create_date, seq, last_updated_by, site_master, parent_oid, child_oid) VALUES ('com.runwaysdk.system.scheduler.QualifiedTypeJobController.delete', NULL, 'ze9qycss1n4vkzug0fdbrcq1xt8e2c810264', '000000000000000000000000000000100060', NULL, '000000000000000000000000000000100060', 'com.runwaysdk.system.ControllerAction', '2014-02-10 12:13:54', '2014-02-10 12:13:54', 4433, '000000000000000000000000000000100060', 'www.runwaysdk.com', '2bxydw0neffoda5qsaeb2s5h7hhghyg30130', 'xr2hmbrvtbexn7w6x4o4el482g593kz10131');
INSERT INTO metadata_display_label ( default_locale, oid, site_master, key_name) VALUES ('Parameter: com.runwaysdk.system.scheduler.QualifiedTypeJob - dto', '1ugy3w1gwrcto20tspykgsq6z07yidga0287', 'www.runwaysdk.com', '1ugy3w1gwrcto20tspykgsq6z07yidga0287');
INSERT INTO metadata_display_label ( default_locale, oid, site_master, key_name) VALUES ('com.runwaysdk.system.scheduler.QualifiedTypeJob to delete', 'xcfd43v36yag7y4b9see49wfo80lkraa0287', 'www.runwaysdk.com', 'xcfd43v36yag7y4b9see49wfo80lkraa0287');
INSERT INTO md_parameter ( metadata, parameter_order, parameter_name, parameter_type, display_label, oid) VALUES ('xr2hmbrvtbexn7w6x4o4el482g593kz10131', 0, 'dto', 'com.runwaysdk.system.scheduler.QualifiedTypeJob', '1ugy3w1gwrcto20tspykgsq6z07yidga0287', '0prqy138azb17hnjwqjcxwkp3nh61vmk0110');
INSERT INTO metadata ( description, created_by, owner, oid, create_date, seq, type, remove, site_master, locked_by, entity_domain, last_updated_by, last_update_date, key_name) VALUES ('xcfd43v36yag7y4b9see49wfo80lkraa0287', '000000000000000000000000000000100060', '000000000000000000000000000000100060', '0prqy138azb17hnjwqjcxwkp3nh61vmk0110', '2014-02-10 12:13:54', 4434, 'com.runwaysdk.system.metadata.MdParameter', 1, 'www.runwaysdk.com', NULL, NULL, '000000000000000000000000000000100060', '2014-02-10 12:13:54', 'com.runwaysdk.system.scheduler.QualifiedTypeJobController.delete.dto');
INSERT INTO metadata_parameter ( site_master, last_updated_by, create_date, seq, locked_by, entity_domain, created_by, type, last_update_date, key_name, owner, oid, parent_oid, child_oid) VALUES ('www.runwaysdk.com', '000000000000000000000000000000100060', '2014-02-10 12:13:54', 4435, NULL, NULL, '000000000000000000000000000000100060', 'com.runwaysdk.system.MetadataParameter', '2014-02-10 12:13:54', 'com.runwaysdk.system.scheduler.QualifiedTypeJobController.delete.dto', '000000000000000000000000000000100060', '6ybd66h2nvjhnh5xg4nu1hrulfng2n0j0256', 'xr2hmbrvtbexn7w6x4o4el482g593kz10131', '0prqy138azb17hnjwqjcxwkp3nh61vmk0110');
INSERT INTO business_inheritance ( oid, parent_oid, child_oid) VALUES ('ravevndegmlb0e8u96j72jyv22oo1juo0257', '8ndv254jvk1mw1rql6a4pqz9qbqvdzl40058', 'xwa6z189dcyrqfsje4e0x0a4r2tixpug0058');
INSERT INTO class_inheritance ( oid, parent_oid, child_oid) VALUES ('ravevndegmlb0e8u96j72jyv22oo1juo0257', '8ndv254jvk1mw1rql6a4pqz9qbqvdzl40058', 'xwa6z189dcyrqfsje4e0x0a4r2tixpug0058');
INSERT INTO metadata_relationship ( entity_domain, site_master, last_updated_by, oid, owner, locked_by, create_date, type, created_by, seq, key_name, last_update_date, parent_oid, child_oid) VALUES (NULL, 'www.runwaysdk.com', '000000000000000000000000000000100060', 'ravevndegmlb0e8u96j72jyv22oo1juo0257', '000000000000000000000000000000100060', NULL, '2014-02-10 12:13:54', 'com.runwaysdk.system.metadata.BusinessInheritance', '000000000000000000000000000000100060', 4436, 'ravevndegmlb0e8u96j72jyv22oo1juo0257', '2014-02-10 12:13:54', '8ndv254jvk1mw1rql6a4pqz9qbqvdzl40058', 'xwa6z189dcyrqfsje4e0x0a4r2tixpug0058');
 INSERT INTO visibilitymodifier (set_id, item_id)  VALUES  ('09ug90ifgzqrfqxkm4ixpwmy5j7p2xg6', '20071109NM00000000000000000000050113');
INSERT INTO metadata_display_label ( default_locale, oid, site_master, key_name) VALUES ('Class Name', '7850yafb8zsl1z8yqjl6cywho2lry5xi0287', 'www.runwaysdk.com', '7850yafb8zsl1z8yqjl6cywho2lry5xi0287');
 INSERT INTO visibilitymodifier (set_id, item_id)  VALUES  ('zbwk1jckzsbsc11f1i0ezsttmlo5a0wt', '20071109NM00000000000000000000050113');
 INSERT INTO md_attribute_indicies (set_id, item_id)  VALUES  ('zh71jzdfmq5y692lbpjyxd585mf22o7f', '000000000000000000000000000004010085');
INSERT INTO metadata_display_label ( default_locale, oid, site_master, key_name) VALUES ('Class Name', '04hpfk8pgwqjf29l81lsciu26wxd83c40287', 'www.runwaysdk.com', '04hpfk8pgwqjf29l81lsciu26wxd83c40287');
INSERT INTO md_attribute_character ( default_value, database_size, oid) VALUES (NULL, 100, 'qq9qt2byu899zm4whroh8fpl5axsmk310067');
INSERT INTO md_attribute_char ( oid) VALUES ('qq9qt2byu899zm4whroh8fpl5axsmk310067');
INSERT INTO md_attribute_primitive ( oid) VALUES ('qq9qt2byu899zm4whroh8fpl5axsmk310067');
INSERT INTO md_attribute_concrete ( column_name, defining_md_class, setter_visibility, setter_visibility_c, immutable, index_name, generate_accessor, system, required, display_label, getter_visibility, getter_visibility_c, index_type, index_type_c, attribute_name, oid) VALUES ('class_name', 'xwa6z189dcyrqfsje4e0x0a4r2tixpug0058', '09ug90ifgzqrfqxkm4ixpwmy5j7p2xg6', '20071109NM00000000000000000000050113', 0, 'aqseihux8qztvxq9phyvzwyy7blvgt', 1, 0, 1, '7850yafb8zsl1z8yqjl6cywho2lry5xi0287', 'zbwk1jckzsbsc11f1i0ezsttmlo5a0wt', '20071109NM00000000000000000000050113', 'zh71jzdfmq5y692lbpjyxd585mf22o7f', '000000000000000000000000000004010085', 'className', 'qq9qt2byu899zm4whroh8fpl5axsmk310067');
INSERT INTO md_attribute ( oid) VALUES ('qq9qt2byu899zm4whroh8fpl5axsmk310067');
INSERT INTO metadata ( description, created_by, owner, oid, create_date, seq, type, remove, site_master, locked_by, entity_domain, last_updated_by, last_update_date, key_name) VALUES ('04hpfk8pgwqjf29l81lsciu26wxd83c40287', '000000000000000000000000000000100060', '000000000000000000000000000000100060', 'qq9qt2byu899zm4whroh8fpl5axsmk310067', '2014-02-10 12:13:54', 4437, 'com.runwaysdk.system.metadata.MdAttributeCharacter', 1, 'www.runwaysdk.com', NULL, NULL, '000000000000000000000000000000100060', '2014-02-10 12:13:54', 'com.runwaysdk.system.scheduler.QualifiedTypeJob.className');
ALTER TABLE qualified_type_job ADD COLUMN class_name  varchar(100);
INSERT INTO class_attribute_concrete ( oid, parent_oid, child_oid) VALUES ('z9qwqmj4rm43zbeqdid5q7xesoc0oe9l0245', 'xwa6z189dcyrqfsje4e0x0a4r2tixpug0058', 'qq9qt2byu899zm4whroh8fpl5axsmk310067');
INSERT INTO class_attribute ( oid, parent_oid, child_oid) VALUES ('z9qwqmj4rm43zbeqdid5q7xesoc0oe9l0245', 'xwa6z189dcyrqfsje4e0x0a4r2tixpug0058', 'qq9qt2byu899zm4whroh8fpl5axsmk310067');
INSERT INTO metadata_relationship ( entity_domain, site_master, last_updated_by, oid, owner, locked_by, create_date, type, created_by, seq, key_name, last_update_date, parent_oid, child_oid) VALUES (NULL, 'www.runwaysdk.com', '000000000000000000000000000000100060', 'z9qwqmj4rm43zbeqdid5q7xesoc0oe9l0245', '000000000000000000000000000000100060', NULL, '2014-02-10 12:13:54', 'com.runwaysdk.system.metadata.ClassAttributeConcrete', '000000000000000000000000000000100060', 4438, 'com.runwaysdk.system.scheduler.QualifiedTypeJob.className', '2014-02-10 12:13:54', 'xwa6z189dcyrqfsje4e0x0a4r2tixpug0058', 'qq9qt2byu899zm4whroh8fpl5axsmk310067');
INSERT INTO metadata_display_label ( default_locale, oid, site_master, key_name) VALUES ('false', '8cuqq96pyyxdh2remd73y73f6hqa3c0m0287', 'www.runwaysdk.com', '8cuqq96pyyxdh2remd73y73f6hqa3c0m0287');
INSERT INTO metadata_display_label ( default_locale, oid, site_master, key_name) VALUES ('true', 'xcqe3eafsdh1hlbzwt0r4km20xljggkr0287', 'www.runwaysdk.com', 'xcqe3eafsdh1hlbzwt0r4km20xljggkr0287');
 INSERT INTO visibilitymodifier (set_id, item_id)  VALUES  ('8r1a4h4qych3ugvdnx0jyic6nqb1minn', '20071109NM00000000000000000000050113');
INSERT INTO metadata_display_label ( default_locale, oid, site_master, key_name) VALUES ('Record History', 'szppt9keg0huphoch6k1hzori8xwrhk90287', 'www.runwaysdk.com', 'szppt9keg0huphoch6k1hzori8xwrhk90287');
 INSERT INTO visibilitymodifier (set_id, item_id)  VALUES  ('70epnj7mh739ji9vfipr0ragn3ddka0l', '20071109NM00000000000000000000050113');
 INSERT INTO md_attribute_indicies (set_id, item_id)  VALUES  ('xyzgcq4h19qoosid3mt37p6uzi6ul4b7', '000000000000000000000000000004010085');
INSERT INTO metadata_display_label ( default_locale, oid, site_master, key_name) VALUES ('Record History', '6v7yj4q4ito16ad1omi78ij9l9kdpfhu0287', 'www.runwaysdk.com', '6v7yj4q4ito16ad1omi78ij9l9kdpfhu0287');
INSERT INTO md_attribute_boolean ( negative_display_label, default_value, positive_display_label, oid) VALUES ('8cuqq96pyyxdh2remd73y73f6hqa3c0m0287', 1, 'xcqe3eafsdh1hlbzwt0r4km20xljggkr0287', '0b43p1o8g666i5ilzz28j9c6heyb9epi0074');
INSERT INTO md_attribute_primitive ( oid) VALUES ('0b43p1o8g666i5ilzz28j9c6heyb9epi0074');
INSERT INTO md_attribute_concrete ( column_name, defining_md_class, setter_visibility, setter_visibility_c, immutable, index_name, generate_accessor, system, required, display_label, getter_visibility, getter_visibility_c, index_type, index_type_c, attribute_name, oid) VALUES ('record_history', '8ndv254jvk1mw1rql6a4pqz9qbqvdzl40058', '8r1a4h4qych3ugvdnx0jyic6nqb1minn', '20071109NM00000000000000000000050113', 0, 'a2mjj0ifvuzqakz03q7ddbntadsykv', 1, 0, 1, 'szppt9keg0huphoch6k1hzori8xwrhk90287', '70epnj7mh739ji9vfipr0ragn3ddka0l', '20071109NM00000000000000000000050113', 'xyzgcq4h19qoosid3mt37p6uzi6ul4b7', '000000000000000000000000000004010085', 'recordHistory', '0b43p1o8g666i5ilzz28j9c6heyb9epi0074');
INSERT INTO md_attribute ( oid) VALUES ('0b43p1o8g666i5ilzz28j9c6heyb9epi0074');
INSERT INTO metadata ( description, created_by, owner, oid, create_date, seq, type, remove, site_master, locked_by, entity_domain, last_updated_by, last_update_date, key_name) VALUES ('6v7yj4q4ito16ad1omi78ij9l9kdpfhu0287', '000000000000000000000000000000100060', '000000000000000000000000000000100060', '0b43p1o8g666i5ilzz28j9c6heyb9epi0074', '2014-02-10 12:13:54', 4439, 'com.runwaysdk.system.metadata.MdAttributeBoolean', 1, 'www.runwaysdk.com', NULL, NULL, '000000000000000000000000000000100060', '2014-02-10 12:13:54', 'com.runwaysdk.system.scheduler.ExecutableJob.recordHistory');
ALTER TABLE executable_job ADD COLUMN record_history  int;
INSERT INTO class_attribute_concrete ( oid, parent_oid, child_oid) VALUES ('r5yxbtgan6zt132tpz57wb9vwswssx9i0245', '8ndv254jvk1mw1rql6a4pqz9qbqvdzl40058', '0b43p1o8g666i5ilzz28j9c6heyb9epi0074');
INSERT INTO class_attribute ( oid, parent_oid, child_oid) VALUES ('r5yxbtgan6zt132tpz57wb9vwswssx9i0245', '8ndv254jvk1mw1rql6a4pqz9qbqvdzl40058', '0b43p1o8g666i5ilzz28j9c6heyb9epi0074');
INSERT INTO metadata_relationship ( entity_domain, site_master, last_updated_by, oid, owner, locked_by, create_date, type, created_by, seq, key_name, last_update_date, parent_oid, child_oid) VALUES (NULL, 'www.runwaysdk.com', '000000000000000000000000000000100060', 'r5yxbtgan6zt132tpz57wb9vwswssx9i0245', '000000000000000000000000000000100060', NULL, '2014-02-10 12:13:54', 'com.runwaysdk.system.metadata.ClassAttributeConcrete', '000000000000000000000000000000100060', 4440, 'com.runwaysdk.system.scheduler.ExecutableJob.recordHistory', '2014-02-10 12:13:54', '8ndv254jvk1mw1rql6a4pqz9qbqvdzl40058', '0b43p1o8g666i5ilzz28j9c6heyb9epi0074');
 INSERT INTO class_cache (set_id, item_id)  VALUES  ('zobmkpr13wuor53bkh037dogr9u9lcv1', '000000000000000000000000000002310077');
INSERT INTO metadata_display_label ( default_locale, oid, site_master, key_name) VALUES ('JobSnapshot', 'sjykwzaapuc2vtnvm39lp04lahd3q5td0287', 'www.runwaysdk.com', 'sjykwzaapuc2vtnvm39lp04lahd3q5td0287');
INSERT INTO metadata_display_label ( default_locale, oid, site_master, key_name) VALUES ('JobSnapshot', '72j1voqethufh26dos6qt2y4iusrchvc0287', 'www.runwaysdk.com', '72j1voqethufh26dos6qt2y4iusrchvc0287');
INSERT INTO md_business ( cache_algorithm, cache_algorithm_c, super_md_business, oid) VALUES ('zobmkpr13wuor53bkh037dogr9u9lcv1', '000000000000000000000000000002310077', '0fnj9qgoapxjygna1zbnrdk7vm5ciijy0058', '2hhpg3x31r0t11svybr296b66ilnuk6r0058');
INSERT INTO md_element ( extendable, is_abstract, oid) VALUES (1, 0, '2hhpg3x31r0t11svybr296b66ilnuk6r0058');
INSERT INTO md_entity ( query_dto_source, query_source, cache_size, enforce_site_master, has_deterministic_ids, table_name, oid) VALUES (NULL, NULL, 0, 1, 0, 'job_snapshot', '2hhpg3x31r0t11svybr296b66ilnuk6r0058');
INSERT INTO md_class ( publish, stub_dto_source, stub_source, oid) VALUES (1, NULL, NULL, '2hhpg3x31r0t11svybr296b66ilnuk6r0058');
INSERT INTO md_type ( display_label, root_id, package_name, type_name, base_source, js_base, js_stub, exported, dto_source, oid) VALUES ('sjykwzaapuc2vtnvm39lp04lahd3q5td0287', '2hhpg3x31r0t11svybr296b66ilnuk6r', 'com.runwaysdk.system.scheduler', 'JobSnapshot', NULL, NULL, NULL, 1, NULL, '2hhpg3x31r0t11svybr296b66ilnuk6r0058');
INSERT INTO metadata ( description, created_by, owner, oid, create_date, seq, type, remove, site_master, locked_by, entity_domain, last_updated_by, last_update_date, key_name) VALUES ('72j1voqethufh26dos6qt2y4iusrchvc0287', '000000000000000000000000000000100060', '000000000000000000000000000000100060', '2hhpg3x31r0t11svybr296b66ilnuk6r0058', '2014-02-10 12:13:54', 4441, 'com.runwaysdk.system.metadata.MdBusiness', 1, 'www.runwaysdk.com', NULL, NULL, '000000000000000000000000000000100060', '2014-02-10 12:13:54', 'com.runwaysdk.system.scheduler.JobSnapshot');
CREATE TABLE job_snapshot ( oid CHAR(64) NOT NULL PRIMARY KEY );
INSERT INTO metadata_display_label ( default_locale, oid, site_master, key_name) VALUES (NULL, 't1vp05jll0awjocvclxwg4rt2l4qiz5v0287', 'www.runwaysdk.com', 't1vp05jll0awjocvclxwg4rt2l4qiz5v0287');
INSERT INTO metadata_display_label ( default_locale, oid, site_master, key_name) VALUES (NULL, 'rdrwdd87ogbd3z58fly85agi79eo6ee80287', 'www.runwaysdk.com', 'rdrwdd87ogbd3z58fly85agi79eo6ee80287');
INSERT INTO md_controller ( stub_source, oid) VALUES (NULL, '0f16jouev3pvt8nmcv3tak3nb2hql0qr0130');
INSERT INTO md_type ( display_label, root_id, package_name, type_name, base_source, js_base, js_stub, exported, dto_source, oid) VALUES ('t1vp05jll0awjocvclxwg4rt2l4qiz5v0287', '0f16jouev3pvt8nmcv3tak3nb2hql0qr', 'com.runwaysdk.system.scheduler', 'JobSnapshotController', NULL, NULL, NULL, 1, NULL, '0f16jouev3pvt8nmcv3tak3nb2hql0qr0130');
INSERT INTO metadata ( description, created_by, owner, oid, create_date, seq, type, remove, site_master, locked_by, entity_domain, last_updated_by, last_update_date, key_name) VALUES ('rdrwdd87ogbd3z58fly85agi79eo6ee80287', '000000000000000000000000000000100060', '000000000000000000000000000000100060', '0f16jouev3pvt8nmcv3tak3nb2hql0qr0130', '2014-02-10 12:13:54', 4442, 'com.runwaysdk.system.metadata.MdController', 1, 'www.runwaysdk.com', NULL, NULL, '000000000000000000000000000000100060', '2014-02-10 12:13:54', 'com.runwaysdk.system.scheduler.JobSnapshotController');
INSERT INTO metadata_display_label ( default_locale, oid, site_master, key_name) VALUES ('View Page', 'z0fb5go7teofqzaefka13mulhuec2i5q0287', 'www.runwaysdk.com', 'z0fb5go7teofqzaefka13mulhuec2i5q0287');
INSERT INTO metadata_display_label ( default_locale, oid, site_master, key_name) VALUES ('Loads a ViewAll query for a specific page into the request object', '1u1tdipurwe31bspphfj0tn45mfu4c7d0287', 'www.runwaysdk.com', '1u1tdipurwe31bspphfj0tn45mfu4c7d0287');
INSERT INTO md_action ( is_query, enclosing_md_controller, is_post, action_name, display_label, oid) VALUES (1, '0f16jouev3pvt8nmcv3tak3nb2hql0qr0130', 0, 'viewPage', 'z0fb5go7teofqzaefka13mulhuec2i5q0287', 'smfj7bbgb86n3w7h2zmw6etq3g0wp8yn0131');
INSERT INTO metadata ( description, created_by, owner, oid, create_date, seq, type, remove, site_master, locked_by, entity_domain, last_updated_by, last_update_date, key_name) VALUES ('1u1tdipurwe31bspphfj0tn45mfu4c7d0287', '000000000000000000000000000000100060', '000000000000000000000000000000100060', 'smfj7bbgb86n3w7h2zmw6etq3g0wp8yn0131', '2014-02-10 12:13:54', 4443, 'com.runwaysdk.system.metadata.MdAction', 1, 'www.runwaysdk.com', NULL, NULL, '000000000000000000000000000000100060', '2014-02-10 12:13:54', 'com.runwaysdk.system.scheduler.JobSnapshotController.viewPage');
INSERT INTO controller_action ( key_name, locked_by, oid, owner, entity_domain, created_by, type, last_update_date, create_date, seq, last_updated_by, site_master, parent_oid, child_oid) VALUES ('com.runwaysdk.system.scheduler.JobSnapshotController.viewPage', NULL, '70ob5w0bwotxzgc00gbhp2yr19xk0uds0264', '000000000000000000000000000000100060', NULL, '000000000000000000000000000000100060', 'com.runwaysdk.system.ControllerAction', '2014-02-10 12:13:54', '2014-02-10 12:13:54', 4444, '000000000000000000000000000000100060', 'www.runwaysdk.com', '0f16jouev3pvt8nmcv3tak3nb2hql0qr0130', 'smfj7bbgb86n3w7h2zmw6etq3g0wp8yn0131');
INSERT INTO metadata_display_label ( default_locale, oid, site_master, key_name) VALUES ('Sort Attribute', 'xgqzblohv8ea18ys8zvld6866urmpfuv0287', 'www.runwaysdk.com', 'xgqzblohv8ea18ys8zvld6866urmpfuv0287');
INSERT INTO metadata_display_label ( default_locale, oid, site_master, key_name) VALUES (NULL, 'xsrwfk4zsa120i7qfaybn71uwzp8krtt0287', 'www.runwaysdk.com', 'xsrwfk4zsa120i7qfaybn71uwzp8krtt0287');
INSERT INTO md_parameter ( metadata, parameter_order, parameter_name, parameter_type, display_label, oid) VALUES ('smfj7bbgb86n3w7h2zmw6etq3g0wp8yn0131', -4, 'sortAttribute', 'java.lang.String', 'xgqzblohv8ea18ys8zvld6866urmpfuv0287', '0f7qbst0dpg5i1rkghyxaw695xtaql0k0110');
INSERT INTO metadata ( description, created_by, owner, oid, create_date, seq, type, remove, site_master, locked_by, entity_domain, last_updated_by, last_update_date, key_name) VALUES ('xsrwfk4zsa120i7qfaybn71uwzp8krtt0287', '000000000000000000000000000000100060', '000000000000000000000000000000100060', '0f7qbst0dpg5i1rkghyxaw695xtaql0k0110', '2014-02-10 12:13:54', 4445, 'com.runwaysdk.system.metadata.MdParameter', 1, 'www.runwaysdk.com', NULL, NULL, '000000000000000000000000000000100060', '2014-02-10 12:13:54', 'com.runwaysdk.system.scheduler.JobSnapshotController.viewPage.sortAttribute');
INSERT INTO metadata_parameter ( site_master, last_updated_by, create_date, seq, locked_by, entity_domain, created_by, type, last_update_date, key_name, owner, oid, parent_oid, child_oid) VALUES ('www.runwaysdk.com', '000000000000000000000000000000100060', '2014-02-10 12:13:54', 4446, NULL, NULL, '000000000000000000000000000000100060', 'com.runwaysdk.system.MetadataParameter', '2014-02-10 12:13:54', 'com.runwaysdk.system.scheduler.JobSnapshotController.viewPage.sortAttribute', '000000000000000000000000000000100060', '2a6q573dke9swiivbg2g6zbtz48ky4mm0256', 'smfj7bbgb86n3w7h2zmw6etq3g0wp8yn0131', '0f7qbst0dpg5i1rkghyxaw695xtaql0k0110');
INSERT INTO metadata_display_label ( default_locale, oid, site_master, key_name) VALUES ('Is Ascending', 'sde2tijcpge2gklmsxo9542zy3rpihyb0287', 'www.runwaysdk.com', 'sde2tijcpge2gklmsxo9542zy3rpihyb0287');
INSERT INTO metadata_display_label ( default_locale, oid, site_master, key_name) VALUES (NULL, 'znbu3sxhaagnhnxfwqiodpdzjnz274jq0287', 'www.runwaysdk.com', 'znbu3sxhaagnhnxfwqiodpdzjnz274jq0287');
INSERT INTO md_parameter ( metadata, parameter_order, parameter_name, parameter_type, display_label, oid) VALUES ('smfj7bbgb86n3w7h2zmw6etq3g0wp8yn0131', -3, 'isAscending', 'java.lang.Boolean', 'sde2tijcpge2gklmsxo9542zy3rpihyb0287', 'sh86q1xsdvath7meen9sbwki0vev6xmo0110');
INSERT INTO metadata ( description, created_by, owner, oid, create_date, seq, type, remove, site_master, locked_by, entity_domain, last_updated_by, last_update_date, key_name) VALUES ('znbu3sxhaagnhnxfwqiodpdzjnz274jq0287', '000000000000000000000000000000100060', '000000000000000000000000000000100060', 'sh86q1xsdvath7meen9sbwki0vev6xmo0110', '2014-02-10 12:13:54', 4447, 'com.runwaysdk.system.metadata.MdParameter', 1, 'www.runwaysdk.com', NULL, NULL, '000000000000000000000000000000100060', '2014-02-10 12:13:54', 'com.runwaysdk.system.scheduler.JobSnapshotController.viewPage.isAscending');
INSERT INTO metadata_parameter ( site_master, last_updated_by, create_date, seq, locked_by, entity_domain, created_by, type, last_update_date, key_name, owner, oid, parent_oid, child_oid) VALUES ('www.runwaysdk.com', '000000000000000000000000000000100060', '2014-02-10 12:13:54', 4448, NULL, NULL, '000000000000000000000000000000100060', 'com.runwaysdk.system.MetadataParameter', '2014-02-10 12:13:54', 'com.runwaysdk.system.scheduler.JobSnapshotController.viewPage.isAscending', '000000000000000000000000000000100060', 'yx8ibuj6izu2t50kdoyopq2zw6h39gtq0256', 'smfj7bbgb86n3w7h2zmw6etq3g0wp8yn0131', 'sh86q1xsdvath7meen9sbwki0vev6xmo0110');
INSERT INTO metadata_display_label ( default_locale, oid, site_master, key_name) VALUES ('Page Size', 'qu5tgo64j5mr7xwbye1j8veuw0dnauru0287', 'www.runwaysdk.com', 'qu5tgo64j5mr7xwbye1j8veuw0dnauru0287');
INSERT INTO metadata_display_label ( default_locale, oid, site_master, key_name) VALUES (NULL, '2ful8lr0xw7w5ktekw1t5aujehm7ota50287', 'www.runwaysdk.com', '2ful8lr0xw7w5ktekw1t5aujehm7ota50287');
INSERT INTO md_parameter ( metadata, parameter_order, parameter_name, parameter_type, display_label, oid) VALUES ('smfj7bbgb86n3w7h2zmw6etq3g0wp8yn0131', -2, 'pageSize', 'java.lang.Integer', 'qu5tgo64j5mr7xwbye1j8veuw0dnauru0287', '0db3f1jrt13w0ay1w1j3g7r45eykmczx0110');
INSERT INTO metadata ( description, created_by, owner, oid, create_date, seq, type, remove, site_master, locked_by, entity_domain, last_updated_by, last_update_date, key_name) VALUES ('2ful8lr0xw7w5ktekw1t5aujehm7ota50287', '000000000000000000000000000000100060', '000000000000000000000000000000100060', '0db3f1jrt13w0ay1w1j3g7r45eykmczx0110', '2014-02-10 12:13:54', 4449, 'com.runwaysdk.system.metadata.MdParameter', 1, 'www.runwaysdk.com', NULL, NULL, '000000000000000000000000000000100060', '2014-02-10 12:13:54', 'com.runwaysdk.system.scheduler.JobSnapshotController.viewPage.pageSize');
INSERT INTO metadata_parameter ( site_master, last_updated_by, create_date, seq, locked_by, entity_domain, created_by, type, last_update_date, key_name, owner, oid, parent_oid, child_oid) VALUES ('www.runwaysdk.com', '000000000000000000000000000000100060', '2014-02-10 12:13:54', 4450, NULL, NULL, '000000000000000000000000000000100060', 'com.runwaysdk.system.MetadataParameter', '2014-02-10 12:13:54', 'com.runwaysdk.system.scheduler.JobSnapshotController.viewPage.pageSize', '000000000000000000000000000000100060', 'zd8gcrtmpirhfwrlfq9d33pa6qgdq72i0256', 'smfj7bbgb86n3w7h2zmw6etq3g0wp8yn0131', '0db3f1jrt13w0ay1w1j3g7r45eykmczx0110');
INSERT INTO metadata_display_label ( default_locale, oid, site_master, key_name) VALUES ('Page Number', '8dnd6is3dpgy90imswl3in02gkmo5auu0287', 'www.runwaysdk.com', '8dnd6is3dpgy90imswl3in02gkmo5auu0287');
INSERT INTO metadata_display_label ( default_locale, oid, site_master, key_name) VALUES (NULL, '290dtizvimqgiwdjbb8b7jdb0nnw2ooq0287', 'www.runwaysdk.com', '290dtizvimqgiwdjbb8b7jdb0nnw2ooq0287');
INSERT INTO md_parameter ( metadata, parameter_order, parameter_name, parameter_type, display_label, oid) VALUES ('smfj7bbgb86n3w7h2zmw6etq3g0wp8yn0131', -1, 'pageNumber', 'java.lang.Integer', '8dnd6is3dpgy90imswl3in02gkmo5auu0287', 'sxba7887v4ok0qa4ym9md947sp8xqmzo0110');
INSERT INTO metadata ( description, created_by, owner, oid, create_date, seq, type, remove, site_master, locked_by, entity_domain, last_updated_by, last_update_date, key_name) VALUES ('290dtizvimqgiwdjbb8b7jdb0nnw2ooq0287', '000000000000000000000000000000100060', '000000000000000000000000000000100060', 'sxba7887v4ok0qa4ym9md947sp8xqmzo0110', '2014-02-10 12:13:54', 4451, 'com.runwaysdk.system.metadata.MdParameter', 1, 'www.runwaysdk.com', NULL, NULL, '000000000000000000000000000000100060', '2014-02-10 12:13:54', 'com.runwaysdk.system.scheduler.JobSnapshotController.viewPage.pageNumber');
INSERT INTO metadata_parameter ( site_master, last_updated_by, create_date, seq, locked_by, entity_domain, created_by, type, last_update_date, key_name, owner, oid, parent_oid, child_oid) VALUES ('www.runwaysdk.com', '000000000000000000000000000000100060', '2014-02-10 12:13:54', 4452, NULL, NULL, '000000000000000000000000000000100060', 'com.runwaysdk.system.MetadataParameter', '2014-02-10 12:13:54', 'com.runwaysdk.system.scheduler.JobSnapshotController.viewPage.pageNumber', '000000000000000000000000000000100060', 'xq61vejdrcnj4yultgbvx7kd49zx52hm0256', 'smfj7bbgb86n3w7h2zmw6etq3g0wp8yn0131', 'sxba7887v4ok0qa4ym9md947sp8xqmzo0110');
INSERT INTO metadata_display_label ( default_locale, oid, site_master, key_name) VALUES ('View All', 't0i9f4lpt9acnw25xvzxzjgwui5ms1cl0287', 'www.runwaysdk.com', 't0i9f4lpt9acnw25xvzxzjgwui5ms1cl0287');
INSERT INTO metadata_display_label ( default_locale, oid, site_master, key_name) VALUES ('Loads a ViewAll query with the default settings', 'sfam4e6r7mh5m1c2bj2ebt89179vby0y0287', 'www.runwaysdk.com', 'sfam4e6r7mh5m1c2bj2ebt89179vby0y0287');
INSERT INTO md_action ( is_query, enclosing_md_controller, is_post, action_name, display_label, oid) VALUES (0, '0f16jouev3pvt8nmcv3tak3nb2hql0qr0130', 0, 'viewAll', 't0i9f4lpt9acnw25xvzxzjgwui5ms1cl0287', 'r418ab2dcpcpgws6adkqagzrxi10ogai0131');
INSERT INTO metadata ( description, created_by, owner, oid, create_date, seq, type, remove, site_master, locked_by, entity_domain, last_updated_by, last_update_date, key_name) VALUES ('sfam4e6r7mh5m1c2bj2ebt89179vby0y0287', '000000000000000000000000000000100060', '000000000000000000000000000000100060', 'r418ab2dcpcpgws6adkqagzrxi10ogai0131', '2014-02-10 12:13:54', 4453, 'com.runwaysdk.system.metadata.MdAction', 1, 'www.runwaysdk.com', NULL, NULL, '000000000000000000000000000000100060', '2014-02-10 12:13:54', 'com.runwaysdk.system.scheduler.JobSnapshotController.viewAll');
INSERT INTO controller_action ( key_name, locked_by, oid, owner, entity_domain, created_by, type, last_update_date, create_date, seq, last_updated_by, site_master, parent_oid, child_oid) VALUES ('com.runwaysdk.system.scheduler.JobSnapshotController.viewAll', NULL, '72syh61ghygw6g5ydmtzx4lxxfmk9riu0264', '000000000000000000000000000000100060', NULL, '000000000000000000000000000000100060', 'com.runwaysdk.system.ControllerAction', '2014-02-10 12:13:54', '2014-02-10 12:13:54', 4454, '000000000000000000000000000000100060', 'www.runwaysdk.com', '0f16jouev3pvt8nmcv3tak3nb2hql0qr0130', 'r418ab2dcpcpgws6adkqagzrxi10ogai0131');
INSERT INTO metadata_display_label ( default_locale, oid, site_master, key_name) VALUES ('View', '6wrbe18wbwf6m6uwu77rriv8hj9ksfdl0287', 'www.runwaysdk.com', '6wrbe18wbwf6m6uwu77rriv8hj9ksfdl0287');
INSERT INTO metadata_display_label ( default_locale, oid, site_master, key_name) VALUES ('View an existing instance of com.runwaysdk.system.scheduler.JobSnapshot', '2dq6cc07zzhnwelh6bylx0mt3km7xb5q0287', 'www.runwaysdk.com', '2dq6cc07zzhnwelh6bylx0mt3km7xb5q0287');
INSERT INTO md_action ( is_query, enclosing_md_controller, is_post, action_name, display_label, oid) VALUES (0, '0f16jouev3pvt8nmcv3tak3nb2hql0qr0130', 0, 'view', '6wrbe18wbwf6m6uwu77rriv8hj9ksfdl0287', 's9ooejxoai9pmwtiprrirxqq9n15lzfi0131');
INSERT INTO metadata ( description, created_by, owner, oid, create_date, seq, type, remove, site_master, locked_by, entity_domain, last_updated_by, last_update_date, key_name) VALUES ('2dq6cc07zzhnwelh6bylx0mt3km7xb5q0287', '000000000000000000000000000000100060', '000000000000000000000000000000100060', 's9ooejxoai9pmwtiprrirxqq9n15lzfi0131', '2014-02-10 12:13:54', 4455, 'com.runwaysdk.system.metadata.MdAction', 1, 'www.runwaysdk.com', NULL, NULL, '000000000000000000000000000000100060', '2014-02-10 12:13:54', 'com.runwaysdk.system.scheduler.JobSnapshotController.view');
INSERT INTO controller_action ( key_name, locked_by, oid, owner, entity_domain, created_by, type, last_update_date, create_date, seq, last_updated_by, site_master, parent_oid, child_oid) VALUES ('com.runwaysdk.system.scheduler.JobSnapshotController.view', NULL, '8vqlkhttgfmc7q11pr6xmk1zsj1j9kuc0264', '000000000000000000000000000000100060', NULL, '000000000000000000000000000000100060', 'com.runwaysdk.system.ControllerAction', '2014-02-10 12:13:54', '2014-02-10 12:13:54', 4456, '000000000000000000000000000000100060', 'www.runwaysdk.com', '0f16jouev3pvt8nmcv3tak3nb2hql0qr0130', 's9ooejxoai9pmwtiprrirxqq9n15lzfi0131');
INSERT INTO metadata_display_label ( default_locale, oid, site_master, key_name) VALUES ('Parameter: com.runwaysdk.system.scheduler.JobSnapshot - oid', 'qqkngy59wt35d0rtug3qkmagsfcgc4wz0287', 'www.runwaysdk.com', 'qqkngy59wt35d0rtug3qkmagsfcgc4wz0287');
INSERT INTO metadata_display_label ( default_locale, oid, site_master, key_name) VALUES ('Id of com.runwaysdk.system.scheduler.JobSnapshot to view.', 'xwutc4iqtrz41s2z6lsibpwhm3vsr5ys0287', 'www.runwaysdk.com', 'xwutc4iqtrz41s2z6lsibpwhm3vsr5ys0287');
INSERT INTO md_parameter ( metadata, parameter_order, parameter_name, parameter_type, display_label, oid) VALUES ('s9ooejxoai9pmwtiprrirxqq9n15lzfi0131', 0, 'oid', 'java.lang.String', 'qqkngy59wt35d0rtug3qkmagsfcgc4wz0287', '0a61pr8jhdynixl6vd9ylzaxih5t2lv50110');
INSERT INTO metadata ( description, created_by, owner, oid, create_date, seq, type, remove, site_master, locked_by, entity_domain, last_updated_by, last_update_date, key_name) VALUES ('xwutc4iqtrz41s2z6lsibpwhm3vsr5ys0287', '000000000000000000000000000000100060', '000000000000000000000000000000100060', '0a61pr8jhdynixl6vd9ylzaxih5t2lv50110', '2014-02-10 12:13:54', 4457, 'com.runwaysdk.system.metadata.MdParameter', 1, 'www.runwaysdk.com', NULL, NULL, '000000000000000000000000000000100060', '2014-02-10 12:13:54', 'com.runwaysdk.system.scheduler.JobSnapshotController.view.oid');
INSERT INTO metadata_parameter ( site_master, last_updated_by, create_date, seq, locked_by, entity_domain, created_by, type, last_update_date, key_name, owner, oid, parent_oid, child_oid) VALUES ('www.runwaysdk.com', '000000000000000000000000000000100060', '2014-02-10 12:13:54', 4458, NULL, NULL, '000000000000000000000000000000100060', 'com.runwaysdk.system.MetadataParameter', '2014-02-10 12:13:54', 'com.runwaysdk.system.scheduler.JobSnapshotController.view.oid', '000000000000000000000000000000100060', 'yxdfm1cnqz6wmruluggnzf8w0jljdvo00256', 's9ooejxoai9pmwtiprrirxqq9n15lzfi0131', '0a61pr8jhdynixl6vd9ylzaxih5t2lv50110');
INSERT INTO metadata_display_label ( default_locale, oid, site_master, key_name) VALUES ('New Instance', 'xw3jh3prs7z9ejr6q5atttnvrbn6z28v0287', 'www.runwaysdk.com', 'xw3jh3prs7z9ejr6q5atttnvrbn6z28v0287');
INSERT INTO metadata_display_label ( default_locale, oid, site_master, key_name) VALUES ('Loads a new instance of com.runwaysdk.system.scheduler.JobSnapshot into the request object', '26k20vwowp3lquqqlfpozy2ehdfwjzt50287', 'www.runwaysdk.com', '26k20vwowp3lquqqlfpozy2ehdfwjzt50287');
INSERT INTO md_action ( is_query, enclosing_md_controller, is_post, action_name, display_label, oid) VALUES (0, '0f16jouev3pvt8nmcv3tak3nb2hql0qr0130', 0, 'newInstance', 'xw3jh3prs7z9ejr6q5atttnvrbn6z28v0287', 'syivehhusj0s9vbjix5x14an31s8e4wi0131');
INSERT INTO metadata ( description, created_by, owner, oid, create_date, seq, type, remove, site_master, locked_by, entity_domain, last_updated_by, last_update_date, key_name) VALUES ('26k20vwowp3lquqqlfpozy2ehdfwjzt50287', '000000000000000000000000000000100060', '000000000000000000000000000000100060', 'syivehhusj0s9vbjix5x14an31s8e4wi0131', '2014-02-10 12:13:54', 4459, 'com.runwaysdk.system.metadata.MdAction', 1, 'www.runwaysdk.com', NULL, NULL, '000000000000000000000000000000100060', '2014-02-10 12:13:54', 'com.runwaysdk.system.scheduler.JobSnapshotController.newInstance');
INSERT INTO controller_action ( key_name, locked_by, oid, owner, entity_domain, created_by, type, last_update_date, create_date, seq, last_updated_by, site_master, parent_oid, child_oid) VALUES ('com.runwaysdk.system.scheduler.JobSnapshotController.newInstance', NULL, '7bnpi3vwdxwxcwe69nhjw5gk9dx1rblf0264', '000000000000000000000000000000100060', NULL, '000000000000000000000000000000100060', 'com.runwaysdk.system.ControllerAction', '2014-02-10 12:13:54', '2014-02-10 12:13:54', 4460, '000000000000000000000000000000100060', 'www.runwaysdk.com', '0f16jouev3pvt8nmcv3tak3nb2hql0qr0130', 'syivehhusj0s9vbjix5x14an31s8e4wi0131');
INSERT INTO metadata_display_label ( default_locale, oid, site_master, key_name) VALUES ('Create', '91xpkjuqn7ize4l1ylm17uvb1vx50d330287', 'www.runwaysdk.com', '91xpkjuqn7ize4l1ylm17uvb1vx50d330287');
INSERT INTO metadata_display_label ( default_locale, oid, site_master, key_name) VALUES ('Applys a new instance of com.runwaysdk.system.scheduler.JobSnapshot', '06pbow88k5dxoe13ushrzh4objwgizeq0287', 'www.runwaysdk.com', '06pbow88k5dxoe13ushrzh4objwgizeq0287');
INSERT INTO md_action ( is_query, enclosing_md_controller, is_post, action_name, display_label, oid) VALUES (0, '0f16jouev3pvt8nmcv3tak3nb2hql0qr0130', 1, 'create', '91xpkjuqn7ize4l1ylm17uvb1vx50d330287', '6tg8b816sry4lbk4gcc39ykiys24zuc60131');
INSERT INTO metadata ( description, created_by, owner, oid, create_date, seq, type, remove, site_master, locked_by, entity_domain, last_updated_by, last_update_date, key_name) VALUES ('06pbow88k5dxoe13ushrzh4objwgizeq0287', '000000000000000000000000000000100060', '000000000000000000000000000000100060', '6tg8b816sry4lbk4gcc39ykiys24zuc60131', '2014-02-10 12:13:54', 4461, 'com.runwaysdk.system.metadata.MdAction', 1, 'www.runwaysdk.com', NULL, NULL, '000000000000000000000000000000100060', '2014-02-10 12:13:54', 'com.runwaysdk.system.scheduler.JobSnapshotController.create');
INSERT INTO controller_action ( key_name, locked_by, oid, owner, entity_domain, created_by, type, last_update_date, create_date, seq, last_updated_by, site_master, parent_oid, child_oid) VALUES ('com.runwaysdk.system.scheduler.JobSnapshotController.create', NULL, '0lo61zpax3sw36ttg8brp8uduxniksad0264', '000000000000000000000000000000100060', NULL, '000000000000000000000000000000100060', 'com.runwaysdk.system.ControllerAction', '2014-02-10 12:13:54', '2014-02-10 12:13:54', 4462, '000000000000000000000000000000100060', 'www.runwaysdk.com', '0f16jouev3pvt8nmcv3tak3nb2hql0qr0130', '6tg8b816sry4lbk4gcc39ykiys24zuc60131');
INSERT INTO metadata_display_label ( default_locale, oid, site_master, key_name) VALUES ('Parameter: com.runwaysdk.system.scheduler.JobSnapshot', '2b23p724h15o8v3wk1j3xhqc6d3vwv6c0287', 'www.runwaysdk.com', '2b23p724h15o8v3wk1j3xhqc6d3vwv6c0287');
INSERT INTO metadata_display_label ( default_locale, oid, site_master, key_name) VALUES ('com.runwaysdk.system.scheduler.JobSnapshot to apply to the database', '8jr0cv072fqt8y3j3wpnocxarlokuc0r0287', 'www.runwaysdk.com', '8jr0cv072fqt8y3j3wpnocxarlokuc0r0287');
INSERT INTO md_parameter ( metadata, parameter_order, parameter_name, parameter_type, display_label, oid) VALUES ('6tg8b816sry4lbk4gcc39ykiys24zuc60131', 0, 'dto', 'com.runwaysdk.system.scheduler.JobSnapshot', '2b23p724h15o8v3wk1j3xhqc6d3vwv6c0287', 'svxl8nwfw7lda8k3alqy9p48uj9332ul0110');
INSERT INTO metadata ( description, created_by, owner, oid, create_date, seq, type, remove, site_master, locked_by, entity_domain, last_updated_by, last_update_date, key_name) VALUES ('8jr0cv072fqt8y3j3wpnocxarlokuc0r0287', '000000000000000000000000000000100060', '000000000000000000000000000000100060', 'svxl8nwfw7lda8k3alqy9p48uj9332ul0110', '2014-02-10 12:13:54', 4463, 'com.runwaysdk.system.metadata.MdParameter', 1, 'www.runwaysdk.com', NULL, NULL, '000000000000000000000000000000100060', '2014-02-10 12:13:54', 'com.runwaysdk.system.scheduler.JobSnapshotController.create.dto');
INSERT INTO metadata_parameter ( site_master, last_updated_by, create_date, seq, locked_by, entity_domain, created_by, type, last_update_date, key_name, owner, oid, parent_oid, child_oid) VALUES ('www.runwaysdk.com', '000000000000000000000000000000100060', '2014-02-10 12:13:54', 4464, NULL, NULL, '000000000000000000000000000000100060', 'com.runwaysdk.system.MetadataParameter', '2014-02-10 12:13:54', 'com.runwaysdk.system.scheduler.JobSnapshotController.create.dto', '000000000000000000000000000000100060', '7a6xvjy5ar80gajtf5o480mbrd35wumy0256', '6tg8b816sry4lbk4gcc39ykiys24zuc60131', 'svxl8nwfw7lda8k3alqy9p48uj9332ul0110');
INSERT INTO metadata_display_label ( default_locale, oid, site_master, key_name) VALUES ('edit', 'r6jc0lc05whuepospdrekyfoh17zpkmx0287', 'www.runwaysdk.com', 'r6jc0lc05whuepospdrekyfoh17zpkmx0287');
INSERT INTO metadata_display_label ( default_locale, oid, site_master, key_name) VALUES ('Applys an existing instance of com.runwaysdk.system.scheduler.JobSnapshot', '1trr83aghz8h1xgq0eckh40p7qod4gr80287', 'www.runwaysdk.com', '1trr83aghz8h1xgq0eckh40p7qod4gr80287');
INSERT INTO md_action ( is_query, enclosing_md_controller, is_post, action_name, display_label, oid) VALUES (0, '0f16jouev3pvt8nmcv3tak3nb2hql0qr0130', 0, 'edit', 'r6jc0lc05whuepospdrekyfoh17zpkmx0287', 'skjlrcek47gyd27rsbbbbg01wknn1o320131');
INSERT INTO metadata ( description, created_by, owner, oid, create_date, seq, type, remove, site_master, locked_by, entity_domain, last_updated_by, last_update_date, key_name) VALUES ('1trr83aghz8h1xgq0eckh40p7qod4gr80287', '000000000000000000000000000000100060', '000000000000000000000000000000100060', 'skjlrcek47gyd27rsbbbbg01wknn1o320131', '2014-02-10 12:13:54', 4465, 'com.runwaysdk.system.metadata.MdAction', 1, 'www.runwaysdk.com', NULL, NULL, '000000000000000000000000000000100060', '2014-02-10 12:13:54', 'com.runwaysdk.system.scheduler.JobSnapshotController.edit');
INSERT INTO controller_action ( key_name, locked_by, oid, owner, entity_domain, created_by, type, last_update_date, create_date, seq, last_updated_by, site_master, parent_oid, child_oid) VALUES ('com.runwaysdk.system.scheduler.JobSnapshotController.edit', NULL, 't189xnqs7nlwg5nxq3pvbn1pkj0veyid0264', '000000000000000000000000000000100060', NULL, '000000000000000000000000000000100060', 'com.runwaysdk.system.ControllerAction', '2014-02-10 12:13:54', '2014-02-10 12:13:54', 4466, '000000000000000000000000000000100060', 'www.runwaysdk.com', '0f16jouev3pvt8nmcv3tak3nb2hql0qr0130', 'skjlrcek47gyd27rsbbbbg01wknn1o320131');
INSERT INTO metadata_display_label ( default_locale, oid, site_master, key_name) VALUES ('Parameter: com.runwaysdk.system.scheduler.JobSnapshot', 'suc33dkjxs79web7nq1tnuz1ssy8f3r30287', 'www.runwaysdk.com', 'suc33dkjxs79web7nq1tnuz1ssy8f3r30287');
INSERT INTO metadata_display_label ( default_locale, oid, site_master, key_name) VALUES ('com.runwaysdk.system.scheduler.JobSnapshot to apply to the database', '8zwu0qywzk94nvqeay67z9ydyw7g52nq0287', 'www.runwaysdk.com', '8zwu0qywzk94nvqeay67z9ydyw7g52nq0287');
INSERT INTO md_parameter ( metadata, parameter_order, parameter_name, parameter_type, display_label, oid) VALUES ('skjlrcek47gyd27rsbbbbg01wknn1o320131', 0, 'oid', 'java.lang.String', 'suc33dkjxs79web7nq1tnuz1ssy8f3r30287', 'szcyo1lxtoe86cnub1bwisxju9zqn3gq0110');
INSERT INTO metadata ( description, created_by, owner, oid, create_date, seq, type, remove, site_master, locked_by, entity_domain, last_updated_by, last_update_date, key_name) VALUES ('8zwu0qywzk94nvqeay67z9ydyw7g52nq0287', '000000000000000000000000000000100060', '000000000000000000000000000000100060', 'szcyo1lxtoe86cnub1bwisxju9zqn3gq0110', '2014-02-10 12:13:54', 4467, 'com.runwaysdk.system.metadata.MdParameter', 1, 'www.runwaysdk.com', NULL, NULL, '000000000000000000000000000000100060', '2014-02-10 12:13:54', 'com.runwaysdk.system.scheduler.JobSnapshotController.edit.oid');
INSERT INTO metadata_parameter ( site_master, last_updated_by, create_date, seq, locked_by, entity_domain, created_by, type, last_update_date, key_name, owner, oid, parent_oid, child_oid) VALUES ('www.runwaysdk.com', '000000000000000000000000000000100060', '2014-02-10 12:13:54', 4468, NULL, NULL, '000000000000000000000000000000100060', 'com.runwaysdk.system.MetadataParameter', '2014-02-10 12:13:54', 'com.runwaysdk.system.scheduler.JobSnapshotController.edit.oid', '000000000000000000000000000000100060', 'xss1pj67peusaby9gr0p1tw4ma8cfn470256', 'skjlrcek47gyd27rsbbbbg01wknn1o320131', 'szcyo1lxtoe86cnub1bwisxju9zqn3gq0110');
INSERT INTO metadata_display_label ( default_locale, oid, site_master, key_name) VALUES ('update', '7gauez0s27ux37782fxk7ni46zi925n00287', 'www.runwaysdk.com', '7gauez0s27ux37782fxk7ni46zi925n00287');
INSERT INTO metadata_display_label ( default_locale, oid, site_master, key_name) VALUES ('Applys an existing instance of com.runwaysdk.system.scheduler.JobSnapshot', '7egalz1db0yqw3ipg23h1lkar0wx05cg0287', 'www.runwaysdk.com', '7egalz1db0yqw3ipg23h1lkar0wx05cg0287');
INSERT INTO md_action ( is_query, enclosing_md_controller, is_post, action_name, display_label, oid) VALUES (0, '0f16jouev3pvt8nmcv3tak3nb2hql0qr0130', 1, 'update', '7gauez0s27ux37782fxk7ni46zi925n00287', '8sxpvm22boypheek3jtw0u8ult6r3e1j0131');
INSERT INTO metadata ( description, created_by, owner, oid, create_date, seq, type, remove, site_master, locked_by, entity_domain, last_updated_by, last_update_date, key_name) VALUES ('7egalz1db0yqw3ipg23h1lkar0wx05cg0287', '000000000000000000000000000000100060', '000000000000000000000000000000100060', '8sxpvm22boypheek3jtw0u8ult6r3e1j0131', '2014-02-10 12:13:54', 4469, 'com.runwaysdk.system.metadata.MdAction', 1, 'www.runwaysdk.com', NULL, NULL, '000000000000000000000000000000100060', '2014-02-10 12:13:54', 'com.runwaysdk.system.scheduler.JobSnapshotController.update');
INSERT INTO controller_action ( key_name, locked_by, oid, owner, entity_domain, created_by, type, last_update_date, create_date, seq, last_updated_by, site_master, parent_oid, child_oid) VALUES ('com.runwaysdk.system.scheduler.JobSnapshotController.update', NULL, '08oxn7hyi55v4usa89m5nvnt4vzm57zs0264', '000000000000000000000000000000100060', NULL, '000000000000000000000000000000100060', 'com.runwaysdk.system.ControllerAction', '2014-02-10 12:13:54', '2014-02-10 12:13:54', 4470, '000000000000000000000000000000100060', 'www.runwaysdk.com', '0f16jouev3pvt8nmcv3tak3nb2hql0qr0130', '8sxpvm22boypheek3jtw0u8ult6r3e1j0131');
INSERT INTO metadata_display_label ( default_locale, oid, site_master, key_name) VALUES ('Parameter: com.runwaysdk.system.scheduler.JobSnapshot - dto', 'ze1cq1g4uwnmvyvvkk6x21dvxytrxtaw0287', 'www.runwaysdk.com', 'ze1cq1g4uwnmvyvvkk6x21dvxytrxtaw0287');
INSERT INTO metadata_display_label ( default_locale, oid, site_master, key_name) VALUES ('com.runwaysdk.system.scheduler.JobSnapshot to apply to the database', '8evl1v10ry4irhbl6r75c40kzdf9xc4s0287', 'www.runwaysdk.com', '8evl1v10ry4irhbl6r75c40kzdf9xc4s0287');
INSERT INTO md_parameter ( metadata, parameter_order, parameter_name, parameter_type, display_label, oid) VALUES ('8sxpvm22boypheek3jtw0u8ult6r3e1j0131', 0, 'dto', 'com.runwaysdk.system.scheduler.JobSnapshot', 'ze1cq1g4uwnmvyvvkk6x21dvxytrxtaw0287', '8m0pu64e12iiq5qefsmbhite1fqca0550110');
INSERT INTO metadata ( description, created_by, owner, oid, create_date, seq, type, remove, site_master, locked_by, entity_domain, last_updated_by, last_update_date, key_name) VALUES ('8evl1v10ry4irhbl6r75c40kzdf9xc4s0287', '000000000000000000000000000000100060', '000000000000000000000000000000100060', '8m0pu64e12iiq5qefsmbhite1fqca0550110', '2014-02-10 12:13:54', 4471, 'com.runwaysdk.system.metadata.MdParameter', 1, 'www.runwaysdk.com', NULL, NULL, '000000000000000000000000000000100060', '2014-02-10 12:13:54', 'com.runwaysdk.system.scheduler.JobSnapshotController.update.dto');
INSERT INTO metadata_parameter ( site_master, last_updated_by, create_date, seq, locked_by, entity_domain, created_by, type, last_update_date, key_name, owner, oid, parent_oid, child_oid) VALUES ('www.runwaysdk.com', '000000000000000000000000000000100060', '2014-02-10 12:13:54', 4472, NULL, NULL, '000000000000000000000000000000100060', 'com.runwaysdk.system.MetadataParameter', '2014-02-10 12:13:54', 'com.runwaysdk.system.scheduler.JobSnapshotController.update.dto', '000000000000000000000000000000100060', '2h0nw3tnigr2pngcz2idcba6lr86ru2b0256', '8sxpvm22boypheek3jtw0u8ult6r3e1j0131', '8m0pu64e12iiq5qefsmbhite1fqca0550110');
INSERT INTO metadata_display_label ( default_locale, oid, site_master, key_name) VALUES ('cancel', 'zll3hx23ci2chr7tvbac7lp81vom5swj0287', 'www.runwaysdk.com', 'zll3hx23ci2chr7tvbac7lp81vom5swj0287');
INSERT INTO metadata_display_label ( default_locale, oid, site_master, key_name) VALUES ('Unlocks an instance com.runwaysdk.system.scheduler.JobSnapshot', 'sor8aobuirhghw6xioyocjaosksw030q0287', 'www.runwaysdk.com', 'sor8aobuirhghw6xioyocjaosksw030q0287');
INSERT INTO md_action ( is_query, enclosing_md_controller, is_post, action_name, display_label, oid) VALUES (0, '0f16jouev3pvt8nmcv3tak3nb2hql0qr0130', 1, 'cancel', 'zll3hx23ci2chr7tvbac7lp81vom5swj0287', '8koomxbkm4n8pfclc6f1dqimrpfqtvv80131');
INSERT INTO metadata ( description, created_by, owner, oid, create_date, seq, type, remove, site_master, locked_by, entity_domain, last_updated_by, last_update_date, key_name) VALUES ('sor8aobuirhghw6xioyocjaosksw030q0287', '000000000000000000000000000000100060', '000000000000000000000000000000100060', '8koomxbkm4n8pfclc6f1dqimrpfqtvv80131', '2014-02-10 12:13:54', 4473, 'com.runwaysdk.system.metadata.MdAction', 1, 'www.runwaysdk.com', NULL, NULL, '000000000000000000000000000000100060', '2014-02-10 12:13:54', 'com.runwaysdk.system.scheduler.JobSnapshotController.cancel');
INSERT INTO controller_action ( key_name, locked_by, oid, owner, entity_domain, created_by, type, last_update_date, create_date, seq, last_updated_by, site_master, parent_oid, child_oid) VALUES ('com.runwaysdk.system.scheduler.JobSnapshotController.cancel', NULL, '0592puwwa1r3buso097eycgw2fwudiw60264', '000000000000000000000000000000100060', NULL, '000000000000000000000000000000100060', 'com.runwaysdk.system.ControllerAction', '2014-02-10 12:13:54', '2014-02-10 12:13:54', 4474, '000000000000000000000000000000100060', 'www.runwaysdk.com', '0f16jouev3pvt8nmcv3tak3nb2hql0qr0130', '8koomxbkm4n8pfclc6f1dqimrpfqtvv80131');
INSERT INTO metadata_display_label ( default_locale, oid, site_master, key_name) VALUES ('Parameter: com.runwaysdk.system.scheduler.JobSnapshot - dto', 'xgu5cjru6lzk3imo36pkauh8ho9rxg2n0287', 'www.runwaysdk.com', 'xgu5cjru6lzk3imo36pkauh8ho9rxg2n0287');
INSERT INTO metadata_display_label ( default_locale, oid, site_master, key_name) VALUES ('com.runwaysdk.system.scheduler.JobSnapshot to unlock', '27llxjs8bdknf1x1q61mv70lrabw6n2f0287', 'www.runwaysdk.com', '27llxjs8bdknf1x1q61mv70lrabw6n2f0287');
INSERT INTO md_parameter ( metadata, parameter_order, parameter_name, parameter_type, display_label, oid) VALUES ('8koomxbkm4n8pfclc6f1dqimrpfqtvv80131', 0, 'dto', 'com.runwaysdk.system.scheduler.JobSnapshot', 'xgu5cjru6lzk3imo36pkauh8ho9rxg2n0287', '6tqy5sydz5pcecipzg7j0rbls4uce4p50110');
INSERT INTO metadata ( description, created_by, owner, oid, create_date, seq, type, remove, site_master, locked_by, entity_domain, last_updated_by, last_update_date, key_name) VALUES ('27llxjs8bdknf1x1q61mv70lrabw6n2f0287', '000000000000000000000000000000100060', '000000000000000000000000000000100060', '6tqy5sydz5pcecipzg7j0rbls4uce4p50110', '2014-02-10 12:13:54', 4475, 'com.runwaysdk.system.metadata.MdParameter', 1, 'www.runwaysdk.com', NULL, NULL, '000000000000000000000000000000100060', '2014-02-10 12:13:54', 'com.runwaysdk.system.scheduler.JobSnapshotController.cancel.dto');
INSERT INTO metadata_parameter ( site_master, last_updated_by, create_date, seq, locked_by, entity_domain, created_by, type, last_update_date, key_name, owner, oid, parent_oid, child_oid) VALUES ('www.runwaysdk.com', '000000000000000000000000000000100060', '2014-02-10 12:13:54', 4476, NULL, NULL, '000000000000000000000000000000100060', 'com.runwaysdk.system.MetadataParameter', '2014-02-10 12:13:54', 'com.runwaysdk.system.scheduler.JobSnapshotController.cancel.dto', '000000000000000000000000000000100060', 'z271svhuzt6lowg3cfdpgqsqk966jmtu0256', '8koomxbkm4n8pfclc6f1dqimrpfqtvv80131', '6tqy5sydz5pcecipzg7j0rbls4uce4p50110');
INSERT INTO metadata_display_label ( default_locale, oid, site_master, key_name) VALUES ('delete', 'zfia5238lq1la2tg2evd96ht5bvp3c610287', 'www.runwaysdk.com', 'zfia5238lq1la2tg2evd96ht5bvp3c610287');
INSERT INTO metadata_display_label ( default_locale, oid, site_master, key_name) VALUES ('Delete an instance of com.runwaysdk.system.scheduler.JobSnapshot', 'qoxrejtm3uhdiplt059yrwaevbk1yklp0287', 'www.runwaysdk.com', 'qoxrejtm3uhdiplt059yrwaevbk1yklp0287');
INSERT INTO md_action ( is_query, enclosing_md_controller, is_post, action_name, display_label, oid) VALUES (0, '0f16jouev3pvt8nmcv3tak3nb2hql0qr0130', 1, 'delete', 'zfia5238lq1la2tg2evd96ht5bvp3c610287', 'svpqqc55wcogzap82ngrgcx50l7nlmxd0131');
INSERT INTO metadata ( description, created_by, owner, oid, create_date, seq, type, remove, site_master, locked_by, entity_domain, last_updated_by, last_update_date, key_name) VALUES ('qoxrejtm3uhdiplt059yrwaevbk1yklp0287', '000000000000000000000000000000100060', '000000000000000000000000000000100060', 'svpqqc55wcogzap82ngrgcx50l7nlmxd0131', '2014-02-10 12:13:54', 4477, 'com.runwaysdk.system.metadata.MdAction', 1, 'www.runwaysdk.com', NULL, NULL, '000000000000000000000000000000100060', '2014-02-10 12:13:54', 'com.runwaysdk.system.scheduler.JobSnapshotController.delete');
INSERT INTO controller_action ( key_name, locked_by, oid, owner, entity_domain, created_by, type, last_update_date, create_date, seq, last_updated_by, site_master, parent_oid, child_oid) VALUES ('com.runwaysdk.system.scheduler.JobSnapshotController.delete', NULL, 'xnlvso04ctl3rkdur7lmcuil9z87qe940264', '000000000000000000000000000000100060', NULL, '000000000000000000000000000000100060', 'com.runwaysdk.system.ControllerAction', '2014-02-10 12:13:54', '2014-02-10 12:13:54', 4478, '000000000000000000000000000000100060', 'www.runwaysdk.com', '0f16jouev3pvt8nmcv3tak3nb2hql0qr0130', 'svpqqc55wcogzap82ngrgcx50l7nlmxd0131');
INSERT INTO metadata_display_label ( default_locale, oid, site_master, key_name) VALUES ('Parameter: com.runwaysdk.system.scheduler.JobSnapshot - dto', 'xt1ja4v26x387ns8bbklz52if597jj000287', 'www.runwaysdk.com', 'xt1ja4v26x387ns8bbklz52if597jj000287');
INSERT INTO metadata_display_label ( default_locale, oid, site_master, key_name) VALUES ('com.runwaysdk.system.scheduler.JobSnapshot to delete', '1tws4ffo23o9meceknpmb47q6im15b7k0287', 'www.runwaysdk.com', '1tws4ffo23o9meceknpmb47q6im15b7k0287');
INSERT INTO md_parameter ( metadata, parameter_order, parameter_name, parameter_type, display_label, oid) VALUES ('svpqqc55wcogzap82ngrgcx50l7nlmxd0131', 0, 'dto', 'com.runwaysdk.system.scheduler.JobSnapshot', 'xt1ja4v26x387ns8bbklz52if597jj000287', '6nhb7p3hwapdefo43bi7sz3teqwkot7o0110');
INSERT INTO metadata ( description, created_by, owner, oid, create_date, seq, type, remove, site_master, locked_by, entity_domain, last_updated_by, last_update_date, key_name) VALUES ('1tws4ffo23o9meceknpmb47q6im15b7k0287', '000000000000000000000000000000100060', '000000000000000000000000000000100060', '6nhb7p3hwapdefo43bi7sz3teqwkot7o0110', '2014-02-10 12:13:54', 4479, 'com.runwaysdk.system.metadata.MdParameter', 1, 'www.runwaysdk.com', NULL, NULL, '000000000000000000000000000000100060', '2014-02-10 12:13:54', 'com.runwaysdk.system.scheduler.JobSnapshotController.delete.dto');
INSERT INTO metadata_parameter ( site_master, last_updated_by, create_date, seq, locked_by, entity_domain, created_by, type, last_update_date, key_name, owner, oid, parent_oid, child_oid) VALUES ('www.runwaysdk.com', '000000000000000000000000000000100060', '2014-02-10 12:13:54', 4480, NULL, NULL, '000000000000000000000000000000100060', 'com.runwaysdk.system.MetadataParameter', '2014-02-10 12:13:54', 'com.runwaysdk.system.scheduler.JobSnapshotController.delete.dto', '000000000000000000000000000000100060', '29l69meo6hgsrn1j6aga7efggximn3f60256', 'svpqqc55wcogzap82ngrgcx50l7nlmxd0131', '6nhb7p3hwapdefo43bi7sz3teqwkot7o0110');
INSERT INTO business_inheritance ( oid, parent_oid, child_oid) VALUES ('1qh8b99kdztoq5exw9dr3jyffku9p5s00257', '0fnj9qgoapxjygna1zbnrdk7vm5ciijy0058', '2hhpg3x31r0t11svybr296b66ilnuk6r0058');
INSERT INTO class_inheritance ( oid, parent_oid, child_oid) VALUES ('1qh8b99kdztoq5exw9dr3jyffku9p5s00257', '0fnj9qgoapxjygna1zbnrdk7vm5ciijy0058', '2hhpg3x31r0t11svybr296b66ilnuk6r0058');
INSERT INTO metadata_relationship ( entity_domain, site_master, last_updated_by, oid, owner, locked_by, create_date, type, created_by, seq, key_name, last_update_date, parent_oid, child_oid) VALUES (NULL, 'www.runwaysdk.com', '000000000000000000000000000000100060', '1qh8b99kdztoq5exw9dr3jyffku9p5s00257', '000000000000000000000000000000100060', NULL, '2014-02-10 12:13:54', 'com.runwaysdk.system.metadata.BusinessInheritance', '000000000000000000000000000000100060', 4481, '1qh8b99kdztoq5exw9dr3jyffku9p5s00257', '2014-02-10 12:13:54', '0fnj9qgoapxjygna1zbnrdk7vm5ciijy0058', '2hhpg3x31r0t11svybr296b66ilnuk6r0058');
 INSERT INTO class_cache (set_id, item_id)  VALUES  ('z5q0ldzpbmimejtp97qmmlf2rvos0q9p', '000000000000000000000000000002310077');
INSERT INTO metadata_display_label ( default_locale, oid, site_master, key_name) VALUES ('JobHistory', '2ejgh53ipazdykoxt6itg74yal2f75720287', 'www.runwaysdk.com', '2ejgh53ipazdykoxt6itg74yal2f75720287');
INSERT INTO metadata_display_label ( default_locale, oid, site_master, key_name) VALUES ('JobHistory', 't1w20sfy0zt96a32yqxe34yxnhntd7un0287', 'www.runwaysdk.com', 't1w20sfy0zt96a32yqxe34yxnhntd7un0287');
INSERT INTO md_business ( cache_algorithm, cache_algorithm_c, super_md_business, oid) VALUES ('z5q0ldzpbmimejtp97qmmlf2rvos0q9p', '000000000000000000000000000002310077', NULL, '2ft54d1ik9d4qmj2ffopey6uwk000fvr0058');
INSERT INTO md_element ( extendable, is_abstract, oid) VALUES (1, 0, '2ft54d1ik9d4qmj2ffopey6uwk000fvr0058');
INSERT INTO md_entity ( query_dto_source, query_source, cache_size, enforce_site_master, has_deterministic_ids, table_name, oid) VALUES (NULL, NULL, 0, 1, 0, 'job_history', '2ft54d1ik9d4qmj2ffopey6uwk000fvr0058');
INSERT INTO md_class ( publish, stub_dto_source, stub_source, oid) VALUES (1, NULL, NULL, '2ft54d1ik9d4qmj2ffopey6uwk000fvr0058');
INSERT INTO md_type ( display_label, root_id, package_name, type_name, base_source, js_base, js_stub, exported, dto_source, oid) VALUES ('2ejgh53ipazdykoxt6itg74yal2f75720287', '2ft54d1ik9d4qmj2ffopey6uwk000fvr', 'com.runwaysdk.system.scheduler', 'JobHistory', NULL, NULL, NULL, 1, NULL, '2ft54d1ik9d4qmj2ffopey6uwk000fvr0058');
INSERT INTO metadata ( description, created_by, owner, oid, create_date, seq, type, remove, site_master, locked_by, entity_domain, last_updated_by, last_update_date, key_name) VALUES ('t1w20sfy0zt96a32yqxe34yxnhntd7un0287', '000000000000000000000000000000100060', '000000000000000000000000000000100060', '2ft54d1ik9d4qmj2ffopey6uwk000fvr0058', '2014-02-10 12:13:54', 4482, 'com.runwaysdk.system.metadata.MdBusiness', 1, 'www.runwaysdk.com', NULL, NULL, '000000000000000000000000000000100060', '2014-02-10 12:13:54', 'com.runwaysdk.system.scheduler.JobHistory');
CREATE TABLE job_history ( oid CHAR(64) NOT NULL PRIMARY KEY );
 INSERT INTO visibilitymodifier (set_id, item_id)  VALUES  ('8jij757fpnjrqumm4qs0vaxyihggj2s2', '20071109NM00000000000000000000050113');
INSERT INTO metadata_display_label ( default_locale, oid, site_master, key_name) VALUES ('ID', '2888zkiebc241q4tdnev947goumordjb0287', 'www.runwaysdk.com', '2888zkiebc241q4tdnev947goumordjb0287');
 INSERT INTO visibilitymodifier (set_id, item_id)  VALUES  ('y1jzb21w0x43mhvu3xmm77ka9rqopkni', '20071109NM00000000000000000000050113');
 INSERT INTO md_attribute_indicies (set_id, item_id)  VALUES  ('xyxle9fzokjlj64xmf40o4lb21uu30j4', '000000000000000000000000000004090085');
INSERT INTO metadata_display_label ( default_locale, oid, site_master, key_name) VALUES ('ID of this object', '1pe4o34yo7ylzqcwo0dbsw8homoxmuoc0287', 'www.runwaysdk.com', '1pe4o34yo7ylzqcwo0dbsw8homoxmuoc0287');
INSERT INTO md_attribute_character ( default_value, database_size, oid) VALUES (NULL, 64, 'si979x7lzl0jcbz5hooxh15ritbenpo40067');
INSERT INTO md_attribute_char ( oid) VALUES ('si979x7lzl0jcbz5hooxh15ritbenpo40067');
INSERT INTO md_attribute_primitive ( oid) VALUES ('si979x7lzl0jcbz5hooxh15ritbenpo40067');
INSERT INTO md_attribute_concrete ( column_name, defining_md_class, setter_visibility, setter_visibility_c, immutable, index_name, generate_accessor, system, required, display_label, getter_visibility, getter_visibility_c, index_type, index_type_c, attribute_name, oid) VALUES ('oid', '2ft54d1ik9d4qmj2ffopey6uwk000fvr0058', '8jij757fpnjrqumm4qs0vaxyihggj2s2', '20071109NM00000000000000000000050113', 0, 'ac7oxbq67xufgg7z6n8ycu9wqunohz', 1, 1, 1, '2888zkiebc241q4tdnev947goumordjb0287', 'y1jzb21w0x43mhvu3xmm77ka9rqopkni', '20071109NM00000000000000000000050113', 'xyxle9fzokjlj64xmf40o4lb21uu30j4', '000000000000000000000000000004090085', 'oid', 'si979x7lzl0jcbz5hooxh15ritbenpo40067');
INSERT INTO md_attribute ( oid) VALUES ('si979x7lzl0jcbz5hooxh15ritbenpo40067');
INSERT INTO metadata ( description, created_by, owner, oid, create_date, seq, type, remove, site_master, locked_by, entity_domain, last_updated_by, last_update_date, key_name) VALUES ('1pe4o34yo7ylzqcwo0dbsw8homoxmuoc0287', '000000000000000000000000000000100060', '000000000000000000000000000000100060', 'si979x7lzl0jcbz5hooxh15ritbenpo40067', '2014-02-10 12:13:54', 4483, 'com.runwaysdk.system.metadata.MdAttributeCharacter', 0, 'www.runwaysdk.com', NULL, NULL, '000000000000000000000000000000100060', '2014-02-10 12:13:54', 'com.runwaysdk.system.scheduler.JobHistory.oid');
INSERT INTO class_attribute_concrete ( oid, parent_oid, child_oid) VALUES ('qu8vojb2ad6wtrah954wb8ii49t4bn6o0245', '2ft54d1ik9d4qmj2ffopey6uwk000fvr0058', 'si979x7lzl0jcbz5hooxh15ritbenpo40067');
INSERT INTO class_attribute ( oid, parent_oid, child_oid) VALUES ('qu8vojb2ad6wtrah954wb8ii49t4bn6o0245', '2ft54d1ik9d4qmj2ffopey6uwk000fvr0058', 'si979x7lzl0jcbz5hooxh15ritbenpo40067');
INSERT INTO metadata_relationship ( entity_domain, site_master, last_updated_by, oid, owner, locked_by, create_date, type, created_by, seq, key_name, last_update_date, parent_oid, child_oid) VALUES (NULL, 'www.runwaysdk.com', '000000000000000000000000000000100060', 'qu8vojb2ad6wtrah954wb8ii49t4bn6o0245', '000000000000000000000000000000100060', NULL, '2014-02-10 12:13:54', 'com.runwaysdk.system.metadata.ClassAttributeConcrete', '000000000000000000000000000000100060', 4484, 'com.runwaysdk.system.scheduler.JobHistory.oid', '2014-02-10 12:13:54', '2ft54d1ik9d4qmj2ffopey6uwk000fvr0058', 'si979x7lzl0jcbz5hooxh15ritbenpo40067');
 INSERT INTO visibilitymodifier (set_id, item_id)  VALUES  ('qr0b3bdrgac5n9j4jec0nr6f5eoqpsj4', '20071109NM00000000000000000000050113');
INSERT INTO metadata_display_label ( default_locale, oid, site_master, key_name) VALUES ('Site Master', '70belkv0lclm1k6oy4uocq78wz16bg820287', 'www.runwaysdk.com', '70belkv0lclm1k6oy4uocq78wz16bg820287');
 INSERT INTO visibilitymodifier (set_id, item_id)  VALUES  ('1z5qszvd2frxu34h3kgn1z11bzx4q52u', '20071109NM00000000000000000000050113');
 INSERT INTO md_attribute_indicies (set_id, item_id)  VALUES  ('zomzb0ccl9s9db4xhe62lk8ohwtdmo34', '000000000000000000000000000004010085');
INSERT INTO metadata_display_label ( default_locale, oid, site_master, key_name) VALUES ('The name of the site responsible for this object', '91n5uzcl0ivw2wewqnc7b0gwp46te4ux0287', 'www.runwaysdk.com', '91n5uzcl0ivw2wewqnc7b0gwp46te4ux0287');
INSERT INTO md_attribute_character ( default_value, database_size, oid) VALUES (NULL, 255, '2dbd4gtevy68m9juh1qqa4dhgfi8ko7b0067');
INSERT INTO md_attribute_char ( oid) VALUES ('2dbd4gtevy68m9juh1qqa4dhgfi8ko7b0067');
INSERT INTO md_attribute_primitive ( oid) VALUES ('2dbd4gtevy68m9juh1qqa4dhgfi8ko7b0067');
INSERT INTO md_attribute_concrete ( column_name, defining_md_class, setter_visibility, setter_visibility_c, immutable, index_name, generate_accessor, system, required, display_label, getter_visibility, getter_visibility_c, index_type, index_type_c, attribute_name, oid) VALUES ('site_master', '2ft54d1ik9d4qmj2ffopey6uwk000fvr0058', 'qr0b3bdrgac5n9j4jec0nr6f5eoqpsj4', '20071109NM00000000000000000000050113', 1, 'ao32ucjno0dn5g65pvggcdq6t6blxd', 1, 1, 1, '70belkv0lclm1k6oy4uocq78wz16bg820287', '1z5qszvd2frxu34h3kgn1z11bzx4q52u', '20071109NM00000000000000000000050113', 'zomzb0ccl9s9db4xhe62lk8ohwtdmo34', '000000000000000000000000000004010085', 'siteMaster', '2dbd4gtevy68m9juh1qqa4dhgfi8ko7b0067');
INSERT INTO md_attribute ( oid) VALUES ('2dbd4gtevy68m9juh1qqa4dhgfi8ko7b0067');
INSERT INTO metadata ( description, created_by, owner, oid, create_date, seq, type, remove, site_master, locked_by, entity_domain, last_updated_by, last_update_date, key_name) VALUES ('91n5uzcl0ivw2wewqnc7b0gwp46te4ux0287', '000000000000000000000000000000100060', '000000000000000000000000000000100060', '2dbd4gtevy68m9juh1qqa4dhgfi8ko7b0067', '2014-02-10 12:13:54', 4485, 'com.runwaysdk.system.metadata.MdAttributeCharacter', 0, 'www.runwaysdk.com', NULL, NULL, '000000000000000000000000000000100060', '2014-02-10 12:13:54', 'com.runwaysdk.system.scheduler.JobHistory.siteMaster');
ALTER TABLE job_history ADD COLUMN site_master  varchar(255);
INSERT INTO class_attribute_concrete ( oid, parent_oid, child_oid) VALUES ('07a8h4cule4jt6g0u2i6nwv4s87tx5ip0245', '2ft54d1ik9d4qmj2ffopey6uwk000fvr0058', '2dbd4gtevy68m9juh1qqa4dhgfi8ko7b0067');
INSERT INTO class_attribute ( oid, parent_oid, child_oid) VALUES ('07a8h4cule4jt6g0u2i6nwv4s87tx5ip0245', '2ft54d1ik9d4qmj2ffopey6uwk000fvr0058', '2dbd4gtevy68m9juh1qqa4dhgfi8ko7b0067');
INSERT INTO metadata_relationship ( entity_domain, site_master, last_updated_by, oid, owner, locked_by, create_date, type, created_by, seq, key_name, last_update_date, parent_oid, child_oid) VALUES (NULL, 'www.runwaysdk.com', '000000000000000000000000000000100060', '07a8h4cule4jt6g0u2i6nwv4s87tx5ip0245', '000000000000000000000000000000100060', NULL, '2014-02-10 12:13:54', 'com.runwaysdk.system.metadata.ClassAttributeConcrete', '000000000000000000000000000000100060', 4486, 'com.runwaysdk.system.scheduler.JobHistory.siteMaster', '2014-02-10 12:13:54', '2ft54d1ik9d4qmj2ffopey6uwk000fvr0058', '2dbd4gtevy68m9juh1qqa4dhgfi8ko7b0067');
 INSERT INTO visibilitymodifier (set_id, item_id)  VALUES  ('z6scxxgsvp98naixyurerfw2zxi1c5sp', '20071109NM00000000000000000000050113');
INSERT INTO metadata_display_label ( default_locale, oid, site_master, key_name) VALUES ('Key Name', 'rejs7seg91epjvo71s4ryrj4v27c1t330287', 'www.runwaysdk.com', 'rejs7seg91epjvo71s4ryrj4v27c1t330287');
 INSERT INTO visibilitymodifier (set_id, item_id)  VALUES  ('xfrb0uxfxqvn8g926neg134kt66yqfbe', '20071109NM00000000000000000000050113');
 INSERT INTO md_attribute_indicies (set_id, item_id)  VALUES  ('6qjm9oe4kanq34c744ywd1ubtppet8re', '000000000000000000000000000004090085');
INSERT INTO metadata_display_label ( default_locale, oid, site_master, key_name) VALUES ('Key which uniquely identifies each instance of this type heirarchy.', '2dh7j31a2b1x3axrcmbuywxy1gk1309z0287', 'www.runwaysdk.com', '2dh7j31a2b1x3axrcmbuywxy1gk1309z0287');
INSERT INTO md_attribute_character ( default_value, database_size, oid) VALUES (NULL, 255, '0bmtiqezkcp09rsgzj3x1vtcscju455h0067');
INSERT INTO md_attribute_char ( oid) VALUES ('0bmtiqezkcp09rsgzj3x1vtcscju455h0067');
INSERT INTO md_attribute_primitive ( oid) VALUES ('0bmtiqezkcp09rsgzj3x1vtcscju455h0067');
INSERT INTO md_attribute_concrete ( column_name, defining_md_class, setter_visibility, setter_visibility_c, immutable, index_name, generate_accessor, system, required, display_label, getter_visibility, getter_visibility_c, index_type, index_type_c, attribute_name, oid) VALUES ('key_name', '2ft54d1ik9d4qmj2ffopey6uwk000fvr0058', 'z6scxxgsvp98naixyurerfw2zxi1c5sp', '20071109NM00000000000000000000050113', 0, 'aqm4llgd0t1v5bka30ixqcccvww0x7', 1, 0, 1, 'rejs7seg91epjvo71s4ryrj4v27c1t330287', 'xfrb0uxfxqvn8g926neg134kt66yqfbe', '20071109NM00000000000000000000050113', '6qjm9oe4kanq34c744ywd1ubtppet8re', '000000000000000000000000000004090085', 'keyName', '0bmtiqezkcp09rsgzj3x1vtcscju455h0067');
INSERT INTO md_attribute ( oid) VALUES ('0bmtiqezkcp09rsgzj3x1vtcscju455h0067');
INSERT INTO metadata ( description, created_by, owner, oid, create_date, seq, type, remove, site_master, locked_by, entity_domain, last_updated_by, last_update_date, key_name) VALUES ('2dh7j31a2b1x3axrcmbuywxy1gk1309z0287', '000000000000000000000000000000100060', '000000000000000000000000000000100060', '0bmtiqezkcp09rsgzj3x1vtcscju455h0067', '2014-02-10 12:13:54', 4487, 'com.runwaysdk.system.metadata.MdAttributeCharacter', 1, 'www.runwaysdk.com', NULL, NULL, '000000000000000000000000000000100060', '2014-02-10 12:13:54', 'com.runwaysdk.system.scheduler.JobHistory.keyName');
ALTER TABLE job_history ADD COLUMN key_name  varchar(255);
INSERT INTO class_attribute_concrete ( oid, parent_oid, child_oid) VALUES ('6qgln9149zkd13vpb0o85lzj1kikkpnd0245', '2ft54d1ik9d4qmj2ffopey6uwk000fvr0058', '0bmtiqezkcp09rsgzj3x1vtcscju455h0067');
INSERT INTO class_attribute ( oid, parent_oid, child_oid) VALUES ('6qgln9149zkd13vpb0o85lzj1kikkpnd0245', '2ft54d1ik9d4qmj2ffopey6uwk000fvr0058', '0bmtiqezkcp09rsgzj3x1vtcscju455h0067');
INSERT INTO metadata_relationship ( entity_domain, site_master, last_updated_by, oid, owner, locked_by, create_date, type, created_by, seq, key_name, last_update_date, parent_oid, child_oid) VALUES (NULL, 'www.runwaysdk.com', '000000000000000000000000000000100060', '6qgln9149zkd13vpb0o85lzj1kikkpnd0245', '000000000000000000000000000000100060', NULL, '2014-02-10 12:13:54', 'com.runwaysdk.system.metadata.ClassAttributeConcrete', '000000000000000000000000000000100060', 4488, 'com.runwaysdk.system.scheduler.JobHistory.keyName', '2014-02-10 12:13:54', '2ft54d1ik9d4qmj2ffopey6uwk000fvr0058', '0bmtiqezkcp09rsgzj3x1vtcscju455h0067');
CREATE UNIQUE INDEX aqm4llgd0t1v5bka30ixqcccvww0x7 ON job_history (key_name);
 INSERT INTO visibilitymodifier (set_id, item_id)  VALUES  ('xpaenqxz5eltxem4miqw5dxnr1zgtnch', '20071109NM00000000000000000000050113');
INSERT INTO metadata_display_label ( default_locale, oid, site_master, key_name) VALUES ('Last Update Date', 'qq65h7yqniwzt28sqodpdpkmns0uztyf0287', 'www.runwaysdk.com', 'qq65h7yqniwzt28sqodpdpkmns0uztyf0287');
 INSERT INTO visibilitymodifier (set_id, item_id)  VALUES  ('296vpvrus8a0bwxfexcwows2psoei9xb', '20071109NM00000000000000000000050113');
 INSERT INTO md_attribute_indicies (set_id, item_id)  VALUES  ('qtns9ftvxn53nxa2dtg26hyqy7zfvg2x', '000000000000000000000000000004010085');
INSERT INTO metadata_display_label ( default_locale, oid, site_master, key_name) VALUES ('Date and time this record was last updated', 'zghauxw3h1qfdk040qzbcedyasi8qcua0287', 'www.runwaysdk.com', 'zghauxw3h1qfdk040qzbcedyasi8qcua0287');
INSERT INTO md_attribute_datetime ( default_value, oid) VALUES (NULL, '8net1gu99hrx9u85a6mf865jlzv6aldy0082');
INSERT INTO md_attribute_moment ( oid) VALUES ('8net1gu99hrx9u85a6mf865jlzv6aldy0082');
INSERT INTO md_attribute_primitive ( oid) VALUES ('8net1gu99hrx9u85a6mf865jlzv6aldy0082');
INSERT INTO md_attribute_concrete ( column_name, defining_md_class, setter_visibility, setter_visibility_c, immutable, index_name, generate_accessor, system, required, display_label, getter_visibility, getter_visibility_c, index_type, index_type_c, attribute_name, oid) VALUES ('last_update_date', '2ft54d1ik9d4qmj2ffopey6uwk000fvr0058', 'xpaenqxz5eltxem4miqw5dxnr1zgtnch', '20071109NM00000000000000000000050113', 0, 'acozu2cue94r0mpy97s0z3sdpp4tr3', 1, 1, 1, 'qq65h7yqniwzt28sqodpdpkmns0uztyf0287', '296vpvrus8a0bwxfexcwows2psoei9xb', '20071109NM00000000000000000000050113', 'qtns9ftvxn53nxa2dtg26hyqy7zfvg2x', '000000000000000000000000000004010085', 'lastUpdateDate', '8net1gu99hrx9u85a6mf865jlzv6aldy0082');
INSERT INTO md_attribute ( oid) VALUES ('8net1gu99hrx9u85a6mf865jlzv6aldy0082');
INSERT INTO metadata ( description, created_by, owner, oid, create_date, seq, type, remove, site_master, locked_by, entity_domain, last_updated_by, last_update_date, key_name) VALUES ('zghauxw3h1qfdk040qzbcedyasi8qcua0287', '000000000000000000000000000000100060', '000000000000000000000000000000100060', '8net1gu99hrx9u85a6mf865jlzv6aldy0082', '2014-02-10 12:13:54', 4489, 'com.runwaysdk.system.metadata.MdAttributeDateTime', 0, 'www.runwaysdk.com', NULL, NULL, '000000000000000000000000000000100060', '2014-02-10 12:13:54', 'com.runwaysdk.system.scheduler.JobHistory.lastUpdateDate');
ALTER TABLE job_history ADD COLUMN last_update_date  timestamp;
INSERT INTO class_attribute_concrete ( oid, parent_oid, child_oid) VALUES ('svrue54arwb8wtdamvafie8m0awdll0s0245', '2ft54d1ik9d4qmj2ffopey6uwk000fvr0058', '8net1gu99hrx9u85a6mf865jlzv6aldy0082');
INSERT INTO class_attribute ( oid, parent_oid, child_oid) VALUES ('svrue54arwb8wtdamvafie8m0awdll0s0245', '2ft54d1ik9d4qmj2ffopey6uwk000fvr0058', '8net1gu99hrx9u85a6mf865jlzv6aldy0082');
INSERT INTO metadata_relationship ( entity_domain, site_master, last_updated_by, oid, owner, locked_by, create_date, type, created_by, seq, key_name, last_update_date, parent_oid, child_oid) VALUES (NULL, 'www.runwaysdk.com', '000000000000000000000000000000100060', 'svrue54arwb8wtdamvafie8m0awdll0s0245', '000000000000000000000000000000100060', NULL, '2014-02-10 12:13:54', 'com.runwaysdk.system.metadata.ClassAttributeConcrete', '000000000000000000000000000000100060', 4490, 'com.runwaysdk.system.scheduler.JobHistory.lastUpdateDate', '2014-02-10 12:13:54', '2ft54d1ik9d4qmj2ffopey6uwk000fvr0058', '8net1gu99hrx9u85a6mf865jlzv6aldy0082');
 INSERT INTO visibilitymodifier (set_id, item_id)  VALUES  ('92eems2komex7cvsqzcxecjzvjkww9wf', '20071109NM00000000000000000000050113');
INSERT INTO metadata_display_label ( default_locale, oid, site_master, key_name) VALUES ('Last Updated By', '20d890j14zfgsctlskko3ihd7d1qdlkx0287', 'www.runwaysdk.com', '20d890j14zfgsctlskko3ihd7d1qdlkx0287');
 INSERT INTO visibilitymodifier (set_id, item_id)  VALUES  ('xz3pcmcans88qo03uh4v21vgohiigokn', '20071109NM00000000000000000000050113');
 INSERT INTO md_attribute_indicies (set_id, item_id)  VALUES  ('sqor2sye7qx2s0wlzv8n2ka234tp8d94', '000000000000000000000000000004000085');
INSERT INTO metadata_display_label ( default_locale, oid, site_master, key_name) VALUES ('User who last updated this object', 'xwkp4fxfzvbgn7z6v6138h99wj2dodql0287', 'www.runwaysdk.com', 'xwkp4fxfzvbgn7z6v6138h99wj2dodql0287');
INSERT INTO md_attribute_reference ( default_value, md_business, oid) VALUES (NULL, 'JS2007072300000000000000000015600058', 'zo1f8vpzfwo49l0bpv02c4370r89ogz40218');
INSERT INTO md_attribute_ref ( oid) VALUES ('zo1f8vpzfwo49l0bpv02c4370r89ogz40218');
INSERT INTO md_attribute_concrete ( column_name, defining_md_class, setter_visibility, setter_visibility_c, immutable, index_name, generate_accessor, system, required, display_label, getter_visibility, getter_visibility_c, index_type, index_type_c, attribute_name, oid) VALUES ('last_updated_by', '2ft54d1ik9d4qmj2ffopey6uwk000fvr0058', '92eems2komex7cvsqzcxecjzvjkww9wf', '20071109NM00000000000000000000050113', 0, 'a8cgcgcrh2s1muqm6tfmjzt7rg9cbr', 1, 1, 1, '20d890j14zfgsctlskko3ihd7d1qdlkx0287', 'xz3pcmcans88qo03uh4v21vgohiigokn', '20071109NM00000000000000000000050113', 'sqor2sye7qx2s0wlzv8n2ka234tp8d94', '000000000000000000000000000004000085', 'lastUpdatedBy', 'zo1f8vpzfwo49l0bpv02c4370r89ogz40218');
INSERT INTO md_attribute ( oid) VALUES ('zo1f8vpzfwo49l0bpv02c4370r89ogz40218');
INSERT INTO metadata ( description, created_by, owner, oid, create_date, seq, type, remove, site_master, locked_by, entity_domain, last_updated_by, last_update_date, key_name) VALUES ('xwkp4fxfzvbgn7z6v6138h99wj2dodql0287', '000000000000000000000000000000100060', '000000000000000000000000000000100060', 'zo1f8vpzfwo49l0bpv02c4370r89ogz40218', '2014-02-10 12:13:54', 4491, 'com.runwaysdk.system.metadata.MdAttributeReference', 0, 'www.runwaysdk.com', NULL, NULL, '000000000000000000000000000000100060', '2014-02-10 12:13:54', 'com.runwaysdk.system.scheduler.JobHistory.lastUpdatedBy');
ALTER TABLE job_history ADD COLUMN last_updated_by  char(64);
INSERT INTO class_attribute_concrete ( oid, parent_oid, child_oid) VALUES ('0m5l3ee9kemp24mnz7qi7cmw87s84ukh0245', '2ft54d1ik9d4qmj2ffopey6uwk000fvr0058', 'zo1f8vpzfwo49l0bpv02c4370r89ogz40218');
INSERT INTO class_attribute ( oid, parent_oid, child_oid) VALUES ('0m5l3ee9kemp24mnz7qi7cmw87s84ukh0245', '2ft54d1ik9d4qmj2ffopey6uwk000fvr0058', 'zo1f8vpzfwo49l0bpv02c4370r89ogz40218');
INSERT INTO metadata_relationship ( entity_domain, site_master, last_updated_by, oid, owner, locked_by, create_date, type, created_by, seq, key_name, last_update_date, parent_oid, child_oid) VALUES (NULL, 'www.runwaysdk.com', '000000000000000000000000000000100060', '0m5l3ee9kemp24mnz7qi7cmw87s84ukh0245', '000000000000000000000000000000100060', NULL, '2014-02-10 12:13:54', 'com.runwaysdk.system.metadata.ClassAttributeConcrete', '000000000000000000000000000000100060', 4492, 'com.runwaysdk.system.scheduler.JobHistory.lastUpdatedBy', '2014-02-10 12:13:54', '2ft54d1ik9d4qmj2ffopey6uwk000fvr0058', 'zo1f8vpzfwo49l0bpv02c4370r89ogz40218');
 INSERT INTO visibilitymodifier (set_id, item_id)  VALUES  ('xzdwix7o23o7c5wz14pgvc7q5nqn0rbv', '20071109NM00000000000000000000050113');
INSERT INTO metadata_display_label ( default_locale, oid, site_master, key_name) VALUES ('Created By', '7af6jwk85g5kyumh9wn83lhg7x0mibo80287', 'www.runwaysdk.com', '7af6jwk85g5kyumh9wn83lhg7x0mibo80287');
 INSERT INTO visibilitymodifier (set_id, item_id)  VALUES  ('qmfevd80orzuh7rdnddcpiiyfupielfl', '20071109NM00000000000000000000050113');
 INSERT INTO md_attribute_indicies (set_id, item_id)  VALUES  ('xty5ymrvaoqya4wumlqq9h3r324wello', '000000000000000000000000000004000085');
INSERT INTO metadata_display_label ( default_locale, oid, site_master, key_name) VALUES ('User that created this object', 'qrcb8cngspjt6w3nxrr1572w7jvqxc1p0287', 'www.runwaysdk.com', 'qrcb8cngspjt6w3nxrr1572w7jvqxc1p0287');
INSERT INTO md_attribute_reference ( default_value, md_business, oid) VALUES (NULL, 'JS2007072300000000000000000015600058', 'y1lsaw2ocvnuw73c6sulrzfreb6li5gl0218');
INSERT INTO md_attribute_ref ( oid) VALUES ('y1lsaw2ocvnuw73c6sulrzfreb6li5gl0218');
INSERT INTO md_attribute_concrete ( column_name, defining_md_class, setter_visibility, setter_visibility_c, immutable, index_name, generate_accessor, system, required, display_label, getter_visibility, getter_visibility_c, index_type, index_type_c, attribute_name, oid) VALUES ('created_by', '2ft54d1ik9d4qmj2ffopey6uwk000fvr0058', 'xzdwix7o23o7c5wz14pgvc7q5nqn0rbv', '20071109NM00000000000000000000050113', 1, 'a6kf7j3gsytgj09i9eozg907cr3tln', 1, 1, 1, '7af6jwk85g5kyumh9wn83lhg7x0mibo80287', 'qmfevd80orzuh7rdnddcpiiyfupielfl', '20071109NM00000000000000000000050113', 'xty5ymrvaoqya4wumlqq9h3r324wello', '000000000000000000000000000004000085', 'createdBy', 'y1lsaw2ocvnuw73c6sulrzfreb6li5gl0218');
INSERT INTO md_attribute ( oid) VALUES ('y1lsaw2ocvnuw73c6sulrzfreb6li5gl0218');
INSERT INTO metadata ( description, created_by, owner, oid, create_date, seq, type, remove, site_master, locked_by, entity_domain, last_updated_by, last_update_date, key_name) VALUES ('qrcb8cngspjt6w3nxrr1572w7jvqxc1p0287', '000000000000000000000000000000100060', '000000000000000000000000000000100060', 'y1lsaw2ocvnuw73c6sulrzfreb6li5gl0218', '2014-02-10 12:13:54', 4493, 'com.runwaysdk.system.metadata.MdAttributeReference', 0, 'www.runwaysdk.com', NULL, NULL, '000000000000000000000000000000100060', '2014-02-10 12:13:54', 'com.runwaysdk.system.scheduler.JobHistory.createdBy');
ALTER TABLE job_history ADD COLUMN created_by  char(64);
INSERT INTO class_attribute_concrete ( oid, parent_oid, child_oid) VALUES ('ywxgsjiltpdyrbe7ntlqt62nec43dsjg0245', '2ft54d1ik9d4qmj2ffopey6uwk000fvr0058', 'y1lsaw2ocvnuw73c6sulrzfreb6li5gl0218');
INSERT INTO class_attribute ( oid, parent_oid, child_oid) VALUES ('ywxgsjiltpdyrbe7ntlqt62nec43dsjg0245', '2ft54d1ik9d4qmj2ffopey6uwk000fvr0058', 'y1lsaw2ocvnuw73c6sulrzfreb6li5gl0218');
INSERT INTO metadata_relationship ( entity_domain, site_master, last_updated_by, oid, owner, locked_by, create_date, type, created_by, seq, key_name, last_update_date, parent_oid, child_oid) VALUES (NULL, 'www.runwaysdk.com', '000000000000000000000000000000100060', 'ywxgsjiltpdyrbe7ntlqt62nec43dsjg0245', '000000000000000000000000000000100060', NULL, '2014-02-10 12:13:54', 'com.runwaysdk.system.metadata.ClassAttributeConcrete', '000000000000000000000000000000100060', 4494, 'com.runwaysdk.system.scheduler.JobHistory.createdBy', '2014-02-10 12:13:54', '2ft54d1ik9d4qmj2ffopey6uwk000fvr0058', 'y1lsaw2ocvnuw73c6sulrzfreb6li5gl0218');
 INSERT INTO visibilitymodifier (set_id, item_id)  VALUES  ('7f3s7dmjxwe4az3quh1s87h5r7sxwi6m', '20071109NM00000000000000000000050113');
INSERT INTO metadata_display_label ( default_locale, oid, site_master, key_name) VALUES ('Locked By', '2edr5d5etg7jluateemlwh4pljt574zu0287', 'www.runwaysdk.com', '2edr5d5etg7jluateemlwh4pljt574zu0287');
 INSERT INTO visibilitymodifier (set_id, item_id)  VALUES  ('24px57ikdi6ls70i7jxwco1sp0b5a27f', '20071109NM00000000000000000000050113');
 INSERT INTO md_attribute_indicies (set_id, item_id)  VALUES  ('sq7u34hej0vx3b37q3vhlcs8abhzedqg', '000000000000000000000000000004000085');
INSERT INTO metadata_display_label ( default_locale, oid, site_master, key_name) VALUES ('User who has a write lock on this object', '7b67cdpdndgcvz0l4vbfhmbgefqrbwgs0287', 'www.runwaysdk.com', '7b67cdpdndgcvz0l4vbfhmbgefqrbwgs0287');
INSERT INTO md_attribute_reference ( default_value, md_business, oid) VALUES (NULL, '000000000000000000000000000000030058', 'xkravrf9mg21oha2h9byr0by0546ukgb0218');
INSERT INTO md_attribute_ref ( oid) VALUES ('xkravrf9mg21oha2h9byr0by0546ukgb0218');
INSERT INTO md_attribute_concrete ( column_name, defining_md_class, setter_visibility, setter_visibility_c, immutable, index_name, generate_accessor, system, required, display_label, getter_visibility, getter_visibility_c, index_type, index_type_c, attribute_name, oid) VALUES ('locked_by', '2ft54d1ik9d4qmj2ffopey6uwk000fvr0058', '7f3s7dmjxwe4az3quh1s87h5r7sxwi6m', '20071109NM00000000000000000000050113', 0, 'aqtxzkagd8xs9w5rigd1x74sw90ke7', 1, 1, 0, '2edr5d5etg7jluateemlwh4pljt574zu0287', '24px57ikdi6ls70i7jxwco1sp0b5a27f', '20071109NM00000000000000000000050113', 'sq7u34hej0vx3b37q3vhlcs8abhzedqg', '000000000000000000000000000004000085', 'lockedBy', 'xkravrf9mg21oha2h9byr0by0546ukgb0218');
INSERT INTO md_attribute ( oid) VALUES ('xkravrf9mg21oha2h9byr0by0546ukgb0218');
INSERT INTO metadata ( description, created_by, owner, oid, create_date, seq, type, remove, site_master, locked_by, entity_domain, last_updated_by, last_update_date, key_name) VALUES ('7b67cdpdndgcvz0l4vbfhmbgefqrbwgs0287', '000000000000000000000000000000100060', '000000000000000000000000000000100060', 'xkravrf9mg21oha2h9byr0by0546ukgb0218', '2014-02-10 12:13:54', 4495, 'com.runwaysdk.system.metadata.MdAttributeReference', 0, 'www.runwaysdk.com', NULL, NULL, '000000000000000000000000000000100060', '2014-02-10 12:13:54', 'com.runwaysdk.system.scheduler.JobHistory.lockedBy');
ALTER TABLE job_history ADD COLUMN locked_by  char(64);
INSERT INTO class_attribute_concrete ( oid, parent_oid, child_oid) VALUES ('7gq71zu7dmg7ul8iaj6ibgc79fgbulf60245', '2ft54d1ik9d4qmj2ffopey6uwk000fvr0058', 'xkravrf9mg21oha2h9byr0by0546ukgb0218');
INSERT INTO class_attribute ( oid, parent_oid, child_oid) VALUES ('7gq71zu7dmg7ul8iaj6ibgc79fgbulf60245', '2ft54d1ik9d4qmj2ffopey6uwk000fvr0058', 'xkravrf9mg21oha2h9byr0by0546ukgb0218');
INSERT INTO metadata_relationship ( entity_domain, site_master, last_updated_by, oid, owner, locked_by, create_date, type, created_by, seq, key_name, last_update_date, parent_oid, child_oid) VALUES (NULL, 'www.runwaysdk.com', '000000000000000000000000000000100060', '7gq71zu7dmg7ul8iaj6ibgc79fgbulf60245', '000000000000000000000000000000100060', NULL, '2014-02-10 12:13:54', 'com.runwaysdk.system.metadata.ClassAttributeConcrete', '000000000000000000000000000000100060', 4496, 'com.runwaysdk.system.scheduler.JobHistory.lockedBy', '2014-02-10 12:13:54', '2ft54d1ik9d4qmj2ffopey6uwk000fvr0058', 'xkravrf9mg21oha2h9byr0by0546ukgb0218');
 INSERT INTO visibilitymodifier (set_id, item_id)  VALUES  ('0lonttjaum8g3060cp4sdqbh332xw3nx', '20071109NM00000000000000000000050113');
INSERT INTO metadata_display_label ( default_locale, oid, site_master, key_name) VALUES ('Create Date', 'yxspobzro5rw9sdb1aoe7ah7446egebi0287', 'www.runwaysdk.com', 'yxspobzro5rw9sdb1aoe7ah7446egebi0287');
 INSERT INTO visibilitymodifier (set_id, item_id)  VALUES  ('2cbn6d0nub4qlac6z2medla77rr6q3dn', '20071109NM00000000000000000000050113');
 INSERT INTO md_attribute_indicies (set_id, item_id)  VALUES  ('z12paaqflo2j57pj4sc7oql25r7zpr8g', '000000000000000000000000000004010085');
INSERT INTO metadata_display_label ( default_locale, oid, site_master, key_name) VALUES ('Date and time this record was created', 'qv44y52gosdb9vgj35cztoa6l0sjy8ef0287', 'www.runwaysdk.com', 'qv44y52gosdb9vgj35cztoa6l0sjy8ef0287');
INSERT INTO md_attribute_datetime ( default_value, oid) VALUES (NULL, 'xwh81hemts3cxodgwsla6b0bx63zuvfe0082');
INSERT INTO md_attribute_moment ( oid) VALUES ('xwh81hemts3cxodgwsla6b0bx63zuvfe0082');
INSERT INTO md_attribute_primitive ( oid) VALUES ('xwh81hemts3cxodgwsla6b0bx63zuvfe0082');
INSERT INTO md_attribute_concrete ( column_name, defining_md_class, setter_visibility, setter_visibility_c, immutable, index_name, generate_accessor, system, required, display_label, getter_visibility, getter_visibility_c, index_type, index_type_c, attribute_name, oid) VALUES ('create_date', '2ft54d1ik9d4qmj2ffopey6uwk000fvr0058', '0lonttjaum8g3060cp4sdqbh332xw3nx', '20071109NM00000000000000000000050113', 0, 'aiukatqjanj74of1120ld5kh0n1qf4', 1, 1, 1, 'yxspobzro5rw9sdb1aoe7ah7446egebi0287', '2cbn6d0nub4qlac6z2medla77rr6q3dn', '20071109NM00000000000000000000050113', 'z12paaqflo2j57pj4sc7oql25r7zpr8g', '000000000000000000000000000004010085', 'createDate', 'xwh81hemts3cxodgwsla6b0bx63zuvfe0082');
INSERT INTO md_attribute ( oid) VALUES ('xwh81hemts3cxodgwsla6b0bx63zuvfe0082');
INSERT INTO metadata ( description, created_by, owner, oid, create_date, seq, type, remove, site_master, locked_by, entity_domain, last_updated_by, last_update_date, key_name) VALUES ('qv44y52gosdb9vgj35cztoa6l0sjy8ef0287', '000000000000000000000000000000100060', '000000000000000000000000000000100060', 'xwh81hemts3cxodgwsla6b0bx63zuvfe0082', '2014-02-10 12:13:54', 4497, 'com.runwaysdk.system.metadata.MdAttributeDateTime', 0, 'www.runwaysdk.com', NULL, NULL, '000000000000000000000000000000100060', '2014-02-10 12:13:54', 'com.runwaysdk.system.scheduler.JobHistory.createDate');
ALTER TABLE job_history ADD COLUMN create_date  timestamp;
INSERT INTO class_attribute_concrete ( oid, parent_oid, child_oid) VALUES ('6pzi85jz1737bhxj4ps2pcepg124xkym0245', '2ft54d1ik9d4qmj2ffopey6uwk000fvr0058', 'xwh81hemts3cxodgwsla6b0bx63zuvfe0082');
INSERT INTO class_attribute ( oid, parent_oid, child_oid) VALUES ('6pzi85jz1737bhxj4ps2pcepg124xkym0245', '2ft54d1ik9d4qmj2ffopey6uwk000fvr0058', 'xwh81hemts3cxodgwsla6b0bx63zuvfe0082');
INSERT INTO metadata_relationship ( entity_domain, site_master, last_updated_by, oid, owner, locked_by, create_date, type, created_by, seq, key_name, last_update_date, parent_oid, child_oid) VALUES (NULL, 'www.runwaysdk.com', '000000000000000000000000000000100060', '6pzi85jz1737bhxj4ps2pcepg124xkym0245', '000000000000000000000000000000100060', NULL, '2014-02-10 12:13:54', 'com.runwaysdk.system.metadata.ClassAttributeConcrete', '000000000000000000000000000000100060', 4498, 'com.runwaysdk.system.scheduler.JobHistory.createDate', '2014-02-10 12:13:54', '2ft54d1ik9d4qmj2ffopey6uwk000fvr0058', 'xwh81hemts3cxodgwsla6b0bx63zuvfe0082');
 INSERT INTO visibilitymodifier (set_id, item_id)  VALUES  ('zfulf0pauzxktfx7mjjk55csji1vj4ka', '20071109NM00000000000000000000050113');
INSERT INTO metadata_display_label ( default_locale, oid, site_master, key_name) VALUES ('Owner', 'xk4e0ek3ny6swftkk4evr9eczsp712vm0287', 'www.runwaysdk.com', 'xk4e0ek3ny6swftkk4evr9eczsp712vm0287');
 INSERT INTO visibilitymodifier (set_id, item_id)  VALUES  ('rd9fouey9b9r0qww33lpad6x804870jc', '20071109NM00000000000000000000050113');
 INSERT INTO md_attribute_indicies (set_id, item_id)  VALUES  ('r9k9btdc7ljbv740f9z9vhxiqra5gt9u', '000000000000000000000000000004000085');
INSERT INTO metadata_display_label ( default_locale, oid, site_master, key_name) VALUES ('A reference to the user who own this object', 'xjt8uh74vq7rlknnbu1nij72aw64ykne0287', 'www.runwaysdk.com', 'xjt8uh74vq7rlknnbu1nij72aw64ykne0287');
INSERT INTO md_attribute_reference ( default_value, md_business, oid) VALUES (NULL, '000000000000000000000000000005160058', 't1hdn5jde23b08aclsyvwlwma7ijd8400218');
INSERT INTO md_attribute_ref ( oid) VALUES ('t1hdn5jde23b08aclsyvwlwma7ijd8400218');
INSERT INTO md_attribute_concrete ( column_name, defining_md_class, setter_visibility, setter_visibility_c, immutable, index_name, generate_accessor, system, required, display_label, getter_visibility, getter_visibility_c, index_type, index_type_c, attribute_name, oid) VALUES ('owner', '2ft54d1ik9d4qmj2ffopey6uwk000fvr0058', 'zfulf0pauzxktfx7mjjk55csji1vj4ka', '20071109NM00000000000000000000050113', 0, 'a8uo2wxm8hg62qjjtylgvnudcisb6z', 1, 0, 1, 'xk4e0ek3ny6swftkk4evr9eczsp712vm0287', 'rd9fouey9b9r0qww33lpad6x804870jc', '20071109NM00000000000000000000050113', 'r9k9btdc7ljbv740f9z9vhxiqra5gt9u', '000000000000000000000000000004000085', 'owner', 't1hdn5jde23b08aclsyvwlwma7ijd8400218');
INSERT INTO md_attribute ( oid) VALUES ('t1hdn5jde23b08aclsyvwlwma7ijd8400218');
INSERT INTO metadata ( description, created_by, owner, oid, create_date, seq, type, remove, site_master, locked_by, entity_domain, last_updated_by, last_update_date, key_name) VALUES ('xjt8uh74vq7rlknnbu1nij72aw64ykne0287', '000000000000000000000000000000100060', '000000000000000000000000000000100060', 't1hdn5jde23b08aclsyvwlwma7ijd8400218', '2014-02-10 12:13:54', 4499, 'com.runwaysdk.system.metadata.MdAttributeReference', 0, 'www.runwaysdk.com', NULL, NULL, '000000000000000000000000000000100060', '2014-02-10 12:13:54', 'com.runwaysdk.system.scheduler.JobHistory.owner');
ALTER TABLE job_history ADD COLUMN owner  char(64);
INSERT INTO class_attribute_concrete ( oid, parent_oid, child_oid) VALUES ('0euyxfk6frch3lys4p3681bp38n8f9e70245', '2ft54d1ik9d4qmj2ffopey6uwk000fvr0058', 't1hdn5jde23b08aclsyvwlwma7ijd8400218');
INSERT INTO class_attribute ( oid, parent_oid, child_oid) VALUES ('0euyxfk6frch3lys4p3681bp38n8f9e70245', '2ft54d1ik9d4qmj2ffopey6uwk000fvr0058', 't1hdn5jde23b08aclsyvwlwma7ijd8400218');
INSERT INTO metadata_relationship ( entity_domain, site_master, last_updated_by, oid, owner, locked_by, create_date, type, created_by, seq, key_name, last_update_date, parent_oid, child_oid) VALUES (NULL, 'www.runwaysdk.com', '000000000000000000000000000000100060', '0euyxfk6frch3lys4p3681bp38n8f9e70245', '000000000000000000000000000000100060', NULL, '2014-02-10 12:13:54', 'com.runwaysdk.system.metadata.ClassAttributeConcrete', '000000000000000000000000000000100060', 4500, 'com.runwaysdk.system.scheduler.JobHistory.owner', '2014-02-10 12:13:54', '2ft54d1ik9d4qmj2ffopey6uwk000fvr0058', 't1hdn5jde23b08aclsyvwlwma7ijd8400218');
 INSERT INTO visibilitymodifier (set_id, item_id)  VALUES  ('1zs84hugthmjixijtfvl18tjkef7bow6', '20071109NM00000000000000000000050113');
INSERT INTO metadata_display_label ( default_locale, oid, site_master, key_name) VALUES ('Type', '28r9caa68pxevv4oz5y8fvjjobbtcecv0287', 'www.runwaysdk.com', '28r9caa68pxevv4oz5y8fvjjobbtcecv0287');
 INSERT INTO visibilitymodifier (set_id, item_id)  VALUES  ('6z33grt4slar6v5mvtbqftbhkgef3e77', '20071109NM00000000000000000000050113');
 INSERT INTO md_attribute_indicies (set_id, item_id)  VALUES  ('syp2o6k9ujd22h5dr0l62fb8zy2zg0ws', '000000000000000000000000000004010085');
INSERT INTO metadata_display_label ( default_locale, oid, site_master, key_name) VALUES ('Fully qualified type of this object', '8gxu1krq5x27umpmfuyqejc1g1mfgo0s0287', 'www.runwaysdk.com', '8gxu1krq5x27umpmfuyqejc1g1mfgo0s0287');
INSERT INTO md_attribute_character ( default_value, database_size, oid) VALUES (NULL, 255, '7g4ine1me7fx8dcxk6mktrm2n3yqtscf0067');
INSERT INTO md_attribute_char ( oid) VALUES ('7g4ine1me7fx8dcxk6mktrm2n3yqtscf0067');
INSERT INTO md_attribute_primitive ( oid) VALUES ('7g4ine1me7fx8dcxk6mktrm2n3yqtscf0067');
INSERT INTO md_attribute_concrete ( column_name, defining_md_class, setter_visibility, setter_visibility_c, immutable, index_name, generate_accessor, system, required, display_label, getter_visibility, getter_visibility_c, index_type, index_type_c, attribute_name, oid) VALUES ('type', '2ft54d1ik9d4qmj2ffopey6uwk000fvr0058', '1zs84hugthmjixijtfvl18tjkef7bow6', '20071109NM00000000000000000000050113', 1, 'aaazmil86x6r484k50u56nkei7v6a4', 1, 1, 1, '28r9caa68pxevv4oz5y8fvjjobbtcecv0287', '6z33grt4slar6v5mvtbqftbhkgef3e77', '20071109NM00000000000000000000050113', 'syp2o6k9ujd22h5dr0l62fb8zy2zg0ws', '000000000000000000000000000004010085', 'type', '7g4ine1me7fx8dcxk6mktrm2n3yqtscf0067');
INSERT INTO md_attribute ( oid) VALUES ('7g4ine1me7fx8dcxk6mktrm2n3yqtscf0067');
INSERT INTO metadata ( description, created_by, owner, oid, create_date, seq, type, remove, site_master, locked_by, entity_domain, last_updated_by, last_update_date, key_name) VALUES ('8gxu1krq5x27umpmfuyqejc1g1mfgo0s0287', '000000000000000000000000000000100060', '000000000000000000000000000000100060', '7g4ine1me7fx8dcxk6mktrm2n3yqtscf0067', '2014-02-10 12:13:54', 4501, 'com.runwaysdk.system.metadata.MdAttributeCharacter', 0, 'www.runwaysdk.com', NULL, NULL, '000000000000000000000000000000100060', '2014-02-10 12:13:54', 'com.runwaysdk.system.scheduler.JobHistory.type');
ALTER TABLE job_history ADD COLUMN type  varchar(255);
INSERT INTO class_attribute_concrete ( oid, parent_oid, child_oid) VALUES ('t0kefjfczveyiipvrh6ncxac4mcpboeq0245', '2ft54d1ik9d4qmj2ffopey6uwk000fvr0058', '7g4ine1me7fx8dcxk6mktrm2n3yqtscf0067');
INSERT INTO class_attribute ( oid, parent_oid, child_oid) VALUES ('t0kefjfczveyiipvrh6ncxac4mcpboeq0245', '2ft54d1ik9d4qmj2ffopey6uwk000fvr0058', '7g4ine1me7fx8dcxk6mktrm2n3yqtscf0067');
INSERT INTO metadata_relationship ( entity_domain, site_master, last_updated_by, oid, owner, locked_by, create_date, type, created_by, seq, key_name, last_update_date, parent_oid, child_oid) VALUES (NULL, 'www.runwaysdk.com', '000000000000000000000000000000100060', 't0kefjfczveyiipvrh6ncxac4mcpboeq0245', '000000000000000000000000000000100060', NULL, '2014-02-10 12:13:54', 'com.runwaysdk.system.metadata.ClassAttributeConcrete', '000000000000000000000000000000100060', 4502, 'com.runwaysdk.system.scheduler.JobHistory.type', '2014-02-10 12:13:54', '2ft54d1ik9d4qmj2ffopey6uwk000fvr0058', '7g4ine1me7fx8dcxk6mktrm2n3yqtscf0067');
 INSERT INTO visibilitymodifier (set_id, item_id)  VALUES  ('2aqatg5gubuyvd0up9rg428msy5f7a1h', '20071109NM00000000000000000000050113');
INSERT INTO metadata_display_label ( default_locale, oid, site_master, key_name) VALUES ('Entity Domain', '1o6crmxy9i3nu4vu24n16fkuzcoz6yhj0287', 'www.runwaysdk.com', '1o6crmxy9i3nu4vu24n16fkuzcoz6yhj0287');
 INSERT INTO visibilitymodifier (set_id, item_id)  VALUES  ('t0tuxu7ywywdpyci3az0lfao7gm8m4v1', '20071109NM00000000000000000000050113');
 INSERT INTO md_attribute_indicies (set_id, item_id)  VALUES  ('swsb2vbdm8q6kct97svb249co0am8csf', '000000000000000000000000000004010085');
INSERT INTO metadata_display_label ( default_locale, oid, site_master, key_name) VALUES ('The Domain of this entity', '1stgslmt5s23jfh94c993erjdn86bnp00287', 'www.runwaysdk.com', '1stgslmt5s23jfh94c993erjdn86bnp00287');
INSERT INTO md_attribute_reference ( default_value, md_business, oid) VALUES (NULL, 'NM2008101100000000000000000001110058', '6uvky0lrl0m6dfos211gdhnybfjuk8gu0218');
INSERT INTO md_attribute_ref ( oid) VALUES ('6uvky0lrl0m6dfos211gdhnybfjuk8gu0218');
INSERT INTO md_attribute_concrete ( column_name, defining_md_class, setter_visibility, setter_visibility_c, immutable, index_name, generate_accessor, system, required, display_label, getter_visibility, getter_visibility_c, index_type, index_type_c, attribute_name, oid) VALUES ('entity_domain', '2ft54d1ik9d4qmj2ffopey6uwk000fvr0058', '2aqatg5gubuyvd0up9rg428msy5f7a1h', '20071109NM00000000000000000000050113', 0, 'ackm2nyp74lnlxp2xu7nyh0atag5qs', 1, 0, 0, '1o6crmxy9i3nu4vu24n16fkuzcoz6yhj0287', 't0tuxu7ywywdpyci3az0lfao7gm8m4v1', '20071109NM00000000000000000000050113', 'swsb2vbdm8q6kct97svb249co0am8csf', '000000000000000000000000000004010085', 'entityDomain', '6uvky0lrl0m6dfos211gdhnybfjuk8gu0218');
INSERT INTO md_attribute ( oid) VALUES ('6uvky0lrl0m6dfos211gdhnybfjuk8gu0218');
INSERT INTO metadata ( description, created_by, owner, oid, create_date, seq, type, remove, site_master, locked_by, entity_domain, last_updated_by, last_update_date, key_name) VALUES ('1stgslmt5s23jfh94c993erjdn86bnp00287', '000000000000000000000000000000100060', '000000000000000000000000000000100060', '6uvky0lrl0m6dfos211gdhnybfjuk8gu0218', '2014-02-10 12:13:54', 4503, 'com.runwaysdk.system.metadata.MdAttributeReference', 1, 'www.runwaysdk.com', NULL, NULL, '000000000000000000000000000000100060', '2014-02-10 12:13:54', 'com.runwaysdk.system.scheduler.JobHistory.entityDomain');
ALTER TABLE job_history ADD COLUMN entity_domain  char(64);
INSERT INTO class_attribute_concrete ( oid, parent_oid, child_oid) VALUES ('020ge4gqmi3my4ezj3dqesbogkwnjl0y0245', '2ft54d1ik9d4qmj2ffopey6uwk000fvr0058', '6uvky0lrl0m6dfos211gdhnybfjuk8gu0218');
INSERT INTO class_attribute ( oid, parent_oid, child_oid) VALUES ('020ge4gqmi3my4ezj3dqesbogkwnjl0y0245', '2ft54d1ik9d4qmj2ffopey6uwk000fvr0058', '6uvky0lrl0m6dfos211gdhnybfjuk8gu0218');
INSERT INTO metadata_relationship ( entity_domain, site_master, last_updated_by, oid, owner, locked_by, create_date, type, created_by, seq, key_name, last_update_date, parent_oid, child_oid) VALUES (NULL, 'www.runwaysdk.com', '000000000000000000000000000000100060', '020ge4gqmi3my4ezj3dqesbogkwnjl0y0245', '000000000000000000000000000000100060', NULL, '2014-02-10 12:13:54', 'com.runwaysdk.system.metadata.ClassAttributeConcrete', '000000000000000000000000000000100060', 4504, 'com.runwaysdk.system.scheduler.JobHistory.entityDomain', '2014-02-10 12:13:54', '2ft54d1ik9d4qmj2ffopey6uwk000fvr0058', '6uvky0lrl0m6dfos211gdhnybfjuk8gu0218');
 INSERT INTO visibilitymodifier (set_id, item_id)  VALUES  ('7afqkf5ssa3f2hv5q6arm01kkp5ddzkt', '20071109NM00000000000000000000050113');
INSERT INTO metadata_display_label ( default_locale, oid, site_master, key_name) VALUES ('Sequence', '1remmq2mmjqcdyor5lbzf8uph9u4yp600287', 'www.runwaysdk.com', '1remmq2mmjqcdyor5lbzf8uph9u4yp600287');
 INSERT INTO visibilitymodifier (set_id, item_id)  VALUES  ('1pg8ovqyepeu3o0c1j8zo61u79p4vfib', '20071109NM00000000000000000000050113');
 INSERT INTO md_attribute_indicies (set_id, item_id)  VALUES  ('0a0482ymtymqhwn5ih1zvxzzzmkkj38g', '000000000000000000000000000004010085');
INSERT INTO metadata_display_label ( default_locale, oid, site_master, key_name) VALUES ('Sequence number is incremented every time this object is updated', '6z843ukf2mo30o1q5pjwknc2xmyjo7lh0287', 'www.runwaysdk.com', '6z843ukf2mo30o1q5pjwknc2xmyjo7lh0287');
INSERT INTO md_attribute_long ( end_range, default_value, start_range, oid) VALUES (NULL, NULL, NULL, 'za3yz24x11lvox7bkk2l17eo2ind7nfq0080');
INSERT INTO md_attribute_int ( oid) VALUES ('za3yz24x11lvox7bkk2l17eo2ind7nfq0080');
INSERT INTO md_attribute_number ( reject_negative, reject_zero, reject_positive, oid) VALUES (1, 0, 0, 'za3yz24x11lvox7bkk2l17eo2ind7nfq0080');
INSERT INTO md_attribute_primitive ( oid) VALUES ('za3yz24x11lvox7bkk2l17eo2ind7nfq0080');
INSERT INTO md_attribute_concrete ( column_name, defining_md_class, setter_visibility, setter_visibility_c, immutable, index_name, generate_accessor, system, required, display_label, getter_visibility, getter_visibility_c, index_type, index_type_c, attribute_name, oid) VALUES ('seq', '2ft54d1ik9d4qmj2ffopey6uwk000fvr0058', '7afqkf5ssa3f2hv5q6arm01kkp5ddzkt', '20071109NM00000000000000000000050113', 0, 'ac0le51u0i4y8f73fn84qyb48v9apq', 1, 1, 1, '1remmq2mmjqcdyor5lbzf8uph9u4yp600287', '1pg8ovqyepeu3o0c1j8zo61u79p4vfib', '20071109NM00000000000000000000050113', '0a0482ymtymqhwn5ih1zvxzzzmkkj38g', '000000000000000000000000000004010085', 'seq', 'za3yz24x11lvox7bkk2l17eo2ind7nfq0080');
INSERT INTO md_attribute ( oid) VALUES ('za3yz24x11lvox7bkk2l17eo2ind7nfq0080');
INSERT INTO metadata ( description, created_by, owner, oid, create_date, seq, type, remove, site_master, locked_by, entity_domain, last_updated_by, last_update_date, key_name) VALUES ('6z843ukf2mo30o1q5pjwknc2xmyjo7lh0287', '000000000000000000000000000000100060', '000000000000000000000000000000100060', 'za3yz24x11lvox7bkk2l17eo2ind7nfq0080', '2014-02-10 12:13:54', 4505, 'com.runwaysdk.system.metadata.MdAttributeLong', 0, 'www.runwaysdk.com', NULL, NULL, '000000000000000000000000000000100060', '2014-02-10 12:13:54', 'com.runwaysdk.system.scheduler.JobHistory.seq');
ALTER TABLE job_history ADD COLUMN seq  bigint;
INSERT INTO class_attribute_concrete ( oid, parent_oid, child_oid) VALUES ('xdyzchx32br09c20c89mspx82e54abus0245', '2ft54d1ik9d4qmj2ffopey6uwk000fvr0058', 'za3yz24x11lvox7bkk2l17eo2ind7nfq0080');
INSERT INTO class_attribute ( oid, parent_oid, child_oid) VALUES ('xdyzchx32br09c20c89mspx82e54abus0245', '2ft54d1ik9d4qmj2ffopey6uwk000fvr0058', 'za3yz24x11lvox7bkk2l17eo2ind7nfq0080');
INSERT INTO metadata_relationship ( entity_domain, site_master, last_updated_by, oid, owner, locked_by, create_date, type, created_by, seq, key_name, last_update_date, parent_oid, child_oid) VALUES (NULL, 'www.runwaysdk.com', '000000000000000000000000000000100060', 'xdyzchx32br09c20c89mspx82e54abus0245', '000000000000000000000000000000100060', NULL, '2014-02-10 12:13:54', 'com.runwaysdk.system.metadata.ClassAttributeConcrete', '000000000000000000000000000000100060', 4506, 'com.runwaysdk.system.scheduler.JobHistory.seq', '2014-02-10 12:13:54', '2ft54d1ik9d4qmj2ffopey6uwk000fvr0058', 'za3yz24x11lvox7bkk2l17eo2ind7nfq0080');
INSERT INTO metadata_display_label ( default_locale, oid, site_master, key_name) VALUES (NULL, '0ikkchmcarcsi4z2f4zpsh4nz3so5y0o0287', 'www.runwaysdk.com', '0ikkchmcarcsi4z2f4zpsh4nz3so5y0o0287');
INSERT INTO metadata_display_label ( default_locale, oid, site_master, key_name) VALUES (NULL, 'z89kd8tbyk1zzor6m3grf0f9ieo8zob50287', 'www.runwaysdk.com', 'z89kd8tbyk1zzor6m3grf0f9ieo8zob50287');
INSERT INTO md_controller ( stub_source, oid) VALUES (NULL, 'z9pkldn38zzzudm2wflc21i95spf4i470130');
INSERT INTO md_type ( display_label, root_id, package_name, type_name, base_source, js_base, js_stub, exported, dto_source, oid) VALUES ('0ikkchmcarcsi4z2f4zpsh4nz3so5y0o0287', 'z9pkldn38zzzudm2wflc21i95spf4i47', 'com.runwaysdk.system.scheduler', 'JobHistoryController', NULL, NULL, NULL, 1, NULL, 'z9pkldn38zzzudm2wflc21i95spf4i470130');
INSERT INTO metadata ( description, created_by, owner, oid, create_date, seq, type, remove, site_master, locked_by, entity_domain, last_updated_by, last_update_date, key_name) VALUES ('z89kd8tbyk1zzor6m3grf0f9ieo8zob50287', '000000000000000000000000000000100060', '000000000000000000000000000000100060', 'z9pkldn38zzzudm2wflc21i95spf4i470130', '2014-02-10 12:13:54', 4507, 'com.runwaysdk.system.metadata.MdController', 1, 'www.runwaysdk.com', NULL, NULL, '000000000000000000000000000000100060', '2014-02-10 12:13:54', 'com.runwaysdk.system.scheduler.JobHistoryController');
INSERT INTO metadata_display_label ( default_locale, oid, site_master, key_name) VALUES ('View Page', '0cvy08xij1clpgc69d12akx4p57z4dgi0287', 'www.runwaysdk.com', '0cvy08xij1clpgc69d12akx4p57z4dgi0287');
INSERT INTO metadata_display_label ( default_locale, oid, site_master, key_name) VALUES ('Loads a ViewAll query for a specific page into the request object', '6y17dmul9fxq21rl1qtzcxwvmw0gk66k0287', 'www.runwaysdk.com', '6y17dmul9fxq21rl1qtzcxwvmw0gk66k0287');
INSERT INTO md_action ( is_query, enclosing_md_controller, is_post, action_name, display_label, oid) VALUES (1, 'z9pkldn38zzzudm2wflc21i95spf4i470130', 0, 'viewPage', '0cvy08xij1clpgc69d12akx4p57z4dgi0287', 'r8nwr0tyku0n751zdyfg8f09sdkcj0jn0131');
INSERT INTO metadata ( description, created_by, owner, oid, create_date, seq, type, remove, site_master, locked_by, entity_domain, last_updated_by, last_update_date, key_name) VALUES ('6y17dmul9fxq21rl1qtzcxwvmw0gk66k0287', '000000000000000000000000000000100060', '000000000000000000000000000000100060', 'r8nwr0tyku0n751zdyfg8f09sdkcj0jn0131', '2014-02-10 12:13:54', 4508, 'com.runwaysdk.system.metadata.MdAction', 1, 'www.runwaysdk.com', NULL, NULL, '000000000000000000000000000000100060', '2014-02-10 12:13:54', 'com.runwaysdk.system.scheduler.JobHistoryController.viewPage');
INSERT INTO controller_action ( key_name, locked_by, oid, owner, entity_domain, created_by, type, last_update_date, create_date, seq, last_updated_by, site_master, parent_oid, child_oid) VALUES ('com.runwaysdk.system.scheduler.JobHistoryController.viewPage', NULL, '6w0w3m3s8ejsmhcez43omo4oyhwtyq590264', '000000000000000000000000000000100060', NULL, '000000000000000000000000000000100060', 'com.runwaysdk.system.ControllerAction', '2014-02-10 12:13:54', '2014-02-10 12:13:54', 4509, '000000000000000000000000000000100060', 'www.runwaysdk.com', 'z9pkldn38zzzudm2wflc21i95spf4i470130', 'r8nwr0tyku0n751zdyfg8f09sdkcj0jn0131');
INSERT INTO metadata_display_label ( default_locale, oid, site_master, key_name) VALUES ('Sort Attribute', '1t5ewqwf4nghskh5nobapt9s2xuekate0287', 'www.runwaysdk.com', '1t5ewqwf4nghskh5nobapt9s2xuekate0287');
INSERT INTO metadata_display_label ( default_locale, oid, site_master, key_name) VALUES (NULL, '6rkhhxxcjc1b9iywrp2ew3kkqmsee6ql0287', 'www.runwaysdk.com', '6rkhhxxcjc1b9iywrp2ew3kkqmsee6ql0287');
INSERT INTO md_parameter ( metadata, parameter_order, parameter_name, parameter_type, display_label, oid) VALUES ('r8nwr0tyku0n751zdyfg8f09sdkcj0jn0131', -4, 'sortAttribute', 'java.lang.String', '1t5ewqwf4nghskh5nobapt9s2xuekate0287', 'sqptbazjufdvhu9ss45s7x783lokko7r0110');
INSERT INTO metadata ( description, created_by, owner, oid, create_date, seq, type, remove, site_master, locked_by, entity_domain, last_updated_by, last_update_date, key_name) VALUES ('6rkhhxxcjc1b9iywrp2ew3kkqmsee6ql0287', '000000000000000000000000000000100060', '000000000000000000000000000000100060', 'sqptbazjufdvhu9ss45s7x783lokko7r0110', '2014-02-10 12:13:54', 4510, 'com.runwaysdk.system.metadata.MdParameter', 1, 'www.runwaysdk.com', NULL, NULL, '000000000000000000000000000000100060', '2014-02-10 12:13:54', 'com.runwaysdk.system.scheduler.JobHistoryController.viewPage.sortAttribute');
INSERT INTO metadata_parameter ( site_master, last_updated_by, create_date, seq, locked_by, entity_domain, created_by, type, last_update_date, key_name, owner, oid, parent_oid, child_oid) VALUES ('www.runwaysdk.com', '000000000000000000000000000000100060', '2014-02-10 12:13:54', 4511, NULL, NULL, '000000000000000000000000000000100060', 'com.runwaysdk.system.MetadataParameter', '2014-02-10 12:13:54', 'com.runwaysdk.system.scheduler.JobHistoryController.viewPage.sortAttribute', '000000000000000000000000000000100060', 'xjfn9h75xn27eep2yziykn5lpopplqx80256', 'r8nwr0tyku0n751zdyfg8f09sdkcj0jn0131', 'sqptbazjufdvhu9ss45s7x783lokko7r0110');
INSERT INTO metadata_display_label ( default_locale, oid, site_master, key_name) VALUES ('Is Ascending', 'xbit1ip33ay7tpp9urxik16n8xd0lmy20287', 'www.runwaysdk.com', 'xbit1ip33ay7tpp9urxik16n8xd0lmy20287');
INSERT INTO metadata_display_label ( default_locale, oid, site_master, key_name) VALUES (NULL, 'y148gi0w823qeyjlhjm3t7ycdni8hqlt0287', 'www.runwaysdk.com', 'y148gi0w823qeyjlhjm3t7ycdni8hqlt0287');
INSERT INTO md_parameter ( metadata, parameter_order, parameter_name, parameter_type, display_label, oid) VALUES ('r8nwr0tyku0n751zdyfg8f09sdkcj0jn0131', -3, 'isAscending', 'java.lang.Boolean', 'xbit1ip33ay7tpp9urxik16n8xd0lmy20287', 'yz3jn0pv5gs3x8wf3k837aceulc8x9ll0110');
INSERT INTO metadata ( description, created_by, owner, oid, create_date, seq, type, remove, site_master, locked_by, entity_domain, last_updated_by, last_update_date, key_name) VALUES ('y148gi0w823qeyjlhjm3t7ycdni8hqlt0287', '000000000000000000000000000000100060', '000000000000000000000000000000100060', 'yz3jn0pv5gs3x8wf3k837aceulc8x9ll0110', '2014-02-10 12:13:54', 4512, 'com.runwaysdk.system.metadata.MdParameter', 1, 'www.runwaysdk.com', NULL, NULL, '000000000000000000000000000000100060', '2014-02-10 12:13:54', 'com.runwaysdk.system.scheduler.JobHistoryController.viewPage.isAscending');
INSERT INTO metadata_parameter ( site_master, last_updated_by, create_date, seq, locked_by, entity_domain, created_by, type, last_update_date, key_name, owner, oid, parent_oid, child_oid) VALUES ('www.runwaysdk.com', '000000000000000000000000000000100060', '2014-02-10 12:13:54', 4513, NULL, NULL, '000000000000000000000000000000100060', 'com.runwaysdk.system.MetadataParameter', '2014-02-10 12:13:54', 'com.runwaysdk.system.scheduler.JobHistoryController.viewPage.isAscending', '000000000000000000000000000000100060', '06cpmkhv63p1ocxpf2qgcxhtfpfk577d0256', 'r8nwr0tyku0n751zdyfg8f09sdkcj0jn0131', 'yz3jn0pv5gs3x8wf3k837aceulc8x9ll0110');
INSERT INTO metadata_display_label ( default_locale, oid, site_master, key_name) VALUES ('Page Size', '8xpkce826ri4ej9w2faigi7a21mnfew70287', 'www.runwaysdk.com', '8xpkce826ri4ej9w2faigi7a21mnfew70287');
INSERT INTO metadata_display_label ( default_locale, oid, site_master, key_name) VALUES (NULL, 'r3064t32ikytxvv4tdpucl4ym3r2icjn0287', 'www.runwaysdk.com', 'r3064t32ikytxvv4tdpucl4ym3r2icjn0287');
INSERT INTO md_parameter ( metadata, parameter_order, parameter_name, parameter_type, display_label, oid) VALUES ('r8nwr0tyku0n751zdyfg8f09sdkcj0jn0131', -2, 'pageSize', 'java.lang.Integer', '8xpkce826ri4ej9w2faigi7a21mnfew70287', 'r9ghgjr59xhaf12quwfwfzh0s1gsa3s40110');
INSERT INTO metadata ( description, created_by, owner, oid, create_date, seq, type, remove, site_master, locked_by, entity_domain, last_updated_by, last_update_date, key_name) VALUES ('r3064t32ikytxvv4tdpucl4ym3r2icjn0287', '000000000000000000000000000000100060', '000000000000000000000000000000100060', 'r9ghgjr59xhaf12quwfwfzh0s1gsa3s40110', '2014-02-10 12:13:54', 4514, 'com.runwaysdk.system.metadata.MdParameter', 1, 'www.runwaysdk.com', NULL, NULL, '000000000000000000000000000000100060', '2014-02-10 12:13:54', 'com.runwaysdk.system.scheduler.JobHistoryController.viewPage.pageSize');
INSERT INTO metadata_parameter ( site_master, last_updated_by, create_date, seq, locked_by, entity_domain, created_by, type, last_update_date, key_name, owner, oid, parent_oid, child_oid) VALUES ('www.runwaysdk.com', '000000000000000000000000000000100060', '2014-02-10 12:13:54', 4515, NULL, NULL, '000000000000000000000000000000100060', 'com.runwaysdk.system.MetadataParameter', '2014-02-10 12:13:54', 'com.runwaysdk.system.scheduler.JobHistoryController.viewPage.pageSize', '000000000000000000000000000000100060', '09iw0gkbo1ndm2d6catj2sw4sboo2jau0256', 'r8nwr0tyku0n751zdyfg8f09sdkcj0jn0131', 'r9ghgjr59xhaf12quwfwfzh0s1gsa3s40110');
INSERT INTO metadata_display_label ( default_locale, oid, site_master, key_name) VALUES ('Page Number', 'r69e4tdo13dy5ukii49mv4d6cuzvlm2t0287', 'www.runwaysdk.com', 'r69e4tdo13dy5ukii49mv4d6cuzvlm2t0287');
INSERT INTO metadata_display_label ( default_locale, oid, site_master, key_name) VALUES (NULL, '77h0unokglfr1886npw48jr4dxlgc5s20287', 'www.runwaysdk.com', '77h0unokglfr1886npw48jr4dxlgc5s20287');
INSERT INTO md_parameter ( metadata, parameter_order, parameter_name, parameter_type, display_label, oid) VALUES ('r8nwr0tyku0n751zdyfg8f09sdkcj0jn0131', -1, 'pageNumber', 'java.lang.Integer', 'r69e4tdo13dy5ukii49mv4d6cuzvlm2t0287', '0chyzp9u2o7eosc1ktz53k7x3l3de0590110');
INSERT INTO metadata ( description, created_by, owner, oid, create_date, seq, type, remove, site_master, locked_by, entity_domain, last_updated_by, last_update_date, key_name) VALUES ('77h0unokglfr1886npw48jr4dxlgc5s20287', '000000000000000000000000000000100060', '000000000000000000000000000000100060', '0chyzp9u2o7eosc1ktz53k7x3l3de0590110', '2014-02-10 12:13:54', 4516, 'com.runwaysdk.system.metadata.MdParameter', 1, 'www.runwaysdk.com', NULL, NULL, '000000000000000000000000000000100060', '2014-02-10 12:13:54', 'com.runwaysdk.system.scheduler.JobHistoryController.viewPage.pageNumber');
INSERT INTO metadata_parameter ( site_master, last_updated_by, create_date, seq, locked_by, entity_domain, created_by, type, last_update_date, key_name, owner, oid, parent_oid, child_oid) VALUES ('www.runwaysdk.com', '000000000000000000000000000000100060', '2014-02-10 12:13:54', 4517, NULL, NULL, '000000000000000000000000000000100060', 'com.runwaysdk.system.MetadataParameter', '2014-02-10 12:13:54', 'com.runwaysdk.system.scheduler.JobHistoryController.viewPage.pageNumber', '000000000000000000000000000000100060', '7apdr3cmgfp01gqglpq4wd1amc1gu4oo0256', 'r8nwr0tyku0n751zdyfg8f09sdkcj0jn0131', '0chyzp9u2o7eosc1ktz53k7x3l3de0590110');
INSERT INTO metadata_display_label ( default_locale, oid, site_master, key_name) VALUES ('View All', '8z4rdl1mp6w8pzdt7qkj90awle4fnq040287', 'www.runwaysdk.com', '8z4rdl1mp6w8pzdt7qkj90awle4fnq040287');
INSERT INTO metadata_display_label ( default_locale, oid, site_master, key_name) VALUES ('Loads a ViewAll query with the default settings', 'sacaylrbnfykno2p0i3ututwkl1q7rqf0287', 'www.runwaysdk.com', 'sacaylrbnfykno2p0i3ututwkl1q7rqf0287');
INSERT INTO md_action ( is_query, enclosing_md_controller, is_post, action_name, display_label, oid) VALUES (0, 'z9pkldn38zzzudm2wflc21i95spf4i470130', 0, 'viewAll', '8z4rdl1mp6w8pzdt7qkj90awle4fnq040287', '8wkjus1gvvq4qbakf9dnipd54fq6r5iw0131');
INSERT INTO metadata ( description, created_by, owner, oid, create_date, seq, type, remove, site_master, locked_by, entity_domain, last_updated_by, last_update_date, key_name) VALUES ('sacaylrbnfykno2p0i3ututwkl1q7rqf0287', '000000000000000000000000000000100060', '000000000000000000000000000000100060', '8wkjus1gvvq4qbakf9dnipd54fq6r5iw0131', '2014-02-10 12:13:54', 4518, 'com.runwaysdk.system.metadata.MdAction', 1, 'www.runwaysdk.com', NULL, NULL, '000000000000000000000000000000100060', '2014-02-10 12:13:54', 'com.runwaysdk.system.scheduler.JobHistoryController.viewAll');
INSERT INTO controller_action ( key_name, locked_by, oid, owner, entity_domain, created_by, type, last_update_date, create_date, seq, last_updated_by, site_master, parent_oid, child_oid) VALUES ('com.runwaysdk.system.scheduler.JobHistoryController.viewAll', NULL, 'sl74ep8idwdpboi5ake0qnx00aa57y2w0264', '000000000000000000000000000000100060', NULL, '000000000000000000000000000000100060', 'com.runwaysdk.system.ControllerAction', '2014-02-10 12:13:54', '2014-02-10 12:13:54', 4519, '000000000000000000000000000000100060', 'www.runwaysdk.com', 'z9pkldn38zzzudm2wflc21i95spf4i470130', '8wkjus1gvvq4qbakf9dnipd54fq6r5iw0131');
INSERT INTO metadata_display_label ( default_locale, oid, site_master, key_name) VALUES ('View', '8b3lvdot4wx5olpxxsbc3mzooahqvowa0287', 'www.runwaysdk.com', '8b3lvdot4wx5olpxxsbc3mzooahqvowa0287');
INSERT INTO metadata_display_label ( default_locale, oid, site_master, key_name) VALUES ('View an existing instance of com.runwaysdk.system.scheduler.JobHistory', '8xcmbzdv4pxx66thesowd0g7z84p3zyx0287', 'www.runwaysdk.com', '8xcmbzdv4pxx66thesowd0g7z84p3zyx0287');
INSERT INTO md_action ( is_query, enclosing_md_controller, is_post, action_name, display_label, oid) VALUES (0, 'z9pkldn38zzzudm2wflc21i95spf4i470130', 0, 'view', '8b3lvdot4wx5olpxxsbc3mzooahqvowa0287', 'qrpgpn2vbfs4mg1x47jx0fbvu7dlyesa0131');
INSERT INTO metadata ( description, created_by, owner, oid, create_date, seq, type, remove, site_master, locked_by, entity_domain, last_updated_by, last_update_date, key_name) VALUES ('8xcmbzdv4pxx66thesowd0g7z84p3zyx0287', '000000000000000000000000000000100060', '000000000000000000000000000000100060', 'qrpgpn2vbfs4mg1x47jx0fbvu7dlyesa0131', '2014-02-10 12:13:54', 4520, 'com.runwaysdk.system.metadata.MdAction', 1, 'www.runwaysdk.com', NULL, NULL, '000000000000000000000000000000100060', '2014-02-10 12:13:54', 'com.runwaysdk.system.scheduler.JobHistoryController.view');
INSERT INTO controller_action ( key_name, locked_by, oid, owner, entity_domain, created_by, type, last_update_date, create_date, seq, last_updated_by, site_master, parent_oid, child_oid) VALUES ('com.runwaysdk.system.scheduler.JobHistoryController.view', NULL, 'xstl4ul2j07noyl9z2w9t262b9q7tr7y0264', '000000000000000000000000000000100060', NULL, '000000000000000000000000000000100060', 'com.runwaysdk.system.ControllerAction', '2014-02-10 12:13:54', '2014-02-10 12:13:54', 4521, '000000000000000000000000000000100060', 'www.runwaysdk.com', 'z9pkldn38zzzudm2wflc21i95spf4i470130', 'qrpgpn2vbfs4mg1x47jx0fbvu7dlyesa0131');
INSERT INTO metadata_display_label ( default_locale, oid, site_master, key_name) VALUES ('Parameter: com.runwaysdk.system.scheduler.JobHistory - oid', '8wbxs83nsijipxxj31xxrktzu9s4nj260287', 'www.runwaysdk.com', '8wbxs83nsijipxxj31xxrktzu9s4nj260287');
INSERT INTO metadata_display_label ( default_locale, oid, site_master, key_name) VALUES ('Id of com.runwaysdk.system.scheduler.JobHistory to view.', 'qlvxi4p8xgjsefu1eagigdtcfe319ait0287', 'www.runwaysdk.com', 'qlvxi4p8xgjsefu1eagigdtcfe319ait0287');
INSERT INTO md_parameter ( metadata, parameter_order, parameter_name, parameter_type, display_label, oid) VALUES ('qrpgpn2vbfs4mg1x47jx0fbvu7dlyesa0131', 0, 'oid', 'java.lang.String', '8wbxs83nsijipxxj31xxrktzu9s4nj260287', '26pccprsr9yl3zpdqbvej99s8ci3yufn0110');
INSERT INTO metadata ( description, created_by, owner, oid, create_date, seq, type, remove, site_master, locked_by, entity_domain, last_updated_by, last_update_date, key_name) VALUES ('qlvxi4p8xgjsefu1eagigdtcfe319ait0287', '000000000000000000000000000000100060', '000000000000000000000000000000100060', '26pccprsr9yl3zpdqbvej99s8ci3yufn0110', '2014-02-10 12:13:54', 4522, 'com.runwaysdk.system.metadata.MdParameter', 1, 'www.runwaysdk.com', NULL, NULL, '000000000000000000000000000000100060', '2014-02-10 12:13:54', 'com.runwaysdk.system.scheduler.JobHistoryController.view.oid');
INSERT INTO metadata_parameter ( site_master, last_updated_by, create_date, seq, locked_by, entity_domain, created_by, type, last_update_date, key_name, owner, oid, parent_oid, child_oid) VALUES ('www.runwaysdk.com', '000000000000000000000000000000100060', '2014-02-10 12:13:54', 4523, NULL, NULL, '000000000000000000000000000000100060', 'com.runwaysdk.system.MetadataParameter', '2014-02-10 12:13:54', 'com.runwaysdk.system.scheduler.JobHistoryController.view.oid', '000000000000000000000000000000100060', 'sogrk57uf22vdpejyk10soj4zxu8u3dp0256', 'qrpgpn2vbfs4mg1x47jx0fbvu7dlyesa0131', '26pccprsr9yl3zpdqbvej99s8ci3yufn0110');
INSERT INTO metadata_display_label ( default_locale, oid, site_master, key_name) VALUES ('New Instance', 'sxwgppjl6i6xvunevcbmon1nnn3iqeul0287', 'www.runwaysdk.com', 'sxwgppjl6i6xvunevcbmon1nnn3iqeul0287');
INSERT INTO metadata_display_label ( default_locale, oid, site_master, key_name) VALUES ('Loads a new instance of com.runwaysdk.system.scheduler.JobHistory into the request object', '8q4232h76o2lrj885gnvqohq8885cls80287', 'www.runwaysdk.com', '8q4232h76o2lrj885gnvqohq8885cls80287');
INSERT INTO md_action ( is_query, enclosing_md_controller, is_post, action_name, display_label, oid) VALUES (0, 'z9pkldn38zzzudm2wflc21i95spf4i470130', 0, 'newInstance', 'sxwgppjl6i6xvunevcbmon1nnn3iqeul0287', 'zmbun2elk0padesljckd0er16vpbxsir0131');
INSERT INTO metadata ( description, created_by, owner, oid, create_date, seq, type, remove, site_master, locked_by, entity_domain, last_updated_by, last_update_date, key_name) VALUES ('8q4232h76o2lrj885gnvqohq8885cls80287', '000000000000000000000000000000100060', '000000000000000000000000000000100060', 'zmbun2elk0padesljckd0er16vpbxsir0131', '2014-02-10 12:13:54', 4524, 'com.runwaysdk.system.metadata.MdAction', 1, 'www.runwaysdk.com', NULL, NULL, '000000000000000000000000000000100060', '2014-02-10 12:13:54', 'com.runwaysdk.system.scheduler.JobHistoryController.newInstance');
INSERT INTO controller_action ( key_name, locked_by, oid, owner, entity_domain, created_by, type, last_update_date, create_date, seq, last_updated_by, site_master, parent_oid, child_oid) VALUES ('com.runwaysdk.system.scheduler.JobHistoryController.newInstance', NULL, '1qpa5ro96r5eub22gz6xs1o9t39jsnxh0264', '000000000000000000000000000000100060', NULL, '000000000000000000000000000000100060', 'com.runwaysdk.system.ControllerAction', '2014-02-10 12:13:54', '2014-02-10 12:13:54', 4525, '000000000000000000000000000000100060', 'www.runwaysdk.com', 'z9pkldn38zzzudm2wflc21i95spf4i470130', 'zmbun2elk0padesljckd0er16vpbxsir0131');
INSERT INTO metadata_display_label ( default_locale, oid, site_master, key_name) VALUES ('Create', '8k4v7fn9njkw2ctd8mvxramznn6tcgf80287', 'www.runwaysdk.com', '8k4v7fn9njkw2ctd8mvxramznn6tcgf80287');
INSERT INTO metadata_display_label ( default_locale, oid, site_master, key_name) VALUES ('Applys a new instance of com.runwaysdk.system.scheduler.JobHistory', 'y0k93a5p74l6x51g5c85q7tbx2d16gbm0287', 'www.runwaysdk.com', 'y0k93a5p74l6x51g5c85q7tbx2d16gbm0287');
INSERT INTO md_action ( is_query, enclosing_md_controller, is_post, action_name, display_label, oid) VALUES (0, 'z9pkldn38zzzudm2wflc21i95spf4i470130', 1, 'create', '8k4v7fn9njkw2ctd8mvxramznn6tcgf80287', 'qp3z1jgxtuqffbm8i3hqvqpgh0i38dl30131');
INSERT INTO metadata ( description, created_by, owner, oid, create_date, seq, type, remove, site_master, locked_by, entity_domain, last_updated_by, last_update_date, key_name) VALUES ('y0k93a5p74l6x51g5c85q7tbx2d16gbm0287', '000000000000000000000000000000100060', '000000000000000000000000000000100060', 'qp3z1jgxtuqffbm8i3hqvqpgh0i38dl30131', '2014-02-10 12:13:54', 4526, 'com.runwaysdk.system.metadata.MdAction', 1, 'www.runwaysdk.com', NULL, NULL, '000000000000000000000000000000100060', '2014-02-10 12:13:54', 'com.runwaysdk.system.scheduler.JobHistoryController.create');
INSERT INTO controller_action ( key_name, locked_by, oid, owner, entity_domain, created_by, type, last_update_date, create_date, seq, last_updated_by, site_master, parent_oid, child_oid) VALUES ('com.runwaysdk.system.scheduler.JobHistoryController.create', NULL, 'rcyc63bj2croiywprpy8t6ibuz3vu44w0264', '000000000000000000000000000000100060', NULL, '000000000000000000000000000000100060', 'com.runwaysdk.system.ControllerAction', '2014-02-10 12:13:54', '2014-02-10 12:13:54', 4527, '000000000000000000000000000000100060', 'www.runwaysdk.com', 'z9pkldn38zzzudm2wflc21i95spf4i470130', 'qp3z1jgxtuqffbm8i3hqvqpgh0i38dl30131');
INSERT INTO metadata_display_label ( default_locale, oid, site_master, key_name) VALUES ('Parameter: com.runwaysdk.system.scheduler.JobHistory', '8ga48pin6glow2164jug00hgkixvee190287', 'www.runwaysdk.com', '8ga48pin6glow2164jug00hgkixvee190287');
INSERT INTO metadata_display_label ( default_locale, oid, site_master, key_name) VALUES ('com.runwaysdk.system.scheduler.JobHistory to apply to the database', '0q4a63rxc9drnathr7xz56rymsf118it0287', 'www.runwaysdk.com', '0q4a63rxc9drnathr7xz56rymsf118it0287');
INSERT INTO md_parameter ( metadata, parameter_order, parameter_name, parameter_type, display_label, oid) VALUES ('qp3z1jgxtuqffbm8i3hqvqpgh0i38dl30131', 0, 'dto', 'com.runwaysdk.system.scheduler.JobHistory', '8ga48pin6glow2164jug00hgkixvee190287', 'qy57upvaycqsyhds4297askvktvahqnd0110');
INSERT INTO metadata ( description, created_by, owner, oid, create_date, seq, type, remove, site_master, locked_by, entity_domain, last_updated_by, last_update_date, key_name) VALUES ('0q4a63rxc9drnathr7xz56rymsf118it0287', '000000000000000000000000000000100060', '000000000000000000000000000000100060', 'qy57upvaycqsyhds4297askvktvahqnd0110', '2014-02-10 12:13:54', 4528, 'com.runwaysdk.system.metadata.MdParameter', 1, 'www.runwaysdk.com', NULL, NULL, '000000000000000000000000000000100060', '2014-02-10 12:13:54', 'com.runwaysdk.system.scheduler.JobHistoryController.create.dto');
INSERT INTO metadata_parameter ( site_master, last_updated_by, create_date, seq, locked_by, entity_domain, created_by, type, last_update_date, key_name, owner, oid, parent_oid, child_oid) VALUES ('www.runwaysdk.com', '000000000000000000000000000000100060', '2014-02-10 12:13:54', 4529, NULL, NULL, '000000000000000000000000000000100060', 'com.runwaysdk.system.MetadataParameter', '2014-02-10 12:13:54', 'com.runwaysdk.system.scheduler.JobHistoryController.create.dto', '000000000000000000000000000000100060', '8huzilfnxrgtua65pfo2o8tnnn0e54at0256', 'qp3z1jgxtuqffbm8i3hqvqpgh0i38dl30131', 'qy57upvaycqsyhds4297askvktvahqnd0110');
INSERT INTO metadata_display_label ( default_locale, oid, site_master, key_name) VALUES ('edit', '2h7moilyfg8pgijmcjhn637t4wdrg5m10287', 'www.runwaysdk.com', '2h7moilyfg8pgijmcjhn637t4wdrg5m10287');
INSERT INTO metadata_display_label ( default_locale, oid, site_master, key_name) VALUES ('Applys an existing instance of com.runwaysdk.system.scheduler.JobHistory', 'yvycz9dw0nz9i29ia1m4csga4hdzjjem0287', 'www.runwaysdk.com', 'yvycz9dw0nz9i29ia1m4csga4hdzjjem0287');
INSERT INTO md_action ( is_query, enclosing_md_controller, is_post, action_name, display_label, oid) VALUES (0, 'z9pkldn38zzzudm2wflc21i95spf4i470130', 0, 'edit', '2h7moilyfg8pgijmcjhn637t4wdrg5m10287', '0p3k8upn1c6fsyii09cz4x86vcgogezo0131');
INSERT INTO metadata ( description, created_by, owner, oid, create_date, seq, type, remove, site_master, locked_by, entity_domain, last_updated_by, last_update_date, key_name) VALUES ('yvycz9dw0nz9i29ia1m4csga4hdzjjem0287', '000000000000000000000000000000100060', '000000000000000000000000000000100060', '0p3k8upn1c6fsyii09cz4x86vcgogezo0131', '2014-02-10 12:13:54', 4530, 'com.runwaysdk.system.metadata.MdAction', 1, 'www.runwaysdk.com', NULL, NULL, '000000000000000000000000000000100060', '2014-02-10 12:13:54', 'com.runwaysdk.system.scheduler.JobHistoryController.edit');
INSERT INTO controller_action ( key_name, locked_by, oid, owner, entity_domain, created_by, type, last_update_date, create_date, seq, last_updated_by, site_master, parent_oid, child_oid) VALUES ('com.runwaysdk.system.scheduler.JobHistoryController.edit', NULL, '06n9udn8bz1gyaj10ykd2ac489j0yh850264', '000000000000000000000000000000100060', NULL, '000000000000000000000000000000100060', 'com.runwaysdk.system.ControllerAction', '2014-02-10 12:13:54', '2014-02-10 12:13:54', 4531, '000000000000000000000000000000100060', 'www.runwaysdk.com', 'z9pkldn38zzzudm2wflc21i95spf4i470130', '0p3k8upn1c6fsyii09cz4x86vcgogezo0131');
INSERT INTO metadata_display_label ( default_locale, oid, site_master, key_name) VALUES ('Parameter: com.runwaysdk.system.scheduler.JobHistory', 'z64g1d9k6061khc35slb0y996gjj4hee0287', 'www.runwaysdk.com', 'z64g1d9k6061khc35slb0y996gjj4hee0287');
INSERT INTO metadata_display_label ( default_locale, oid, site_master, key_name) VALUES ('com.runwaysdk.system.scheduler.JobHistory to apply to the database', '93ax6ddyqv8fa0lve01pp7onb4fn75zq0287', 'www.runwaysdk.com', '93ax6ddyqv8fa0lve01pp7onb4fn75zq0287');
INSERT INTO md_parameter ( metadata, parameter_order, parameter_name, parameter_type, display_label, oid) VALUES ('0p3k8upn1c6fsyii09cz4x86vcgogezo0131', 0, 'oid', 'java.lang.String', 'z64g1d9k6061khc35slb0y996gjj4hee0287', 'z471ie1v7rfcf43z6kll9r3zuvfnkotl0110');
INSERT INTO metadata ( description, created_by, owner, oid, create_date, seq, type, remove, site_master, locked_by, entity_domain, last_updated_by, last_update_date, key_name) VALUES ('93ax6ddyqv8fa0lve01pp7onb4fn75zq0287', '000000000000000000000000000000100060', '000000000000000000000000000000100060', 'z471ie1v7rfcf43z6kll9r3zuvfnkotl0110', '2014-02-10 12:13:54', 4532, 'com.runwaysdk.system.metadata.MdParameter', 1, 'www.runwaysdk.com', NULL, NULL, '000000000000000000000000000000100060', '2014-02-10 12:13:54', 'com.runwaysdk.system.scheduler.JobHistoryController.edit.oid');
INSERT INTO metadata_parameter ( site_master, last_updated_by, create_date, seq, locked_by, entity_domain, created_by, type, last_update_date, key_name, owner, oid, parent_oid, child_oid) VALUES ('www.runwaysdk.com', '000000000000000000000000000000100060', '2014-02-10 12:13:54', 4533, NULL, NULL, '000000000000000000000000000000100060', 'com.runwaysdk.system.MetadataParameter', '2014-02-10 12:13:54', 'com.runwaysdk.system.scheduler.JobHistoryController.edit.oid', '000000000000000000000000000000100060', '2fk03n0rzevcwbc9kscodu7mesedj0nb0256', '0p3k8upn1c6fsyii09cz4x86vcgogezo0131', 'z471ie1v7rfcf43z6kll9r3zuvfnkotl0110');
INSERT INTO metadata_display_label ( default_locale, oid, site_master, key_name) VALUES ('update', 'qyhz2qygl3jrua60dlxfx3yrmlkrwwz00287', 'www.runwaysdk.com', 'qyhz2qygl3jrua60dlxfx3yrmlkrwwz00287');
INSERT INTO metadata_display_label ( default_locale, oid, site_master, key_name) VALUES ('Applys an existing instance of com.runwaysdk.system.scheduler.JobHistory', 'zgemfyv1mu9u4z05zw99x0duvuvoybab0287', 'www.runwaysdk.com', 'zgemfyv1mu9u4z05zw99x0duvuvoybab0287');
INSERT INTO md_action ( is_query, enclosing_md_controller, is_post, action_name, display_label, oid) VALUES (0, 'z9pkldn38zzzudm2wflc21i95spf4i470130', 1, 'update', 'qyhz2qygl3jrua60dlxfx3yrmlkrwwz00287', 'ywgm8tmm2o17vgo9odyegghmew0necd80131');
INSERT INTO metadata ( description, created_by, owner, oid, create_date, seq, type, remove, site_master, locked_by, entity_domain, last_updated_by, last_update_date, key_name) VALUES ('zgemfyv1mu9u4z05zw99x0duvuvoybab0287', '000000000000000000000000000000100060', '000000000000000000000000000000100060', 'ywgm8tmm2o17vgo9odyegghmew0necd80131', '2014-02-10 12:13:54', 4534, 'com.runwaysdk.system.metadata.MdAction', 1, 'www.runwaysdk.com', NULL, NULL, '000000000000000000000000000000100060', '2014-02-10 12:13:54', 'com.runwaysdk.system.scheduler.JobHistoryController.update');
INSERT INTO controller_action ( key_name, locked_by, oid, owner, entity_domain, created_by, type, last_update_date, create_date, seq, last_updated_by, site_master, parent_oid, child_oid) VALUES ('com.runwaysdk.system.scheduler.JobHistoryController.update', NULL, 'r8t0sguwo2xsyy8k424hq1efpblb7n200264', '000000000000000000000000000000100060', NULL, '000000000000000000000000000000100060', 'com.runwaysdk.system.ControllerAction', '2014-02-10 12:13:54', '2014-02-10 12:13:54', 4535, '000000000000000000000000000000100060', 'www.runwaysdk.com', 'z9pkldn38zzzudm2wflc21i95spf4i470130', 'ywgm8tmm2o17vgo9odyegghmew0necd80131');
INSERT INTO metadata_display_label ( default_locale, oid, site_master, key_name) VALUES ('Parameter: com.runwaysdk.system.scheduler.JobHistory - dto', '0350osf2av3cqlm107h8qyeuxm02nplf0287', 'www.runwaysdk.com', '0350osf2av3cqlm107h8qyeuxm02nplf0287');
INSERT INTO metadata_display_label ( default_locale, oid, site_master, key_name) VALUES ('com.runwaysdk.system.scheduler.JobHistory to apply to the database', 't19q6a5fi152w5uuy59huq8gzoxf8vze0287', 'www.runwaysdk.com', 't19q6a5fi152w5uuy59huq8gzoxf8vze0287');
INSERT INTO md_parameter ( metadata, parameter_order, parameter_name, parameter_type, display_label, oid) VALUES ('ywgm8tmm2o17vgo9odyegghmew0necd80131', 0, 'dto', 'com.runwaysdk.system.scheduler.JobHistory', '0350osf2av3cqlm107h8qyeuxm02nplf0287', '7feooaw0ptad3tcut1gw5tth63u5gq1e0110');
INSERT INTO metadata ( description, created_by, owner, oid, create_date, seq, type, remove, site_master, locked_by, entity_domain, last_updated_by, last_update_date, key_name) VALUES ('t19q6a5fi152w5uuy59huq8gzoxf8vze0287', '000000000000000000000000000000100060', '000000000000000000000000000000100060', '7feooaw0ptad3tcut1gw5tth63u5gq1e0110', '2014-02-10 12:13:54', 4536, 'com.runwaysdk.system.metadata.MdParameter', 1, 'www.runwaysdk.com', NULL, NULL, '000000000000000000000000000000100060', '2014-02-10 12:13:54', 'com.runwaysdk.system.scheduler.JobHistoryController.update.dto');
INSERT INTO metadata_parameter ( site_master, last_updated_by, create_date, seq, locked_by, entity_domain, created_by, type, last_update_date, key_name, owner, oid, parent_oid, child_oid) VALUES ('www.runwaysdk.com', '000000000000000000000000000000100060', '2014-02-10 12:13:54', 4537, NULL, NULL, '000000000000000000000000000000100060', 'com.runwaysdk.system.MetadataParameter', '2014-02-10 12:13:54', 'com.runwaysdk.system.scheduler.JobHistoryController.update.dto', '000000000000000000000000000000100060', '09738sp4nx745vhflk0rg2u0hoet62330256', 'ywgm8tmm2o17vgo9odyegghmew0necd80131', '7feooaw0ptad3tcut1gw5tth63u5gq1e0110');
INSERT INTO metadata_display_label ( default_locale, oid, site_master, key_name) VALUES ('cancel', '25eh9n07za1sy0qs83r02w15ej9kgsab0287', 'www.runwaysdk.com', '25eh9n07za1sy0qs83r02w15ej9kgsab0287');
INSERT INTO metadata_display_label ( default_locale, oid, site_master, key_name) VALUES ('Unlocks an instance com.runwaysdk.system.scheduler.JobHistory', '06uywgc6sgwm7rzv0jcf1vs54jxr3jqs0287', 'www.runwaysdk.com', '06uywgc6sgwm7rzv0jcf1vs54jxr3jqs0287');
INSERT INTO md_action ( is_query, enclosing_md_controller, is_post, action_name, display_label, oid) VALUES (0, 'z9pkldn38zzzudm2wflc21i95spf4i470130', 1, 'cancel', '25eh9n07za1sy0qs83r02w15ej9kgsab0287', 'xju5tvfjmtz302xsca1bhvl8snalevb00131');
INSERT INTO metadata ( description, created_by, owner, oid, create_date, seq, type, remove, site_master, locked_by, entity_domain, last_updated_by, last_update_date, key_name) VALUES ('06uywgc6sgwm7rzv0jcf1vs54jxr3jqs0287', '000000000000000000000000000000100060', '000000000000000000000000000000100060', 'xju5tvfjmtz302xsca1bhvl8snalevb00131', '2014-02-10 12:13:54', 4538, 'com.runwaysdk.system.metadata.MdAction', 1, 'www.runwaysdk.com', NULL, NULL, '000000000000000000000000000000100060', '2014-02-10 12:13:54', 'com.runwaysdk.system.scheduler.JobHistoryController.cancel');
INSERT INTO controller_action ( key_name, locked_by, oid, owner, entity_domain, created_by, type, last_update_date, create_date, seq, last_updated_by, site_master, parent_oid, child_oid) VALUES ('com.runwaysdk.system.scheduler.JobHistoryController.cancel', NULL, 'scow4lwgv3x3jc05fuyn0hovrz5avllc0264', '000000000000000000000000000000100060', NULL, '000000000000000000000000000000100060', 'com.runwaysdk.system.ControllerAction', '2014-02-10 12:13:54', '2014-02-10 12:13:54', 4539, '000000000000000000000000000000100060', 'www.runwaysdk.com', 'z9pkldn38zzzudm2wflc21i95spf4i470130', 'xju5tvfjmtz302xsca1bhvl8snalevb00131');
INSERT INTO metadata_display_label ( default_locale, oid, site_master, key_name) VALUES ('Parameter: com.runwaysdk.system.scheduler.JobHistory - dto', '1tvy2rj2m2agsra61t1ifftk0zsale4h0287', 'www.runwaysdk.com', '1tvy2rj2m2agsra61t1ifftk0zsale4h0287');
INSERT INTO metadata_display_label ( default_locale, oid, site_master, key_name) VALUES ('com.runwaysdk.system.scheduler.JobHistory to unlock', '7aostofl7fm2p7bfzb8g1tdyuj9qypfo0287', 'www.runwaysdk.com', '7aostofl7fm2p7bfzb8g1tdyuj9qypfo0287');
INSERT INTO md_parameter ( metadata, parameter_order, parameter_name, parameter_type, display_label, oid) VALUES ('xju5tvfjmtz302xsca1bhvl8snalevb00131', 0, 'dto', 'com.runwaysdk.system.scheduler.JobHistory', '1tvy2rj2m2agsra61t1ifftk0zsale4h0287', 'xykjcww1i90z6ahjaqle33xezaqtvz0i0110');
INSERT INTO metadata ( description, created_by, owner, oid, create_date, seq, type, remove, site_master, locked_by, entity_domain, last_updated_by, last_update_date, key_name) VALUES ('7aostofl7fm2p7bfzb8g1tdyuj9qypfo0287', '000000000000000000000000000000100060', '000000000000000000000000000000100060', 'xykjcww1i90z6ahjaqle33xezaqtvz0i0110', '2014-02-10 12:13:54', 4540, 'com.runwaysdk.system.metadata.MdParameter', 1, 'www.runwaysdk.com', NULL, NULL, '000000000000000000000000000000100060', '2014-02-10 12:13:54', 'com.runwaysdk.system.scheduler.JobHistoryController.cancel.dto');
INSERT INTO metadata_parameter ( site_master, last_updated_by, create_date, seq, locked_by, entity_domain, created_by, type, last_update_date, key_name, owner, oid, parent_oid, child_oid) VALUES ('www.runwaysdk.com', '000000000000000000000000000000100060', '2014-02-10 12:13:54', 4541, NULL, NULL, '000000000000000000000000000000100060', 'com.runwaysdk.system.MetadataParameter', '2014-02-10 12:13:54', 'com.runwaysdk.system.scheduler.JobHistoryController.cancel.dto', '000000000000000000000000000000100060', 'z3a8q80zs6m7o4u1nc8xu00ja0w9mnzo0256', 'xju5tvfjmtz302xsca1bhvl8snalevb00131', 'xykjcww1i90z6ahjaqle33xezaqtvz0i0110');
INSERT INTO metadata_display_label ( default_locale, oid, site_master, key_name) VALUES ('delete', 'xlc67z0r46eik1w6yj9yrrgllzo6tn1g0287', 'www.runwaysdk.com', 'xlc67z0r46eik1w6yj9yrrgllzo6tn1g0287');
INSERT INTO metadata_display_label ( default_locale, oid, site_master, key_name) VALUES ('Delete an instance of com.runwaysdk.system.scheduler.JobHistory', '2a3evxm253dqp7kblww6fzq27jrtjeyh0287', 'www.runwaysdk.com', '2a3evxm253dqp7kblww6fzq27jrtjeyh0287');
INSERT INTO md_action ( is_query, enclosing_md_controller, is_post, action_name, display_label, oid) VALUES (0, 'z9pkldn38zzzudm2wflc21i95spf4i470130', 1, 'delete', 'xlc67z0r46eik1w6yj9yrrgllzo6tn1g0287', '1w3ut8jliodtq4ruk4dn9ymj5wwcpnpe0131');
INSERT INTO metadata ( description, created_by, owner, oid, create_date, seq, type, remove, site_master, locked_by, entity_domain, last_updated_by, last_update_date, key_name) VALUES ('2a3evxm253dqp7kblww6fzq27jrtjeyh0287', '000000000000000000000000000000100060', '000000000000000000000000000000100060', '1w3ut8jliodtq4ruk4dn9ymj5wwcpnpe0131', '2014-02-10 12:13:54', 4542, 'com.runwaysdk.system.metadata.MdAction', 1, 'www.runwaysdk.com', NULL, NULL, '000000000000000000000000000000100060', '2014-02-10 12:13:54', 'com.runwaysdk.system.scheduler.JobHistoryController.delete');
INSERT INTO controller_action ( key_name, locked_by, oid, owner, entity_domain, created_by, type, last_update_date, create_date, seq, last_updated_by, site_master, parent_oid, child_oid) VALUES ('com.runwaysdk.system.scheduler.JobHistoryController.delete', NULL, 'r1sa0rbnd90q8gcxbzyb60119hw7d3ti0264', '000000000000000000000000000000100060', NULL, '000000000000000000000000000000100060', 'com.runwaysdk.system.ControllerAction', '2014-02-10 12:13:54', '2014-02-10 12:13:54', 4543, '000000000000000000000000000000100060', 'www.runwaysdk.com', 'z9pkldn38zzzudm2wflc21i95spf4i470130', '1w3ut8jliodtq4ruk4dn9ymj5wwcpnpe0131');
INSERT INTO metadata_display_label ( default_locale, oid, site_master, key_name) VALUES ('Parameter: com.runwaysdk.system.scheduler.JobHistory - dto', '0dla2jyqg1b4l1xnlssx7s1nwo8kj9s30287', 'www.runwaysdk.com', '0dla2jyqg1b4l1xnlssx7s1nwo8kj9s30287');
INSERT INTO metadata_display_label ( default_locale, oid, site_master, key_name) VALUES ('com.runwaysdk.system.scheduler.JobHistory to delete', 'zhxddz41law17rbzga0rfkbapn3hdr4z0287', 'www.runwaysdk.com', 'zhxddz41law17rbzga0rfkbapn3hdr4z0287');
INSERT INTO md_parameter ( metadata, parameter_order, parameter_name, parameter_type, display_label, oid) VALUES ('1w3ut8jliodtq4ruk4dn9ymj5wwcpnpe0131', 0, 'dto', 'com.runwaysdk.system.scheduler.JobHistory', '0dla2jyqg1b4l1xnlssx7s1nwo8kj9s30287', '8dfcqelr7jg3f55i1h5gpvo4rpi8o89b0110');
INSERT INTO metadata ( description, created_by, owner, oid, create_date, seq, type, remove, site_master, locked_by, entity_domain, last_updated_by, last_update_date, key_name) VALUES ('zhxddz41law17rbzga0rfkbapn3hdr4z0287', '000000000000000000000000000000100060', '000000000000000000000000000000100060', '8dfcqelr7jg3f55i1h5gpvo4rpi8o89b0110', '2014-02-10 12:13:54', 4544, 'com.runwaysdk.system.metadata.MdParameter', 1, 'www.runwaysdk.com', NULL, NULL, '000000000000000000000000000000100060', '2014-02-10 12:13:54', 'com.runwaysdk.system.scheduler.JobHistoryController.delete.dto');
INSERT INTO metadata_parameter ( site_master, last_updated_by, create_date, seq, locked_by, entity_domain, created_by, type, last_update_date, key_name, owner, oid, parent_oid, child_oid) VALUES ('www.runwaysdk.com', '000000000000000000000000000000100060', '2014-02-10 12:13:54', 4545, NULL, NULL, '000000000000000000000000000000100060', 'com.runwaysdk.system.MetadataParameter', '2014-02-10 12:13:54', 'com.runwaysdk.system.scheduler.JobHistoryController.delete.dto', '000000000000000000000000000000100060', '236wqfdenvs5axmba8jgt81rpk0qsbpw0256', '1w3ut8jliodtq4ruk4dn9ymj5wwcpnpe0131', '8dfcqelr7jg3f55i1h5gpvo4rpi8o89b0110');
 INSERT INTO visibilitymodifier (set_id, item_id)  VALUES  ('1vaw4k1qrhvv7byu4l7ogu3t03ckufxg', '20071109NM00000000000000000000050113');
INSERT INTO metadata_display_label ( default_locale, oid, site_master, key_name) VALUES ('Entry Date', 'z897mktgvi96531xphis1i9bjcud015c0287', 'www.runwaysdk.com', 'z897mktgvi96531xphis1i9bjcud015c0287');
 INSERT INTO visibilitymodifier (set_id, item_id)  VALUES  ('qvrpkz092157qlg4mvahh3f0400zi5p9', '20071109NM00000000000000000000050113');
 INSERT INTO md_attribute_indicies (set_id, item_id)  VALUES  ('0jr67pak83q35sd6aef0odcyxivfjter', '000000000000000000000000000004010085');
INSERT INTO metadata_display_label ( default_locale, oid, site_master, key_name) VALUES ('Entry Date', 'xjm52w1ctqwm78ujwh47cq9c7bq5ze0u0287', 'www.runwaysdk.com', 'xjm52w1ctqwm78ujwh47cq9c7bq5ze0u0287');
INSERT INTO md_attribute_datetime ( default_value, oid) VALUES (NULL, '0t4l9x27b1q0azwto2mz261ni07mseag0082');
INSERT INTO md_attribute_moment ( oid) VALUES ('0t4l9x27b1q0azwto2mz261ni07mseag0082');
INSERT INTO md_attribute_primitive ( oid) VALUES ('0t4l9x27b1q0azwto2mz261ni07mseag0082');
INSERT INTO md_attribute_concrete ( column_name, defining_md_class, setter_visibility, setter_visibility_c, immutable, index_name, generate_accessor, system, required, display_label, getter_visibility, getter_visibility_c, index_type, index_type_c, attribute_name, oid) VALUES ('entry_date', '8ndv254jvk1mw1rql6a4pqz9qbqvdzl40058', '1vaw4k1qrhvv7byu4l7ogu3t03ckufxg', '20071109NM00000000000000000000050113', 0, 'a8h5jnqgba9eidxslvzqez3uyzjyjh', 1, 0, 0, 'z897mktgvi96531xphis1i9bjcud015c0287', 'qvrpkz092157qlg4mvahh3f0400zi5p9', '20071109NM00000000000000000000050113', '0jr67pak83q35sd6aef0odcyxivfjter', '000000000000000000000000000004010085', 'entryDate', '0t4l9x27b1q0azwto2mz261ni07mseag0082');
INSERT INTO md_attribute ( oid) VALUES ('0t4l9x27b1q0azwto2mz261ni07mseag0082');
INSERT INTO metadata ( description, created_by, owner, oid, create_date, seq, type, remove, site_master, locked_by, entity_domain, last_updated_by, last_update_date, key_name) VALUES ('xjm52w1ctqwm78ujwh47cq9c7bq5ze0u0287', '000000000000000000000000000000100060', '000000000000000000000000000000100060', '0t4l9x27b1q0azwto2mz261ni07mseag0082', '2014-02-10 12:13:54', 4546, 'com.runwaysdk.system.metadata.MdAttributeDateTime', 1, 'www.runwaysdk.com', NULL, NULL, '000000000000000000000000000000100060', '2014-02-10 12:13:54', 'com.runwaysdk.system.scheduler.ExecutableJob.entryDate');
ALTER TABLE executable_job ADD COLUMN entry_date  timestamp;
INSERT INTO class_attribute_concrete ( oid, parent_oid, child_oid) VALUES ('qtqxo55evvy2qvqx200zlbyirrhf46a30245', '8ndv254jvk1mw1rql6a4pqz9qbqvdzl40058', '0t4l9x27b1q0azwto2mz261ni07mseag0082');
INSERT INTO class_attribute ( oid, parent_oid, child_oid) VALUES ('qtqxo55evvy2qvqx200zlbyirrhf46a30245', '8ndv254jvk1mw1rql6a4pqz9qbqvdzl40058', '0t4l9x27b1q0azwto2mz261ni07mseag0082');
INSERT INTO metadata_relationship ( entity_domain, site_master, last_updated_by, oid, owner, locked_by, create_date, type, created_by, seq, key_name, last_update_date, parent_oid, child_oid) VALUES (NULL, 'www.runwaysdk.com', '000000000000000000000000000000100060', 'qtqxo55evvy2qvqx200zlbyirrhf46a30245', '000000000000000000000000000000100060', NULL, '2014-02-10 12:13:54', 'com.runwaysdk.system.metadata.ClassAttributeConcrete', '000000000000000000000000000000100060', 4547, 'com.runwaysdk.system.scheduler.ExecutableJob.entryDate', '2014-02-10 12:13:54', '8ndv254jvk1mw1rql6a4pqz9qbqvdzl40058', '0t4l9x27b1q0azwto2mz261ni07mseag0082');
 INSERT INTO struct_cache (set_id, item_id)  VALUES  ('zgd5ze7017h810ggojswv9x87vypqyvr', '000000000000000000000000000002310077');
INSERT INTO metadata_display_label ( default_locale, oid, site_master, key_name) VALUES ('Comment', '8twoueickspkt35lz62bokc0m05q254n0287', 'www.runwaysdk.com', '8twoueickspkt35lz62bokc0m05q254n0287');
INSERT INTO metadata_display_label ( default_locale, oid, site_master, key_name) VALUES ('User Friendly History Comment', 'rc76xmgv2879jzquqbbb0vfu4qjkgtwp0287', 'www.runwaysdk.com', 'rc76xmgv2879jzquqbbb0vfu4qjkgtwp0287');
INSERT INTO md_local_struct ( oid) VALUES ('8d1kfg7ldiaylha1aq1u3shemkhgxe2b0000000000000000000MdLocalStruct');
INSERT INTO md_struct ( cache_algorithm, cache_algorithm_c, oid) VALUES ('zgd5ze7017h810ggojswv9x87vypqyvr', '000000000000000000000000000002310077', '8d1kfg7ldiaylha1aq1u3shemkhgxe2b0000000000000000000MdLocalStruct');
INSERT INTO md_entity ( query_dto_source, query_source, cache_size, enforce_site_master, has_deterministic_ids, table_name, oid) VALUES (NULL, NULL, 0, 1, 0, 'job_history_history_comment', '8d1kfg7ldiaylha1aq1u3shemkhgxe2b0000000000000000000MdLocalStruct');
INSERT INTO md_class ( publish, stub_dto_source, stub_source, oid) VALUES (1, NULL, NULL, '8d1kfg7ldiaylha1aq1u3shemkhgxe2b0000000000000000000MdLocalStruct');
INSERT INTO md_type ( display_label, root_id, package_name, type_name, base_source, js_base, js_stub, exported, dto_source, oid) VALUES ('8twoueickspkt35lz62bokc0m05q254n0287', '8d1kfg7ldiaylha1aq1u3shemkhgxe2b', 'com.runwaysdk.system.scheduler', 'JobHistoryHistoryComment', NULL, NULL, NULL, 1, NULL, '8d1kfg7ldiaylha1aq1u3shemkhgxe2b0000000000000000000MdLocalStruct');
INSERT INTO metadata ( description, created_by, owner, oid, create_date, seq, type, remove, site_master, locked_by, entity_domain, last_updated_by, last_update_date, key_name) VALUES ('rc76xmgv2879jzquqbbb0vfu4qjkgtwp0287', '000000000000000000000000000000100060', '000000000000000000000000000000100060', '8d1kfg7ldiaylha1aq1u3shemkhgxe2b0000000000000000000MdLocalStruct', '2014-02-10 12:13:54', 4548, 'com.runwaysdk.system.metadata.MdLocalStruct', 1, 'www.runwaysdk.com', NULL, NULL, '000000000000000000000000000000100060', '2014-02-10 12:13:54', 'com.runwaysdk.system.scheduler.JobHistoryHistoryComment');
CREATE TABLE job_history_history_comment ( oid CHAR(64) NOT NULL PRIMARY KEY );
 INSERT INTO visibilitymodifier (set_id, item_id)  VALUES  ('srg3ubgvf5usv7ty2zjnrbdvjpr5hcy0', '20071109NM00000000000000000000050113');
INSERT INTO metadata_display_label ( default_locale, oid, site_master, key_name) VALUES ('ID', '1zg8gmxljikzgpuljgc30dnudfd7g5wv0287', 'www.runwaysdk.com', '1zg8gmxljikzgpuljgc30dnudfd7g5wv0287');
 INSERT INTO visibilitymodifier (set_id, item_id)  VALUES  ('xy3fxhbdpdawz2tyln3mow7b3zd2dmnj', '20071109NM00000000000000000000050113');
 INSERT INTO md_attribute_indicies (set_id, item_id)  VALUES  ('6smigav1tp8fsqt799eokohpy5cztgw0', '000000000000000000000000000004090085');
INSERT INTO metadata_display_label ( default_locale, oid, site_master, key_name) VALUES ('ID of this object', '0ln1uq8626pe2dc3c7oedr7gab3rmcyu0287', 'www.runwaysdk.com', '0ln1uq8626pe2dc3c7oedr7gab3rmcyu0287');
INSERT INTO md_attribute_character ( default_value, database_size, oid) VALUES (NULL, 64, '21maxir11z49qzny49vkherutvrk7xa70067');
INSERT INTO md_attribute_char ( oid) VALUES ('21maxir11z49qzny49vkherutvrk7xa70067');
INSERT INTO md_attribute_primitive ( oid) VALUES ('21maxir11z49qzny49vkherutvrk7xa70067');
INSERT INTO md_attribute_concrete ( column_name, defining_md_class, setter_visibility, setter_visibility_c, immutable, index_name, generate_accessor, system, required, display_label, getter_visibility, getter_visibility_c, index_type, index_type_c, attribute_name, oid) VALUES ('oid', '8d1kfg7ldiaylha1aq1u3shemkhgxe2b0000000000000000000MdLocalStruct', 'srg3ubgvf5usv7ty2zjnrbdvjpr5hcy0', '20071109NM00000000000000000000050113', 0, 'an74iyts69je0bluek3ofadkenuv1b', 1, 1, 1, '1zg8gmxljikzgpuljgc30dnudfd7g5wv0287', 'xy3fxhbdpdawz2tyln3mow7b3zd2dmnj', '20071109NM00000000000000000000050113', '6smigav1tp8fsqt799eokohpy5cztgw0', '000000000000000000000000000004090085', 'oid', '21maxir11z49qzny49vkherutvrk7xa70067');
INSERT INTO md_attribute ( oid) VALUES ('21maxir11z49qzny49vkherutvrk7xa70067');
INSERT INTO metadata ( description, created_by, owner, oid, create_date, seq, type, remove, site_master, locked_by, entity_domain, last_updated_by, last_update_date, key_name) VALUES ('0ln1uq8626pe2dc3c7oedr7gab3rmcyu0287', '000000000000000000000000000000100060', '000000000000000000000000000000100060', '21maxir11z49qzny49vkherutvrk7xa70067', '2014-02-10 12:13:54', 4549, 'com.runwaysdk.system.metadata.MdAttributeCharacter', 0, 'www.runwaysdk.com', NULL, NULL, '000000000000000000000000000000100060', '2014-02-10 12:13:54', 'com.runwaysdk.system.scheduler.JobHistoryHistoryComment.oid');
INSERT INTO class_attribute_concrete ( oid, parent_oid, child_oid) VALUES ('qx1izdk7cod9kmgpy6os318a1in2poth0245', '8d1kfg7ldiaylha1aq1u3shemkhgxe2b0000000000000000000MdLocalStruct', '21maxir11z49qzny49vkherutvrk7xa70067');
INSERT INTO class_attribute ( oid, parent_oid, child_oid) VALUES ('qx1izdk7cod9kmgpy6os318a1in2poth0245', '8d1kfg7ldiaylha1aq1u3shemkhgxe2b0000000000000000000MdLocalStruct', '21maxir11z49qzny49vkherutvrk7xa70067');
INSERT INTO metadata_relationship ( entity_domain, site_master, last_updated_by, oid, owner, locked_by, create_date, type, created_by, seq, key_name, last_update_date, parent_oid, child_oid) VALUES (NULL, 'www.runwaysdk.com', '000000000000000000000000000000100060', 'qx1izdk7cod9kmgpy6os318a1in2poth0245', '000000000000000000000000000000100060', NULL, '2014-02-10 12:13:54', 'com.runwaysdk.system.metadata.ClassAttributeConcrete', '000000000000000000000000000000100060', 4550, 'com.runwaysdk.system.scheduler.JobHistoryHistoryComment.oid', '2014-02-10 12:13:54', '8d1kfg7ldiaylha1aq1u3shemkhgxe2b0000000000000000000MdLocalStruct', '21maxir11z49qzny49vkherutvrk7xa70067');
 INSERT INTO visibilitymodifier (set_id, item_id)  VALUES  ('xyjmpzhqhwvfgo52qqhezlmec5wqfbly', '20071109NM00000000000000000000050113');
INSERT INTO metadata_display_label ( default_locale, oid, site_master, key_name) VALUES ('Site Master', '0j1t4zr7ozzxmlywtc83hzpnw9ucc7vo0287', 'www.runwaysdk.com', '0j1t4zr7ozzxmlywtc83hzpnw9ucc7vo0287');
 INSERT INTO visibilitymodifier (set_id, item_id)  VALUES  ('z6xmrdqegle325bz8744xu9itckst6v5', '20071109NM00000000000000000000050113');
 INSERT INTO md_attribute_indicies (set_id, item_id)  VALUES  ('23lh00m7y8yr5t75n7en6suh5daeo5bq', '000000000000000000000000000004010085');
INSERT INTO metadata_display_label ( default_locale, oid, site_master, key_name) VALUES ('The name of the site responsible for this object', 'qy5rnnsnkhgf5bedn25a08m2cxgs3rdm0287', 'www.runwaysdk.com', 'qy5rnnsnkhgf5bedn25a08m2cxgs3rdm0287');
INSERT INTO md_attribute_character ( default_value, database_size, oid) VALUES (NULL, 255, '8gbraozud2p9vnkm59t1p8z5rkksc6te0067');
INSERT INTO md_attribute_char ( oid) VALUES ('8gbraozud2p9vnkm59t1p8z5rkksc6te0067');
INSERT INTO md_attribute_primitive ( oid) VALUES ('8gbraozud2p9vnkm59t1p8z5rkksc6te0067');
INSERT INTO md_attribute_concrete ( column_name, defining_md_class, setter_visibility, setter_visibility_c, immutable, index_name, generate_accessor, system, required, display_label, getter_visibility, getter_visibility_c, index_type, index_type_c, attribute_name, oid) VALUES ('site_master', '8d1kfg7ldiaylha1aq1u3shemkhgxe2b0000000000000000000MdLocalStruct', 'xyjmpzhqhwvfgo52qqhezlmec5wqfbly', '20071109NM00000000000000000000050113', 1, 'aljrkhsi0tm9gz40vpk9vrubne9ja3', 1, 1, 1, '0j1t4zr7ozzxmlywtc83hzpnw9ucc7vo0287', 'z6xmrdqegle325bz8744xu9itckst6v5', '20071109NM00000000000000000000050113', '23lh00m7y8yr5t75n7en6suh5daeo5bq', '000000000000000000000000000004010085', 'siteMaster', '8gbraozud2p9vnkm59t1p8z5rkksc6te0067');
INSERT INTO md_attribute ( oid) VALUES ('8gbraozud2p9vnkm59t1p8z5rkksc6te0067');
INSERT INTO metadata ( description, created_by, owner, oid, create_date, seq, type, remove, site_master, locked_by, entity_domain, last_updated_by, last_update_date, key_name) VALUES ('qy5rnnsnkhgf5bedn25a08m2cxgs3rdm0287', '000000000000000000000000000000100060', '000000000000000000000000000000100060', '8gbraozud2p9vnkm59t1p8z5rkksc6te0067', '2014-02-10 12:13:54', 4551, 'com.runwaysdk.system.metadata.MdAttributeCharacter', 0, 'www.runwaysdk.com', NULL, NULL, '000000000000000000000000000000100060', '2014-02-10 12:13:54', 'com.runwaysdk.system.scheduler.JobHistoryHistoryComment.siteMaster');
ALTER TABLE job_history_history_comment ADD COLUMN site_master  varchar(255);
INSERT INTO class_attribute_concrete ( oid, parent_oid, child_oid) VALUES ('r974vdo3i3oynnl0u888u19349jyp5kh0245', '8d1kfg7ldiaylha1aq1u3shemkhgxe2b0000000000000000000MdLocalStruct', '8gbraozud2p9vnkm59t1p8z5rkksc6te0067');
INSERT INTO class_attribute ( oid, parent_oid, child_oid) VALUES ('r974vdo3i3oynnl0u888u19349jyp5kh0245', '8d1kfg7ldiaylha1aq1u3shemkhgxe2b0000000000000000000MdLocalStruct', '8gbraozud2p9vnkm59t1p8z5rkksc6te0067');
INSERT INTO metadata_relationship ( entity_domain, site_master, last_updated_by, oid, owner, locked_by, create_date, type, created_by, seq, key_name, last_update_date, parent_oid, child_oid) VALUES (NULL, 'www.runwaysdk.com', '000000000000000000000000000000100060', 'r974vdo3i3oynnl0u888u19349jyp5kh0245', '000000000000000000000000000000100060', NULL, '2014-02-10 12:13:54', 'com.runwaysdk.system.metadata.ClassAttributeConcrete', '000000000000000000000000000000100060', 4552, 'com.runwaysdk.system.scheduler.JobHistoryHistoryComment.siteMaster', '2014-02-10 12:13:54', '8d1kfg7ldiaylha1aq1u3shemkhgxe2b0000000000000000000MdLocalStruct', '8gbraozud2p9vnkm59t1p8z5rkksc6te0067');
 INSERT INTO visibilitymodifier (set_id, item_id)  VALUES  ('1r2vu1nk6g5432n6fzsug4zpo4mn4amo', '20071109NM00000000000000000000050113');
INSERT INTO metadata_display_label ( default_locale, oid, site_master, key_name) VALUES ('Key Name', 'swh7y65nmpizvt9t9iq7ulfb2l8retwr0287', 'www.runwaysdk.com', 'swh7y65nmpizvt9t9iq7ulfb2l8retwr0287');
 INSERT INTO visibilitymodifier (set_id, item_id)  VALUES  ('7bme8e4ion99z4hotklevhktmcwiiers', '20071109NM00000000000000000000050113');
 INSERT INTO md_attribute_indicies (set_id, item_id)  VALUES  ('8xx89a6njkbye8ucqh9v25ywof5gpnev', '000000000000000000000000000004090085');
INSERT INTO metadata_display_label ( default_locale, oid, site_master, key_name) VALUES ('Key which uniquely identifies each instance of this type heirarchy.', 'ywowbngrgo9u1lkgqi15qre9edwq8skx0287', 'www.runwaysdk.com', 'ywowbngrgo9u1lkgqi15qre9edwq8skx0287');
INSERT INTO md_attribute_character ( default_value, database_size, oid) VALUES (NULL, 255, '91yplljj4tqs825r26p94jord3ucj2vt0067');
INSERT INTO md_attribute_char ( oid) VALUES ('91yplljj4tqs825r26p94jord3ucj2vt0067');
INSERT INTO md_attribute_primitive ( oid) VALUES ('91yplljj4tqs825r26p94jord3ucj2vt0067');
INSERT INTO md_attribute_concrete ( column_name, defining_md_class, setter_visibility, setter_visibility_c, immutable, index_name, generate_accessor, system, required, display_label, getter_visibility, getter_visibility_c, index_type, index_type_c, attribute_name, oid) VALUES ('key_name', '8d1kfg7ldiaylha1aq1u3shemkhgxe2b0000000000000000000MdLocalStruct', '1r2vu1nk6g5432n6fzsug4zpo4mn4amo', '20071109NM00000000000000000000050113', 0, 'acakopghvgd4aujgszeimbmbt8m68w', 1, 0, 1, 'swh7y65nmpizvt9t9iq7ulfb2l8retwr0287', '7bme8e4ion99z4hotklevhktmcwiiers', '20071109NM00000000000000000000050113', '8xx89a6njkbye8ucqh9v25ywof5gpnev', '000000000000000000000000000004090085', 'keyName', '91yplljj4tqs825r26p94jord3ucj2vt0067');
INSERT INTO md_attribute ( oid) VALUES ('91yplljj4tqs825r26p94jord3ucj2vt0067');
INSERT INTO metadata ( description, created_by, owner, oid, create_date, seq, type, remove, site_master, locked_by, entity_domain, last_updated_by, last_update_date, key_name) VALUES ('ywowbngrgo9u1lkgqi15qre9edwq8skx0287', '000000000000000000000000000000100060', '000000000000000000000000000000100060', '91yplljj4tqs825r26p94jord3ucj2vt0067', '2014-02-10 12:13:54', 4553, 'com.runwaysdk.system.metadata.MdAttributeCharacter', 1, 'www.runwaysdk.com', NULL, NULL, '000000000000000000000000000000100060', '2014-02-10 12:13:54', 'com.runwaysdk.system.scheduler.JobHistoryHistoryComment.keyName');
ALTER TABLE job_history_history_comment ADD COLUMN key_name  varchar(255);
INSERT INTO class_attribute_concrete ( oid, parent_oid, child_oid) VALUES ('snidlocv8j58apwvuna2ygfv1rl8p5cg0245', '8d1kfg7ldiaylha1aq1u3shemkhgxe2b0000000000000000000MdLocalStruct', '91yplljj4tqs825r26p94jord3ucj2vt0067');
INSERT INTO class_attribute ( oid, parent_oid, child_oid) VALUES ('snidlocv8j58apwvuna2ygfv1rl8p5cg0245', '8d1kfg7ldiaylha1aq1u3shemkhgxe2b0000000000000000000MdLocalStruct', '91yplljj4tqs825r26p94jord3ucj2vt0067');
INSERT INTO metadata_relationship ( entity_domain, site_master, last_updated_by, oid, owner, locked_by, create_date, type, created_by, seq, key_name, last_update_date, parent_oid, child_oid) VALUES (NULL, 'www.runwaysdk.com', '000000000000000000000000000000100060', 'snidlocv8j58apwvuna2ygfv1rl8p5cg0245', '000000000000000000000000000000100060', NULL, '2014-02-10 12:13:54', 'com.runwaysdk.system.metadata.ClassAttributeConcrete', '000000000000000000000000000000100060', 4554, 'com.runwaysdk.system.scheduler.JobHistoryHistoryComment.keyName', '2014-02-10 12:13:54', '8d1kfg7ldiaylha1aq1u3shemkhgxe2b0000000000000000000MdLocalStruct', '91yplljj4tqs825r26p94jord3ucj2vt0067');
CREATE UNIQUE INDEX acakopghvgd4aujgszeimbmbt8m68w ON job_history_history_comment (key_name);
INSERT INTO metadata_display_label ( default_locale, oid, site_master, key_name) VALUES (NULL, 'xma8l1cdc4f3a7s8l6k9414z28sein9j0287', 'www.runwaysdk.com', 'xma8l1cdc4f3a7s8l6k9414z28sein9j0287');
INSERT INTO metadata_display_label ( default_locale, oid, site_master, key_name) VALUES (NULL, '6o9v11s1zb6zq8dbb9q9uzc8ovy66c980287', 'www.runwaysdk.com', '6o9v11s1zb6zq8dbb9q9uzc8ovy66c980287');
INSERT INTO md_controller ( stub_source, oid) VALUES (NULL, 'r8oullz0qxvwv8gnjil9n1l6kfpgk36d0130');
INSERT INTO md_type ( display_label, root_id, package_name, type_name, base_source, js_base, js_stub, exported, dto_source, oid) VALUES ('xma8l1cdc4f3a7s8l6k9414z28sein9j0287', 'r8oullz0qxvwv8gnjil9n1l6kfpgk36d', 'com.runwaysdk.system.scheduler', 'JobHistoryHistoryCommentController', NULL, NULL, NULL, 1, NULL, 'r8oullz0qxvwv8gnjil9n1l6kfpgk36d0130');
INSERT INTO metadata ( description, created_by, owner, oid, create_date, seq, type, remove, site_master, locked_by, entity_domain, last_updated_by, last_update_date, key_name) VALUES ('6o9v11s1zb6zq8dbb9q9uzc8ovy66c980287', '000000000000000000000000000000100060', '000000000000000000000000000000100060', 'r8oullz0qxvwv8gnjil9n1l6kfpgk36d0130', '2014-02-10 12:13:54', 4555, 'com.runwaysdk.system.metadata.MdController', 1, 'www.runwaysdk.com', NULL, NULL, '000000000000000000000000000000100060', '2014-02-10 12:13:54', 'com.runwaysdk.system.scheduler.JobHistoryHistoryCommentController');
INSERT INTO metadata_display_label ( default_locale, oid, site_master, key_name) VALUES ('View Page', '02f99wypc73s7wrxogdw8dk3adijykll0287', 'www.runwaysdk.com', '02f99wypc73s7wrxogdw8dk3adijykll0287');
INSERT INTO metadata_display_label ( default_locale, oid, site_master, key_name) VALUES ('Loads a ViewAll query for a specific page into the request object', '09cnibrrsoe0apykcy44mg1gn5qrtbvk0287', 'www.runwaysdk.com', '09cnibrrsoe0apykcy44mg1gn5qrtbvk0287');
INSERT INTO md_action ( is_query, enclosing_md_controller, is_post, action_name, display_label, oid) VALUES (1, 'r8oullz0qxvwv8gnjil9n1l6kfpgk36d0130', 0, 'viewPage', '02f99wypc73s7wrxogdw8dk3adijykll0287', 'sja8kvaszjder3qh46va57n84v64tf7x0131');
INSERT INTO metadata ( description, created_by, owner, oid, create_date, seq, type, remove, site_master, locked_by, entity_domain, last_updated_by, last_update_date, key_name) VALUES ('09cnibrrsoe0apykcy44mg1gn5qrtbvk0287', '000000000000000000000000000000100060', '000000000000000000000000000000100060', 'sja8kvaszjder3qh46va57n84v64tf7x0131', '2014-02-10 12:13:54', 4556, 'com.runwaysdk.system.metadata.MdAction', 1, 'www.runwaysdk.com', NULL, NULL, '000000000000000000000000000000100060', '2014-02-10 12:13:54', 'com.runwaysdk.system.scheduler.JobHistoryHistoryCommentController.viewPage');
INSERT INTO controller_action ( key_name, locked_by, oid, owner, entity_domain, created_by, type, last_update_date, create_date, seq, last_updated_by, site_master, parent_oid, child_oid) VALUES ('com.runwaysdk.system.scheduler.JobHistoryHistoryCommentController.viewPage', NULL, 'yxakfwjmf15wyr547wznpjkqfrg67hht0264', '000000000000000000000000000000100060', NULL, '000000000000000000000000000000100060', 'com.runwaysdk.system.ControllerAction', '2014-02-10 12:13:54', '2014-02-10 12:13:54', 4557, '000000000000000000000000000000100060', 'www.runwaysdk.com', 'r8oullz0qxvwv8gnjil9n1l6kfpgk36d0130', 'sja8kvaszjder3qh46va57n84v64tf7x0131');
INSERT INTO metadata_display_label ( default_locale, oid, site_master, key_name) VALUES ('Sort Attribute', '05i2fjjfbesy7rdm7023g4930iat7xho0287', 'www.runwaysdk.com', '05i2fjjfbesy7rdm7023g4930iat7xho0287');
INSERT INTO metadata_display_label ( default_locale, oid, site_master, key_name) VALUES (NULL, '777175w4t3m51880ewv1coug6eob2wva0287', 'www.runwaysdk.com', '777175w4t3m51880ewv1coug6eob2wva0287');
INSERT INTO md_parameter ( metadata, parameter_order, parameter_name, parameter_type, display_label, oid) VALUES ('sja8kvaszjder3qh46va57n84v64tf7x0131', -4, 'sortAttribute', 'java.lang.String', '05i2fjjfbesy7rdm7023g4930iat7xho0287', '25wxle56ljy2yszvcqsv1r9g7o8csb650110');
INSERT INTO metadata ( description, created_by, owner, oid, create_date, seq, type, remove, site_master, locked_by, entity_domain, last_updated_by, last_update_date, key_name) VALUES ('777175w4t3m51880ewv1coug6eob2wva0287', '000000000000000000000000000000100060', '000000000000000000000000000000100060', '25wxle56ljy2yszvcqsv1r9g7o8csb650110', '2014-02-10 12:13:54', 4558, 'com.runwaysdk.system.metadata.MdParameter', 1, 'www.runwaysdk.com', NULL, NULL, '000000000000000000000000000000100060', '2014-02-10 12:13:54', 'com.runwaysdk.system.scheduler.JobHistoryHistoryCommentController.viewPage.sortAttribute');
INSERT INTO metadata_parameter ( site_master, last_updated_by, create_date, seq, locked_by, entity_domain, created_by, type, last_update_date, key_name, owner, oid, parent_oid, child_oid) VALUES ('www.runwaysdk.com', '000000000000000000000000000000100060', '2014-02-10 12:13:54', 4559, NULL, NULL, '000000000000000000000000000000100060', 'com.runwaysdk.system.MetadataParameter', '2014-02-10 12:13:54', 'com.runwaysdk.system.scheduler.JobHistoryHistoryCommentController.viewPage.sortAttribute', '000000000000000000000000000000100060', 't05qadpoedp1m8uv9qmy9i1fe85pxrq20256', 'sja8kvaszjder3qh46va57n84v64tf7x0131', '25wxle56ljy2yszvcqsv1r9g7o8csb650110');
INSERT INTO metadata_display_label ( default_locale, oid, site_master, key_name) VALUES ('Is Ascending', 'sd0zg0xadgvrl10p115ev6eoz1eh670j0287', 'www.runwaysdk.com', 'sd0zg0xadgvrl10p115ev6eoz1eh670j0287');
INSERT INTO metadata_display_label ( default_locale, oid, site_master, key_name) VALUES (NULL, '04path3i1a1vw8jydx1swn364gpggrph0287', 'www.runwaysdk.com', '04path3i1a1vw8jydx1swn364gpggrph0287');
INSERT INTO md_parameter ( metadata, parameter_order, parameter_name, parameter_type, display_label, oid) VALUES ('sja8kvaszjder3qh46va57n84v64tf7x0131', -3, 'isAscending', 'java.lang.Boolean', 'sd0zg0xadgvrl10p115ev6eoz1eh670j0287', '72ytncy8p8ecpdraedehk09v7yniyz2n0110');
INSERT INTO metadata ( description, created_by, owner, oid, create_date, seq, type, remove, site_master, locked_by, entity_domain, last_updated_by, last_update_date, key_name) VALUES ('04path3i1a1vw8jydx1swn364gpggrph0287', '000000000000000000000000000000100060', '000000000000000000000000000000100060', '72ytncy8p8ecpdraedehk09v7yniyz2n0110', '2014-02-10 12:13:54', 4560, 'com.runwaysdk.system.metadata.MdParameter', 1, 'www.runwaysdk.com', NULL, NULL, '000000000000000000000000000000100060', '2014-02-10 12:13:54', 'com.runwaysdk.system.scheduler.JobHistoryHistoryCommentController.viewPage.isAscending');
INSERT INTO metadata_parameter ( site_master, last_updated_by, create_date, seq, locked_by, entity_domain, created_by, type, last_update_date, key_name, owner, oid, parent_oid, child_oid) VALUES ('www.runwaysdk.com', '000000000000000000000000000000100060', '2014-02-10 12:13:54', 4561, NULL, NULL, '000000000000000000000000000000100060', 'com.runwaysdk.system.MetadataParameter', '2014-02-10 12:13:54', 'com.runwaysdk.system.scheduler.JobHistoryHistoryCommentController.viewPage.isAscending', '000000000000000000000000000000100060', 'ywc409gsxzkddt94t2g9yqlh62uc4auf0256', 'sja8kvaszjder3qh46va57n84v64tf7x0131', '72ytncy8p8ecpdraedehk09v7yniyz2n0110');
INSERT INTO metadata_display_label ( default_locale, oid, site_master, key_name) VALUES ('Page Size', '8z8whcnv9lqgs8d0nx4gkxicit116v900287', 'www.runwaysdk.com', '8z8whcnv9lqgs8d0nx4gkxicit116v900287');
INSERT INTO metadata_display_label ( default_locale, oid, site_master, key_name) VALUES (NULL, '7cyj4mdlso2eh730zt9vgq20huum6tqi0287', 'www.runwaysdk.com', '7cyj4mdlso2eh730zt9vgq20huum6tqi0287');
INSERT INTO md_parameter ( metadata, parameter_order, parameter_name, parameter_type, display_label, oid) VALUES ('sja8kvaszjder3qh46va57n84v64tf7x0131', -2, 'pageSize', 'java.lang.Integer', '8z8whcnv9lqgs8d0nx4gkxicit116v900287', '8t2uqo674p6r1ctjq5vy8s0vh6gidmbk0110');
INSERT INTO metadata ( description, created_by, owner, oid, create_date, seq, type, remove, site_master, locked_by, entity_domain, last_updated_by, last_update_date, key_name) VALUES ('7cyj4mdlso2eh730zt9vgq20huum6tqi0287', '000000000000000000000000000000100060', '000000000000000000000000000000100060', '8t2uqo674p6r1ctjq5vy8s0vh6gidmbk0110', '2014-02-10 12:13:54', 4562, 'com.runwaysdk.system.metadata.MdParameter', 1, 'www.runwaysdk.com', NULL, NULL, '000000000000000000000000000000100060', '2014-02-10 12:13:54', 'com.runwaysdk.system.scheduler.JobHistoryHistoryCommentController.viewPage.pageSize');
INSERT INTO metadata_parameter ( site_master, last_updated_by, create_date, seq, locked_by, entity_domain, created_by, type, last_update_date, key_name, owner, oid, parent_oid, child_oid) VALUES ('www.runwaysdk.com', '000000000000000000000000000000100060', '2014-02-10 12:13:54', 4563, NULL, NULL, '000000000000000000000000000000100060', 'com.runwaysdk.system.MetadataParameter', '2014-02-10 12:13:54', 'com.runwaysdk.system.scheduler.JobHistoryHistoryCommentController.viewPage.pageSize', '000000000000000000000000000000100060', '6ydsmuhwcpeaoqspidm39rex9ar2wa4c0256', 'sja8kvaszjder3qh46va57n84v64tf7x0131', '8t2uqo674p6r1ctjq5vy8s0vh6gidmbk0110');
INSERT INTO metadata_display_label ( default_locale, oid, site_master, key_name) VALUES ('Page Number', '7aaszzfz960a9nl5zjbpbxtieumg36cn0287', 'www.runwaysdk.com', '7aaszzfz960a9nl5zjbpbxtieumg36cn0287');
INSERT INTO metadata_display_label ( default_locale, oid, site_master, key_name) VALUES (NULL, '2grdw2zfvqcrhh21hooo62vkny3f85v80287', 'www.runwaysdk.com', '2grdw2zfvqcrhh21hooo62vkny3f85v80287');
INSERT INTO md_parameter ( metadata, parameter_order, parameter_name, parameter_type, display_label, oid) VALUES ('sja8kvaszjder3qh46va57n84v64tf7x0131', -1, 'pageNumber', 'java.lang.Integer', '7aaszzfz960a9nl5zjbpbxtieumg36cn0287', 'xt7q7luixdsmr6p8cgmflirkliy53s6g0110');
INSERT INTO metadata ( description, created_by, owner, oid, create_date, seq, type, remove, site_master, locked_by, entity_domain, last_updated_by, last_update_date, key_name) VALUES ('2grdw2zfvqcrhh21hooo62vkny3f85v80287', '000000000000000000000000000000100060', '000000000000000000000000000000100060', 'xt7q7luixdsmr6p8cgmflirkliy53s6g0110', '2014-02-10 12:13:54', 4564, 'com.runwaysdk.system.metadata.MdParameter', 1, 'www.runwaysdk.com', NULL, NULL, '000000000000000000000000000000100060', '2014-02-10 12:13:54', 'com.runwaysdk.system.scheduler.JobHistoryHistoryCommentController.viewPage.pageNumber');
INSERT INTO metadata_parameter ( site_master, last_updated_by, create_date, seq, locked_by, entity_domain, created_by, type, last_update_date, key_name, owner, oid, parent_oid, child_oid) VALUES ('www.runwaysdk.com', '000000000000000000000000000000100060', '2014-02-10 12:13:54', 4565, NULL, NULL, '000000000000000000000000000000100060', 'com.runwaysdk.system.MetadataParameter', '2014-02-10 12:13:54', 'com.runwaysdk.system.scheduler.JobHistoryHistoryCommentController.viewPage.pageNumber', '000000000000000000000000000000100060', 'zbvlweu7el2cxcpu86bqvk9hnng42lta0256', 'sja8kvaszjder3qh46va57n84v64tf7x0131', 'xt7q7luixdsmr6p8cgmflirkliy53s6g0110');
INSERT INTO metadata_display_label ( default_locale, oid, site_master, key_name) VALUES ('View All', 'r1vxbsohxfwfqu916fpuoma1junq393v0287', 'www.runwaysdk.com', 'r1vxbsohxfwfqu916fpuoma1junq393v0287');
INSERT INTO metadata_display_label ( default_locale, oid, site_master, key_name) VALUES ('Loads a ViewAll query with the default settings', 'z13os0w7c6uus5o8dqey13tm9ax4q81y0287', 'www.runwaysdk.com', 'z13os0w7c6uus5o8dqey13tm9ax4q81y0287');
INSERT INTO md_action ( is_query, enclosing_md_controller, is_post, action_name, display_label, oid) VALUES (0, 'r8oullz0qxvwv8gnjil9n1l6kfpgk36d0130', 0, 'viewAll', 'r1vxbsohxfwfqu916fpuoma1junq393v0287', '6u9aflsofgcp09dgtmf4i10nn173k3tn0131');
INSERT INTO metadata ( description, created_by, owner, oid, create_date, seq, type, remove, site_master, locked_by, entity_domain, last_updated_by, last_update_date, key_name) VALUES ('z13os0w7c6uus5o8dqey13tm9ax4q81y0287', '000000000000000000000000000000100060', '000000000000000000000000000000100060', '6u9aflsofgcp09dgtmf4i10nn173k3tn0131', '2014-02-10 12:13:54', 4566, 'com.runwaysdk.system.metadata.MdAction', 1, 'www.runwaysdk.com', NULL, NULL, '000000000000000000000000000000100060', '2014-02-10 12:13:54', 'com.runwaysdk.system.scheduler.JobHistoryHistoryCommentController.viewAll');
INSERT INTO controller_action ( key_name, locked_by, oid, owner, entity_domain, created_by, type, last_update_date, create_date, seq, last_updated_by, site_master, parent_oid, child_oid) VALUES ('com.runwaysdk.system.scheduler.JobHistoryHistoryCommentController.viewAll', NULL, 'qlnsal0znpa2qnzf2gjna0490nu1pw1s0264', '000000000000000000000000000000100060', NULL, '000000000000000000000000000000100060', 'com.runwaysdk.system.ControllerAction', '2014-02-10 12:13:54', '2014-02-10 12:13:54', 4567, '000000000000000000000000000000100060', 'www.runwaysdk.com', 'r8oullz0qxvwv8gnjil9n1l6kfpgk36d0130', '6u9aflsofgcp09dgtmf4i10nn173k3tn0131');
INSERT INTO metadata_display_label ( default_locale, oid, site_master, key_name) VALUES ('View', '0p2oe6hr4lrq6xtnspvpk1wsje3two050287', 'www.runwaysdk.com', '0p2oe6hr4lrq6xtnspvpk1wsje3two050287');
INSERT INTO metadata_display_label ( default_locale, oid, site_master, key_name) VALUES ('View an existing instance of com.runwaysdk.system.scheduler.JobHistoryHistoryComment', '6n9e8edps2dqb1k60j1pyuqkf93fg9450287', 'www.runwaysdk.com', '6n9e8edps2dqb1k60j1pyuqkf93fg9450287');
INSERT INTO md_action ( is_query, enclosing_md_controller, is_post, action_name, display_label, oid) VALUES (0, 'r8oullz0qxvwv8gnjil9n1l6kfpgk36d0130', 0, 'view', '0p2oe6hr4lrq6xtnspvpk1wsje3two050287', '0rnep995cuorbhvqnc4fgjfca5gqqjjg0131');
INSERT INTO metadata ( description, created_by, owner, oid, create_date, seq, type, remove, site_master, locked_by, entity_domain, last_updated_by, last_update_date, key_name) VALUES ('6n9e8edps2dqb1k60j1pyuqkf93fg9450287', '000000000000000000000000000000100060', '000000000000000000000000000000100060', '0rnep995cuorbhvqnc4fgjfca5gqqjjg0131', '2014-02-10 12:13:54', 4568, 'com.runwaysdk.system.metadata.MdAction', 1, 'www.runwaysdk.com', NULL, NULL, '000000000000000000000000000000100060', '2014-02-10 12:13:54', 'com.runwaysdk.system.scheduler.JobHistoryHistoryCommentController.view');
INSERT INTO controller_action ( key_name, locked_by, oid, owner, entity_domain, created_by, type, last_update_date, create_date, seq, last_updated_by, site_master, parent_oid, child_oid) VALUES ('com.runwaysdk.system.scheduler.JobHistoryHistoryCommentController.view', NULL, 'skkvi8k50ejx429r7fj0onssjqwcjak00264', '000000000000000000000000000000100060', NULL, '000000000000000000000000000000100060', 'com.runwaysdk.system.ControllerAction', '2014-02-10 12:13:54', '2014-02-10 12:13:54', 4569, '000000000000000000000000000000100060', 'www.runwaysdk.com', 'r8oullz0qxvwv8gnjil9n1l6kfpgk36d0130', '0rnep995cuorbhvqnc4fgjfca5gqqjjg0131');
INSERT INTO metadata_display_label ( default_locale, oid, site_master, key_name) VALUES ('Parameter: com.runwaysdk.system.scheduler.JobHistoryHistoryComment - oid', 'y0zgfo9pom2njn98i5f1c8xd3ryrvuty0287', 'www.runwaysdk.com', 'y0zgfo9pom2njn98i5f1c8xd3ryrvuty0287');
INSERT INTO metadata_display_label ( default_locale, oid, site_master, key_name) VALUES ('Id of com.runwaysdk.system.scheduler.JobHistoryHistoryComment to view.', '0h7f70z6lt87ivz8xu0pchvrcjf63sae0287', 'www.runwaysdk.com', '0h7f70z6lt87ivz8xu0pchvrcjf63sae0287');
INSERT INTO md_parameter ( metadata, parameter_order, parameter_name, parameter_type, display_label, oid) VALUES ('0rnep995cuorbhvqnc4fgjfca5gqqjjg0131', 0, 'oid', 'java.lang.String', 'y0zgfo9pom2njn98i5f1c8xd3ryrvuty0287', '7bwbthxd66jw978h0ux678wklk22zrr00110');
INSERT INTO metadata ( description, created_by, owner, oid, create_date, seq, type, remove, site_master, locked_by, entity_domain, last_updated_by, last_update_date, key_name) VALUES ('0h7f70z6lt87ivz8xu0pchvrcjf63sae0287', '000000000000000000000000000000100060', '000000000000000000000000000000100060', '7bwbthxd66jw978h0ux678wklk22zrr00110', '2014-02-10 12:13:54', 4570, 'com.runwaysdk.system.metadata.MdParameter', 1, 'www.runwaysdk.com', NULL, NULL, '000000000000000000000000000000100060', '2014-02-10 12:13:54', 'com.runwaysdk.system.scheduler.JobHistoryHistoryCommentController.view.oid');
INSERT INTO metadata_parameter ( site_master, last_updated_by, create_date, seq, locked_by, entity_domain, created_by, type, last_update_date, key_name, owner, oid, parent_oid, child_oid) VALUES ('www.runwaysdk.com', '000000000000000000000000000000100060', '2014-02-10 12:13:54', 4571, NULL, NULL, '000000000000000000000000000000100060', 'com.runwaysdk.system.MetadataParameter', '2014-02-10 12:13:54', 'com.runwaysdk.system.scheduler.JobHistoryHistoryCommentController.view.oid', '000000000000000000000000000000100060', '8ryqa3k76588603y3fnivz9p9vn8qzbp0256', '0rnep995cuorbhvqnc4fgjfca5gqqjjg0131', '7bwbthxd66jw978h0ux678wklk22zrr00110');
INSERT INTO metadata_display_label ( default_locale, oid, site_master, key_name) VALUES ('New Instance', '924kejyroot12ewonme1bf8mrue3tuzl0287', 'www.runwaysdk.com', '924kejyroot12ewonme1bf8mrue3tuzl0287');
INSERT INTO metadata_display_label ( default_locale, oid, site_master, key_name) VALUES ('Loads a new instance of com.runwaysdk.system.scheduler.JobHistoryHistoryComment into the request object', 'slzc842otogdd59odkaifxz792gfytsa0287', 'www.runwaysdk.com', 'slzc842otogdd59odkaifxz792gfytsa0287');
INSERT INTO md_action ( is_query, enclosing_md_controller, is_post, action_name, display_label, oid) VALUES (0, 'r8oullz0qxvwv8gnjil9n1l6kfpgk36d0130', 0, 'newInstance', '924kejyroot12ewonme1bf8mrue3tuzl0287', 'sfbvq442dbeh66j2pqljw1159x2dcwso0131');
INSERT INTO metadata ( description, created_by, owner, oid, create_date, seq, type, remove, site_master, locked_by, entity_domain, last_updated_by, last_update_date, key_name) VALUES ('slzc842otogdd59odkaifxz792gfytsa0287', '000000000000000000000000000000100060', '000000000000000000000000000000100060', 'sfbvq442dbeh66j2pqljw1159x2dcwso0131', '2014-02-10 12:13:54', 4572, 'com.runwaysdk.system.metadata.MdAction', 1, 'www.runwaysdk.com', NULL, NULL, '000000000000000000000000000000100060', '2014-02-10 12:13:54', 'com.runwaysdk.system.scheduler.JobHistoryHistoryCommentController.newInstance');
INSERT INTO controller_action ( key_name, locked_by, oid, owner, entity_domain, created_by, type, last_update_date, create_date, seq, last_updated_by, site_master, parent_oid, child_oid) VALUES ('com.runwaysdk.system.scheduler.JobHistoryHistoryCommentController.newInstance', NULL, 'sxyxi345cqalxxgtc0ctinh6ghnco2ec0264', '000000000000000000000000000000100060', NULL, '000000000000000000000000000000100060', 'com.runwaysdk.system.ControllerAction', '2014-02-10 12:13:54', '2014-02-10 12:13:54', 4573, '000000000000000000000000000000100060', 'www.runwaysdk.com', 'r8oullz0qxvwv8gnjil9n1l6kfpgk36d0130', 'sfbvq442dbeh66j2pqljw1159x2dcwso0131');
INSERT INTO metadata_display_label ( default_locale, oid, site_master, key_name) VALUES ('Create', '0gp09ji99qfv9jk2bhf2kinsyg6ewsf10287', 'www.runwaysdk.com', '0gp09ji99qfv9jk2bhf2kinsyg6ewsf10287');
INSERT INTO metadata_display_label ( default_locale, oid, site_master, key_name) VALUES ('Applys a new instance of com.runwaysdk.system.scheduler.JobHistoryHistoryComment', '0d5i97d831apwac62wh7y8qzvmgazymj0287', 'www.runwaysdk.com', '0d5i97d831apwac62wh7y8qzvmgazymj0287');
INSERT INTO md_action ( is_query, enclosing_md_controller, is_post, action_name, display_label, oid) VALUES (0, 'r8oullz0qxvwv8gnjil9n1l6kfpgk36d0130', 1, 'create', '0gp09ji99qfv9jk2bhf2kinsyg6ewsf10287', 'qzids9d6izdybys4e882xunzsc3k8sng0131');
INSERT INTO metadata ( description, created_by, owner, oid, create_date, seq, type, remove, site_master, locked_by, entity_domain, last_updated_by, last_update_date, key_name) VALUES ('0d5i97d831apwac62wh7y8qzvmgazymj0287', '000000000000000000000000000000100060', '000000000000000000000000000000100060', 'qzids9d6izdybys4e882xunzsc3k8sng0131', '2014-02-10 12:13:54', 4574, 'com.runwaysdk.system.metadata.MdAction', 1, 'www.runwaysdk.com', NULL, NULL, '000000000000000000000000000000100060', '2014-02-10 12:13:54', 'com.runwaysdk.system.scheduler.JobHistoryHistoryCommentController.create');
INSERT INTO controller_action ( key_name, locked_by, oid, owner, entity_domain, created_by, type, last_update_date, create_date, seq, last_updated_by, site_master, parent_oid, child_oid) VALUES ('com.runwaysdk.system.scheduler.JobHistoryHistoryCommentController.create', NULL, 'r2dqn0fa1pur3abin6wpautwn0gk140o0264', '000000000000000000000000000000100060', NULL, '000000000000000000000000000000100060', 'com.runwaysdk.system.ControllerAction', '2014-02-10 12:13:54', '2014-02-10 12:13:54', 4575, '000000000000000000000000000000100060', 'www.runwaysdk.com', 'r8oullz0qxvwv8gnjil9n1l6kfpgk36d0130', 'qzids9d6izdybys4e882xunzsc3k8sng0131');
INSERT INTO metadata_display_label ( default_locale, oid, site_master, key_name) VALUES ('Parameter: com.runwaysdk.system.scheduler.JobHistoryHistoryComment', 'razbnyol47skqn8jkuhft9t2rkwjcffy0287', 'www.runwaysdk.com', 'razbnyol47skqn8jkuhft9t2rkwjcffy0287');
INSERT INTO metadata_display_label ( default_locale, oid, site_master, key_name) VALUES ('com.runwaysdk.system.scheduler.JobHistoryHistoryComment to apply to the database', '0pm618ectgc6drxi8m66n17atb1yit7h0287', 'www.runwaysdk.com', '0pm618ectgc6drxi8m66n17atb1yit7h0287');
INSERT INTO md_parameter ( metadata, parameter_order, parameter_name, parameter_type, display_label, oid) VALUES ('qzids9d6izdybys4e882xunzsc3k8sng0131', 0, 'dto', 'com.runwaysdk.system.scheduler.JobHistoryHistoryComment', 'razbnyol47skqn8jkuhft9t2rkwjcffy0287', '0h1hea9sfkcy2ev6xvqfdwm8slr25ujq0110');
INSERT INTO metadata ( description, created_by, owner, oid, create_date, seq, type, remove, site_master, locked_by, entity_domain, last_updated_by, last_update_date, key_name) VALUES ('0pm618ectgc6drxi8m66n17atb1yit7h0287', '000000000000000000000000000000100060', '000000000000000000000000000000100060', '0h1hea9sfkcy2ev6xvqfdwm8slr25ujq0110', '2014-02-10 12:13:54', 4576, 'com.runwaysdk.system.metadata.MdParameter', 1, 'www.runwaysdk.com', NULL, NULL, '000000000000000000000000000000100060', '2014-02-10 12:13:54', 'com.runwaysdk.system.scheduler.JobHistoryHistoryCommentController.create.dto');
INSERT INTO metadata_parameter ( site_master, last_updated_by, create_date, seq, locked_by, entity_domain, created_by, type, last_update_date, key_name, owner, oid, parent_oid, child_oid) VALUES ('www.runwaysdk.com', '000000000000000000000000000000100060', '2014-02-10 12:13:54', 4577, NULL, NULL, '000000000000000000000000000000100060', 'com.runwaysdk.system.MetadataParameter', '2014-02-10 12:13:54', 'com.runwaysdk.system.scheduler.JobHistoryHistoryCommentController.create.dto', '000000000000000000000000000000100060', '79ac32z1e08bujun5gm8ktpi8z5p3ixm0256', 'qzids9d6izdybys4e882xunzsc3k8sng0131', '0h1hea9sfkcy2ev6xvqfdwm8slr25ujq0110');
INSERT INTO metadata_display_label ( default_locale, oid, site_master, key_name) VALUES ('edit', 'z7i9n3ez9x45a1ys3bl8l3ij4knxh8r70287', 'www.runwaysdk.com', 'z7i9n3ez9x45a1ys3bl8l3ij4knxh8r70287');
INSERT INTO metadata_display_label ( default_locale, oid, site_master, key_name) VALUES ('Applys an existing instance of com.runwaysdk.system.scheduler.JobHistoryHistoryComment', '6rub568jg149as639d6m3c0y8pc19ntb0287', 'www.runwaysdk.com', '6rub568jg149as639d6m3c0y8pc19ntb0287');
INSERT INTO md_action ( is_query, enclosing_md_controller, is_post, action_name, display_label, oid) VALUES (0, 'r8oullz0qxvwv8gnjil9n1l6kfpgk36d0130', 0, 'edit', 'z7i9n3ez9x45a1ys3bl8l3ij4knxh8r70287', 'ywv15hkg46h5ddrc8sl7ve37qv9qkoio0131');
INSERT INTO metadata ( description, created_by, owner, oid, create_date, seq, type, remove, site_master, locked_by, entity_domain, last_updated_by, last_update_date, key_name) VALUES ('6rub568jg149as639d6m3c0y8pc19ntb0287', '000000000000000000000000000000100060', '000000000000000000000000000000100060', 'ywv15hkg46h5ddrc8sl7ve37qv9qkoio0131', '2014-02-10 12:13:54', 4578, 'com.runwaysdk.system.metadata.MdAction', 1, 'www.runwaysdk.com', NULL, NULL, '000000000000000000000000000000100060', '2014-02-10 12:13:54', 'com.runwaysdk.system.scheduler.JobHistoryHistoryCommentController.edit');
INSERT INTO controller_action ( key_name, locked_by, oid, owner, entity_domain, created_by, type, last_update_date, create_date, seq, last_updated_by, site_master, parent_oid, child_oid) VALUES ('com.runwaysdk.system.scheduler.JobHistoryHistoryCommentController.edit', NULL, '8ibwz0d9je974mi2cwwj1t0nvn4iy8090264', '000000000000000000000000000000100060', NULL, '000000000000000000000000000000100060', 'com.runwaysdk.system.ControllerAction', '2014-02-10 12:13:54', '2014-02-10 12:13:54', 4579, '000000000000000000000000000000100060', 'www.runwaysdk.com', 'r8oullz0qxvwv8gnjil9n1l6kfpgk36d0130', 'ywv15hkg46h5ddrc8sl7ve37qv9qkoio0131');
INSERT INTO metadata_display_label ( default_locale, oid, site_master, key_name) VALUES ('Parameter: com.runwaysdk.system.scheduler.JobHistoryHistoryComment', '91xkj6pdp3ee8jbbdlxyb5vvcmi8gp7u0287', 'www.runwaysdk.com', '91xkj6pdp3ee8jbbdlxyb5vvcmi8gp7u0287');
INSERT INTO metadata_display_label ( default_locale, oid, site_master, key_name) VALUES ('com.runwaysdk.system.scheduler.JobHistoryHistoryComment to apply to the database', 'sltlqdbw4g9jz68fv6el77f18h7o3jcs0287', 'www.runwaysdk.com', 'sltlqdbw4g9jz68fv6el77f18h7o3jcs0287');
INSERT INTO md_parameter ( metadata, parameter_order, parameter_name, parameter_type, display_label, oid) VALUES ('ywv15hkg46h5ddrc8sl7ve37qv9qkoio0131', 0, 'oid', 'java.lang.String', '91xkj6pdp3ee8jbbdlxyb5vvcmi8gp7u0287', 'xmg2muqzgw7zlyed11futpm2eecpamxg0110');
INSERT INTO metadata ( description, created_by, owner, oid, create_date, seq, type, remove, site_master, locked_by, entity_domain, last_updated_by, last_update_date, key_name) VALUES ('sltlqdbw4g9jz68fv6el77f18h7o3jcs0287', '000000000000000000000000000000100060', '000000000000000000000000000000100060', 'xmg2muqzgw7zlyed11futpm2eecpamxg0110', '2014-02-10 12:13:54', 4580, 'com.runwaysdk.system.metadata.MdParameter', 1, 'www.runwaysdk.com', NULL, NULL, '000000000000000000000000000000100060', '2014-02-10 12:13:54', 'com.runwaysdk.system.scheduler.JobHistoryHistoryCommentController.edit.oid');
INSERT INTO metadata_parameter ( site_master, last_updated_by, create_date, seq, locked_by, entity_domain, created_by, type, last_update_date, key_name, owner, oid, parent_oid, child_oid) VALUES ('www.runwaysdk.com', '000000000000000000000000000000100060', '2014-02-10 12:13:54', 4581, NULL, NULL, '000000000000000000000000000000100060', 'com.runwaysdk.system.MetadataParameter', '2014-02-10 12:13:54', 'com.runwaysdk.system.scheduler.JobHistoryHistoryCommentController.edit.oid', '000000000000000000000000000000100060', 'xh957rcakfprcxhp8j34h6vliykw9db40256', 'ywv15hkg46h5ddrc8sl7ve37qv9qkoio0131', 'xmg2muqzgw7zlyed11futpm2eecpamxg0110');
INSERT INTO metadata_display_label ( default_locale, oid, site_master, key_name) VALUES ('update', '8y2vzxp0e4am7ltl9jiqnpahpp5ilv3o0287', 'www.runwaysdk.com', '8y2vzxp0e4am7ltl9jiqnpahpp5ilv3o0287');
INSERT INTO metadata_display_label ( default_locale, oid, site_master, key_name) VALUES ('Applys an existing instance of com.runwaysdk.system.scheduler.JobHistoryHistoryComment', '92eavjl1b7t69iy6x6fohfabk4jkejdc0287', 'www.runwaysdk.com', '92eavjl1b7t69iy6x6fohfabk4jkejdc0287');
INSERT INTO md_action ( is_query, enclosing_md_controller, is_post, action_name, display_label, oid) VALUES (0, 'r8oullz0qxvwv8gnjil9n1l6kfpgk36d0130', 1, 'update', '8y2vzxp0e4am7ltl9jiqnpahpp5ilv3o0287', '0sqbjqp6d7qiyob3wyoiwk7ivfhfvoxt0131');
INSERT INTO metadata ( description, created_by, owner, oid, create_date, seq, type, remove, site_master, locked_by, entity_domain, last_updated_by, last_update_date, key_name) VALUES ('92eavjl1b7t69iy6x6fohfabk4jkejdc0287', '000000000000000000000000000000100060', '000000000000000000000000000000100060', '0sqbjqp6d7qiyob3wyoiwk7ivfhfvoxt0131', '2014-02-10 12:13:54', 4582, 'com.runwaysdk.system.metadata.MdAction', 1, 'www.runwaysdk.com', NULL, NULL, '000000000000000000000000000000100060', '2014-02-10 12:13:54', 'com.runwaysdk.system.scheduler.JobHistoryHistoryCommentController.update');
INSERT INTO controller_action ( key_name, locked_by, oid, owner, entity_domain, created_by, type, last_update_date, create_date, seq, last_updated_by, site_master, parent_oid, child_oid) VALUES ('com.runwaysdk.system.scheduler.JobHistoryHistoryCommentController.update', NULL, '0nw78l1b6l852klhi67mp7fe3bv65h640264', '000000000000000000000000000000100060', NULL, '000000000000000000000000000000100060', 'com.runwaysdk.system.ControllerAction', '2014-02-10 12:13:54', '2014-02-10 12:13:54', 4583, '000000000000000000000000000000100060', 'www.runwaysdk.com', 'r8oullz0qxvwv8gnjil9n1l6kfpgk36d0130', '0sqbjqp6d7qiyob3wyoiwk7ivfhfvoxt0131');
INSERT INTO metadata_display_label ( default_locale, oid, site_master, key_name) VALUES ('Parameter: com.runwaysdk.system.scheduler.JobHistoryHistoryComment - dto', '26i33sr2wpfvkgidu5nfwl513e5tpdvg0287', 'www.runwaysdk.com', '26i33sr2wpfvkgidu5nfwl513e5tpdvg0287');
INSERT INTO metadata_display_label ( default_locale, oid, site_master, key_name) VALUES ('com.runwaysdk.system.scheduler.JobHistoryHistoryComment to apply to the database', 'qysx22qnemsqxqjohgwxlldneyfjg7no0287', 'www.runwaysdk.com', 'qysx22qnemsqxqjohgwxlldneyfjg7no0287');
INSERT INTO md_parameter ( metadata, parameter_order, parameter_name, parameter_type, display_label, oid) VALUES ('0sqbjqp6d7qiyob3wyoiwk7ivfhfvoxt0131', 0, 'dto', 'com.runwaysdk.system.scheduler.JobHistoryHistoryComment', '26i33sr2wpfvkgidu5nfwl513e5tpdvg0287', '8ud1s591wg3t7438ccb88baut65i0g9h0110');
INSERT INTO metadata ( description, created_by, owner, oid, create_date, seq, type, remove, site_master, locked_by, entity_domain, last_updated_by, last_update_date, key_name) VALUES ('qysx22qnemsqxqjohgwxlldneyfjg7no0287', '000000000000000000000000000000100060', '000000000000000000000000000000100060', '8ud1s591wg3t7438ccb88baut65i0g9h0110', '2014-02-10 12:13:54', 4584, 'com.runwaysdk.system.metadata.MdParameter', 1, 'www.runwaysdk.com', NULL, NULL, '000000000000000000000000000000100060', '2014-02-10 12:13:54', 'com.runwaysdk.system.scheduler.JobHistoryHistoryCommentController.update.dto');
INSERT INTO metadata_parameter ( site_master, last_updated_by, create_date, seq, locked_by, entity_domain, created_by, type, last_update_date, key_name, owner, oid, parent_oid, child_oid) VALUES ('www.runwaysdk.com', '000000000000000000000000000000100060', '2014-02-10 12:13:54', 4585, NULL, NULL, '000000000000000000000000000000100060', 'com.runwaysdk.system.MetadataParameter', '2014-02-10 12:13:54', 'com.runwaysdk.system.scheduler.JobHistoryHistoryCommentController.update.dto', '000000000000000000000000000000100060', '0rx9bkp6g86tptbnmbl1mzyezmhxouud0256', '0sqbjqp6d7qiyob3wyoiwk7ivfhfvoxt0131', '8ud1s591wg3t7438ccb88baut65i0g9h0110');
INSERT INTO metadata_display_label ( default_locale, oid, site_master, key_name) VALUES ('cancel', 'sswts4yx167t7fc2vc6kkqe2o9fa3qfd0287', 'www.runwaysdk.com', 'sswts4yx167t7fc2vc6kkqe2o9fa3qfd0287');
INSERT INTO metadata_display_label ( default_locale, oid, site_master, key_name) VALUES ('Unlocks an instance com.runwaysdk.system.scheduler.JobHistoryHistoryComment', '92s9bfvcdc107mhssdqx86xcplfs9atd0287', 'www.runwaysdk.com', '92s9bfvcdc107mhssdqx86xcplfs9atd0287');
INSERT INTO md_action ( is_query, enclosing_md_controller, is_post, action_name, display_label, oid) VALUES (0, 'r8oullz0qxvwv8gnjil9n1l6kfpgk36d0130', 1, 'cancel', 'sswts4yx167t7fc2vc6kkqe2o9fa3qfd0287', '07efwp0leljup7s3ouhenrlwlvt6bbtv0131');
INSERT INTO metadata ( description, created_by, owner, oid, create_date, seq, type, remove, site_master, locked_by, entity_domain, last_updated_by, last_update_date, key_name) VALUES ('92s9bfvcdc107mhssdqx86xcplfs9atd0287', '000000000000000000000000000000100060', '000000000000000000000000000000100060', '07efwp0leljup7s3ouhenrlwlvt6bbtv0131', '2014-02-10 12:13:54', 4586, 'com.runwaysdk.system.metadata.MdAction', 1, 'www.runwaysdk.com', NULL, NULL, '000000000000000000000000000000100060', '2014-02-10 12:13:54', 'com.runwaysdk.system.scheduler.JobHistoryHistoryCommentController.cancel');
INSERT INTO controller_action ( key_name, locked_by, oid, owner, entity_domain, created_by, type, last_update_date, create_date, seq, last_updated_by, site_master, parent_oid, child_oid) VALUES ('com.runwaysdk.system.scheduler.JobHistoryHistoryCommentController.cancel', NULL, '06jayyrafspkcvma2bif5zvi7o7a16ft0264', '000000000000000000000000000000100060', NULL, '000000000000000000000000000000100060', 'com.runwaysdk.system.ControllerAction', '2014-02-10 12:13:54', '2014-02-10 12:13:54', 4587, '000000000000000000000000000000100060', 'www.runwaysdk.com', 'r8oullz0qxvwv8gnjil9n1l6kfpgk36d0130', '07efwp0leljup7s3ouhenrlwlvt6bbtv0131');
INSERT INTO metadata_display_label ( default_locale, oid, site_master, key_name) VALUES ('Parameter: com.runwaysdk.system.scheduler.JobHistoryHistoryComment - dto', '8zv63e6zc7nys3epgss5g1uswpl7rk9r0287', 'www.runwaysdk.com', '8zv63e6zc7nys3epgss5g1uswpl7rk9r0287');
INSERT INTO metadata_display_label ( default_locale, oid, site_master, key_name) VALUES ('com.runwaysdk.system.scheduler.JobHistoryHistoryComment to unlock', '0lldl0gu8dkwlvi3ya9pg8135de4k2in0287', 'www.runwaysdk.com', '0lldl0gu8dkwlvi3ya9pg8135de4k2in0287');
INSERT INTO md_parameter ( metadata, parameter_order, parameter_name, parameter_type, display_label, oid) VALUES ('07efwp0leljup7s3ouhenrlwlvt6bbtv0131', 0, 'dto', 'com.runwaysdk.system.scheduler.JobHistoryHistoryComment', '8zv63e6zc7nys3epgss5g1uswpl7rk9r0287', 'zd2qyp064oie8z89vsdgc5z60nxymr730110');
INSERT INTO metadata ( description, created_by, owner, oid, create_date, seq, type, remove, site_master, locked_by, entity_domain, last_updated_by, last_update_date, key_name) VALUES ('0lldl0gu8dkwlvi3ya9pg8135de4k2in0287', '000000000000000000000000000000100060', '000000000000000000000000000000100060', 'zd2qyp064oie8z89vsdgc5z60nxymr730110', '2014-02-10 12:13:54', 4588, 'com.runwaysdk.system.metadata.MdParameter', 1, 'www.runwaysdk.com', NULL, NULL, '000000000000000000000000000000100060', '2014-02-10 12:13:54', 'com.runwaysdk.system.scheduler.JobHistoryHistoryCommentController.cancel.dto');
INSERT INTO metadata_parameter ( site_master, last_updated_by, create_date, seq, locked_by, entity_domain, created_by, type, last_update_date, key_name, owner, oid, parent_oid, child_oid) VALUES ('www.runwaysdk.com', '000000000000000000000000000000100060', '2014-02-10 12:13:54', 4589, NULL, NULL, '000000000000000000000000000000100060', 'com.runwaysdk.system.MetadataParameter', '2014-02-10 12:13:54', 'com.runwaysdk.system.scheduler.JobHistoryHistoryCommentController.cancel.dto', '000000000000000000000000000000100060', 'x9y2cgsyx3nbbesyeixg039oqlp0fwqq0256', '07efwp0leljup7s3ouhenrlwlvt6bbtv0131', 'zd2qyp064oie8z89vsdgc5z60nxymr730110');
INSERT INTO metadata_display_label ( default_locale, oid, site_master, key_name) VALUES ('delete', '7e24ni2gq2l7u9yc5h0qjfpmn2d94bq10287', 'www.runwaysdk.com', '7e24ni2gq2l7u9yc5h0qjfpmn2d94bq10287');
INSERT INTO metadata_display_label ( default_locale, oid, site_master, key_name) VALUES ('Delete an instance of com.runwaysdk.system.scheduler.JobHistoryHistoryComment', 'xnyni7pzknlhp9buewli5408yq6ul4x00287', 'www.runwaysdk.com', 'xnyni7pzknlhp9buewli5408yq6ul4x00287');
INSERT INTO md_action ( is_query, enclosing_md_controller, is_post, action_name, display_label, oid) VALUES (0, 'r8oullz0qxvwv8gnjil9n1l6kfpgk36d0130', 1, 'delete', '7e24ni2gq2l7u9yc5h0qjfpmn2d94bq10287', 'xnfuym9pv0e3umjffc3n89k3ewnoqv290131');
INSERT INTO metadata ( description, created_by, owner, oid, create_date, seq, type, remove, site_master, locked_by, entity_domain, last_updated_by, last_update_date, key_name) VALUES ('xnyni7pzknlhp9buewli5408yq6ul4x00287', '000000000000000000000000000000100060', '000000000000000000000000000000100060', 'xnfuym9pv0e3umjffc3n89k3ewnoqv290131', '2014-02-10 12:13:54', 4590, 'com.runwaysdk.system.metadata.MdAction', 1, 'www.runwaysdk.com', NULL, NULL, '000000000000000000000000000000100060', '2014-02-10 12:13:54', 'com.runwaysdk.system.scheduler.JobHistoryHistoryCommentController.delete');
INSERT INTO controller_action ( key_name, locked_by, oid, owner, entity_domain, created_by, type, last_update_date, create_date, seq, last_updated_by, site_master, parent_oid, child_oid) VALUES ('com.runwaysdk.system.scheduler.JobHistoryHistoryCommentController.delete', NULL, '8n8mgq9d3ql0991hfh2xhhfvpkvpcljp0264', '000000000000000000000000000000100060', NULL, '000000000000000000000000000000100060', 'com.runwaysdk.system.ControllerAction', '2014-02-10 12:13:54', '2014-02-10 12:13:54', 4591, '000000000000000000000000000000100060', 'www.runwaysdk.com', 'r8oullz0qxvwv8gnjil9n1l6kfpgk36d0130', 'xnfuym9pv0e3umjffc3n89k3ewnoqv290131');
INSERT INTO metadata_display_label ( default_locale, oid, site_master, key_name) VALUES ('Parameter: com.runwaysdk.system.scheduler.JobHistoryHistoryComment - dto', '8zc7y7w1m3ykxix8r27bapuja3jlwkgs0287', 'www.runwaysdk.com', '8zc7y7w1m3ykxix8r27bapuja3jlwkgs0287');
INSERT INTO metadata_display_label ( default_locale, oid, site_master, key_name) VALUES ('com.runwaysdk.system.scheduler.JobHistoryHistoryComment to delete', '22nj7ze9kwzvfq7du0lyjul3vj50rnu70287', 'www.runwaysdk.com', '22nj7ze9kwzvfq7du0lyjul3vj50rnu70287');
INSERT INTO md_parameter ( metadata, parameter_order, parameter_name, parameter_type, display_label, oid) VALUES ('xnfuym9pv0e3umjffc3n89k3ewnoqv290131', 0, 'dto', 'com.runwaysdk.system.scheduler.JobHistoryHistoryComment', '8zc7y7w1m3ykxix8r27bapuja3jlwkgs0287', 'z8d6twcfpwqfs45qnxa62hd2azq6bhd90110');
INSERT INTO metadata ( description, created_by, owner, oid, create_date, seq, type, remove, site_master, locked_by, entity_domain, last_updated_by, last_update_date, key_name) VALUES ('22nj7ze9kwzvfq7du0lyjul3vj50rnu70287', '000000000000000000000000000000100060', '000000000000000000000000000000100060', 'z8d6twcfpwqfs45qnxa62hd2azq6bhd90110', '2014-02-10 12:13:54', 4592, 'com.runwaysdk.system.metadata.MdParameter', 1, 'www.runwaysdk.com', NULL, NULL, '000000000000000000000000000000100060', '2014-02-10 12:13:54', 'com.runwaysdk.system.scheduler.JobHistoryHistoryCommentController.delete.dto');
INSERT INTO metadata_parameter ( site_master, last_updated_by, create_date, seq, locked_by, entity_domain, created_by, type, last_update_date, key_name, owner, oid, parent_oid, child_oid) VALUES ('www.runwaysdk.com', '000000000000000000000000000000100060', '2014-02-10 12:13:54', 4593, NULL, NULL, '000000000000000000000000000000100060', 'com.runwaysdk.system.MetadataParameter', '2014-02-10 12:13:54', 'com.runwaysdk.system.scheduler.JobHistoryHistoryCommentController.delete.dto', '000000000000000000000000000000100060', '04oobawbkyoyv0nhtwxy6cicjk13ieuc0256', 'xnfuym9pv0e3umjffc3n89k3ewnoqv290131', 'z8d6twcfpwqfs45qnxa62hd2azq6bhd90110');
 INSERT INTO visibilitymodifier (set_id, item_id)  VALUES  ('so3g4m2w92nctlvgs6ud06pnz7wkvqzc', '20071109NM00000000000000000000050113');
INSERT INTO metadata_display_label ( default_locale, oid, site_master, key_name) VALUES ('Comment', 'xp885dey7u3rca6ycso49zeatdgay46v0287', 'www.runwaysdk.com', 'xp885dey7u3rca6ycso49zeatdgay46v0287');
 INSERT INTO visibilitymodifier (set_id, item_id)  VALUES  ('sw1qzvqfqtdq14znpxaaqe68d1aqgniy', '20071109NM00000000000000000000050113');
 INSERT INTO md_attribute_indicies (set_id, item_id)  VALUES  ('z1b3ehh3s2lrc7k6zlfmtpnptnf9rrk0', '000000000000000000000000000004010085');
INSERT INTO metadata_display_label ( default_locale, oid, site_master, key_name) VALUES ('User Friendly History Comment', 'soa21hb0g8kadtc13b0lzwm77c6k4dgw0287', 'www.runwaysdk.com', 'soa21hb0g8kadtc13b0lzwm77c6k4dgw0287');
INSERT INTO md_attribute_local_text ( oid) VALUES ('8mqqlcqjf08v64cxlmrhbzc7nsbglsgs000000000000MdAttributeLocalText');
INSERT INTO md_attribute_local ( oid) VALUES ('8mqqlcqjf08v64cxlmrhbzc7nsbglsgs000000000000MdAttributeLocalText');
INSERT INTO md_attribute_struct ( md_struct, oid) VALUES ('8d1kfg7ldiaylha1aq1u3shemkhgxe2b0000000000000000000MdLocalStruct', '8mqqlcqjf08v64cxlmrhbzc7nsbglsgs000000000000MdAttributeLocalText');
INSERT INTO md_attribute_concrete ( column_name, defining_md_class, setter_visibility, setter_visibility_c, immutable, index_name, generate_accessor, system, required, display_label, getter_visibility, getter_visibility_c, index_type, index_type_c, attribute_name, oid) VALUES ('history_comment', '2ft54d1ik9d4qmj2ffopey6uwk000fvr0058', 'so3g4m2w92nctlvgs6ud06pnz7wkvqzc', '20071109NM00000000000000000000050113', 0, 'a7jaqswpnbezd1uze81wujo04e45hb', 1, 0, 0, 'xp885dey7u3rca6ycso49zeatdgay46v0287', 'sw1qzvqfqtdq14znpxaaqe68d1aqgniy', '20071109NM00000000000000000000050113', 'z1b3ehh3s2lrc7k6zlfmtpnptnf9rrk0', '000000000000000000000000000004010085', 'historyComment', '8mqqlcqjf08v64cxlmrhbzc7nsbglsgs000000000000MdAttributeLocalText');
INSERT INTO md_attribute ( oid) VALUES ('8mqqlcqjf08v64cxlmrhbzc7nsbglsgs000000000000MdAttributeLocalText');
INSERT INTO metadata ( description, created_by, owner, oid, create_date, seq, type, remove, site_master, locked_by, entity_domain, last_updated_by, last_update_date, key_name) VALUES ('soa21hb0g8kadtc13b0lzwm77c6k4dgw0287', '000000000000000000000000000000100060', '000000000000000000000000000000100060', '8mqqlcqjf08v64cxlmrhbzc7nsbglsgs000000000000MdAttributeLocalText', '2014-02-10 12:13:54', 4594, 'com.runwaysdk.system.metadata.MdAttributeLocalText', 1, 'www.runwaysdk.com', NULL, NULL, '000000000000000000000000000000100060', '2014-02-10 12:13:54', 'com.runwaysdk.system.scheduler.JobHistory.historyComment');
ALTER TABLE job_history ADD COLUMN history_comment  char(64);
INSERT INTO class_attribute_concrete ( oid, parent_oid, child_oid) VALUES ('782wfyatv5hf4tmjxjppw97a5wdvllrg0245', '2ft54d1ik9d4qmj2ffopey6uwk000fvr0058', '8mqqlcqjf08v64cxlmrhbzc7nsbglsgs000000000000MdAttributeLocalText');
INSERT INTO class_attribute ( oid, parent_oid, child_oid) VALUES ('782wfyatv5hf4tmjxjppw97a5wdvllrg0245', '2ft54d1ik9d4qmj2ffopey6uwk000fvr0058', '8mqqlcqjf08v64cxlmrhbzc7nsbglsgs000000000000MdAttributeLocalText');
INSERT INTO metadata_relationship ( entity_domain, site_master, last_updated_by, oid, owner, locked_by, create_date, type, created_by, seq, key_name, last_update_date, parent_oid, child_oid) VALUES (NULL, 'www.runwaysdk.com', '000000000000000000000000000000100060', '782wfyatv5hf4tmjxjppw97a5wdvllrg0245', '000000000000000000000000000000100060', NULL, '2014-02-10 12:13:54', 'com.runwaysdk.system.metadata.ClassAttributeConcrete', '000000000000000000000000000000100060', 4595, 'com.runwaysdk.system.scheduler.JobHistory.historyComment', '2014-02-10 12:13:54', '2ft54d1ik9d4qmj2ffopey6uwk000fvr0058', '8mqqlcqjf08v64cxlmrhbzc7nsbglsgs000000000000MdAttributeLocalText');
 INSERT INTO visibilitymodifier (set_id, item_id)  VALUES  ('72gyrcq32bsvw3kbfka5xhf777i49ih4', '20071109NM00000000000000000000050113');
INSERT INTO metadata_display_label ( default_locale, oid, site_master, key_name) VALUES ('Default Locale', '7bec4aeoovemuaej4e0sejsfc06ezrtf0287', 'www.runwaysdk.com', '7bec4aeoovemuaej4e0sejsfc06ezrtf0287');
 INSERT INTO visibilitymodifier (set_id, item_id)  VALUES  ('0g2tl44sh704dwaa4c6mdxdyzg6q4wts', '20071109NM00000000000000000000050113');
 INSERT INTO md_attribute_indicies (set_id, item_id)  VALUES  ('z0xkruqaqckipu0ymy00mcz1latz2ef1', '000000000000000000000000000004010085');
INSERT INTO metadata_display_label ( default_locale, oid, site_master, key_name) VALUES ('Default locale', 'qysnkxuy3dzhde1k0ea9op75f6c6d54n0287', 'www.runwaysdk.com', 'qysnkxuy3dzhde1k0ea9op75f6c6d54n0287');
INSERT INTO md_attribute_text ( default_value, oid) VALUES (NULL, 'z98y5rsqloy7eqns94zsoaqem8jz8bq700000000000000000000000000000139');
INSERT INTO md_attribute_char ( oid) VALUES ('z98y5rsqloy7eqns94zsoaqem8jz8bq700000000000000000000000000000139');
INSERT INTO md_attribute_primitive ( oid) VALUES ('z98y5rsqloy7eqns94zsoaqem8jz8bq700000000000000000000000000000139');
INSERT INTO md_attribute_concrete ( column_name, defining_md_class, setter_visibility, setter_visibility_c, immutable, index_name, generate_accessor, system, required, display_label, getter_visibility, getter_visibility_c, index_type, index_type_c, attribute_name, oid) VALUES ('default_locale', '8d1kfg7ldiaylha1aq1u3shemkhgxe2b0000000000000000000MdLocalStruct', '72gyrcq32bsvw3kbfka5xhf777i49ih4', '20071109NM00000000000000000000050113', 0, 'a5n1flnv4gly5qxku3lns83yj6wv2q', 0, 0, 0, '7bec4aeoovemuaej4e0sejsfc06ezrtf0287', '0g2tl44sh704dwaa4c6mdxdyzg6q4wts', '20071109NM00000000000000000000050113', 'z0xkruqaqckipu0ymy00mcz1latz2ef1', '000000000000000000000000000004010085', 'defaultLocale', 'z98y5rsqloy7eqns94zsoaqem8jz8bq700000000000000000000000000000139');
INSERT INTO md_attribute ( oid) VALUES ('z98y5rsqloy7eqns94zsoaqem8jz8bq700000000000000000000000000000139');
INSERT INTO metadata ( description, created_by, owner, oid, create_date, seq, type, remove, site_master, locked_by, entity_domain, last_updated_by, last_update_date, key_name) VALUES ('qysnkxuy3dzhde1k0ea9op75f6c6d54n0287', '000000000000000000000000000000100060', '000000000000000000000000000000100060', 'z98y5rsqloy7eqns94zsoaqem8jz8bq700000000000000000000000000000139', '2014-02-10 12:13:54', 4596, 'com.runwaysdk.system.metadata.MdAttributeText', 1, 'www.runwaysdk.com', NULL, NULL, '000000000000000000000000000000100060', '2014-02-10 12:13:54', 'com.runwaysdk.system.scheduler.JobHistoryHistoryComment.defaultLocale');
ALTER TABLE job_history_history_comment ADD COLUMN default_locale  text;
INSERT INTO class_attribute_concrete ( oid, parent_oid, child_oid) VALUES ('1vdwkd13n4azusxq5l61mx5lwn10dr2a0245', '8d1kfg7ldiaylha1aq1u3shemkhgxe2b0000000000000000000MdLocalStruct', 'z98y5rsqloy7eqns94zsoaqem8jz8bq700000000000000000000000000000139');
INSERT INTO class_attribute ( oid, parent_oid, child_oid) VALUES ('1vdwkd13n4azusxq5l61mx5lwn10dr2a0245', '8d1kfg7ldiaylha1aq1u3shemkhgxe2b0000000000000000000MdLocalStruct', 'z98y5rsqloy7eqns94zsoaqem8jz8bq700000000000000000000000000000139');
INSERT INTO metadata_relationship ( entity_domain, site_master, last_updated_by, oid, owner, locked_by, create_date, type, created_by, seq, key_name, last_update_date, parent_oid, child_oid) VALUES (NULL, 'www.runwaysdk.com', '000000000000000000000000000000100060', '1vdwkd13n4azusxq5l61mx5lwn10dr2a0245', '000000000000000000000000000000100060', NULL, '2014-02-10 12:13:54', 'com.runwaysdk.system.metadata.ClassAttributeConcrete', '000000000000000000000000000000100060', 4597, 'com.runwaysdk.system.scheduler.JobHistoryHistoryComment.defaultLocale', '2014-02-10 12:13:54', '8d1kfg7ldiaylha1aq1u3shemkhgxe2b0000000000000000000MdLocalStruct', 'z98y5rsqloy7eqns94zsoaqem8jz8bq700000000000000000000000000000139');
 INSERT INTO struct_cache (set_id, item_id)  VALUES  ('8k4uk74cdhfeqpadbixeh8davzbp2z7f', '000000000000000000000000000002310077');
INSERT INTO metadata_display_label ( default_locale, oid, site_master, key_name) VALUES ('History Information', '8jfenoijpjvggdwxiqe21r6xua81b4g60287', 'www.runwaysdk.com', '8jfenoijpjvggdwxiqe21r6xua81b4g60287');
INSERT INTO metadata_display_label ( default_locale, oid, site_master, key_name) VALUES ('History Information with Data and Results', 'zh5mz5w13bvxe5bb4c1k8ao9iydqj63r0287', 'www.runwaysdk.com', 'zh5mz5w13bvxe5bb4c1k8ao9iydqj63r0287');
INSERT INTO md_local_struct ( oid) VALUES ('qp07ac4ckrfbmoon7a84mpl6a6yzn16l0000000000000000000MdLocalStruct');
INSERT INTO md_struct ( cache_algorithm, cache_algorithm_c, oid) VALUES ('8k4uk74cdhfeqpadbixeh8davzbp2z7f', '000000000000000000000000000002310077', 'qp07ac4ckrfbmoon7a84mpl6a6yzn16l0000000000000000000MdLocalStruct');
INSERT INTO md_entity ( query_dto_source, query_source, cache_size, enforce_site_master, has_deterministic_ids, table_name, oid) VALUES (NULL, NULL, 0, 1, 0, 'job_history_history_informatio', 'qp07ac4ckrfbmoon7a84mpl6a6yzn16l0000000000000000000MdLocalStruct');
INSERT INTO md_class ( publish, stub_dto_source, stub_source, oid) VALUES (1, NULL, NULL, 'qp07ac4ckrfbmoon7a84mpl6a6yzn16l0000000000000000000MdLocalStruct');
INSERT INTO md_type ( display_label, root_id, package_name, type_name, base_source, js_base, js_stub, exported, dto_source, oid) VALUES ('8jfenoijpjvggdwxiqe21r6xua81b4g60287', 'qp07ac4ckrfbmoon7a84mpl6a6yzn16l', 'com.runwaysdk.system.scheduler', 'JobHistoryHistoryInformation', NULL, NULL, NULL, 1, NULL, 'qp07ac4ckrfbmoon7a84mpl6a6yzn16l0000000000000000000MdLocalStruct');
INSERT INTO metadata ( description, created_by, owner, oid, create_date, seq, type, remove, site_master, locked_by, entity_domain, last_updated_by, last_update_date, key_name) VALUES ('zh5mz5w13bvxe5bb4c1k8ao9iydqj63r0287', '000000000000000000000000000000100060', '000000000000000000000000000000100060', 'qp07ac4ckrfbmoon7a84mpl6a6yzn16l0000000000000000000MdLocalStruct', '2014-02-10 12:13:54', 4598, 'com.runwaysdk.system.metadata.MdLocalStruct', 1, 'www.runwaysdk.com', NULL, NULL, '000000000000000000000000000000100060', '2014-02-10 12:13:54', 'com.runwaysdk.system.scheduler.JobHistoryHistoryInformation');
CREATE TABLE job_history_history_informatio ( oid CHAR(64) NOT NULL PRIMARY KEY );
 INSERT INTO visibilitymodifier (set_id, item_id)  VALUES  ('zpuse76tgyg1dsvirdzohwpkz69bsd1f', '20071109NM00000000000000000000050113');
INSERT INTO metadata_display_label ( default_locale, oid, site_master, key_name) VALUES ('ID', '24931iljk0upni8yht86d04sr6nr0h3w0287', 'www.runwaysdk.com', '24931iljk0upni8yht86d04sr6nr0h3w0287');
 INSERT INTO visibilitymodifier (set_id, item_id)  VALUES  ('7gn7xojdq43pfl5tzck5ktvxhtafgoxg', '20071109NM00000000000000000000050113');
 INSERT INTO md_attribute_indicies (set_id, item_id)  VALUES  ('t2bn5fpek1y8m13yqhqndhnt7u3bfbfu', '000000000000000000000000000004090085');
INSERT INTO metadata_display_label ( default_locale, oid, site_master, key_name) VALUES ('ID of this object', '6r3w0kj3sncbxso08elaim8phfr6nypj0287', 'www.runwaysdk.com', '6r3w0kj3sncbxso08elaim8phfr6nypj0287');
INSERT INTO md_attribute_character ( default_value, database_size, oid) VALUES (NULL, 64, 'r4llx3xvoclq434ouccd9gkojqzbfdxx0067');
INSERT INTO md_attribute_char ( oid) VALUES ('r4llx3xvoclq434ouccd9gkojqzbfdxx0067');
INSERT INTO md_attribute_primitive ( oid) VALUES ('r4llx3xvoclq434ouccd9gkojqzbfdxx0067');
INSERT INTO md_attribute_concrete ( column_name, defining_md_class, setter_visibility, setter_visibility_c, immutable, index_name, generate_accessor, system, required, display_label, getter_visibility, getter_visibility_c, index_type, index_type_c, attribute_name, oid) VALUES ('oid', 'qp07ac4ckrfbmoon7a84mpl6a6yzn16l0000000000000000000MdLocalStruct', 'zpuse76tgyg1dsvirdzohwpkz69bsd1f', '20071109NM00000000000000000000050113', 0, 'aaunyrg5z27nwpfjwcx4oztdq26bcl', 1, 1, 1, '24931iljk0upni8yht86d04sr6nr0h3w0287', '7gn7xojdq43pfl5tzck5ktvxhtafgoxg', '20071109NM00000000000000000000050113', 't2bn5fpek1y8m13yqhqndhnt7u3bfbfu', '000000000000000000000000000004090085', 'oid', 'r4llx3xvoclq434ouccd9gkojqzbfdxx0067');
INSERT INTO md_attribute ( oid) VALUES ('r4llx3xvoclq434ouccd9gkojqzbfdxx0067');
INSERT INTO metadata ( description, created_by, owner, oid, create_date, seq, type, remove, site_master, locked_by, entity_domain, last_updated_by, last_update_date, key_name) VALUES ('6r3w0kj3sncbxso08elaim8phfr6nypj0287', '000000000000000000000000000000100060', '000000000000000000000000000000100060', 'r4llx3xvoclq434ouccd9gkojqzbfdxx0067', '2014-02-10 12:13:54', 4599, 'com.runwaysdk.system.metadata.MdAttributeCharacter', 0, 'www.runwaysdk.com', NULL, NULL, '000000000000000000000000000000100060', '2014-02-10 12:13:54', 'com.runwaysdk.system.scheduler.JobHistoryHistoryInformation.oid');
INSERT INTO class_attribute_concrete ( oid, parent_oid, child_oid) VALUES ('03td1k3hoorse8e911v2zfdtd0wyxa0d0245', 'qp07ac4ckrfbmoon7a84mpl6a6yzn16l0000000000000000000MdLocalStruct', 'r4llx3xvoclq434ouccd9gkojqzbfdxx0067');
INSERT INTO class_attribute ( oid, parent_oid, child_oid) VALUES ('03td1k3hoorse8e911v2zfdtd0wyxa0d0245', 'qp07ac4ckrfbmoon7a84mpl6a6yzn16l0000000000000000000MdLocalStruct', 'r4llx3xvoclq434ouccd9gkojqzbfdxx0067');
INSERT INTO metadata_relationship ( entity_domain, site_master, last_updated_by, oid, owner, locked_by, create_date, type, created_by, seq, key_name, last_update_date, parent_oid, child_oid) VALUES (NULL, 'www.runwaysdk.com', '000000000000000000000000000000100060', '03td1k3hoorse8e911v2zfdtd0wyxa0d0245', '000000000000000000000000000000100060', NULL, '2014-02-10 12:13:54', 'com.runwaysdk.system.metadata.ClassAttributeConcrete', '000000000000000000000000000000100060', 4600, 'com.runwaysdk.system.scheduler.JobHistoryHistoryInformation.oid', '2014-02-10 12:13:54', 'qp07ac4ckrfbmoon7a84mpl6a6yzn16l0000000000000000000MdLocalStruct', 'r4llx3xvoclq434ouccd9gkojqzbfdxx0067');
 INSERT INTO visibilitymodifier (set_id, item_id)  VALUES  ('zjolluoy5rb0wjs9jlp5ttc0rmzykf12', '20071109NM00000000000000000000050113');
INSERT INTO metadata_display_label ( default_locale, oid, site_master, key_name) VALUES ('Site Master', 'sohqh04rk9xhjz9ckr58cg2630h953v40287', 'www.runwaysdk.com', 'sohqh04rk9xhjz9ckr58cg2630h953v40287');
 INSERT INTO visibilitymodifier (set_id, item_id)  VALUES  ('xd37f1vl47gkyj89c3sxdzi52n49mp5r', '20071109NM00000000000000000000050113');
 INSERT INTO md_attribute_indicies (set_id, item_id)  VALUES  ('1wm3vex4x66tvj9yc7rekjrhmglnl69b', '000000000000000000000000000004010085');
INSERT INTO metadata_display_label ( default_locale, oid, site_master, key_name) VALUES ('The name of the site responsible for this object', 'slkuhg6rkhuxb9smzbq1erwklblxw6in0287', 'www.runwaysdk.com', 'slkuhg6rkhuxb9smzbq1erwklblxw6in0287');
INSERT INTO md_attribute_character ( default_value, database_size, oid) VALUES (NULL, 255, '8ikz5kkigqmy6x52y9uf9qbvzb4o5yo70067');
INSERT INTO md_attribute_char ( oid) VALUES ('8ikz5kkigqmy6x52y9uf9qbvzb4o5yo70067');
INSERT INTO md_attribute_primitive ( oid) VALUES ('8ikz5kkigqmy6x52y9uf9qbvzb4o5yo70067');
INSERT INTO md_attribute_concrete ( column_name, defining_md_class, setter_visibility, setter_visibility_c, immutable, index_name, generate_accessor, system, required, display_label, getter_visibility, getter_visibility_c, index_type, index_type_c, attribute_name, oid) VALUES ('site_master', 'qp07ac4ckrfbmoon7a84mpl6a6yzn16l0000000000000000000MdLocalStruct', 'zjolluoy5rb0wjs9jlp5ttc0rmzykf12', '20071109NM00000000000000000000050113', 1, 'a3ihj0dj7zt5al8vrsy2qwqhaqqox7', 1, 1, 1, 'sohqh04rk9xhjz9ckr58cg2630h953v40287', 'xd37f1vl47gkyj89c3sxdzi52n49mp5r', '20071109NM00000000000000000000050113', '1wm3vex4x66tvj9yc7rekjrhmglnl69b', '000000000000000000000000000004010085', 'siteMaster', '8ikz5kkigqmy6x52y9uf9qbvzb4o5yo70067');
INSERT INTO md_attribute ( oid) VALUES ('8ikz5kkigqmy6x52y9uf9qbvzb4o5yo70067');
INSERT INTO metadata ( description, created_by, owner, oid, create_date, seq, type, remove, site_master, locked_by, entity_domain, last_updated_by, last_update_date, key_name) VALUES ('slkuhg6rkhuxb9smzbq1erwklblxw6in0287', '000000000000000000000000000000100060', '000000000000000000000000000000100060', '8ikz5kkigqmy6x52y9uf9qbvzb4o5yo70067', '2014-02-10 12:13:54', 4601, 'com.runwaysdk.system.metadata.MdAttributeCharacter', 0, 'www.runwaysdk.com', NULL, NULL, '000000000000000000000000000000100060', '2014-02-10 12:13:54', 'com.runwaysdk.system.scheduler.JobHistoryHistoryInformation.siteMaster');
ALTER TABLE job_history_history_informatio ADD COLUMN site_master  varchar(255);
INSERT INTO class_attribute_concrete ( oid, parent_oid, child_oid) VALUES ('srj9btbghgkszxcfslvwylt7oj9ypcer0245', 'qp07ac4ckrfbmoon7a84mpl6a6yzn16l0000000000000000000MdLocalStruct', '8ikz5kkigqmy6x52y9uf9qbvzb4o5yo70067');
INSERT INTO class_attribute ( oid, parent_oid, child_oid) VALUES ('srj9btbghgkszxcfslvwylt7oj9ypcer0245', 'qp07ac4ckrfbmoon7a84mpl6a6yzn16l0000000000000000000MdLocalStruct', '8ikz5kkigqmy6x52y9uf9qbvzb4o5yo70067');
INSERT INTO metadata_relationship ( entity_domain, site_master, last_updated_by, oid, owner, locked_by, create_date, type, created_by, seq, key_name, last_update_date, parent_oid, child_oid) VALUES (NULL, 'www.runwaysdk.com', '000000000000000000000000000000100060', 'srj9btbghgkszxcfslvwylt7oj9ypcer0245', '000000000000000000000000000000100060', NULL, '2014-02-10 12:13:54', 'com.runwaysdk.system.metadata.ClassAttributeConcrete', '000000000000000000000000000000100060', 4602, 'com.runwaysdk.system.scheduler.JobHistoryHistoryInformation.siteMaster', '2014-02-10 12:13:54', 'qp07ac4ckrfbmoon7a84mpl6a6yzn16l0000000000000000000MdLocalStruct', '8ikz5kkigqmy6x52y9uf9qbvzb4o5yo70067');
 INSERT INTO visibilitymodifier (set_id, item_id)  VALUES  ('qm951itji2o0z8e9ew65d7msx65oyj0x', '20071109NM00000000000000000000050113');
INSERT INTO metadata_display_label ( default_locale, oid, site_master, key_name) VALUES ('Key Name', '8iwe47nrn40zmo5pho61v3shu48tvpd10287', 'www.runwaysdk.com', '8iwe47nrn40zmo5pho61v3shu48tvpd10287');
 INSERT INTO visibilitymodifier (set_id, item_id)  VALUES  ('st32diap29z5con5miptvk8znaw4sydu', '20071109NM00000000000000000000050113');
 INSERT INTO md_attribute_indicies (set_id, item_id)  VALUES  ('xvumse1s4n6shw3vfs9r6iq5tjshq2wv', '000000000000000000000000000004090085');
INSERT INTO metadata_display_label ( default_locale, oid, site_master, key_name) VALUES ('Key which uniquely identifies each instance of this type heirarchy.', 'z4fv8z3xlzoz30dnhnpnx2hvqkuq4cv50287', 'www.runwaysdk.com', 'z4fv8z3xlzoz30dnhnpnx2hvqkuq4cv50287');
INSERT INTO md_attribute_character ( default_value, database_size, oid) VALUES (NULL, 255, 'szm3q72o75pm8zppby7cxncyzewltf3h0067');
INSERT INTO md_attribute_char ( oid) VALUES ('szm3q72o75pm8zppby7cxncyzewltf3h0067');
INSERT INTO md_attribute_primitive ( oid) VALUES ('szm3q72o75pm8zppby7cxncyzewltf3h0067');
INSERT INTO md_attribute_concrete ( column_name, defining_md_class, setter_visibility, setter_visibility_c, immutable, index_name, generate_accessor, system, required, display_label, getter_visibility, getter_visibility_c, index_type, index_type_c, attribute_name, oid) VALUES ('key_name', 'qp07ac4ckrfbmoon7a84mpl6a6yzn16l0000000000000000000MdLocalStruct', 'qm951itji2o0z8e9ew65d7msx65oyj0x', '20071109NM00000000000000000000050113', 0, 'akrj5a95klft4goz6bcztmfpbhmhet', 1, 0, 1, '8iwe47nrn40zmo5pho61v3shu48tvpd10287', 'st32diap29z5con5miptvk8znaw4sydu', '20071109NM00000000000000000000050113', 'xvumse1s4n6shw3vfs9r6iq5tjshq2wv', '000000000000000000000000000004090085', 'keyName', 'szm3q72o75pm8zppby7cxncyzewltf3h0067');
INSERT INTO md_attribute ( oid) VALUES ('szm3q72o75pm8zppby7cxncyzewltf3h0067');
INSERT INTO metadata ( description, created_by, owner, oid, create_date, seq, type, remove, site_master, locked_by, entity_domain, last_updated_by, last_update_date, key_name) VALUES ('z4fv8z3xlzoz30dnhnpnx2hvqkuq4cv50287', '000000000000000000000000000000100060', '000000000000000000000000000000100060', 'szm3q72o75pm8zppby7cxncyzewltf3h0067', '2014-02-10 12:13:54', 4603, 'com.runwaysdk.system.metadata.MdAttributeCharacter', 1, 'www.runwaysdk.com', NULL, NULL, '000000000000000000000000000000100060', '2014-02-10 12:13:54', 'com.runwaysdk.system.scheduler.JobHistoryHistoryInformation.keyName');
ALTER TABLE job_history_history_informatio ADD COLUMN key_name  varchar(255);
INSERT INTO class_attribute_concrete ( oid, parent_oid, child_oid) VALUES ('75ywsw09co069vfc5s47dkzoajjzg8pa0245', 'qp07ac4ckrfbmoon7a84mpl6a6yzn16l0000000000000000000MdLocalStruct', 'szm3q72o75pm8zppby7cxncyzewltf3h0067');
INSERT INTO class_attribute ( oid, parent_oid, child_oid) VALUES ('75ywsw09co069vfc5s47dkzoajjzg8pa0245', 'qp07ac4ckrfbmoon7a84mpl6a6yzn16l0000000000000000000MdLocalStruct', 'szm3q72o75pm8zppby7cxncyzewltf3h0067');
INSERT INTO metadata_relationship ( entity_domain, site_master, last_updated_by, oid, owner, locked_by, create_date, type, created_by, seq, key_name, last_update_date, parent_oid, child_oid) VALUES (NULL, 'www.runwaysdk.com', '000000000000000000000000000000100060', '75ywsw09co069vfc5s47dkzoajjzg8pa0245', '000000000000000000000000000000100060', NULL, '2014-02-10 12:13:54', 'com.runwaysdk.system.metadata.ClassAttributeConcrete', '000000000000000000000000000000100060', 4604, 'com.runwaysdk.system.scheduler.JobHistoryHistoryInformation.keyName', '2014-02-10 12:13:54', 'qp07ac4ckrfbmoon7a84mpl6a6yzn16l0000000000000000000MdLocalStruct', 'szm3q72o75pm8zppby7cxncyzewltf3h0067');
CREATE UNIQUE INDEX akrj5a95klft4goz6bcztmfpbhmhet ON job_history_history_informatio (key_name);
INSERT INTO metadata_display_label ( default_locale, oid, site_master, key_name) VALUES (NULL, '096clmtijjtmzu25qp7fmurqf9gd01t70287', 'www.runwaysdk.com', '096clmtijjtmzu25qp7fmurqf9gd01t70287');
INSERT INTO metadata_display_label ( default_locale, oid, site_master, key_name) VALUES (NULL, 'xfhzrnt7guwmxnq9xl789lvw7p70rk9z0287', 'www.runwaysdk.com', 'xfhzrnt7guwmxnq9xl789lvw7p70rk9z0287');
INSERT INTO md_controller ( stub_source, oid) VALUES (NULL, 'sd6vswojsrj80zsk4qz9rb7opvlqn6tu0130');
INSERT INTO md_type ( display_label, root_id, package_name, type_name, base_source, js_base, js_stub, exported, dto_source, oid) VALUES ('096clmtijjtmzu25qp7fmurqf9gd01t70287', 'sd6vswojsrj80zsk4qz9rb7opvlqn6tu', 'com.runwaysdk.system.scheduler', 'JobHistoryHistoryInformationController', NULL, NULL, NULL, 1, NULL, 'sd6vswojsrj80zsk4qz9rb7opvlqn6tu0130');
INSERT INTO metadata ( description, created_by, owner, oid, create_date, seq, type, remove, site_master, locked_by, entity_domain, last_updated_by, last_update_date, key_name) VALUES ('xfhzrnt7guwmxnq9xl789lvw7p70rk9z0287', '000000000000000000000000000000100060', '000000000000000000000000000000100060', 'sd6vswojsrj80zsk4qz9rb7opvlqn6tu0130', '2014-02-10 12:13:54', 4605, 'com.runwaysdk.system.metadata.MdController', 1, 'www.runwaysdk.com', NULL, NULL, '000000000000000000000000000000100060', '2014-02-10 12:13:54', 'com.runwaysdk.system.scheduler.JobHistoryHistoryInformationController');
INSERT INTO metadata_display_label ( default_locale, oid, site_master, key_name) VALUES ('View Page', 'swd51ntvn15qmasyidokbbgcjpnffrth0287', 'www.runwaysdk.com', 'swd51ntvn15qmasyidokbbgcjpnffrth0287');
INSERT INTO metadata_display_label ( default_locale, oid, site_master, key_name) VALUES ('Loads a ViewAll query for a specific page into the request object', 'xun6fcu6fuhcnfbuxrnrmuzpxspfctws0287', 'www.runwaysdk.com', 'xun6fcu6fuhcnfbuxrnrmuzpxspfctws0287');
INSERT INTO md_action ( is_query, enclosing_md_controller, is_post, action_name, display_label, oid) VALUES (1, 'sd6vswojsrj80zsk4qz9rb7opvlqn6tu0130', 0, 'viewPage', 'swd51ntvn15qmasyidokbbgcjpnffrth0287', 'xudwde4hvv3r6hhz898ocie4zhf206280131');
INSERT INTO metadata ( description, created_by, owner, oid, create_date, seq, type, remove, site_master, locked_by, entity_domain, last_updated_by, last_update_date, key_name) VALUES ('xun6fcu6fuhcnfbuxrnrmuzpxspfctws0287', '000000000000000000000000000000100060', '000000000000000000000000000000100060', 'xudwde4hvv3r6hhz898ocie4zhf206280131', '2014-02-10 12:13:54', 4606, 'com.runwaysdk.system.metadata.MdAction', 1, 'www.runwaysdk.com', NULL, NULL, '000000000000000000000000000000100060', '2014-02-10 12:13:54', 'com.runwaysdk.system.scheduler.JobHistoryHistoryInformationController.viewPage');
INSERT INTO controller_action ( key_name, locked_by, oid, owner, entity_domain, created_by, type, last_update_date, create_date, seq, last_updated_by, site_master, parent_oid, child_oid) VALUES ('com.runwaysdk.system.scheduler.JobHistoryHistoryInformationController.viewPage', NULL, 'z7zumgxpxfrd1q0q8qpna5i1vuqw8zgt0264', '000000000000000000000000000000100060', NULL, '000000000000000000000000000000100060', 'com.runwaysdk.system.ControllerAction', '2014-02-10 12:13:54', '2014-02-10 12:13:54', 4607, '000000000000000000000000000000100060', 'www.runwaysdk.com', 'sd6vswojsrj80zsk4qz9rb7opvlqn6tu0130', 'xudwde4hvv3r6hhz898ocie4zhf206280131');
INSERT INTO metadata_display_label ( default_locale, oid, site_master, key_name) VALUES ('Sort Attribute', 'xyux99dteyoczm7rl2trbplboprc4g940287', 'www.runwaysdk.com', 'xyux99dteyoczm7rl2trbplboprc4g940287');
INSERT INTO metadata_display_label ( default_locale, oid, site_master, key_name) VALUES (NULL, '8xplmmhmxjbrve9l4sv11vhfy1rs6avm0287', 'www.runwaysdk.com', '8xplmmhmxjbrve9l4sv11vhfy1rs6avm0287');
INSERT INTO md_parameter ( metadata, parameter_order, parameter_name, parameter_type, display_label, oid) VALUES ('xudwde4hvv3r6hhz898ocie4zhf206280131', -4, 'sortAttribute', 'java.lang.String', 'xyux99dteyoczm7rl2trbplboprc4g940287', '8zb9mrgjknb0syarslyxnaxl3ripzv7d0110');
INSERT INTO metadata ( description, created_by, owner, oid, create_date, seq, type, remove, site_master, locked_by, entity_domain, last_updated_by, last_update_date, key_name) VALUES ('8xplmmhmxjbrve9l4sv11vhfy1rs6avm0287', '000000000000000000000000000000100060', '000000000000000000000000000000100060', '8zb9mrgjknb0syarslyxnaxl3ripzv7d0110', '2014-02-10 12:13:54', 4608, 'com.runwaysdk.system.metadata.MdParameter', 1, 'www.runwaysdk.com', NULL, NULL, '000000000000000000000000000000100060', '2014-02-10 12:13:54', 'com.runwaysdk.system.scheduler.JobHistoryHistoryInformationController.viewPage.sortAttribute');
INSERT INTO metadata_parameter ( site_master, last_updated_by, create_date, seq, locked_by, entity_domain, created_by, type, last_update_date, key_name, owner, oid, parent_oid, child_oid) VALUES ('www.runwaysdk.com', '000000000000000000000000000000100060', '2014-02-10 12:13:54', 4609, NULL, NULL, '000000000000000000000000000000100060', 'com.runwaysdk.system.MetadataParameter', '2014-02-10 12:13:54', 'com.runwaysdk.system.scheduler.JobHistoryHistoryInformationController.viewPage.sortAttribute', '000000000000000000000000000000100060', 'rcvbkcomsyfse9kxt97rv1nljt6ltqd60256', 'xudwde4hvv3r6hhz898ocie4zhf206280131', '8zb9mrgjknb0syarslyxnaxl3ripzv7d0110');
INSERT INTO metadata_display_label ( default_locale, oid, site_master, key_name) VALUES ('Is Ascending', 'sa6zv3hrrgumipt47yxb5992qxk96e7m0287', 'www.runwaysdk.com', 'sa6zv3hrrgumipt47yxb5992qxk96e7m0287');
INSERT INTO metadata_display_label ( default_locale, oid, site_master, key_name) VALUES (NULL, 'xc1ktl9twrtjr8dyrkwjjxkiuor0ortk0287', 'www.runwaysdk.com', 'xc1ktl9twrtjr8dyrkwjjxkiuor0ortk0287');
INSERT INTO md_parameter ( metadata, parameter_order, parameter_name, parameter_type, display_label, oid) VALUES ('xudwde4hvv3r6hhz898ocie4zhf206280131', -3, 'isAscending', 'java.lang.Boolean', 'sa6zv3hrrgumipt47yxb5992qxk96e7m0287', 'swm17btit3688lsim0wsnlcymk7nfqik0110');
INSERT INTO metadata ( description, created_by, owner, oid, create_date, seq, type, remove, site_master, locked_by, entity_domain, last_updated_by, last_update_date, key_name) VALUES ('xc1ktl9twrtjr8dyrkwjjxkiuor0ortk0287', '000000000000000000000000000000100060', '000000000000000000000000000000100060', 'swm17btit3688lsim0wsnlcymk7nfqik0110', '2014-02-10 12:13:54', 4610, 'com.runwaysdk.system.metadata.MdParameter', 1, 'www.runwaysdk.com', NULL, NULL, '000000000000000000000000000000100060', '2014-02-10 12:13:54', 'com.runwaysdk.system.scheduler.JobHistoryHistoryInformationController.viewPage.isAscending');
INSERT INTO metadata_parameter ( site_master, last_updated_by, create_date, seq, locked_by, entity_domain, created_by, type, last_update_date, key_name, owner, oid, parent_oid, child_oid) VALUES ('www.runwaysdk.com', '000000000000000000000000000000100060', '2014-02-10 12:13:54', 4611, NULL, NULL, '000000000000000000000000000000100060', 'com.runwaysdk.system.MetadataParameter', '2014-02-10 12:13:54', 'com.runwaysdk.system.scheduler.JobHistoryHistoryInformationController.viewPage.isAscending', '000000000000000000000000000000100060', 'qn11078om5l5l5l2ynw9czgop1ed6xz30256', 'xudwde4hvv3r6hhz898ocie4zhf206280131', 'swm17btit3688lsim0wsnlcymk7nfqik0110');
INSERT INTO metadata_display_label ( default_locale, oid, site_master, key_name) VALUES ('Page Size', 'qxe3gjujpydbpgnhlzk8dt7mouz0gx2d0287', 'www.runwaysdk.com', 'qxe3gjujpydbpgnhlzk8dt7mouz0gx2d0287');
INSERT INTO metadata_display_label ( default_locale, oid, site_master, key_name) VALUES (NULL, '8fkmt0czmbfdcavuy95a0x17f4c2l6wa0287', 'www.runwaysdk.com', '8fkmt0czmbfdcavuy95a0x17f4c2l6wa0287');
INSERT INTO md_parameter ( metadata, parameter_order, parameter_name, parameter_type, display_label, oid) VALUES ('xudwde4hvv3r6hhz898ocie4zhf206280131', -2, 'pageSize', 'java.lang.Integer', 'qxe3gjujpydbpgnhlzk8dt7mouz0gx2d0287', '6qbd0cfpii4toaws317gnar8szvztfc30110');
INSERT INTO metadata ( description, created_by, owner, oid, create_date, seq, type, remove, site_master, locked_by, entity_domain, last_updated_by, last_update_date, key_name) VALUES ('8fkmt0czmbfdcavuy95a0x17f4c2l6wa0287', '000000000000000000000000000000100060', '000000000000000000000000000000100060', '6qbd0cfpii4toaws317gnar8szvztfc30110', '2014-02-10 12:13:54', 4612, 'com.runwaysdk.system.metadata.MdParameter', 1, 'www.runwaysdk.com', NULL, NULL, '000000000000000000000000000000100060', '2014-02-10 12:13:54', 'com.runwaysdk.system.scheduler.JobHistoryHistoryInformationController.viewPage.pageSize');
INSERT INTO metadata_parameter ( site_master, last_updated_by, create_date, seq, locked_by, entity_domain, created_by, type, last_update_date, key_name, owner, oid, parent_oid, child_oid) VALUES ('www.runwaysdk.com', '000000000000000000000000000000100060', '2014-02-10 12:13:54', 4613, NULL, NULL, '000000000000000000000000000000100060', 'com.runwaysdk.system.MetadataParameter', '2014-02-10 12:13:54', 'com.runwaysdk.system.scheduler.JobHistoryHistoryInformationController.viewPage.pageSize', '000000000000000000000000000000100060', 'yz14huykmydcj4jgr428qqo8iscgvdug0256', 'xudwde4hvv3r6hhz898ocie4zhf206280131', '6qbd0cfpii4toaws317gnar8szvztfc30110');
INSERT INTO metadata_display_label ( default_locale, oid, site_master, key_name) VALUES ('Page Number', 'z1j7hme4jhu7nmqj45s1aq260j20d30r0287', 'www.runwaysdk.com', 'z1j7hme4jhu7nmqj45s1aq260j20d30r0287');
INSERT INTO metadata_display_label ( default_locale, oid, site_master, key_name) VALUES (NULL, '0t2zbb033msh89uc8xqi00qjn7lw6ipa0287', 'www.runwaysdk.com', '0t2zbb033msh89uc8xqi00qjn7lw6ipa0287');
INSERT INTO md_parameter ( metadata, parameter_order, parameter_name, parameter_type, display_label, oid) VALUES ('xudwde4hvv3r6hhz898ocie4zhf206280131', -1, 'pageNumber', 'java.lang.Integer', 'z1j7hme4jhu7nmqj45s1aq260j20d30r0287', 'sm5x6madrxseptz2vfwasmprnxt9o31j0110');
INSERT INTO metadata ( description, created_by, owner, oid, create_date, seq, type, remove, site_master, locked_by, entity_domain, last_updated_by, last_update_date, key_name) VALUES ('0t2zbb033msh89uc8xqi00qjn7lw6ipa0287', '000000000000000000000000000000100060', '000000000000000000000000000000100060', 'sm5x6madrxseptz2vfwasmprnxt9o31j0110', '2014-02-10 12:13:54', 4614, 'com.runwaysdk.system.metadata.MdParameter', 1, 'www.runwaysdk.com', NULL, NULL, '000000000000000000000000000000100060', '2014-02-10 12:13:54', 'com.runwaysdk.system.scheduler.JobHistoryHistoryInformationController.viewPage.pageNumber');
INSERT INTO metadata_parameter ( site_master, last_updated_by, create_date, seq, locked_by, entity_domain, created_by, type, last_update_date, key_name, owner, oid, parent_oid, child_oid) VALUES ('www.runwaysdk.com', '000000000000000000000000000000100060', '2014-02-10 12:13:54', 4615, NULL, NULL, '000000000000000000000000000000100060', 'com.runwaysdk.system.MetadataParameter', '2014-02-10 12:13:54', 'com.runwaysdk.system.scheduler.JobHistoryHistoryInformationController.viewPage.pageNumber', '000000000000000000000000000000100060', '0pfl8lluwl2bu27xae20tnpkam63oivz0256', 'xudwde4hvv3r6hhz898ocie4zhf206280131', 'sm5x6madrxseptz2vfwasmprnxt9o31j0110');
INSERT INTO metadata_display_label ( default_locale, oid, site_master, key_name) VALUES ('View All', '2dv19cmeirqyiexk40m7arfq5d0hdrk90287', 'www.runwaysdk.com', '2dv19cmeirqyiexk40m7arfq5d0hdrk90287');
INSERT INTO metadata_display_label ( default_locale, oid, site_master, key_name) VALUES ('Loads a ViewAll query with the default settings', '0g06mgpezh459t4dfozmqddak429jg9x0287', 'www.runwaysdk.com', '0g06mgpezh459t4dfozmqddak429jg9x0287');
INSERT INTO md_action ( is_query, enclosing_md_controller, is_post, action_name, display_label, oid) VALUES (0, 'sd6vswojsrj80zsk4qz9rb7opvlqn6tu0130', 0, 'viewAll', '2dv19cmeirqyiexk40m7arfq5d0hdrk90287', 'rd2w5x9bt9nnxicwbnzlcjq4hc4wuwan0131');
INSERT INTO metadata ( description, created_by, owner, oid, create_date, seq, type, remove, site_master, locked_by, entity_domain, last_updated_by, last_update_date, key_name) VALUES ('0g06mgpezh459t4dfozmqddak429jg9x0287', '000000000000000000000000000000100060', '000000000000000000000000000000100060', 'rd2w5x9bt9nnxicwbnzlcjq4hc4wuwan0131', '2014-02-10 12:13:54', 4616, 'com.runwaysdk.system.metadata.MdAction', 1, 'www.runwaysdk.com', NULL, NULL, '000000000000000000000000000000100060', '2014-02-10 12:13:54', 'com.runwaysdk.system.scheduler.JobHistoryHistoryInformationController.viewAll');
INSERT INTO controller_action ( key_name, locked_by, oid, owner, entity_domain, created_by, type, last_update_date, create_date, seq, last_updated_by, site_master, parent_oid, child_oid) VALUES ('com.runwaysdk.system.scheduler.JobHistoryHistoryInformationController.viewAll', NULL, 'z6dc07uggurjnz5js8mwmdgy5p466aeq0264', '000000000000000000000000000000100060', NULL, '000000000000000000000000000000100060', 'com.runwaysdk.system.ControllerAction', '2014-02-10 12:13:54', '2014-02-10 12:13:54', 4617, '000000000000000000000000000000100060', 'www.runwaysdk.com', 'sd6vswojsrj80zsk4qz9rb7opvlqn6tu0130', 'rd2w5x9bt9nnxicwbnzlcjq4hc4wuwan0131');
INSERT INTO metadata_display_label ( default_locale, oid, site_master, key_name) VALUES ('View', 'xsbsra3743z9364bcsr662i9uqj1owhy0287', 'www.runwaysdk.com', 'xsbsra3743z9364bcsr662i9uqj1owhy0287');
INSERT INTO metadata_display_label ( default_locale, oid, site_master, key_name) VALUES ('View an existing instance of com.runwaysdk.system.scheduler.JobHistoryHistoryInformation', '6tb1zl8c88g9s0y2wa7y1elhgeljcjqe0287', 'www.runwaysdk.com', '6tb1zl8c88g9s0y2wa7y1elhgeljcjqe0287');
INSERT INTO md_action ( is_query, enclosing_md_controller, is_post, action_name, display_label, oid) VALUES (0, 'sd6vswojsrj80zsk4qz9rb7opvlqn6tu0130', 0, 'view', 'xsbsra3743z9364bcsr662i9uqj1owhy0287', 'xhaa0lc07j6erqsz8bu47ecf47zys9vw0131');
INSERT INTO metadata ( description, created_by, owner, oid, create_date, seq, type, remove, site_master, locked_by, entity_domain, last_updated_by, last_update_date, key_name) VALUES ('6tb1zl8c88g9s0y2wa7y1elhgeljcjqe0287', '000000000000000000000000000000100060', '000000000000000000000000000000100060', 'xhaa0lc07j6erqsz8bu47ecf47zys9vw0131', '2014-02-10 12:13:54', 4618, 'com.runwaysdk.system.metadata.MdAction', 1, 'www.runwaysdk.com', NULL, NULL, '000000000000000000000000000000100060', '2014-02-10 12:13:54', 'com.runwaysdk.system.scheduler.JobHistoryHistoryInformationController.view');
INSERT INTO controller_action ( key_name, locked_by, oid, owner, entity_domain, created_by, type, last_update_date, create_date, seq, last_updated_by, site_master, parent_oid, child_oid) VALUES ('com.runwaysdk.system.scheduler.JobHistoryHistoryInformationController.view', NULL, '6wglf25vkgcgsajxvw2pcblhnriz85ze0264', '000000000000000000000000000000100060', NULL, '000000000000000000000000000000100060', 'com.runwaysdk.system.ControllerAction', '2014-02-10 12:13:54', '2014-02-10 12:13:54', 4619, '000000000000000000000000000000100060', 'www.runwaysdk.com', 'sd6vswojsrj80zsk4qz9rb7opvlqn6tu0130', 'xhaa0lc07j6erqsz8bu47ecf47zys9vw0131');
INSERT INTO metadata_display_label ( default_locale, oid, site_master, key_name) VALUES ('Parameter: com.runwaysdk.system.scheduler.JobHistoryHistoryInformation - oid', '079wm0fsq0khh5xfhb5jj638tfxc5ynm0287', 'www.runwaysdk.com', '079wm0fsq0khh5xfhb5jj638tfxc5ynm0287');
INSERT INTO metadata_display_label ( default_locale, oid, site_master, key_name) VALUES ('Id of com.runwaysdk.system.scheduler.JobHistoryHistoryInformation to view.', '6qcb66fkty6h4r8giucafjmv5maoh57a0287', 'www.runwaysdk.com', '6qcb66fkty6h4r8giucafjmv5maoh57a0287');
INSERT INTO md_parameter ( metadata, parameter_order, parameter_name, parameter_type, display_label, oid) VALUES ('xhaa0lc07j6erqsz8bu47ecf47zys9vw0131', 0, 'oid', 'java.lang.String', '079wm0fsq0khh5xfhb5jj638tfxc5ynm0287', 'rdfoputv0a6c9nqlug991xn6tax20p2b0110');
INSERT INTO metadata ( description, created_by, owner, oid, create_date, seq, type, remove, site_master, locked_by, entity_domain, last_updated_by, last_update_date, key_name) VALUES ('6qcb66fkty6h4r8giucafjmv5maoh57a0287', '000000000000000000000000000000100060', '000000000000000000000000000000100060', 'rdfoputv0a6c9nqlug991xn6tax20p2b0110', '2014-02-10 12:13:54', 4620, 'com.runwaysdk.system.metadata.MdParameter', 1, 'www.runwaysdk.com', NULL, NULL, '000000000000000000000000000000100060', '2014-02-10 12:13:54', 'com.runwaysdk.system.scheduler.JobHistoryHistoryInformationController.view.oid');
INSERT INTO metadata_parameter ( site_master, last_updated_by, create_date, seq, locked_by, entity_domain, created_by, type, last_update_date, key_name, owner, oid, parent_oid, child_oid) VALUES ('www.runwaysdk.com', '000000000000000000000000000000100060', '2014-02-10 12:13:54', 4621, NULL, NULL, '000000000000000000000000000000100060', 'com.runwaysdk.system.MetadataParameter', '2014-02-10 12:13:54', 'com.runwaysdk.system.scheduler.JobHistoryHistoryInformationController.view.oid', '000000000000000000000000000000100060', '0ol9bh8eiezgx7ypy8xpfr7sp54t7quu0256', 'xhaa0lc07j6erqsz8bu47ecf47zys9vw0131', 'rdfoputv0a6c9nqlug991xn6tax20p2b0110');
INSERT INTO metadata_display_label ( default_locale, oid, site_master, key_name) VALUES ('New Instance', 'xp36n1lsksx79zxdreyh068lia5nix5u0287', 'www.runwaysdk.com', 'xp36n1lsksx79zxdreyh068lia5nix5u0287');
INSERT INTO metadata_display_label ( default_locale, oid, site_master, key_name) VALUES ('Loads a new instance of com.runwaysdk.system.scheduler.JobHistoryHistoryInformation into the request object', '8t4e0gl99mnap5dxmxgvxy054ihfmbxu0287', 'www.runwaysdk.com', '8t4e0gl99mnap5dxmxgvxy054ihfmbxu0287');
INSERT INTO md_action ( is_query, enclosing_md_controller, is_post, action_name, display_label, oid) VALUES (0, 'sd6vswojsrj80zsk4qz9rb7opvlqn6tu0130', 0, 'newInstance', 'xp36n1lsksx79zxdreyh068lia5nix5u0287', 'sxbr7s8h1r2gsqxwmclricszarfr4sfg0131');
INSERT INTO metadata ( description, created_by, owner, oid, create_date, seq, type, remove, site_master, locked_by, entity_domain, last_updated_by, last_update_date, key_name) VALUES ('8t4e0gl99mnap5dxmxgvxy054ihfmbxu0287', '000000000000000000000000000000100060', '000000000000000000000000000000100060', 'sxbr7s8h1r2gsqxwmclricszarfr4sfg0131', '2014-02-10 12:13:54', 4622, 'com.runwaysdk.system.metadata.MdAction', 1, 'www.runwaysdk.com', NULL, NULL, '000000000000000000000000000000100060', '2014-02-10 12:13:54', 'com.runwaysdk.system.scheduler.JobHistoryHistoryInformationController.newInstance');
INSERT INTO controller_action ( key_name, locked_by, oid, owner, entity_domain, created_by, type, last_update_date, create_date, seq, last_updated_by, site_master, parent_oid, child_oid) VALUES ('com.runwaysdk.system.scheduler.JobHistoryHistoryInformationController.newInstance', NULL, '6vf4atphfu8fiu5713p6jlpjfqwi47hh0264', '000000000000000000000000000000100060', NULL, '000000000000000000000000000000100060', 'com.runwaysdk.system.ControllerAction', '2014-02-10 12:13:54', '2014-02-10 12:13:54', 4623, '000000000000000000000000000000100060', 'www.runwaysdk.com', 'sd6vswojsrj80zsk4qz9rb7opvlqn6tu0130', 'sxbr7s8h1r2gsqxwmclricszarfr4sfg0131');
INSERT INTO metadata_display_label ( default_locale, oid, site_master, key_name) VALUES ('Create', '8hacmgz0hl2r8xrjhkx6w6kkmsm8u6xe0287', 'www.runwaysdk.com', '8hacmgz0hl2r8xrjhkx6w6kkmsm8u6xe0287');
INSERT INTO metadata_display_label ( default_locale, oid, site_master, key_name) VALUES ('Applys a new instance of com.runwaysdk.system.scheduler.JobHistoryHistoryInformation', 'rdr50m3w6qsu4q0pdjj8d2p152kgucmv0287', 'www.runwaysdk.com', 'rdr50m3w6qsu4q0pdjj8d2p152kgucmv0287');
INSERT INTO md_action ( is_query, enclosing_md_controller, is_post, action_name, display_label, oid) VALUES (0, 'sd6vswojsrj80zsk4qz9rb7opvlqn6tu0130', 1, 'create', '8hacmgz0hl2r8xrjhkx6w6kkmsm8u6xe0287', 'r24efq58djfh5pdw788pggijre3pojbj0131');
INSERT INTO metadata ( description, created_by, owner, oid, create_date, seq, type, remove, site_master, locked_by, entity_domain, last_updated_by, last_update_date, key_name) VALUES ('rdr50m3w6qsu4q0pdjj8d2p152kgucmv0287', '000000000000000000000000000000100060', '000000000000000000000000000000100060', 'r24efq58djfh5pdw788pggijre3pojbj0131', '2014-02-10 12:13:54', 4624, 'com.runwaysdk.system.metadata.MdAction', 1, 'www.runwaysdk.com', NULL, NULL, '000000000000000000000000000000100060', '2014-02-10 12:13:54', 'com.runwaysdk.system.scheduler.JobHistoryHistoryInformationController.create');
INSERT INTO controller_action ( key_name, locked_by, oid, owner, entity_domain, created_by, type, last_update_date, create_date, seq, last_updated_by, site_master, parent_oid, child_oid) VALUES ('com.runwaysdk.system.scheduler.JobHistoryHistoryInformationController.create', NULL, '6nncedh0j2skjxstj1yc1g6hoc8ti5p60264', '000000000000000000000000000000100060', NULL, '000000000000000000000000000000100060', 'com.runwaysdk.system.ControllerAction', '2014-02-10 12:13:54', '2014-02-10 12:13:54', 4625, '000000000000000000000000000000100060', 'www.runwaysdk.com', 'sd6vswojsrj80zsk4qz9rb7opvlqn6tu0130', 'r24efq58djfh5pdw788pggijre3pojbj0131');
INSERT INTO metadata_display_label ( default_locale, oid, site_master, key_name) VALUES ('Parameter: com.runwaysdk.system.scheduler.JobHistoryHistoryInformation', '8d3o95wt1eoc8fsj04h0fpjxlr8lcl3v0287', 'www.runwaysdk.com', '8d3o95wt1eoc8fsj04h0fpjxlr8lcl3v0287');
INSERT INTO metadata_display_label ( default_locale, oid, site_master, key_name) VALUES ('com.runwaysdk.system.scheduler.JobHistoryHistoryInformation to apply to the database', 'r8vdsxjg8dyo7xs8adfbq8ig7ahdparu0287', 'www.runwaysdk.com', 'r8vdsxjg8dyo7xs8adfbq8ig7ahdparu0287');
INSERT INTO md_parameter ( metadata, parameter_order, parameter_name, parameter_type, display_label, oid) VALUES ('r24efq58djfh5pdw788pggijre3pojbj0131', 0, 'dto', 'com.runwaysdk.system.scheduler.JobHistoryHistoryInformation', '8d3o95wt1eoc8fsj04h0fpjxlr8lcl3v0287', '26cxdey2m7xnvwz0g47laua8i13cjfiq0110');
INSERT INTO metadata ( description, created_by, owner, oid, create_date, seq, type, remove, site_master, locked_by, entity_domain, last_updated_by, last_update_date, key_name) VALUES ('r8vdsxjg8dyo7xs8adfbq8ig7ahdparu0287', '000000000000000000000000000000100060', '000000000000000000000000000000100060', '26cxdey2m7xnvwz0g47laua8i13cjfiq0110', '2014-02-10 12:13:54', 4626, 'com.runwaysdk.system.metadata.MdParameter', 1, 'www.runwaysdk.com', NULL, NULL, '000000000000000000000000000000100060', '2014-02-10 12:13:54', 'com.runwaysdk.system.scheduler.JobHistoryHistoryInformationController.create.dto');
INSERT INTO metadata_parameter ( site_master, last_updated_by, create_date, seq, locked_by, entity_domain, created_by, type, last_update_date, key_name, owner, oid, parent_oid, child_oid) VALUES ('www.runwaysdk.com', '000000000000000000000000000000100060', '2014-02-10 12:13:54', 4627, NULL, NULL, '000000000000000000000000000000100060', 'com.runwaysdk.system.MetadataParameter', '2014-02-10 12:13:54', 'com.runwaysdk.system.scheduler.JobHistoryHistoryInformationController.create.dto', '000000000000000000000000000000100060', 'zn7p137mml8di2sf7oqx2wo1m2ebh6jj0256', 'r24efq58djfh5pdw788pggijre3pojbj0131', '26cxdey2m7xnvwz0g47laua8i13cjfiq0110');
INSERT INTO metadata_display_label ( default_locale, oid, site_master, key_name) VALUES ('edit', '7aigrsnng6o99nqu2axz7shvhahdbj8e0287', 'www.runwaysdk.com', '7aigrsnng6o99nqu2axz7shvhahdbj8e0287');
INSERT INTO metadata_display_label ( default_locale, oid, site_master, key_name) VALUES ('Applys an existing instance of com.runwaysdk.system.scheduler.JobHistoryHistoryInformation', '1tyyucbkxctevf8a4exp8s1tl7kt5bj00287', 'www.runwaysdk.com', '1tyyucbkxctevf8a4exp8s1tl7kt5bj00287');
INSERT INTO md_action ( is_query, enclosing_md_controller, is_post, action_name, display_label, oid) VALUES (0, 'sd6vswojsrj80zsk4qz9rb7opvlqn6tu0130', 0, 'edit', '7aigrsnng6o99nqu2axz7shvhahdbj8e0287', 'xid59zfnvqsn6ws48k7qiqsjnfb1dioq0131');
INSERT INTO metadata ( description, created_by, owner, oid, create_date, seq, type, remove, site_master, locked_by, entity_domain, last_updated_by, last_update_date, key_name) VALUES ('1tyyucbkxctevf8a4exp8s1tl7kt5bj00287', '000000000000000000000000000000100060', '000000000000000000000000000000100060', 'xid59zfnvqsn6ws48k7qiqsjnfb1dioq0131', '2014-02-10 12:13:54', 4628, 'com.runwaysdk.system.metadata.MdAction', 1, 'www.runwaysdk.com', NULL, NULL, '000000000000000000000000000000100060', '2014-02-10 12:13:54', 'com.runwaysdk.system.scheduler.JobHistoryHistoryInformationController.edit');
INSERT INTO controller_action ( key_name, locked_by, oid, owner, entity_domain, created_by, type, last_update_date, create_date, seq, last_updated_by, site_master, parent_oid, child_oid) VALUES ('com.runwaysdk.system.scheduler.JobHistoryHistoryInformationController.edit', NULL, '1taol0cehg3dh6hp98gzs8h2i2wp9ink0264', '000000000000000000000000000000100060', NULL, '000000000000000000000000000000100060', 'com.runwaysdk.system.ControllerAction', '2014-02-10 12:13:54', '2014-02-10 12:13:54', 4629, '000000000000000000000000000000100060', 'www.runwaysdk.com', 'sd6vswojsrj80zsk4qz9rb7opvlqn6tu0130', 'xid59zfnvqsn6ws48k7qiqsjnfb1dioq0131');
INSERT INTO metadata_display_label ( default_locale, oid, site_master, key_name) VALUES ('Parameter: com.runwaysdk.system.scheduler.JobHistoryHistoryInformation', 'xrbgfe0okp2c4phvgco138me7wsho8760287', 'www.runwaysdk.com', 'xrbgfe0okp2c4phvgco138me7wsho8760287');
INSERT INTO metadata_display_label ( default_locale, oid, site_master, key_name) VALUES ('com.runwaysdk.system.scheduler.JobHistoryHistoryInformation to apply to the database', '08wx7i5xulwl5vljanh7x9pziet1ukrf0287', 'www.runwaysdk.com', '08wx7i5xulwl5vljanh7x9pziet1ukrf0287');
INSERT INTO md_parameter ( metadata, parameter_order, parameter_name, parameter_type, display_label, oid) VALUES ('xid59zfnvqsn6ws48k7qiqsjnfb1dioq0131', 0, 'oid', 'java.lang.String', 'xrbgfe0okp2c4phvgco138me7wsho8760287', 'xqowvbze2vxzrhlkekclly98pcwzkc6a0110');
INSERT INTO metadata ( description, created_by, owner, oid, create_date, seq, type, remove, site_master, locked_by, entity_domain, last_updated_by, last_update_date, key_name) VALUES ('08wx7i5xulwl5vljanh7x9pziet1ukrf0287', '000000000000000000000000000000100060', '000000000000000000000000000000100060', 'xqowvbze2vxzrhlkekclly98pcwzkc6a0110', '2014-02-10 12:13:54', 4630, 'com.runwaysdk.system.metadata.MdParameter', 1, 'www.runwaysdk.com', NULL, NULL, '000000000000000000000000000000100060', '2014-02-10 12:13:54', 'com.runwaysdk.system.scheduler.JobHistoryHistoryInformationController.edit.oid');
INSERT INTO metadata_parameter ( site_master, last_updated_by, create_date, seq, locked_by, entity_domain, created_by, type, last_update_date, key_name, owner, oid, parent_oid, child_oid) VALUES ('www.runwaysdk.com', '000000000000000000000000000000100060', '2014-02-10 12:13:54', 4631, NULL, NULL, '000000000000000000000000000000100060', 'com.runwaysdk.system.MetadataParameter', '2014-02-10 12:13:54', 'com.runwaysdk.system.scheduler.JobHistoryHistoryInformationController.edit.oid', '000000000000000000000000000000100060', '8mk4v6ex6ci230gr4vivro71xvzfwksd0256', 'xid59zfnvqsn6ws48k7qiqsjnfb1dioq0131', 'xqowvbze2vxzrhlkekclly98pcwzkc6a0110');
INSERT INTO metadata_display_label ( default_locale, oid, site_master, key_name) VALUES ('update', '7ef83xclj3j49ec4a14vibk7f28lnwr70287', 'www.runwaysdk.com', '7ef83xclj3j49ec4a14vibk7f28lnwr70287');
INSERT INTO metadata_display_label ( default_locale, oid, site_master, key_name) VALUES ('Applys an existing instance of com.runwaysdk.system.scheduler.JobHistoryHistoryInformation', 'rair8ody8xn1javspdu22k9b0p211tmo0287', 'www.runwaysdk.com', 'rair8ody8xn1javspdu22k9b0p211tmo0287');
INSERT INTO md_action ( is_query, enclosing_md_controller, is_post, action_name, display_label, oid) VALUES (0, 'sd6vswojsrj80zsk4qz9rb7opvlqn6tu0130', 1, 'update', '7ef83xclj3j49ec4a14vibk7f28lnwr70287', 'sat4ft0bh5kopi9s8mx3iox5uhgfrdkj0131');
INSERT INTO metadata ( description, created_by, owner, oid, create_date, seq, type, remove, site_master, locked_by, entity_domain, last_updated_by, last_update_date, key_name) VALUES ('rair8ody8xn1javspdu22k9b0p211tmo0287', '000000000000000000000000000000100060', '000000000000000000000000000000100060', 'sat4ft0bh5kopi9s8mx3iox5uhgfrdkj0131', '2014-02-10 12:13:54', 4632, 'com.runwaysdk.system.metadata.MdAction', 1, 'www.runwaysdk.com', NULL, NULL, '000000000000000000000000000000100060', '2014-02-10 12:13:54', 'com.runwaysdk.system.scheduler.JobHistoryHistoryInformationController.update');
INSERT INTO controller_action ( key_name, locked_by, oid, owner, entity_domain, created_by, type, last_update_date, create_date, seq, last_updated_by, site_master, parent_oid, child_oid) VALUES ('com.runwaysdk.system.scheduler.JobHistoryHistoryInformationController.update', NULL, 'z9fnrk4mjd8vngvdl410w9yo8l509zb40264', '000000000000000000000000000000100060', NULL, '000000000000000000000000000000100060', 'com.runwaysdk.system.ControllerAction', '2014-02-10 12:13:54', '2014-02-10 12:13:54', 4633, '000000000000000000000000000000100060', 'www.runwaysdk.com', 'sd6vswojsrj80zsk4qz9rb7opvlqn6tu0130', 'sat4ft0bh5kopi9s8mx3iox5uhgfrdkj0131');
INSERT INTO metadata_display_label ( default_locale, oid, site_master, key_name) VALUES ('Parameter: com.runwaysdk.system.scheduler.JobHistoryHistoryInformation - dto', 'ssqbfnnvxfoyell9propyo7mjnma5t5p0287', 'www.runwaysdk.com', 'ssqbfnnvxfoyell9propyo7mjnma5t5p0287');
INSERT INTO metadata_display_label ( default_locale, oid, site_master, key_name) VALUES ('com.runwaysdk.system.scheduler.JobHistoryHistoryInformation to apply to the database', 'zbkyszc54ok7p6ue6yzhsrr0qf9tq5kw0287', 'www.runwaysdk.com', 'zbkyszc54ok7p6ue6yzhsrr0qf9tq5kw0287');
INSERT INTO md_parameter ( metadata, parameter_order, parameter_name, parameter_type, display_label, oid) VALUES ('sat4ft0bh5kopi9s8mx3iox5uhgfrdkj0131', 0, 'dto', 'com.runwaysdk.system.scheduler.JobHistoryHistoryInformation', 'ssqbfnnvxfoyell9propyo7mjnma5t5p0287', 'zglltvk69e3utn5ibejxoo4k3pqlr1tj0110');
INSERT INTO metadata ( description, created_by, owner, oid, create_date, seq, type, remove, site_master, locked_by, entity_domain, last_updated_by, last_update_date, key_name) VALUES ('zbkyszc54ok7p6ue6yzhsrr0qf9tq5kw0287', '000000000000000000000000000000100060', '000000000000000000000000000000100060', 'zglltvk69e3utn5ibejxoo4k3pqlr1tj0110', '2014-02-10 12:13:54', 4634, 'com.runwaysdk.system.metadata.MdParameter', 1, 'www.runwaysdk.com', NULL, NULL, '000000000000000000000000000000100060', '2014-02-10 12:13:54', 'com.runwaysdk.system.scheduler.JobHistoryHistoryInformationController.update.dto');
INSERT INTO metadata_parameter ( site_master, last_updated_by, create_date, seq, locked_by, entity_domain, created_by, type, last_update_date, key_name, owner, oid, parent_oid, child_oid) VALUES ('www.runwaysdk.com', '000000000000000000000000000000100060', '2014-02-10 12:13:54', 4635, NULL, NULL, '000000000000000000000000000000100060', 'com.runwaysdk.system.MetadataParameter', '2014-02-10 12:13:54', 'com.runwaysdk.system.scheduler.JobHistoryHistoryInformationController.update.dto', '000000000000000000000000000000100060', '1sjw2zod3vvc05m67cvnbt218upigyw20256', 'sat4ft0bh5kopi9s8mx3iox5uhgfrdkj0131', 'zglltvk69e3utn5ibejxoo4k3pqlr1tj0110');
INSERT INTO metadata_display_label ( default_locale, oid, site_master, key_name) VALUES ('cancel', 'rcgrl9v95omv3ehieoiy55r03v4q74g90287', 'www.runwaysdk.com', 'rcgrl9v95omv3ehieoiy55r03v4q74g90287');
INSERT INTO metadata_display_label ( default_locale, oid, site_master, key_name) VALUES ('Unlocks an instance com.runwaysdk.system.scheduler.JobHistoryHistoryInformation', '6zthp3r83byjb0y6lpr1xwu1a8tniayb0287', 'www.runwaysdk.com', '6zthp3r83byjb0y6lpr1xwu1a8tniayb0287');
INSERT INTO md_action ( is_query, enclosing_md_controller, is_post, action_name, display_label, oid) VALUES (0, 'sd6vswojsrj80zsk4qz9rb7opvlqn6tu0130', 1, 'cancel', 'rcgrl9v95omv3ehieoiy55r03v4q74g90287', 'sbfn8p0ph621d6enmoliyam7j62l31em0131');
INSERT INTO metadata ( description, created_by, owner, oid, create_date, seq, type, remove, site_master, locked_by, entity_domain, last_updated_by, last_update_date, key_name) VALUES ('6zthp3r83byjb0y6lpr1xwu1a8tniayb0287', '000000000000000000000000000000100060', '000000000000000000000000000000100060', 'sbfn8p0ph621d6enmoliyam7j62l31em0131', '2014-02-10 12:13:54', 4636, 'com.runwaysdk.system.metadata.MdAction', 1, 'www.runwaysdk.com', NULL, NULL, '000000000000000000000000000000100060', '2014-02-10 12:13:54', 'com.runwaysdk.system.scheduler.JobHistoryHistoryInformationController.cancel');
INSERT INTO controller_action ( key_name, locked_by, oid, owner, entity_domain, created_by, type, last_update_date, create_date, seq, last_updated_by, site_master, parent_oid, child_oid) VALUES ('com.runwaysdk.system.scheduler.JobHistoryHistoryInformationController.cancel', NULL, '8q16gxnaogckdkifjqwlrz0jlu6stv4q0264', '000000000000000000000000000000100060', NULL, '000000000000000000000000000000100060', 'com.runwaysdk.system.ControllerAction', '2014-02-10 12:13:54', '2014-02-10 12:13:54', 4637, '000000000000000000000000000000100060', 'www.runwaysdk.com', 'sd6vswojsrj80zsk4qz9rb7opvlqn6tu0130', 'sbfn8p0ph621d6enmoliyam7j62l31em0131');
INSERT INTO metadata_display_label ( default_locale, oid, site_master, key_name) VALUES ('Parameter: com.runwaysdk.system.scheduler.JobHistoryHistoryInformation - dto', 'qnu95pwff58v1g8h4uctp3leifa8w0tt0287', 'www.runwaysdk.com', 'qnu95pwff58v1g8h4uctp3leifa8w0tt0287');
INSERT INTO metadata_display_label ( default_locale, oid, site_master, key_name) VALUES ('com.runwaysdk.system.scheduler.JobHistoryHistoryInformation to unlock', 'z2g2nt0j4xjqgihdgkj1mjwc7tla2wf30287', 'www.runwaysdk.com', 'z2g2nt0j4xjqgihdgkj1mjwc7tla2wf30287');
INSERT INTO md_parameter ( metadata, parameter_order, parameter_name, parameter_type, display_label, oid) VALUES ('sbfn8p0ph621d6enmoliyam7j62l31em0131', 0, 'dto', 'com.runwaysdk.system.scheduler.JobHistoryHistoryInformation', 'qnu95pwff58v1g8h4uctp3leifa8w0tt0287', '8p6gsxz50nv9tknadpv12wxlmm6e0u3j0110');
INSERT INTO metadata ( description, created_by, owner, oid, create_date, seq, type, remove, site_master, locked_by, entity_domain, last_updated_by, last_update_date, key_name) VALUES ('z2g2nt0j4xjqgihdgkj1mjwc7tla2wf30287', '000000000000000000000000000000100060', '000000000000000000000000000000100060', '8p6gsxz50nv9tknadpv12wxlmm6e0u3j0110', '2014-02-10 12:13:54', 4638, 'com.runwaysdk.system.metadata.MdParameter', 1, 'www.runwaysdk.com', NULL, NULL, '000000000000000000000000000000100060', '2014-02-10 12:13:54', 'com.runwaysdk.system.scheduler.JobHistoryHistoryInformationController.cancel.dto');
INSERT INTO metadata_parameter ( site_master, last_updated_by, create_date, seq, locked_by, entity_domain, created_by, type, last_update_date, key_name, owner, oid, parent_oid, child_oid) VALUES ('www.runwaysdk.com', '000000000000000000000000000000100060', '2014-02-10 12:13:54', 4639, NULL, NULL, '000000000000000000000000000000100060', 'com.runwaysdk.system.MetadataParameter', '2014-02-10 12:13:54', 'com.runwaysdk.system.scheduler.JobHistoryHistoryInformationController.cancel.dto', '000000000000000000000000000000100060', '7gja7gbumzqxisxdcw19kf04dfky3d3p0256', 'sbfn8p0ph621d6enmoliyam7j62l31em0131', '8p6gsxz50nv9tknadpv12wxlmm6e0u3j0110');
INSERT INTO metadata_display_label ( default_locale, oid, site_master, key_name) VALUES ('delete', 'qs0ryxsgxbrcbnukeunoraz10w6qblfg0287', 'www.runwaysdk.com', 'qs0ryxsgxbrcbnukeunoraz10w6qblfg0287');
INSERT INTO metadata_display_label ( default_locale, oid, site_master, key_name) VALUES ('Delete an instance of com.runwaysdk.system.scheduler.JobHistoryHistoryInformation', 'xn12fawpt0qddlcf75nghhc1itw5es4w0287', 'www.runwaysdk.com', 'xn12fawpt0qddlcf75nghhc1itw5es4w0287');
INSERT INTO md_action ( is_query, enclosing_md_controller, is_post, action_name, display_label, oid) VALUES (0, 'sd6vswojsrj80zsk4qz9rb7opvlqn6tu0130', 1, 'delete', 'qs0ryxsgxbrcbnukeunoraz10w6qblfg0287', '1zulxlajur1e8pi920ls8jtq3dd5aisw0131');
INSERT INTO metadata ( description, created_by, owner, oid, create_date, seq, type, remove, site_master, locked_by, entity_domain, last_updated_by, last_update_date, key_name) VALUES ('xn12fawpt0qddlcf75nghhc1itw5es4w0287', '000000000000000000000000000000100060', '000000000000000000000000000000100060', '1zulxlajur1e8pi920ls8jtq3dd5aisw0131', '2014-02-10 12:13:54', 4640, 'com.runwaysdk.system.metadata.MdAction', 1, 'www.runwaysdk.com', NULL, NULL, '000000000000000000000000000000100060', '2014-02-10 12:13:54', 'com.runwaysdk.system.scheduler.JobHistoryHistoryInformationController.delete');
INSERT INTO controller_action ( key_name, locked_by, oid, owner, entity_domain, created_by, type, last_update_date, create_date, seq, last_updated_by, site_master, parent_oid, child_oid) VALUES ('com.runwaysdk.system.scheduler.JobHistoryHistoryInformationController.delete', NULL, '1zxhaahw1o68n9zpez8ekwsgok6ggmna0264', '000000000000000000000000000000100060', NULL, '000000000000000000000000000000100060', 'com.runwaysdk.system.ControllerAction', '2014-02-10 12:13:54', '2014-02-10 12:13:54', 4641, '000000000000000000000000000000100060', 'www.runwaysdk.com', 'sd6vswojsrj80zsk4qz9rb7opvlqn6tu0130', '1zulxlajur1e8pi920ls8jtq3dd5aisw0131');
INSERT INTO metadata_display_label ( default_locale, oid, site_master, key_name) VALUES ('Parameter: com.runwaysdk.system.scheduler.JobHistoryHistoryInformation - dto', '09zuzdyrr0n8j17d2du2ku5gg3pyevwd0287', 'www.runwaysdk.com', '09zuzdyrr0n8j17d2du2ku5gg3pyevwd0287');
INSERT INTO metadata_display_label ( default_locale, oid, site_master, key_name) VALUES ('com.runwaysdk.system.scheduler.JobHistoryHistoryInformation to delete', '0gwzybyx17m36n5nph3s3t9sj2s4ghvs0287', 'www.runwaysdk.com', '0gwzybyx17m36n5nph3s3t9sj2s4ghvs0287');
INSERT INTO md_parameter ( metadata, parameter_order, parameter_name, parameter_type, display_label, oid) VALUES ('1zulxlajur1e8pi920ls8jtq3dd5aisw0131', 0, 'dto', 'com.runwaysdk.system.scheduler.JobHistoryHistoryInformation', '09zuzdyrr0n8j17d2du2ku5gg3pyevwd0287', 'xj26vapqd2h667h5wky4zsrq5yj2a5v80110');
INSERT INTO metadata ( description, created_by, owner, oid, create_date, seq, type, remove, site_master, locked_by, entity_domain, last_updated_by, last_update_date, key_name) VALUES ('0gwzybyx17m36n5nph3s3t9sj2s4ghvs0287', '000000000000000000000000000000100060', '000000000000000000000000000000100060', 'xj26vapqd2h667h5wky4zsrq5yj2a5v80110', '2014-02-10 12:13:54', 4642, 'com.runwaysdk.system.metadata.MdParameter', 1, 'www.runwaysdk.com', NULL, NULL, '000000000000000000000000000000100060', '2014-02-10 12:13:54', 'com.runwaysdk.system.scheduler.JobHistoryHistoryInformationController.delete.dto');
INSERT INTO metadata_parameter ( site_master, last_updated_by, create_date, seq, locked_by, entity_domain, created_by, type, last_update_date, key_name, owner, oid, parent_oid, child_oid) VALUES ('www.runwaysdk.com', '000000000000000000000000000000100060', '2014-02-10 12:13:54', 4643, NULL, NULL, '000000000000000000000000000000100060', 'com.runwaysdk.system.MetadataParameter', '2014-02-10 12:13:54', 'com.runwaysdk.system.scheduler.JobHistoryHistoryInformationController.delete.dto', '000000000000000000000000000000100060', '8bjfrkkplflgvsgvvcgq82itsa5cpxzr0256', '1zulxlajur1e8pi920ls8jtq3dd5aisw0131', 'xj26vapqd2h667h5wky4zsrq5yj2a5v80110');
 INSERT INTO visibilitymodifier (set_id, item_id)  VALUES  ('r7lxskljvcgf3qxkv4abkchfi18d59ej', '20071109NM00000000000000000000050113');
INSERT INTO metadata_display_label ( default_locale, oid, site_master, key_name) VALUES ('History Information', 'yzzckii4b7vytfkqxwxcp59u1pwp0pbq0287', 'www.runwaysdk.com', 'yzzckii4b7vytfkqxwxcp59u1pwp0pbq0287');
 INSERT INTO visibilitymodifier (set_id, item_id)  VALUES  ('8gbbih9m7caavc8u9qa8w304qs2x5wfj', '20071109NM00000000000000000000050113');
 INSERT INTO md_attribute_indicies (set_id, item_id)  VALUES  ('7dkss6y5dhmsw22xzt0ywgvuko20vq7i', '000000000000000000000000000004010085');
INSERT INTO metadata_display_label ( default_locale, oid, site_master, key_name) VALUES ('History Information with Data and Results', 'qvmpeqgvp5ebhnyi2y12sq114jg5ftwz0287', 'www.runwaysdk.com', 'qvmpeqgvp5ebhnyi2y12sq114jg5ftwz0287');
INSERT INTO md_attribute_local_text ( oid) VALUES ('93q4l4k5qp20ynk7n2win58beeeg2hbs000000000000MdAttributeLocalText');
INSERT INTO md_attribute_local ( oid) VALUES ('93q4l4k5qp20ynk7n2win58beeeg2hbs000000000000MdAttributeLocalText');
INSERT INTO md_attribute_struct ( md_struct, oid) VALUES ('qp07ac4ckrfbmoon7a84mpl6a6yzn16l0000000000000000000MdLocalStruct', '93q4l4k5qp20ynk7n2win58beeeg2hbs000000000000MdAttributeLocalText');
INSERT INTO md_attribute_concrete ( column_name, defining_md_class, setter_visibility, setter_visibility_c, immutable, index_name, generate_accessor, system, required, display_label, getter_visibility, getter_visibility_c, index_type, index_type_c, attribute_name, oid) VALUES ('history_information', '2ft54d1ik9d4qmj2ffopey6uwk000fvr0058', 'r7lxskljvcgf3qxkv4abkchfi18d59ej', '20071109NM00000000000000000000050113', 0, 'am8lgyb3x4hq1dz8fw83wsvlmh6kkj', 1, 0, 0, 'yzzckii4b7vytfkqxwxcp59u1pwp0pbq0287', '8gbbih9m7caavc8u9qa8w304qs2x5wfj', '20071109NM00000000000000000000050113', '7dkss6y5dhmsw22xzt0ywgvuko20vq7i', '000000000000000000000000000004010085', 'historyInformation', '93q4l4k5qp20ynk7n2win58beeeg2hbs000000000000MdAttributeLocalText');
INSERT INTO md_attribute ( oid) VALUES ('93q4l4k5qp20ynk7n2win58beeeg2hbs000000000000MdAttributeLocalText');
INSERT INTO metadata ( description, created_by, owner, oid, create_date, seq, type, remove, site_master, locked_by, entity_domain, last_updated_by, last_update_date, key_name) VALUES ('qvmpeqgvp5ebhnyi2y12sq114jg5ftwz0287', '000000000000000000000000000000100060', '000000000000000000000000000000100060', '93q4l4k5qp20ynk7n2win58beeeg2hbs000000000000MdAttributeLocalText', '2014-02-10 12:13:54', 4644, 'com.runwaysdk.system.metadata.MdAttributeLocalText', 1, 'www.runwaysdk.com', NULL, NULL, '000000000000000000000000000000100060', '2014-02-10 12:13:54', 'com.runwaysdk.system.scheduler.JobHistory.historyInformation');
ALTER TABLE job_history ADD COLUMN history_information  char(64);
INSERT INTO class_attribute_concrete ( oid, parent_oid, child_oid) VALUES ('z4ilam4msarisdoe5ob0kx7h74oj9a2b0245', '2ft54d1ik9d4qmj2ffopey6uwk000fvr0058', '93q4l4k5qp20ynk7n2win58beeeg2hbs000000000000MdAttributeLocalText');
INSERT INTO class_attribute ( oid, parent_oid, child_oid) VALUES ('z4ilam4msarisdoe5ob0kx7h74oj9a2b0245', '2ft54d1ik9d4qmj2ffopey6uwk000fvr0058', '93q4l4k5qp20ynk7n2win58beeeg2hbs000000000000MdAttributeLocalText');
INSERT INTO metadata_relationship ( entity_domain, site_master, last_updated_by, oid, owner, locked_by, create_date, type, created_by, seq, key_name, last_update_date, parent_oid, child_oid) VALUES (NULL, 'www.runwaysdk.com', '000000000000000000000000000000100060', 'z4ilam4msarisdoe5ob0kx7h74oj9a2b0245', '000000000000000000000000000000100060', NULL, '2014-02-10 12:13:54', 'com.runwaysdk.system.metadata.ClassAttributeConcrete', '000000000000000000000000000000100060', 4645, 'com.runwaysdk.system.scheduler.JobHistory.historyInformation', '2014-02-10 12:13:54', '2ft54d1ik9d4qmj2ffopey6uwk000fvr0058', '93q4l4k5qp20ynk7n2win58beeeg2hbs000000000000MdAttributeLocalText');
 INSERT INTO visibilitymodifier (set_id, item_id)  VALUES  ('xx9db29gnhyacn49509ibik7iu2oh197', '20071109NM00000000000000000000050113');
INSERT INTO metadata_display_label ( default_locale, oid, site_master, key_name) VALUES ('Default Locale', 'saqy9kv3mjnk3cetku7shy3of00ewl6t0287', 'www.runwaysdk.com', 'saqy9kv3mjnk3cetku7shy3of00ewl6t0287');
 INSERT INTO visibilitymodifier (set_id, item_id)  VALUES  ('zpffvspj8h2faysr4mxuf0we3l1r30l2', '20071109NM00000000000000000000050113');
 INSERT INTO md_attribute_indicies (set_id, item_id)  VALUES  ('zgtl65y69uekjrrcxk5w9ejsm4f471en', '000000000000000000000000000004010085');
INSERT INTO metadata_display_label ( default_locale, oid, site_master, key_name) VALUES ('Default locale', 'srb0gbcunygjsis2by0qq4w5frqe52x30287', 'www.runwaysdk.com', 'srb0gbcunygjsis2by0qq4w5frqe52x30287');
INSERT INTO md_attribute_text ( default_value, oid) VALUES (NULL, '07lmuuipe34rkv3tsz1nin7m730cxbnn00000000000000000000000000000139');
INSERT INTO md_attribute_char ( oid) VALUES ('07lmuuipe34rkv3tsz1nin7m730cxbnn00000000000000000000000000000139');
INSERT INTO md_attribute_primitive ( oid) VALUES ('07lmuuipe34rkv3tsz1nin7m730cxbnn00000000000000000000000000000139');
INSERT INTO md_attribute_concrete ( column_name, defining_md_class, setter_visibility, setter_visibility_c, immutable, index_name, generate_accessor, system, required, display_label, getter_visibility, getter_visibility_c, index_type, index_type_c, attribute_name, oid) VALUES ('default_locale', 'qp07ac4ckrfbmoon7a84mpl6a6yzn16l0000000000000000000MdLocalStruct', 'xx9db29gnhyacn49509ibik7iu2oh197', '20071109NM00000000000000000000050113', 0, 'aspky8gxd03gcdpm32pcz3zjjgmbs5', 0, 0, 0, 'saqy9kv3mjnk3cetku7shy3of00ewl6t0287', 'zpffvspj8h2faysr4mxuf0we3l1r30l2', '20071109NM00000000000000000000050113', 'zgtl65y69uekjrrcxk5w9ejsm4f471en', '000000000000000000000000000004010085', 'defaultLocale', '07lmuuipe34rkv3tsz1nin7m730cxbnn00000000000000000000000000000139');
INSERT INTO md_attribute ( oid) VALUES ('07lmuuipe34rkv3tsz1nin7m730cxbnn00000000000000000000000000000139');
INSERT INTO metadata ( description, created_by, owner, oid, create_date, seq, type, remove, site_master, locked_by, entity_domain, last_updated_by, last_update_date, key_name) VALUES ('srb0gbcunygjsis2by0qq4w5frqe52x30287', '000000000000000000000000000000100060', '000000000000000000000000000000100060', '07lmuuipe34rkv3tsz1nin7m730cxbnn00000000000000000000000000000139', '2014-02-10 12:13:54', 4646, 'com.runwaysdk.system.metadata.MdAttributeText', 1, 'www.runwaysdk.com', NULL, NULL, '000000000000000000000000000000100060', '2014-02-10 12:13:54', 'com.runwaysdk.system.scheduler.JobHistoryHistoryInformation.defaultLocale');
ALTER TABLE job_history_history_informatio ADD COLUMN default_locale  text;
INSERT INTO class_attribute_concrete ( oid, parent_oid, child_oid) VALUES ('8fyu9507ewhrrkoyonqzj48jr34cqofl0245', 'qp07ac4ckrfbmoon7a84mpl6a6yzn16l0000000000000000000MdLocalStruct', '07lmuuipe34rkv3tsz1nin7m730cxbnn00000000000000000000000000000139');
INSERT INTO class_attribute ( oid, parent_oid, child_oid) VALUES ('8fyu9507ewhrrkoyonqzj48jr34cqofl0245', 'qp07ac4ckrfbmoon7a84mpl6a6yzn16l0000000000000000000MdLocalStruct', '07lmuuipe34rkv3tsz1nin7m730cxbnn00000000000000000000000000000139');
INSERT INTO metadata_relationship ( entity_domain, site_master, last_updated_by, oid, owner, locked_by, create_date, type, created_by, seq, key_name, last_update_date, parent_oid, child_oid) VALUES (NULL, 'www.runwaysdk.com', '000000000000000000000000000000100060', '8fyu9507ewhrrkoyonqzj48jr34cqofl0245', '000000000000000000000000000000100060', NULL, '2014-02-10 12:13:54', 'com.runwaysdk.system.metadata.ClassAttributeConcrete', '000000000000000000000000000000100060', 4647, 'com.runwaysdk.system.scheduler.JobHistoryHistoryInformation.defaultLocale', '2014-02-10 12:13:54', 'qp07ac4ckrfbmoon7a84mpl6a6yzn16l0000000000000000000MdLocalStruct', '07lmuuipe34rkv3tsz1nin7m730cxbnn00000000000000000000000000000139');
 INSERT INTO visibilitymodifier (set_id, item_id)  VALUES  ('08eoib1m95p5k7cbpqsitf27erb1149s', '20071109NM00000000000000000000050113');
INSERT INTO metadata_display_label ( default_locale, oid, site_master, key_name) VALUES ('Job Snapshot', 'xurxpb30t3zhrwusy08iysloxp6wduxj0287', 'www.runwaysdk.com', 'xurxpb30t3zhrwusy08iysloxp6wduxj0287');
 INSERT INTO visibilitymodifier (set_id, item_id)  VALUES  ('z456n576jpzvukeclp9suceze9jtxbby', '20071109NM00000000000000000000050113');
 INSERT INTO md_attribute_indicies (set_id, item_id)  VALUES  ('z7y84rpj7fn0um7gbzjj6nnqir98g8iw', '000000000000000000000000000004010085');
INSERT INTO metadata_display_label ( default_locale, oid, site_master, key_name) VALUES ('Job Snapshot', 'ravrc5kp1prvxuunh55z17ln19rznng00287', 'www.runwaysdk.com', 'ravrc5kp1prvxuunh55z17ln19rznng00287');
INSERT INTO md_attribute_reference ( default_value, md_business, oid) VALUES (NULL, '2hhpg3x31r0t11svybr296b66ilnuk6r0058', '0htpn7avp6ebbqt02ymj492n4ve7vm2q0218');
INSERT INTO md_attribute_ref ( oid) VALUES ('0htpn7avp6ebbqt02ymj492n4ve7vm2q0218');
INSERT INTO md_attribute_concrete ( column_name, defining_md_class, setter_visibility, setter_visibility_c, immutable, index_name, generate_accessor, system, required, display_label, getter_visibility, getter_visibility_c, index_type, index_type_c, attribute_name, oid) VALUES ('job_snapshot', '2ft54d1ik9d4qmj2ffopey6uwk000fvr0058', '08eoib1m95p5k7cbpqsitf27erb1149s', '20071109NM00000000000000000000050113', 0, 'a3isi3jbvwzb11i5ugm9plwgxk9odl', 1, 0, 0, 'xurxpb30t3zhrwusy08iysloxp6wduxj0287', 'z456n576jpzvukeclp9suceze9jtxbby', '20071109NM00000000000000000000050113', 'z7y84rpj7fn0um7gbzjj6nnqir98g8iw', '000000000000000000000000000004010085', 'jobSnapshot', '0htpn7avp6ebbqt02ymj492n4ve7vm2q0218');
INSERT INTO md_attribute ( oid) VALUES ('0htpn7avp6ebbqt02ymj492n4ve7vm2q0218');
INSERT INTO metadata ( description, created_by, owner, oid, create_date, seq, type, remove, site_master, locked_by, entity_domain, last_updated_by, last_update_date, key_name) VALUES ('ravrc5kp1prvxuunh55z17ln19rznng00287', '000000000000000000000000000000100060', '000000000000000000000000000000100060', '0htpn7avp6ebbqt02ymj492n4ve7vm2q0218', '2014-02-10 12:13:54', 4648, 'com.runwaysdk.system.metadata.MdAttributeReference', 1, 'www.runwaysdk.com', NULL, NULL, '000000000000000000000000000000100060', '2014-02-10 12:13:54', 'com.runwaysdk.system.scheduler.JobHistory.jobSnapshot');
ALTER TABLE job_history ADD COLUMN job_snapshot  char(64);
INSERT INTO class_attribute_concrete ( oid, parent_oid, child_oid) VALUES ('76cpj0tim7f9cc2d24ayjloz4e8c0kio0245', '2ft54d1ik9d4qmj2ffopey6uwk000fvr0058', '0htpn7avp6ebbqt02ymj492n4ve7vm2q0218');
INSERT INTO class_attribute ( oid, parent_oid, child_oid) VALUES ('76cpj0tim7f9cc2d24ayjloz4e8c0kio0245', '2ft54d1ik9d4qmj2ffopey6uwk000fvr0058', '0htpn7avp6ebbqt02ymj492n4ve7vm2q0218');
INSERT INTO metadata_relationship ( entity_domain, site_master, last_updated_by, oid, owner, locked_by, create_date, type, created_by, seq, key_name, last_update_date, parent_oid, child_oid) VALUES (NULL, 'www.runwaysdk.com', '000000000000000000000000000000100060', '76cpj0tim7f9cc2d24ayjloz4e8c0kio0245', '000000000000000000000000000000100060', NULL, '2014-02-10 12:13:54', 'com.runwaysdk.system.metadata.ClassAttributeConcrete', '000000000000000000000000000000100060', 4649, 'com.runwaysdk.system.scheduler.JobHistory.jobSnapshot', '2014-02-10 12:13:54', '2ft54d1ik9d4qmj2ffopey6uwk000fvr0058', '0htpn7avp6ebbqt02ymj492n4ve7vm2q0218');
 INSERT INTO relationship_cache (set_id, item_id)  VALUES  ('0g20a4y1goeaeq3afatx52rjoxmmpijd', '000000000000000000000000000002310077');
 INSERT INTO visibilitymodifier (set_id, item_id)  VALUES  ('29lfc6w31gtd5nbyjgx2m9g9k5jiwrim', '20071109NM00000000000000000000050113');
INSERT INTO metadata_display_label ( default_locale, oid, site_master, key_name) VALUES ('Executable Job', '8lqk66fppl1kta2rwr287h7if1e3tdzq0287', 'www.runwaysdk.com', '8lqk66fppl1kta2rwr287h7if1e3tdzq0287');
 INSERT INTO visibilitymodifier (set_id, item_id)  VALUES  ('sempzoc9av78fv3yyc08rqrb8fd2a0t9', '20071109NM00000000000000000000050113');
INSERT INTO metadata_display_label ( default_locale, oid, site_master, key_name) VALUES ('JobHistory', 'xy4szwlapk2vokax1d97jdr0jo2zlzp20287', 'www.runwaysdk.com', 'xy4szwlapk2vokax1d97jdr0jo2zlzp20287');
INSERT INTO metadata_display_label ( default_locale, oid, site_master, key_name) VALUES ('Job History Records', 'r9h2tbbagdvg4myrzyvgxfl7pv0giehy0287', 'www.runwaysdk.com', 'r9h2tbbagdvg4myrzyvgxfl7pv0giehy0287');
INSERT INTO metadata_display_label ( default_locale, oid, site_master, key_name) VALUES ('Job History Records', '8rwnw0a3sm35oyrxkhbtkjpc5ndejaog0287', 'www.runwaysdk.com', '8rwnw0a3sm35oyrxkhbtkjpc5ndejaog0287');
INSERT INTO md_relationship ( cache_algorithm, cache_algorithm_c, parent_visibility, parent_visibility_c, index2_name, parent_md_business, parent_cardinality, composition, parent_display_label, sort_md_attribute, child_visibility, child_visibility_c, child_method, super_md_relationship, parent_method, index1_name, child_md_business, child_display_label, child_cardinality, oid) VALUES ('0g20a4y1goeaeq3afatx52rjoxmmpijd', '000000000000000000000000000002310077', '29lfc6w31gtd5nbyjgx2m9g9k5jiwrim', '20071109NM00000000000000000000050113', 'rel_zha1t1mq19zvv4bmt2n9x1q90w', '8ndv254jvk1mw1rql6a4pqz9qbqvdzl40058', '1', 1, '8lqk66fppl1kta2rwr287h7if1e3tdzq0287', NULL, 'sempzoc9av78fv3yyc08rqrb8fd2a0t9', '20071109NM00000000000000000000050113', 'JobHistory', NULL, 'Job', 'rel_70qkclijlsg69nyt07bh65eanx', '2ft54d1ik9d4qmj2ffopey6uwk000fvr0058', 'xy4szwlapk2vokax1d97jdr0jo2zlzp20287', '*', 'z3g4p4x0v9ivx6mni1k1j75l7u8r1c750062');
INSERT INTO md_element ( extendable, is_abstract, oid) VALUES (1, 0, 'z3g4p4x0v9ivx6mni1k1j75l7u8r1c750062');
INSERT INTO md_entity ( query_dto_source, query_source, cache_size, enforce_site_master, has_deterministic_ids, table_name, oid) VALUES (NULL, NULL, 0, 1, 0, 'job_history_record', 'z3g4p4x0v9ivx6mni1k1j75l7u8r1c750062');
INSERT INTO md_class ( publish, stub_dto_source, stub_source, oid) VALUES (1, NULL, NULL, 'z3g4p4x0v9ivx6mni1k1j75l7u8r1c750062');
INSERT INTO md_type ( display_label, root_id, package_name, type_name, base_source, js_base, js_stub, exported, dto_source, oid) VALUES ('r9h2tbbagdvg4myrzyvgxfl7pv0giehy0287', 'z3g4p4x0v9ivx6mni1k1j75l7u8r1c75', 'com.runwaysdk.system.scheduler', 'JobHistoryRecord', NULL, NULL, NULL, 1, NULL, 'z3g4p4x0v9ivx6mni1k1j75l7u8r1c750062');
INSERT INTO metadata ( description, created_by, owner, oid, create_date, seq, type, remove, site_master, locked_by, entity_domain, last_updated_by, last_update_date, key_name) VALUES ('8rwnw0a3sm35oyrxkhbtkjpc5ndejaog0287', '000000000000000000000000000000100060', '000000000000000000000000000000100060', 'z3g4p4x0v9ivx6mni1k1j75l7u8r1c750062', '2014-02-10 12:13:54', 4650, 'com.runwaysdk.system.metadata.MdRelationship', 1, 'www.runwaysdk.com', NULL, NULL, '000000000000000000000000000000100060', '2014-02-10 12:13:54', 'com.runwaysdk.system.scheduler.JobHistoryRecord');
CREATE TABLE job_history_record ( oid CHAR(64) NOT NULL PRIMARY KEY, 
parent_oid CHAR(64) NOT NULL, 
child_oid CHAR(64) NOT NULL );
CREATE  INDEX rel_70qkclijlsg69nyt07bh65eanx ON job_history_record (parent_oid, child_oid);
CREATE INDEX rel_zha1t1mq19zvv4bmt2n9x1q90w ON job_history_record (child_oid);
 INSERT INTO visibilitymodifier (set_id, item_id)  VALUES  ('xtmr9qbox0uh086vec283qgxnfth7sdx', '20071109NM00000000000000000000050113');
INSERT INTO metadata_display_label ( default_locale, oid, site_master, key_name) VALUES ('ID', 'qsrdu7dr441yk9e1g9oxjn96a0agqz7l0287', 'www.runwaysdk.com', 'qsrdu7dr441yk9e1g9oxjn96a0agqz7l0287');
 INSERT INTO visibilitymodifier (set_id, item_id)  VALUES  ('8zqj6e5f773ctkuq6kvo8jjco1y5ud0c', '20071109NM00000000000000000000050113');
 INSERT INTO md_attribute_indicies (set_id, item_id)  VALUES  ('syxm8glo5c6kf5v8wb0n9u6uvexnysah', '000000000000000000000000000004090085');
INSERT INTO metadata_display_label ( default_locale, oid, site_master, key_name) VALUES ('ID of this object', '25xg93t0mabgh95xo7txuaqtm2dc42ur0287', 'www.runwaysdk.com', '25xg93t0mabgh95xo7txuaqtm2dc42ur0287');
INSERT INTO md_attribute_character ( default_value, database_size, oid) VALUES (NULL, 64, '0k7hdr9a43gpksto48ywuhha5vnskg5v0067');
INSERT INTO md_attribute_char ( oid) VALUES ('0k7hdr9a43gpksto48ywuhha5vnskg5v0067');
INSERT INTO md_attribute_primitive ( oid) VALUES ('0k7hdr9a43gpksto48ywuhha5vnskg5v0067');
INSERT INTO md_attribute_concrete ( column_name, defining_md_class, setter_visibility, setter_visibility_c, immutable, index_name, generate_accessor, system, required, display_label, getter_visibility, getter_visibility_c, index_type, index_type_c, attribute_name, oid) VALUES ('oid', 'z3g4p4x0v9ivx6mni1k1j75l7u8r1c750062', 'xtmr9qbox0uh086vec283qgxnfth7sdx', '20071109NM00000000000000000000050113', 0, 'aj6py7gu8y9pfppj37rbwvlarr376g', 1, 1, 1, 'qsrdu7dr441yk9e1g9oxjn96a0agqz7l0287', '8zqj6e5f773ctkuq6kvo8jjco1y5ud0c', '20071109NM00000000000000000000050113', 'syxm8glo5c6kf5v8wb0n9u6uvexnysah', '000000000000000000000000000004090085', 'oid', '0k7hdr9a43gpksto48ywuhha5vnskg5v0067');
INSERT INTO md_attribute ( oid) VALUES ('0k7hdr9a43gpksto48ywuhha5vnskg5v0067');
INSERT INTO metadata ( description, created_by, owner, oid, create_date, seq, type, remove, site_master, locked_by, entity_domain, last_updated_by, last_update_date, key_name) VALUES ('25xg93t0mabgh95xo7txuaqtm2dc42ur0287', '000000000000000000000000000000100060', '000000000000000000000000000000100060', '0k7hdr9a43gpksto48ywuhha5vnskg5v0067', '2014-02-10 12:13:54', 4651, 'com.runwaysdk.system.metadata.MdAttributeCharacter', 0, 'www.runwaysdk.com', NULL, NULL, '000000000000000000000000000000100060', '2014-02-10 12:13:54', 'com.runwaysdk.system.scheduler.JobHistoryRecord.oid');
INSERT INTO class_attribute_concrete ( oid, parent_oid, child_oid) VALUES ('qvo46u1sf0n7a3td0seyeri56ju7pcki0245', 'z3g4p4x0v9ivx6mni1k1j75l7u8r1c750062', '0k7hdr9a43gpksto48ywuhha5vnskg5v0067');
INSERT INTO class_attribute ( oid, parent_oid, child_oid) VALUES ('qvo46u1sf0n7a3td0seyeri56ju7pcki0245', 'z3g4p4x0v9ivx6mni1k1j75l7u8r1c750062', '0k7hdr9a43gpksto48ywuhha5vnskg5v0067');
INSERT INTO metadata_relationship ( entity_domain, site_master, last_updated_by, oid, owner, locked_by, create_date, type, created_by, seq, key_name, last_update_date, parent_oid, child_oid) VALUES (NULL, 'www.runwaysdk.com', '000000000000000000000000000000100060', 'qvo46u1sf0n7a3td0seyeri56ju7pcki0245', '000000000000000000000000000000100060', NULL, '2014-02-10 12:13:54', 'com.runwaysdk.system.metadata.ClassAttributeConcrete', '000000000000000000000000000000100060', 4652, 'com.runwaysdk.system.scheduler.JobHistoryRecord.oid', '2014-02-10 12:13:54', 'z3g4p4x0v9ivx6mni1k1j75l7u8r1c750062', '0k7hdr9a43gpksto48ywuhha5vnskg5v0067');
 INSERT INTO visibilitymodifier (set_id, item_id)  VALUES  ('s9jxk5rclb9m1bh07oaxyftrk667ei2s', '20071109NM00000000000000000000050113');
INSERT INTO metadata_display_label ( default_locale, oid, site_master, key_name) VALUES ('Site Master', '2ctwz07ujt5diz9fbf654fle9xqss9750287', 'www.runwaysdk.com', '2ctwz07ujt5diz9fbf654fle9xqss9750287');
 INSERT INTO visibilitymodifier (set_id, item_id)  VALUES  ('zk4o7blts1v8djpu92s53jjp67s27hre', '20071109NM00000000000000000000050113');
 INSERT INTO md_attribute_indicies (set_id, item_id)  VALUES  ('90ask5q9bc2zht3e758vqyaftgxrnstg', '000000000000000000000000000004010085');
INSERT INTO metadata_display_label ( default_locale, oid, site_master, key_name) VALUES ('The name of the site responsible for this object', 'xofb6ckzxjze7ng9rab23dulklfwmmah0287', 'www.runwaysdk.com', 'xofb6ckzxjze7ng9rab23dulklfwmmah0287');
INSERT INTO md_attribute_character ( default_value, database_size, oid) VALUES (NULL, 255, '01dxk87g825xeoph2abn4uhm1j46a87h0067');
INSERT INTO md_attribute_char ( oid) VALUES ('01dxk87g825xeoph2abn4uhm1j46a87h0067');
INSERT INTO md_attribute_primitive ( oid) VALUES ('01dxk87g825xeoph2abn4uhm1j46a87h0067');
INSERT INTO md_attribute_concrete ( column_name, defining_md_class, setter_visibility, setter_visibility_c, immutable, index_name, generate_accessor, system, required, display_label, getter_visibility, getter_visibility_c, index_type, index_type_c, attribute_name, oid) VALUES ('site_master', 'z3g4p4x0v9ivx6mni1k1j75l7u8r1c750062', 's9jxk5rclb9m1bh07oaxyftrk667ei2s', '20071109NM00000000000000000000050113', 1, 'an7965fe867ywxiptr5prleavjchrz', 1, 1, 1, '2ctwz07ujt5diz9fbf654fle9xqss9750287', 'zk4o7blts1v8djpu92s53jjp67s27hre', '20071109NM00000000000000000000050113', '90ask5q9bc2zht3e758vqyaftgxrnstg', '000000000000000000000000000004010085', 'siteMaster', '01dxk87g825xeoph2abn4uhm1j46a87h0067');
INSERT INTO md_attribute ( oid) VALUES ('01dxk87g825xeoph2abn4uhm1j46a87h0067');
INSERT INTO metadata ( description, created_by, owner, oid, create_date, seq, type, remove, site_master, locked_by, entity_domain, last_updated_by, last_update_date, key_name) VALUES ('xofb6ckzxjze7ng9rab23dulklfwmmah0287', '000000000000000000000000000000100060', '000000000000000000000000000000100060', '01dxk87g825xeoph2abn4uhm1j46a87h0067', '2014-02-10 12:13:54', 4653, 'com.runwaysdk.system.metadata.MdAttributeCharacter', 0, 'www.runwaysdk.com', NULL, NULL, '000000000000000000000000000000100060', '2014-02-10 12:13:54', 'com.runwaysdk.system.scheduler.JobHistoryRecord.siteMaster');
ALTER TABLE job_history_record ADD COLUMN site_master  varchar(255);
INSERT INTO class_attribute_concrete ( oid, parent_oid, child_oid) VALUES ('935oidoeozv369094sgkq582fk09rkqj0245', 'z3g4p4x0v9ivx6mni1k1j75l7u8r1c750062', '01dxk87g825xeoph2abn4uhm1j46a87h0067');
INSERT INTO class_attribute ( oid, parent_oid, child_oid) VALUES ('935oidoeozv369094sgkq582fk09rkqj0245', 'z3g4p4x0v9ivx6mni1k1j75l7u8r1c750062', '01dxk87g825xeoph2abn4uhm1j46a87h0067');
INSERT INTO metadata_relationship ( entity_domain, site_master, last_updated_by, oid, owner, locked_by, create_date, type, created_by, seq, key_name, last_update_date, parent_oid, child_oid) VALUES (NULL, 'www.runwaysdk.com', '000000000000000000000000000000100060', '935oidoeozv369094sgkq582fk09rkqj0245', '000000000000000000000000000000100060', NULL, '2014-02-10 12:13:54', 'com.runwaysdk.system.metadata.ClassAttributeConcrete', '000000000000000000000000000000100060', 4654, 'com.runwaysdk.system.scheduler.JobHistoryRecord.siteMaster', '2014-02-10 12:13:54', 'z3g4p4x0v9ivx6mni1k1j75l7u8r1c750062', '01dxk87g825xeoph2abn4uhm1j46a87h0067');
 INSERT INTO visibilitymodifier (set_id, item_id)  VALUES  ('sfrt70ee78u4avofkfajp3fqj5oruy46', '20071109NM00000000000000000000050113');
INSERT INTO metadata_display_label ( default_locale, oid, site_master, key_name) VALUES ('Key Name', 'srvrzqn81pj6x4oaksxywk5ogjtb0got0287', 'www.runwaysdk.com', 'srvrzqn81pj6x4oaksxywk5ogjtb0got0287');
 INSERT INTO visibilitymodifier (set_id, item_id)  VALUES  ('2coj73za7cauf1wk7vgf750ntw3ad9au', '20071109NM00000000000000000000050113');
 INSERT INTO md_attribute_indicies (set_id, item_id)  VALUES  ('28yieg0wqdun4wvz7zu2s2ah4s2esuvl', '000000000000000000000000000004090085');
INSERT INTO metadata_display_label ( default_locale, oid, site_master, key_name) VALUES ('Key which uniquely identifies each instance of this type heirarchy.', '90bdmykfje1c171eiollmz546s8nsmon0287', 'www.runwaysdk.com', '90bdmykfje1c171eiollmz546s8nsmon0287');
INSERT INTO md_attribute_character ( default_value, database_size, oid) VALUES (NULL, 255, '8xu4ymiepg3zqg3nb7sxx0fl0hxbqfzi0067');
INSERT INTO md_attribute_char ( oid) VALUES ('8xu4ymiepg3zqg3nb7sxx0fl0hxbqfzi0067');
INSERT INTO md_attribute_primitive ( oid) VALUES ('8xu4ymiepg3zqg3nb7sxx0fl0hxbqfzi0067');
INSERT INTO md_attribute_concrete ( column_name, defining_md_class, setter_visibility, setter_visibility_c, immutable, index_name, generate_accessor, system, required, display_label, getter_visibility, getter_visibility_c, index_type, index_type_c, attribute_name, oid) VALUES ('key_name', 'z3g4p4x0v9ivx6mni1k1j75l7u8r1c750062', 'sfrt70ee78u4avofkfajp3fqj5oruy46', '20071109NM00000000000000000000050113', 0, 'ah7fvgjw0ro1vyuwkir7x3gdympebg', 1, 0, 1, 'srvrzqn81pj6x4oaksxywk5ogjtb0got0287', '2coj73za7cauf1wk7vgf750ntw3ad9au', '20071109NM00000000000000000000050113', '28yieg0wqdun4wvz7zu2s2ah4s2esuvl', '000000000000000000000000000004090085', 'keyName', '8xu4ymiepg3zqg3nb7sxx0fl0hxbqfzi0067');
INSERT INTO md_attribute ( oid) VALUES ('8xu4ymiepg3zqg3nb7sxx0fl0hxbqfzi0067');
INSERT INTO metadata ( description, created_by, owner, oid, create_date, seq, type, remove, site_master, locked_by, entity_domain, last_updated_by, last_update_date, key_name) VALUES ('90bdmykfje1c171eiollmz546s8nsmon0287', '000000000000000000000000000000100060', '000000000000000000000000000000100060', '8xu4ymiepg3zqg3nb7sxx0fl0hxbqfzi0067', '2014-02-10 12:13:54', 4655, 'com.runwaysdk.system.metadata.MdAttributeCharacter', 1, 'www.runwaysdk.com', NULL, NULL, '000000000000000000000000000000100060', '2014-02-10 12:13:54', 'com.runwaysdk.system.scheduler.JobHistoryRecord.keyName');
ALTER TABLE job_history_record ADD COLUMN key_name  varchar(255);
INSERT INTO class_attribute_concrete ( oid, parent_oid, child_oid) VALUES ('719f1s7yqcg3wfnpc6guyg3txrwuu3wy0245', 'z3g4p4x0v9ivx6mni1k1j75l7u8r1c750062', '8xu4ymiepg3zqg3nb7sxx0fl0hxbqfzi0067');
INSERT INTO class_attribute ( oid, parent_oid, child_oid) VALUES ('719f1s7yqcg3wfnpc6guyg3txrwuu3wy0245', 'z3g4p4x0v9ivx6mni1k1j75l7u8r1c750062', '8xu4ymiepg3zqg3nb7sxx0fl0hxbqfzi0067');
INSERT INTO metadata_relationship ( entity_domain, site_master, last_updated_by, oid, owner, locked_by, create_date, type, created_by, seq, key_name, last_update_date, parent_oid, child_oid) VALUES (NULL, 'www.runwaysdk.com', '000000000000000000000000000000100060', '719f1s7yqcg3wfnpc6guyg3txrwuu3wy0245', '000000000000000000000000000000100060', NULL, '2014-02-10 12:13:54', 'com.runwaysdk.system.metadata.ClassAttributeConcrete', '000000000000000000000000000000100060', 4656, 'com.runwaysdk.system.scheduler.JobHistoryRecord.keyName', '2014-02-10 12:13:54', 'z3g4p4x0v9ivx6mni1k1j75l7u8r1c750062', '8xu4ymiepg3zqg3nb7sxx0fl0hxbqfzi0067');
CREATE UNIQUE INDEX ah7fvgjw0ro1vyuwkir7x3gdympebg ON job_history_record (key_name);
 INSERT INTO visibilitymodifier (set_id, item_id)  VALUES  ('xdud9qrtg8xs586doeq9dia12wuq49v6', '20071109NM00000000000000000000050113');
INSERT INTO metadata_display_label ( default_locale, oid, site_master, key_name) VALUES ('Last Update Date', '06ag7lh1osca92qzs40j51eslp7xfhh10287', 'www.runwaysdk.com', '06ag7lh1osca92qzs40j51eslp7xfhh10287');
 INSERT INTO visibilitymodifier (set_id, item_id)  VALUES  ('0fbj7vibx9fcbr72ygdczls2yya4nfoh', '20071109NM00000000000000000000050113');
 INSERT INTO md_attribute_indicies (set_id, item_id)  VALUES  ('t1qvec2hw07n5zrtxjabr3uece6jm543', '000000000000000000000000000004010085');
INSERT INTO metadata_display_label ( default_locale, oid, site_master, key_name) VALUES ('Date and time this record was last updated', 'qnleeb9nlozve712ssijm4m6y2c336sc0287', 'www.runwaysdk.com', 'qnleeb9nlozve712ssijm4m6y2c336sc0287');
INSERT INTO md_attribute_datetime ( default_value, oid) VALUES (NULL, 'yy5y31s7w3oi293mfmwwr4tz76lvyqnk0082');
INSERT INTO md_attribute_moment ( oid) VALUES ('yy5y31s7w3oi293mfmwwr4tz76lvyqnk0082');
INSERT INTO md_attribute_primitive ( oid) VALUES ('yy5y31s7w3oi293mfmwwr4tz76lvyqnk0082');
INSERT INTO md_attribute_concrete ( column_name, defining_md_class, setter_visibility, setter_visibility_c, immutable, index_name, generate_accessor, system, required, display_label, getter_visibility, getter_visibility_c, index_type, index_type_c, attribute_name, oid) VALUES ('last_update_date', 'z3g4p4x0v9ivx6mni1k1j75l7u8r1c750062', 'xdud9qrtg8xs586doeq9dia12wuq49v6', '20071109NM00000000000000000000050113', 0, 'argwtv4wmxzwzvcvc0ejnlhbxd70tj', 1, 1, 1, '06ag7lh1osca92qzs40j51eslp7xfhh10287', '0fbj7vibx9fcbr72ygdczls2yya4nfoh', '20071109NM00000000000000000000050113', 't1qvec2hw07n5zrtxjabr3uece6jm543', '000000000000000000000000000004010085', 'lastUpdateDate', 'yy5y31s7w3oi293mfmwwr4tz76lvyqnk0082');
INSERT INTO md_attribute ( oid) VALUES ('yy5y31s7w3oi293mfmwwr4tz76lvyqnk0082');
INSERT INTO metadata ( description, created_by, owner, oid, create_date, seq, type, remove, site_master, locked_by, entity_domain, last_updated_by, last_update_date, key_name) VALUES ('qnleeb9nlozve712ssijm4m6y2c336sc0287', '000000000000000000000000000000100060', '000000000000000000000000000000100060', 'yy5y31s7w3oi293mfmwwr4tz76lvyqnk0082', '2014-02-10 12:13:54', 4657, 'com.runwaysdk.system.metadata.MdAttributeDateTime', 0, 'www.runwaysdk.com', NULL, NULL, '000000000000000000000000000000100060', '2014-02-10 12:13:54', 'com.runwaysdk.system.scheduler.JobHistoryRecord.lastUpdateDate');
ALTER TABLE job_history_record ADD COLUMN last_update_date  timestamp;
INSERT INTO class_attribute_concrete ( oid, parent_oid, child_oid) VALUES ('r2sla7b6h3x2ig7ekj6hyspqnvamw6mz0245', 'z3g4p4x0v9ivx6mni1k1j75l7u8r1c750062', 'yy5y31s7w3oi293mfmwwr4tz76lvyqnk0082');
INSERT INTO class_attribute ( oid, parent_oid, child_oid) VALUES ('r2sla7b6h3x2ig7ekj6hyspqnvamw6mz0245', 'z3g4p4x0v9ivx6mni1k1j75l7u8r1c750062', 'yy5y31s7w3oi293mfmwwr4tz76lvyqnk0082');
INSERT INTO metadata_relationship ( entity_domain, site_master, last_updated_by, oid, owner, locked_by, create_date, type, created_by, seq, key_name, last_update_date, parent_oid, child_oid) VALUES (NULL, 'www.runwaysdk.com', '000000000000000000000000000000100060', 'r2sla7b6h3x2ig7ekj6hyspqnvamw6mz0245', '000000000000000000000000000000100060', NULL, '2014-02-10 12:13:54', 'com.runwaysdk.system.metadata.ClassAttributeConcrete', '000000000000000000000000000000100060', 4658, 'com.runwaysdk.system.scheduler.JobHistoryRecord.lastUpdateDate', '2014-02-10 12:13:54', 'z3g4p4x0v9ivx6mni1k1j75l7u8r1c750062', 'yy5y31s7w3oi293mfmwwr4tz76lvyqnk0082');
 INSERT INTO visibilitymodifier (set_id, item_id)  VALUES  ('1ugump66i1d7lpyesh6drcowdsb5khix', '20071109NM00000000000000000000050113');
INSERT INTO metadata_display_label ( default_locale, oid, site_master, key_name) VALUES ('Last Updated By', '8zvj7sgy5uli0ppagvbc8gbpcmqj7i3y0287', 'www.runwaysdk.com', '8zvj7sgy5uli0ppagvbc8gbpcmqj7i3y0287');
 INSERT INTO visibilitymodifier (set_id, item_id)  VALUES  ('qz9z9s00vjv1nkoyaadje8wskbgn1b0r', '20071109NM00000000000000000000050113');
 INSERT INTO md_attribute_indicies (set_id, item_id)  VALUES  ('qm4yft9zrot3vafdk9g1y8c04mu1ud0b', '000000000000000000000000000004000085');
INSERT INTO metadata_display_label ( default_locale, oid, site_master, key_name) VALUES ('User who last updated this object', 'zbjc9dy14i3w0tawuzcqozsl4p7xtvz40287', 'www.runwaysdk.com', 'zbjc9dy14i3w0tawuzcqozsl4p7xtvz40287');
INSERT INTO md_attribute_reference ( default_value, md_business, oid) VALUES (NULL, 'JS2007072300000000000000000015600058', '6ry509obkfc24gk9acm6d0dezd2xz8se0218');
INSERT INTO md_attribute_ref ( oid) VALUES ('6ry509obkfc24gk9acm6d0dezd2xz8se0218');
INSERT INTO md_attribute_concrete ( column_name, defining_md_class, setter_visibility, setter_visibility_c, immutable, index_name, generate_accessor, system, required, display_label, getter_visibility, getter_visibility_c, index_type, index_type_c, attribute_name, oid) VALUES ('last_updated_by', 'z3g4p4x0v9ivx6mni1k1j75l7u8r1c750062', '1ugump66i1d7lpyesh6drcowdsb5khix', '20071109NM00000000000000000000050113', 0, 'ajlswtotg7h480v6sqgv0vhzb27z0i', 1, 1, 1, '8zvj7sgy5uli0ppagvbc8gbpcmqj7i3y0287', 'qz9z9s00vjv1nkoyaadje8wskbgn1b0r', '20071109NM00000000000000000000050113', 'qm4yft9zrot3vafdk9g1y8c04mu1ud0b', '000000000000000000000000000004000085', 'lastUpdatedBy', '6ry509obkfc24gk9acm6d0dezd2xz8se0218');
INSERT INTO md_attribute ( oid) VALUES ('6ry509obkfc24gk9acm6d0dezd2xz8se0218');
INSERT INTO metadata ( description, created_by, owner, oid, create_date, seq, type, remove, site_master, locked_by, entity_domain, last_updated_by, last_update_date, key_name) VALUES ('zbjc9dy14i3w0tawuzcqozsl4p7xtvz40287', '000000000000000000000000000000100060', '000000000000000000000000000000100060', '6ry509obkfc24gk9acm6d0dezd2xz8se0218', '2014-02-10 12:13:54', 4659, 'com.runwaysdk.system.metadata.MdAttributeReference', 0, 'www.runwaysdk.com', NULL, NULL, '000000000000000000000000000000100060', '2014-02-10 12:13:54', 'com.runwaysdk.system.scheduler.JobHistoryRecord.lastUpdatedBy');
ALTER TABLE job_history_record ADD COLUMN last_updated_by  char(64);
INSERT INTO class_attribute_concrete ( oid, parent_oid, child_oid) VALUES ('zh4snrxwtnq6ddcu58tqehxvvv2j73u20245', 'z3g4p4x0v9ivx6mni1k1j75l7u8r1c750062', '6ry509obkfc24gk9acm6d0dezd2xz8se0218');
INSERT INTO class_attribute ( oid, parent_oid, child_oid) VALUES ('zh4snrxwtnq6ddcu58tqehxvvv2j73u20245', 'z3g4p4x0v9ivx6mni1k1j75l7u8r1c750062', '6ry509obkfc24gk9acm6d0dezd2xz8se0218');
INSERT INTO metadata_relationship ( entity_domain, site_master, last_updated_by, oid, owner, locked_by, create_date, type, created_by, seq, key_name, last_update_date, parent_oid, child_oid) VALUES (NULL, 'www.runwaysdk.com', '000000000000000000000000000000100060', 'zh4snrxwtnq6ddcu58tqehxvvv2j73u20245', '000000000000000000000000000000100060', NULL, '2014-02-10 12:13:54', 'com.runwaysdk.system.metadata.ClassAttributeConcrete', '000000000000000000000000000000100060', 4660, 'com.runwaysdk.system.scheduler.JobHistoryRecord.lastUpdatedBy', '2014-02-10 12:13:54', 'z3g4p4x0v9ivx6mni1k1j75l7u8r1c750062', '6ry509obkfc24gk9acm6d0dezd2xz8se0218');
 INSERT INTO visibilitymodifier (set_id, item_id)  VALUES  ('zb55zll2k415io7922n9o3cv0qij0q0r', '20071109NM00000000000000000000050113');
INSERT INTO metadata_display_label ( default_locale, oid, site_master, key_name) VALUES ('Created By', 'xslnkxgyy0rw7hygpllc9ozrq38q01un0287', 'www.runwaysdk.com', 'xslnkxgyy0rw7hygpllc9ozrq38q01un0287');
 INSERT INTO visibilitymodifier (set_id, item_id)  VALUES  ('sym49l8m4o5kr4kxzrutkv5rsnm3dtn4', '20071109NM00000000000000000000050113');
 INSERT INTO md_attribute_indicies (set_id, item_id)  VALUES  ('xw7bgybkadjmuig7qwzfqnyxxnwkws97', '000000000000000000000000000004000085');
INSERT INTO metadata_display_label ( default_locale, oid, site_master, key_name) VALUES ('User that created this object', '8ww2025qjgzx21b16knlxqdlst7yuwgl0287', 'www.runwaysdk.com', '8ww2025qjgzx21b16knlxqdlst7yuwgl0287');
INSERT INTO md_attribute_reference ( default_value, md_business, oid) VALUES (NULL, 'JS2007072300000000000000000015600058', '9217udu70ry18tiso59qh9tcdn1orn680218');
INSERT INTO md_attribute_ref ( oid) VALUES ('9217udu70ry18tiso59qh9tcdn1orn680218');
INSERT INTO md_attribute_concrete ( column_name, defining_md_class, setter_visibility, setter_visibility_c, immutable, index_name, generate_accessor, system, required, display_label, getter_visibility, getter_visibility_c, index_type, index_type_c, attribute_name, oid) VALUES ('created_by', 'z3g4p4x0v9ivx6mni1k1j75l7u8r1c750062', 'zb55zll2k415io7922n9o3cv0qij0q0r', '20071109NM00000000000000000000050113', 1, 'aavsewcv74btirya59ty87v79obtio', 1, 1, 1, 'xslnkxgyy0rw7hygpllc9ozrq38q01un0287', 'sym49l8m4o5kr4kxzrutkv5rsnm3dtn4', '20071109NM00000000000000000000050113', 'xw7bgybkadjmuig7qwzfqnyxxnwkws97', '000000000000000000000000000004000085', 'createdBy', '9217udu70ry18tiso59qh9tcdn1orn680218');
INSERT INTO md_attribute ( oid) VALUES ('9217udu70ry18tiso59qh9tcdn1orn680218');
INSERT INTO metadata ( description, created_by, owner, oid, create_date, seq, type, remove, site_master, locked_by, entity_domain, last_updated_by, last_update_date, key_name) VALUES ('8ww2025qjgzx21b16knlxqdlst7yuwgl0287', '000000000000000000000000000000100060', '000000000000000000000000000000100060', '9217udu70ry18tiso59qh9tcdn1orn680218', '2014-02-10 12:13:54', 4661, 'com.runwaysdk.system.metadata.MdAttributeReference', 0, 'www.runwaysdk.com', NULL, NULL, '000000000000000000000000000000100060', '2014-02-10 12:13:54', 'com.runwaysdk.system.scheduler.JobHistoryRecord.createdBy');
ALTER TABLE job_history_record ADD COLUMN created_by  char(64);
INSERT INTO class_attribute_concrete ( oid, parent_oid, child_oid) VALUES ('sj0brrq680nfqzq7cezf4shw0bwhpa7o0245', 'z3g4p4x0v9ivx6mni1k1j75l7u8r1c750062', '9217udu70ry18tiso59qh9tcdn1orn680218');
INSERT INTO class_attribute ( oid, parent_oid, child_oid) VALUES ('sj0brrq680nfqzq7cezf4shw0bwhpa7o0245', 'z3g4p4x0v9ivx6mni1k1j75l7u8r1c750062', '9217udu70ry18tiso59qh9tcdn1orn680218');
INSERT INTO metadata_relationship ( entity_domain, site_master, last_updated_by, oid, owner, locked_by, create_date, type, created_by, seq, key_name, last_update_date, parent_oid, child_oid) VALUES (NULL, 'www.runwaysdk.com', '000000000000000000000000000000100060', 'sj0brrq680nfqzq7cezf4shw0bwhpa7o0245', '000000000000000000000000000000100060', NULL, '2014-02-10 12:13:54', 'com.runwaysdk.system.metadata.ClassAttributeConcrete', '000000000000000000000000000000100060', 4662, 'com.runwaysdk.system.scheduler.JobHistoryRecord.createdBy', '2014-02-10 12:13:54', 'z3g4p4x0v9ivx6mni1k1j75l7u8r1c750062', '9217udu70ry18tiso59qh9tcdn1orn680218');
 INSERT INTO visibilitymodifier (set_id, item_id)  VALUES  ('22580zkqywyt8nsn91y2n64rupc7uu7s', '20071109NM00000000000000000000050113');
INSERT INTO metadata_display_label ( default_locale, oid, site_master, key_name) VALUES ('Locked By', 'xfemg63msl7tali0k9dh0fwmxjxw23ap0287', 'www.runwaysdk.com', 'xfemg63msl7tali0k9dh0fwmxjxw23ap0287');
 INSERT INTO visibilitymodifier (set_id, item_id)  VALUES  ('xinvf6uc4felx3jztj033fdvrdrhniw1', '20071109NM00000000000000000000050113');
 INSERT INTO md_attribute_indicies (set_id, item_id)  VALUES  ('zkfkofpcjkwfp19iwb9x3zdr5988picp', '000000000000000000000000000004000085');
INSERT INTO metadata_display_label ( default_locale, oid, site_master, key_name) VALUES ('User who has a write lock on this object', 'zo6srqzoxxi2e0cn7kjm0f9vuct9iopr0287', 'www.runwaysdk.com', 'zo6srqzoxxi2e0cn7kjm0f9vuct9iopr0287');
INSERT INTO md_attribute_reference ( default_value, md_business, oid) VALUES (NULL, '000000000000000000000000000000030058', 'sb6zhr03qrlhkql48xdzjlfsedeztx6q0218');
INSERT INTO md_attribute_ref ( oid) VALUES ('sb6zhr03qrlhkql48xdzjlfsedeztx6q0218');
INSERT INTO md_attribute_concrete ( column_name, defining_md_class, setter_visibility, setter_visibility_c, immutable, index_name, generate_accessor, system, required, display_label, getter_visibility, getter_visibility_c, index_type, index_type_c, attribute_name, oid) VALUES ('locked_by', 'z3g4p4x0v9ivx6mni1k1j75l7u8r1c750062', '22580zkqywyt8nsn91y2n64rupc7uu7s', '20071109NM00000000000000000000050113', 0, 'a5rozgard7k8c7tvgfqen0ac06gm70', 1, 1, 0, 'xfemg63msl7tali0k9dh0fwmxjxw23ap0287', 'xinvf6uc4felx3jztj033fdvrdrhniw1', '20071109NM00000000000000000000050113', 'zkfkofpcjkwfp19iwb9x3zdr5988picp', '000000000000000000000000000004000085', 'lockedBy', 'sb6zhr03qrlhkql48xdzjlfsedeztx6q0218');
INSERT INTO md_attribute ( oid) VALUES ('sb6zhr03qrlhkql48xdzjlfsedeztx6q0218');
INSERT INTO metadata ( description, created_by, owner, oid, create_date, seq, type, remove, site_master, locked_by, entity_domain, last_updated_by, last_update_date, key_name) VALUES ('zo6srqzoxxi2e0cn7kjm0f9vuct9iopr0287', '000000000000000000000000000000100060', '000000000000000000000000000000100060', 'sb6zhr03qrlhkql48xdzjlfsedeztx6q0218', '2014-02-10 12:13:54', 4663, 'com.runwaysdk.system.metadata.MdAttributeReference', 0, 'www.runwaysdk.com', NULL, NULL, '000000000000000000000000000000100060', '2014-02-10 12:13:54', 'com.runwaysdk.system.scheduler.JobHistoryRecord.lockedBy');
ALTER TABLE job_history_record ADD COLUMN locked_by  char(64);
INSERT INTO class_attribute_concrete ( oid, parent_oid, child_oid) VALUES ('re78dqsuq5dad1dbfwxxuqxsf6al1nyj0245', 'z3g4p4x0v9ivx6mni1k1j75l7u8r1c750062', 'sb6zhr03qrlhkql48xdzjlfsedeztx6q0218');
INSERT INTO class_attribute ( oid, parent_oid, child_oid) VALUES ('re78dqsuq5dad1dbfwxxuqxsf6al1nyj0245', 'z3g4p4x0v9ivx6mni1k1j75l7u8r1c750062', 'sb6zhr03qrlhkql48xdzjlfsedeztx6q0218');
INSERT INTO metadata_relationship ( entity_domain, site_master, last_updated_by, oid, owner, locked_by, create_date, type, created_by, seq, key_name, last_update_date, parent_oid, child_oid) VALUES (NULL, 'www.runwaysdk.com', '000000000000000000000000000000100060', 're78dqsuq5dad1dbfwxxuqxsf6al1nyj0245', '000000000000000000000000000000100060', NULL, '2014-02-10 12:13:54', 'com.runwaysdk.system.metadata.ClassAttributeConcrete', '000000000000000000000000000000100060', 4664, 'com.runwaysdk.system.scheduler.JobHistoryRecord.lockedBy', '2014-02-10 12:13:54', 'z3g4p4x0v9ivx6mni1k1j75l7u8r1c750062', 'sb6zhr03qrlhkql48xdzjlfsedeztx6q0218');
 INSERT INTO visibilitymodifier (set_id, item_id)  VALUES  ('y10p6t0bjx7lgnx30hnk21dx5gfwq3pk', '20071109NM00000000000000000000050113');
INSERT INTO metadata_display_label ( default_locale, oid, site_master, key_name) VALUES ('Create Date', 'snm8a3ryphmxwo0fvvgy2u2mnilcdufo0287', 'www.runwaysdk.com', 'snm8a3ryphmxwo0fvvgy2u2mnilcdufo0287');
 INSERT INTO visibilitymodifier (set_id, item_id)  VALUES  ('0gycfo3y3b5pssx9o6to4jljm7sm022x', '20071109NM00000000000000000000050113');
 INSERT INTO md_attribute_indicies (set_id, item_id)  VALUES  ('xbw9ce3mt2akvg5cjdtuk8dbuqr12ois', '000000000000000000000000000004010085');
INSERT INTO metadata_display_label ( default_locale, oid, site_master, key_name) VALUES ('Date and time this record was created', 'xuau7bdk88v8p7jqgtiz11azfpsz85um0287', 'www.runwaysdk.com', 'xuau7bdk88v8p7jqgtiz11azfpsz85um0287');
INSERT INTO md_attribute_datetime ( default_value, oid) VALUES (NULL, 'xd57y9i9a16crx870kntkwba7b4np6rp0082');
INSERT INTO md_attribute_moment ( oid) VALUES ('xd57y9i9a16crx870kntkwba7b4np6rp0082');
INSERT INTO md_attribute_primitive ( oid) VALUES ('xd57y9i9a16crx870kntkwba7b4np6rp0082');
INSERT INTO md_attribute_concrete ( column_name, defining_md_class, setter_visibility, setter_visibility_c, immutable, index_name, generate_accessor, system, required, display_label, getter_visibility, getter_visibility_c, index_type, index_type_c, attribute_name, oid) VALUES ('create_date', 'z3g4p4x0v9ivx6mni1k1j75l7u8r1c750062', 'y10p6t0bjx7lgnx30hnk21dx5gfwq3pk', '20071109NM00000000000000000000050113', 0, 'a7ddpjbwzogd6b9twqzpzqaxd486yl', 1, 1, 1, 'snm8a3ryphmxwo0fvvgy2u2mnilcdufo0287', '0gycfo3y3b5pssx9o6to4jljm7sm022x', '20071109NM00000000000000000000050113', 'xbw9ce3mt2akvg5cjdtuk8dbuqr12ois', '000000000000000000000000000004010085', 'createDate', 'xd57y9i9a16crx870kntkwba7b4np6rp0082');
INSERT INTO md_attribute ( oid) VALUES ('xd57y9i9a16crx870kntkwba7b4np6rp0082');
INSERT INTO metadata ( description, created_by, owner, oid, create_date, seq, type, remove, site_master, locked_by, entity_domain, last_updated_by, last_update_date, key_name) VALUES ('xuau7bdk88v8p7jqgtiz11azfpsz85um0287', '000000000000000000000000000000100060', '000000000000000000000000000000100060', 'xd57y9i9a16crx870kntkwba7b4np6rp0082', '2014-02-10 12:13:54', 4665, 'com.runwaysdk.system.metadata.MdAttributeDateTime', 0, 'www.runwaysdk.com', NULL, NULL, '000000000000000000000000000000100060', '2014-02-10 12:13:54', 'com.runwaysdk.system.scheduler.JobHistoryRecord.createDate');
ALTER TABLE job_history_record ADD COLUMN create_date  timestamp;
INSERT INTO class_attribute_concrete ( oid, parent_oid, child_oid) VALUES ('8ixe7xa0jxhqrltjrygpzhv4hlbep9z60245', 'z3g4p4x0v9ivx6mni1k1j75l7u8r1c750062', 'xd57y9i9a16crx870kntkwba7b4np6rp0082');
INSERT INTO class_attribute ( oid, parent_oid, child_oid) VALUES ('8ixe7xa0jxhqrltjrygpzhv4hlbep9z60245', 'z3g4p4x0v9ivx6mni1k1j75l7u8r1c750062', 'xd57y9i9a16crx870kntkwba7b4np6rp0082');
INSERT INTO metadata_relationship ( entity_domain, site_master, last_updated_by, oid, owner, locked_by, create_date, type, created_by, seq, key_name, last_update_date, parent_oid, child_oid) VALUES (NULL, 'www.runwaysdk.com', '000000000000000000000000000000100060', '8ixe7xa0jxhqrltjrygpzhv4hlbep9z60245', '000000000000000000000000000000100060', NULL, '2014-02-10 12:13:54', 'com.runwaysdk.system.metadata.ClassAttributeConcrete', '000000000000000000000000000000100060', 4666, 'com.runwaysdk.system.scheduler.JobHistoryRecord.createDate', '2014-02-10 12:13:54', 'z3g4p4x0v9ivx6mni1k1j75l7u8r1c750062', 'xd57y9i9a16crx870kntkwba7b4np6rp0082');
 INSERT INTO visibilitymodifier (set_id, item_id)  VALUES  ('00q1d7qfm91xjah4ef22d5uwucjq8nkk', '20071109NM00000000000000000000050113');
INSERT INTO metadata_display_label ( default_locale, oid, site_master, key_name) VALUES ('Owner', 'sa3pt8eix5joovn6iqrdzvwdb0le0mi00287', 'www.runwaysdk.com', 'sa3pt8eix5joovn6iqrdzvwdb0le0mi00287');
 INSERT INTO visibilitymodifier (set_id, item_id)  VALUES  ('0alcfle84oa4adhm0j4iwfjz3qt4rmf6', '20071109NM00000000000000000000050113');
 INSERT INTO md_attribute_indicies (set_id, item_id)  VALUES  ('rdss17ydzf11carwrvvgwqp1s5lsnvbg', '000000000000000000000000000004000085');
INSERT INTO metadata_display_label ( default_locale, oid, site_master, key_name) VALUES ('A reference to the user who own this object', 'z12vykq0a4ubrmh6wsngvq19qoa2ylyl0287', 'www.runwaysdk.com', 'z12vykq0a4ubrmh6wsngvq19qoa2ylyl0287');
INSERT INTO md_attribute_reference ( default_value, md_business, oid) VALUES (NULL, '000000000000000000000000000005160058', 'z5vlwcelr9iz2dnb610e6c3q919kjpu00218');
INSERT INTO md_attribute_ref ( oid) VALUES ('z5vlwcelr9iz2dnb610e6c3q919kjpu00218');
INSERT INTO md_attribute_concrete ( column_name, defining_md_class, setter_visibility, setter_visibility_c, immutable, index_name, generate_accessor, system, required, display_label, getter_visibility, getter_visibility_c, index_type, index_type_c, attribute_name, oid) VALUES ('owner', 'z3g4p4x0v9ivx6mni1k1j75l7u8r1c750062', '00q1d7qfm91xjah4ef22d5uwucjq8nkk', '20071109NM00000000000000000000050113', 0, 'apkejec9r9y6wxvulx4tf25xcgy1ih', 1, 0, 1, 'sa3pt8eix5joovn6iqrdzvwdb0le0mi00287', '0alcfle84oa4adhm0j4iwfjz3qt4rmf6', '20071109NM00000000000000000000050113', 'rdss17ydzf11carwrvvgwqp1s5lsnvbg', '000000000000000000000000000004000085', 'owner', 'z5vlwcelr9iz2dnb610e6c3q919kjpu00218');
INSERT INTO md_attribute ( oid) VALUES ('z5vlwcelr9iz2dnb610e6c3q919kjpu00218');
INSERT INTO metadata ( description, created_by, owner, oid, create_date, seq, type, remove, site_master, locked_by, entity_domain, last_updated_by, last_update_date, key_name) VALUES ('z12vykq0a4ubrmh6wsngvq19qoa2ylyl0287', '000000000000000000000000000000100060', '000000000000000000000000000000100060', 'z5vlwcelr9iz2dnb610e6c3q919kjpu00218', '2014-02-10 12:13:54', 4667, 'com.runwaysdk.system.metadata.MdAttributeReference', 0, 'www.runwaysdk.com', NULL, NULL, '000000000000000000000000000000100060', '2014-02-10 12:13:54', 'com.runwaysdk.system.scheduler.JobHistoryRecord.owner');
ALTER TABLE job_history_record ADD COLUMN owner  char(64);
INSERT INTO class_attribute_concrete ( oid, parent_oid, child_oid) VALUES ('rduf71lubjcy6u9at1jlbd92tmvf4ikc0245', 'z3g4p4x0v9ivx6mni1k1j75l7u8r1c750062', 'z5vlwcelr9iz2dnb610e6c3q919kjpu00218');
INSERT INTO class_attribute ( oid, parent_oid, child_oid) VALUES ('rduf71lubjcy6u9at1jlbd92tmvf4ikc0245', 'z3g4p4x0v9ivx6mni1k1j75l7u8r1c750062', 'z5vlwcelr9iz2dnb610e6c3q919kjpu00218');
INSERT INTO metadata_relationship ( entity_domain, site_master, last_updated_by, oid, owner, locked_by, create_date, type, created_by, seq, key_name, last_update_date, parent_oid, child_oid) VALUES (NULL, 'www.runwaysdk.com', '000000000000000000000000000000100060', 'rduf71lubjcy6u9at1jlbd92tmvf4ikc0245', '000000000000000000000000000000100060', NULL, '2014-02-10 12:13:54', 'com.runwaysdk.system.metadata.ClassAttributeConcrete', '000000000000000000000000000000100060', 4668, 'com.runwaysdk.system.scheduler.JobHistoryRecord.owner', '2014-02-10 12:13:54', 'z3g4p4x0v9ivx6mni1k1j75l7u8r1c750062', 'z5vlwcelr9iz2dnb610e6c3q919kjpu00218');
 INSERT INTO visibilitymodifier (set_id, item_id)  VALUES  ('sdoxsl3zlfoztjj812gcebisil4ylx5x', '20071109NM00000000000000000000050113');
INSERT INTO metadata_display_label ( default_locale, oid, site_master, key_name) VALUES ('Type', '0jyqidgponlnvf3pgr2m4r7zxyqp414z0287', 'www.runwaysdk.com', '0jyqidgponlnvf3pgr2m4r7zxyqp414z0287');
 INSERT INTO visibilitymodifier (set_id, item_id)  VALUES  ('zcdivvz23u5qzfg9bksu0fyiqnlnz8w1', '20071109NM00000000000000000000050113');
 INSERT INTO md_attribute_indicies (set_id, item_id)  VALUES  ('6vlf0vi11eiobdxl2c2nrz88kmws67aw', '000000000000000000000000000004010085');
INSERT INTO metadata_display_label ( default_locale, oid, site_master, key_name) VALUES ('Fully qualified type of this object', 'sms8pz8jk2kcujt9jmkjczgmioddwqu40287', 'www.runwaysdk.com', 'sms8pz8jk2kcujt9jmkjczgmioddwqu40287');
INSERT INTO md_attribute_character ( default_value, database_size, oid) VALUES (NULL, 255, 's94lh6nkeh9dnn2gjcr7u8fowvaxxwz70067');
INSERT INTO md_attribute_char ( oid) VALUES ('s94lh6nkeh9dnn2gjcr7u8fowvaxxwz70067');
INSERT INTO md_attribute_primitive ( oid) VALUES ('s94lh6nkeh9dnn2gjcr7u8fowvaxxwz70067');
INSERT INTO md_attribute_concrete ( column_name, defining_md_class, setter_visibility, setter_visibility_c, immutable, index_name, generate_accessor, system, required, display_label, getter_visibility, getter_visibility_c, index_type, index_type_c, attribute_name, oid) VALUES ('type', 'z3g4p4x0v9ivx6mni1k1j75l7u8r1c750062', 'sdoxsl3zlfoztjj812gcebisil4ylx5x', '20071109NM00000000000000000000050113', 1, 'angthr8sz0v6tr79xx2qxr0ooptua3', 1, 1, 1, '0jyqidgponlnvf3pgr2m4r7zxyqp414z0287', 'zcdivvz23u5qzfg9bksu0fyiqnlnz8w1', '20071109NM00000000000000000000050113', '6vlf0vi11eiobdxl2c2nrz88kmws67aw', '000000000000000000000000000004010085', 'type', 's94lh6nkeh9dnn2gjcr7u8fowvaxxwz70067');
INSERT INTO md_attribute ( oid) VALUES ('s94lh6nkeh9dnn2gjcr7u8fowvaxxwz70067');
INSERT INTO metadata ( description, created_by, owner, oid, create_date, seq, type, remove, site_master, locked_by, entity_domain, last_updated_by, last_update_date, key_name) VALUES ('sms8pz8jk2kcujt9jmkjczgmioddwqu40287', '000000000000000000000000000000100060', '000000000000000000000000000000100060', 's94lh6nkeh9dnn2gjcr7u8fowvaxxwz70067', '2014-02-10 12:13:54', 4669, 'com.runwaysdk.system.metadata.MdAttributeCharacter', 0, 'www.runwaysdk.com', NULL, NULL, '000000000000000000000000000000100060', '2014-02-10 12:13:54', 'com.runwaysdk.system.scheduler.JobHistoryRecord.type');
ALTER TABLE job_history_record ADD COLUMN type  varchar(255);
INSERT INTO class_attribute_concrete ( oid, parent_oid, child_oid) VALUES ('qyktn2d9wt9ufn21jek3afrfeh99plft0245', 'z3g4p4x0v9ivx6mni1k1j75l7u8r1c750062', 's94lh6nkeh9dnn2gjcr7u8fowvaxxwz70067');
INSERT INTO class_attribute ( oid, parent_oid, child_oid) VALUES ('qyktn2d9wt9ufn21jek3afrfeh99plft0245', 'z3g4p4x0v9ivx6mni1k1j75l7u8r1c750062', 's94lh6nkeh9dnn2gjcr7u8fowvaxxwz70067');
INSERT INTO metadata_relationship ( entity_domain, site_master, last_updated_by, oid, owner, locked_by, create_date, type, created_by, seq, key_name, last_update_date, parent_oid, child_oid) VALUES (NULL, 'www.runwaysdk.com', '000000000000000000000000000000100060', 'qyktn2d9wt9ufn21jek3afrfeh99plft0245', '000000000000000000000000000000100060', NULL, '2014-02-10 12:13:54', 'com.runwaysdk.system.metadata.ClassAttributeConcrete', '000000000000000000000000000000100060', 4670, 'com.runwaysdk.system.scheduler.JobHistoryRecord.type', '2014-02-10 12:13:54', 'z3g4p4x0v9ivx6mni1k1j75l7u8r1c750062', 's94lh6nkeh9dnn2gjcr7u8fowvaxxwz70067');
 INSERT INTO visibilitymodifier (set_id, item_id)  VALUES  ('yz6lltxwqo1mdskhjlbz4yd5n8ycaht9', '20071109NM00000000000000000000050113');
INSERT INTO metadata_display_label ( default_locale, oid, site_master, key_name) VALUES ('Entity Domain', 'zegj28hadnkdrcmdoil6ao69bk59wx2s0287', 'www.runwaysdk.com', 'zegj28hadnkdrcmdoil6ao69bk59wx2s0287');
 INSERT INTO visibilitymodifier (set_id, item_id)  VALUES  ('xcrfm7qvazgq6vlfcpqbv21wv96mzp9u', '20071109NM00000000000000000000050113');
 INSERT INTO md_attribute_indicies (set_id, item_id)  VALUES  ('r1d4bds2gqgmrsfbs6gmtj08bq1mhh4w', '000000000000000000000000000004010085');
INSERT INTO metadata_display_label ( default_locale, oid, site_master, key_name) VALUES ('The Domain of this entity', 'qldfzbhqk32qt3bivnz5mtgrkdd03glu0287', 'www.runwaysdk.com', 'qldfzbhqk32qt3bivnz5mtgrkdd03glu0287');
INSERT INTO md_attribute_reference ( default_value, md_business, oid) VALUES (NULL, 'NM2008101100000000000000000001110058', '2gmw28xb7plchi55b2b0tqci9bd6ypwt0218');
INSERT INTO md_attribute_ref ( oid) VALUES ('2gmw28xb7plchi55b2b0tqci9bd6ypwt0218');
INSERT INTO md_attribute_concrete ( column_name, defining_md_class, setter_visibility, setter_visibility_c, immutable, index_name, generate_accessor, system, required, display_label, getter_visibility, getter_visibility_c, index_type, index_type_c, attribute_name, oid) VALUES ('entity_domain', 'z3g4p4x0v9ivx6mni1k1j75l7u8r1c750062', 'yz6lltxwqo1mdskhjlbz4yd5n8ycaht9', '20071109NM00000000000000000000050113', 0, 'aop1imntkv6az2okw7fjduaca0lhiy', 1, 0, 0, 'zegj28hadnkdrcmdoil6ao69bk59wx2s0287', 'xcrfm7qvazgq6vlfcpqbv21wv96mzp9u', '20071109NM00000000000000000000050113', 'r1d4bds2gqgmrsfbs6gmtj08bq1mhh4w', '000000000000000000000000000004010085', 'entityDomain', '2gmw28xb7plchi55b2b0tqci9bd6ypwt0218');
INSERT INTO md_attribute ( oid) VALUES ('2gmw28xb7plchi55b2b0tqci9bd6ypwt0218');
INSERT INTO metadata ( description, created_by, owner, oid, create_date, seq, type, remove, site_master, locked_by, entity_domain, last_updated_by, last_update_date, key_name) VALUES ('qldfzbhqk32qt3bivnz5mtgrkdd03glu0287', '000000000000000000000000000000100060', '000000000000000000000000000000100060', '2gmw28xb7plchi55b2b0tqci9bd6ypwt0218', '2014-02-10 12:13:54', 4671, 'com.runwaysdk.system.metadata.MdAttributeReference', 1, 'www.runwaysdk.com', NULL, NULL, '000000000000000000000000000000100060', '2014-02-10 12:13:54', 'com.runwaysdk.system.scheduler.JobHistoryRecord.entityDomain');
ALTER TABLE job_history_record ADD COLUMN entity_domain  char(64);
INSERT INTO class_attribute_concrete ( oid, parent_oid, child_oid) VALUES ('8oh7nw1vql8i7k8yg36odva2zez3aev30245', 'z3g4p4x0v9ivx6mni1k1j75l7u8r1c750062', '2gmw28xb7plchi55b2b0tqci9bd6ypwt0218');
INSERT INTO class_attribute ( oid, parent_oid, child_oid) VALUES ('8oh7nw1vql8i7k8yg36odva2zez3aev30245', 'z3g4p4x0v9ivx6mni1k1j75l7u8r1c750062', '2gmw28xb7plchi55b2b0tqci9bd6ypwt0218');
INSERT INTO metadata_relationship ( entity_domain, site_master, last_updated_by, oid, owner, locked_by, create_date, type, created_by, seq, key_name, last_update_date, parent_oid, child_oid) VALUES (NULL, 'www.runwaysdk.com', '000000000000000000000000000000100060', '8oh7nw1vql8i7k8yg36odva2zez3aev30245', '000000000000000000000000000000100060', NULL, '2014-02-10 12:13:54', 'com.runwaysdk.system.metadata.ClassAttributeConcrete', '000000000000000000000000000000100060', 4672, 'com.runwaysdk.system.scheduler.JobHistoryRecord.entityDomain', '2014-02-10 12:13:54', 'z3g4p4x0v9ivx6mni1k1j75l7u8r1c750062', '2gmw28xb7plchi55b2b0tqci9bd6ypwt0218');
 INSERT INTO visibilitymodifier (set_id, item_id)  VALUES  ('z4nh4zr0ati9q7omc5u6nkmbzclk3gqp', '20071109NM00000000000000000000050113');
INSERT INTO metadata_display_label ( default_locale, oid, site_master, key_name) VALUES ('Sequence', '0h8b5ht9svovas7ounto5jm011q8x98u0287', 'www.runwaysdk.com', '0h8b5ht9svovas7ounto5jm011q8x98u0287');
 INSERT INTO visibilitymodifier (set_id, item_id)  VALUES  ('8vgjr2ab0d0xrc9i1wuce323ck3v9kpe', '20071109NM00000000000000000000050113');
 INSERT INTO md_attribute_indicies (set_id, item_id)  VALUES  ('xo20bf364mnm45xkyn8wwi28hiz7r0yk', '000000000000000000000000000004010085');
INSERT INTO metadata_display_label ( default_locale, oid, site_master, key_name) VALUES ('Sequence number is incremented every time this object is updated', '1t79zl3avu7m4dbahg5hf7esdd3g5oyv0287', 'www.runwaysdk.com', '1t79zl3avu7m4dbahg5hf7esdd3g5oyv0287');
INSERT INTO md_attribute_long ( end_range, default_value, start_range, oid) VALUES (NULL, NULL, NULL, '78rhg5gvymav6ppc6nu4la0uiy4rmu9v0080');
INSERT INTO md_attribute_int ( oid) VALUES ('78rhg5gvymav6ppc6nu4la0uiy4rmu9v0080');
INSERT INTO md_attribute_number ( reject_negative, reject_zero, reject_positive, oid) VALUES (1, 0, 0, '78rhg5gvymav6ppc6nu4la0uiy4rmu9v0080');
INSERT INTO md_attribute_primitive ( oid) VALUES ('78rhg5gvymav6ppc6nu4la0uiy4rmu9v0080');
INSERT INTO md_attribute_concrete ( column_name, defining_md_class, setter_visibility, setter_visibility_c, immutable, index_name, generate_accessor, system, required, display_label, getter_visibility, getter_visibility_c, index_type, index_type_c, attribute_name, oid) VALUES ('seq', 'z3g4p4x0v9ivx6mni1k1j75l7u8r1c750062', 'z4nh4zr0ati9q7omc5u6nkmbzclk3gqp', '20071109NM00000000000000000000050113', 0, 'ad7o2ztdvjlcdcwfk4e9vjq43m0yyb', 1, 1, 1, '0h8b5ht9svovas7ounto5jm011q8x98u0287', '8vgjr2ab0d0xrc9i1wuce323ck3v9kpe', '20071109NM00000000000000000000050113', 'xo20bf364mnm45xkyn8wwi28hiz7r0yk', '000000000000000000000000000004010085', 'seq', '78rhg5gvymav6ppc6nu4la0uiy4rmu9v0080');
INSERT INTO md_attribute ( oid) VALUES ('78rhg5gvymav6ppc6nu4la0uiy4rmu9v0080');
INSERT INTO metadata ( description, created_by, owner, oid, create_date, seq, type, remove, site_master, locked_by, entity_domain, last_updated_by, last_update_date, key_name) VALUES ('1t79zl3avu7m4dbahg5hf7esdd3g5oyv0287', '000000000000000000000000000000100060', '000000000000000000000000000000100060', '78rhg5gvymav6ppc6nu4la0uiy4rmu9v0080', '2014-02-10 12:13:54', 4673, 'com.runwaysdk.system.metadata.MdAttributeLong', 0, 'www.runwaysdk.com', NULL, NULL, '000000000000000000000000000000100060', '2014-02-10 12:13:54', 'com.runwaysdk.system.scheduler.JobHistoryRecord.seq');
ALTER TABLE job_history_record ADD COLUMN seq  bigint;
INSERT INTO class_attribute_concrete ( oid, parent_oid, child_oid) VALUES ('xt2byc9jay5jlyoyq4mtauzgghzf3t070245', 'z3g4p4x0v9ivx6mni1k1j75l7u8r1c750062', '78rhg5gvymav6ppc6nu4la0uiy4rmu9v0080');
INSERT INTO class_attribute ( oid, parent_oid, child_oid) VALUES ('xt2byc9jay5jlyoyq4mtauzgghzf3t070245', 'z3g4p4x0v9ivx6mni1k1j75l7u8r1c750062', '78rhg5gvymav6ppc6nu4la0uiy4rmu9v0080');
INSERT INTO metadata_relationship ( entity_domain, site_master, last_updated_by, oid, owner, locked_by, create_date, type, created_by, seq, key_name, last_update_date, parent_oid, child_oid) VALUES (NULL, 'www.runwaysdk.com', '000000000000000000000000000000100060', 'xt2byc9jay5jlyoyq4mtauzgghzf3t070245', '000000000000000000000000000000100060', NULL, '2014-02-10 12:13:54', 'com.runwaysdk.system.metadata.ClassAttributeConcrete', '000000000000000000000000000000100060', 4674, 'com.runwaysdk.system.scheduler.JobHistoryRecord.seq', '2014-02-10 12:13:54', 'z3g4p4x0v9ivx6mni1k1j75l7u8r1c750062', '78rhg5gvymav6ppc6nu4la0uiy4rmu9v0080');
INSERT INTO metadata_display_label ( default_locale, oid, site_master, key_name) VALUES (NULL, '2f3k0gwykp9z7s83s547n96fihtc697s0287', 'www.runwaysdk.com', '2f3k0gwykp9z7s83s547n96fihtc697s0287');
INSERT INTO metadata_display_label ( default_locale, oid, site_master, key_name) VALUES (NULL, 'sxtoc8hi7e2pi8dn2byismlb7mhvgvlm0287', 'www.runwaysdk.com', 'sxtoc8hi7e2pi8dn2byismlb7mhvgvlm0287');
INSERT INTO md_controller ( stub_source, oid) VALUES (NULL, 'zf2htgbfl5qcej1z4jhxg3zvbg3yvx620130');
INSERT INTO md_type ( display_label, root_id, package_name, type_name, base_source, js_base, js_stub, exported, dto_source, oid) VALUES ('2f3k0gwykp9z7s83s547n96fihtc697s0287', 'zf2htgbfl5qcej1z4jhxg3zvbg3yvx62', 'com.runwaysdk.system.scheduler', 'JobHistoryRecordController', NULL, NULL, NULL, 1, NULL, 'zf2htgbfl5qcej1z4jhxg3zvbg3yvx620130');
INSERT INTO metadata ( description, created_by, owner, oid, create_date, seq, type, remove, site_master, locked_by, entity_domain, last_updated_by, last_update_date, key_name) VALUES ('sxtoc8hi7e2pi8dn2byismlb7mhvgvlm0287', '000000000000000000000000000000100060', '000000000000000000000000000000100060', 'zf2htgbfl5qcej1z4jhxg3zvbg3yvx620130', '2014-02-10 12:13:54', 4675, 'com.runwaysdk.system.metadata.MdController', 1, 'www.runwaysdk.com', NULL, NULL, '000000000000000000000000000000100060', '2014-02-10 12:13:54', 'com.runwaysdk.system.scheduler.JobHistoryRecordController');
INSERT INTO metadata_display_label ( default_locale, oid, site_master, key_name) VALUES ('View Page', '1uhx2ujjimnwljsd4kobauen9gorq1s00287', 'www.runwaysdk.com', '1uhx2ujjimnwljsd4kobauen9gorq1s00287');
INSERT INTO metadata_display_label ( default_locale, oid, site_master, key_name) VALUES ('Loads a ViewAll query for a specific page into the request object', 'zffpjpycguz6jiqvbul3n96vk5l9kh3t0287', 'www.runwaysdk.com', 'zffpjpycguz6jiqvbul3n96vk5l9kh3t0287');
INSERT INTO md_action ( is_query, enclosing_md_controller, is_post, action_name, display_label, oid) VALUES (1, 'zf2htgbfl5qcej1z4jhxg3zvbg3yvx620130', 0, 'viewPage', '1uhx2ujjimnwljsd4kobauen9gorq1s00287', '8dccaq3lr5m901pmpyn30zwhiukbu6yd0131');
INSERT INTO metadata ( description, created_by, owner, oid, create_date, seq, type, remove, site_master, locked_by, entity_domain, last_updated_by, last_update_date, key_name) VALUES ('zffpjpycguz6jiqvbul3n96vk5l9kh3t0287', '000000000000000000000000000000100060', '000000000000000000000000000000100060', '8dccaq3lr5m901pmpyn30zwhiukbu6yd0131', '2014-02-10 12:13:54', 4676, 'com.runwaysdk.system.metadata.MdAction', 1, 'www.runwaysdk.com', NULL, NULL, '000000000000000000000000000000100060', '2014-02-10 12:13:54', 'com.runwaysdk.system.scheduler.JobHistoryRecordController.viewPage');
INSERT INTO controller_action ( key_name, locked_by, oid, owner, entity_domain, created_by, type, last_update_date, create_date, seq, last_updated_by, site_master, parent_oid, child_oid) VALUES ('com.runwaysdk.system.scheduler.JobHistoryRecordController.viewPage', NULL, '2a0tslk0zyyspvipu1twxlxli2yir2z10264', '000000000000000000000000000000100060', NULL, '000000000000000000000000000000100060', 'com.runwaysdk.system.ControllerAction', '2014-02-10 12:13:54', '2014-02-10 12:13:54', 4677, '000000000000000000000000000000100060', 'www.runwaysdk.com', 'zf2htgbfl5qcej1z4jhxg3zvbg3yvx620130', '8dccaq3lr5m901pmpyn30zwhiukbu6yd0131');
INSERT INTO metadata_display_label ( default_locale, oid, site_master, key_name) VALUES ('Sort Attribute', '8n5tqphn6fqy147k9qg1a1uyun1pieww0287', 'www.runwaysdk.com', '8n5tqphn6fqy147k9qg1a1uyun1pieww0287');
INSERT INTO metadata_display_label ( default_locale, oid, site_master, key_name) VALUES (NULL, '1tgf9rad1u41p1ksyrsi2dfm6qf46wac0287', 'www.runwaysdk.com', '1tgf9rad1u41p1ksyrsi2dfm6qf46wac0287');
INSERT INTO md_parameter ( metadata, parameter_order, parameter_name, parameter_type, display_label, oid) VALUES ('8dccaq3lr5m901pmpyn30zwhiukbu6yd0131', -4, 'sortAttribute', 'java.lang.String', '8n5tqphn6fqy147k9qg1a1uyun1pieww0287', '8ni3unt5kpy22jd7pl54en58h6miah2s0110');
INSERT INTO metadata ( description, created_by, owner, oid, create_date, seq, type, remove, site_master, locked_by, entity_domain, last_updated_by, last_update_date, key_name) VALUES ('1tgf9rad1u41p1ksyrsi2dfm6qf46wac0287', '000000000000000000000000000000100060', '000000000000000000000000000000100060', '8ni3unt5kpy22jd7pl54en58h6miah2s0110', '2014-02-10 12:13:54', 4678, 'com.runwaysdk.system.metadata.MdParameter', 1, 'www.runwaysdk.com', NULL, NULL, '000000000000000000000000000000100060', '2014-02-10 12:13:54', 'com.runwaysdk.system.scheduler.JobHistoryRecordController.viewPage.sortAttribute');
INSERT INTO metadata_parameter ( site_master, last_updated_by, create_date, seq, locked_by, entity_domain, created_by, type, last_update_date, key_name, owner, oid, parent_oid, child_oid) VALUES ('www.runwaysdk.com', '000000000000000000000000000000100060', '2014-02-10 12:13:54', 4679, NULL, NULL, '000000000000000000000000000000100060', 'com.runwaysdk.system.MetadataParameter', '2014-02-10 12:13:54', 'com.runwaysdk.system.scheduler.JobHistoryRecordController.viewPage.sortAttribute', '000000000000000000000000000000100060', '8nf4c0u1lkhbmn690o0n5z1d5n616j340256', '8dccaq3lr5m901pmpyn30zwhiukbu6yd0131', '8ni3unt5kpy22jd7pl54en58h6miah2s0110');
INSERT INTO metadata_display_label ( default_locale, oid, site_master, key_name) VALUES ('Is Ascending', '700ye4rybcbpi2ce0yla789d76f3dxov0287', 'www.runwaysdk.com', '700ye4rybcbpi2ce0yla789d76f3dxov0287');
INSERT INTO metadata_display_label ( default_locale, oid, site_master, key_name) VALUES (NULL, 'r55yg4bjxbvdzoe9ij1lvll67topaoeu0287', 'www.runwaysdk.com', 'r55yg4bjxbvdzoe9ij1lvll67topaoeu0287');
INSERT INTO md_parameter ( metadata, parameter_order, parameter_name, parameter_type, display_label, oid) VALUES ('8dccaq3lr5m901pmpyn30zwhiukbu6yd0131', -3, 'isAscending', 'java.lang.Boolean', '700ye4rybcbpi2ce0yla789d76f3dxov0287', '8w1rxno8v5b5b22pexlzfqfqnfdowhvh0110');
INSERT INTO metadata ( description, created_by, owner, oid, create_date, seq, type, remove, site_master, locked_by, entity_domain, last_updated_by, last_update_date, key_name) VALUES ('r55yg4bjxbvdzoe9ij1lvll67topaoeu0287', '000000000000000000000000000000100060', '000000000000000000000000000000100060', '8w1rxno8v5b5b22pexlzfqfqnfdowhvh0110', '2014-02-10 12:13:54', 4680, 'com.runwaysdk.system.metadata.MdParameter', 1, 'www.runwaysdk.com', NULL, NULL, '000000000000000000000000000000100060', '2014-02-10 12:13:54', 'com.runwaysdk.system.scheduler.JobHistoryRecordController.viewPage.isAscending');
INSERT INTO metadata_parameter ( site_master, last_updated_by, create_date, seq, locked_by, entity_domain, created_by, type, last_update_date, key_name, owner, oid, parent_oid, child_oid) VALUES ('www.runwaysdk.com', '000000000000000000000000000000100060', '2014-02-10 12:13:54', 4681, NULL, NULL, '000000000000000000000000000000100060', 'com.runwaysdk.system.MetadataParameter', '2014-02-10 12:13:54', 'com.runwaysdk.system.scheduler.JobHistoryRecordController.viewPage.isAscending', '000000000000000000000000000000100060', '93s0ni253vybq1279d4lke96fkyjiibp0256', '8dccaq3lr5m901pmpyn30zwhiukbu6yd0131', '8w1rxno8v5b5b22pexlzfqfqnfdowhvh0110');
INSERT INTO metadata_display_label ( default_locale, oid, site_master, key_name) VALUES ('Page Size', 'r9mfa0berjuiat8ih7o1l01ivmep1ydk0287', 'www.runwaysdk.com', 'r9mfa0berjuiat8ih7o1l01ivmep1ydk0287');
INSERT INTO metadata_display_label ( default_locale, oid, site_master, key_name) VALUES (NULL, '8q9ox7wnbqmqx38tpjry06x47oc2clxj0287', 'www.runwaysdk.com', '8q9ox7wnbqmqx38tpjry06x47oc2clxj0287');
INSERT INTO md_parameter ( metadata, parameter_order, parameter_name, parameter_type, display_label, oid) VALUES ('8dccaq3lr5m901pmpyn30zwhiukbu6yd0131', -2, 'pageSize', 'java.lang.Integer', 'r9mfa0berjuiat8ih7o1l01ivmep1ydk0287', '8x6yy3fzeg7f5wo2xv0jimd97itbz9yf0110');
INSERT INTO metadata ( description, created_by, owner, oid, create_date, seq, type, remove, site_master, locked_by, entity_domain, last_updated_by, last_update_date, key_name) VALUES ('8q9ox7wnbqmqx38tpjry06x47oc2clxj0287', '000000000000000000000000000000100060', '000000000000000000000000000000100060', '8x6yy3fzeg7f5wo2xv0jimd97itbz9yf0110', '2014-02-10 12:13:54', 4682, 'com.runwaysdk.system.metadata.MdParameter', 1, 'www.runwaysdk.com', NULL, NULL, '000000000000000000000000000000100060', '2014-02-10 12:13:54', 'com.runwaysdk.system.scheduler.JobHistoryRecordController.viewPage.pageSize');
INSERT INTO metadata_parameter ( site_master, last_updated_by, create_date, seq, locked_by, entity_domain, created_by, type, last_update_date, key_name, owner, oid, parent_oid, child_oid) VALUES ('www.runwaysdk.com', '000000000000000000000000000000100060', '2014-02-10 12:13:54', 4683, NULL, NULL, '000000000000000000000000000000100060', 'com.runwaysdk.system.MetadataParameter', '2014-02-10 12:13:54', 'com.runwaysdk.system.scheduler.JobHistoryRecordController.viewPage.pageSize', '000000000000000000000000000000100060', 'xrm4w0cljpmjicqwnph7x3xtyv10ngkq0256', '8dccaq3lr5m901pmpyn30zwhiukbu6yd0131', '8x6yy3fzeg7f5wo2xv0jimd97itbz9yf0110');
INSERT INTO metadata_display_label ( default_locale, oid, site_master, key_name) VALUES ('Page Number', '0g821ar9jjrqa30tf425rol9eu20xb4m0287', 'www.runwaysdk.com', '0g821ar9jjrqa30tf425rol9eu20xb4m0287');
INSERT INTO metadata_display_label ( default_locale, oid, site_master, key_name) VALUES (NULL, '21ft5yl6exq932opr8uojyx9lljchx6m0287', 'www.runwaysdk.com', '21ft5yl6exq932opr8uojyx9lljchx6m0287');
INSERT INTO md_parameter ( metadata, parameter_order, parameter_name, parameter_type, display_label, oid) VALUES ('8dccaq3lr5m901pmpyn30zwhiukbu6yd0131', -1, 'pageNumber', 'java.lang.Integer', '0g821ar9jjrqa30tf425rol9eu20xb4m0287', 'xbw6r3reibidhqhayusamq404nxwbkux0110');
INSERT INTO metadata ( description, created_by, owner, oid, create_date, seq, type, remove, site_master, locked_by, entity_domain, last_updated_by, last_update_date, key_name) VALUES ('21ft5yl6exq932opr8uojyx9lljchx6m0287', '000000000000000000000000000000100060', '000000000000000000000000000000100060', 'xbw6r3reibidhqhayusamq404nxwbkux0110', '2014-02-10 12:13:54', 4684, 'com.runwaysdk.system.metadata.MdParameter', 1, 'www.runwaysdk.com', NULL, NULL, '000000000000000000000000000000100060', '2014-02-10 12:13:54', 'com.runwaysdk.system.scheduler.JobHistoryRecordController.viewPage.pageNumber');
INSERT INTO metadata_parameter ( site_master, last_updated_by, create_date, seq, locked_by, entity_domain, created_by, type, last_update_date, key_name, owner, oid, parent_oid, child_oid) VALUES ('www.runwaysdk.com', '000000000000000000000000000000100060', '2014-02-10 12:13:54', 4685, NULL, NULL, '000000000000000000000000000000100060', 'com.runwaysdk.system.MetadataParameter', '2014-02-10 12:13:54', 'com.runwaysdk.system.scheduler.JobHistoryRecordController.viewPage.pageNumber', '000000000000000000000000000000100060', 'rd4svgl1yt4ytv4jyd25tqfajxsw1ln60256', '8dccaq3lr5m901pmpyn30zwhiukbu6yd0131', 'xbw6r3reibidhqhayusamq404nxwbkux0110');
INSERT INTO metadata_display_label ( default_locale, oid, site_master, key_name) VALUES ('View All', 'xk22d0ob5i1taw7pudhlpgqjwcpwdmy10287', 'www.runwaysdk.com', 'xk22d0ob5i1taw7pudhlpgqjwcpwdmy10287');
INSERT INTO metadata_display_label ( default_locale, oid, site_master, key_name) VALUES ('Loads a ViewAll query with the default settings', '6t3kjpfo60r85hk66023956ryhb2cdej0287', 'www.runwaysdk.com', '6t3kjpfo60r85hk66023956ryhb2cdej0287');
INSERT INTO md_action ( is_query, enclosing_md_controller, is_post, action_name, display_label, oid) VALUES (0, 'zf2htgbfl5qcej1z4jhxg3zvbg3yvx620130', 0, 'viewAll', 'xk22d0ob5i1taw7pudhlpgqjwcpwdmy10287', '00x37prds7eyq6p6505873v8ljkxezpq0131');
INSERT INTO metadata ( description, created_by, owner, oid, create_date, seq, type, remove, site_master, locked_by, entity_domain, last_updated_by, last_update_date, key_name) VALUES ('6t3kjpfo60r85hk66023956ryhb2cdej0287', '000000000000000000000000000000100060', '000000000000000000000000000000100060', '00x37prds7eyq6p6505873v8ljkxezpq0131', '2014-02-10 12:13:54', 4686, 'com.runwaysdk.system.metadata.MdAction', 1, 'www.runwaysdk.com', NULL, NULL, '000000000000000000000000000000100060', '2014-02-10 12:13:54', 'com.runwaysdk.system.scheduler.JobHistoryRecordController.viewAll');
INSERT INTO controller_action ( key_name, locked_by, oid, owner, entity_domain, created_by, type, last_update_date, create_date, seq, last_updated_by, site_master, parent_oid, child_oid) VALUES ('com.runwaysdk.system.scheduler.JobHistoryRecordController.viewAll', NULL, 'z56fpzxk459x9x2ma5sjuvynvrlx5s8q0264', '000000000000000000000000000000100060', NULL, '000000000000000000000000000000100060', 'com.runwaysdk.system.ControllerAction', '2014-02-10 12:13:54', '2014-02-10 12:13:54', 4687, '000000000000000000000000000000100060', 'www.runwaysdk.com', 'zf2htgbfl5qcej1z4jhxg3zvbg3yvx620130', '00x37prds7eyq6p6505873v8ljkxezpq0131');
INSERT INTO metadata_display_label ( default_locale, oid, site_master, key_name) VALUES ('View', 'r9me33211wyoa3ptx3d1veeos9c7mx600287', 'www.runwaysdk.com', 'r9me33211wyoa3ptx3d1veeos9c7mx600287');
INSERT INTO metadata_display_label ( default_locale, oid, site_master, key_name) VALUES ('View an existing instance of com.runwaysdk.system.scheduler.JobHistoryRecord', '944ddremk8q9u3o6m2yoxj26qvex9yyl0287', 'www.runwaysdk.com', '944ddremk8q9u3o6m2yoxj26qvex9yyl0287');
INSERT INTO md_action ( is_query, enclosing_md_controller, is_post, action_name, display_label, oid) VALUES (0, 'zf2htgbfl5qcej1z4jhxg3zvbg3yvx620130', 0, 'view', 'r9me33211wyoa3ptx3d1veeos9c7mx600287', 'svhm87yynr6twg9357dqnr48y7b4871i0131');
INSERT INTO metadata ( description, created_by, owner, oid, create_date, seq, type, remove, site_master, locked_by, entity_domain, last_updated_by, last_update_date, key_name) VALUES ('944ddremk8q9u3o6m2yoxj26qvex9yyl0287', '000000000000000000000000000000100060', '000000000000000000000000000000100060', 'svhm87yynr6twg9357dqnr48y7b4871i0131', '2014-02-10 12:13:54', 4688, 'com.runwaysdk.system.metadata.MdAction', 1, 'www.runwaysdk.com', NULL, NULL, '000000000000000000000000000000100060', '2014-02-10 12:13:54', 'com.runwaysdk.system.scheduler.JobHistoryRecordController.view');
INSERT INTO controller_action ( key_name, locked_by, oid, owner, entity_domain, created_by, type, last_update_date, create_date, seq, last_updated_by, site_master, parent_oid, child_oid) VALUES ('com.runwaysdk.system.scheduler.JobHistoryRecordController.view', NULL, '0enwjivkn3yv2wq80psogco7f040tx6p0264', '000000000000000000000000000000100060', NULL, '000000000000000000000000000000100060', 'com.runwaysdk.system.ControllerAction', '2014-02-10 12:13:54', '2014-02-10 12:13:54', 4689, '000000000000000000000000000000100060', 'www.runwaysdk.com', 'zf2htgbfl5qcej1z4jhxg3zvbg3yvx620130', 'svhm87yynr6twg9357dqnr48y7b4871i0131');
INSERT INTO metadata_display_label ( default_locale, oid, site_master, key_name) VALUES ('Parameter: com.runwaysdk.system.scheduler.JobHistoryRecord - oid', 'qs95snu0xmq55jg9xdhp2mph93oqa3b50287', 'www.runwaysdk.com', 'qs95snu0xmq55jg9xdhp2mph93oqa3b50287');
INSERT INTO metadata_display_label ( default_locale, oid, site_master, key_name) VALUES ('Id of com.runwaysdk.system.scheduler.JobHistoryRecord to view.', 'sw5tfb8h67uzdcc1vbxp65szav17nsxd0287', 'www.runwaysdk.com', 'sw5tfb8h67uzdcc1vbxp65szav17nsxd0287');
INSERT INTO md_parameter ( metadata, parameter_order, parameter_name, parameter_type, display_label, oid) VALUES ('svhm87yynr6twg9357dqnr48y7b4871i0131', 0, 'oid', 'java.lang.String', 'qs95snu0xmq55jg9xdhp2mph93oqa3b50287', 'r4svyvry6j6ct9cjlx39tcsok172u7z50110');
INSERT INTO metadata ( description, created_by, owner, oid, create_date, seq, type, remove, site_master, locked_by, entity_domain, last_updated_by, last_update_date, key_name) VALUES ('sw5tfb8h67uzdcc1vbxp65szav17nsxd0287', '000000000000000000000000000000100060', '000000000000000000000000000000100060', 'r4svyvry6j6ct9cjlx39tcsok172u7z50110', '2014-02-10 12:13:54', 4690, 'com.runwaysdk.system.metadata.MdParameter', 1, 'www.runwaysdk.com', NULL, NULL, '000000000000000000000000000000100060', '2014-02-10 12:13:54', 'com.runwaysdk.system.scheduler.JobHistoryRecordController.view.oid');
INSERT INTO metadata_parameter ( site_master, last_updated_by, create_date, seq, locked_by, entity_domain, created_by, type, last_update_date, key_name, owner, oid, parent_oid, child_oid) VALUES ('www.runwaysdk.com', '000000000000000000000000000000100060', '2014-02-10 12:13:54', 4691, NULL, NULL, '000000000000000000000000000000100060', 'com.runwaysdk.system.MetadataParameter', '2014-02-10 12:13:54', 'com.runwaysdk.system.scheduler.JobHistoryRecordController.view.oid', '000000000000000000000000000000100060', 'zc4kct9q6bt4ctp1oi83qv7unfjs69ps0256', 'svhm87yynr6twg9357dqnr48y7b4871i0131', 'r4svyvry6j6ct9cjlx39tcsok172u7z50110');
INSERT INTO metadata_display_label ( default_locale, oid, site_master, key_name) VALUES ('New Instance', 'xnlsn2aj407fznlo2n0dh8qtsigxko3s0287', 'www.runwaysdk.com', 'xnlsn2aj407fznlo2n0dh8qtsigxko3s0287');
INSERT INTO metadata_display_label ( default_locale, oid, site_master, key_name) VALUES ('Loads a new instance of com.runwaysdk.system.scheduler.JobHistoryRecord into the request object', '22qn9zgrldnhnq098p5v6i9826a1ixqi0287', 'www.runwaysdk.com', '22qn9zgrldnhnq098p5v6i9826a1ixqi0287');
INSERT INTO md_action ( is_query, enclosing_md_controller, is_post, action_name, display_label, oid) VALUES (0, 'zf2htgbfl5qcej1z4jhxg3zvbg3yvx620130', 1, 'newInstance', 'xnlsn2aj407fznlo2n0dh8qtsigxko3s0287', 'zkkf6navpvkf9dv6k4sv08wfs5wvbmq30131');
INSERT INTO metadata ( description, created_by, owner, oid, create_date, seq, type, remove, site_master, locked_by, entity_domain, last_updated_by, last_update_date, key_name) VALUES ('22qn9zgrldnhnq098p5v6i9826a1ixqi0287', '000000000000000000000000000000100060', '000000000000000000000000000000100060', 'zkkf6navpvkf9dv6k4sv08wfs5wvbmq30131', '2014-02-10 12:13:54', 4692, 'com.runwaysdk.system.metadata.MdAction', 1, 'www.runwaysdk.com', NULL, NULL, '000000000000000000000000000000100060', '2014-02-10 12:13:54', 'com.runwaysdk.system.scheduler.JobHistoryRecordController.newInstance');
INSERT INTO controller_action ( key_name, locked_by, oid, owner, entity_domain, created_by, type, last_update_date, create_date, seq, last_updated_by, site_master, parent_oid, child_oid) VALUES ('com.runwaysdk.system.scheduler.JobHistoryRecordController.newInstance', NULL, '8kmmncknhiwbcoazeae3zttovubri2tj0264', '000000000000000000000000000000100060', NULL, '000000000000000000000000000000100060', 'com.runwaysdk.system.ControllerAction', '2014-02-10 12:13:54', '2014-02-10 12:13:54', 4693, '000000000000000000000000000000100060', 'www.runwaysdk.com', 'zf2htgbfl5qcej1z4jhxg3zvbg3yvx620130', 'zkkf6navpvkf9dv6k4sv08wfs5wvbmq30131');
INSERT INTO metadata_display_label ( default_locale, oid, site_master, key_name) VALUES ('Parent Parameter: com.runwaysdk.system.scheduler.JobHistoryRecord', 'r62o0scecyes6p89o2g90i552e127ezq0287', 'www.runwaysdk.com', 'r62o0scecyes6p89o2g90i552e127ezq0287');
INSERT INTO metadata_display_label ( default_locale, oid, site_master, key_name) VALUES ('Id of the parent of the Relationship', '04vskplmqq84n2tnxoxkt80p28sthhad0287', 'www.runwaysdk.com', '04vskplmqq84n2tnxoxkt80p28sthhad0287');
INSERT INTO md_parameter ( metadata, parameter_order, parameter_name, parameter_type, display_label, oid) VALUES ('zkkf6navpvkf9dv6k4sv08wfs5wvbmq30131', 0, 'parentId', 'java.lang.String', 'r62o0scecyes6p89o2g90i552e127ezq0287', '6vl46eh4thi3c82okjgxqhcbaz29sc8w0110');
INSERT INTO metadata ( description, created_by, owner, oid, create_date, seq, type, remove, site_master, locked_by, entity_domain, last_updated_by, last_update_date, key_name) VALUES ('04vskplmqq84n2tnxoxkt80p28sthhad0287', '000000000000000000000000000000100060', '000000000000000000000000000000100060', '6vl46eh4thi3c82okjgxqhcbaz29sc8w0110', '2014-02-10 12:13:54', 4694, 'com.runwaysdk.system.metadata.MdParameter', 1, 'www.runwaysdk.com', NULL, NULL, '000000000000000000000000000000100060', '2014-02-10 12:13:54', 'com.runwaysdk.system.scheduler.JobHistoryRecordController.newInstance.parentId');
INSERT INTO metadata_parameter ( site_master, last_updated_by, create_date, seq, locked_by, entity_domain, created_by, type, last_update_date, key_name, owner, oid, parent_oid, child_oid) VALUES ('www.runwaysdk.com', '000000000000000000000000000000100060', '2014-02-10 12:13:54', 4695, NULL, NULL, '000000000000000000000000000000100060', 'com.runwaysdk.system.MetadataParameter', '2014-02-10 12:13:54', 'com.runwaysdk.system.scheduler.JobHistoryRecordController.newInstance.parentId', '000000000000000000000000000000100060', '7cprfi0eqm1vkarxl3ypsvhhe8fudq580256', 'zkkf6navpvkf9dv6k4sv08wfs5wvbmq30131', '6vl46eh4thi3c82okjgxqhcbaz29sc8w0110');
INSERT INTO metadata_display_label ( default_locale, oid, site_master, key_name) VALUES ('Child Parameter: com.runwaysdk.system.scheduler.JobHistoryRecord', 'z0nhd6qfdw56rxt6ko39ggcp5vvpweg50287', 'www.runwaysdk.com', 'z0nhd6qfdw56rxt6ko39ggcp5vvpweg50287');
INSERT INTO metadata_display_label ( default_locale, oid, site_master, key_name) VALUES ('Child of the Relationship', 'xs9kyxoms9o062wg8lluba06zihx75j30287', 'www.runwaysdk.com', 'xs9kyxoms9o062wg8lluba06zihx75j30287');
INSERT INTO md_parameter ( metadata, parameter_order, parameter_name, parameter_type, display_label, oid) VALUES ('zkkf6navpvkf9dv6k4sv08wfs5wvbmq30131', 1, 'childId', 'java.lang.String', 'z0nhd6qfdw56rxt6ko39ggcp5vvpweg50287', 'sfb52td8ak5sgmu4710l6ywza48ej8tt0110');
INSERT INTO metadata ( description, created_by, owner, oid, create_date, seq, type, remove, site_master, locked_by, entity_domain, last_updated_by, last_update_date, key_name) VALUES ('xs9kyxoms9o062wg8lluba06zihx75j30287', '000000000000000000000000000000100060', '000000000000000000000000000000100060', 'sfb52td8ak5sgmu4710l6ywza48ej8tt0110', '2014-02-10 12:13:54', 4696, 'com.runwaysdk.system.metadata.MdParameter', 1, 'www.runwaysdk.com', NULL, NULL, '000000000000000000000000000000100060', '2014-02-10 12:13:54', 'com.runwaysdk.system.scheduler.JobHistoryRecordController.newInstance.childId');
INSERT INTO metadata_parameter ( site_master, last_updated_by, create_date, seq, locked_by, entity_domain, created_by, type, last_update_date, key_name, owner, oid, parent_oid, child_oid) VALUES ('www.runwaysdk.com', '000000000000000000000000000000100060', '2014-02-10 12:13:54', 4697, NULL, NULL, '000000000000000000000000000000100060', 'com.runwaysdk.system.MetadataParameter', '2014-02-10 12:13:54', 'com.runwaysdk.system.scheduler.JobHistoryRecordController.newInstance.childId', '000000000000000000000000000000100060', '7dtse5zvkw2zftgpqwq596hretc7ambp0256', 'zkkf6navpvkf9dv6k4sv08wfs5wvbmq30131', 'sfb52td8ak5sgmu4710l6ywza48ej8tt0110');
INSERT INTO metadata_display_label ( default_locale, oid, site_master, key_name) VALUES ('Create', 'qyeu25hx4rdlnjtcz42uo0f5z1exg9mj0287', 'www.runwaysdk.com', 'qyeu25hx4rdlnjtcz42uo0f5z1exg9mj0287');
INSERT INTO metadata_display_label ( default_locale, oid, site_master, key_name) VALUES ('Applys a new instance of com.runwaysdk.system.scheduler.JobHistoryRecord', '0hdu0dm25pqfxkqye1dkze5yi478i6750287', 'www.runwaysdk.com', '0hdu0dm25pqfxkqye1dkze5yi478i6750287');
INSERT INTO md_action ( is_query, enclosing_md_controller, is_post, action_name, display_label, oid) VALUES (0, 'zf2htgbfl5qcej1z4jhxg3zvbg3yvx620130', 1, 'create', 'qyeu25hx4rdlnjtcz42uo0f5z1exg9mj0287', 'yxj2n333i21ksqwmdiijt7ulma6l3iyd0131');
INSERT INTO metadata ( description, created_by, owner, oid, create_date, seq, type, remove, site_master, locked_by, entity_domain, last_updated_by, last_update_date, key_name) VALUES ('0hdu0dm25pqfxkqye1dkze5yi478i6750287', '000000000000000000000000000000100060', '000000000000000000000000000000100060', 'yxj2n333i21ksqwmdiijt7ulma6l3iyd0131', '2014-02-10 12:13:54', 4698, 'com.runwaysdk.system.metadata.MdAction', 1, 'www.runwaysdk.com', NULL, NULL, '000000000000000000000000000000100060', '2014-02-10 12:13:54', 'com.runwaysdk.system.scheduler.JobHistoryRecordController.create');
INSERT INTO controller_action ( key_name, locked_by, oid, owner, entity_domain, created_by, type, last_update_date, create_date, seq, last_updated_by, site_master, parent_oid, child_oid) VALUES ('com.runwaysdk.system.scheduler.JobHistoryRecordController.create', NULL, '7edhwj4ar2fozii8cwd8ufuwcwgfyd0e0264', '000000000000000000000000000000100060', NULL, '000000000000000000000000000000100060', 'com.runwaysdk.system.ControllerAction', '2014-02-10 12:13:54', '2014-02-10 12:13:54', 4699, '000000000000000000000000000000100060', 'www.runwaysdk.com', 'zf2htgbfl5qcej1z4jhxg3zvbg3yvx620130', 'yxj2n333i21ksqwmdiijt7ulma6l3iyd0131');
INSERT INTO metadata_display_label ( default_locale, oid, site_master, key_name) VALUES ('Parameter: com.runwaysdk.system.scheduler.JobHistoryRecord', '8hx9qve82xlo8c41jx9zp3kn9khtu9fc0287', 'www.runwaysdk.com', '8hx9qve82xlo8c41jx9zp3kn9khtu9fc0287');
INSERT INTO metadata_display_label ( default_locale, oid, site_master, key_name) VALUES ('com.runwaysdk.system.scheduler.JobHistoryRecord to apply to the database', 'svebkncgi0sqykj1y9ihbz3veowwl9qm0287', 'www.runwaysdk.com', 'svebkncgi0sqykj1y9ihbz3veowwl9qm0287');
INSERT INTO md_parameter ( metadata, parameter_order, parameter_name, parameter_type, display_label, oid) VALUES ('yxj2n333i21ksqwmdiijt7ulma6l3iyd0131', 0, 'dto', 'com.runwaysdk.system.scheduler.JobHistoryRecord', '8hx9qve82xlo8c41jx9zp3kn9khtu9fc0287', '1vglfie6n5oh25w95qjb73i5waiimyiz0110');
INSERT INTO metadata ( description, created_by, owner, oid, create_date, seq, type, remove, site_master, locked_by, entity_domain, last_updated_by, last_update_date, key_name) VALUES ('svebkncgi0sqykj1y9ihbz3veowwl9qm0287', '000000000000000000000000000000100060', '000000000000000000000000000000100060', '1vglfie6n5oh25w95qjb73i5waiimyiz0110', '2014-02-10 12:13:54', 4700, 'com.runwaysdk.system.metadata.MdParameter', 1, 'www.runwaysdk.com', NULL, NULL, '000000000000000000000000000000100060', '2014-02-10 12:13:54', 'com.runwaysdk.system.scheduler.JobHistoryRecordController.create.dto');
INSERT INTO metadata_parameter ( site_master, last_updated_by, create_date, seq, locked_by, entity_domain, created_by, type, last_update_date, key_name, owner, oid, parent_oid, child_oid) VALUES ('www.runwaysdk.com', '000000000000000000000000000000100060', '2014-02-10 12:13:54', 4701, NULL, NULL, '000000000000000000000000000000100060', 'com.runwaysdk.system.MetadataParameter', '2014-02-10 12:13:54', 'com.runwaysdk.system.scheduler.JobHistoryRecordController.create.dto', '000000000000000000000000000000100060', '2egxmal5q90ws3jup5f6od877l7ie9up0256', 'yxj2n333i21ksqwmdiijt7ulma6l3iyd0131', '1vglfie6n5oh25w95qjb73i5waiimyiz0110');
INSERT INTO metadata_display_label ( default_locale, oid, site_master, key_name) VALUES ('edit', '1urra6nfqfkw9entzgmlnkv2qjc2thx60287', 'www.runwaysdk.com', '1urra6nfqfkw9entzgmlnkv2qjc2thx60287');
INSERT INTO metadata_display_label ( default_locale, oid, site_master, key_name) VALUES ('Applys an existing instance of com.runwaysdk.system.scheduler.JobHistoryRecord', 'qybtfrxwee3havneduy11kl497jvtu780287', 'www.runwaysdk.com', 'qybtfrxwee3havneduy11kl497jvtu780287');
INSERT INTO md_action ( is_query, enclosing_md_controller, is_post, action_name, display_label, oid) VALUES (0, 'zf2htgbfl5qcej1z4jhxg3zvbg3yvx620130', 0, 'edit', '1urra6nfqfkw9entzgmlnkv2qjc2thx60287', 'xd1puyqi2rq27neqrvwsioeuoph22sk60131');
INSERT INTO metadata ( description, created_by, owner, oid, create_date, seq, type, remove, site_master, locked_by, entity_domain, last_updated_by, last_update_date, key_name) VALUES ('qybtfrxwee3havneduy11kl497jvtu780287', '000000000000000000000000000000100060', '000000000000000000000000000000100060', 'xd1puyqi2rq27neqrvwsioeuoph22sk60131', '2014-02-10 12:13:54', 4702, 'com.runwaysdk.system.metadata.MdAction', 1, 'www.runwaysdk.com', NULL, NULL, '000000000000000000000000000000100060', '2014-02-10 12:13:54', 'com.runwaysdk.system.scheduler.JobHistoryRecordController.edit');
INSERT INTO controller_action ( key_name, locked_by, oid, owner, entity_domain, created_by, type, last_update_date, create_date, seq, last_updated_by, site_master, parent_oid, child_oid) VALUES ('com.runwaysdk.system.scheduler.JobHistoryRecordController.edit', NULL, '0rbum130wf1fkqy1r0dc1y8n516ekhb80264', '000000000000000000000000000000100060', NULL, '000000000000000000000000000000100060', 'com.runwaysdk.system.ControllerAction', '2014-02-10 12:13:54', '2014-02-10 12:13:54', 4703, '000000000000000000000000000000100060', 'www.runwaysdk.com', 'zf2htgbfl5qcej1z4jhxg3zvbg3yvx620130', 'xd1puyqi2rq27neqrvwsioeuoph22sk60131');
INSERT INTO metadata_display_label ( default_locale, oid, site_master, key_name) VALUES ('Parameter: com.runwaysdk.system.scheduler.JobHistoryRecord', '079fgg67lzl2kpfin8wv5tdq3j55k7xq0287', 'www.runwaysdk.com', '079fgg67lzl2kpfin8wv5tdq3j55k7xq0287');
INSERT INTO metadata_display_label ( default_locale, oid, site_master, key_name) VALUES ('com.runwaysdk.system.scheduler.JobHistoryRecord to apply to the database', 'zhm7ndedbi4wrrm7sl09zcj8qwdi1the0287', 'www.runwaysdk.com', 'zhm7ndedbi4wrrm7sl09zcj8qwdi1the0287');
INSERT INTO md_parameter ( metadata, parameter_order, parameter_name, parameter_type, display_label, oid) VALUES ('xd1puyqi2rq27neqrvwsioeuoph22sk60131', 0, 'oid', 'java.lang.String', '079fgg67lzl2kpfin8wv5tdq3j55k7xq0287', '8y4fqgc2l2w9g9ot1gtjlv34rcidtm610110');
INSERT INTO metadata ( description, created_by, owner, oid, create_date, seq, type, remove, site_master, locked_by, entity_domain, last_updated_by, last_update_date, key_name) VALUES ('zhm7ndedbi4wrrm7sl09zcj8qwdi1the0287', '000000000000000000000000000000100060', '000000000000000000000000000000100060', '8y4fqgc2l2w9g9ot1gtjlv34rcidtm610110', '2014-02-10 12:13:54', 4704, 'com.runwaysdk.system.metadata.MdParameter', 1, 'www.runwaysdk.com', NULL, NULL, '000000000000000000000000000000100060', '2014-02-10 12:13:54', 'com.runwaysdk.system.scheduler.JobHistoryRecordController.edit.oid');
INSERT INTO metadata_parameter ( site_master, last_updated_by, create_date, seq, locked_by, entity_domain, created_by, type, last_update_date, key_name, owner, oid, parent_oid, child_oid) VALUES ('www.runwaysdk.com', '000000000000000000000000000000100060', '2014-02-10 12:13:54', 4705, NULL, NULL, '000000000000000000000000000000100060', 'com.runwaysdk.system.MetadataParameter', '2014-02-10 12:13:54', 'com.runwaysdk.system.scheduler.JobHistoryRecordController.edit.oid', '000000000000000000000000000000100060', '71p6j7qp483i5vsyp62gqnideic78vsv0256', 'xd1puyqi2rq27neqrvwsioeuoph22sk60131', '8y4fqgc2l2w9g9ot1gtjlv34rcidtm610110');
INSERT INTO metadata_display_label ( default_locale, oid, site_master, key_name) VALUES ('update', 'z22u1tw6anvoatf0djqfwphgkxfhyxrv0287', 'www.runwaysdk.com', 'z22u1tw6anvoatf0djqfwphgkxfhyxrv0287');
INSERT INTO metadata_display_label ( default_locale, oid, site_master, key_name) VALUES ('Applys an existing instance of com.runwaysdk.system.scheduler.JobHistoryRecord', 'r2ynqadkvmg5iffze34cqdpf2vzbogaq0287', 'www.runwaysdk.com', 'r2ynqadkvmg5iffze34cqdpf2vzbogaq0287');
INSERT INTO md_action ( is_query, enclosing_md_controller, is_post, action_name, display_label, oid) VALUES (0, 'zf2htgbfl5qcej1z4jhxg3zvbg3yvx620130', 1, 'update', 'z22u1tw6anvoatf0djqfwphgkxfhyxrv0287', '73b1nnfqiambl3b19k1r5obum09udmdy0131');
INSERT INTO metadata ( description, created_by, owner, oid, create_date, seq, type, remove, site_master, locked_by, entity_domain, last_updated_by, last_update_date, key_name) VALUES ('r2ynqadkvmg5iffze34cqdpf2vzbogaq0287', '000000000000000000000000000000100060', '000000000000000000000000000000100060', '73b1nnfqiambl3b19k1r5obum09udmdy0131', '2014-02-10 12:13:54', 4706, 'com.runwaysdk.system.metadata.MdAction', 1, 'www.runwaysdk.com', NULL, NULL, '000000000000000000000000000000100060', '2014-02-10 12:13:54', 'com.runwaysdk.system.scheduler.JobHistoryRecordController.update');
INSERT INTO controller_action ( key_name, locked_by, oid, owner, entity_domain, created_by, type, last_update_date, create_date, seq, last_updated_by, site_master, parent_oid, child_oid) VALUES ('com.runwaysdk.system.scheduler.JobHistoryRecordController.update', NULL, '0lkhfcpyht6gn4vjbluid5z2a95c6m0d0264', '000000000000000000000000000000100060', NULL, '000000000000000000000000000000100060', 'com.runwaysdk.system.ControllerAction', '2014-02-10 12:13:54', '2014-02-10 12:13:54', 4707, '000000000000000000000000000000100060', 'www.runwaysdk.com', 'zf2htgbfl5qcej1z4jhxg3zvbg3yvx620130', '73b1nnfqiambl3b19k1r5obum09udmdy0131');
INSERT INTO metadata_display_label ( default_locale, oid, site_master, key_name) VALUES ('Parameter: com.runwaysdk.system.scheduler.JobHistoryRecord - dto', 'xssz2ylmtm5kiicl3tawphvpzfxe1xcr0287', 'www.runwaysdk.com', 'xssz2ylmtm5kiicl3tawphvpzfxe1xcr0287');
INSERT INTO metadata_display_label ( default_locale, oid, site_master, key_name) VALUES ('com.runwaysdk.system.scheduler.JobHistoryRecord to apply to the database', '6qbauz7vujsy954iazpeyia1r40n23c60287', 'www.runwaysdk.com', '6qbauz7vujsy954iazpeyia1r40n23c60287');
INSERT INTO md_parameter ( metadata, parameter_order, parameter_name, parameter_type, display_label, oid) VALUES ('73b1nnfqiambl3b19k1r5obum09udmdy0131', 0, 'dto', 'com.runwaysdk.system.scheduler.JobHistoryRecord', 'xssz2ylmtm5kiicl3tawphvpzfxe1xcr0287', '0gl2hbmsqs13gwqi05ulqne2xr546dsk0110');
INSERT INTO metadata ( description, created_by, owner, oid, create_date, seq, type, remove, site_master, locked_by, entity_domain, last_updated_by, last_update_date, key_name) VALUES ('6qbauz7vujsy954iazpeyia1r40n23c60287', '000000000000000000000000000000100060', '000000000000000000000000000000100060', '0gl2hbmsqs13gwqi05ulqne2xr546dsk0110', '2014-02-10 12:13:54', 4708, 'com.runwaysdk.system.metadata.MdParameter', 1, 'www.runwaysdk.com', NULL, NULL, '000000000000000000000000000000100060', '2014-02-10 12:13:54', 'com.runwaysdk.system.scheduler.JobHistoryRecordController.update.dto');
INSERT INTO metadata_parameter ( site_master, last_updated_by, create_date, seq, locked_by, entity_domain, created_by, type, last_update_date, key_name, owner, oid, parent_oid, child_oid) VALUES ('www.runwaysdk.com', '000000000000000000000000000000100060', '2014-02-10 12:13:54', 4709, NULL, NULL, '000000000000000000000000000000100060', 'com.runwaysdk.system.MetadataParameter', '2014-02-10 12:13:54', 'com.runwaysdk.system.scheduler.JobHistoryRecordController.update.dto', '000000000000000000000000000000100060', 'zf1w2cyvlujk4bhjbpzscse3i5a7pa9j0256', '73b1nnfqiambl3b19k1r5obum09udmdy0131', '0gl2hbmsqs13gwqi05ulqne2xr546dsk0110');
INSERT INTO metadata_display_label ( default_locale, oid, site_master, key_name) VALUES ('cancel', '8vhb5hz2vqr32wnh0iam10tt5ak0jabz0287', 'www.runwaysdk.com', '8vhb5hz2vqr32wnh0iam10tt5ak0jabz0287');
INSERT INTO metadata_display_label ( default_locale, oid, site_master, key_name) VALUES ('Unlocks an instance com.runwaysdk.system.scheduler.JobHistoryRecord', '0q0le5ur1vxjwzv98l94jzt6if8e8k3n0287', 'www.runwaysdk.com', '0q0le5ur1vxjwzv98l94jzt6if8e8k3n0287');
INSERT INTO md_action ( is_query, enclosing_md_controller, is_post, action_name, display_label, oid) VALUES (0, 'zf2htgbfl5qcej1z4jhxg3zvbg3yvx620130', 1, 'cancel', '8vhb5hz2vqr32wnh0iam10tt5ak0jabz0287', 'zmibvsbm5wrkrdl40ovkhbs1tjnihv0n0131');
INSERT INTO metadata ( description, created_by, owner, oid, create_date, seq, type, remove, site_master, locked_by, entity_domain, last_updated_by, last_update_date, key_name) VALUES ('0q0le5ur1vxjwzv98l94jzt6if8e8k3n0287', '000000000000000000000000000000100060', '000000000000000000000000000000100060', 'zmibvsbm5wrkrdl40ovkhbs1tjnihv0n0131', '2014-02-10 12:13:54', 4710, 'com.runwaysdk.system.metadata.MdAction', 1, 'www.runwaysdk.com', NULL, NULL, '000000000000000000000000000000100060', '2014-02-10 12:13:54', 'com.runwaysdk.system.scheduler.JobHistoryRecordController.cancel');
INSERT INTO controller_action ( key_name, locked_by, oid, owner, entity_domain, created_by, type, last_update_date, create_date, seq, last_updated_by, site_master, parent_oid, child_oid) VALUES ('com.runwaysdk.system.scheduler.JobHistoryRecordController.cancel', NULL, '0bvtryvqefomm09s6oqis1mbljwa8n4k0264', '000000000000000000000000000000100060', NULL, '000000000000000000000000000000100060', 'com.runwaysdk.system.ControllerAction', '2014-02-10 12:13:54', '2014-02-10 12:13:54', 4711, '000000000000000000000000000000100060', 'www.runwaysdk.com', 'zf2htgbfl5qcej1z4jhxg3zvbg3yvx620130', 'zmibvsbm5wrkrdl40ovkhbs1tjnihv0n0131');
INSERT INTO metadata_display_label ( default_locale, oid, site_master, key_name) VALUES ('Parameter: com.runwaysdk.system.scheduler.JobHistoryRecord - dto', '6o08c1xlzut492txo74mz2vysas2lcpu0287', 'www.runwaysdk.com', '6o08c1xlzut492txo74mz2vysas2lcpu0287');
INSERT INTO metadata_display_label ( default_locale, oid, site_master, key_name) VALUES ('com.runwaysdk.system.scheduler.JobHistoryRecord to unlock', 'sstu2j86cct710qpc8tfoq3kpt8n0in90287', 'www.runwaysdk.com', 'sstu2j86cct710qpc8tfoq3kpt8n0in90287');
INSERT INTO md_parameter ( metadata, parameter_order, parameter_name, parameter_type, display_label, oid) VALUES ('zmibvsbm5wrkrdl40ovkhbs1tjnihv0n0131', 0, 'dto', 'com.runwaysdk.system.scheduler.JobHistoryRecord', '6o08c1xlzut492txo74mz2vysas2lcpu0287', '1tg7q9zw4ameuifx167ax8k7m6tt1u500110');
INSERT INTO metadata ( description, created_by, owner, oid, create_date, seq, type, remove, site_master, locked_by, entity_domain, last_updated_by, last_update_date, key_name) VALUES ('sstu2j86cct710qpc8tfoq3kpt8n0in90287', '000000000000000000000000000000100060', '000000000000000000000000000000100060', '1tg7q9zw4ameuifx167ax8k7m6tt1u500110', '2014-02-10 12:13:54', 4712, 'com.runwaysdk.system.metadata.MdParameter', 1, 'www.runwaysdk.com', NULL, NULL, '000000000000000000000000000000100060', '2014-02-10 12:13:54', 'com.runwaysdk.system.scheduler.JobHistoryRecordController.cancel.dto');
INSERT INTO metadata_parameter ( site_master, last_updated_by, create_date, seq, locked_by, entity_domain, created_by, type, last_update_date, key_name, owner, oid, parent_oid, child_oid) VALUES ('www.runwaysdk.com', '000000000000000000000000000000100060', '2014-02-10 12:13:54', 4713, NULL, NULL, '000000000000000000000000000000100060', 'com.runwaysdk.system.MetadataParameter', '2014-02-10 12:13:54', 'com.runwaysdk.system.scheduler.JobHistoryRecordController.cancel.dto', '000000000000000000000000000000100060', '93o3ztjk8t4m22qt3ebbo8u76upz6l510256', 'zmibvsbm5wrkrdl40ovkhbs1tjnihv0n0131', '1tg7q9zw4ameuifx167ax8k7m6tt1u500110');
INSERT INTO metadata_display_label ( default_locale, oid, site_master, key_name) VALUES ('delete', '6o8tr8etglxn8rszyoq4sys4qa55dl7i0287', 'www.runwaysdk.com', '6o8tr8etglxn8rszyoq4sys4qa55dl7i0287');
INSERT INTO metadata_display_label ( default_locale, oid, site_master, key_name) VALUES ('Delete an instance of com.runwaysdk.system.scheduler.JobHistoryRecord', 'sagk822yrxmbreo9ue5a60tsynorkn8u0287', 'www.runwaysdk.com', 'sagk822yrxmbreo9ue5a60tsynorkn8u0287');
INSERT INTO md_action ( is_query, enclosing_md_controller, is_post, action_name, display_label, oid) VALUES (0, 'zf2htgbfl5qcej1z4jhxg3zvbg3yvx620130', 1, 'delete', '6o8tr8etglxn8rszyoq4sys4qa55dl7i0287', '6wawsvab0y0mi7b0n2apjwoikt1b5nvp0131');
INSERT INTO metadata ( description, created_by, owner, oid, create_date, seq, type, remove, site_master, locked_by, entity_domain, last_updated_by, last_update_date, key_name) VALUES ('sagk822yrxmbreo9ue5a60tsynorkn8u0287', '000000000000000000000000000000100060', '000000000000000000000000000000100060', '6wawsvab0y0mi7b0n2apjwoikt1b5nvp0131', '2014-02-10 12:13:54', 4714, 'com.runwaysdk.system.metadata.MdAction', 1, 'www.runwaysdk.com', NULL, NULL, '000000000000000000000000000000100060', '2014-02-10 12:13:54', 'com.runwaysdk.system.scheduler.JobHistoryRecordController.delete');
INSERT INTO controller_action ( key_name, locked_by, oid, owner, entity_domain, created_by, type, last_update_date, create_date, seq, last_updated_by, site_master, parent_oid, child_oid) VALUES ('com.runwaysdk.system.scheduler.JobHistoryRecordController.delete', NULL, '0d2k1whqvuzzj80qiaq92si4xghormz40264', '000000000000000000000000000000100060', NULL, '000000000000000000000000000000100060', 'com.runwaysdk.system.ControllerAction', '2014-02-10 12:13:54', '2014-02-10 12:13:54', 4715, '000000000000000000000000000000100060', 'www.runwaysdk.com', 'zf2htgbfl5qcej1z4jhxg3zvbg3yvx620130', '6wawsvab0y0mi7b0n2apjwoikt1b5nvp0131');
INSERT INTO metadata_display_label ( default_locale, oid, site_master, key_name) VALUES ('Parameter: com.runwaysdk.system.scheduler.JobHistoryRecord - dto', 'xefipej7q433a28csdsmoc9fv617p85x0287', 'www.runwaysdk.com', 'xefipej7q433a28csdsmoc9fv617p85x0287');
INSERT INTO metadata_display_label ( default_locale, oid, site_master, key_name) VALUES ('com.runwaysdk.system.scheduler.JobHistoryRecord to delete', '6t27e2aqo7i1nuwl59oplzsgg8dm0gvn0287', 'www.runwaysdk.com', '6t27e2aqo7i1nuwl59oplzsgg8dm0gvn0287');
INSERT INTO md_parameter ( metadata, parameter_order, parameter_name, parameter_type, display_label, oid) VALUES ('6wawsvab0y0mi7b0n2apjwoikt1b5nvp0131', 0, 'dto', 'com.runwaysdk.system.scheduler.JobHistoryRecord', 'xefipej7q433a28csdsmoc9fv617p85x0287', '03czrvn0666agz8jzcbcth79irbg9tx50110');
INSERT INTO metadata ( description, created_by, owner, oid, create_date, seq, type, remove, site_master, locked_by, entity_domain, last_updated_by, last_update_date, key_name) VALUES ('6t27e2aqo7i1nuwl59oplzsgg8dm0gvn0287', '000000000000000000000000000000100060', '000000000000000000000000000000100060', '03czrvn0666agz8jzcbcth79irbg9tx50110', '2014-02-10 12:13:54', 4716, 'com.runwaysdk.system.metadata.MdParameter', 1, 'www.runwaysdk.com', NULL, NULL, '000000000000000000000000000000100060', '2014-02-10 12:13:54', 'com.runwaysdk.system.scheduler.JobHistoryRecordController.delete.dto');
INSERT INTO metadata_parameter ( site_master, last_updated_by, create_date, seq, locked_by, entity_domain, created_by, type, last_update_date, key_name, owner, oid, parent_oid, child_oid) VALUES ('www.runwaysdk.com', '000000000000000000000000000000100060', '2014-02-10 12:13:54', 4717, NULL, NULL, '000000000000000000000000000000100060', 'com.runwaysdk.system.MetadataParameter', '2014-02-10 12:13:54', 'com.runwaysdk.system.scheduler.JobHistoryRecordController.delete.dto', '000000000000000000000000000000100060', 'zlee1c2uvmsl6jgn0jnm1g12mq0fhazt0256', '6wawsvab0y0mi7b0n2apjwoikt1b5nvp0131', '03czrvn0666agz8jzcbcth79irbg9tx50110');
INSERT INTO metadata_display_label ( default_locale, oid, site_master, key_name) VALUES ('New Relationship', 'xc3oo1abnalfpuxwze1edrk44wg6hqnq0287', 'www.runwaysdk.com', 'xc3oo1abnalfpuxwze1edrk44wg6hqnq0287');
INSERT INTO metadata_display_label ( default_locale, oid, site_master, key_name) VALUES ('Loads all relavent Parent and Child references into the request attribute for a new relationship', 'xvqloxaeueqhb2fwzvf5j9aklywslp660287', 'www.runwaysdk.com', 'xvqloxaeueqhb2fwzvf5j9aklywslp660287');
INSERT INTO md_action ( is_query, enclosing_md_controller, is_post, action_name, display_label, oid) VALUES (0, 'zf2htgbfl5qcej1z4jhxg3zvbg3yvx620130', 0, 'newRelationship', 'xc3oo1abnalfpuxwze1edrk44wg6hqnq0287', 'xe268tswjh2funqzg1m1gtlijusilg5k0131');
INSERT INTO metadata ( description, created_by, owner, oid, create_date, seq, type, remove, site_master, locked_by, entity_domain, last_updated_by, last_update_date, key_name) VALUES ('xvqloxaeueqhb2fwzvf5j9aklywslp660287', '000000000000000000000000000000100060', '000000000000000000000000000000100060', 'xe268tswjh2funqzg1m1gtlijusilg5k0131', '2014-02-10 12:13:54', 4718, 'com.runwaysdk.system.metadata.MdAction', 1, 'www.runwaysdk.com', NULL, NULL, '000000000000000000000000000000100060', '2014-02-10 12:13:54', 'com.runwaysdk.system.scheduler.JobHistoryRecordController.newRelationship');
INSERT INTO controller_action ( key_name, locked_by, oid, owner, entity_domain, created_by, type, last_update_date, create_date, seq, last_updated_by, site_master, parent_oid, child_oid) VALUES ('com.runwaysdk.system.scheduler.JobHistoryRecordController.newRelationship', NULL, '21qum17jzgsyuibdlouu6ph3i6hi9rga0264', '000000000000000000000000000000100060', NULL, '000000000000000000000000000000100060', 'com.runwaysdk.system.ControllerAction', '2014-02-10 12:13:54', '2014-02-10 12:13:54', 4719, '000000000000000000000000000000100060', 'www.runwaysdk.com', 'zf2htgbfl5qcej1z4jhxg3zvbg3yvx620130', 'xe268tswjh2funqzg1m1gtlijusilg5k0131');
INSERT INTO metadata_display_label ( default_locale, oid, site_master, key_name) VALUES ('Parent Query', 'qw2nhe2wjy47c393v2qns2fjf1es1ocs0287', 'www.runwaysdk.com', 'qw2nhe2wjy47c393v2qns2fjf1es1ocs0287');
INSERT INTO metadata_display_label ( default_locale, oid, site_master, key_name) VALUES (NULL, 'snwrb82eexx48xxxrnrdspe6nbkdi9150287', 'www.runwaysdk.com', 'snwrb82eexx48xxxrnrdspe6nbkdi9150287');
INSERT INTO md_action ( is_query, enclosing_md_controller, is_post, action_name, display_label, oid) VALUES (0, 'zf2htgbfl5qcej1z4jhxg3zvbg3yvx620130', 0, 'parentQuery', 'qw2nhe2wjy47c393v2qns2fjf1es1ocs0287', 'xbxayfyjw2ysvizs3jxmgq60ks62bg9i0131');
INSERT INTO metadata ( description, created_by, owner, oid, create_date, seq, type, remove, site_master, locked_by, entity_domain, last_updated_by, last_update_date, key_name) VALUES ('snwrb82eexx48xxxrnrdspe6nbkdi9150287', '000000000000000000000000000000100060', '000000000000000000000000000000100060', 'xbxayfyjw2ysvizs3jxmgq60ks62bg9i0131', '2014-02-10 12:13:54', 4720, 'com.runwaysdk.system.metadata.MdAction', 1, 'www.runwaysdk.com', NULL, NULL, '000000000000000000000000000000100060', '2014-02-10 12:13:54', 'com.runwaysdk.system.scheduler.JobHistoryRecordController.parentQuery');
INSERT INTO controller_action ( key_name, locked_by, oid, owner, entity_domain, created_by, type, last_update_date, create_date, seq, last_updated_by, site_master, parent_oid, child_oid) VALUES ('com.runwaysdk.system.scheduler.JobHistoryRecordController.parentQuery', NULL, '0lljzy0dav13pkf2jw2ohxtt12ojubm70264', '000000000000000000000000000000100060', NULL, '000000000000000000000000000000100060', 'com.runwaysdk.system.ControllerAction', '2014-02-10 12:13:54', '2014-02-10 12:13:54', 4721, '000000000000000000000000000000100060', 'www.runwaysdk.com', 'zf2htgbfl5qcej1z4jhxg3zvbg3yvx620130', 'xbxayfyjw2ysvizs3jxmgq60ks62bg9i0131');
INSERT INTO metadata_display_label ( default_locale, oid, site_master, key_name) VALUES ('Parent Parameter: com.runwaysdk.system.scheduler.JobHistoryRecord', '6zgou3yb6f24a6ncacdpwkt63gs8ldqf0287', 'www.runwaysdk.com', '6zgou3yb6f24a6ncacdpwkt63gs8ldqf0287');
INSERT INTO metadata_display_label ( default_locale, oid, site_master, key_name) VALUES (NULL, '7b7y1swm0cnauj7suzqj5okekppvg4ed0287', 'www.runwaysdk.com', '7b7y1swm0cnauj7suzqj5okekppvg4ed0287');
INSERT INTO md_parameter ( metadata, parameter_order, parameter_name, parameter_type, display_label, oid) VALUES ('xbxayfyjw2ysvizs3jxmgq60ks62bg9i0131', 0, 'parentId', 'java.lang.String', '6zgou3yb6f24a6ncacdpwkt63gs8ldqf0287', 'yy392jff9k309slrkl7ye2e7ilowf9my0110');
INSERT INTO metadata ( description, created_by, owner, oid, create_date, seq, type, remove, site_master, locked_by, entity_domain, last_updated_by, last_update_date, key_name) VALUES ('7b7y1swm0cnauj7suzqj5okekppvg4ed0287', '000000000000000000000000000000100060', '000000000000000000000000000000100060', 'yy392jff9k309slrkl7ye2e7ilowf9my0110', '2014-02-10 12:13:54', 4722, 'com.runwaysdk.system.metadata.MdParameter', 1, 'www.runwaysdk.com', NULL, NULL, '000000000000000000000000000000100060', '2014-02-10 12:13:54', 'com.runwaysdk.system.scheduler.JobHistoryRecordController.parentQuery.parentId');
INSERT INTO metadata_parameter ( site_master, last_updated_by, create_date, seq, locked_by, entity_domain, created_by, type, last_update_date, key_name, owner, oid, parent_oid, child_oid) VALUES ('www.runwaysdk.com', '000000000000000000000000000000100060', '2014-02-10 12:13:54', 4723, NULL, NULL, '000000000000000000000000000000100060', 'com.runwaysdk.system.MetadataParameter', '2014-02-10 12:13:54', 'com.runwaysdk.system.scheduler.JobHistoryRecordController.parentQuery.parentId', '000000000000000000000000000000100060', '71xq6l1pbwqlypk0vx5gbsgnfucy2llu0256', 'xbxayfyjw2ysvizs3jxmgq60ks62bg9i0131', 'yy392jff9k309slrkl7ye2e7ilowf9my0110');
INSERT INTO metadata_display_label ( default_locale, oid, site_master, key_name) VALUES ('Child Query', '0fmmu5utwti5f9rhcn34snpimjcgdpva0287', 'www.runwaysdk.com', '0fmmu5utwti5f9rhcn34snpimjcgdpva0287');
INSERT INTO metadata_display_label ( default_locale, oid, site_master, key_name) VALUES ('Returns all instances of this relationship with the given child', '1u1z5v77j2655um4kwp3pswhka5vikrh0287', 'www.runwaysdk.com', '1u1z5v77j2655um4kwp3pswhka5vikrh0287');
INSERT INTO md_action ( is_query, enclosing_md_controller, is_post, action_name, display_label, oid) VALUES (0, 'zf2htgbfl5qcej1z4jhxg3zvbg3yvx620130', 0, 'childQuery', '0fmmu5utwti5f9rhcn34snpimjcgdpva0287', '0a6doeufdp1vmdbspqk91r1b6nx296pp0131');
INSERT INTO metadata ( description, created_by, owner, oid, create_date, seq, type, remove, site_master, locked_by, entity_domain, last_updated_by, last_update_date, key_name) VALUES ('1u1z5v77j2655um4kwp3pswhka5vikrh0287', '000000000000000000000000000000100060', '000000000000000000000000000000100060', '0a6doeufdp1vmdbspqk91r1b6nx296pp0131', '2014-02-10 12:13:54', 4724, 'com.runwaysdk.system.metadata.MdAction', 1, 'www.runwaysdk.com', NULL, NULL, '000000000000000000000000000000100060', '2014-02-10 12:13:54', 'com.runwaysdk.system.scheduler.JobHistoryRecordController.childQuery');
INSERT INTO controller_action ( key_name, locked_by, oid, owner, entity_domain, created_by, type, last_update_date, create_date, seq, last_updated_by, site_master, parent_oid, child_oid) VALUES ('com.runwaysdk.system.scheduler.JobHistoryRecordController.childQuery', NULL, '25lj57irlt3gu0n77k84fh8m8iuvrlsa0264', '000000000000000000000000000000100060', NULL, '000000000000000000000000000000100060', 'com.runwaysdk.system.ControllerAction', '2014-02-10 12:13:54', '2014-02-10 12:13:54', 4725, '000000000000000000000000000000100060', 'www.runwaysdk.com', 'zf2htgbfl5qcej1z4jhxg3zvbg3yvx620130', '0a6doeufdp1vmdbspqk91r1b6nx296pp0131');
INSERT INTO metadata_display_label ( default_locale, oid, site_master, key_name) VALUES ('Child Parameter: com.runwaysdk.system.scheduler.JobHistoryRecord', 'szwf99zp2bxx4relpmxno7xa41cy5wzb0287', 'www.runwaysdk.com', 'szwf99zp2bxx4relpmxno7xa41cy5wzb0287');
INSERT INTO metadata_display_label ( default_locale, oid, site_master, key_name) VALUES ('Child of the Relationship', '1t7j823hhfn5zqricyqby3zm30scd9ch0287', 'www.runwaysdk.com', '1t7j823hhfn5zqricyqby3zm30scd9ch0287');
INSERT INTO md_parameter ( metadata, parameter_order, parameter_name, parameter_type, display_label, oid) VALUES ('0a6doeufdp1vmdbspqk91r1b6nx296pp0131', 1, 'childId', 'java.lang.String', 'szwf99zp2bxx4relpmxno7xa41cy5wzb0287', 'rds784h7qt55ut7c7uss474wr3ovbzbc0110');
INSERT INTO metadata ( description, created_by, owner, oid, create_date, seq, type, remove, site_master, locked_by, entity_domain, last_updated_by, last_update_date, key_name) VALUES ('1t7j823hhfn5zqricyqby3zm30scd9ch0287', '000000000000000000000000000000100060', '000000000000000000000000000000100060', 'rds784h7qt55ut7c7uss474wr3ovbzbc0110', '2014-02-10 12:13:54', 4726, 'com.runwaysdk.system.metadata.MdParameter', 1, 'www.runwaysdk.com', NULL, NULL, '000000000000000000000000000000100060', '2014-02-10 12:13:54', 'com.runwaysdk.system.scheduler.JobHistoryRecordController.childQuery.childId');
INSERT INTO metadata_parameter ( site_master, last_updated_by, create_date, seq, locked_by, entity_domain, created_by, type, last_update_date, key_name, owner, oid, parent_oid, child_oid) VALUES ('www.runwaysdk.com', '000000000000000000000000000000100060', '2014-02-10 12:13:54', 4727, NULL, NULL, '000000000000000000000000000000100060', 'com.runwaysdk.system.MetadataParameter', '2014-02-10 12:13:54', 'com.runwaysdk.system.scheduler.JobHistoryRecordController.childQuery.childId', '000000000000000000000000000000100060', '94eonicsu27b3ktqyxqkp3ejkan2x8li0256', '0a6doeufdp1vmdbspqk91r1b6nx296pp0131', 'rds784h7qt55ut7c7uss474wr3ovbzbc0110');
