 INSERT INTO class_cache (set_id, item_id)  VALUES  ('74e86gj2z4mfa5d5we0c99x8ck6foih9', '0000000000000000000000000000023100000000000000000000000000000222');
INSERT INTO metadata_display_label ( default_locale, oid, site_master, key_name) VALUES ('Job Operation', '0eqysdr3355mbhrr9e47y1apu4z1jlbnNM200904120000000000000000000030', 'www.runwaysdk.com', '0eqysdr3355mbhrr9e47y1apu4z1jlbnNM200904120000000000000000000030');
INSERT INTO metadata_display_label ( default_locale, oid, site_master, key_name) VALUES ('Job Operation', 'szaab13jfovq74x0nhprx59za7q3zc2iNM200904120000000000000000000030', 'www.runwaysdk.com', 'szaab13jfovq74x0nhprx59za7q3zc2iNM200904120000000000000000000030');
INSERT INTO md_business ( cache_algorithm, cache_algorithm_c, super_md_business, oid) VALUES ('74e86gj2z4mfa5d5we0c99x8ck6foih9', '0000000000000000000000000000023100000000000000000000000000000222', '0000000000000000000000000000020600000000000000000000000000000001', 'xir473x8wypomyg7b93mojxd8gaf8f4w00000000000000000000000000000001');
INSERT INTO md_element ( extendable, is_abstract, oid) VALUES (0, 0, 'xir473x8wypomyg7b93mojxd8gaf8f4w00000000000000000000000000000001');
INSERT INTO md_entity ( query_dto_source, query_source, cache_size, enforce_site_master, has_deterministic_ids, table_name, oid) VALUES (NULL, NULL, 0, 1, 0, 'job_operation', 'xir473x8wypomyg7b93mojxd8gaf8f4w00000000000000000000000000000001');
INSERT INTO md_class ( publish, stub_dto_source, stub_source, oid) VALUES (1, NULL, NULL, 'xir473x8wypomyg7b93mojxd8gaf8f4w00000000000000000000000000000001');
INSERT INTO md_type ( display_label, root_id, package_name, type_name, base_source, js_base, js_stub, exported, dto_source, oid) VALUES ('0eqysdr3355mbhrr9e47y1apu4z1jlbnNM200904120000000000000000000030', 'xir473x8wypomyg7b93mojxd8gaf8f4w', 'com.runwaysdk.system.scheduler', 'JobOperation', NULL, NULL, NULL, 1, NULL, 'xir473x8wypomyg7b93mojxd8gaf8f4w00000000000000000000000000000001');
INSERT INTO metadata ( description, created_by, owner, oid, create_date, seq, type, remove, site_master, locked_by, entity_domain, last_updated_by, last_update_date, key_name) VALUES ('szaab13jfovq74x0nhprx59za7q3zc2iNM200904120000000000000000000030', '0000000000000000000000000000001000000000000000000000000000000003', '0000000000000000000000000000001000000000000000000000000000000003', 'xir473x8wypomyg7b93mojxd8gaf8f4w00000000000000000000000000000001', '2014-02-10 12:13:54', 4142, 'com.runwaysdk.system.metadata.MdBusiness', 1, 'www.runwaysdk.com', NULL, NULL, '0000000000000000000000000000001000000000000000000000000000000003', '2014-02-10 12:13:54', 'com.runwaysdk.system.scheduler.JobOperation');
CREATE TABLE job_operation ( oid CHAR(64) NOT NULL PRIMARY KEY );
INSERT INTO metadata_display_label ( default_locale, oid, site_master, key_name) VALUES (NULL, 'svfjxji98uggn27itdgyamvbt8h2toztNM200904120000000000000000000030', 'www.runwaysdk.com', 'svfjxji98uggn27itdgyamvbt8h2toztNM200904120000000000000000000030');
INSERT INTO metadata_display_label ( default_locale, oid, site_master, key_name) VALUES (NULL, '8xdmcgarbeasd3o5oc139d1w1e016z4cNM200904120000000000000000000030', 'www.runwaysdk.com', '8xdmcgarbeasd3o5oc139d1w1e016z4cNM200904120000000000000000000030');
INSERT INTO md_controller ( stub_source, oid) VALUES (NULL, '0lzq2h7xlcuvagetzpftd8y8emyybfegNM200810110000000000000000000112');
INSERT INTO md_type ( display_label, root_id, package_name, type_name, base_source, js_base, js_stub, exported, dto_source, oid) VALUES ('svfjxji98uggn27itdgyamvbt8h2toztNM200904120000000000000000000030', '0lzq2h7xlcuvagetzpftd8y8emyybfeg', 'com.runwaysdk.system.scheduler', 'JobOperationController', NULL, NULL, NULL, 1, NULL, '0lzq2h7xlcuvagetzpftd8y8emyybfegNM200810110000000000000000000112');
INSERT INTO metadata ( description, created_by, owner, oid, create_date, seq, type, remove, site_master, locked_by, entity_domain, last_updated_by, last_update_date, key_name) VALUES ('8xdmcgarbeasd3o5oc139d1w1e016z4cNM200904120000000000000000000030', '0000000000000000000000000000001000000000000000000000000000000003', '0000000000000000000000000000001000000000000000000000000000000003', '0lzq2h7xlcuvagetzpftd8y8emyybfegNM200810110000000000000000000112', '2014-02-10 12:13:54', 4143, 'com.runwaysdk.system.metadata.MdController', 1, 'www.runwaysdk.com', NULL, NULL, '0000000000000000000000000000001000000000000000000000000000000003', '2014-02-10 12:13:54', 'com.runwaysdk.system.scheduler.JobOperationController');
INSERT INTO metadata_display_label ( default_locale, oid, site_master, key_name) VALUES ('View Page', 'shstgefp3xtjsfem2nw3cyzuhtpf85nsNM200904120000000000000000000030', 'www.runwaysdk.com', 'shstgefp3xtjsfem2nw3cyzuhtpf85nsNM200904120000000000000000000030');
INSERT INTO metadata_display_label ( default_locale, oid, site_master, key_name) VALUES ('Loads a ViewAll query for a specific page into the request object', 'z2vo30vvp4k11wyvortvkd78zrkh54hqNM200904120000000000000000000030', 'www.runwaysdk.com', 'z2vo30vvp4k11wyvortvkd78zrkh54hqNM200904120000000000000000000030');
INSERT INTO md_action ( is_query, enclosing_md_controller, is_post, action_name, display_label, oid) VALUES (1, '0lzq2h7xlcuvagetzpftd8y8emyybfegNM200810110000000000000000000112', 0, 'viewPage', 'shstgefp3xtjsfem2nw3cyzuhtpf85nsNM200904120000000000000000000030', 'raenwm9u156k6yl1ji1y5uj5trzrawgvNM200810110000000000000000000113');
INSERT INTO metadata ( description, created_by, owner, oid, create_date, seq, type, remove, site_master, locked_by, entity_domain, last_updated_by, last_update_date, key_name) VALUES ('z2vo30vvp4k11wyvortvkd78zrkh54hqNM200904120000000000000000000030', '0000000000000000000000000000001000000000000000000000000000000003', '0000000000000000000000000000001000000000000000000000000000000003', 'raenwm9u156k6yl1ji1y5uj5trzrawgvNM200810110000000000000000000113', '2014-02-10 12:13:54', 4144, 'com.runwaysdk.system.metadata.MdAction', 1, 'www.runwaysdk.com', NULL, NULL, '0000000000000000000000000000001000000000000000000000000000000003', '2014-02-10 12:13:54', 'com.runwaysdk.system.scheduler.JobOperationController.viewPage');
INSERT INTO controller_action ( key_name, locked_by, oid, owner, entity_domain, created_by, type, last_update_date, create_date, seq, last_updated_by, site_master, parent_id, child_id) VALUES ('com.runwaysdk.system.scheduler.JobOperationController.viewPage', NULL, '0r37qwtzy8qlkkjj3heygh9sufxz27q1JS200807230000000000000000111111', '0000000000000000000000000000001000000000000000000000000000000003', NULL, '0000000000000000000000000000001000000000000000000000000000000003', 'com.runwaysdk.system.ControllerAction', '2014-02-10 12:13:54', '2014-02-10 12:13:54', 4145, '0000000000000000000000000000001000000000000000000000000000000003', 'www.runwaysdk.com', '0lzq2h7xlcuvagetzpftd8y8emyybfegNM200810110000000000000000000112', 'raenwm9u156k6yl1ji1y5uj5trzrawgvNM200810110000000000000000000113');
INSERT INTO metadata_display_label ( default_locale, oid, site_master, key_name) VALUES ('Sort Attribute', 'smnshoos2sqjllne5rp3yt8qhg6olb7hNM200904120000000000000000000030', 'www.runwaysdk.com', 'smnshoos2sqjllne5rp3yt8qhg6olb7hNM200904120000000000000000000030');
INSERT INTO metadata_display_label ( default_locale, oid, site_master, key_name) VALUES (NULL, 'z3rfqqi4yaf10y6oc1nn1p6ij7n1y0uuNM200904120000000000000000000030', 'www.runwaysdk.com', 'z3rfqqi4yaf10y6oc1nn1p6ij7n1y0uuNM200904120000000000000000000030');
INSERT INTO md_parameter ( metadata, parameter_order, parameter_name, parameter_type, display_label, oid) VALUES ('raenwm9u156k6yl1ji1y5uj5trzrawgvNM200810110000000000000000000113', -4, 'sortAttribute', 'java.lang.String', 'smnshoos2sqjllne5rp3yt8qhg6olb7hNM200904120000000000000000000030', '8v20ju8dacj57jhk58lsq91l7tjiji7v20070427JS0000000000000000001517');
INSERT INTO metadata ( description, created_by, owner, oid, create_date, seq, type, remove, site_master, locked_by, entity_domain, last_updated_by, last_update_date, key_name) VALUES ('z3rfqqi4yaf10y6oc1nn1p6ij7n1y0uuNM200904120000000000000000000030', '0000000000000000000000000000001000000000000000000000000000000003', '0000000000000000000000000000001000000000000000000000000000000003', '8v20ju8dacj57jhk58lsq91l7tjiji7v20070427JS0000000000000000001517', '2014-02-10 12:13:54', 4146, 'com.runwaysdk.system.metadata.MdParameter', 1, 'www.runwaysdk.com', NULL, NULL, '0000000000000000000000000000001000000000000000000000000000000003', '2014-02-10 12:13:54', 'com.runwaysdk.system.scheduler.JobOperationController.viewPage.sortAttribute');
INSERT INTO metadata_parameter ( site_master, last_updated_by, create_date, seq, locked_by, entity_domain, created_by, type, last_update_date, key_name, owner, oid, parent_id, child_id) VALUES ('www.runwaysdk.com', '0000000000000000000000000000001000000000000000000000000000000003', '2014-02-10 12:13:54', 4147, NULL, NULL, '0000000000000000000000000000001000000000000000000000000000000003', 'com.runwaysdk.system.MetadataParameter', '2014-02-10 12:13:54', 'com.runwaysdk.system.scheduler.JobOperationController.viewPage.sortAttribute', '0000000000000000000000000000001000000000000000000000000000000003', 'sie40enym5biapi2sw9b9yo997jhal5s20070427JS0000000000000000001524', 'raenwm9u156k6yl1ji1y5uj5trzrawgvNM200810110000000000000000000113', '8v20ju8dacj57jhk58lsq91l7tjiji7v20070427JS0000000000000000001517');
INSERT INTO metadata_display_label ( default_locale, oid, site_master, key_name) VALUES ('Is Ascending', 's9vznemfi1sfeia1d6r03zfhxh1so6j6NM200904120000000000000000000030', 'www.runwaysdk.com', 's9vznemfi1sfeia1d6r03zfhxh1so6j6NM200904120000000000000000000030');
INSERT INTO metadata_display_label ( default_locale, oid, site_master, key_name) VALUES (NULL, 'r7yr793y7z5129px5hhl91ikchlutgsjNM200904120000000000000000000030', 'www.runwaysdk.com', 'r7yr793y7z5129px5hhl91ikchlutgsjNM200904120000000000000000000030');
INSERT INTO md_parameter ( metadata, parameter_order, parameter_name, parameter_type, display_label, oid) VALUES ('raenwm9u156k6yl1ji1y5uj5trzrawgvNM200810110000000000000000000113', -3, 'isAscending', 'java.lang.Boolean', 's9vznemfi1sfeia1d6r03zfhxh1so6j6NM200904120000000000000000000030', 'zk8ah87fbqu3t8fgjgnz0nteaozzwf8a20070427JS0000000000000000001517');
INSERT INTO metadata ( description, created_by, owner, oid, create_date, seq, type, remove, site_master, locked_by, entity_domain, last_updated_by, last_update_date, key_name) VALUES ('r7yr793y7z5129px5hhl91ikchlutgsjNM200904120000000000000000000030', '0000000000000000000000000000001000000000000000000000000000000003', '0000000000000000000000000000001000000000000000000000000000000003', 'zk8ah87fbqu3t8fgjgnz0nteaozzwf8a20070427JS0000000000000000001517', '2014-02-10 12:13:54', 4148, 'com.runwaysdk.system.metadata.MdParameter', 1, 'www.runwaysdk.com', NULL, NULL, '0000000000000000000000000000001000000000000000000000000000000003', '2014-02-10 12:13:54', 'com.runwaysdk.system.scheduler.JobOperationController.viewPage.isAscending');
INSERT INTO metadata_parameter ( site_master, last_updated_by, create_date, seq, locked_by, entity_domain, created_by, type, last_update_date, key_name, owner, oid, parent_id, child_id) VALUES ('www.runwaysdk.com', '0000000000000000000000000000001000000000000000000000000000000003', '2014-02-10 12:13:54', 4149, NULL, NULL, '0000000000000000000000000000001000000000000000000000000000000003', 'com.runwaysdk.system.MetadataParameter', '2014-02-10 12:13:54', 'com.runwaysdk.system.scheduler.JobOperationController.viewPage.isAscending', '0000000000000000000000000000001000000000000000000000000000000003', '0hx9ll9mry7szd1li7sp37jcmge0nfo620070427JS0000000000000000001524', 'raenwm9u156k6yl1ji1y5uj5trzrawgvNM200810110000000000000000000113', 'zk8ah87fbqu3t8fgjgnz0nteaozzwf8a20070427JS0000000000000000001517');
INSERT INTO metadata_display_label ( default_locale, oid, site_master, key_name) VALUES ('Page Size', '00kw7987p1e4mky9lmthoms2atjpkrolNM200904120000000000000000000030', 'www.runwaysdk.com', '00kw7987p1e4mky9lmthoms2atjpkrolNM200904120000000000000000000030');
INSERT INTO metadata_display_label ( default_locale, oid, site_master, key_name) VALUES (NULL, '79eh5bmt6af3lyrg4lzjiuwy358oy0coNM200904120000000000000000000030', 'www.runwaysdk.com', '79eh5bmt6af3lyrg4lzjiuwy358oy0coNM200904120000000000000000000030');
INSERT INTO md_parameter ( metadata, parameter_order, parameter_name, parameter_type, display_label, oid) VALUES ('raenwm9u156k6yl1ji1y5uj5trzrawgvNM200810110000000000000000000113', -2, 'pageSize', 'java.lang.Integer', '00kw7987p1e4mky9lmthoms2atjpkrolNM200904120000000000000000000030', '030g48anm1ypzpfiypxf8qeockygpqij20070427JS0000000000000000001517');
INSERT INTO metadata ( description, created_by, owner, oid, create_date, seq, type, remove, site_master, locked_by, entity_domain, last_updated_by, last_update_date, key_name) VALUES ('79eh5bmt6af3lyrg4lzjiuwy358oy0coNM200904120000000000000000000030', '0000000000000000000000000000001000000000000000000000000000000003', '0000000000000000000000000000001000000000000000000000000000000003', '030g48anm1ypzpfiypxf8qeockygpqij20070427JS0000000000000000001517', '2014-02-10 12:13:54', 4150, 'com.runwaysdk.system.metadata.MdParameter', 1, 'www.runwaysdk.com', NULL, NULL, '0000000000000000000000000000001000000000000000000000000000000003', '2014-02-10 12:13:54', 'com.runwaysdk.system.scheduler.JobOperationController.viewPage.pageSize');
INSERT INTO metadata_parameter ( site_master, last_updated_by, create_date, seq, locked_by, entity_domain, created_by, type, last_update_date, key_name, owner, oid, parent_id, child_id) VALUES ('www.runwaysdk.com', '0000000000000000000000000000001000000000000000000000000000000003', '2014-02-10 12:13:54', 4151, NULL, NULL, '0000000000000000000000000000001000000000000000000000000000000003', 'com.runwaysdk.system.MetadataParameter', '2014-02-10 12:13:54', 'com.runwaysdk.system.scheduler.JobOperationController.viewPage.pageSize', '0000000000000000000000000000001000000000000000000000000000000003', '1veckeijm0irvgmegpbbecoyl4i9au7e20070427JS0000000000000000001524', 'raenwm9u156k6yl1ji1y5uj5trzrawgvNM200810110000000000000000000113', '030g48anm1ypzpfiypxf8qeockygpqij20070427JS0000000000000000001517');
INSERT INTO metadata_display_label ( default_locale, oid, site_master, key_name) VALUES ('Page Number', '8vr8m866slcrebr9ndtp3exs1tk9li03NM200904120000000000000000000030', 'www.runwaysdk.com', '8vr8m866slcrebr9ndtp3exs1tk9li03NM200904120000000000000000000030');
INSERT INTO metadata_display_label ( default_locale, oid, site_master, key_name) VALUES (NULL, '8pv17absthb0n1qg4nkxn0p0io3w9ibuNM200904120000000000000000000030', 'www.runwaysdk.com', '8pv17absthb0n1qg4nkxn0p0io3w9ibuNM200904120000000000000000000030');
INSERT INTO md_parameter ( metadata, parameter_order, parameter_name, parameter_type, display_label, oid) VALUES ('raenwm9u156k6yl1ji1y5uj5trzrawgvNM200810110000000000000000000113', -1, 'pageNumber', 'java.lang.Integer', '8vr8m866slcrebr9ndtp3exs1tk9li03NM200904120000000000000000000030', '923qhmgj41iolq2bkwxse3dk8kbkmjoq20070427JS0000000000000000001517');
INSERT INTO metadata ( description, created_by, owner, oid, create_date, seq, type, remove, site_master, locked_by, entity_domain, last_updated_by, last_update_date, key_name) VALUES ('8pv17absthb0n1qg4nkxn0p0io3w9ibuNM200904120000000000000000000030', '0000000000000000000000000000001000000000000000000000000000000003', '0000000000000000000000000000001000000000000000000000000000000003', '923qhmgj41iolq2bkwxse3dk8kbkmjoq20070427JS0000000000000000001517', '2014-02-10 12:13:54', 4152, 'com.runwaysdk.system.metadata.MdParameter', 1, 'www.runwaysdk.com', NULL, NULL, '0000000000000000000000000000001000000000000000000000000000000003', '2014-02-10 12:13:54', 'com.runwaysdk.system.scheduler.JobOperationController.viewPage.pageNumber');
INSERT INTO metadata_parameter ( site_master, last_updated_by, create_date, seq, locked_by, entity_domain, created_by, type, last_update_date, key_name, owner, oid, parent_id, child_id) VALUES ('www.runwaysdk.com', '0000000000000000000000000000001000000000000000000000000000000003', '2014-02-10 12:13:54', 4153, NULL, NULL, '0000000000000000000000000000001000000000000000000000000000000003', 'com.runwaysdk.system.MetadataParameter', '2014-02-10 12:13:54', 'com.runwaysdk.system.scheduler.JobOperationController.viewPage.pageNumber', '0000000000000000000000000000001000000000000000000000000000000003', 'sw6hazrdz42z1zz8mk2cnpyftl3ixqbh20070427JS0000000000000000001524', 'raenwm9u156k6yl1ji1y5uj5trzrawgvNM200810110000000000000000000113', '923qhmgj41iolq2bkwxse3dk8kbkmjoq20070427JS0000000000000000001517');
INSERT INTO metadata_display_label ( default_locale, oid, site_master, key_name) VALUES ('View All', 'y14l0wfvyy1p9agurivzi71wnpvu0355NM200904120000000000000000000030', 'www.runwaysdk.com', 'y14l0wfvyy1p9agurivzi71wnpvu0355NM200904120000000000000000000030');
INSERT INTO metadata_display_label ( default_locale, oid, site_master, key_name) VALUES ('Loads a ViewAll query with the default settings', '7etoh2ip6u7jy968ovuivimv2szougtqNM200904120000000000000000000030', 'www.runwaysdk.com', '7etoh2ip6u7jy968ovuivimv2szougtqNM200904120000000000000000000030');
INSERT INTO md_action ( is_query, enclosing_md_controller, is_post, action_name, display_label, oid) VALUES (0, '0lzq2h7xlcuvagetzpftd8y8emyybfegNM200810110000000000000000000112', 0, 'viewAll', 'y14l0wfvyy1p9agurivzi71wnpvu0355NM200904120000000000000000000030', 'zo0qj3y5t0754445rv57p0kae9dpe6shNM200810110000000000000000000113');
INSERT INTO metadata ( description, created_by, owner, oid, create_date, seq, type, remove, site_master, locked_by, entity_domain, last_updated_by, last_update_date, key_name) VALUES ('7etoh2ip6u7jy968ovuivimv2szougtqNM200904120000000000000000000030', '0000000000000000000000000000001000000000000000000000000000000003', '0000000000000000000000000000001000000000000000000000000000000003', 'zo0qj3y5t0754445rv57p0kae9dpe6shNM200810110000000000000000000113', '2014-02-10 12:13:54', 4154, 'com.runwaysdk.system.metadata.MdAction', 1, 'www.runwaysdk.com', NULL, NULL, '0000000000000000000000000000001000000000000000000000000000000003', '2014-02-10 12:13:54', 'com.runwaysdk.system.scheduler.JobOperationController.viewAll');
INSERT INTO controller_action ( key_name, locked_by, oid, owner, entity_domain, created_by, type, last_update_date, create_date, seq, last_updated_by, site_master, parent_id, child_id) VALUES ('com.runwaysdk.system.scheduler.JobOperationController.viewAll', NULL, 'zclsms8j0x1xuy5e8vqx64l13ypqe4mxJS200807230000000000000000111111', '0000000000000000000000000000001000000000000000000000000000000003', NULL, '0000000000000000000000000000001000000000000000000000000000000003', 'com.runwaysdk.system.ControllerAction', '2014-02-10 12:13:54', '2014-02-10 12:13:54', 4155, '0000000000000000000000000000001000000000000000000000000000000003', 'www.runwaysdk.com', '0lzq2h7xlcuvagetzpftd8y8emyybfegNM200810110000000000000000000112', 'zo0qj3y5t0754445rv57p0kae9dpe6shNM200810110000000000000000000113');
INSERT INTO metadata_display_label ( default_locale, oid, site_master, key_name) VALUES ('View', '1telmaucehxf4h3j7sa0gx187xf1ai2pNM200904120000000000000000000030', 'www.runwaysdk.com', '1telmaucehxf4h3j7sa0gx187xf1ai2pNM200904120000000000000000000030');
INSERT INTO metadata_display_label ( default_locale, oid, site_master, key_name) VALUES ('View an existing instance of com.runwaysdk.system.scheduler.JobOperation', '6w7gmqj9w184axoo45k32oymcxorx39xNM200904120000000000000000000030', 'www.runwaysdk.com', '6w7gmqj9w184axoo45k32oymcxorx39xNM200904120000000000000000000030');
INSERT INTO md_action ( is_query, enclosing_md_controller, is_post, action_name, display_label, oid) VALUES (0, '0lzq2h7xlcuvagetzpftd8y8emyybfegNM200810110000000000000000000112', 0, 'view', '1telmaucehxf4h3j7sa0gx187xf1ai2pNM200904120000000000000000000030', 'xf0sos4djekmquq27ugmku1fpj67en82NM200810110000000000000000000113');
INSERT INTO metadata ( description, created_by, owner, oid, create_date, seq, type, remove, site_master, locked_by, entity_domain, last_updated_by, last_update_date, key_name) VALUES ('6w7gmqj9w184axoo45k32oymcxorx39xNM200904120000000000000000000030', '0000000000000000000000000000001000000000000000000000000000000003', '0000000000000000000000000000001000000000000000000000000000000003', 'xf0sos4djekmquq27ugmku1fpj67en82NM200810110000000000000000000113', '2014-02-10 12:13:54', 4156, 'com.runwaysdk.system.metadata.MdAction', 1, 'www.runwaysdk.com', NULL, NULL, '0000000000000000000000000000001000000000000000000000000000000003', '2014-02-10 12:13:54', 'com.runwaysdk.system.scheduler.JobOperationController.view');
INSERT INTO controller_action ( key_name, locked_by, oid, owner, entity_domain, created_by, type, last_update_date, create_date, seq, last_updated_by, site_master, parent_id, child_id) VALUES ('com.runwaysdk.system.scheduler.JobOperationController.view', NULL, '6xgtywpompxspzjxi05ycfyp6qnyb734JS200807230000000000000000111111', '0000000000000000000000000000001000000000000000000000000000000003', NULL, '0000000000000000000000000000001000000000000000000000000000000003', 'com.runwaysdk.system.ControllerAction', '2014-02-10 12:13:54', '2014-02-10 12:13:54', 4157, '0000000000000000000000000000001000000000000000000000000000000003', 'www.runwaysdk.com', '0lzq2h7xlcuvagetzpftd8y8emyybfegNM200810110000000000000000000112', 'xf0sos4djekmquq27ugmku1fpj67en82NM200810110000000000000000000113');
INSERT INTO metadata_display_label ( default_locale, oid, site_master, key_name) VALUES ('Parameter: com.runwaysdk.system.scheduler.JobOperation - oid', '8mklfy42gqw8bdc6yd855udyho3aq4r9NM200904120000000000000000000030', 'www.runwaysdk.com', '8mklfy42gqw8bdc6yd855udyho3aq4r9NM200904120000000000000000000030');
INSERT INTO metadata_display_label ( default_locale, oid, site_master, key_name) VALUES ('Id of com.runwaysdk.system.scheduler.JobOperation to view.', '21ms4njxp3nmfyypp3pn2a7a951awmbwNM200904120000000000000000000030', 'www.runwaysdk.com', '21ms4njxp3nmfyypp3pn2a7a951awmbwNM200904120000000000000000000030');
INSERT INTO md_parameter ( metadata, parameter_order, parameter_name, parameter_type, display_label, oid) VALUES ('xf0sos4djekmquq27ugmku1fpj67en82NM200810110000000000000000000113', 0, 'oid', 'java.lang.String', '8mklfy42gqw8bdc6yd855udyho3aq4r9NM200904120000000000000000000030', '90ptw7yz60egcvjh6r9n7t8cij7t96gn20070427JS0000000000000000001517');
INSERT INTO metadata ( description, created_by, owner, oid, create_date, seq, type, remove, site_master, locked_by, entity_domain, last_updated_by, last_update_date, key_name) VALUES ('21ms4njxp3nmfyypp3pn2a7a951awmbwNM200904120000000000000000000030', '0000000000000000000000000000001000000000000000000000000000000003', '0000000000000000000000000000001000000000000000000000000000000003', '90ptw7yz60egcvjh6r9n7t8cij7t96gn20070427JS0000000000000000001517', '2014-02-10 12:13:54', 4158, 'com.runwaysdk.system.metadata.MdParameter', 1, 'www.runwaysdk.com', NULL, NULL, '0000000000000000000000000000001000000000000000000000000000000003', '2014-02-10 12:13:54', 'com.runwaysdk.system.scheduler.JobOperationController.view.oid');
INSERT INTO metadata_parameter ( site_master, last_updated_by, create_date, seq, locked_by, entity_domain, created_by, type, last_update_date, key_name, owner, oid, parent_id, child_id) VALUES ('www.runwaysdk.com', '0000000000000000000000000000001000000000000000000000000000000003', '2014-02-10 12:13:54', 4159, NULL, NULL, '0000000000000000000000000000001000000000000000000000000000000003', 'com.runwaysdk.system.MetadataParameter', '2014-02-10 12:13:54', 'com.runwaysdk.system.scheduler.JobOperationController.view.oid', '0000000000000000000000000000001000000000000000000000000000000003', '8zg4cmn08ugexjtt6n19bzu4p6mz06pe20070427JS0000000000000000001524', 'xf0sos4djekmquq27ugmku1fpj67en82NM200810110000000000000000000113', '90ptw7yz60egcvjh6r9n7t8cij7t96gn20070427JS0000000000000000001517');
INSERT INTO metadata_display_label ( default_locale, oid, site_master, key_name) VALUES ('New Instance', 'sm15qyoqz065q44yinmzo8oyc9p7f5b9NM200904120000000000000000000030', 'www.runwaysdk.com', 'sm15qyoqz065q44yinmzo8oyc9p7f5b9NM200904120000000000000000000030');
INSERT INTO metadata_display_label ( default_locale, oid, site_master, key_name) VALUES ('Loads a new instance of com.runwaysdk.system.scheduler.JobOperation into the request object', 'yxqtsncbe3whgaeh5rijh9uukh2dei56NM200904120000000000000000000030', 'www.runwaysdk.com', 'yxqtsncbe3whgaeh5rijh9uukh2dei56NM200904120000000000000000000030');
INSERT INTO md_action ( is_query, enclosing_md_controller, is_post, action_name, display_label, oid) VALUES (0, '0lzq2h7xlcuvagetzpftd8y8emyybfegNM200810110000000000000000000112', 0, 'newInstance', 'sm15qyoqz065q44yinmzo8oyc9p7f5b9NM200904120000000000000000000030', 'sgefkmkb4joe40gzo06isaygv3gt9vtpNM200810110000000000000000000113');
INSERT INTO metadata ( description, created_by, owner, oid, create_date, seq, type, remove, site_master, locked_by, entity_domain, last_updated_by, last_update_date, key_name) VALUES ('yxqtsncbe3whgaeh5rijh9uukh2dei56NM200904120000000000000000000030', '0000000000000000000000000000001000000000000000000000000000000003', '0000000000000000000000000000001000000000000000000000000000000003', 'sgefkmkb4joe40gzo06isaygv3gt9vtpNM200810110000000000000000000113', '2014-02-10 12:13:54', 4160, 'com.runwaysdk.system.metadata.MdAction', 1, 'www.runwaysdk.com', NULL, NULL, '0000000000000000000000000000001000000000000000000000000000000003', '2014-02-10 12:13:54', 'com.runwaysdk.system.scheduler.JobOperationController.newInstance');
INSERT INTO controller_action ( key_name, locked_by, oid, owner, entity_domain, created_by, type, last_update_date, create_date, seq, last_updated_by, site_master, parent_id, child_id) VALUES ('com.runwaysdk.system.scheduler.JobOperationController.newInstance', NULL, 'xx72u1osqbd4qtotz1fr5lvvsqpwe8iiJS200807230000000000000000111111', '0000000000000000000000000000001000000000000000000000000000000003', NULL, '0000000000000000000000000000001000000000000000000000000000000003', 'com.runwaysdk.system.ControllerAction', '2014-02-10 12:13:54', '2014-02-10 12:13:54', 4161, '0000000000000000000000000000001000000000000000000000000000000003', 'www.runwaysdk.com', '0lzq2h7xlcuvagetzpftd8y8emyybfegNM200810110000000000000000000112', 'sgefkmkb4joe40gzo06isaygv3gt9vtpNM200810110000000000000000000113');
INSERT INTO metadata_display_label ( default_locale, oid, site_master, key_name) VALUES ('Create', 'xx2zkbp0g3kwtx2l9ziyhoh9fnchsgelNM200904120000000000000000000030', 'www.runwaysdk.com', 'xx2zkbp0g3kwtx2l9ziyhoh9fnchsgelNM200904120000000000000000000030');
INSERT INTO metadata_display_label ( default_locale, oid, site_master, key_name) VALUES ('Applys a new instance of com.runwaysdk.system.scheduler.JobOperation', 'zm5idw6y9v3opt2nmbe52440i5rk5dq3NM200904120000000000000000000030', 'www.runwaysdk.com', 'zm5idw6y9v3opt2nmbe52440i5rk5dq3NM200904120000000000000000000030');
INSERT INTO md_action ( is_query, enclosing_md_controller, is_post, action_name, display_label, oid) VALUES (0, '0lzq2h7xlcuvagetzpftd8y8emyybfegNM200810110000000000000000000112', 1, 'create', 'xx2zkbp0g3kwtx2l9ziyhoh9fnchsgelNM200904120000000000000000000030', 'xsnihz2thivs5m4ukx7vxgbcwp2opm73NM200810110000000000000000000113');
INSERT INTO metadata ( description, created_by, owner, oid, create_date, seq, type, remove, site_master, locked_by, entity_domain, last_updated_by, last_update_date, key_name) VALUES ('zm5idw6y9v3opt2nmbe52440i5rk5dq3NM200904120000000000000000000030', '0000000000000000000000000000001000000000000000000000000000000003', '0000000000000000000000000000001000000000000000000000000000000003', 'xsnihz2thivs5m4ukx7vxgbcwp2opm73NM200810110000000000000000000113', '2014-02-10 12:13:54', 4162, 'com.runwaysdk.system.metadata.MdAction', 1, 'www.runwaysdk.com', NULL, NULL, '0000000000000000000000000000001000000000000000000000000000000003', '2014-02-10 12:13:54', 'com.runwaysdk.system.scheduler.JobOperationController.create');
INSERT INTO controller_action ( key_name, locked_by, oid, owner, entity_domain, created_by, type, last_update_date, create_date, seq, last_updated_by, site_master, parent_id, child_id) VALUES ('com.runwaysdk.system.scheduler.JobOperationController.create', NULL, '8otvd9fz3rl5g01k45a9010la007ygk9JS200807230000000000000000111111', '0000000000000000000000000000001000000000000000000000000000000003', NULL, '0000000000000000000000000000001000000000000000000000000000000003', 'com.runwaysdk.system.ControllerAction', '2014-02-10 12:13:54', '2014-02-10 12:13:54', 4163, '0000000000000000000000000000001000000000000000000000000000000003', 'www.runwaysdk.com', '0lzq2h7xlcuvagetzpftd8y8emyybfegNM200810110000000000000000000112', 'xsnihz2thivs5m4ukx7vxgbcwp2opm73NM200810110000000000000000000113');
INSERT INTO metadata_display_label ( default_locale, oid, site_master, key_name) VALUES ('Parameter: com.runwaysdk.system.scheduler.JobOperation', '0iqn1hzhgka58h9ou06k5ei5pzohch4tNM200904120000000000000000000030', 'www.runwaysdk.com', '0iqn1hzhgka58h9ou06k5ei5pzohch4tNM200904120000000000000000000030');
INSERT INTO metadata_display_label ( default_locale, oid, site_master, key_name) VALUES ('com.runwaysdk.system.scheduler.JobOperation to apply to the database', '8fxm2yf2wsp8ibsi3leuhv9con389ly9NM200904120000000000000000000030', 'www.runwaysdk.com', '8fxm2yf2wsp8ibsi3leuhv9con389ly9NM200904120000000000000000000030');
INSERT INTO md_parameter ( metadata, parameter_order, parameter_name, parameter_type, display_label, oid) VALUES ('xsnihz2thivs5m4ukx7vxgbcwp2opm73NM200810110000000000000000000113', 0, 'dto', 'com.runwaysdk.system.scheduler.JobOperation', '0iqn1hzhgka58h9ou06k5ei5pzohch4tNM200904120000000000000000000030', 'qqxmfef11sj7xt90o3q4t6okmp4ib5po20070427JS0000000000000000001517');
INSERT INTO metadata ( description, created_by, owner, oid, create_date, seq, type, remove, site_master, locked_by, entity_domain, last_updated_by, last_update_date, key_name) VALUES ('8fxm2yf2wsp8ibsi3leuhv9con389ly9NM200904120000000000000000000030', '0000000000000000000000000000001000000000000000000000000000000003', '0000000000000000000000000000001000000000000000000000000000000003', 'qqxmfef11sj7xt90o3q4t6okmp4ib5po20070427JS0000000000000000001517', '2014-02-10 12:13:54', 4164, 'com.runwaysdk.system.metadata.MdParameter', 1, 'www.runwaysdk.com', NULL, NULL, '0000000000000000000000000000001000000000000000000000000000000003', '2014-02-10 12:13:54', 'com.runwaysdk.system.scheduler.JobOperationController.create.dto');
INSERT INTO metadata_parameter ( site_master, last_updated_by, create_date, seq, locked_by, entity_domain, created_by, type, last_update_date, key_name, owner, oid, parent_id, child_id) VALUES ('www.runwaysdk.com', '0000000000000000000000000000001000000000000000000000000000000003', '2014-02-10 12:13:54', 4165, NULL, NULL, '0000000000000000000000000000001000000000000000000000000000000003', 'com.runwaysdk.system.MetadataParameter', '2014-02-10 12:13:54', 'com.runwaysdk.system.scheduler.JobOperationController.create.dto', '0000000000000000000000000000001000000000000000000000000000000003', '1stgsjlarzdxsusio9roquml6bl5mqcr20070427JS0000000000000000001524', 'xsnihz2thivs5m4ukx7vxgbcwp2opm73NM200810110000000000000000000113', 'qqxmfef11sj7xt90o3q4t6okmp4ib5po20070427JS0000000000000000001517');
INSERT INTO metadata_display_label ( default_locale, oid, site_master, key_name) VALUES ('edit', 'xliy7nq9ky6tvkjj7kvihu2wz6zks3e4NM200904120000000000000000000030', 'www.runwaysdk.com', 'xliy7nq9ky6tvkjj7kvihu2wz6zks3e4NM200904120000000000000000000030');
INSERT INTO metadata_display_label ( default_locale, oid, site_master, key_name) VALUES ('Applys an existing instance of com.runwaysdk.system.scheduler.JobOperation', '75u8salcexnpnpg4a5vqevbyrj0f0e9rNM200904120000000000000000000030', 'www.runwaysdk.com', '75u8salcexnpnpg4a5vqevbyrj0f0e9rNM200904120000000000000000000030');
INSERT INTO md_action ( is_query, enclosing_md_controller, is_post, action_name, display_label, oid) VALUES (0, '0lzq2h7xlcuvagetzpftd8y8emyybfegNM200810110000000000000000000112', 0, 'edit', 'xliy7nq9ky6tvkjj7kvihu2wz6zks3e4NM200904120000000000000000000030', '0mgf1ece3m3qm4qpixs1sk2j3qijt1n8NM200810110000000000000000000113');
INSERT INTO metadata ( description, created_by, owner, oid, create_date, seq, type, remove, site_master, locked_by, entity_domain, last_updated_by, last_update_date, key_name) VALUES ('75u8salcexnpnpg4a5vqevbyrj0f0e9rNM200904120000000000000000000030', '0000000000000000000000000000001000000000000000000000000000000003', '0000000000000000000000000000001000000000000000000000000000000003', '0mgf1ece3m3qm4qpixs1sk2j3qijt1n8NM200810110000000000000000000113', '2014-02-10 12:13:54', 4166, 'com.runwaysdk.system.metadata.MdAction', 1, 'www.runwaysdk.com', NULL, NULL, '0000000000000000000000000000001000000000000000000000000000000003', '2014-02-10 12:13:54', 'com.runwaysdk.system.scheduler.JobOperationController.edit');
INSERT INTO controller_action ( key_name, locked_by, oid, owner, entity_domain, created_by, type, last_update_date, create_date, seq, last_updated_by, site_master, parent_id, child_id) VALUES ('com.runwaysdk.system.scheduler.JobOperationController.edit', NULL, 'xi86m4mc68zjebllea0a871agyto1ni8JS200807230000000000000000111111', '0000000000000000000000000000001000000000000000000000000000000003', NULL, '0000000000000000000000000000001000000000000000000000000000000003', 'com.runwaysdk.system.ControllerAction', '2014-02-10 12:13:54', '2014-02-10 12:13:54', 4167, '0000000000000000000000000000001000000000000000000000000000000003', 'www.runwaysdk.com', '0lzq2h7xlcuvagetzpftd8y8emyybfegNM200810110000000000000000000112', '0mgf1ece3m3qm4qpixs1sk2j3qijt1n8NM200810110000000000000000000113');
INSERT INTO metadata_display_label ( default_locale, oid, site_master, key_name) VALUES ('Parameter: com.runwaysdk.system.scheduler.JobOperation', 'qy9el98aw9embokmeo9hpdkw7lyduhduNM200904120000000000000000000030', 'www.runwaysdk.com', 'qy9el98aw9embokmeo9hpdkw7lyduhduNM200904120000000000000000000030');
INSERT INTO metadata_display_label ( default_locale, oid, site_master, key_name) VALUES ('com.runwaysdk.system.scheduler.JobOperation to apply to the database', '0f3aviqbixahvoa1va2uoic5krc61kc4NM200904120000000000000000000030', 'www.runwaysdk.com', '0f3aviqbixahvoa1va2uoic5krc61kc4NM200904120000000000000000000030');
INSERT INTO md_parameter ( metadata, parameter_order, parameter_name, parameter_type, display_label, oid) VALUES ('0mgf1ece3m3qm4qpixs1sk2j3qijt1n8NM200810110000000000000000000113', 0, 'oid', 'java.lang.String', 'qy9el98aw9embokmeo9hpdkw7lyduhduNM200904120000000000000000000030', 'r5v29j7q6wtbezw7cxaxxf84avye0ev720070427JS0000000000000000001517');
INSERT INTO metadata ( description, created_by, owner, oid, create_date, seq, type, remove, site_master, locked_by, entity_domain, last_updated_by, last_update_date, key_name) VALUES ('0f3aviqbixahvoa1va2uoic5krc61kc4NM200904120000000000000000000030', '0000000000000000000000000000001000000000000000000000000000000003', '0000000000000000000000000000001000000000000000000000000000000003', 'r5v29j7q6wtbezw7cxaxxf84avye0ev720070427JS0000000000000000001517', '2014-02-10 12:13:54', 4168, 'com.runwaysdk.system.metadata.MdParameter', 1, 'www.runwaysdk.com', NULL, NULL, '0000000000000000000000000000001000000000000000000000000000000003', '2014-02-10 12:13:54', 'com.runwaysdk.system.scheduler.JobOperationController.edit.oid');
INSERT INTO metadata_parameter ( site_master, last_updated_by, create_date, seq, locked_by, entity_domain, created_by, type, last_update_date, key_name, owner, oid, parent_id, child_id) VALUES ('www.runwaysdk.com', '0000000000000000000000000000001000000000000000000000000000000003', '2014-02-10 12:13:54', 4169, NULL, NULL, '0000000000000000000000000000001000000000000000000000000000000003', 'com.runwaysdk.system.MetadataParameter', '2014-02-10 12:13:54', 'com.runwaysdk.system.scheduler.JobOperationController.edit.oid', '0000000000000000000000000000001000000000000000000000000000000003', 'r9laqf06c4bfzrfg93kpay4iiu0hksk020070427JS0000000000000000001524', '0mgf1ece3m3qm4qpixs1sk2j3qijt1n8NM200810110000000000000000000113', 'r5v29j7q6wtbezw7cxaxxf84avye0ev720070427JS0000000000000000001517');
INSERT INTO metadata_display_label ( default_locale, oid, site_master, key_name) VALUES ('update', 'r439ufn0yey7l85i388aouh5d5nkc19hNM200904120000000000000000000030', 'www.runwaysdk.com', 'r439ufn0yey7l85i388aouh5d5nkc19hNM200904120000000000000000000030');
INSERT INTO metadata_display_label ( default_locale, oid, site_master, key_name) VALUES ('Applys an existing instance of com.runwaysdk.system.scheduler.JobOperation', 'xykqtuxo5qpgjq6yo1w2anpzzwyy6voaNM200904120000000000000000000030', 'www.runwaysdk.com', 'xykqtuxo5qpgjq6yo1w2anpzzwyy6voaNM200904120000000000000000000030');
INSERT INTO md_action ( is_query, enclosing_md_controller, is_post, action_name, display_label, oid) VALUES (0, '0lzq2h7xlcuvagetzpftd8y8emyybfegNM200810110000000000000000000112', 1, 'update', 'r439ufn0yey7l85i388aouh5d5nkc19hNM200904120000000000000000000030', '1xhevizo60ybrxsq8qgja1dlxzn4pnmcNM200810110000000000000000000113');
INSERT INTO metadata ( description, created_by, owner, oid, create_date, seq, type, remove, site_master, locked_by, entity_domain, last_updated_by, last_update_date, key_name) VALUES ('xykqtuxo5qpgjq6yo1w2anpzzwyy6voaNM200904120000000000000000000030', '0000000000000000000000000000001000000000000000000000000000000003', '0000000000000000000000000000001000000000000000000000000000000003', '1xhevizo60ybrxsq8qgja1dlxzn4pnmcNM200810110000000000000000000113', '2014-02-10 12:13:54', 4170, 'com.runwaysdk.system.metadata.MdAction', 1, 'www.runwaysdk.com', NULL, NULL, '0000000000000000000000000000001000000000000000000000000000000003', '2014-02-10 12:13:54', 'com.runwaysdk.system.scheduler.JobOperationController.update');
INSERT INTO controller_action ( key_name, locked_by, oid, owner, entity_domain, created_by, type, last_update_date, create_date, seq, last_updated_by, site_master, parent_id, child_id) VALUES ('com.runwaysdk.system.scheduler.JobOperationController.update', NULL, 'xjmvstihun57n65dkzkh190rsyhz4su0JS200807230000000000000000111111', '0000000000000000000000000000001000000000000000000000000000000003', NULL, '0000000000000000000000000000001000000000000000000000000000000003', 'com.runwaysdk.system.ControllerAction', '2014-02-10 12:13:54', '2014-02-10 12:13:54', 4171, '0000000000000000000000000000001000000000000000000000000000000003', 'www.runwaysdk.com', '0lzq2h7xlcuvagetzpftd8y8emyybfegNM200810110000000000000000000112', '1xhevizo60ybrxsq8qgja1dlxzn4pnmcNM200810110000000000000000000113');
INSERT INTO metadata_display_label ( default_locale, oid, site_master, key_name) VALUES ('Parameter: com.runwaysdk.system.scheduler.JobOperation - dto', '8th3uei3mndt27cdkiytgevlnfayk6xzNM200904120000000000000000000030', 'www.runwaysdk.com', '8th3uei3mndt27cdkiytgevlnfayk6xzNM200904120000000000000000000030');
INSERT INTO metadata_display_label ( default_locale, oid, site_master, key_name) VALUES ('com.runwaysdk.system.scheduler.JobOperation to apply to the database', '8btc6yhcuvemzvtc1egv5clrnhk4qobdNM200904120000000000000000000030', 'www.runwaysdk.com', '8btc6yhcuvemzvtc1egv5clrnhk4qobdNM200904120000000000000000000030');
INSERT INTO md_parameter ( metadata, parameter_order, parameter_name, parameter_type, display_label, oid) VALUES ('1xhevizo60ybrxsq8qgja1dlxzn4pnmcNM200810110000000000000000000113', 0, 'dto', 'com.runwaysdk.system.scheduler.JobOperation', '8th3uei3mndt27cdkiytgevlnfayk6xzNM200904120000000000000000000030', 'r5482i5afyaywwe2pnti3zm5ii5lycsu20070427JS0000000000000000001517');
INSERT INTO metadata ( description, created_by, owner, oid, create_date, seq, type, remove, site_master, locked_by, entity_domain, last_updated_by, last_update_date, key_name) VALUES ('8btc6yhcuvemzvtc1egv5clrnhk4qobdNM200904120000000000000000000030', '0000000000000000000000000000001000000000000000000000000000000003', '0000000000000000000000000000001000000000000000000000000000000003', 'r5482i5afyaywwe2pnti3zm5ii5lycsu20070427JS0000000000000000001517', '2014-02-10 12:13:54', 4172, 'com.runwaysdk.system.metadata.MdParameter', 1, 'www.runwaysdk.com', NULL, NULL, '0000000000000000000000000000001000000000000000000000000000000003', '2014-02-10 12:13:54', 'com.runwaysdk.system.scheduler.JobOperationController.update.dto');
INSERT INTO metadata_parameter ( site_master, last_updated_by, create_date, seq, locked_by, entity_domain, created_by, type, last_update_date, key_name, owner, oid, parent_id, child_id) VALUES ('www.runwaysdk.com', '0000000000000000000000000000001000000000000000000000000000000003', '2014-02-10 12:13:54', 4173, NULL, NULL, '0000000000000000000000000000001000000000000000000000000000000003', 'com.runwaysdk.system.MetadataParameter', '2014-02-10 12:13:54', 'com.runwaysdk.system.scheduler.JobOperationController.update.dto', '0000000000000000000000000000001000000000000000000000000000000003', '8jbru9k3hm2ffmhq4fdsf7239rz7h9we20070427JS0000000000000000001524', '1xhevizo60ybrxsq8qgja1dlxzn4pnmcNM200810110000000000000000000113', 'r5482i5afyaywwe2pnti3zm5ii5lycsu20070427JS0000000000000000001517');
INSERT INTO metadata_display_label ( default_locale, oid, site_master, key_name) VALUES ('cancel', 'qvz0nmjm3qqz3byhp8qzrm23bqssnlbmNM200904120000000000000000000030', 'www.runwaysdk.com', 'qvz0nmjm3qqz3byhp8qzrm23bqssnlbmNM200904120000000000000000000030');
INSERT INTO metadata_display_label ( default_locale, oid, site_master, key_name) VALUES ('Unlocks an instance com.runwaysdk.system.scheduler.JobOperation', 'si3tgrpv84zbmy7vgianyxzdzvsdm95lNM200904120000000000000000000030', 'www.runwaysdk.com', 'si3tgrpv84zbmy7vgianyxzdzvsdm95lNM200904120000000000000000000030');
INSERT INTO md_action ( is_query, enclosing_md_controller, is_post, action_name, display_label, oid) VALUES (0, '0lzq2h7xlcuvagetzpftd8y8emyybfegNM200810110000000000000000000112', 1, 'cancel', 'qvz0nmjm3qqz3byhp8qzrm23bqssnlbmNM200904120000000000000000000030', 'st5o02fj4y6bpj52p3qpqeahgd974s2jNM200810110000000000000000000113');
INSERT INTO metadata ( description, created_by, owner, oid, create_date, seq, type, remove, site_master, locked_by, entity_domain, last_updated_by, last_update_date, key_name) VALUES ('si3tgrpv84zbmy7vgianyxzdzvsdm95lNM200904120000000000000000000030', '0000000000000000000000000000001000000000000000000000000000000003', '0000000000000000000000000000001000000000000000000000000000000003', 'st5o02fj4y6bpj52p3qpqeahgd974s2jNM200810110000000000000000000113', '2014-02-10 12:13:54', 4174, 'com.runwaysdk.system.metadata.MdAction', 1, 'www.runwaysdk.com', NULL, NULL, '0000000000000000000000000000001000000000000000000000000000000003', '2014-02-10 12:13:54', 'com.runwaysdk.system.scheduler.JobOperationController.cancel');
INSERT INTO controller_action ( key_name, locked_by, oid, owner, entity_domain, created_by, type, last_update_date, create_date, seq, last_updated_by, site_master, parent_id, child_id) VALUES ('com.runwaysdk.system.scheduler.JobOperationController.cancel', NULL, '28s7yfvi71hiwuxa0jigmuk1pszu2w7xJS200807230000000000000000111111', '0000000000000000000000000000001000000000000000000000000000000003', NULL, '0000000000000000000000000000001000000000000000000000000000000003', 'com.runwaysdk.system.ControllerAction', '2014-02-10 12:13:54', '2014-02-10 12:13:54', 4175, '0000000000000000000000000000001000000000000000000000000000000003', 'www.runwaysdk.com', '0lzq2h7xlcuvagetzpftd8y8emyybfegNM200810110000000000000000000112', 'st5o02fj4y6bpj52p3qpqeahgd974s2jNM200810110000000000000000000113');
INSERT INTO metadata_display_label ( default_locale, oid, site_master, key_name) VALUES ('Parameter: com.runwaysdk.system.scheduler.JobOperation - dto', 'sycdth68nfahnacplrg245ujoqx7vbawNM200904120000000000000000000030', 'www.runwaysdk.com', 'sycdth68nfahnacplrg245ujoqx7vbawNM200904120000000000000000000030');
INSERT INTO metadata_display_label ( default_locale, oid, site_master, key_name) VALUES ('com.runwaysdk.system.scheduler.JobOperation to unlock', 'rerouu16yxmzykeq8rgf06bp12ashpffNM200904120000000000000000000030', 'www.runwaysdk.com', 'rerouu16yxmzykeq8rgf06bp12ashpffNM200904120000000000000000000030');
INSERT INTO md_parameter ( metadata, parameter_order, parameter_name, parameter_type, display_label, oid) VALUES ('st5o02fj4y6bpj52p3qpqeahgd974s2jNM200810110000000000000000000113', 0, 'dto', 'com.runwaysdk.system.scheduler.JobOperation', 'sycdth68nfahnacplrg245ujoqx7vbawNM200904120000000000000000000030', 'xzj5a1il2ssogy3w1xhik5p1vp8d796p20070427JS0000000000000000001517');
INSERT INTO metadata ( description, created_by, owner, oid, create_date, seq, type, remove, site_master, locked_by, entity_domain, last_updated_by, last_update_date, key_name) VALUES ('rerouu16yxmzykeq8rgf06bp12ashpffNM200904120000000000000000000030', '0000000000000000000000000000001000000000000000000000000000000003', '0000000000000000000000000000001000000000000000000000000000000003', 'xzj5a1il2ssogy3w1xhik5p1vp8d796p20070427JS0000000000000000001517', '2014-02-10 12:13:54', 4176, 'com.runwaysdk.system.metadata.MdParameter', 1, 'www.runwaysdk.com', NULL, NULL, '0000000000000000000000000000001000000000000000000000000000000003', '2014-02-10 12:13:54', 'com.runwaysdk.system.scheduler.JobOperationController.cancel.dto');
INSERT INTO metadata_parameter ( site_master, last_updated_by, create_date, seq, locked_by, entity_domain, created_by, type, last_update_date, key_name, owner, oid, parent_id, child_id) VALUES ('www.runwaysdk.com', '0000000000000000000000000000001000000000000000000000000000000003', '2014-02-10 12:13:54', 4177, NULL, NULL, '0000000000000000000000000000001000000000000000000000000000000003', 'com.runwaysdk.system.MetadataParameter', '2014-02-10 12:13:54', 'com.runwaysdk.system.scheduler.JobOperationController.cancel.dto', '0000000000000000000000000000001000000000000000000000000000000003', 'zdpkunobtrr2djoloy8hc01fo7rrcqc520070427JS0000000000000000001524', 'st5o02fj4y6bpj52p3qpqeahgd974s2jNM200810110000000000000000000113', 'xzj5a1il2ssogy3w1xhik5p1vp8d796p20070427JS0000000000000000001517');
INSERT INTO metadata_display_label ( default_locale, oid, site_master, key_name) VALUES ('delete', 'qsgyk18wmhb1gxxlobosaantij1zljcfNM200904120000000000000000000030', 'www.runwaysdk.com', 'qsgyk18wmhb1gxxlobosaantij1zljcfNM200904120000000000000000000030');
INSERT INTO metadata_display_label ( default_locale, oid, site_master, key_name) VALUES ('Delete an instance of com.runwaysdk.system.scheduler.JobOperation', 'xn7aw95vslg7jcglj29ry8v8r83s6l74NM200904120000000000000000000030', 'www.runwaysdk.com', 'xn7aw95vslg7jcglj29ry8v8r83s6l74NM200904120000000000000000000030');
INSERT INTO md_action ( is_query, enclosing_md_controller, is_post, action_name, display_label, oid) VALUES (0, '0lzq2h7xlcuvagetzpftd8y8emyybfegNM200810110000000000000000000112', 1, 'delete', 'qsgyk18wmhb1gxxlobosaantij1zljcfNM200904120000000000000000000030', 'swlhv55s53ypdhgpyzh0emhsrw5ont54NM200810110000000000000000000113');
INSERT INTO metadata ( description, created_by, owner, oid, create_date, seq, type, remove, site_master, locked_by, entity_domain, last_updated_by, last_update_date, key_name) VALUES ('xn7aw95vslg7jcglj29ry8v8r83s6l74NM200904120000000000000000000030', '0000000000000000000000000000001000000000000000000000000000000003', '0000000000000000000000000000001000000000000000000000000000000003', 'swlhv55s53ypdhgpyzh0emhsrw5ont54NM200810110000000000000000000113', '2014-02-10 12:13:54', 4178, 'com.runwaysdk.system.metadata.MdAction', 1, 'www.runwaysdk.com', NULL, NULL, '0000000000000000000000000000001000000000000000000000000000000003', '2014-02-10 12:13:54', 'com.runwaysdk.system.scheduler.JobOperationController.delete');
INSERT INTO controller_action ( key_name, locked_by, oid, owner, entity_domain, created_by, type, last_update_date, create_date, seq, last_updated_by, site_master, parent_id, child_id) VALUES ('com.runwaysdk.system.scheduler.JobOperationController.delete', NULL, 'zbrc36et4o1n272loiftw18iumu40n4eJS200807230000000000000000111111', '0000000000000000000000000000001000000000000000000000000000000003', NULL, '0000000000000000000000000000001000000000000000000000000000000003', 'com.runwaysdk.system.ControllerAction', '2014-02-10 12:13:54', '2014-02-10 12:13:54', 4179, '0000000000000000000000000000001000000000000000000000000000000003', 'www.runwaysdk.com', '0lzq2h7xlcuvagetzpftd8y8emyybfegNM200810110000000000000000000112', 'swlhv55s53ypdhgpyzh0emhsrw5ont54NM200810110000000000000000000113');
INSERT INTO metadata_display_label ( default_locale, oid, site_master, key_name) VALUES ('Parameter: com.runwaysdk.system.scheduler.JobOperation - dto', '8lx2j087aiawvjk4a3nv1a81qhsrqa2eNM200904120000000000000000000030', 'www.runwaysdk.com', '8lx2j087aiawvjk4a3nv1a81qhsrqa2eNM200904120000000000000000000030');
INSERT INTO metadata_display_label ( default_locale, oid, site_master, key_name) VALUES ('com.runwaysdk.system.scheduler.JobOperation to delete', 'z8gdkggkuu1dp49yypnpi3ygzudtps2cNM200904120000000000000000000030', 'www.runwaysdk.com', 'z8gdkggkuu1dp49yypnpi3ygzudtps2cNM200904120000000000000000000030');
INSERT INTO md_parameter ( metadata, parameter_order, parameter_name, parameter_type, display_label, oid) VALUES ('swlhv55s53ypdhgpyzh0emhsrw5ont54NM200810110000000000000000000113', 0, 'dto', 'com.runwaysdk.system.scheduler.JobOperation', '8lx2j087aiawvjk4a3nv1a81qhsrqa2eNM200904120000000000000000000030', '06rk930udhthy6rawxuz83afn1b2opex20070427JS0000000000000000001517');
INSERT INTO metadata ( description, created_by, owner, oid, create_date, seq, type, remove, site_master, locked_by, entity_domain, last_updated_by, last_update_date, key_name) VALUES ('z8gdkggkuu1dp49yypnpi3ygzudtps2cNM200904120000000000000000000030', '0000000000000000000000000000001000000000000000000000000000000003', '0000000000000000000000000000001000000000000000000000000000000003', '06rk930udhthy6rawxuz83afn1b2opex20070427JS0000000000000000001517', '2014-02-10 12:13:54', 4180, 'com.runwaysdk.system.metadata.MdParameter', 1, 'www.runwaysdk.com', NULL, NULL, '0000000000000000000000000000001000000000000000000000000000000003', '2014-02-10 12:13:54', 'com.runwaysdk.system.scheduler.JobOperationController.delete.dto');
INSERT INTO metadata_parameter ( site_master, last_updated_by, create_date, seq, locked_by, entity_domain, created_by, type, last_update_date, key_name, owner, oid, parent_id, child_id) VALUES ('www.runwaysdk.com', '0000000000000000000000000000001000000000000000000000000000000003', '2014-02-10 12:13:54', 4181, NULL, NULL, '0000000000000000000000000000001000000000000000000000000000000003', 'com.runwaysdk.system.MetadataParameter', '2014-02-10 12:13:54', 'com.runwaysdk.system.scheduler.JobOperationController.delete.dto', '0000000000000000000000000000001000000000000000000000000000000003', 't0v0mrsndim2kq04gi7m4zv8hve2b8yh20070427JS0000000000000000001524', 'swlhv55s53ypdhgpyzh0emhsrw5ont54NM200810110000000000000000000113', '06rk930udhthy6rawxuz83afn1b2opex20070427JS0000000000000000001517');
INSERT INTO business_inheritance ( oid, parent_id, child_id) VALUES ('qo1d75zzwmqoq1ll6k72ok6zkxknsqk420070926NM0000000000000000000004', '0000000000000000000000000000020600000000000000000000000000000001', 'xir473x8wypomyg7b93mojxd8gaf8f4w00000000000000000000000000000001');
INSERT INTO class_inheritance ( oid, parent_id, child_id) VALUES ('qo1d75zzwmqoq1ll6k72ok6zkxknsqk420070926NM0000000000000000000004', '0000000000000000000000000000020600000000000000000000000000000001', 'xir473x8wypomyg7b93mojxd8gaf8f4w00000000000000000000000000000001');
INSERT INTO metadata_relationship ( entity_domain, site_master, last_updated_by, oid, owner, locked_by, create_date, type, created_by, seq, key_name, last_update_date, parent_id, child_id) VALUES (NULL, 'www.runwaysdk.com', '0000000000000000000000000000001000000000000000000000000000000003', 'qo1d75zzwmqoq1ll6k72ok6zkxknsqk420070926NM0000000000000000000004', '0000000000000000000000000000001000000000000000000000000000000003', NULL, '2014-02-10 12:13:54', 'com.runwaysdk.system.metadata.BusinessInheritance', '0000000000000000000000000000001000000000000000000000000000000003', 4182, 'qo1d75zzwmqoq1ll6k72ok6zkxknsqk420070926NM0000000000000000000004', '2014-02-10 12:13:54', '0000000000000000000000000000020600000000000000000000000000000001', 'xir473x8wypomyg7b93mojxd8gaf8f4w00000000000000000000000000000001');
INSERT INTO metadata_display_label ( default_locale, oid, site_master, key_name) VALUES ('Pause', 'queasnm7sv9v6adjpw1zq6tf8xxncgk0NM200904120000000000000000000030', 'www.runwaysdk.com', 'queasnm7sv9v6adjpw1zq6tf8xxncgk0NM200904120000000000000000000030');
INSERT INTO job_operation ( oid) VALUES ('qubohozi75h3irlyx8hvocw5qn9h5wknxir473x8wypomyg7b93mojxd8gaf8f4w');
INSERT INTO enumeration_master ( create_date, locked_by, owner, site_master, type, last_update_date, oid, entity_domain, key_name, display_label, enum_name, created_by, seq, last_updated_by) VALUES ('2014-02-10 12:13:54', NULL, '0000000000000000000000000000001000000000000000000000000000000003', 'www.runwaysdk.com', 'com.runwaysdk.system.scheduler.JobOperation', '2014-02-10 12:13:54', 'qubohozi75h3irlyx8hvocw5qn9h5wknxir473x8wypomyg7b93mojxd8gaf8f4w', NULL, 'com.runwaysdk.system.scheduler.JobOperation.PAUSE', 'queasnm7sv9v6adjpw1zq6tf8xxncgk0NM200904120000000000000000000030', 'PAUSE', '0000000000000000000000000000001000000000000000000000000000000003', 4183, '0000000000000000000000000000001000000000000000000000000000000003');
INSERT INTO metadata_display_label ( default_locale, oid, site_master, key_name) VALUES ('Resume', '23xumz45fzxz27k0mnmbzp08sxpgodhgNM200904120000000000000000000030', 'www.runwaysdk.com', '23xumz45fzxz27k0mnmbzp08sxpgodhgNM200904120000000000000000000030');
INSERT INTO job_operation ( oid) VALUES ('8tm7cs0n7ram0gg268a84hvjpuo9x6rmxir473x8wypomyg7b93mojxd8gaf8f4w');
INSERT INTO enumeration_master ( create_date, locked_by, owner, site_master, type, last_update_date, oid, entity_domain, key_name, display_label, enum_name, created_by, seq, last_updated_by) VALUES ('2014-02-10 12:13:54', NULL, '0000000000000000000000000000001000000000000000000000000000000003', 'www.runwaysdk.com', 'com.runwaysdk.system.scheduler.JobOperation', '2014-02-10 12:13:54', '8tm7cs0n7ram0gg268a84hvjpuo9x6rmxir473x8wypomyg7b93mojxd8gaf8f4w', NULL, 'com.runwaysdk.system.scheduler.JobOperation.RESUME', '23xumz45fzxz27k0mnmbzp08sxpgodhgNM200904120000000000000000000030', 'RESUME', '0000000000000000000000000000001000000000000000000000000000000003', 4184, '0000000000000000000000000000001000000000000000000000000000000003');
INSERT INTO metadata_display_label ( default_locale, oid, site_master, key_name) VALUES ('Start', '041di3tnpor2p6qidudfusvwv3f2gwq4NM200904120000000000000000000030', 'www.runwaysdk.com', '041di3tnpor2p6qidudfusvwv3f2gwq4NM200904120000000000000000000030');
INSERT INTO job_operation ( oid) VALUES ('syc4f4aaydzcblbnsukg4iy7itp7wikrxir473x8wypomyg7b93mojxd8gaf8f4w');
INSERT INTO enumeration_master ( create_date, locked_by, owner, site_master, type, last_update_date, oid, entity_domain, key_name, display_label, enum_name, created_by, seq, last_updated_by) VALUES ('2014-02-10 12:13:54', NULL, '0000000000000000000000000000001000000000000000000000000000000003', 'www.runwaysdk.com', 'com.runwaysdk.system.scheduler.JobOperation', '2014-02-10 12:13:54', 'syc4f4aaydzcblbnsukg4iy7itp7wikrxir473x8wypomyg7b93mojxd8gaf8f4w', NULL, 'com.runwaysdk.system.scheduler.JobOperation.START', '041di3tnpor2p6qidudfusvwv3f2gwq4NM200904120000000000000000000030', 'START', '0000000000000000000000000000001000000000000000000000000000000003', 4185, '0000000000000000000000000000001000000000000000000000000000000003');
INSERT INTO metadata_display_label ( default_locale, oid, site_master, key_name) VALUES ('Stop', '6ytkyzn3qmfufww00ks6hhqhvhkybj2yNM200904120000000000000000000030', 'www.runwaysdk.com', '6ytkyzn3qmfufww00ks6hhqhvhkybj2yNM200904120000000000000000000030');
INSERT INTO job_operation ( oid) VALUES ('qx75irjpycqfo6dvbm3c739g8hmz6l1mxir473x8wypomyg7b93mojxd8gaf8f4w');
INSERT INTO enumeration_master ( create_date, locked_by, owner, site_master, type, last_update_date, oid, entity_domain, key_name, display_label, enum_name, created_by, seq, last_updated_by) VALUES ('2014-02-10 12:13:54', NULL, '0000000000000000000000000000001000000000000000000000000000000003', 'www.runwaysdk.com', 'com.runwaysdk.system.scheduler.JobOperation', '2014-02-10 12:13:54', 'qx75irjpycqfo6dvbm3c739g8hmz6l1mxir473x8wypomyg7b93mojxd8gaf8f4w', NULL, 'com.runwaysdk.system.scheduler.JobOperation.STOP', '6ytkyzn3qmfufww00ks6hhqhvhkybj2yNM200904120000000000000000000030', 'STOP', '0000000000000000000000000000001000000000000000000000000000000003', 4186, '0000000000000000000000000000001000000000000000000000000000000003');
INSERT INTO metadata_display_label ( default_locale, oid, site_master, key_name) VALUES ('Cancel', 'xi9a7z1c3dqapliutf8qqqgbhh4c4z92NM200904120000000000000000000030', 'www.runwaysdk.com', 'xi9a7z1c3dqapliutf8qqqgbhh4c4z92NM200904120000000000000000000030');
INSERT INTO job_operation ( oid) VALUES ('23vaipf1iwo4t93iqp3sawp1lyyfxa4zxir473x8wypomyg7b93mojxd8gaf8f4w');
INSERT INTO enumeration_master ( create_date, locked_by, owner, site_master, type, last_update_date, oid, entity_domain, key_name, display_label, enum_name, created_by, seq, last_updated_by) VALUES ('2014-02-10 12:13:54', NULL, '0000000000000000000000000000001000000000000000000000000000000003', 'www.runwaysdk.com', 'com.runwaysdk.system.scheduler.JobOperation', '2014-02-10 12:13:54', '23vaipf1iwo4t93iqp3sawp1lyyfxa4zxir473x8wypomyg7b93mojxd8gaf8f4w', NULL, 'com.runwaysdk.system.scheduler.JobOperation.CANCEL', 'xi9a7z1c3dqapliutf8qqqgbhh4c4z92NM200904120000000000000000000030', 'CANCEL', '0000000000000000000000000000001000000000000000000000000000000003', 4187, '0000000000000000000000000000001000000000000000000000000000000003');
INSERT INTO metadata_display_label ( default_locale, oid, site_master, key_name) VALUES ('All Job Operations', '042o14m089c1bje2omdnlvft3pv68p14NM200904120000000000000000000030', 'www.runwaysdk.com', '042o14m089c1bje2omdnlvft3pv68p14NM200904120000000000000000000030');
INSERT INTO metadata_display_label ( default_locale, oid, site_master, key_name) VALUES ('All Job Operations', 'z6i4894p0vjssq78gg91o25aydybji5tNM200904120000000000000000000030', 'www.runwaysdk.com', 'z6i4894p0vjssq78gg91o25aydybji5tNM200904120000000000000000000030');
INSERT INTO md_enumeration ( include_all, master_md_business, table_name, oid) VALUES (1, 'xir473x8wypomyg7b93mojxd8gaf8f4w00000000000000000000000000000001', 'alljoboperation', 'zph9q83yb3ematrlwta473t521piy1su00000000000000000000000000000196');
INSERT INTO md_type ( display_label, root_id, package_name, type_name, base_source, js_base, js_stub, exported, dto_source, oid) VALUES ('042o14m089c1bje2omdnlvft3pv68p14NM200904120000000000000000000030', 'zph9q83yb3ematrlwta473t521piy1su', 'com.runwaysdk.system.scheduler', 'AllJobOperation', NULL, NULL, NULL, 1, NULL, 'zph9q83yb3ematrlwta473t521piy1su00000000000000000000000000000196');
INSERT INTO metadata ( description, created_by, owner, oid, create_date, seq, type, remove, site_master, locked_by, entity_domain, last_updated_by, last_update_date, key_name) VALUES ('z6i4894p0vjssq78gg91o25aydybji5tNM200904120000000000000000000030', '0000000000000000000000000000001000000000000000000000000000000003', '0000000000000000000000000000001000000000000000000000000000000003', 'zph9q83yb3ematrlwta473t521piy1su00000000000000000000000000000196', '2014-02-10 12:13:54', 4188, 'com.runwaysdk.system.metadata.MdEnumeration', 1, 'www.runwaysdk.com', NULL, NULL, '0000000000000000000000000000001000000000000000000000000000000003', '2014-02-10 12:13:54', 'com.runwaysdk.system.scheduler.AllJobOperation');
INSERT INTO enumeration_attribute ( oid, parent_id, child_id) VALUES ('zfllr6qsgs29s6sqhzhg7q780532lef700000000000000000000000000000212', 'xir473x8wypomyg7b93mojxd8gaf8f4w00000000000000000000000000000001', 'zph9q83yb3ematrlwta473t521piy1su00000000000000000000000000000196');
INSERT INTO metadata_relationship ( entity_domain, site_master, last_updated_by, oid, owner, locked_by, create_date, type, created_by, seq, key_name, last_update_date, parent_id, child_id) VALUES (NULL, 'www.runwaysdk.com', '0000000000000000000000000000001000000000000000000000000000000003', 'zfllr6qsgs29s6sqhzhg7q780532lef700000000000000000000000000000212', '0000000000000000000000000000001000000000000000000000000000000003', NULL, '2014-02-10 12:13:54', 'com.runwaysdk.system.metadata.EnumerationAttribute', '0000000000000000000000000000001000000000000000000000000000000003', 4189, 'com.runwaysdk.system.scheduler.AllJobOperation', '2014-02-10 12:13:54', 'xir473x8wypomyg7b93mojxd8gaf8f4w00000000000000000000000000000001', 'zph9q83yb3ematrlwta473t521piy1su00000000000000000000000000000196');
INSERT INTO enumeration_attribute_item ( oid, parent_id, child_id) VALUES ('08emlsdx1jcesl1kcorpgt9rvb11uia600000000000000000000000000000294', 'zph9q83yb3ematrlwta473t521piy1su00000000000000000000000000000196', 'qubohozi75h3irlyx8hvocw5qn9h5wknxir473x8wypomyg7b93mojxd8gaf8f4w');
INSERT INTO metadata_relationship ( entity_domain, site_master, last_updated_by, oid, owner, locked_by, create_date, type, created_by, seq, key_name, last_update_date, parent_id, child_id) VALUES (NULL, 'www.runwaysdk.com', '0000000000000000000000000000001000000000000000000000000000000003', '08emlsdx1jcesl1kcorpgt9rvb11uia600000000000000000000000000000294', '0000000000000000000000000000001000000000000000000000000000000003', NULL, '2014-02-10 12:13:54', 'com.runwaysdk.system.metadata.EnumerationAttributeItem', '0000000000000000000000000000001000000000000000000000000000000003', 4190, '08emlsdx1jcesl1kcorpgt9rvb11uia600000000000000000000000000000294', '2014-02-10 12:13:54', 'zph9q83yb3ematrlwta473t521piy1su00000000000000000000000000000196', 'qubohozi75h3irlyx8hvocw5qn9h5wknxir473x8wypomyg7b93mojxd8gaf8f4w');
INSERT INTO enumeration_attribute_item ( oid, parent_id, child_id) VALUES ('8guz6al0cyrk1z62mh1a6tlde1emfpuz00000000000000000000000000000294', 'zph9q83yb3ematrlwta473t521piy1su00000000000000000000000000000196', '8tm7cs0n7ram0gg268a84hvjpuo9x6rmxir473x8wypomyg7b93mojxd8gaf8f4w');
INSERT INTO metadata_relationship ( entity_domain, site_master, last_updated_by, oid, owner, locked_by, create_date, type, created_by, seq, key_name, last_update_date, parent_id, child_id) VALUES (NULL, 'www.runwaysdk.com', '0000000000000000000000000000001000000000000000000000000000000003', '8guz6al0cyrk1z62mh1a6tlde1emfpuz00000000000000000000000000000294', '0000000000000000000000000000001000000000000000000000000000000003', NULL, '2014-02-10 12:13:54', 'com.runwaysdk.system.metadata.EnumerationAttributeItem', '0000000000000000000000000000001000000000000000000000000000000003', 4191, '8guz6al0cyrk1z62mh1a6tlde1emfpuz00000000000000000000000000000294', '2014-02-10 12:13:54', 'zph9q83yb3ematrlwta473t521piy1su00000000000000000000000000000196', '8tm7cs0n7ram0gg268a84hvjpuo9x6rmxir473x8wypomyg7b93mojxd8gaf8f4w');
INSERT INTO enumeration_attribute_item ( oid, parent_id, child_id) VALUES ('092729e1sdx8klik2hlq2svdog2p81hs00000000000000000000000000000294', 'zph9q83yb3ematrlwta473t521piy1su00000000000000000000000000000196', 'syc4f4aaydzcblbnsukg4iy7itp7wikrxir473x8wypomyg7b93mojxd8gaf8f4w');
INSERT INTO metadata_relationship ( entity_domain, site_master, last_updated_by, oid, owner, locked_by, create_date, type, created_by, seq, key_name, last_update_date, parent_id, child_id) VALUES (NULL, 'www.runwaysdk.com', '0000000000000000000000000000001000000000000000000000000000000003', '092729e1sdx8klik2hlq2svdog2p81hs00000000000000000000000000000294', '0000000000000000000000000000001000000000000000000000000000000003', NULL, '2014-02-10 12:13:54', 'com.runwaysdk.system.metadata.EnumerationAttributeItem', '0000000000000000000000000000001000000000000000000000000000000003', 4192, '092729e1sdx8klik2hlq2svdog2p81hs00000000000000000000000000000294', '2014-02-10 12:13:54', 'zph9q83yb3ematrlwta473t521piy1su00000000000000000000000000000196', 'syc4f4aaydzcblbnsukg4iy7itp7wikrxir473x8wypomyg7b93mojxd8gaf8f4w');
INSERT INTO enumeration_attribute_item ( oid, parent_id, child_id) VALUES ('1qnhak1cnwbzvsy55uzdvg2rg9tghvxi00000000000000000000000000000294', 'zph9q83yb3ematrlwta473t521piy1su00000000000000000000000000000196', 'qx75irjpycqfo6dvbm3c739g8hmz6l1mxir473x8wypomyg7b93mojxd8gaf8f4w');
INSERT INTO metadata_relationship ( entity_domain, site_master, last_updated_by, oid, owner, locked_by, create_date, type, created_by, seq, key_name, last_update_date, parent_id, child_id) VALUES (NULL, 'www.runwaysdk.com', '0000000000000000000000000000001000000000000000000000000000000003', '1qnhak1cnwbzvsy55uzdvg2rg9tghvxi00000000000000000000000000000294', '0000000000000000000000000000001000000000000000000000000000000003', NULL, '2014-02-10 12:13:54', 'com.runwaysdk.system.metadata.EnumerationAttributeItem', '0000000000000000000000000000001000000000000000000000000000000003', 4193, '1qnhak1cnwbzvsy55uzdvg2rg9tghvxi00000000000000000000000000000294', '2014-02-10 12:13:54', 'zph9q83yb3ematrlwta473t521piy1su00000000000000000000000000000196', 'qx75irjpycqfo6dvbm3c739g8hmz6l1mxir473x8wypomyg7b93mojxd8gaf8f4w');
INSERT INTO enumeration_attribute_item ( oid, parent_id, child_id) VALUES ('qo4b948nxttd6o00o3drxac1jchqiiqf00000000000000000000000000000294', 'zph9q83yb3ematrlwta473t521piy1su00000000000000000000000000000196', '23vaipf1iwo4t93iqp3sawp1lyyfxa4zxir473x8wypomyg7b93mojxd8gaf8f4w');
INSERT INTO metadata_relationship ( entity_domain, site_master, last_updated_by, oid, owner, locked_by, create_date, type, created_by, seq, key_name, last_update_date, parent_id, child_id) VALUES (NULL, 'www.runwaysdk.com', '0000000000000000000000000000001000000000000000000000000000000003', 'qo4b948nxttd6o00o3drxac1jchqiiqf00000000000000000000000000000294', '0000000000000000000000000000001000000000000000000000000000000003', NULL, '2014-02-10 12:13:54', 'com.runwaysdk.system.metadata.EnumerationAttributeItem', '0000000000000000000000000000001000000000000000000000000000000003', 4194, 'qo4b948nxttd6o00o3drxac1jchqiiqf00000000000000000000000000000294', '2014-02-10 12:13:54', 'zph9q83yb3ematrlwta473t521piy1su00000000000000000000000000000196', '23vaipf1iwo4t93iqp3sawp1lyyfxa4zxir473x8wypomyg7b93mojxd8gaf8f4w');
CREATE TABLE alljoboperation 
(set_id                CHAR(32) NOT NULL, 
item_id CHAR(64) NOT NULL);
CREATE UNIQUE INDEX azph9q83yb3ematrlwta473t521piy ON alljoboperation (set_id, item_id);
 INSERT INTO class_cache (set_id, item_id)  VALUES  ('rcaif7j4kmjq3956xl6jvm11ifqud8pp', '0000000000000000000000000000023100000000000000000000000000000222');
INSERT INTO metadata_display_label ( default_locale, oid, site_master, key_name) VALUES ('AbstractJob', 'qskd8a3ze6gfug4b1d9hlm9m7tks3585NM200904120000000000000000000030', 'www.runwaysdk.com', 'qskd8a3ze6gfug4b1d9hlm9m7tks3585NM200904120000000000000000000030');
INSERT INTO metadata_display_label ( default_locale, oid, site_master, key_name) VALUES ('AbstractJob', '0jbebmtth90hc7jiipad5k09r5sslxaiNM200904120000000000000000000030', 'www.runwaysdk.com', '0jbebmtth90hc7jiipad5k09r5sslxaiNM200904120000000000000000000030');
INSERT INTO md_business ( cache_algorithm, cache_algorithm_c, super_md_business, oid) VALUES ('rcaif7j4kmjq3956xl6jvm11ifqud8pp', '0000000000000000000000000000023100000000000000000000000000000222', NULL, '0fnj9qgoapxjygna1zbnrdk7vm5ciijy00000000000000000000000000000001');
INSERT INTO md_element ( extendable, is_abstract, oid) VALUES (1, 1, '0fnj9qgoapxjygna1zbnrdk7vm5ciijy00000000000000000000000000000001');
INSERT INTO md_entity ( query_dto_source, query_source, cache_size, enforce_site_master, has_deterministic_ids, table_name, oid) VALUES (NULL, NULL, 0, 1, 0, 'abstract_job', '0fnj9qgoapxjygna1zbnrdk7vm5ciijy00000000000000000000000000000001');
INSERT INTO md_class ( publish, stub_dto_source, stub_source, oid) VALUES (1, NULL, NULL, '0fnj9qgoapxjygna1zbnrdk7vm5ciijy00000000000000000000000000000001');
INSERT INTO md_type ( display_label, root_id, package_name, type_name, base_source, js_base, js_stub, exported, dto_source, oid) VALUES ('qskd8a3ze6gfug4b1d9hlm9m7tks3585NM200904120000000000000000000030', '0fnj9qgoapxjygna1zbnrdk7vm5ciijy', 'com.runwaysdk.system.scheduler', 'AbstractJob', NULL, NULL, NULL, 1, NULL, '0fnj9qgoapxjygna1zbnrdk7vm5ciijy00000000000000000000000000000001');
INSERT INTO metadata ( description, created_by, owner, oid, create_date, seq, type, remove, site_master, locked_by, entity_domain, last_updated_by, last_update_date, key_name) VALUES ('0jbebmtth90hc7jiipad5k09r5sslxaiNM200904120000000000000000000030', '0000000000000000000000000000001000000000000000000000000000000003', '0000000000000000000000000000001000000000000000000000000000000003', '0fnj9qgoapxjygna1zbnrdk7vm5ciijy00000000000000000000000000000001', '2014-02-10 12:13:54', 4195, 'com.runwaysdk.system.metadata.MdBusiness', 1, 'www.runwaysdk.com', NULL, NULL, '0000000000000000000000000000001000000000000000000000000000000003', '2014-02-10 12:13:54', 'com.runwaysdk.system.scheduler.AbstractJob');
CREATE TABLE abstract_job ( oid CHAR(64) NOT NULL PRIMARY KEY );
 INSERT INTO visibilitymodifier (set_id, item_id)  VALUES  ('22xp1yjd4q050c2ad0sseel4qwhft63v', '20071109NM000000000000000000000520071109NM0000000000000000000001');
INSERT INTO metadata_display_label ( default_locale, oid, site_master, key_name) VALUES ('ID', 't0191jlr0ynsgr33mm86ni04jq9t2nbxNM200904120000000000000000000030', 'www.runwaysdk.com', 't0191jlr0ynsgr33mm86ni04jq9t2nbxNM200904120000000000000000000030');
 INSERT INTO visibilitymodifier (set_id, item_id)  VALUES  ('xo53x0impd44i8jk5oxm26seffvhzj38', '20071109NM000000000000000000000520071109NM0000000000000000000001');
 INSERT INTO md_attribute_indicies (set_id, item_id)  VALUES  ('8mqv2roivgunjanroffa3rvtmk83lk3p', '0000000000000000000000000000040900000000000000000000000000000403');
INSERT INTO metadata_display_label ( default_locale, oid, site_master, key_name) VALUES ('ID of this object', '0s17qeg0fb4osm5ear3fg9rpsb7e3k1zNM200904120000000000000000000030', 'www.runwaysdk.com', '0s17qeg0fb4osm5ear3fg9rpsb7e3k1zNM200904120000000000000000000030');
INSERT INTO md_attribute_character ( default_value, database_size, oid) VALUES (NULL, 64, '22h9nmusqjkr1mnscd48u42vphnbckgh00000000000000000000000000000138');
INSERT INTO md_attribute_char ( oid) VALUES ('22h9nmusqjkr1mnscd48u42vphnbckgh00000000000000000000000000000138');
INSERT INTO md_attribute_primitive ( oid) VALUES ('22h9nmusqjkr1mnscd48u42vphnbckgh00000000000000000000000000000138');
INSERT INTO md_attribute_concrete ( column_name, defining_md_class, setter_visibility, setter_visibility_c, immutable, index_name, generate_accessor, system, required, display_label, getter_visibility, getter_visibility_c, index_type, index_type_c, attribute_name, oid) VALUES ('oid', '0fnj9qgoapxjygna1zbnrdk7vm5ciijy00000000000000000000000000000001', '22xp1yjd4q050c2ad0sseel4qwhft63v', '20071109NM000000000000000000000520071109NM0000000000000000000001', 0, 'apsnidtvizw0mip15mlmbxrtaz0g3e', 1, 1, 1, 't0191jlr0ynsgr33mm86ni04jq9t2nbxNM200904120000000000000000000030', 'xo53x0impd44i8jk5oxm26seffvhzj38', '20071109NM000000000000000000000520071109NM0000000000000000000001', '8mqv2roivgunjanroffa3rvtmk83lk3p', '0000000000000000000000000000040900000000000000000000000000000403', 'oid', '22h9nmusqjkr1mnscd48u42vphnbckgh00000000000000000000000000000138');
INSERT INTO md_attribute ( oid) VALUES ('22h9nmusqjkr1mnscd48u42vphnbckgh00000000000000000000000000000138');
INSERT INTO metadata ( description, created_by, owner, oid, create_date, seq, type, remove, site_master, locked_by, entity_domain, last_updated_by, last_update_date, key_name) VALUES ('0s17qeg0fb4osm5ear3fg9rpsb7e3k1zNM200904120000000000000000000030', '0000000000000000000000000000001000000000000000000000000000000003', '0000000000000000000000000000001000000000000000000000000000000003', '22h9nmusqjkr1mnscd48u42vphnbckgh00000000000000000000000000000138', '2014-02-10 12:13:54', 4196, 'com.runwaysdk.system.metadata.MdAttributeCharacter', 0, 'www.runwaysdk.com', NULL, NULL, '0000000000000000000000000000001000000000000000000000000000000003', '2014-02-10 12:13:54', 'com.runwaysdk.system.scheduler.AbstractJob.oid');
INSERT INTO class_attribute_concrete ( oid, parent_id, child_id) VALUES ('92hhfo3ubxskohslbtfbv4ijb34lk0v100000000000000000000000000000073', '0fnj9qgoapxjygna1zbnrdk7vm5ciijy00000000000000000000000000000001', '22h9nmusqjkr1mnscd48u42vphnbckgh00000000000000000000000000000138');
INSERT INTO class_attribute ( oid, parent_id, child_id) VALUES ('92hhfo3ubxskohslbtfbv4ijb34lk0v100000000000000000000000000000073', '0fnj9qgoapxjygna1zbnrdk7vm5ciijy00000000000000000000000000000001', '22h9nmusqjkr1mnscd48u42vphnbckgh00000000000000000000000000000138');
INSERT INTO metadata_relationship ( entity_domain, site_master, last_updated_by, oid, owner, locked_by, create_date, type, created_by, seq, key_name, last_update_date, parent_id, child_id) VALUES (NULL, 'www.runwaysdk.com', '0000000000000000000000000000001000000000000000000000000000000003', '92hhfo3ubxskohslbtfbv4ijb34lk0v100000000000000000000000000000073', '0000000000000000000000000000001000000000000000000000000000000003', NULL, '2014-02-10 12:13:54', 'com.runwaysdk.system.metadata.ClassAttributeConcrete', '0000000000000000000000000000001000000000000000000000000000000003', 4197, 'com.runwaysdk.system.scheduler.AbstractJob.oid', '2014-02-10 12:13:54', '0fnj9qgoapxjygna1zbnrdk7vm5ciijy00000000000000000000000000000001', '22h9nmusqjkr1mnscd48u42vphnbckgh00000000000000000000000000000138');
 INSERT INTO visibilitymodifier (set_id, item_id)  VALUES  ('z691ck38gfiqxz2w8v9t7tcnobhjh54i', '20071109NM000000000000000000000520071109NM0000000000000000000001');
INSERT INTO metadata_display_label ( default_locale, oid, site_master, key_name) VALUES ('Site Master', '8olzm3k2hi492pbjnskaohdau4lubdlvNM200904120000000000000000000030', 'www.runwaysdk.com', '8olzm3k2hi492pbjnskaohdau4lubdlvNM200904120000000000000000000030');
 INSERT INTO visibilitymodifier (set_id, item_id)  VALUES  ('93zox6s9rlkjpxaedz5jf8u70mamjho9', '20071109NM000000000000000000000520071109NM0000000000000000000001');
 INSERT INTO md_attribute_indicies (set_id, item_id)  VALUES  ('ywjqla48qhubruz267ex2slab5ds4xc7', '0000000000000000000000000000040100000000000000000000000000000403');
INSERT INTO metadata_display_label ( default_locale, oid, site_master, key_name) VALUES ('The name of the site responsible for this object', '040d12encvhnxc5oagw4poyqcjvl3usmNM200904120000000000000000000030', 'www.runwaysdk.com', '040d12encvhnxc5oagw4poyqcjvl3usmNM200904120000000000000000000030');
INSERT INTO md_attribute_character ( default_value, database_size, oid) VALUES (NULL, 255, '07qjm03asvsj2bw5wls8w4l3og7nm7e800000000000000000000000000000138');
INSERT INTO md_attribute_char ( oid) VALUES ('07qjm03asvsj2bw5wls8w4l3og7nm7e800000000000000000000000000000138');
INSERT INTO md_attribute_primitive ( oid) VALUES ('07qjm03asvsj2bw5wls8w4l3og7nm7e800000000000000000000000000000138');
INSERT INTO md_attribute_concrete ( column_name, defining_md_class, setter_visibility, setter_visibility_c, immutable, index_name, generate_accessor, system, required, display_label, getter_visibility, getter_visibility_c, index_type, index_type_c, attribute_name, oid) VALUES ('site_master', '0fnj9qgoapxjygna1zbnrdk7vm5ciijy00000000000000000000000000000001', 'z691ck38gfiqxz2w8v9t7tcnobhjh54i', '20071109NM000000000000000000000520071109NM0000000000000000000001', 1, 'atjri1r0860ijodqyg6qrd2xfi4szs', 1, 1, 1, '8olzm3k2hi492pbjnskaohdau4lubdlvNM200904120000000000000000000030', '93zox6s9rlkjpxaedz5jf8u70mamjho9', '20071109NM000000000000000000000520071109NM0000000000000000000001', 'ywjqla48qhubruz267ex2slab5ds4xc7', '0000000000000000000000000000040100000000000000000000000000000403', 'siteMaster', '07qjm03asvsj2bw5wls8w4l3og7nm7e800000000000000000000000000000138');
INSERT INTO md_attribute ( oid) VALUES ('07qjm03asvsj2bw5wls8w4l3og7nm7e800000000000000000000000000000138');
INSERT INTO metadata ( description, created_by, owner, oid, create_date, seq, type, remove, site_master, locked_by, entity_domain, last_updated_by, last_update_date, key_name) VALUES ('040d12encvhnxc5oagw4poyqcjvl3usmNM200904120000000000000000000030', '0000000000000000000000000000001000000000000000000000000000000003', '0000000000000000000000000000001000000000000000000000000000000003', '07qjm03asvsj2bw5wls8w4l3og7nm7e800000000000000000000000000000138', '2014-02-10 12:13:54', 4198, 'com.runwaysdk.system.metadata.MdAttributeCharacter', 0, 'www.runwaysdk.com', NULL, NULL, '0000000000000000000000000000001000000000000000000000000000000003', '2014-02-10 12:13:54', 'com.runwaysdk.system.scheduler.AbstractJob.siteMaster');
ALTER TABLE abstract_job ADD COLUMN site_master  varchar(255);
INSERT INTO class_attribute_concrete ( oid, parent_id, child_id) VALUES ('772zuqui8av422ysvpifrzff1055cny600000000000000000000000000000073', '0fnj9qgoapxjygna1zbnrdk7vm5ciijy00000000000000000000000000000001', '07qjm03asvsj2bw5wls8w4l3og7nm7e800000000000000000000000000000138');
INSERT INTO class_attribute ( oid, parent_id, child_id) VALUES ('772zuqui8av422ysvpifrzff1055cny600000000000000000000000000000073', '0fnj9qgoapxjygna1zbnrdk7vm5ciijy00000000000000000000000000000001', '07qjm03asvsj2bw5wls8w4l3og7nm7e800000000000000000000000000000138');
INSERT INTO metadata_relationship ( entity_domain, site_master, last_updated_by, oid, owner, locked_by, create_date, type, created_by, seq, key_name, last_update_date, parent_id, child_id) VALUES (NULL, 'www.runwaysdk.com', '0000000000000000000000000000001000000000000000000000000000000003', '772zuqui8av422ysvpifrzff1055cny600000000000000000000000000000073', '0000000000000000000000000000001000000000000000000000000000000003', NULL, '2014-02-10 12:13:54', 'com.runwaysdk.system.metadata.ClassAttributeConcrete', '0000000000000000000000000000001000000000000000000000000000000003', 4199, 'com.runwaysdk.system.scheduler.AbstractJob.siteMaster', '2014-02-10 12:13:54', '0fnj9qgoapxjygna1zbnrdk7vm5ciijy00000000000000000000000000000001', '07qjm03asvsj2bw5wls8w4l3og7nm7e800000000000000000000000000000138');
 INSERT INTO visibilitymodifier (set_id, item_id)  VALUES  ('r57fzna7jkyp0gls9jfuobpwap5q2mb9', '20071109NM000000000000000000000520071109NM0000000000000000000001');
INSERT INTO metadata_display_label ( default_locale, oid, site_master, key_name) VALUES ('Key Name', '8gtv1qxiu9zkxt5c5e5eb2y6kp3bdfnfNM200904120000000000000000000030', 'www.runwaysdk.com', '8gtv1qxiu9zkxt5c5e5eb2y6kp3bdfnfNM200904120000000000000000000030');
 INSERT INTO visibilitymodifier (set_id, item_id)  VALUES  ('xi78gctibsn8y5xtreoutglflql0orr6', '20071109NM000000000000000000000520071109NM0000000000000000000001');
 INSERT INTO md_attribute_indicies (set_id, item_id)  VALUES  ('zpc9bzgnl1qwo6l4upqedc1n5n55fjmm', '0000000000000000000000000000040900000000000000000000000000000403');
INSERT INTO metadata_display_label ( default_locale, oid, site_master, key_name) VALUES ('Key which uniquely identifies each instance of this type heirarchy.', '8k9619mmdrjzxe08k2iohmqkt83kci3bNM200904120000000000000000000030', 'www.runwaysdk.com', '8k9619mmdrjzxe08k2iohmqkt83kci3bNM200904120000000000000000000030');
INSERT INTO md_attribute_character ( default_value, database_size, oid) VALUES (NULL, 255, '8glnx8r2jh0lgiv05xoyjejgrtp95tdk00000000000000000000000000000138');
INSERT INTO md_attribute_char ( oid) VALUES ('8glnx8r2jh0lgiv05xoyjejgrtp95tdk00000000000000000000000000000138');
INSERT INTO md_attribute_primitive ( oid) VALUES ('8glnx8r2jh0lgiv05xoyjejgrtp95tdk00000000000000000000000000000138');
INSERT INTO md_attribute_concrete ( column_name, defining_md_class, setter_visibility, setter_visibility_c, immutable, index_name, generate_accessor, system, required, display_label, getter_visibility, getter_visibility_c, index_type, index_type_c, attribute_name, oid) VALUES ('key_name', '0fnj9qgoapxjygna1zbnrdk7vm5ciijy00000000000000000000000000000001', 'r57fzna7jkyp0gls9jfuobpwap5q2mb9', '20071109NM000000000000000000000520071109NM0000000000000000000001', 0, 'a9af59oribwy9mpjvp7vhjd2seesag', 1, 0, 1, '8gtv1qxiu9zkxt5c5e5eb2y6kp3bdfnfNM200904120000000000000000000030', 'xi78gctibsn8y5xtreoutglflql0orr6', '20071109NM000000000000000000000520071109NM0000000000000000000001', 'zpc9bzgnl1qwo6l4upqedc1n5n55fjmm', '0000000000000000000000000000040900000000000000000000000000000403', 'keyName', '8glnx8r2jh0lgiv05xoyjejgrtp95tdk00000000000000000000000000000138');
INSERT INTO md_attribute ( oid) VALUES ('8glnx8r2jh0lgiv05xoyjejgrtp95tdk00000000000000000000000000000138');
INSERT INTO metadata ( description, created_by, owner, oid, create_date, seq, type, remove, site_master, locked_by, entity_domain, last_updated_by, last_update_date, key_name) VALUES ('8k9619mmdrjzxe08k2iohmqkt83kci3bNM200904120000000000000000000030', '0000000000000000000000000000001000000000000000000000000000000003', '0000000000000000000000000000001000000000000000000000000000000003', '8glnx8r2jh0lgiv05xoyjejgrtp95tdk00000000000000000000000000000138', '2014-02-10 12:13:54', 4200, 'com.runwaysdk.system.metadata.MdAttributeCharacter', 1, 'www.runwaysdk.com', NULL, NULL, '0000000000000000000000000000001000000000000000000000000000000003', '2014-02-10 12:13:54', 'com.runwaysdk.system.scheduler.AbstractJob.keyName');
ALTER TABLE abstract_job ADD COLUMN key_name  varchar(255);
INSERT INTO class_attribute_concrete ( oid, parent_id, child_id) VALUES ('zmv7ltkb9b6p17w0ucbf53eaxgum5fbc00000000000000000000000000000073', '0fnj9qgoapxjygna1zbnrdk7vm5ciijy00000000000000000000000000000001', '8glnx8r2jh0lgiv05xoyjejgrtp95tdk00000000000000000000000000000138');
INSERT INTO class_attribute ( oid, parent_id, child_id) VALUES ('zmv7ltkb9b6p17w0ucbf53eaxgum5fbc00000000000000000000000000000073', '0fnj9qgoapxjygna1zbnrdk7vm5ciijy00000000000000000000000000000001', '8glnx8r2jh0lgiv05xoyjejgrtp95tdk00000000000000000000000000000138');
INSERT INTO metadata_relationship ( entity_domain, site_master, last_updated_by, oid, owner, locked_by, create_date, type, created_by, seq, key_name, last_update_date, parent_id, child_id) VALUES (NULL, 'www.runwaysdk.com', '0000000000000000000000000000001000000000000000000000000000000003', 'zmv7ltkb9b6p17w0ucbf53eaxgum5fbc00000000000000000000000000000073', '0000000000000000000000000000001000000000000000000000000000000003', NULL, '2014-02-10 12:13:54', 'com.runwaysdk.system.metadata.ClassAttributeConcrete', '0000000000000000000000000000001000000000000000000000000000000003', 4201, 'com.runwaysdk.system.scheduler.AbstractJob.keyName', '2014-02-10 12:13:54', '0fnj9qgoapxjygna1zbnrdk7vm5ciijy00000000000000000000000000000001', '8glnx8r2jh0lgiv05xoyjejgrtp95tdk00000000000000000000000000000138');
CREATE UNIQUE INDEX a9af59oribwy9mpjvp7vhjd2seesag ON abstract_job (key_name);
 INSERT INTO visibilitymodifier (set_id, item_id)  VALUES  ('7eb8wda0rfb5biwnrj6ks2qw2nx4981m', '20071109NM000000000000000000000520071109NM0000000000000000000001');
INSERT INTO metadata_display_label ( default_locale, oid, site_master, key_name) VALUES ('Last Update Date', '8l4wt83g4wzlll5cm0c2osnal5vnelvqNM200904120000000000000000000030', 'www.runwaysdk.com', '8l4wt83g4wzlll5cm0c2osnal5vnelvqNM200904120000000000000000000030');
 INSERT INTO visibilitymodifier (set_id, item_id)  VALUES  ('svcfclu74rw4dou9cuom2xjuj3x16wtq', '20071109NM000000000000000000000520071109NM0000000000000000000001');
 INSERT INTO md_attribute_indicies (set_id, item_id)  VALUES  ('qoqmturq0bng258qecw6qa9i8nv6iuaz', '0000000000000000000000000000040100000000000000000000000000000403');
INSERT INTO metadata_display_label ( default_locale, oid, site_master, key_name) VALUES ('Date and time this record was last updated', '8nyrhq7yakq0qhg7ydp5wtqds5xlehz0NM200904120000000000000000000030', 'www.runwaysdk.com', '8nyrhq7yakq0qhg7ydp5wtqds5xlehz0NM200904120000000000000000000030');
INSERT INTO md_attribute_datetime ( default_value, oid) VALUES (NULL, 't1nisso05vc6hasbqdpjmtu00gmj6cpi00000000000000000000000000000341');
INSERT INTO md_attribute_moment ( oid) VALUES ('t1nisso05vc6hasbqdpjmtu00gmj6cpi00000000000000000000000000000341');
INSERT INTO md_attribute_primitive ( oid) VALUES ('t1nisso05vc6hasbqdpjmtu00gmj6cpi00000000000000000000000000000341');
INSERT INTO md_attribute_concrete ( column_name, defining_md_class, setter_visibility, setter_visibility_c, immutable, index_name, generate_accessor, system, required, display_label, getter_visibility, getter_visibility_c, index_type, index_type_c, attribute_name, oid) VALUES ('last_update_date', '0fnj9qgoapxjygna1zbnrdk7vm5ciijy00000000000000000000000000000001', '7eb8wda0rfb5biwnrj6ks2qw2nx4981m', '20071109NM000000000000000000000520071109NM0000000000000000000001', 0, 'aonyqt6tqvx5lix6hsq2sr9y5465f6', 1, 1, 1, '8l4wt83g4wzlll5cm0c2osnal5vnelvqNM200904120000000000000000000030', 'svcfclu74rw4dou9cuom2xjuj3x16wtq', '20071109NM000000000000000000000520071109NM0000000000000000000001', 'qoqmturq0bng258qecw6qa9i8nv6iuaz', '0000000000000000000000000000040100000000000000000000000000000403', 'lastUpdateDate', 't1nisso05vc6hasbqdpjmtu00gmj6cpi00000000000000000000000000000341');
INSERT INTO md_attribute ( oid) VALUES ('t1nisso05vc6hasbqdpjmtu00gmj6cpi00000000000000000000000000000341');
INSERT INTO metadata ( description, created_by, owner, oid, create_date, seq, type, remove, site_master, locked_by, entity_domain, last_updated_by, last_update_date, key_name) VALUES ('8nyrhq7yakq0qhg7ydp5wtqds5xlehz0NM200904120000000000000000000030', '0000000000000000000000000000001000000000000000000000000000000003', '0000000000000000000000000000001000000000000000000000000000000003', 't1nisso05vc6hasbqdpjmtu00gmj6cpi00000000000000000000000000000341', '2014-02-10 12:13:54', 4202, 'com.runwaysdk.system.metadata.MdAttributeDateTime', 0, 'www.runwaysdk.com', NULL, NULL, '0000000000000000000000000000001000000000000000000000000000000003', '2014-02-10 12:13:54', 'com.runwaysdk.system.scheduler.AbstractJob.lastUpdateDate');
ALTER TABLE abstract_job ADD COLUMN last_update_date  timestamp;
INSERT INTO class_attribute_concrete ( oid, parent_id, child_id) VALUES ('ze5riwrx53i1jm6vm5ntdeubzob4exhe00000000000000000000000000000073', '0fnj9qgoapxjygna1zbnrdk7vm5ciijy00000000000000000000000000000001', 't1nisso05vc6hasbqdpjmtu00gmj6cpi00000000000000000000000000000341');
INSERT INTO class_attribute ( oid, parent_id, child_id) VALUES ('ze5riwrx53i1jm6vm5ntdeubzob4exhe00000000000000000000000000000073', '0fnj9qgoapxjygna1zbnrdk7vm5ciijy00000000000000000000000000000001', 't1nisso05vc6hasbqdpjmtu00gmj6cpi00000000000000000000000000000341');
INSERT INTO metadata_relationship ( entity_domain, site_master, last_updated_by, oid, owner, locked_by, create_date, type, created_by, seq, key_name, last_update_date, parent_id, child_id) VALUES (NULL, 'www.runwaysdk.com', '0000000000000000000000000000001000000000000000000000000000000003', 'ze5riwrx53i1jm6vm5ntdeubzob4exhe00000000000000000000000000000073', '0000000000000000000000000000001000000000000000000000000000000003', NULL, '2014-02-10 12:13:54', 'com.runwaysdk.system.metadata.ClassAttributeConcrete', '0000000000000000000000000000001000000000000000000000000000000003', 4203, 'com.runwaysdk.system.scheduler.AbstractJob.lastUpdateDate', '2014-02-10 12:13:54', '0fnj9qgoapxjygna1zbnrdk7vm5ciijy00000000000000000000000000000001', 't1nisso05vc6hasbqdpjmtu00gmj6cpi00000000000000000000000000000341');
 INSERT INTO visibilitymodifier (set_id, item_id)  VALUES  ('6rol2frmrrl916nn5olrvbezfxphdhf2', '20071109NM000000000000000000000520071109NM0000000000000000000001');
INSERT INTO metadata_display_label ( default_locale, oid, site_master, key_name) VALUES ('Last Updated By', '8ic7xvusr8b5ms3luzq2ninlhaja5bbrNM200904120000000000000000000030', 'www.runwaysdk.com', '8ic7xvusr8b5ms3luzq2ninlhaja5bbrNM200904120000000000000000000030');
 INSERT INTO visibilitymodifier (set_id, item_id)  VALUES  ('yxxyh05sljglhr4wkhck2yf3s28uz8n7', '20071109NM000000000000000000000520071109NM0000000000000000000001');
 INSERT INTO md_attribute_indicies (set_id, item_id)  VALUES  ('xatd0xyjpnpl59dkz2kvgkn32ft7vvrj', '0000000000000000000000000000040000000000000000000000000000000403');
INSERT INTO metadata_display_label ( default_locale, oid, site_master, key_name) VALUES ('User who last updated this object', 'xqvasxhy048h6xb06xv4a1m3hyhw7a46NM200904120000000000000000000030', 'www.runwaysdk.com', 'xqvasxhy048h6xb06xv4a1m3hyhw7a46NM200904120000000000000000000030');
INSERT INTO md_attribute_reference ( default_value, md_business, oid) VALUES (NULL, 'JS20070723000000000000000000156000000000000000000000000000000001', 't0fnw6kgnayhdfq1m5udml6smyr17u9e00000000000000000000000000000186');
INSERT INTO md_attribute_ref ( oid) VALUES ('t0fnw6kgnayhdfq1m5udml6smyr17u9e00000000000000000000000000000186');
INSERT INTO md_attribute_concrete ( column_name, defining_md_class, setter_visibility, setter_visibility_c, immutable, index_name, generate_accessor, system, required, display_label, getter_visibility, getter_visibility_c, index_type, index_type_c, attribute_name, oid) VALUES ('last_updated_by', '0fnj9qgoapxjygna1zbnrdk7vm5ciijy00000000000000000000000000000001', '6rol2frmrrl916nn5olrvbezfxphdhf2', '20071109NM000000000000000000000520071109NM0000000000000000000001', 0, 'aamrrkg8yuff8ir1aw98tv5wzzrkqd', 1, 1, 1, '8ic7xvusr8b5ms3luzq2ninlhaja5bbrNM200904120000000000000000000030', 'yxxyh05sljglhr4wkhck2yf3s28uz8n7', '20071109NM000000000000000000000520071109NM0000000000000000000001', 'xatd0xyjpnpl59dkz2kvgkn32ft7vvrj', '0000000000000000000000000000040000000000000000000000000000000403', 'lastUpdatedBy', 't0fnw6kgnayhdfq1m5udml6smyr17u9e00000000000000000000000000000186');
INSERT INTO md_attribute ( oid) VALUES ('t0fnw6kgnayhdfq1m5udml6smyr17u9e00000000000000000000000000000186');
INSERT INTO metadata ( description, created_by, owner, oid, create_date, seq, type, remove, site_master, locked_by, entity_domain, last_updated_by, last_update_date, key_name) VALUES ('xqvasxhy048h6xb06xv4a1m3hyhw7a46NM200904120000000000000000000030', '0000000000000000000000000000001000000000000000000000000000000003', '0000000000000000000000000000001000000000000000000000000000000003', 't0fnw6kgnayhdfq1m5udml6smyr17u9e00000000000000000000000000000186', '2014-02-10 12:13:54', 4204, 'com.runwaysdk.system.metadata.MdAttributeReference', 0, 'www.runwaysdk.com', NULL, NULL, '0000000000000000000000000000001000000000000000000000000000000003', '2014-02-10 12:13:54', 'com.runwaysdk.system.scheduler.AbstractJob.lastUpdatedBy');
ALTER TABLE abstract_job ADD COLUMN last_updated_by  char(64);
INSERT INTO class_attribute_concrete ( oid, parent_id, child_id) VALUES ('6z95ewxi1a1jv8l8d51hqflk5mb2q88k00000000000000000000000000000073', '0fnj9qgoapxjygna1zbnrdk7vm5ciijy00000000000000000000000000000001', 't0fnw6kgnayhdfq1m5udml6smyr17u9e00000000000000000000000000000186');
INSERT INTO class_attribute ( oid, parent_id, child_id) VALUES ('6z95ewxi1a1jv8l8d51hqflk5mb2q88k00000000000000000000000000000073', '0fnj9qgoapxjygna1zbnrdk7vm5ciijy00000000000000000000000000000001', 't0fnw6kgnayhdfq1m5udml6smyr17u9e00000000000000000000000000000186');
INSERT INTO metadata_relationship ( entity_domain, site_master, last_updated_by, oid, owner, locked_by, create_date, type, created_by, seq, key_name, last_update_date, parent_id, child_id) VALUES (NULL, 'www.runwaysdk.com', '0000000000000000000000000000001000000000000000000000000000000003', '6z95ewxi1a1jv8l8d51hqflk5mb2q88k00000000000000000000000000000073', '0000000000000000000000000000001000000000000000000000000000000003', NULL, '2014-02-10 12:13:54', 'com.runwaysdk.system.metadata.ClassAttributeConcrete', '0000000000000000000000000000001000000000000000000000000000000003', 4205, 'com.runwaysdk.system.scheduler.AbstractJob.lastUpdatedBy', '2014-02-10 12:13:54', '0fnj9qgoapxjygna1zbnrdk7vm5ciijy00000000000000000000000000000001', 't0fnw6kgnayhdfq1m5udml6smyr17u9e00000000000000000000000000000186');
 INSERT INTO visibilitymodifier (set_id, item_id)  VALUES  ('szfbbwfask5dbzyogcm6a3z5fpx608d1', '20071109NM000000000000000000000520071109NM0000000000000000000001');
INSERT INTO metadata_display_label ( default_locale, oid, site_master, key_name) VALUES ('Created By', 'r3ixcg5owkvezign3giowdw9lg167l3rNM200904120000000000000000000030', 'www.runwaysdk.com', 'r3ixcg5owkvezign3giowdw9lg167l3rNM200904120000000000000000000030');
 INSERT INTO visibilitymodifier (set_id, item_id)  VALUES  ('28rh2lnhq4bw49l473xyaunah22tb9s8', '20071109NM000000000000000000000520071109NM0000000000000000000001');
 INSERT INTO md_attribute_indicies (set_id, item_id)  VALUES  ('xukkfnum7hpstxpr2pq0dloy0e8upsoa', '0000000000000000000000000000040000000000000000000000000000000403');
INSERT INTO metadata_display_label ( default_locale, oid, site_master, key_name) VALUES ('User that created this object', 'zhvpxqc07oo6in4zsv7m0ai5e7iu4ffxNM200904120000000000000000000030', 'www.runwaysdk.com', 'zhvpxqc07oo6in4zsv7m0ai5e7iu4ffxNM200904120000000000000000000030');
INSERT INTO md_attribute_reference ( default_value, md_business, oid) VALUES (NULL, 'JS20070723000000000000000000156000000000000000000000000000000001', 'soq5xdumnsf5o7ygoopr6xvc3gv7t6b800000000000000000000000000000186');
INSERT INTO md_attribute_ref ( oid) VALUES ('soq5xdumnsf5o7ygoopr6xvc3gv7t6b800000000000000000000000000000186');
INSERT INTO md_attribute_concrete ( column_name, defining_md_class, setter_visibility, setter_visibility_c, immutable, index_name, generate_accessor, system, required, display_label, getter_visibility, getter_visibility_c, index_type, index_type_c, attribute_name, oid) VALUES ('created_by', '0fnj9qgoapxjygna1zbnrdk7vm5ciijy00000000000000000000000000000001', 'szfbbwfask5dbzyogcm6a3z5fpx608d1', '20071109NM000000000000000000000520071109NM0000000000000000000001', 1, 'a5ek1qimkhm992mqt2f658kk7paqmh', 1, 1, 1, 'r3ixcg5owkvezign3giowdw9lg167l3rNM200904120000000000000000000030', '28rh2lnhq4bw49l473xyaunah22tb9s8', '20071109NM000000000000000000000520071109NM0000000000000000000001', 'xukkfnum7hpstxpr2pq0dloy0e8upsoa', '0000000000000000000000000000040000000000000000000000000000000403', 'createdBy', 'soq5xdumnsf5o7ygoopr6xvc3gv7t6b800000000000000000000000000000186');
INSERT INTO md_attribute ( oid) VALUES ('soq5xdumnsf5o7ygoopr6xvc3gv7t6b800000000000000000000000000000186');
INSERT INTO metadata ( description, created_by, owner, oid, create_date, seq, type, remove, site_master, locked_by, entity_domain, last_updated_by, last_update_date, key_name) VALUES ('zhvpxqc07oo6in4zsv7m0ai5e7iu4ffxNM200904120000000000000000000030', '0000000000000000000000000000001000000000000000000000000000000003', '0000000000000000000000000000001000000000000000000000000000000003', 'soq5xdumnsf5o7ygoopr6xvc3gv7t6b800000000000000000000000000000186', '2014-02-10 12:13:54', 4206, 'com.runwaysdk.system.metadata.MdAttributeReference', 0, 'www.runwaysdk.com', NULL, NULL, '0000000000000000000000000000001000000000000000000000000000000003', '2014-02-10 12:13:54', 'com.runwaysdk.system.scheduler.AbstractJob.createdBy');
ALTER TABLE abstract_job ADD COLUMN created_by  char(64);
INSERT INTO class_attribute_concrete ( oid, parent_id, child_id) VALUES ('0mqlugeiyvisjrnfxcvx3tcy2du21b2z00000000000000000000000000000073', '0fnj9qgoapxjygna1zbnrdk7vm5ciijy00000000000000000000000000000001', 'soq5xdumnsf5o7ygoopr6xvc3gv7t6b800000000000000000000000000000186');
INSERT INTO class_attribute ( oid, parent_id, child_id) VALUES ('0mqlugeiyvisjrnfxcvx3tcy2du21b2z00000000000000000000000000000073', '0fnj9qgoapxjygna1zbnrdk7vm5ciijy00000000000000000000000000000001', 'soq5xdumnsf5o7ygoopr6xvc3gv7t6b800000000000000000000000000000186');
INSERT INTO metadata_relationship ( entity_domain, site_master, last_updated_by, oid, owner, locked_by, create_date, type, created_by, seq, key_name, last_update_date, parent_id, child_id) VALUES (NULL, 'www.runwaysdk.com', '0000000000000000000000000000001000000000000000000000000000000003', '0mqlugeiyvisjrnfxcvx3tcy2du21b2z00000000000000000000000000000073', '0000000000000000000000000000001000000000000000000000000000000003', NULL, '2014-02-10 12:13:54', 'com.runwaysdk.system.metadata.ClassAttributeConcrete', '0000000000000000000000000000001000000000000000000000000000000003', 4207, 'com.runwaysdk.system.scheduler.AbstractJob.createdBy', '2014-02-10 12:13:54', '0fnj9qgoapxjygna1zbnrdk7vm5ciijy00000000000000000000000000000001', 'soq5xdumnsf5o7ygoopr6xvc3gv7t6b800000000000000000000000000000186');
 INSERT INTO visibilitymodifier (set_id, item_id)  VALUES  ('1oiusdep8yuh1t76f68ym473axnmigfg', '20071109NM000000000000000000000520071109NM0000000000000000000001');
INSERT INTO metadata_display_label ( default_locale, oid, site_master, key_name) VALUES ('Locked By', '1sji60flftwdt7w8cfw47a2zwmc1hx6wNM200904120000000000000000000030', 'www.runwaysdk.com', '1sji60flftwdt7w8cfw47a2zwmc1hx6wNM200904120000000000000000000030');
 INSERT INTO visibilitymodifier (set_id, item_id)  VALUES  ('sa4wjj1wiuczob6apwa5ivom4hdqqu8e', '20071109NM000000000000000000000520071109NM0000000000000000000001');
 INSERT INTO md_attribute_indicies (set_id, item_id)  VALUES  ('z13lkqu9kqp7u5dfd86pseosyyn0b1nm', '0000000000000000000000000000040000000000000000000000000000000403');
INSERT INTO metadata_display_label ( default_locale, oid, site_master, key_name) VALUES ('User who has a write lock on this object', '2ehatru1ktd73oe4t5vp4iy8fn6w68w0NM200904120000000000000000000030', 'www.runwaysdk.com', '2ehatru1ktd73oe4t5vp4iy8fn6w68w0NM200904120000000000000000000030');
INSERT INTO md_attribute_reference ( default_value, md_business, oid) VALUES (NULL, '0000000000000000000000000000000300000000000000000000000000000001', '07znvsbjpd3ljrlvy9d43aayv3yvm5xx00000000000000000000000000000186');
INSERT INTO md_attribute_ref ( oid) VALUES ('07znvsbjpd3ljrlvy9d43aayv3yvm5xx00000000000000000000000000000186');
INSERT INTO md_attribute_concrete ( column_name, defining_md_class, setter_visibility, setter_visibility_c, immutable, index_name, generate_accessor, system, required, display_label, getter_visibility, getter_visibility_c, index_type, index_type_c, attribute_name, oid) VALUES ('locked_by', '0fnj9qgoapxjygna1zbnrdk7vm5ciijy00000000000000000000000000000001', '1oiusdep8yuh1t76f68ym473axnmigfg', '20071109NM000000000000000000000520071109NM0000000000000000000001', 0, 'a2hjt6hyqdfx0uh3l6tgaydk2p84br', 1, 1, 0, '1sji60flftwdt7w8cfw47a2zwmc1hx6wNM200904120000000000000000000030', 'sa4wjj1wiuczob6apwa5ivom4hdqqu8e', '20071109NM000000000000000000000520071109NM0000000000000000000001', 'z13lkqu9kqp7u5dfd86pseosyyn0b1nm', '0000000000000000000000000000040000000000000000000000000000000403', 'lockedBy', '07znvsbjpd3ljrlvy9d43aayv3yvm5xx00000000000000000000000000000186');
INSERT INTO md_attribute ( oid) VALUES ('07znvsbjpd3ljrlvy9d43aayv3yvm5xx00000000000000000000000000000186');
INSERT INTO metadata ( description, created_by, owner, oid, create_date, seq, type, remove, site_master, locked_by, entity_domain, last_updated_by, last_update_date, key_name) VALUES ('2ehatru1ktd73oe4t5vp4iy8fn6w68w0NM200904120000000000000000000030', '0000000000000000000000000000001000000000000000000000000000000003', '0000000000000000000000000000001000000000000000000000000000000003', '07znvsbjpd3ljrlvy9d43aayv3yvm5xx00000000000000000000000000000186', '2014-02-10 12:13:54', 4208, 'com.runwaysdk.system.metadata.MdAttributeReference', 0, 'www.runwaysdk.com', NULL, NULL, '0000000000000000000000000000001000000000000000000000000000000003', '2014-02-10 12:13:54', 'com.runwaysdk.system.scheduler.AbstractJob.lockedBy');
ALTER TABLE abstract_job ADD COLUMN locked_by  char(64);
INSERT INTO class_attribute_concrete ( oid, parent_id, child_id) VALUES ('sx2zwa4eyih54v7ad1y8laixk0ybzapf00000000000000000000000000000073', '0fnj9qgoapxjygna1zbnrdk7vm5ciijy00000000000000000000000000000001', '07znvsbjpd3ljrlvy9d43aayv3yvm5xx00000000000000000000000000000186');
INSERT INTO class_attribute ( oid, parent_id, child_id) VALUES ('sx2zwa4eyih54v7ad1y8laixk0ybzapf00000000000000000000000000000073', '0fnj9qgoapxjygna1zbnrdk7vm5ciijy00000000000000000000000000000001', '07znvsbjpd3ljrlvy9d43aayv3yvm5xx00000000000000000000000000000186');
INSERT INTO metadata_relationship ( entity_domain, site_master, last_updated_by, oid, owner, locked_by, create_date, type, created_by, seq, key_name, last_update_date, parent_id, child_id) VALUES (NULL, 'www.runwaysdk.com', '0000000000000000000000000000001000000000000000000000000000000003', 'sx2zwa4eyih54v7ad1y8laixk0ybzapf00000000000000000000000000000073', '0000000000000000000000000000001000000000000000000000000000000003', NULL, '2014-02-10 12:13:54', 'com.runwaysdk.system.metadata.ClassAttributeConcrete', '0000000000000000000000000000001000000000000000000000000000000003', 4209, 'com.runwaysdk.system.scheduler.AbstractJob.lockedBy', '2014-02-10 12:13:54', '0fnj9qgoapxjygna1zbnrdk7vm5ciijy00000000000000000000000000000001', '07znvsbjpd3ljrlvy9d43aayv3yvm5xx00000000000000000000000000000186');
 INSERT INTO visibilitymodifier (set_id, item_id)  VALUES  ('xiko9ydby8a3i0zajssao4gk19hlc6b6', '20071109NM000000000000000000000520071109NM0000000000000000000001');
INSERT INTO metadata_display_label ( default_locale, oid, site_master, key_name) VALUES ('Create Date', '71m9gsog4wh4vw9vlxykwnhtt9ggk08tNM200904120000000000000000000030', 'www.runwaysdk.com', '71m9gsog4wh4vw9vlxykwnhtt9ggk08tNM200904120000000000000000000030');
 INSERT INTO visibilitymodifier (set_id, item_id)  VALUES  ('07impdckbanqfi1bc5shntltzpawkful', '20071109NM000000000000000000000520071109NM0000000000000000000001');
 INSERT INTO md_attribute_indicies (set_id, item_id)  VALUES  ('0jei9lwsi5cyzdhomwn9vibzizlietxd', '0000000000000000000000000000040100000000000000000000000000000403');
INSERT INTO metadata_display_label ( default_locale, oid, site_master, key_name) VALUES ('Date and time this record was created', '2b6izpjfn0w5rxe2sd62agmyo1scs21cNM200904120000000000000000000030', 'www.runwaysdk.com', '2b6izpjfn0w5rxe2sd62agmyo1scs21cNM200904120000000000000000000030');
INSERT INTO md_attribute_datetime ( default_value, oid) VALUES (NULL, '0a9o7jd6ddf1sx1fjlsgkohnjt32mmt600000000000000000000000000000341');
INSERT INTO md_attribute_moment ( oid) VALUES ('0a9o7jd6ddf1sx1fjlsgkohnjt32mmt600000000000000000000000000000341');
INSERT INTO md_attribute_primitive ( oid) VALUES ('0a9o7jd6ddf1sx1fjlsgkohnjt32mmt600000000000000000000000000000341');
INSERT INTO md_attribute_concrete ( column_name, defining_md_class, setter_visibility, setter_visibility_c, immutable, index_name, generate_accessor, system, required, display_label, getter_visibility, getter_visibility_c, index_type, index_type_c, attribute_name, oid) VALUES ('create_date', '0fnj9qgoapxjygna1zbnrdk7vm5ciijy00000000000000000000000000000001', 'xiko9ydby8a3i0zajssao4gk19hlc6b6', '20071109NM000000000000000000000520071109NM0000000000000000000001', 0, 'a8bjii2aozcczuxib61sp3osntbegw', 1, 1, 1, '71m9gsog4wh4vw9vlxykwnhtt9ggk08tNM200904120000000000000000000030', '07impdckbanqfi1bc5shntltzpawkful', '20071109NM000000000000000000000520071109NM0000000000000000000001', '0jei9lwsi5cyzdhomwn9vibzizlietxd', '0000000000000000000000000000040100000000000000000000000000000403', 'createDate', '0a9o7jd6ddf1sx1fjlsgkohnjt32mmt600000000000000000000000000000341');
INSERT INTO md_attribute ( oid) VALUES ('0a9o7jd6ddf1sx1fjlsgkohnjt32mmt600000000000000000000000000000341');
INSERT INTO metadata ( description, created_by, owner, oid, create_date, seq, type, remove, site_master, locked_by, entity_domain, last_updated_by, last_update_date, key_name) VALUES ('2b6izpjfn0w5rxe2sd62agmyo1scs21cNM200904120000000000000000000030', '0000000000000000000000000000001000000000000000000000000000000003', '0000000000000000000000000000001000000000000000000000000000000003', '0a9o7jd6ddf1sx1fjlsgkohnjt32mmt600000000000000000000000000000341', '2014-02-10 12:13:54', 4210, 'com.runwaysdk.system.metadata.MdAttributeDateTime', 0, 'www.runwaysdk.com', NULL, NULL, '0000000000000000000000000000001000000000000000000000000000000003', '2014-02-10 12:13:54', 'com.runwaysdk.system.scheduler.AbstractJob.createDate');
ALTER TABLE abstract_job ADD COLUMN create_date  timestamp;
INSERT INTO class_attribute_concrete ( oid, parent_id, child_id) VALUES ('z50gt8ujl59skc7rbymwgv62t9cw8mzx00000000000000000000000000000073', '0fnj9qgoapxjygna1zbnrdk7vm5ciijy00000000000000000000000000000001', '0a9o7jd6ddf1sx1fjlsgkohnjt32mmt600000000000000000000000000000341');
INSERT INTO class_attribute ( oid, parent_id, child_id) VALUES ('z50gt8ujl59skc7rbymwgv62t9cw8mzx00000000000000000000000000000073', '0fnj9qgoapxjygna1zbnrdk7vm5ciijy00000000000000000000000000000001', '0a9o7jd6ddf1sx1fjlsgkohnjt32mmt600000000000000000000000000000341');
INSERT INTO metadata_relationship ( entity_domain, site_master, last_updated_by, oid, owner, locked_by, create_date, type, created_by, seq, key_name, last_update_date, parent_id, child_id) VALUES (NULL, 'www.runwaysdk.com', '0000000000000000000000000000001000000000000000000000000000000003', 'z50gt8ujl59skc7rbymwgv62t9cw8mzx00000000000000000000000000000073', '0000000000000000000000000000001000000000000000000000000000000003', NULL, '2014-02-10 12:13:54', 'com.runwaysdk.system.metadata.ClassAttributeConcrete', '0000000000000000000000000000001000000000000000000000000000000003', 4211, 'com.runwaysdk.system.scheduler.AbstractJob.createDate', '2014-02-10 12:13:54', '0fnj9qgoapxjygna1zbnrdk7vm5ciijy00000000000000000000000000000001', '0a9o7jd6ddf1sx1fjlsgkohnjt32mmt600000000000000000000000000000341');
 INSERT INTO visibilitymodifier (set_id, item_id)  VALUES  ('2giot1up2wvzarj6bdsfa13akkaz49wk', '20071109NM000000000000000000000520071109NM0000000000000000000001');
INSERT INTO metadata_display_label ( default_locale, oid, site_master, key_name) VALUES ('Owner', '8rrhs2guok4g7lhbh9274wohteuf8iqoNM200904120000000000000000000030', 'www.runwaysdk.com', '8rrhs2guok4g7lhbh9274wohteuf8iqoNM200904120000000000000000000030');
 INSERT INTO visibilitymodifier (set_id, item_id)  VALUES  ('x9l08nz9r5p8r4ioz3auof2x6vte4qfe', '20071109NM000000000000000000000520071109NM0000000000000000000001');
 INSERT INTO md_attribute_indicies (set_id, item_id)  VALUES  ('000iis00dlnringk1b5vabsajn6rl9f4', '0000000000000000000000000000040000000000000000000000000000000403');
INSERT INTO metadata_display_label ( default_locale, oid, site_master, key_name) VALUES ('A reference to the user who own this object', '1wwb6znll6hgdbysvko6ietpf29fb5isNM200904120000000000000000000030', 'www.runwaysdk.com', '1wwb6znll6hgdbysvko6ietpf29fb5isNM200904120000000000000000000030');
INSERT INTO md_attribute_reference ( default_value, md_business, oid) VALUES (NULL, '0000000000000000000000000000051600000000000000000000000000000001', '932tehfp7lak98pwtzlaut4ormt5fftn00000000000000000000000000000186');
INSERT INTO md_attribute_ref ( oid) VALUES ('932tehfp7lak98pwtzlaut4ormt5fftn00000000000000000000000000000186');
INSERT INTO md_attribute_concrete ( column_name, defining_md_class, setter_visibility, setter_visibility_c, immutable, index_name, generate_accessor, system, required, display_label, getter_visibility, getter_visibility_c, index_type, index_type_c, attribute_name, oid) VALUES ('owner', '0fnj9qgoapxjygna1zbnrdk7vm5ciijy00000000000000000000000000000001', '2giot1up2wvzarj6bdsfa13akkaz49wk', '20071109NM000000000000000000000520071109NM0000000000000000000001', 0, 'ani99mi8xdeef34mvxqoqlotl1pmrv', 1, 0, 1, '8rrhs2guok4g7lhbh9274wohteuf8iqoNM200904120000000000000000000030', 'x9l08nz9r5p8r4ioz3auof2x6vte4qfe', '20071109NM000000000000000000000520071109NM0000000000000000000001', '000iis00dlnringk1b5vabsajn6rl9f4', '0000000000000000000000000000040000000000000000000000000000000403', 'owner', '932tehfp7lak98pwtzlaut4ormt5fftn00000000000000000000000000000186');
INSERT INTO md_attribute ( oid) VALUES ('932tehfp7lak98pwtzlaut4ormt5fftn00000000000000000000000000000186');
INSERT INTO metadata ( description, created_by, owner, oid, create_date, seq, type, remove, site_master, locked_by, entity_domain, last_updated_by, last_update_date, key_name) VALUES ('1wwb6znll6hgdbysvko6ietpf29fb5isNM200904120000000000000000000030', '0000000000000000000000000000001000000000000000000000000000000003', '0000000000000000000000000000001000000000000000000000000000000003', '932tehfp7lak98pwtzlaut4ormt5fftn00000000000000000000000000000186', '2014-02-10 12:13:54', 4212, 'com.runwaysdk.system.metadata.MdAttributeReference', 0, 'www.runwaysdk.com', NULL, NULL, '0000000000000000000000000000001000000000000000000000000000000003', '2014-02-10 12:13:54', 'com.runwaysdk.system.scheduler.AbstractJob.owner');
ALTER TABLE abstract_job ADD COLUMN owner  char(64);
INSERT INTO class_attribute_concrete ( oid, parent_id, child_id) VALUES ('xw4cb78yng0u7voda4zhjvjq7081z9dr00000000000000000000000000000073', '0fnj9qgoapxjygna1zbnrdk7vm5ciijy00000000000000000000000000000001', '932tehfp7lak98pwtzlaut4ormt5fftn00000000000000000000000000000186');
INSERT INTO class_attribute ( oid, parent_id, child_id) VALUES ('xw4cb78yng0u7voda4zhjvjq7081z9dr00000000000000000000000000000073', '0fnj9qgoapxjygna1zbnrdk7vm5ciijy00000000000000000000000000000001', '932tehfp7lak98pwtzlaut4ormt5fftn00000000000000000000000000000186');
INSERT INTO metadata_relationship ( entity_domain, site_master, last_updated_by, oid, owner, locked_by, create_date, type, created_by, seq, key_name, last_update_date, parent_id, child_id) VALUES (NULL, 'www.runwaysdk.com', '0000000000000000000000000000001000000000000000000000000000000003', 'xw4cb78yng0u7voda4zhjvjq7081z9dr00000000000000000000000000000073', '0000000000000000000000000000001000000000000000000000000000000003', NULL, '2014-02-10 12:13:54', 'com.runwaysdk.system.metadata.ClassAttributeConcrete', '0000000000000000000000000000001000000000000000000000000000000003', 4213, 'com.runwaysdk.system.scheduler.AbstractJob.owner', '2014-02-10 12:13:54', '0fnj9qgoapxjygna1zbnrdk7vm5ciijy00000000000000000000000000000001', '932tehfp7lak98pwtzlaut4ormt5fftn00000000000000000000000000000186');
 INSERT INTO visibilitymodifier (set_id, item_id)  VALUES  ('6z6an9lr8ad1177t05mcd0262g7zhqjs', '20071109NM000000000000000000000520071109NM0000000000000000000001');
INSERT INTO metadata_display_label ( default_locale, oid, site_master, key_name) VALUES ('Type', '7akzni9bbmvf85xs1pf6myp2lnrorzc5NM200904120000000000000000000030', 'www.runwaysdk.com', '7akzni9bbmvf85xs1pf6myp2lnrorzc5NM200904120000000000000000000030');
 INSERT INTO visibilitymodifier (set_id, item_id)  VALUES  ('z3fkagkwbp98ugaxbsjmldh0m1g72ok7', '20071109NM000000000000000000000520071109NM0000000000000000000001');
 INSERT INTO md_attribute_indicies (set_id, item_id)  VALUES  ('6yzfkru1lf1in1yx2buiiqnit0r54usw', '0000000000000000000000000000040100000000000000000000000000000403');
INSERT INTO metadata_display_label ( default_locale, oid, site_master, key_name) VALUES ('Fully qualified type of this object', 'qnkl7vj4c1vtztnzd0gqavira037qpwhNM200904120000000000000000000030', 'www.runwaysdk.com', 'qnkl7vj4c1vtztnzd0gqavira037qpwhNM200904120000000000000000000030');
INSERT INTO md_attribute_character ( default_value, database_size, oid) VALUES (NULL, 255, '2eezcevqb4tlqinyu3dgpsvcn45bf9i800000000000000000000000000000138');
INSERT INTO md_attribute_char ( oid) VALUES ('2eezcevqb4tlqinyu3dgpsvcn45bf9i800000000000000000000000000000138');
INSERT INTO md_attribute_primitive ( oid) VALUES ('2eezcevqb4tlqinyu3dgpsvcn45bf9i800000000000000000000000000000138');
INSERT INTO md_attribute_concrete ( column_name, defining_md_class, setter_visibility, setter_visibility_c, immutable, index_name, generate_accessor, system, required, display_label, getter_visibility, getter_visibility_c, index_type, index_type_c, attribute_name, oid) VALUES ('type', '0fnj9qgoapxjygna1zbnrdk7vm5ciijy00000000000000000000000000000001', '6z6an9lr8ad1177t05mcd0262g7zhqjs', '20071109NM000000000000000000000520071109NM0000000000000000000001', 1, 'alek8gfbkjj6ja002em7qeugp3mp38', 1, 1, 1, '7akzni9bbmvf85xs1pf6myp2lnrorzc5NM200904120000000000000000000030', 'z3fkagkwbp98ugaxbsjmldh0m1g72ok7', '20071109NM000000000000000000000520071109NM0000000000000000000001', '6yzfkru1lf1in1yx2buiiqnit0r54usw', '0000000000000000000000000000040100000000000000000000000000000403', 'type', '2eezcevqb4tlqinyu3dgpsvcn45bf9i800000000000000000000000000000138');
INSERT INTO md_attribute ( oid) VALUES ('2eezcevqb4tlqinyu3dgpsvcn45bf9i800000000000000000000000000000138');
INSERT INTO metadata ( description, created_by, owner, oid, create_date, seq, type, remove, site_master, locked_by, entity_domain, last_updated_by, last_update_date, key_name) VALUES ('qnkl7vj4c1vtztnzd0gqavira037qpwhNM200904120000000000000000000030', '0000000000000000000000000000001000000000000000000000000000000003', '0000000000000000000000000000001000000000000000000000000000000003', '2eezcevqb4tlqinyu3dgpsvcn45bf9i800000000000000000000000000000138', '2014-02-10 12:13:54', 4214, 'com.runwaysdk.system.metadata.MdAttributeCharacter', 0, 'www.runwaysdk.com', NULL, NULL, '0000000000000000000000000000001000000000000000000000000000000003', '2014-02-10 12:13:54', 'com.runwaysdk.system.scheduler.AbstractJob.type');
ALTER TABLE abstract_job ADD COLUMN type  varchar(255);
INSERT INTO class_attribute_concrete ( oid, parent_id, child_id) VALUES ('1s9db0eixl3cmwehuxmcp03rnnr0hq1200000000000000000000000000000073', '0fnj9qgoapxjygna1zbnrdk7vm5ciijy00000000000000000000000000000001', '2eezcevqb4tlqinyu3dgpsvcn45bf9i800000000000000000000000000000138');
INSERT INTO class_attribute ( oid, parent_id, child_id) VALUES ('1s9db0eixl3cmwehuxmcp03rnnr0hq1200000000000000000000000000000073', '0fnj9qgoapxjygna1zbnrdk7vm5ciijy00000000000000000000000000000001', '2eezcevqb4tlqinyu3dgpsvcn45bf9i800000000000000000000000000000138');
INSERT INTO metadata_relationship ( entity_domain, site_master, last_updated_by, oid, owner, locked_by, create_date, type, created_by, seq, key_name, last_update_date, parent_id, child_id) VALUES (NULL, 'www.runwaysdk.com', '0000000000000000000000000000001000000000000000000000000000000003', '1s9db0eixl3cmwehuxmcp03rnnr0hq1200000000000000000000000000000073', '0000000000000000000000000000001000000000000000000000000000000003', NULL, '2014-02-10 12:13:54', 'com.runwaysdk.system.metadata.ClassAttributeConcrete', '0000000000000000000000000000001000000000000000000000000000000003', 4215, 'com.runwaysdk.system.scheduler.AbstractJob.type', '2014-02-10 12:13:54', '0fnj9qgoapxjygna1zbnrdk7vm5ciijy00000000000000000000000000000001', '2eezcevqb4tlqinyu3dgpsvcn45bf9i800000000000000000000000000000138');
 INSERT INTO visibilitymodifier (set_id, item_id)  VALUES  ('1zr41326217bo3os27lwug5fj6wni7cs', '20071109NM000000000000000000000520071109NM0000000000000000000001');
INSERT INTO metadata_display_label ( default_locale, oid, site_master, key_name) VALUES ('Entity Domain', 'sexfcuv5j53yoog85b43zcy6udqnml3zNM200904120000000000000000000030', 'www.runwaysdk.com', 'sexfcuv5j53yoog85b43zcy6udqnml3zNM200904120000000000000000000030');
 INSERT INTO visibilitymodifier (set_id, item_id)  VALUES  ('z3ur1a2nkiq56edxr0ox9dag16y1e84h', '20071109NM000000000000000000000520071109NM0000000000000000000001');
 INSERT INTO md_attribute_indicies (set_id, item_id)  VALUES  ('0r5b5pzhit770736ca0q4ac4u4exf9lo', '0000000000000000000000000000040100000000000000000000000000000403');
INSERT INTO metadata_display_label ( default_locale, oid, site_master, key_name) VALUES ('The Domain of this entity', '01fvzzau5sd4vdsmigkccevmo9q356l2NM200904120000000000000000000030', 'www.runwaysdk.com', '01fvzzau5sd4vdsmigkccevmo9q356l2NM200904120000000000000000000030');
INSERT INTO md_attribute_reference ( default_value, md_business, oid) VALUES (NULL, 'NM20081011000000000000000000011100000000000000000000000000000001', '0421p92m5c8nxj3elcpoygbra137xrrv00000000000000000000000000000186');
INSERT INTO md_attribute_ref ( oid) VALUES ('0421p92m5c8nxj3elcpoygbra137xrrv00000000000000000000000000000186');
INSERT INTO md_attribute_concrete ( column_name, defining_md_class, setter_visibility, setter_visibility_c, immutable, index_name, generate_accessor, system, required, display_label, getter_visibility, getter_visibility_c, index_type, index_type_c, attribute_name, oid) VALUES ('entity_domain', '0fnj9qgoapxjygna1zbnrdk7vm5ciijy00000000000000000000000000000001', '1zr41326217bo3os27lwug5fj6wni7cs', '20071109NM000000000000000000000520071109NM0000000000000000000001', 0, 'ad22tfkz2olwmkitqkllk0g0p5899x', 1, 0, 0, 'sexfcuv5j53yoog85b43zcy6udqnml3zNM200904120000000000000000000030', 'z3ur1a2nkiq56edxr0ox9dag16y1e84h', '20071109NM000000000000000000000520071109NM0000000000000000000001', '0r5b5pzhit770736ca0q4ac4u4exf9lo', '0000000000000000000000000000040100000000000000000000000000000403', 'entityDomain', '0421p92m5c8nxj3elcpoygbra137xrrv00000000000000000000000000000186');
INSERT INTO md_attribute ( oid) VALUES ('0421p92m5c8nxj3elcpoygbra137xrrv00000000000000000000000000000186');
INSERT INTO metadata ( description, created_by, owner, oid, create_date, seq, type, remove, site_master, locked_by, entity_domain, last_updated_by, last_update_date, key_name) VALUES ('01fvzzau5sd4vdsmigkccevmo9q356l2NM200904120000000000000000000030', '0000000000000000000000000000001000000000000000000000000000000003', '0000000000000000000000000000001000000000000000000000000000000003', '0421p92m5c8nxj3elcpoygbra137xrrv00000000000000000000000000000186', '2014-02-10 12:13:54', 4216, 'com.runwaysdk.system.metadata.MdAttributeReference', 1, 'www.runwaysdk.com', NULL, NULL, '0000000000000000000000000000001000000000000000000000000000000003', '2014-02-10 12:13:54', 'com.runwaysdk.system.scheduler.AbstractJob.entityDomain');
ALTER TABLE abstract_job ADD COLUMN entity_domain  char(64);
INSERT INTO class_attribute_concrete ( oid, parent_id, child_id) VALUES ('xl9fujj1tpptp9xtdbydnw461chb36qx00000000000000000000000000000073', '0fnj9qgoapxjygna1zbnrdk7vm5ciijy00000000000000000000000000000001', '0421p92m5c8nxj3elcpoygbra137xrrv00000000000000000000000000000186');
INSERT INTO class_attribute ( oid, parent_id, child_id) VALUES ('xl9fujj1tpptp9xtdbydnw461chb36qx00000000000000000000000000000073', '0fnj9qgoapxjygna1zbnrdk7vm5ciijy00000000000000000000000000000001', '0421p92m5c8nxj3elcpoygbra137xrrv00000000000000000000000000000186');
INSERT INTO metadata_relationship ( entity_domain, site_master, last_updated_by, oid, owner, locked_by, create_date, type, created_by, seq, key_name, last_update_date, parent_id, child_id) VALUES (NULL, 'www.runwaysdk.com', '0000000000000000000000000000001000000000000000000000000000000003', 'xl9fujj1tpptp9xtdbydnw461chb36qx00000000000000000000000000000073', '0000000000000000000000000000001000000000000000000000000000000003', NULL, '2014-02-10 12:13:54', 'com.runwaysdk.system.metadata.ClassAttributeConcrete', '0000000000000000000000000000001000000000000000000000000000000003', 4217, 'com.runwaysdk.system.scheduler.AbstractJob.entityDomain', '2014-02-10 12:13:54', '0fnj9qgoapxjygna1zbnrdk7vm5ciijy00000000000000000000000000000001', '0421p92m5c8nxj3elcpoygbra137xrrv00000000000000000000000000000186');
 INSERT INTO visibilitymodifier (set_id, item_id)  VALUES  ('r0gq7zwrxcgal82t15ftime0ggzyu34j', '20071109NM000000000000000000000520071109NM0000000000000000000001');
INSERT INTO metadata_display_label ( default_locale, oid, site_master, key_name) VALUES ('Sequence', 'qxx861kkjymg3pb9v0yjfv006s7vpyyxNM200904120000000000000000000030', 'www.runwaysdk.com', 'qxx861kkjymg3pb9v0yjfv006s7vpyyxNM200904120000000000000000000030');
 INSERT INTO visibilitymodifier (set_id, item_id)  VALUES  ('0duu4oylydk9qcl28hdsxuawrrzf88gy', '20071109NM000000000000000000000520071109NM0000000000000000000001');
 INSERT INTO md_attribute_indicies (set_id, item_id)  VALUES  ('spci9m54im1dhu777e8a3l9ytd7sngcl', '0000000000000000000000000000040100000000000000000000000000000403');
INSERT INTO metadata_display_label ( default_locale, oid, site_master, key_name) VALUES ('Sequence number is incremented every time this object is updated', 'xc5ddqh5imsadkvzk34r4776d2vwvg3gNM200904120000000000000000000030', 'www.runwaysdk.com', 'xc5ddqh5imsadkvzk34r4776d2vwvg3gNM200904120000000000000000000030');
INSERT INTO md_attribute_long ( end_range, default_value, start_range, oid) VALUES (NULL, NULL, NULL, 'xzvi05ab43b3e8mpfr8lfpracj0iuf2z00000000000000000000000000000338');
INSERT INTO md_attribute_int ( oid) VALUES ('xzvi05ab43b3e8mpfr8lfpracj0iuf2z00000000000000000000000000000338');
INSERT INTO md_attribute_number ( reject_negative, reject_zero, reject_positive, oid) VALUES (1, 0, 0, 'xzvi05ab43b3e8mpfr8lfpracj0iuf2z00000000000000000000000000000338');
INSERT INTO md_attribute_primitive ( oid) VALUES ('xzvi05ab43b3e8mpfr8lfpracj0iuf2z00000000000000000000000000000338');
INSERT INTO md_attribute_concrete ( column_name, defining_md_class, setter_visibility, setter_visibility_c, immutable, index_name, generate_accessor, system, required, display_label, getter_visibility, getter_visibility_c, index_type, index_type_c, attribute_name, oid) VALUES ('seq', '0fnj9qgoapxjygna1zbnrdk7vm5ciijy00000000000000000000000000000001', 'r0gq7zwrxcgal82t15ftime0ggzyu34j', '20071109NM000000000000000000000520071109NM0000000000000000000001', 0, 'ah5nolfycd0jduv08vexeq8s93b3ts', 1, 1, 1, 'qxx861kkjymg3pb9v0yjfv006s7vpyyxNM200904120000000000000000000030', '0duu4oylydk9qcl28hdsxuawrrzf88gy', '20071109NM000000000000000000000520071109NM0000000000000000000001', 'spci9m54im1dhu777e8a3l9ytd7sngcl', '0000000000000000000000000000040100000000000000000000000000000403', 'seq', 'xzvi05ab43b3e8mpfr8lfpracj0iuf2z00000000000000000000000000000338');
INSERT INTO md_attribute ( oid) VALUES ('xzvi05ab43b3e8mpfr8lfpracj0iuf2z00000000000000000000000000000338');
INSERT INTO metadata ( description, created_by, owner, oid, create_date, seq, type, remove, site_master, locked_by, entity_domain, last_updated_by, last_update_date, key_name) VALUES ('xc5ddqh5imsadkvzk34r4776d2vwvg3gNM200904120000000000000000000030', '0000000000000000000000000000001000000000000000000000000000000003', '0000000000000000000000000000001000000000000000000000000000000003', 'xzvi05ab43b3e8mpfr8lfpracj0iuf2z00000000000000000000000000000338', '2014-02-10 12:13:54', 4218, 'com.runwaysdk.system.metadata.MdAttributeLong', 0, 'www.runwaysdk.com', NULL, NULL, '0000000000000000000000000000001000000000000000000000000000000003', '2014-02-10 12:13:54', 'com.runwaysdk.system.scheduler.AbstractJob.seq');
ALTER TABLE abstract_job ADD COLUMN seq  bigint;
INSERT INTO class_attribute_concrete ( oid, parent_id, child_id) VALUES ('qm9xqm9m0s3yk9l7ovhk3h6xpfyz2nch00000000000000000000000000000073', '0fnj9qgoapxjygna1zbnrdk7vm5ciijy00000000000000000000000000000001', 'xzvi05ab43b3e8mpfr8lfpracj0iuf2z00000000000000000000000000000338');
INSERT INTO class_attribute ( oid, parent_id, child_id) VALUES ('qm9xqm9m0s3yk9l7ovhk3h6xpfyz2nch00000000000000000000000000000073', '0fnj9qgoapxjygna1zbnrdk7vm5ciijy00000000000000000000000000000001', 'xzvi05ab43b3e8mpfr8lfpracj0iuf2z00000000000000000000000000000338');
INSERT INTO metadata_relationship ( entity_domain, site_master, last_updated_by, oid, owner, locked_by, create_date, type, created_by, seq, key_name, last_update_date, parent_id, child_id) VALUES (NULL, 'www.runwaysdk.com', '0000000000000000000000000000001000000000000000000000000000000003', 'qm9xqm9m0s3yk9l7ovhk3h6xpfyz2nch00000000000000000000000000000073', '0000000000000000000000000000001000000000000000000000000000000003', NULL, '2014-02-10 12:13:54', 'com.runwaysdk.system.metadata.ClassAttributeConcrete', '0000000000000000000000000000001000000000000000000000000000000003', 4219, 'com.runwaysdk.system.scheduler.AbstractJob.seq', '2014-02-10 12:13:54', '0fnj9qgoapxjygna1zbnrdk7vm5ciijy00000000000000000000000000000001', 'xzvi05ab43b3e8mpfr8lfpracj0iuf2z00000000000000000000000000000338');
INSERT INTO metadata_display_label ( default_locale, oid, site_master, key_name) VALUES (NULL, '8vuo2zhequlotdzd4agtnf0z0fzqmosiNM200904120000000000000000000030', 'www.runwaysdk.com', '8vuo2zhequlotdzd4agtnf0z0fzqmosiNM200904120000000000000000000030');
INSERT INTO metadata_display_label ( default_locale, oid, site_master, key_name) VALUES (NULL, 't0x4du2nbpgv2j71ulysave9yffuqvtqNM200904120000000000000000000030', 'www.runwaysdk.com', 't0x4du2nbpgv2j71ulysave9yffuqvtqNM200904120000000000000000000030');
INSERT INTO md_controller ( stub_source, oid) VALUES (NULL, '8dyiwg55t1pa6jsy322w3ek0kl7i9jz8NM200810110000000000000000000112');
INSERT INTO md_type ( display_label, root_id, package_name, type_name, base_source, js_base, js_stub, exported, dto_source, oid) VALUES ('8vuo2zhequlotdzd4agtnf0z0fzqmosiNM200904120000000000000000000030', '8dyiwg55t1pa6jsy322w3ek0kl7i9jz8', 'com.runwaysdk.system.scheduler', 'AbstractJobController', NULL, NULL, NULL, 1, NULL, '8dyiwg55t1pa6jsy322w3ek0kl7i9jz8NM200810110000000000000000000112');
INSERT INTO metadata ( description, created_by, owner, oid, create_date, seq, type, remove, site_master, locked_by, entity_domain, last_updated_by, last_update_date, key_name) VALUES ('t0x4du2nbpgv2j71ulysave9yffuqvtqNM200904120000000000000000000030', '0000000000000000000000000000001000000000000000000000000000000003', '0000000000000000000000000000001000000000000000000000000000000003', '8dyiwg55t1pa6jsy322w3ek0kl7i9jz8NM200810110000000000000000000112', '2014-02-10 12:13:54', 4220, 'com.runwaysdk.system.metadata.MdController', 1, 'www.runwaysdk.com', NULL, NULL, '0000000000000000000000000000001000000000000000000000000000000003', '2014-02-10 12:13:54', 'com.runwaysdk.system.scheduler.AbstractJobController');
INSERT INTO metadata_display_label ( default_locale, oid, site_master, key_name) VALUES ('View Page', 'z9gqocie5v70uds8gihk4o1mk5al3niiNM200904120000000000000000000030', 'www.runwaysdk.com', 'z9gqocie5v70uds8gihk4o1mk5al3niiNM200904120000000000000000000030');
INSERT INTO metadata_display_label ( default_locale, oid, site_master, key_name) VALUES ('Loads a ViewAll query for a specific page into the request object', 'x8qd6x4g3x4nf1te4hzzq391l6gjfqv5NM200904120000000000000000000030', 'www.runwaysdk.com', 'x8qd6x4g3x4nf1te4hzzq391l6gjfqv5NM200904120000000000000000000030');
INSERT INTO md_action ( is_query, enclosing_md_controller, is_post, action_name, display_label, oid) VALUES (1, '8dyiwg55t1pa6jsy322w3ek0kl7i9jz8NM200810110000000000000000000112', 0, 'viewPage', 'z9gqocie5v70uds8gihk4o1mk5al3niiNM200904120000000000000000000030', '8k9bhgjovhc9puu2miu2e3i7eqryf1qzNM200810110000000000000000000113');
INSERT INTO metadata ( description, created_by, owner, oid, create_date, seq, type, remove, site_master, locked_by, entity_domain, last_updated_by, last_update_date, key_name) VALUES ('x8qd6x4g3x4nf1te4hzzq391l6gjfqv5NM200904120000000000000000000030', '0000000000000000000000000000001000000000000000000000000000000003', '0000000000000000000000000000001000000000000000000000000000000003', '8k9bhgjovhc9puu2miu2e3i7eqryf1qzNM200810110000000000000000000113', '2014-02-10 12:13:54', 4221, 'com.runwaysdk.system.metadata.MdAction', 1, 'www.runwaysdk.com', NULL, NULL, '0000000000000000000000000000001000000000000000000000000000000003', '2014-02-10 12:13:54', 'com.runwaysdk.system.scheduler.AbstractJobController.viewPage');
INSERT INTO controller_action ( key_name, locked_by, oid, owner, entity_domain, created_by, type, last_update_date, create_date, seq, last_updated_by, site_master, parent_id, child_id) VALUES ('com.runwaysdk.system.scheduler.AbstractJobController.viewPage', NULL, '0cocz48u08kbxy2to3ql35ffb93coz2zJS200807230000000000000000111111', '0000000000000000000000000000001000000000000000000000000000000003', NULL, '0000000000000000000000000000001000000000000000000000000000000003', 'com.runwaysdk.system.ControllerAction', '2014-02-10 12:13:54', '2014-02-10 12:13:54', 4222, '0000000000000000000000000000001000000000000000000000000000000003', 'www.runwaysdk.com', '8dyiwg55t1pa6jsy322w3ek0kl7i9jz8NM200810110000000000000000000112', '8k9bhgjovhc9puu2miu2e3i7eqryf1qzNM200810110000000000000000000113');
INSERT INTO metadata_display_label ( default_locale, oid, site_master, key_name) VALUES ('Sort Attribute', '0r3w2puqas3nmd0pdldduhi9dvfdsn5rNM200904120000000000000000000030', 'www.runwaysdk.com', '0r3w2puqas3nmd0pdldduhi9dvfdsn5rNM200904120000000000000000000030');
INSERT INTO metadata_display_label ( default_locale, oid, site_master, key_name) VALUES (NULL, 'snxpj2bdquu0yrm66h6ye29f4b2y5e2eNM200904120000000000000000000030', 'www.runwaysdk.com', 'snxpj2bdquu0yrm66h6ye29f4b2y5e2eNM200904120000000000000000000030');
INSERT INTO md_parameter ( metadata, parameter_order, parameter_name, parameter_type, display_label, oid) VALUES ('8k9bhgjovhc9puu2miu2e3i7eqryf1qzNM200810110000000000000000000113', -4, 'sortAttribute', 'java.lang.String', '0r3w2puqas3nmd0pdldduhi9dvfdsn5rNM200904120000000000000000000030', 'qzaauaqiyw6hhwxerjw5u1i39j8c74e920070427JS0000000000000000001517');
INSERT INTO metadata ( description, created_by, owner, oid, create_date, seq, type, remove, site_master, locked_by, entity_domain, last_updated_by, last_update_date, key_name) VALUES ('snxpj2bdquu0yrm66h6ye29f4b2y5e2eNM200904120000000000000000000030', '0000000000000000000000000000001000000000000000000000000000000003', '0000000000000000000000000000001000000000000000000000000000000003', 'qzaauaqiyw6hhwxerjw5u1i39j8c74e920070427JS0000000000000000001517', '2014-02-10 12:13:54', 4223, 'com.runwaysdk.system.metadata.MdParameter', 1, 'www.runwaysdk.com', NULL, NULL, '0000000000000000000000000000001000000000000000000000000000000003', '2014-02-10 12:13:54', 'com.runwaysdk.system.scheduler.AbstractJobController.viewPage.sortAttribute');
INSERT INTO metadata_parameter ( site_master, last_updated_by, create_date, seq, locked_by, entity_domain, created_by, type, last_update_date, key_name, owner, oid, parent_id, child_id) VALUES ('www.runwaysdk.com', '0000000000000000000000000000001000000000000000000000000000000003', '2014-02-10 12:13:54', 4224, NULL, NULL, '0000000000000000000000000000001000000000000000000000000000000003', 'com.runwaysdk.system.MetadataParameter', '2014-02-10 12:13:54', 'com.runwaysdk.system.scheduler.AbstractJobController.viewPage.sortAttribute', '0000000000000000000000000000001000000000000000000000000000000003', '750ds56jbxkhnt0w4zvkv5j9mtfuutpz20070427JS0000000000000000001524', '8k9bhgjovhc9puu2miu2e3i7eqryf1qzNM200810110000000000000000000113', 'qzaauaqiyw6hhwxerjw5u1i39j8c74e920070427JS0000000000000000001517');
INSERT INTO metadata_display_label ( default_locale, oid, site_master, key_name) VALUES ('Is Ascending', 'zaw84z3nut3ul370f2x7cnvn999grpodNM200904120000000000000000000030', 'www.runwaysdk.com', 'zaw84z3nut3ul370f2x7cnvn999grpodNM200904120000000000000000000030');
INSERT INTO metadata_display_label ( default_locale, oid, site_master, key_name) VALUES (NULL, 'r91e06twj2am6nnd2fey5sqlm4x9gkxkNM200904120000000000000000000030', 'www.runwaysdk.com', 'r91e06twj2am6nnd2fey5sqlm4x9gkxkNM200904120000000000000000000030');
INSERT INTO md_parameter ( metadata, parameter_order, parameter_name, parameter_type, display_label, oid) VALUES ('8k9bhgjovhc9puu2miu2e3i7eqryf1qzNM200810110000000000000000000113', -3, 'isAscending', 'java.lang.Boolean', 'zaw84z3nut3ul370f2x7cnvn999grpodNM200904120000000000000000000030', 'zfbayiowqf1mmmsg29q6aqsik7utuqig20070427JS0000000000000000001517');
INSERT INTO metadata ( description, created_by, owner, oid, create_date, seq, type, remove, site_master, locked_by, entity_domain, last_updated_by, last_update_date, key_name) VALUES ('r91e06twj2am6nnd2fey5sqlm4x9gkxkNM200904120000000000000000000030', '0000000000000000000000000000001000000000000000000000000000000003', '0000000000000000000000000000001000000000000000000000000000000003', 'zfbayiowqf1mmmsg29q6aqsik7utuqig20070427JS0000000000000000001517', '2014-02-10 12:13:54', 4225, 'com.runwaysdk.system.metadata.MdParameter', 1, 'www.runwaysdk.com', NULL, NULL, '0000000000000000000000000000001000000000000000000000000000000003', '2014-02-10 12:13:54', 'com.runwaysdk.system.scheduler.AbstractJobController.viewPage.isAscending');
INSERT INTO metadata_parameter ( site_master, last_updated_by, create_date, seq, locked_by, entity_domain, created_by, type, last_update_date, key_name, owner, oid, parent_id, child_id) VALUES ('www.runwaysdk.com', '0000000000000000000000000000001000000000000000000000000000000003', '2014-02-10 12:13:54', 4226, NULL, NULL, '0000000000000000000000000000001000000000000000000000000000000003', 'com.runwaysdk.system.MetadataParameter', '2014-02-10 12:13:54', 'com.runwaysdk.system.scheduler.AbstractJobController.viewPage.isAscending', '0000000000000000000000000000001000000000000000000000000000000003', 'xd891e49immff8yw1s35ig3bkl1sqvl220070427JS0000000000000000001524', '8k9bhgjovhc9puu2miu2e3i7eqryf1qzNM200810110000000000000000000113', 'zfbayiowqf1mmmsg29q6aqsik7utuqig20070427JS0000000000000000001517');
INSERT INTO metadata_display_label ( default_locale, oid, site_master, key_name) VALUES ('Page Size', '8g209ijxkmq2vm299nprfcgxbhp7q2q9NM200904120000000000000000000030', 'www.runwaysdk.com', '8g209ijxkmq2vm299nprfcgxbhp7q2q9NM200904120000000000000000000030');
INSERT INTO metadata_display_label ( default_locale, oid, site_master, key_name) VALUES (NULL, '0cau3fs102btbd3zltlwovakxbdt9srdNM200904120000000000000000000030', 'www.runwaysdk.com', '0cau3fs102btbd3zltlwovakxbdt9srdNM200904120000000000000000000030');
INSERT INTO md_parameter ( metadata, parameter_order, parameter_name, parameter_type, display_label, oid) VALUES ('8k9bhgjovhc9puu2miu2e3i7eqryf1qzNM200810110000000000000000000113', -2, 'pageSize', 'java.lang.Integer', '8g209ijxkmq2vm299nprfcgxbhp7q2q9NM200904120000000000000000000030', '6pwrbupar2vqxl8v7vk8zjuogqj3so2320070427JS0000000000000000001517');
INSERT INTO metadata ( description, created_by, owner, oid, create_date, seq, type, remove, site_master, locked_by, entity_domain, last_updated_by, last_update_date, key_name) VALUES ('0cau3fs102btbd3zltlwovakxbdt9srdNM200904120000000000000000000030', '0000000000000000000000000000001000000000000000000000000000000003', '0000000000000000000000000000001000000000000000000000000000000003', '6pwrbupar2vqxl8v7vk8zjuogqj3so2320070427JS0000000000000000001517', '2014-02-10 12:13:54', 4227, 'com.runwaysdk.system.metadata.MdParameter', 1, 'www.runwaysdk.com', NULL, NULL, '0000000000000000000000000000001000000000000000000000000000000003', '2014-02-10 12:13:54', 'com.runwaysdk.system.scheduler.AbstractJobController.viewPage.pageSize');
INSERT INTO metadata_parameter ( site_master, last_updated_by, create_date, seq, locked_by, entity_domain, created_by, type, last_update_date, key_name, owner, oid, parent_id, child_id) VALUES ('www.runwaysdk.com', '0000000000000000000000000000001000000000000000000000000000000003', '2014-02-10 12:13:54', 4228, NULL, NULL, '0000000000000000000000000000001000000000000000000000000000000003', 'com.runwaysdk.system.MetadataParameter', '2014-02-10 12:13:54', 'com.runwaysdk.system.scheduler.AbstractJobController.viewPage.pageSize', '0000000000000000000000000000001000000000000000000000000000000003', 't0ybnipudhaandxtc0ofpfwvm3cyc2uj20070427JS0000000000000000001524', '8k9bhgjovhc9puu2miu2e3i7eqryf1qzNM200810110000000000000000000113', '6pwrbupar2vqxl8v7vk8zjuogqj3so2320070427JS0000000000000000001517');
INSERT INTO metadata_display_label ( default_locale, oid, site_master, key_name) VALUES ('Page Number', 'z3h1wpuozp6pvliarj7gjeu2czkhufr4NM200904120000000000000000000030', 'www.runwaysdk.com', 'z3h1wpuozp6pvliarj7gjeu2czkhufr4NM200904120000000000000000000030');
INSERT INTO metadata_display_label ( default_locale, oid, site_master, key_name) VALUES (NULL, 'xnppw4i2oq5h1n83ssmw9eyx6crfzpzfNM200904120000000000000000000030', 'www.runwaysdk.com', 'xnppw4i2oq5h1n83ssmw9eyx6crfzpzfNM200904120000000000000000000030');
INSERT INTO md_parameter ( metadata, parameter_order, parameter_name, parameter_type, display_label, oid) VALUES ('8k9bhgjovhc9puu2miu2e3i7eqryf1qzNM200810110000000000000000000113', -1, 'pageNumber', 'java.lang.Integer', 'z3h1wpuozp6pvliarj7gjeu2czkhufr4NM200904120000000000000000000030', 'qptbl8s9hrs5hf92h4lweav1nknyyscj20070427JS0000000000000000001517');
INSERT INTO metadata ( description, created_by, owner, oid, create_date, seq, type, remove, site_master, locked_by, entity_domain, last_updated_by, last_update_date, key_name) VALUES ('xnppw4i2oq5h1n83ssmw9eyx6crfzpzfNM200904120000000000000000000030', '0000000000000000000000000000001000000000000000000000000000000003', '0000000000000000000000000000001000000000000000000000000000000003', 'qptbl8s9hrs5hf92h4lweav1nknyyscj20070427JS0000000000000000001517', '2014-02-10 12:13:54', 4229, 'com.runwaysdk.system.metadata.MdParameter', 1, 'www.runwaysdk.com', NULL, NULL, '0000000000000000000000000000001000000000000000000000000000000003', '2014-02-10 12:13:54', 'com.runwaysdk.system.scheduler.AbstractJobController.viewPage.pageNumber');
INSERT INTO metadata_parameter ( site_master, last_updated_by, create_date, seq, locked_by, entity_domain, created_by, type, last_update_date, key_name, owner, oid, parent_id, child_id) VALUES ('www.runwaysdk.com', '0000000000000000000000000000001000000000000000000000000000000003', '2014-02-10 12:13:54', 4230, NULL, NULL, '0000000000000000000000000000001000000000000000000000000000000003', 'com.runwaysdk.system.MetadataParameter', '2014-02-10 12:13:54', 'com.runwaysdk.system.scheduler.AbstractJobController.viewPage.pageNumber', '0000000000000000000000000000001000000000000000000000000000000003', 's9gesp4ckqh4ne9w769p3dbox1p0fyfb20070427JS0000000000000000001524', '8k9bhgjovhc9puu2miu2e3i7eqryf1qzNM200810110000000000000000000113', 'qptbl8s9hrs5hf92h4lweav1nknyyscj20070427JS0000000000000000001517');
INSERT INTO metadata_display_label ( default_locale, oid, site_master, key_name) VALUES ('View All', '8pjw59o1fy5l9tg4ft5j2nuzdduz37x2NM200904120000000000000000000030', 'www.runwaysdk.com', '8pjw59o1fy5l9tg4ft5j2nuzdduz37x2NM200904120000000000000000000030');
INSERT INTO metadata_display_label ( default_locale, oid, site_master, key_name) VALUES ('Loads a ViewAll query with the default settings', 'sb1ds49weep09uyc6nzjaeuo7i6d3oqaNM200904120000000000000000000030', 'www.runwaysdk.com', 'sb1ds49weep09uyc6nzjaeuo7i6d3oqaNM200904120000000000000000000030');
INSERT INTO md_action ( is_query, enclosing_md_controller, is_post, action_name, display_label, oid) VALUES (0, '8dyiwg55t1pa6jsy322w3ek0kl7i9jz8NM200810110000000000000000000112', 0, 'viewAll', '8pjw59o1fy5l9tg4ft5j2nuzdduz37x2NM200904120000000000000000000030', '92517jkcb4paf6efc8uqlnlc20opa17bNM200810110000000000000000000113');
INSERT INTO metadata ( description, created_by, owner, oid, create_date, seq, type, remove, site_master, locked_by, entity_domain, last_updated_by, last_update_date, key_name) VALUES ('sb1ds49weep09uyc6nzjaeuo7i6d3oqaNM200904120000000000000000000030', '0000000000000000000000000000001000000000000000000000000000000003', '0000000000000000000000000000001000000000000000000000000000000003', '92517jkcb4paf6efc8uqlnlc20opa17bNM200810110000000000000000000113', '2014-02-10 12:13:54', 4231, 'com.runwaysdk.system.metadata.MdAction', 1, 'www.runwaysdk.com', NULL, NULL, '0000000000000000000000000000001000000000000000000000000000000003', '2014-02-10 12:13:54', 'com.runwaysdk.system.scheduler.AbstractJobController.viewAll');
INSERT INTO controller_action ( key_name, locked_by, oid, owner, entity_domain, created_by, type, last_update_date, create_date, seq, last_updated_by, site_master, parent_id, child_id) VALUES ('com.runwaysdk.system.scheduler.AbstractJobController.viewAll', NULL, '03yiip4msubemch1ydnbft2vg6cjwmg3JS200807230000000000000000111111', '0000000000000000000000000000001000000000000000000000000000000003', NULL, '0000000000000000000000000000001000000000000000000000000000000003', 'com.runwaysdk.system.ControllerAction', '2014-02-10 12:13:54', '2014-02-10 12:13:54', 4232, '0000000000000000000000000000001000000000000000000000000000000003', 'www.runwaysdk.com', '8dyiwg55t1pa6jsy322w3ek0kl7i9jz8NM200810110000000000000000000112', '92517jkcb4paf6efc8uqlnlc20opa17bNM200810110000000000000000000113');
INSERT INTO metadata_display_label ( default_locale, oid, site_master, key_name) VALUES ('View', 'zkin1h0xrkbgkhh9b00pt5hd1f7goynlNM200904120000000000000000000030', 'www.runwaysdk.com', 'zkin1h0xrkbgkhh9b00pt5hd1f7goynlNM200904120000000000000000000030');
INSERT INTO metadata_display_label ( default_locale, oid, site_master, key_name) VALUES ('View an existing instance of com.runwaysdk.system.scheduler.AbstractJob', '6swm05n5fnmowmlb14tswutw5sc4sjdoNM200904120000000000000000000030', 'www.runwaysdk.com', '6swm05n5fnmowmlb14tswutw5sc4sjdoNM200904120000000000000000000030');
INSERT INTO md_action ( is_query, enclosing_md_controller, is_post, action_name, display_label, oid) VALUES (0, '8dyiwg55t1pa6jsy322w3ek0kl7i9jz8NM200810110000000000000000000112', 0, 'view', 'zkin1h0xrkbgkhh9b00pt5hd1f7goynlNM200904120000000000000000000030', '06p3u1hnm98evtspdts0wi0a812d04uqNM200810110000000000000000000113');
INSERT INTO metadata ( description, created_by, owner, oid, create_date, seq, type, remove, site_master, locked_by, entity_domain, last_updated_by, last_update_date, key_name) VALUES ('6swm05n5fnmowmlb14tswutw5sc4sjdoNM200904120000000000000000000030', '0000000000000000000000000000001000000000000000000000000000000003', '0000000000000000000000000000001000000000000000000000000000000003', '06p3u1hnm98evtspdts0wi0a812d04uqNM200810110000000000000000000113', '2014-02-10 12:13:54', 4233, 'com.runwaysdk.system.metadata.MdAction', 1, 'www.runwaysdk.com', NULL, NULL, '0000000000000000000000000000001000000000000000000000000000000003', '2014-02-10 12:13:54', 'com.runwaysdk.system.scheduler.AbstractJobController.view');
INSERT INTO controller_action ( key_name, locked_by, oid, owner, entity_domain, created_by, type, last_update_date, create_date, seq, last_updated_by, site_master, parent_id, child_id) VALUES ('com.runwaysdk.system.scheduler.AbstractJobController.view', NULL, '20nr0tg4t5vazdsqkjnkwavktcgqe32bJS200807230000000000000000111111', '0000000000000000000000000000001000000000000000000000000000000003', NULL, '0000000000000000000000000000001000000000000000000000000000000003', 'com.runwaysdk.system.ControllerAction', '2014-02-10 12:13:54', '2014-02-10 12:13:54', 4234, '0000000000000000000000000000001000000000000000000000000000000003', 'www.runwaysdk.com', '8dyiwg55t1pa6jsy322w3ek0kl7i9jz8NM200810110000000000000000000112', '06p3u1hnm98evtspdts0wi0a812d04uqNM200810110000000000000000000113');
INSERT INTO metadata_display_label ( default_locale, oid, site_master, key_name) VALUES ('Parameter: com.runwaysdk.system.scheduler.AbstractJob - oid', 'sa1lziwkr89aa43sqjytlqhqvh3rovhxNM200904120000000000000000000030', 'www.runwaysdk.com', 'sa1lziwkr89aa43sqjytlqhqvh3rovhxNM200904120000000000000000000030');
INSERT INTO metadata_display_label ( default_locale, oid, site_master, key_name) VALUES ('Id of com.runwaysdk.system.scheduler.AbstractJob to view.', '2eua7l0s9yv7pppr17w9rb5lnwaawe2fNM200904120000000000000000000030', 'www.runwaysdk.com', '2eua7l0s9yv7pppr17w9rb5lnwaawe2fNM200904120000000000000000000030');
INSERT INTO md_parameter ( metadata, parameter_order, parameter_name, parameter_type, display_label, oid) VALUES ('06p3u1hnm98evtspdts0wi0a812d04uqNM200810110000000000000000000113', 0, 'oid', 'java.lang.String', 'sa1lziwkr89aa43sqjytlqhqvh3rovhxNM200904120000000000000000000030', '8k1tdmdiy8blv4nmjjn6c0q50hehof4j20070427JS0000000000000000001517');
INSERT INTO metadata ( description, created_by, owner, oid, create_date, seq, type, remove, site_master, locked_by, entity_domain, last_updated_by, last_update_date, key_name) VALUES ('2eua7l0s9yv7pppr17w9rb5lnwaawe2fNM200904120000000000000000000030', '0000000000000000000000000000001000000000000000000000000000000003', '0000000000000000000000000000001000000000000000000000000000000003', '8k1tdmdiy8blv4nmjjn6c0q50hehof4j20070427JS0000000000000000001517', '2014-02-10 12:13:54', 4235, 'com.runwaysdk.system.metadata.MdParameter', 1, 'www.runwaysdk.com', NULL, NULL, '0000000000000000000000000000001000000000000000000000000000000003', '2014-02-10 12:13:54', 'com.runwaysdk.system.scheduler.AbstractJobController.view.oid');
INSERT INTO metadata_parameter ( site_master, last_updated_by, create_date, seq, locked_by, entity_domain, created_by, type, last_update_date, key_name, owner, oid, parent_id, child_id) VALUES ('www.runwaysdk.com', '0000000000000000000000000000001000000000000000000000000000000003', '2014-02-10 12:13:54', 4236, NULL, NULL, '0000000000000000000000000000001000000000000000000000000000000003', 'com.runwaysdk.system.MetadataParameter', '2014-02-10 12:13:54', 'com.runwaysdk.system.scheduler.AbstractJobController.view.oid', '0000000000000000000000000000001000000000000000000000000000000003', 'zo7xcxncduysy7psqm1c5q5jp5usg6zu20070427JS0000000000000000001524', '06p3u1hnm98evtspdts0wi0a812d04uqNM200810110000000000000000000113', '8k1tdmdiy8blv4nmjjn6c0q50hehof4j20070427JS0000000000000000001517');
INSERT INTO metadata_display_label ( default_locale, oid, site_master, key_name) VALUES ('Create', 'xe7ikfbte9rcgc7q8y1quqzgnw4hzrlpNM200904120000000000000000000030', 'www.runwaysdk.com', 'xe7ikfbte9rcgc7q8y1quqzgnw4hzrlpNM200904120000000000000000000030');
INSERT INTO metadata_display_label ( default_locale, oid, site_master, key_name) VALUES ('Applys a new instance of com.runwaysdk.system.scheduler.AbstractJob', 'xwz4c5t912lg1v3ugo5l41s5ruhyocjsNM200904120000000000000000000030', 'www.runwaysdk.com', 'xwz4c5t912lg1v3ugo5l41s5ruhyocjsNM200904120000000000000000000030');
INSERT INTO md_action ( is_query, enclosing_md_controller, is_post, action_name, display_label, oid) VALUES (0, '8dyiwg55t1pa6jsy322w3ek0kl7i9jz8NM200810110000000000000000000112', 1, 'create', 'xe7ikfbte9rcgc7q8y1quqzgnw4hzrlpNM200904120000000000000000000030', 'y1yiom64liqr8z629jgabrntnio2bnckNM200810110000000000000000000113');
INSERT INTO metadata ( description, created_by, owner, oid, create_date, seq, type, remove, site_master, locked_by, entity_domain, last_updated_by, last_update_date, key_name) VALUES ('xwz4c5t912lg1v3ugo5l41s5ruhyocjsNM200904120000000000000000000030', '0000000000000000000000000000001000000000000000000000000000000003', '0000000000000000000000000000001000000000000000000000000000000003', 'y1yiom64liqr8z629jgabrntnio2bnckNM200810110000000000000000000113', '2014-02-10 12:13:54', 4237, 'com.runwaysdk.system.metadata.MdAction', 1, 'www.runwaysdk.com', NULL, NULL, '0000000000000000000000000000001000000000000000000000000000000003', '2014-02-10 12:13:54', 'com.runwaysdk.system.scheduler.AbstractJobController.create');
INSERT INTO controller_action ( key_name, locked_by, oid, owner, entity_domain, created_by, type, last_update_date, create_date, seq, last_updated_by, site_master, parent_id, child_id) VALUES ('com.runwaysdk.system.scheduler.AbstractJobController.create', NULL, '1pyf92k5fh10wn29hd6hb9secaxh6pd1JS200807230000000000000000111111', '0000000000000000000000000000001000000000000000000000000000000003', NULL, '0000000000000000000000000000001000000000000000000000000000000003', 'com.runwaysdk.system.ControllerAction', '2014-02-10 12:13:54', '2014-02-10 12:13:54', 4238, '0000000000000000000000000000001000000000000000000000000000000003', 'www.runwaysdk.com', '8dyiwg55t1pa6jsy322w3ek0kl7i9jz8NM200810110000000000000000000112', 'y1yiom64liqr8z629jgabrntnio2bnckNM200810110000000000000000000113');
INSERT INTO metadata_display_label ( default_locale, oid, site_master, key_name) VALUES ('Parameter: com.runwaysdk.system.scheduler.AbstractJob', '29bcodiaon6qoeayz5xsp0a6oyiex47tNM200904120000000000000000000030', 'www.runwaysdk.com', '29bcodiaon6qoeayz5xsp0a6oyiex47tNM200904120000000000000000000030');
INSERT INTO metadata_display_label ( default_locale, oid, site_master, key_name) VALUES ('com.runwaysdk.system.scheduler.AbstractJob to apply to the database', '92ipmm8fi00829wr0muc7qfxv4a20v6pNM200904120000000000000000000030', 'www.runwaysdk.com', '92ipmm8fi00829wr0muc7qfxv4a20v6pNM200904120000000000000000000030');
INSERT INTO md_parameter ( metadata, parameter_order, parameter_name, parameter_type, display_label, oid) VALUES ('y1yiom64liqr8z629jgabrntnio2bnckNM200810110000000000000000000113', 0, 'dto', 'com.runwaysdk.system.scheduler.AbstractJob', '29bcodiaon6qoeayz5xsp0a6oyiex47tNM200904120000000000000000000030', '92x0xwdfizfanq98puryiq8km0z86coy20070427JS0000000000000000001517');
INSERT INTO metadata ( description, created_by, owner, oid, create_date, seq, type, remove, site_master, locked_by, entity_domain, last_updated_by, last_update_date, key_name) VALUES ('92ipmm8fi00829wr0muc7qfxv4a20v6pNM200904120000000000000000000030', '0000000000000000000000000000001000000000000000000000000000000003', '0000000000000000000000000000001000000000000000000000000000000003', '92x0xwdfizfanq98puryiq8km0z86coy20070427JS0000000000000000001517', '2014-02-10 12:13:54', 4239, 'com.runwaysdk.system.metadata.MdParameter', 1, 'www.runwaysdk.com', NULL, NULL, '0000000000000000000000000000001000000000000000000000000000000003', '2014-02-10 12:13:54', 'com.runwaysdk.system.scheduler.AbstractJobController.create.dto');
INSERT INTO metadata_parameter ( site_master, last_updated_by, create_date, seq, locked_by, entity_domain, created_by, type, last_update_date, key_name, owner, oid, parent_id, child_id) VALUES ('www.runwaysdk.com', '0000000000000000000000000000001000000000000000000000000000000003', '2014-02-10 12:13:54', 4240, NULL, NULL, '0000000000000000000000000000001000000000000000000000000000000003', 'com.runwaysdk.system.MetadataParameter', '2014-02-10 12:13:54', 'com.runwaysdk.system.scheduler.AbstractJobController.create.dto', '0000000000000000000000000000001000000000000000000000000000000003', 'qvsx3prr2cx171tta63ht2t5hhcwokee20070427JS0000000000000000001524', 'y1yiom64liqr8z629jgabrntnio2bnckNM200810110000000000000000000113', '92x0xwdfizfanq98puryiq8km0z86coy20070427JS0000000000000000001517');
INSERT INTO metadata_display_label ( default_locale, oid, site_master, key_name) VALUES ('edit', '1zbtp3v6if0d5o1fwj76zh7cdytbfnpgNM200904120000000000000000000030', 'www.runwaysdk.com', '1zbtp3v6if0d5o1fwj76zh7cdytbfnpgNM200904120000000000000000000030');
INSERT INTO metadata_display_label ( default_locale, oid, site_master, key_name) VALUES ('Applys an existing instance of com.runwaysdk.system.scheduler.AbstractJob', 't2ma8jodrxel5mafng9xzcny2oe2kj31NM200904120000000000000000000030', 'www.runwaysdk.com', 't2ma8jodrxel5mafng9xzcny2oe2kj31NM200904120000000000000000000030');
INSERT INTO md_action ( is_query, enclosing_md_controller, is_post, action_name, display_label, oid) VALUES (0, '8dyiwg55t1pa6jsy322w3ek0kl7i9jz8NM200810110000000000000000000112', 0, 'edit', '1zbtp3v6if0d5o1fwj76zh7cdytbfnpgNM200904120000000000000000000030', '0m2cjght90doe1t2mharqdl9bfdncp84NM200810110000000000000000000113');
INSERT INTO metadata ( description, created_by, owner, oid, create_date, seq, type, remove, site_master, locked_by, entity_domain, last_updated_by, last_update_date, key_name) VALUES ('t2ma8jodrxel5mafng9xzcny2oe2kj31NM200904120000000000000000000030', '0000000000000000000000000000001000000000000000000000000000000003', '0000000000000000000000000000001000000000000000000000000000000003', '0m2cjght90doe1t2mharqdl9bfdncp84NM200810110000000000000000000113', '2014-02-10 12:13:54', 4241, 'com.runwaysdk.system.metadata.MdAction', 1, 'www.runwaysdk.com', NULL, NULL, '0000000000000000000000000000001000000000000000000000000000000003', '2014-02-10 12:13:54', 'com.runwaysdk.system.scheduler.AbstractJobController.edit');
INSERT INTO controller_action ( key_name, locked_by, oid, owner, entity_domain, created_by, type, last_update_date, create_date, seq, last_updated_by, site_master, parent_id, child_id) VALUES ('com.runwaysdk.system.scheduler.AbstractJobController.edit', NULL, 'xlk33o7qo0b9idbnplty71tdod4sub3jJS200807230000000000000000111111', '0000000000000000000000000000001000000000000000000000000000000003', NULL, '0000000000000000000000000000001000000000000000000000000000000003', 'com.runwaysdk.system.ControllerAction', '2014-02-10 12:13:54', '2014-02-10 12:13:54', 4242, '0000000000000000000000000000001000000000000000000000000000000003', 'www.runwaysdk.com', '8dyiwg55t1pa6jsy322w3ek0kl7i9jz8NM200810110000000000000000000112', '0m2cjght90doe1t2mharqdl9bfdncp84NM200810110000000000000000000113');
INSERT INTO metadata_display_label ( default_locale, oid, site_master, key_name) VALUES ('Parameter: com.runwaysdk.system.scheduler.AbstractJob', 'qvoeizdyrtuvzadg6zbc2rx0grlyprz1NM200904120000000000000000000030', 'www.runwaysdk.com', 'qvoeizdyrtuvzadg6zbc2rx0grlyprz1NM200904120000000000000000000030');
INSERT INTO metadata_display_label ( default_locale, oid, site_master, key_name) VALUES ('com.runwaysdk.system.scheduler.AbstractJob to apply to the database', '21eykrquukyhdy6l29a7df509poikzyqNM200904120000000000000000000030', 'www.runwaysdk.com', '21eykrquukyhdy6l29a7df509poikzyqNM200904120000000000000000000030');
INSERT INTO md_parameter ( metadata, parameter_order, parameter_name, parameter_type, display_label, oid) VALUES ('0m2cjght90doe1t2mharqdl9bfdncp84NM200810110000000000000000000113', 0, 'oid', 'java.lang.String', 'qvoeizdyrtuvzadg6zbc2rx0grlyprz1NM200904120000000000000000000030', '7fqfk4e0mxv2z5u4ph75cbu2r5mb8bqm20070427JS0000000000000000001517');
INSERT INTO metadata ( description, created_by, owner, oid, create_date, seq, type, remove, site_master, locked_by, entity_domain, last_updated_by, last_update_date, key_name) VALUES ('21eykrquukyhdy6l29a7df509poikzyqNM200904120000000000000000000030', '0000000000000000000000000000001000000000000000000000000000000003', '0000000000000000000000000000001000000000000000000000000000000003', '7fqfk4e0mxv2z5u4ph75cbu2r5mb8bqm20070427JS0000000000000000001517', '2014-02-10 12:13:54', 4243, 'com.runwaysdk.system.metadata.MdParameter', 1, 'www.runwaysdk.com', NULL, NULL, '0000000000000000000000000000001000000000000000000000000000000003', '2014-02-10 12:13:54', 'com.runwaysdk.system.scheduler.AbstractJobController.edit.oid');
INSERT INTO metadata_parameter ( site_master, last_updated_by, create_date, seq, locked_by, entity_domain, created_by, type, last_update_date, key_name, owner, oid, parent_id, child_id) VALUES ('www.runwaysdk.com', '0000000000000000000000000000001000000000000000000000000000000003', '2014-02-10 12:13:54', 4244, NULL, NULL, '0000000000000000000000000000001000000000000000000000000000000003', 'com.runwaysdk.system.MetadataParameter', '2014-02-10 12:13:54', 'com.runwaysdk.system.scheduler.AbstractJobController.edit.oid', '0000000000000000000000000000001000000000000000000000000000000003', 'xyxx9o48vcnerj6sebbqxhqorc3f2ks220070427JS0000000000000000001524', '0m2cjght90doe1t2mharqdl9bfdncp84NM200810110000000000000000000113', '7fqfk4e0mxv2z5u4ph75cbu2r5mb8bqm20070427JS0000000000000000001517');
INSERT INTO metadata_display_label ( default_locale, oid, site_master, key_name) VALUES ('update', '6zb9e6y084ysdiciabrd1tj0ys2lqa1vNM200904120000000000000000000030', 'www.runwaysdk.com', '6zb9e6y084ysdiciabrd1tj0ys2lqa1vNM200904120000000000000000000030');
INSERT INTO metadata_display_label ( default_locale, oid, site_master, key_name) VALUES ('Applys an existing instance of com.runwaysdk.system.scheduler.AbstractJob', 'z864l3hg4qkdopdpymf15j4kcddv9s0jNM200904120000000000000000000030', 'www.runwaysdk.com', 'z864l3hg4qkdopdpymf15j4kcddv9s0jNM200904120000000000000000000030');
INSERT INTO md_action ( is_query, enclosing_md_controller, is_post, action_name, display_label, oid) VALUES (0, '8dyiwg55t1pa6jsy322w3ek0kl7i9jz8NM200810110000000000000000000112', 1, 'update', '6zb9e6y084ysdiciabrd1tj0ys2lqa1vNM200904120000000000000000000030', 'yxrj81gtmmx0xasp6n0mfjcxec60wb8tNM200810110000000000000000000113');
INSERT INTO metadata ( description, created_by, owner, oid, create_date, seq, type, remove, site_master, locked_by, entity_domain, last_updated_by, last_update_date, key_name) VALUES ('z864l3hg4qkdopdpymf15j4kcddv9s0jNM200904120000000000000000000030', '0000000000000000000000000000001000000000000000000000000000000003', '0000000000000000000000000000001000000000000000000000000000000003', 'yxrj81gtmmx0xasp6n0mfjcxec60wb8tNM200810110000000000000000000113', '2014-02-10 12:13:54', 4245, 'com.runwaysdk.system.metadata.MdAction', 1, 'www.runwaysdk.com', NULL, NULL, '0000000000000000000000000000001000000000000000000000000000000003', '2014-02-10 12:13:54', 'com.runwaysdk.system.scheduler.AbstractJobController.update');
INSERT INTO controller_action ( key_name, locked_by, oid, owner, entity_domain, created_by, type, last_update_date, create_date, seq, last_updated_by, site_master, parent_id, child_id) VALUES ('com.runwaysdk.system.scheduler.AbstractJobController.update', NULL, '6nhn1f2pwd1ibk16mt2398o19ua9pof6JS200807230000000000000000111111', '0000000000000000000000000000001000000000000000000000000000000003', NULL, '0000000000000000000000000000001000000000000000000000000000000003', 'com.runwaysdk.system.ControllerAction', '2014-02-10 12:13:54', '2014-02-10 12:13:54', 4246, '0000000000000000000000000000001000000000000000000000000000000003', 'www.runwaysdk.com', '8dyiwg55t1pa6jsy322w3ek0kl7i9jz8NM200810110000000000000000000112', 'yxrj81gtmmx0xasp6n0mfjcxec60wb8tNM200810110000000000000000000113');
INSERT INTO metadata_display_label ( default_locale, oid, site_master, key_name) VALUES ('Parameter: com.runwaysdk.system.scheduler.AbstractJob - dto', '6r29942b1nv8t3607opzdcf8k8jlnqqzNM200904120000000000000000000030', 'www.runwaysdk.com', '6r29942b1nv8t3607opzdcf8k8jlnqqzNM200904120000000000000000000030');
INSERT INTO metadata_display_label ( default_locale, oid, site_master, key_name) VALUES ('com.runwaysdk.system.scheduler.AbstractJob to apply to the database', 'z3mhexkp34g5afopwl576u1jv16nwry3NM200904120000000000000000000030', 'www.runwaysdk.com', 'z3mhexkp34g5afopwl576u1jv16nwry3NM200904120000000000000000000030');
INSERT INTO md_parameter ( metadata, parameter_order, parameter_name, parameter_type, display_label, oid) VALUES ('yxrj81gtmmx0xasp6n0mfjcxec60wb8tNM200810110000000000000000000113', 0, 'dto', 'com.runwaysdk.system.scheduler.AbstractJob', '6r29942b1nv8t3607opzdcf8k8jlnqqzNM200904120000000000000000000030', 'soqes8niw47u2f2c03dv0l7ruh269xr620070427JS0000000000000000001517');
INSERT INTO metadata ( description, created_by, owner, oid, create_date, seq, type, remove, site_master, locked_by, entity_domain, last_updated_by, last_update_date, key_name) VALUES ('z3mhexkp34g5afopwl576u1jv16nwry3NM200904120000000000000000000030', '0000000000000000000000000000001000000000000000000000000000000003', '0000000000000000000000000000001000000000000000000000000000000003', 'soqes8niw47u2f2c03dv0l7ruh269xr620070427JS0000000000000000001517', '2014-02-10 12:13:54', 4247, 'com.runwaysdk.system.metadata.MdParameter', 1, 'www.runwaysdk.com', NULL, NULL, '0000000000000000000000000000001000000000000000000000000000000003', '2014-02-10 12:13:54', 'com.runwaysdk.system.scheduler.AbstractJobController.update.dto');
INSERT INTO metadata_parameter ( site_master, last_updated_by, create_date, seq, locked_by, entity_domain, created_by, type, last_update_date, key_name, owner, oid, parent_id, child_id) VALUES ('www.runwaysdk.com', '0000000000000000000000000000001000000000000000000000000000000003', '2014-02-10 12:13:54', 4248, NULL, NULL, '0000000000000000000000000000001000000000000000000000000000000003', 'com.runwaysdk.system.MetadataParameter', '2014-02-10 12:13:54', 'com.runwaysdk.system.scheduler.AbstractJobController.update.dto', '0000000000000000000000000000001000000000000000000000000000000003', '03hcj25j4s9dsatmbw5vs6a386dnh0mz20070427JS0000000000000000001524', 'yxrj81gtmmx0xasp6n0mfjcxec60wb8tNM200810110000000000000000000113', 'soqes8niw47u2f2c03dv0l7ruh269xr620070427JS0000000000000000001517');
INSERT INTO metadata_display_label ( default_locale, oid, site_master, key_name) VALUES ('cancel', '6yja4u0ixsmmaox1hl9m58o7ahzenuc5NM200904120000000000000000000030', 'www.runwaysdk.com', '6yja4u0ixsmmaox1hl9m58o7ahzenuc5NM200904120000000000000000000030');
INSERT INTO metadata_display_label ( default_locale, oid, site_master, key_name) VALUES ('Unlocks an instance com.runwaysdk.system.scheduler.AbstractJob', '8g4n5slemjdulmaysmlmwfmmpyjhu17cNM200904120000000000000000000030', 'www.runwaysdk.com', '8g4n5slemjdulmaysmlmwfmmpyjhu17cNM200904120000000000000000000030');
INSERT INTO md_action ( is_query, enclosing_md_controller, is_post, action_name, display_label, oid) VALUES (0, '8dyiwg55t1pa6jsy322w3ek0kl7i9jz8NM200810110000000000000000000112', 1, 'cancel', '6yja4u0ixsmmaox1hl9m58o7ahzenuc5NM200904120000000000000000000030', '91hlpwrb1s5znkb1vjpvk8n5unerfqxsNM200810110000000000000000000113');
INSERT INTO metadata ( description, created_by, owner, oid, create_date, seq, type, remove, site_master, locked_by, entity_domain, last_updated_by, last_update_date, key_name) VALUES ('8g4n5slemjdulmaysmlmwfmmpyjhu17cNM200904120000000000000000000030', '0000000000000000000000000000001000000000000000000000000000000003', '0000000000000000000000000000001000000000000000000000000000000003', '91hlpwrb1s5znkb1vjpvk8n5unerfqxsNM200810110000000000000000000113', '2014-02-10 12:13:54', 4249, 'com.runwaysdk.system.metadata.MdAction', 1, 'www.runwaysdk.com', NULL, NULL, '0000000000000000000000000000001000000000000000000000000000000003', '2014-02-10 12:13:54', 'com.runwaysdk.system.scheduler.AbstractJobController.cancel');
INSERT INTO controller_action ( key_name, locked_by, oid, owner, entity_domain, created_by, type, last_update_date, create_date, seq, last_updated_by, site_master, parent_id, child_id) VALUES ('com.runwaysdk.system.scheduler.AbstractJobController.cancel', NULL, '8eh30a68wsyc5eni4lpbfex0vs9u5wo1JS200807230000000000000000111111', '0000000000000000000000000000001000000000000000000000000000000003', NULL, '0000000000000000000000000000001000000000000000000000000000000003', 'com.runwaysdk.system.ControllerAction', '2014-02-10 12:13:54', '2014-02-10 12:13:54', 4250, '0000000000000000000000000000001000000000000000000000000000000003', 'www.runwaysdk.com', '8dyiwg55t1pa6jsy322w3ek0kl7i9jz8NM200810110000000000000000000112', '91hlpwrb1s5znkb1vjpvk8n5unerfqxsNM200810110000000000000000000113');
INSERT INTO metadata_display_label ( default_locale, oid, site_master, key_name) VALUES ('Parameter: com.runwaysdk.system.scheduler.AbstractJob - dto', 'z7lx2im4zf44crcvpe70binih8igskkvNM200904120000000000000000000030', 'www.runwaysdk.com', 'z7lx2im4zf44crcvpe70binih8igskkvNM200904120000000000000000000030');
INSERT INTO metadata_display_label ( default_locale, oid, site_master, key_name) VALUES ('com.runwaysdk.system.scheduler.AbstractJob to unlock', '6pu3j82can6xae49tn6mys4dxwb78pguNM200904120000000000000000000030', 'www.runwaysdk.com', '6pu3j82can6xae49tn6mys4dxwb78pguNM200904120000000000000000000030');
INSERT INTO md_parameter ( metadata, parameter_order, parameter_name, parameter_type, display_label, oid) VALUES ('91hlpwrb1s5znkb1vjpvk8n5unerfqxsNM200810110000000000000000000113', 0, 'dto', 'com.runwaysdk.system.scheduler.AbstractJob', 'z7lx2im4zf44crcvpe70binih8igskkvNM200904120000000000000000000030', 'znlisiwqhluow3bzookco0ksxiv939to20070427JS0000000000000000001517');
INSERT INTO metadata ( description, created_by, owner, oid, create_date, seq, type, remove, site_master, locked_by, entity_domain, last_updated_by, last_update_date, key_name) VALUES ('6pu3j82can6xae49tn6mys4dxwb78pguNM200904120000000000000000000030', '0000000000000000000000000000001000000000000000000000000000000003', '0000000000000000000000000000001000000000000000000000000000000003', 'znlisiwqhluow3bzookco0ksxiv939to20070427JS0000000000000000001517', '2014-02-10 12:13:54', 4251, 'com.runwaysdk.system.metadata.MdParameter', 1, 'www.runwaysdk.com', NULL, NULL, '0000000000000000000000000000001000000000000000000000000000000003', '2014-02-10 12:13:54', 'com.runwaysdk.system.scheduler.AbstractJobController.cancel.dto');
INSERT INTO metadata_parameter ( site_master, last_updated_by, create_date, seq, locked_by, entity_domain, created_by, type, last_update_date, key_name, owner, oid, parent_id, child_id) VALUES ('www.runwaysdk.com', '0000000000000000000000000000001000000000000000000000000000000003', '2014-02-10 12:13:54', 4252, NULL, NULL, '0000000000000000000000000000001000000000000000000000000000000003', 'com.runwaysdk.system.MetadataParameter', '2014-02-10 12:13:54', 'com.runwaysdk.system.scheduler.AbstractJobController.cancel.dto', '0000000000000000000000000000001000000000000000000000000000000003', '1yu7kgpbfe6c1tz53ebys55n2ayzskx120070427JS0000000000000000001524', '91hlpwrb1s5znkb1vjpvk8n5unerfqxsNM200810110000000000000000000113', 'znlisiwqhluow3bzookco0ksxiv939to20070427JS0000000000000000001517');
INSERT INTO metadata_display_label ( default_locale, oid, site_master, key_name) VALUES ('delete', '0hh23pxeno8idk9xt0wf24aqazo9gdjzNM200904120000000000000000000030', 'www.runwaysdk.com', '0hh23pxeno8idk9xt0wf24aqazo9gdjzNM200904120000000000000000000030');
INSERT INTO metadata_display_label ( default_locale, oid, site_master, key_name) VALUES ('Delete an instance of com.runwaysdk.system.scheduler.AbstractJob', 'y0ep8ibvtd4jj5ily3b3vbgaefecopi0NM200904120000000000000000000030', 'www.runwaysdk.com', 'y0ep8ibvtd4jj5ily3b3vbgaefecopi0NM200904120000000000000000000030');
INSERT INTO md_action ( is_query, enclosing_md_controller, is_post, action_name, display_label, oid) VALUES (0, '8dyiwg55t1pa6jsy322w3ek0kl7i9jz8NM200810110000000000000000000112', 1, 'delete', '0hh23pxeno8idk9xt0wf24aqazo9gdjzNM200904120000000000000000000030', 'xxgs46zrs6k6hz5kqnorglz47oyn512rNM200810110000000000000000000113');
INSERT INTO metadata ( description, created_by, owner, oid, create_date, seq, type, remove, site_master, locked_by, entity_domain, last_updated_by, last_update_date, key_name) VALUES ('y0ep8ibvtd4jj5ily3b3vbgaefecopi0NM200904120000000000000000000030', '0000000000000000000000000000001000000000000000000000000000000003', '0000000000000000000000000000001000000000000000000000000000000003', 'xxgs46zrs6k6hz5kqnorglz47oyn512rNM200810110000000000000000000113', '2014-02-10 12:13:54', 4253, 'com.runwaysdk.system.metadata.MdAction', 1, 'www.runwaysdk.com', NULL, NULL, '0000000000000000000000000000001000000000000000000000000000000003', '2014-02-10 12:13:54', 'com.runwaysdk.system.scheduler.AbstractJobController.delete');
INSERT INTO controller_action ( key_name, locked_by, oid, owner, entity_domain, created_by, type, last_update_date, create_date, seq, last_updated_by, site_master, parent_id, child_id) VALUES ('com.runwaysdk.system.scheduler.AbstractJobController.delete', NULL, 'xrumadniwmg8q9qfxe5vhrob4zvxsqi3JS200807230000000000000000111111', '0000000000000000000000000000001000000000000000000000000000000003', NULL, '0000000000000000000000000000001000000000000000000000000000000003', 'com.runwaysdk.system.ControllerAction', '2014-02-10 12:13:54', '2014-02-10 12:13:54', 4254, '0000000000000000000000000000001000000000000000000000000000000003', 'www.runwaysdk.com', '8dyiwg55t1pa6jsy322w3ek0kl7i9jz8NM200810110000000000000000000112', 'xxgs46zrs6k6hz5kqnorglz47oyn512rNM200810110000000000000000000113');
INSERT INTO metadata_display_label ( default_locale, oid, site_master, key_name) VALUES ('Parameter: com.runwaysdk.system.scheduler.AbstractJob - dto', '7dx23b5i36xxk680ib6v7okuvj3pbz5fNM200904120000000000000000000030', 'www.runwaysdk.com', '7dx23b5i36xxk680ib6v7okuvj3pbz5fNM200904120000000000000000000030');
INSERT INTO metadata_display_label ( default_locale, oid, site_master, key_name) VALUES ('com.runwaysdk.system.scheduler.AbstractJob to delete', 'z3widfcwpg2fnhzf479vsnwti47vsqc1NM200904120000000000000000000030', 'www.runwaysdk.com', 'z3widfcwpg2fnhzf479vsnwti47vsqc1NM200904120000000000000000000030');
INSERT INTO md_parameter ( metadata, parameter_order, parameter_name, parameter_type, display_label, oid) VALUES ('xxgs46zrs6k6hz5kqnorglz47oyn512rNM200810110000000000000000000113', 0, 'dto', 'com.runwaysdk.system.scheduler.AbstractJob', '7dx23b5i36xxk680ib6v7okuvj3pbz5fNM200904120000000000000000000030', 'sgn08r3o5no2xjmsbq79bmumtycguaik20070427JS0000000000000000001517');
INSERT INTO metadata ( description, created_by, owner, oid, create_date, seq, type, remove, site_master, locked_by, entity_domain, last_updated_by, last_update_date, key_name) VALUES ('z3widfcwpg2fnhzf479vsnwti47vsqc1NM200904120000000000000000000030', '0000000000000000000000000000001000000000000000000000000000000003', '0000000000000000000000000000001000000000000000000000000000000003', 'sgn08r3o5no2xjmsbq79bmumtycguaik20070427JS0000000000000000001517', '2014-02-10 12:13:54', 4255, 'com.runwaysdk.system.metadata.MdParameter', 1, 'www.runwaysdk.com', NULL, NULL, '0000000000000000000000000000001000000000000000000000000000000003', '2014-02-10 12:13:54', 'com.runwaysdk.system.scheduler.AbstractJobController.delete.dto');
INSERT INTO metadata_parameter ( site_master, last_updated_by, create_date, seq, locked_by, entity_domain, created_by, type, last_update_date, key_name, owner, oid, parent_id, child_id) VALUES ('www.runwaysdk.com', '0000000000000000000000000000001000000000000000000000000000000003', '2014-02-10 12:13:54', 4256, NULL, NULL, '0000000000000000000000000000001000000000000000000000000000000003', 'com.runwaysdk.system.MetadataParameter', '2014-02-10 12:13:54', 'com.runwaysdk.system.scheduler.AbstractJobController.delete.dto', '0000000000000000000000000000001000000000000000000000000000000003', 'se0aslkseu5d4pjw98oqgvu831soyumv20070427JS0000000000000000001524', 'xxgs46zrs6k6hz5kqnorglz47oyn512rNM200810110000000000000000000113', 'sgn08r3o5no2xjmsbq79bmumtycguaik20070427JS0000000000000000001517');
 INSERT INTO visibilitymodifier (set_id, item_id)  VALUES  ('zijedijzk65r0tf0x5o96s98xucvb9rm', '20071109NM000000000000000000000520071109NM0000000000000000000001');
INSERT INTO metadata_display_label ( default_locale, oid, site_master, key_name) VALUES ('Last Run', '25nozr52yhbezgwx31duck87vv2lrndgNM200904120000000000000000000030', 'www.runwaysdk.com', '25nozr52yhbezgwx31duck87vv2lrndgNM200904120000000000000000000030');
 INSERT INTO visibilitymodifier (set_id, item_id)  VALUES  ('r9fz88a0aoxom7yskvlpxpnkakykkei2', '20071109NM000000000000000000000520071109NM0000000000000000000001');
 INSERT INTO md_attribute_indicies (set_id, item_id)  VALUES  ('zijhixe8xn8ifjh772z7qtl2qhph30dt', '0000000000000000000000000000040100000000000000000000000000000403');
INSERT INTO metadata_display_label ( default_locale, oid, site_master, key_name) VALUES ('Last Run', '0913eik4d6joeutwtwikf61lay0ba698NM200904120000000000000000000030', 'www.runwaysdk.com', '0913eik4d6joeutwtwikf61lay0ba698NM200904120000000000000000000030');
INSERT INTO md_attribute_datetime ( default_value, oid) VALUES (NULL, 'zju51m0wwboc8dnzczed7pmefwzdlgv000000000000000000000000000000341');
INSERT INTO md_attribute_moment ( oid) VALUES ('zju51m0wwboc8dnzczed7pmefwzdlgv000000000000000000000000000000341');
INSERT INTO md_attribute_primitive ( oid) VALUES ('zju51m0wwboc8dnzczed7pmefwzdlgv000000000000000000000000000000341');
INSERT INTO md_attribute_concrete ( column_name, defining_md_class, setter_visibility, setter_visibility_c, immutable, index_name, generate_accessor, system, required, display_label, getter_visibility, getter_visibility_c, index_type, index_type_c, attribute_name, oid) VALUES ('last_run', '0fnj9qgoapxjygna1zbnrdk7vm5ciijy00000000000000000000000000000001', 'zijedijzk65r0tf0x5o96s98xucvb9rm', '20071109NM000000000000000000000520071109NM0000000000000000000001', 0, 'ajwmdfmusedoo58tymci3bv1n1khfh', 1, 0, 0, '25nozr52yhbezgwx31duck87vv2lrndgNM200904120000000000000000000030', 'r9fz88a0aoxom7yskvlpxpnkakykkei2', '20071109NM000000000000000000000520071109NM0000000000000000000001', 'zijhixe8xn8ifjh772z7qtl2qhph30dt', '0000000000000000000000000000040100000000000000000000000000000403', 'lastRun', 'zju51m0wwboc8dnzczed7pmefwzdlgv000000000000000000000000000000341');
INSERT INTO md_attribute ( oid) VALUES ('zju51m0wwboc8dnzczed7pmefwzdlgv000000000000000000000000000000341');
INSERT INTO metadata ( description, created_by, owner, oid, create_date, seq, type, remove, site_master, locked_by, entity_domain, last_updated_by, last_update_date, key_name) VALUES ('0913eik4d6joeutwtwikf61lay0ba698NM200904120000000000000000000030', '0000000000000000000000000000001000000000000000000000000000000003', '0000000000000000000000000000001000000000000000000000000000000003', 'zju51m0wwboc8dnzczed7pmefwzdlgv000000000000000000000000000000341', '2014-02-10 12:13:54', 4257, 'com.runwaysdk.system.metadata.MdAttributeDateTime', 1, 'www.runwaysdk.com', NULL, NULL, '0000000000000000000000000000001000000000000000000000000000000003', '2014-02-10 12:13:54', 'com.runwaysdk.system.scheduler.AbstractJob.lastRun');
ALTER TABLE abstract_job ADD COLUMN last_run  timestamp;
INSERT INTO class_attribute_concrete ( oid, parent_id, child_id) VALUES ('0e09cw9sfx0d4z1sq28ctoj4lwng34mm00000000000000000000000000000073', '0fnj9qgoapxjygna1zbnrdk7vm5ciijy00000000000000000000000000000001', 'zju51m0wwboc8dnzczed7pmefwzdlgv000000000000000000000000000000341');
INSERT INTO class_attribute ( oid, parent_id, child_id) VALUES ('0e09cw9sfx0d4z1sq28ctoj4lwng34mm00000000000000000000000000000073', '0fnj9qgoapxjygna1zbnrdk7vm5ciijy00000000000000000000000000000001', 'zju51m0wwboc8dnzczed7pmefwzdlgv000000000000000000000000000000341');
INSERT INTO metadata_relationship ( entity_domain, site_master, last_updated_by, oid, owner, locked_by, create_date, type, created_by, seq, key_name, last_update_date, parent_id, child_id) VALUES (NULL, 'www.runwaysdk.com', '0000000000000000000000000000001000000000000000000000000000000003', '0e09cw9sfx0d4z1sq28ctoj4lwng34mm00000000000000000000000000000073', '0000000000000000000000000000001000000000000000000000000000000003', NULL, '2014-02-10 12:13:54', 'com.runwaysdk.system.metadata.ClassAttributeConcrete', '0000000000000000000000000000001000000000000000000000000000000003', 4258, 'com.runwaysdk.system.scheduler.AbstractJob.lastRun', '2014-02-10 12:13:54', '0fnj9qgoapxjygna1zbnrdk7vm5ciijy00000000000000000000000000000001', 'zju51m0wwboc8dnzczed7pmefwzdlgv000000000000000000000000000000341');
INSERT INTO metadata_display_label ( default_locale, oid, site_master, key_name) VALUES ('false', 'xqyk65l9ehqpowrjb5ajvnqpvezry9gjNM200904120000000000000000000030', 'www.runwaysdk.com', 'xqyk65l9ehqpowrjb5ajvnqpvezry9gjNM200904120000000000000000000030');
INSERT INTO metadata_display_label ( default_locale, oid, site_master, key_name) VALUES ('true', 'xbaw3b7tihlqeoaordebq49y3zs8brmgNM200904120000000000000000000030', 'www.runwaysdk.com', 'xbaw3b7tihlqeoaordebq49y3zs8brmgNM200904120000000000000000000030');
 INSERT INTO visibilitymodifier (set_id, item_id)  VALUES  ('qlfl5h68m386iqbc6dhj71zsfg12itd1', '20071109NM000000000000000000000520071109NM0000000000000000000001');
INSERT INTO metadata_display_label ( default_locale, oid, site_master, key_name) VALUES ('Repeated', 'xybjm9ys840km08jm3sbn4ifky813pt8NM200904120000000000000000000030', 'www.runwaysdk.com', 'xybjm9ys840km08jm3sbn4ifky813pt8NM200904120000000000000000000030');
 INSERT INTO visibilitymodifier (set_id, item_id)  VALUES  ('xn09y5mgu2ffx0zpkhgelshnd6mk7wyv', '20071109NM000000000000000000000520071109NM0000000000000000000001');
 INSERT INTO md_attribute_indicies (set_id, item_id)  VALUES  ('xobwotkz558clwhf27mdwicshmhq3e26', '0000000000000000000000000000040100000000000000000000000000000403');
INSERT INTO metadata_display_label ( default_locale, oid, site_master, key_name) VALUES ('Repeated', '8p3oj8gr9g0hnfla6rde3bsry6lgmjteNM200904120000000000000000000030', 'www.runwaysdk.com', '8p3oj8gr9g0hnfla6rde3bsry6lgmjteNM200904120000000000000000000030');
INSERT INTO md_attribute_boolean ( negative_display_label, default_value, positive_display_label, oid) VALUES ('xqyk65l9ehqpowrjb5ajvnqpvezry9gjNM200904120000000000000000000030', 0, 'xbaw3b7tihlqeoaordebq49y3zs8brmgNM200904120000000000000000000030', 'sm44ridyol20w714nav5v9vok6icv79j00000000000000000000000000000194');
INSERT INTO md_attribute_primitive ( oid) VALUES ('sm44ridyol20w714nav5v9vok6icv79j00000000000000000000000000000194');
INSERT INTO md_attribute_concrete ( column_name, defining_md_class, setter_visibility, setter_visibility_c, immutable, index_name, generate_accessor, system, required, display_label, getter_visibility, getter_visibility_c, index_type, index_type_c, attribute_name, oid) VALUES ('repeated', '0fnj9qgoapxjygna1zbnrdk7vm5ciijy00000000000000000000000000000001', 'qlfl5h68m386iqbc6dhj71zsfg12itd1', '20071109NM000000000000000000000520071109NM0000000000000000000001', 0, 'atcvbrdcdbu4yn03dw280qrwz1gzws', 1, 0, 1, 'xybjm9ys840km08jm3sbn4ifky813pt8NM200904120000000000000000000030', 'xn09y5mgu2ffx0zpkhgelshnd6mk7wyv', '20071109NM000000000000000000000520071109NM0000000000000000000001', 'xobwotkz558clwhf27mdwicshmhq3e26', '0000000000000000000000000000040100000000000000000000000000000403', 'repeated', 'sm44ridyol20w714nav5v9vok6icv79j00000000000000000000000000000194');
INSERT INTO md_attribute ( oid) VALUES ('sm44ridyol20w714nav5v9vok6icv79j00000000000000000000000000000194');
INSERT INTO metadata ( description, created_by, owner, oid, create_date, seq, type, remove, site_master, locked_by, entity_domain, last_updated_by, last_update_date, key_name) VALUES ('8p3oj8gr9g0hnfla6rde3bsry6lgmjteNM200904120000000000000000000030', '0000000000000000000000000000001000000000000000000000000000000003', '0000000000000000000000000000001000000000000000000000000000000003', 'sm44ridyol20w714nav5v9vok6icv79j00000000000000000000000000000194', '2014-02-10 12:13:54', 4259, 'com.runwaysdk.system.metadata.MdAttributeBoolean', 1, 'www.runwaysdk.com', NULL, NULL, '0000000000000000000000000000001000000000000000000000000000000003', '2014-02-10 12:13:54', 'com.runwaysdk.system.scheduler.AbstractJob.repeated');
ALTER TABLE abstract_job ADD COLUMN repeated  int;
INSERT INTO class_attribute_concrete ( oid, parent_id, child_id) VALUES ('8dbpb6gqjffvlwrdlequ2jt1d9p8astc00000000000000000000000000000073', '0fnj9qgoapxjygna1zbnrdk7vm5ciijy00000000000000000000000000000001', 'sm44ridyol20w714nav5v9vok6icv79j00000000000000000000000000000194');
INSERT INTO class_attribute ( oid, parent_id, child_id) VALUES ('8dbpb6gqjffvlwrdlequ2jt1d9p8astc00000000000000000000000000000073', '0fnj9qgoapxjygna1zbnrdk7vm5ciijy00000000000000000000000000000001', 'sm44ridyol20w714nav5v9vok6icv79j00000000000000000000000000000194');
INSERT INTO metadata_relationship ( entity_domain, site_master, last_updated_by, oid, owner, locked_by, create_date, type, created_by, seq, key_name, last_update_date, parent_id, child_id) VALUES (NULL, 'www.runwaysdk.com', '0000000000000000000000000000001000000000000000000000000000000003', '8dbpb6gqjffvlwrdlequ2jt1d9p8astc00000000000000000000000000000073', '0000000000000000000000000000001000000000000000000000000000000003', NULL, '2014-02-10 12:13:54', 'com.runwaysdk.system.metadata.ClassAttributeConcrete', '0000000000000000000000000000001000000000000000000000000000000003', 4260, 'com.runwaysdk.system.scheduler.AbstractJob.repeated', '2014-02-10 12:13:54', '0fnj9qgoapxjygna1zbnrdk7vm5ciijy00000000000000000000000000000001', 'sm44ridyol20w714nav5v9vok6icv79j00000000000000000000000000000194');
INSERT INTO metadata_display_label ( default_locale, oid, site_master, key_name) VALUES ('false', '917h2ucmoe8fxmpyfw2u7oi8sdht6dt7NM200904120000000000000000000030', 'www.runwaysdk.com', '917h2ucmoe8fxmpyfw2u7oi8sdht6dt7NM200904120000000000000000000030');
INSERT INTO metadata_display_label ( default_locale, oid, site_master, key_name) VALUES ('true', 'qucaoimg2hqpusiib750ccbyt56rrzwiNM200904120000000000000000000030', 'www.runwaysdk.com', 'qucaoimg2hqpusiib750ccbyt56rrzwiNM200904120000000000000000000030');
 INSERT INTO visibilitymodifier (set_id, item_id)  VALUES  ('0qdy93dk7edepy0qhyrk42o2sx0jxpra', '20071109NM000000000000000000000520071109NM0000000000000000000001');
INSERT INTO metadata_display_label ( default_locale, oid, site_master, key_name) VALUES ('Pauseable', '20vl779ncgm6yedj8s9zt8cjpzfmhu1zNM200904120000000000000000000030', 'www.runwaysdk.com', '20vl779ncgm6yedj8s9zt8cjpzfmhu1zNM200904120000000000000000000030');
 INSERT INTO visibilitymodifier (set_id, item_id)  VALUES  ('xnwxrlo10q58jjsbsgbb9typ4nqa63eq', '20071109NM000000000000000000000520071109NM0000000000000000000001');
 INSERT INTO md_attribute_indicies (set_id, item_id)  VALUES  ('zahkyhbbe8lszpay864ons3lino8syjr', '0000000000000000000000000000040100000000000000000000000000000403');
INSERT INTO metadata_display_label ( default_locale, oid, site_master, key_name) VALUES ('Pauseable', 'zivi1m07tk3qjviijsjfo3ugaqld3bbqNM200904120000000000000000000030', 'www.runwaysdk.com', 'zivi1m07tk3qjviijsjfo3ugaqld3bbqNM200904120000000000000000000030');
INSERT INTO md_attribute_boolean ( negative_display_label, default_value, positive_display_label, oid) VALUES ('917h2ucmoe8fxmpyfw2u7oi8sdht6dt7NM200904120000000000000000000030', 0, 'qucaoimg2hqpusiib750ccbyt56rrzwiNM200904120000000000000000000030', '7dot75k1q82skfop6f474e31mgdn1vnx00000000000000000000000000000194');
INSERT INTO md_attribute_primitive ( oid) VALUES ('7dot75k1q82skfop6f474e31mgdn1vnx00000000000000000000000000000194');
INSERT INTO md_attribute_concrete ( column_name, defining_md_class, setter_visibility, setter_visibility_c, immutable, index_name, generate_accessor, system, required, display_label, getter_visibility, getter_visibility_c, index_type, index_type_c, attribute_name, oid) VALUES ('pauseable', '0fnj9qgoapxjygna1zbnrdk7vm5ciijy00000000000000000000000000000001', '0qdy93dk7edepy0qhyrk42o2sx0jxpra', '20071109NM000000000000000000000520071109NM0000000000000000000001', 0, 'ag5br5wyh4opb1qmajqk2zaz4921q6', 1, 0, 1, '20vl779ncgm6yedj8s9zt8cjpzfmhu1zNM200904120000000000000000000030', 'xnwxrlo10q58jjsbsgbb9typ4nqa63eq', '20071109NM000000000000000000000520071109NM0000000000000000000001', 'zahkyhbbe8lszpay864ons3lino8syjr', '0000000000000000000000000000040100000000000000000000000000000403', 'pauseable', '7dot75k1q82skfop6f474e31mgdn1vnx00000000000000000000000000000194');
INSERT INTO md_attribute ( oid) VALUES ('7dot75k1q82skfop6f474e31mgdn1vnx00000000000000000000000000000194');
INSERT INTO metadata ( description, created_by, owner, oid, create_date, seq, type, remove, site_master, locked_by, entity_domain, last_updated_by, last_update_date, key_name) VALUES ('zivi1m07tk3qjviijsjfo3ugaqld3bbqNM200904120000000000000000000030', '0000000000000000000000000000001000000000000000000000000000000003', '0000000000000000000000000000001000000000000000000000000000000003', '7dot75k1q82skfop6f474e31mgdn1vnx00000000000000000000000000000194', '2014-02-10 12:13:54', 4261, 'com.runwaysdk.system.metadata.MdAttributeBoolean', 1, 'www.runwaysdk.com', NULL, NULL, '0000000000000000000000000000001000000000000000000000000000000003', '2014-02-10 12:13:54', 'com.runwaysdk.system.scheduler.AbstractJob.pauseable');
ALTER TABLE abstract_job ADD COLUMN pauseable  int;
INSERT INTO class_attribute_concrete ( oid, parent_id, child_id) VALUES ('qpczso8z5t7rjxykcscfgkzdme64ntxh00000000000000000000000000000073', '0fnj9qgoapxjygna1zbnrdk7vm5ciijy00000000000000000000000000000001', '7dot75k1q82skfop6f474e31mgdn1vnx00000000000000000000000000000194');
INSERT INTO class_attribute ( oid, parent_id, child_id) VALUES ('qpczso8z5t7rjxykcscfgkzdme64ntxh00000000000000000000000000000073', '0fnj9qgoapxjygna1zbnrdk7vm5ciijy00000000000000000000000000000001', '7dot75k1q82skfop6f474e31mgdn1vnx00000000000000000000000000000194');
INSERT INTO metadata_relationship ( entity_domain, site_master, last_updated_by, oid, owner, locked_by, create_date, type, created_by, seq, key_name, last_update_date, parent_id, child_id) VALUES (NULL, 'www.runwaysdk.com', '0000000000000000000000000000001000000000000000000000000000000003', 'qpczso8z5t7rjxykcscfgkzdme64ntxh00000000000000000000000000000073', '0000000000000000000000000000001000000000000000000000000000000003', NULL, '2014-02-10 12:13:54', 'com.runwaysdk.system.metadata.ClassAttributeConcrete', '0000000000000000000000000000001000000000000000000000000000000003', 4262, 'com.runwaysdk.system.scheduler.AbstractJob.pauseable', '2014-02-10 12:13:54', '0fnj9qgoapxjygna1zbnrdk7vm5ciijy00000000000000000000000000000001', '7dot75k1q82skfop6f474e31mgdn1vnx00000000000000000000000000000194');
INSERT INTO metadata_display_label ( default_locale, oid, site_master, key_name) VALUES ('false', 'stx5zdi64e5zl39hxeiy001273cuyyj8NM200904120000000000000000000030', 'www.runwaysdk.com', 'stx5zdi64e5zl39hxeiy001273cuyyj8NM200904120000000000000000000030');
INSERT INTO metadata_display_label ( default_locale, oid, site_master, key_name) VALUES ('true', 'zkf55iicx99nk4qjv81ygjlms88xhrwoNM200904120000000000000000000030', 'www.runwaysdk.com', 'zkf55iicx99nk4qjv81ygjlms88xhrwoNM200904120000000000000000000030');
 INSERT INTO visibilitymodifier (set_id, item_id)  VALUES  ('0pbrtdgbci8c8dmkhwn5910ansy6q71n', '20071109NM000000000000000000000520071109NM0000000000000000000001');
INSERT INTO metadata_display_label ( default_locale, oid, site_master, key_name) VALUES ('Paused', 'z7ghyjpan55l6t201zyew10adak8o7o2NM200904120000000000000000000030', 'www.runwaysdk.com', 'z7ghyjpan55l6t201zyew10adak8o7o2NM200904120000000000000000000030');
 INSERT INTO visibilitymodifier (set_id, item_id)  VALUES  ('xulmh8eg1t7mhhosiq9w1sglgvkoba2f', '20071109NM000000000000000000000520071109NM0000000000000000000001');
 INSERT INTO md_attribute_indicies (set_id, item_id)  VALUES  ('90y1bjrzdmfgtcbqselulhmjozkvrdx1', '0000000000000000000000000000040100000000000000000000000000000403');
INSERT INTO metadata_display_label ( default_locale, oid, site_master, key_name) VALUES ('Paused', 'swqhdwvgp211wi4mz3oeiabrt3vdx0cyNM200904120000000000000000000030', 'www.runwaysdk.com', 'swqhdwvgp211wi4mz3oeiabrt3vdx0cyNM200904120000000000000000000030');
INSERT INTO md_attribute_boolean ( negative_display_label, default_value, positive_display_label, oid) VALUES ('stx5zdi64e5zl39hxeiy001273cuyyj8NM200904120000000000000000000030', 0, 'zkf55iicx99nk4qjv81ygjlms88xhrwoNM200904120000000000000000000030', 'swti0hdell2lrm4zatw88zign57pijso00000000000000000000000000000194');
INSERT INTO md_attribute_primitive ( oid) VALUES ('swti0hdell2lrm4zatw88zign57pijso00000000000000000000000000000194');
INSERT INTO md_attribute_concrete ( column_name, defining_md_class, setter_visibility, setter_visibility_c, immutable, index_name, generate_accessor, system, required, display_label, getter_visibility, getter_visibility_c, index_type, index_type_c, attribute_name, oid) VALUES ('paused', '0fnj9qgoapxjygna1zbnrdk7vm5ciijy00000000000000000000000000000001', '0pbrtdgbci8c8dmkhwn5910ansy6q71n', '20071109NM000000000000000000000520071109NM0000000000000000000001', 0, 'ar69oqf1rsh04xgxleb84aqbuywiol', 1, 0, 1, 'z7ghyjpan55l6t201zyew10adak8o7o2NM200904120000000000000000000030', 'xulmh8eg1t7mhhosiq9w1sglgvkoba2f', '20071109NM000000000000000000000520071109NM0000000000000000000001', '90y1bjrzdmfgtcbqselulhmjozkvrdx1', '0000000000000000000000000000040100000000000000000000000000000403', 'paused', 'swti0hdell2lrm4zatw88zign57pijso00000000000000000000000000000194');
INSERT INTO md_attribute ( oid) VALUES ('swti0hdell2lrm4zatw88zign57pijso00000000000000000000000000000194');
INSERT INTO metadata ( description, created_by, owner, oid, create_date, seq, type, remove, site_master, locked_by, entity_domain, last_updated_by, last_update_date, key_name) VALUES ('swqhdwvgp211wi4mz3oeiabrt3vdx0cyNM200904120000000000000000000030', '0000000000000000000000000000001000000000000000000000000000000003', '0000000000000000000000000000001000000000000000000000000000000003', 'swti0hdell2lrm4zatw88zign57pijso00000000000000000000000000000194', '2014-02-10 12:13:54', 4263, 'com.runwaysdk.system.metadata.MdAttributeBoolean', 1, 'www.runwaysdk.com', NULL, NULL, '0000000000000000000000000000001000000000000000000000000000000003', '2014-02-10 12:13:54', 'com.runwaysdk.system.scheduler.AbstractJob.paused');
ALTER TABLE abstract_job ADD COLUMN paused  int;
INSERT INTO class_attribute_concrete ( oid, parent_id, child_id) VALUES ('1w1qmx9tj5b43ae7fmndvumy1k6gmbrc00000000000000000000000000000073', '0fnj9qgoapxjygna1zbnrdk7vm5ciijy00000000000000000000000000000001', 'swti0hdell2lrm4zatw88zign57pijso00000000000000000000000000000194');
INSERT INTO class_attribute ( oid, parent_id, child_id) VALUES ('1w1qmx9tj5b43ae7fmndvumy1k6gmbrc00000000000000000000000000000073', '0fnj9qgoapxjygna1zbnrdk7vm5ciijy00000000000000000000000000000001', 'swti0hdell2lrm4zatw88zign57pijso00000000000000000000000000000194');
INSERT INTO metadata_relationship ( entity_domain, site_master, last_updated_by, oid, owner, locked_by, create_date, type, created_by, seq, key_name, last_update_date, parent_id, child_id) VALUES (NULL, 'www.runwaysdk.com', '0000000000000000000000000000001000000000000000000000000000000003', '1w1qmx9tj5b43ae7fmndvumy1k6gmbrc00000000000000000000000000000073', '0000000000000000000000000000001000000000000000000000000000000003', NULL, '2014-02-10 12:13:54', 'com.runwaysdk.system.metadata.ClassAttributeConcrete', '0000000000000000000000000000001000000000000000000000000000000003', 4264, 'com.runwaysdk.system.scheduler.AbstractJob.paused', '2014-02-10 12:13:54', '0fnj9qgoapxjygna1zbnrdk7vm5ciijy00000000000000000000000000000001', 'swti0hdell2lrm4zatw88zign57pijso00000000000000000000000000000194');
 INSERT INTO visibilitymodifier (set_id, item_id)  VALUES  ('1sj0o1hl7rpmkxjgil3z227jcs1930ij', '20071109NM000000000000000000000520071109NM0000000000000000000001');
INSERT INTO metadata_display_label ( default_locale, oid, site_master, key_name) VALUES ('Work Total', 'szugi5804poytogbe0fl6c955zrcbgm5NM200904120000000000000000000030', 'www.runwaysdk.com', 'szugi5804poytogbe0fl6c955zrcbgm5NM200904120000000000000000000030');
 INSERT INTO visibilitymodifier (set_id, item_id)  VALUES  ('8lq8lr7e983yt5h14js3glvwrtfrj7yx', '20071109NM000000000000000000000520071109NM0000000000000000000001');
 INSERT INTO md_attribute_indicies (set_id, item_id)  VALUES  ('stm6r5nqg9jn8tbz8c8eq4zki125vdeh', '0000000000000000000000000000040100000000000000000000000000000403');
INSERT INTO metadata_display_label ( default_locale, oid, site_master, key_name) VALUES ('Work Total', '8t0inh5cntj2wuaapkcltoreimli9czeNM200904120000000000000000000030', 'www.runwaysdk.com', '8t0inh5cntj2wuaapkcltoreimli9czeNM200904120000000000000000000030');
INSERT INTO md_attribute_integer ( start_range, default_value, end_range, oid) VALUES (NULL, NULL, NULL, 'z8g4l4wyli8gnn1vi83cz5y4sc4ckfyk00000000000000000000000000000332');
INSERT INTO md_attribute_int ( oid) VALUES ('z8g4l4wyli8gnn1vi83cz5y4sc4ckfyk00000000000000000000000000000332');
INSERT INTO md_attribute_number ( reject_negative, reject_zero, reject_positive, oid) VALUES (1, 0, 0, 'z8g4l4wyli8gnn1vi83cz5y4sc4ckfyk00000000000000000000000000000332');
INSERT INTO md_attribute_primitive ( oid) VALUES ('z8g4l4wyli8gnn1vi83cz5y4sc4ckfyk00000000000000000000000000000332');
INSERT INTO md_attribute_concrete ( column_name, defining_md_class, setter_visibility, setter_visibility_c, immutable, index_name, generate_accessor, system, required, display_label, getter_visibility, getter_visibility_c, index_type, index_type_c, attribute_name, oid) VALUES ('work_total', '0fnj9qgoapxjygna1zbnrdk7vm5ciijy00000000000000000000000000000001', '1sj0o1hl7rpmkxjgil3z227jcs1930ij', '20071109NM000000000000000000000520071109NM0000000000000000000001', 0, 'aik04xpdqn3kpwovi5vmwuucv062h7', 1, 0, 0, 'szugi5804poytogbe0fl6c955zrcbgm5NM200904120000000000000000000030', '8lq8lr7e983yt5h14js3glvwrtfrj7yx', '20071109NM000000000000000000000520071109NM0000000000000000000001', 'stm6r5nqg9jn8tbz8c8eq4zki125vdeh', '0000000000000000000000000000040100000000000000000000000000000403', 'workTotal', 'z8g4l4wyli8gnn1vi83cz5y4sc4ckfyk00000000000000000000000000000332');
INSERT INTO md_attribute ( oid) VALUES ('z8g4l4wyli8gnn1vi83cz5y4sc4ckfyk00000000000000000000000000000332');
INSERT INTO metadata ( description, created_by, owner, oid, create_date, seq, type, remove, site_master, locked_by, entity_domain, last_updated_by, last_update_date, key_name) VALUES ('8t0inh5cntj2wuaapkcltoreimli9czeNM200904120000000000000000000030', '0000000000000000000000000000001000000000000000000000000000000003', '0000000000000000000000000000001000000000000000000000000000000003', 'z8g4l4wyli8gnn1vi83cz5y4sc4ckfyk00000000000000000000000000000332', '2014-02-10 12:13:54', 4265, 'com.runwaysdk.system.metadata.MdAttributeInteger', 1, 'www.runwaysdk.com', NULL, NULL, '0000000000000000000000000000001000000000000000000000000000000003', '2014-02-10 12:13:54', 'com.runwaysdk.system.scheduler.AbstractJob.workTotal');
ALTER TABLE abstract_job ADD COLUMN work_total  int;
INSERT INTO class_attribute_concrete ( oid, parent_id, child_id) VALUES ('24bmu6zzy40c6nmpuht6andpix8pr68v00000000000000000000000000000073', '0fnj9qgoapxjygna1zbnrdk7vm5ciijy00000000000000000000000000000001', 'z8g4l4wyli8gnn1vi83cz5y4sc4ckfyk00000000000000000000000000000332');
INSERT INTO class_attribute ( oid, parent_id, child_id) VALUES ('24bmu6zzy40c6nmpuht6andpix8pr68v00000000000000000000000000000073', '0fnj9qgoapxjygna1zbnrdk7vm5ciijy00000000000000000000000000000001', 'z8g4l4wyli8gnn1vi83cz5y4sc4ckfyk00000000000000000000000000000332');
INSERT INTO metadata_relationship ( entity_domain, site_master, last_updated_by, oid, owner, locked_by, create_date, type, created_by, seq, key_name, last_update_date, parent_id, child_id) VALUES (NULL, 'www.runwaysdk.com', '0000000000000000000000000000001000000000000000000000000000000003', '24bmu6zzy40c6nmpuht6andpix8pr68v00000000000000000000000000000073', '0000000000000000000000000000001000000000000000000000000000000003', NULL, '2014-02-10 12:13:54', 'com.runwaysdk.system.metadata.ClassAttributeConcrete', '0000000000000000000000000000001000000000000000000000000000000003', 4266, 'com.runwaysdk.system.scheduler.AbstractJob.workTotal', '2014-02-10 12:13:54', '0fnj9qgoapxjygna1zbnrdk7vm5ciijy00000000000000000000000000000001', 'z8g4l4wyli8gnn1vi83cz5y4sc4ckfyk00000000000000000000000000000332');
 INSERT INTO visibilitymodifier (set_id, item_id)  VALUES  ('stl2upsisx5ex9k0w4lvg3afauj44c3w', '20071109NM000000000000000000000520071109NM0000000000000000000001');
INSERT INTO metadata_display_label ( default_locale, oid, site_master, key_name) VALUES ('Work Progress', '8s8tq82qs39l1dhkisx90hvde51j35m9NM200904120000000000000000000030', 'www.runwaysdk.com', '8s8tq82qs39l1dhkisx90hvde51j35m9NM200904120000000000000000000030');
 INSERT INTO visibilitymodifier (set_id, item_id)  VALUES  ('8vshf62b8x67dqwbubrczikxm37iavte', '20071109NM000000000000000000000520071109NM0000000000000000000001');
 INSERT INTO md_attribute_indicies (set_id, item_id)  VALUES  ('2c25qqjhwzjm297wvrefzqr8ps5lv4d6', '0000000000000000000000000000040100000000000000000000000000000403');
INSERT INTO metadata_display_label ( default_locale, oid, site_master, key_name) VALUES ('Work Progress', 'zdjaxfwzev3s14880tvqaudvqi9de9vaNM200904120000000000000000000030', 'www.runwaysdk.com', 'zdjaxfwzev3s14880tvqaudvqi9de9vaNM200904120000000000000000000030');
INSERT INTO md_attribute_integer ( start_range, default_value, end_range, oid) VALUES (NULL, NULL, NULL, 'rcyo64wsfudlbs4m415md41tslnlm3nv00000000000000000000000000000332');
INSERT INTO md_attribute_int ( oid) VALUES ('rcyo64wsfudlbs4m415md41tslnlm3nv00000000000000000000000000000332');
INSERT INTO md_attribute_number ( reject_negative, reject_zero, reject_positive, oid) VALUES (1, 0, 0, 'rcyo64wsfudlbs4m415md41tslnlm3nv00000000000000000000000000000332');
INSERT INTO md_attribute_primitive ( oid) VALUES ('rcyo64wsfudlbs4m415md41tslnlm3nv00000000000000000000000000000332');
INSERT INTO md_attribute_concrete ( column_name, defining_md_class, setter_visibility, setter_visibility_c, immutable, index_name, generate_accessor, system, required, display_label, getter_visibility, getter_visibility_c, index_type, index_type_c, attribute_name, oid) VALUES ('work_progress', '0fnj9qgoapxjygna1zbnrdk7vm5ciijy00000000000000000000000000000001', 'stl2upsisx5ex9k0w4lvg3afauj44c3w', '20071109NM000000000000000000000520071109NM0000000000000000000001', 0, 'aar2358ae03jr07zg7fqtmjcr9avuz', 1, 0, 0, '8s8tq82qs39l1dhkisx90hvde51j35m9NM200904120000000000000000000030', '8vshf62b8x67dqwbubrczikxm37iavte', '20071109NM000000000000000000000520071109NM0000000000000000000001', '2c25qqjhwzjm297wvrefzqr8ps5lv4d6', '0000000000000000000000000000040100000000000000000000000000000403', 'workProgress', 'rcyo64wsfudlbs4m415md41tslnlm3nv00000000000000000000000000000332');
INSERT INTO md_attribute ( oid) VALUES ('rcyo64wsfudlbs4m415md41tslnlm3nv00000000000000000000000000000332');
INSERT INTO metadata ( description, created_by, owner, oid, create_date, seq, type, remove, site_master, locked_by, entity_domain, last_updated_by, last_update_date, key_name) VALUES ('zdjaxfwzev3s14880tvqaudvqi9de9vaNM200904120000000000000000000030', '0000000000000000000000000000001000000000000000000000000000000003', '0000000000000000000000000000001000000000000000000000000000000003', 'rcyo64wsfudlbs4m415md41tslnlm3nv00000000000000000000000000000332', '2014-02-10 12:13:54', 4267, 'com.runwaysdk.system.metadata.MdAttributeInteger', 1, 'www.runwaysdk.com', NULL, NULL, '0000000000000000000000000000001000000000000000000000000000000003', '2014-02-10 12:13:54', 'com.runwaysdk.system.scheduler.AbstractJob.workProgress');
ALTER TABLE abstract_job ADD COLUMN work_progress  int;
INSERT INTO class_attribute_concrete ( oid, parent_id, child_id) VALUES ('8lx0njt5e0a3zq7d9zzsq0q96tpdxkpd00000000000000000000000000000073', '0fnj9qgoapxjygna1zbnrdk7vm5ciijy00000000000000000000000000000001', 'rcyo64wsfudlbs4m415md41tslnlm3nv00000000000000000000000000000332');
INSERT INTO class_attribute ( oid, parent_id, child_id) VALUES ('8lx0njt5e0a3zq7d9zzsq0q96tpdxkpd00000000000000000000000000000073', '0fnj9qgoapxjygna1zbnrdk7vm5ciijy00000000000000000000000000000001', 'rcyo64wsfudlbs4m415md41tslnlm3nv00000000000000000000000000000332');
INSERT INTO metadata_relationship ( entity_domain, site_master, last_updated_by, oid, owner, locked_by, create_date, type, created_by, seq, key_name, last_update_date, parent_id, child_id) VALUES (NULL, 'www.runwaysdk.com', '0000000000000000000000000000001000000000000000000000000000000003', '8lx0njt5e0a3zq7d9zzsq0q96tpdxkpd00000000000000000000000000000073', '0000000000000000000000000000001000000000000000000000000000000003', NULL, '2014-02-10 12:13:54', 'com.runwaysdk.system.metadata.ClassAttributeConcrete', '0000000000000000000000000000001000000000000000000000000000000003', 4268, 'com.runwaysdk.system.scheduler.AbstractJob.workProgress', '2014-02-10 12:13:54', '0fnj9qgoapxjygna1zbnrdk7vm5ciijy00000000000000000000000000000001', 'rcyo64wsfudlbs4m415md41tslnlm3nv00000000000000000000000000000332');
INSERT INTO metadata_display_label ( default_locale, oid, site_master, key_name) VALUES ('false', '1y7s2gn2hyk5n750pqdgeejcc6wg1x77NM200904120000000000000000000030', 'www.runwaysdk.com', '1y7s2gn2hyk5n750pqdgeejcc6wg1x77NM200904120000000000000000000030');
INSERT INTO metadata_display_label ( default_locale, oid, site_master, key_name) VALUES ('true', 'xh7ygl9spspfejm87inywjhceqrkt3efNM200904120000000000000000000030', 'www.runwaysdk.com', 'xh7ygl9spspfejm87inywjhceqrkt3efNM200904120000000000000000000030');
 INSERT INTO visibilitymodifier (set_id, item_id)  VALUES  ('1ul19sm13ca1u1zb7uzzrhe9whtaho7t', '20071109NM000000000000000000000520071109NM0000000000000000000001');
INSERT INTO metadata_display_label ( default_locale, oid, site_master, key_name) VALUES ('Completed', 'xmdh9uca5qvvq195tb3w7onuojop3njdNM200904120000000000000000000030', 'www.runwaysdk.com', 'xmdh9uca5qvvq195tb3w7onuojop3njdNM200904120000000000000000000030');
 INSERT INTO visibilitymodifier (set_id, item_id)  VALUES  ('xaskuorkb1rzix8haa6efvo5kc7za32k', '20071109NM000000000000000000000520071109NM0000000000000000000001');
 INSERT INTO md_attribute_indicies (set_id, item_id)  VALUES  ('6ntqrwdaz30r8efjraixseygsp21ugy7', '0000000000000000000000000000040100000000000000000000000000000403');
INSERT INTO metadata_display_label ( default_locale, oid, site_master, key_name) VALUES ('Completed', 'zpl3xmmju3gxfolwfq6ca8kdi3gog32sNM200904120000000000000000000030', 'www.runwaysdk.com', 'zpl3xmmju3gxfolwfq6ca8kdi3gog32sNM200904120000000000000000000030');
INSERT INTO md_attribute_boolean ( negative_display_label, default_value, positive_display_label, oid) VALUES ('1y7s2gn2hyk5n750pqdgeejcc6wg1x77NM200904120000000000000000000030', 0, 'xh7ygl9spspfejm87inywjhceqrkt3efNM200904120000000000000000000030', 's9bsvcfqldftnahxte06o55wv0o8q19a00000000000000000000000000000194');
INSERT INTO md_attribute_primitive ( oid) VALUES ('s9bsvcfqldftnahxte06o55wv0o8q19a00000000000000000000000000000194');
INSERT INTO md_attribute_concrete ( column_name, defining_md_class, setter_visibility, setter_visibility_c, immutable, index_name, generate_accessor, system, required, display_label, getter_visibility, getter_visibility_c, index_type, index_type_c, attribute_name, oid) VALUES ('completed', '0fnj9qgoapxjygna1zbnrdk7vm5ciijy00000000000000000000000000000001', '1ul19sm13ca1u1zb7uzzrhe9whtaho7t', '20071109NM000000000000000000000520071109NM0000000000000000000001', 0, 'adj46saymuk1uvn0yze1y22kj32zhi', 1, 0, 1, 'xmdh9uca5qvvq195tb3w7onuojop3njdNM200904120000000000000000000030', 'xaskuorkb1rzix8haa6efvo5kc7za32k', '20071109NM000000000000000000000520071109NM0000000000000000000001', '6ntqrwdaz30r8efjraixseygsp21ugy7', '0000000000000000000000000000040100000000000000000000000000000403', 'completed', 's9bsvcfqldftnahxte06o55wv0o8q19a00000000000000000000000000000194');
INSERT INTO md_attribute ( oid) VALUES ('s9bsvcfqldftnahxte06o55wv0o8q19a00000000000000000000000000000194');
INSERT INTO metadata ( description, created_by, owner, oid, create_date, seq, type, remove, site_master, locked_by, entity_domain, last_updated_by, last_update_date, key_name) VALUES ('zpl3xmmju3gxfolwfq6ca8kdi3gog32sNM200904120000000000000000000030', '0000000000000000000000000000001000000000000000000000000000000003', '0000000000000000000000000000001000000000000000000000000000000003', 's9bsvcfqldftnahxte06o55wv0o8q19a00000000000000000000000000000194', '2014-02-10 12:13:54', 4269, 'com.runwaysdk.system.metadata.MdAttributeBoolean', 1, 'www.runwaysdk.com', NULL, NULL, '0000000000000000000000000000001000000000000000000000000000000003', '2014-02-10 12:13:54', 'com.runwaysdk.system.scheduler.AbstractJob.completed');
ALTER TABLE abstract_job ADD COLUMN completed  int;
INSERT INTO class_attribute_concrete ( oid, parent_id, child_id) VALUES ('x98e9imya3winiadaz6kf01c2wxmcsvj00000000000000000000000000000073', '0fnj9qgoapxjygna1zbnrdk7vm5ciijy00000000000000000000000000000001', 's9bsvcfqldftnahxte06o55wv0o8q19a00000000000000000000000000000194');
INSERT INTO class_attribute ( oid, parent_id, child_id) VALUES ('x98e9imya3winiadaz6kf01c2wxmcsvj00000000000000000000000000000073', '0fnj9qgoapxjygna1zbnrdk7vm5ciijy00000000000000000000000000000001', 's9bsvcfqldftnahxte06o55wv0o8q19a00000000000000000000000000000194');
INSERT INTO metadata_relationship ( entity_domain, site_master, last_updated_by, oid, owner, locked_by, create_date, type, created_by, seq, key_name, last_update_date, parent_id, child_id) VALUES (NULL, 'www.runwaysdk.com', '0000000000000000000000000000001000000000000000000000000000000003', 'x98e9imya3winiadaz6kf01c2wxmcsvj00000000000000000000000000000073', '0000000000000000000000000000001000000000000000000000000000000003', NULL, '2014-02-10 12:13:54', 'com.runwaysdk.system.metadata.ClassAttributeConcrete', '0000000000000000000000000000001000000000000000000000000000000003', 4270, 'com.runwaysdk.system.scheduler.AbstractJob.completed', '2014-02-10 12:13:54', '0fnj9qgoapxjygna1zbnrdk7vm5ciijy00000000000000000000000000000001', 's9bsvcfqldftnahxte06o55wv0o8q19a00000000000000000000000000000194');
INSERT INTO metadata_display_label ( default_locale, oid, site_master, key_name) VALUES ('false', 'r4xg1mibxq71toh0t0s79finrrs1i9f2NM200904120000000000000000000030', 'www.runwaysdk.com', 'r4xg1mibxq71toh0t0s79finrrs1i9f2NM200904120000000000000000000030');
INSERT INTO metadata_display_label ( default_locale, oid, site_master, key_name) VALUES ('true', '1ro99h32kad3r8dsc0jwolbsonhan9k4NM200904120000000000000000000030', 'www.runwaysdk.com', '1ro99h32kad3r8dsc0jwolbsonhan9k4NM200904120000000000000000000030');
 INSERT INTO visibilitymodifier (set_id, item_id)  VALUES  ('svshyve92sjlsbhl2fzuxwj9f3fti0ur', '20071109NM000000000000000000000520071109NM0000000000000000000001');
INSERT INTO metadata_display_label ( default_locale, oid, site_master, key_name) VALUES ('Remove On Complete', 'zig2sjy6d3zahee3rjknbk3uvf99lemfNM200904120000000000000000000030', 'www.runwaysdk.com', 'zig2sjy6d3zahee3rjknbk3uvf99lemfNM200904120000000000000000000030');
 INSERT INTO visibilitymodifier (set_id, item_id)  VALUES  ('svrd8tyz22xqjypk5xlaa05g7eucju47', '20071109NM000000000000000000000520071109NM0000000000000000000001');
 INSERT INTO md_attribute_indicies (set_id, item_id)  VALUES  ('xb2fj7b43m4q4wfleeygtur5iq8zk34v', '0000000000000000000000000000040100000000000000000000000000000403');
INSERT INTO metadata_display_label ( default_locale, oid, site_master, key_name) VALUES ('Remove On Complete', 'siyngd4usotent8t3v2mmpvq86fi7bxaNM200904120000000000000000000030', 'www.runwaysdk.com', 'siyngd4usotent8t3v2mmpvq86fi7bxaNM200904120000000000000000000030');
INSERT INTO md_attribute_boolean ( negative_display_label, default_value, positive_display_label, oid) VALUES ('r4xg1mibxq71toh0t0s79finrrs1i9f2NM200904120000000000000000000030', 0, '1ro99h32kad3r8dsc0jwolbsonhan9k4NM200904120000000000000000000030', '8jjekyd9o6ybpouc4rno9kphkwyfkxas00000000000000000000000000000194');
INSERT INTO md_attribute_primitive ( oid) VALUES ('8jjekyd9o6ybpouc4rno9kphkwyfkxas00000000000000000000000000000194');
INSERT INTO md_attribute_concrete ( column_name, defining_md_class, setter_visibility, setter_visibility_c, immutable, index_name, generate_accessor, system, required, display_label, getter_visibility, getter_visibility_c, index_type, index_type_c, attribute_name, oid) VALUES ('remove_on_complete', '0fnj9qgoapxjygna1zbnrdk7vm5ciijy00000000000000000000000000000001', 'svshyve92sjlsbhl2fzuxwj9f3fti0ur', '20071109NM000000000000000000000520071109NM0000000000000000000001', 0, 'a434jun9mnxivq4gkcnu8rkp0ssjtx', 1, 0, 1, 'zig2sjy6d3zahee3rjknbk3uvf99lemfNM200904120000000000000000000030', 'svrd8tyz22xqjypk5xlaa05g7eucju47', '20071109NM000000000000000000000520071109NM0000000000000000000001', 'xb2fj7b43m4q4wfleeygtur5iq8zk34v', '0000000000000000000000000000040100000000000000000000000000000403', 'removeOnComplete', '8jjekyd9o6ybpouc4rno9kphkwyfkxas00000000000000000000000000000194');
INSERT INTO md_attribute ( oid) VALUES ('8jjekyd9o6ybpouc4rno9kphkwyfkxas00000000000000000000000000000194');
INSERT INTO metadata ( description, created_by, owner, oid, create_date, seq, type, remove, site_master, locked_by, entity_domain, last_updated_by, last_update_date, key_name) VALUES ('siyngd4usotent8t3v2mmpvq86fi7bxaNM200904120000000000000000000030', '0000000000000000000000000000001000000000000000000000000000000003', '0000000000000000000000000000001000000000000000000000000000000003', '8jjekyd9o6ybpouc4rno9kphkwyfkxas00000000000000000000000000000194', '2014-02-10 12:13:54', 4271, 'com.runwaysdk.system.metadata.MdAttributeBoolean', 1, 'www.runwaysdk.com', NULL, NULL, '0000000000000000000000000000001000000000000000000000000000000003', '2014-02-10 12:13:54', 'com.runwaysdk.system.scheduler.AbstractJob.removeOnComplete');
ALTER TABLE abstract_job ADD COLUMN remove_on_complete  int;
INSERT INTO class_attribute_concrete ( oid, parent_id, child_id) VALUES ('8ce2re3rxxwuxu44fmmss18tttrdgokl00000000000000000000000000000073', '0fnj9qgoapxjygna1zbnrdk7vm5ciijy00000000000000000000000000000001', '8jjekyd9o6ybpouc4rno9kphkwyfkxas00000000000000000000000000000194');
INSERT INTO class_attribute ( oid, parent_id, child_id) VALUES ('8ce2re3rxxwuxu44fmmss18tttrdgokl00000000000000000000000000000073', '0fnj9qgoapxjygna1zbnrdk7vm5ciijy00000000000000000000000000000001', '8jjekyd9o6ybpouc4rno9kphkwyfkxas00000000000000000000000000000194');
INSERT INTO metadata_relationship ( entity_domain, site_master, last_updated_by, oid, owner, locked_by, create_date, type, created_by, seq, key_name, last_update_date, parent_id, child_id) VALUES (NULL, 'www.runwaysdk.com', '0000000000000000000000000000001000000000000000000000000000000003', '8ce2re3rxxwuxu44fmmss18tttrdgokl00000000000000000000000000000073', '0000000000000000000000000000001000000000000000000000000000000003', NULL, '2014-02-10 12:13:54', 'com.runwaysdk.system.metadata.ClassAttributeConcrete', '0000000000000000000000000000001000000000000000000000000000000003', 4272, 'com.runwaysdk.system.scheduler.AbstractJob.removeOnComplete', '2014-02-10 12:13:54', '0fnj9qgoapxjygna1zbnrdk7vm5ciijy00000000000000000000000000000001', '8jjekyd9o6ybpouc4rno9kphkwyfkxas00000000000000000000000000000194');
INSERT INTO metadata_display_label ( default_locale, oid, site_master, key_name) VALUES ('false', '6rfmhuyz5z0ufsyxgqbrkkc4w186n9lnNM200904120000000000000000000030', 'www.runwaysdk.com', '6rfmhuyz5z0ufsyxgqbrkkc4w186n9lnNM200904120000000000000000000030');
INSERT INTO metadata_display_label ( default_locale, oid, site_master, key_name) VALUES ('true', 'zoedpuy5z6zeqe7rj0b4c8g29sopkv26NM200904120000000000000000000030', 'www.runwaysdk.com', 'zoedpuy5z6zeqe7rj0b4c8g29sopkv26NM200904120000000000000000000030');
 INSERT INTO visibilitymodifier (set_id, item_id)  VALUES  ('r87g7069dnogp2t1b6mnabwab0vkkvik', '20071109NM000000000000000000000520071109NM0000000000000000000001');
INSERT INTO metadata_display_label ( default_locale, oid, site_master, key_name) VALUES ('Start On Create', 'skem9yxg9nn8l3eff31hd2z48n5nqzc6NM200904120000000000000000000030', 'www.runwaysdk.com', 'skem9yxg9nn8l3eff31hd2z48n5nqzc6NM200904120000000000000000000030');
 INSERT INTO visibilitymodifier (set_id, item_id)  VALUES  ('xjsitt48nrtlavrs5k2w5fiqajx3ew40', '20071109NM000000000000000000000520071109NM0000000000000000000001');
 INSERT INTO md_attribute_indicies (set_id, item_id)  VALUES  ('0f09uatnk0pepyhrdppqm42166om2bah', '0000000000000000000000000000040100000000000000000000000000000403');
INSERT INTO metadata_display_label ( default_locale, oid, site_master, key_name) VALUES ('Start On Create', '0spg90h07a712ttaf4ygm5ivlcm8l1ihNM200904120000000000000000000030', 'www.runwaysdk.com', '0spg90h07a712ttaf4ygm5ivlcm8l1ihNM200904120000000000000000000030');
INSERT INTO md_attribute_boolean ( negative_display_label, default_value, positive_display_label, oid) VALUES ('6rfmhuyz5z0ufsyxgqbrkkc4w186n9lnNM200904120000000000000000000030', 0, 'zoedpuy5z6zeqe7rj0b4c8g29sopkv26NM200904120000000000000000000030', '0jqq6fd2kxe5xpgynmkfi57tfiog1xcl00000000000000000000000000000194');
INSERT INTO md_attribute_primitive ( oid) VALUES ('0jqq6fd2kxe5xpgynmkfi57tfiog1xcl00000000000000000000000000000194');
INSERT INTO md_attribute_concrete ( column_name, defining_md_class, setter_visibility, setter_visibility_c, immutable, index_name, generate_accessor, system, required, display_label, getter_visibility, getter_visibility_c, index_type, index_type_c, attribute_name, oid) VALUES ('start_on_create', '0fnj9qgoapxjygna1zbnrdk7vm5ciijy00000000000000000000000000000001', 'r87g7069dnogp2t1b6mnabwab0vkkvik', '20071109NM000000000000000000000520071109NM0000000000000000000001', 0, 'asdy2wxtmpwi5benhid9ov6uro8zlk', 1, 0, 1, 'skem9yxg9nn8l3eff31hd2z48n5nqzc6NM200904120000000000000000000030', 'xjsitt48nrtlavrs5k2w5fiqajx3ew40', '20071109NM000000000000000000000520071109NM0000000000000000000001', '0f09uatnk0pepyhrdppqm42166om2bah', '0000000000000000000000000000040100000000000000000000000000000403', 'startOnCreate', '0jqq6fd2kxe5xpgynmkfi57tfiog1xcl00000000000000000000000000000194');
INSERT INTO md_attribute ( oid) VALUES ('0jqq6fd2kxe5xpgynmkfi57tfiog1xcl00000000000000000000000000000194');
INSERT INTO metadata ( description, created_by, owner, oid, create_date, seq, type, remove, site_master, locked_by, entity_domain, last_updated_by, last_update_date, key_name) VALUES ('0spg90h07a712ttaf4ygm5ivlcm8l1ihNM200904120000000000000000000030', '0000000000000000000000000000001000000000000000000000000000000003', '0000000000000000000000000000001000000000000000000000000000000003', '0jqq6fd2kxe5xpgynmkfi57tfiog1xcl00000000000000000000000000000194', '2014-02-10 12:13:54', 4273, 'com.runwaysdk.system.metadata.MdAttributeBoolean', 1, 'www.runwaysdk.com', NULL, NULL, '0000000000000000000000000000001000000000000000000000000000000003', '2014-02-10 12:13:54', 'com.runwaysdk.system.scheduler.AbstractJob.startOnCreate');
ALTER TABLE abstract_job ADD COLUMN start_on_create  int;
INSERT INTO class_attribute_concrete ( oid, parent_id, child_id) VALUES ('8exyef45jwpn53qybqipuf5lrz43oxjr00000000000000000000000000000073', '0fnj9qgoapxjygna1zbnrdk7vm5ciijy00000000000000000000000000000001', '0jqq6fd2kxe5xpgynmkfi57tfiog1xcl00000000000000000000000000000194');
INSERT INTO class_attribute ( oid, parent_id, child_id) VALUES ('8exyef45jwpn53qybqipuf5lrz43oxjr00000000000000000000000000000073', '0fnj9qgoapxjygna1zbnrdk7vm5ciijy00000000000000000000000000000001', '0jqq6fd2kxe5xpgynmkfi57tfiog1xcl00000000000000000000000000000194');
INSERT INTO metadata_relationship ( entity_domain, site_master, last_updated_by, oid, owner, locked_by, create_date, type, created_by, seq, key_name, last_update_date, parent_id, child_id) VALUES (NULL, 'www.runwaysdk.com', '0000000000000000000000000000001000000000000000000000000000000003', '8exyef45jwpn53qybqipuf5lrz43oxjr00000000000000000000000000000073', '0000000000000000000000000000001000000000000000000000000000000003', NULL, '2014-02-10 12:13:54', 'com.runwaysdk.system.metadata.ClassAttributeConcrete', '0000000000000000000000000000001000000000000000000000000000000003', 4274, 'com.runwaysdk.system.scheduler.AbstractJob.startOnCreate', '2014-02-10 12:13:54', '0fnj9qgoapxjygna1zbnrdk7vm5ciijy00000000000000000000000000000001', '0jqq6fd2kxe5xpgynmkfi57tfiog1xcl00000000000000000000000000000194');
INSERT INTO metadata_display_label ( default_locale, oid, site_master, key_name) VALUES ('false', 'znctkaxg2wvnn0xjt3ofax3lt388q8gvNM200904120000000000000000000030', 'www.runwaysdk.com', 'znctkaxg2wvnn0xjt3ofax3lt388q8gvNM200904120000000000000000000030');
INSERT INTO metadata_display_label ( default_locale, oid, site_master, key_name) VALUES ('true', '00w85n2bnddsmdpexrghgz3ne61ml0h0NM200904120000000000000000000030', 'www.runwaysdk.com', '00w85n2bnddsmdpexrghgz3ne61ml0h0NM200904120000000000000000000030');
 INSERT INTO visibilitymodifier (set_id, item_id)  VALUES  ('sqjp46lxjz7zdyxgg43armsrasxj59zc', '20071109NM000000000000000000000520071109NM0000000000000000000001');
INSERT INTO metadata_display_label ( default_locale, oid, site_master, key_name) VALUES ('Cancelable', '2bflrrkl872qqwowwsc8dwcfqb9ejbpxNM200904120000000000000000000030', 'www.runwaysdk.com', '2bflrrkl872qqwowwsc8dwcfqb9ejbpxNM200904120000000000000000000030');
 INSERT INTO visibilitymodifier (set_id, item_id)  VALUES  ('qprn0vym740bmdu5x67plv168p2p64n7', '20071109NM000000000000000000000520071109NM0000000000000000000001');
 INSERT INTO md_attribute_indicies (set_id, item_id)  VALUES  ('ss4w6esr3rk0yrirt34kbszbjakr7ise', '0000000000000000000000000000040100000000000000000000000000000403');
INSERT INTO metadata_display_label ( default_locale, oid, site_master, key_name) VALUES ('Cancelable', '09w2gaehrc38awgcxk58wvzeii8njo1kNM200904120000000000000000000030', 'www.runwaysdk.com', '09w2gaehrc38awgcxk58wvzeii8njo1kNM200904120000000000000000000030');
INSERT INTO md_attribute_boolean ( negative_display_label, default_value, positive_display_label, oid) VALUES ('znctkaxg2wvnn0xjt3ofax3lt388q8gvNM200904120000000000000000000030', 0, '00w85n2bnddsmdpexrghgz3ne61ml0h0NM200904120000000000000000000030', 'stulihh05jwj7e2lu1y6nv8nyfvimo1500000000000000000000000000000194');
INSERT INTO md_attribute_primitive ( oid) VALUES ('stulihh05jwj7e2lu1y6nv8nyfvimo1500000000000000000000000000000194');
INSERT INTO md_attribute_concrete ( column_name, defining_md_class, setter_visibility, setter_visibility_c, immutable, index_name, generate_accessor, system, required, display_label, getter_visibility, getter_visibility_c, index_type, index_type_c, attribute_name, oid) VALUES ('cancelable', '0fnj9qgoapxjygna1zbnrdk7vm5ciijy00000000000000000000000000000001', 'sqjp46lxjz7zdyxgg43armsrasxj59zc', '20071109NM000000000000000000000520071109NM0000000000000000000001', 0, 'a801om0rai1cxx0c08406ic2lwvzt2', 1, 0, 1, '2bflrrkl872qqwowwsc8dwcfqb9ejbpxNM200904120000000000000000000030', 'qprn0vym740bmdu5x67plv168p2p64n7', '20071109NM000000000000000000000520071109NM0000000000000000000001', 'ss4w6esr3rk0yrirt34kbszbjakr7ise', '0000000000000000000000000000040100000000000000000000000000000403', 'cancelable', 'stulihh05jwj7e2lu1y6nv8nyfvimo1500000000000000000000000000000194');
INSERT INTO md_attribute ( oid) VALUES ('stulihh05jwj7e2lu1y6nv8nyfvimo1500000000000000000000000000000194');
INSERT INTO metadata ( description, created_by, owner, oid, create_date, seq, type, remove, site_master, locked_by, entity_domain, last_updated_by, last_update_date, key_name) VALUES ('09w2gaehrc38awgcxk58wvzeii8njo1kNM200904120000000000000000000030', '0000000000000000000000000000001000000000000000000000000000000003', '0000000000000000000000000000001000000000000000000000000000000003', 'stulihh05jwj7e2lu1y6nv8nyfvimo1500000000000000000000000000000194', '2014-02-10 12:13:54', 4275, 'com.runwaysdk.system.metadata.MdAttributeBoolean', 1, 'www.runwaysdk.com', NULL, NULL, '0000000000000000000000000000001000000000000000000000000000000003', '2014-02-10 12:13:54', 'com.runwaysdk.system.scheduler.AbstractJob.cancelable');
ALTER TABLE abstract_job ADD COLUMN cancelable  int;
INSERT INTO class_attribute_concrete ( oid, parent_id, child_id) VALUES ('qr6pcu86pavnps7ezig8cizanetk0iy000000000000000000000000000000073', '0fnj9qgoapxjygna1zbnrdk7vm5ciijy00000000000000000000000000000001', 'stulihh05jwj7e2lu1y6nv8nyfvimo1500000000000000000000000000000194');
INSERT INTO class_attribute ( oid, parent_id, child_id) VALUES ('qr6pcu86pavnps7ezig8cizanetk0iy000000000000000000000000000000073', '0fnj9qgoapxjygna1zbnrdk7vm5ciijy00000000000000000000000000000001', 'stulihh05jwj7e2lu1y6nv8nyfvimo1500000000000000000000000000000194');
INSERT INTO metadata_relationship ( entity_domain, site_master, last_updated_by, oid, owner, locked_by, create_date, type, created_by, seq, key_name, last_update_date, parent_id, child_id) VALUES (NULL, 'www.runwaysdk.com', '0000000000000000000000000000001000000000000000000000000000000003', 'qr6pcu86pavnps7ezig8cizanetk0iy000000000000000000000000000000073', '0000000000000000000000000000001000000000000000000000000000000003', NULL, '2014-02-10 12:13:54', 'com.runwaysdk.system.metadata.ClassAttributeConcrete', '0000000000000000000000000000001000000000000000000000000000000003', 4276, 'com.runwaysdk.system.scheduler.AbstractJob.cancelable', '2014-02-10 12:13:54', '0fnj9qgoapxjygna1zbnrdk7vm5ciijy00000000000000000000000000000001', 'stulihh05jwj7e2lu1y6nv8nyfvimo1500000000000000000000000000000194');
INSERT INTO metadata_display_label ( default_locale, oid, site_master, key_name) VALUES ('false', 'zgczul5atkd370delakgyo7ad19lzw5qNM200904120000000000000000000030', 'www.runwaysdk.com', 'zgczul5atkd370delakgyo7ad19lzw5qNM200904120000000000000000000030');
INSERT INTO metadata_display_label ( default_locale, oid, site_master, key_name) VALUES ('true', '21g7vy3qdxrytw0tvtvurkpmfq7n87nyNM200904120000000000000000000030', 'www.runwaysdk.com', '21g7vy3qdxrytw0tvtvurkpmfq7n87nyNM200904120000000000000000000030');
 INSERT INTO visibilitymodifier (set_id, item_id)  VALUES  ('1nyw9tt709ims8on7glztuy5iro7kidr', '20071109NM000000000000000000000520071109NM0000000000000000000001');
INSERT INTO metadata_display_label ( default_locale, oid, site_master, key_name) VALUES ('Canceled', 'sxwdimoi2hr7rmsoqgndaigsfr4rjvhyNM200904120000000000000000000030', 'www.runwaysdk.com', 'sxwdimoi2hr7rmsoqgndaigsfr4rjvhyNM200904120000000000000000000030');
 INSERT INTO visibilitymodifier (set_id, item_id)  VALUES  ('z7ulo1h7ndg9h7kjex4gik7mcsit1n2x', '20071109NM000000000000000000000520071109NM0000000000000000000001');
 INSERT INTO md_attribute_indicies (set_id, item_id)  VALUES  ('xhr7yn00ga2tfjsqjp3es72ooqfgs0kj', '0000000000000000000000000000040100000000000000000000000000000403');
INSERT INTO metadata_display_label ( default_locale, oid, site_master, key_name) VALUES ('Canceled', '0e192539lm3mnjtt94jqft4f69ok1xhcNM200904120000000000000000000030', 'www.runwaysdk.com', '0e192539lm3mnjtt94jqft4f69ok1xhcNM200904120000000000000000000030');
INSERT INTO md_attribute_boolean ( negative_display_label, default_value, positive_display_label, oid) VALUES ('zgczul5atkd370delakgyo7ad19lzw5qNM200904120000000000000000000030', 0, '21g7vy3qdxrytw0tvtvurkpmfq7n87nyNM200904120000000000000000000030', '25q4ui5xj819gauulaqompxmrhw2kabb00000000000000000000000000000194');
INSERT INTO md_attribute_primitive ( oid) VALUES ('25q4ui5xj819gauulaqompxmrhw2kabb00000000000000000000000000000194');
INSERT INTO md_attribute_concrete ( column_name, defining_md_class, setter_visibility, setter_visibility_c, immutable, index_name, generate_accessor, system, required, display_label, getter_visibility, getter_visibility_c, index_type, index_type_c, attribute_name, oid) VALUES ('canceled', '0fnj9qgoapxjygna1zbnrdk7vm5ciijy00000000000000000000000000000001', '1nyw9tt709ims8on7glztuy5iro7kidr', '20071109NM000000000000000000000520071109NM0000000000000000000001', 0, 'ac7rkwyuynhiye8ru5njm6q2n6q64b', 1, 0, 1, 'sxwdimoi2hr7rmsoqgndaigsfr4rjvhyNM200904120000000000000000000030', 'z7ulo1h7ndg9h7kjex4gik7mcsit1n2x', '20071109NM000000000000000000000520071109NM0000000000000000000001', 'xhr7yn00ga2tfjsqjp3es72ooqfgs0kj', '0000000000000000000000000000040100000000000000000000000000000403', 'canceled', '25q4ui5xj819gauulaqompxmrhw2kabb00000000000000000000000000000194');
INSERT INTO md_attribute ( oid) VALUES ('25q4ui5xj819gauulaqompxmrhw2kabb00000000000000000000000000000194');
INSERT INTO metadata ( description, created_by, owner, oid, create_date, seq, type, remove, site_master, locked_by, entity_domain, last_updated_by, last_update_date, key_name) VALUES ('0e192539lm3mnjtt94jqft4f69ok1xhcNM200904120000000000000000000030', '0000000000000000000000000000001000000000000000000000000000000003', '0000000000000000000000000000001000000000000000000000000000000003', '25q4ui5xj819gauulaqompxmrhw2kabb00000000000000000000000000000194', '2014-02-10 12:13:54', 4277, 'com.runwaysdk.system.metadata.MdAttributeBoolean', 1, 'www.runwaysdk.com', NULL, NULL, '0000000000000000000000000000001000000000000000000000000000000003', '2014-02-10 12:13:54', 'com.runwaysdk.system.scheduler.AbstractJob.canceled');
ALTER TABLE abstract_job ADD COLUMN canceled  int;
INSERT INTO class_attribute_concrete ( oid, parent_id, child_id) VALUES ('x9t1esvd5hdrlykghg1do55jh5lpmikf00000000000000000000000000000073', '0fnj9qgoapxjygna1zbnrdk7vm5ciijy00000000000000000000000000000001', '25q4ui5xj819gauulaqompxmrhw2kabb00000000000000000000000000000194');
INSERT INTO class_attribute ( oid, parent_id, child_id) VALUES ('x9t1esvd5hdrlykghg1do55jh5lpmikf00000000000000000000000000000073', '0fnj9qgoapxjygna1zbnrdk7vm5ciijy00000000000000000000000000000001', '25q4ui5xj819gauulaqompxmrhw2kabb00000000000000000000000000000194');
INSERT INTO metadata_relationship ( entity_domain, site_master, last_updated_by, oid, owner, locked_by, create_date, type, created_by, seq, key_name, last_update_date, parent_id, child_id) VALUES (NULL, 'www.runwaysdk.com', '0000000000000000000000000000001000000000000000000000000000000003', 'x9t1esvd5hdrlykghg1do55jh5lpmikf00000000000000000000000000000073', '0000000000000000000000000000001000000000000000000000000000000003', NULL, '2014-02-10 12:13:54', 'com.runwaysdk.system.metadata.ClassAttributeConcrete', '0000000000000000000000000000001000000000000000000000000000000003', 4278, 'com.runwaysdk.system.scheduler.AbstractJob.canceled', '2014-02-10 12:13:54', '0fnj9qgoapxjygna1zbnrdk7vm5ciijy00000000000000000000000000000001', '25q4ui5xj819gauulaqompxmrhw2kabb00000000000000000000000000000194');
INSERT INTO metadata_display_label ( default_locale, oid, site_master, key_name) VALUES ('false', '0ad394v2vpjfw5yvoc6e1hlewx6kgkulNM200904120000000000000000000030', 'www.runwaysdk.com', '0ad394v2vpjfw5yvoc6e1hlewx6kgkulNM200904120000000000000000000030');
INSERT INTO metadata_display_label ( default_locale, oid, site_master, key_name) VALUES ('true', 'xqk3dn7cvt8b4qxs2ypci1vjrg25fhftNM200904120000000000000000000030', 'www.runwaysdk.com', 'xqk3dn7cvt8b4qxs2ypci1vjrg25fhftNM200904120000000000000000000030');
 INSERT INTO visibilitymodifier (set_id, item_id)  VALUES  ('0mlz3gfniqnj3mzpbsewgsy65tu9718j', '20071109NM000000000000000000000520071109NM0000000000000000000001');
INSERT INTO metadata_display_label ( default_locale, oid, site_master, key_name) VALUES ('Running', '0pkmnn9x6gev93nn9xrd14yefayfiek9NM200904120000000000000000000030', 'www.runwaysdk.com', '0pkmnn9x6gev93nn9xrd14yefayfiek9NM200904120000000000000000000030');
 INSERT INTO visibilitymodifier (set_id, item_id)  VALUES  ('sq9flr9c5l43dbp4iajrry5icilzsceg', '20071109NM000000000000000000000520071109NM0000000000000000000001');
 INSERT INTO md_attribute_indicies (set_id, item_id)  VALUES  ('z1z7fi50bi514rixodggzp478fdgzr58', '0000000000000000000000000000040100000000000000000000000000000403');
INSERT INTO metadata_display_label ( default_locale, oid, site_master, key_name) VALUES ('Running', '8kxp8ea2vm4la85n1qujpd6yn1x6lz1eNM200904120000000000000000000030', 'www.runwaysdk.com', '8kxp8ea2vm4la85n1qujpd6yn1x6lz1eNM200904120000000000000000000030');
INSERT INTO md_attribute_boolean ( negative_display_label, default_value, positive_display_label, oid) VALUES ('0ad394v2vpjfw5yvoc6e1hlewx6kgkulNM200904120000000000000000000030', 0, 'xqk3dn7cvt8b4qxs2ypci1vjrg25fhftNM200904120000000000000000000030', 'y0kxd2fujadac3om2beynhcbhkc8i86i00000000000000000000000000000194');
INSERT INTO md_attribute_primitive ( oid) VALUES ('y0kxd2fujadac3om2beynhcbhkc8i86i00000000000000000000000000000194');
INSERT INTO md_attribute_concrete ( column_name, defining_md_class, setter_visibility, setter_visibility_c, immutable, index_name, generate_accessor, system, required, display_label, getter_visibility, getter_visibility_c, index_type, index_type_c, attribute_name, oid) VALUES ('running', '0fnj9qgoapxjygna1zbnrdk7vm5ciijy00000000000000000000000000000001', '0mlz3gfniqnj3mzpbsewgsy65tu9718j', '20071109NM000000000000000000000520071109NM0000000000000000000001', 0, 'asx8vptplare26s5d9icqtkhxncjku', 1, 0, 1, '0pkmnn9x6gev93nn9xrd14yefayfiek9NM200904120000000000000000000030', 'sq9flr9c5l43dbp4iajrry5icilzsceg', '20071109NM000000000000000000000520071109NM0000000000000000000001', 'z1z7fi50bi514rixodggzp478fdgzr58', '0000000000000000000000000000040100000000000000000000000000000403', 'running', 'y0kxd2fujadac3om2beynhcbhkc8i86i00000000000000000000000000000194');
INSERT INTO md_attribute ( oid) VALUES ('y0kxd2fujadac3om2beynhcbhkc8i86i00000000000000000000000000000194');
INSERT INTO metadata ( description, created_by, owner, oid, create_date, seq, type, remove, site_master, locked_by, entity_domain, last_updated_by, last_update_date, key_name) VALUES ('8kxp8ea2vm4la85n1qujpd6yn1x6lz1eNM200904120000000000000000000030', '0000000000000000000000000000001000000000000000000000000000000003', '0000000000000000000000000000001000000000000000000000000000000003', 'y0kxd2fujadac3om2beynhcbhkc8i86i00000000000000000000000000000194', '2014-02-10 12:13:54', 4279, 'com.runwaysdk.system.metadata.MdAttributeBoolean', 1, 'www.runwaysdk.com', NULL, NULL, '0000000000000000000000000000001000000000000000000000000000000003', '2014-02-10 12:13:54', 'com.runwaysdk.system.scheduler.AbstractJob.running');
ALTER TABLE abstract_job ADD COLUMN running  int;
INSERT INTO class_attribute_concrete ( oid, parent_id, child_id) VALUES ('6z731n8kiz0w15uhyo2n0h1xepjnt17y00000000000000000000000000000073', '0fnj9qgoapxjygna1zbnrdk7vm5ciijy00000000000000000000000000000001', 'y0kxd2fujadac3om2beynhcbhkc8i86i00000000000000000000000000000194');
INSERT INTO class_attribute ( oid, parent_id, child_id) VALUES ('6z731n8kiz0w15uhyo2n0h1xepjnt17y00000000000000000000000000000073', '0fnj9qgoapxjygna1zbnrdk7vm5ciijy00000000000000000000000000000001', 'y0kxd2fujadac3om2beynhcbhkc8i86i00000000000000000000000000000194');
INSERT INTO metadata_relationship ( entity_domain, site_master, last_updated_by, oid, owner, locked_by, create_date, type, created_by, seq, key_name, last_update_date, parent_id, child_id) VALUES (NULL, 'www.runwaysdk.com', '0000000000000000000000000000001000000000000000000000000000000003', '6z731n8kiz0w15uhyo2n0h1xepjnt17y00000000000000000000000000000073', '0000000000000000000000000000001000000000000000000000000000000003', NULL, '2014-02-10 12:13:54', 'com.runwaysdk.system.metadata.ClassAttributeConcrete', '0000000000000000000000000000001000000000000000000000000000000003', 4280, 'com.runwaysdk.system.scheduler.AbstractJob.running', '2014-02-10 12:13:54', '0fnj9qgoapxjygna1zbnrdk7vm5ciijy00000000000000000000000000000001', 'y0kxd2fujadac3om2beynhcbhkc8i86i00000000000000000000000000000194');
 INSERT INTO visibilitymodifier (set_id, item_id)  VALUES  ('8hbd7t9y8sdw2zr57tpc6v04de5wl0ci', '20071109NM000000000000000000000520071109NM0000000000000000000001');
INSERT INTO metadata_display_label ( default_locale, oid, site_master, key_name) VALUES ('Max Retries', 'xl2164cejd40w8t8y104jx42l5mtzmf8NM200904120000000000000000000030', 'www.runwaysdk.com', 'xl2164cejd40w8t8y104jx42l5mtzmf8NM200904120000000000000000000030');
 INSERT INTO visibilitymodifier (set_id, item_id)  VALUES  ('zcz4prbt814qwuq46lb40yaros1k9k17', '20071109NM000000000000000000000520071109NM0000000000000000000001');
 INSERT INTO md_attribute_indicies (set_id, item_id)  VALUES  ('73q2c8mixka6qyg6tn7jyi477hp8a93l', '0000000000000000000000000000040100000000000000000000000000000403');
INSERT INTO metadata_display_label ( default_locale, oid, site_master, key_name) VALUES ('Max Retries', '0ohpwifmvct56mooa2i0fv7s62havp8bNM200904120000000000000000000030', 'www.runwaysdk.com', '0ohpwifmvct56mooa2i0fv7s62havp8bNM200904120000000000000000000030');
INSERT INTO md_attribute_integer ( start_range, default_value, end_range, oid) VALUES (NULL, NULL, NULL, 'zncr6whvppf4auqpzfnb2wonimgvwhw000000000000000000000000000000332');
INSERT INTO md_attribute_int ( oid) VALUES ('zncr6whvppf4auqpzfnb2wonimgvwhw000000000000000000000000000000332');
INSERT INTO md_attribute_number ( reject_negative, reject_zero, reject_positive, oid) VALUES (1, 0, 0, 'zncr6whvppf4auqpzfnb2wonimgvwhw000000000000000000000000000000332');
INSERT INTO md_attribute_primitive ( oid) VALUES ('zncr6whvppf4auqpzfnb2wonimgvwhw000000000000000000000000000000332');
INSERT INTO md_attribute_concrete ( column_name, defining_md_class, setter_visibility, setter_visibility_c, immutable, index_name, generate_accessor, system, required, display_label, getter_visibility, getter_visibility_c, index_type, index_type_c, attribute_name, oid) VALUES ('max_retries', '0fnj9qgoapxjygna1zbnrdk7vm5ciijy00000000000000000000000000000001', '8hbd7t9y8sdw2zr57tpc6v04de5wl0ci', '20071109NM000000000000000000000520071109NM0000000000000000000001', 0, 'ag95243ir4hw1lc26a6s1pgrqjqgot', 1, 0, 0, 'xl2164cejd40w8t8y104jx42l5mtzmf8NM200904120000000000000000000030', 'zcz4prbt814qwuq46lb40yaros1k9k17', '20071109NM000000000000000000000520071109NM0000000000000000000001', '73q2c8mixka6qyg6tn7jyi477hp8a93l', '0000000000000000000000000000040100000000000000000000000000000403', 'maxRetries', 'zncr6whvppf4auqpzfnb2wonimgvwhw000000000000000000000000000000332');
INSERT INTO md_attribute ( oid) VALUES ('zncr6whvppf4auqpzfnb2wonimgvwhw000000000000000000000000000000332');
INSERT INTO metadata ( description, created_by, owner, oid, create_date, seq, type, remove, site_master, locked_by, entity_domain, last_updated_by, last_update_date, key_name) VALUES ('0ohpwifmvct56mooa2i0fv7s62havp8bNM200904120000000000000000000030', '0000000000000000000000000000001000000000000000000000000000000003', '0000000000000000000000000000001000000000000000000000000000000003', 'zncr6whvppf4auqpzfnb2wonimgvwhw000000000000000000000000000000332', '2014-02-10 12:13:54', 4281, 'com.runwaysdk.system.metadata.MdAttributeInteger', 1, 'www.runwaysdk.com', NULL, NULL, '0000000000000000000000000000001000000000000000000000000000000003', '2014-02-10 12:13:54', 'com.runwaysdk.system.scheduler.AbstractJob.maxRetries');
ALTER TABLE abstract_job ADD COLUMN max_retries  int;
INSERT INTO class_attribute_concrete ( oid, parent_id, child_id) VALUES ('2f522nxsywymjbxzr47cfufr42ea51u900000000000000000000000000000073', '0fnj9qgoapxjygna1zbnrdk7vm5ciijy00000000000000000000000000000001', 'zncr6whvppf4auqpzfnb2wonimgvwhw000000000000000000000000000000332');
INSERT INTO class_attribute ( oid, parent_id, child_id) VALUES ('2f522nxsywymjbxzr47cfufr42ea51u900000000000000000000000000000073', '0fnj9qgoapxjygna1zbnrdk7vm5ciijy00000000000000000000000000000001', 'zncr6whvppf4auqpzfnb2wonimgvwhw000000000000000000000000000000332');
INSERT INTO metadata_relationship ( entity_domain, site_master, last_updated_by, oid, owner, locked_by, create_date, type, created_by, seq, key_name, last_update_date, parent_id, child_id) VALUES (NULL, 'www.runwaysdk.com', '0000000000000000000000000000001000000000000000000000000000000003', '2f522nxsywymjbxzr47cfufr42ea51u900000000000000000000000000000073', '0000000000000000000000000000001000000000000000000000000000000003', NULL, '2014-02-10 12:13:54', 'com.runwaysdk.system.metadata.ClassAttributeConcrete', '0000000000000000000000000000001000000000000000000000000000000003', 4282, 'com.runwaysdk.system.scheduler.AbstractJob.maxRetries', '2014-02-10 12:13:54', '0fnj9qgoapxjygna1zbnrdk7vm5ciijy00000000000000000000000000000001', 'zncr6whvppf4auqpzfnb2wonimgvwhw000000000000000000000000000000332');
 INSERT INTO visibilitymodifier (set_id, item_id)  VALUES  ('6vqdetrfdomikjf8l5e4rfjdpg07lfez', '20071109NM000000000000000000000520071109NM0000000000000000000001');
INSERT INTO metadata_display_label ( default_locale, oid, site_master, key_name) VALUES ('Retries', '20zanzw3vg4yflil9xx888qa9af3xyl8NM200904120000000000000000000030', 'www.runwaysdk.com', '20zanzw3vg4yflil9xx888qa9af3xyl8NM200904120000000000000000000030');
 INSERT INTO visibilitymodifier (set_id, item_id)  VALUES  ('6utkt9sfw19jifen43cqjut581lzitbn', '20071109NM000000000000000000000520071109NM0000000000000000000001');
 INSERT INTO md_attribute_indicies (set_id, item_id)  VALUES  ('1v2k6xj6g9uu6u4iuakdj0q3v1t7v3pb', '0000000000000000000000000000040100000000000000000000000000000403');
INSERT INTO metadata_display_label ( default_locale, oid, site_master, key_name) VALUES ('Retries', '1rvqv7zxzlbwbqn7ytxzd7n4iuxmgv5wNM200904120000000000000000000030', 'www.runwaysdk.com', '1rvqv7zxzlbwbqn7ytxzd7n4iuxmgv5wNM200904120000000000000000000030');
INSERT INTO md_attribute_integer ( start_range, default_value, end_range, oid) VALUES (NULL, NULL, NULL, '78srpi6mazu9gxpfwxqqexyegp0ez8cf00000000000000000000000000000332');
INSERT INTO md_attribute_int ( oid) VALUES ('78srpi6mazu9gxpfwxqqexyegp0ez8cf00000000000000000000000000000332');
INSERT INTO md_attribute_number ( reject_negative, reject_zero, reject_positive, oid) VALUES (1, 0, 0, '78srpi6mazu9gxpfwxqqexyegp0ez8cf00000000000000000000000000000332');
INSERT INTO md_attribute_primitive ( oid) VALUES ('78srpi6mazu9gxpfwxqqexyegp0ez8cf00000000000000000000000000000332');
INSERT INTO md_attribute_concrete ( column_name, defining_md_class, setter_visibility, setter_visibility_c, immutable, index_name, generate_accessor, system, required, display_label, getter_visibility, getter_visibility_c, index_type, index_type_c, attribute_name, oid) VALUES ('retries', '0fnj9qgoapxjygna1zbnrdk7vm5ciijy00000000000000000000000000000001', '6vqdetrfdomikjf8l5e4rfjdpg07lfez', '20071109NM000000000000000000000520071109NM0000000000000000000001', 0, 'a0hlqwup85neemzsd3mu9whvcxi9vw', 1, 0, 0, '20zanzw3vg4yflil9xx888qa9af3xyl8NM200904120000000000000000000030', '6utkt9sfw19jifen43cqjut581lzitbn', '20071109NM000000000000000000000520071109NM0000000000000000000001', '1v2k6xj6g9uu6u4iuakdj0q3v1t7v3pb', '0000000000000000000000000000040100000000000000000000000000000403', 'retries', '78srpi6mazu9gxpfwxqqexyegp0ez8cf00000000000000000000000000000332');
INSERT INTO md_attribute ( oid) VALUES ('78srpi6mazu9gxpfwxqqexyegp0ez8cf00000000000000000000000000000332');
INSERT INTO metadata ( description, created_by, owner, oid, create_date, seq, type, remove, site_master, locked_by, entity_domain, last_updated_by, last_update_date, key_name) VALUES ('1rvqv7zxzlbwbqn7ytxzd7n4iuxmgv5wNM200904120000000000000000000030', '0000000000000000000000000000001000000000000000000000000000000003', '0000000000000000000000000000001000000000000000000000000000000003', '78srpi6mazu9gxpfwxqqexyegp0ez8cf00000000000000000000000000000332', '2014-02-10 12:13:54', 4283, 'com.runwaysdk.system.metadata.MdAttributeInteger', 1, 'www.runwaysdk.com', NULL, NULL, '0000000000000000000000000000001000000000000000000000000000000003', '2014-02-10 12:13:54', 'com.runwaysdk.system.scheduler.AbstractJob.retries');
ALTER TABLE abstract_job ADD COLUMN retries  int;
INSERT INTO class_attribute_concrete ( oid, parent_id, child_id) VALUES ('7f4r3xall0w13q3o73a15m72fa83s88j00000000000000000000000000000073', '0fnj9qgoapxjygna1zbnrdk7vm5ciijy00000000000000000000000000000001', '78srpi6mazu9gxpfwxqqexyegp0ez8cf00000000000000000000000000000332');
INSERT INTO class_attribute ( oid, parent_id, child_id) VALUES ('7f4r3xall0w13q3o73a15m72fa83s88j00000000000000000000000000000073', '0fnj9qgoapxjygna1zbnrdk7vm5ciijy00000000000000000000000000000001', '78srpi6mazu9gxpfwxqqexyegp0ez8cf00000000000000000000000000000332');
INSERT INTO metadata_relationship ( entity_domain, site_master, last_updated_by, oid, owner, locked_by, create_date, type, created_by, seq, key_name, last_update_date, parent_id, child_id) VALUES (NULL, 'www.runwaysdk.com', '0000000000000000000000000000001000000000000000000000000000000003', '7f4r3xall0w13q3o73a15m72fa83s88j00000000000000000000000000000073', '0000000000000000000000000000001000000000000000000000000000000003', NULL, '2014-02-10 12:13:54', 'com.runwaysdk.system.metadata.ClassAttributeConcrete', '0000000000000000000000000000001000000000000000000000000000000003', 4284, 'com.runwaysdk.system.scheduler.AbstractJob.retries', '2014-02-10 12:13:54', '0fnj9qgoapxjygna1zbnrdk7vm5ciijy00000000000000000000000000000001', '78srpi6mazu9gxpfwxqqexyegp0ez8cf00000000000000000000000000000332');
 INSERT INTO visibilitymodifier (set_id, item_id)  VALUES  ('1xi9lxtry36lwyavrqkumjja8x907cqq', '20071109NM000000000000000000000520071109NM0000000000000000000001');
INSERT INTO metadata_display_label ( default_locale, oid, site_master, key_name) VALUES ('Timeout', 'y13aowsr7q110aqea420e16f69unaf7aNM200904120000000000000000000030', 'www.runwaysdk.com', 'y13aowsr7q110aqea420e16f69unaf7aNM200904120000000000000000000030');
 INSERT INTO visibilitymodifier (set_id, item_id)  VALUES  ('xlfavznue1pw72a37oja52wzc9s3y13x', '20071109NM000000000000000000000520071109NM0000000000000000000001');
 INSERT INTO md_attribute_indicies (set_id, item_id)  VALUES  ('8u4u5o53xpu95rd7cudu2zao0dfl6s95', '0000000000000000000000000000040100000000000000000000000000000403');
INSERT INTO metadata_display_label ( default_locale, oid, site_master, key_name) VALUES ('Timeout', '6nt4kh9pwjs8c1yjq8dw0q14x9m8kqodNM200904120000000000000000000030', 'www.runwaysdk.com', '6nt4kh9pwjs8c1yjq8dw0q14x9m8kqodNM200904120000000000000000000030');
INSERT INTO md_attribute_long ( end_range, default_value, start_range, oid) VALUES (NULL, NULL, NULL, 'yz5jdl3l8yaxk1xzav00ctaygx9c8tgi00000000000000000000000000000338');
INSERT INTO md_attribute_int ( oid) VALUES ('yz5jdl3l8yaxk1xzav00ctaygx9c8tgi00000000000000000000000000000338');
INSERT INTO md_attribute_number ( reject_negative, reject_zero, reject_positive, oid) VALUES (1, 0, 0, 'yz5jdl3l8yaxk1xzav00ctaygx9c8tgi00000000000000000000000000000338');
INSERT INTO md_attribute_primitive ( oid) VALUES ('yz5jdl3l8yaxk1xzav00ctaygx9c8tgi00000000000000000000000000000338');
INSERT INTO md_attribute_concrete ( column_name, defining_md_class, setter_visibility, setter_visibility_c, immutable, index_name, generate_accessor, system, required, display_label, getter_visibility, getter_visibility_c, index_type, index_type_c, attribute_name, oid) VALUES ('timeout', '0fnj9qgoapxjygna1zbnrdk7vm5ciijy00000000000000000000000000000001', '1xi9lxtry36lwyavrqkumjja8x907cqq', '20071109NM000000000000000000000520071109NM0000000000000000000001', 0, 'akvpauskxd0n3m7y8ctnz54x7lztx9', 1, 0, 0, 'y13aowsr7q110aqea420e16f69unaf7aNM200904120000000000000000000030', 'xlfavznue1pw72a37oja52wzc9s3y13x', '20071109NM000000000000000000000520071109NM0000000000000000000001', '8u4u5o53xpu95rd7cudu2zao0dfl6s95', '0000000000000000000000000000040100000000000000000000000000000403', 'timeout', 'yz5jdl3l8yaxk1xzav00ctaygx9c8tgi00000000000000000000000000000338');
INSERT INTO md_attribute ( oid) VALUES ('yz5jdl3l8yaxk1xzav00ctaygx9c8tgi00000000000000000000000000000338');
INSERT INTO metadata ( description, created_by, owner, oid, create_date, seq, type, remove, site_master, locked_by, entity_domain, last_updated_by, last_update_date, key_name) VALUES ('6nt4kh9pwjs8c1yjq8dw0q14x9m8kqodNM200904120000000000000000000030', '0000000000000000000000000000001000000000000000000000000000000003', '0000000000000000000000000000001000000000000000000000000000000003', 'yz5jdl3l8yaxk1xzav00ctaygx9c8tgi00000000000000000000000000000338', '2014-02-10 12:13:54', 4285, 'com.runwaysdk.system.metadata.MdAttributeLong', 1, 'www.runwaysdk.com', NULL, NULL, '0000000000000000000000000000001000000000000000000000000000000003', '2014-02-10 12:13:54', 'com.runwaysdk.system.scheduler.AbstractJob.timeout');
ALTER TABLE abstract_job ADD COLUMN timeout  bigint;
INSERT INTO class_attribute_concrete ( oid, parent_id, child_id) VALUES ('xjxgyon3uqhyigwtz5dsyoqu9mw0u16k00000000000000000000000000000073', '0fnj9qgoapxjygna1zbnrdk7vm5ciijy00000000000000000000000000000001', 'yz5jdl3l8yaxk1xzav00ctaygx9c8tgi00000000000000000000000000000338');
INSERT INTO class_attribute ( oid, parent_id, child_id) VALUES ('xjxgyon3uqhyigwtz5dsyoqu9mw0u16k00000000000000000000000000000073', '0fnj9qgoapxjygna1zbnrdk7vm5ciijy00000000000000000000000000000001', 'yz5jdl3l8yaxk1xzav00ctaygx9c8tgi00000000000000000000000000000338');
INSERT INTO metadata_relationship ( entity_domain, site_master, last_updated_by, oid, owner, locked_by, create_date, type, created_by, seq, key_name, last_update_date, parent_id, child_id) VALUES (NULL, 'www.runwaysdk.com', '0000000000000000000000000000001000000000000000000000000000000003', 'xjxgyon3uqhyigwtz5dsyoqu9mw0u16k00000000000000000000000000000073', '0000000000000000000000000000001000000000000000000000000000000003', NULL, '2014-02-10 12:13:54', 'com.runwaysdk.system.metadata.ClassAttributeConcrete', '0000000000000000000000000000001000000000000000000000000000000003', 4286, 'com.runwaysdk.system.scheduler.AbstractJob.timeout', '2014-02-10 12:13:54', '0fnj9qgoapxjygna1zbnrdk7vm5ciijy00000000000000000000000000000001', 'yz5jdl3l8yaxk1xzav00ctaygx9c8tgi00000000000000000000000000000338');
 INSERT INTO visibilitymodifier (set_id, item_id)  VALUES  ('04c0idfxgbldvmihqct7qbh8sxf3162r', '20071109NM000000000000000000000520071109NM0000000000000000000001');
INSERT INTO metadata_display_label ( default_locale, oid, site_master, key_name) VALUES ('Cron Expression', '8wuwyyn1ahu5takrzwdcimnrdp8ms9s0NM200904120000000000000000000030', 'www.runwaysdk.com', '8wuwyyn1ahu5takrzwdcimnrdp8ms9s0NM200904120000000000000000000030');
 INSERT INTO visibilitymodifier (set_id, item_id)  VALUES  ('6nid4sg9z9q3etzaw4mq8wqhlkcnmiec', '20071109NM000000000000000000000520071109NM0000000000000000000001');
 INSERT INTO md_attribute_indicies (set_id, item_id)  VALUES  ('sboofnb7bb7hf2e2vbrex6ti7rb1yk27', '0000000000000000000000000000040100000000000000000000000000000403');
INSERT INTO metadata_display_label ( default_locale, oid, site_master, key_name) VALUES ('Cron Expression', 'sn37bg9gqzhwtthetg56jwg1ydlqrdc6NM200904120000000000000000000030', 'www.runwaysdk.com', 'sn37bg9gqzhwtthetg56jwg1ydlqrdc6NM200904120000000000000000000030');
INSERT INTO md_attribute_character ( default_value, database_size, oid) VALUES (NULL, 60, '28pjirwu8nu9g2f5e2j7i0umnm5crnpd00000000000000000000000000000138');
INSERT INTO md_attribute_char ( oid) VALUES ('28pjirwu8nu9g2f5e2j7i0umnm5crnpd00000000000000000000000000000138');
INSERT INTO md_attribute_primitive ( oid) VALUES ('28pjirwu8nu9g2f5e2j7i0umnm5crnpd00000000000000000000000000000138');
INSERT INTO md_attribute_concrete ( column_name, defining_md_class, setter_visibility, setter_visibility_c, immutable, index_name, generate_accessor, system, required, display_label, getter_visibility, getter_visibility_c, index_type, index_type_c, attribute_name, oid) VALUES ('cron_expression', '0fnj9qgoapxjygna1zbnrdk7vm5ciijy00000000000000000000000000000001', '04c0idfxgbldvmihqct7qbh8sxf3162r', '20071109NM000000000000000000000520071109NM0000000000000000000001', 0, 'ab5txjihdbgpfyp3isbrm1yus893jy', 1, 0, 0, '8wuwyyn1ahu5takrzwdcimnrdp8ms9s0NM200904120000000000000000000030', '6nid4sg9z9q3etzaw4mq8wqhlkcnmiec', '20071109NM000000000000000000000520071109NM0000000000000000000001', 'sboofnb7bb7hf2e2vbrex6ti7rb1yk27', '0000000000000000000000000000040100000000000000000000000000000403', 'cronExpression', '28pjirwu8nu9g2f5e2j7i0umnm5crnpd00000000000000000000000000000138');
INSERT INTO md_attribute ( oid) VALUES ('28pjirwu8nu9g2f5e2j7i0umnm5crnpd00000000000000000000000000000138');
INSERT INTO metadata ( description, created_by, owner, oid, create_date, seq, type, remove, site_master, locked_by, entity_domain, last_updated_by, last_update_date, key_name) VALUES ('sn37bg9gqzhwtthetg56jwg1ydlqrdc6NM200904120000000000000000000030', '0000000000000000000000000000001000000000000000000000000000000003', '0000000000000000000000000000001000000000000000000000000000000003', '28pjirwu8nu9g2f5e2j7i0umnm5crnpd00000000000000000000000000000138', '2014-02-10 12:13:54', 4287, 'com.runwaysdk.system.metadata.MdAttributeCharacter', 1, 'www.runwaysdk.com', NULL, NULL, '0000000000000000000000000000001000000000000000000000000000000003', '2014-02-10 12:13:54', 'com.runwaysdk.system.scheduler.AbstractJob.cronExpression');
ALTER TABLE abstract_job ADD COLUMN cron_expression  varchar(60);
INSERT INTO class_attribute_concrete ( oid, parent_id, child_id) VALUES ('0n7h4qme48dz9mn2d49anurs0p8cns7o00000000000000000000000000000073', '0fnj9qgoapxjygna1zbnrdk7vm5ciijy00000000000000000000000000000001', '28pjirwu8nu9g2f5e2j7i0umnm5crnpd00000000000000000000000000000138');
INSERT INTO class_attribute ( oid, parent_id, child_id) VALUES ('0n7h4qme48dz9mn2d49anurs0p8cns7o00000000000000000000000000000073', '0fnj9qgoapxjygna1zbnrdk7vm5ciijy00000000000000000000000000000001', '28pjirwu8nu9g2f5e2j7i0umnm5crnpd00000000000000000000000000000138');
INSERT INTO metadata_relationship ( entity_domain, site_master, last_updated_by, oid, owner, locked_by, create_date, type, created_by, seq, key_name, last_update_date, parent_id, child_id) VALUES (NULL, 'www.runwaysdk.com', '0000000000000000000000000000001000000000000000000000000000000003', '0n7h4qme48dz9mn2d49anurs0p8cns7o00000000000000000000000000000073', '0000000000000000000000000000001000000000000000000000000000000003', NULL, '2014-02-10 12:13:54', 'com.runwaysdk.system.metadata.ClassAttributeConcrete', '0000000000000000000000000000001000000000000000000000000000000003', 4288, 'com.runwaysdk.system.scheduler.AbstractJob.cronExpression', '2014-02-10 12:13:54', '0fnj9qgoapxjygna1zbnrdk7vm5ciijy00000000000000000000000000000001', '28pjirwu8nu9g2f5e2j7i0umnm5crnpd00000000000000000000000000000138');
 INSERT INTO visibilitymodifier (set_id, item_id)  VALUES  ('xvdcee24ugyokapxv458h2vw8ehszdd8', '20071109NM000000000000000000000520071109NM0000000000000000000001');
INSERT INTO metadata_display_label ( default_locale, oid, site_master, key_name) VALUES ('Start Time', 'spwcgybpplzyrstg3zkcy3h111pcbut0NM200904120000000000000000000030', 'www.runwaysdk.com', 'spwcgybpplzyrstg3zkcy3h111pcbut0NM200904120000000000000000000030');
 INSERT INTO visibilitymodifier (set_id, item_id)  VALUES  ('8dufa528zjmfgt9v5diz3okfm1hii7qt', '20071109NM000000000000000000000520071109NM0000000000000000000001');
 INSERT INTO md_attribute_indicies (set_id, item_id)  VALUES  ('sjjbdqy2002wuwmevhqcwl7hu1a114us', '0000000000000000000000000000040100000000000000000000000000000403');
INSERT INTO metadata_display_label ( default_locale, oid, site_master, key_name) VALUES ('Start Time', '0s3e73bpl3nqzz5hpfwxz75ndrio76oyNM200904120000000000000000000030', 'www.runwaysdk.com', '0s3e73bpl3nqzz5hpfwxz75ndrio76oyNM200904120000000000000000000030');
INSERT INTO md_attribute_datetime ( default_value, oid) VALUES (NULL, '8u9ho3osfqp3f0yrzsrkui515z7ifln300000000000000000000000000000341');
INSERT INTO md_attribute_moment ( oid) VALUES ('8u9ho3osfqp3f0yrzsrkui515z7ifln300000000000000000000000000000341');
INSERT INTO md_attribute_primitive ( oid) VALUES ('8u9ho3osfqp3f0yrzsrkui515z7ifln300000000000000000000000000000341');
INSERT INTO md_attribute_concrete ( column_name, defining_md_class, setter_visibility, setter_visibility_c, immutable, index_name, generate_accessor, system, required, display_label, getter_visibility, getter_visibility_c, index_type, index_type_c, attribute_name, oid) VALUES ('start_time', '0fnj9qgoapxjygna1zbnrdk7vm5ciijy00000000000000000000000000000001', 'xvdcee24ugyokapxv458h2vw8ehszdd8', '20071109NM000000000000000000000520071109NM0000000000000000000001', 0, 'atip6a46g3tknuuxqvqnapqtvegr9v', 1, 0, 0, 'spwcgybpplzyrstg3zkcy3h111pcbut0NM200904120000000000000000000030', '8dufa528zjmfgt9v5diz3okfm1hii7qt', '20071109NM000000000000000000000520071109NM0000000000000000000001', 'sjjbdqy2002wuwmevhqcwl7hu1a114us', '0000000000000000000000000000040100000000000000000000000000000403', 'startTime', '8u9ho3osfqp3f0yrzsrkui515z7ifln300000000000000000000000000000341');
INSERT INTO md_attribute ( oid) VALUES ('8u9ho3osfqp3f0yrzsrkui515z7ifln300000000000000000000000000000341');
INSERT INTO metadata ( description, created_by, owner, oid, create_date, seq, type, remove, site_master, locked_by, entity_domain, last_updated_by, last_update_date, key_name) VALUES ('0s3e73bpl3nqzz5hpfwxz75ndrio76oyNM200904120000000000000000000030', '0000000000000000000000000000001000000000000000000000000000000003', '0000000000000000000000000000001000000000000000000000000000000003', '8u9ho3osfqp3f0yrzsrkui515z7ifln300000000000000000000000000000341', '2014-02-10 12:13:54', 4289, 'com.runwaysdk.system.metadata.MdAttributeDateTime', 1, 'www.runwaysdk.com', NULL, NULL, '0000000000000000000000000000001000000000000000000000000000000003', '2014-02-10 12:13:54', 'com.runwaysdk.system.scheduler.AbstractJob.startTime');
ALTER TABLE abstract_job ADD COLUMN start_time  timestamp;
INSERT INTO class_attribute_concrete ( oid, parent_id, child_id) VALUES ('sxqzyxwp0mc0338ranlcvkxstdgs1fbp00000000000000000000000000000073', '0fnj9qgoapxjygna1zbnrdk7vm5ciijy00000000000000000000000000000001', '8u9ho3osfqp3f0yrzsrkui515z7ifln300000000000000000000000000000341');
INSERT INTO class_attribute ( oid, parent_id, child_id) VALUES ('sxqzyxwp0mc0338ranlcvkxstdgs1fbp00000000000000000000000000000073', '0fnj9qgoapxjygna1zbnrdk7vm5ciijy00000000000000000000000000000001', '8u9ho3osfqp3f0yrzsrkui515z7ifln300000000000000000000000000000341');
INSERT INTO metadata_relationship ( entity_domain, site_master, last_updated_by, oid, owner, locked_by, create_date, type, created_by, seq, key_name, last_update_date, parent_id, child_id) VALUES (NULL, 'www.runwaysdk.com', '0000000000000000000000000000001000000000000000000000000000000003', 'sxqzyxwp0mc0338ranlcvkxstdgs1fbp00000000000000000000000000000073', '0000000000000000000000000000001000000000000000000000000000000003', NULL, '2014-02-10 12:13:54', 'com.runwaysdk.system.metadata.ClassAttributeConcrete', '0000000000000000000000000000001000000000000000000000000000000003', 4290, 'com.runwaysdk.system.scheduler.AbstractJob.startTime', '2014-02-10 12:13:54', '0fnj9qgoapxjygna1zbnrdk7vm5ciijy00000000000000000000000000000001', '8u9ho3osfqp3f0yrzsrkui515z7ifln300000000000000000000000000000341');
 INSERT INTO visibilitymodifier (set_id, item_id)  VALUES  ('72r03qr1maowh9k5s0z7cthznzlryhwh', '20071109NM000000000000000000000520071109NM0000000000000000000001');
INSERT INTO metadata_display_label ( default_locale, oid, site_master, key_name) VALUES ('End Time', 'stjpqr67x2v8uz2dc7cd6izbe84emz6mNM200904120000000000000000000030', 'www.runwaysdk.com', 'stjpqr67x2v8uz2dc7cd6izbe84emz6mNM200904120000000000000000000030');
 INSERT INTO visibilitymodifier (set_id, item_id)  VALUES  ('sqthvs70clbb93562pvxo9901dxv8eky', '20071109NM000000000000000000000520071109NM0000000000000000000001');
 INSERT INTO md_attribute_indicies (set_id, item_id)  VALUES  ('swxary57ksmcou9dej400khuegfsin7j', '0000000000000000000000000000040100000000000000000000000000000403');
INSERT INTO metadata_display_label ( default_locale, oid, site_master, key_name) VALUES ('End Time', '6t70d87ff8tcigmfhs0milq49anpy8u7NM200904120000000000000000000030', 'www.runwaysdk.com', '6t70d87ff8tcigmfhs0milq49anpy8u7NM200904120000000000000000000030');
INSERT INTO md_attribute_datetime ( default_value, oid) VALUES (NULL, '8p3t187ar11jnbbe2udc2mklz6oe6eac00000000000000000000000000000341');
INSERT INTO md_attribute_moment ( oid) VALUES ('8p3t187ar11jnbbe2udc2mklz6oe6eac00000000000000000000000000000341');
INSERT INTO md_attribute_primitive ( oid) VALUES ('8p3t187ar11jnbbe2udc2mklz6oe6eac00000000000000000000000000000341');
INSERT INTO md_attribute_concrete ( column_name, defining_md_class, setter_visibility, setter_visibility_c, immutable, index_name, generate_accessor, system, required, display_label, getter_visibility, getter_visibility_c, index_type, index_type_c, attribute_name, oid) VALUES ('end_time', '0fnj9qgoapxjygna1zbnrdk7vm5ciijy00000000000000000000000000000001', '72r03qr1maowh9k5s0z7cthznzlryhwh', '20071109NM000000000000000000000520071109NM0000000000000000000001', 0, 'ab4wcfxmpmhlmhxxp47utzlfpiadum', 1, 0, 0, 'stjpqr67x2v8uz2dc7cd6izbe84emz6mNM200904120000000000000000000030', 'sqthvs70clbb93562pvxo9901dxv8eky', '20071109NM000000000000000000000520071109NM0000000000000000000001', 'swxary57ksmcou9dej400khuegfsin7j', '0000000000000000000000000000040100000000000000000000000000000403', 'endTime', '8p3t187ar11jnbbe2udc2mklz6oe6eac00000000000000000000000000000341');
INSERT INTO md_attribute ( oid) VALUES ('8p3t187ar11jnbbe2udc2mklz6oe6eac00000000000000000000000000000341');
INSERT INTO metadata ( description, created_by, owner, oid, create_date, seq, type, remove, site_master, locked_by, entity_domain, last_updated_by, last_update_date, key_name) VALUES ('6t70d87ff8tcigmfhs0milq49anpy8u7NM200904120000000000000000000030', '0000000000000000000000000000001000000000000000000000000000000003', '0000000000000000000000000000001000000000000000000000000000000003', '8p3t187ar11jnbbe2udc2mklz6oe6eac00000000000000000000000000000341', '2014-02-10 12:13:54', 4291, 'com.runwaysdk.system.metadata.MdAttributeDateTime', 1, 'www.runwaysdk.com', NULL, NULL, '0000000000000000000000000000001000000000000000000000000000000003', '2014-02-10 12:13:54', 'com.runwaysdk.system.scheduler.AbstractJob.endTime');
ALTER TABLE abstract_job ADD COLUMN end_time  timestamp;
INSERT INTO class_attribute_concrete ( oid, parent_id, child_id) VALUES ('z3yf4l01qoaxubfntqlfc2mljs6m5a9p00000000000000000000000000000073', '0fnj9qgoapxjygna1zbnrdk7vm5ciijy00000000000000000000000000000001', '8p3t187ar11jnbbe2udc2mklz6oe6eac00000000000000000000000000000341');
INSERT INTO class_attribute ( oid, parent_id, child_id) VALUES ('z3yf4l01qoaxubfntqlfc2mljs6m5a9p00000000000000000000000000000073', '0fnj9qgoapxjygna1zbnrdk7vm5ciijy00000000000000000000000000000001', '8p3t187ar11jnbbe2udc2mklz6oe6eac00000000000000000000000000000341');
INSERT INTO metadata_relationship ( entity_domain, site_master, last_updated_by, oid, owner, locked_by, create_date, type, created_by, seq, key_name, last_update_date, parent_id, child_id) VALUES (NULL, 'www.runwaysdk.com', '0000000000000000000000000000001000000000000000000000000000000003', 'z3yf4l01qoaxubfntqlfc2mljs6m5a9p00000000000000000000000000000073', '0000000000000000000000000000001000000000000000000000000000000003', NULL, '2014-02-10 12:13:54', 'com.runwaysdk.system.metadata.ClassAttributeConcrete', '0000000000000000000000000000001000000000000000000000000000000003', 4292, 'com.runwaysdk.system.scheduler.AbstractJob.endTime', '2014-02-10 12:13:54', '0fnj9qgoapxjygna1zbnrdk7vm5ciijy00000000000000000000000000000001', '8p3t187ar11jnbbe2udc2mklz6oe6eac00000000000000000000000000000341');
 INSERT INTO visibilitymodifier (set_id, item_id)  VALUES  ('8j6rcduoucm6ejubo42hl0z1lw0h2n1j', '20071109NM000000000000000000000520071109NM0000000000000000000001');
INSERT INTO metadata_display_label ( default_locale, oid, site_master, key_name) VALUES ('Job Operation', 'sbsrpwi789o3kjuu7jk1vebcfaq1kthoNM200904120000000000000000000030', 'www.runwaysdk.com', 'sbsrpwi789o3kjuu7jk1vebcfaq1kthoNM200904120000000000000000000030');
 INSERT INTO visibilitymodifier (set_id, item_id)  VALUES  ('z8yvmjmvode1pq29efz1al7oijawynwa', '20071109NM000000000000000000000520071109NM0000000000000000000001');
 INSERT INTO md_attribute_indicies (set_id, item_id)  VALUES  ('0m73mvy04j2g473v8hiiqrlnckh1gtvd', '0000000000000000000000000000040100000000000000000000000000000403');
INSERT INTO metadata_display_label ( default_locale, oid, site_master, key_name) VALUES ('The current Job Operation called on the Job.', '0n6h2aafaoemhxthox2wp2oaiyf65mlwNM200904120000000000000000000030', 'www.runwaysdk.com', '0n6h2aafaoemhxthox2wp2oaiyf65mlwNM200904120000000000000000000030');
INSERT INTO md_attribute_enumeration ( select_multiple, md_enumeration, default_value, cache_column_name, oid) VALUES (0, 'zph9q83yb3ematrlwta473t521piy1su00000000000000000000000000000196', NULL, 'job_operation_c', 'szzb0q8oojv78hfuu4axc52t688pxbio00000000000000000000000000000216');
INSERT INTO md_attribute_ref ( oid) VALUES ('szzb0q8oojv78hfuu4axc52t688pxbio00000000000000000000000000000216');
INSERT INTO md_attribute_concrete ( column_name, defining_md_class, setter_visibility, setter_visibility_c, immutable, index_name, generate_accessor, system, required, display_label, getter_visibility, getter_visibility_c, index_type, index_type_c, attribute_name, oid) VALUES ('job_operation', '0fnj9qgoapxjygna1zbnrdk7vm5ciijy00000000000000000000000000000001', '8j6rcduoucm6ejubo42hl0z1lw0h2n1j', '20071109NM000000000000000000000520071109NM0000000000000000000001', 0, 'aka1iirm0qbxx7zrboa6kvqrjan1ol', 1, 0, 0, 'sbsrpwi789o3kjuu7jk1vebcfaq1kthoNM200904120000000000000000000030', 'z8yvmjmvode1pq29efz1al7oijawynwa', '20071109NM000000000000000000000520071109NM0000000000000000000001', '0m73mvy04j2g473v8hiiqrlnckh1gtvd', '0000000000000000000000000000040100000000000000000000000000000403', 'jobOperation', 'szzb0q8oojv78hfuu4axc52t688pxbio00000000000000000000000000000216');
INSERT INTO md_attribute ( oid) VALUES ('szzb0q8oojv78hfuu4axc52t688pxbio00000000000000000000000000000216');
INSERT INTO metadata ( description, created_by, owner, oid, create_date, seq, type, remove, site_master, locked_by, entity_domain, last_updated_by, last_update_date, key_name) VALUES ('0n6h2aafaoemhxthox2wp2oaiyf65mlwNM200904120000000000000000000030', '0000000000000000000000000000001000000000000000000000000000000003', '0000000000000000000000000000001000000000000000000000000000000003', 'szzb0q8oojv78hfuu4axc52t688pxbio00000000000000000000000000000216', '2014-02-10 12:13:54', 4293, 'com.runwaysdk.system.metadata.MdAttributeEnumeration', 1, 'www.runwaysdk.com', NULL, NULL, '0000000000000000000000000000001000000000000000000000000000000003', '2014-02-10 12:13:54', 'com.runwaysdk.system.scheduler.AbstractJob.jobOperation');
ALTER TABLE abstract_job ADD COLUMN job_operation  char(32);
ALTER TABLE abstract_job ADD COLUMN job_operation_c  text;
INSERT INTO class_attribute_concrete ( oid, parent_id, child_id) VALUES ('zh35r9v7ioamcpjuod4bblarbopn588l00000000000000000000000000000073', '0fnj9qgoapxjygna1zbnrdk7vm5ciijy00000000000000000000000000000001', 'szzb0q8oojv78hfuu4axc52t688pxbio00000000000000000000000000000216');
INSERT INTO class_attribute ( oid, parent_id, child_id) VALUES ('zh35r9v7ioamcpjuod4bblarbopn588l00000000000000000000000000000073', '0fnj9qgoapxjygna1zbnrdk7vm5ciijy00000000000000000000000000000001', 'szzb0q8oojv78hfuu4axc52t688pxbio00000000000000000000000000000216');
INSERT INTO metadata_relationship ( entity_domain, site_master, last_updated_by, oid, owner, locked_by, create_date, type, created_by, seq, key_name, last_update_date, parent_id, child_id) VALUES (NULL, 'www.runwaysdk.com', '0000000000000000000000000000001000000000000000000000000000000003', 'zh35r9v7ioamcpjuod4bblarbopn588l00000000000000000000000000000073', '0000000000000000000000000000001000000000000000000000000000000003', NULL, '2014-02-10 12:13:54', 'com.runwaysdk.system.metadata.ClassAttributeConcrete', '0000000000000000000000000000001000000000000000000000000000000003', 4294, 'com.runwaysdk.system.scheduler.AbstractJob.jobOperation', '2014-02-10 12:13:54', '0fnj9qgoapxjygna1zbnrdk7vm5ciijy00000000000000000000000000000001', 'szzb0q8oojv78hfuu4axc52t688pxbio00000000000000000000000000000216');
 INSERT INTO class_cache (set_id, item_id)  VALUES  ('1px7wda9e0l77f2u9wf7zs7w39ydkahe', '0000000000000000000000000000023000000000000000000000000000000222');
INSERT INTO metadata_display_label ( default_locale, oid, site_master, key_name) VALUES ('Executable Job', 'zfhn142nhgc1vy5trdz645h8c3ov4r4cNM200904120000000000000000000030', 'www.runwaysdk.com', 'zfhn142nhgc1vy5trdz645h8c3ov4r4cNM200904120000000000000000000030');
INSERT INTO metadata_display_label ( default_locale, oid, site_master, key_name) VALUES ('Executable Job', 'yy3jjxnfqu3ipadd0mmi82moqcnvp2hiNM200904120000000000000000000030', 'www.runwaysdk.com', 'yy3jjxnfqu3ipadd0mmi82moqcnvp2hiNM200904120000000000000000000030');
INSERT INTO md_business ( cache_algorithm, cache_algorithm_c, super_md_business, oid) VALUES ('1px7wda9e0l77f2u9wf7zs7w39ydkahe', '0000000000000000000000000000023000000000000000000000000000000222', '0fnj9qgoapxjygna1zbnrdk7vm5ciijy00000000000000000000000000000001', '8ndv254jvk1mw1rql6a4pqz9qbqvdzl400000000000000000000000000000001');
INSERT INTO md_element ( extendable, is_abstract, oid) VALUES (1, 1, '8ndv254jvk1mw1rql6a4pqz9qbqvdzl400000000000000000000000000000001');
INSERT INTO md_entity ( query_dto_source, query_source, cache_size, enforce_site_master, has_deterministic_ids, table_name, oid) VALUES (NULL, NULL, 0, 1, 0, 'executable_job', '8ndv254jvk1mw1rql6a4pqz9qbqvdzl400000000000000000000000000000001');
INSERT INTO md_class ( publish, stub_dto_source, stub_source, oid) VALUES (1, NULL, NULL, '8ndv254jvk1mw1rql6a4pqz9qbqvdzl400000000000000000000000000000001');
INSERT INTO md_type ( display_label, root_id, package_name, type_name, base_source, js_base, js_stub, exported, dto_source, oid) VALUES ('zfhn142nhgc1vy5trdz645h8c3ov4r4cNM200904120000000000000000000030', '8ndv254jvk1mw1rql6a4pqz9qbqvdzl4', 'com.runwaysdk.system.scheduler', 'ExecutableJob', NULL, NULL, NULL, 1, NULL, '8ndv254jvk1mw1rql6a4pqz9qbqvdzl400000000000000000000000000000001');
INSERT INTO metadata ( description, created_by, owner, oid, create_date, seq, type, remove, site_master, locked_by, entity_domain, last_updated_by, last_update_date, key_name) VALUES ('yy3jjxnfqu3ipadd0mmi82moqcnvp2hiNM200904120000000000000000000030', '0000000000000000000000000000001000000000000000000000000000000003', '0000000000000000000000000000001000000000000000000000000000000003', '8ndv254jvk1mw1rql6a4pqz9qbqvdzl400000000000000000000000000000001', '2014-02-10 12:13:54', 4295, 'com.runwaysdk.system.metadata.MdBusiness', 1, 'www.runwaysdk.com', NULL, NULL, '0000000000000000000000000000001000000000000000000000000000000003', '2014-02-10 12:13:54', 'com.runwaysdk.system.scheduler.ExecutableJob');
CREATE TABLE executable_job ( oid CHAR(64) NOT NULL PRIMARY KEY );
INSERT INTO metadata_display_label ( default_locale, oid, site_master, key_name) VALUES (NULL, '22jazbqjil854zombawb2qtea2ta33trNM200904120000000000000000000030', 'www.runwaysdk.com', '22jazbqjil854zombawb2qtea2ta33trNM200904120000000000000000000030');
INSERT INTO metadata_display_label ( default_locale, oid, site_master, key_name) VALUES (NULL, '0hyv72o8h31ig2ouz1l69tdzutxiebydNM200904120000000000000000000030', 'www.runwaysdk.com', '0hyv72o8h31ig2ouz1l69tdzutxiebydNM200904120000000000000000000030');
INSERT INTO md_controller ( stub_source, oid) VALUES (NULL, 'xjlv8mzrcwcgyqy6valc7urt4icyewppNM200810110000000000000000000112');
INSERT INTO md_type ( display_label, root_id, package_name, type_name, base_source, js_base, js_stub, exported, dto_source, oid) VALUES ('22jazbqjil854zombawb2qtea2ta33trNM200904120000000000000000000030', 'xjlv8mzrcwcgyqy6valc7urt4icyewpp', 'com.runwaysdk.system.scheduler', 'ExecutableJobController', NULL, NULL, NULL, 1, NULL, 'xjlv8mzrcwcgyqy6valc7urt4icyewppNM200810110000000000000000000112');
INSERT INTO metadata ( description, created_by, owner, oid, create_date, seq, type, remove, site_master, locked_by, entity_domain, last_updated_by, last_update_date, key_name) VALUES ('0hyv72o8h31ig2ouz1l69tdzutxiebydNM200904120000000000000000000030', '0000000000000000000000000000001000000000000000000000000000000003', '0000000000000000000000000000001000000000000000000000000000000003', 'xjlv8mzrcwcgyqy6valc7urt4icyewppNM200810110000000000000000000112', '2014-02-10 12:13:54', 4296, 'com.runwaysdk.system.metadata.MdController', 1, 'www.runwaysdk.com', NULL, NULL, '0000000000000000000000000000001000000000000000000000000000000003', '2014-02-10 12:13:54', 'com.runwaysdk.system.scheduler.ExecutableJobController');
INSERT INTO metadata_display_label ( default_locale, oid, site_master, key_name) VALUES ('View Page', '79iek60nzz5sztwf63r8ccoal8y61kbzNM200904120000000000000000000030', 'www.runwaysdk.com', '79iek60nzz5sztwf63r8ccoal8y61kbzNM200904120000000000000000000030');
INSERT INTO metadata_display_label ( default_locale, oid, site_master, key_name) VALUES ('Loads a ViewAll query for a specific page into the request object', '1wn5auq4x4f7kntb6sdpo8q1kuodszonNM200904120000000000000000000030', 'www.runwaysdk.com', '1wn5auq4x4f7kntb6sdpo8q1kuodszonNM200904120000000000000000000030');
INSERT INTO md_action ( is_query, enclosing_md_controller, is_post, action_name, display_label, oid) VALUES (1, 'xjlv8mzrcwcgyqy6valc7urt4icyewppNM200810110000000000000000000112', 0, 'viewPage', '79iek60nzz5sztwf63r8ccoal8y61kbzNM200904120000000000000000000030', 'sdt2c76ee9om1aa37wrs9eqqq1n8cwoyNM200810110000000000000000000113');
INSERT INTO metadata ( description, created_by, owner, oid, create_date, seq, type, remove, site_master, locked_by, entity_domain, last_updated_by, last_update_date, key_name) VALUES ('1wn5auq4x4f7kntb6sdpo8q1kuodszonNM200904120000000000000000000030', '0000000000000000000000000000001000000000000000000000000000000003', '0000000000000000000000000000001000000000000000000000000000000003', 'sdt2c76ee9om1aa37wrs9eqqq1n8cwoyNM200810110000000000000000000113', '2014-02-10 12:13:54', 4297, 'com.runwaysdk.system.metadata.MdAction', 1, 'www.runwaysdk.com', NULL, NULL, '0000000000000000000000000000001000000000000000000000000000000003', '2014-02-10 12:13:54', 'com.runwaysdk.system.scheduler.ExecutableJobController.viewPage');
INSERT INTO controller_action ( key_name, locked_by, oid, owner, entity_domain, created_by, type, last_update_date, create_date, seq, last_updated_by, site_master, parent_id, child_id) VALUES ('com.runwaysdk.system.scheduler.ExecutableJobController.viewPage', NULL, 'z76mtvhuwjkl2evx5y908e483a39qf1xJS200807230000000000000000111111', '0000000000000000000000000000001000000000000000000000000000000003', NULL, '0000000000000000000000000000001000000000000000000000000000000003', 'com.runwaysdk.system.ControllerAction', '2014-02-10 12:13:54', '2014-02-10 12:13:54', 4298, '0000000000000000000000000000001000000000000000000000000000000003', 'www.runwaysdk.com', 'xjlv8mzrcwcgyqy6valc7urt4icyewppNM200810110000000000000000000112', 'sdt2c76ee9om1aa37wrs9eqqq1n8cwoyNM200810110000000000000000000113');
INSERT INTO metadata_display_label ( default_locale, oid, site_master, key_name) VALUES ('Sort Attribute', 'zaygpv2rym1pp232t1c9s4e9i3ck0fibNM200904120000000000000000000030', 'www.runwaysdk.com', 'zaygpv2rym1pp232t1c9s4e9i3ck0fibNM200904120000000000000000000030');
INSERT INTO metadata_display_label ( default_locale, oid, site_master, key_name) VALUES (NULL, 'zjrqhjf5oafux22ath5m0mss00p8keotNM200904120000000000000000000030', 'www.runwaysdk.com', 'zjrqhjf5oafux22ath5m0mss00p8keotNM200904120000000000000000000030');
INSERT INTO md_parameter ( metadata, parameter_order, parameter_name, parameter_type, display_label, oid) VALUES ('sdt2c76ee9om1aa37wrs9eqqq1n8cwoyNM200810110000000000000000000113', -4, 'sortAttribute', 'java.lang.String', 'zaygpv2rym1pp232t1c9s4e9i3ck0fibNM200904120000000000000000000030', '05ofc9jvm2jyjti4z4medsj0kf1x5sas20070427JS0000000000000000001517');
INSERT INTO metadata ( description, created_by, owner, oid, create_date, seq, type, remove, site_master, locked_by, entity_domain, last_updated_by, last_update_date, key_name) VALUES ('zjrqhjf5oafux22ath5m0mss00p8keotNM200904120000000000000000000030', '0000000000000000000000000000001000000000000000000000000000000003', '0000000000000000000000000000001000000000000000000000000000000003', '05ofc9jvm2jyjti4z4medsj0kf1x5sas20070427JS0000000000000000001517', '2014-02-10 12:13:54', 4299, 'com.runwaysdk.system.metadata.MdParameter', 1, 'www.runwaysdk.com', NULL, NULL, '0000000000000000000000000000001000000000000000000000000000000003', '2014-02-10 12:13:54', 'com.runwaysdk.system.scheduler.ExecutableJobController.viewPage.sortAttribute');
INSERT INTO metadata_parameter ( site_master, last_updated_by, create_date, seq, locked_by, entity_domain, created_by, type, last_update_date, key_name, owner, oid, parent_id, child_id) VALUES ('www.runwaysdk.com', '0000000000000000000000000000001000000000000000000000000000000003', '2014-02-10 12:13:54', 4300, NULL, NULL, '0000000000000000000000000000001000000000000000000000000000000003', 'com.runwaysdk.system.MetadataParameter', '2014-02-10 12:13:54', 'com.runwaysdk.system.scheduler.ExecutableJobController.viewPage.sortAttribute', '0000000000000000000000000000001000000000000000000000000000000003', 'seq5tx8f6xm73x2tlh73ufgaj65ibht620070427JS0000000000000000001524', 'sdt2c76ee9om1aa37wrs9eqqq1n8cwoyNM200810110000000000000000000113', '05ofc9jvm2jyjti4z4medsj0kf1x5sas20070427JS0000000000000000001517');
INSERT INTO metadata_display_label ( default_locale, oid, site_master, key_name) VALUES ('Is Ascending', 'smow8tc5lnjhdwo3uz46eqwi9jxo35j5NM200904120000000000000000000030', 'www.runwaysdk.com', 'smow8tc5lnjhdwo3uz46eqwi9jxo35j5NM200904120000000000000000000030');
INSERT INTO metadata_display_label ( default_locale, oid, site_master, key_name) VALUES (NULL, 'r1r31nxz0mr9d3swy1df7hr3pqharpn4NM200904120000000000000000000030', 'www.runwaysdk.com', 'r1r31nxz0mr9d3swy1df7hr3pqharpn4NM200904120000000000000000000030');
INSERT INTO md_parameter ( metadata, parameter_order, parameter_name, parameter_type, display_label, oid) VALUES ('sdt2c76ee9om1aa37wrs9eqqq1n8cwoyNM200810110000000000000000000113', -3, 'isAscending', 'java.lang.Boolean', 'smow8tc5lnjhdwo3uz46eqwi9jxo35j5NM200904120000000000000000000030', '098l6plmgl4bdwar82c8upk4qi5ebdoe20070427JS0000000000000000001517');
INSERT INTO metadata ( description, created_by, owner, oid, create_date, seq, type, remove, site_master, locked_by, entity_domain, last_updated_by, last_update_date, key_name) VALUES ('r1r31nxz0mr9d3swy1df7hr3pqharpn4NM200904120000000000000000000030', '0000000000000000000000000000001000000000000000000000000000000003', '0000000000000000000000000000001000000000000000000000000000000003', '098l6plmgl4bdwar82c8upk4qi5ebdoe20070427JS0000000000000000001517', '2014-02-10 12:13:54', 4301, 'com.runwaysdk.system.metadata.MdParameter', 1, 'www.runwaysdk.com', NULL, NULL, '0000000000000000000000000000001000000000000000000000000000000003', '2014-02-10 12:13:54', 'com.runwaysdk.system.scheduler.ExecutableJobController.viewPage.isAscending');
INSERT INTO metadata_parameter ( site_master, last_updated_by, create_date, seq, locked_by, entity_domain, created_by, type, last_update_date, key_name, owner, oid, parent_id, child_id) VALUES ('www.runwaysdk.com', '0000000000000000000000000000001000000000000000000000000000000003', '2014-02-10 12:13:54', 4302, NULL, NULL, '0000000000000000000000000000001000000000000000000000000000000003', 'com.runwaysdk.system.MetadataParameter', '2014-02-10 12:13:54', 'com.runwaysdk.system.scheduler.ExecutableJobController.viewPage.isAscending', '0000000000000000000000000000001000000000000000000000000000000003', '29o0mm6eeiasd1ov91va0jdov5efur0h20070427JS0000000000000000001524', 'sdt2c76ee9om1aa37wrs9eqqq1n8cwoyNM200810110000000000000000000113', '098l6plmgl4bdwar82c8upk4qi5ebdoe20070427JS0000000000000000001517');
INSERT INTO metadata_display_label ( default_locale, oid, site_master, key_name) VALUES ('Page Size', '01wdeahih29dy34ofbl8j0sbzr4nwgw7NM200904120000000000000000000030', 'www.runwaysdk.com', '01wdeahih29dy34ofbl8j0sbzr4nwgw7NM200904120000000000000000000030');
INSERT INTO metadata_display_label ( default_locale, oid, site_master, key_name) VALUES (NULL, 'yyf4cyvebiq3rxyoz31y7sum0wohhbd6NM200904120000000000000000000030', 'www.runwaysdk.com', 'yyf4cyvebiq3rxyoz31y7sum0wohhbd6NM200904120000000000000000000030');
INSERT INTO md_parameter ( metadata, parameter_order, parameter_name, parameter_type, display_label, oid) VALUES ('sdt2c76ee9om1aa37wrs9eqqq1n8cwoyNM200810110000000000000000000113', -2, 'pageSize', 'java.lang.Integer', '01wdeahih29dy34ofbl8j0sbzr4nwgw7NM200904120000000000000000000030', 'sa3sd9ob1ihyixmk4jmkl33rdb6i0ypv20070427JS0000000000000000001517');
INSERT INTO metadata ( description, created_by, owner, oid, create_date, seq, type, remove, site_master, locked_by, entity_domain, last_updated_by, last_update_date, key_name) VALUES ('yyf4cyvebiq3rxyoz31y7sum0wohhbd6NM200904120000000000000000000030', '0000000000000000000000000000001000000000000000000000000000000003', '0000000000000000000000000000001000000000000000000000000000000003', 'sa3sd9ob1ihyixmk4jmkl33rdb6i0ypv20070427JS0000000000000000001517', '2014-02-10 12:13:54', 4303, 'com.runwaysdk.system.metadata.MdParameter', 1, 'www.runwaysdk.com', NULL, NULL, '0000000000000000000000000000001000000000000000000000000000000003', '2014-02-10 12:13:54', 'com.runwaysdk.system.scheduler.ExecutableJobController.viewPage.pageSize');
INSERT INTO metadata_parameter ( site_master, last_updated_by, create_date, seq, locked_by, entity_domain, created_by, type, last_update_date, key_name, owner, oid, parent_id, child_id) VALUES ('www.runwaysdk.com', '0000000000000000000000000000001000000000000000000000000000000003', '2014-02-10 12:13:54', 4304, NULL, NULL, '0000000000000000000000000000001000000000000000000000000000000003', 'com.runwaysdk.system.MetadataParameter', '2014-02-10 12:13:54', 'com.runwaysdk.system.scheduler.ExecutableJobController.viewPage.pageSize', '0000000000000000000000000000001000000000000000000000000000000003', '6zrejeqy61e4kce804mfg27tqpzfb53420070427JS0000000000000000001524', 'sdt2c76ee9om1aa37wrs9eqqq1n8cwoyNM200810110000000000000000000113', 'sa3sd9ob1ihyixmk4jmkl33rdb6i0ypv20070427JS0000000000000000001517');
INSERT INTO metadata_display_label ( default_locale, oid, site_master, key_name) VALUES ('Page Number', 'zakhqe19gwwgzpj1j65f0uivfvn1vcu4NM200904120000000000000000000030', 'www.runwaysdk.com', 'zakhqe19gwwgzpj1j65f0uivfvn1vcu4NM200904120000000000000000000030');
INSERT INTO metadata_display_label ( default_locale, oid, site_master, key_name) VALUES (NULL, 'zd0409p3uslheb8flu3i0q0gy236t9j8NM200904120000000000000000000030', 'www.runwaysdk.com', 'zd0409p3uslheb8flu3i0q0gy236t9j8NM200904120000000000000000000030');
INSERT INTO md_parameter ( metadata, parameter_order, parameter_name, parameter_type, display_label, oid) VALUES ('sdt2c76ee9om1aa37wrs9eqqq1n8cwoyNM200810110000000000000000000113', -1, 'pageNumber', 'java.lang.Integer', 'zakhqe19gwwgzpj1j65f0uivfvn1vcu4NM200904120000000000000000000030', '6vd7441nz6s8mie87pt4ju8pabkq9qff20070427JS0000000000000000001517');
INSERT INTO metadata ( description, created_by, owner, oid, create_date, seq, type, remove, site_master, locked_by, entity_domain, last_updated_by, last_update_date, key_name) VALUES ('zd0409p3uslheb8flu3i0q0gy236t9j8NM200904120000000000000000000030', '0000000000000000000000000000001000000000000000000000000000000003', '0000000000000000000000000000001000000000000000000000000000000003', '6vd7441nz6s8mie87pt4ju8pabkq9qff20070427JS0000000000000000001517', '2014-02-10 12:13:54', 4305, 'com.runwaysdk.system.metadata.MdParameter', 1, 'www.runwaysdk.com', NULL, NULL, '0000000000000000000000000000001000000000000000000000000000000003', '2014-02-10 12:13:54', 'com.runwaysdk.system.scheduler.ExecutableJobController.viewPage.pageNumber');
INSERT INTO metadata_parameter ( site_master, last_updated_by, create_date, seq, locked_by, entity_domain, created_by, type, last_update_date, key_name, owner, oid, parent_id, child_id) VALUES ('www.runwaysdk.com', '0000000000000000000000000000001000000000000000000000000000000003', '2014-02-10 12:13:54', 4306, NULL, NULL, '0000000000000000000000000000001000000000000000000000000000000003', 'com.runwaysdk.system.MetadataParameter', '2014-02-10 12:13:54', 'com.runwaysdk.system.scheduler.ExecutableJobController.viewPage.pageNumber', '0000000000000000000000000000001000000000000000000000000000000003', '2f0lfral61e1i7xalku1ru865rigt36e20070427JS0000000000000000001524', 'sdt2c76ee9om1aa37wrs9eqqq1n8cwoyNM200810110000000000000000000113', '6vd7441nz6s8mie87pt4ju8pabkq9qff20070427JS0000000000000000001517');
INSERT INTO metadata_display_label ( default_locale, oid, site_master, key_name) VALUES ('View All', '8cix5ofhra9bbryyqh1sxuww94w1htk9NM200904120000000000000000000030', 'www.runwaysdk.com', '8cix5ofhra9bbryyqh1sxuww94w1htk9NM200904120000000000000000000030');
INSERT INTO metadata_display_label ( default_locale, oid, site_master, key_name) VALUES ('Loads a ViewAll query with the default settings', 'staedurducho5x4xr4l4nw4d6fx8sfw2NM200904120000000000000000000030', 'www.runwaysdk.com', 'staedurducho5x4xr4l4nw4d6fx8sfw2NM200904120000000000000000000030');
INSERT INTO md_action ( is_query, enclosing_md_controller, is_post, action_name, display_label, oid) VALUES (0, 'xjlv8mzrcwcgyqy6valc7urt4icyewppNM200810110000000000000000000112', 0, 'viewAll', '8cix5ofhra9bbryyqh1sxuww94w1htk9NM200904120000000000000000000030', 'zjlsg8p6ji4inrmhbi8mdmfrgb07ohqaNM200810110000000000000000000113');
INSERT INTO metadata ( description, created_by, owner, oid, create_date, seq, type, remove, site_master, locked_by, entity_domain, last_updated_by, last_update_date, key_name) VALUES ('staedurducho5x4xr4l4nw4d6fx8sfw2NM200904120000000000000000000030', '0000000000000000000000000000001000000000000000000000000000000003', '0000000000000000000000000000001000000000000000000000000000000003', 'zjlsg8p6ji4inrmhbi8mdmfrgb07ohqaNM200810110000000000000000000113', '2014-02-10 12:13:54', 4307, 'com.runwaysdk.system.metadata.MdAction', 1, 'www.runwaysdk.com', NULL, NULL, '0000000000000000000000000000001000000000000000000000000000000003', '2014-02-10 12:13:54', 'com.runwaysdk.system.scheduler.ExecutableJobController.viewAll');
INSERT INTO controller_action ( key_name, locked_by, oid, owner, entity_domain, created_by, type, last_update_date, create_date, seq, last_updated_by, site_master, parent_id, child_id) VALUES ('com.runwaysdk.system.scheduler.ExecutableJobController.viewAll', NULL, '2138y0txbfxzsbayqqvlsf2jtpmtsqzvJS200807230000000000000000111111', '0000000000000000000000000000001000000000000000000000000000000003', NULL, '0000000000000000000000000000001000000000000000000000000000000003', 'com.runwaysdk.system.ControllerAction', '2014-02-10 12:13:54', '2014-02-10 12:13:54', 4308, '0000000000000000000000000000001000000000000000000000000000000003', 'www.runwaysdk.com', 'xjlv8mzrcwcgyqy6valc7urt4icyewppNM200810110000000000000000000112', 'zjlsg8p6ji4inrmhbi8mdmfrgb07ohqaNM200810110000000000000000000113');
INSERT INTO metadata_display_label ( default_locale, oid, site_master, key_name) VALUES ('View', '8s94okssx2ums6gu52zqu21g5ldhcm0kNM200904120000000000000000000030', 'www.runwaysdk.com', '8s94okssx2ums6gu52zqu21g5ldhcm0kNM200904120000000000000000000030');
INSERT INTO metadata_display_label ( default_locale, oid, site_master, key_name) VALUES ('View an existing instance of com.runwaysdk.system.scheduler.ExecutableJob', '6zwth8xkpo2wt1t2fzc45c1uq97bbmlnNM200904120000000000000000000030', 'www.runwaysdk.com', '6zwth8xkpo2wt1t2fzc45c1uq97bbmlnNM200904120000000000000000000030');
INSERT INTO md_action ( is_query, enclosing_md_controller, is_post, action_name, display_label, oid) VALUES (0, 'xjlv8mzrcwcgyqy6valc7urt4icyewppNM200810110000000000000000000112', 0, 'view', '8s94okssx2ums6gu52zqu21g5ldhcm0kNM200904120000000000000000000030', 'sm0wzbxzu50l1zqsqiouz3996tsvdugjNM200810110000000000000000000113');
INSERT INTO metadata ( description, created_by, owner, oid, create_date, seq, type, remove, site_master, locked_by, entity_domain, last_updated_by, last_update_date, key_name) VALUES ('6zwth8xkpo2wt1t2fzc45c1uq97bbmlnNM200904120000000000000000000030', '0000000000000000000000000000001000000000000000000000000000000003', '0000000000000000000000000000001000000000000000000000000000000003', 'sm0wzbxzu50l1zqsqiouz3996tsvdugjNM200810110000000000000000000113', '2014-02-10 12:13:54', 4309, 'com.runwaysdk.system.metadata.MdAction', 1, 'www.runwaysdk.com', NULL, NULL, '0000000000000000000000000000001000000000000000000000000000000003', '2014-02-10 12:13:54', 'com.runwaysdk.system.scheduler.ExecutableJobController.view');
INSERT INTO controller_action ( key_name, locked_by, oid, owner, entity_domain, created_by, type, last_update_date, create_date, seq, last_updated_by, site_master, parent_id, child_id) VALUES ('com.runwaysdk.system.scheduler.ExecutableJobController.view', NULL, '6q6acvovnhloyk5bpfn6s304wt7b6l8zJS200807230000000000000000111111', '0000000000000000000000000000001000000000000000000000000000000003', NULL, '0000000000000000000000000000001000000000000000000000000000000003', 'com.runwaysdk.system.ControllerAction', '2014-02-10 12:13:54', '2014-02-10 12:13:54', 4310, '0000000000000000000000000000001000000000000000000000000000000003', 'www.runwaysdk.com', 'xjlv8mzrcwcgyqy6valc7urt4icyewppNM200810110000000000000000000112', 'sm0wzbxzu50l1zqsqiouz3996tsvdugjNM200810110000000000000000000113');
INSERT INTO metadata_display_label ( default_locale, oid, site_master, key_name) VALUES ('Parameter: com.runwaysdk.system.scheduler.ExecutableJob - oid', '8zy1cl4atgu7szft0l0831wijupw2vjdNM200904120000000000000000000030', 'www.runwaysdk.com', '8zy1cl4atgu7szft0l0831wijupw2vjdNM200904120000000000000000000030');
INSERT INTO metadata_display_label ( default_locale, oid, site_master, key_name) VALUES ('Id of com.runwaysdk.system.scheduler.ExecutableJob to view.', 'ra1ucge6i28snrm2b0871384fzkelwpwNM200904120000000000000000000030', 'www.runwaysdk.com', 'ra1ucge6i28snrm2b0871384fzkelwpwNM200904120000000000000000000030');
INSERT INTO md_parameter ( metadata, parameter_order, parameter_name, parameter_type, display_label, oid) VALUES ('sm0wzbxzu50l1zqsqiouz3996tsvdugjNM200810110000000000000000000113', 0, 'oid', 'java.lang.String', '8zy1cl4atgu7szft0l0831wijupw2vjdNM200904120000000000000000000030', 'zngyndocjyzlpahjr249nbrw26ol0lu620070427JS0000000000000000001517');
INSERT INTO metadata ( description, created_by, owner, oid, create_date, seq, type, remove, site_master, locked_by, entity_domain, last_updated_by, last_update_date, key_name) VALUES ('ra1ucge6i28snrm2b0871384fzkelwpwNM200904120000000000000000000030', '0000000000000000000000000000001000000000000000000000000000000003', '0000000000000000000000000000001000000000000000000000000000000003', 'zngyndocjyzlpahjr249nbrw26ol0lu620070427JS0000000000000000001517', '2014-02-10 12:13:54', 4311, 'com.runwaysdk.system.metadata.MdParameter', 1, 'www.runwaysdk.com', NULL, NULL, '0000000000000000000000000000001000000000000000000000000000000003', '2014-02-10 12:13:54', 'com.runwaysdk.system.scheduler.ExecutableJobController.view.oid');
INSERT INTO metadata_parameter ( site_master, last_updated_by, create_date, seq, locked_by, entity_domain, created_by, type, last_update_date, key_name, owner, oid, parent_id, child_id) VALUES ('www.runwaysdk.com', '0000000000000000000000000000001000000000000000000000000000000003', '2014-02-10 12:13:54', 4312, NULL, NULL, '0000000000000000000000000000001000000000000000000000000000000003', 'com.runwaysdk.system.MetadataParameter', '2014-02-10 12:13:54', 'com.runwaysdk.system.scheduler.ExecutableJobController.view.oid', '0000000000000000000000000000001000000000000000000000000000000003', '07fe8aiiw2lr0jh3uxv5jgyvtfb57bg620070427JS0000000000000000001524', 'sm0wzbxzu50l1zqsqiouz3996tsvdugjNM200810110000000000000000000113', 'zngyndocjyzlpahjr249nbrw26ol0lu620070427JS0000000000000000001517');
INSERT INTO metadata_display_label ( default_locale, oid, site_master, key_name) VALUES ('Create', '0rfkqra50qkbny7h4fjechyumd774177NM200904120000000000000000000030', 'www.runwaysdk.com', '0rfkqra50qkbny7h4fjechyumd774177NM200904120000000000000000000030');
INSERT INTO metadata_display_label ( default_locale, oid, site_master, key_name) VALUES ('Applys a new instance of com.runwaysdk.system.scheduler.ExecutableJob', 'xxajxwyrns17cmcivpkekzrr2gg13asxNM200904120000000000000000000030', 'www.runwaysdk.com', 'xxajxwyrns17cmcivpkekzrr2gg13asxNM200904120000000000000000000030');
INSERT INTO md_action ( is_query, enclosing_md_controller, is_post, action_name, display_label, oid) VALUES (0, 'xjlv8mzrcwcgyqy6valc7urt4icyewppNM200810110000000000000000000112', 1, 'create', '0rfkqra50qkbny7h4fjechyumd774177NM200904120000000000000000000030', '01wh4qsh5lnpssh3ks5zcvbpwqeaahoiNM200810110000000000000000000113');
INSERT INTO metadata ( description, created_by, owner, oid, create_date, seq, type, remove, site_master, locked_by, entity_domain, last_updated_by, last_update_date, key_name) VALUES ('xxajxwyrns17cmcivpkekzrr2gg13asxNM200904120000000000000000000030', '0000000000000000000000000000001000000000000000000000000000000003', '0000000000000000000000000000001000000000000000000000000000000003', '01wh4qsh5lnpssh3ks5zcvbpwqeaahoiNM200810110000000000000000000113', '2014-02-10 12:13:54', 4313, 'com.runwaysdk.system.metadata.MdAction', 1, 'www.runwaysdk.com', NULL, NULL, '0000000000000000000000000000001000000000000000000000000000000003', '2014-02-10 12:13:54', 'com.runwaysdk.system.scheduler.ExecutableJobController.create');
INSERT INTO controller_action ( key_name, locked_by, oid, owner, entity_domain, created_by, type, last_update_date, create_date, seq, last_updated_by, site_master, parent_id, child_id) VALUES ('com.runwaysdk.system.scheduler.ExecutableJobController.create', NULL, '1y9jom90o0f3hwl13fyis2xu53800xy6JS200807230000000000000000111111', '0000000000000000000000000000001000000000000000000000000000000003', NULL, '0000000000000000000000000000001000000000000000000000000000000003', 'com.runwaysdk.system.ControllerAction', '2014-02-10 12:13:54', '2014-02-10 12:13:54', 4314, '0000000000000000000000000000001000000000000000000000000000000003', 'www.runwaysdk.com', 'xjlv8mzrcwcgyqy6valc7urt4icyewppNM200810110000000000000000000112', '01wh4qsh5lnpssh3ks5zcvbpwqeaahoiNM200810110000000000000000000113');
INSERT INTO metadata_display_label ( default_locale, oid, site_master, key_name) VALUES ('Parameter: com.runwaysdk.system.scheduler.ExecutableJob', 'qn0qh5ulmy1qxooo3nf1netnmbwzr7ccNM200904120000000000000000000030', 'www.runwaysdk.com', 'qn0qh5ulmy1qxooo3nf1netnmbwzr7ccNM200904120000000000000000000030');
INSERT INTO metadata_display_label ( default_locale, oid, site_master, key_name) VALUES ('com.runwaysdk.system.scheduler.ExecutableJob to apply to the database', '1o6rflitztjw2xlsdiccf33szj42qd3pNM200904120000000000000000000030', 'www.runwaysdk.com', '1o6rflitztjw2xlsdiccf33szj42qd3pNM200904120000000000000000000030');
INSERT INTO md_parameter ( metadata, parameter_order, parameter_name, parameter_type, display_label, oid) VALUES ('01wh4qsh5lnpssh3ks5zcvbpwqeaahoiNM200810110000000000000000000113', 0, 'dto', 'com.runwaysdk.system.scheduler.ExecutableJob', 'qn0qh5ulmy1qxooo3nf1netnmbwzr7ccNM200904120000000000000000000030', 'slsbiqjjvo1g01ieyaif1f7gv6qc360p20070427JS0000000000000000001517');
INSERT INTO metadata ( description, created_by, owner, oid, create_date, seq, type, remove, site_master, locked_by, entity_domain, last_updated_by, last_update_date, key_name) VALUES ('1o6rflitztjw2xlsdiccf33szj42qd3pNM200904120000000000000000000030', '0000000000000000000000000000001000000000000000000000000000000003', '0000000000000000000000000000001000000000000000000000000000000003', 'slsbiqjjvo1g01ieyaif1f7gv6qc360p20070427JS0000000000000000001517', '2014-02-10 12:13:54', 4315, 'com.runwaysdk.system.metadata.MdParameter', 1, 'www.runwaysdk.com', NULL, NULL, '0000000000000000000000000000001000000000000000000000000000000003', '2014-02-10 12:13:54', 'com.runwaysdk.system.scheduler.ExecutableJobController.create.dto');
INSERT INTO metadata_parameter ( site_master, last_updated_by, create_date, seq, locked_by, entity_domain, created_by, type, last_update_date, key_name, owner, oid, parent_id, child_id) VALUES ('www.runwaysdk.com', '0000000000000000000000000000001000000000000000000000000000000003', '2014-02-10 12:13:54', 4316, NULL, NULL, '0000000000000000000000000000001000000000000000000000000000000003', 'com.runwaysdk.system.MetadataParameter', '2014-02-10 12:13:54', 'com.runwaysdk.system.scheduler.ExecutableJobController.create.dto', '0000000000000000000000000000001000000000000000000000000000000003', '1ob96sa0pykf83sz23ynbj8ywodc5kql20070427JS0000000000000000001524', '01wh4qsh5lnpssh3ks5zcvbpwqeaahoiNM200810110000000000000000000113', 'slsbiqjjvo1g01ieyaif1f7gv6qc360p20070427JS0000000000000000001517');
INSERT INTO metadata_display_label ( default_locale, oid, site_master, key_name) VALUES ('edit', '90rq33muk45fq3tvqypgkbc66olbwkc0NM200904120000000000000000000030', 'www.runwaysdk.com', '90rq33muk45fq3tvqypgkbc66olbwkc0NM200904120000000000000000000030');
INSERT INTO metadata_display_label ( default_locale, oid, site_master, key_name) VALUES ('Applys an existing instance of com.runwaysdk.system.scheduler.ExecutableJob', 'st1kcxlimisbhsuf451mmpkj4ghtk6jqNM200904120000000000000000000030', 'www.runwaysdk.com', 'st1kcxlimisbhsuf451mmpkj4ghtk6jqNM200904120000000000000000000030');
INSERT INTO md_action ( is_query, enclosing_md_controller, is_post, action_name, display_label, oid) VALUES (0, 'xjlv8mzrcwcgyqy6valc7urt4icyewppNM200810110000000000000000000112', 0, 'edit', '90rq33muk45fq3tvqypgkbc66olbwkc0NM200904120000000000000000000030', 'qretlzfxugeluj4o2dl8xzmnz05hmoxlNM200810110000000000000000000113');
INSERT INTO metadata ( description, created_by, owner, oid, create_date, seq, type, remove, site_master, locked_by, entity_domain, last_updated_by, last_update_date, key_name) VALUES ('st1kcxlimisbhsuf451mmpkj4ghtk6jqNM200904120000000000000000000030', '0000000000000000000000000000001000000000000000000000000000000003', '0000000000000000000000000000001000000000000000000000000000000003', 'qretlzfxugeluj4o2dl8xzmnz05hmoxlNM200810110000000000000000000113', '2014-02-10 12:13:54', 4317, 'com.runwaysdk.system.metadata.MdAction', 1, 'www.runwaysdk.com', NULL, NULL, '0000000000000000000000000000001000000000000000000000000000000003', '2014-02-10 12:13:54', 'com.runwaysdk.system.scheduler.ExecutableJobController.edit');
INSERT INTO controller_action ( key_name, locked_by, oid, owner, entity_domain, created_by, type, last_update_date, create_date, seq, last_updated_by, site_master, parent_id, child_id) VALUES ('com.runwaysdk.system.scheduler.ExecutableJobController.edit', NULL, 'z7xstjggpmlt1xrjasg8u4ncpg343x59JS200807230000000000000000111111', '0000000000000000000000000000001000000000000000000000000000000003', NULL, '0000000000000000000000000000001000000000000000000000000000000003', 'com.runwaysdk.system.ControllerAction', '2014-02-10 12:13:54', '2014-02-10 12:13:54', 4318, '0000000000000000000000000000001000000000000000000000000000000003', 'www.runwaysdk.com', 'xjlv8mzrcwcgyqy6valc7urt4icyewppNM200810110000000000000000000112', 'qretlzfxugeluj4o2dl8xzmnz05hmoxlNM200810110000000000000000000113');
INSERT INTO metadata_display_label ( default_locale, oid, site_master, key_name) VALUES ('Parameter: com.runwaysdk.system.scheduler.ExecutableJob', '23ymjkqsmsuw06kzsugq99e0lu1asri0NM200904120000000000000000000030', 'www.runwaysdk.com', '23ymjkqsmsuw06kzsugq99e0lu1asri0NM200904120000000000000000000030');
INSERT INTO metadata_display_label ( default_locale, oid, site_master, key_name) VALUES ('com.runwaysdk.system.scheduler.ExecutableJob to apply to the database', 'xjr6s2umpcr0c7n8oy794r222jrv49mdNM200904120000000000000000000030', 'www.runwaysdk.com', 'xjr6s2umpcr0c7n8oy794r222jrv49mdNM200904120000000000000000000030');
INSERT INTO md_parameter ( metadata, parameter_order, parameter_name, parameter_type, display_label, oid) VALUES ('qretlzfxugeluj4o2dl8xzmnz05hmoxlNM200810110000000000000000000113', 0, 'oid', 'java.lang.String', '23ymjkqsmsuw06kzsugq99e0lu1asri0NM200904120000000000000000000030', '0lk2zmbvw3jtrt1odbnrfrt0eiq0sva720070427JS0000000000000000001517');
INSERT INTO metadata ( description, created_by, owner, oid, create_date, seq, type, remove, site_master, locked_by, entity_domain, last_updated_by, last_update_date, key_name) VALUES ('xjr6s2umpcr0c7n8oy794r222jrv49mdNM200904120000000000000000000030', '0000000000000000000000000000001000000000000000000000000000000003', '0000000000000000000000000000001000000000000000000000000000000003', '0lk2zmbvw3jtrt1odbnrfrt0eiq0sva720070427JS0000000000000000001517', '2014-02-10 12:13:54', 4319, 'com.runwaysdk.system.metadata.MdParameter', 1, 'www.runwaysdk.com', NULL, NULL, '0000000000000000000000000000001000000000000000000000000000000003', '2014-02-10 12:13:54', 'com.runwaysdk.system.scheduler.ExecutableJobController.edit.oid');
INSERT INTO metadata_parameter ( site_master, last_updated_by, create_date, seq, locked_by, entity_domain, created_by, type, last_update_date, key_name, owner, oid, parent_id, child_id) VALUES ('www.runwaysdk.com', '0000000000000000000000000000001000000000000000000000000000000003', '2014-02-10 12:13:54', 4320, NULL, NULL, '0000000000000000000000000000001000000000000000000000000000000003', 'com.runwaysdk.system.MetadataParameter', '2014-02-10 12:13:54', 'com.runwaysdk.system.scheduler.ExecutableJobController.edit.oid', '0000000000000000000000000000001000000000000000000000000000000003', '6vr6ep05xrfedhr9znc6qdtt6nhqwbme20070427JS0000000000000000001524', 'qretlzfxugeluj4o2dl8xzmnz05hmoxlNM200810110000000000000000000113', '0lk2zmbvw3jtrt1odbnrfrt0eiq0sva720070427JS0000000000000000001517');
INSERT INTO metadata_display_label ( default_locale, oid, site_master, key_name) VALUES ('update', 'xzbotakwfshxqtxpcqmxqu282g5z1lpbNM200904120000000000000000000030', 'www.runwaysdk.com', 'xzbotakwfshxqtxpcqmxqu282g5z1lpbNM200904120000000000000000000030');
INSERT INTO metadata_display_label ( default_locale, oid, site_master, key_name) VALUES ('Applys an existing instance of com.runwaysdk.system.scheduler.ExecutableJob', 'sbq19cnik22en0x0f15setppvlmqylzxNM200904120000000000000000000030', 'www.runwaysdk.com', 'sbq19cnik22en0x0f15setppvlmqylzxNM200904120000000000000000000030');
INSERT INTO md_action ( is_query, enclosing_md_controller, is_post, action_name, display_label, oid) VALUES (0, 'xjlv8mzrcwcgyqy6valc7urt4icyewppNM200810110000000000000000000112', 1, 'update', 'xzbotakwfshxqtxpcqmxqu282g5z1lpbNM200904120000000000000000000030', '0buqh3pwjxj0txzj2xs9sk40m273620lNM200810110000000000000000000113');
INSERT INTO metadata ( description, created_by, owner, oid, create_date, seq, type, remove, site_master, locked_by, entity_domain, last_updated_by, last_update_date, key_name) VALUES ('sbq19cnik22en0x0f15setppvlmqylzxNM200904120000000000000000000030', '0000000000000000000000000000001000000000000000000000000000000003', '0000000000000000000000000000001000000000000000000000000000000003', '0buqh3pwjxj0txzj2xs9sk40m273620lNM200810110000000000000000000113', '2014-02-10 12:13:54', 4321, 'com.runwaysdk.system.metadata.MdAction', 1, 'www.runwaysdk.com', NULL, NULL, '0000000000000000000000000000001000000000000000000000000000000003', '2014-02-10 12:13:54', 'com.runwaysdk.system.scheduler.ExecutableJobController.update');
INSERT INTO controller_action ( key_name, locked_by, oid, owner, entity_domain, created_by, type, last_update_date, create_date, seq, last_updated_by, site_master, parent_id, child_id) VALUES ('com.runwaysdk.system.scheduler.ExecutableJobController.update', NULL, '938p7lo07k4x5z4evzgn95wwsn40n3hlJS200807230000000000000000111111', '0000000000000000000000000000001000000000000000000000000000000003', NULL, '0000000000000000000000000000001000000000000000000000000000000003', 'com.runwaysdk.system.ControllerAction', '2014-02-10 12:13:54', '2014-02-10 12:13:54', 4322, '0000000000000000000000000000001000000000000000000000000000000003', 'www.runwaysdk.com', 'xjlv8mzrcwcgyqy6valc7urt4icyewppNM200810110000000000000000000112', '0buqh3pwjxj0txzj2xs9sk40m273620lNM200810110000000000000000000113');
INSERT INTO metadata_display_label ( default_locale, oid, site_master, key_name) VALUES ('Parameter: com.runwaysdk.system.scheduler.ExecutableJob - dto', '1rs0cznwnb0cmfjyz9525aigfa85xtg1NM200904120000000000000000000030', 'www.runwaysdk.com', '1rs0cznwnb0cmfjyz9525aigfa85xtg1NM200904120000000000000000000030');
INSERT INTO metadata_display_label ( default_locale, oid, site_master, key_name) VALUES ('com.runwaysdk.system.scheduler.ExecutableJob to apply to the database', 'zaqj8h7ocdz5ey41buxms43f9zxzup7bNM200904120000000000000000000030', 'www.runwaysdk.com', 'zaqj8h7ocdz5ey41buxms43f9zxzup7bNM200904120000000000000000000030');
INSERT INTO md_parameter ( metadata, parameter_order, parameter_name, parameter_type, display_label, oid) VALUES ('0buqh3pwjxj0txzj2xs9sk40m273620lNM200810110000000000000000000113', 0, 'dto', 'com.runwaysdk.system.scheduler.ExecutableJob', '1rs0cznwnb0cmfjyz9525aigfa85xtg1NM200904120000000000000000000030', 'swwbpqeqcdelmw3gufnk84fvkb5ooj7j20070427JS0000000000000000001517');
INSERT INTO metadata ( description, created_by, owner, oid, create_date, seq, type, remove, site_master, locked_by, entity_domain, last_updated_by, last_update_date, key_name) VALUES ('zaqj8h7ocdz5ey41buxms43f9zxzup7bNM200904120000000000000000000030', '0000000000000000000000000000001000000000000000000000000000000003', '0000000000000000000000000000001000000000000000000000000000000003', 'swwbpqeqcdelmw3gufnk84fvkb5ooj7j20070427JS0000000000000000001517', '2014-02-10 12:13:54', 4323, 'com.runwaysdk.system.metadata.MdParameter', 1, 'www.runwaysdk.com', NULL, NULL, '0000000000000000000000000000001000000000000000000000000000000003', '2014-02-10 12:13:54', 'com.runwaysdk.system.scheduler.ExecutableJobController.update.dto');
INSERT INTO metadata_parameter ( site_master, last_updated_by, create_date, seq, locked_by, entity_domain, created_by, type, last_update_date, key_name, owner, oid, parent_id, child_id) VALUES ('www.runwaysdk.com', '0000000000000000000000000000001000000000000000000000000000000003', '2014-02-10 12:13:54', 4324, NULL, NULL, '0000000000000000000000000000001000000000000000000000000000000003', 'com.runwaysdk.system.MetadataParameter', '2014-02-10 12:13:54', 'com.runwaysdk.system.scheduler.ExecutableJobController.update.dto', '0000000000000000000000000000001000000000000000000000000000000003', 'xneq2pk7gsr5ykkqqdjpjmt1tcxddyyf20070427JS0000000000000000001524', '0buqh3pwjxj0txzj2xs9sk40m273620lNM200810110000000000000000000113', 'swwbpqeqcdelmw3gufnk84fvkb5ooj7j20070427JS0000000000000000001517');
INSERT INTO metadata_display_label ( default_locale, oid, site_master, key_name) VALUES ('cancel', '6x23ydiuh5a78v768xkxzz7zarqj82egNM200904120000000000000000000030', 'www.runwaysdk.com', '6x23ydiuh5a78v768xkxzz7zarqj82egNM200904120000000000000000000030');
INSERT INTO metadata_display_label ( default_locale, oid, site_master, key_name) VALUES ('Unlocks an instance com.runwaysdk.system.scheduler.ExecutableJob', '94g8yxe45j4l7d9fq6npv91mbhsrnl3hNM200904120000000000000000000030', 'www.runwaysdk.com', '94g8yxe45j4l7d9fq6npv91mbhsrnl3hNM200904120000000000000000000030');
INSERT INTO md_action ( is_query, enclosing_md_controller, is_post, action_name, display_label, oid) VALUES (0, 'xjlv8mzrcwcgyqy6valc7urt4icyewppNM200810110000000000000000000112', 1, 'cancel', '6x23ydiuh5a78v768xkxzz7zarqj82egNM200904120000000000000000000030', 'xvazqg4chfwllpu284cppaulhfjiex7qNM200810110000000000000000000113');
INSERT INTO metadata ( description, created_by, owner, oid, create_date, seq, type, remove, site_master, locked_by, entity_domain, last_updated_by, last_update_date, key_name) VALUES ('94g8yxe45j4l7d9fq6npv91mbhsrnl3hNM200904120000000000000000000030', '0000000000000000000000000000001000000000000000000000000000000003', '0000000000000000000000000000001000000000000000000000000000000003', 'xvazqg4chfwllpu284cppaulhfjiex7qNM200810110000000000000000000113', '2014-02-10 12:13:54', 4325, 'com.runwaysdk.system.metadata.MdAction', 1, 'www.runwaysdk.com', NULL, NULL, '0000000000000000000000000000001000000000000000000000000000000003', '2014-02-10 12:13:54', 'com.runwaysdk.system.scheduler.ExecutableJobController.cancel');
INSERT INTO controller_action ( key_name, locked_by, oid, owner, entity_domain, created_by, type, last_update_date, create_date, seq, last_updated_by, site_master, parent_id, child_id) VALUES ('com.runwaysdk.system.scheduler.ExecutableJobController.cancel', NULL, 'xni0qolpr5ccjlnbz0m021f7ixtmbl8dJS200807230000000000000000111111', '0000000000000000000000000000001000000000000000000000000000000003', NULL, '0000000000000000000000000000001000000000000000000000000000000003', 'com.runwaysdk.system.ControllerAction', '2014-02-10 12:13:54', '2014-02-10 12:13:54', 4326, '0000000000000000000000000000001000000000000000000000000000000003', 'www.runwaysdk.com', 'xjlv8mzrcwcgyqy6valc7urt4icyewppNM200810110000000000000000000112', 'xvazqg4chfwllpu284cppaulhfjiex7qNM200810110000000000000000000113');
INSERT INTO metadata_display_label ( default_locale, oid, site_master, key_name) VALUES ('Parameter: com.runwaysdk.system.scheduler.ExecutableJob - dto', '1rqxo81ho7mnmy5t7ldqgwih7tsgmngaNM200904120000000000000000000030', 'www.runwaysdk.com', '1rqxo81ho7mnmy5t7ldqgwih7tsgmngaNM200904120000000000000000000030');
INSERT INTO metadata_display_label ( default_locale, oid, site_master, key_name) VALUES ('com.runwaysdk.system.scheduler.ExecutableJob to unlock', 't0za8ws1cektr4rvj3k6uj5it5ywuxogNM200904120000000000000000000030', 'www.runwaysdk.com', 't0za8ws1cektr4rvj3k6uj5it5ywuxogNM200904120000000000000000000030');
INSERT INTO md_parameter ( metadata, parameter_order, parameter_name, parameter_type, display_label, oid) VALUES ('xvazqg4chfwllpu284cppaulhfjiex7qNM200810110000000000000000000113', 0, 'dto', 'com.runwaysdk.system.scheduler.ExecutableJob', '1rqxo81ho7mnmy5t7ldqgwih7tsgmngaNM200904120000000000000000000030', 'qlxbvu5faobog74yvsd8pixmo026zg4v20070427JS0000000000000000001517');
INSERT INTO metadata ( description, created_by, owner, oid, create_date, seq, type, remove, site_master, locked_by, entity_domain, last_updated_by, last_update_date, key_name) VALUES ('t0za8ws1cektr4rvj3k6uj5it5ywuxogNM200904120000000000000000000030', '0000000000000000000000000000001000000000000000000000000000000003', '0000000000000000000000000000001000000000000000000000000000000003', 'qlxbvu5faobog74yvsd8pixmo026zg4v20070427JS0000000000000000001517', '2014-02-10 12:13:54', 4327, 'com.runwaysdk.system.metadata.MdParameter', 1, 'www.runwaysdk.com', NULL, NULL, '0000000000000000000000000000001000000000000000000000000000000003', '2014-02-10 12:13:54', 'com.runwaysdk.system.scheduler.ExecutableJobController.cancel.dto');
INSERT INTO metadata_parameter ( site_master, last_updated_by, create_date, seq, locked_by, entity_domain, created_by, type, last_update_date, key_name, owner, oid, parent_id, child_id) VALUES ('www.runwaysdk.com', '0000000000000000000000000000001000000000000000000000000000000003', '2014-02-10 12:13:54', 4328, NULL, NULL, '0000000000000000000000000000001000000000000000000000000000000003', 'com.runwaysdk.system.MetadataParameter', '2014-02-10 12:13:54', 'com.runwaysdk.system.scheduler.ExecutableJobController.cancel.dto', '0000000000000000000000000000001000000000000000000000000000000003', 'sb4s2wbks9ngllosdbvq0txdeagsahb320070427JS0000000000000000001524', 'xvazqg4chfwllpu284cppaulhfjiex7qNM200810110000000000000000000113', 'qlxbvu5faobog74yvsd8pixmo026zg4v20070427JS0000000000000000001517');
INSERT INTO metadata_display_label ( default_locale, oid, site_master, key_name) VALUES ('delete', 'z97bcgqfof6i6w2xxgw9l5lsv47jozorNM200904120000000000000000000030', 'www.runwaysdk.com', 'z97bcgqfof6i6w2xxgw9l5lsv47jozorNM200904120000000000000000000030');
INSERT INTO metadata_display_label ( default_locale, oid, site_master, key_name) VALUES ('Delete an instance of com.runwaysdk.system.scheduler.ExecutableJob', '2aeztzuksthrshkrjrpuw7prwcobw2f9NM200904120000000000000000000030', 'www.runwaysdk.com', '2aeztzuksthrshkrjrpuw7prwcobw2f9NM200904120000000000000000000030');
INSERT INTO md_action ( is_query, enclosing_md_controller, is_post, action_name, display_label, oid) VALUES (0, 'xjlv8mzrcwcgyqy6valc7urt4icyewppNM200810110000000000000000000112', 1, 'delete', 'z97bcgqfof6i6w2xxgw9l5lsv47jozorNM200904120000000000000000000030', '8r17s762ge415j6x0f0ht6bbkgr96cvwNM200810110000000000000000000113');
INSERT INTO metadata ( description, created_by, owner, oid, create_date, seq, type, remove, site_master, locked_by, entity_domain, last_updated_by, last_update_date, key_name) VALUES ('2aeztzuksthrshkrjrpuw7prwcobw2f9NM200904120000000000000000000030', '0000000000000000000000000000001000000000000000000000000000000003', '0000000000000000000000000000001000000000000000000000000000000003', '8r17s762ge415j6x0f0ht6bbkgr96cvwNM200810110000000000000000000113', '2014-02-10 12:13:54', 4329, 'com.runwaysdk.system.metadata.MdAction', 1, 'www.runwaysdk.com', NULL, NULL, '0000000000000000000000000000001000000000000000000000000000000003', '2014-02-10 12:13:54', 'com.runwaysdk.system.scheduler.ExecutableJobController.delete');
INSERT INTO controller_action ( key_name, locked_by, oid, owner, entity_domain, created_by, type, last_update_date, create_date, seq, last_updated_by, site_master, parent_id, child_id) VALUES ('com.runwaysdk.system.scheduler.ExecutableJobController.delete', NULL, '27nsgb66bio73spheofr9x1tqdndnfi2JS200807230000000000000000111111', '0000000000000000000000000000001000000000000000000000000000000003', NULL, '0000000000000000000000000000001000000000000000000000000000000003', 'com.runwaysdk.system.ControllerAction', '2014-02-10 12:13:54', '2014-02-10 12:13:54', 4330, '0000000000000000000000000000001000000000000000000000000000000003', 'www.runwaysdk.com', 'xjlv8mzrcwcgyqy6valc7urt4icyewppNM200810110000000000000000000112', '8r17s762ge415j6x0f0ht6bbkgr96cvwNM200810110000000000000000000113');
INSERT INTO metadata_display_label ( default_locale, oid, site_master, key_name) VALUES ('Parameter: com.runwaysdk.system.scheduler.ExecutableJob - dto', '2924bz6psuq7t742m4ylcad5juoabw1iNM200904120000000000000000000030', 'www.runwaysdk.com', '2924bz6psuq7t742m4ylcad5juoabw1iNM200904120000000000000000000030');
INSERT INTO metadata_display_label ( default_locale, oid, site_master, key_name) VALUES ('com.runwaysdk.system.scheduler.ExecutableJob to delete', 'swbsuqdy68drxxza7ptejv6grz796jwiNM200904120000000000000000000030', 'www.runwaysdk.com', 'swbsuqdy68drxxza7ptejv6grz796jwiNM200904120000000000000000000030');
INSERT INTO md_parameter ( metadata, parameter_order, parameter_name, parameter_type, display_label, oid) VALUES ('8r17s762ge415j6x0f0ht6bbkgr96cvwNM200810110000000000000000000113', 0, 'dto', 'com.runwaysdk.system.scheduler.ExecutableJob', '2924bz6psuq7t742m4ylcad5juoabw1iNM200904120000000000000000000030', '1tctbf1i3wn55m05tp71vaary8gpldq220070427JS0000000000000000001517');
INSERT INTO metadata ( description, created_by, owner, oid, create_date, seq, type, remove, site_master, locked_by, entity_domain, last_updated_by, last_update_date, key_name) VALUES ('swbsuqdy68drxxza7ptejv6grz796jwiNM200904120000000000000000000030', '0000000000000000000000000000001000000000000000000000000000000003', '0000000000000000000000000000001000000000000000000000000000000003', '1tctbf1i3wn55m05tp71vaary8gpldq220070427JS0000000000000000001517', '2014-02-10 12:13:54', 4331, 'com.runwaysdk.system.metadata.MdParameter', 1, 'www.runwaysdk.com', NULL, NULL, '0000000000000000000000000000001000000000000000000000000000000003', '2014-02-10 12:13:54', 'com.runwaysdk.system.scheduler.ExecutableJobController.delete.dto');
INSERT INTO metadata_parameter ( site_master, last_updated_by, create_date, seq, locked_by, entity_domain, created_by, type, last_update_date, key_name, owner, oid, parent_id, child_id) VALUES ('www.runwaysdk.com', '0000000000000000000000000000001000000000000000000000000000000003', '2014-02-10 12:13:54', 4332, NULL, NULL, '0000000000000000000000000000001000000000000000000000000000000003', 'com.runwaysdk.system.MetadataParameter', '2014-02-10 12:13:54', 'com.runwaysdk.system.scheduler.ExecutableJobController.delete.dto', '0000000000000000000000000000001000000000000000000000000000000003', 'sbhfoqwfczr2ty305ltutsdszvtdcjtb20070427JS0000000000000000001524', '8r17s762ge415j6x0f0ht6bbkgr96cvwNM200810110000000000000000000113', '1tctbf1i3wn55m05tp71vaary8gpldq220070427JS0000000000000000001517');
INSERT INTO business_inheritance ( oid, parent_id, child_id) VALUES ('6z78mfyb83p75frq8i0uyivj0dm3lwe220070926NM0000000000000000000004', '0fnj9qgoapxjygna1zbnrdk7vm5ciijy00000000000000000000000000000001', '8ndv254jvk1mw1rql6a4pqz9qbqvdzl400000000000000000000000000000001');
INSERT INTO class_inheritance ( oid, parent_id, child_id) VALUES ('6z78mfyb83p75frq8i0uyivj0dm3lwe220070926NM0000000000000000000004', '0fnj9qgoapxjygna1zbnrdk7vm5ciijy00000000000000000000000000000001', '8ndv254jvk1mw1rql6a4pqz9qbqvdzl400000000000000000000000000000001');
INSERT INTO metadata_relationship ( entity_domain, site_master, last_updated_by, oid, owner, locked_by, create_date, type, created_by, seq, key_name, last_update_date, parent_id, child_id) VALUES (NULL, 'www.runwaysdk.com', '0000000000000000000000000000001000000000000000000000000000000003', '6z78mfyb83p75frq8i0uyivj0dm3lwe220070926NM0000000000000000000004', '0000000000000000000000000000001000000000000000000000000000000003', NULL, '2014-02-10 12:13:54', 'com.runwaysdk.system.metadata.BusinessInheritance', '0000000000000000000000000000001000000000000000000000000000000003', 4333, '6z78mfyb83p75frq8i0uyivj0dm3lwe220070926NM0000000000000000000004', '2014-02-10 12:13:54', '0fnj9qgoapxjygna1zbnrdk7vm5ciijy00000000000000000000000000000001', '8ndv254jvk1mw1rql6a4pqz9qbqvdzl400000000000000000000000000000001');
INSERT INTO metadata_display_label ( default_locale, oid, site_master, key_name) VALUES ('Start Job', '2461zyh9vrai3v9viafldkk65oghwpvhNM200904120000000000000000000030', 'www.runwaysdk.com', '2461zyh9vrai3v9viafldkk65oghwpvhNM200904120000000000000000000030');
INSERT INTO metadata_display_label ( default_locale, oid, site_master, key_name) VALUES ('Start Job', 'zj0na6mele8znqh08o0rv45ld05ux28jNM200904120000000000000000000030', 'www.runwaysdk.com', 'zj0na6mele8znqh08o0rv45ld05ux28jNM200904120000000000000000000030');
INSERT INTO md_method ( method_name, md_type, is_static, return_type, display_label, oid) VALUES ('start', '8ndv254jvk1mw1rql6a4pqz9qbqvdzl400000000000000000000000000000001', 0, 'void', '2461zyh9vrai3v9viafldkk65oghwpvhNM200904120000000000000000000030', '8jytrqr8g8blar0ntscsbo0vswepo4yp20070427JS0000000000000000001514');
INSERT INTO metadata ( description, created_by, owner, oid, create_date, seq, type, remove, site_master, locked_by, entity_domain, last_updated_by, last_update_date, key_name) VALUES ('zj0na6mele8znqh08o0rv45ld05ux28jNM200904120000000000000000000030', '0000000000000000000000000000001000000000000000000000000000000003', '0000000000000000000000000000001000000000000000000000000000000003', '8jytrqr8g8blar0ntscsbo0vswepo4yp20070427JS0000000000000000001514', '2014-02-10 12:13:54', 4334, 'com.runwaysdk.system.metadata.MdMethod', 1, 'www.runwaysdk.com', NULL, NULL, '0000000000000000000000000000001000000000000000000000000000000003', '2014-02-10 12:13:54', 'com.runwaysdk.system.scheduler.ExecutableJob.start');
INSERT INTO type_method ( oid, parent_id, child_id) VALUES ('r3vc3ltgam6ko6rj29mfe9mnogus626x20070427JS0000000000000000001520', '8ndv254jvk1mw1rql6a4pqz9qbqvdzl400000000000000000000000000000001', '8jytrqr8g8blar0ntscsbo0vswepo4yp20070427JS0000000000000000001514');
INSERT INTO metadata_relationship ( entity_domain, site_master, last_updated_by, oid, owner, locked_by, create_date, type, created_by, seq, key_name, last_update_date, parent_id, child_id) VALUES (NULL, 'www.runwaysdk.com', '0000000000000000000000000000001000000000000000000000000000000003', 'r3vc3ltgam6ko6rj29mfe9mnogus626x20070427JS0000000000000000001520', '0000000000000000000000000000001000000000000000000000000000000003', NULL, '2014-02-10 12:13:54', 'com.runwaysdk.system.metadata.TypeMethod', '0000000000000000000000000000001000000000000000000000000000000003', 4335, 'com.runwaysdk.system.scheduler.ExecutableJob.start', '2014-02-10 12:13:54', '8ndv254jvk1mw1rql6a4pqz9qbqvdzl400000000000000000000000000000001', '8jytrqr8g8blar0ntscsbo0vswepo4yp20070427JS0000000000000000001514');
INSERT INTO metadata_display_label ( default_locale, oid, site_master, key_name) VALUES ('Stop Job', '1yon9vreovb97r8jufh95o56he2xn1ieNM200904120000000000000000000030', 'www.runwaysdk.com', '1yon9vreovb97r8jufh95o56he2xn1ieNM200904120000000000000000000030');
INSERT INTO metadata_display_label ( default_locale, oid, site_master, key_name) VALUES ('Stop Job', '8yg99oa9571ovqvcigefe0e92cznf130NM200904120000000000000000000030', 'www.runwaysdk.com', '8yg99oa9571ovqvcigefe0e92cznf130NM200904120000000000000000000030');
INSERT INTO md_method ( method_name, md_type, is_static, return_type, display_label, oid) VALUES ('stop', '8ndv254jvk1mw1rql6a4pqz9qbqvdzl400000000000000000000000000000001', 0, 'void', '1yon9vreovb97r8jufh95o56he2xn1ieNM200904120000000000000000000030', '2g3ldgiok19amtmh9p69rbrckyuu3fok20070427JS0000000000000000001514');
INSERT INTO metadata ( description, created_by, owner, oid, create_date, seq, type, remove, site_master, locked_by, entity_domain, last_updated_by, last_update_date, key_name) VALUES ('8yg99oa9571ovqvcigefe0e92cznf130NM200904120000000000000000000030', '0000000000000000000000000000001000000000000000000000000000000003', '0000000000000000000000000000001000000000000000000000000000000003', '2g3ldgiok19amtmh9p69rbrckyuu3fok20070427JS0000000000000000001514', '2014-02-10 12:13:54', 4336, 'com.runwaysdk.system.metadata.MdMethod', 1, 'www.runwaysdk.com', NULL, NULL, '0000000000000000000000000000001000000000000000000000000000000003', '2014-02-10 12:13:54', 'com.runwaysdk.system.scheduler.ExecutableJob.stop');
INSERT INTO type_method ( oid, parent_id, child_id) VALUES ('6xn452mzlh483fj06li1oc4o6ex6unwk20070427JS0000000000000000001520', '8ndv254jvk1mw1rql6a4pqz9qbqvdzl400000000000000000000000000000001', '2g3ldgiok19amtmh9p69rbrckyuu3fok20070427JS0000000000000000001514');
INSERT INTO metadata_relationship ( entity_domain, site_master, last_updated_by, oid, owner, locked_by, create_date, type, created_by, seq, key_name, last_update_date, parent_id, child_id) VALUES (NULL, 'www.runwaysdk.com', '0000000000000000000000000000001000000000000000000000000000000003', '6xn452mzlh483fj06li1oc4o6ex6unwk20070427JS0000000000000000001520', '0000000000000000000000000000001000000000000000000000000000000003', NULL, '2014-02-10 12:13:54', 'com.runwaysdk.system.metadata.TypeMethod', '0000000000000000000000000000001000000000000000000000000000000003', 4337, 'com.runwaysdk.system.scheduler.ExecutableJob.stop', '2014-02-10 12:13:54', '8ndv254jvk1mw1rql6a4pqz9qbqvdzl400000000000000000000000000000001', '2g3ldgiok19amtmh9p69rbrckyuu3fok20070427JS0000000000000000001514');
INSERT INTO metadata_display_label ( default_locale, oid, site_master, key_name) VALUES ('Cancel Job', '009j4uqpded377msw0awhvevobv94nmwNM200904120000000000000000000030', 'www.runwaysdk.com', '009j4uqpded377msw0awhvevobv94nmwNM200904120000000000000000000030');
INSERT INTO metadata_display_label ( default_locale, oid, site_master, key_name) VALUES ('Cancel Job', 'zihm249l1eb5qyc1wl1q8yg1w83lg81uNM200904120000000000000000000030', 'www.runwaysdk.com', 'zihm249l1eb5qyc1wl1q8yg1w83lg81uNM200904120000000000000000000030');
INSERT INTO md_method ( method_name, md_type, is_static, return_type, display_label, oid) VALUES ('cancel', '8ndv254jvk1mw1rql6a4pqz9qbqvdzl400000000000000000000000000000001', 0, 'void', '009j4uqpded377msw0awhvevobv94nmwNM200904120000000000000000000030', 'zc2nzl6og7qgura3iaw1osl7av55fuvr20070427JS0000000000000000001514');
INSERT INTO metadata ( description, created_by, owner, oid, create_date, seq, type, remove, site_master, locked_by, entity_domain, last_updated_by, last_update_date, key_name) VALUES ('zihm249l1eb5qyc1wl1q8yg1w83lg81uNM200904120000000000000000000030', '0000000000000000000000000000001000000000000000000000000000000003', '0000000000000000000000000000001000000000000000000000000000000003', 'zc2nzl6og7qgura3iaw1osl7av55fuvr20070427JS0000000000000000001514', '2014-02-10 12:13:54', 4338, 'com.runwaysdk.system.metadata.MdMethod', 1, 'www.runwaysdk.com', NULL, NULL, '0000000000000000000000000000001000000000000000000000000000000003', '2014-02-10 12:13:54', 'com.runwaysdk.system.scheduler.ExecutableJob.cancel');
INSERT INTO type_method ( oid, parent_id, child_id) VALUES ('8jo4jjnv7na12u4ttsjf65x6w9znvati20070427JS0000000000000000001520', '8ndv254jvk1mw1rql6a4pqz9qbqvdzl400000000000000000000000000000001', 'zc2nzl6og7qgura3iaw1osl7av55fuvr20070427JS0000000000000000001514');
INSERT INTO metadata_relationship ( entity_domain, site_master, last_updated_by, oid, owner, locked_by, create_date, type, created_by, seq, key_name, last_update_date, parent_id, child_id) VALUES (NULL, 'www.runwaysdk.com', '0000000000000000000000000000001000000000000000000000000000000003', '8jo4jjnv7na12u4ttsjf65x6w9znvati20070427JS0000000000000000001520', '0000000000000000000000000000001000000000000000000000000000000003', NULL, '2014-02-10 12:13:54', 'com.runwaysdk.system.metadata.TypeMethod', '0000000000000000000000000000001000000000000000000000000000000003', 4339, 'com.runwaysdk.system.scheduler.ExecutableJob.cancel', '2014-02-10 12:13:54', '8ndv254jvk1mw1rql6a4pqz9qbqvdzl400000000000000000000000000000001', 'zc2nzl6og7qgura3iaw1osl7av55fuvr20070427JS0000000000000000001514');
INSERT INTO metadata_display_label ( default_locale, oid, site_master, key_name) VALUES ('Resume Job', 'yw86ohkephwq28t4mxoxlahu1rtgfd6zNM200904120000000000000000000030', 'www.runwaysdk.com', 'yw86ohkephwq28t4mxoxlahu1rtgfd6zNM200904120000000000000000000030');
INSERT INTO metadata_display_label ( default_locale, oid, site_master, key_name) VALUES ('Resume Job', '1pu0s0hpug90yfn6wmblzqnqcuyyjcl3NM200904120000000000000000000030', 'www.runwaysdk.com', '1pu0s0hpug90yfn6wmblzqnqcuyyjcl3NM200904120000000000000000000030');
INSERT INTO md_method ( method_name, md_type, is_static, return_type, display_label, oid) VALUES ('resume', '8ndv254jvk1mw1rql6a4pqz9qbqvdzl400000000000000000000000000000001', 0, 'void', 'yw86ohkephwq28t4mxoxlahu1rtgfd6zNM200904120000000000000000000030', 'z7bcb0rzw24p9kz3e3pai45cnikoconf20070427JS0000000000000000001514');
INSERT INTO metadata ( description, created_by, owner, oid, create_date, seq, type, remove, site_master, locked_by, entity_domain, last_updated_by, last_update_date, key_name) VALUES ('1pu0s0hpug90yfn6wmblzqnqcuyyjcl3NM200904120000000000000000000030', '0000000000000000000000000000001000000000000000000000000000000003', '0000000000000000000000000000001000000000000000000000000000000003', 'z7bcb0rzw24p9kz3e3pai45cnikoconf20070427JS0000000000000000001514', '2014-02-10 12:13:54', 4340, 'com.runwaysdk.system.metadata.MdMethod', 1, 'www.runwaysdk.com', NULL, NULL, '0000000000000000000000000000001000000000000000000000000000000003', '2014-02-10 12:13:54', 'com.runwaysdk.system.scheduler.ExecutableJob.resume');
INSERT INTO type_method ( oid, parent_id, child_id) VALUES ('1zcd9ixfaxfd0jadri009qz85uwoyieg20070427JS0000000000000000001520', '8ndv254jvk1mw1rql6a4pqz9qbqvdzl400000000000000000000000000000001', 'z7bcb0rzw24p9kz3e3pai45cnikoconf20070427JS0000000000000000001514');
INSERT INTO metadata_relationship ( entity_domain, site_master, last_updated_by, oid, owner, locked_by, create_date, type, created_by, seq, key_name, last_update_date, parent_id, child_id) VALUES (NULL, 'www.runwaysdk.com', '0000000000000000000000000000001000000000000000000000000000000003', '1zcd9ixfaxfd0jadri009qz85uwoyieg20070427JS0000000000000000001520', '0000000000000000000000000000001000000000000000000000000000000003', NULL, '2014-02-10 12:13:54', 'com.runwaysdk.system.metadata.TypeMethod', '0000000000000000000000000000001000000000000000000000000000000003', 4341, 'com.runwaysdk.system.scheduler.ExecutableJob.resume', '2014-02-10 12:13:54', '8ndv254jvk1mw1rql6a4pqz9qbqvdzl400000000000000000000000000000001', 'z7bcb0rzw24p9kz3e3pai45cnikoconf20070427JS0000000000000000001514');
INSERT INTO metadata_display_label ( default_locale, oid, site_master, key_name) VALUES ('Pause Job', 'qskhd7zx3vs0ddarnd2hsnu0znrejhteNM200904120000000000000000000030', 'www.runwaysdk.com', 'qskhd7zx3vs0ddarnd2hsnu0znrejhteNM200904120000000000000000000030');
INSERT INTO metadata_display_label ( default_locale, oid, site_master, key_name) VALUES ('Pause Job', 'zknsvenpvmxkc3s6gqswb5kbj5fqoo4fNM200904120000000000000000000030', 'www.runwaysdk.com', 'zknsvenpvmxkc3s6gqswb5kbj5fqoo4fNM200904120000000000000000000030');
INSERT INTO md_method ( method_name, md_type, is_static, return_type, display_label, oid) VALUES ('pause', '8ndv254jvk1mw1rql6a4pqz9qbqvdzl400000000000000000000000000000001', 0, 'void', 'qskhd7zx3vs0ddarnd2hsnu0znrejhteNM200904120000000000000000000030', '222ncfvnfem2wkcm05u5cldbn3xkykq620070427JS0000000000000000001514');
INSERT INTO metadata ( description, created_by, owner, oid, create_date, seq, type, remove, site_master, locked_by, entity_domain, last_updated_by, last_update_date, key_name) VALUES ('zknsvenpvmxkc3s6gqswb5kbj5fqoo4fNM200904120000000000000000000030', '0000000000000000000000000000001000000000000000000000000000000003', '0000000000000000000000000000001000000000000000000000000000000003', '222ncfvnfem2wkcm05u5cldbn3xkykq620070427JS0000000000000000001514', '2014-02-10 12:13:54', 4342, 'com.runwaysdk.system.metadata.MdMethod', 1, 'www.runwaysdk.com', NULL, NULL, '0000000000000000000000000000001000000000000000000000000000000003', '2014-02-10 12:13:54', 'com.runwaysdk.system.scheduler.ExecutableJob.pause');
INSERT INTO type_method ( oid, parent_id, child_id) VALUES ('sz8xc7nwqj2a32k6qfd9r2h5t2q1x79w20070427JS0000000000000000001520', '8ndv254jvk1mw1rql6a4pqz9qbqvdzl400000000000000000000000000000001', '222ncfvnfem2wkcm05u5cldbn3xkykq620070427JS0000000000000000001514');
INSERT INTO metadata_relationship ( entity_domain, site_master, last_updated_by, oid, owner, locked_by, create_date, type, created_by, seq, key_name, last_update_date, parent_id, child_id) VALUES (NULL, 'www.runwaysdk.com', '0000000000000000000000000000001000000000000000000000000000000003', 'sz8xc7nwqj2a32k6qfd9r2h5t2q1x79w20070427JS0000000000000000001520', '0000000000000000000000000000001000000000000000000000000000000003', NULL, '2014-02-10 12:13:54', 'com.runwaysdk.system.metadata.TypeMethod', '0000000000000000000000000000001000000000000000000000000000000003', 4343, 'com.runwaysdk.system.scheduler.ExecutableJob.pause', '2014-02-10 12:13:54', '8ndv254jvk1mw1rql6a4pqz9qbqvdzl400000000000000000000000000000001', '222ncfvnfem2wkcm05u5cldbn3xkykq620070427JS0000000000000000001514');
 INSERT INTO struct_cache (set_id, item_id)  VALUES  ('0h59568n5ovjmnbkm352b3krkeni7c41', '0000000000000000000000000000023100000000000000000000000000000222');
INSERT INTO metadata_display_label ( default_locale, oid, site_master, key_name) VALUES ('Description', '7f07w3mzl7pqf2nin6d1958z7vacop6xNM200904120000000000000000000030', 'www.runwaysdk.com', '7f07w3mzl7pqf2nin6d1958z7vacop6xNM200904120000000000000000000030');
INSERT INTO metadata_display_label ( default_locale, oid, site_master, key_name) VALUES ('Description', '27mkncxlal5uek2bzf24i05g79mbf0r5NM200904120000000000000000000030', 'www.runwaysdk.com', '27mkncxlal5uek2bzf24i05g79mbf0r5NM200904120000000000000000000030');
INSERT INTO md_local_struct ( oid) VALUES ('qqhfctwvbkzyaocsqynj2u6lejwo2a9m0000000000000000000MdLocalStruct');
INSERT INTO md_struct ( cache_algorithm, cache_algorithm_c, oid) VALUES ('0h59568n5ovjmnbkm352b3krkeni7c41', '0000000000000000000000000000023100000000000000000000000000000222', 'qqhfctwvbkzyaocsqynj2u6lejwo2a9m0000000000000000000MdLocalStruct');
INSERT INTO md_entity ( query_dto_source, query_source, cache_size, enforce_site_master, has_deterministic_ids, table_name, oid) VALUES (NULL, NULL, 0, 1, 0, 'executable_job_description', 'qqhfctwvbkzyaocsqynj2u6lejwo2a9m0000000000000000000MdLocalStruct');
INSERT INTO md_class ( publish, stub_dto_source, stub_source, oid) VALUES (1, NULL, NULL, 'qqhfctwvbkzyaocsqynj2u6lejwo2a9m0000000000000000000MdLocalStruct');
INSERT INTO md_type ( display_label, root_id, package_name, type_name, base_source, js_base, js_stub, exported, dto_source, oid) VALUES ('7f07w3mzl7pqf2nin6d1958z7vacop6xNM200904120000000000000000000030', 'qqhfctwvbkzyaocsqynj2u6lejwo2a9m', 'com.runwaysdk.system.scheduler', 'ExecutableJobDescription', NULL, NULL, NULL, 1, NULL, 'qqhfctwvbkzyaocsqynj2u6lejwo2a9m0000000000000000000MdLocalStruct');
INSERT INTO metadata ( description, created_by, owner, oid, create_date, seq, type, remove, site_master, locked_by, entity_domain, last_updated_by, last_update_date, key_name) VALUES ('27mkncxlal5uek2bzf24i05g79mbf0r5NM200904120000000000000000000030', '0000000000000000000000000000001000000000000000000000000000000003', '0000000000000000000000000000001000000000000000000000000000000003', 'qqhfctwvbkzyaocsqynj2u6lejwo2a9m0000000000000000000MdLocalStruct', '2014-02-10 12:13:54', 4344, 'com.runwaysdk.system.metadata.MdLocalStruct', 1, 'www.runwaysdk.com', NULL, NULL, '0000000000000000000000000000001000000000000000000000000000000003', '2014-02-10 12:13:54', 'com.runwaysdk.system.scheduler.ExecutableJobDescription');
CREATE TABLE executable_job_description ( oid CHAR(64) NOT NULL PRIMARY KEY );
 INSERT INTO visibilitymodifier (set_id, item_id)  VALUES  ('8jxqneq3hlba3533gdo89f6g0egahgs4', '20071109NM000000000000000000000520071109NM0000000000000000000001');
INSERT INTO metadata_display_label ( default_locale, oid, site_master, key_name) VALUES ('ID', '1wmoekk2mabizzkxfog1wdemvqxterz1NM200904120000000000000000000030', 'www.runwaysdk.com', '1wmoekk2mabizzkxfog1wdemvqxterz1NM200904120000000000000000000030');
 INSERT INTO visibilitymodifier (set_id, item_id)  VALUES  ('7d5tkae1c9383c7sw8dewqyy1t9vw7kk', '20071109NM000000000000000000000520071109NM0000000000000000000001');
 INSERT INTO md_attribute_indicies (set_id, item_id)  VALUES  ('24q76vn5xmxw2atv3p55ut5jdpwmq0ss', '0000000000000000000000000000040900000000000000000000000000000403');
INSERT INTO metadata_display_label ( default_locale, oid, site_master, key_name) VALUES ('ID of this object', 'xerwr70slsdoa91slt89gcbgvcilkkuoNM200904120000000000000000000030', 'www.runwaysdk.com', 'xerwr70slsdoa91slt89gcbgvcilkkuoNM200904120000000000000000000030');
INSERT INTO md_attribute_character ( default_value, database_size, oid) VALUES (NULL, 64, '1vmu1sa2yrpmmwa8epcpd60bxokmoo3k00000000000000000000000000000138');
INSERT INTO md_attribute_char ( oid) VALUES ('1vmu1sa2yrpmmwa8epcpd60bxokmoo3k00000000000000000000000000000138');
INSERT INTO md_attribute_primitive ( oid) VALUES ('1vmu1sa2yrpmmwa8epcpd60bxokmoo3k00000000000000000000000000000138');
INSERT INTO md_attribute_concrete ( column_name, defining_md_class, setter_visibility, setter_visibility_c, immutable, index_name, generate_accessor, system, required, display_label, getter_visibility, getter_visibility_c, index_type, index_type_c, attribute_name, oid) VALUES ('oid', 'qqhfctwvbkzyaocsqynj2u6lejwo2a9m0000000000000000000MdLocalStruct', '8jxqneq3hlba3533gdo89f6g0egahgs4', '20071109NM000000000000000000000520071109NM0000000000000000000001', 0, 'ag0okiwlfl9uem3458g6ckksg54qsr', 1, 1, 1, '1wmoekk2mabizzkxfog1wdemvqxterz1NM200904120000000000000000000030', '7d5tkae1c9383c7sw8dewqyy1t9vw7kk', '20071109NM000000000000000000000520071109NM0000000000000000000001', '24q76vn5xmxw2atv3p55ut5jdpwmq0ss', '0000000000000000000000000000040900000000000000000000000000000403', 'oid', '1vmu1sa2yrpmmwa8epcpd60bxokmoo3k00000000000000000000000000000138');
INSERT INTO md_attribute ( oid) VALUES ('1vmu1sa2yrpmmwa8epcpd60bxokmoo3k00000000000000000000000000000138');
INSERT INTO metadata ( description, created_by, owner, oid, create_date, seq, type, remove, site_master, locked_by, entity_domain, last_updated_by, last_update_date, key_name) VALUES ('xerwr70slsdoa91slt89gcbgvcilkkuoNM200904120000000000000000000030', '0000000000000000000000000000001000000000000000000000000000000003', '0000000000000000000000000000001000000000000000000000000000000003', '1vmu1sa2yrpmmwa8epcpd60bxokmoo3k00000000000000000000000000000138', '2014-02-10 12:13:54', 4345, 'com.runwaysdk.system.metadata.MdAttributeCharacter', 0, 'www.runwaysdk.com', NULL, NULL, '0000000000000000000000000000001000000000000000000000000000000003', '2014-02-10 12:13:54', 'com.runwaysdk.system.scheduler.ExecutableJobDescription.oid');
INSERT INTO class_attribute_concrete ( oid, parent_id, child_id) VALUES ('02jzuldl6l7egoukd02lr4cdoq00kfi400000000000000000000000000000073', 'qqhfctwvbkzyaocsqynj2u6lejwo2a9m0000000000000000000MdLocalStruct', '1vmu1sa2yrpmmwa8epcpd60bxokmoo3k00000000000000000000000000000138');
INSERT INTO class_attribute ( oid, parent_id, child_id) VALUES ('02jzuldl6l7egoukd02lr4cdoq00kfi400000000000000000000000000000073', 'qqhfctwvbkzyaocsqynj2u6lejwo2a9m0000000000000000000MdLocalStruct', '1vmu1sa2yrpmmwa8epcpd60bxokmoo3k00000000000000000000000000000138');
INSERT INTO metadata_relationship ( entity_domain, site_master, last_updated_by, oid, owner, locked_by, create_date, type, created_by, seq, key_name, last_update_date, parent_id, child_id) VALUES (NULL, 'www.runwaysdk.com', '0000000000000000000000000000001000000000000000000000000000000003', '02jzuldl6l7egoukd02lr4cdoq00kfi400000000000000000000000000000073', '0000000000000000000000000000001000000000000000000000000000000003', NULL, '2014-02-10 12:13:54', 'com.runwaysdk.system.metadata.ClassAttributeConcrete', '0000000000000000000000000000001000000000000000000000000000000003', 4346, 'com.runwaysdk.system.scheduler.ExecutableJobDescription.oid', '2014-02-10 12:13:54', 'qqhfctwvbkzyaocsqynj2u6lejwo2a9m0000000000000000000MdLocalStruct', '1vmu1sa2yrpmmwa8epcpd60bxokmoo3k00000000000000000000000000000138');
 INSERT INTO visibilitymodifier (set_id, item_id)  VALUES  ('29bp6jucoydzgpc4fqednxlv5pk9xa9c', '20071109NM000000000000000000000520071109NM0000000000000000000001');
INSERT INTO metadata_display_label ( default_locale, oid, site_master, key_name) VALUES ('Site Master', 'qq27koa9ftfuh7qhfbkwfkfg3qtej0mdNM200904120000000000000000000030', 'www.runwaysdk.com', 'qq27koa9ftfuh7qhfbkwfkfg3qtej0mdNM200904120000000000000000000030');
 INSERT INTO visibilitymodifier (set_id, item_id)  VALUES  ('z9wwlwyp9540gezq4fup1txiq15mtle5', '20071109NM000000000000000000000520071109NM0000000000000000000001');
 INSERT INTO md_attribute_indicies (set_id, item_id)  VALUES  ('sa0vxbcf9h9ljifpcgwrt26i1ftsbmtf', '0000000000000000000000000000040100000000000000000000000000000403');
INSERT INTO metadata_display_label ( default_locale, oid, site_master, key_name) VALUES ('The name of the site responsible for this object', 'z95h843xfufkyz7jysytof2ygzi6zva9NM200904120000000000000000000030', 'www.runwaysdk.com', 'z95h843xfufkyz7jysytof2ygzi6zva9NM200904120000000000000000000030');
INSERT INTO md_attribute_character ( default_value, database_size, oid) VALUES (NULL, 255, '1od0069zdhpc0eu18i03nrt7gyly5has00000000000000000000000000000138');
INSERT INTO md_attribute_char ( oid) VALUES ('1od0069zdhpc0eu18i03nrt7gyly5has00000000000000000000000000000138');
INSERT INTO md_attribute_primitive ( oid) VALUES ('1od0069zdhpc0eu18i03nrt7gyly5has00000000000000000000000000000138');
INSERT INTO md_attribute_concrete ( column_name, defining_md_class, setter_visibility, setter_visibility_c, immutable, index_name, generate_accessor, system, required, display_label, getter_visibility, getter_visibility_c, index_type, index_type_c, attribute_name, oid) VALUES ('site_master', 'qqhfctwvbkzyaocsqynj2u6lejwo2a9m0000000000000000000MdLocalStruct', '29bp6jucoydzgpc4fqednxlv5pk9xa9c', '20071109NM000000000000000000000520071109NM0000000000000000000001', 1, 'a7gteh14gss1jpdqu5s3tyggbp0fy9', 1, 1, 1, 'qq27koa9ftfuh7qhfbkwfkfg3qtej0mdNM200904120000000000000000000030', 'z9wwlwyp9540gezq4fup1txiq15mtle5', '20071109NM000000000000000000000520071109NM0000000000000000000001', 'sa0vxbcf9h9ljifpcgwrt26i1ftsbmtf', '0000000000000000000000000000040100000000000000000000000000000403', 'siteMaster', '1od0069zdhpc0eu18i03nrt7gyly5has00000000000000000000000000000138');
INSERT INTO md_attribute ( oid) VALUES ('1od0069zdhpc0eu18i03nrt7gyly5has00000000000000000000000000000138');
INSERT INTO metadata ( description, created_by, owner, oid, create_date, seq, type, remove, site_master, locked_by, entity_domain, last_updated_by, last_update_date, key_name) VALUES ('z95h843xfufkyz7jysytof2ygzi6zva9NM200904120000000000000000000030', '0000000000000000000000000000001000000000000000000000000000000003', '0000000000000000000000000000001000000000000000000000000000000003', '1od0069zdhpc0eu18i03nrt7gyly5has00000000000000000000000000000138', '2014-02-10 12:13:54', 4347, 'com.runwaysdk.system.metadata.MdAttributeCharacter', 0, 'www.runwaysdk.com', NULL, NULL, '0000000000000000000000000000001000000000000000000000000000000003', '2014-02-10 12:13:54', 'com.runwaysdk.system.scheduler.ExecutableJobDescription.siteMaster');
ALTER TABLE executable_job_description ADD COLUMN site_master  varchar(255);
INSERT INTO class_attribute_concrete ( oid, parent_id, child_id) VALUES ('zc6ns0k8q35hiuypjatjy1zw3mkoj29i00000000000000000000000000000073', 'qqhfctwvbkzyaocsqynj2u6lejwo2a9m0000000000000000000MdLocalStruct', '1od0069zdhpc0eu18i03nrt7gyly5has00000000000000000000000000000138');
INSERT INTO class_attribute ( oid, parent_id, child_id) VALUES ('zc6ns0k8q35hiuypjatjy1zw3mkoj29i00000000000000000000000000000073', 'qqhfctwvbkzyaocsqynj2u6lejwo2a9m0000000000000000000MdLocalStruct', '1od0069zdhpc0eu18i03nrt7gyly5has00000000000000000000000000000138');
INSERT INTO metadata_relationship ( entity_domain, site_master, last_updated_by, oid, owner, locked_by, create_date, type, created_by, seq, key_name, last_update_date, parent_id, child_id) VALUES (NULL, 'www.runwaysdk.com', '0000000000000000000000000000001000000000000000000000000000000003', 'zc6ns0k8q35hiuypjatjy1zw3mkoj29i00000000000000000000000000000073', '0000000000000000000000000000001000000000000000000000000000000003', NULL, '2014-02-10 12:13:54', 'com.runwaysdk.system.metadata.ClassAttributeConcrete', '0000000000000000000000000000001000000000000000000000000000000003', 4348, 'com.runwaysdk.system.scheduler.ExecutableJobDescription.siteMaster', '2014-02-10 12:13:54', 'qqhfctwvbkzyaocsqynj2u6lejwo2a9m0000000000000000000MdLocalStruct', '1od0069zdhpc0eu18i03nrt7gyly5has00000000000000000000000000000138');
 INSERT INTO visibilitymodifier (set_id, item_id)  VALUES  ('1qhmu2zc3y495heh4zo20rwq1e79wmx6', '20071109NM000000000000000000000520071109NM0000000000000000000001');
INSERT INTO metadata_display_label ( default_locale, oid, site_master, key_name) VALUES ('Key Name', '1z3e4ojh7gkkm3lpxtpicmlvkr57n7glNM200904120000000000000000000030', 'www.runwaysdk.com', '1z3e4ojh7gkkm3lpxtpicmlvkr57n7glNM200904120000000000000000000030');
 INSERT INTO visibilitymodifier (set_id, item_id)  VALUES  ('75c380lb9jxx0eaxzdqiuoa5xxc9frof', '20071109NM000000000000000000000520071109NM0000000000000000000001');
 INSERT INTO md_attribute_indicies (set_id, item_id)  VALUES  ('767q36zlyqxsxv7hhjqz3su45vr6fr91', '0000000000000000000000000000040900000000000000000000000000000403');
INSERT INTO metadata_display_label ( default_locale, oid, site_master, key_name) VALUES ('Key which uniquely identifies each instance of this type heirarchy.', '8s3nsxardvfw444l3ne8q6tho7j0iy1bNM200904120000000000000000000030', 'www.runwaysdk.com', '8s3nsxardvfw444l3ne8q6tho7j0iy1bNM200904120000000000000000000030');
INSERT INTO md_attribute_character ( default_value, database_size, oid) VALUES (NULL, 255, 'qomak9t0la8icbh1mfkvolf24ysqwcd700000000000000000000000000000138');
INSERT INTO md_attribute_char ( oid) VALUES ('qomak9t0la8icbh1mfkvolf24ysqwcd700000000000000000000000000000138');
INSERT INTO md_attribute_primitive ( oid) VALUES ('qomak9t0la8icbh1mfkvolf24ysqwcd700000000000000000000000000000138');
INSERT INTO md_attribute_concrete ( column_name, defining_md_class, setter_visibility, setter_visibility_c, immutable, index_name, generate_accessor, system, required, display_label, getter_visibility, getter_visibility_c, index_type, index_type_c, attribute_name, oid) VALUES ('key_name', 'qqhfctwvbkzyaocsqynj2u6lejwo2a9m0000000000000000000MdLocalStruct', '1qhmu2zc3y495heh4zo20rwq1e79wmx6', '20071109NM000000000000000000000520071109NM0000000000000000000001', 0, 'ar9hrkybyz4ljmk7ldv7ac2by3tmmt', 1, 0, 1, '1z3e4ojh7gkkm3lpxtpicmlvkr57n7glNM200904120000000000000000000030', '75c380lb9jxx0eaxzdqiuoa5xxc9frof', '20071109NM000000000000000000000520071109NM0000000000000000000001', '767q36zlyqxsxv7hhjqz3su45vr6fr91', '0000000000000000000000000000040900000000000000000000000000000403', 'keyName', 'qomak9t0la8icbh1mfkvolf24ysqwcd700000000000000000000000000000138');
INSERT INTO md_attribute ( oid) VALUES ('qomak9t0la8icbh1mfkvolf24ysqwcd700000000000000000000000000000138');
INSERT INTO metadata ( description, created_by, owner, oid, create_date, seq, type, remove, site_master, locked_by, entity_domain, last_updated_by, last_update_date, key_name) VALUES ('8s3nsxardvfw444l3ne8q6tho7j0iy1bNM200904120000000000000000000030', '0000000000000000000000000000001000000000000000000000000000000003', '0000000000000000000000000000001000000000000000000000000000000003', 'qomak9t0la8icbh1mfkvolf24ysqwcd700000000000000000000000000000138', '2014-02-10 12:13:54', 4349, 'com.runwaysdk.system.metadata.MdAttributeCharacter', 1, 'www.runwaysdk.com', NULL, NULL, '0000000000000000000000000000001000000000000000000000000000000003', '2014-02-10 12:13:54', 'com.runwaysdk.system.scheduler.ExecutableJobDescription.keyName');
ALTER TABLE executable_job_description ADD COLUMN key_name  varchar(255);
INSERT INTO class_attribute_concrete ( oid, parent_id, child_id) VALUES ('6y44ny4apmbg7spi2unmm8e0v05fa1hg00000000000000000000000000000073', 'qqhfctwvbkzyaocsqynj2u6lejwo2a9m0000000000000000000MdLocalStruct', 'qomak9t0la8icbh1mfkvolf24ysqwcd700000000000000000000000000000138');
INSERT INTO class_attribute ( oid, parent_id, child_id) VALUES ('6y44ny4apmbg7spi2unmm8e0v05fa1hg00000000000000000000000000000073', 'qqhfctwvbkzyaocsqynj2u6lejwo2a9m0000000000000000000MdLocalStruct', 'qomak9t0la8icbh1mfkvolf24ysqwcd700000000000000000000000000000138');
INSERT INTO metadata_relationship ( entity_domain, site_master, last_updated_by, oid, owner, locked_by, create_date, type, created_by, seq, key_name, last_update_date, parent_id, child_id) VALUES (NULL, 'www.runwaysdk.com', '0000000000000000000000000000001000000000000000000000000000000003', '6y44ny4apmbg7spi2unmm8e0v05fa1hg00000000000000000000000000000073', '0000000000000000000000000000001000000000000000000000000000000003', NULL, '2014-02-10 12:13:54', 'com.runwaysdk.system.metadata.ClassAttributeConcrete', '0000000000000000000000000000001000000000000000000000000000000003', 4350, 'com.runwaysdk.system.scheduler.ExecutableJobDescription.keyName', '2014-02-10 12:13:54', 'qqhfctwvbkzyaocsqynj2u6lejwo2a9m0000000000000000000MdLocalStruct', 'qomak9t0la8icbh1mfkvolf24ysqwcd700000000000000000000000000000138');
CREATE UNIQUE INDEX ar9hrkybyz4ljmk7ldv7ac2by3tmmt ON executable_job_description (key_name);
INSERT INTO metadata_display_label ( default_locale, oid, site_master, key_name) VALUES (NULL, '6r7b3itvt9xwdlscietoznj0qruplc3vNM200904120000000000000000000030', 'www.runwaysdk.com', '6r7b3itvt9xwdlscietoznj0qruplc3vNM200904120000000000000000000030');
INSERT INTO metadata_display_label ( default_locale, oid, site_master, key_name) VALUES (NULL, '0im06fpct3h745vxb7f6qaf5qgstfr6wNM200904120000000000000000000030', 'www.runwaysdk.com', '0im06fpct3h745vxb7f6qaf5qgstfr6wNM200904120000000000000000000030');
INSERT INTO md_controller ( stub_source, oid) VALUES (NULL, '1xuzn3m7qujq8xxvhmwym9jhqmamywkvNM200810110000000000000000000112');
INSERT INTO md_type ( display_label, root_id, package_name, type_name, base_source, js_base, js_stub, exported, dto_source, oid) VALUES ('6r7b3itvt9xwdlscietoznj0qruplc3vNM200904120000000000000000000030', '1xuzn3m7qujq8xxvhmwym9jhqmamywkv', 'com.runwaysdk.system.scheduler', 'ExecutableJobDescriptionController', NULL, NULL, NULL, 1, NULL, '1xuzn3m7qujq8xxvhmwym9jhqmamywkvNM200810110000000000000000000112');
INSERT INTO metadata ( description, created_by, owner, oid, create_date, seq, type, remove, site_master, locked_by, entity_domain, last_updated_by, last_update_date, key_name) VALUES ('0im06fpct3h745vxb7f6qaf5qgstfr6wNM200904120000000000000000000030', '0000000000000000000000000000001000000000000000000000000000000003', '0000000000000000000000000000001000000000000000000000000000000003', '1xuzn3m7qujq8xxvhmwym9jhqmamywkvNM200810110000000000000000000112', '2014-02-10 12:13:54', 4351, 'com.runwaysdk.system.metadata.MdController', 1, 'www.runwaysdk.com', NULL, NULL, '0000000000000000000000000000001000000000000000000000000000000003', '2014-02-10 12:13:54', 'com.runwaysdk.system.scheduler.ExecutableJobDescriptionController');
INSERT INTO metadata_display_label ( default_locale, oid, site_master, key_name) VALUES ('View Page', '2fpvhj881qr84pkkzfp8nuelm8ssfb9nNM200904120000000000000000000030', 'www.runwaysdk.com', '2fpvhj881qr84pkkzfp8nuelm8ssfb9nNM200904120000000000000000000030');
INSERT INTO metadata_display_label ( default_locale, oid, site_master, key_name) VALUES ('Loads a ViewAll query for a specific page into the request object', 'r1lxknd18mpwvqzvo0uajhw4d1f0uc5rNM200904120000000000000000000030', 'www.runwaysdk.com', 'r1lxknd18mpwvqzvo0uajhw4d1f0uc5rNM200904120000000000000000000030');
INSERT INTO md_action ( is_query, enclosing_md_controller, is_post, action_name, display_label, oid) VALUES (1, '1xuzn3m7qujq8xxvhmwym9jhqmamywkvNM200810110000000000000000000112', 0, 'viewPage', '2fpvhj881qr84pkkzfp8nuelm8ssfb9nNM200904120000000000000000000030', 'qxs0m4iil4wgz7yqegr7zqscqn6zquwaNM200810110000000000000000000113');
INSERT INTO metadata ( description, created_by, owner, oid, create_date, seq, type, remove, site_master, locked_by, entity_domain, last_updated_by, last_update_date, key_name) VALUES ('r1lxknd18mpwvqzvo0uajhw4d1f0uc5rNM200904120000000000000000000030', '0000000000000000000000000000001000000000000000000000000000000003', '0000000000000000000000000000001000000000000000000000000000000003', 'qxs0m4iil4wgz7yqegr7zqscqn6zquwaNM200810110000000000000000000113', '2014-02-10 12:13:54', 4352, 'com.runwaysdk.system.metadata.MdAction', 1, 'www.runwaysdk.com', NULL, NULL, '0000000000000000000000000000001000000000000000000000000000000003', '2014-02-10 12:13:54', 'com.runwaysdk.system.scheduler.ExecutableJobDescriptionController.viewPage');
INSERT INTO controller_action ( key_name, locked_by, oid, owner, entity_domain, created_by, type, last_update_date, create_date, seq, last_updated_by, site_master, parent_id, child_id) VALUES ('com.runwaysdk.system.scheduler.ExecutableJobDescriptionController.viewPage', NULL, 'zfpcrlj5onbv23hhsdigxvn6bmh4ky0gJS200807230000000000000000111111', '0000000000000000000000000000001000000000000000000000000000000003', NULL, '0000000000000000000000000000001000000000000000000000000000000003', 'com.runwaysdk.system.ControllerAction', '2014-02-10 12:13:54', '2014-02-10 12:13:54', 4353, '0000000000000000000000000000001000000000000000000000000000000003', 'www.runwaysdk.com', '1xuzn3m7qujq8xxvhmwym9jhqmamywkvNM200810110000000000000000000112', 'qxs0m4iil4wgz7yqegr7zqscqn6zquwaNM200810110000000000000000000113');
INSERT INTO metadata_display_label ( default_locale, oid, site_master, key_name) VALUES ('Sort Attribute', '75druietoujdwbkhm3ictciprd6l3gfhNM200904120000000000000000000030', 'www.runwaysdk.com', '75druietoujdwbkhm3ictciprd6l3gfhNM200904120000000000000000000030');
INSERT INTO metadata_display_label ( default_locale, oid, site_master, key_name) VALUES (NULL, 'znr7il18tx4zqepnjrovsp68ix73giz7NM200904120000000000000000000030', 'www.runwaysdk.com', 'znr7il18tx4zqepnjrovsp68ix73giz7NM200904120000000000000000000030');
INSERT INTO md_parameter ( metadata, parameter_order, parameter_name, parameter_type, display_label, oid) VALUES ('qxs0m4iil4wgz7yqegr7zqscqn6zquwaNM200810110000000000000000000113', -4, 'sortAttribute', 'java.lang.String', '75druietoujdwbkhm3ictciprd6l3gfhNM200904120000000000000000000030', 'swodjp7ki882t408x15crvlzicadqh6420070427JS0000000000000000001517');
INSERT INTO metadata ( description, created_by, owner, oid, create_date, seq, type, remove, site_master, locked_by, entity_domain, last_updated_by, last_update_date, key_name) VALUES ('znr7il18tx4zqepnjrovsp68ix73giz7NM200904120000000000000000000030', '0000000000000000000000000000001000000000000000000000000000000003', '0000000000000000000000000000001000000000000000000000000000000003', 'swodjp7ki882t408x15crvlzicadqh6420070427JS0000000000000000001517', '2014-02-10 12:13:54', 4354, 'com.runwaysdk.system.metadata.MdParameter', 1, 'www.runwaysdk.com', NULL, NULL, '0000000000000000000000000000001000000000000000000000000000000003', '2014-02-10 12:13:54', 'com.runwaysdk.system.scheduler.ExecutableJobDescriptionController.viewPage.sortAttribute');
INSERT INTO metadata_parameter ( site_master, last_updated_by, create_date, seq, locked_by, entity_domain, created_by, type, last_update_date, key_name, owner, oid, parent_id, child_id) VALUES ('www.runwaysdk.com', '0000000000000000000000000000001000000000000000000000000000000003', '2014-02-10 12:13:54', 4355, NULL, NULL, '0000000000000000000000000000001000000000000000000000000000000003', 'com.runwaysdk.system.MetadataParameter', '2014-02-10 12:13:54', 'com.runwaysdk.system.scheduler.ExecutableJobDescriptionController.viewPage.sortAttribute', '0000000000000000000000000000001000000000000000000000000000000003', '080rsmh21idaxm5h5sd2de0vxuymrcu320070427JS0000000000000000001524', 'qxs0m4iil4wgz7yqegr7zqscqn6zquwaNM200810110000000000000000000113', 'swodjp7ki882t408x15crvlzicadqh6420070427JS0000000000000000001517');
INSERT INTO metadata_display_label ( default_locale, oid, site_master, key_name) VALUES ('Is Ascending', '6x3lwj48cmn0qmw1x1esm3jkriiikiojNM200904120000000000000000000030', 'www.runwaysdk.com', '6x3lwj48cmn0qmw1x1esm3jkriiikiojNM200904120000000000000000000030');
INSERT INTO metadata_display_label ( default_locale, oid, site_master, key_name) VALUES (NULL, '6sqmbgr9y7v19frst6gw7jci8bwm7rfiNM200904120000000000000000000030', 'www.runwaysdk.com', '6sqmbgr9y7v19frst6gw7jci8bwm7rfiNM200904120000000000000000000030');
INSERT INTO md_parameter ( metadata, parameter_order, parameter_name, parameter_type, display_label, oid) VALUES ('qxs0m4iil4wgz7yqegr7zqscqn6zquwaNM200810110000000000000000000113', -3, 'isAscending', 'java.lang.Boolean', '6x3lwj48cmn0qmw1x1esm3jkriiikiojNM200904120000000000000000000030', 'xhwacvrt9c8c4izabxcwco7tko50rzvk20070427JS0000000000000000001517');
INSERT INTO metadata ( description, created_by, owner, oid, create_date, seq, type, remove, site_master, locked_by, entity_domain, last_updated_by, last_update_date, key_name) VALUES ('6sqmbgr9y7v19frst6gw7jci8bwm7rfiNM200904120000000000000000000030', '0000000000000000000000000000001000000000000000000000000000000003', '0000000000000000000000000000001000000000000000000000000000000003', 'xhwacvrt9c8c4izabxcwco7tko50rzvk20070427JS0000000000000000001517', '2014-02-10 12:13:54', 4356, 'com.runwaysdk.system.metadata.MdParameter', 1, 'www.runwaysdk.com', NULL, NULL, '0000000000000000000000000000001000000000000000000000000000000003', '2014-02-10 12:13:54', 'com.runwaysdk.system.scheduler.ExecutableJobDescriptionController.viewPage.isAscending');
INSERT INTO metadata_parameter ( site_master, last_updated_by, create_date, seq, locked_by, entity_domain, created_by, type, last_update_date, key_name, owner, oid, parent_id, child_id) VALUES ('www.runwaysdk.com', '0000000000000000000000000000001000000000000000000000000000000003', '2014-02-10 12:13:54', 4357, NULL, NULL, '0000000000000000000000000000001000000000000000000000000000000003', 'com.runwaysdk.system.MetadataParameter', '2014-02-10 12:13:54', 'com.runwaysdk.system.scheduler.ExecutableJobDescriptionController.viewPage.isAscending', '0000000000000000000000000000001000000000000000000000000000000003', 'r7i154bbpelblyunpg5f35rhs0lec7xn20070427JS0000000000000000001524', 'qxs0m4iil4wgz7yqegr7zqscqn6zquwaNM200810110000000000000000000113', 'xhwacvrt9c8c4izabxcwco7tko50rzvk20070427JS0000000000000000001517');
INSERT INTO metadata_display_label ( default_locale, oid, site_master, key_name) VALUES ('Page Size', 'xd8u7ltdtpzfrys8u6wuygxmhksqwrzsNM200904120000000000000000000030', 'www.runwaysdk.com', 'xd8u7ltdtpzfrys8u6wuygxmhksqwrzsNM200904120000000000000000000030');
INSERT INTO metadata_display_label ( default_locale, oid, site_master, key_name) VALUES (NULL, 'sl6xahjgqtwn1wwlm56owqzz4xhc2wxvNM200904120000000000000000000030', 'www.runwaysdk.com', 'sl6xahjgqtwn1wwlm56owqzz4xhc2wxvNM200904120000000000000000000030');
INSERT INTO md_parameter ( metadata, parameter_order, parameter_name, parameter_type, display_label, oid) VALUES ('qxs0m4iil4wgz7yqegr7zqscqn6zquwaNM200810110000000000000000000113', -2, 'pageSize', 'java.lang.Integer', 'xd8u7ltdtpzfrys8u6wuygxmhksqwrzsNM200904120000000000000000000030', '8hck4kadtwi2i4u4xhmxeqj6968dcpkm20070427JS0000000000000000001517');
INSERT INTO metadata ( description, created_by, owner, oid, create_date, seq, type, remove, site_master, locked_by, entity_domain, last_updated_by, last_update_date, key_name) VALUES ('sl6xahjgqtwn1wwlm56owqzz4xhc2wxvNM200904120000000000000000000030', '0000000000000000000000000000001000000000000000000000000000000003', '0000000000000000000000000000001000000000000000000000000000000003', '8hck4kadtwi2i4u4xhmxeqj6968dcpkm20070427JS0000000000000000001517', '2014-02-10 12:13:54', 4358, 'com.runwaysdk.system.metadata.MdParameter', 1, 'www.runwaysdk.com', NULL, NULL, '0000000000000000000000000000001000000000000000000000000000000003', '2014-02-10 12:13:54', 'com.runwaysdk.system.scheduler.ExecutableJobDescriptionController.viewPage.pageSize');
INSERT INTO metadata_parameter ( site_master, last_updated_by, create_date, seq, locked_by, entity_domain, created_by, type, last_update_date, key_name, owner, oid, parent_id, child_id) VALUES ('www.runwaysdk.com', '0000000000000000000000000000001000000000000000000000000000000003', '2014-02-10 12:13:54', 4359, NULL, NULL, '0000000000000000000000000000001000000000000000000000000000000003', 'com.runwaysdk.system.MetadataParameter', '2014-02-10 12:13:54', 'com.runwaysdk.system.scheduler.ExecutableJobDescriptionController.viewPage.pageSize', '0000000000000000000000000000001000000000000000000000000000000003', 'r8bjhuy4um0wizlkg0iwubox1c3wpu9g20070427JS0000000000000000001524', 'qxs0m4iil4wgz7yqegr7zqscqn6zquwaNM200810110000000000000000000113', '8hck4kadtwi2i4u4xhmxeqj6968dcpkm20070427JS0000000000000000001517');
INSERT INTO metadata_display_label ( default_locale, oid, site_master, key_name) VALUES ('Page Number', '6trrumyayon9ho54urwm5jzyspuzup3gNM200904120000000000000000000030', 'www.runwaysdk.com', '6trrumyayon9ho54urwm5jzyspuzup3gNM200904120000000000000000000030');
INSERT INTO metadata_display_label ( default_locale, oid, site_master, key_name) VALUES (NULL, '25drxcj8ukdqzpz2i6diqdvgs4q85b6aNM200904120000000000000000000030', 'www.runwaysdk.com', '25drxcj8ukdqzpz2i6diqdvgs4q85b6aNM200904120000000000000000000030');
INSERT INTO md_parameter ( metadata, parameter_order, parameter_name, parameter_type, display_label, oid) VALUES ('qxs0m4iil4wgz7yqegr7zqscqn6zquwaNM200810110000000000000000000113', -1, 'pageNumber', 'java.lang.Integer', '6trrumyayon9ho54urwm5jzyspuzup3gNM200904120000000000000000000030', '2c8w4cxf35ywvcq4h5eysbllkf20w0zb20070427JS0000000000000000001517');
INSERT INTO metadata ( description, created_by, owner, oid, create_date, seq, type, remove, site_master, locked_by, entity_domain, last_updated_by, last_update_date, key_name) VALUES ('25drxcj8ukdqzpz2i6diqdvgs4q85b6aNM200904120000000000000000000030', '0000000000000000000000000000001000000000000000000000000000000003', '0000000000000000000000000000001000000000000000000000000000000003', '2c8w4cxf35ywvcq4h5eysbllkf20w0zb20070427JS0000000000000000001517', '2014-02-10 12:13:54', 4360, 'com.runwaysdk.system.metadata.MdParameter', 1, 'www.runwaysdk.com', NULL, NULL, '0000000000000000000000000000001000000000000000000000000000000003', '2014-02-10 12:13:54', 'com.runwaysdk.system.scheduler.ExecutableJobDescriptionController.viewPage.pageNumber');
INSERT INTO metadata_parameter ( site_master, last_updated_by, create_date, seq, locked_by, entity_domain, created_by, type, last_update_date, key_name, owner, oid, parent_id, child_id) VALUES ('www.runwaysdk.com', '0000000000000000000000000000001000000000000000000000000000000003', '2014-02-10 12:13:54', 4361, NULL, NULL, '0000000000000000000000000000001000000000000000000000000000000003', 'com.runwaysdk.system.MetadataParameter', '2014-02-10 12:13:54', 'com.runwaysdk.system.scheduler.ExecutableJobDescriptionController.viewPage.pageNumber', '0000000000000000000000000000001000000000000000000000000000000003', '8r5vot3gzlrdq4zz9igpxmlecqz1eq7v20070427JS0000000000000000001524', 'qxs0m4iil4wgz7yqegr7zqscqn6zquwaNM200810110000000000000000000113', '2c8w4cxf35ywvcq4h5eysbllkf20w0zb20070427JS0000000000000000001517');
INSERT INTO metadata_display_label ( default_locale, oid, site_master, key_name) VALUES ('View All', '8ycmijfganjrja0ov7p4pu0g72vyhl1vNM200904120000000000000000000030', 'www.runwaysdk.com', '8ycmijfganjrja0ov7p4pu0g72vyhl1vNM200904120000000000000000000030');
INSERT INTO metadata_display_label ( default_locale, oid, site_master, key_name) VALUES ('Loads a ViewAll query with the default settings', '2e13jwhvhzolcxe0els94nmk549z1cr4NM200904120000000000000000000030', 'www.runwaysdk.com', '2e13jwhvhzolcxe0els94nmk549z1cr4NM200904120000000000000000000030');
INSERT INTO md_action ( is_query, enclosing_md_controller, is_post, action_name, display_label, oid) VALUES (0, '1xuzn3m7qujq8xxvhmwym9jhqmamywkvNM200810110000000000000000000112', 0, 'viewAll', '8ycmijfganjrja0ov7p4pu0g72vyhl1vNM200904120000000000000000000030', 'zml23fxpve4978v8qzldyhxyrxzmlzhwNM200810110000000000000000000113');
INSERT INTO metadata ( description, created_by, owner, oid, create_date, seq, type, remove, site_master, locked_by, entity_domain, last_updated_by, last_update_date, key_name) VALUES ('2e13jwhvhzolcxe0els94nmk549z1cr4NM200904120000000000000000000030', '0000000000000000000000000000001000000000000000000000000000000003', '0000000000000000000000000000001000000000000000000000000000000003', 'zml23fxpve4978v8qzldyhxyrxzmlzhwNM200810110000000000000000000113', '2014-02-10 12:13:54', 4362, 'com.runwaysdk.system.metadata.MdAction', 1, 'www.runwaysdk.com', NULL, NULL, '0000000000000000000000000000001000000000000000000000000000000003', '2014-02-10 12:13:54', 'com.runwaysdk.system.scheduler.ExecutableJobDescriptionController.viewAll');
INSERT INTO controller_action ( key_name, locked_by, oid, owner, entity_domain, created_by, type, last_update_date, create_date, seq, last_updated_by, site_master, parent_id, child_id) VALUES ('com.runwaysdk.system.scheduler.ExecutableJobDescriptionController.viewAll', NULL, '02t00pd4yltvhvrer6lqva9qshevuz10JS200807230000000000000000111111', '0000000000000000000000000000001000000000000000000000000000000003', NULL, '0000000000000000000000000000001000000000000000000000000000000003', 'com.runwaysdk.system.ControllerAction', '2014-02-10 12:13:54', '2014-02-10 12:13:54', 4363, '0000000000000000000000000000001000000000000000000000000000000003', 'www.runwaysdk.com', '1xuzn3m7qujq8xxvhmwym9jhqmamywkvNM200810110000000000000000000112', 'zml23fxpve4978v8qzldyhxyrxzmlzhwNM200810110000000000000000000113');
INSERT INTO metadata_display_label ( default_locale, oid, site_master, key_name) VALUES ('View', 'zi85figkzxaqnoyvnqfkq2xg8thv6ofbNM200904120000000000000000000030', 'www.runwaysdk.com', 'zi85figkzxaqnoyvnqfkq2xg8thv6ofbNM200904120000000000000000000030');
INSERT INTO metadata_display_label ( default_locale, oid, site_master, key_name) VALUES ('View an existing instance of com.runwaysdk.system.scheduler.ExecutableJobDescription', 'ra2ndmfcf3ssef0shjjt9kzri277i9qnNM200904120000000000000000000030', 'www.runwaysdk.com', 'ra2ndmfcf3ssef0shjjt9kzri277i9qnNM200904120000000000000000000030');
INSERT INTO md_action ( is_query, enclosing_md_controller, is_post, action_name, display_label, oid) VALUES (0, '1xuzn3m7qujq8xxvhmwym9jhqmamywkvNM200810110000000000000000000112', 0, 'view', 'zi85figkzxaqnoyvnqfkq2xg8thv6ofbNM200904120000000000000000000030', '0kceiyxfcuzlnysmqnjem5y9z3iingunNM200810110000000000000000000113');
INSERT INTO metadata ( description, created_by, owner, oid, create_date, seq, type, remove, site_master, locked_by, entity_domain, last_updated_by, last_update_date, key_name) VALUES ('ra2ndmfcf3ssef0shjjt9kzri277i9qnNM200904120000000000000000000030', '0000000000000000000000000000001000000000000000000000000000000003', '0000000000000000000000000000001000000000000000000000000000000003', '0kceiyxfcuzlnysmqnjem5y9z3iingunNM200810110000000000000000000113', '2014-02-10 12:13:54', 4364, 'com.runwaysdk.system.metadata.MdAction', 1, 'www.runwaysdk.com', NULL, NULL, '0000000000000000000000000000001000000000000000000000000000000003', '2014-02-10 12:13:54', 'com.runwaysdk.system.scheduler.ExecutableJobDescriptionController.view');
INSERT INTO controller_action ( key_name, locked_by, oid, owner, entity_domain, created_by, type, last_update_date, create_date, seq, last_updated_by, site_master, parent_id, child_id) VALUES ('com.runwaysdk.system.scheduler.ExecutableJobDescriptionController.view', NULL, '1qet04npshhwx55ofedgdfuj538xdvbfJS200807230000000000000000111111', '0000000000000000000000000000001000000000000000000000000000000003', NULL, '0000000000000000000000000000001000000000000000000000000000000003', 'com.runwaysdk.system.ControllerAction', '2014-02-10 12:13:54', '2014-02-10 12:13:54', 4365, '0000000000000000000000000000001000000000000000000000000000000003', 'www.runwaysdk.com', '1xuzn3m7qujq8xxvhmwym9jhqmamywkvNM200810110000000000000000000112', '0kceiyxfcuzlnysmqnjem5y9z3iingunNM200810110000000000000000000113');
INSERT INTO metadata_display_label ( default_locale, oid, site_master, key_name) VALUES ('Parameter: com.runwaysdk.system.scheduler.ExecutableJobDescription - oid', '6v5bjiqxf1hczui5i6lq8btu1j3hlxldNM200904120000000000000000000030', 'www.runwaysdk.com', '6v5bjiqxf1hczui5i6lq8btu1j3hlxldNM200904120000000000000000000030');
INSERT INTO metadata_display_label ( default_locale, oid, site_master, key_name) VALUES ('Id of com.runwaysdk.system.scheduler.ExecutableJobDescription to view.', 'qzaajfwhxo2yvs77ml1fqx4thwyj5ko1NM200904120000000000000000000030', 'www.runwaysdk.com', 'qzaajfwhxo2yvs77ml1fqx4thwyj5ko1NM200904120000000000000000000030');
INSERT INTO md_parameter ( metadata, parameter_order, parameter_name, parameter_type, display_label, oid) VALUES ('0kceiyxfcuzlnysmqnjem5y9z3iingunNM200810110000000000000000000113', 0, 'oid', 'java.lang.String', '6v5bjiqxf1hczui5i6lq8btu1j3hlxldNM200904120000000000000000000030', '23kww3mz2tq9uvevttfggm3j4ab938ch20070427JS0000000000000000001517');
INSERT INTO metadata ( description, created_by, owner, oid, create_date, seq, type, remove, site_master, locked_by, entity_domain, last_updated_by, last_update_date, key_name) VALUES ('qzaajfwhxo2yvs77ml1fqx4thwyj5ko1NM200904120000000000000000000030', '0000000000000000000000000000001000000000000000000000000000000003', '0000000000000000000000000000001000000000000000000000000000000003', '23kww3mz2tq9uvevttfggm3j4ab938ch20070427JS0000000000000000001517', '2014-02-10 12:13:54', 4366, 'com.runwaysdk.system.metadata.MdParameter', 1, 'www.runwaysdk.com', NULL, NULL, '0000000000000000000000000000001000000000000000000000000000000003', '2014-02-10 12:13:54', 'com.runwaysdk.system.scheduler.ExecutableJobDescriptionController.view.oid');
INSERT INTO metadata_parameter ( site_master, last_updated_by, create_date, seq, locked_by, entity_domain, created_by, type, last_update_date, key_name, owner, oid, parent_id, child_id) VALUES ('www.runwaysdk.com', '0000000000000000000000000000001000000000000000000000000000000003', '2014-02-10 12:13:54', 4367, NULL, NULL, '0000000000000000000000000000001000000000000000000000000000000003', 'com.runwaysdk.system.MetadataParameter', '2014-02-10 12:13:54', 'com.runwaysdk.system.scheduler.ExecutableJobDescriptionController.view.oid', '0000000000000000000000000000001000000000000000000000000000000003', '79b4hpsttxghm3k2jw9q56rjehkb2c0j20070427JS0000000000000000001524', '0kceiyxfcuzlnysmqnjem5y9z3iingunNM200810110000000000000000000113', '23kww3mz2tq9uvevttfggm3j4ab938ch20070427JS0000000000000000001517');
INSERT INTO metadata_display_label ( default_locale, oid, site_master, key_name) VALUES ('New Instance', 'st0jv5s0ue5zxc7fjpzvb9naiji6ezxuNM200904120000000000000000000030', 'www.runwaysdk.com', 'st0jv5s0ue5zxc7fjpzvb9naiji6ezxuNM200904120000000000000000000030');
INSERT INTO metadata_display_label ( default_locale, oid, site_master, key_name) VALUES ('Loads a new instance of com.runwaysdk.system.scheduler.ExecutableJobDescription into the request object', '06rqmz6mhf956a77z4xw4u7umuv17tfsNM200904120000000000000000000030', 'www.runwaysdk.com', '06rqmz6mhf956a77z4xw4u7umuv17tfsNM200904120000000000000000000030');
INSERT INTO md_action ( is_query, enclosing_md_controller, is_post, action_name, display_label, oid) VALUES (0, '1xuzn3m7qujq8xxvhmwym9jhqmamywkvNM200810110000000000000000000112', 0, 'newInstance', 'st0jv5s0ue5zxc7fjpzvb9naiji6ezxuNM200904120000000000000000000030', '04ivwxo47ewczxyotsahmwy1fsvcimhsNM200810110000000000000000000113');
INSERT INTO metadata ( description, created_by, owner, oid, create_date, seq, type, remove, site_master, locked_by, entity_domain, last_updated_by, last_update_date, key_name) VALUES ('06rqmz6mhf956a77z4xw4u7umuv17tfsNM200904120000000000000000000030', '0000000000000000000000000000001000000000000000000000000000000003', '0000000000000000000000000000001000000000000000000000000000000003', '04ivwxo47ewczxyotsahmwy1fsvcimhsNM200810110000000000000000000113', '2014-02-10 12:13:54', 4368, 'com.runwaysdk.system.metadata.MdAction', 1, 'www.runwaysdk.com', NULL, NULL, '0000000000000000000000000000001000000000000000000000000000000003', '2014-02-10 12:13:54', 'com.runwaysdk.system.scheduler.ExecutableJobDescriptionController.newInstance');
INSERT INTO controller_action ( key_name, locked_by, oid, owner, entity_domain, created_by, type, last_update_date, create_date, seq, last_updated_by, site_master, parent_id, child_id) VALUES ('com.runwaysdk.system.scheduler.ExecutableJobDescriptionController.newInstance', NULL, '0q3i6k9pk8es3y3c4zuzl7whj5481cj2JS200807230000000000000000111111', '0000000000000000000000000000001000000000000000000000000000000003', NULL, '0000000000000000000000000000001000000000000000000000000000000003', 'com.runwaysdk.system.ControllerAction', '2014-02-10 12:13:54', '2014-02-10 12:13:54', 4369, '0000000000000000000000000000001000000000000000000000000000000003', 'www.runwaysdk.com', '1xuzn3m7qujq8xxvhmwym9jhqmamywkvNM200810110000000000000000000112', '04ivwxo47ewczxyotsahmwy1fsvcimhsNM200810110000000000000000000113');
INSERT INTO metadata_display_label ( default_locale, oid, site_master, key_name) VALUES ('Create', 'xmqb0ha8ugit0sj8fsk9kbvowk26gabrNM200904120000000000000000000030', 'www.runwaysdk.com', 'xmqb0ha8ugit0sj8fsk9kbvowk26gabrNM200904120000000000000000000030');
INSERT INTO metadata_display_label ( default_locale, oid, site_master, key_name) VALUES ('Applys a new instance of com.runwaysdk.system.scheduler.ExecutableJobDescription', '1stdno93zvifk3ou0ksslwvyjb62koxbNM200904120000000000000000000030', 'www.runwaysdk.com', '1stdno93zvifk3ou0ksslwvyjb62koxbNM200904120000000000000000000030');
INSERT INTO md_action ( is_query, enclosing_md_controller, is_post, action_name, display_label, oid) VALUES (0, '1xuzn3m7qujq8xxvhmwym9jhqmamywkvNM200810110000000000000000000112', 1, 'create', 'xmqb0ha8ugit0sj8fsk9kbvowk26gabrNM200904120000000000000000000030', 'zjro2c18902lwna8trrtgg5x30l0cs3hNM200810110000000000000000000113');
INSERT INTO metadata ( description, created_by, owner, oid, create_date, seq, type, remove, site_master, locked_by, entity_domain, last_updated_by, last_update_date, key_name) VALUES ('1stdno93zvifk3ou0ksslwvyjb62koxbNM200904120000000000000000000030', '0000000000000000000000000000001000000000000000000000000000000003', '0000000000000000000000000000001000000000000000000000000000000003', 'zjro2c18902lwna8trrtgg5x30l0cs3hNM200810110000000000000000000113', '2014-02-10 12:13:54', 4370, 'com.runwaysdk.system.metadata.MdAction', 1, 'www.runwaysdk.com', NULL, NULL, '0000000000000000000000000000001000000000000000000000000000000003', '2014-02-10 12:13:54', 'com.runwaysdk.system.scheduler.ExecutableJobDescriptionController.create');
INSERT INTO controller_action ( key_name, locked_by, oid, owner, entity_domain, created_by, type, last_update_date, create_date, seq, last_updated_by, site_master, parent_id, child_id) VALUES ('com.runwaysdk.system.scheduler.ExecutableJobDescriptionController.create', NULL, 'ze38023xx8hg3q7lrbpwnwe9njmk13aiJS200807230000000000000000111111', '0000000000000000000000000000001000000000000000000000000000000003', NULL, '0000000000000000000000000000001000000000000000000000000000000003', 'com.runwaysdk.system.ControllerAction', '2014-02-10 12:13:54', '2014-02-10 12:13:54', 4371, '0000000000000000000000000000001000000000000000000000000000000003', 'www.runwaysdk.com', '1xuzn3m7qujq8xxvhmwym9jhqmamywkvNM200810110000000000000000000112', 'zjro2c18902lwna8trrtgg5x30l0cs3hNM200810110000000000000000000113');
INSERT INTO metadata_display_label ( default_locale, oid, site_master, key_name) VALUES ('Parameter: com.runwaysdk.system.scheduler.ExecutableJobDescription', '920kg74048x5rp76bdoj528a25autei5NM200904120000000000000000000030', 'www.runwaysdk.com', '920kg74048x5rp76bdoj528a25autei5NM200904120000000000000000000030');
INSERT INTO metadata_display_label ( default_locale, oid, site_master, key_name) VALUES ('com.runwaysdk.system.scheduler.ExecutableJobDescription to apply to the database', '0tbsa0dx4so03bp4rsio8zwkbsvnqh8uNM200904120000000000000000000030', 'www.runwaysdk.com', '0tbsa0dx4so03bp4rsio8zwkbsvnqh8uNM200904120000000000000000000030');
INSERT INTO md_parameter ( metadata, parameter_order, parameter_name, parameter_type, display_label, oid) VALUES ('zjro2c18902lwna8trrtgg5x30l0cs3hNM200810110000000000000000000113', 0, 'dto', 'com.runwaysdk.system.scheduler.ExecutableJobDescription', '920kg74048x5rp76bdoj528a25autei5NM200904120000000000000000000030', 'qn4vac2ns6s6393ucu4pdllvel4meq6x20070427JS0000000000000000001517');
INSERT INTO metadata ( description, created_by, owner, oid, create_date, seq, type, remove, site_master, locked_by, entity_domain, last_updated_by, last_update_date, key_name) VALUES ('0tbsa0dx4so03bp4rsio8zwkbsvnqh8uNM200904120000000000000000000030', '0000000000000000000000000000001000000000000000000000000000000003', '0000000000000000000000000000001000000000000000000000000000000003', 'qn4vac2ns6s6393ucu4pdllvel4meq6x20070427JS0000000000000000001517', '2014-02-10 12:13:54', 4372, 'com.runwaysdk.system.metadata.MdParameter', 1, 'www.runwaysdk.com', NULL, NULL, '0000000000000000000000000000001000000000000000000000000000000003', '2014-02-10 12:13:54', 'com.runwaysdk.system.scheduler.ExecutableJobDescriptionController.create.dto');
INSERT INTO metadata_parameter ( site_master, last_updated_by, create_date, seq, locked_by, entity_domain, created_by, type, last_update_date, key_name, owner, oid, parent_id, child_id) VALUES ('www.runwaysdk.com', '0000000000000000000000000000001000000000000000000000000000000003', '2014-02-10 12:13:54', 4373, NULL, NULL, '0000000000000000000000000000001000000000000000000000000000000003', 'com.runwaysdk.system.MetadataParameter', '2014-02-10 12:13:54', 'com.runwaysdk.system.scheduler.ExecutableJobDescriptionController.create.dto', '0000000000000000000000000000001000000000000000000000000000000003', '7233j0v8szac7oz8rz0jpycl0qj1cpgo20070427JS0000000000000000001524', 'zjro2c18902lwna8trrtgg5x30l0cs3hNM200810110000000000000000000113', 'qn4vac2ns6s6393ucu4pdllvel4meq6x20070427JS0000000000000000001517');
INSERT INTO metadata_display_label ( default_locale, oid, site_master, key_name) VALUES ('edit', '7gsmhbsmo4mqfznhfohqt8t20u3ycm51NM200904120000000000000000000030', 'www.runwaysdk.com', '7gsmhbsmo4mqfznhfohqt8t20u3ycm51NM200904120000000000000000000030');
INSERT INTO metadata_display_label ( default_locale, oid, site_master, key_name) VALUES ('Applys an existing instance of com.runwaysdk.system.scheduler.ExecutableJobDescription', 'z0wopl76qxxii2bd9n36n8hkrjs7acrtNM200904120000000000000000000030', 'www.runwaysdk.com', 'z0wopl76qxxii2bd9n36n8hkrjs7acrtNM200904120000000000000000000030');
INSERT INTO md_action ( is_query, enclosing_md_controller, is_post, action_name, display_label, oid) VALUES (0, '1xuzn3m7qujq8xxvhmwym9jhqmamywkvNM200810110000000000000000000112', 0, 'edit', '7gsmhbsmo4mqfznhfohqt8t20u3ycm51NM200904120000000000000000000030', '73bauzv0xto4yafbf0iry7bbonat7tsbNM200810110000000000000000000113');
INSERT INTO metadata ( description, created_by, owner, oid, create_date, seq, type, remove, site_master, locked_by, entity_domain, last_updated_by, last_update_date, key_name) VALUES ('z0wopl76qxxii2bd9n36n8hkrjs7acrtNM200904120000000000000000000030', '0000000000000000000000000000001000000000000000000000000000000003', '0000000000000000000000000000001000000000000000000000000000000003', '73bauzv0xto4yafbf0iry7bbonat7tsbNM200810110000000000000000000113', '2014-02-10 12:13:54', 4374, 'com.runwaysdk.system.metadata.MdAction', 1, 'www.runwaysdk.com', NULL, NULL, '0000000000000000000000000000001000000000000000000000000000000003', '2014-02-10 12:13:54', 'com.runwaysdk.system.scheduler.ExecutableJobDescriptionController.edit');
INSERT INTO controller_action ( key_name, locked_by, oid, owner, entity_domain, created_by, type, last_update_date, create_date, seq, last_updated_by, site_master, parent_id, child_id) VALUES ('com.runwaysdk.system.scheduler.ExecutableJobDescriptionController.edit', NULL, '702x2c84phtctwamnptxe5avr5m3hsr6JS200807230000000000000000111111', '0000000000000000000000000000001000000000000000000000000000000003', NULL, '0000000000000000000000000000001000000000000000000000000000000003', 'com.runwaysdk.system.ControllerAction', '2014-02-10 12:13:54', '2014-02-10 12:13:54', 4375, '0000000000000000000000000000001000000000000000000000000000000003', 'www.runwaysdk.com', '1xuzn3m7qujq8xxvhmwym9jhqmamywkvNM200810110000000000000000000112', '73bauzv0xto4yafbf0iry7bbonat7tsbNM200810110000000000000000000113');
INSERT INTO metadata_display_label ( default_locale, oid, site_master, key_name) VALUES ('Parameter: com.runwaysdk.system.scheduler.ExecutableJobDescription', '8rwk6kyfhj5ss9bccoy54ajmb4ap55k0NM200904120000000000000000000030', 'www.runwaysdk.com', '8rwk6kyfhj5ss9bccoy54ajmb4ap55k0NM200904120000000000000000000030');
INSERT INTO metadata_display_label ( default_locale, oid, site_master, key_name) VALUES ('com.runwaysdk.system.scheduler.ExecutableJobDescription to apply to the database', 'xtvckgf5al03g76vtq2ya7umnx2jx2ttNM200904120000000000000000000030', 'www.runwaysdk.com', 'xtvckgf5al03g76vtq2ya7umnx2jx2ttNM200904120000000000000000000030');
INSERT INTO md_parameter ( metadata, parameter_order, parameter_name, parameter_type, display_label, oid) VALUES ('73bauzv0xto4yafbf0iry7bbonat7tsbNM200810110000000000000000000113', 0, 'oid', 'java.lang.String', '8rwk6kyfhj5ss9bccoy54ajmb4ap55k0NM200904120000000000000000000030', '70hoki3mxnpyacfory63hzm58ocwp4vw20070427JS0000000000000000001517');
INSERT INTO metadata ( description, created_by, owner, oid, create_date, seq, type, remove, site_master, locked_by, entity_domain, last_updated_by, last_update_date, key_name) VALUES ('xtvckgf5al03g76vtq2ya7umnx2jx2ttNM200904120000000000000000000030', '0000000000000000000000000000001000000000000000000000000000000003', '0000000000000000000000000000001000000000000000000000000000000003', '70hoki3mxnpyacfory63hzm58ocwp4vw20070427JS0000000000000000001517', '2014-02-10 12:13:54', 4376, 'com.runwaysdk.system.metadata.MdParameter', 1, 'www.runwaysdk.com', NULL, NULL, '0000000000000000000000000000001000000000000000000000000000000003', '2014-02-10 12:13:54', 'com.runwaysdk.system.scheduler.ExecutableJobDescriptionController.edit.oid');
INSERT INTO metadata_parameter ( site_master, last_updated_by, create_date, seq, locked_by, entity_domain, created_by, type, last_update_date, key_name, owner, oid, parent_id, child_id) VALUES ('www.runwaysdk.com', '0000000000000000000000000000001000000000000000000000000000000003', '2014-02-10 12:13:54', 4377, NULL, NULL, '0000000000000000000000000000001000000000000000000000000000000003', 'com.runwaysdk.system.MetadataParameter', '2014-02-10 12:13:54', 'com.runwaysdk.system.scheduler.ExecutableJobDescriptionController.edit.oid', '0000000000000000000000000000001000000000000000000000000000000003', 'zfl26s01xej2e3gcin87hy0g9s5n1col20070427JS0000000000000000001524', '73bauzv0xto4yafbf0iry7bbonat7tsbNM200810110000000000000000000113', '70hoki3mxnpyacfory63hzm58ocwp4vw20070427JS0000000000000000001517');
INSERT INTO metadata_display_label ( default_locale, oid, site_master, key_name) VALUES ('update', 'zhqsrpiwm5en4yqc6rt1k8stdbeqwmswNM200904120000000000000000000030', 'www.runwaysdk.com', 'zhqsrpiwm5en4yqc6rt1k8stdbeqwmswNM200904120000000000000000000030');
INSERT INTO metadata_display_label ( default_locale, oid, site_master, key_name) VALUES ('Applys an existing instance of com.runwaysdk.system.scheduler.ExecutableJobDescription', '1r6iywo2eriflmiz0bw60zgsyekk1gz0NM200904120000000000000000000030', 'www.runwaysdk.com', '1r6iywo2eriflmiz0bw60zgsyekk1gz0NM200904120000000000000000000030');
INSERT INTO md_action ( is_query, enclosing_md_controller, is_post, action_name, display_label, oid) VALUES (0, '1xuzn3m7qujq8xxvhmwym9jhqmamywkvNM200810110000000000000000000112', 1, 'update', 'zhqsrpiwm5en4yqc6rt1k8stdbeqwmswNM200904120000000000000000000030', '8tp48m1pb7umfkf3gby7bci148pz563rNM200810110000000000000000000113');
INSERT INTO metadata ( description, created_by, owner, oid, create_date, seq, type, remove, site_master, locked_by, entity_domain, last_updated_by, last_update_date, key_name) VALUES ('1r6iywo2eriflmiz0bw60zgsyekk1gz0NM200904120000000000000000000030', '0000000000000000000000000000001000000000000000000000000000000003', '0000000000000000000000000000001000000000000000000000000000000003', '8tp48m1pb7umfkf3gby7bci148pz563rNM200810110000000000000000000113', '2014-02-10 12:13:54', 4378, 'com.runwaysdk.system.metadata.MdAction', 1, 'www.runwaysdk.com', NULL, NULL, '0000000000000000000000000000001000000000000000000000000000000003', '2014-02-10 12:13:54', 'com.runwaysdk.system.scheduler.ExecutableJobDescriptionController.update');
INSERT INTO controller_action ( key_name, locked_by, oid, owner, entity_domain, created_by, type, last_update_date, create_date, seq, last_updated_by, site_master, parent_id, child_id) VALUES ('com.runwaysdk.system.scheduler.ExecutableJobDescriptionController.update', NULL, 'xbyt73nm18xp1zjomqd0i5r7tqdunslzJS200807230000000000000000111111', '0000000000000000000000000000001000000000000000000000000000000003', NULL, '0000000000000000000000000000001000000000000000000000000000000003', 'com.runwaysdk.system.ControllerAction', '2014-02-10 12:13:54', '2014-02-10 12:13:54', 4379, '0000000000000000000000000000001000000000000000000000000000000003', 'www.runwaysdk.com', '1xuzn3m7qujq8xxvhmwym9jhqmamywkvNM200810110000000000000000000112', '8tp48m1pb7umfkf3gby7bci148pz563rNM200810110000000000000000000113');
INSERT INTO metadata_display_label ( default_locale, oid, site_master, key_name) VALUES ('Parameter: com.runwaysdk.system.scheduler.ExecutableJobDescription - dto', '6nmuvr8858a2tq3o70otlqh7yr5y3rtwNM200904120000000000000000000030', 'www.runwaysdk.com', '6nmuvr8858a2tq3o70otlqh7yr5y3rtwNM200904120000000000000000000030');
INSERT INTO metadata_display_label ( default_locale, oid, site_master, key_name) VALUES ('com.runwaysdk.system.scheduler.ExecutableJobDescription to apply to the database', '07joijq0n70eduii3xmzp3ry0sdlhvz2NM200904120000000000000000000030', 'www.runwaysdk.com', '07joijq0n70eduii3xmzp3ry0sdlhvz2NM200904120000000000000000000030');
INSERT INTO md_parameter ( metadata, parameter_order, parameter_name, parameter_type, display_label, oid) VALUES ('8tp48m1pb7umfkf3gby7bci148pz563rNM200810110000000000000000000113', 0, 'dto', 'com.runwaysdk.system.scheduler.ExecutableJobDescription', '6nmuvr8858a2tq3o70otlqh7yr5y3rtwNM200904120000000000000000000030', '745zlf1vbtpclftz5sbghmvxqt103dyb20070427JS0000000000000000001517');
INSERT INTO metadata ( description, created_by, owner, oid, create_date, seq, type, remove, site_master, locked_by, entity_domain, last_updated_by, last_update_date, key_name) VALUES ('07joijq0n70eduii3xmzp3ry0sdlhvz2NM200904120000000000000000000030', '0000000000000000000000000000001000000000000000000000000000000003', '0000000000000000000000000000001000000000000000000000000000000003', '745zlf1vbtpclftz5sbghmvxqt103dyb20070427JS0000000000000000001517', '2014-02-10 12:13:54', 4380, 'com.runwaysdk.system.metadata.MdParameter', 1, 'www.runwaysdk.com', NULL, NULL, '0000000000000000000000000000001000000000000000000000000000000003', '2014-02-10 12:13:54', 'com.runwaysdk.system.scheduler.ExecutableJobDescriptionController.update.dto');
INSERT INTO metadata_parameter ( site_master, last_updated_by, create_date, seq, locked_by, entity_domain, created_by, type, last_update_date, key_name, owner, oid, parent_id, child_id) VALUES ('www.runwaysdk.com', '0000000000000000000000000000001000000000000000000000000000000003', '2014-02-10 12:13:54', 4381, NULL, NULL, '0000000000000000000000000000001000000000000000000000000000000003', 'com.runwaysdk.system.MetadataParameter', '2014-02-10 12:13:54', 'com.runwaysdk.system.scheduler.ExecutableJobDescriptionController.update.dto', '0000000000000000000000000000001000000000000000000000000000000003', 'zlp1sb9y7dmi0q8j05kbxel4ngzl2c9y20070427JS0000000000000000001524', '8tp48m1pb7umfkf3gby7bci148pz563rNM200810110000000000000000000113', '745zlf1vbtpclftz5sbghmvxqt103dyb20070427JS0000000000000000001517');
INSERT INTO metadata_display_label ( default_locale, oid, site_master, key_name) VALUES ('cancel', '6vohwxv9j1vis3mjwgx3sb0k7kn32ksvNM200904120000000000000000000030', 'www.runwaysdk.com', '6vohwxv9j1vis3mjwgx3sb0k7kn32ksvNM200904120000000000000000000030');
INSERT INTO metadata_display_label ( default_locale, oid, site_master, key_name) VALUES ('Unlocks an instance com.runwaysdk.system.scheduler.ExecutableJobDescription', '05j814hixunfetlr89u4vozhmxf2oyjbNM200904120000000000000000000030', 'www.runwaysdk.com', '05j814hixunfetlr89u4vozhmxf2oyjbNM200904120000000000000000000030');
INSERT INTO md_action ( is_query, enclosing_md_controller, is_post, action_name, display_label, oid) VALUES (0, '1xuzn3m7qujq8xxvhmwym9jhqmamywkvNM200810110000000000000000000112', 1, 'cancel', '6vohwxv9j1vis3mjwgx3sb0k7kn32ksvNM200904120000000000000000000030', 'zj9s2lwhhtpkdwb4vba1cx8ptodvmx69NM200810110000000000000000000113');
INSERT INTO metadata ( description, created_by, owner, oid, create_date, seq, type, remove, site_master, locked_by, entity_domain, last_updated_by, last_update_date, key_name) VALUES ('05j814hixunfetlr89u4vozhmxf2oyjbNM200904120000000000000000000030', '0000000000000000000000000000001000000000000000000000000000000003', '0000000000000000000000000000001000000000000000000000000000000003', 'zj9s2lwhhtpkdwb4vba1cx8ptodvmx69NM200810110000000000000000000113', '2014-02-10 12:13:54', 4382, 'com.runwaysdk.system.metadata.MdAction', 1, 'www.runwaysdk.com', NULL, NULL, '0000000000000000000000000000001000000000000000000000000000000003', '2014-02-10 12:13:54', 'com.runwaysdk.system.scheduler.ExecutableJobDescriptionController.cancel');
INSERT INTO controller_action ( key_name, locked_by, oid, owner, entity_domain, created_by, type, last_update_date, create_date, seq, last_updated_by, site_master, parent_id, child_id) VALUES ('com.runwaysdk.system.scheduler.ExecutableJobDescriptionController.cancel', NULL, '1umqkt6544r9bqo2rv61kbcvi76xlojwJS200807230000000000000000111111', '0000000000000000000000000000001000000000000000000000000000000003', NULL, '0000000000000000000000000000001000000000000000000000000000000003', 'com.runwaysdk.system.ControllerAction', '2014-02-10 12:13:54', '2014-02-10 12:13:54', 4383, '0000000000000000000000000000001000000000000000000000000000000003', 'www.runwaysdk.com', '1xuzn3m7qujq8xxvhmwym9jhqmamywkvNM200810110000000000000000000112', 'zj9s2lwhhtpkdwb4vba1cx8ptodvmx69NM200810110000000000000000000113');
INSERT INTO metadata_display_label ( default_locale, oid, site_master, key_name) VALUES ('Parameter: com.runwaysdk.system.scheduler.ExecutableJobDescription - dto', 'srfpzxx8m1pr3e33czz97je3d6jicuyqNM200904120000000000000000000030', 'www.runwaysdk.com', 'srfpzxx8m1pr3e33czz97je3d6jicuyqNM200904120000000000000000000030');
INSERT INTO metadata_display_label ( default_locale, oid, site_master, key_name) VALUES ('com.runwaysdk.system.scheduler.ExecutableJobDescription to unlock', 'xeaiv02m6quiqvcrpium5eby9ns5c05uNM200904120000000000000000000030', 'www.runwaysdk.com', 'xeaiv02m6quiqvcrpium5eby9ns5c05uNM200904120000000000000000000030');
INSERT INTO md_parameter ( metadata, parameter_order, parameter_name, parameter_type, display_label, oid) VALUES ('zj9s2lwhhtpkdwb4vba1cx8ptodvmx69NM200810110000000000000000000113', 0, 'dto', 'com.runwaysdk.system.scheduler.ExecutableJobDescription', 'srfpzxx8m1pr3e33czz97je3d6jicuyqNM200904120000000000000000000030', '6xy6bwng1ttxhc98g50qk35ngut8aiup20070427JS0000000000000000001517');
INSERT INTO metadata ( description, created_by, owner, oid, create_date, seq, type, remove, site_master, locked_by, entity_domain, last_updated_by, last_update_date, key_name) VALUES ('xeaiv02m6quiqvcrpium5eby9ns5c05uNM200904120000000000000000000030', '0000000000000000000000000000001000000000000000000000000000000003', '0000000000000000000000000000001000000000000000000000000000000003', '6xy6bwng1ttxhc98g50qk35ngut8aiup20070427JS0000000000000000001517', '2014-02-10 12:13:54', 4384, 'com.runwaysdk.system.metadata.MdParameter', 1, 'www.runwaysdk.com', NULL, NULL, '0000000000000000000000000000001000000000000000000000000000000003', '2014-02-10 12:13:54', 'com.runwaysdk.system.scheduler.ExecutableJobDescriptionController.cancel.dto');
INSERT INTO metadata_parameter ( site_master, last_updated_by, create_date, seq, locked_by, entity_domain, created_by, type, last_update_date, key_name, owner, oid, parent_id, child_id) VALUES ('www.runwaysdk.com', '0000000000000000000000000000001000000000000000000000000000000003', '2014-02-10 12:13:54', 4385, NULL, NULL, '0000000000000000000000000000001000000000000000000000000000000003', 'com.runwaysdk.system.MetadataParameter', '2014-02-10 12:13:54', 'com.runwaysdk.system.scheduler.ExecutableJobDescriptionController.cancel.dto', '0000000000000000000000000000001000000000000000000000000000000003', 'r2fz5chm0tou9wlaph1zmmbtwbhp7q7o20070427JS0000000000000000001524', 'zj9s2lwhhtpkdwb4vba1cx8ptodvmx69NM200810110000000000000000000113', '6xy6bwng1ttxhc98g50qk35ngut8aiup20070427JS0000000000000000001517');
INSERT INTO metadata_display_label ( default_locale, oid, site_master, key_name) VALUES ('delete', '766gkd22vncizr5w3ewcl20hvrrienx9NM200904120000000000000000000030', 'www.runwaysdk.com', '766gkd22vncizr5w3ewcl20hvrrienx9NM200904120000000000000000000030');
INSERT INTO metadata_display_label ( default_locale, oid, site_master, key_name) VALUES ('Delete an instance of com.runwaysdk.system.scheduler.ExecutableJobDescription', '7cfu8q8staczk4aze6byvmezb5j06qynNM200904120000000000000000000030', 'www.runwaysdk.com', '7cfu8q8staczk4aze6byvmezb5j06qynNM200904120000000000000000000030');
INSERT INTO md_action ( is_query, enclosing_md_controller, is_post, action_name, display_label, oid) VALUES (0, '1xuzn3m7qujq8xxvhmwym9jhqmamywkvNM200810110000000000000000000112', 1, 'delete', '766gkd22vncizr5w3ewcl20hvrrienx9NM200904120000000000000000000030', 'x8etolc4gzx90j2diz6lma17s9hd52f0NM200810110000000000000000000113');
INSERT INTO metadata ( description, created_by, owner, oid, create_date, seq, type, remove, site_master, locked_by, entity_domain, last_updated_by, last_update_date, key_name) VALUES ('7cfu8q8staczk4aze6byvmezb5j06qynNM200904120000000000000000000030', '0000000000000000000000000000001000000000000000000000000000000003', '0000000000000000000000000000001000000000000000000000000000000003', 'x8etolc4gzx90j2diz6lma17s9hd52f0NM200810110000000000000000000113', '2014-02-10 12:13:54', 4386, 'com.runwaysdk.system.metadata.MdAction', 1, 'www.runwaysdk.com', NULL, NULL, '0000000000000000000000000000001000000000000000000000000000000003', '2014-02-10 12:13:54', 'com.runwaysdk.system.scheduler.ExecutableJobDescriptionController.delete');
INSERT INTO controller_action ( key_name, locked_by, oid, owner, entity_domain, created_by, type, last_update_date, create_date, seq, last_updated_by, site_master, parent_id, child_id) VALUES ('com.runwaysdk.system.scheduler.ExecutableJobDescriptionController.delete', NULL, 'sbp8vjhdidqjc1xtgpepy9ye059dwfr4JS200807230000000000000000111111', '0000000000000000000000000000001000000000000000000000000000000003', NULL, '0000000000000000000000000000001000000000000000000000000000000003', 'com.runwaysdk.system.ControllerAction', '2014-02-10 12:13:54', '2014-02-10 12:13:54', 4387, '0000000000000000000000000000001000000000000000000000000000000003', 'www.runwaysdk.com', '1xuzn3m7qujq8xxvhmwym9jhqmamywkvNM200810110000000000000000000112', 'x8etolc4gzx90j2diz6lma17s9hd52f0NM200810110000000000000000000113');
INSERT INTO metadata_display_label ( default_locale, oid, site_master, key_name) VALUES ('Parameter: com.runwaysdk.system.scheduler.ExecutableJobDescription - dto', 'ywcr30m8ur2msfru7lljqv1266o8pb5rNM200904120000000000000000000030', 'www.runwaysdk.com', 'ywcr30m8ur2msfru7lljqv1266o8pb5rNM200904120000000000000000000030');
INSERT INTO metadata_display_label ( default_locale, oid, site_master, key_name) VALUES ('com.runwaysdk.system.scheduler.ExecutableJobDescription to delete', '8pz2bidnso5jmmgef4vzf2o7xwqf4mdqNM200904120000000000000000000030', 'www.runwaysdk.com', '8pz2bidnso5jmmgef4vzf2o7xwqf4mdqNM200904120000000000000000000030');
INSERT INTO md_parameter ( metadata, parameter_order, parameter_name, parameter_type, display_label, oid) VALUES ('x8etolc4gzx90j2diz6lma17s9hd52f0NM200810110000000000000000000113', 0, 'dto', 'com.runwaysdk.system.scheduler.ExecutableJobDescription', 'ywcr30m8ur2msfru7lljqv1266o8pb5rNM200904120000000000000000000030', 'qtq0e5i3tnaqqpykk91psum3ojhv1zf020070427JS0000000000000000001517');
INSERT INTO metadata ( description, created_by, owner, oid, create_date, seq, type, remove, site_master, locked_by, entity_domain, last_updated_by, last_update_date, key_name) VALUES ('8pz2bidnso5jmmgef4vzf2o7xwqf4mdqNM200904120000000000000000000030', '0000000000000000000000000000001000000000000000000000000000000003', '0000000000000000000000000000001000000000000000000000000000000003', 'qtq0e5i3tnaqqpykk91psum3ojhv1zf020070427JS0000000000000000001517', '2014-02-10 12:13:54', 4388, 'com.runwaysdk.system.metadata.MdParameter', 1, 'www.runwaysdk.com', NULL, NULL, '0000000000000000000000000000001000000000000000000000000000000003', '2014-02-10 12:13:54', 'com.runwaysdk.system.scheduler.ExecutableJobDescriptionController.delete.dto');
INSERT INTO metadata_parameter ( site_master, last_updated_by, create_date, seq, locked_by, entity_domain, created_by, type, last_update_date, key_name, owner, oid, parent_id, child_id) VALUES ('www.runwaysdk.com', '0000000000000000000000000000001000000000000000000000000000000003', '2014-02-10 12:13:54', 4389, NULL, NULL, '0000000000000000000000000000001000000000000000000000000000000003', 'com.runwaysdk.system.MetadataParameter', '2014-02-10 12:13:54', 'com.runwaysdk.system.scheduler.ExecutableJobDescriptionController.delete.dto', '0000000000000000000000000000001000000000000000000000000000000003', 'slajqdtopk97hf6krbvhlvc60qgwaz3e20070427JS0000000000000000001524', 'x8etolc4gzx90j2diz6lma17s9hd52f0NM200810110000000000000000000113', 'qtq0e5i3tnaqqpykk91psum3ojhv1zf020070427JS0000000000000000001517');
 INSERT INTO visibilitymodifier (set_id, item_id)  VALUES  ('zfjjak6v5mqlla3rlxr1ov5colvup7oy', '20071109NM000000000000000000000520071109NM0000000000000000000001');
INSERT INTO metadata_display_label ( default_locale, oid, site_master, key_name) VALUES ('Description', 'zo0jlldh0wgtuvomst0czb9ust1l4eysNM200904120000000000000000000030', 'www.runwaysdk.com', 'zo0jlldh0wgtuvomst0czb9ust1l4eysNM200904120000000000000000000030');
 INSERT INTO visibilitymodifier (set_id, item_id)  VALUES  ('qrp999egcopqj6ce3v5fgsdnzc7ur8fc', '20071109NM000000000000000000000520071109NM0000000000000000000001');
 INSERT INTO md_attribute_indicies (set_id, item_id)  VALUES  ('92gux0dm57wayvwpj1yupm1hzegqregy', '0000000000000000000000000000040100000000000000000000000000000403');
INSERT INTO metadata_display_label ( default_locale, oid, site_master, key_name) VALUES ('Description', '6raqn2stqdqhz3wdat52o6qxi941s0pgNM200904120000000000000000000030', 'www.runwaysdk.com', '6raqn2stqdqhz3wdat52o6qxi941s0pgNM200904120000000000000000000030');
INSERT INTO md_attribute_local_character ( oid) VALUES ('qp4ia9xc9kba5b1w9i6rgvzykr7hz9j80000000MdAttributeLocalCharacter');
INSERT INTO md_attribute_local ( oid) VALUES ('qp4ia9xc9kba5b1w9i6rgvzykr7hz9j80000000MdAttributeLocalCharacter');
INSERT INTO md_attribute_struct ( md_struct, oid) VALUES ('qqhfctwvbkzyaocsqynj2u6lejwo2a9m0000000000000000000MdLocalStruct', 'qp4ia9xc9kba5b1w9i6rgvzykr7hz9j80000000MdAttributeLocalCharacter');
INSERT INTO md_attribute_concrete ( column_name, defining_md_class, setter_visibility, setter_visibility_c, immutable, index_name, generate_accessor, system, required, display_label, getter_visibility, getter_visibility_c, index_type, index_type_c, attribute_name, oid) VALUES ('description', '8ndv254jvk1mw1rql6a4pqz9qbqvdzl400000000000000000000000000000001', 'zfjjak6v5mqlla3rlxr1ov5colvup7oy', '20071109NM000000000000000000000520071109NM0000000000000000000001', 0, 'agvabqk827diys92iua1y1jvx39fsc', 1, 0, 1, 'zo0jlldh0wgtuvomst0czb9ust1l4eysNM200904120000000000000000000030', 'qrp999egcopqj6ce3v5fgsdnzc7ur8fc', '20071109NM000000000000000000000520071109NM0000000000000000000001', '92gux0dm57wayvwpj1yupm1hzegqregy', '0000000000000000000000000000040100000000000000000000000000000403', 'description', 'qp4ia9xc9kba5b1w9i6rgvzykr7hz9j80000000MdAttributeLocalCharacter');
INSERT INTO md_attribute ( oid) VALUES ('qp4ia9xc9kba5b1w9i6rgvzykr7hz9j80000000MdAttributeLocalCharacter');
INSERT INTO metadata ( description, created_by, owner, oid, create_date, seq, type, remove, site_master, locked_by, entity_domain, last_updated_by, last_update_date, key_name) VALUES ('6raqn2stqdqhz3wdat52o6qxi941s0pgNM200904120000000000000000000030', '0000000000000000000000000000001000000000000000000000000000000003', '0000000000000000000000000000001000000000000000000000000000000003', 'qp4ia9xc9kba5b1w9i6rgvzykr7hz9j80000000MdAttributeLocalCharacter', '2014-02-10 12:13:54', 4390, 'com.runwaysdk.system.metadata.MdAttributeLocalCharacter', 1, 'www.runwaysdk.com', NULL, NULL, '0000000000000000000000000000001000000000000000000000000000000003', '2014-02-10 12:13:54', 'com.runwaysdk.system.scheduler.ExecutableJob.description');
ALTER TABLE executable_job ADD COLUMN description  char(64);
INSERT INTO class_attribute_concrete ( oid, parent_id, child_id) VALUES ('zde4i8w0hlpr70swp6bexfg6zac6hn9s00000000000000000000000000000073', '8ndv254jvk1mw1rql6a4pqz9qbqvdzl400000000000000000000000000000001', 'qp4ia9xc9kba5b1w9i6rgvzykr7hz9j80000000MdAttributeLocalCharacter');
INSERT INTO class_attribute ( oid, parent_id, child_id) VALUES ('zde4i8w0hlpr70swp6bexfg6zac6hn9s00000000000000000000000000000073', '8ndv254jvk1mw1rql6a4pqz9qbqvdzl400000000000000000000000000000001', 'qp4ia9xc9kba5b1w9i6rgvzykr7hz9j80000000MdAttributeLocalCharacter');
INSERT INTO metadata_relationship ( entity_domain, site_master, last_updated_by, oid, owner, locked_by, create_date, type, created_by, seq, key_name, last_update_date, parent_id, child_id) VALUES (NULL, 'www.runwaysdk.com', '0000000000000000000000000000001000000000000000000000000000000003', 'zde4i8w0hlpr70swp6bexfg6zac6hn9s00000000000000000000000000000073', '0000000000000000000000000000001000000000000000000000000000000003', NULL, '2014-02-10 12:13:54', 'com.runwaysdk.system.metadata.ClassAttributeConcrete', '0000000000000000000000000000001000000000000000000000000000000003', 4391, 'com.runwaysdk.system.scheduler.ExecutableJob.description', '2014-02-10 12:13:54', '8ndv254jvk1mw1rql6a4pqz9qbqvdzl400000000000000000000000000000001', 'qp4ia9xc9kba5b1w9i6rgvzykr7hz9j80000000MdAttributeLocalCharacter');
 INSERT INTO visibilitymodifier (set_id, item_id)  VALUES  ('6sd3pdc7vydfv0ob7x8s4qojrn1wvtne', '20071109NM000000000000000000000520071109NM0000000000000000000001');
INSERT INTO metadata_display_label ( default_locale, oid, site_master, key_name) VALUES ('Default Locale', 'r48qp6wc55g59rbfrn18qhu7ciow0qbtNM200904120000000000000000000030', 'www.runwaysdk.com', 'r48qp6wc55g59rbfrn18qhu7ciow0qbtNM200904120000000000000000000030');
 INSERT INTO visibilitymodifier (set_id, item_id)  VALUES  ('0kjhclwgzu7rp6fir95llhjej22yp1rx', '20071109NM000000000000000000000520071109NM0000000000000000000001');
 INSERT INTO md_attribute_indicies (set_id, item_id)  VALUES  ('xp1249yxs7e7p50gnbtdsyc0y4ekx5fa', '0000000000000000000000000000040100000000000000000000000000000403');
INSERT INTO metadata_display_label ( default_locale, oid, site_master, key_name) VALUES ('Default locale', '6u3ze65znsksgdtra1abcfogec9tqg4cNM200904120000000000000000000030', 'www.runwaysdk.com', '6u3ze65znsksgdtra1abcfogec9tqg4cNM200904120000000000000000000030');
INSERT INTO md_attribute_character ( default_value, database_size, oid) VALUES (NULL, 4000, '7g1wn6zc531fojdpokckb89zdvw5x4mj00000000000000000000000000000138');
INSERT INTO md_attribute_char ( oid) VALUES ('7g1wn6zc531fojdpokckb89zdvw5x4mj00000000000000000000000000000138');
INSERT INTO md_attribute_primitive ( oid) VALUES ('7g1wn6zc531fojdpokckb89zdvw5x4mj00000000000000000000000000000138');
INSERT INTO md_attribute_concrete ( column_name, defining_md_class, setter_visibility, setter_visibility_c, immutable, index_name, generate_accessor, system, required, display_label, getter_visibility, getter_visibility_c, index_type, index_type_c, attribute_name, oid) VALUES ('default_locale', 'qqhfctwvbkzyaocsqynj2u6lejwo2a9m0000000000000000000MdLocalStruct', '6sd3pdc7vydfv0ob7x8s4qojrn1wvtne', '20071109NM000000000000000000000520071109NM0000000000000000000001', 0, 'adyh4oz573s3ktuz0l4ousooi8l5ud', 0, 0, 0, 'r48qp6wc55g59rbfrn18qhu7ciow0qbtNM200904120000000000000000000030', '0kjhclwgzu7rp6fir95llhjej22yp1rx', '20071109NM000000000000000000000520071109NM0000000000000000000001', 'xp1249yxs7e7p50gnbtdsyc0y4ekx5fa', '0000000000000000000000000000040100000000000000000000000000000403', 'defaultLocale', '7g1wn6zc531fojdpokckb89zdvw5x4mj00000000000000000000000000000138');
INSERT INTO md_attribute ( oid) VALUES ('7g1wn6zc531fojdpokckb89zdvw5x4mj00000000000000000000000000000138');
INSERT INTO metadata ( description, created_by, owner, oid, create_date, seq, type, remove, site_master, locked_by, entity_domain, last_updated_by, last_update_date, key_name) VALUES ('6u3ze65znsksgdtra1abcfogec9tqg4cNM200904120000000000000000000030', '0000000000000000000000000000001000000000000000000000000000000003', '0000000000000000000000000000001000000000000000000000000000000003', '7g1wn6zc531fojdpokckb89zdvw5x4mj00000000000000000000000000000138', '2014-02-10 12:13:54', 4392, 'com.runwaysdk.system.metadata.MdAttributeCharacter', 1, 'www.runwaysdk.com', NULL, NULL, '0000000000000000000000000000001000000000000000000000000000000003', '2014-02-10 12:13:54', 'com.runwaysdk.system.scheduler.ExecutableJobDescription.defaultLocale');
ALTER TABLE executable_job_description ADD COLUMN default_locale  varchar(4000);
INSERT INTO class_attribute_concrete ( oid, parent_id, child_id) VALUES ('qzhoxbbu1m01q98oyp8ihmf8e2ogejco00000000000000000000000000000073', 'qqhfctwvbkzyaocsqynj2u6lejwo2a9m0000000000000000000MdLocalStruct', '7g1wn6zc531fojdpokckb89zdvw5x4mj00000000000000000000000000000138');
INSERT INTO class_attribute ( oid, parent_id, child_id) VALUES ('qzhoxbbu1m01q98oyp8ihmf8e2ogejco00000000000000000000000000000073', 'qqhfctwvbkzyaocsqynj2u6lejwo2a9m0000000000000000000MdLocalStruct', '7g1wn6zc531fojdpokckb89zdvw5x4mj00000000000000000000000000000138');
INSERT INTO metadata_relationship ( entity_domain, site_master, last_updated_by, oid, owner, locked_by, create_date, type, created_by, seq, key_name, last_update_date, parent_id, child_id) VALUES (NULL, 'www.runwaysdk.com', '0000000000000000000000000000001000000000000000000000000000000003', 'qzhoxbbu1m01q98oyp8ihmf8e2ogejco00000000000000000000000000000073', '0000000000000000000000000000001000000000000000000000000000000003', NULL, '2014-02-10 12:13:54', 'com.runwaysdk.system.metadata.ClassAttributeConcrete', '0000000000000000000000000000001000000000000000000000000000000003', 4393, 'com.runwaysdk.system.scheduler.ExecutableJobDescription.defaultLocale', '2014-02-10 12:13:54', 'qqhfctwvbkzyaocsqynj2u6lejwo2a9m0000000000000000000MdLocalStruct', '7g1wn6zc531fojdpokckb89zdvw5x4mj00000000000000000000000000000138');
 INSERT INTO visibilitymodifier (set_id, item_id)  VALUES  ('yy8tkzvbh2e12qcwdcdy8uz9rihmyqzx', '20071109NM000000000000000000000520071109NM0000000000000000000001');
INSERT INTO metadata_display_label ( default_locale, oid, site_master, key_name) VALUES ('Job Id', 'swua33brubm0eiy7xnauj4m8m4938ip5NM200904120000000000000000000030', 'www.runwaysdk.com', 'swua33brubm0eiy7xnauj4m8m4938ip5NM200904120000000000000000000030');
 INSERT INTO visibilitymodifier (set_id, item_id)  VALUES  ('097qntfysq71wz3qnbyrgnynjkiwmx3c', '20071109NM000000000000000000000520071109NM0000000000000000000001');
 INSERT INTO md_attribute_indicies (set_id, item_id)  VALUES  ('1vsfp9fjwt2hcsh87fk4p7a0t53rnsj0', '0000000000000000000000000000040900000000000000000000000000000403');
INSERT INTO metadata_display_label ( default_locale, oid, site_master, key_name) VALUES ('Job Id', 'symigc7rd7fsw6wlerfdmmgm4reooh6rNM200904120000000000000000000030', 'www.runwaysdk.com', 'symigc7rd7fsw6wlerfdmmgm4reooh6rNM200904120000000000000000000030');
INSERT INTO md_attribute_character ( default_value, database_size, oid) VALUES (NULL, 64, 'qx1xxd1bzpaucwiqwdgncx85ml5qk0li00000000000000000000000000000138');
INSERT INTO md_attribute_char ( oid) VALUES ('qx1xxd1bzpaucwiqwdgncx85ml5qk0li00000000000000000000000000000138');
INSERT INTO md_attribute_primitive ( oid) VALUES ('qx1xxd1bzpaucwiqwdgncx85ml5qk0li00000000000000000000000000000138');
INSERT INTO md_attribute_concrete ( column_name, defining_md_class, setter_visibility, setter_visibility_c, immutable, index_name, generate_accessor, system, required, display_label, getter_visibility, getter_visibility_c, index_type, index_type_c, attribute_name, oid) VALUES ('job_id', '8ndv254jvk1mw1rql6a4pqz9qbqvdzl400000000000000000000000000000001', 'yy8tkzvbh2e12qcwdcdy8uz9rihmyqzx', '20071109NM000000000000000000000520071109NM0000000000000000000001', 0, 'asvuxqyqsaj9j09y4lt1xrdkmtcsrz', 1, 0, 1, 'swua33brubm0eiy7xnauj4m8m4938ip5NM200904120000000000000000000030', '097qntfysq71wz3qnbyrgnynjkiwmx3c', '20071109NM000000000000000000000520071109NM0000000000000000000001', '1vsfp9fjwt2hcsh87fk4p7a0t53rnsj0', '0000000000000000000000000000040900000000000000000000000000000403', 'jobId', 'qx1xxd1bzpaucwiqwdgncx85ml5qk0li00000000000000000000000000000138');
INSERT INTO md_attribute ( oid) VALUES ('qx1xxd1bzpaucwiqwdgncx85ml5qk0li00000000000000000000000000000138');
INSERT INTO metadata ( description, created_by, owner, oid, create_date, seq, type, remove, site_master, locked_by, entity_domain, last_updated_by, last_update_date, key_name) VALUES ('symigc7rd7fsw6wlerfdmmgm4reooh6rNM200904120000000000000000000030', '0000000000000000000000000000001000000000000000000000000000000003', '0000000000000000000000000000001000000000000000000000000000000003', 'qx1xxd1bzpaucwiqwdgncx85ml5qk0li00000000000000000000000000000138', '2014-02-10 12:13:54', 4394, 'com.runwaysdk.system.metadata.MdAttributeCharacter', 1, 'www.runwaysdk.com', NULL, NULL, '0000000000000000000000000000001000000000000000000000000000000003', '2014-02-10 12:13:54', 'com.runwaysdk.system.scheduler.ExecutableJob.jobId');
ALTER TABLE executable_job ADD COLUMN job_id  varchar(64);
INSERT INTO class_attribute_concrete ( oid, parent_id, child_id) VALUES ('zc5pfeispsqai16gf31ryf0jlh01z01000000000000000000000000000000073', '8ndv254jvk1mw1rql6a4pqz9qbqvdzl400000000000000000000000000000001', 'qx1xxd1bzpaucwiqwdgncx85ml5qk0li00000000000000000000000000000138');
INSERT INTO class_attribute ( oid, parent_id, child_id) VALUES ('zc5pfeispsqai16gf31ryf0jlh01z01000000000000000000000000000000073', '8ndv254jvk1mw1rql6a4pqz9qbqvdzl400000000000000000000000000000001', 'qx1xxd1bzpaucwiqwdgncx85ml5qk0li00000000000000000000000000000138');
INSERT INTO metadata_relationship ( entity_domain, site_master, last_updated_by, oid, owner, locked_by, create_date, type, created_by, seq, key_name, last_update_date, parent_id, child_id) VALUES (NULL, 'www.runwaysdk.com', '0000000000000000000000000000001000000000000000000000000000000003', 'zc5pfeispsqai16gf31ryf0jlh01z01000000000000000000000000000000073', '0000000000000000000000000000001000000000000000000000000000000003', NULL, '2014-02-10 12:13:54', 'com.runwaysdk.system.metadata.ClassAttributeConcrete', '0000000000000000000000000000001000000000000000000000000000000003', 4395, 'com.runwaysdk.system.scheduler.ExecutableJob.jobId', '2014-02-10 12:13:54', '8ndv254jvk1mw1rql6a4pqz9qbqvdzl400000000000000000000000000000001', 'qx1xxd1bzpaucwiqwdgncx85ml5qk0li00000000000000000000000000000138');
CREATE UNIQUE INDEX asvuxqyqsaj9j09y4lt1xrdkmtcsrz ON executable_job (job_id);
 INSERT INTO class_cache (set_id, item_id)  VALUES  ('6u43ua7ikp6culh1d3vqn2yd9zpswowe', '0000000000000000000000000000023100000000000000000000000000000222');
INSERT INTO metadata_display_label ( default_locale, oid, site_master, key_name) VALUES ('Qualified Type Job', 'qpyiwa2858lcvkyrd33qgu9nhr3uc5daNM200904120000000000000000000030', 'www.runwaysdk.com', 'qpyiwa2858lcvkyrd33qgu9nhr3uc5daNM200904120000000000000000000030');
INSERT INTO metadata_display_label ( default_locale, oid, site_master, key_name) VALUES ('Qualified Type Job', 'xzq5zj1z1be84k5vkeb4cdwregs5qs7aNM200904120000000000000000000030', 'www.runwaysdk.com', 'xzq5zj1z1be84k5vkeb4cdwregs5qs7aNM200904120000000000000000000030');
INSERT INTO md_business ( cache_algorithm, cache_algorithm_c, super_md_business, oid) VALUES ('6u43ua7ikp6culh1d3vqn2yd9zpswowe', '0000000000000000000000000000023100000000000000000000000000000222', '8ndv254jvk1mw1rql6a4pqz9qbqvdzl400000000000000000000000000000001', 'xwa6z189dcyrqfsje4e0x0a4r2tixpug00000000000000000000000000000001');
INSERT INTO md_element ( extendable, is_abstract, oid) VALUES (1, 0, 'xwa6z189dcyrqfsje4e0x0a4r2tixpug00000000000000000000000000000001');
INSERT INTO md_entity ( query_dto_source, query_source, cache_size, enforce_site_master, has_deterministic_ids, table_name, oid) VALUES (NULL, NULL, 0, 1, 0, 'qualified_type_job', 'xwa6z189dcyrqfsje4e0x0a4r2tixpug00000000000000000000000000000001');
INSERT INTO md_class ( publish, stub_dto_source, stub_source, oid) VALUES (1, NULL, NULL, 'xwa6z189dcyrqfsje4e0x0a4r2tixpug00000000000000000000000000000001');
INSERT INTO md_type ( display_label, root_id, package_name, type_name, base_source, js_base, js_stub, exported, dto_source, oid) VALUES ('qpyiwa2858lcvkyrd33qgu9nhr3uc5daNM200904120000000000000000000030', 'xwa6z189dcyrqfsje4e0x0a4r2tixpug', 'com.runwaysdk.system.scheduler', 'QualifiedTypeJob', NULL, NULL, NULL, 1, NULL, 'xwa6z189dcyrqfsje4e0x0a4r2tixpug00000000000000000000000000000001');
INSERT INTO metadata ( description, created_by, owner, oid, create_date, seq, type, remove, site_master, locked_by, entity_domain, last_updated_by, last_update_date, key_name) VALUES ('xzq5zj1z1be84k5vkeb4cdwregs5qs7aNM200904120000000000000000000030', '0000000000000000000000000000001000000000000000000000000000000003', '0000000000000000000000000000001000000000000000000000000000000003', 'xwa6z189dcyrqfsje4e0x0a4r2tixpug00000000000000000000000000000001', '2014-02-10 12:13:54', 4396, 'com.runwaysdk.system.metadata.MdBusiness', 1, 'www.runwaysdk.com', NULL, NULL, '0000000000000000000000000000001000000000000000000000000000000003', '2014-02-10 12:13:54', 'com.runwaysdk.system.scheduler.QualifiedTypeJob');
CREATE TABLE qualified_type_job ( oid CHAR(64) NOT NULL PRIMARY KEY );
INSERT INTO metadata_display_label ( default_locale, oid, site_master, key_name) VALUES (NULL, '0cy932qyc9vpcrxeusbkakv6nlyyiv3fNM200904120000000000000000000030', 'www.runwaysdk.com', '0cy932qyc9vpcrxeusbkakv6nlyyiv3fNM200904120000000000000000000030');
INSERT INTO metadata_display_label ( default_locale, oid, site_master, key_name) VALUES (NULL, '7b46didkj3zifm1l42omu9bt7ywoxb0hNM200904120000000000000000000030', 'www.runwaysdk.com', '7b46didkj3zifm1l42omu9bt7ywoxb0hNM200904120000000000000000000030');
INSERT INTO md_controller ( stub_source, oid) VALUES (NULL, '2bxydw0neffoda5qsaeb2s5h7hhghyg3NM200810110000000000000000000112');
INSERT INTO md_type ( display_label, root_id, package_name, type_name, base_source, js_base, js_stub, exported, dto_source, oid) VALUES ('0cy932qyc9vpcrxeusbkakv6nlyyiv3fNM200904120000000000000000000030', '2bxydw0neffoda5qsaeb2s5h7hhghyg3', 'com.runwaysdk.system.scheduler', 'QualifiedTypeJobController', NULL, NULL, NULL, 1, NULL, '2bxydw0neffoda5qsaeb2s5h7hhghyg3NM200810110000000000000000000112');
INSERT INTO metadata ( description, created_by, owner, oid, create_date, seq, type, remove, site_master, locked_by, entity_domain, last_updated_by, last_update_date, key_name) VALUES ('7b46didkj3zifm1l42omu9bt7ywoxb0hNM200904120000000000000000000030', '0000000000000000000000000000001000000000000000000000000000000003', '0000000000000000000000000000001000000000000000000000000000000003', '2bxydw0neffoda5qsaeb2s5h7hhghyg3NM200810110000000000000000000112', '2014-02-10 12:13:54', 4397, 'com.runwaysdk.system.metadata.MdController', 1, 'www.runwaysdk.com', NULL, NULL, '0000000000000000000000000000001000000000000000000000000000000003', '2014-02-10 12:13:54', 'com.runwaysdk.system.scheduler.QualifiedTypeJobController');
INSERT INTO metadata_display_label ( default_locale, oid, site_master, key_name) VALUES ('View Page', '6tbf3thxvd5gaxxnlqi9l085oc8rkovcNM200904120000000000000000000030', 'www.runwaysdk.com', '6tbf3thxvd5gaxxnlqi9l085oc8rkovcNM200904120000000000000000000030');
INSERT INTO metadata_display_label ( default_locale, oid, site_master, key_name) VALUES ('Loads a ViewAll query for a specific page into the request object', 'ra4hjy24ecwzg0ywcggg80n7pkg78etsNM200904120000000000000000000030', 'www.runwaysdk.com', 'ra4hjy24ecwzg0ywcggg80n7pkg78etsNM200904120000000000000000000030');
INSERT INTO md_action ( is_query, enclosing_md_controller, is_post, action_name, display_label, oid) VALUES (1, '2bxydw0neffoda5qsaeb2s5h7hhghyg3NM200810110000000000000000000112', 0, 'viewPage', '6tbf3thxvd5gaxxnlqi9l085oc8rkovcNM200904120000000000000000000030', 'xil9bszppbvvkwqgmvwchnd4fvlhmdelNM200810110000000000000000000113');
INSERT INTO metadata ( description, created_by, owner, oid, create_date, seq, type, remove, site_master, locked_by, entity_domain, last_updated_by, last_update_date, key_name) VALUES ('ra4hjy24ecwzg0ywcggg80n7pkg78etsNM200904120000000000000000000030', '0000000000000000000000000000001000000000000000000000000000000003', '0000000000000000000000000000001000000000000000000000000000000003', 'xil9bszppbvvkwqgmvwchnd4fvlhmdelNM200810110000000000000000000113', '2014-02-10 12:13:54', 4398, 'com.runwaysdk.system.metadata.MdAction', 1, 'www.runwaysdk.com', NULL, NULL, '0000000000000000000000000000001000000000000000000000000000000003', '2014-02-10 12:13:54', 'com.runwaysdk.system.scheduler.QualifiedTypeJobController.viewPage');
INSERT INTO controller_action ( key_name, locked_by, oid, owner, entity_domain, created_by, type, last_update_date, create_date, seq, last_updated_by, site_master, parent_id, child_id) VALUES ('com.runwaysdk.system.scheduler.QualifiedTypeJobController.viewPage', NULL, 'r3cvaywba5f2u3augsl5hpht9tfhgjb4JS200807230000000000000000111111', '0000000000000000000000000000001000000000000000000000000000000003', NULL, '0000000000000000000000000000001000000000000000000000000000000003', 'com.runwaysdk.system.ControllerAction', '2014-02-10 12:13:54', '2014-02-10 12:13:54', 4399, '0000000000000000000000000000001000000000000000000000000000000003', 'www.runwaysdk.com', '2bxydw0neffoda5qsaeb2s5h7hhghyg3NM200810110000000000000000000112', 'xil9bszppbvvkwqgmvwchnd4fvlhmdelNM200810110000000000000000000113');
INSERT INTO metadata_display_label ( default_locale, oid, site_master, key_name) VALUES ('Sort Attribute', 'xmcjymhfnt0b5j3juhuv99q3ckvx64nbNM200904120000000000000000000030', 'www.runwaysdk.com', 'xmcjymhfnt0b5j3juhuv99q3ckvx64nbNM200904120000000000000000000030');
INSERT INTO metadata_display_label ( default_locale, oid, site_master, key_name) VALUES (NULL, 's9p62dwdxl5bv42jfk82jwv6m9pvduu4NM200904120000000000000000000030', 'www.runwaysdk.com', 's9p62dwdxl5bv42jfk82jwv6m9pvduu4NM200904120000000000000000000030');
INSERT INTO md_parameter ( metadata, parameter_order, parameter_name, parameter_type, display_label, oid) VALUES ('xil9bszppbvvkwqgmvwchnd4fvlhmdelNM200810110000000000000000000113', -4, 'sortAttribute', 'java.lang.String', 'xmcjymhfnt0b5j3juhuv99q3ckvx64nbNM200904120000000000000000000030', 'qxpki1jx78ebpq6vogd9cxoctnwarta620070427JS0000000000000000001517');
INSERT INTO metadata ( description, created_by, owner, oid, create_date, seq, type, remove, site_master, locked_by, entity_domain, last_updated_by, last_update_date, key_name) VALUES ('s9p62dwdxl5bv42jfk82jwv6m9pvduu4NM200904120000000000000000000030', '0000000000000000000000000000001000000000000000000000000000000003', '0000000000000000000000000000001000000000000000000000000000000003', 'qxpki1jx78ebpq6vogd9cxoctnwarta620070427JS0000000000000000001517', '2014-02-10 12:13:54', 4400, 'com.runwaysdk.system.metadata.MdParameter', 1, 'www.runwaysdk.com', NULL, NULL, '0000000000000000000000000000001000000000000000000000000000000003', '2014-02-10 12:13:54', 'com.runwaysdk.system.scheduler.QualifiedTypeJobController.viewPage.sortAttribute');
INSERT INTO metadata_parameter ( site_master, last_updated_by, create_date, seq, locked_by, entity_domain, created_by, type, last_update_date, key_name, owner, oid, parent_id, child_id) VALUES ('www.runwaysdk.com', '0000000000000000000000000000001000000000000000000000000000000003', '2014-02-10 12:13:54', 4401, NULL, NULL, '0000000000000000000000000000001000000000000000000000000000000003', 'com.runwaysdk.system.MetadataParameter', '2014-02-10 12:13:54', 'com.runwaysdk.system.scheduler.QualifiedTypeJobController.viewPage.sortAttribute', '0000000000000000000000000000001000000000000000000000000000000003', '1zja70c1kosy57y8m30zhij4x37g8l9420070427JS0000000000000000001524', 'xil9bszppbvvkwqgmvwchnd4fvlhmdelNM200810110000000000000000000113', 'qxpki1jx78ebpq6vogd9cxoctnwarta620070427JS0000000000000000001517');
INSERT INTO metadata_display_label ( default_locale, oid, site_master, key_name) VALUES ('Is Ascending', 'yxaao1vmoptyr3x9mrjn3mfi1j2ag3r1NM200904120000000000000000000030', 'www.runwaysdk.com', 'yxaao1vmoptyr3x9mrjn3mfi1j2ag3r1NM200904120000000000000000000030');
INSERT INTO metadata_display_label ( default_locale, oid, site_master, key_name) VALUES (NULL, 'xjt68qdc17oaflf27pzm72a1tvcb87lwNM200904120000000000000000000030', 'www.runwaysdk.com', 'xjt68qdc17oaflf27pzm72a1tvcb87lwNM200904120000000000000000000030');
INSERT INTO md_parameter ( metadata, parameter_order, parameter_name, parameter_type, display_label, oid) VALUES ('xil9bszppbvvkwqgmvwchnd4fvlhmdelNM200810110000000000000000000113', -3, 'isAscending', 'java.lang.Boolean', 'yxaao1vmoptyr3x9mrjn3mfi1j2ag3r1NM200904120000000000000000000030', '26ckiufcb47ao4ecvobxryo2vch9e02020070427JS0000000000000000001517');
INSERT INTO metadata ( description, created_by, owner, oid, create_date, seq, type, remove, site_master, locked_by, entity_domain, last_updated_by, last_update_date, key_name) VALUES ('xjt68qdc17oaflf27pzm72a1tvcb87lwNM200904120000000000000000000030', '0000000000000000000000000000001000000000000000000000000000000003', '0000000000000000000000000000001000000000000000000000000000000003', '26ckiufcb47ao4ecvobxryo2vch9e02020070427JS0000000000000000001517', '2014-02-10 12:13:54', 4402, 'com.runwaysdk.system.metadata.MdParameter', 1, 'www.runwaysdk.com', NULL, NULL, '0000000000000000000000000000001000000000000000000000000000000003', '2014-02-10 12:13:54', 'com.runwaysdk.system.scheduler.QualifiedTypeJobController.viewPage.isAscending');
INSERT INTO metadata_parameter ( site_master, last_updated_by, create_date, seq, locked_by, entity_domain, created_by, type, last_update_date, key_name, owner, oid, parent_id, child_id) VALUES ('www.runwaysdk.com', '0000000000000000000000000000001000000000000000000000000000000003', '2014-02-10 12:13:54', 4403, NULL, NULL, '0000000000000000000000000000001000000000000000000000000000000003', 'com.runwaysdk.system.MetadataParameter', '2014-02-10 12:13:54', 'com.runwaysdk.system.scheduler.QualifiedTypeJobController.viewPage.isAscending', '0000000000000000000000000000001000000000000000000000000000000003', '260v52cmxcgxg35zpovrnzzh0x5p7hpz20070427JS0000000000000000001524', 'xil9bszppbvvkwqgmvwchnd4fvlhmdelNM200810110000000000000000000113', '26ckiufcb47ao4ecvobxryo2vch9e02020070427JS0000000000000000001517');
INSERT INTO metadata_display_label ( default_locale, oid, site_master, key_name) VALUES ('Page Size', '92dpq0wjhwt3kgobnc8uyh98boru282tNM200904120000000000000000000030', 'www.runwaysdk.com', '92dpq0wjhwt3kgobnc8uyh98boru282tNM200904120000000000000000000030');
INSERT INTO metadata_display_label ( default_locale, oid, site_master, key_name) VALUES (NULL, '0726zcw36ht5stlaknchi95kythz7gctNM200904120000000000000000000030', 'www.runwaysdk.com', '0726zcw36ht5stlaknchi95kythz7gctNM200904120000000000000000000030');
INSERT INTO md_parameter ( metadata, parameter_order, parameter_name, parameter_type, display_label, oid) VALUES ('xil9bszppbvvkwqgmvwchnd4fvlhmdelNM200810110000000000000000000113', -2, 'pageSize', 'java.lang.Integer', '92dpq0wjhwt3kgobnc8uyh98boru282tNM200904120000000000000000000030', '8i6a446kc1z3b2rwkd55ikrr31q10iqd20070427JS0000000000000000001517');
INSERT INTO metadata ( description, created_by, owner, oid, create_date, seq, type, remove, site_master, locked_by, entity_domain, last_updated_by, last_update_date, key_name) VALUES ('0726zcw36ht5stlaknchi95kythz7gctNM200904120000000000000000000030', '0000000000000000000000000000001000000000000000000000000000000003', '0000000000000000000000000000001000000000000000000000000000000003', '8i6a446kc1z3b2rwkd55ikrr31q10iqd20070427JS0000000000000000001517', '2014-02-10 12:13:54', 4404, 'com.runwaysdk.system.metadata.MdParameter', 1, 'www.runwaysdk.com', NULL, NULL, '0000000000000000000000000000001000000000000000000000000000000003', '2014-02-10 12:13:54', 'com.runwaysdk.system.scheduler.QualifiedTypeJobController.viewPage.pageSize');
INSERT INTO metadata_parameter ( site_master, last_updated_by, create_date, seq, locked_by, entity_domain, created_by, type, last_update_date, key_name, owner, oid, parent_id, child_id) VALUES ('www.runwaysdk.com', '0000000000000000000000000000001000000000000000000000000000000003', '2014-02-10 12:13:54', 4405, NULL, NULL, '0000000000000000000000000000001000000000000000000000000000000003', 'com.runwaysdk.system.MetadataParameter', '2014-02-10 12:13:54', 'com.runwaysdk.system.scheduler.QualifiedTypeJobController.viewPage.pageSize', '0000000000000000000000000000001000000000000000000000000000000003', '25x75v6jdweuzdetx88hlcqu1nsjuht420070427JS0000000000000000001524', 'xil9bszppbvvkwqgmvwchnd4fvlhmdelNM200810110000000000000000000113', '8i6a446kc1z3b2rwkd55ikrr31q10iqd20070427JS0000000000000000001517');
INSERT INTO metadata_display_label ( default_locale, oid, site_master, key_name) VALUES ('Page Number', '766h2cs0krjye7lmu7mesqtja3vukdajNM200904120000000000000000000030', 'www.runwaysdk.com', '766h2cs0krjye7lmu7mesqtja3vukdajNM200904120000000000000000000030');
INSERT INTO metadata_display_label ( default_locale, oid, site_master, key_name) VALUES (NULL, '8uwlun9p69757n49aaynrtktgqqiktlaNM200904120000000000000000000030', 'www.runwaysdk.com', '8uwlun9p69757n49aaynrtktgqqiktlaNM200904120000000000000000000030');
INSERT INTO md_parameter ( metadata, parameter_order, parameter_name, parameter_type, display_label, oid) VALUES ('xil9bszppbvvkwqgmvwchnd4fvlhmdelNM200810110000000000000000000113', -1, 'pageNumber', 'java.lang.Integer', '766h2cs0krjye7lmu7mesqtja3vukdajNM200904120000000000000000000030', '742pxt04w3k7e7ozmv72svnd1j23sm4p20070427JS0000000000000000001517');
INSERT INTO metadata ( description, created_by, owner, oid, create_date, seq, type, remove, site_master, locked_by, entity_domain, last_updated_by, last_update_date, key_name) VALUES ('8uwlun9p69757n49aaynrtktgqqiktlaNM200904120000000000000000000030', '0000000000000000000000000000001000000000000000000000000000000003', '0000000000000000000000000000001000000000000000000000000000000003', '742pxt04w3k7e7ozmv72svnd1j23sm4p20070427JS0000000000000000001517', '2014-02-10 12:13:54', 4406, 'com.runwaysdk.system.metadata.MdParameter', 1, 'www.runwaysdk.com', NULL, NULL, '0000000000000000000000000000001000000000000000000000000000000003', '2014-02-10 12:13:54', 'com.runwaysdk.system.scheduler.QualifiedTypeJobController.viewPage.pageNumber');
INSERT INTO metadata_parameter ( site_master, last_updated_by, create_date, seq, locked_by, entity_domain, created_by, type, last_update_date, key_name, owner, oid, parent_id, child_id) VALUES ('www.runwaysdk.com', '0000000000000000000000000000001000000000000000000000000000000003', '2014-02-10 12:13:54', 4407, NULL, NULL, '0000000000000000000000000000001000000000000000000000000000000003', 'com.runwaysdk.system.MetadataParameter', '2014-02-10 12:13:54', 'com.runwaysdk.system.scheduler.QualifiedTypeJobController.viewPage.pageNumber', '0000000000000000000000000000001000000000000000000000000000000003', '6yt1hphs6fv9e8ppmdtxug0ooddnuiox20070427JS0000000000000000001524', 'xil9bszppbvvkwqgmvwchnd4fvlhmdelNM200810110000000000000000000113', '742pxt04w3k7e7ozmv72svnd1j23sm4p20070427JS0000000000000000001517');
INSERT INTO metadata_display_label ( default_locale, oid, site_master, key_name) VALUES ('View All', '8zjku3czcuefdzkum3fnsjfyg5osczk9NM200904120000000000000000000030', 'www.runwaysdk.com', '8zjku3czcuefdzkum3fnsjfyg5osczk9NM200904120000000000000000000030');
INSERT INTO metadata_display_label ( default_locale, oid, site_master, key_name) VALUES ('Loads a ViewAll query with the default settings', 'sqx659uilcfevntbzaut83e3aungiqm7NM200904120000000000000000000030', 'www.runwaysdk.com', 'sqx659uilcfevntbzaut83e3aungiqm7NM200904120000000000000000000030');
INSERT INTO md_action ( is_query, enclosing_md_controller, is_post, action_name, display_label, oid) VALUES (0, '2bxydw0neffoda5qsaeb2s5h7hhghyg3NM200810110000000000000000000112', 0, 'viewAll', '8zjku3czcuefdzkum3fnsjfyg5osczk9NM200904120000000000000000000030', '6ztcmmtm2vbgoxx9x7zmst92zhc2qa49NM200810110000000000000000000113');
INSERT INTO metadata ( description, created_by, owner, oid, create_date, seq, type, remove, site_master, locked_by, entity_domain, last_updated_by, last_update_date, key_name) VALUES ('sqx659uilcfevntbzaut83e3aungiqm7NM200904120000000000000000000030', '0000000000000000000000000000001000000000000000000000000000000003', '0000000000000000000000000000001000000000000000000000000000000003', '6ztcmmtm2vbgoxx9x7zmst92zhc2qa49NM200810110000000000000000000113', '2014-02-10 12:13:54', 4408, 'com.runwaysdk.system.metadata.MdAction', 1, 'www.runwaysdk.com', NULL, NULL, '0000000000000000000000000000001000000000000000000000000000000003', '2014-02-10 12:13:54', 'com.runwaysdk.system.scheduler.QualifiedTypeJobController.viewAll');
INSERT INTO controller_action ( key_name, locked_by, oid, owner, entity_domain, created_by, type, last_update_date, create_date, seq, last_updated_by, site_master, parent_id, child_id) VALUES ('com.runwaysdk.system.scheduler.QualifiedTypeJobController.viewAll', NULL, 's9toxl6ig7oal2u4jsos61jfm8quefagJS200807230000000000000000111111', '0000000000000000000000000000001000000000000000000000000000000003', NULL, '0000000000000000000000000000001000000000000000000000000000000003', 'com.runwaysdk.system.ControllerAction', '2014-02-10 12:13:54', '2014-02-10 12:13:54', 4409, '0000000000000000000000000000001000000000000000000000000000000003', 'www.runwaysdk.com', '2bxydw0neffoda5qsaeb2s5h7hhghyg3NM200810110000000000000000000112', '6ztcmmtm2vbgoxx9x7zmst92zhc2qa49NM200810110000000000000000000113');
INSERT INTO metadata_display_label ( default_locale, oid, site_master, key_name) VALUES ('View', '1us9l4lg8qvyi1dg7jmxx275rwvueljoNM200904120000000000000000000030', 'www.runwaysdk.com', '1us9l4lg8qvyi1dg7jmxx275rwvueljoNM200904120000000000000000000030');
INSERT INTO metadata_display_label ( default_locale, oid, site_master, key_name) VALUES ('View an existing instance of com.runwaysdk.system.scheduler.QualifiedTypeJob', 't0modzvy5fotnuxtnl3hxpxxvhz59a73NM200904120000000000000000000030', 'www.runwaysdk.com', 't0modzvy5fotnuxtnl3hxpxxvhz59a73NM200904120000000000000000000030');
INSERT INTO md_action ( is_query, enclosing_md_controller, is_post, action_name, display_label, oid) VALUES (0, '2bxydw0neffoda5qsaeb2s5h7hhghyg3NM200810110000000000000000000112', 0, 'view', '1us9l4lg8qvyi1dg7jmxx275rwvueljoNM200904120000000000000000000030', 'xnnrcji863wx1i1qnuryeenwcqejqjlrNM200810110000000000000000000113');
INSERT INTO metadata ( description, created_by, owner, oid, create_date, seq, type, remove, site_master, locked_by, entity_domain, last_updated_by, last_update_date, key_name) VALUES ('t0modzvy5fotnuxtnl3hxpxxvhz59a73NM200904120000000000000000000030', '0000000000000000000000000000001000000000000000000000000000000003', '0000000000000000000000000000001000000000000000000000000000000003', 'xnnrcji863wx1i1qnuryeenwcqejqjlrNM200810110000000000000000000113', '2014-02-10 12:13:54', 4410, 'com.runwaysdk.system.metadata.MdAction', 1, 'www.runwaysdk.com', NULL, NULL, '0000000000000000000000000000001000000000000000000000000000000003', '2014-02-10 12:13:54', 'com.runwaysdk.system.scheduler.QualifiedTypeJobController.view');
INSERT INTO controller_action ( key_name, locked_by, oid, owner, entity_domain, created_by, type, last_update_date, create_date, seq, last_updated_by, site_master, parent_id, child_id) VALUES ('com.runwaysdk.system.scheduler.QualifiedTypeJobController.view', NULL, 'r34vtxe5e00d37chz33nh7ahnm2fd44uJS200807230000000000000000111111', '0000000000000000000000000000001000000000000000000000000000000003', NULL, '0000000000000000000000000000001000000000000000000000000000000003', 'com.runwaysdk.system.ControllerAction', '2014-02-10 12:13:54', '2014-02-10 12:13:54', 4411, '0000000000000000000000000000001000000000000000000000000000000003', 'www.runwaysdk.com', '2bxydw0neffoda5qsaeb2s5h7hhghyg3NM200810110000000000000000000112', 'xnnrcji863wx1i1qnuryeenwcqejqjlrNM200810110000000000000000000113');
INSERT INTO metadata_display_label ( default_locale, oid, site_master, key_name) VALUES ('Parameter: com.runwaysdk.system.scheduler.QualifiedTypeJob - oid', '29pmq206p5j710m4oihj98ufwxoosztnNM200904120000000000000000000030', 'www.runwaysdk.com', '29pmq206p5j710m4oihj98ufwxoosztnNM200904120000000000000000000030');
INSERT INTO metadata_display_label ( default_locale, oid, site_master, key_name) VALUES ('Id of com.runwaysdk.system.scheduler.QualifiedTypeJob to view.', '6r9r9rbzbjbxbkiixn9xkujzzhenpppmNM200904120000000000000000000030', 'www.runwaysdk.com', '6r9r9rbzbjbxbkiixn9xkujzzhenpppmNM200904120000000000000000000030');
INSERT INTO md_parameter ( metadata, parameter_order, parameter_name, parameter_type, display_label, oid) VALUES ('xnnrcji863wx1i1qnuryeenwcqejqjlrNM200810110000000000000000000113', 0, 'oid', 'java.lang.String', '29pmq206p5j710m4oihj98ufwxoosztnNM200904120000000000000000000030', 'qleu3xld795kqillduft1yfjbva3m4ud20070427JS0000000000000000001517');
INSERT INTO metadata ( description, created_by, owner, oid, create_date, seq, type, remove, site_master, locked_by, entity_domain, last_updated_by, last_update_date, key_name) VALUES ('6r9r9rbzbjbxbkiixn9xkujzzhenpppmNM200904120000000000000000000030', '0000000000000000000000000000001000000000000000000000000000000003', '0000000000000000000000000000001000000000000000000000000000000003', 'qleu3xld795kqillduft1yfjbva3m4ud20070427JS0000000000000000001517', '2014-02-10 12:13:54', 4412, 'com.runwaysdk.system.metadata.MdParameter', 1, 'www.runwaysdk.com', NULL, NULL, '0000000000000000000000000000001000000000000000000000000000000003', '2014-02-10 12:13:54', 'com.runwaysdk.system.scheduler.QualifiedTypeJobController.view.oid');
INSERT INTO metadata_parameter ( site_master, last_updated_by, create_date, seq, locked_by, entity_domain, created_by, type, last_update_date, key_name, owner, oid, parent_id, child_id) VALUES ('www.runwaysdk.com', '0000000000000000000000000000001000000000000000000000000000000003', '2014-02-10 12:13:54', 4413, NULL, NULL, '0000000000000000000000000000001000000000000000000000000000000003', 'com.runwaysdk.system.MetadataParameter', '2014-02-10 12:13:54', 'com.runwaysdk.system.scheduler.QualifiedTypeJobController.view.oid', '0000000000000000000000000000001000000000000000000000000000000003', '7fr6tuca4f5boenewxds1gxlbml38lvr20070427JS0000000000000000001524', 'xnnrcji863wx1i1qnuryeenwcqejqjlrNM200810110000000000000000000113', 'qleu3xld795kqillduft1yfjbva3m4ud20070427JS0000000000000000001517');
INSERT INTO metadata_display_label ( default_locale, oid, site_master, key_name) VALUES ('New Instance', 'z8xpw26y56ls6y0kjow9x87g4ildiuidNM200904120000000000000000000030', 'www.runwaysdk.com', 'z8xpw26y56ls6y0kjow9x87g4ildiuidNM200904120000000000000000000030');
INSERT INTO metadata_display_label ( default_locale, oid, site_master, key_name) VALUES ('Loads a new instance of com.runwaysdk.system.scheduler.QualifiedTypeJob into the request object', 'xxr9oim16axnpr09xljnig3th4rnxg97NM200904120000000000000000000030', 'www.runwaysdk.com', 'xxr9oim16axnpr09xljnig3th4rnxg97NM200904120000000000000000000030');
INSERT INTO md_action ( is_query, enclosing_md_controller, is_post, action_name, display_label, oid) VALUES (0, '2bxydw0neffoda5qsaeb2s5h7hhghyg3NM200810110000000000000000000112', 0, 'newInstance', 'z8xpw26y56ls6y0kjow9x87g4ildiuidNM200904120000000000000000000030', '78qtdsxme6cio425tf5iixe1pyi9n2huNM200810110000000000000000000113');
INSERT INTO metadata ( description, created_by, owner, oid, create_date, seq, type, remove, site_master, locked_by, entity_domain, last_updated_by, last_update_date, key_name) VALUES ('xxr9oim16axnpr09xljnig3th4rnxg97NM200904120000000000000000000030', '0000000000000000000000000000001000000000000000000000000000000003', '0000000000000000000000000000001000000000000000000000000000000003', '78qtdsxme6cio425tf5iixe1pyi9n2huNM200810110000000000000000000113', '2014-02-10 12:13:54', 4414, 'com.runwaysdk.system.metadata.MdAction', 1, 'www.runwaysdk.com', NULL, NULL, '0000000000000000000000000000001000000000000000000000000000000003', '2014-02-10 12:13:54', 'com.runwaysdk.system.scheduler.QualifiedTypeJobController.newInstance');
INSERT INTO controller_action ( key_name, locked_by, oid, owner, entity_domain, created_by, type, last_update_date, create_date, seq, last_updated_by, site_master, parent_id, child_id) VALUES ('com.runwaysdk.system.scheduler.QualifiedTypeJobController.newInstance', NULL, '02c8tgu4bwdi39gr45vgh52cp4p40sewJS200807230000000000000000111111', '0000000000000000000000000000001000000000000000000000000000000003', NULL, '0000000000000000000000000000001000000000000000000000000000000003', 'com.runwaysdk.system.ControllerAction', '2014-02-10 12:13:54', '2014-02-10 12:13:54', 4415, '0000000000000000000000000000001000000000000000000000000000000003', 'www.runwaysdk.com', '2bxydw0neffoda5qsaeb2s5h7hhghyg3NM200810110000000000000000000112', '78qtdsxme6cio425tf5iixe1pyi9n2huNM200810110000000000000000000113');
INSERT INTO metadata_display_label ( default_locale, oid, site_master, key_name) VALUES ('Create', 'xyhbisjvf9sq9wcqay3xzndt2f33adepNM200904120000000000000000000030', 'www.runwaysdk.com', 'xyhbisjvf9sq9wcqay3xzndt2f33adepNM200904120000000000000000000030');
INSERT INTO metadata_display_label ( default_locale, oid, site_master, key_name) VALUES ('Applys a new instance of com.runwaysdk.system.scheduler.QualifiedTypeJob', 'ra2pqkymtzos56424mt0laybnm6pnwz7NM200904120000000000000000000030', 'www.runwaysdk.com', 'ra2pqkymtzos56424mt0laybnm6pnwz7NM200904120000000000000000000030');
INSERT INTO md_action ( is_query, enclosing_md_controller, is_post, action_name, display_label, oid) VALUES (0, '2bxydw0neffoda5qsaeb2s5h7hhghyg3NM200810110000000000000000000112', 1, 'create', 'xyhbisjvf9sq9wcqay3xzndt2f33adepNM200904120000000000000000000030', 'x8f7nvx8cwbld2l03a8q03ndctzwzqcnNM200810110000000000000000000113');
INSERT INTO metadata ( description, created_by, owner, oid, create_date, seq, type, remove, site_master, locked_by, entity_domain, last_updated_by, last_update_date, key_name) VALUES ('ra2pqkymtzos56424mt0laybnm6pnwz7NM200904120000000000000000000030', '0000000000000000000000000000001000000000000000000000000000000003', '0000000000000000000000000000001000000000000000000000000000000003', 'x8f7nvx8cwbld2l03a8q03ndctzwzqcnNM200810110000000000000000000113', '2014-02-10 12:13:54', 4416, 'com.runwaysdk.system.metadata.MdAction', 1, 'www.runwaysdk.com', NULL, NULL, '0000000000000000000000000000001000000000000000000000000000000003', '2014-02-10 12:13:54', 'com.runwaysdk.system.scheduler.QualifiedTypeJobController.create');
INSERT INTO controller_action ( key_name, locked_by, oid, owner, entity_domain, created_by, type, last_update_date, create_date, seq, last_updated_by, site_master, parent_id, child_id) VALUES ('com.runwaysdk.system.scheduler.QualifiedTypeJobController.create', NULL, '26wp3arqu7s3cknl4epwn8ue19sa7wh5JS200807230000000000000000111111', '0000000000000000000000000000001000000000000000000000000000000003', NULL, '0000000000000000000000000000001000000000000000000000000000000003', 'com.runwaysdk.system.ControllerAction', '2014-02-10 12:13:54', '2014-02-10 12:13:54', 4417, '0000000000000000000000000000001000000000000000000000000000000003', 'www.runwaysdk.com', '2bxydw0neffoda5qsaeb2s5h7hhghyg3NM200810110000000000000000000112', 'x8f7nvx8cwbld2l03a8q03ndctzwzqcnNM200810110000000000000000000113');
INSERT INTO metadata_display_label ( default_locale, oid, site_master, key_name) VALUES ('Parameter: com.runwaysdk.system.scheduler.QualifiedTypeJob', '087fh6zwknflx3rnz9exklnb4i0549dgNM200904120000000000000000000030', 'www.runwaysdk.com', '087fh6zwknflx3rnz9exklnb4i0549dgNM200904120000000000000000000030');
INSERT INTO metadata_display_label ( default_locale, oid, site_master, key_name) VALUES ('com.runwaysdk.system.scheduler.QualifiedTypeJob to apply to the database', '09bb2nphlcy4aal5zu2t5qaz65iosfypNM200904120000000000000000000030', 'www.runwaysdk.com', '09bb2nphlcy4aal5zu2t5qaz65iosfypNM200904120000000000000000000030');
INSERT INTO md_parameter ( metadata, parameter_order, parameter_name, parameter_type, display_label, oid) VALUES ('x8f7nvx8cwbld2l03a8q03ndctzwzqcnNM200810110000000000000000000113', 0, 'dto', 'com.runwaysdk.system.scheduler.QualifiedTypeJob', '087fh6zwknflx3rnz9exklnb4i0549dgNM200904120000000000000000000030', '25x30hf1jswhl6eokntful1mh81lug9c20070427JS0000000000000000001517');
INSERT INTO metadata ( description, created_by, owner, oid, create_date, seq, type, remove, site_master, locked_by, entity_domain, last_updated_by, last_update_date, key_name) VALUES ('09bb2nphlcy4aal5zu2t5qaz65iosfypNM200904120000000000000000000030', '0000000000000000000000000000001000000000000000000000000000000003', '0000000000000000000000000000001000000000000000000000000000000003', '25x30hf1jswhl6eokntful1mh81lug9c20070427JS0000000000000000001517', '2014-02-10 12:13:54', 4418, 'com.runwaysdk.system.metadata.MdParameter', 1, 'www.runwaysdk.com', NULL, NULL, '0000000000000000000000000000001000000000000000000000000000000003', '2014-02-10 12:13:54', 'com.runwaysdk.system.scheduler.QualifiedTypeJobController.create.dto');
INSERT INTO metadata_parameter ( site_master, last_updated_by, create_date, seq, locked_by, entity_domain, created_by, type, last_update_date, key_name, owner, oid, parent_id, child_id) VALUES ('www.runwaysdk.com', '0000000000000000000000000000001000000000000000000000000000000003', '2014-02-10 12:13:54', 4419, NULL, NULL, '0000000000000000000000000000001000000000000000000000000000000003', 'com.runwaysdk.system.MetadataParameter', '2014-02-10 12:13:54', 'com.runwaysdk.system.scheduler.QualifiedTypeJobController.create.dto', '0000000000000000000000000000001000000000000000000000000000000003', 'xh688owt3ab8p4gnl55044xb99knqvhs20070427JS0000000000000000001524', 'x8f7nvx8cwbld2l03a8q03ndctzwzqcnNM200810110000000000000000000113', '25x30hf1jswhl6eokntful1mh81lug9c20070427JS0000000000000000001517');
INSERT INTO metadata_display_label ( default_locale, oid, site_master, key_name) VALUES ('edit', 'sm6g690p435qprtnxgaqrtu1brt63ddlNM200904120000000000000000000030', 'www.runwaysdk.com', 'sm6g690p435qprtnxgaqrtu1brt63ddlNM200904120000000000000000000030');
INSERT INTO metadata_display_label ( default_locale, oid, site_master, key_name) VALUES ('Applys an existing instance of com.runwaysdk.system.scheduler.QualifiedTypeJob', 'zna4zehfeolvo42mfa377pul6sh96q7eNM200904120000000000000000000030', 'www.runwaysdk.com', 'zna4zehfeolvo42mfa377pul6sh96q7eNM200904120000000000000000000030');
INSERT INTO md_action ( is_query, enclosing_md_controller, is_post, action_name, display_label, oid) VALUES (0, '2bxydw0neffoda5qsaeb2s5h7hhghyg3NM200810110000000000000000000112', 0, 'edit', 'sm6g690p435qprtnxgaqrtu1brt63ddlNM200904120000000000000000000030', 'xph4jmt0a0bo1epit3bbjqluzwi3pzx7NM200810110000000000000000000113');
INSERT INTO metadata ( description, created_by, owner, oid, create_date, seq, type, remove, site_master, locked_by, entity_domain, last_updated_by, last_update_date, key_name) VALUES ('zna4zehfeolvo42mfa377pul6sh96q7eNM200904120000000000000000000030', '0000000000000000000000000000001000000000000000000000000000000003', '0000000000000000000000000000001000000000000000000000000000000003', 'xph4jmt0a0bo1epit3bbjqluzwi3pzx7NM200810110000000000000000000113', '2014-02-10 12:13:54', 4420, 'com.runwaysdk.system.metadata.MdAction', 1, 'www.runwaysdk.com', NULL, NULL, '0000000000000000000000000000001000000000000000000000000000000003', '2014-02-10 12:13:54', 'com.runwaysdk.system.scheduler.QualifiedTypeJobController.edit');
INSERT INTO controller_action ( key_name, locked_by, oid, owner, entity_domain, created_by, type, last_update_date, create_date, seq, last_updated_by, site_master, parent_id, child_id) VALUES ('com.runwaysdk.system.scheduler.QualifiedTypeJobController.edit', NULL, 'zkouxci5e3s5zn6jn79f4ejbgmeccog2JS200807230000000000000000111111', '0000000000000000000000000000001000000000000000000000000000000003', NULL, '0000000000000000000000000000001000000000000000000000000000000003', 'com.runwaysdk.system.ControllerAction', '2014-02-10 12:13:54', '2014-02-10 12:13:54', 4421, '0000000000000000000000000000001000000000000000000000000000000003', 'www.runwaysdk.com', '2bxydw0neffoda5qsaeb2s5h7hhghyg3NM200810110000000000000000000112', 'xph4jmt0a0bo1epit3bbjqluzwi3pzx7NM200810110000000000000000000113');
INSERT INTO metadata_display_label ( default_locale, oid, site_master, key_name) VALUES ('Parameter: com.runwaysdk.system.scheduler.QualifiedTypeJob', '0r8kbit308h1a0m4nsvi64uca80nydamNM200904120000000000000000000030', 'www.runwaysdk.com', '0r8kbit308h1a0m4nsvi64uca80nydamNM200904120000000000000000000030');
INSERT INTO metadata_display_label ( default_locale, oid, site_master, key_name) VALUES ('com.runwaysdk.system.scheduler.QualifiedTypeJob to apply to the database', '2337caabt6me49ooej5g3478oxf4b6s4NM200904120000000000000000000030', 'www.runwaysdk.com', '2337caabt6me49ooej5g3478oxf4b6s4NM200904120000000000000000000030');
INSERT INTO md_parameter ( metadata, parameter_order, parameter_name, parameter_type, display_label, oid) VALUES ('xph4jmt0a0bo1epit3bbjqluzwi3pzx7NM200810110000000000000000000113', 0, 'oid', 'java.lang.String', '0r8kbit308h1a0m4nsvi64uca80nydamNM200904120000000000000000000030', 'rd00yeomzarwype7q0glc3vplmuj1ib720070427JS0000000000000000001517');
INSERT INTO metadata ( description, created_by, owner, oid, create_date, seq, type, remove, site_master, locked_by, entity_domain, last_updated_by, last_update_date, key_name) VALUES ('2337caabt6me49ooej5g3478oxf4b6s4NM200904120000000000000000000030', '0000000000000000000000000000001000000000000000000000000000000003', '0000000000000000000000000000001000000000000000000000000000000003', 'rd00yeomzarwype7q0glc3vplmuj1ib720070427JS0000000000000000001517', '2014-02-10 12:13:54', 4422, 'com.runwaysdk.system.metadata.MdParameter', 1, 'www.runwaysdk.com', NULL, NULL, '0000000000000000000000000000001000000000000000000000000000000003', '2014-02-10 12:13:54', 'com.runwaysdk.system.scheduler.QualifiedTypeJobController.edit.oid');
INSERT INTO metadata_parameter ( site_master, last_updated_by, create_date, seq, locked_by, entity_domain, created_by, type, last_update_date, key_name, owner, oid, parent_id, child_id) VALUES ('www.runwaysdk.com', '0000000000000000000000000000001000000000000000000000000000000003', '2014-02-10 12:13:54', 4423, NULL, NULL, '0000000000000000000000000000001000000000000000000000000000000003', 'com.runwaysdk.system.MetadataParameter', '2014-02-10 12:13:54', 'com.runwaysdk.system.scheduler.QualifiedTypeJobController.edit.oid', '0000000000000000000000000000001000000000000000000000000000000003', '20me1kip64t4uj7489x97s0zoxu508bg20070427JS0000000000000000001524', 'xph4jmt0a0bo1epit3bbjqluzwi3pzx7NM200810110000000000000000000113', 'rd00yeomzarwype7q0glc3vplmuj1ib720070427JS0000000000000000001517');
INSERT INTO metadata_display_label ( default_locale, oid, site_master, key_name) VALUES ('update', 'sigmr0iq859roba9o9crs1vfrkc3aq7lNM200904120000000000000000000030', 'www.runwaysdk.com', 'sigmr0iq859roba9o9crs1vfrkc3aq7lNM200904120000000000000000000030');
INSERT INTO metadata_display_label ( default_locale, oid, site_master, key_name) VALUES ('Applys an existing instance of com.runwaysdk.system.scheduler.QualifiedTypeJob', 'zmdbbw7zxgwi1rd48qb90zz7ylb82c2kNM200904120000000000000000000030', 'www.runwaysdk.com', 'zmdbbw7zxgwi1rd48qb90zz7ylb82c2kNM200904120000000000000000000030');
INSERT INTO md_action ( is_query, enclosing_md_controller, is_post, action_name, display_label, oid) VALUES (0, '2bxydw0neffoda5qsaeb2s5h7hhghyg3NM200810110000000000000000000112', 1, 'update', 'sigmr0iq859roba9o9crs1vfrkc3aq7lNM200904120000000000000000000030', 'z1r1fdrua5k2svysunwdac9gecbp06y8NM200810110000000000000000000113');
INSERT INTO metadata ( description, created_by, owner, oid, create_date, seq, type, remove, site_master, locked_by, entity_domain, last_updated_by, last_update_date, key_name) VALUES ('zmdbbw7zxgwi1rd48qb90zz7ylb82c2kNM200904120000000000000000000030', '0000000000000000000000000000001000000000000000000000000000000003', '0000000000000000000000000000001000000000000000000000000000000003', 'z1r1fdrua5k2svysunwdac9gecbp06y8NM200810110000000000000000000113', '2014-02-10 12:13:54', 4424, 'com.runwaysdk.system.metadata.MdAction', 1, 'www.runwaysdk.com', NULL, NULL, '0000000000000000000000000000001000000000000000000000000000000003', '2014-02-10 12:13:54', 'com.runwaysdk.system.scheduler.QualifiedTypeJobController.update');
INSERT INTO controller_action ( key_name, locked_by, oid, owner, entity_domain, created_by, type, last_update_date, create_date, seq, last_updated_by, site_master, parent_id, child_id) VALUES ('com.runwaysdk.system.scheduler.QualifiedTypeJobController.update', NULL, 'sti0po39ghzwkk2kkb2w499e5kuty4o3JS200807230000000000000000111111', '0000000000000000000000000000001000000000000000000000000000000003', NULL, '0000000000000000000000000000001000000000000000000000000000000003', 'com.runwaysdk.system.ControllerAction', '2014-02-10 12:13:54', '2014-02-10 12:13:54', 4425, '0000000000000000000000000000001000000000000000000000000000000003', 'www.runwaysdk.com', '2bxydw0neffoda5qsaeb2s5h7hhghyg3NM200810110000000000000000000112', 'z1r1fdrua5k2svysunwdac9gecbp06y8NM200810110000000000000000000113');
INSERT INTO metadata_display_label ( default_locale, oid, site_master, key_name) VALUES ('Parameter: com.runwaysdk.system.scheduler.QualifiedTypeJob - dto', 'y1wcjf0gtvktqkqbtsfj8jxen56u6u5bNM200904120000000000000000000030', 'www.runwaysdk.com', 'y1wcjf0gtvktqkqbtsfj8jxen56u6u5bNM200904120000000000000000000030');
INSERT INTO metadata_display_label ( default_locale, oid, site_master, key_name) VALUES ('com.runwaysdk.system.scheduler.QualifiedTypeJob to apply to the database', 'ra6wkd3pygfa857xepikqeiyjae1zxa5NM200904120000000000000000000030', 'www.runwaysdk.com', 'ra6wkd3pygfa857xepikqeiyjae1zxa5NM200904120000000000000000000030');
INSERT INTO md_parameter ( metadata, parameter_order, parameter_name, parameter_type, display_label, oid) VALUES ('z1r1fdrua5k2svysunwdac9gecbp06y8NM200810110000000000000000000113', 0, 'dto', 'com.runwaysdk.system.scheduler.QualifiedTypeJob', 'y1wcjf0gtvktqkqbtsfj8jxen56u6u5bNM200904120000000000000000000030', '0sfhey5bmbd6nbzoc75nemho7jyihtz920070427JS0000000000000000001517');
INSERT INTO metadata ( description, created_by, owner, oid, create_date, seq, type, remove, site_master, locked_by, entity_domain, last_updated_by, last_update_date, key_name) VALUES ('ra6wkd3pygfa857xepikqeiyjae1zxa5NM200904120000000000000000000030', '0000000000000000000000000000001000000000000000000000000000000003', '0000000000000000000000000000001000000000000000000000000000000003', '0sfhey5bmbd6nbzoc75nemho7jyihtz920070427JS0000000000000000001517', '2014-02-10 12:13:54', 4426, 'com.runwaysdk.system.metadata.MdParameter', 1, 'www.runwaysdk.com', NULL, NULL, '0000000000000000000000000000001000000000000000000000000000000003', '2014-02-10 12:13:54', 'com.runwaysdk.system.scheduler.QualifiedTypeJobController.update.dto');
INSERT INTO metadata_parameter ( site_master, last_updated_by, create_date, seq, locked_by, entity_domain, created_by, type, last_update_date, key_name, owner, oid, parent_id, child_id) VALUES ('www.runwaysdk.com', '0000000000000000000000000000001000000000000000000000000000000003', '2014-02-10 12:13:54', 4427, NULL, NULL, '0000000000000000000000000000001000000000000000000000000000000003', 'com.runwaysdk.system.MetadataParameter', '2014-02-10 12:13:54', 'com.runwaysdk.system.scheduler.QualifiedTypeJobController.update.dto', '0000000000000000000000000000001000000000000000000000000000000003', '2cs19poxe3tay3unbc6xb7w4tv3pq0pr20070427JS0000000000000000001524', 'z1r1fdrua5k2svysunwdac9gecbp06y8NM200810110000000000000000000113', '0sfhey5bmbd6nbzoc75nemho7jyihtz920070427JS0000000000000000001517');
INSERT INTO metadata_display_label ( default_locale, oid, site_master, key_name) VALUES ('cancel', 'zjg089oxecy21172v9xl05xbbzfqjl4hNM200904120000000000000000000030', 'www.runwaysdk.com', 'zjg089oxecy21172v9xl05xbbzfqjl4hNM200904120000000000000000000030');
INSERT INTO metadata_display_label ( default_locale, oid, site_master, key_name) VALUES ('Unlocks an instance com.runwaysdk.system.scheduler.QualifiedTypeJob', 'sjot0rlf2ug36t7240cyj3r8ubpa3hz6NM200904120000000000000000000030', 'www.runwaysdk.com', 'sjot0rlf2ug36t7240cyj3r8ubpa3hz6NM200904120000000000000000000030');
INSERT INTO md_action ( is_query, enclosing_md_controller, is_post, action_name, display_label, oid) VALUES (0, '2bxydw0neffoda5qsaeb2s5h7hhghyg3NM200810110000000000000000000112', 1, 'cancel', 'zjg089oxecy21172v9xl05xbbzfqjl4hNM200904120000000000000000000030', '1u4q6s3n1z5hk8kbn4g7m7q99b9x5okeNM200810110000000000000000000113');
INSERT INTO metadata ( description, created_by, owner, oid, create_date, seq, type, remove, site_master, locked_by, entity_domain, last_updated_by, last_update_date, key_name) VALUES ('sjot0rlf2ug36t7240cyj3r8ubpa3hz6NM200904120000000000000000000030', '0000000000000000000000000000001000000000000000000000000000000003', '0000000000000000000000000000001000000000000000000000000000000003', '1u4q6s3n1z5hk8kbn4g7m7q99b9x5okeNM200810110000000000000000000113', '2014-02-10 12:13:54', 4428, 'com.runwaysdk.system.metadata.MdAction', 1, 'www.runwaysdk.com', NULL, NULL, '0000000000000000000000000000001000000000000000000000000000000003', '2014-02-10 12:13:54', 'com.runwaysdk.system.scheduler.QualifiedTypeJobController.cancel');
INSERT INTO controller_action ( key_name, locked_by, oid, owner, entity_domain, created_by, type, last_update_date, create_date, seq, last_updated_by, site_master, parent_id, child_id) VALUES ('com.runwaysdk.system.scheduler.QualifiedTypeJobController.cancel', NULL, '8vcb0s99szbkg2cz7ic0smnr1txqapbcJS200807230000000000000000111111', '0000000000000000000000000000001000000000000000000000000000000003', NULL, '0000000000000000000000000000001000000000000000000000000000000003', 'com.runwaysdk.system.ControllerAction', '2014-02-10 12:13:54', '2014-02-10 12:13:54', 4429, '0000000000000000000000000000001000000000000000000000000000000003', 'www.runwaysdk.com', '2bxydw0neffoda5qsaeb2s5h7hhghyg3NM200810110000000000000000000112', '1u4q6s3n1z5hk8kbn4g7m7q99b9x5okeNM200810110000000000000000000113');
INSERT INTO metadata_display_label ( default_locale, oid, site_master, key_name) VALUES ('Parameter: com.runwaysdk.system.scheduler.QualifiedTypeJob - dto', '0hfob11gqrd0n07mkk36nr14apksakiiNM200904120000000000000000000030', 'www.runwaysdk.com', '0hfob11gqrd0n07mkk36nr14apksakiiNM200904120000000000000000000030');
INSERT INTO metadata_display_label ( default_locale, oid, site_master, key_name) VALUES ('com.runwaysdk.system.scheduler.QualifiedTypeJob to unlock', 'zedc8bgrlylgglh1nk3vhn4iq7uby65oNM200904120000000000000000000030', 'www.runwaysdk.com', 'zedc8bgrlylgglh1nk3vhn4iq7uby65oNM200904120000000000000000000030');
INSERT INTO md_parameter ( metadata, parameter_order, parameter_name, parameter_type, display_label, oid) VALUES ('1u4q6s3n1z5hk8kbn4g7m7q99b9x5okeNM200810110000000000000000000113', 0, 'dto', 'com.runwaysdk.system.scheduler.QualifiedTypeJob', '0hfob11gqrd0n07mkk36nr14apksakiiNM200904120000000000000000000030', 'xfszgqux4qpfiz4lk9dooqbsdyy31e4f20070427JS0000000000000000001517');
INSERT INTO metadata ( description, created_by, owner, oid, create_date, seq, type, remove, site_master, locked_by, entity_domain, last_updated_by, last_update_date, key_name) VALUES ('zedc8bgrlylgglh1nk3vhn4iq7uby65oNM200904120000000000000000000030', '0000000000000000000000000000001000000000000000000000000000000003', '0000000000000000000000000000001000000000000000000000000000000003', 'xfszgqux4qpfiz4lk9dooqbsdyy31e4f20070427JS0000000000000000001517', '2014-02-10 12:13:54', 4430, 'com.runwaysdk.system.metadata.MdParameter', 1, 'www.runwaysdk.com', NULL, NULL, '0000000000000000000000000000001000000000000000000000000000000003', '2014-02-10 12:13:54', 'com.runwaysdk.system.scheduler.QualifiedTypeJobController.cancel.dto');
INSERT INTO metadata_parameter ( site_master, last_updated_by, create_date, seq, locked_by, entity_domain, created_by, type, last_update_date, key_name, owner, oid, parent_id, child_id) VALUES ('www.runwaysdk.com', '0000000000000000000000000000001000000000000000000000000000000003', '2014-02-10 12:13:54', 4431, NULL, NULL, '0000000000000000000000000000001000000000000000000000000000000003', 'com.runwaysdk.system.MetadataParameter', '2014-02-10 12:13:54', 'com.runwaysdk.system.scheduler.QualifiedTypeJobController.cancel.dto', '0000000000000000000000000000001000000000000000000000000000000003', '256aguiybqrmch3rq66y1esljypgdnnn20070427JS0000000000000000001524', '1u4q6s3n1z5hk8kbn4g7m7q99b9x5okeNM200810110000000000000000000113', 'xfszgqux4qpfiz4lk9dooqbsdyy31e4f20070427JS0000000000000000001517');
INSERT INTO metadata_display_label ( default_locale, oid, site_master, key_name) VALUES ('delete', '2hn7ub0izfnivs0s94wft931upvgejmwNM200904120000000000000000000030', 'www.runwaysdk.com', '2hn7ub0izfnivs0s94wft931upvgejmwNM200904120000000000000000000030');
INSERT INTO metadata_display_label ( default_locale, oid, site_master, key_name) VALUES ('Delete an instance of com.runwaysdk.system.scheduler.QualifiedTypeJob', '72dk59wnzca946nwt99dsz94ltpb6mgiNM200904120000000000000000000030', 'www.runwaysdk.com', '72dk59wnzca946nwt99dsz94ltpb6mgiNM200904120000000000000000000030');
INSERT INTO md_action ( is_query, enclosing_md_controller, is_post, action_name, display_label, oid) VALUES (0, '2bxydw0neffoda5qsaeb2s5h7hhghyg3NM200810110000000000000000000112', 1, 'delete', '2hn7ub0izfnivs0s94wft931upvgejmwNM200904120000000000000000000030', 'xr2hmbrvtbexn7w6x4o4el482g593kz1NM200810110000000000000000000113');
INSERT INTO metadata ( description, created_by, owner, oid, create_date, seq, type, remove, site_master, locked_by, entity_domain, last_updated_by, last_update_date, key_name) VALUES ('72dk59wnzca946nwt99dsz94ltpb6mgiNM200904120000000000000000000030', '0000000000000000000000000000001000000000000000000000000000000003', '0000000000000000000000000000001000000000000000000000000000000003', 'xr2hmbrvtbexn7w6x4o4el482g593kz1NM200810110000000000000000000113', '2014-02-10 12:13:54', 4432, 'com.runwaysdk.system.metadata.MdAction', 1, 'www.runwaysdk.com', NULL, NULL, '0000000000000000000000000000001000000000000000000000000000000003', '2014-02-10 12:13:54', 'com.runwaysdk.system.scheduler.QualifiedTypeJobController.delete');
INSERT INTO controller_action ( key_name, locked_by, oid, owner, entity_domain, created_by, type, last_update_date, create_date, seq, last_updated_by, site_master, parent_id, child_id) VALUES ('com.runwaysdk.system.scheduler.QualifiedTypeJobController.delete', NULL, 'ze9qycss1n4vkzug0fdbrcq1xt8e2c81JS200807230000000000000000111111', '0000000000000000000000000000001000000000000000000000000000000003', NULL, '0000000000000000000000000000001000000000000000000000000000000003', 'com.runwaysdk.system.ControllerAction', '2014-02-10 12:13:54', '2014-02-10 12:13:54', 4433, '0000000000000000000000000000001000000000000000000000000000000003', 'www.runwaysdk.com', '2bxydw0neffoda5qsaeb2s5h7hhghyg3NM200810110000000000000000000112', 'xr2hmbrvtbexn7w6x4o4el482g593kz1NM200810110000000000000000000113');
INSERT INTO metadata_display_label ( default_locale, oid, site_master, key_name) VALUES ('Parameter: com.runwaysdk.system.scheduler.QualifiedTypeJob - dto', '1ugy3w1gwrcto20tspykgsq6z07yidgaNM200904120000000000000000000030', 'www.runwaysdk.com', '1ugy3w1gwrcto20tspykgsq6z07yidgaNM200904120000000000000000000030');
INSERT INTO metadata_display_label ( default_locale, oid, site_master, key_name) VALUES ('com.runwaysdk.system.scheduler.QualifiedTypeJob to delete', 'xcfd43v36yag7y4b9see49wfo80lkraaNM200904120000000000000000000030', 'www.runwaysdk.com', 'xcfd43v36yag7y4b9see49wfo80lkraaNM200904120000000000000000000030');
INSERT INTO md_parameter ( metadata, parameter_order, parameter_name, parameter_type, display_label, oid) VALUES ('xr2hmbrvtbexn7w6x4o4el482g593kz1NM200810110000000000000000000113', 0, 'dto', 'com.runwaysdk.system.scheduler.QualifiedTypeJob', '1ugy3w1gwrcto20tspykgsq6z07yidgaNM200904120000000000000000000030', '0prqy138azb17hnjwqjcxwkp3nh61vmk20070427JS0000000000000000001517');
INSERT INTO metadata ( description, created_by, owner, oid, create_date, seq, type, remove, site_master, locked_by, entity_domain, last_updated_by, last_update_date, key_name) VALUES ('xcfd43v36yag7y4b9see49wfo80lkraaNM200904120000000000000000000030', '0000000000000000000000000000001000000000000000000000000000000003', '0000000000000000000000000000001000000000000000000000000000000003', '0prqy138azb17hnjwqjcxwkp3nh61vmk20070427JS0000000000000000001517', '2014-02-10 12:13:54', 4434, 'com.runwaysdk.system.metadata.MdParameter', 1, 'www.runwaysdk.com', NULL, NULL, '0000000000000000000000000000001000000000000000000000000000000003', '2014-02-10 12:13:54', 'com.runwaysdk.system.scheduler.QualifiedTypeJobController.delete.dto');
INSERT INTO metadata_parameter ( site_master, last_updated_by, create_date, seq, locked_by, entity_domain, created_by, type, last_update_date, key_name, owner, oid, parent_id, child_id) VALUES ('www.runwaysdk.com', '0000000000000000000000000000001000000000000000000000000000000003', '2014-02-10 12:13:54', 4435, NULL, NULL, '0000000000000000000000000000001000000000000000000000000000000003', 'com.runwaysdk.system.MetadataParameter', '2014-02-10 12:13:54', 'com.runwaysdk.system.scheduler.QualifiedTypeJobController.delete.dto', '0000000000000000000000000000001000000000000000000000000000000003', '6ybd66h2nvjhnh5xg4nu1hrulfng2n0j20070427JS0000000000000000001524', 'xr2hmbrvtbexn7w6x4o4el482g593kz1NM200810110000000000000000000113', '0prqy138azb17hnjwqjcxwkp3nh61vmk20070427JS0000000000000000001517');
INSERT INTO business_inheritance ( oid, parent_id, child_id) VALUES ('ravevndegmlb0e8u96j72jyv22oo1juo20070926NM0000000000000000000004', '8ndv254jvk1mw1rql6a4pqz9qbqvdzl400000000000000000000000000000001', 'xwa6z189dcyrqfsje4e0x0a4r2tixpug00000000000000000000000000000001');
INSERT INTO class_inheritance ( oid, parent_id, child_id) VALUES ('ravevndegmlb0e8u96j72jyv22oo1juo20070926NM0000000000000000000004', '8ndv254jvk1mw1rql6a4pqz9qbqvdzl400000000000000000000000000000001', 'xwa6z189dcyrqfsje4e0x0a4r2tixpug00000000000000000000000000000001');
INSERT INTO metadata_relationship ( entity_domain, site_master, last_updated_by, oid, owner, locked_by, create_date, type, created_by, seq, key_name, last_update_date, parent_id, child_id) VALUES (NULL, 'www.runwaysdk.com', '0000000000000000000000000000001000000000000000000000000000000003', 'ravevndegmlb0e8u96j72jyv22oo1juo20070926NM0000000000000000000004', '0000000000000000000000000000001000000000000000000000000000000003', NULL, '2014-02-10 12:13:54', 'com.runwaysdk.system.metadata.BusinessInheritance', '0000000000000000000000000000001000000000000000000000000000000003', 4436, 'ravevndegmlb0e8u96j72jyv22oo1juo20070926NM0000000000000000000004', '2014-02-10 12:13:54', '8ndv254jvk1mw1rql6a4pqz9qbqvdzl400000000000000000000000000000001', 'xwa6z189dcyrqfsje4e0x0a4r2tixpug00000000000000000000000000000001');
 INSERT INTO visibilitymodifier (set_id, item_id)  VALUES  ('09ug90ifgzqrfqxkm4ixpwmy5j7p2xg6', '20071109NM000000000000000000000520071109NM0000000000000000000001');
INSERT INTO metadata_display_label ( default_locale, oid, site_master, key_name) VALUES ('Class Name', '7850yafb8zsl1z8yqjl6cywho2lry5xiNM200904120000000000000000000030', 'www.runwaysdk.com', '7850yafb8zsl1z8yqjl6cywho2lry5xiNM200904120000000000000000000030');
 INSERT INTO visibilitymodifier (set_id, item_id)  VALUES  ('zbwk1jckzsbsc11f1i0ezsttmlo5a0wt', '20071109NM000000000000000000000520071109NM0000000000000000000001');
 INSERT INTO md_attribute_indicies (set_id, item_id)  VALUES  ('zh71jzdfmq5y692lbpjyxd585mf22o7f', '0000000000000000000000000000040100000000000000000000000000000403');
INSERT INTO metadata_display_label ( default_locale, oid, site_master, key_name) VALUES ('Class Name', '04hpfk8pgwqjf29l81lsciu26wxd83c4NM200904120000000000000000000030', 'www.runwaysdk.com', '04hpfk8pgwqjf29l81lsciu26wxd83c4NM200904120000000000000000000030');
INSERT INTO md_attribute_character ( default_value, database_size, oid) VALUES (NULL, 100, 'qq9qt2byu899zm4whroh8fpl5axsmk3100000000000000000000000000000138');
INSERT INTO md_attribute_char ( oid) VALUES ('qq9qt2byu899zm4whroh8fpl5axsmk3100000000000000000000000000000138');
INSERT INTO md_attribute_primitive ( oid) VALUES ('qq9qt2byu899zm4whroh8fpl5axsmk3100000000000000000000000000000138');
INSERT INTO md_attribute_concrete ( column_name, defining_md_class, setter_visibility, setter_visibility_c, immutable, index_name, generate_accessor, system, required, display_label, getter_visibility, getter_visibility_c, index_type, index_type_c, attribute_name, oid) VALUES ('class_name', 'xwa6z189dcyrqfsje4e0x0a4r2tixpug00000000000000000000000000000001', '09ug90ifgzqrfqxkm4ixpwmy5j7p2xg6', '20071109NM000000000000000000000520071109NM0000000000000000000001', 0, 'aqseihux8qztvxq9phyvzwyy7blvgt', 1, 0, 1, '7850yafb8zsl1z8yqjl6cywho2lry5xiNM200904120000000000000000000030', 'zbwk1jckzsbsc11f1i0ezsttmlo5a0wt', '20071109NM000000000000000000000520071109NM0000000000000000000001', 'zh71jzdfmq5y692lbpjyxd585mf22o7f', '0000000000000000000000000000040100000000000000000000000000000403', 'className', 'qq9qt2byu899zm4whroh8fpl5axsmk3100000000000000000000000000000138');
INSERT INTO md_attribute ( oid) VALUES ('qq9qt2byu899zm4whroh8fpl5axsmk3100000000000000000000000000000138');
INSERT INTO metadata ( description, created_by, owner, oid, create_date, seq, type, remove, site_master, locked_by, entity_domain, last_updated_by, last_update_date, key_name) VALUES ('04hpfk8pgwqjf29l81lsciu26wxd83c4NM200904120000000000000000000030', '0000000000000000000000000000001000000000000000000000000000000003', '0000000000000000000000000000001000000000000000000000000000000003', 'qq9qt2byu899zm4whroh8fpl5axsmk3100000000000000000000000000000138', '2014-02-10 12:13:54', 4437, 'com.runwaysdk.system.metadata.MdAttributeCharacter', 1, 'www.runwaysdk.com', NULL, NULL, '0000000000000000000000000000001000000000000000000000000000000003', '2014-02-10 12:13:54', 'com.runwaysdk.system.scheduler.QualifiedTypeJob.className');
ALTER TABLE qualified_type_job ADD COLUMN class_name  varchar(100);
INSERT INTO class_attribute_concrete ( oid, parent_id, child_id) VALUES ('z9qwqmj4rm43zbeqdid5q7xesoc0oe9l00000000000000000000000000000073', 'xwa6z189dcyrqfsje4e0x0a4r2tixpug00000000000000000000000000000001', 'qq9qt2byu899zm4whroh8fpl5axsmk3100000000000000000000000000000138');
INSERT INTO class_attribute ( oid, parent_id, child_id) VALUES ('z9qwqmj4rm43zbeqdid5q7xesoc0oe9l00000000000000000000000000000073', 'xwa6z189dcyrqfsje4e0x0a4r2tixpug00000000000000000000000000000001', 'qq9qt2byu899zm4whroh8fpl5axsmk3100000000000000000000000000000138');
INSERT INTO metadata_relationship ( entity_domain, site_master, last_updated_by, oid, owner, locked_by, create_date, type, created_by, seq, key_name, last_update_date, parent_id, child_id) VALUES (NULL, 'www.runwaysdk.com', '0000000000000000000000000000001000000000000000000000000000000003', 'z9qwqmj4rm43zbeqdid5q7xesoc0oe9l00000000000000000000000000000073', '0000000000000000000000000000001000000000000000000000000000000003', NULL, '2014-02-10 12:13:54', 'com.runwaysdk.system.metadata.ClassAttributeConcrete', '0000000000000000000000000000001000000000000000000000000000000003', 4438, 'com.runwaysdk.system.scheduler.QualifiedTypeJob.className', '2014-02-10 12:13:54', 'xwa6z189dcyrqfsje4e0x0a4r2tixpug00000000000000000000000000000001', 'qq9qt2byu899zm4whroh8fpl5axsmk3100000000000000000000000000000138');
INSERT INTO metadata_display_label ( default_locale, oid, site_master, key_name) VALUES ('false', '8cuqq96pyyxdh2remd73y73f6hqa3c0mNM200904120000000000000000000030', 'www.runwaysdk.com', '8cuqq96pyyxdh2remd73y73f6hqa3c0mNM200904120000000000000000000030');
INSERT INTO metadata_display_label ( default_locale, oid, site_master, key_name) VALUES ('true', 'xcqe3eafsdh1hlbzwt0r4km20xljggkrNM200904120000000000000000000030', 'www.runwaysdk.com', 'xcqe3eafsdh1hlbzwt0r4km20xljggkrNM200904120000000000000000000030');
 INSERT INTO visibilitymodifier (set_id, item_id)  VALUES  ('8r1a4h4qych3ugvdnx0jyic6nqb1minn', '20071109NM000000000000000000000520071109NM0000000000000000000001');
INSERT INTO metadata_display_label ( default_locale, oid, site_master, key_name) VALUES ('Record History', 'szppt9keg0huphoch6k1hzori8xwrhk9NM200904120000000000000000000030', 'www.runwaysdk.com', 'szppt9keg0huphoch6k1hzori8xwrhk9NM200904120000000000000000000030');
 INSERT INTO visibilitymodifier (set_id, item_id)  VALUES  ('70epnj7mh739ji9vfipr0ragn3ddka0l', '20071109NM000000000000000000000520071109NM0000000000000000000001');
 INSERT INTO md_attribute_indicies (set_id, item_id)  VALUES  ('xyzgcq4h19qoosid3mt37p6uzi6ul4b7', '0000000000000000000000000000040100000000000000000000000000000403');
INSERT INTO metadata_display_label ( default_locale, oid, site_master, key_name) VALUES ('Record History', '6v7yj4q4ito16ad1omi78ij9l9kdpfhuNM200904120000000000000000000030', 'www.runwaysdk.com', '6v7yj4q4ito16ad1omi78ij9l9kdpfhuNM200904120000000000000000000030');
INSERT INTO md_attribute_boolean ( negative_display_label, default_value, positive_display_label, oid) VALUES ('8cuqq96pyyxdh2remd73y73f6hqa3c0mNM200904120000000000000000000030', 1, 'xcqe3eafsdh1hlbzwt0r4km20xljggkrNM200904120000000000000000000030', '0b43p1o8g666i5ilzz28j9c6heyb9epi00000000000000000000000000000194');
INSERT INTO md_attribute_primitive ( oid) VALUES ('0b43p1o8g666i5ilzz28j9c6heyb9epi00000000000000000000000000000194');
INSERT INTO md_attribute_concrete ( column_name, defining_md_class, setter_visibility, setter_visibility_c, immutable, index_name, generate_accessor, system, required, display_label, getter_visibility, getter_visibility_c, index_type, index_type_c, attribute_name, oid) VALUES ('record_history', '8ndv254jvk1mw1rql6a4pqz9qbqvdzl400000000000000000000000000000001', '8r1a4h4qych3ugvdnx0jyic6nqb1minn', '20071109NM000000000000000000000520071109NM0000000000000000000001', 0, 'a2mjj0ifvuzqakz03q7ddbntadsykv', 1, 0, 1, 'szppt9keg0huphoch6k1hzori8xwrhk9NM200904120000000000000000000030', '70epnj7mh739ji9vfipr0ragn3ddka0l', '20071109NM000000000000000000000520071109NM0000000000000000000001', 'xyzgcq4h19qoosid3mt37p6uzi6ul4b7', '0000000000000000000000000000040100000000000000000000000000000403', 'recordHistory', '0b43p1o8g666i5ilzz28j9c6heyb9epi00000000000000000000000000000194');
INSERT INTO md_attribute ( oid) VALUES ('0b43p1o8g666i5ilzz28j9c6heyb9epi00000000000000000000000000000194');
INSERT INTO metadata ( description, created_by, owner, oid, create_date, seq, type, remove, site_master, locked_by, entity_domain, last_updated_by, last_update_date, key_name) VALUES ('6v7yj4q4ito16ad1omi78ij9l9kdpfhuNM200904120000000000000000000030', '0000000000000000000000000000001000000000000000000000000000000003', '0000000000000000000000000000001000000000000000000000000000000003', '0b43p1o8g666i5ilzz28j9c6heyb9epi00000000000000000000000000000194', '2014-02-10 12:13:54', 4439, 'com.runwaysdk.system.metadata.MdAttributeBoolean', 1, 'www.runwaysdk.com', NULL, NULL, '0000000000000000000000000000001000000000000000000000000000000003', '2014-02-10 12:13:54', 'com.runwaysdk.system.scheduler.ExecutableJob.recordHistory');
ALTER TABLE executable_job ADD COLUMN record_history  int;
INSERT INTO class_attribute_concrete ( oid, parent_id, child_id) VALUES ('r5yxbtgan6zt132tpz57wb9vwswssx9i00000000000000000000000000000073', '8ndv254jvk1mw1rql6a4pqz9qbqvdzl400000000000000000000000000000001', '0b43p1o8g666i5ilzz28j9c6heyb9epi00000000000000000000000000000194');
INSERT INTO class_attribute ( oid, parent_id, child_id) VALUES ('r5yxbtgan6zt132tpz57wb9vwswssx9i00000000000000000000000000000073', '8ndv254jvk1mw1rql6a4pqz9qbqvdzl400000000000000000000000000000001', '0b43p1o8g666i5ilzz28j9c6heyb9epi00000000000000000000000000000194');
INSERT INTO metadata_relationship ( entity_domain, site_master, last_updated_by, oid, owner, locked_by, create_date, type, created_by, seq, key_name, last_update_date, parent_id, child_id) VALUES (NULL, 'www.runwaysdk.com', '0000000000000000000000000000001000000000000000000000000000000003', 'r5yxbtgan6zt132tpz57wb9vwswssx9i00000000000000000000000000000073', '0000000000000000000000000000001000000000000000000000000000000003', NULL, '2014-02-10 12:13:54', 'com.runwaysdk.system.metadata.ClassAttributeConcrete', '0000000000000000000000000000001000000000000000000000000000000003', 4440, 'com.runwaysdk.system.scheduler.ExecutableJob.recordHistory', '2014-02-10 12:13:54', '8ndv254jvk1mw1rql6a4pqz9qbqvdzl400000000000000000000000000000001', '0b43p1o8g666i5ilzz28j9c6heyb9epi00000000000000000000000000000194');
 INSERT INTO class_cache (set_id, item_id)  VALUES  ('zobmkpr13wuor53bkh037dogr9u9lcv1', '0000000000000000000000000000023100000000000000000000000000000222');
INSERT INTO metadata_display_label ( default_locale, oid, site_master, key_name) VALUES ('JobSnapshot', 'sjykwzaapuc2vtnvm39lp04lahd3q5tdNM200904120000000000000000000030', 'www.runwaysdk.com', 'sjykwzaapuc2vtnvm39lp04lahd3q5tdNM200904120000000000000000000030');
INSERT INTO metadata_display_label ( default_locale, oid, site_master, key_name) VALUES ('JobSnapshot', '72j1voqethufh26dos6qt2y4iusrchvcNM200904120000000000000000000030', 'www.runwaysdk.com', '72j1voqethufh26dos6qt2y4iusrchvcNM200904120000000000000000000030');
INSERT INTO md_business ( cache_algorithm, cache_algorithm_c, super_md_business, oid) VALUES ('zobmkpr13wuor53bkh037dogr9u9lcv1', '0000000000000000000000000000023100000000000000000000000000000222', '0fnj9qgoapxjygna1zbnrdk7vm5ciijy00000000000000000000000000000001', '2hhpg3x31r0t11svybr296b66ilnuk6r00000000000000000000000000000001');
INSERT INTO md_element ( extendable, is_abstract, oid) VALUES (1, 0, '2hhpg3x31r0t11svybr296b66ilnuk6r00000000000000000000000000000001');
INSERT INTO md_entity ( query_dto_source, query_source, cache_size, enforce_site_master, has_deterministic_ids, table_name, oid) VALUES (NULL, NULL, 0, 1, 0, 'job_snapshot', '2hhpg3x31r0t11svybr296b66ilnuk6r00000000000000000000000000000001');
INSERT INTO md_class ( publish, stub_dto_source, stub_source, oid) VALUES (1, NULL, NULL, '2hhpg3x31r0t11svybr296b66ilnuk6r00000000000000000000000000000001');
INSERT INTO md_type ( display_label, root_id, package_name, type_name, base_source, js_base, js_stub, exported, dto_source, oid) VALUES ('sjykwzaapuc2vtnvm39lp04lahd3q5tdNM200904120000000000000000000030', '2hhpg3x31r0t11svybr296b66ilnuk6r', 'com.runwaysdk.system.scheduler', 'JobSnapshot', NULL, NULL, NULL, 1, NULL, '2hhpg3x31r0t11svybr296b66ilnuk6r00000000000000000000000000000001');
INSERT INTO metadata ( description, created_by, owner, oid, create_date, seq, type, remove, site_master, locked_by, entity_domain, last_updated_by, last_update_date, key_name) VALUES ('72j1voqethufh26dos6qt2y4iusrchvcNM200904120000000000000000000030', '0000000000000000000000000000001000000000000000000000000000000003', '0000000000000000000000000000001000000000000000000000000000000003', '2hhpg3x31r0t11svybr296b66ilnuk6r00000000000000000000000000000001', '2014-02-10 12:13:54', 4441, 'com.runwaysdk.system.metadata.MdBusiness', 1, 'www.runwaysdk.com', NULL, NULL, '0000000000000000000000000000001000000000000000000000000000000003', '2014-02-10 12:13:54', 'com.runwaysdk.system.scheduler.JobSnapshot');
CREATE TABLE job_snapshot ( oid CHAR(64) NOT NULL PRIMARY KEY );
INSERT INTO metadata_display_label ( default_locale, oid, site_master, key_name) VALUES (NULL, 't1vp05jll0awjocvclxwg4rt2l4qiz5vNM200904120000000000000000000030', 'www.runwaysdk.com', 't1vp05jll0awjocvclxwg4rt2l4qiz5vNM200904120000000000000000000030');
INSERT INTO metadata_display_label ( default_locale, oid, site_master, key_name) VALUES (NULL, 'rdrwdd87ogbd3z58fly85agi79eo6ee8NM200904120000000000000000000030', 'www.runwaysdk.com', 'rdrwdd87ogbd3z58fly85agi79eo6ee8NM200904120000000000000000000030');
INSERT INTO md_controller ( stub_source, oid) VALUES (NULL, '0f16jouev3pvt8nmcv3tak3nb2hql0qrNM200810110000000000000000000112');
INSERT INTO md_type ( display_label, root_id, package_name, type_name, base_source, js_base, js_stub, exported, dto_source, oid) VALUES ('t1vp05jll0awjocvclxwg4rt2l4qiz5vNM200904120000000000000000000030', '0f16jouev3pvt8nmcv3tak3nb2hql0qr', 'com.runwaysdk.system.scheduler', 'JobSnapshotController', NULL, NULL, NULL, 1, NULL, '0f16jouev3pvt8nmcv3tak3nb2hql0qrNM200810110000000000000000000112');
INSERT INTO metadata ( description, created_by, owner, oid, create_date, seq, type, remove, site_master, locked_by, entity_domain, last_updated_by, last_update_date, key_name) VALUES ('rdrwdd87ogbd3z58fly85agi79eo6ee8NM200904120000000000000000000030', '0000000000000000000000000000001000000000000000000000000000000003', '0000000000000000000000000000001000000000000000000000000000000003', '0f16jouev3pvt8nmcv3tak3nb2hql0qrNM200810110000000000000000000112', '2014-02-10 12:13:54', 4442, 'com.runwaysdk.system.metadata.MdController', 1, 'www.runwaysdk.com', NULL, NULL, '0000000000000000000000000000001000000000000000000000000000000003', '2014-02-10 12:13:54', 'com.runwaysdk.system.scheduler.JobSnapshotController');
INSERT INTO metadata_display_label ( default_locale, oid, site_master, key_name) VALUES ('View Page', 'z0fb5go7teofqzaefka13mulhuec2i5qNM200904120000000000000000000030', 'www.runwaysdk.com', 'z0fb5go7teofqzaefka13mulhuec2i5qNM200904120000000000000000000030');
INSERT INTO metadata_display_label ( default_locale, oid, site_master, key_name) VALUES ('Loads a ViewAll query for a specific page into the request object', '1u1tdipurwe31bspphfj0tn45mfu4c7dNM200904120000000000000000000030', 'www.runwaysdk.com', '1u1tdipurwe31bspphfj0tn45mfu4c7dNM200904120000000000000000000030');
INSERT INTO md_action ( is_query, enclosing_md_controller, is_post, action_name, display_label, oid) VALUES (1, '0f16jouev3pvt8nmcv3tak3nb2hql0qrNM200810110000000000000000000112', 0, 'viewPage', 'z0fb5go7teofqzaefka13mulhuec2i5qNM200904120000000000000000000030', 'smfj7bbgb86n3w7h2zmw6etq3g0wp8ynNM200810110000000000000000000113');
INSERT INTO metadata ( description, created_by, owner, oid, create_date, seq, type, remove, site_master, locked_by, entity_domain, last_updated_by, last_update_date, key_name) VALUES ('1u1tdipurwe31bspphfj0tn45mfu4c7dNM200904120000000000000000000030', '0000000000000000000000000000001000000000000000000000000000000003', '0000000000000000000000000000001000000000000000000000000000000003', 'smfj7bbgb86n3w7h2zmw6etq3g0wp8ynNM200810110000000000000000000113', '2014-02-10 12:13:54', 4443, 'com.runwaysdk.system.metadata.MdAction', 1, 'www.runwaysdk.com', NULL, NULL, '0000000000000000000000000000001000000000000000000000000000000003', '2014-02-10 12:13:54', 'com.runwaysdk.system.scheduler.JobSnapshotController.viewPage');
INSERT INTO controller_action ( key_name, locked_by, oid, owner, entity_domain, created_by, type, last_update_date, create_date, seq, last_updated_by, site_master, parent_id, child_id) VALUES ('com.runwaysdk.system.scheduler.JobSnapshotController.viewPage', NULL, '70ob5w0bwotxzgc00gbhp2yr19xk0udsJS200807230000000000000000111111', '0000000000000000000000000000001000000000000000000000000000000003', NULL, '0000000000000000000000000000001000000000000000000000000000000003', 'com.runwaysdk.system.ControllerAction', '2014-02-10 12:13:54', '2014-02-10 12:13:54', 4444, '0000000000000000000000000000001000000000000000000000000000000003', 'www.runwaysdk.com', '0f16jouev3pvt8nmcv3tak3nb2hql0qrNM200810110000000000000000000112', 'smfj7bbgb86n3w7h2zmw6etq3g0wp8ynNM200810110000000000000000000113');
INSERT INTO metadata_display_label ( default_locale, oid, site_master, key_name) VALUES ('Sort Attribute', 'xgqzblohv8ea18ys8zvld6866urmpfuvNM200904120000000000000000000030', 'www.runwaysdk.com', 'xgqzblohv8ea18ys8zvld6866urmpfuvNM200904120000000000000000000030');
INSERT INTO metadata_display_label ( default_locale, oid, site_master, key_name) VALUES (NULL, 'xsrwfk4zsa120i7qfaybn71uwzp8krttNM200904120000000000000000000030', 'www.runwaysdk.com', 'xsrwfk4zsa120i7qfaybn71uwzp8krttNM200904120000000000000000000030');
INSERT INTO md_parameter ( metadata, parameter_order, parameter_name, parameter_type, display_label, oid) VALUES ('smfj7bbgb86n3w7h2zmw6etq3g0wp8ynNM200810110000000000000000000113', -4, 'sortAttribute', 'java.lang.String', 'xgqzblohv8ea18ys8zvld6866urmpfuvNM200904120000000000000000000030', '0f7qbst0dpg5i1rkghyxaw695xtaql0k20070427JS0000000000000000001517');
INSERT INTO metadata ( description, created_by, owner, oid, create_date, seq, type, remove, site_master, locked_by, entity_domain, last_updated_by, last_update_date, key_name) VALUES ('xsrwfk4zsa120i7qfaybn71uwzp8krttNM200904120000000000000000000030', '0000000000000000000000000000001000000000000000000000000000000003', '0000000000000000000000000000001000000000000000000000000000000003', '0f7qbst0dpg5i1rkghyxaw695xtaql0k20070427JS0000000000000000001517', '2014-02-10 12:13:54', 4445, 'com.runwaysdk.system.metadata.MdParameter', 1, 'www.runwaysdk.com', NULL, NULL, '0000000000000000000000000000001000000000000000000000000000000003', '2014-02-10 12:13:54', 'com.runwaysdk.system.scheduler.JobSnapshotController.viewPage.sortAttribute');
INSERT INTO metadata_parameter ( site_master, last_updated_by, create_date, seq, locked_by, entity_domain, created_by, type, last_update_date, key_name, owner, oid, parent_id, child_id) VALUES ('www.runwaysdk.com', '0000000000000000000000000000001000000000000000000000000000000003', '2014-02-10 12:13:54', 4446, NULL, NULL, '0000000000000000000000000000001000000000000000000000000000000003', 'com.runwaysdk.system.MetadataParameter', '2014-02-10 12:13:54', 'com.runwaysdk.system.scheduler.JobSnapshotController.viewPage.sortAttribute', '0000000000000000000000000000001000000000000000000000000000000003', '2a6q573dke9swiivbg2g6zbtz48ky4mm20070427JS0000000000000000001524', 'smfj7bbgb86n3w7h2zmw6etq3g0wp8ynNM200810110000000000000000000113', '0f7qbst0dpg5i1rkghyxaw695xtaql0k20070427JS0000000000000000001517');
INSERT INTO metadata_display_label ( default_locale, oid, site_master, key_name) VALUES ('Is Ascending', 'sde2tijcpge2gklmsxo9542zy3rpihybNM200904120000000000000000000030', 'www.runwaysdk.com', 'sde2tijcpge2gklmsxo9542zy3rpihybNM200904120000000000000000000030');
INSERT INTO metadata_display_label ( default_locale, oid, site_master, key_name) VALUES (NULL, 'znbu3sxhaagnhnxfwqiodpdzjnz274jqNM200904120000000000000000000030', 'www.runwaysdk.com', 'znbu3sxhaagnhnxfwqiodpdzjnz274jqNM200904120000000000000000000030');
INSERT INTO md_parameter ( metadata, parameter_order, parameter_name, parameter_type, display_label, oid) VALUES ('smfj7bbgb86n3w7h2zmw6etq3g0wp8ynNM200810110000000000000000000113', -3, 'isAscending', 'java.lang.Boolean', 'sde2tijcpge2gklmsxo9542zy3rpihybNM200904120000000000000000000030', 'sh86q1xsdvath7meen9sbwki0vev6xmo20070427JS0000000000000000001517');
INSERT INTO metadata ( description, created_by, owner, oid, create_date, seq, type, remove, site_master, locked_by, entity_domain, last_updated_by, last_update_date, key_name) VALUES ('znbu3sxhaagnhnxfwqiodpdzjnz274jqNM200904120000000000000000000030', '0000000000000000000000000000001000000000000000000000000000000003', '0000000000000000000000000000001000000000000000000000000000000003', 'sh86q1xsdvath7meen9sbwki0vev6xmo20070427JS0000000000000000001517', '2014-02-10 12:13:54', 4447, 'com.runwaysdk.system.metadata.MdParameter', 1, 'www.runwaysdk.com', NULL, NULL, '0000000000000000000000000000001000000000000000000000000000000003', '2014-02-10 12:13:54', 'com.runwaysdk.system.scheduler.JobSnapshotController.viewPage.isAscending');
INSERT INTO metadata_parameter ( site_master, last_updated_by, create_date, seq, locked_by, entity_domain, created_by, type, last_update_date, key_name, owner, oid, parent_id, child_id) VALUES ('www.runwaysdk.com', '0000000000000000000000000000001000000000000000000000000000000003', '2014-02-10 12:13:54', 4448, NULL, NULL, '0000000000000000000000000000001000000000000000000000000000000003', 'com.runwaysdk.system.MetadataParameter', '2014-02-10 12:13:54', 'com.runwaysdk.system.scheduler.JobSnapshotController.viewPage.isAscending', '0000000000000000000000000000001000000000000000000000000000000003', 'yx8ibuj6izu2t50kdoyopq2zw6h39gtq20070427JS0000000000000000001524', 'smfj7bbgb86n3w7h2zmw6etq3g0wp8ynNM200810110000000000000000000113', 'sh86q1xsdvath7meen9sbwki0vev6xmo20070427JS0000000000000000001517');
INSERT INTO metadata_display_label ( default_locale, oid, site_master, key_name) VALUES ('Page Size', 'qu5tgo64j5mr7xwbye1j8veuw0dnauruNM200904120000000000000000000030', 'www.runwaysdk.com', 'qu5tgo64j5mr7xwbye1j8veuw0dnauruNM200904120000000000000000000030');
INSERT INTO metadata_display_label ( default_locale, oid, site_master, key_name) VALUES (NULL, '2ful8lr0xw7w5ktekw1t5aujehm7ota5NM200904120000000000000000000030', 'www.runwaysdk.com', '2ful8lr0xw7w5ktekw1t5aujehm7ota5NM200904120000000000000000000030');
INSERT INTO md_parameter ( metadata, parameter_order, parameter_name, parameter_type, display_label, oid) VALUES ('smfj7bbgb86n3w7h2zmw6etq3g0wp8ynNM200810110000000000000000000113', -2, 'pageSize', 'java.lang.Integer', 'qu5tgo64j5mr7xwbye1j8veuw0dnauruNM200904120000000000000000000030', '0db3f1jrt13w0ay1w1j3g7r45eykmczx20070427JS0000000000000000001517');
INSERT INTO metadata ( description, created_by, owner, oid, create_date, seq, type, remove, site_master, locked_by, entity_domain, last_updated_by, last_update_date, key_name) VALUES ('2ful8lr0xw7w5ktekw1t5aujehm7ota5NM200904120000000000000000000030', '0000000000000000000000000000001000000000000000000000000000000003', '0000000000000000000000000000001000000000000000000000000000000003', '0db3f1jrt13w0ay1w1j3g7r45eykmczx20070427JS0000000000000000001517', '2014-02-10 12:13:54', 4449, 'com.runwaysdk.system.metadata.MdParameter', 1, 'www.runwaysdk.com', NULL, NULL, '0000000000000000000000000000001000000000000000000000000000000003', '2014-02-10 12:13:54', 'com.runwaysdk.system.scheduler.JobSnapshotController.viewPage.pageSize');
INSERT INTO metadata_parameter ( site_master, last_updated_by, create_date, seq, locked_by, entity_domain, created_by, type, last_update_date, key_name, owner, oid, parent_id, child_id) VALUES ('www.runwaysdk.com', '0000000000000000000000000000001000000000000000000000000000000003', '2014-02-10 12:13:54', 4450, NULL, NULL, '0000000000000000000000000000001000000000000000000000000000000003', 'com.runwaysdk.system.MetadataParameter', '2014-02-10 12:13:54', 'com.runwaysdk.system.scheduler.JobSnapshotController.viewPage.pageSize', '0000000000000000000000000000001000000000000000000000000000000003', 'zd8gcrtmpirhfwrlfq9d33pa6qgdq72i20070427JS0000000000000000001524', 'smfj7bbgb86n3w7h2zmw6etq3g0wp8ynNM200810110000000000000000000113', '0db3f1jrt13w0ay1w1j3g7r45eykmczx20070427JS0000000000000000001517');
INSERT INTO metadata_display_label ( default_locale, oid, site_master, key_name) VALUES ('Page Number', '8dnd6is3dpgy90imswl3in02gkmo5auuNM200904120000000000000000000030', 'www.runwaysdk.com', '8dnd6is3dpgy90imswl3in02gkmo5auuNM200904120000000000000000000030');
INSERT INTO metadata_display_label ( default_locale, oid, site_master, key_name) VALUES (NULL, '290dtizvimqgiwdjbb8b7jdb0nnw2ooqNM200904120000000000000000000030', 'www.runwaysdk.com', '290dtizvimqgiwdjbb8b7jdb0nnw2ooqNM200904120000000000000000000030');
INSERT INTO md_parameter ( metadata, parameter_order, parameter_name, parameter_type, display_label, oid) VALUES ('smfj7bbgb86n3w7h2zmw6etq3g0wp8ynNM200810110000000000000000000113', -1, 'pageNumber', 'java.lang.Integer', '8dnd6is3dpgy90imswl3in02gkmo5auuNM200904120000000000000000000030', 'sxba7887v4ok0qa4ym9md947sp8xqmzo20070427JS0000000000000000001517');
INSERT INTO metadata ( description, created_by, owner, oid, create_date, seq, type, remove, site_master, locked_by, entity_domain, last_updated_by, last_update_date, key_name) VALUES ('290dtizvimqgiwdjbb8b7jdb0nnw2ooqNM200904120000000000000000000030', '0000000000000000000000000000001000000000000000000000000000000003', '0000000000000000000000000000001000000000000000000000000000000003', 'sxba7887v4ok0qa4ym9md947sp8xqmzo20070427JS0000000000000000001517', '2014-02-10 12:13:54', 4451, 'com.runwaysdk.system.metadata.MdParameter', 1, 'www.runwaysdk.com', NULL, NULL, '0000000000000000000000000000001000000000000000000000000000000003', '2014-02-10 12:13:54', 'com.runwaysdk.system.scheduler.JobSnapshotController.viewPage.pageNumber');
INSERT INTO metadata_parameter ( site_master, last_updated_by, create_date, seq, locked_by, entity_domain, created_by, type, last_update_date, key_name, owner, oid, parent_id, child_id) VALUES ('www.runwaysdk.com', '0000000000000000000000000000001000000000000000000000000000000003', '2014-02-10 12:13:54', 4452, NULL, NULL, '0000000000000000000000000000001000000000000000000000000000000003', 'com.runwaysdk.system.MetadataParameter', '2014-02-10 12:13:54', 'com.runwaysdk.system.scheduler.JobSnapshotController.viewPage.pageNumber', '0000000000000000000000000000001000000000000000000000000000000003', 'xq61vejdrcnj4yultgbvx7kd49zx52hm20070427JS0000000000000000001524', 'smfj7bbgb86n3w7h2zmw6etq3g0wp8ynNM200810110000000000000000000113', 'sxba7887v4ok0qa4ym9md947sp8xqmzo20070427JS0000000000000000001517');
INSERT INTO metadata_display_label ( default_locale, oid, site_master, key_name) VALUES ('View All', 't0i9f4lpt9acnw25xvzxzjgwui5ms1clNM200904120000000000000000000030', 'www.runwaysdk.com', 't0i9f4lpt9acnw25xvzxzjgwui5ms1clNM200904120000000000000000000030');
INSERT INTO metadata_display_label ( default_locale, oid, site_master, key_name) VALUES ('Loads a ViewAll query with the default settings', 'sfam4e6r7mh5m1c2bj2ebt89179vby0yNM200904120000000000000000000030', 'www.runwaysdk.com', 'sfam4e6r7mh5m1c2bj2ebt89179vby0yNM200904120000000000000000000030');
INSERT INTO md_action ( is_query, enclosing_md_controller, is_post, action_name, display_label, oid) VALUES (0, '0f16jouev3pvt8nmcv3tak3nb2hql0qrNM200810110000000000000000000112', 0, 'viewAll', 't0i9f4lpt9acnw25xvzxzjgwui5ms1clNM200904120000000000000000000030', 'r418ab2dcpcpgws6adkqagzrxi10ogaiNM200810110000000000000000000113');
INSERT INTO metadata ( description, created_by, owner, oid, create_date, seq, type, remove, site_master, locked_by, entity_domain, last_updated_by, last_update_date, key_name) VALUES ('sfam4e6r7mh5m1c2bj2ebt89179vby0yNM200904120000000000000000000030', '0000000000000000000000000000001000000000000000000000000000000003', '0000000000000000000000000000001000000000000000000000000000000003', 'r418ab2dcpcpgws6adkqagzrxi10ogaiNM200810110000000000000000000113', '2014-02-10 12:13:54', 4453, 'com.runwaysdk.system.metadata.MdAction', 1, 'www.runwaysdk.com', NULL, NULL, '0000000000000000000000000000001000000000000000000000000000000003', '2014-02-10 12:13:54', 'com.runwaysdk.system.scheduler.JobSnapshotController.viewAll');
INSERT INTO controller_action ( key_name, locked_by, oid, owner, entity_domain, created_by, type, last_update_date, create_date, seq, last_updated_by, site_master, parent_id, child_id) VALUES ('com.runwaysdk.system.scheduler.JobSnapshotController.viewAll', NULL, '72syh61ghygw6g5ydmtzx4lxxfmk9riuJS200807230000000000000000111111', '0000000000000000000000000000001000000000000000000000000000000003', NULL, '0000000000000000000000000000001000000000000000000000000000000003', 'com.runwaysdk.system.ControllerAction', '2014-02-10 12:13:54', '2014-02-10 12:13:54', 4454, '0000000000000000000000000000001000000000000000000000000000000003', 'www.runwaysdk.com', '0f16jouev3pvt8nmcv3tak3nb2hql0qrNM200810110000000000000000000112', 'r418ab2dcpcpgws6adkqagzrxi10ogaiNM200810110000000000000000000113');
INSERT INTO metadata_display_label ( default_locale, oid, site_master, key_name) VALUES ('View', '6wrbe18wbwf6m6uwu77rriv8hj9ksfdlNM200904120000000000000000000030', 'www.runwaysdk.com', '6wrbe18wbwf6m6uwu77rriv8hj9ksfdlNM200904120000000000000000000030');
INSERT INTO metadata_display_label ( default_locale, oid, site_master, key_name) VALUES ('View an existing instance of com.runwaysdk.system.scheduler.JobSnapshot', '2dq6cc07zzhnwelh6bylx0mt3km7xb5qNM200904120000000000000000000030', 'www.runwaysdk.com', '2dq6cc07zzhnwelh6bylx0mt3km7xb5qNM200904120000000000000000000030');
INSERT INTO md_action ( is_query, enclosing_md_controller, is_post, action_name, display_label, oid) VALUES (0, '0f16jouev3pvt8nmcv3tak3nb2hql0qrNM200810110000000000000000000112', 0, 'view', '6wrbe18wbwf6m6uwu77rriv8hj9ksfdlNM200904120000000000000000000030', 's9ooejxoai9pmwtiprrirxqq9n15lzfiNM200810110000000000000000000113');
INSERT INTO metadata ( description, created_by, owner, oid, create_date, seq, type, remove, site_master, locked_by, entity_domain, last_updated_by, last_update_date, key_name) VALUES ('2dq6cc07zzhnwelh6bylx0mt3km7xb5qNM200904120000000000000000000030', '0000000000000000000000000000001000000000000000000000000000000003', '0000000000000000000000000000001000000000000000000000000000000003', 's9ooejxoai9pmwtiprrirxqq9n15lzfiNM200810110000000000000000000113', '2014-02-10 12:13:54', 4455, 'com.runwaysdk.system.metadata.MdAction', 1, 'www.runwaysdk.com', NULL, NULL, '0000000000000000000000000000001000000000000000000000000000000003', '2014-02-10 12:13:54', 'com.runwaysdk.system.scheduler.JobSnapshotController.view');
INSERT INTO controller_action ( key_name, locked_by, oid, owner, entity_domain, created_by, type, last_update_date, create_date, seq, last_updated_by, site_master, parent_id, child_id) VALUES ('com.runwaysdk.system.scheduler.JobSnapshotController.view', NULL, '8vqlkhttgfmc7q11pr6xmk1zsj1j9kucJS200807230000000000000000111111', '0000000000000000000000000000001000000000000000000000000000000003', NULL, '0000000000000000000000000000001000000000000000000000000000000003', 'com.runwaysdk.system.ControllerAction', '2014-02-10 12:13:54', '2014-02-10 12:13:54', 4456, '0000000000000000000000000000001000000000000000000000000000000003', 'www.runwaysdk.com', '0f16jouev3pvt8nmcv3tak3nb2hql0qrNM200810110000000000000000000112', 's9ooejxoai9pmwtiprrirxqq9n15lzfiNM200810110000000000000000000113');
INSERT INTO metadata_display_label ( default_locale, oid, site_master, key_name) VALUES ('Parameter: com.runwaysdk.system.scheduler.JobSnapshot - oid', 'qqkngy59wt35d0rtug3qkmagsfcgc4wzNM200904120000000000000000000030', 'www.runwaysdk.com', 'qqkngy59wt35d0rtug3qkmagsfcgc4wzNM200904120000000000000000000030');
INSERT INTO metadata_display_label ( default_locale, oid, site_master, key_name) VALUES ('Id of com.runwaysdk.system.scheduler.JobSnapshot to view.', 'xwutc4iqtrz41s2z6lsibpwhm3vsr5ysNM200904120000000000000000000030', 'www.runwaysdk.com', 'xwutc4iqtrz41s2z6lsibpwhm3vsr5ysNM200904120000000000000000000030');
INSERT INTO md_parameter ( metadata, parameter_order, parameter_name, parameter_type, display_label, oid) VALUES ('s9ooejxoai9pmwtiprrirxqq9n15lzfiNM200810110000000000000000000113', 0, 'oid', 'java.lang.String', 'qqkngy59wt35d0rtug3qkmagsfcgc4wzNM200904120000000000000000000030', '0a61pr8jhdynixl6vd9ylzaxih5t2lv520070427JS0000000000000000001517');
INSERT INTO metadata ( description, created_by, owner, oid, create_date, seq, type, remove, site_master, locked_by, entity_domain, last_updated_by, last_update_date, key_name) VALUES ('xwutc4iqtrz41s2z6lsibpwhm3vsr5ysNM200904120000000000000000000030', '0000000000000000000000000000001000000000000000000000000000000003', '0000000000000000000000000000001000000000000000000000000000000003', '0a61pr8jhdynixl6vd9ylzaxih5t2lv520070427JS0000000000000000001517', '2014-02-10 12:13:54', 4457, 'com.runwaysdk.system.metadata.MdParameter', 1, 'www.runwaysdk.com', NULL, NULL, '0000000000000000000000000000001000000000000000000000000000000003', '2014-02-10 12:13:54', 'com.runwaysdk.system.scheduler.JobSnapshotController.view.oid');
INSERT INTO metadata_parameter ( site_master, last_updated_by, create_date, seq, locked_by, entity_domain, created_by, type, last_update_date, key_name, owner, oid, parent_id, child_id) VALUES ('www.runwaysdk.com', '0000000000000000000000000000001000000000000000000000000000000003', '2014-02-10 12:13:54', 4458, NULL, NULL, '0000000000000000000000000000001000000000000000000000000000000003', 'com.runwaysdk.system.MetadataParameter', '2014-02-10 12:13:54', 'com.runwaysdk.system.scheduler.JobSnapshotController.view.oid', '0000000000000000000000000000001000000000000000000000000000000003', 'yxdfm1cnqz6wmruluggnzf8w0jljdvo020070427JS0000000000000000001524', 's9ooejxoai9pmwtiprrirxqq9n15lzfiNM200810110000000000000000000113', '0a61pr8jhdynixl6vd9ylzaxih5t2lv520070427JS0000000000000000001517');
INSERT INTO metadata_display_label ( default_locale, oid, site_master, key_name) VALUES ('New Instance', 'xw3jh3prs7z9ejr6q5atttnvrbn6z28vNM200904120000000000000000000030', 'www.runwaysdk.com', 'xw3jh3prs7z9ejr6q5atttnvrbn6z28vNM200904120000000000000000000030');
INSERT INTO metadata_display_label ( default_locale, oid, site_master, key_name) VALUES ('Loads a new instance of com.runwaysdk.system.scheduler.JobSnapshot into the request object', '26k20vwowp3lquqqlfpozy2ehdfwjzt5NM200904120000000000000000000030', 'www.runwaysdk.com', '26k20vwowp3lquqqlfpozy2ehdfwjzt5NM200904120000000000000000000030');
INSERT INTO md_action ( is_query, enclosing_md_controller, is_post, action_name, display_label, oid) VALUES (0, '0f16jouev3pvt8nmcv3tak3nb2hql0qrNM200810110000000000000000000112', 0, 'newInstance', 'xw3jh3prs7z9ejr6q5atttnvrbn6z28vNM200904120000000000000000000030', 'syivehhusj0s9vbjix5x14an31s8e4wiNM200810110000000000000000000113');
INSERT INTO metadata ( description, created_by, owner, oid, create_date, seq, type, remove, site_master, locked_by, entity_domain, last_updated_by, last_update_date, key_name) VALUES ('26k20vwowp3lquqqlfpozy2ehdfwjzt5NM200904120000000000000000000030', '0000000000000000000000000000001000000000000000000000000000000003', '0000000000000000000000000000001000000000000000000000000000000003', 'syivehhusj0s9vbjix5x14an31s8e4wiNM200810110000000000000000000113', '2014-02-10 12:13:54', 4459, 'com.runwaysdk.system.metadata.MdAction', 1, 'www.runwaysdk.com', NULL, NULL, '0000000000000000000000000000001000000000000000000000000000000003', '2014-02-10 12:13:54', 'com.runwaysdk.system.scheduler.JobSnapshotController.newInstance');
INSERT INTO controller_action ( key_name, locked_by, oid, owner, entity_domain, created_by, type, last_update_date, create_date, seq, last_updated_by, site_master, parent_id, child_id) VALUES ('com.runwaysdk.system.scheduler.JobSnapshotController.newInstance', NULL, '7bnpi3vwdxwxcwe69nhjw5gk9dx1rblfJS200807230000000000000000111111', '0000000000000000000000000000001000000000000000000000000000000003', NULL, '0000000000000000000000000000001000000000000000000000000000000003', 'com.runwaysdk.system.ControllerAction', '2014-02-10 12:13:54', '2014-02-10 12:13:54', 4460, '0000000000000000000000000000001000000000000000000000000000000003', 'www.runwaysdk.com', '0f16jouev3pvt8nmcv3tak3nb2hql0qrNM200810110000000000000000000112', 'syivehhusj0s9vbjix5x14an31s8e4wiNM200810110000000000000000000113');
INSERT INTO metadata_display_label ( default_locale, oid, site_master, key_name) VALUES ('Create', '91xpkjuqn7ize4l1ylm17uvb1vx50d33NM200904120000000000000000000030', 'www.runwaysdk.com', '91xpkjuqn7ize4l1ylm17uvb1vx50d33NM200904120000000000000000000030');
INSERT INTO metadata_display_label ( default_locale, oid, site_master, key_name) VALUES ('Applys a new instance of com.runwaysdk.system.scheduler.JobSnapshot', '06pbow88k5dxoe13ushrzh4objwgizeqNM200904120000000000000000000030', 'www.runwaysdk.com', '06pbow88k5dxoe13ushrzh4objwgizeqNM200904120000000000000000000030');
INSERT INTO md_action ( is_query, enclosing_md_controller, is_post, action_name, display_label, oid) VALUES (0, '0f16jouev3pvt8nmcv3tak3nb2hql0qrNM200810110000000000000000000112', 1, 'create', '91xpkjuqn7ize4l1ylm17uvb1vx50d33NM200904120000000000000000000030', '6tg8b816sry4lbk4gcc39ykiys24zuc6NM200810110000000000000000000113');
INSERT INTO metadata ( description, created_by, owner, oid, create_date, seq, type, remove, site_master, locked_by, entity_domain, last_updated_by, last_update_date, key_name) VALUES ('06pbow88k5dxoe13ushrzh4objwgizeqNM200904120000000000000000000030', '0000000000000000000000000000001000000000000000000000000000000003', '0000000000000000000000000000001000000000000000000000000000000003', '6tg8b816sry4lbk4gcc39ykiys24zuc6NM200810110000000000000000000113', '2014-02-10 12:13:54', 4461, 'com.runwaysdk.system.metadata.MdAction', 1, 'www.runwaysdk.com', NULL, NULL, '0000000000000000000000000000001000000000000000000000000000000003', '2014-02-10 12:13:54', 'com.runwaysdk.system.scheduler.JobSnapshotController.create');
INSERT INTO controller_action ( key_name, locked_by, oid, owner, entity_domain, created_by, type, last_update_date, create_date, seq, last_updated_by, site_master, parent_id, child_id) VALUES ('com.runwaysdk.system.scheduler.JobSnapshotController.create', NULL, '0lo61zpax3sw36ttg8brp8uduxniksadJS200807230000000000000000111111', '0000000000000000000000000000001000000000000000000000000000000003', NULL, '0000000000000000000000000000001000000000000000000000000000000003', 'com.runwaysdk.system.ControllerAction', '2014-02-10 12:13:54', '2014-02-10 12:13:54', 4462, '0000000000000000000000000000001000000000000000000000000000000003', 'www.runwaysdk.com', '0f16jouev3pvt8nmcv3tak3nb2hql0qrNM200810110000000000000000000112', '6tg8b816sry4lbk4gcc39ykiys24zuc6NM200810110000000000000000000113');
INSERT INTO metadata_display_label ( default_locale, oid, site_master, key_name) VALUES ('Parameter: com.runwaysdk.system.scheduler.JobSnapshot', '2b23p724h15o8v3wk1j3xhqc6d3vwv6cNM200904120000000000000000000030', 'www.runwaysdk.com', '2b23p724h15o8v3wk1j3xhqc6d3vwv6cNM200904120000000000000000000030');
INSERT INTO metadata_display_label ( default_locale, oid, site_master, key_name) VALUES ('com.runwaysdk.system.scheduler.JobSnapshot to apply to the database', '8jr0cv072fqt8y3j3wpnocxarlokuc0rNM200904120000000000000000000030', 'www.runwaysdk.com', '8jr0cv072fqt8y3j3wpnocxarlokuc0rNM200904120000000000000000000030');
INSERT INTO md_parameter ( metadata, parameter_order, parameter_name, parameter_type, display_label, oid) VALUES ('6tg8b816sry4lbk4gcc39ykiys24zuc6NM200810110000000000000000000113', 0, 'dto', 'com.runwaysdk.system.scheduler.JobSnapshot', '2b23p724h15o8v3wk1j3xhqc6d3vwv6cNM200904120000000000000000000030', 'svxl8nwfw7lda8k3alqy9p48uj9332ul20070427JS0000000000000000001517');
INSERT INTO metadata ( description, created_by, owner, oid, create_date, seq, type, remove, site_master, locked_by, entity_domain, last_updated_by, last_update_date, key_name) VALUES ('8jr0cv072fqt8y3j3wpnocxarlokuc0rNM200904120000000000000000000030', '0000000000000000000000000000001000000000000000000000000000000003', '0000000000000000000000000000001000000000000000000000000000000003', 'svxl8nwfw7lda8k3alqy9p48uj9332ul20070427JS0000000000000000001517', '2014-02-10 12:13:54', 4463, 'com.runwaysdk.system.metadata.MdParameter', 1, 'www.runwaysdk.com', NULL, NULL, '0000000000000000000000000000001000000000000000000000000000000003', '2014-02-10 12:13:54', 'com.runwaysdk.system.scheduler.JobSnapshotController.create.dto');
INSERT INTO metadata_parameter ( site_master, last_updated_by, create_date, seq, locked_by, entity_domain, created_by, type, last_update_date, key_name, owner, oid, parent_id, child_id) VALUES ('www.runwaysdk.com', '0000000000000000000000000000001000000000000000000000000000000003', '2014-02-10 12:13:54', 4464, NULL, NULL, '0000000000000000000000000000001000000000000000000000000000000003', 'com.runwaysdk.system.MetadataParameter', '2014-02-10 12:13:54', 'com.runwaysdk.system.scheduler.JobSnapshotController.create.dto', '0000000000000000000000000000001000000000000000000000000000000003', '7a6xvjy5ar80gajtf5o480mbrd35wumy20070427JS0000000000000000001524', '6tg8b816sry4lbk4gcc39ykiys24zuc6NM200810110000000000000000000113', 'svxl8nwfw7lda8k3alqy9p48uj9332ul20070427JS0000000000000000001517');
INSERT INTO metadata_display_label ( default_locale, oid, site_master, key_name) VALUES ('edit', 'r6jc0lc05whuepospdrekyfoh17zpkmxNM200904120000000000000000000030', 'www.runwaysdk.com', 'r6jc0lc05whuepospdrekyfoh17zpkmxNM200904120000000000000000000030');
INSERT INTO metadata_display_label ( default_locale, oid, site_master, key_name) VALUES ('Applys an existing instance of com.runwaysdk.system.scheduler.JobSnapshot', '1trr83aghz8h1xgq0eckh40p7qod4gr8NM200904120000000000000000000030', 'www.runwaysdk.com', '1trr83aghz8h1xgq0eckh40p7qod4gr8NM200904120000000000000000000030');
INSERT INTO md_action ( is_query, enclosing_md_controller, is_post, action_name, display_label, oid) VALUES (0, '0f16jouev3pvt8nmcv3tak3nb2hql0qrNM200810110000000000000000000112', 0, 'edit', 'r6jc0lc05whuepospdrekyfoh17zpkmxNM200904120000000000000000000030', 'skjlrcek47gyd27rsbbbbg01wknn1o32NM200810110000000000000000000113');
INSERT INTO metadata ( description, created_by, owner, oid, create_date, seq, type, remove, site_master, locked_by, entity_domain, last_updated_by, last_update_date, key_name) VALUES ('1trr83aghz8h1xgq0eckh40p7qod4gr8NM200904120000000000000000000030', '0000000000000000000000000000001000000000000000000000000000000003', '0000000000000000000000000000001000000000000000000000000000000003', 'skjlrcek47gyd27rsbbbbg01wknn1o32NM200810110000000000000000000113', '2014-02-10 12:13:54', 4465, 'com.runwaysdk.system.metadata.MdAction', 1, 'www.runwaysdk.com', NULL, NULL, '0000000000000000000000000000001000000000000000000000000000000003', '2014-02-10 12:13:54', 'com.runwaysdk.system.scheduler.JobSnapshotController.edit');
INSERT INTO controller_action ( key_name, locked_by, oid, owner, entity_domain, created_by, type, last_update_date, create_date, seq, last_updated_by, site_master, parent_id, child_id) VALUES ('com.runwaysdk.system.scheduler.JobSnapshotController.edit', NULL, 't189xnqs7nlwg5nxq3pvbn1pkj0veyidJS200807230000000000000000111111', '0000000000000000000000000000001000000000000000000000000000000003', NULL, '0000000000000000000000000000001000000000000000000000000000000003', 'com.runwaysdk.system.ControllerAction', '2014-02-10 12:13:54', '2014-02-10 12:13:54', 4466, '0000000000000000000000000000001000000000000000000000000000000003', 'www.runwaysdk.com', '0f16jouev3pvt8nmcv3tak3nb2hql0qrNM200810110000000000000000000112', 'skjlrcek47gyd27rsbbbbg01wknn1o32NM200810110000000000000000000113');
INSERT INTO metadata_display_label ( default_locale, oid, site_master, key_name) VALUES ('Parameter: com.runwaysdk.system.scheduler.JobSnapshot', 'suc33dkjxs79web7nq1tnuz1ssy8f3r3NM200904120000000000000000000030', 'www.runwaysdk.com', 'suc33dkjxs79web7nq1tnuz1ssy8f3r3NM200904120000000000000000000030');
INSERT INTO metadata_display_label ( default_locale, oid, site_master, key_name) VALUES ('com.runwaysdk.system.scheduler.JobSnapshot to apply to the database', '8zwu0qywzk94nvqeay67z9ydyw7g52nqNM200904120000000000000000000030', 'www.runwaysdk.com', '8zwu0qywzk94nvqeay67z9ydyw7g52nqNM200904120000000000000000000030');
INSERT INTO md_parameter ( metadata, parameter_order, parameter_name, parameter_type, display_label, oid) VALUES ('skjlrcek47gyd27rsbbbbg01wknn1o32NM200810110000000000000000000113', 0, 'oid', 'java.lang.String', 'suc33dkjxs79web7nq1tnuz1ssy8f3r3NM200904120000000000000000000030', 'szcyo1lxtoe86cnub1bwisxju9zqn3gq20070427JS0000000000000000001517');
INSERT INTO metadata ( description, created_by, owner, oid, create_date, seq, type, remove, site_master, locked_by, entity_domain, last_updated_by, last_update_date, key_name) VALUES ('8zwu0qywzk94nvqeay67z9ydyw7g52nqNM200904120000000000000000000030', '0000000000000000000000000000001000000000000000000000000000000003', '0000000000000000000000000000001000000000000000000000000000000003', 'szcyo1lxtoe86cnub1bwisxju9zqn3gq20070427JS0000000000000000001517', '2014-02-10 12:13:54', 4467, 'com.runwaysdk.system.metadata.MdParameter', 1, 'www.runwaysdk.com', NULL, NULL, '0000000000000000000000000000001000000000000000000000000000000003', '2014-02-10 12:13:54', 'com.runwaysdk.system.scheduler.JobSnapshotController.edit.oid');
INSERT INTO metadata_parameter ( site_master, last_updated_by, create_date, seq, locked_by, entity_domain, created_by, type, last_update_date, key_name, owner, oid, parent_id, child_id) VALUES ('www.runwaysdk.com', '0000000000000000000000000000001000000000000000000000000000000003', '2014-02-10 12:13:54', 4468, NULL, NULL, '0000000000000000000000000000001000000000000000000000000000000003', 'com.runwaysdk.system.MetadataParameter', '2014-02-10 12:13:54', 'com.runwaysdk.system.scheduler.JobSnapshotController.edit.oid', '0000000000000000000000000000001000000000000000000000000000000003', 'xss1pj67peusaby9gr0p1tw4ma8cfn4720070427JS0000000000000000001524', 'skjlrcek47gyd27rsbbbbg01wknn1o32NM200810110000000000000000000113', 'szcyo1lxtoe86cnub1bwisxju9zqn3gq20070427JS0000000000000000001517');
INSERT INTO metadata_display_label ( default_locale, oid, site_master, key_name) VALUES ('update', '7gauez0s27ux37782fxk7ni46zi925n0NM200904120000000000000000000030', 'www.runwaysdk.com', '7gauez0s27ux37782fxk7ni46zi925n0NM200904120000000000000000000030');
INSERT INTO metadata_display_label ( default_locale, oid, site_master, key_name) VALUES ('Applys an existing instance of com.runwaysdk.system.scheduler.JobSnapshot', '7egalz1db0yqw3ipg23h1lkar0wx05cgNM200904120000000000000000000030', 'www.runwaysdk.com', '7egalz1db0yqw3ipg23h1lkar0wx05cgNM200904120000000000000000000030');
INSERT INTO md_action ( is_query, enclosing_md_controller, is_post, action_name, display_label, oid) VALUES (0, '0f16jouev3pvt8nmcv3tak3nb2hql0qrNM200810110000000000000000000112', 1, 'update', '7gauez0s27ux37782fxk7ni46zi925n0NM200904120000000000000000000030', '8sxpvm22boypheek3jtw0u8ult6r3e1jNM200810110000000000000000000113');
INSERT INTO metadata ( description, created_by, owner, oid, create_date, seq, type, remove, site_master, locked_by, entity_domain, last_updated_by, last_update_date, key_name) VALUES ('7egalz1db0yqw3ipg23h1lkar0wx05cgNM200904120000000000000000000030', '0000000000000000000000000000001000000000000000000000000000000003', '0000000000000000000000000000001000000000000000000000000000000003', '8sxpvm22boypheek3jtw0u8ult6r3e1jNM200810110000000000000000000113', '2014-02-10 12:13:54', 4469, 'com.runwaysdk.system.metadata.MdAction', 1, 'www.runwaysdk.com', NULL, NULL, '0000000000000000000000000000001000000000000000000000000000000003', '2014-02-10 12:13:54', 'com.runwaysdk.system.scheduler.JobSnapshotController.update');
INSERT INTO controller_action ( key_name, locked_by, oid, owner, entity_domain, created_by, type, last_update_date, create_date, seq, last_updated_by, site_master, parent_id, child_id) VALUES ('com.runwaysdk.system.scheduler.JobSnapshotController.update', NULL, '08oxn7hyi55v4usa89m5nvnt4vzm57zsJS200807230000000000000000111111', '0000000000000000000000000000001000000000000000000000000000000003', NULL, '0000000000000000000000000000001000000000000000000000000000000003', 'com.runwaysdk.system.ControllerAction', '2014-02-10 12:13:54', '2014-02-10 12:13:54', 4470, '0000000000000000000000000000001000000000000000000000000000000003', 'www.runwaysdk.com', '0f16jouev3pvt8nmcv3tak3nb2hql0qrNM200810110000000000000000000112', '8sxpvm22boypheek3jtw0u8ult6r3e1jNM200810110000000000000000000113');
INSERT INTO metadata_display_label ( default_locale, oid, site_master, key_name) VALUES ('Parameter: com.runwaysdk.system.scheduler.JobSnapshot - dto', 'ze1cq1g4uwnmvyvvkk6x21dvxytrxtawNM200904120000000000000000000030', 'www.runwaysdk.com', 'ze1cq1g4uwnmvyvvkk6x21dvxytrxtawNM200904120000000000000000000030');
INSERT INTO metadata_display_label ( default_locale, oid, site_master, key_name) VALUES ('com.runwaysdk.system.scheduler.JobSnapshot to apply to the database', '8evl1v10ry4irhbl6r75c40kzdf9xc4sNM200904120000000000000000000030', 'www.runwaysdk.com', '8evl1v10ry4irhbl6r75c40kzdf9xc4sNM200904120000000000000000000030');
INSERT INTO md_parameter ( metadata, parameter_order, parameter_name, parameter_type, display_label, oid) VALUES ('8sxpvm22boypheek3jtw0u8ult6r3e1jNM200810110000000000000000000113', 0, 'dto', 'com.runwaysdk.system.scheduler.JobSnapshot', 'ze1cq1g4uwnmvyvvkk6x21dvxytrxtawNM200904120000000000000000000030', '8m0pu64e12iiq5qefsmbhite1fqca05520070427JS0000000000000000001517');
INSERT INTO metadata ( description, created_by, owner, oid, create_date, seq, type, remove, site_master, locked_by, entity_domain, last_updated_by, last_update_date, key_name) VALUES ('8evl1v10ry4irhbl6r75c40kzdf9xc4sNM200904120000000000000000000030', '0000000000000000000000000000001000000000000000000000000000000003', '0000000000000000000000000000001000000000000000000000000000000003', '8m0pu64e12iiq5qefsmbhite1fqca05520070427JS0000000000000000001517', '2014-02-10 12:13:54', 4471, 'com.runwaysdk.system.metadata.MdParameter', 1, 'www.runwaysdk.com', NULL, NULL, '0000000000000000000000000000001000000000000000000000000000000003', '2014-02-10 12:13:54', 'com.runwaysdk.system.scheduler.JobSnapshotController.update.dto');
INSERT INTO metadata_parameter ( site_master, last_updated_by, create_date, seq, locked_by, entity_domain, created_by, type, last_update_date, key_name, owner, oid, parent_id, child_id) VALUES ('www.runwaysdk.com', '0000000000000000000000000000001000000000000000000000000000000003', '2014-02-10 12:13:54', 4472, NULL, NULL, '0000000000000000000000000000001000000000000000000000000000000003', 'com.runwaysdk.system.MetadataParameter', '2014-02-10 12:13:54', 'com.runwaysdk.system.scheduler.JobSnapshotController.update.dto', '0000000000000000000000000000001000000000000000000000000000000003', '2h0nw3tnigr2pngcz2idcba6lr86ru2b20070427JS0000000000000000001524', '8sxpvm22boypheek3jtw0u8ult6r3e1jNM200810110000000000000000000113', '8m0pu64e12iiq5qefsmbhite1fqca05520070427JS0000000000000000001517');
INSERT INTO metadata_display_label ( default_locale, oid, site_master, key_name) VALUES ('cancel', 'zll3hx23ci2chr7tvbac7lp81vom5swjNM200904120000000000000000000030', 'www.runwaysdk.com', 'zll3hx23ci2chr7tvbac7lp81vom5swjNM200904120000000000000000000030');
INSERT INTO metadata_display_label ( default_locale, oid, site_master, key_name) VALUES ('Unlocks an instance com.runwaysdk.system.scheduler.JobSnapshot', 'sor8aobuirhghw6xioyocjaosksw030qNM200904120000000000000000000030', 'www.runwaysdk.com', 'sor8aobuirhghw6xioyocjaosksw030qNM200904120000000000000000000030');
INSERT INTO md_action ( is_query, enclosing_md_controller, is_post, action_name, display_label, oid) VALUES (0, '0f16jouev3pvt8nmcv3tak3nb2hql0qrNM200810110000000000000000000112', 1, 'cancel', 'zll3hx23ci2chr7tvbac7lp81vom5swjNM200904120000000000000000000030', '8koomxbkm4n8pfclc6f1dqimrpfqtvv8NM200810110000000000000000000113');
INSERT INTO metadata ( description, created_by, owner, oid, create_date, seq, type, remove, site_master, locked_by, entity_domain, last_updated_by, last_update_date, key_name) VALUES ('sor8aobuirhghw6xioyocjaosksw030qNM200904120000000000000000000030', '0000000000000000000000000000001000000000000000000000000000000003', '0000000000000000000000000000001000000000000000000000000000000003', '8koomxbkm4n8pfclc6f1dqimrpfqtvv8NM200810110000000000000000000113', '2014-02-10 12:13:54', 4473, 'com.runwaysdk.system.metadata.MdAction', 1, 'www.runwaysdk.com', NULL, NULL, '0000000000000000000000000000001000000000000000000000000000000003', '2014-02-10 12:13:54', 'com.runwaysdk.system.scheduler.JobSnapshotController.cancel');
INSERT INTO controller_action ( key_name, locked_by, oid, owner, entity_domain, created_by, type, last_update_date, create_date, seq, last_updated_by, site_master, parent_id, child_id) VALUES ('com.runwaysdk.system.scheduler.JobSnapshotController.cancel', NULL, '0592puwwa1r3buso097eycgw2fwudiw6JS200807230000000000000000111111', '0000000000000000000000000000001000000000000000000000000000000003', NULL, '0000000000000000000000000000001000000000000000000000000000000003', 'com.runwaysdk.system.ControllerAction', '2014-02-10 12:13:54', '2014-02-10 12:13:54', 4474, '0000000000000000000000000000001000000000000000000000000000000003', 'www.runwaysdk.com', '0f16jouev3pvt8nmcv3tak3nb2hql0qrNM200810110000000000000000000112', '8koomxbkm4n8pfclc6f1dqimrpfqtvv8NM200810110000000000000000000113');
INSERT INTO metadata_display_label ( default_locale, oid, site_master, key_name) VALUES ('Parameter: com.runwaysdk.system.scheduler.JobSnapshot - dto', 'xgu5cjru6lzk3imo36pkauh8ho9rxg2nNM200904120000000000000000000030', 'www.runwaysdk.com', 'xgu5cjru6lzk3imo36pkauh8ho9rxg2nNM200904120000000000000000000030');
INSERT INTO metadata_display_label ( default_locale, oid, site_master, key_name) VALUES ('com.runwaysdk.system.scheduler.JobSnapshot to unlock', '27llxjs8bdknf1x1q61mv70lrabw6n2fNM200904120000000000000000000030', 'www.runwaysdk.com', '27llxjs8bdknf1x1q61mv70lrabw6n2fNM200904120000000000000000000030');
INSERT INTO md_parameter ( metadata, parameter_order, parameter_name, parameter_type, display_label, oid) VALUES ('8koomxbkm4n8pfclc6f1dqimrpfqtvv8NM200810110000000000000000000113', 0, 'dto', 'com.runwaysdk.system.scheduler.JobSnapshot', 'xgu5cjru6lzk3imo36pkauh8ho9rxg2nNM200904120000000000000000000030', '6tqy5sydz5pcecipzg7j0rbls4uce4p520070427JS0000000000000000001517');
INSERT INTO metadata ( description, created_by, owner, oid, create_date, seq, type, remove, site_master, locked_by, entity_domain, last_updated_by, last_update_date, key_name) VALUES ('27llxjs8bdknf1x1q61mv70lrabw6n2fNM200904120000000000000000000030', '0000000000000000000000000000001000000000000000000000000000000003', '0000000000000000000000000000001000000000000000000000000000000003', '6tqy5sydz5pcecipzg7j0rbls4uce4p520070427JS0000000000000000001517', '2014-02-10 12:13:54', 4475, 'com.runwaysdk.system.metadata.MdParameter', 1, 'www.runwaysdk.com', NULL, NULL, '0000000000000000000000000000001000000000000000000000000000000003', '2014-02-10 12:13:54', 'com.runwaysdk.system.scheduler.JobSnapshotController.cancel.dto');
INSERT INTO metadata_parameter ( site_master, last_updated_by, create_date, seq, locked_by, entity_domain, created_by, type, last_update_date, key_name, owner, oid, parent_id, child_id) VALUES ('www.runwaysdk.com', '0000000000000000000000000000001000000000000000000000000000000003', '2014-02-10 12:13:54', 4476, NULL, NULL, '0000000000000000000000000000001000000000000000000000000000000003', 'com.runwaysdk.system.MetadataParameter', '2014-02-10 12:13:54', 'com.runwaysdk.system.scheduler.JobSnapshotController.cancel.dto', '0000000000000000000000000000001000000000000000000000000000000003', 'z271svhuzt6lowg3cfdpgqsqk966jmtu20070427JS0000000000000000001524', '8koomxbkm4n8pfclc6f1dqimrpfqtvv8NM200810110000000000000000000113', '6tqy5sydz5pcecipzg7j0rbls4uce4p520070427JS0000000000000000001517');
INSERT INTO metadata_display_label ( default_locale, oid, site_master, key_name) VALUES ('delete', 'zfia5238lq1la2tg2evd96ht5bvp3c61NM200904120000000000000000000030', 'www.runwaysdk.com', 'zfia5238lq1la2tg2evd96ht5bvp3c61NM200904120000000000000000000030');
INSERT INTO metadata_display_label ( default_locale, oid, site_master, key_name) VALUES ('Delete an instance of com.runwaysdk.system.scheduler.JobSnapshot', 'qoxrejtm3uhdiplt059yrwaevbk1yklpNM200904120000000000000000000030', 'www.runwaysdk.com', 'qoxrejtm3uhdiplt059yrwaevbk1yklpNM200904120000000000000000000030');
INSERT INTO md_action ( is_query, enclosing_md_controller, is_post, action_name, display_label, oid) VALUES (0, '0f16jouev3pvt8nmcv3tak3nb2hql0qrNM200810110000000000000000000112', 1, 'delete', 'zfia5238lq1la2tg2evd96ht5bvp3c61NM200904120000000000000000000030', 'svpqqc55wcogzap82ngrgcx50l7nlmxdNM200810110000000000000000000113');
INSERT INTO metadata ( description, created_by, owner, oid, create_date, seq, type, remove, site_master, locked_by, entity_domain, last_updated_by, last_update_date, key_name) VALUES ('qoxrejtm3uhdiplt059yrwaevbk1yklpNM200904120000000000000000000030', '0000000000000000000000000000001000000000000000000000000000000003', '0000000000000000000000000000001000000000000000000000000000000003', 'svpqqc55wcogzap82ngrgcx50l7nlmxdNM200810110000000000000000000113', '2014-02-10 12:13:54', 4477, 'com.runwaysdk.system.metadata.MdAction', 1, 'www.runwaysdk.com', NULL, NULL, '0000000000000000000000000000001000000000000000000000000000000003', '2014-02-10 12:13:54', 'com.runwaysdk.system.scheduler.JobSnapshotController.delete');
INSERT INTO controller_action ( key_name, locked_by, oid, owner, entity_domain, created_by, type, last_update_date, create_date, seq, last_updated_by, site_master, parent_id, child_id) VALUES ('com.runwaysdk.system.scheduler.JobSnapshotController.delete', NULL, 'xnlvso04ctl3rkdur7lmcuil9z87qe94JS200807230000000000000000111111', '0000000000000000000000000000001000000000000000000000000000000003', NULL, '0000000000000000000000000000001000000000000000000000000000000003', 'com.runwaysdk.system.ControllerAction', '2014-02-10 12:13:54', '2014-02-10 12:13:54', 4478, '0000000000000000000000000000001000000000000000000000000000000003', 'www.runwaysdk.com', '0f16jouev3pvt8nmcv3tak3nb2hql0qrNM200810110000000000000000000112', 'svpqqc55wcogzap82ngrgcx50l7nlmxdNM200810110000000000000000000113');
INSERT INTO metadata_display_label ( default_locale, oid, site_master, key_name) VALUES ('Parameter: com.runwaysdk.system.scheduler.JobSnapshot - dto', 'xt1ja4v26x387ns8bbklz52if597jj00NM200904120000000000000000000030', 'www.runwaysdk.com', 'xt1ja4v26x387ns8bbklz52if597jj00NM200904120000000000000000000030');
INSERT INTO metadata_display_label ( default_locale, oid, site_master, key_name) VALUES ('com.runwaysdk.system.scheduler.JobSnapshot to delete', '1tws4ffo23o9meceknpmb47q6im15b7kNM200904120000000000000000000030', 'www.runwaysdk.com', '1tws4ffo23o9meceknpmb47q6im15b7kNM200904120000000000000000000030');
INSERT INTO md_parameter ( metadata, parameter_order, parameter_name, parameter_type, display_label, oid) VALUES ('svpqqc55wcogzap82ngrgcx50l7nlmxdNM200810110000000000000000000113', 0, 'dto', 'com.runwaysdk.system.scheduler.JobSnapshot', 'xt1ja4v26x387ns8bbklz52if597jj00NM200904120000000000000000000030', '6nhb7p3hwapdefo43bi7sz3teqwkot7o20070427JS0000000000000000001517');
INSERT INTO metadata ( description, created_by, owner, oid, create_date, seq, type, remove, site_master, locked_by, entity_domain, last_updated_by, last_update_date, key_name) VALUES ('1tws4ffo23o9meceknpmb47q6im15b7kNM200904120000000000000000000030', '0000000000000000000000000000001000000000000000000000000000000003', '0000000000000000000000000000001000000000000000000000000000000003', '6nhb7p3hwapdefo43bi7sz3teqwkot7o20070427JS0000000000000000001517', '2014-02-10 12:13:54', 4479, 'com.runwaysdk.system.metadata.MdParameter', 1, 'www.runwaysdk.com', NULL, NULL, '0000000000000000000000000000001000000000000000000000000000000003', '2014-02-10 12:13:54', 'com.runwaysdk.system.scheduler.JobSnapshotController.delete.dto');
INSERT INTO metadata_parameter ( site_master, last_updated_by, create_date, seq, locked_by, entity_domain, created_by, type, last_update_date, key_name, owner, oid, parent_id, child_id) VALUES ('www.runwaysdk.com', '0000000000000000000000000000001000000000000000000000000000000003', '2014-02-10 12:13:54', 4480, NULL, NULL, '0000000000000000000000000000001000000000000000000000000000000003', 'com.runwaysdk.system.MetadataParameter', '2014-02-10 12:13:54', 'com.runwaysdk.system.scheduler.JobSnapshotController.delete.dto', '0000000000000000000000000000001000000000000000000000000000000003', '29l69meo6hgsrn1j6aga7efggximn3f620070427JS0000000000000000001524', 'svpqqc55wcogzap82ngrgcx50l7nlmxdNM200810110000000000000000000113', '6nhb7p3hwapdefo43bi7sz3teqwkot7o20070427JS0000000000000000001517');
INSERT INTO business_inheritance ( oid, parent_id, child_id) VALUES ('1qh8b99kdztoq5exw9dr3jyffku9p5s020070926NM0000000000000000000004', '0fnj9qgoapxjygna1zbnrdk7vm5ciijy00000000000000000000000000000001', '2hhpg3x31r0t11svybr296b66ilnuk6r00000000000000000000000000000001');
INSERT INTO class_inheritance ( oid, parent_id, child_id) VALUES ('1qh8b99kdztoq5exw9dr3jyffku9p5s020070926NM0000000000000000000004', '0fnj9qgoapxjygna1zbnrdk7vm5ciijy00000000000000000000000000000001', '2hhpg3x31r0t11svybr296b66ilnuk6r00000000000000000000000000000001');
INSERT INTO metadata_relationship ( entity_domain, site_master, last_updated_by, oid, owner, locked_by, create_date, type, created_by, seq, key_name, last_update_date, parent_id, child_id) VALUES (NULL, 'www.runwaysdk.com', '0000000000000000000000000000001000000000000000000000000000000003', '1qh8b99kdztoq5exw9dr3jyffku9p5s020070926NM0000000000000000000004', '0000000000000000000000000000001000000000000000000000000000000003', NULL, '2014-02-10 12:13:54', 'com.runwaysdk.system.metadata.BusinessInheritance', '0000000000000000000000000000001000000000000000000000000000000003', 4481, '1qh8b99kdztoq5exw9dr3jyffku9p5s020070926NM0000000000000000000004', '2014-02-10 12:13:54', '0fnj9qgoapxjygna1zbnrdk7vm5ciijy00000000000000000000000000000001', '2hhpg3x31r0t11svybr296b66ilnuk6r00000000000000000000000000000001');
 INSERT INTO class_cache (set_id, item_id)  VALUES  ('z5q0ldzpbmimejtp97qmmlf2rvos0q9p', '0000000000000000000000000000023100000000000000000000000000000222');
INSERT INTO metadata_display_label ( default_locale, oid, site_master, key_name) VALUES ('JobHistory', '2ejgh53ipazdykoxt6itg74yal2f7572NM200904120000000000000000000030', 'www.runwaysdk.com', '2ejgh53ipazdykoxt6itg74yal2f7572NM200904120000000000000000000030');
INSERT INTO metadata_display_label ( default_locale, oid, site_master, key_name) VALUES ('JobHistory', 't1w20sfy0zt96a32yqxe34yxnhntd7unNM200904120000000000000000000030', 'www.runwaysdk.com', 't1w20sfy0zt96a32yqxe34yxnhntd7unNM200904120000000000000000000030');
INSERT INTO md_business ( cache_algorithm, cache_algorithm_c, super_md_business, oid) VALUES ('z5q0ldzpbmimejtp97qmmlf2rvos0q9p', '0000000000000000000000000000023100000000000000000000000000000222', NULL, '2ft54d1ik9d4qmj2ffopey6uwk000fvr00000000000000000000000000000001');
INSERT INTO md_element ( extendable, is_abstract, oid) VALUES (1, 0, '2ft54d1ik9d4qmj2ffopey6uwk000fvr00000000000000000000000000000001');
INSERT INTO md_entity ( query_dto_source, query_source, cache_size, enforce_site_master, has_deterministic_ids, table_name, oid) VALUES (NULL, NULL, 0, 1, 0, 'job_history', '2ft54d1ik9d4qmj2ffopey6uwk000fvr00000000000000000000000000000001');
INSERT INTO md_class ( publish, stub_dto_source, stub_source, oid) VALUES (1, NULL, NULL, '2ft54d1ik9d4qmj2ffopey6uwk000fvr00000000000000000000000000000001');
INSERT INTO md_type ( display_label, root_id, package_name, type_name, base_source, js_base, js_stub, exported, dto_source, oid) VALUES ('2ejgh53ipazdykoxt6itg74yal2f7572NM200904120000000000000000000030', '2ft54d1ik9d4qmj2ffopey6uwk000fvr', 'com.runwaysdk.system.scheduler', 'JobHistory', NULL, NULL, NULL, 1, NULL, '2ft54d1ik9d4qmj2ffopey6uwk000fvr00000000000000000000000000000001');
INSERT INTO metadata ( description, created_by, owner, oid, create_date, seq, type, remove, site_master, locked_by, entity_domain, last_updated_by, last_update_date, key_name) VALUES ('t1w20sfy0zt96a32yqxe34yxnhntd7unNM200904120000000000000000000030', '0000000000000000000000000000001000000000000000000000000000000003', '0000000000000000000000000000001000000000000000000000000000000003', '2ft54d1ik9d4qmj2ffopey6uwk000fvr00000000000000000000000000000001', '2014-02-10 12:13:54', 4482, 'com.runwaysdk.system.metadata.MdBusiness', 1, 'www.runwaysdk.com', NULL, NULL, '0000000000000000000000000000001000000000000000000000000000000003', '2014-02-10 12:13:54', 'com.runwaysdk.system.scheduler.JobHistory');
CREATE TABLE job_history ( oid CHAR(64) NOT NULL PRIMARY KEY );
 INSERT INTO visibilitymodifier (set_id, item_id)  VALUES  ('8jij757fpnjrqumm4qs0vaxyihggj2s2', '20071109NM000000000000000000000520071109NM0000000000000000000001');
INSERT INTO metadata_display_label ( default_locale, oid, site_master, key_name) VALUES ('ID', '2888zkiebc241q4tdnev947goumordjbNM200904120000000000000000000030', 'www.runwaysdk.com', '2888zkiebc241q4tdnev947goumordjbNM200904120000000000000000000030');
 INSERT INTO visibilitymodifier (set_id, item_id)  VALUES  ('y1jzb21w0x43mhvu3xmm77ka9rqopkni', '20071109NM000000000000000000000520071109NM0000000000000000000001');
 INSERT INTO md_attribute_indicies (set_id, item_id)  VALUES  ('xyxle9fzokjlj64xmf40o4lb21uu30j4', '0000000000000000000000000000040900000000000000000000000000000403');
INSERT INTO metadata_display_label ( default_locale, oid, site_master, key_name) VALUES ('ID of this object', '1pe4o34yo7ylzqcwo0dbsw8homoxmuocNM200904120000000000000000000030', 'www.runwaysdk.com', '1pe4o34yo7ylzqcwo0dbsw8homoxmuocNM200904120000000000000000000030');
INSERT INTO md_attribute_character ( default_value, database_size, oid) VALUES (NULL, 64, 'si979x7lzl0jcbz5hooxh15ritbenpo400000000000000000000000000000138');
INSERT INTO md_attribute_char ( oid) VALUES ('si979x7lzl0jcbz5hooxh15ritbenpo400000000000000000000000000000138');
INSERT INTO md_attribute_primitive ( oid) VALUES ('si979x7lzl0jcbz5hooxh15ritbenpo400000000000000000000000000000138');
INSERT INTO md_attribute_concrete ( column_name, defining_md_class, setter_visibility, setter_visibility_c, immutable, index_name, generate_accessor, system, required, display_label, getter_visibility, getter_visibility_c, index_type, index_type_c, attribute_name, oid) VALUES ('oid', '2ft54d1ik9d4qmj2ffopey6uwk000fvr00000000000000000000000000000001', '8jij757fpnjrqumm4qs0vaxyihggj2s2', '20071109NM000000000000000000000520071109NM0000000000000000000001', 0, 'ac7oxbq67xufgg7z6n8ycu9wqunohz', 1, 1, 1, '2888zkiebc241q4tdnev947goumordjbNM200904120000000000000000000030', 'y1jzb21w0x43mhvu3xmm77ka9rqopkni', '20071109NM000000000000000000000520071109NM0000000000000000000001', 'xyxle9fzokjlj64xmf40o4lb21uu30j4', '0000000000000000000000000000040900000000000000000000000000000403', 'oid', 'si979x7lzl0jcbz5hooxh15ritbenpo400000000000000000000000000000138');
INSERT INTO md_attribute ( oid) VALUES ('si979x7lzl0jcbz5hooxh15ritbenpo400000000000000000000000000000138');
INSERT INTO metadata ( description, created_by, owner, oid, create_date, seq, type, remove, site_master, locked_by, entity_domain, last_updated_by, last_update_date, key_name) VALUES ('1pe4o34yo7ylzqcwo0dbsw8homoxmuocNM200904120000000000000000000030', '0000000000000000000000000000001000000000000000000000000000000003', '0000000000000000000000000000001000000000000000000000000000000003', 'si979x7lzl0jcbz5hooxh15ritbenpo400000000000000000000000000000138', '2014-02-10 12:13:54', 4483, 'com.runwaysdk.system.metadata.MdAttributeCharacter', 0, 'www.runwaysdk.com', NULL, NULL, '0000000000000000000000000000001000000000000000000000000000000003', '2014-02-10 12:13:54', 'com.runwaysdk.system.scheduler.JobHistory.oid');
INSERT INTO class_attribute_concrete ( oid, parent_id, child_id) VALUES ('qu8vojb2ad6wtrah954wb8ii49t4bn6o00000000000000000000000000000073', '2ft54d1ik9d4qmj2ffopey6uwk000fvr00000000000000000000000000000001', 'si979x7lzl0jcbz5hooxh15ritbenpo400000000000000000000000000000138');
INSERT INTO class_attribute ( oid, parent_id, child_id) VALUES ('qu8vojb2ad6wtrah954wb8ii49t4bn6o00000000000000000000000000000073', '2ft54d1ik9d4qmj2ffopey6uwk000fvr00000000000000000000000000000001', 'si979x7lzl0jcbz5hooxh15ritbenpo400000000000000000000000000000138');
INSERT INTO metadata_relationship ( entity_domain, site_master, last_updated_by, oid, owner, locked_by, create_date, type, created_by, seq, key_name, last_update_date, parent_id, child_id) VALUES (NULL, 'www.runwaysdk.com', '0000000000000000000000000000001000000000000000000000000000000003', 'qu8vojb2ad6wtrah954wb8ii49t4bn6o00000000000000000000000000000073', '0000000000000000000000000000001000000000000000000000000000000003', NULL, '2014-02-10 12:13:54', 'com.runwaysdk.system.metadata.ClassAttributeConcrete', '0000000000000000000000000000001000000000000000000000000000000003', 4484, 'com.runwaysdk.system.scheduler.JobHistory.oid', '2014-02-10 12:13:54', '2ft54d1ik9d4qmj2ffopey6uwk000fvr00000000000000000000000000000001', 'si979x7lzl0jcbz5hooxh15ritbenpo400000000000000000000000000000138');
 INSERT INTO visibilitymodifier (set_id, item_id)  VALUES  ('qr0b3bdrgac5n9j4jec0nr6f5eoqpsj4', '20071109NM000000000000000000000520071109NM0000000000000000000001');
INSERT INTO metadata_display_label ( default_locale, oid, site_master, key_name) VALUES ('Site Master', '70belkv0lclm1k6oy4uocq78wz16bg82NM200904120000000000000000000030', 'www.runwaysdk.com', '70belkv0lclm1k6oy4uocq78wz16bg82NM200904120000000000000000000030');
 INSERT INTO visibilitymodifier (set_id, item_id)  VALUES  ('1z5qszvd2frxu34h3kgn1z11bzx4q52u', '20071109NM000000000000000000000520071109NM0000000000000000000001');
 INSERT INTO md_attribute_indicies (set_id, item_id)  VALUES  ('zomzb0ccl9s9db4xhe62lk8ohwtdmo34', '0000000000000000000000000000040100000000000000000000000000000403');
INSERT INTO metadata_display_label ( default_locale, oid, site_master, key_name) VALUES ('The name of the site responsible for this object', '91n5uzcl0ivw2wewqnc7b0gwp46te4uxNM200904120000000000000000000030', 'www.runwaysdk.com', '91n5uzcl0ivw2wewqnc7b0gwp46te4uxNM200904120000000000000000000030');
INSERT INTO md_attribute_character ( default_value, database_size, oid) VALUES (NULL, 255, '2dbd4gtevy68m9juh1qqa4dhgfi8ko7b00000000000000000000000000000138');
INSERT INTO md_attribute_char ( oid) VALUES ('2dbd4gtevy68m9juh1qqa4dhgfi8ko7b00000000000000000000000000000138');
INSERT INTO md_attribute_primitive ( oid) VALUES ('2dbd4gtevy68m9juh1qqa4dhgfi8ko7b00000000000000000000000000000138');
INSERT INTO md_attribute_concrete ( column_name, defining_md_class, setter_visibility, setter_visibility_c, immutable, index_name, generate_accessor, system, required, display_label, getter_visibility, getter_visibility_c, index_type, index_type_c, attribute_name, oid) VALUES ('site_master', '2ft54d1ik9d4qmj2ffopey6uwk000fvr00000000000000000000000000000001', 'qr0b3bdrgac5n9j4jec0nr6f5eoqpsj4', '20071109NM000000000000000000000520071109NM0000000000000000000001', 1, 'ao32ucjno0dn5g65pvggcdq6t6blxd', 1, 1, 1, '70belkv0lclm1k6oy4uocq78wz16bg82NM200904120000000000000000000030', '1z5qszvd2frxu34h3kgn1z11bzx4q52u', '20071109NM000000000000000000000520071109NM0000000000000000000001', 'zomzb0ccl9s9db4xhe62lk8ohwtdmo34', '0000000000000000000000000000040100000000000000000000000000000403', 'siteMaster', '2dbd4gtevy68m9juh1qqa4dhgfi8ko7b00000000000000000000000000000138');
INSERT INTO md_attribute ( oid) VALUES ('2dbd4gtevy68m9juh1qqa4dhgfi8ko7b00000000000000000000000000000138');
INSERT INTO metadata ( description, created_by, owner, oid, create_date, seq, type, remove, site_master, locked_by, entity_domain, last_updated_by, last_update_date, key_name) VALUES ('91n5uzcl0ivw2wewqnc7b0gwp46te4uxNM200904120000000000000000000030', '0000000000000000000000000000001000000000000000000000000000000003', '0000000000000000000000000000001000000000000000000000000000000003', '2dbd4gtevy68m9juh1qqa4dhgfi8ko7b00000000000000000000000000000138', '2014-02-10 12:13:54', 4485, 'com.runwaysdk.system.metadata.MdAttributeCharacter', 0, 'www.runwaysdk.com', NULL, NULL, '0000000000000000000000000000001000000000000000000000000000000003', '2014-02-10 12:13:54', 'com.runwaysdk.system.scheduler.JobHistory.siteMaster');
ALTER TABLE job_history ADD COLUMN site_master  varchar(255);
INSERT INTO class_attribute_concrete ( oid, parent_id, child_id) VALUES ('07a8h4cule4jt6g0u2i6nwv4s87tx5ip00000000000000000000000000000073', '2ft54d1ik9d4qmj2ffopey6uwk000fvr00000000000000000000000000000001', '2dbd4gtevy68m9juh1qqa4dhgfi8ko7b00000000000000000000000000000138');
INSERT INTO class_attribute ( oid, parent_id, child_id) VALUES ('07a8h4cule4jt6g0u2i6nwv4s87tx5ip00000000000000000000000000000073', '2ft54d1ik9d4qmj2ffopey6uwk000fvr00000000000000000000000000000001', '2dbd4gtevy68m9juh1qqa4dhgfi8ko7b00000000000000000000000000000138');
INSERT INTO metadata_relationship ( entity_domain, site_master, last_updated_by, oid, owner, locked_by, create_date, type, created_by, seq, key_name, last_update_date, parent_id, child_id) VALUES (NULL, 'www.runwaysdk.com', '0000000000000000000000000000001000000000000000000000000000000003', '07a8h4cule4jt6g0u2i6nwv4s87tx5ip00000000000000000000000000000073', '0000000000000000000000000000001000000000000000000000000000000003', NULL, '2014-02-10 12:13:54', 'com.runwaysdk.system.metadata.ClassAttributeConcrete', '0000000000000000000000000000001000000000000000000000000000000003', 4486, 'com.runwaysdk.system.scheduler.JobHistory.siteMaster', '2014-02-10 12:13:54', '2ft54d1ik9d4qmj2ffopey6uwk000fvr00000000000000000000000000000001', '2dbd4gtevy68m9juh1qqa4dhgfi8ko7b00000000000000000000000000000138');
 INSERT INTO visibilitymodifier (set_id, item_id)  VALUES  ('z6scxxgsvp98naixyurerfw2zxi1c5sp', '20071109NM000000000000000000000520071109NM0000000000000000000001');
INSERT INTO metadata_display_label ( default_locale, oid, site_master, key_name) VALUES ('Key Name', 'rejs7seg91epjvo71s4ryrj4v27c1t33NM200904120000000000000000000030', 'www.runwaysdk.com', 'rejs7seg91epjvo71s4ryrj4v27c1t33NM200904120000000000000000000030');
 INSERT INTO visibilitymodifier (set_id, item_id)  VALUES  ('xfrb0uxfxqvn8g926neg134kt66yqfbe', '20071109NM000000000000000000000520071109NM0000000000000000000001');
 INSERT INTO md_attribute_indicies (set_id, item_id)  VALUES  ('6qjm9oe4kanq34c744ywd1ubtppet8re', '0000000000000000000000000000040900000000000000000000000000000403');
INSERT INTO metadata_display_label ( default_locale, oid, site_master, key_name) VALUES ('Key which uniquely identifies each instance of this type heirarchy.', '2dh7j31a2b1x3axrcmbuywxy1gk1309zNM200904120000000000000000000030', 'www.runwaysdk.com', '2dh7j31a2b1x3axrcmbuywxy1gk1309zNM200904120000000000000000000030');
INSERT INTO md_attribute_character ( default_value, database_size, oid) VALUES (NULL, 255, '0bmtiqezkcp09rsgzj3x1vtcscju455h00000000000000000000000000000138');
INSERT INTO md_attribute_char ( oid) VALUES ('0bmtiqezkcp09rsgzj3x1vtcscju455h00000000000000000000000000000138');
INSERT INTO md_attribute_primitive ( oid) VALUES ('0bmtiqezkcp09rsgzj3x1vtcscju455h00000000000000000000000000000138');
INSERT INTO md_attribute_concrete ( column_name, defining_md_class, setter_visibility, setter_visibility_c, immutable, index_name, generate_accessor, system, required, display_label, getter_visibility, getter_visibility_c, index_type, index_type_c, attribute_name, oid) VALUES ('key_name', '2ft54d1ik9d4qmj2ffopey6uwk000fvr00000000000000000000000000000001', 'z6scxxgsvp98naixyurerfw2zxi1c5sp', '20071109NM000000000000000000000520071109NM0000000000000000000001', 0, 'aqm4llgd0t1v5bka30ixqcccvww0x7', 1, 0, 1, 'rejs7seg91epjvo71s4ryrj4v27c1t33NM200904120000000000000000000030', 'xfrb0uxfxqvn8g926neg134kt66yqfbe', '20071109NM000000000000000000000520071109NM0000000000000000000001', '6qjm9oe4kanq34c744ywd1ubtppet8re', '0000000000000000000000000000040900000000000000000000000000000403', 'keyName', '0bmtiqezkcp09rsgzj3x1vtcscju455h00000000000000000000000000000138');
INSERT INTO md_attribute ( oid) VALUES ('0bmtiqezkcp09rsgzj3x1vtcscju455h00000000000000000000000000000138');
INSERT INTO metadata ( description, created_by, owner, oid, create_date, seq, type, remove, site_master, locked_by, entity_domain, last_updated_by, last_update_date, key_name) VALUES ('2dh7j31a2b1x3axrcmbuywxy1gk1309zNM200904120000000000000000000030', '0000000000000000000000000000001000000000000000000000000000000003', '0000000000000000000000000000001000000000000000000000000000000003', '0bmtiqezkcp09rsgzj3x1vtcscju455h00000000000000000000000000000138', '2014-02-10 12:13:54', 4487, 'com.runwaysdk.system.metadata.MdAttributeCharacter', 1, 'www.runwaysdk.com', NULL, NULL, '0000000000000000000000000000001000000000000000000000000000000003', '2014-02-10 12:13:54', 'com.runwaysdk.system.scheduler.JobHistory.keyName');
ALTER TABLE job_history ADD COLUMN key_name  varchar(255);
INSERT INTO class_attribute_concrete ( oid, parent_id, child_id) VALUES ('6qgln9149zkd13vpb0o85lzj1kikkpnd00000000000000000000000000000073', '2ft54d1ik9d4qmj2ffopey6uwk000fvr00000000000000000000000000000001', '0bmtiqezkcp09rsgzj3x1vtcscju455h00000000000000000000000000000138');
INSERT INTO class_attribute ( oid, parent_id, child_id) VALUES ('6qgln9149zkd13vpb0o85lzj1kikkpnd00000000000000000000000000000073', '2ft54d1ik9d4qmj2ffopey6uwk000fvr00000000000000000000000000000001', '0bmtiqezkcp09rsgzj3x1vtcscju455h00000000000000000000000000000138');
INSERT INTO metadata_relationship ( entity_domain, site_master, last_updated_by, oid, owner, locked_by, create_date, type, created_by, seq, key_name, last_update_date, parent_id, child_id) VALUES (NULL, 'www.runwaysdk.com', '0000000000000000000000000000001000000000000000000000000000000003', '6qgln9149zkd13vpb0o85lzj1kikkpnd00000000000000000000000000000073', '0000000000000000000000000000001000000000000000000000000000000003', NULL, '2014-02-10 12:13:54', 'com.runwaysdk.system.metadata.ClassAttributeConcrete', '0000000000000000000000000000001000000000000000000000000000000003', 4488, 'com.runwaysdk.system.scheduler.JobHistory.keyName', '2014-02-10 12:13:54', '2ft54d1ik9d4qmj2ffopey6uwk000fvr00000000000000000000000000000001', '0bmtiqezkcp09rsgzj3x1vtcscju455h00000000000000000000000000000138');
CREATE UNIQUE INDEX aqm4llgd0t1v5bka30ixqcccvww0x7 ON job_history (key_name);
 INSERT INTO visibilitymodifier (set_id, item_id)  VALUES  ('xpaenqxz5eltxem4miqw5dxnr1zgtnch', '20071109NM000000000000000000000520071109NM0000000000000000000001');
INSERT INTO metadata_display_label ( default_locale, oid, site_master, key_name) VALUES ('Last Update Date', 'qq65h7yqniwzt28sqodpdpkmns0uztyfNM200904120000000000000000000030', 'www.runwaysdk.com', 'qq65h7yqniwzt28sqodpdpkmns0uztyfNM200904120000000000000000000030');
 INSERT INTO visibilitymodifier (set_id, item_id)  VALUES  ('296vpvrus8a0bwxfexcwows2psoei9xb', '20071109NM000000000000000000000520071109NM0000000000000000000001');
 INSERT INTO md_attribute_indicies (set_id, item_id)  VALUES  ('qtns9ftvxn53nxa2dtg26hyqy7zfvg2x', '0000000000000000000000000000040100000000000000000000000000000403');
INSERT INTO metadata_display_label ( default_locale, oid, site_master, key_name) VALUES ('Date and time this record was last updated', 'zghauxw3h1qfdk040qzbcedyasi8qcuaNM200904120000000000000000000030', 'www.runwaysdk.com', 'zghauxw3h1qfdk040qzbcedyasi8qcuaNM200904120000000000000000000030');
INSERT INTO md_attribute_datetime ( default_value, oid) VALUES (NULL, '8net1gu99hrx9u85a6mf865jlzv6aldy00000000000000000000000000000341');
INSERT INTO md_attribute_moment ( oid) VALUES ('8net1gu99hrx9u85a6mf865jlzv6aldy00000000000000000000000000000341');
INSERT INTO md_attribute_primitive ( oid) VALUES ('8net1gu99hrx9u85a6mf865jlzv6aldy00000000000000000000000000000341');
INSERT INTO md_attribute_concrete ( column_name, defining_md_class, setter_visibility, setter_visibility_c, immutable, index_name, generate_accessor, system, required, display_label, getter_visibility, getter_visibility_c, index_type, index_type_c, attribute_name, oid) VALUES ('last_update_date', '2ft54d1ik9d4qmj2ffopey6uwk000fvr00000000000000000000000000000001', 'xpaenqxz5eltxem4miqw5dxnr1zgtnch', '20071109NM000000000000000000000520071109NM0000000000000000000001', 0, 'acozu2cue94r0mpy97s0z3sdpp4tr3', 1, 1, 1, 'qq65h7yqniwzt28sqodpdpkmns0uztyfNM200904120000000000000000000030', '296vpvrus8a0bwxfexcwows2psoei9xb', '20071109NM000000000000000000000520071109NM0000000000000000000001', 'qtns9ftvxn53nxa2dtg26hyqy7zfvg2x', '0000000000000000000000000000040100000000000000000000000000000403', 'lastUpdateDate', '8net1gu99hrx9u85a6mf865jlzv6aldy00000000000000000000000000000341');
INSERT INTO md_attribute ( oid) VALUES ('8net1gu99hrx9u85a6mf865jlzv6aldy00000000000000000000000000000341');
INSERT INTO metadata ( description, created_by, owner, oid, create_date, seq, type, remove, site_master, locked_by, entity_domain, last_updated_by, last_update_date, key_name) VALUES ('zghauxw3h1qfdk040qzbcedyasi8qcuaNM200904120000000000000000000030', '0000000000000000000000000000001000000000000000000000000000000003', '0000000000000000000000000000001000000000000000000000000000000003', '8net1gu99hrx9u85a6mf865jlzv6aldy00000000000000000000000000000341', '2014-02-10 12:13:54', 4489, 'com.runwaysdk.system.metadata.MdAttributeDateTime', 0, 'www.runwaysdk.com', NULL, NULL, '0000000000000000000000000000001000000000000000000000000000000003', '2014-02-10 12:13:54', 'com.runwaysdk.system.scheduler.JobHistory.lastUpdateDate');
ALTER TABLE job_history ADD COLUMN last_update_date  timestamp;
INSERT INTO class_attribute_concrete ( oid, parent_id, child_id) VALUES ('svrue54arwb8wtdamvafie8m0awdll0s00000000000000000000000000000073', '2ft54d1ik9d4qmj2ffopey6uwk000fvr00000000000000000000000000000001', '8net1gu99hrx9u85a6mf865jlzv6aldy00000000000000000000000000000341');
INSERT INTO class_attribute ( oid, parent_id, child_id) VALUES ('svrue54arwb8wtdamvafie8m0awdll0s00000000000000000000000000000073', '2ft54d1ik9d4qmj2ffopey6uwk000fvr00000000000000000000000000000001', '8net1gu99hrx9u85a6mf865jlzv6aldy00000000000000000000000000000341');
INSERT INTO metadata_relationship ( entity_domain, site_master, last_updated_by, oid, owner, locked_by, create_date, type, created_by, seq, key_name, last_update_date, parent_id, child_id) VALUES (NULL, 'www.runwaysdk.com', '0000000000000000000000000000001000000000000000000000000000000003', 'svrue54arwb8wtdamvafie8m0awdll0s00000000000000000000000000000073', '0000000000000000000000000000001000000000000000000000000000000003', NULL, '2014-02-10 12:13:54', 'com.runwaysdk.system.metadata.ClassAttributeConcrete', '0000000000000000000000000000001000000000000000000000000000000003', 4490, 'com.runwaysdk.system.scheduler.JobHistory.lastUpdateDate', '2014-02-10 12:13:54', '2ft54d1ik9d4qmj2ffopey6uwk000fvr00000000000000000000000000000001', '8net1gu99hrx9u85a6mf865jlzv6aldy00000000000000000000000000000341');
 INSERT INTO visibilitymodifier (set_id, item_id)  VALUES  ('92eems2komex7cvsqzcxecjzvjkww9wf', '20071109NM000000000000000000000520071109NM0000000000000000000001');
INSERT INTO metadata_display_label ( default_locale, oid, site_master, key_name) VALUES ('Last Updated By', '20d890j14zfgsctlskko3ihd7d1qdlkxNM200904120000000000000000000030', 'www.runwaysdk.com', '20d890j14zfgsctlskko3ihd7d1qdlkxNM200904120000000000000000000030');
 INSERT INTO visibilitymodifier (set_id, item_id)  VALUES  ('xz3pcmcans88qo03uh4v21vgohiigokn', '20071109NM000000000000000000000520071109NM0000000000000000000001');
 INSERT INTO md_attribute_indicies (set_id, item_id)  VALUES  ('sqor2sye7qx2s0wlzv8n2ka234tp8d94', '0000000000000000000000000000040000000000000000000000000000000403');
INSERT INTO metadata_display_label ( default_locale, oid, site_master, key_name) VALUES ('User who last updated this object', 'xwkp4fxfzvbgn7z6v6138h99wj2dodqlNM200904120000000000000000000030', 'www.runwaysdk.com', 'xwkp4fxfzvbgn7z6v6138h99wj2dodqlNM200904120000000000000000000030');
INSERT INTO md_attribute_reference ( default_value, md_business, oid) VALUES (NULL, 'JS20070723000000000000000000156000000000000000000000000000000001', 'zo1f8vpzfwo49l0bpv02c4370r89ogz400000000000000000000000000000186');
INSERT INTO md_attribute_ref ( oid) VALUES ('zo1f8vpzfwo49l0bpv02c4370r89ogz400000000000000000000000000000186');
INSERT INTO md_attribute_concrete ( column_name, defining_md_class, setter_visibility, setter_visibility_c, immutable, index_name, generate_accessor, system, required, display_label, getter_visibility, getter_visibility_c, index_type, index_type_c, attribute_name, oid) VALUES ('last_updated_by', '2ft54d1ik9d4qmj2ffopey6uwk000fvr00000000000000000000000000000001', '92eems2komex7cvsqzcxecjzvjkww9wf', '20071109NM000000000000000000000520071109NM0000000000000000000001', 0, 'a8cgcgcrh2s1muqm6tfmjzt7rg9cbr', 1, 1, 1, '20d890j14zfgsctlskko3ihd7d1qdlkxNM200904120000000000000000000030', 'xz3pcmcans88qo03uh4v21vgohiigokn', '20071109NM000000000000000000000520071109NM0000000000000000000001', 'sqor2sye7qx2s0wlzv8n2ka234tp8d94', '0000000000000000000000000000040000000000000000000000000000000403', 'lastUpdatedBy', 'zo1f8vpzfwo49l0bpv02c4370r89ogz400000000000000000000000000000186');
INSERT INTO md_attribute ( oid) VALUES ('zo1f8vpzfwo49l0bpv02c4370r89ogz400000000000000000000000000000186');
INSERT INTO metadata ( description, created_by, owner, oid, create_date, seq, type, remove, site_master, locked_by, entity_domain, last_updated_by, last_update_date, key_name) VALUES ('xwkp4fxfzvbgn7z6v6138h99wj2dodqlNM200904120000000000000000000030', '0000000000000000000000000000001000000000000000000000000000000003', '0000000000000000000000000000001000000000000000000000000000000003', 'zo1f8vpzfwo49l0bpv02c4370r89ogz400000000000000000000000000000186', '2014-02-10 12:13:54', 4491, 'com.runwaysdk.system.metadata.MdAttributeReference', 0, 'www.runwaysdk.com', NULL, NULL, '0000000000000000000000000000001000000000000000000000000000000003', '2014-02-10 12:13:54', 'com.runwaysdk.system.scheduler.JobHistory.lastUpdatedBy');
ALTER TABLE job_history ADD COLUMN last_updated_by  char(64);
INSERT INTO class_attribute_concrete ( oid, parent_id, child_id) VALUES ('0m5l3ee9kemp24mnz7qi7cmw87s84ukh00000000000000000000000000000073', '2ft54d1ik9d4qmj2ffopey6uwk000fvr00000000000000000000000000000001', 'zo1f8vpzfwo49l0bpv02c4370r89ogz400000000000000000000000000000186');
INSERT INTO class_attribute ( oid, parent_id, child_id) VALUES ('0m5l3ee9kemp24mnz7qi7cmw87s84ukh00000000000000000000000000000073', '2ft54d1ik9d4qmj2ffopey6uwk000fvr00000000000000000000000000000001', 'zo1f8vpzfwo49l0bpv02c4370r89ogz400000000000000000000000000000186');
INSERT INTO metadata_relationship ( entity_domain, site_master, last_updated_by, oid, owner, locked_by, create_date, type, created_by, seq, key_name, last_update_date, parent_id, child_id) VALUES (NULL, 'www.runwaysdk.com', '0000000000000000000000000000001000000000000000000000000000000003', '0m5l3ee9kemp24mnz7qi7cmw87s84ukh00000000000000000000000000000073', '0000000000000000000000000000001000000000000000000000000000000003', NULL, '2014-02-10 12:13:54', 'com.runwaysdk.system.metadata.ClassAttributeConcrete', '0000000000000000000000000000001000000000000000000000000000000003', 4492, 'com.runwaysdk.system.scheduler.JobHistory.lastUpdatedBy', '2014-02-10 12:13:54', '2ft54d1ik9d4qmj2ffopey6uwk000fvr00000000000000000000000000000001', 'zo1f8vpzfwo49l0bpv02c4370r89ogz400000000000000000000000000000186');
 INSERT INTO visibilitymodifier (set_id, item_id)  VALUES  ('xzdwix7o23o7c5wz14pgvc7q5nqn0rbv', '20071109NM000000000000000000000520071109NM0000000000000000000001');
INSERT INTO metadata_display_label ( default_locale, oid, site_master, key_name) VALUES ('Created By', '7af6jwk85g5kyumh9wn83lhg7x0mibo8NM200904120000000000000000000030', 'www.runwaysdk.com', '7af6jwk85g5kyumh9wn83lhg7x0mibo8NM200904120000000000000000000030');
 INSERT INTO visibilitymodifier (set_id, item_id)  VALUES  ('qmfevd80orzuh7rdnddcpiiyfupielfl', '20071109NM000000000000000000000520071109NM0000000000000000000001');
 INSERT INTO md_attribute_indicies (set_id, item_id)  VALUES  ('xty5ymrvaoqya4wumlqq9h3r324wello', '0000000000000000000000000000040000000000000000000000000000000403');
INSERT INTO metadata_display_label ( default_locale, oid, site_master, key_name) VALUES ('User that created this object', 'qrcb8cngspjt6w3nxrr1572w7jvqxc1pNM200904120000000000000000000030', 'www.runwaysdk.com', 'qrcb8cngspjt6w3nxrr1572w7jvqxc1pNM200904120000000000000000000030');
INSERT INTO md_attribute_reference ( default_value, md_business, oid) VALUES (NULL, 'JS20070723000000000000000000156000000000000000000000000000000001', 'y1lsaw2ocvnuw73c6sulrzfreb6li5gl00000000000000000000000000000186');
INSERT INTO md_attribute_ref ( oid) VALUES ('y1lsaw2ocvnuw73c6sulrzfreb6li5gl00000000000000000000000000000186');
INSERT INTO md_attribute_concrete ( column_name, defining_md_class, setter_visibility, setter_visibility_c, immutable, index_name, generate_accessor, system, required, display_label, getter_visibility, getter_visibility_c, index_type, index_type_c, attribute_name, oid) VALUES ('created_by', '2ft54d1ik9d4qmj2ffopey6uwk000fvr00000000000000000000000000000001', 'xzdwix7o23o7c5wz14pgvc7q5nqn0rbv', '20071109NM000000000000000000000520071109NM0000000000000000000001', 1, 'a6kf7j3gsytgj09i9eozg907cr3tln', 1, 1, 1, '7af6jwk85g5kyumh9wn83lhg7x0mibo8NM200904120000000000000000000030', 'qmfevd80orzuh7rdnddcpiiyfupielfl', '20071109NM000000000000000000000520071109NM0000000000000000000001', 'xty5ymrvaoqya4wumlqq9h3r324wello', '0000000000000000000000000000040000000000000000000000000000000403', 'createdBy', 'y1lsaw2ocvnuw73c6sulrzfreb6li5gl00000000000000000000000000000186');
INSERT INTO md_attribute ( oid) VALUES ('y1lsaw2ocvnuw73c6sulrzfreb6li5gl00000000000000000000000000000186');
INSERT INTO metadata ( description, created_by, owner, oid, create_date, seq, type, remove, site_master, locked_by, entity_domain, last_updated_by, last_update_date, key_name) VALUES ('qrcb8cngspjt6w3nxrr1572w7jvqxc1pNM200904120000000000000000000030', '0000000000000000000000000000001000000000000000000000000000000003', '0000000000000000000000000000001000000000000000000000000000000003', 'y1lsaw2ocvnuw73c6sulrzfreb6li5gl00000000000000000000000000000186', '2014-02-10 12:13:54', 4493, 'com.runwaysdk.system.metadata.MdAttributeReference', 0, 'www.runwaysdk.com', NULL, NULL, '0000000000000000000000000000001000000000000000000000000000000003', '2014-02-10 12:13:54', 'com.runwaysdk.system.scheduler.JobHistory.createdBy');
ALTER TABLE job_history ADD COLUMN created_by  char(64);
INSERT INTO class_attribute_concrete ( oid, parent_id, child_id) VALUES ('ywxgsjiltpdyrbe7ntlqt62nec43dsjg00000000000000000000000000000073', '2ft54d1ik9d4qmj2ffopey6uwk000fvr00000000000000000000000000000001', 'y1lsaw2ocvnuw73c6sulrzfreb6li5gl00000000000000000000000000000186');
INSERT INTO class_attribute ( oid, parent_id, child_id) VALUES ('ywxgsjiltpdyrbe7ntlqt62nec43dsjg00000000000000000000000000000073', '2ft54d1ik9d4qmj2ffopey6uwk000fvr00000000000000000000000000000001', 'y1lsaw2ocvnuw73c6sulrzfreb6li5gl00000000000000000000000000000186');
INSERT INTO metadata_relationship ( entity_domain, site_master, last_updated_by, oid, owner, locked_by, create_date, type, created_by, seq, key_name, last_update_date, parent_id, child_id) VALUES (NULL, 'www.runwaysdk.com', '0000000000000000000000000000001000000000000000000000000000000003', 'ywxgsjiltpdyrbe7ntlqt62nec43dsjg00000000000000000000000000000073', '0000000000000000000000000000001000000000000000000000000000000003', NULL, '2014-02-10 12:13:54', 'com.runwaysdk.system.metadata.ClassAttributeConcrete', '0000000000000000000000000000001000000000000000000000000000000003', 4494, 'com.runwaysdk.system.scheduler.JobHistory.createdBy', '2014-02-10 12:13:54', '2ft54d1ik9d4qmj2ffopey6uwk000fvr00000000000000000000000000000001', 'y1lsaw2ocvnuw73c6sulrzfreb6li5gl00000000000000000000000000000186');
 INSERT INTO visibilitymodifier (set_id, item_id)  VALUES  ('7f3s7dmjxwe4az3quh1s87h5r7sxwi6m', '20071109NM000000000000000000000520071109NM0000000000000000000001');
INSERT INTO metadata_display_label ( default_locale, oid, site_master, key_name) VALUES ('Locked By', '2edr5d5etg7jluateemlwh4pljt574zuNM200904120000000000000000000030', 'www.runwaysdk.com', '2edr5d5etg7jluateemlwh4pljt574zuNM200904120000000000000000000030');
 INSERT INTO visibilitymodifier (set_id, item_id)  VALUES  ('24px57ikdi6ls70i7jxwco1sp0b5a27f', '20071109NM000000000000000000000520071109NM0000000000000000000001');
 INSERT INTO md_attribute_indicies (set_id, item_id)  VALUES  ('sq7u34hej0vx3b37q3vhlcs8abhzedqg', '0000000000000000000000000000040000000000000000000000000000000403');
INSERT INTO metadata_display_label ( default_locale, oid, site_master, key_name) VALUES ('User who has a write lock on this object', '7b67cdpdndgcvz0l4vbfhmbgefqrbwgsNM200904120000000000000000000030', 'www.runwaysdk.com', '7b67cdpdndgcvz0l4vbfhmbgefqrbwgsNM200904120000000000000000000030');
INSERT INTO md_attribute_reference ( default_value, md_business, oid) VALUES (NULL, '0000000000000000000000000000000300000000000000000000000000000001', 'xkravrf9mg21oha2h9byr0by0546ukgb00000000000000000000000000000186');
INSERT INTO md_attribute_ref ( oid) VALUES ('xkravrf9mg21oha2h9byr0by0546ukgb00000000000000000000000000000186');
INSERT INTO md_attribute_concrete ( column_name, defining_md_class, setter_visibility, setter_visibility_c, immutable, index_name, generate_accessor, system, required, display_label, getter_visibility, getter_visibility_c, index_type, index_type_c, attribute_name, oid) VALUES ('locked_by', '2ft54d1ik9d4qmj2ffopey6uwk000fvr00000000000000000000000000000001', '7f3s7dmjxwe4az3quh1s87h5r7sxwi6m', '20071109NM000000000000000000000520071109NM0000000000000000000001', 0, 'aqtxzkagd8xs9w5rigd1x74sw90ke7', 1, 1, 0, '2edr5d5etg7jluateemlwh4pljt574zuNM200904120000000000000000000030', '24px57ikdi6ls70i7jxwco1sp0b5a27f', '20071109NM000000000000000000000520071109NM0000000000000000000001', 'sq7u34hej0vx3b37q3vhlcs8abhzedqg', '0000000000000000000000000000040000000000000000000000000000000403', 'lockedBy', 'xkravrf9mg21oha2h9byr0by0546ukgb00000000000000000000000000000186');
INSERT INTO md_attribute ( oid) VALUES ('xkravrf9mg21oha2h9byr0by0546ukgb00000000000000000000000000000186');
INSERT INTO metadata ( description, created_by, owner, oid, create_date, seq, type, remove, site_master, locked_by, entity_domain, last_updated_by, last_update_date, key_name) VALUES ('7b67cdpdndgcvz0l4vbfhmbgefqrbwgsNM200904120000000000000000000030', '0000000000000000000000000000001000000000000000000000000000000003', '0000000000000000000000000000001000000000000000000000000000000003', 'xkravrf9mg21oha2h9byr0by0546ukgb00000000000000000000000000000186', '2014-02-10 12:13:54', 4495, 'com.runwaysdk.system.metadata.MdAttributeReference', 0, 'www.runwaysdk.com', NULL, NULL, '0000000000000000000000000000001000000000000000000000000000000003', '2014-02-10 12:13:54', 'com.runwaysdk.system.scheduler.JobHistory.lockedBy');
ALTER TABLE job_history ADD COLUMN locked_by  char(64);
INSERT INTO class_attribute_concrete ( oid, parent_id, child_id) VALUES ('7gq71zu7dmg7ul8iaj6ibgc79fgbulf600000000000000000000000000000073', '2ft54d1ik9d4qmj2ffopey6uwk000fvr00000000000000000000000000000001', 'xkravrf9mg21oha2h9byr0by0546ukgb00000000000000000000000000000186');
INSERT INTO class_attribute ( oid, parent_id, child_id) VALUES ('7gq71zu7dmg7ul8iaj6ibgc79fgbulf600000000000000000000000000000073', '2ft54d1ik9d4qmj2ffopey6uwk000fvr00000000000000000000000000000001', 'xkravrf9mg21oha2h9byr0by0546ukgb00000000000000000000000000000186');
INSERT INTO metadata_relationship ( entity_domain, site_master, last_updated_by, oid, owner, locked_by, create_date, type, created_by, seq, key_name, last_update_date, parent_id, child_id) VALUES (NULL, 'www.runwaysdk.com', '0000000000000000000000000000001000000000000000000000000000000003', '7gq71zu7dmg7ul8iaj6ibgc79fgbulf600000000000000000000000000000073', '0000000000000000000000000000001000000000000000000000000000000003', NULL, '2014-02-10 12:13:54', 'com.runwaysdk.system.metadata.ClassAttributeConcrete', '0000000000000000000000000000001000000000000000000000000000000003', 4496, 'com.runwaysdk.system.scheduler.JobHistory.lockedBy', '2014-02-10 12:13:54', '2ft54d1ik9d4qmj2ffopey6uwk000fvr00000000000000000000000000000001', 'xkravrf9mg21oha2h9byr0by0546ukgb00000000000000000000000000000186');
 INSERT INTO visibilitymodifier (set_id, item_id)  VALUES  ('0lonttjaum8g3060cp4sdqbh332xw3nx', '20071109NM000000000000000000000520071109NM0000000000000000000001');
INSERT INTO metadata_display_label ( default_locale, oid, site_master, key_name) VALUES ('Create Date', 'yxspobzro5rw9sdb1aoe7ah7446egebiNM200904120000000000000000000030', 'www.runwaysdk.com', 'yxspobzro5rw9sdb1aoe7ah7446egebiNM200904120000000000000000000030');
 INSERT INTO visibilitymodifier (set_id, item_id)  VALUES  ('2cbn6d0nub4qlac6z2medla77rr6q3dn', '20071109NM000000000000000000000520071109NM0000000000000000000001');
 INSERT INTO md_attribute_indicies (set_id, item_id)  VALUES  ('z12paaqflo2j57pj4sc7oql25r7zpr8g', '0000000000000000000000000000040100000000000000000000000000000403');
INSERT INTO metadata_display_label ( default_locale, oid, site_master, key_name) VALUES ('Date and time this record was created', 'qv44y52gosdb9vgj35cztoa6l0sjy8efNM200904120000000000000000000030', 'www.runwaysdk.com', 'qv44y52gosdb9vgj35cztoa6l0sjy8efNM200904120000000000000000000030');
INSERT INTO md_attribute_datetime ( default_value, oid) VALUES (NULL, 'xwh81hemts3cxodgwsla6b0bx63zuvfe00000000000000000000000000000341');
INSERT INTO md_attribute_moment ( oid) VALUES ('xwh81hemts3cxodgwsla6b0bx63zuvfe00000000000000000000000000000341');
INSERT INTO md_attribute_primitive ( oid) VALUES ('xwh81hemts3cxodgwsla6b0bx63zuvfe00000000000000000000000000000341');
INSERT INTO md_attribute_concrete ( column_name, defining_md_class, setter_visibility, setter_visibility_c, immutable, index_name, generate_accessor, system, required, display_label, getter_visibility, getter_visibility_c, index_type, index_type_c, attribute_name, oid) VALUES ('create_date', '2ft54d1ik9d4qmj2ffopey6uwk000fvr00000000000000000000000000000001', '0lonttjaum8g3060cp4sdqbh332xw3nx', '20071109NM000000000000000000000520071109NM0000000000000000000001', 0, 'aiukatqjanj74of1120ld5kh0n1qf4', 1, 1, 1, 'yxspobzro5rw9sdb1aoe7ah7446egebiNM200904120000000000000000000030', '2cbn6d0nub4qlac6z2medla77rr6q3dn', '20071109NM000000000000000000000520071109NM0000000000000000000001', 'z12paaqflo2j57pj4sc7oql25r7zpr8g', '0000000000000000000000000000040100000000000000000000000000000403', 'createDate', 'xwh81hemts3cxodgwsla6b0bx63zuvfe00000000000000000000000000000341');
INSERT INTO md_attribute ( oid) VALUES ('xwh81hemts3cxodgwsla6b0bx63zuvfe00000000000000000000000000000341');
INSERT INTO metadata ( description, created_by, owner, oid, create_date, seq, type, remove, site_master, locked_by, entity_domain, last_updated_by, last_update_date, key_name) VALUES ('qv44y52gosdb9vgj35cztoa6l0sjy8efNM200904120000000000000000000030', '0000000000000000000000000000001000000000000000000000000000000003', '0000000000000000000000000000001000000000000000000000000000000003', 'xwh81hemts3cxodgwsla6b0bx63zuvfe00000000000000000000000000000341', '2014-02-10 12:13:54', 4497, 'com.runwaysdk.system.metadata.MdAttributeDateTime', 0, 'www.runwaysdk.com', NULL, NULL, '0000000000000000000000000000001000000000000000000000000000000003', '2014-02-10 12:13:54', 'com.runwaysdk.system.scheduler.JobHistory.createDate');
ALTER TABLE job_history ADD COLUMN create_date  timestamp;
INSERT INTO class_attribute_concrete ( oid, parent_id, child_id) VALUES ('6pzi85jz1737bhxj4ps2pcepg124xkym00000000000000000000000000000073', '2ft54d1ik9d4qmj2ffopey6uwk000fvr00000000000000000000000000000001', 'xwh81hemts3cxodgwsla6b0bx63zuvfe00000000000000000000000000000341');
INSERT INTO class_attribute ( oid, parent_id, child_id) VALUES ('6pzi85jz1737bhxj4ps2pcepg124xkym00000000000000000000000000000073', '2ft54d1ik9d4qmj2ffopey6uwk000fvr00000000000000000000000000000001', 'xwh81hemts3cxodgwsla6b0bx63zuvfe00000000000000000000000000000341');
INSERT INTO metadata_relationship ( entity_domain, site_master, last_updated_by, oid, owner, locked_by, create_date, type, created_by, seq, key_name, last_update_date, parent_id, child_id) VALUES (NULL, 'www.runwaysdk.com', '0000000000000000000000000000001000000000000000000000000000000003', '6pzi85jz1737bhxj4ps2pcepg124xkym00000000000000000000000000000073', '0000000000000000000000000000001000000000000000000000000000000003', NULL, '2014-02-10 12:13:54', 'com.runwaysdk.system.metadata.ClassAttributeConcrete', '0000000000000000000000000000001000000000000000000000000000000003', 4498, 'com.runwaysdk.system.scheduler.JobHistory.createDate', '2014-02-10 12:13:54', '2ft54d1ik9d4qmj2ffopey6uwk000fvr00000000000000000000000000000001', 'xwh81hemts3cxodgwsla6b0bx63zuvfe00000000000000000000000000000341');
 INSERT INTO visibilitymodifier (set_id, item_id)  VALUES  ('zfulf0pauzxktfx7mjjk55csji1vj4ka', '20071109NM000000000000000000000520071109NM0000000000000000000001');
INSERT INTO metadata_display_label ( default_locale, oid, site_master, key_name) VALUES ('Owner', 'xk4e0ek3ny6swftkk4evr9eczsp712vmNM200904120000000000000000000030', 'www.runwaysdk.com', 'xk4e0ek3ny6swftkk4evr9eczsp712vmNM200904120000000000000000000030');
 INSERT INTO visibilitymodifier (set_id, item_id)  VALUES  ('rd9fouey9b9r0qww33lpad6x804870jc', '20071109NM000000000000000000000520071109NM0000000000000000000001');
 INSERT INTO md_attribute_indicies (set_id, item_id)  VALUES  ('r9k9btdc7ljbv740f9z9vhxiqra5gt9u', '0000000000000000000000000000040000000000000000000000000000000403');
INSERT INTO metadata_display_label ( default_locale, oid, site_master, key_name) VALUES ('A reference to the user who own this object', 'xjt8uh74vq7rlknnbu1nij72aw64ykneNM200904120000000000000000000030', 'www.runwaysdk.com', 'xjt8uh74vq7rlknnbu1nij72aw64ykneNM200904120000000000000000000030');
INSERT INTO md_attribute_reference ( default_value, md_business, oid) VALUES (NULL, '0000000000000000000000000000051600000000000000000000000000000001', 't1hdn5jde23b08aclsyvwlwma7ijd84000000000000000000000000000000186');
INSERT INTO md_attribute_ref ( oid) VALUES ('t1hdn5jde23b08aclsyvwlwma7ijd84000000000000000000000000000000186');
INSERT INTO md_attribute_concrete ( column_name, defining_md_class, setter_visibility, setter_visibility_c, immutable, index_name, generate_accessor, system, required, display_label, getter_visibility, getter_visibility_c, index_type, index_type_c, attribute_name, oid) VALUES ('owner', '2ft54d1ik9d4qmj2ffopey6uwk000fvr00000000000000000000000000000001', 'zfulf0pauzxktfx7mjjk55csji1vj4ka', '20071109NM000000000000000000000520071109NM0000000000000000000001', 0, 'a8uo2wxm8hg62qjjtylgvnudcisb6z', 1, 0, 1, 'xk4e0ek3ny6swftkk4evr9eczsp712vmNM200904120000000000000000000030', 'rd9fouey9b9r0qww33lpad6x804870jc', '20071109NM000000000000000000000520071109NM0000000000000000000001', 'r9k9btdc7ljbv740f9z9vhxiqra5gt9u', '0000000000000000000000000000040000000000000000000000000000000403', 'owner', 't1hdn5jde23b08aclsyvwlwma7ijd84000000000000000000000000000000186');
INSERT INTO md_attribute ( oid) VALUES ('t1hdn5jde23b08aclsyvwlwma7ijd84000000000000000000000000000000186');
INSERT INTO metadata ( description, created_by, owner, oid, create_date, seq, type, remove, site_master, locked_by, entity_domain, last_updated_by, last_update_date, key_name) VALUES ('xjt8uh74vq7rlknnbu1nij72aw64ykneNM200904120000000000000000000030', '0000000000000000000000000000001000000000000000000000000000000003', '0000000000000000000000000000001000000000000000000000000000000003', 't1hdn5jde23b08aclsyvwlwma7ijd84000000000000000000000000000000186', '2014-02-10 12:13:54', 4499, 'com.runwaysdk.system.metadata.MdAttributeReference', 0, 'www.runwaysdk.com', NULL, NULL, '0000000000000000000000000000001000000000000000000000000000000003', '2014-02-10 12:13:54', 'com.runwaysdk.system.scheduler.JobHistory.owner');
ALTER TABLE job_history ADD COLUMN owner  char(64);
INSERT INTO class_attribute_concrete ( oid, parent_id, child_id) VALUES ('0euyxfk6frch3lys4p3681bp38n8f9e700000000000000000000000000000073', '2ft54d1ik9d4qmj2ffopey6uwk000fvr00000000000000000000000000000001', 't1hdn5jde23b08aclsyvwlwma7ijd84000000000000000000000000000000186');
INSERT INTO class_attribute ( oid, parent_id, child_id) VALUES ('0euyxfk6frch3lys4p3681bp38n8f9e700000000000000000000000000000073', '2ft54d1ik9d4qmj2ffopey6uwk000fvr00000000000000000000000000000001', 't1hdn5jde23b08aclsyvwlwma7ijd84000000000000000000000000000000186');
INSERT INTO metadata_relationship ( entity_domain, site_master, last_updated_by, oid, owner, locked_by, create_date, type, created_by, seq, key_name, last_update_date, parent_id, child_id) VALUES (NULL, 'www.runwaysdk.com', '0000000000000000000000000000001000000000000000000000000000000003', '0euyxfk6frch3lys4p3681bp38n8f9e700000000000000000000000000000073', '0000000000000000000000000000001000000000000000000000000000000003', NULL, '2014-02-10 12:13:54', 'com.runwaysdk.system.metadata.ClassAttributeConcrete', '0000000000000000000000000000001000000000000000000000000000000003', 4500, 'com.runwaysdk.system.scheduler.JobHistory.owner', '2014-02-10 12:13:54', '2ft54d1ik9d4qmj2ffopey6uwk000fvr00000000000000000000000000000001', 't1hdn5jde23b08aclsyvwlwma7ijd84000000000000000000000000000000186');
 INSERT INTO visibilitymodifier (set_id, item_id)  VALUES  ('1zs84hugthmjixijtfvl18tjkef7bow6', '20071109NM000000000000000000000520071109NM0000000000000000000001');
INSERT INTO metadata_display_label ( default_locale, oid, site_master, key_name) VALUES ('Type', '28r9caa68pxevv4oz5y8fvjjobbtcecvNM200904120000000000000000000030', 'www.runwaysdk.com', '28r9caa68pxevv4oz5y8fvjjobbtcecvNM200904120000000000000000000030');
 INSERT INTO visibilitymodifier (set_id, item_id)  VALUES  ('6z33grt4slar6v5mvtbqftbhkgef3e77', '20071109NM000000000000000000000520071109NM0000000000000000000001');
 INSERT INTO md_attribute_indicies (set_id, item_id)  VALUES  ('syp2o6k9ujd22h5dr0l62fb8zy2zg0ws', '0000000000000000000000000000040100000000000000000000000000000403');
INSERT INTO metadata_display_label ( default_locale, oid, site_master, key_name) VALUES ('Fully qualified type of this object', '8gxu1krq5x27umpmfuyqejc1g1mfgo0sNM200904120000000000000000000030', 'www.runwaysdk.com', '8gxu1krq5x27umpmfuyqejc1g1mfgo0sNM200904120000000000000000000030');
INSERT INTO md_attribute_character ( default_value, database_size, oid) VALUES (NULL, 255, '7g4ine1me7fx8dcxk6mktrm2n3yqtscf00000000000000000000000000000138');
INSERT INTO md_attribute_char ( oid) VALUES ('7g4ine1me7fx8dcxk6mktrm2n3yqtscf00000000000000000000000000000138');
INSERT INTO md_attribute_primitive ( oid) VALUES ('7g4ine1me7fx8dcxk6mktrm2n3yqtscf00000000000000000000000000000138');
INSERT INTO md_attribute_concrete ( column_name, defining_md_class, setter_visibility, setter_visibility_c, immutable, index_name, generate_accessor, system, required, display_label, getter_visibility, getter_visibility_c, index_type, index_type_c, attribute_name, oid) VALUES ('type', '2ft54d1ik9d4qmj2ffopey6uwk000fvr00000000000000000000000000000001', '1zs84hugthmjixijtfvl18tjkef7bow6', '20071109NM000000000000000000000520071109NM0000000000000000000001', 1, 'aaazmil86x6r484k50u56nkei7v6a4', 1, 1, 1, '28r9caa68pxevv4oz5y8fvjjobbtcecvNM200904120000000000000000000030', '6z33grt4slar6v5mvtbqftbhkgef3e77', '20071109NM000000000000000000000520071109NM0000000000000000000001', 'syp2o6k9ujd22h5dr0l62fb8zy2zg0ws', '0000000000000000000000000000040100000000000000000000000000000403', 'type', '7g4ine1me7fx8dcxk6mktrm2n3yqtscf00000000000000000000000000000138');
INSERT INTO md_attribute ( oid) VALUES ('7g4ine1me7fx8dcxk6mktrm2n3yqtscf00000000000000000000000000000138');
INSERT INTO metadata ( description, created_by, owner, oid, create_date, seq, type, remove, site_master, locked_by, entity_domain, last_updated_by, last_update_date, key_name) VALUES ('8gxu1krq5x27umpmfuyqejc1g1mfgo0sNM200904120000000000000000000030', '0000000000000000000000000000001000000000000000000000000000000003', '0000000000000000000000000000001000000000000000000000000000000003', '7g4ine1me7fx8dcxk6mktrm2n3yqtscf00000000000000000000000000000138', '2014-02-10 12:13:54', 4501, 'com.runwaysdk.system.metadata.MdAttributeCharacter', 0, 'www.runwaysdk.com', NULL, NULL, '0000000000000000000000000000001000000000000000000000000000000003', '2014-02-10 12:13:54', 'com.runwaysdk.system.scheduler.JobHistory.type');
ALTER TABLE job_history ADD COLUMN type  varchar(255);
INSERT INTO class_attribute_concrete ( oid, parent_id, child_id) VALUES ('t0kefjfczveyiipvrh6ncxac4mcpboeq00000000000000000000000000000073', '2ft54d1ik9d4qmj2ffopey6uwk000fvr00000000000000000000000000000001', '7g4ine1me7fx8dcxk6mktrm2n3yqtscf00000000000000000000000000000138');
INSERT INTO class_attribute ( oid, parent_id, child_id) VALUES ('t0kefjfczveyiipvrh6ncxac4mcpboeq00000000000000000000000000000073', '2ft54d1ik9d4qmj2ffopey6uwk000fvr00000000000000000000000000000001', '7g4ine1me7fx8dcxk6mktrm2n3yqtscf00000000000000000000000000000138');
INSERT INTO metadata_relationship ( entity_domain, site_master, last_updated_by, oid, owner, locked_by, create_date, type, created_by, seq, key_name, last_update_date, parent_id, child_id) VALUES (NULL, 'www.runwaysdk.com', '0000000000000000000000000000001000000000000000000000000000000003', 't0kefjfczveyiipvrh6ncxac4mcpboeq00000000000000000000000000000073', '0000000000000000000000000000001000000000000000000000000000000003', NULL, '2014-02-10 12:13:54', 'com.runwaysdk.system.metadata.ClassAttributeConcrete', '0000000000000000000000000000001000000000000000000000000000000003', 4502, 'com.runwaysdk.system.scheduler.JobHistory.type', '2014-02-10 12:13:54', '2ft54d1ik9d4qmj2ffopey6uwk000fvr00000000000000000000000000000001', '7g4ine1me7fx8dcxk6mktrm2n3yqtscf00000000000000000000000000000138');
 INSERT INTO visibilitymodifier (set_id, item_id)  VALUES  ('2aqatg5gubuyvd0up9rg428msy5f7a1h', '20071109NM000000000000000000000520071109NM0000000000000000000001');
INSERT INTO metadata_display_label ( default_locale, oid, site_master, key_name) VALUES ('Entity Domain', '1o6crmxy9i3nu4vu24n16fkuzcoz6yhjNM200904120000000000000000000030', 'www.runwaysdk.com', '1o6crmxy9i3nu4vu24n16fkuzcoz6yhjNM200904120000000000000000000030');
 INSERT INTO visibilitymodifier (set_id, item_id)  VALUES  ('t0tuxu7ywywdpyci3az0lfao7gm8m4v1', '20071109NM000000000000000000000520071109NM0000000000000000000001');
 INSERT INTO md_attribute_indicies (set_id, item_id)  VALUES  ('swsb2vbdm8q6kct97svb249co0am8csf', '0000000000000000000000000000040100000000000000000000000000000403');
INSERT INTO metadata_display_label ( default_locale, oid, site_master, key_name) VALUES ('The Domain of this entity', '1stgslmt5s23jfh94c993erjdn86bnp0NM200904120000000000000000000030', 'www.runwaysdk.com', '1stgslmt5s23jfh94c993erjdn86bnp0NM200904120000000000000000000030');
INSERT INTO md_attribute_reference ( default_value, md_business, oid) VALUES (NULL, 'NM20081011000000000000000000011100000000000000000000000000000001', '6uvky0lrl0m6dfos211gdhnybfjuk8gu00000000000000000000000000000186');
INSERT INTO md_attribute_ref ( oid) VALUES ('6uvky0lrl0m6dfos211gdhnybfjuk8gu00000000000000000000000000000186');
INSERT INTO md_attribute_concrete ( column_name, defining_md_class, setter_visibility, setter_visibility_c, immutable, index_name, generate_accessor, system, required, display_label, getter_visibility, getter_visibility_c, index_type, index_type_c, attribute_name, oid) VALUES ('entity_domain', '2ft54d1ik9d4qmj2ffopey6uwk000fvr00000000000000000000000000000001', '2aqatg5gubuyvd0up9rg428msy5f7a1h', '20071109NM000000000000000000000520071109NM0000000000000000000001', 0, 'ackm2nyp74lnlxp2xu7nyh0atag5qs', 1, 0, 0, '1o6crmxy9i3nu4vu24n16fkuzcoz6yhjNM200904120000000000000000000030', 't0tuxu7ywywdpyci3az0lfao7gm8m4v1', '20071109NM000000000000000000000520071109NM0000000000000000000001', 'swsb2vbdm8q6kct97svb249co0am8csf', '0000000000000000000000000000040100000000000000000000000000000403', 'entityDomain', '6uvky0lrl0m6dfos211gdhnybfjuk8gu00000000000000000000000000000186');
INSERT INTO md_attribute ( oid) VALUES ('6uvky0lrl0m6dfos211gdhnybfjuk8gu00000000000000000000000000000186');
INSERT INTO metadata ( description, created_by, owner, oid, create_date, seq, type, remove, site_master, locked_by, entity_domain, last_updated_by, last_update_date, key_name) VALUES ('1stgslmt5s23jfh94c993erjdn86bnp0NM200904120000000000000000000030', '0000000000000000000000000000001000000000000000000000000000000003', '0000000000000000000000000000001000000000000000000000000000000003', '6uvky0lrl0m6dfos211gdhnybfjuk8gu00000000000000000000000000000186', '2014-02-10 12:13:54', 4503, 'com.runwaysdk.system.metadata.MdAttributeReference', 1, 'www.runwaysdk.com', NULL, NULL, '0000000000000000000000000000001000000000000000000000000000000003', '2014-02-10 12:13:54', 'com.runwaysdk.system.scheduler.JobHistory.entityDomain');
ALTER TABLE job_history ADD COLUMN entity_domain  char(64);
INSERT INTO class_attribute_concrete ( oid, parent_id, child_id) VALUES ('020ge4gqmi3my4ezj3dqesbogkwnjl0y00000000000000000000000000000073', '2ft54d1ik9d4qmj2ffopey6uwk000fvr00000000000000000000000000000001', '6uvky0lrl0m6dfos211gdhnybfjuk8gu00000000000000000000000000000186');
INSERT INTO class_attribute ( oid, parent_id, child_id) VALUES ('020ge4gqmi3my4ezj3dqesbogkwnjl0y00000000000000000000000000000073', '2ft54d1ik9d4qmj2ffopey6uwk000fvr00000000000000000000000000000001', '6uvky0lrl0m6dfos211gdhnybfjuk8gu00000000000000000000000000000186');
INSERT INTO metadata_relationship ( entity_domain, site_master, last_updated_by, oid, owner, locked_by, create_date, type, created_by, seq, key_name, last_update_date, parent_id, child_id) VALUES (NULL, 'www.runwaysdk.com', '0000000000000000000000000000001000000000000000000000000000000003', '020ge4gqmi3my4ezj3dqesbogkwnjl0y00000000000000000000000000000073', '0000000000000000000000000000001000000000000000000000000000000003', NULL, '2014-02-10 12:13:54', 'com.runwaysdk.system.metadata.ClassAttributeConcrete', '0000000000000000000000000000001000000000000000000000000000000003', 4504, 'com.runwaysdk.system.scheduler.JobHistory.entityDomain', '2014-02-10 12:13:54', '2ft54d1ik9d4qmj2ffopey6uwk000fvr00000000000000000000000000000001', '6uvky0lrl0m6dfos211gdhnybfjuk8gu00000000000000000000000000000186');
 INSERT INTO visibilitymodifier (set_id, item_id)  VALUES  ('7afqkf5ssa3f2hv5q6arm01kkp5ddzkt', '20071109NM000000000000000000000520071109NM0000000000000000000001');
INSERT INTO metadata_display_label ( default_locale, oid, site_master, key_name) VALUES ('Sequence', '1remmq2mmjqcdyor5lbzf8uph9u4yp60NM200904120000000000000000000030', 'www.runwaysdk.com', '1remmq2mmjqcdyor5lbzf8uph9u4yp60NM200904120000000000000000000030');
 INSERT INTO visibilitymodifier (set_id, item_id)  VALUES  ('1pg8ovqyepeu3o0c1j8zo61u79p4vfib', '20071109NM000000000000000000000520071109NM0000000000000000000001');
 INSERT INTO md_attribute_indicies (set_id, item_id)  VALUES  ('0a0482ymtymqhwn5ih1zvxzzzmkkj38g', '0000000000000000000000000000040100000000000000000000000000000403');
INSERT INTO metadata_display_label ( default_locale, oid, site_master, key_name) VALUES ('Sequence number is incremented every time this object is updated', '6z843ukf2mo30o1q5pjwknc2xmyjo7lhNM200904120000000000000000000030', 'www.runwaysdk.com', '6z843ukf2mo30o1q5pjwknc2xmyjo7lhNM200904120000000000000000000030');
INSERT INTO md_attribute_long ( end_range, default_value, start_range, oid) VALUES (NULL, NULL, NULL, 'za3yz24x11lvox7bkk2l17eo2ind7nfq00000000000000000000000000000338');
INSERT INTO md_attribute_int ( oid) VALUES ('za3yz24x11lvox7bkk2l17eo2ind7nfq00000000000000000000000000000338');
INSERT INTO md_attribute_number ( reject_negative, reject_zero, reject_positive, oid) VALUES (1, 0, 0, 'za3yz24x11lvox7bkk2l17eo2ind7nfq00000000000000000000000000000338');
INSERT INTO md_attribute_primitive ( oid) VALUES ('za3yz24x11lvox7bkk2l17eo2ind7nfq00000000000000000000000000000338');
INSERT INTO md_attribute_concrete ( column_name, defining_md_class, setter_visibility, setter_visibility_c, immutable, index_name, generate_accessor, system, required, display_label, getter_visibility, getter_visibility_c, index_type, index_type_c, attribute_name, oid) VALUES ('seq', '2ft54d1ik9d4qmj2ffopey6uwk000fvr00000000000000000000000000000001', '7afqkf5ssa3f2hv5q6arm01kkp5ddzkt', '20071109NM000000000000000000000520071109NM0000000000000000000001', 0, 'ac0le51u0i4y8f73fn84qyb48v9apq', 1, 1, 1, '1remmq2mmjqcdyor5lbzf8uph9u4yp60NM200904120000000000000000000030', '1pg8ovqyepeu3o0c1j8zo61u79p4vfib', '20071109NM000000000000000000000520071109NM0000000000000000000001', '0a0482ymtymqhwn5ih1zvxzzzmkkj38g', '0000000000000000000000000000040100000000000000000000000000000403', 'seq', 'za3yz24x11lvox7bkk2l17eo2ind7nfq00000000000000000000000000000338');
INSERT INTO md_attribute ( oid) VALUES ('za3yz24x11lvox7bkk2l17eo2ind7nfq00000000000000000000000000000338');
INSERT INTO metadata ( description, created_by, owner, oid, create_date, seq, type, remove, site_master, locked_by, entity_domain, last_updated_by, last_update_date, key_name) VALUES ('6z843ukf2mo30o1q5pjwknc2xmyjo7lhNM200904120000000000000000000030', '0000000000000000000000000000001000000000000000000000000000000003', '0000000000000000000000000000001000000000000000000000000000000003', 'za3yz24x11lvox7bkk2l17eo2ind7nfq00000000000000000000000000000338', '2014-02-10 12:13:54', 4505, 'com.runwaysdk.system.metadata.MdAttributeLong', 0, 'www.runwaysdk.com', NULL, NULL, '0000000000000000000000000000001000000000000000000000000000000003', '2014-02-10 12:13:54', 'com.runwaysdk.system.scheduler.JobHistory.seq');
ALTER TABLE job_history ADD COLUMN seq  bigint;
INSERT INTO class_attribute_concrete ( oid, parent_id, child_id) VALUES ('xdyzchx32br09c20c89mspx82e54abus00000000000000000000000000000073', '2ft54d1ik9d4qmj2ffopey6uwk000fvr00000000000000000000000000000001', 'za3yz24x11lvox7bkk2l17eo2ind7nfq00000000000000000000000000000338');
INSERT INTO class_attribute ( oid, parent_id, child_id) VALUES ('xdyzchx32br09c20c89mspx82e54abus00000000000000000000000000000073', '2ft54d1ik9d4qmj2ffopey6uwk000fvr00000000000000000000000000000001', 'za3yz24x11lvox7bkk2l17eo2ind7nfq00000000000000000000000000000338');
INSERT INTO metadata_relationship ( entity_domain, site_master, last_updated_by, oid, owner, locked_by, create_date, type, created_by, seq, key_name, last_update_date, parent_id, child_id) VALUES (NULL, 'www.runwaysdk.com', '0000000000000000000000000000001000000000000000000000000000000003', 'xdyzchx32br09c20c89mspx82e54abus00000000000000000000000000000073', '0000000000000000000000000000001000000000000000000000000000000003', NULL, '2014-02-10 12:13:54', 'com.runwaysdk.system.metadata.ClassAttributeConcrete', '0000000000000000000000000000001000000000000000000000000000000003', 4506, 'com.runwaysdk.system.scheduler.JobHistory.seq', '2014-02-10 12:13:54', '2ft54d1ik9d4qmj2ffopey6uwk000fvr00000000000000000000000000000001', 'za3yz24x11lvox7bkk2l17eo2ind7nfq00000000000000000000000000000338');
INSERT INTO metadata_display_label ( default_locale, oid, site_master, key_name) VALUES (NULL, '0ikkchmcarcsi4z2f4zpsh4nz3so5y0oNM200904120000000000000000000030', 'www.runwaysdk.com', '0ikkchmcarcsi4z2f4zpsh4nz3so5y0oNM200904120000000000000000000030');
INSERT INTO metadata_display_label ( default_locale, oid, site_master, key_name) VALUES (NULL, 'z89kd8tbyk1zzor6m3grf0f9ieo8zob5NM200904120000000000000000000030', 'www.runwaysdk.com', 'z89kd8tbyk1zzor6m3grf0f9ieo8zob5NM200904120000000000000000000030');
INSERT INTO md_controller ( stub_source, oid) VALUES (NULL, 'z9pkldn38zzzudm2wflc21i95spf4i47NM200810110000000000000000000112');
INSERT INTO md_type ( display_label, root_id, package_name, type_name, base_source, js_base, js_stub, exported, dto_source, oid) VALUES ('0ikkchmcarcsi4z2f4zpsh4nz3so5y0oNM200904120000000000000000000030', 'z9pkldn38zzzudm2wflc21i95spf4i47', 'com.runwaysdk.system.scheduler', 'JobHistoryController', NULL, NULL, NULL, 1, NULL, 'z9pkldn38zzzudm2wflc21i95spf4i47NM200810110000000000000000000112');
INSERT INTO metadata ( description, created_by, owner, oid, create_date, seq, type, remove, site_master, locked_by, entity_domain, last_updated_by, last_update_date, key_name) VALUES ('z89kd8tbyk1zzor6m3grf0f9ieo8zob5NM200904120000000000000000000030', '0000000000000000000000000000001000000000000000000000000000000003', '0000000000000000000000000000001000000000000000000000000000000003', 'z9pkldn38zzzudm2wflc21i95spf4i47NM200810110000000000000000000112', '2014-02-10 12:13:54', 4507, 'com.runwaysdk.system.metadata.MdController', 1, 'www.runwaysdk.com', NULL, NULL, '0000000000000000000000000000001000000000000000000000000000000003', '2014-02-10 12:13:54', 'com.runwaysdk.system.scheduler.JobHistoryController');
INSERT INTO metadata_display_label ( default_locale, oid, site_master, key_name) VALUES ('View Page', '0cvy08xij1clpgc69d12akx4p57z4dgiNM200904120000000000000000000030', 'www.runwaysdk.com', '0cvy08xij1clpgc69d12akx4p57z4dgiNM200904120000000000000000000030');
INSERT INTO metadata_display_label ( default_locale, oid, site_master, key_name) VALUES ('Loads a ViewAll query for a specific page into the request object', '6y17dmul9fxq21rl1qtzcxwvmw0gk66kNM200904120000000000000000000030', 'www.runwaysdk.com', '6y17dmul9fxq21rl1qtzcxwvmw0gk66kNM200904120000000000000000000030');
INSERT INTO md_action ( is_query, enclosing_md_controller, is_post, action_name, display_label, oid) VALUES (1, 'z9pkldn38zzzudm2wflc21i95spf4i47NM200810110000000000000000000112', 0, 'viewPage', '0cvy08xij1clpgc69d12akx4p57z4dgiNM200904120000000000000000000030', 'r8nwr0tyku0n751zdyfg8f09sdkcj0jnNM200810110000000000000000000113');
INSERT INTO metadata ( description, created_by, owner, oid, create_date, seq, type, remove, site_master, locked_by, entity_domain, last_updated_by, last_update_date, key_name) VALUES ('6y17dmul9fxq21rl1qtzcxwvmw0gk66kNM200904120000000000000000000030', '0000000000000000000000000000001000000000000000000000000000000003', '0000000000000000000000000000001000000000000000000000000000000003', 'r8nwr0tyku0n751zdyfg8f09sdkcj0jnNM200810110000000000000000000113', '2014-02-10 12:13:54', 4508, 'com.runwaysdk.system.metadata.MdAction', 1, 'www.runwaysdk.com', NULL, NULL, '0000000000000000000000000000001000000000000000000000000000000003', '2014-02-10 12:13:54', 'com.runwaysdk.system.scheduler.JobHistoryController.viewPage');
INSERT INTO controller_action ( key_name, locked_by, oid, owner, entity_domain, created_by, type, last_update_date, create_date, seq, last_updated_by, site_master, parent_id, child_id) VALUES ('com.runwaysdk.system.scheduler.JobHistoryController.viewPage', NULL, '6w0w3m3s8ejsmhcez43omo4oyhwtyq59JS200807230000000000000000111111', '0000000000000000000000000000001000000000000000000000000000000003', NULL, '0000000000000000000000000000001000000000000000000000000000000003', 'com.runwaysdk.system.ControllerAction', '2014-02-10 12:13:54', '2014-02-10 12:13:54', 4509, '0000000000000000000000000000001000000000000000000000000000000003', 'www.runwaysdk.com', 'z9pkldn38zzzudm2wflc21i95spf4i47NM200810110000000000000000000112', 'r8nwr0tyku0n751zdyfg8f09sdkcj0jnNM200810110000000000000000000113');
INSERT INTO metadata_display_label ( default_locale, oid, site_master, key_name) VALUES ('Sort Attribute', '1t5ewqwf4nghskh5nobapt9s2xuekateNM200904120000000000000000000030', 'www.runwaysdk.com', '1t5ewqwf4nghskh5nobapt9s2xuekateNM200904120000000000000000000030');
INSERT INTO metadata_display_label ( default_locale, oid, site_master, key_name) VALUES (NULL, '6rkhhxxcjc1b9iywrp2ew3kkqmsee6qlNM200904120000000000000000000030', 'www.runwaysdk.com', '6rkhhxxcjc1b9iywrp2ew3kkqmsee6qlNM200904120000000000000000000030');
INSERT INTO md_parameter ( metadata, parameter_order, parameter_name, parameter_type, display_label, oid) VALUES ('r8nwr0tyku0n751zdyfg8f09sdkcj0jnNM200810110000000000000000000113', -4, 'sortAttribute', 'java.lang.String', '1t5ewqwf4nghskh5nobapt9s2xuekateNM200904120000000000000000000030', 'sqptbazjufdvhu9ss45s7x783lokko7r20070427JS0000000000000000001517');
INSERT INTO metadata ( description, created_by, owner, oid, create_date, seq, type, remove, site_master, locked_by, entity_domain, last_updated_by, last_update_date, key_name) VALUES ('6rkhhxxcjc1b9iywrp2ew3kkqmsee6qlNM200904120000000000000000000030', '0000000000000000000000000000001000000000000000000000000000000003', '0000000000000000000000000000001000000000000000000000000000000003', 'sqptbazjufdvhu9ss45s7x783lokko7r20070427JS0000000000000000001517', '2014-02-10 12:13:54', 4510, 'com.runwaysdk.system.metadata.MdParameter', 1, 'www.runwaysdk.com', NULL, NULL, '0000000000000000000000000000001000000000000000000000000000000003', '2014-02-10 12:13:54', 'com.runwaysdk.system.scheduler.JobHistoryController.viewPage.sortAttribute');
INSERT INTO metadata_parameter ( site_master, last_updated_by, create_date, seq, locked_by, entity_domain, created_by, type, last_update_date, key_name, owner, oid, parent_id, child_id) VALUES ('www.runwaysdk.com', '0000000000000000000000000000001000000000000000000000000000000003', '2014-02-10 12:13:54', 4511, NULL, NULL, '0000000000000000000000000000001000000000000000000000000000000003', 'com.runwaysdk.system.MetadataParameter', '2014-02-10 12:13:54', 'com.runwaysdk.system.scheduler.JobHistoryController.viewPage.sortAttribute', '0000000000000000000000000000001000000000000000000000000000000003', 'xjfn9h75xn27eep2yziykn5lpopplqx820070427JS0000000000000000001524', 'r8nwr0tyku0n751zdyfg8f09sdkcj0jnNM200810110000000000000000000113', 'sqptbazjufdvhu9ss45s7x783lokko7r20070427JS0000000000000000001517');
INSERT INTO metadata_display_label ( default_locale, oid, site_master, key_name) VALUES ('Is Ascending', 'xbit1ip33ay7tpp9urxik16n8xd0lmy2NM200904120000000000000000000030', 'www.runwaysdk.com', 'xbit1ip33ay7tpp9urxik16n8xd0lmy2NM200904120000000000000000000030');
INSERT INTO metadata_display_label ( default_locale, oid, site_master, key_name) VALUES (NULL, 'y148gi0w823qeyjlhjm3t7ycdni8hqltNM200904120000000000000000000030', 'www.runwaysdk.com', 'y148gi0w823qeyjlhjm3t7ycdni8hqltNM200904120000000000000000000030');
INSERT INTO md_parameter ( metadata, parameter_order, parameter_name, parameter_type, display_label, oid) VALUES ('r8nwr0tyku0n751zdyfg8f09sdkcj0jnNM200810110000000000000000000113', -3, 'isAscending', 'java.lang.Boolean', 'xbit1ip33ay7tpp9urxik16n8xd0lmy2NM200904120000000000000000000030', 'yz3jn0pv5gs3x8wf3k837aceulc8x9ll20070427JS0000000000000000001517');
INSERT INTO metadata ( description, created_by, owner, oid, create_date, seq, type, remove, site_master, locked_by, entity_domain, last_updated_by, last_update_date, key_name) VALUES ('y148gi0w823qeyjlhjm3t7ycdni8hqltNM200904120000000000000000000030', '0000000000000000000000000000001000000000000000000000000000000003', '0000000000000000000000000000001000000000000000000000000000000003', 'yz3jn0pv5gs3x8wf3k837aceulc8x9ll20070427JS0000000000000000001517', '2014-02-10 12:13:54', 4512, 'com.runwaysdk.system.metadata.MdParameter', 1, 'www.runwaysdk.com', NULL, NULL, '0000000000000000000000000000001000000000000000000000000000000003', '2014-02-10 12:13:54', 'com.runwaysdk.system.scheduler.JobHistoryController.viewPage.isAscending');
INSERT INTO metadata_parameter ( site_master, last_updated_by, create_date, seq, locked_by, entity_domain, created_by, type, last_update_date, key_name, owner, oid, parent_id, child_id) VALUES ('www.runwaysdk.com', '0000000000000000000000000000001000000000000000000000000000000003', '2014-02-10 12:13:54', 4513, NULL, NULL, '0000000000000000000000000000001000000000000000000000000000000003', 'com.runwaysdk.system.MetadataParameter', '2014-02-10 12:13:54', 'com.runwaysdk.system.scheduler.JobHistoryController.viewPage.isAscending', '0000000000000000000000000000001000000000000000000000000000000003', '06cpmkhv63p1ocxpf2qgcxhtfpfk577d20070427JS0000000000000000001524', 'r8nwr0tyku0n751zdyfg8f09sdkcj0jnNM200810110000000000000000000113', 'yz3jn0pv5gs3x8wf3k837aceulc8x9ll20070427JS0000000000000000001517');
INSERT INTO metadata_display_label ( default_locale, oid, site_master, key_name) VALUES ('Page Size', '8xpkce826ri4ej9w2faigi7a21mnfew7NM200904120000000000000000000030', 'www.runwaysdk.com', '8xpkce826ri4ej9w2faigi7a21mnfew7NM200904120000000000000000000030');
INSERT INTO metadata_display_label ( default_locale, oid, site_master, key_name) VALUES (NULL, 'r3064t32ikytxvv4tdpucl4ym3r2icjnNM200904120000000000000000000030', 'www.runwaysdk.com', 'r3064t32ikytxvv4tdpucl4ym3r2icjnNM200904120000000000000000000030');
INSERT INTO md_parameter ( metadata, parameter_order, parameter_name, parameter_type, display_label, oid) VALUES ('r8nwr0tyku0n751zdyfg8f09sdkcj0jnNM200810110000000000000000000113', -2, 'pageSize', 'java.lang.Integer', '8xpkce826ri4ej9w2faigi7a21mnfew7NM200904120000000000000000000030', 'r9ghgjr59xhaf12quwfwfzh0s1gsa3s420070427JS0000000000000000001517');
INSERT INTO metadata ( description, created_by, owner, oid, create_date, seq, type, remove, site_master, locked_by, entity_domain, last_updated_by, last_update_date, key_name) VALUES ('r3064t32ikytxvv4tdpucl4ym3r2icjnNM200904120000000000000000000030', '0000000000000000000000000000001000000000000000000000000000000003', '0000000000000000000000000000001000000000000000000000000000000003', 'r9ghgjr59xhaf12quwfwfzh0s1gsa3s420070427JS0000000000000000001517', '2014-02-10 12:13:54', 4514, 'com.runwaysdk.system.metadata.MdParameter', 1, 'www.runwaysdk.com', NULL, NULL, '0000000000000000000000000000001000000000000000000000000000000003', '2014-02-10 12:13:54', 'com.runwaysdk.system.scheduler.JobHistoryController.viewPage.pageSize');
INSERT INTO metadata_parameter ( site_master, last_updated_by, create_date, seq, locked_by, entity_domain, created_by, type, last_update_date, key_name, owner, oid, parent_id, child_id) VALUES ('www.runwaysdk.com', '0000000000000000000000000000001000000000000000000000000000000003', '2014-02-10 12:13:54', 4515, NULL, NULL, '0000000000000000000000000000001000000000000000000000000000000003', 'com.runwaysdk.system.MetadataParameter', '2014-02-10 12:13:54', 'com.runwaysdk.system.scheduler.JobHistoryController.viewPage.pageSize', '0000000000000000000000000000001000000000000000000000000000000003', '09iw0gkbo1ndm2d6catj2sw4sboo2jau20070427JS0000000000000000001524', 'r8nwr0tyku0n751zdyfg8f09sdkcj0jnNM200810110000000000000000000113', 'r9ghgjr59xhaf12quwfwfzh0s1gsa3s420070427JS0000000000000000001517');
INSERT INTO metadata_display_label ( default_locale, oid, site_master, key_name) VALUES ('Page Number', 'r69e4tdo13dy5ukii49mv4d6cuzvlm2tNM200904120000000000000000000030', 'www.runwaysdk.com', 'r69e4tdo13dy5ukii49mv4d6cuzvlm2tNM200904120000000000000000000030');
INSERT INTO metadata_display_label ( default_locale, oid, site_master, key_name) VALUES (NULL, '77h0unokglfr1886npw48jr4dxlgc5s2NM200904120000000000000000000030', 'www.runwaysdk.com', '77h0unokglfr1886npw48jr4dxlgc5s2NM200904120000000000000000000030');
INSERT INTO md_parameter ( metadata, parameter_order, parameter_name, parameter_type, display_label, oid) VALUES ('r8nwr0tyku0n751zdyfg8f09sdkcj0jnNM200810110000000000000000000113', -1, 'pageNumber', 'java.lang.Integer', 'r69e4tdo13dy5ukii49mv4d6cuzvlm2tNM200904120000000000000000000030', '0chyzp9u2o7eosc1ktz53k7x3l3de05920070427JS0000000000000000001517');
INSERT INTO metadata ( description, created_by, owner, oid, create_date, seq, type, remove, site_master, locked_by, entity_domain, last_updated_by, last_update_date, key_name) VALUES ('77h0unokglfr1886npw48jr4dxlgc5s2NM200904120000000000000000000030', '0000000000000000000000000000001000000000000000000000000000000003', '0000000000000000000000000000001000000000000000000000000000000003', '0chyzp9u2o7eosc1ktz53k7x3l3de05920070427JS0000000000000000001517', '2014-02-10 12:13:54', 4516, 'com.runwaysdk.system.metadata.MdParameter', 1, 'www.runwaysdk.com', NULL, NULL, '0000000000000000000000000000001000000000000000000000000000000003', '2014-02-10 12:13:54', 'com.runwaysdk.system.scheduler.JobHistoryController.viewPage.pageNumber');
INSERT INTO metadata_parameter ( site_master, last_updated_by, create_date, seq, locked_by, entity_domain, created_by, type, last_update_date, key_name, owner, oid, parent_id, child_id) VALUES ('www.runwaysdk.com', '0000000000000000000000000000001000000000000000000000000000000003', '2014-02-10 12:13:54', 4517, NULL, NULL, '0000000000000000000000000000001000000000000000000000000000000003', 'com.runwaysdk.system.MetadataParameter', '2014-02-10 12:13:54', 'com.runwaysdk.system.scheduler.JobHistoryController.viewPage.pageNumber', '0000000000000000000000000000001000000000000000000000000000000003', '7apdr3cmgfp01gqglpq4wd1amc1gu4oo20070427JS0000000000000000001524', 'r8nwr0tyku0n751zdyfg8f09sdkcj0jnNM200810110000000000000000000113', '0chyzp9u2o7eosc1ktz53k7x3l3de05920070427JS0000000000000000001517');
INSERT INTO metadata_display_label ( default_locale, oid, site_master, key_name) VALUES ('View All', '8z4rdl1mp6w8pzdt7qkj90awle4fnq04NM200904120000000000000000000030', 'www.runwaysdk.com', '8z4rdl1mp6w8pzdt7qkj90awle4fnq04NM200904120000000000000000000030');
INSERT INTO metadata_display_label ( default_locale, oid, site_master, key_name) VALUES ('Loads a ViewAll query with the default settings', 'sacaylrbnfykno2p0i3ututwkl1q7rqfNM200904120000000000000000000030', 'www.runwaysdk.com', 'sacaylrbnfykno2p0i3ututwkl1q7rqfNM200904120000000000000000000030');
INSERT INTO md_action ( is_query, enclosing_md_controller, is_post, action_name, display_label, oid) VALUES (0, 'z9pkldn38zzzudm2wflc21i95spf4i47NM200810110000000000000000000112', 0, 'viewAll', '8z4rdl1mp6w8pzdt7qkj90awle4fnq04NM200904120000000000000000000030', '8wkjus1gvvq4qbakf9dnipd54fq6r5iwNM200810110000000000000000000113');
INSERT INTO metadata ( description, created_by, owner, oid, create_date, seq, type, remove, site_master, locked_by, entity_domain, last_updated_by, last_update_date, key_name) VALUES ('sacaylrbnfykno2p0i3ututwkl1q7rqfNM200904120000000000000000000030', '0000000000000000000000000000001000000000000000000000000000000003', '0000000000000000000000000000001000000000000000000000000000000003', '8wkjus1gvvq4qbakf9dnipd54fq6r5iwNM200810110000000000000000000113', '2014-02-10 12:13:54', 4518, 'com.runwaysdk.system.metadata.MdAction', 1, 'www.runwaysdk.com', NULL, NULL, '0000000000000000000000000000001000000000000000000000000000000003', '2014-02-10 12:13:54', 'com.runwaysdk.system.scheduler.JobHistoryController.viewAll');
INSERT INTO controller_action ( key_name, locked_by, oid, owner, entity_domain, created_by, type, last_update_date, create_date, seq, last_updated_by, site_master, parent_id, child_id) VALUES ('com.runwaysdk.system.scheduler.JobHistoryController.viewAll', NULL, 'sl74ep8idwdpboi5ake0qnx00aa57y2wJS200807230000000000000000111111', '0000000000000000000000000000001000000000000000000000000000000003', NULL, '0000000000000000000000000000001000000000000000000000000000000003', 'com.runwaysdk.system.ControllerAction', '2014-02-10 12:13:54', '2014-02-10 12:13:54', 4519, '0000000000000000000000000000001000000000000000000000000000000003', 'www.runwaysdk.com', 'z9pkldn38zzzudm2wflc21i95spf4i47NM200810110000000000000000000112', '8wkjus1gvvq4qbakf9dnipd54fq6r5iwNM200810110000000000000000000113');
INSERT INTO metadata_display_label ( default_locale, oid, site_master, key_name) VALUES ('View', '8b3lvdot4wx5olpxxsbc3mzooahqvowaNM200904120000000000000000000030', 'www.runwaysdk.com', '8b3lvdot4wx5olpxxsbc3mzooahqvowaNM200904120000000000000000000030');
INSERT INTO metadata_display_label ( default_locale, oid, site_master, key_name) VALUES ('View an existing instance of com.runwaysdk.system.scheduler.JobHistory', '8xcmbzdv4pxx66thesowd0g7z84p3zyxNM200904120000000000000000000030', 'www.runwaysdk.com', '8xcmbzdv4pxx66thesowd0g7z84p3zyxNM200904120000000000000000000030');
INSERT INTO md_action ( is_query, enclosing_md_controller, is_post, action_name, display_label, oid) VALUES (0, 'z9pkldn38zzzudm2wflc21i95spf4i47NM200810110000000000000000000112', 0, 'view', '8b3lvdot4wx5olpxxsbc3mzooahqvowaNM200904120000000000000000000030', 'qrpgpn2vbfs4mg1x47jx0fbvu7dlyesaNM200810110000000000000000000113');
INSERT INTO metadata ( description, created_by, owner, oid, create_date, seq, type, remove, site_master, locked_by, entity_domain, last_updated_by, last_update_date, key_name) VALUES ('8xcmbzdv4pxx66thesowd0g7z84p3zyxNM200904120000000000000000000030', '0000000000000000000000000000001000000000000000000000000000000003', '0000000000000000000000000000001000000000000000000000000000000003', 'qrpgpn2vbfs4mg1x47jx0fbvu7dlyesaNM200810110000000000000000000113', '2014-02-10 12:13:54', 4520, 'com.runwaysdk.system.metadata.MdAction', 1, 'www.runwaysdk.com', NULL, NULL, '0000000000000000000000000000001000000000000000000000000000000003', '2014-02-10 12:13:54', 'com.runwaysdk.system.scheduler.JobHistoryController.view');
INSERT INTO controller_action ( key_name, locked_by, oid, owner, entity_domain, created_by, type, last_update_date, create_date, seq, last_updated_by, site_master, parent_id, child_id) VALUES ('com.runwaysdk.system.scheduler.JobHistoryController.view', NULL, 'xstl4ul2j07noyl9z2w9t262b9q7tr7yJS200807230000000000000000111111', '0000000000000000000000000000001000000000000000000000000000000003', NULL, '0000000000000000000000000000001000000000000000000000000000000003', 'com.runwaysdk.system.ControllerAction', '2014-02-10 12:13:54', '2014-02-10 12:13:54', 4521, '0000000000000000000000000000001000000000000000000000000000000003', 'www.runwaysdk.com', 'z9pkldn38zzzudm2wflc21i95spf4i47NM200810110000000000000000000112', 'qrpgpn2vbfs4mg1x47jx0fbvu7dlyesaNM200810110000000000000000000113');
INSERT INTO metadata_display_label ( default_locale, oid, site_master, key_name) VALUES ('Parameter: com.runwaysdk.system.scheduler.JobHistory - oid', '8wbxs83nsijipxxj31xxrktzu9s4nj26NM200904120000000000000000000030', 'www.runwaysdk.com', '8wbxs83nsijipxxj31xxrktzu9s4nj26NM200904120000000000000000000030');
INSERT INTO metadata_display_label ( default_locale, oid, site_master, key_name) VALUES ('Id of com.runwaysdk.system.scheduler.JobHistory to view.', 'qlvxi4p8xgjsefu1eagigdtcfe319aitNM200904120000000000000000000030', 'www.runwaysdk.com', 'qlvxi4p8xgjsefu1eagigdtcfe319aitNM200904120000000000000000000030');
INSERT INTO md_parameter ( metadata, parameter_order, parameter_name, parameter_type, display_label, oid) VALUES ('qrpgpn2vbfs4mg1x47jx0fbvu7dlyesaNM200810110000000000000000000113', 0, 'oid', 'java.lang.String', '8wbxs83nsijipxxj31xxrktzu9s4nj26NM200904120000000000000000000030', '26pccprsr9yl3zpdqbvej99s8ci3yufn20070427JS0000000000000000001517');
INSERT INTO metadata ( description, created_by, owner, oid, create_date, seq, type, remove, site_master, locked_by, entity_domain, last_updated_by, last_update_date, key_name) VALUES ('qlvxi4p8xgjsefu1eagigdtcfe319aitNM200904120000000000000000000030', '0000000000000000000000000000001000000000000000000000000000000003', '0000000000000000000000000000001000000000000000000000000000000003', '26pccprsr9yl3zpdqbvej99s8ci3yufn20070427JS0000000000000000001517', '2014-02-10 12:13:54', 4522, 'com.runwaysdk.system.metadata.MdParameter', 1, 'www.runwaysdk.com', NULL, NULL, '0000000000000000000000000000001000000000000000000000000000000003', '2014-02-10 12:13:54', 'com.runwaysdk.system.scheduler.JobHistoryController.view.oid');
INSERT INTO metadata_parameter ( site_master, last_updated_by, create_date, seq, locked_by, entity_domain, created_by, type, last_update_date, key_name, owner, oid, parent_id, child_id) VALUES ('www.runwaysdk.com', '0000000000000000000000000000001000000000000000000000000000000003', '2014-02-10 12:13:54', 4523, NULL, NULL, '0000000000000000000000000000001000000000000000000000000000000003', 'com.runwaysdk.system.MetadataParameter', '2014-02-10 12:13:54', 'com.runwaysdk.system.scheduler.JobHistoryController.view.oid', '0000000000000000000000000000001000000000000000000000000000000003', 'sogrk57uf22vdpejyk10soj4zxu8u3dp20070427JS0000000000000000001524', 'qrpgpn2vbfs4mg1x47jx0fbvu7dlyesaNM200810110000000000000000000113', '26pccprsr9yl3zpdqbvej99s8ci3yufn20070427JS0000000000000000001517');
INSERT INTO metadata_display_label ( default_locale, oid, site_master, key_name) VALUES ('New Instance', 'sxwgppjl6i6xvunevcbmon1nnn3iqeulNM200904120000000000000000000030', 'www.runwaysdk.com', 'sxwgppjl6i6xvunevcbmon1nnn3iqeulNM200904120000000000000000000030');
INSERT INTO metadata_display_label ( default_locale, oid, site_master, key_name) VALUES ('Loads a new instance of com.runwaysdk.system.scheduler.JobHistory into the request object', '8q4232h76o2lrj885gnvqohq8885cls8NM200904120000000000000000000030', 'www.runwaysdk.com', '8q4232h76o2lrj885gnvqohq8885cls8NM200904120000000000000000000030');
INSERT INTO md_action ( is_query, enclosing_md_controller, is_post, action_name, display_label, oid) VALUES (0, 'z9pkldn38zzzudm2wflc21i95spf4i47NM200810110000000000000000000112', 0, 'newInstance', 'sxwgppjl6i6xvunevcbmon1nnn3iqeulNM200904120000000000000000000030', 'zmbun2elk0padesljckd0er16vpbxsirNM200810110000000000000000000113');
INSERT INTO metadata ( description, created_by, owner, oid, create_date, seq, type, remove, site_master, locked_by, entity_domain, last_updated_by, last_update_date, key_name) VALUES ('8q4232h76o2lrj885gnvqohq8885cls8NM200904120000000000000000000030', '0000000000000000000000000000001000000000000000000000000000000003', '0000000000000000000000000000001000000000000000000000000000000003', 'zmbun2elk0padesljckd0er16vpbxsirNM200810110000000000000000000113', '2014-02-10 12:13:54', 4524, 'com.runwaysdk.system.metadata.MdAction', 1, 'www.runwaysdk.com', NULL, NULL, '0000000000000000000000000000001000000000000000000000000000000003', '2014-02-10 12:13:54', 'com.runwaysdk.system.scheduler.JobHistoryController.newInstance');
INSERT INTO controller_action ( key_name, locked_by, oid, owner, entity_domain, created_by, type, last_update_date, create_date, seq, last_updated_by, site_master, parent_id, child_id) VALUES ('com.runwaysdk.system.scheduler.JobHistoryController.newInstance', NULL, '1qpa5ro96r5eub22gz6xs1o9t39jsnxhJS200807230000000000000000111111', '0000000000000000000000000000001000000000000000000000000000000003', NULL, '0000000000000000000000000000001000000000000000000000000000000003', 'com.runwaysdk.system.ControllerAction', '2014-02-10 12:13:54', '2014-02-10 12:13:54', 4525, '0000000000000000000000000000001000000000000000000000000000000003', 'www.runwaysdk.com', 'z9pkldn38zzzudm2wflc21i95spf4i47NM200810110000000000000000000112', 'zmbun2elk0padesljckd0er16vpbxsirNM200810110000000000000000000113');
INSERT INTO metadata_display_label ( default_locale, oid, site_master, key_name) VALUES ('Create', '8k4v7fn9njkw2ctd8mvxramznn6tcgf8NM200904120000000000000000000030', 'www.runwaysdk.com', '8k4v7fn9njkw2ctd8mvxramznn6tcgf8NM200904120000000000000000000030');
INSERT INTO metadata_display_label ( default_locale, oid, site_master, key_name) VALUES ('Applys a new instance of com.runwaysdk.system.scheduler.JobHistory', 'y0k93a5p74l6x51g5c85q7tbx2d16gbmNM200904120000000000000000000030', 'www.runwaysdk.com', 'y0k93a5p74l6x51g5c85q7tbx2d16gbmNM200904120000000000000000000030');
INSERT INTO md_action ( is_query, enclosing_md_controller, is_post, action_name, display_label, oid) VALUES (0, 'z9pkldn38zzzudm2wflc21i95spf4i47NM200810110000000000000000000112', 1, 'create', '8k4v7fn9njkw2ctd8mvxramznn6tcgf8NM200904120000000000000000000030', 'qp3z1jgxtuqffbm8i3hqvqpgh0i38dl3NM200810110000000000000000000113');
INSERT INTO metadata ( description, created_by, owner, oid, create_date, seq, type, remove, site_master, locked_by, entity_domain, last_updated_by, last_update_date, key_name) VALUES ('y0k93a5p74l6x51g5c85q7tbx2d16gbmNM200904120000000000000000000030', '0000000000000000000000000000001000000000000000000000000000000003', '0000000000000000000000000000001000000000000000000000000000000003', 'qp3z1jgxtuqffbm8i3hqvqpgh0i38dl3NM200810110000000000000000000113', '2014-02-10 12:13:54', 4526, 'com.runwaysdk.system.metadata.MdAction', 1, 'www.runwaysdk.com', NULL, NULL, '0000000000000000000000000000001000000000000000000000000000000003', '2014-02-10 12:13:54', 'com.runwaysdk.system.scheduler.JobHistoryController.create');
INSERT INTO controller_action ( key_name, locked_by, oid, owner, entity_domain, created_by, type, last_update_date, create_date, seq, last_updated_by, site_master, parent_id, child_id) VALUES ('com.runwaysdk.system.scheduler.JobHistoryController.create', NULL, 'rcyc63bj2croiywprpy8t6ibuz3vu44wJS200807230000000000000000111111', '0000000000000000000000000000001000000000000000000000000000000003', NULL, '0000000000000000000000000000001000000000000000000000000000000003', 'com.runwaysdk.system.ControllerAction', '2014-02-10 12:13:54', '2014-02-10 12:13:54', 4527, '0000000000000000000000000000001000000000000000000000000000000003', 'www.runwaysdk.com', 'z9pkldn38zzzudm2wflc21i95spf4i47NM200810110000000000000000000112', 'qp3z1jgxtuqffbm8i3hqvqpgh0i38dl3NM200810110000000000000000000113');
INSERT INTO metadata_display_label ( default_locale, oid, site_master, key_name) VALUES ('Parameter: com.runwaysdk.system.scheduler.JobHistory', '8ga48pin6glow2164jug00hgkixvee19NM200904120000000000000000000030', 'www.runwaysdk.com', '8ga48pin6glow2164jug00hgkixvee19NM200904120000000000000000000030');
INSERT INTO metadata_display_label ( default_locale, oid, site_master, key_name) VALUES ('com.runwaysdk.system.scheduler.JobHistory to apply to the database', '0q4a63rxc9drnathr7xz56rymsf118itNM200904120000000000000000000030', 'www.runwaysdk.com', '0q4a63rxc9drnathr7xz56rymsf118itNM200904120000000000000000000030');
INSERT INTO md_parameter ( metadata, parameter_order, parameter_name, parameter_type, display_label, oid) VALUES ('qp3z1jgxtuqffbm8i3hqvqpgh0i38dl3NM200810110000000000000000000113', 0, 'dto', 'com.runwaysdk.system.scheduler.JobHistory', '8ga48pin6glow2164jug00hgkixvee19NM200904120000000000000000000030', 'qy57upvaycqsyhds4297askvktvahqnd20070427JS0000000000000000001517');
INSERT INTO metadata ( description, created_by, owner, oid, create_date, seq, type, remove, site_master, locked_by, entity_domain, last_updated_by, last_update_date, key_name) VALUES ('0q4a63rxc9drnathr7xz56rymsf118itNM200904120000000000000000000030', '0000000000000000000000000000001000000000000000000000000000000003', '0000000000000000000000000000001000000000000000000000000000000003', 'qy57upvaycqsyhds4297askvktvahqnd20070427JS0000000000000000001517', '2014-02-10 12:13:54', 4528, 'com.runwaysdk.system.metadata.MdParameter', 1, 'www.runwaysdk.com', NULL, NULL, '0000000000000000000000000000001000000000000000000000000000000003', '2014-02-10 12:13:54', 'com.runwaysdk.system.scheduler.JobHistoryController.create.dto');
INSERT INTO metadata_parameter ( site_master, last_updated_by, create_date, seq, locked_by, entity_domain, created_by, type, last_update_date, key_name, owner, oid, parent_id, child_id) VALUES ('www.runwaysdk.com', '0000000000000000000000000000001000000000000000000000000000000003', '2014-02-10 12:13:54', 4529, NULL, NULL, '0000000000000000000000000000001000000000000000000000000000000003', 'com.runwaysdk.system.MetadataParameter', '2014-02-10 12:13:54', 'com.runwaysdk.system.scheduler.JobHistoryController.create.dto', '0000000000000000000000000000001000000000000000000000000000000003', '8huzilfnxrgtua65pfo2o8tnnn0e54at20070427JS0000000000000000001524', 'qp3z1jgxtuqffbm8i3hqvqpgh0i38dl3NM200810110000000000000000000113', 'qy57upvaycqsyhds4297askvktvahqnd20070427JS0000000000000000001517');
INSERT INTO metadata_display_label ( default_locale, oid, site_master, key_name) VALUES ('edit', '2h7moilyfg8pgijmcjhn637t4wdrg5m1NM200904120000000000000000000030', 'www.runwaysdk.com', '2h7moilyfg8pgijmcjhn637t4wdrg5m1NM200904120000000000000000000030');
INSERT INTO metadata_display_label ( default_locale, oid, site_master, key_name) VALUES ('Applys an existing instance of com.runwaysdk.system.scheduler.JobHistory', 'yvycz9dw0nz9i29ia1m4csga4hdzjjemNM200904120000000000000000000030', 'www.runwaysdk.com', 'yvycz9dw0nz9i29ia1m4csga4hdzjjemNM200904120000000000000000000030');
INSERT INTO md_action ( is_query, enclosing_md_controller, is_post, action_name, display_label, oid) VALUES (0, 'z9pkldn38zzzudm2wflc21i95spf4i47NM200810110000000000000000000112', 0, 'edit', '2h7moilyfg8pgijmcjhn637t4wdrg5m1NM200904120000000000000000000030', '0p3k8upn1c6fsyii09cz4x86vcgogezoNM200810110000000000000000000113');
INSERT INTO metadata ( description, created_by, owner, oid, create_date, seq, type, remove, site_master, locked_by, entity_domain, last_updated_by, last_update_date, key_name) VALUES ('yvycz9dw0nz9i29ia1m4csga4hdzjjemNM200904120000000000000000000030', '0000000000000000000000000000001000000000000000000000000000000003', '0000000000000000000000000000001000000000000000000000000000000003', '0p3k8upn1c6fsyii09cz4x86vcgogezoNM200810110000000000000000000113', '2014-02-10 12:13:54', 4530, 'com.runwaysdk.system.metadata.MdAction', 1, 'www.runwaysdk.com', NULL, NULL, '0000000000000000000000000000001000000000000000000000000000000003', '2014-02-10 12:13:54', 'com.runwaysdk.system.scheduler.JobHistoryController.edit');
INSERT INTO controller_action ( key_name, locked_by, oid, owner, entity_domain, created_by, type, last_update_date, create_date, seq, last_updated_by, site_master, parent_id, child_id) VALUES ('com.runwaysdk.system.scheduler.JobHistoryController.edit', NULL, '06n9udn8bz1gyaj10ykd2ac489j0yh85JS200807230000000000000000111111', '0000000000000000000000000000001000000000000000000000000000000003', NULL, '0000000000000000000000000000001000000000000000000000000000000003', 'com.runwaysdk.system.ControllerAction', '2014-02-10 12:13:54', '2014-02-10 12:13:54', 4531, '0000000000000000000000000000001000000000000000000000000000000003', 'www.runwaysdk.com', 'z9pkldn38zzzudm2wflc21i95spf4i47NM200810110000000000000000000112', '0p3k8upn1c6fsyii09cz4x86vcgogezoNM200810110000000000000000000113');
INSERT INTO metadata_display_label ( default_locale, oid, site_master, key_name) VALUES ('Parameter: com.runwaysdk.system.scheduler.JobHistory', 'z64g1d9k6061khc35slb0y996gjj4heeNM200904120000000000000000000030', 'www.runwaysdk.com', 'z64g1d9k6061khc35slb0y996gjj4heeNM200904120000000000000000000030');
INSERT INTO metadata_display_label ( default_locale, oid, site_master, key_name) VALUES ('com.runwaysdk.system.scheduler.JobHistory to apply to the database', '93ax6ddyqv8fa0lve01pp7onb4fn75zqNM200904120000000000000000000030', 'www.runwaysdk.com', '93ax6ddyqv8fa0lve01pp7onb4fn75zqNM200904120000000000000000000030');
INSERT INTO md_parameter ( metadata, parameter_order, parameter_name, parameter_type, display_label, oid) VALUES ('0p3k8upn1c6fsyii09cz4x86vcgogezoNM200810110000000000000000000113', 0, 'oid', 'java.lang.String', 'z64g1d9k6061khc35slb0y996gjj4heeNM200904120000000000000000000030', 'z471ie1v7rfcf43z6kll9r3zuvfnkotl20070427JS0000000000000000001517');
INSERT INTO metadata ( description, created_by, owner, oid, create_date, seq, type, remove, site_master, locked_by, entity_domain, last_updated_by, last_update_date, key_name) VALUES ('93ax6ddyqv8fa0lve01pp7onb4fn75zqNM200904120000000000000000000030', '0000000000000000000000000000001000000000000000000000000000000003', '0000000000000000000000000000001000000000000000000000000000000003', 'z471ie1v7rfcf43z6kll9r3zuvfnkotl20070427JS0000000000000000001517', '2014-02-10 12:13:54', 4532, 'com.runwaysdk.system.metadata.MdParameter', 1, 'www.runwaysdk.com', NULL, NULL, '0000000000000000000000000000001000000000000000000000000000000003', '2014-02-10 12:13:54', 'com.runwaysdk.system.scheduler.JobHistoryController.edit.oid');
INSERT INTO metadata_parameter ( site_master, last_updated_by, create_date, seq, locked_by, entity_domain, created_by, type, last_update_date, key_name, owner, oid, parent_id, child_id) VALUES ('www.runwaysdk.com', '0000000000000000000000000000001000000000000000000000000000000003', '2014-02-10 12:13:54', 4533, NULL, NULL, '0000000000000000000000000000001000000000000000000000000000000003', 'com.runwaysdk.system.MetadataParameter', '2014-02-10 12:13:54', 'com.runwaysdk.system.scheduler.JobHistoryController.edit.oid', '0000000000000000000000000000001000000000000000000000000000000003', '2fk03n0rzevcwbc9kscodu7mesedj0nb20070427JS0000000000000000001524', '0p3k8upn1c6fsyii09cz4x86vcgogezoNM200810110000000000000000000113', 'z471ie1v7rfcf43z6kll9r3zuvfnkotl20070427JS0000000000000000001517');
INSERT INTO metadata_display_label ( default_locale, oid, site_master, key_name) VALUES ('update', 'qyhz2qygl3jrua60dlxfx3yrmlkrwwz0NM200904120000000000000000000030', 'www.runwaysdk.com', 'qyhz2qygl3jrua60dlxfx3yrmlkrwwz0NM200904120000000000000000000030');
INSERT INTO metadata_display_label ( default_locale, oid, site_master, key_name) VALUES ('Applys an existing instance of com.runwaysdk.system.scheduler.JobHistory', 'zgemfyv1mu9u4z05zw99x0duvuvoybabNM200904120000000000000000000030', 'www.runwaysdk.com', 'zgemfyv1mu9u4z05zw99x0duvuvoybabNM200904120000000000000000000030');
INSERT INTO md_action ( is_query, enclosing_md_controller, is_post, action_name, display_label, oid) VALUES (0, 'z9pkldn38zzzudm2wflc21i95spf4i47NM200810110000000000000000000112', 1, 'update', 'qyhz2qygl3jrua60dlxfx3yrmlkrwwz0NM200904120000000000000000000030', 'ywgm8tmm2o17vgo9odyegghmew0necd8NM200810110000000000000000000113');
INSERT INTO metadata ( description, created_by, owner, oid, create_date, seq, type, remove, site_master, locked_by, entity_domain, last_updated_by, last_update_date, key_name) VALUES ('zgemfyv1mu9u4z05zw99x0duvuvoybabNM200904120000000000000000000030', '0000000000000000000000000000001000000000000000000000000000000003', '0000000000000000000000000000001000000000000000000000000000000003', 'ywgm8tmm2o17vgo9odyegghmew0necd8NM200810110000000000000000000113', '2014-02-10 12:13:54', 4534, 'com.runwaysdk.system.metadata.MdAction', 1, 'www.runwaysdk.com', NULL, NULL, '0000000000000000000000000000001000000000000000000000000000000003', '2014-02-10 12:13:54', 'com.runwaysdk.system.scheduler.JobHistoryController.update');
INSERT INTO controller_action ( key_name, locked_by, oid, owner, entity_domain, created_by, type, last_update_date, create_date, seq, last_updated_by, site_master, parent_id, child_id) VALUES ('com.runwaysdk.system.scheduler.JobHistoryController.update', NULL, 'r8t0sguwo2xsyy8k424hq1efpblb7n20JS200807230000000000000000111111', '0000000000000000000000000000001000000000000000000000000000000003', NULL, '0000000000000000000000000000001000000000000000000000000000000003', 'com.runwaysdk.system.ControllerAction', '2014-02-10 12:13:54', '2014-02-10 12:13:54', 4535, '0000000000000000000000000000001000000000000000000000000000000003', 'www.runwaysdk.com', 'z9pkldn38zzzudm2wflc21i95spf4i47NM200810110000000000000000000112', 'ywgm8tmm2o17vgo9odyegghmew0necd8NM200810110000000000000000000113');
INSERT INTO metadata_display_label ( default_locale, oid, site_master, key_name) VALUES ('Parameter: com.runwaysdk.system.scheduler.JobHistory - dto', '0350osf2av3cqlm107h8qyeuxm02nplfNM200904120000000000000000000030', 'www.runwaysdk.com', '0350osf2av3cqlm107h8qyeuxm02nplfNM200904120000000000000000000030');
INSERT INTO metadata_display_label ( default_locale, oid, site_master, key_name) VALUES ('com.runwaysdk.system.scheduler.JobHistory to apply to the database', 't19q6a5fi152w5uuy59huq8gzoxf8vzeNM200904120000000000000000000030', 'www.runwaysdk.com', 't19q6a5fi152w5uuy59huq8gzoxf8vzeNM200904120000000000000000000030');
INSERT INTO md_parameter ( metadata, parameter_order, parameter_name, parameter_type, display_label, oid) VALUES ('ywgm8tmm2o17vgo9odyegghmew0necd8NM200810110000000000000000000113', 0, 'dto', 'com.runwaysdk.system.scheduler.JobHistory', '0350osf2av3cqlm107h8qyeuxm02nplfNM200904120000000000000000000030', '7feooaw0ptad3tcut1gw5tth63u5gq1e20070427JS0000000000000000001517');
INSERT INTO metadata ( description, created_by, owner, oid, create_date, seq, type, remove, site_master, locked_by, entity_domain, last_updated_by, last_update_date, key_name) VALUES ('t19q6a5fi152w5uuy59huq8gzoxf8vzeNM200904120000000000000000000030', '0000000000000000000000000000001000000000000000000000000000000003', '0000000000000000000000000000001000000000000000000000000000000003', '7feooaw0ptad3tcut1gw5tth63u5gq1e20070427JS0000000000000000001517', '2014-02-10 12:13:54', 4536, 'com.runwaysdk.system.metadata.MdParameter', 1, 'www.runwaysdk.com', NULL, NULL, '0000000000000000000000000000001000000000000000000000000000000003', '2014-02-10 12:13:54', 'com.runwaysdk.system.scheduler.JobHistoryController.update.dto');
INSERT INTO metadata_parameter ( site_master, last_updated_by, create_date, seq, locked_by, entity_domain, created_by, type, last_update_date, key_name, owner, oid, parent_id, child_id) VALUES ('www.runwaysdk.com', '0000000000000000000000000000001000000000000000000000000000000003', '2014-02-10 12:13:54', 4537, NULL, NULL, '0000000000000000000000000000001000000000000000000000000000000003', 'com.runwaysdk.system.MetadataParameter', '2014-02-10 12:13:54', 'com.runwaysdk.system.scheduler.JobHistoryController.update.dto', '0000000000000000000000000000001000000000000000000000000000000003', '09738sp4nx745vhflk0rg2u0hoet623320070427JS0000000000000000001524', 'ywgm8tmm2o17vgo9odyegghmew0necd8NM200810110000000000000000000113', '7feooaw0ptad3tcut1gw5tth63u5gq1e20070427JS0000000000000000001517');
INSERT INTO metadata_display_label ( default_locale, oid, site_master, key_name) VALUES ('cancel', '25eh9n07za1sy0qs83r02w15ej9kgsabNM200904120000000000000000000030', 'www.runwaysdk.com', '25eh9n07za1sy0qs83r02w15ej9kgsabNM200904120000000000000000000030');
INSERT INTO metadata_display_label ( default_locale, oid, site_master, key_name) VALUES ('Unlocks an instance com.runwaysdk.system.scheduler.JobHistory', '06uywgc6sgwm7rzv0jcf1vs54jxr3jqsNM200904120000000000000000000030', 'www.runwaysdk.com', '06uywgc6sgwm7rzv0jcf1vs54jxr3jqsNM200904120000000000000000000030');
INSERT INTO md_action ( is_query, enclosing_md_controller, is_post, action_name, display_label, oid) VALUES (0, 'z9pkldn38zzzudm2wflc21i95spf4i47NM200810110000000000000000000112', 1, 'cancel', '25eh9n07za1sy0qs83r02w15ej9kgsabNM200904120000000000000000000030', 'xju5tvfjmtz302xsca1bhvl8snalevb0NM200810110000000000000000000113');
INSERT INTO metadata ( description, created_by, owner, oid, create_date, seq, type, remove, site_master, locked_by, entity_domain, last_updated_by, last_update_date, key_name) VALUES ('06uywgc6sgwm7rzv0jcf1vs54jxr3jqsNM200904120000000000000000000030', '0000000000000000000000000000001000000000000000000000000000000003', '0000000000000000000000000000001000000000000000000000000000000003', 'xju5tvfjmtz302xsca1bhvl8snalevb0NM200810110000000000000000000113', '2014-02-10 12:13:54', 4538, 'com.runwaysdk.system.metadata.MdAction', 1, 'www.runwaysdk.com', NULL, NULL, '0000000000000000000000000000001000000000000000000000000000000003', '2014-02-10 12:13:54', 'com.runwaysdk.system.scheduler.JobHistoryController.cancel');
INSERT INTO controller_action ( key_name, locked_by, oid, owner, entity_domain, created_by, type, last_update_date, create_date, seq, last_updated_by, site_master, parent_id, child_id) VALUES ('com.runwaysdk.system.scheduler.JobHistoryController.cancel', NULL, 'scow4lwgv3x3jc05fuyn0hovrz5avllcJS200807230000000000000000111111', '0000000000000000000000000000001000000000000000000000000000000003', NULL, '0000000000000000000000000000001000000000000000000000000000000003', 'com.runwaysdk.system.ControllerAction', '2014-02-10 12:13:54', '2014-02-10 12:13:54', 4539, '0000000000000000000000000000001000000000000000000000000000000003', 'www.runwaysdk.com', 'z9pkldn38zzzudm2wflc21i95spf4i47NM200810110000000000000000000112', 'xju5tvfjmtz302xsca1bhvl8snalevb0NM200810110000000000000000000113');
INSERT INTO metadata_display_label ( default_locale, oid, site_master, key_name) VALUES ('Parameter: com.runwaysdk.system.scheduler.JobHistory - dto', '1tvy2rj2m2agsra61t1ifftk0zsale4hNM200904120000000000000000000030', 'www.runwaysdk.com', '1tvy2rj2m2agsra61t1ifftk0zsale4hNM200904120000000000000000000030');
INSERT INTO metadata_display_label ( default_locale, oid, site_master, key_name) VALUES ('com.runwaysdk.system.scheduler.JobHistory to unlock', '7aostofl7fm2p7bfzb8g1tdyuj9qypfoNM200904120000000000000000000030', 'www.runwaysdk.com', '7aostofl7fm2p7bfzb8g1tdyuj9qypfoNM200904120000000000000000000030');
INSERT INTO md_parameter ( metadata, parameter_order, parameter_name, parameter_type, display_label, oid) VALUES ('xju5tvfjmtz302xsca1bhvl8snalevb0NM200810110000000000000000000113', 0, 'dto', 'com.runwaysdk.system.scheduler.JobHistory', '1tvy2rj2m2agsra61t1ifftk0zsale4hNM200904120000000000000000000030', 'xykjcww1i90z6ahjaqle33xezaqtvz0i20070427JS0000000000000000001517');
INSERT INTO metadata ( description, created_by, owner, oid, create_date, seq, type, remove, site_master, locked_by, entity_domain, last_updated_by, last_update_date, key_name) VALUES ('7aostofl7fm2p7bfzb8g1tdyuj9qypfoNM200904120000000000000000000030', '0000000000000000000000000000001000000000000000000000000000000003', '0000000000000000000000000000001000000000000000000000000000000003', 'xykjcww1i90z6ahjaqle33xezaqtvz0i20070427JS0000000000000000001517', '2014-02-10 12:13:54', 4540, 'com.runwaysdk.system.metadata.MdParameter', 1, 'www.runwaysdk.com', NULL, NULL, '0000000000000000000000000000001000000000000000000000000000000003', '2014-02-10 12:13:54', 'com.runwaysdk.system.scheduler.JobHistoryController.cancel.dto');
INSERT INTO metadata_parameter ( site_master, last_updated_by, create_date, seq, locked_by, entity_domain, created_by, type, last_update_date, key_name, owner, oid, parent_id, child_id) VALUES ('www.runwaysdk.com', '0000000000000000000000000000001000000000000000000000000000000003', '2014-02-10 12:13:54', 4541, NULL, NULL, '0000000000000000000000000000001000000000000000000000000000000003', 'com.runwaysdk.system.MetadataParameter', '2014-02-10 12:13:54', 'com.runwaysdk.system.scheduler.JobHistoryController.cancel.dto', '0000000000000000000000000000001000000000000000000000000000000003', 'z3a8q80zs6m7o4u1nc8xu00ja0w9mnzo20070427JS0000000000000000001524', 'xju5tvfjmtz302xsca1bhvl8snalevb0NM200810110000000000000000000113', 'xykjcww1i90z6ahjaqle33xezaqtvz0i20070427JS0000000000000000001517');
INSERT INTO metadata_display_label ( default_locale, oid, site_master, key_name) VALUES ('delete', 'xlc67z0r46eik1w6yj9yrrgllzo6tn1gNM200904120000000000000000000030', 'www.runwaysdk.com', 'xlc67z0r46eik1w6yj9yrrgllzo6tn1gNM200904120000000000000000000030');
INSERT INTO metadata_display_label ( default_locale, oid, site_master, key_name) VALUES ('Delete an instance of com.runwaysdk.system.scheduler.JobHistory', '2a3evxm253dqp7kblww6fzq27jrtjeyhNM200904120000000000000000000030', 'www.runwaysdk.com', '2a3evxm253dqp7kblww6fzq27jrtjeyhNM200904120000000000000000000030');
INSERT INTO md_action ( is_query, enclosing_md_controller, is_post, action_name, display_label, oid) VALUES (0, 'z9pkldn38zzzudm2wflc21i95spf4i47NM200810110000000000000000000112', 1, 'delete', 'xlc67z0r46eik1w6yj9yrrgllzo6tn1gNM200904120000000000000000000030', '1w3ut8jliodtq4ruk4dn9ymj5wwcpnpeNM200810110000000000000000000113');
INSERT INTO metadata ( description, created_by, owner, oid, create_date, seq, type, remove, site_master, locked_by, entity_domain, last_updated_by, last_update_date, key_name) VALUES ('2a3evxm253dqp7kblww6fzq27jrtjeyhNM200904120000000000000000000030', '0000000000000000000000000000001000000000000000000000000000000003', '0000000000000000000000000000001000000000000000000000000000000003', '1w3ut8jliodtq4ruk4dn9ymj5wwcpnpeNM200810110000000000000000000113', '2014-02-10 12:13:54', 4542, 'com.runwaysdk.system.metadata.MdAction', 1, 'www.runwaysdk.com', NULL, NULL, '0000000000000000000000000000001000000000000000000000000000000003', '2014-02-10 12:13:54', 'com.runwaysdk.system.scheduler.JobHistoryController.delete');
INSERT INTO controller_action ( key_name, locked_by, oid, owner, entity_domain, created_by, type, last_update_date, create_date, seq, last_updated_by, site_master, parent_id, child_id) VALUES ('com.runwaysdk.system.scheduler.JobHistoryController.delete', NULL, 'r1sa0rbnd90q8gcxbzyb60119hw7d3tiJS200807230000000000000000111111', '0000000000000000000000000000001000000000000000000000000000000003', NULL, '0000000000000000000000000000001000000000000000000000000000000003', 'com.runwaysdk.system.ControllerAction', '2014-02-10 12:13:54', '2014-02-10 12:13:54', 4543, '0000000000000000000000000000001000000000000000000000000000000003', 'www.runwaysdk.com', 'z9pkldn38zzzudm2wflc21i95spf4i47NM200810110000000000000000000112', '1w3ut8jliodtq4ruk4dn9ymj5wwcpnpeNM200810110000000000000000000113');
INSERT INTO metadata_display_label ( default_locale, oid, site_master, key_name) VALUES ('Parameter: com.runwaysdk.system.scheduler.JobHistory - dto', '0dla2jyqg1b4l1xnlssx7s1nwo8kj9s3NM200904120000000000000000000030', 'www.runwaysdk.com', '0dla2jyqg1b4l1xnlssx7s1nwo8kj9s3NM200904120000000000000000000030');
INSERT INTO metadata_display_label ( default_locale, oid, site_master, key_name) VALUES ('com.runwaysdk.system.scheduler.JobHistory to delete', 'zhxddz41law17rbzga0rfkbapn3hdr4zNM200904120000000000000000000030', 'www.runwaysdk.com', 'zhxddz41law17rbzga0rfkbapn3hdr4zNM200904120000000000000000000030');
INSERT INTO md_parameter ( metadata, parameter_order, parameter_name, parameter_type, display_label, oid) VALUES ('1w3ut8jliodtq4ruk4dn9ymj5wwcpnpeNM200810110000000000000000000113', 0, 'dto', 'com.runwaysdk.system.scheduler.JobHistory', '0dla2jyqg1b4l1xnlssx7s1nwo8kj9s3NM200904120000000000000000000030', '8dfcqelr7jg3f55i1h5gpvo4rpi8o89b20070427JS0000000000000000001517');
INSERT INTO metadata ( description, created_by, owner, oid, create_date, seq, type, remove, site_master, locked_by, entity_domain, last_updated_by, last_update_date, key_name) VALUES ('zhxddz41law17rbzga0rfkbapn3hdr4zNM200904120000000000000000000030', '0000000000000000000000000000001000000000000000000000000000000003', '0000000000000000000000000000001000000000000000000000000000000003', '8dfcqelr7jg3f55i1h5gpvo4rpi8o89b20070427JS0000000000000000001517', '2014-02-10 12:13:54', 4544, 'com.runwaysdk.system.metadata.MdParameter', 1, 'www.runwaysdk.com', NULL, NULL, '0000000000000000000000000000001000000000000000000000000000000003', '2014-02-10 12:13:54', 'com.runwaysdk.system.scheduler.JobHistoryController.delete.dto');
INSERT INTO metadata_parameter ( site_master, last_updated_by, create_date, seq, locked_by, entity_domain, created_by, type, last_update_date, key_name, owner, oid, parent_id, child_id) VALUES ('www.runwaysdk.com', '0000000000000000000000000000001000000000000000000000000000000003', '2014-02-10 12:13:54', 4545, NULL, NULL, '0000000000000000000000000000001000000000000000000000000000000003', 'com.runwaysdk.system.MetadataParameter', '2014-02-10 12:13:54', 'com.runwaysdk.system.scheduler.JobHistoryController.delete.dto', '0000000000000000000000000000001000000000000000000000000000000003', '236wqfdenvs5axmba8jgt81rpk0qsbpw20070427JS0000000000000000001524', '1w3ut8jliodtq4ruk4dn9ymj5wwcpnpeNM200810110000000000000000000113', '8dfcqelr7jg3f55i1h5gpvo4rpi8o89b20070427JS0000000000000000001517');
 INSERT INTO visibilitymodifier (set_id, item_id)  VALUES  ('1vaw4k1qrhvv7byu4l7ogu3t03ckufxg', '20071109NM000000000000000000000520071109NM0000000000000000000001');
INSERT INTO metadata_display_label ( default_locale, oid, site_master, key_name) VALUES ('Entry Date', 'z897mktgvi96531xphis1i9bjcud015cNM200904120000000000000000000030', 'www.runwaysdk.com', 'z897mktgvi96531xphis1i9bjcud015cNM200904120000000000000000000030');
 INSERT INTO visibilitymodifier (set_id, item_id)  VALUES  ('qvrpkz092157qlg4mvahh3f0400zi5p9', '20071109NM000000000000000000000520071109NM0000000000000000000001');
 INSERT INTO md_attribute_indicies (set_id, item_id)  VALUES  ('0jr67pak83q35sd6aef0odcyxivfjter', '0000000000000000000000000000040100000000000000000000000000000403');
INSERT INTO metadata_display_label ( default_locale, oid, site_master, key_name) VALUES ('Entry Date', 'xjm52w1ctqwm78ujwh47cq9c7bq5ze0uNM200904120000000000000000000030', 'www.runwaysdk.com', 'xjm52w1ctqwm78ujwh47cq9c7bq5ze0uNM200904120000000000000000000030');
INSERT INTO md_attribute_datetime ( default_value, oid) VALUES (NULL, '0t4l9x27b1q0azwto2mz261ni07mseag00000000000000000000000000000341');
INSERT INTO md_attribute_moment ( oid) VALUES ('0t4l9x27b1q0azwto2mz261ni07mseag00000000000000000000000000000341');
INSERT INTO md_attribute_primitive ( oid) VALUES ('0t4l9x27b1q0azwto2mz261ni07mseag00000000000000000000000000000341');
INSERT INTO md_attribute_concrete ( column_name, defining_md_class, setter_visibility, setter_visibility_c, immutable, index_name, generate_accessor, system, required, display_label, getter_visibility, getter_visibility_c, index_type, index_type_c, attribute_name, oid) VALUES ('entry_date', '8ndv254jvk1mw1rql6a4pqz9qbqvdzl400000000000000000000000000000001', '1vaw4k1qrhvv7byu4l7ogu3t03ckufxg', '20071109NM000000000000000000000520071109NM0000000000000000000001', 0, 'a8h5jnqgba9eidxslvzqez3uyzjyjh', 1, 0, 0, 'z897mktgvi96531xphis1i9bjcud015cNM200904120000000000000000000030', 'qvrpkz092157qlg4mvahh3f0400zi5p9', '20071109NM000000000000000000000520071109NM0000000000000000000001', '0jr67pak83q35sd6aef0odcyxivfjter', '0000000000000000000000000000040100000000000000000000000000000403', 'entryDate', '0t4l9x27b1q0azwto2mz261ni07mseag00000000000000000000000000000341');
INSERT INTO md_attribute ( oid) VALUES ('0t4l9x27b1q0azwto2mz261ni07mseag00000000000000000000000000000341');
INSERT INTO metadata ( description, created_by, owner, oid, create_date, seq, type, remove, site_master, locked_by, entity_domain, last_updated_by, last_update_date, key_name) VALUES ('xjm52w1ctqwm78ujwh47cq9c7bq5ze0uNM200904120000000000000000000030', '0000000000000000000000000000001000000000000000000000000000000003', '0000000000000000000000000000001000000000000000000000000000000003', '0t4l9x27b1q0azwto2mz261ni07mseag00000000000000000000000000000341', '2014-02-10 12:13:54', 4546, 'com.runwaysdk.system.metadata.MdAttributeDateTime', 1, 'www.runwaysdk.com', NULL, NULL, '0000000000000000000000000000001000000000000000000000000000000003', '2014-02-10 12:13:54', 'com.runwaysdk.system.scheduler.ExecutableJob.entryDate');
ALTER TABLE executable_job ADD COLUMN entry_date  timestamp;
INSERT INTO class_attribute_concrete ( oid, parent_id, child_id) VALUES ('qtqxo55evvy2qvqx200zlbyirrhf46a300000000000000000000000000000073', '8ndv254jvk1mw1rql6a4pqz9qbqvdzl400000000000000000000000000000001', '0t4l9x27b1q0azwto2mz261ni07mseag00000000000000000000000000000341');
INSERT INTO class_attribute ( oid, parent_id, child_id) VALUES ('qtqxo55evvy2qvqx200zlbyirrhf46a300000000000000000000000000000073', '8ndv254jvk1mw1rql6a4pqz9qbqvdzl400000000000000000000000000000001', '0t4l9x27b1q0azwto2mz261ni07mseag00000000000000000000000000000341');
INSERT INTO metadata_relationship ( entity_domain, site_master, last_updated_by, oid, owner, locked_by, create_date, type, created_by, seq, key_name, last_update_date, parent_id, child_id) VALUES (NULL, 'www.runwaysdk.com', '0000000000000000000000000000001000000000000000000000000000000003', 'qtqxo55evvy2qvqx200zlbyirrhf46a300000000000000000000000000000073', '0000000000000000000000000000001000000000000000000000000000000003', NULL, '2014-02-10 12:13:54', 'com.runwaysdk.system.metadata.ClassAttributeConcrete', '0000000000000000000000000000001000000000000000000000000000000003', 4547, 'com.runwaysdk.system.scheduler.ExecutableJob.entryDate', '2014-02-10 12:13:54', '8ndv254jvk1mw1rql6a4pqz9qbqvdzl400000000000000000000000000000001', '0t4l9x27b1q0azwto2mz261ni07mseag00000000000000000000000000000341');
 INSERT INTO struct_cache (set_id, item_id)  VALUES  ('zgd5ze7017h810ggojswv9x87vypqyvr', '0000000000000000000000000000023100000000000000000000000000000222');
INSERT INTO metadata_display_label ( default_locale, oid, site_master, key_name) VALUES ('Comment', '8twoueickspkt35lz62bokc0m05q254nNM200904120000000000000000000030', 'www.runwaysdk.com', '8twoueickspkt35lz62bokc0m05q254nNM200904120000000000000000000030');
INSERT INTO metadata_display_label ( default_locale, oid, site_master, key_name) VALUES ('User Friendly History Comment', 'rc76xmgv2879jzquqbbb0vfu4qjkgtwpNM200904120000000000000000000030', 'www.runwaysdk.com', 'rc76xmgv2879jzquqbbb0vfu4qjkgtwpNM200904120000000000000000000030');
INSERT INTO md_local_struct ( oid) VALUES ('8d1kfg7ldiaylha1aq1u3shemkhgxe2b0000000000000000000MdLocalStruct');
INSERT INTO md_struct ( cache_algorithm, cache_algorithm_c, oid) VALUES ('zgd5ze7017h810ggojswv9x87vypqyvr', '0000000000000000000000000000023100000000000000000000000000000222', '8d1kfg7ldiaylha1aq1u3shemkhgxe2b0000000000000000000MdLocalStruct');
INSERT INTO md_entity ( query_dto_source, query_source, cache_size, enforce_site_master, has_deterministic_ids, table_name, oid) VALUES (NULL, NULL, 0, 1, 0, 'job_history_history_comment', '8d1kfg7ldiaylha1aq1u3shemkhgxe2b0000000000000000000MdLocalStruct');
INSERT INTO md_class ( publish, stub_dto_source, stub_source, oid) VALUES (1, NULL, NULL, '8d1kfg7ldiaylha1aq1u3shemkhgxe2b0000000000000000000MdLocalStruct');
INSERT INTO md_type ( display_label, root_id, package_name, type_name, base_source, js_base, js_stub, exported, dto_source, oid) VALUES ('8twoueickspkt35lz62bokc0m05q254nNM200904120000000000000000000030', '8d1kfg7ldiaylha1aq1u3shemkhgxe2b', 'com.runwaysdk.system.scheduler', 'JobHistoryHistoryComment', NULL, NULL, NULL, 1, NULL, '8d1kfg7ldiaylha1aq1u3shemkhgxe2b0000000000000000000MdLocalStruct');
INSERT INTO metadata ( description, created_by, owner, oid, create_date, seq, type, remove, site_master, locked_by, entity_domain, last_updated_by, last_update_date, key_name) VALUES ('rc76xmgv2879jzquqbbb0vfu4qjkgtwpNM200904120000000000000000000030', '0000000000000000000000000000001000000000000000000000000000000003', '0000000000000000000000000000001000000000000000000000000000000003', '8d1kfg7ldiaylha1aq1u3shemkhgxe2b0000000000000000000MdLocalStruct', '2014-02-10 12:13:54', 4548, 'com.runwaysdk.system.metadata.MdLocalStruct', 1, 'www.runwaysdk.com', NULL, NULL, '0000000000000000000000000000001000000000000000000000000000000003', '2014-02-10 12:13:54', 'com.runwaysdk.system.scheduler.JobHistoryHistoryComment');
CREATE TABLE job_history_history_comment ( oid CHAR(64) NOT NULL PRIMARY KEY );
 INSERT INTO visibilitymodifier (set_id, item_id)  VALUES  ('srg3ubgvf5usv7ty2zjnrbdvjpr5hcy0', '20071109NM000000000000000000000520071109NM0000000000000000000001');
INSERT INTO metadata_display_label ( default_locale, oid, site_master, key_name) VALUES ('ID', '1zg8gmxljikzgpuljgc30dnudfd7g5wvNM200904120000000000000000000030', 'www.runwaysdk.com', '1zg8gmxljikzgpuljgc30dnudfd7g5wvNM200904120000000000000000000030');
 INSERT INTO visibilitymodifier (set_id, item_id)  VALUES  ('xy3fxhbdpdawz2tyln3mow7b3zd2dmnj', '20071109NM000000000000000000000520071109NM0000000000000000000001');
 INSERT INTO md_attribute_indicies (set_id, item_id)  VALUES  ('6smigav1tp8fsqt799eokohpy5cztgw0', '0000000000000000000000000000040900000000000000000000000000000403');
INSERT INTO metadata_display_label ( default_locale, oid, site_master, key_name) VALUES ('ID of this object', '0ln1uq8626pe2dc3c7oedr7gab3rmcyuNM200904120000000000000000000030', 'www.runwaysdk.com', '0ln1uq8626pe2dc3c7oedr7gab3rmcyuNM200904120000000000000000000030');
INSERT INTO md_attribute_character ( default_value, database_size, oid) VALUES (NULL, 64, '21maxir11z49qzny49vkherutvrk7xa700000000000000000000000000000138');
INSERT INTO md_attribute_char ( oid) VALUES ('21maxir11z49qzny49vkherutvrk7xa700000000000000000000000000000138');
INSERT INTO md_attribute_primitive ( oid) VALUES ('21maxir11z49qzny49vkherutvrk7xa700000000000000000000000000000138');
INSERT INTO md_attribute_concrete ( column_name, defining_md_class, setter_visibility, setter_visibility_c, immutable, index_name, generate_accessor, system, required, display_label, getter_visibility, getter_visibility_c, index_type, index_type_c, attribute_name, oid) VALUES ('oid', '8d1kfg7ldiaylha1aq1u3shemkhgxe2b0000000000000000000MdLocalStruct', 'srg3ubgvf5usv7ty2zjnrbdvjpr5hcy0', '20071109NM000000000000000000000520071109NM0000000000000000000001', 0, 'an74iyts69je0bluek3ofadkenuv1b', 1, 1, 1, '1zg8gmxljikzgpuljgc30dnudfd7g5wvNM200904120000000000000000000030', 'xy3fxhbdpdawz2tyln3mow7b3zd2dmnj', '20071109NM000000000000000000000520071109NM0000000000000000000001', '6smigav1tp8fsqt799eokohpy5cztgw0', '0000000000000000000000000000040900000000000000000000000000000403', 'oid', '21maxir11z49qzny49vkherutvrk7xa700000000000000000000000000000138');
INSERT INTO md_attribute ( oid) VALUES ('21maxir11z49qzny49vkherutvrk7xa700000000000000000000000000000138');
INSERT INTO metadata ( description, created_by, owner, oid, create_date, seq, type, remove, site_master, locked_by, entity_domain, last_updated_by, last_update_date, key_name) VALUES ('0ln1uq8626pe2dc3c7oedr7gab3rmcyuNM200904120000000000000000000030', '0000000000000000000000000000001000000000000000000000000000000003', '0000000000000000000000000000001000000000000000000000000000000003', '21maxir11z49qzny49vkherutvrk7xa700000000000000000000000000000138', '2014-02-10 12:13:54', 4549, 'com.runwaysdk.system.metadata.MdAttributeCharacter', 0, 'www.runwaysdk.com', NULL, NULL, '0000000000000000000000000000001000000000000000000000000000000003', '2014-02-10 12:13:54', 'com.runwaysdk.system.scheduler.JobHistoryHistoryComment.oid');
INSERT INTO class_attribute_concrete ( oid, parent_id, child_id) VALUES ('qx1izdk7cod9kmgpy6os318a1in2poth00000000000000000000000000000073', '8d1kfg7ldiaylha1aq1u3shemkhgxe2b0000000000000000000MdLocalStruct', '21maxir11z49qzny49vkherutvrk7xa700000000000000000000000000000138');
INSERT INTO class_attribute ( oid, parent_id, child_id) VALUES ('qx1izdk7cod9kmgpy6os318a1in2poth00000000000000000000000000000073', '8d1kfg7ldiaylha1aq1u3shemkhgxe2b0000000000000000000MdLocalStruct', '21maxir11z49qzny49vkherutvrk7xa700000000000000000000000000000138');
INSERT INTO metadata_relationship ( entity_domain, site_master, last_updated_by, oid, owner, locked_by, create_date, type, created_by, seq, key_name, last_update_date, parent_id, child_id) VALUES (NULL, 'www.runwaysdk.com', '0000000000000000000000000000001000000000000000000000000000000003', 'qx1izdk7cod9kmgpy6os318a1in2poth00000000000000000000000000000073', '0000000000000000000000000000001000000000000000000000000000000003', NULL, '2014-02-10 12:13:54', 'com.runwaysdk.system.metadata.ClassAttributeConcrete', '0000000000000000000000000000001000000000000000000000000000000003', 4550, 'com.runwaysdk.system.scheduler.JobHistoryHistoryComment.oid', '2014-02-10 12:13:54', '8d1kfg7ldiaylha1aq1u3shemkhgxe2b0000000000000000000MdLocalStruct', '21maxir11z49qzny49vkherutvrk7xa700000000000000000000000000000138');
 INSERT INTO visibilitymodifier (set_id, item_id)  VALUES  ('xyjmpzhqhwvfgo52qqhezlmec5wqfbly', '20071109NM000000000000000000000520071109NM0000000000000000000001');
INSERT INTO metadata_display_label ( default_locale, oid, site_master, key_name) VALUES ('Site Master', '0j1t4zr7ozzxmlywtc83hzpnw9ucc7voNM200904120000000000000000000030', 'www.runwaysdk.com', '0j1t4zr7ozzxmlywtc83hzpnw9ucc7voNM200904120000000000000000000030');
 INSERT INTO visibilitymodifier (set_id, item_id)  VALUES  ('z6xmrdqegle325bz8744xu9itckst6v5', '20071109NM000000000000000000000520071109NM0000000000000000000001');
 INSERT INTO md_attribute_indicies (set_id, item_id)  VALUES  ('23lh00m7y8yr5t75n7en6suh5daeo5bq', '0000000000000000000000000000040100000000000000000000000000000403');
INSERT INTO metadata_display_label ( default_locale, oid, site_master, key_name) VALUES ('The name of the site responsible for this object', 'qy5rnnsnkhgf5bedn25a08m2cxgs3rdmNM200904120000000000000000000030', 'www.runwaysdk.com', 'qy5rnnsnkhgf5bedn25a08m2cxgs3rdmNM200904120000000000000000000030');
INSERT INTO md_attribute_character ( default_value, database_size, oid) VALUES (NULL, 255, '8gbraozud2p9vnkm59t1p8z5rkksc6te00000000000000000000000000000138');
INSERT INTO md_attribute_char ( oid) VALUES ('8gbraozud2p9vnkm59t1p8z5rkksc6te00000000000000000000000000000138');
INSERT INTO md_attribute_primitive ( oid) VALUES ('8gbraozud2p9vnkm59t1p8z5rkksc6te00000000000000000000000000000138');
INSERT INTO md_attribute_concrete ( column_name, defining_md_class, setter_visibility, setter_visibility_c, immutable, index_name, generate_accessor, system, required, display_label, getter_visibility, getter_visibility_c, index_type, index_type_c, attribute_name, oid) VALUES ('site_master', '8d1kfg7ldiaylha1aq1u3shemkhgxe2b0000000000000000000MdLocalStruct', 'xyjmpzhqhwvfgo52qqhezlmec5wqfbly', '20071109NM000000000000000000000520071109NM0000000000000000000001', 1, 'aljrkhsi0tm9gz40vpk9vrubne9ja3', 1, 1, 1, '0j1t4zr7ozzxmlywtc83hzpnw9ucc7voNM200904120000000000000000000030', 'z6xmrdqegle325bz8744xu9itckst6v5', '20071109NM000000000000000000000520071109NM0000000000000000000001', '23lh00m7y8yr5t75n7en6suh5daeo5bq', '0000000000000000000000000000040100000000000000000000000000000403', 'siteMaster', '8gbraozud2p9vnkm59t1p8z5rkksc6te00000000000000000000000000000138');
INSERT INTO md_attribute ( oid) VALUES ('8gbraozud2p9vnkm59t1p8z5rkksc6te00000000000000000000000000000138');
INSERT INTO metadata ( description, created_by, owner, oid, create_date, seq, type, remove, site_master, locked_by, entity_domain, last_updated_by, last_update_date, key_name) VALUES ('qy5rnnsnkhgf5bedn25a08m2cxgs3rdmNM200904120000000000000000000030', '0000000000000000000000000000001000000000000000000000000000000003', '0000000000000000000000000000001000000000000000000000000000000003', '8gbraozud2p9vnkm59t1p8z5rkksc6te00000000000000000000000000000138', '2014-02-10 12:13:54', 4551, 'com.runwaysdk.system.metadata.MdAttributeCharacter', 0, 'www.runwaysdk.com', NULL, NULL, '0000000000000000000000000000001000000000000000000000000000000003', '2014-02-10 12:13:54', 'com.runwaysdk.system.scheduler.JobHistoryHistoryComment.siteMaster');
ALTER TABLE job_history_history_comment ADD COLUMN site_master  varchar(255);
INSERT INTO class_attribute_concrete ( oid, parent_id, child_id) VALUES ('r974vdo3i3oynnl0u888u19349jyp5kh00000000000000000000000000000073', '8d1kfg7ldiaylha1aq1u3shemkhgxe2b0000000000000000000MdLocalStruct', '8gbraozud2p9vnkm59t1p8z5rkksc6te00000000000000000000000000000138');
INSERT INTO class_attribute ( oid, parent_id, child_id) VALUES ('r974vdo3i3oynnl0u888u19349jyp5kh00000000000000000000000000000073', '8d1kfg7ldiaylha1aq1u3shemkhgxe2b0000000000000000000MdLocalStruct', '8gbraozud2p9vnkm59t1p8z5rkksc6te00000000000000000000000000000138');
INSERT INTO metadata_relationship ( entity_domain, site_master, last_updated_by, oid, owner, locked_by, create_date, type, created_by, seq, key_name, last_update_date, parent_id, child_id) VALUES (NULL, 'www.runwaysdk.com', '0000000000000000000000000000001000000000000000000000000000000003', 'r974vdo3i3oynnl0u888u19349jyp5kh00000000000000000000000000000073', '0000000000000000000000000000001000000000000000000000000000000003', NULL, '2014-02-10 12:13:54', 'com.runwaysdk.system.metadata.ClassAttributeConcrete', '0000000000000000000000000000001000000000000000000000000000000003', 4552, 'com.runwaysdk.system.scheduler.JobHistoryHistoryComment.siteMaster', '2014-02-10 12:13:54', '8d1kfg7ldiaylha1aq1u3shemkhgxe2b0000000000000000000MdLocalStruct', '8gbraozud2p9vnkm59t1p8z5rkksc6te00000000000000000000000000000138');
 INSERT INTO visibilitymodifier (set_id, item_id)  VALUES  ('1r2vu1nk6g5432n6fzsug4zpo4mn4amo', '20071109NM000000000000000000000520071109NM0000000000000000000001');
INSERT INTO metadata_display_label ( default_locale, oid, site_master, key_name) VALUES ('Key Name', 'swh7y65nmpizvt9t9iq7ulfb2l8retwrNM200904120000000000000000000030', 'www.runwaysdk.com', 'swh7y65nmpizvt9t9iq7ulfb2l8retwrNM200904120000000000000000000030');
 INSERT INTO visibilitymodifier (set_id, item_id)  VALUES  ('7bme8e4ion99z4hotklevhktmcwiiers', '20071109NM000000000000000000000520071109NM0000000000000000000001');
 INSERT INTO md_attribute_indicies (set_id, item_id)  VALUES  ('8xx89a6njkbye8ucqh9v25ywof5gpnev', '0000000000000000000000000000040900000000000000000000000000000403');
INSERT INTO metadata_display_label ( default_locale, oid, site_master, key_name) VALUES ('Key which uniquely identifies each instance of this type heirarchy.', 'ywowbngrgo9u1lkgqi15qre9edwq8skxNM200904120000000000000000000030', 'www.runwaysdk.com', 'ywowbngrgo9u1lkgqi15qre9edwq8skxNM200904120000000000000000000030');
INSERT INTO md_attribute_character ( default_value, database_size, oid) VALUES (NULL, 255, '91yplljj4tqs825r26p94jord3ucj2vt00000000000000000000000000000138');
INSERT INTO md_attribute_char ( oid) VALUES ('91yplljj4tqs825r26p94jord3ucj2vt00000000000000000000000000000138');
INSERT INTO md_attribute_primitive ( oid) VALUES ('91yplljj4tqs825r26p94jord3ucj2vt00000000000000000000000000000138');
INSERT INTO md_attribute_concrete ( column_name, defining_md_class, setter_visibility, setter_visibility_c, immutable, index_name, generate_accessor, system, required, display_label, getter_visibility, getter_visibility_c, index_type, index_type_c, attribute_name, oid) VALUES ('key_name', '8d1kfg7ldiaylha1aq1u3shemkhgxe2b0000000000000000000MdLocalStruct', '1r2vu1nk6g5432n6fzsug4zpo4mn4amo', '20071109NM000000000000000000000520071109NM0000000000000000000001', 0, 'acakopghvgd4aujgszeimbmbt8m68w', 1, 0, 1, 'swh7y65nmpizvt9t9iq7ulfb2l8retwrNM200904120000000000000000000030', '7bme8e4ion99z4hotklevhktmcwiiers', '20071109NM000000000000000000000520071109NM0000000000000000000001', '8xx89a6njkbye8ucqh9v25ywof5gpnev', '0000000000000000000000000000040900000000000000000000000000000403', 'keyName', '91yplljj4tqs825r26p94jord3ucj2vt00000000000000000000000000000138');
INSERT INTO md_attribute ( oid) VALUES ('91yplljj4tqs825r26p94jord3ucj2vt00000000000000000000000000000138');
INSERT INTO metadata ( description, created_by, owner, oid, create_date, seq, type, remove, site_master, locked_by, entity_domain, last_updated_by, last_update_date, key_name) VALUES ('ywowbngrgo9u1lkgqi15qre9edwq8skxNM200904120000000000000000000030', '0000000000000000000000000000001000000000000000000000000000000003', '0000000000000000000000000000001000000000000000000000000000000003', '91yplljj4tqs825r26p94jord3ucj2vt00000000000000000000000000000138', '2014-02-10 12:13:54', 4553, 'com.runwaysdk.system.metadata.MdAttributeCharacter', 1, 'www.runwaysdk.com', NULL, NULL, '0000000000000000000000000000001000000000000000000000000000000003', '2014-02-10 12:13:54', 'com.runwaysdk.system.scheduler.JobHistoryHistoryComment.keyName');
ALTER TABLE job_history_history_comment ADD COLUMN key_name  varchar(255);
INSERT INTO class_attribute_concrete ( oid, parent_id, child_id) VALUES ('snidlocv8j58apwvuna2ygfv1rl8p5cg00000000000000000000000000000073', '8d1kfg7ldiaylha1aq1u3shemkhgxe2b0000000000000000000MdLocalStruct', '91yplljj4tqs825r26p94jord3ucj2vt00000000000000000000000000000138');
INSERT INTO class_attribute ( oid, parent_id, child_id) VALUES ('snidlocv8j58apwvuna2ygfv1rl8p5cg00000000000000000000000000000073', '8d1kfg7ldiaylha1aq1u3shemkhgxe2b0000000000000000000MdLocalStruct', '91yplljj4tqs825r26p94jord3ucj2vt00000000000000000000000000000138');
INSERT INTO metadata_relationship ( entity_domain, site_master, last_updated_by, oid, owner, locked_by, create_date, type, created_by, seq, key_name, last_update_date, parent_id, child_id) VALUES (NULL, 'www.runwaysdk.com', '0000000000000000000000000000001000000000000000000000000000000003', 'snidlocv8j58apwvuna2ygfv1rl8p5cg00000000000000000000000000000073', '0000000000000000000000000000001000000000000000000000000000000003', NULL, '2014-02-10 12:13:54', 'com.runwaysdk.system.metadata.ClassAttributeConcrete', '0000000000000000000000000000001000000000000000000000000000000003', 4554, 'com.runwaysdk.system.scheduler.JobHistoryHistoryComment.keyName', '2014-02-10 12:13:54', '8d1kfg7ldiaylha1aq1u3shemkhgxe2b0000000000000000000MdLocalStruct', '91yplljj4tqs825r26p94jord3ucj2vt00000000000000000000000000000138');
CREATE UNIQUE INDEX acakopghvgd4aujgszeimbmbt8m68w ON job_history_history_comment (key_name);
INSERT INTO metadata_display_label ( default_locale, oid, site_master, key_name) VALUES (NULL, 'xma8l1cdc4f3a7s8l6k9414z28sein9jNM200904120000000000000000000030', 'www.runwaysdk.com', 'xma8l1cdc4f3a7s8l6k9414z28sein9jNM200904120000000000000000000030');
INSERT INTO metadata_display_label ( default_locale, oid, site_master, key_name) VALUES (NULL, '6o9v11s1zb6zq8dbb9q9uzc8ovy66c98NM200904120000000000000000000030', 'www.runwaysdk.com', '6o9v11s1zb6zq8dbb9q9uzc8ovy66c98NM200904120000000000000000000030');
INSERT INTO md_controller ( stub_source, oid) VALUES (NULL, 'r8oullz0qxvwv8gnjil9n1l6kfpgk36dNM200810110000000000000000000112');
INSERT INTO md_type ( display_label, root_id, package_name, type_name, base_source, js_base, js_stub, exported, dto_source, oid) VALUES ('xma8l1cdc4f3a7s8l6k9414z28sein9jNM200904120000000000000000000030', 'r8oullz0qxvwv8gnjil9n1l6kfpgk36d', 'com.runwaysdk.system.scheduler', 'JobHistoryHistoryCommentController', NULL, NULL, NULL, 1, NULL, 'r8oullz0qxvwv8gnjil9n1l6kfpgk36dNM200810110000000000000000000112');
INSERT INTO metadata ( description, created_by, owner, oid, create_date, seq, type, remove, site_master, locked_by, entity_domain, last_updated_by, last_update_date, key_name) VALUES ('6o9v11s1zb6zq8dbb9q9uzc8ovy66c98NM200904120000000000000000000030', '0000000000000000000000000000001000000000000000000000000000000003', '0000000000000000000000000000001000000000000000000000000000000003', 'r8oullz0qxvwv8gnjil9n1l6kfpgk36dNM200810110000000000000000000112', '2014-02-10 12:13:54', 4555, 'com.runwaysdk.system.metadata.MdController', 1, 'www.runwaysdk.com', NULL, NULL, '0000000000000000000000000000001000000000000000000000000000000003', '2014-02-10 12:13:54', 'com.runwaysdk.system.scheduler.JobHistoryHistoryCommentController');
INSERT INTO metadata_display_label ( default_locale, oid, site_master, key_name) VALUES ('View Page', '02f99wypc73s7wrxogdw8dk3adijykllNM200904120000000000000000000030', 'www.runwaysdk.com', '02f99wypc73s7wrxogdw8dk3adijykllNM200904120000000000000000000030');
INSERT INTO metadata_display_label ( default_locale, oid, site_master, key_name) VALUES ('Loads a ViewAll query for a specific page into the request object', '09cnibrrsoe0apykcy44mg1gn5qrtbvkNM200904120000000000000000000030', 'www.runwaysdk.com', '09cnibrrsoe0apykcy44mg1gn5qrtbvkNM200904120000000000000000000030');
INSERT INTO md_action ( is_query, enclosing_md_controller, is_post, action_name, display_label, oid) VALUES (1, 'r8oullz0qxvwv8gnjil9n1l6kfpgk36dNM200810110000000000000000000112', 0, 'viewPage', '02f99wypc73s7wrxogdw8dk3adijykllNM200904120000000000000000000030', 'sja8kvaszjder3qh46va57n84v64tf7xNM200810110000000000000000000113');
INSERT INTO metadata ( description, created_by, owner, oid, create_date, seq, type, remove, site_master, locked_by, entity_domain, last_updated_by, last_update_date, key_name) VALUES ('09cnibrrsoe0apykcy44mg1gn5qrtbvkNM200904120000000000000000000030', '0000000000000000000000000000001000000000000000000000000000000003', '0000000000000000000000000000001000000000000000000000000000000003', 'sja8kvaszjder3qh46va57n84v64tf7xNM200810110000000000000000000113', '2014-02-10 12:13:54', 4556, 'com.runwaysdk.system.metadata.MdAction', 1, 'www.runwaysdk.com', NULL, NULL, '0000000000000000000000000000001000000000000000000000000000000003', '2014-02-10 12:13:54', 'com.runwaysdk.system.scheduler.JobHistoryHistoryCommentController.viewPage');
INSERT INTO controller_action ( key_name, locked_by, oid, owner, entity_domain, created_by, type, last_update_date, create_date, seq, last_updated_by, site_master, parent_id, child_id) VALUES ('com.runwaysdk.system.scheduler.JobHistoryHistoryCommentController.viewPage', NULL, 'yxakfwjmf15wyr547wznpjkqfrg67hhtJS200807230000000000000000111111', '0000000000000000000000000000001000000000000000000000000000000003', NULL, '0000000000000000000000000000001000000000000000000000000000000003', 'com.runwaysdk.system.ControllerAction', '2014-02-10 12:13:54', '2014-02-10 12:13:54', 4557, '0000000000000000000000000000001000000000000000000000000000000003', 'www.runwaysdk.com', 'r8oullz0qxvwv8gnjil9n1l6kfpgk36dNM200810110000000000000000000112', 'sja8kvaszjder3qh46va57n84v64tf7xNM200810110000000000000000000113');
INSERT INTO metadata_display_label ( default_locale, oid, site_master, key_name) VALUES ('Sort Attribute', '05i2fjjfbesy7rdm7023g4930iat7xhoNM200904120000000000000000000030', 'www.runwaysdk.com', '05i2fjjfbesy7rdm7023g4930iat7xhoNM200904120000000000000000000030');
INSERT INTO metadata_display_label ( default_locale, oid, site_master, key_name) VALUES (NULL, '777175w4t3m51880ewv1coug6eob2wvaNM200904120000000000000000000030', 'www.runwaysdk.com', '777175w4t3m51880ewv1coug6eob2wvaNM200904120000000000000000000030');
INSERT INTO md_parameter ( metadata, parameter_order, parameter_name, parameter_type, display_label, oid) VALUES ('sja8kvaszjder3qh46va57n84v64tf7xNM200810110000000000000000000113', -4, 'sortAttribute', 'java.lang.String', '05i2fjjfbesy7rdm7023g4930iat7xhoNM200904120000000000000000000030', '25wxle56ljy2yszvcqsv1r9g7o8csb6520070427JS0000000000000000001517');
INSERT INTO metadata ( description, created_by, owner, oid, create_date, seq, type, remove, site_master, locked_by, entity_domain, last_updated_by, last_update_date, key_name) VALUES ('777175w4t3m51880ewv1coug6eob2wvaNM200904120000000000000000000030', '0000000000000000000000000000001000000000000000000000000000000003', '0000000000000000000000000000001000000000000000000000000000000003', '25wxle56ljy2yszvcqsv1r9g7o8csb6520070427JS0000000000000000001517', '2014-02-10 12:13:54', 4558, 'com.runwaysdk.system.metadata.MdParameter', 1, 'www.runwaysdk.com', NULL, NULL, '0000000000000000000000000000001000000000000000000000000000000003', '2014-02-10 12:13:54', 'com.runwaysdk.system.scheduler.JobHistoryHistoryCommentController.viewPage.sortAttribute');
INSERT INTO metadata_parameter ( site_master, last_updated_by, create_date, seq, locked_by, entity_domain, created_by, type, last_update_date, key_name, owner, oid, parent_id, child_id) VALUES ('www.runwaysdk.com', '0000000000000000000000000000001000000000000000000000000000000003', '2014-02-10 12:13:54', 4559, NULL, NULL, '0000000000000000000000000000001000000000000000000000000000000003', 'com.runwaysdk.system.MetadataParameter', '2014-02-10 12:13:54', 'com.runwaysdk.system.scheduler.JobHistoryHistoryCommentController.viewPage.sortAttribute', '0000000000000000000000000000001000000000000000000000000000000003', 't05qadpoedp1m8uv9qmy9i1fe85pxrq220070427JS0000000000000000001524', 'sja8kvaszjder3qh46va57n84v64tf7xNM200810110000000000000000000113', '25wxle56ljy2yszvcqsv1r9g7o8csb6520070427JS0000000000000000001517');
INSERT INTO metadata_display_label ( default_locale, oid, site_master, key_name) VALUES ('Is Ascending', 'sd0zg0xadgvrl10p115ev6eoz1eh670jNM200904120000000000000000000030', 'www.runwaysdk.com', 'sd0zg0xadgvrl10p115ev6eoz1eh670jNM200904120000000000000000000030');
INSERT INTO metadata_display_label ( default_locale, oid, site_master, key_name) VALUES (NULL, '04path3i1a1vw8jydx1swn364gpggrphNM200904120000000000000000000030', 'www.runwaysdk.com', '04path3i1a1vw8jydx1swn364gpggrphNM200904120000000000000000000030');
INSERT INTO md_parameter ( metadata, parameter_order, parameter_name, parameter_type, display_label, oid) VALUES ('sja8kvaszjder3qh46va57n84v64tf7xNM200810110000000000000000000113', -3, 'isAscending', 'java.lang.Boolean', 'sd0zg0xadgvrl10p115ev6eoz1eh670jNM200904120000000000000000000030', '72ytncy8p8ecpdraedehk09v7yniyz2n20070427JS0000000000000000001517');
INSERT INTO metadata ( description, created_by, owner, oid, create_date, seq, type, remove, site_master, locked_by, entity_domain, last_updated_by, last_update_date, key_name) VALUES ('04path3i1a1vw8jydx1swn364gpggrphNM200904120000000000000000000030', '0000000000000000000000000000001000000000000000000000000000000003', '0000000000000000000000000000001000000000000000000000000000000003', '72ytncy8p8ecpdraedehk09v7yniyz2n20070427JS0000000000000000001517', '2014-02-10 12:13:54', 4560, 'com.runwaysdk.system.metadata.MdParameter', 1, 'www.runwaysdk.com', NULL, NULL, '0000000000000000000000000000001000000000000000000000000000000003', '2014-02-10 12:13:54', 'com.runwaysdk.system.scheduler.JobHistoryHistoryCommentController.viewPage.isAscending');
INSERT INTO metadata_parameter ( site_master, last_updated_by, create_date, seq, locked_by, entity_domain, created_by, type, last_update_date, key_name, owner, oid, parent_id, child_id) VALUES ('www.runwaysdk.com', '0000000000000000000000000000001000000000000000000000000000000003', '2014-02-10 12:13:54', 4561, NULL, NULL, '0000000000000000000000000000001000000000000000000000000000000003', 'com.runwaysdk.system.MetadataParameter', '2014-02-10 12:13:54', 'com.runwaysdk.system.scheduler.JobHistoryHistoryCommentController.viewPage.isAscending', '0000000000000000000000000000001000000000000000000000000000000003', 'ywc409gsxzkddt94t2g9yqlh62uc4auf20070427JS0000000000000000001524', 'sja8kvaszjder3qh46va57n84v64tf7xNM200810110000000000000000000113', '72ytncy8p8ecpdraedehk09v7yniyz2n20070427JS0000000000000000001517');
INSERT INTO metadata_display_label ( default_locale, oid, site_master, key_name) VALUES ('Page Size', '8z8whcnv9lqgs8d0nx4gkxicit116v90NM200904120000000000000000000030', 'www.runwaysdk.com', '8z8whcnv9lqgs8d0nx4gkxicit116v90NM200904120000000000000000000030');
INSERT INTO metadata_display_label ( default_locale, oid, site_master, key_name) VALUES (NULL, '7cyj4mdlso2eh730zt9vgq20huum6tqiNM200904120000000000000000000030', 'www.runwaysdk.com', '7cyj4mdlso2eh730zt9vgq20huum6tqiNM200904120000000000000000000030');
INSERT INTO md_parameter ( metadata, parameter_order, parameter_name, parameter_type, display_label, oid) VALUES ('sja8kvaszjder3qh46va57n84v64tf7xNM200810110000000000000000000113', -2, 'pageSize', 'java.lang.Integer', '8z8whcnv9lqgs8d0nx4gkxicit116v90NM200904120000000000000000000030', '8t2uqo674p6r1ctjq5vy8s0vh6gidmbk20070427JS0000000000000000001517');
INSERT INTO metadata ( description, created_by, owner, oid, create_date, seq, type, remove, site_master, locked_by, entity_domain, last_updated_by, last_update_date, key_name) VALUES ('7cyj4mdlso2eh730zt9vgq20huum6tqiNM200904120000000000000000000030', '0000000000000000000000000000001000000000000000000000000000000003', '0000000000000000000000000000001000000000000000000000000000000003', '8t2uqo674p6r1ctjq5vy8s0vh6gidmbk20070427JS0000000000000000001517', '2014-02-10 12:13:54', 4562, 'com.runwaysdk.system.metadata.MdParameter', 1, 'www.runwaysdk.com', NULL, NULL, '0000000000000000000000000000001000000000000000000000000000000003', '2014-02-10 12:13:54', 'com.runwaysdk.system.scheduler.JobHistoryHistoryCommentController.viewPage.pageSize');
INSERT INTO metadata_parameter ( site_master, last_updated_by, create_date, seq, locked_by, entity_domain, created_by, type, last_update_date, key_name, owner, oid, parent_id, child_id) VALUES ('www.runwaysdk.com', '0000000000000000000000000000001000000000000000000000000000000003', '2014-02-10 12:13:54', 4563, NULL, NULL, '0000000000000000000000000000001000000000000000000000000000000003', 'com.runwaysdk.system.MetadataParameter', '2014-02-10 12:13:54', 'com.runwaysdk.system.scheduler.JobHistoryHistoryCommentController.viewPage.pageSize', '0000000000000000000000000000001000000000000000000000000000000003', '6ydsmuhwcpeaoqspidm39rex9ar2wa4c20070427JS0000000000000000001524', 'sja8kvaszjder3qh46va57n84v64tf7xNM200810110000000000000000000113', '8t2uqo674p6r1ctjq5vy8s0vh6gidmbk20070427JS0000000000000000001517');
INSERT INTO metadata_display_label ( default_locale, oid, site_master, key_name) VALUES ('Page Number', '7aaszzfz960a9nl5zjbpbxtieumg36cnNM200904120000000000000000000030', 'www.runwaysdk.com', '7aaszzfz960a9nl5zjbpbxtieumg36cnNM200904120000000000000000000030');
INSERT INTO metadata_display_label ( default_locale, oid, site_master, key_name) VALUES (NULL, '2grdw2zfvqcrhh21hooo62vkny3f85v8NM200904120000000000000000000030', 'www.runwaysdk.com', '2grdw2zfvqcrhh21hooo62vkny3f85v8NM200904120000000000000000000030');
INSERT INTO md_parameter ( metadata, parameter_order, parameter_name, parameter_type, display_label, oid) VALUES ('sja8kvaszjder3qh46va57n84v64tf7xNM200810110000000000000000000113', -1, 'pageNumber', 'java.lang.Integer', '7aaszzfz960a9nl5zjbpbxtieumg36cnNM200904120000000000000000000030', 'xt7q7luixdsmr6p8cgmflirkliy53s6g20070427JS0000000000000000001517');
INSERT INTO metadata ( description, created_by, owner, oid, create_date, seq, type, remove, site_master, locked_by, entity_domain, last_updated_by, last_update_date, key_name) VALUES ('2grdw2zfvqcrhh21hooo62vkny3f85v8NM200904120000000000000000000030', '0000000000000000000000000000001000000000000000000000000000000003', '0000000000000000000000000000001000000000000000000000000000000003', 'xt7q7luixdsmr6p8cgmflirkliy53s6g20070427JS0000000000000000001517', '2014-02-10 12:13:54', 4564, 'com.runwaysdk.system.metadata.MdParameter', 1, 'www.runwaysdk.com', NULL, NULL, '0000000000000000000000000000001000000000000000000000000000000003', '2014-02-10 12:13:54', 'com.runwaysdk.system.scheduler.JobHistoryHistoryCommentController.viewPage.pageNumber');
INSERT INTO metadata_parameter ( site_master, last_updated_by, create_date, seq, locked_by, entity_domain, created_by, type, last_update_date, key_name, owner, oid, parent_id, child_id) VALUES ('www.runwaysdk.com', '0000000000000000000000000000001000000000000000000000000000000003', '2014-02-10 12:13:54', 4565, NULL, NULL, '0000000000000000000000000000001000000000000000000000000000000003', 'com.runwaysdk.system.MetadataParameter', '2014-02-10 12:13:54', 'com.runwaysdk.system.scheduler.JobHistoryHistoryCommentController.viewPage.pageNumber', '0000000000000000000000000000001000000000000000000000000000000003', 'zbvlweu7el2cxcpu86bqvk9hnng42lta20070427JS0000000000000000001524', 'sja8kvaszjder3qh46va57n84v64tf7xNM200810110000000000000000000113', 'xt7q7luixdsmr6p8cgmflirkliy53s6g20070427JS0000000000000000001517');
INSERT INTO metadata_display_label ( default_locale, oid, site_master, key_name) VALUES ('View All', 'r1vxbsohxfwfqu916fpuoma1junq393vNM200904120000000000000000000030', 'www.runwaysdk.com', 'r1vxbsohxfwfqu916fpuoma1junq393vNM200904120000000000000000000030');
INSERT INTO metadata_display_label ( default_locale, oid, site_master, key_name) VALUES ('Loads a ViewAll query with the default settings', 'z13os0w7c6uus5o8dqey13tm9ax4q81yNM200904120000000000000000000030', 'www.runwaysdk.com', 'z13os0w7c6uus5o8dqey13tm9ax4q81yNM200904120000000000000000000030');
INSERT INTO md_action ( is_query, enclosing_md_controller, is_post, action_name, display_label, oid) VALUES (0, 'r8oullz0qxvwv8gnjil9n1l6kfpgk36dNM200810110000000000000000000112', 0, 'viewAll', 'r1vxbsohxfwfqu916fpuoma1junq393vNM200904120000000000000000000030', '6u9aflsofgcp09dgtmf4i10nn173k3tnNM200810110000000000000000000113');
INSERT INTO metadata ( description, created_by, owner, oid, create_date, seq, type, remove, site_master, locked_by, entity_domain, last_updated_by, last_update_date, key_name) VALUES ('z13os0w7c6uus5o8dqey13tm9ax4q81yNM200904120000000000000000000030', '0000000000000000000000000000001000000000000000000000000000000003', '0000000000000000000000000000001000000000000000000000000000000003', '6u9aflsofgcp09dgtmf4i10nn173k3tnNM200810110000000000000000000113', '2014-02-10 12:13:54', 4566, 'com.runwaysdk.system.metadata.MdAction', 1, 'www.runwaysdk.com', NULL, NULL, '0000000000000000000000000000001000000000000000000000000000000003', '2014-02-10 12:13:54', 'com.runwaysdk.system.scheduler.JobHistoryHistoryCommentController.viewAll');
INSERT INTO controller_action ( key_name, locked_by, oid, owner, entity_domain, created_by, type, last_update_date, create_date, seq, last_updated_by, site_master, parent_id, child_id) VALUES ('com.runwaysdk.system.scheduler.JobHistoryHistoryCommentController.viewAll', NULL, 'qlnsal0znpa2qnzf2gjna0490nu1pw1sJS200807230000000000000000111111', '0000000000000000000000000000001000000000000000000000000000000003', NULL, '0000000000000000000000000000001000000000000000000000000000000003', 'com.runwaysdk.system.ControllerAction', '2014-02-10 12:13:54', '2014-02-10 12:13:54', 4567, '0000000000000000000000000000001000000000000000000000000000000003', 'www.runwaysdk.com', 'r8oullz0qxvwv8gnjil9n1l6kfpgk36dNM200810110000000000000000000112', '6u9aflsofgcp09dgtmf4i10nn173k3tnNM200810110000000000000000000113');
INSERT INTO metadata_display_label ( default_locale, oid, site_master, key_name) VALUES ('View', '0p2oe6hr4lrq6xtnspvpk1wsje3two05NM200904120000000000000000000030', 'www.runwaysdk.com', '0p2oe6hr4lrq6xtnspvpk1wsje3two05NM200904120000000000000000000030');
INSERT INTO metadata_display_label ( default_locale, oid, site_master, key_name) VALUES ('View an existing instance of com.runwaysdk.system.scheduler.JobHistoryHistoryComment', '6n9e8edps2dqb1k60j1pyuqkf93fg945NM200904120000000000000000000030', 'www.runwaysdk.com', '6n9e8edps2dqb1k60j1pyuqkf93fg945NM200904120000000000000000000030');
INSERT INTO md_action ( is_query, enclosing_md_controller, is_post, action_name, display_label, oid) VALUES (0, 'r8oullz0qxvwv8gnjil9n1l6kfpgk36dNM200810110000000000000000000112', 0, 'view', '0p2oe6hr4lrq6xtnspvpk1wsje3two05NM200904120000000000000000000030', '0rnep995cuorbhvqnc4fgjfca5gqqjjgNM200810110000000000000000000113');
INSERT INTO metadata ( description, created_by, owner, oid, create_date, seq, type, remove, site_master, locked_by, entity_domain, last_updated_by, last_update_date, key_name) VALUES ('6n9e8edps2dqb1k60j1pyuqkf93fg945NM200904120000000000000000000030', '0000000000000000000000000000001000000000000000000000000000000003', '0000000000000000000000000000001000000000000000000000000000000003', '0rnep995cuorbhvqnc4fgjfca5gqqjjgNM200810110000000000000000000113', '2014-02-10 12:13:54', 4568, 'com.runwaysdk.system.metadata.MdAction', 1, 'www.runwaysdk.com', NULL, NULL, '0000000000000000000000000000001000000000000000000000000000000003', '2014-02-10 12:13:54', 'com.runwaysdk.system.scheduler.JobHistoryHistoryCommentController.view');
INSERT INTO controller_action ( key_name, locked_by, oid, owner, entity_domain, created_by, type, last_update_date, create_date, seq, last_updated_by, site_master, parent_id, child_id) VALUES ('com.runwaysdk.system.scheduler.JobHistoryHistoryCommentController.view', NULL, 'skkvi8k50ejx429r7fj0onssjqwcjak0JS200807230000000000000000111111', '0000000000000000000000000000001000000000000000000000000000000003', NULL, '0000000000000000000000000000001000000000000000000000000000000003', 'com.runwaysdk.system.ControllerAction', '2014-02-10 12:13:54', '2014-02-10 12:13:54', 4569, '0000000000000000000000000000001000000000000000000000000000000003', 'www.runwaysdk.com', 'r8oullz0qxvwv8gnjil9n1l6kfpgk36dNM200810110000000000000000000112', '0rnep995cuorbhvqnc4fgjfca5gqqjjgNM200810110000000000000000000113');
INSERT INTO metadata_display_label ( default_locale, oid, site_master, key_name) VALUES ('Parameter: com.runwaysdk.system.scheduler.JobHistoryHistoryComment - oid', 'y0zgfo9pom2njn98i5f1c8xd3ryrvutyNM200904120000000000000000000030', 'www.runwaysdk.com', 'y0zgfo9pom2njn98i5f1c8xd3ryrvutyNM200904120000000000000000000030');
INSERT INTO metadata_display_label ( default_locale, oid, site_master, key_name) VALUES ('Id of com.runwaysdk.system.scheduler.JobHistoryHistoryComment to view.', '0h7f70z6lt87ivz8xu0pchvrcjf63saeNM200904120000000000000000000030', 'www.runwaysdk.com', '0h7f70z6lt87ivz8xu0pchvrcjf63saeNM200904120000000000000000000030');
INSERT INTO md_parameter ( metadata, parameter_order, parameter_name, parameter_type, display_label, oid) VALUES ('0rnep995cuorbhvqnc4fgjfca5gqqjjgNM200810110000000000000000000113', 0, 'oid', 'java.lang.String', 'y0zgfo9pom2njn98i5f1c8xd3ryrvutyNM200904120000000000000000000030', '7bwbthxd66jw978h0ux678wklk22zrr020070427JS0000000000000000001517');
INSERT INTO metadata ( description, created_by, owner, oid, create_date, seq, type, remove, site_master, locked_by, entity_domain, last_updated_by, last_update_date, key_name) VALUES ('0h7f70z6lt87ivz8xu0pchvrcjf63saeNM200904120000000000000000000030', '0000000000000000000000000000001000000000000000000000000000000003', '0000000000000000000000000000001000000000000000000000000000000003', '7bwbthxd66jw978h0ux678wklk22zrr020070427JS0000000000000000001517', '2014-02-10 12:13:54', 4570, 'com.runwaysdk.system.metadata.MdParameter', 1, 'www.runwaysdk.com', NULL, NULL, '0000000000000000000000000000001000000000000000000000000000000003', '2014-02-10 12:13:54', 'com.runwaysdk.system.scheduler.JobHistoryHistoryCommentController.view.oid');
INSERT INTO metadata_parameter ( site_master, last_updated_by, create_date, seq, locked_by, entity_domain, created_by, type, last_update_date, key_name, owner, oid, parent_id, child_id) VALUES ('www.runwaysdk.com', '0000000000000000000000000000001000000000000000000000000000000003', '2014-02-10 12:13:54', 4571, NULL, NULL, '0000000000000000000000000000001000000000000000000000000000000003', 'com.runwaysdk.system.MetadataParameter', '2014-02-10 12:13:54', 'com.runwaysdk.system.scheduler.JobHistoryHistoryCommentController.view.oid', '0000000000000000000000000000001000000000000000000000000000000003', '8ryqa3k76588603y3fnivz9p9vn8qzbp20070427JS0000000000000000001524', '0rnep995cuorbhvqnc4fgjfca5gqqjjgNM200810110000000000000000000113', '7bwbthxd66jw978h0ux678wklk22zrr020070427JS0000000000000000001517');
INSERT INTO metadata_display_label ( default_locale, oid, site_master, key_name) VALUES ('New Instance', '924kejyroot12ewonme1bf8mrue3tuzlNM200904120000000000000000000030', 'www.runwaysdk.com', '924kejyroot12ewonme1bf8mrue3tuzlNM200904120000000000000000000030');
INSERT INTO metadata_display_label ( default_locale, oid, site_master, key_name) VALUES ('Loads a new instance of com.runwaysdk.system.scheduler.JobHistoryHistoryComment into the request object', 'slzc842otogdd59odkaifxz792gfytsaNM200904120000000000000000000030', 'www.runwaysdk.com', 'slzc842otogdd59odkaifxz792gfytsaNM200904120000000000000000000030');
INSERT INTO md_action ( is_query, enclosing_md_controller, is_post, action_name, display_label, oid) VALUES (0, 'r8oullz0qxvwv8gnjil9n1l6kfpgk36dNM200810110000000000000000000112', 0, 'newInstance', '924kejyroot12ewonme1bf8mrue3tuzlNM200904120000000000000000000030', 'sfbvq442dbeh66j2pqljw1159x2dcwsoNM200810110000000000000000000113');
INSERT INTO metadata ( description, created_by, owner, oid, create_date, seq, type, remove, site_master, locked_by, entity_domain, last_updated_by, last_update_date, key_name) VALUES ('slzc842otogdd59odkaifxz792gfytsaNM200904120000000000000000000030', '0000000000000000000000000000001000000000000000000000000000000003', '0000000000000000000000000000001000000000000000000000000000000003', 'sfbvq442dbeh66j2pqljw1159x2dcwsoNM200810110000000000000000000113', '2014-02-10 12:13:54', 4572, 'com.runwaysdk.system.metadata.MdAction', 1, 'www.runwaysdk.com', NULL, NULL, '0000000000000000000000000000001000000000000000000000000000000003', '2014-02-10 12:13:54', 'com.runwaysdk.system.scheduler.JobHistoryHistoryCommentController.newInstance');
INSERT INTO controller_action ( key_name, locked_by, oid, owner, entity_domain, created_by, type, last_update_date, create_date, seq, last_updated_by, site_master, parent_id, child_id) VALUES ('com.runwaysdk.system.scheduler.JobHistoryHistoryCommentController.newInstance', NULL, 'sxyxi345cqalxxgtc0ctinh6ghnco2ecJS200807230000000000000000111111', '0000000000000000000000000000001000000000000000000000000000000003', NULL, '0000000000000000000000000000001000000000000000000000000000000003', 'com.runwaysdk.system.ControllerAction', '2014-02-10 12:13:54', '2014-02-10 12:13:54', 4573, '0000000000000000000000000000001000000000000000000000000000000003', 'www.runwaysdk.com', 'r8oullz0qxvwv8gnjil9n1l6kfpgk36dNM200810110000000000000000000112', 'sfbvq442dbeh66j2pqljw1159x2dcwsoNM200810110000000000000000000113');
INSERT INTO metadata_display_label ( default_locale, oid, site_master, key_name) VALUES ('Create', '0gp09ji99qfv9jk2bhf2kinsyg6ewsf1NM200904120000000000000000000030', 'www.runwaysdk.com', '0gp09ji99qfv9jk2bhf2kinsyg6ewsf1NM200904120000000000000000000030');
INSERT INTO metadata_display_label ( default_locale, oid, site_master, key_name) VALUES ('Applys a new instance of com.runwaysdk.system.scheduler.JobHistoryHistoryComment', '0d5i97d831apwac62wh7y8qzvmgazymjNM200904120000000000000000000030', 'www.runwaysdk.com', '0d5i97d831apwac62wh7y8qzvmgazymjNM200904120000000000000000000030');
INSERT INTO md_action ( is_query, enclosing_md_controller, is_post, action_name, display_label, oid) VALUES (0, 'r8oullz0qxvwv8gnjil9n1l6kfpgk36dNM200810110000000000000000000112', 1, 'create', '0gp09ji99qfv9jk2bhf2kinsyg6ewsf1NM200904120000000000000000000030', 'qzids9d6izdybys4e882xunzsc3k8sngNM200810110000000000000000000113');
INSERT INTO metadata ( description, created_by, owner, oid, create_date, seq, type, remove, site_master, locked_by, entity_domain, last_updated_by, last_update_date, key_name) VALUES ('0d5i97d831apwac62wh7y8qzvmgazymjNM200904120000000000000000000030', '0000000000000000000000000000001000000000000000000000000000000003', '0000000000000000000000000000001000000000000000000000000000000003', 'qzids9d6izdybys4e882xunzsc3k8sngNM200810110000000000000000000113', '2014-02-10 12:13:54', 4574, 'com.runwaysdk.system.metadata.MdAction', 1, 'www.runwaysdk.com', NULL, NULL, '0000000000000000000000000000001000000000000000000000000000000003', '2014-02-10 12:13:54', 'com.runwaysdk.system.scheduler.JobHistoryHistoryCommentController.create');
INSERT INTO controller_action ( key_name, locked_by, oid, owner, entity_domain, created_by, type, last_update_date, create_date, seq, last_updated_by, site_master, parent_id, child_id) VALUES ('com.runwaysdk.system.scheduler.JobHistoryHistoryCommentController.create', NULL, 'r2dqn0fa1pur3abin6wpautwn0gk140oJS200807230000000000000000111111', '0000000000000000000000000000001000000000000000000000000000000003', NULL, '0000000000000000000000000000001000000000000000000000000000000003', 'com.runwaysdk.system.ControllerAction', '2014-02-10 12:13:54', '2014-02-10 12:13:54', 4575, '0000000000000000000000000000001000000000000000000000000000000003', 'www.runwaysdk.com', 'r8oullz0qxvwv8gnjil9n1l6kfpgk36dNM200810110000000000000000000112', 'qzids9d6izdybys4e882xunzsc3k8sngNM200810110000000000000000000113');
INSERT INTO metadata_display_label ( default_locale, oid, site_master, key_name) VALUES ('Parameter: com.runwaysdk.system.scheduler.JobHistoryHistoryComment', 'razbnyol47skqn8jkuhft9t2rkwjcffyNM200904120000000000000000000030', 'www.runwaysdk.com', 'razbnyol47skqn8jkuhft9t2rkwjcffyNM200904120000000000000000000030');
INSERT INTO metadata_display_label ( default_locale, oid, site_master, key_name) VALUES ('com.runwaysdk.system.scheduler.JobHistoryHistoryComment to apply to the database', '0pm618ectgc6drxi8m66n17atb1yit7hNM200904120000000000000000000030', 'www.runwaysdk.com', '0pm618ectgc6drxi8m66n17atb1yit7hNM200904120000000000000000000030');
INSERT INTO md_parameter ( metadata, parameter_order, parameter_name, parameter_type, display_label, oid) VALUES ('qzids9d6izdybys4e882xunzsc3k8sngNM200810110000000000000000000113', 0, 'dto', 'com.runwaysdk.system.scheduler.JobHistoryHistoryComment', 'razbnyol47skqn8jkuhft9t2rkwjcffyNM200904120000000000000000000030', '0h1hea9sfkcy2ev6xvqfdwm8slr25ujq20070427JS0000000000000000001517');
INSERT INTO metadata ( description, created_by, owner, oid, create_date, seq, type, remove, site_master, locked_by, entity_domain, last_updated_by, last_update_date, key_name) VALUES ('0pm618ectgc6drxi8m66n17atb1yit7hNM200904120000000000000000000030', '0000000000000000000000000000001000000000000000000000000000000003', '0000000000000000000000000000001000000000000000000000000000000003', '0h1hea9sfkcy2ev6xvqfdwm8slr25ujq20070427JS0000000000000000001517', '2014-02-10 12:13:54', 4576, 'com.runwaysdk.system.metadata.MdParameter', 1, 'www.runwaysdk.com', NULL, NULL, '0000000000000000000000000000001000000000000000000000000000000003', '2014-02-10 12:13:54', 'com.runwaysdk.system.scheduler.JobHistoryHistoryCommentController.create.dto');
INSERT INTO metadata_parameter ( site_master, last_updated_by, create_date, seq, locked_by, entity_domain, created_by, type, last_update_date, key_name, owner, oid, parent_id, child_id) VALUES ('www.runwaysdk.com', '0000000000000000000000000000001000000000000000000000000000000003', '2014-02-10 12:13:54', 4577, NULL, NULL, '0000000000000000000000000000001000000000000000000000000000000003', 'com.runwaysdk.system.MetadataParameter', '2014-02-10 12:13:54', 'com.runwaysdk.system.scheduler.JobHistoryHistoryCommentController.create.dto', '0000000000000000000000000000001000000000000000000000000000000003', '79ac32z1e08bujun5gm8ktpi8z5p3ixm20070427JS0000000000000000001524', 'qzids9d6izdybys4e882xunzsc3k8sngNM200810110000000000000000000113', '0h1hea9sfkcy2ev6xvqfdwm8slr25ujq20070427JS0000000000000000001517');
INSERT INTO metadata_display_label ( default_locale, oid, site_master, key_name) VALUES ('edit', 'z7i9n3ez9x45a1ys3bl8l3ij4knxh8r7NM200904120000000000000000000030', 'www.runwaysdk.com', 'z7i9n3ez9x45a1ys3bl8l3ij4knxh8r7NM200904120000000000000000000030');
INSERT INTO metadata_display_label ( default_locale, oid, site_master, key_name) VALUES ('Applys an existing instance of com.runwaysdk.system.scheduler.JobHistoryHistoryComment', '6rub568jg149as639d6m3c0y8pc19ntbNM200904120000000000000000000030', 'www.runwaysdk.com', '6rub568jg149as639d6m3c0y8pc19ntbNM200904120000000000000000000030');
INSERT INTO md_action ( is_query, enclosing_md_controller, is_post, action_name, display_label, oid) VALUES (0, 'r8oullz0qxvwv8gnjil9n1l6kfpgk36dNM200810110000000000000000000112', 0, 'edit', 'z7i9n3ez9x45a1ys3bl8l3ij4knxh8r7NM200904120000000000000000000030', 'ywv15hkg46h5ddrc8sl7ve37qv9qkoioNM200810110000000000000000000113');
INSERT INTO metadata ( description, created_by, owner, oid, create_date, seq, type, remove, site_master, locked_by, entity_domain, last_updated_by, last_update_date, key_name) VALUES ('6rub568jg149as639d6m3c0y8pc19ntbNM200904120000000000000000000030', '0000000000000000000000000000001000000000000000000000000000000003', '0000000000000000000000000000001000000000000000000000000000000003', 'ywv15hkg46h5ddrc8sl7ve37qv9qkoioNM200810110000000000000000000113', '2014-02-10 12:13:54', 4578, 'com.runwaysdk.system.metadata.MdAction', 1, 'www.runwaysdk.com', NULL, NULL, '0000000000000000000000000000001000000000000000000000000000000003', '2014-02-10 12:13:54', 'com.runwaysdk.system.scheduler.JobHistoryHistoryCommentController.edit');
INSERT INTO controller_action ( key_name, locked_by, oid, owner, entity_domain, created_by, type, last_update_date, create_date, seq, last_updated_by, site_master, parent_id, child_id) VALUES ('com.runwaysdk.system.scheduler.JobHistoryHistoryCommentController.edit', NULL, '8ibwz0d9je974mi2cwwj1t0nvn4iy809JS200807230000000000000000111111', '0000000000000000000000000000001000000000000000000000000000000003', NULL, '0000000000000000000000000000001000000000000000000000000000000003', 'com.runwaysdk.system.ControllerAction', '2014-02-10 12:13:54', '2014-02-10 12:13:54', 4579, '0000000000000000000000000000001000000000000000000000000000000003', 'www.runwaysdk.com', 'r8oullz0qxvwv8gnjil9n1l6kfpgk36dNM200810110000000000000000000112', 'ywv15hkg46h5ddrc8sl7ve37qv9qkoioNM200810110000000000000000000113');
INSERT INTO metadata_display_label ( default_locale, oid, site_master, key_name) VALUES ('Parameter: com.runwaysdk.system.scheduler.JobHistoryHistoryComment', '91xkj6pdp3ee8jbbdlxyb5vvcmi8gp7uNM200904120000000000000000000030', 'www.runwaysdk.com', '91xkj6pdp3ee8jbbdlxyb5vvcmi8gp7uNM200904120000000000000000000030');
INSERT INTO metadata_display_label ( default_locale, oid, site_master, key_name) VALUES ('com.runwaysdk.system.scheduler.JobHistoryHistoryComment to apply to the database', 'sltlqdbw4g9jz68fv6el77f18h7o3jcsNM200904120000000000000000000030', 'www.runwaysdk.com', 'sltlqdbw4g9jz68fv6el77f18h7o3jcsNM200904120000000000000000000030');
INSERT INTO md_parameter ( metadata, parameter_order, parameter_name, parameter_type, display_label, oid) VALUES ('ywv15hkg46h5ddrc8sl7ve37qv9qkoioNM200810110000000000000000000113', 0, 'oid', 'java.lang.String', '91xkj6pdp3ee8jbbdlxyb5vvcmi8gp7uNM200904120000000000000000000030', 'xmg2muqzgw7zlyed11futpm2eecpamxg20070427JS0000000000000000001517');
INSERT INTO metadata ( description, created_by, owner, oid, create_date, seq, type, remove, site_master, locked_by, entity_domain, last_updated_by, last_update_date, key_name) VALUES ('sltlqdbw4g9jz68fv6el77f18h7o3jcsNM200904120000000000000000000030', '0000000000000000000000000000001000000000000000000000000000000003', '0000000000000000000000000000001000000000000000000000000000000003', 'xmg2muqzgw7zlyed11futpm2eecpamxg20070427JS0000000000000000001517', '2014-02-10 12:13:54', 4580, 'com.runwaysdk.system.metadata.MdParameter', 1, 'www.runwaysdk.com', NULL, NULL, '0000000000000000000000000000001000000000000000000000000000000003', '2014-02-10 12:13:54', 'com.runwaysdk.system.scheduler.JobHistoryHistoryCommentController.edit.oid');
INSERT INTO metadata_parameter ( site_master, last_updated_by, create_date, seq, locked_by, entity_domain, created_by, type, last_update_date, key_name, owner, oid, parent_id, child_id) VALUES ('www.runwaysdk.com', '0000000000000000000000000000001000000000000000000000000000000003', '2014-02-10 12:13:54', 4581, NULL, NULL, '0000000000000000000000000000001000000000000000000000000000000003', 'com.runwaysdk.system.MetadataParameter', '2014-02-10 12:13:54', 'com.runwaysdk.system.scheduler.JobHistoryHistoryCommentController.edit.oid', '0000000000000000000000000000001000000000000000000000000000000003', 'xh957rcakfprcxhp8j34h6vliykw9db420070427JS0000000000000000001524', 'ywv15hkg46h5ddrc8sl7ve37qv9qkoioNM200810110000000000000000000113', 'xmg2muqzgw7zlyed11futpm2eecpamxg20070427JS0000000000000000001517');
INSERT INTO metadata_display_label ( default_locale, oid, site_master, key_name) VALUES ('update', '8y2vzxp0e4am7ltl9jiqnpahpp5ilv3oNM200904120000000000000000000030', 'www.runwaysdk.com', '8y2vzxp0e4am7ltl9jiqnpahpp5ilv3oNM200904120000000000000000000030');
INSERT INTO metadata_display_label ( default_locale, oid, site_master, key_name) VALUES ('Applys an existing instance of com.runwaysdk.system.scheduler.JobHistoryHistoryComment', '92eavjl1b7t69iy6x6fohfabk4jkejdcNM200904120000000000000000000030', 'www.runwaysdk.com', '92eavjl1b7t69iy6x6fohfabk4jkejdcNM200904120000000000000000000030');
INSERT INTO md_action ( is_query, enclosing_md_controller, is_post, action_name, display_label, oid) VALUES (0, 'r8oullz0qxvwv8gnjil9n1l6kfpgk36dNM200810110000000000000000000112', 1, 'update', '8y2vzxp0e4am7ltl9jiqnpahpp5ilv3oNM200904120000000000000000000030', '0sqbjqp6d7qiyob3wyoiwk7ivfhfvoxtNM200810110000000000000000000113');
INSERT INTO metadata ( description, created_by, owner, oid, create_date, seq, type, remove, site_master, locked_by, entity_domain, last_updated_by, last_update_date, key_name) VALUES ('92eavjl1b7t69iy6x6fohfabk4jkejdcNM200904120000000000000000000030', '0000000000000000000000000000001000000000000000000000000000000003', '0000000000000000000000000000001000000000000000000000000000000003', '0sqbjqp6d7qiyob3wyoiwk7ivfhfvoxtNM200810110000000000000000000113', '2014-02-10 12:13:54', 4582, 'com.runwaysdk.system.metadata.MdAction', 1, 'www.runwaysdk.com', NULL, NULL, '0000000000000000000000000000001000000000000000000000000000000003', '2014-02-10 12:13:54', 'com.runwaysdk.system.scheduler.JobHistoryHistoryCommentController.update');
INSERT INTO controller_action ( key_name, locked_by, oid, owner, entity_domain, created_by, type, last_update_date, create_date, seq, last_updated_by, site_master, parent_id, child_id) VALUES ('com.runwaysdk.system.scheduler.JobHistoryHistoryCommentController.update', NULL, '0nw78l1b6l852klhi67mp7fe3bv65h64JS200807230000000000000000111111', '0000000000000000000000000000001000000000000000000000000000000003', NULL, '0000000000000000000000000000001000000000000000000000000000000003', 'com.runwaysdk.system.ControllerAction', '2014-02-10 12:13:54', '2014-02-10 12:13:54', 4583, '0000000000000000000000000000001000000000000000000000000000000003', 'www.runwaysdk.com', 'r8oullz0qxvwv8gnjil9n1l6kfpgk36dNM200810110000000000000000000112', '0sqbjqp6d7qiyob3wyoiwk7ivfhfvoxtNM200810110000000000000000000113');
INSERT INTO metadata_display_label ( default_locale, oid, site_master, key_name) VALUES ('Parameter: com.runwaysdk.system.scheduler.JobHistoryHistoryComment - dto', '26i33sr2wpfvkgidu5nfwl513e5tpdvgNM200904120000000000000000000030', 'www.runwaysdk.com', '26i33sr2wpfvkgidu5nfwl513e5tpdvgNM200904120000000000000000000030');
INSERT INTO metadata_display_label ( default_locale, oid, site_master, key_name) VALUES ('com.runwaysdk.system.scheduler.JobHistoryHistoryComment to apply to the database', 'qysx22qnemsqxqjohgwxlldneyfjg7noNM200904120000000000000000000030', 'www.runwaysdk.com', 'qysx22qnemsqxqjohgwxlldneyfjg7noNM200904120000000000000000000030');
INSERT INTO md_parameter ( metadata, parameter_order, parameter_name, parameter_type, display_label, oid) VALUES ('0sqbjqp6d7qiyob3wyoiwk7ivfhfvoxtNM200810110000000000000000000113', 0, 'dto', 'com.runwaysdk.system.scheduler.JobHistoryHistoryComment', '26i33sr2wpfvkgidu5nfwl513e5tpdvgNM200904120000000000000000000030', '8ud1s591wg3t7438ccb88baut65i0g9h20070427JS0000000000000000001517');
INSERT INTO metadata ( description, created_by, owner, oid, create_date, seq, type, remove, site_master, locked_by, entity_domain, last_updated_by, last_update_date, key_name) VALUES ('qysx22qnemsqxqjohgwxlldneyfjg7noNM200904120000000000000000000030', '0000000000000000000000000000001000000000000000000000000000000003', '0000000000000000000000000000001000000000000000000000000000000003', '8ud1s591wg3t7438ccb88baut65i0g9h20070427JS0000000000000000001517', '2014-02-10 12:13:54', 4584, 'com.runwaysdk.system.metadata.MdParameter', 1, 'www.runwaysdk.com', NULL, NULL, '0000000000000000000000000000001000000000000000000000000000000003', '2014-02-10 12:13:54', 'com.runwaysdk.system.scheduler.JobHistoryHistoryCommentController.update.dto');
INSERT INTO metadata_parameter ( site_master, last_updated_by, create_date, seq, locked_by, entity_domain, created_by, type, last_update_date, key_name, owner, oid, parent_id, child_id) VALUES ('www.runwaysdk.com', '0000000000000000000000000000001000000000000000000000000000000003', '2014-02-10 12:13:54', 4585, NULL, NULL, '0000000000000000000000000000001000000000000000000000000000000003', 'com.runwaysdk.system.MetadataParameter', '2014-02-10 12:13:54', 'com.runwaysdk.system.scheduler.JobHistoryHistoryCommentController.update.dto', '0000000000000000000000000000001000000000000000000000000000000003', '0rx9bkp6g86tptbnmbl1mzyezmhxouud20070427JS0000000000000000001524', '0sqbjqp6d7qiyob3wyoiwk7ivfhfvoxtNM200810110000000000000000000113', '8ud1s591wg3t7438ccb88baut65i0g9h20070427JS0000000000000000001517');
INSERT INTO metadata_display_label ( default_locale, oid, site_master, key_name) VALUES ('cancel', 'sswts4yx167t7fc2vc6kkqe2o9fa3qfdNM200904120000000000000000000030', 'www.runwaysdk.com', 'sswts4yx167t7fc2vc6kkqe2o9fa3qfdNM200904120000000000000000000030');
INSERT INTO metadata_display_label ( default_locale, oid, site_master, key_name) VALUES ('Unlocks an instance com.runwaysdk.system.scheduler.JobHistoryHistoryComment', '92s9bfvcdc107mhssdqx86xcplfs9atdNM200904120000000000000000000030', 'www.runwaysdk.com', '92s9bfvcdc107mhssdqx86xcplfs9atdNM200904120000000000000000000030');
INSERT INTO md_action ( is_query, enclosing_md_controller, is_post, action_name, display_label, oid) VALUES (0, 'r8oullz0qxvwv8gnjil9n1l6kfpgk36dNM200810110000000000000000000112', 1, 'cancel', 'sswts4yx167t7fc2vc6kkqe2o9fa3qfdNM200904120000000000000000000030', '07efwp0leljup7s3ouhenrlwlvt6bbtvNM200810110000000000000000000113');
INSERT INTO metadata ( description, created_by, owner, oid, create_date, seq, type, remove, site_master, locked_by, entity_domain, last_updated_by, last_update_date, key_name) VALUES ('92s9bfvcdc107mhssdqx86xcplfs9atdNM200904120000000000000000000030', '0000000000000000000000000000001000000000000000000000000000000003', '0000000000000000000000000000001000000000000000000000000000000003', '07efwp0leljup7s3ouhenrlwlvt6bbtvNM200810110000000000000000000113', '2014-02-10 12:13:54', 4586, 'com.runwaysdk.system.metadata.MdAction', 1, 'www.runwaysdk.com', NULL, NULL, '0000000000000000000000000000001000000000000000000000000000000003', '2014-02-10 12:13:54', 'com.runwaysdk.system.scheduler.JobHistoryHistoryCommentController.cancel');
INSERT INTO controller_action ( key_name, locked_by, oid, owner, entity_domain, created_by, type, last_update_date, create_date, seq, last_updated_by, site_master, parent_id, child_id) VALUES ('com.runwaysdk.system.scheduler.JobHistoryHistoryCommentController.cancel', NULL, '06jayyrafspkcvma2bif5zvi7o7a16ftJS200807230000000000000000111111', '0000000000000000000000000000001000000000000000000000000000000003', NULL, '0000000000000000000000000000001000000000000000000000000000000003', 'com.runwaysdk.system.ControllerAction', '2014-02-10 12:13:54', '2014-02-10 12:13:54', 4587, '0000000000000000000000000000001000000000000000000000000000000003', 'www.runwaysdk.com', 'r8oullz0qxvwv8gnjil9n1l6kfpgk36dNM200810110000000000000000000112', '07efwp0leljup7s3ouhenrlwlvt6bbtvNM200810110000000000000000000113');
INSERT INTO metadata_display_label ( default_locale, oid, site_master, key_name) VALUES ('Parameter: com.runwaysdk.system.scheduler.JobHistoryHistoryComment - dto', '8zv63e6zc7nys3epgss5g1uswpl7rk9rNM200904120000000000000000000030', 'www.runwaysdk.com', '8zv63e6zc7nys3epgss5g1uswpl7rk9rNM200904120000000000000000000030');
INSERT INTO metadata_display_label ( default_locale, oid, site_master, key_name) VALUES ('com.runwaysdk.system.scheduler.JobHistoryHistoryComment to unlock', '0lldl0gu8dkwlvi3ya9pg8135de4k2inNM200904120000000000000000000030', 'www.runwaysdk.com', '0lldl0gu8dkwlvi3ya9pg8135de4k2inNM200904120000000000000000000030');
INSERT INTO md_parameter ( metadata, parameter_order, parameter_name, parameter_type, display_label, oid) VALUES ('07efwp0leljup7s3ouhenrlwlvt6bbtvNM200810110000000000000000000113', 0, 'dto', 'com.runwaysdk.system.scheduler.JobHistoryHistoryComment', '8zv63e6zc7nys3epgss5g1uswpl7rk9rNM200904120000000000000000000030', 'zd2qyp064oie8z89vsdgc5z60nxymr7320070427JS0000000000000000001517');
INSERT INTO metadata ( description, created_by, owner, oid, create_date, seq, type, remove, site_master, locked_by, entity_domain, last_updated_by, last_update_date, key_name) VALUES ('0lldl0gu8dkwlvi3ya9pg8135de4k2inNM200904120000000000000000000030', '0000000000000000000000000000001000000000000000000000000000000003', '0000000000000000000000000000001000000000000000000000000000000003', 'zd2qyp064oie8z89vsdgc5z60nxymr7320070427JS0000000000000000001517', '2014-02-10 12:13:54', 4588, 'com.runwaysdk.system.metadata.MdParameter', 1, 'www.runwaysdk.com', NULL, NULL, '0000000000000000000000000000001000000000000000000000000000000003', '2014-02-10 12:13:54', 'com.runwaysdk.system.scheduler.JobHistoryHistoryCommentController.cancel.dto');
INSERT INTO metadata_parameter ( site_master, last_updated_by, create_date, seq, locked_by, entity_domain, created_by, type, last_update_date, key_name, owner, oid, parent_id, child_id) VALUES ('www.runwaysdk.com', '0000000000000000000000000000001000000000000000000000000000000003', '2014-02-10 12:13:54', 4589, NULL, NULL, '0000000000000000000000000000001000000000000000000000000000000003', 'com.runwaysdk.system.MetadataParameter', '2014-02-10 12:13:54', 'com.runwaysdk.system.scheduler.JobHistoryHistoryCommentController.cancel.dto', '0000000000000000000000000000001000000000000000000000000000000003', 'x9y2cgsyx3nbbesyeixg039oqlp0fwqq20070427JS0000000000000000001524', '07efwp0leljup7s3ouhenrlwlvt6bbtvNM200810110000000000000000000113', 'zd2qyp064oie8z89vsdgc5z60nxymr7320070427JS0000000000000000001517');
INSERT INTO metadata_display_label ( default_locale, oid, site_master, key_name) VALUES ('delete', '7e24ni2gq2l7u9yc5h0qjfpmn2d94bq1NM200904120000000000000000000030', 'www.runwaysdk.com', '7e24ni2gq2l7u9yc5h0qjfpmn2d94bq1NM200904120000000000000000000030');
INSERT INTO metadata_display_label ( default_locale, oid, site_master, key_name) VALUES ('Delete an instance of com.runwaysdk.system.scheduler.JobHistoryHistoryComment', 'xnyni7pzknlhp9buewli5408yq6ul4x0NM200904120000000000000000000030', 'www.runwaysdk.com', 'xnyni7pzknlhp9buewli5408yq6ul4x0NM200904120000000000000000000030');
INSERT INTO md_action ( is_query, enclosing_md_controller, is_post, action_name, display_label, oid) VALUES (0, 'r8oullz0qxvwv8gnjil9n1l6kfpgk36dNM200810110000000000000000000112', 1, 'delete', '7e24ni2gq2l7u9yc5h0qjfpmn2d94bq1NM200904120000000000000000000030', 'xnfuym9pv0e3umjffc3n89k3ewnoqv29NM200810110000000000000000000113');
INSERT INTO metadata ( description, created_by, owner, oid, create_date, seq, type, remove, site_master, locked_by, entity_domain, last_updated_by, last_update_date, key_name) VALUES ('xnyni7pzknlhp9buewli5408yq6ul4x0NM200904120000000000000000000030', '0000000000000000000000000000001000000000000000000000000000000003', '0000000000000000000000000000001000000000000000000000000000000003', 'xnfuym9pv0e3umjffc3n89k3ewnoqv29NM200810110000000000000000000113', '2014-02-10 12:13:54', 4590, 'com.runwaysdk.system.metadata.MdAction', 1, 'www.runwaysdk.com', NULL, NULL, '0000000000000000000000000000001000000000000000000000000000000003', '2014-02-10 12:13:54', 'com.runwaysdk.system.scheduler.JobHistoryHistoryCommentController.delete');
INSERT INTO controller_action ( key_name, locked_by, oid, owner, entity_domain, created_by, type, last_update_date, create_date, seq, last_updated_by, site_master, parent_id, child_id) VALUES ('com.runwaysdk.system.scheduler.JobHistoryHistoryCommentController.delete', NULL, '8n8mgq9d3ql0991hfh2xhhfvpkvpcljpJS200807230000000000000000111111', '0000000000000000000000000000001000000000000000000000000000000003', NULL, '0000000000000000000000000000001000000000000000000000000000000003', 'com.runwaysdk.system.ControllerAction', '2014-02-10 12:13:54', '2014-02-10 12:13:54', 4591, '0000000000000000000000000000001000000000000000000000000000000003', 'www.runwaysdk.com', 'r8oullz0qxvwv8gnjil9n1l6kfpgk36dNM200810110000000000000000000112', 'xnfuym9pv0e3umjffc3n89k3ewnoqv29NM200810110000000000000000000113');
INSERT INTO metadata_display_label ( default_locale, oid, site_master, key_name) VALUES ('Parameter: com.runwaysdk.system.scheduler.JobHistoryHistoryComment - dto', '8zc7y7w1m3ykxix8r27bapuja3jlwkgsNM200904120000000000000000000030', 'www.runwaysdk.com', '8zc7y7w1m3ykxix8r27bapuja3jlwkgsNM200904120000000000000000000030');
INSERT INTO metadata_display_label ( default_locale, oid, site_master, key_name) VALUES ('com.runwaysdk.system.scheduler.JobHistoryHistoryComment to delete', '22nj7ze9kwzvfq7du0lyjul3vj50rnu7NM200904120000000000000000000030', 'www.runwaysdk.com', '22nj7ze9kwzvfq7du0lyjul3vj50rnu7NM200904120000000000000000000030');
INSERT INTO md_parameter ( metadata, parameter_order, parameter_name, parameter_type, display_label, oid) VALUES ('xnfuym9pv0e3umjffc3n89k3ewnoqv29NM200810110000000000000000000113', 0, 'dto', 'com.runwaysdk.system.scheduler.JobHistoryHistoryComment', '8zc7y7w1m3ykxix8r27bapuja3jlwkgsNM200904120000000000000000000030', 'z8d6twcfpwqfs45qnxa62hd2azq6bhd920070427JS0000000000000000001517');
INSERT INTO metadata ( description, created_by, owner, oid, create_date, seq, type, remove, site_master, locked_by, entity_domain, last_updated_by, last_update_date, key_name) VALUES ('22nj7ze9kwzvfq7du0lyjul3vj50rnu7NM200904120000000000000000000030', '0000000000000000000000000000001000000000000000000000000000000003', '0000000000000000000000000000001000000000000000000000000000000003', 'z8d6twcfpwqfs45qnxa62hd2azq6bhd920070427JS0000000000000000001517', '2014-02-10 12:13:54', 4592, 'com.runwaysdk.system.metadata.MdParameter', 1, 'www.runwaysdk.com', NULL, NULL, '0000000000000000000000000000001000000000000000000000000000000003', '2014-02-10 12:13:54', 'com.runwaysdk.system.scheduler.JobHistoryHistoryCommentController.delete.dto');
INSERT INTO metadata_parameter ( site_master, last_updated_by, create_date, seq, locked_by, entity_domain, created_by, type, last_update_date, key_name, owner, oid, parent_id, child_id) VALUES ('www.runwaysdk.com', '0000000000000000000000000000001000000000000000000000000000000003', '2014-02-10 12:13:54', 4593, NULL, NULL, '0000000000000000000000000000001000000000000000000000000000000003', 'com.runwaysdk.system.MetadataParameter', '2014-02-10 12:13:54', 'com.runwaysdk.system.scheduler.JobHistoryHistoryCommentController.delete.dto', '0000000000000000000000000000001000000000000000000000000000000003', '04oobawbkyoyv0nhtwxy6cicjk13ieuc20070427JS0000000000000000001524', 'xnfuym9pv0e3umjffc3n89k3ewnoqv29NM200810110000000000000000000113', 'z8d6twcfpwqfs45qnxa62hd2azq6bhd920070427JS0000000000000000001517');
 INSERT INTO visibilitymodifier (set_id, item_id)  VALUES  ('so3g4m2w92nctlvgs6ud06pnz7wkvqzc', '20071109NM000000000000000000000520071109NM0000000000000000000001');
INSERT INTO metadata_display_label ( default_locale, oid, site_master, key_name) VALUES ('Comment', 'xp885dey7u3rca6ycso49zeatdgay46vNM200904120000000000000000000030', 'www.runwaysdk.com', 'xp885dey7u3rca6ycso49zeatdgay46vNM200904120000000000000000000030');
 INSERT INTO visibilitymodifier (set_id, item_id)  VALUES  ('sw1qzvqfqtdq14znpxaaqe68d1aqgniy', '20071109NM000000000000000000000520071109NM0000000000000000000001');
 INSERT INTO md_attribute_indicies (set_id, item_id)  VALUES  ('z1b3ehh3s2lrc7k6zlfmtpnptnf9rrk0', '0000000000000000000000000000040100000000000000000000000000000403');
INSERT INTO metadata_display_label ( default_locale, oid, site_master, key_name) VALUES ('User Friendly History Comment', 'soa21hb0g8kadtc13b0lzwm77c6k4dgwNM200904120000000000000000000030', 'www.runwaysdk.com', 'soa21hb0g8kadtc13b0lzwm77c6k4dgwNM200904120000000000000000000030');
INSERT INTO md_attribute_local_text ( oid) VALUES ('8mqqlcqjf08v64cxlmrhbzc7nsbglsgs000000000000MdAttributeLocalText');
INSERT INTO md_attribute_local ( oid) VALUES ('8mqqlcqjf08v64cxlmrhbzc7nsbglsgs000000000000MdAttributeLocalText');
INSERT INTO md_attribute_struct ( md_struct, oid) VALUES ('8d1kfg7ldiaylha1aq1u3shemkhgxe2b0000000000000000000MdLocalStruct', '8mqqlcqjf08v64cxlmrhbzc7nsbglsgs000000000000MdAttributeLocalText');
INSERT INTO md_attribute_concrete ( column_name, defining_md_class, setter_visibility, setter_visibility_c, immutable, index_name, generate_accessor, system, required, display_label, getter_visibility, getter_visibility_c, index_type, index_type_c, attribute_name, oid) VALUES ('history_comment', '2ft54d1ik9d4qmj2ffopey6uwk000fvr00000000000000000000000000000001', 'so3g4m2w92nctlvgs6ud06pnz7wkvqzc', '20071109NM000000000000000000000520071109NM0000000000000000000001', 0, 'a7jaqswpnbezd1uze81wujo04e45hb', 1, 0, 0, 'xp885dey7u3rca6ycso49zeatdgay46vNM200904120000000000000000000030', 'sw1qzvqfqtdq14znpxaaqe68d1aqgniy', '20071109NM000000000000000000000520071109NM0000000000000000000001', 'z1b3ehh3s2lrc7k6zlfmtpnptnf9rrk0', '0000000000000000000000000000040100000000000000000000000000000403', 'historyComment', '8mqqlcqjf08v64cxlmrhbzc7nsbglsgs000000000000MdAttributeLocalText');
INSERT INTO md_attribute ( oid) VALUES ('8mqqlcqjf08v64cxlmrhbzc7nsbglsgs000000000000MdAttributeLocalText');
INSERT INTO metadata ( description, created_by, owner, oid, create_date, seq, type, remove, site_master, locked_by, entity_domain, last_updated_by, last_update_date, key_name) VALUES ('soa21hb0g8kadtc13b0lzwm77c6k4dgwNM200904120000000000000000000030', '0000000000000000000000000000001000000000000000000000000000000003', '0000000000000000000000000000001000000000000000000000000000000003', '8mqqlcqjf08v64cxlmrhbzc7nsbglsgs000000000000MdAttributeLocalText', '2014-02-10 12:13:54', 4594, 'com.runwaysdk.system.metadata.MdAttributeLocalText', 1, 'www.runwaysdk.com', NULL, NULL, '0000000000000000000000000000001000000000000000000000000000000003', '2014-02-10 12:13:54', 'com.runwaysdk.system.scheduler.JobHistory.historyComment');
ALTER TABLE job_history ADD COLUMN history_comment  char(64);
INSERT INTO class_attribute_concrete ( oid, parent_id, child_id) VALUES ('782wfyatv5hf4tmjxjppw97a5wdvllrg00000000000000000000000000000073', '2ft54d1ik9d4qmj2ffopey6uwk000fvr00000000000000000000000000000001', '8mqqlcqjf08v64cxlmrhbzc7nsbglsgs000000000000MdAttributeLocalText');
INSERT INTO class_attribute ( oid, parent_id, child_id) VALUES ('782wfyatv5hf4tmjxjppw97a5wdvllrg00000000000000000000000000000073', '2ft54d1ik9d4qmj2ffopey6uwk000fvr00000000000000000000000000000001', '8mqqlcqjf08v64cxlmrhbzc7nsbglsgs000000000000MdAttributeLocalText');
INSERT INTO metadata_relationship ( entity_domain, site_master, last_updated_by, oid, owner, locked_by, create_date, type, created_by, seq, key_name, last_update_date, parent_id, child_id) VALUES (NULL, 'www.runwaysdk.com', '0000000000000000000000000000001000000000000000000000000000000003', '782wfyatv5hf4tmjxjppw97a5wdvllrg00000000000000000000000000000073', '0000000000000000000000000000001000000000000000000000000000000003', NULL, '2014-02-10 12:13:54', 'com.runwaysdk.system.metadata.ClassAttributeConcrete', '0000000000000000000000000000001000000000000000000000000000000003', 4595, 'com.runwaysdk.system.scheduler.JobHistory.historyComment', '2014-02-10 12:13:54', '2ft54d1ik9d4qmj2ffopey6uwk000fvr00000000000000000000000000000001', '8mqqlcqjf08v64cxlmrhbzc7nsbglsgs000000000000MdAttributeLocalText');
 INSERT INTO visibilitymodifier (set_id, item_id)  VALUES  ('72gyrcq32bsvw3kbfka5xhf777i49ih4', '20071109NM000000000000000000000520071109NM0000000000000000000001');
INSERT INTO metadata_display_label ( default_locale, oid, site_master, key_name) VALUES ('Default Locale', '7bec4aeoovemuaej4e0sejsfc06ezrtfNM200904120000000000000000000030', 'www.runwaysdk.com', '7bec4aeoovemuaej4e0sejsfc06ezrtfNM200904120000000000000000000030');
 INSERT INTO visibilitymodifier (set_id, item_id)  VALUES  ('0g2tl44sh704dwaa4c6mdxdyzg6q4wts', '20071109NM000000000000000000000520071109NM0000000000000000000001');
 INSERT INTO md_attribute_indicies (set_id, item_id)  VALUES  ('z0xkruqaqckipu0ymy00mcz1latz2ef1', '0000000000000000000000000000040100000000000000000000000000000403');
INSERT INTO metadata_display_label ( default_locale, oid, site_master, key_name) VALUES ('Default locale', 'qysnkxuy3dzhde1k0ea9op75f6c6d54nNM200904120000000000000000000030', 'www.runwaysdk.com', 'qysnkxuy3dzhde1k0ea9op75f6c6d54nNM200904120000000000000000000030');
INSERT INTO md_attribute_text ( default_value, oid) VALUES (NULL, 'z98y5rsqloy7eqns94zsoaqem8jz8bq700000000000000000000000000000139');
INSERT INTO md_attribute_char ( oid) VALUES ('z98y5rsqloy7eqns94zsoaqem8jz8bq700000000000000000000000000000139');
INSERT INTO md_attribute_primitive ( oid) VALUES ('z98y5rsqloy7eqns94zsoaqem8jz8bq700000000000000000000000000000139');
INSERT INTO md_attribute_concrete ( column_name, defining_md_class, setter_visibility, setter_visibility_c, immutable, index_name, generate_accessor, system, required, display_label, getter_visibility, getter_visibility_c, index_type, index_type_c, attribute_name, oid) VALUES ('default_locale', '8d1kfg7ldiaylha1aq1u3shemkhgxe2b0000000000000000000MdLocalStruct', '72gyrcq32bsvw3kbfka5xhf777i49ih4', '20071109NM000000000000000000000520071109NM0000000000000000000001', 0, 'a5n1flnv4gly5qxku3lns83yj6wv2q', 0, 0, 0, '7bec4aeoovemuaej4e0sejsfc06ezrtfNM200904120000000000000000000030', '0g2tl44sh704dwaa4c6mdxdyzg6q4wts', '20071109NM000000000000000000000520071109NM0000000000000000000001', 'z0xkruqaqckipu0ymy00mcz1latz2ef1', '0000000000000000000000000000040100000000000000000000000000000403', 'defaultLocale', 'z98y5rsqloy7eqns94zsoaqem8jz8bq700000000000000000000000000000139');
INSERT INTO md_attribute ( oid) VALUES ('z98y5rsqloy7eqns94zsoaqem8jz8bq700000000000000000000000000000139');
INSERT INTO metadata ( description, created_by, owner, oid, create_date, seq, type, remove, site_master, locked_by, entity_domain, last_updated_by, last_update_date, key_name) VALUES ('qysnkxuy3dzhde1k0ea9op75f6c6d54nNM200904120000000000000000000030', '0000000000000000000000000000001000000000000000000000000000000003', '0000000000000000000000000000001000000000000000000000000000000003', 'z98y5rsqloy7eqns94zsoaqem8jz8bq700000000000000000000000000000139', '2014-02-10 12:13:54', 4596, 'com.runwaysdk.system.metadata.MdAttributeText', 1, 'www.runwaysdk.com', NULL, NULL, '0000000000000000000000000000001000000000000000000000000000000003', '2014-02-10 12:13:54', 'com.runwaysdk.system.scheduler.JobHistoryHistoryComment.defaultLocale');
ALTER TABLE job_history_history_comment ADD COLUMN default_locale  text;
INSERT INTO class_attribute_concrete ( oid, parent_id, child_id) VALUES ('1vdwkd13n4azusxq5l61mx5lwn10dr2a00000000000000000000000000000073', '8d1kfg7ldiaylha1aq1u3shemkhgxe2b0000000000000000000MdLocalStruct', 'z98y5rsqloy7eqns94zsoaqem8jz8bq700000000000000000000000000000139');
INSERT INTO class_attribute ( oid, parent_id, child_id) VALUES ('1vdwkd13n4azusxq5l61mx5lwn10dr2a00000000000000000000000000000073', '8d1kfg7ldiaylha1aq1u3shemkhgxe2b0000000000000000000MdLocalStruct', 'z98y5rsqloy7eqns94zsoaqem8jz8bq700000000000000000000000000000139');
INSERT INTO metadata_relationship ( entity_domain, site_master, last_updated_by, oid, owner, locked_by, create_date, type, created_by, seq, key_name, last_update_date, parent_id, child_id) VALUES (NULL, 'www.runwaysdk.com', '0000000000000000000000000000001000000000000000000000000000000003', '1vdwkd13n4azusxq5l61mx5lwn10dr2a00000000000000000000000000000073', '0000000000000000000000000000001000000000000000000000000000000003', NULL, '2014-02-10 12:13:54', 'com.runwaysdk.system.metadata.ClassAttributeConcrete', '0000000000000000000000000000001000000000000000000000000000000003', 4597, 'com.runwaysdk.system.scheduler.JobHistoryHistoryComment.defaultLocale', '2014-02-10 12:13:54', '8d1kfg7ldiaylha1aq1u3shemkhgxe2b0000000000000000000MdLocalStruct', 'z98y5rsqloy7eqns94zsoaqem8jz8bq700000000000000000000000000000139');
 INSERT INTO struct_cache (set_id, item_id)  VALUES  ('8k4uk74cdhfeqpadbixeh8davzbp2z7f', '0000000000000000000000000000023100000000000000000000000000000222');
INSERT INTO metadata_display_label ( default_locale, oid, site_master, key_name) VALUES ('History Information', '8jfenoijpjvggdwxiqe21r6xua81b4g6NM200904120000000000000000000030', 'www.runwaysdk.com', '8jfenoijpjvggdwxiqe21r6xua81b4g6NM200904120000000000000000000030');
INSERT INTO metadata_display_label ( default_locale, oid, site_master, key_name) VALUES ('History Information with Data and Results', 'zh5mz5w13bvxe5bb4c1k8ao9iydqj63rNM200904120000000000000000000030', 'www.runwaysdk.com', 'zh5mz5w13bvxe5bb4c1k8ao9iydqj63rNM200904120000000000000000000030');
INSERT INTO md_local_struct ( oid) VALUES ('qp07ac4ckrfbmoon7a84mpl6a6yzn16l0000000000000000000MdLocalStruct');
INSERT INTO md_struct ( cache_algorithm, cache_algorithm_c, oid) VALUES ('8k4uk74cdhfeqpadbixeh8davzbp2z7f', '0000000000000000000000000000023100000000000000000000000000000222', 'qp07ac4ckrfbmoon7a84mpl6a6yzn16l0000000000000000000MdLocalStruct');
INSERT INTO md_entity ( query_dto_source, query_source, cache_size, enforce_site_master, has_deterministic_ids, table_name, oid) VALUES (NULL, NULL, 0, 1, 0, 'job_history_history_informatio', 'qp07ac4ckrfbmoon7a84mpl6a6yzn16l0000000000000000000MdLocalStruct');
INSERT INTO md_class ( publish, stub_dto_source, stub_source, oid) VALUES (1, NULL, NULL, 'qp07ac4ckrfbmoon7a84mpl6a6yzn16l0000000000000000000MdLocalStruct');
INSERT INTO md_type ( display_label, root_id, package_name, type_name, base_source, js_base, js_stub, exported, dto_source, oid) VALUES ('8jfenoijpjvggdwxiqe21r6xua81b4g6NM200904120000000000000000000030', 'qp07ac4ckrfbmoon7a84mpl6a6yzn16l', 'com.runwaysdk.system.scheduler', 'JobHistoryHistoryInformation', NULL, NULL, NULL, 1, NULL, 'qp07ac4ckrfbmoon7a84mpl6a6yzn16l0000000000000000000MdLocalStruct');
INSERT INTO metadata ( description, created_by, owner, oid, create_date, seq, type, remove, site_master, locked_by, entity_domain, last_updated_by, last_update_date, key_name) VALUES ('zh5mz5w13bvxe5bb4c1k8ao9iydqj63rNM200904120000000000000000000030', '0000000000000000000000000000001000000000000000000000000000000003', '0000000000000000000000000000001000000000000000000000000000000003', 'qp07ac4ckrfbmoon7a84mpl6a6yzn16l0000000000000000000MdLocalStruct', '2014-02-10 12:13:54', 4598, 'com.runwaysdk.system.metadata.MdLocalStruct', 1, 'www.runwaysdk.com', NULL, NULL, '0000000000000000000000000000001000000000000000000000000000000003', '2014-02-10 12:13:54', 'com.runwaysdk.system.scheduler.JobHistoryHistoryInformation');
CREATE TABLE job_history_history_informatio ( oid CHAR(64) NOT NULL PRIMARY KEY );
 INSERT INTO visibilitymodifier (set_id, item_id)  VALUES  ('zpuse76tgyg1dsvirdzohwpkz69bsd1f', '20071109NM000000000000000000000520071109NM0000000000000000000001');
INSERT INTO metadata_display_label ( default_locale, oid, site_master, key_name) VALUES ('ID', '24931iljk0upni8yht86d04sr6nr0h3wNM200904120000000000000000000030', 'www.runwaysdk.com', '24931iljk0upni8yht86d04sr6nr0h3wNM200904120000000000000000000030');
 INSERT INTO visibilitymodifier (set_id, item_id)  VALUES  ('7gn7xojdq43pfl5tzck5ktvxhtafgoxg', '20071109NM000000000000000000000520071109NM0000000000000000000001');
 INSERT INTO md_attribute_indicies (set_id, item_id)  VALUES  ('t2bn5fpek1y8m13yqhqndhnt7u3bfbfu', '0000000000000000000000000000040900000000000000000000000000000403');
INSERT INTO metadata_display_label ( default_locale, oid, site_master, key_name) VALUES ('ID of this object', '6r3w0kj3sncbxso08elaim8phfr6nypjNM200904120000000000000000000030', 'www.runwaysdk.com', '6r3w0kj3sncbxso08elaim8phfr6nypjNM200904120000000000000000000030');
INSERT INTO md_attribute_character ( default_value, database_size, oid) VALUES (NULL, 64, 'r4llx3xvoclq434ouccd9gkojqzbfdxx00000000000000000000000000000138');
INSERT INTO md_attribute_char ( oid) VALUES ('r4llx3xvoclq434ouccd9gkojqzbfdxx00000000000000000000000000000138');
INSERT INTO md_attribute_primitive ( oid) VALUES ('r4llx3xvoclq434ouccd9gkojqzbfdxx00000000000000000000000000000138');
INSERT INTO md_attribute_concrete ( column_name, defining_md_class, setter_visibility, setter_visibility_c, immutable, index_name, generate_accessor, system, required, display_label, getter_visibility, getter_visibility_c, index_type, index_type_c, attribute_name, oid) VALUES ('oid', 'qp07ac4ckrfbmoon7a84mpl6a6yzn16l0000000000000000000MdLocalStruct', 'zpuse76tgyg1dsvirdzohwpkz69bsd1f', '20071109NM000000000000000000000520071109NM0000000000000000000001', 0, 'aaunyrg5z27nwpfjwcx4oztdq26bcl', 1, 1, 1, '24931iljk0upni8yht86d04sr6nr0h3wNM200904120000000000000000000030', '7gn7xojdq43pfl5tzck5ktvxhtafgoxg', '20071109NM000000000000000000000520071109NM0000000000000000000001', 't2bn5fpek1y8m13yqhqndhnt7u3bfbfu', '0000000000000000000000000000040900000000000000000000000000000403', 'oid', 'r4llx3xvoclq434ouccd9gkojqzbfdxx00000000000000000000000000000138');
INSERT INTO md_attribute ( oid) VALUES ('r4llx3xvoclq434ouccd9gkojqzbfdxx00000000000000000000000000000138');
INSERT INTO metadata ( description, created_by, owner, oid, create_date, seq, type, remove, site_master, locked_by, entity_domain, last_updated_by, last_update_date, key_name) VALUES ('6r3w0kj3sncbxso08elaim8phfr6nypjNM200904120000000000000000000030', '0000000000000000000000000000001000000000000000000000000000000003', '0000000000000000000000000000001000000000000000000000000000000003', 'r4llx3xvoclq434ouccd9gkojqzbfdxx00000000000000000000000000000138', '2014-02-10 12:13:54', 4599, 'com.runwaysdk.system.metadata.MdAttributeCharacter', 0, 'www.runwaysdk.com', NULL, NULL, '0000000000000000000000000000001000000000000000000000000000000003', '2014-02-10 12:13:54', 'com.runwaysdk.system.scheduler.JobHistoryHistoryInformation.oid');
INSERT INTO class_attribute_concrete ( oid, parent_id, child_id) VALUES ('03td1k3hoorse8e911v2zfdtd0wyxa0d00000000000000000000000000000073', 'qp07ac4ckrfbmoon7a84mpl6a6yzn16l0000000000000000000MdLocalStruct', 'r4llx3xvoclq434ouccd9gkojqzbfdxx00000000000000000000000000000138');
INSERT INTO class_attribute ( oid, parent_id, child_id) VALUES ('03td1k3hoorse8e911v2zfdtd0wyxa0d00000000000000000000000000000073', 'qp07ac4ckrfbmoon7a84mpl6a6yzn16l0000000000000000000MdLocalStruct', 'r4llx3xvoclq434ouccd9gkojqzbfdxx00000000000000000000000000000138');
INSERT INTO metadata_relationship ( entity_domain, site_master, last_updated_by, oid, owner, locked_by, create_date, type, created_by, seq, key_name, last_update_date, parent_id, child_id) VALUES (NULL, 'www.runwaysdk.com', '0000000000000000000000000000001000000000000000000000000000000003', '03td1k3hoorse8e911v2zfdtd0wyxa0d00000000000000000000000000000073', '0000000000000000000000000000001000000000000000000000000000000003', NULL, '2014-02-10 12:13:54', 'com.runwaysdk.system.metadata.ClassAttributeConcrete', '0000000000000000000000000000001000000000000000000000000000000003', 4600, 'com.runwaysdk.system.scheduler.JobHistoryHistoryInformation.oid', '2014-02-10 12:13:54', 'qp07ac4ckrfbmoon7a84mpl6a6yzn16l0000000000000000000MdLocalStruct', 'r4llx3xvoclq434ouccd9gkojqzbfdxx00000000000000000000000000000138');
 INSERT INTO visibilitymodifier (set_id, item_id)  VALUES  ('zjolluoy5rb0wjs9jlp5ttc0rmzykf12', '20071109NM000000000000000000000520071109NM0000000000000000000001');
INSERT INTO metadata_display_label ( default_locale, oid, site_master, key_name) VALUES ('Site Master', 'sohqh04rk9xhjz9ckr58cg2630h953v4NM200904120000000000000000000030', 'www.runwaysdk.com', 'sohqh04rk9xhjz9ckr58cg2630h953v4NM200904120000000000000000000030');
 INSERT INTO visibilitymodifier (set_id, item_id)  VALUES  ('xd37f1vl47gkyj89c3sxdzi52n49mp5r', '20071109NM000000000000000000000520071109NM0000000000000000000001');
 INSERT INTO md_attribute_indicies (set_id, item_id)  VALUES  ('1wm3vex4x66tvj9yc7rekjrhmglnl69b', '0000000000000000000000000000040100000000000000000000000000000403');
INSERT INTO metadata_display_label ( default_locale, oid, site_master, key_name) VALUES ('The name of the site responsible for this object', 'slkuhg6rkhuxb9smzbq1erwklblxw6inNM200904120000000000000000000030', 'www.runwaysdk.com', 'slkuhg6rkhuxb9smzbq1erwklblxw6inNM200904120000000000000000000030');
INSERT INTO md_attribute_character ( default_value, database_size, oid) VALUES (NULL, 255, '8ikz5kkigqmy6x52y9uf9qbvzb4o5yo700000000000000000000000000000138');
INSERT INTO md_attribute_char ( oid) VALUES ('8ikz5kkigqmy6x52y9uf9qbvzb4o5yo700000000000000000000000000000138');
INSERT INTO md_attribute_primitive ( oid) VALUES ('8ikz5kkigqmy6x52y9uf9qbvzb4o5yo700000000000000000000000000000138');
INSERT INTO md_attribute_concrete ( column_name, defining_md_class, setter_visibility, setter_visibility_c, immutable, index_name, generate_accessor, system, required, display_label, getter_visibility, getter_visibility_c, index_type, index_type_c, attribute_name, oid) VALUES ('site_master', 'qp07ac4ckrfbmoon7a84mpl6a6yzn16l0000000000000000000MdLocalStruct', 'zjolluoy5rb0wjs9jlp5ttc0rmzykf12', '20071109NM000000000000000000000520071109NM0000000000000000000001', 1, 'a3ihj0dj7zt5al8vrsy2qwqhaqqox7', 1, 1, 1, 'sohqh04rk9xhjz9ckr58cg2630h953v4NM200904120000000000000000000030', 'xd37f1vl47gkyj89c3sxdzi52n49mp5r', '20071109NM000000000000000000000520071109NM0000000000000000000001', '1wm3vex4x66tvj9yc7rekjrhmglnl69b', '0000000000000000000000000000040100000000000000000000000000000403', 'siteMaster', '8ikz5kkigqmy6x52y9uf9qbvzb4o5yo700000000000000000000000000000138');
INSERT INTO md_attribute ( oid) VALUES ('8ikz5kkigqmy6x52y9uf9qbvzb4o5yo700000000000000000000000000000138');
INSERT INTO metadata ( description, created_by, owner, oid, create_date, seq, type, remove, site_master, locked_by, entity_domain, last_updated_by, last_update_date, key_name) VALUES ('slkuhg6rkhuxb9smzbq1erwklblxw6inNM200904120000000000000000000030', '0000000000000000000000000000001000000000000000000000000000000003', '0000000000000000000000000000001000000000000000000000000000000003', '8ikz5kkigqmy6x52y9uf9qbvzb4o5yo700000000000000000000000000000138', '2014-02-10 12:13:54', 4601, 'com.runwaysdk.system.metadata.MdAttributeCharacter', 0, 'www.runwaysdk.com', NULL, NULL, '0000000000000000000000000000001000000000000000000000000000000003', '2014-02-10 12:13:54', 'com.runwaysdk.system.scheduler.JobHistoryHistoryInformation.siteMaster');
ALTER TABLE job_history_history_informatio ADD COLUMN site_master  varchar(255);
INSERT INTO class_attribute_concrete ( oid, parent_id, child_id) VALUES ('srj9btbghgkszxcfslvwylt7oj9ypcer00000000000000000000000000000073', 'qp07ac4ckrfbmoon7a84mpl6a6yzn16l0000000000000000000MdLocalStruct', '8ikz5kkigqmy6x52y9uf9qbvzb4o5yo700000000000000000000000000000138');
INSERT INTO class_attribute ( oid, parent_id, child_id) VALUES ('srj9btbghgkszxcfslvwylt7oj9ypcer00000000000000000000000000000073', 'qp07ac4ckrfbmoon7a84mpl6a6yzn16l0000000000000000000MdLocalStruct', '8ikz5kkigqmy6x52y9uf9qbvzb4o5yo700000000000000000000000000000138');
INSERT INTO metadata_relationship ( entity_domain, site_master, last_updated_by, oid, owner, locked_by, create_date, type, created_by, seq, key_name, last_update_date, parent_id, child_id) VALUES (NULL, 'www.runwaysdk.com', '0000000000000000000000000000001000000000000000000000000000000003', 'srj9btbghgkszxcfslvwylt7oj9ypcer00000000000000000000000000000073', '0000000000000000000000000000001000000000000000000000000000000003', NULL, '2014-02-10 12:13:54', 'com.runwaysdk.system.metadata.ClassAttributeConcrete', '0000000000000000000000000000001000000000000000000000000000000003', 4602, 'com.runwaysdk.system.scheduler.JobHistoryHistoryInformation.siteMaster', '2014-02-10 12:13:54', 'qp07ac4ckrfbmoon7a84mpl6a6yzn16l0000000000000000000MdLocalStruct', '8ikz5kkigqmy6x52y9uf9qbvzb4o5yo700000000000000000000000000000138');
 INSERT INTO visibilitymodifier (set_id, item_id)  VALUES  ('qm951itji2o0z8e9ew65d7msx65oyj0x', '20071109NM000000000000000000000520071109NM0000000000000000000001');
INSERT INTO metadata_display_label ( default_locale, oid, site_master, key_name) VALUES ('Key Name', '8iwe47nrn40zmo5pho61v3shu48tvpd1NM200904120000000000000000000030', 'www.runwaysdk.com', '8iwe47nrn40zmo5pho61v3shu48tvpd1NM200904120000000000000000000030');
 INSERT INTO visibilitymodifier (set_id, item_id)  VALUES  ('st32diap29z5con5miptvk8znaw4sydu', '20071109NM000000000000000000000520071109NM0000000000000000000001');
 INSERT INTO md_attribute_indicies (set_id, item_id)  VALUES  ('xvumse1s4n6shw3vfs9r6iq5tjshq2wv', '0000000000000000000000000000040900000000000000000000000000000403');
INSERT INTO metadata_display_label ( default_locale, oid, site_master, key_name) VALUES ('Key which uniquely identifies each instance of this type heirarchy.', 'z4fv8z3xlzoz30dnhnpnx2hvqkuq4cv5NM200904120000000000000000000030', 'www.runwaysdk.com', 'z4fv8z3xlzoz30dnhnpnx2hvqkuq4cv5NM200904120000000000000000000030');
INSERT INTO md_attribute_character ( default_value, database_size, oid) VALUES (NULL, 255, 'szm3q72o75pm8zppby7cxncyzewltf3h00000000000000000000000000000138');
INSERT INTO md_attribute_char ( oid) VALUES ('szm3q72o75pm8zppby7cxncyzewltf3h00000000000000000000000000000138');
INSERT INTO md_attribute_primitive ( oid) VALUES ('szm3q72o75pm8zppby7cxncyzewltf3h00000000000000000000000000000138');
INSERT INTO md_attribute_concrete ( column_name, defining_md_class, setter_visibility, setter_visibility_c, immutable, index_name, generate_accessor, system, required, display_label, getter_visibility, getter_visibility_c, index_type, index_type_c, attribute_name, oid) VALUES ('key_name', 'qp07ac4ckrfbmoon7a84mpl6a6yzn16l0000000000000000000MdLocalStruct', 'qm951itji2o0z8e9ew65d7msx65oyj0x', '20071109NM000000000000000000000520071109NM0000000000000000000001', 0, 'akrj5a95klft4goz6bcztmfpbhmhet', 1, 0, 1, '8iwe47nrn40zmo5pho61v3shu48tvpd1NM200904120000000000000000000030', 'st32diap29z5con5miptvk8znaw4sydu', '20071109NM000000000000000000000520071109NM0000000000000000000001', 'xvumse1s4n6shw3vfs9r6iq5tjshq2wv', '0000000000000000000000000000040900000000000000000000000000000403', 'keyName', 'szm3q72o75pm8zppby7cxncyzewltf3h00000000000000000000000000000138');
INSERT INTO md_attribute ( oid) VALUES ('szm3q72o75pm8zppby7cxncyzewltf3h00000000000000000000000000000138');
INSERT INTO metadata ( description, created_by, owner, oid, create_date, seq, type, remove, site_master, locked_by, entity_domain, last_updated_by, last_update_date, key_name) VALUES ('z4fv8z3xlzoz30dnhnpnx2hvqkuq4cv5NM200904120000000000000000000030', '0000000000000000000000000000001000000000000000000000000000000003', '0000000000000000000000000000001000000000000000000000000000000003', 'szm3q72o75pm8zppby7cxncyzewltf3h00000000000000000000000000000138', '2014-02-10 12:13:54', 4603, 'com.runwaysdk.system.metadata.MdAttributeCharacter', 1, 'www.runwaysdk.com', NULL, NULL, '0000000000000000000000000000001000000000000000000000000000000003', '2014-02-10 12:13:54', 'com.runwaysdk.system.scheduler.JobHistoryHistoryInformation.keyName');
ALTER TABLE job_history_history_informatio ADD COLUMN key_name  varchar(255);
INSERT INTO class_attribute_concrete ( oid, parent_id, child_id) VALUES ('75ywsw09co069vfc5s47dkzoajjzg8pa00000000000000000000000000000073', 'qp07ac4ckrfbmoon7a84mpl6a6yzn16l0000000000000000000MdLocalStruct', 'szm3q72o75pm8zppby7cxncyzewltf3h00000000000000000000000000000138');
INSERT INTO class_attribute ( oid, parent_id, child_id) VALUES ('75ywsw09co069vfc5s47dkzoajjzg8pa00000000000000000000000000000073', 'qp07ac4ckrfbmoon7a84mpl6a6yzn16l0000000000000000000MdLocalStruct', 'szm3q72o75pm8zppby7cxncyzewltf3h00000000000000000000000000000138');
INSERT INTO metadata_relationship ( entity_domain, site_master, last_updated_by, oid, owner, locked_by, create_date, type, created_by, seq, key_name, last_update_date, parent_id, child_id) VALUES (NULL, 'www.runwaysdk.com', '0000000000000000000000000000001000000000000000000000000000000003', '75ywsw09co069vfc5s47dkzoajjzg8pa00000000000000000000000000000073', '0000000000000000000000000000001000000000000000000000000000000003', NULL, '2014-02-10 12:13:54', 'com.runwaysdk.system.metadata.ClassAttributeConcrete', '0000000000000000000000000000001000000000000000000000000000000003', 4604, 'com.runwaysdk.system.scheduler.JobHistoryHistoryInformation.keyName', '2014-02-10 12:13:54', 'qp07ac4ckrfbmoon7a84mpl6a6yzn16l0000000000000000000MdLocalStruct', 'szm3q72o75pm8zppby7cxncyzewltf3h00000000000000000000000000000138');
CREATE UNIQUE INDEX akrj5a95klft4goz6bcztmfpbhmhet ON job_history_history_informatio (key_name);
INSERT INTO metadata_display_label ( default_locale, oid, site_master, key_name) VALUES (NULL, '096clmtijjtmzu25qp7fmurqf9gd01t7NM200904120000000000000000000030', 'www.runwaysdk.com', '096clmtijjtmzu25qp7fmurqf9gd01t7NM200904120000000000000000000030');
INSERT INTO metadata_display_label ( default_locale, oid, site_master, key_name) VALUES (NULL, 'xfhzrnt7guwmxnq9xl789lvw7p70rk9zNM200904120000000000000000000030', 'www.runwaysdk.com', 'xfhzrnt7guwmxnq9xl789lvw7p70rk9zNM200904120000000000000000000030');
INSERT INTO md_controller ( stub_source, oid) VALUES (NULL, 'sd6vswojsrj80zsk4qz9rb7opvlqn6tuNM200810110000000000000000000112');
INSERT INTO md_type ( display_label, root_id, package_name, type_name, base_source, js_base, js_stub, exported, dto_source, oid) VALUES ('096clmtijjtmzu25qp7fmurqf9gd01t7NM200904120000000000000000000030', 'sd6vswojsrj80zsk4qz9rb7opvlqn6tu', 'com.runwaysdk.system.scheduler', 'JobHistoryHistoryInformationController', NULL, NULL, NULL, 1, NULL, 'sd6vswojsrj80zsk4qz9rb7opvlqn6tuNM200810110000000000000000000112');
INSERT INTO metadata ( description, created_by, owner, oid, create_date, seq, type, remove, site_master, locked_by, entity_domain, last_updated_by, last_update_date, key_name) VALUES ('xfhzrnt7guwmxnq9xl789lvw7p70rk9zNM200904120000000000000000000030', '0000000000000000000000000000001000000000000000000000000000000003', '0000000000000000000000000000001000000000000000000000000000000003', 'sd6vswojsrj80zsk4qz9rb7opvlqn6tuNM200810110000000000000000000112', '2014-02-10 12:13:54', 4605, 'com.runwaysdk.system.metadata.MdController', 1, 'www.runwaysdk.com', NULL, NULL, '0000000000000000000000000000001000000000000000000000000000000003', '2014-02-10 12:13:54', 'com.runwaysdk.system.scheduler.JobHistoryHistoryInformationController');
INSERT INTO metadata_display_label ( default_locale, oid, site_master, key_name) VALUES ('View Page', 'swd51ntvn15qmasyidokbbgcjpnffrthNM200904120000000000000000000030', 'www.runwaysdk.com', 'swd51ntvn15qmasyidokbbgcjpnffrthNM200904120000000000000000000030');
INSERT INTO metadata_display_label ( default_locale, oid, site_master, key_name) VALUES ('Loads a ViewAll query for a specific page into the request object', 'xun6fcu6fuhcnfbuxrnrmuzpxspfctwsNM200904120000000000000000000030', 'www.runwaysdk.com', 'xun6fcu6fuhcnfbuxrnrmuzpxspfctwsNM200904120000000000000000000030');
INSERT INTO md_action ( is_query, enclosing_md_controller, is_post, action_name, display_label, oid) VALUES (1, 'sd6vswojsrj80zsk4qz9rb7opvlqn6tuNM200810110000000000000000000112', 0, 'viewPage', 'swd51ntvn15qmasyidokbbgcjpnffrthNM200904120000000000000000000030', 'xudwde4hvv3r6hhz898ocie4zhf20628NM200810110000000000000000000113');
INSERT INTO metadata ( description, created_by, owner, oid, create_date, seq, type, remove, site_master, locked_by, entity_domain, last_updated_by, last_update_date, key_name) VALUES ('xun6fcu6fuhcnfbuxrnrmuzpxspfctwsNM200904120000000000000000000030', '0000000000000000000000000000001000000000000000000000000000000003', '0000000000000000000000000000001000000000000000000000000000000003', 'xudwde4hvv3r6hhz898ocie4zhf20628NM200810110000000000000000000113', '2014-02-10 12:13:54', 4606, 'com.runwaysdk.system.metadata.MdAction', 1, 'www.runwaysdk.com', NULL, NULL, '0000000000000000000000000000001000000000000000000000000000000003', '2014-02-10 12:13:54', 'com.runwaysdk.system.scheduler.JobHistoryHistoryInformationController.viewPage');
INSERT INTO controller_action ( key_name, locked_by, oid, owner, entity_domain, created_by, type, last_update_date, create_date, seq, last_updated_by, site_master, parent_id, child_id) VALUES ('com.runwaysdk.system.scheduler.JobHistoryHistoryInformationController.viewPage', NULL, 'z7zumgxpxfrd1q0q8qpna5i1vuqw8zgtJS200807230000000000000000111111', '0000000000000000000000000000001000000000000000000000000000000003', NULL, '0000000000000000000000000000001000000000000000000000000000000003', 'com.runwaysdk.system.ControllerAction', '2014-02-10 12:13:54', '2014-02-10 12:13:54', 4607, '0000000000000000000000000000001000000000000000000000000000000003', 'www.runwaysdk.com', 'sd6vswojsrj80zsk4qz9rb7opvlqn6tuNM200810110000000000000000000112', 'xudwde4hvv3r6hhz898ocie4zhf20628NM200810110000000000000000000113');
INSERT INTO metadata_display_label ( default_locale, oid, site_master, key_name) VALUES ('Sort Attribute', 'xyux99dteyoczm7rl2trbplboprc4g94NM200904120000000000000000000030', 'www.runwaysdk.com', 'xyux99dteyoczm7rl2trbplboprc4g94NM200904120000000000000000000030');
INSERT INTO metadata_display_label ( default_locale, oid, site_master, key_name) VALUES (NULL, '8xplmmhmxjbrve9l4sv11vhfy1rs6avmNM200904120000000000000000000030', 'www.runwaysdk.com', '8xplmmhmxjbrve9l4sv11vhfy1rs6avmNM200904120000000000000000000030');
INSERT INTO md_parameter ( metadata, parameter_order, parameter_name, parameter_type, display_label, oid) VALUES ('xudwde4hvv3r6hhz898ocie4zhf20628NM200810110000000000000000000113', -4, 'sortAttribute', 'java.lang.String', 'xyux99dteyoczm7rl2trbplboprc4g94NM200904120000000000000000000030', '8zb9mrgjknb0syarslyxnaxl3ripzv7d20070427JS0000000000000000001517');
INSERT INTO metadata ( description, created_by, owner, oid, create_date, seq, type, remove, site_master, locked_by, entity_domain, last_updated_by, last_update_date, key_name) VALUES ('8xplmmhmxjbrve9l4sv11vhfy1rs6avmNM200904120000000000000000000030', '0000000000000000000000000000001000000000000000000000000000000003', '0000000000000000000000000000001000000000000000000000000000000003', '8zb9mrgjknb0syarslyxnaxl3ripzv7d20070427JS0000000000000000001517', '2014-02-10 12:13:54', 4608, 'com.runwaysdk.system.metadata.MdParameter', 1, 'www.runwaysdk.com', NULL, NULL, '0000000000000000000000000000001000000000000000000000000000000003', '2014-02-10 12:13:54', 'com.runwaysdk.system.scheduler.JobHistoryHistoryInformationController.viewPage.sortAttribute');
INSERT INTO metadata_parameter ( site_master, last_updated_by, create_date, seq, locked_by, entity_domain, created_by, type, last_update_date, key_name, owner, oid, parent_id, child_id) VALUES ('www.runwaysdk.com', '0000000000000000000000000000001000000000000000000000000000000003', '2014-02-10 12:13:54', 4609, NULL, NULL, '0000000000000000000000000000001000000000000000000000000000000003', 'com.runwaysdk.system.MetadataParameter', '2014-02-10 12:13:54', 'com.runwaysdk.system.scheduler.JobHistoryHistoryInformationController.viewPage.sortAttribute', '0000000000000000000000000000001000000000000000000000000000000003', 'rcvbkcomsyfse9kxt97rv1nljt6ltqd620070427JS0000000000000000001524', 'xudwde4hvv3r6hhz898ocie4zhf20628NM200810110000000000000000000113', '8zb9mrgjknb0syarslyxnaxl3ripzv7d20070427JS0000000000000000001517');
INSERT INTO metadata_display_label ( default_locale, oid, site_master, key_name) VALUES ('Is Ascending', 'sa6zv3hrrgumipt47yxb5992qxk96e7mNM200904120000000000000000000030', 'www.runwaysdk.com', 'sa6zv3hrrgumipt47yxb5992qxk96e7mNM200904120000000000000000000030');
INSERT INTO metadata_display_label ( default_locale, oid, site_master, key_name) VALUES (NULL, 'xc1ktl9twrtjr8dyrkwjjxkiuor0ortkNM200904120000000000000000000030', 'www.runwaysdk.com', 'xc1ktl9twrtjr8dyrkwjjxkiuor0ortkNM200904120000000000000000000030');
INSERT INTO md_parameter ( metadata, parameter_order, parameter_name, parameter_type, display_label, oid) VALUES ('xudwde4hvv3r6hhz898ocie4zhf20628NM200810110000000000000000000113', -3, 'isAscending', 'java.lang.Boolean', 'sa6zv3hrrgumipt47yxb5992qxk96e7mNM200904120000000000000000000030', 'swm17btit3688lsim0wsnlcymk7nfqik20070427JS0000000000000000001517');
INSERT INTO metadata ( description, created_by, owner, oid, create_date, seq, type, remove, site_master, locked_by, entity_domain, last_updated_by, last_update_date, key_name) VALUES ('xc1ktl9twrtjr8dyrkwjjxkiuor0ortkNM200904120000000000000000000030', '0000000000000000000000000000001000000000000000000000000000000003', '0000000000000000000000000000001000000000000000000000000000000003', 'swm17btit3688lsim0wsnlcymk7nfqik20070427JS0000000000000000001517', '2014-02-10 12:13:54', 4610, 'com.runwaysdk.system.metadata.MdParameter', 1, 'www.runwaysdk.com', NULL, NULL, '0000000000000000000000000000001000000000000000000000000000000003', '2014-02-10 12:13:54', 'com.runwaysdk.system.scheduler.JobHistoryHistoryInformationController.viewPage.isAscending');
INSERT INTO metadata_parameter ( site_master, last_updated_by, create_date, seq, locked_by, entity_domain, created_by, type, last_update_date, key_name, owner, oid, parent_id, child_id) VALUES ('www.runwaysdk.com', '0000000000000000000000000000001000000000000000000000000000000003', '2014-02-10 12:13:54', 4611, NULL, NULL, '0000000000000000000000000000001000000000000000000000000000000003', 'com.runwaysdk.system.MetadataParameter', '2014-02-10 12:13:54', 'com.runwaysdk.system.scheduler.JobHistoryHistoryInformationController.viewPage.isAscending', '0000000000000000000000000000001000000000000000000000000000000003', 'qn11078om5l5l5l2ynw9czgop1ed6xz320070427JS0000000000000000001524', 'xudwde4hvv3r6hhz898ocie4zhf20628NM200810110000000000000000000113', 'swm17btit3688lsim0wsnlcymk7nfqik20070427JS0000000000000000001517');
INSERT INTO metadata_display_label ( default_locale, oid, site_master, key_name) VALUES ('Page Size', 'qxe3gjujpydbpgnhlzk8dt7mouz0gx2dNM200904120000000000000000000030', 'www.runwaysdk.com', 'qxe3gjujpydbpgnhlzk8dt7mouz0gx2dNM200904120000000000000000000030');
INSERT INTO metadata_display_label ( default_locale, oid, site_master, key_name) VALUES (NULL, '8fkmt0czmbfdcavuy95a0x17f4c2l6waNM200904120000000000000000000030', 'www.runwaysdk.com', '8fkmt0czmbfdcavuy95a0x17f4c2l6waNM200904120000000000000000000030');
INSERT INTO md_parameter ( metadata, parameter_order, parameter_name, parameter_type, display_label, oid) VALUES ('xudwde4hvv3r6hhz898ocie4zhf20628NM200810110000000000000000000113', -2, 'pageSize', 'java.lang.Integer', 'qxe3gjujpydbpgnhlzk8dt7mouz0gx2dNM200904120000000000000000000030', '6qbd0cfpii4toaws317gnar8szvztfc320070427JS0000000000000000001517');
INSERT INTO metadata ( description, created_by, owner, oid, create_date, seq, type, remove, site_master, locked_by, entity_domain, last_updated_by, last_update_date, key_name) VALUES ('8fkmt0czmbfdcavuy95a0x17f4c2l6waNM200904120000000000000000000030', '0000000000000000000000000000001000000000000000000000000000000003', '0000000000000000000000000000001000000000000000000000000000000003', '6qbd0cfpii4toaws317gnar8szvztfc320070427JS0000000000000000001517', '2014-02-10 12:13:54', 4612, 'com.runwaysdk.system.metadata.MdParameter', 1, 'www.runwaysdk.com', NULL, NULL, '0000000000000000000000000000001000000000000000000000000000000003', '2014-02-10 12:13:54', 'com.runwaysdk.system.scheduler.JobHistoryHistoryInformationController.viewPage.pageSize');
INSERT INTO metadata_parameter ( site_master, last_updated_by, create_date, seq, locked_by, entity_domain, created_by, type, last_update_date, key_name, owner, oid, parent_id, child_id) VALUES ('www.runwaysdk.com', '0000000000000000000000000000001000000000000000000000000000000003', '2014-02-10 12:13:54', 4613, NULL, NULL, '0000000000000000000000000000001000000000000000000000000000000003', 'com.runwaysdk.system.MetadataParameter', '2014-02-10 12:13:54', 'com.runwaysdk.system.scheduler.JobHistoryHistoryInformationController.viewPage.pageSize', '0000000000000000000000000000001000000000000000000000000000000003', 'yz14huykmydcj4jgr428qqo8iscgvdug20070427JS0000000000000000001524', 'xudwde4hvv3r6hhz898ocie4zhf20628NM200810110000000000000000000113', '6qbd0cfpii4toaws317gnar8szvztfc320070427JS0000000000000000001517');
INSERT INTO metadata_display_label ( default_locale, oid, site_master, key_name) VALUES ('Page Number', 'z1j7hme4jhu7nmqj45s1aq260j20d30rNM200904120000000000000000000030', 'www.runwaysdk.com', 'z1j7hme4jhu7nmqj45s1aq260j20d30rNM200904120000000000000000000030');
INSERT INTO metadata_display_label ( default_locale, oid, site_master, key_name) VALUES (NULL, '0t2zbb033msh89uc8xqi00qjn7lw6ipaNM200904120000000000000000000030', 'www.runwaysdk.com', '0t2zbb033msh89uc8xqi00qjn7lw6ipaNM200904120000000000000000000030');
INSERT INTO md_parameter ( metadata, parameter_order, parameter_name, parameter_type, display_label, oid) VALUES ('xudwde4hvv3r6hhz898ocie4zhf20628NM200810110000000000000000000113', -1, 'pageNumber', 'java.lang.Integer', 'z1j7hme4jhu7nmqj45s1aq260j20d30rNM200904120000000000000000000030', 'sm5x6madrxseptz2vfwasmprnxt9o31j20070427JS0000000000000000001517');
INSERT INTO metadata ( description, created_by, owner, oid, create_date, seq, type, remove, site_master, locked_by, entity_domain, last_updated_by, last_update_date, key_name) VALUES ('0t2zbb033msh89uc8xqi00qjn7lw6ipaNM200904120000000000000000000030', '0000000000000000000000000000001000000000000000000000000000000003', '0000000000000000000000000000001000000000000000000000000000000003', 'sm5x6madrxseptz2vfwasmprnxt9o31j20070427JS0000000000000000001517', '2014-02-10 12:13:54', 4614, 'com.runwaysdk.system.metadata.MdParameter', 1, 'www.runwaysdk.com', NULL, NULL, '0000000000000000000000000000001000000000000000000000000000000003', '2014-02-10 12:13:54', 'com.runwaysdk.system.scheduler.JobHistoryHistoryInformationController.viewPage.pageNumber');
INSERT INTO metadata_parameter ( site_master, last_updated_by, create_date, seq, locked_by, entity_domain, created_by, type, last_update_date, key_name, owner, oid, parent_id, child_id) VALUES ('www.runwaysdk.com', '0000000000000000000000000000001000000000000000000000000000000003', '2014-02-10 12:13:54', 4615, NULL, NULL, '0000000000000000000000000000001000000000000000000000000000000003', 'com.runwaysdk.system.MetadataParameter', '2014-02-10 12:13:54', 'com.runwaysdk.system.scheduler.JobHistoryHistoryInformationController.viewPage.pageNumber', '0000000000000000000000000000001000000000000000000000000000000003', '0pfl8lluwl2bu27xae20tnpkam63oivz20070427JS0000000000000000001524', 'xudwde4hvv3r6hhz898ocie4zhf20628NM200810110000000000000000000113', 'sm5x6madrxseptz2vfwasmprnxt9o31j20070427JS0000000000000000001517');
INSERT INTO metadata_display_label ( default_locale, oid, site_master, key_name) VALUES ('View All', '2dv19cmeirqyiexk40m7arfq5d0hdrk9NM200904120000000000000000000030', 'www.runwaysdk.com', '2dv19cmeirqyiexk40m7arfq5d0hdrk9NM200904120000000000000000000030');
INSERT INTO metadata_display_label ( default_locale, oid, site_master, key_name) VALUES ('Loads a ViewAll query with the default settings', '0g06mgpezh459t4dfozmqddak429jg9xNM200904120000000000000000000030', 'www.runwaysdk.com', '0g06mgpezh459t4dfozmqddak429jg9xNM200904120000000000000000000030');
INSERT INTO md_action ( is_query, enclosing_md_controller, is_post, action_name, display_label, oid) VALUES (0, 'sd6vswojsrj80zsk4qz9rb7opvlqn6tuNM200810110000000000000000000112', 0, 'viewAll', '2dv19cmeirqyiexk40m7arfq5d0hdrk9NM200904120000000000000000000030', 'rd2w5x9bt9nnxicwbnzlcjq4hc4wuwanNM200810110000000000000000000113');
INSERT INTO metadata ( description, created_by, owner, oid, create_date, seq, type, remove, site_master, locked_by, entity_domain, last_updated_by, last_update_date, key_name) VALUES ('0g06mgpezh459t4dfozmqddak429jg9xNM200904120000000000000000000030', '0000000000000000000000000000001000000000000000000000000000000003', '0000000000000000000000000000001000000000000000000000000000000003', 'rd2w5x9bt9nnxicwbnzlcjq4hc4wuwanNM200810110000000000000000000113', '2014-02-10 12:13:54', 4616, 'com.runwaysdk.system.metadata.MdAction', 1, 'www.runwaysdk.com', NULL, NULL, '0000000000000000000000000000001000000000000000000000000000000003', '2014-02-10 12:13:54', 'com.runwaysdk.system.scheduler.JobHistoryHistoryInformationController.viewAll');
INSERT INTO controller_action ( key_name, locked_by, oid, owner, entity_domain, created_by, type, last_update_date, create_date, seq, last_updated_by, site_master, parent_id, child_id) VALUES ('com.runwaysdk.system.scheduler.JobHistoryHistoryInformationController.viewAll', NULL, 'z6dc07uggurjnz5js8mwmdgy5p466aeqJS200807230000000000000000111111', '0000000000000000000000000000001000000000000000000000000000000003', NULL, '0000000000000000000000000000001000000000000000000000000000000003', 'com.runwaysdk.system.ControllerAction', '2014-02-10 12:13:54', '2014-02-10 12:13:54', 4617, '0000000000000000000000000000001000000000000000000000000000000003', 'www.runwaysdk.com', 'sd6vswojsrj80zsk4qz9rb7opvlqn6tuNM200810110000000000000000000112', 'rd2w5x9bt9nnxicwbnzlcjq4hc4wuwanNM200810110000000000000000000113');
INSERT INTO metadata_display_label ( default_locale, oid, site_master, key_name) VALUES ('View', 'xsbsra3743z9364bcsr662i9uqj1owhyNM200904120000000000000000000030', 'www.runwaysdk.com', 'xsbsra3743z9364bcsr662i9uqj1owhyNM200904120000000000000000000030');
INSERT INTO metadata_display_label ( default_locale, oid, site_master, key_name) VALUES ('View an existing instance of com.runwaysdk.system.scheduler.JobHistoryHistoryInformation', '6tb1zl8c88g9s0y2wa7y1elhgeljcjqeNM200904120000000000000000000030', 'www.runwaysdk.com', '6tb1zl8c88g9s0y2wa7y1elhgeljcjqeNM200904120000000000000000000030');
INSERT INTO md_action ( is_query, enclosing_md_controller, is_post, action_name, display_label, oid) VALUES (0, 'sd6vswojsrj80zsk4qz9rb7opvlqn6tuNM200810110000000000000000000112', 0, 'view', 'xsbsra3743z9364bcsr662i9uqj1owhyNM200904120000000000000000000030', 'xhaa0lc07j6erqsz8bu47ecf47zys9vwNM200810110000000000000000000113');
INSERT INTO metadata ( description, created_by, owner, oid, create_date, seq, type, remove, site_master, locked_by, entity_domain, last_updated_by, last_update_date, key_name) VALUES ('6tb1zl8c88g9s0y2wa7y1elhgeljcjqeNM200904120000000000000000000030', '0000000000000000000000000000001000000000000000000000000000000003', '0000000000000000000000000000001000000000000000000000000000000003', 'xhaa0lc07j6erqsz8bu47ecf47zys9vwNM200810110000000000000000000113', '2014-02-10 12:13:54', 4618, 'com.runwaysdk.system.metadata.MdAction', 1, 'www.runwaysdk.com', NULL, NULL, '0000000000000000000000000000001000000000000000000000000000000003', '2014-02-10 12:13:54', 'com.runwaysdk.system.scheduler.JobHistoryHistoryInformationController.view');
INSERT INTO controller_action ( key_name, locked_by, oid, owner, entity_domain, created_by, type, last_update_date, create_date, seq, last_updated_by, site_master, parent_id, child_id) VALUES ('com.runwaysdk.system.scheduler.JobHistoryHistoryInformationController.view', NULL, '6wglf25vkgcgsajxvw2pcblhnriz85zeJS200807230000000000000000111111', '0000000000000000000000000000001000000000000000000000000000000003', NULL, '0000000000000000000000000000001000000000000000000000000000000003', 'com.runwaysdk.system.ControllerAction', '2014-02-10 12:13:54', '2014-02-10 12:13:54', 4619, '0000000000000000000000000000001000000000000000000000000000000003', 'www.runwaysdk.com', 'sd6vswojsrj80zsk4qz9rb7opvlqn6tuNM200810110000000000000000000112', 'xhaa0lc07j6erqsz8bu47ecf47zys9vwNM200810110000000000000000000113');
INSERT INTO metadata_display_label ( default_locale, oid, site_master, key_name) VALUES ('Parameter: com.runwaysdk.system.scheduler.JobHistoryHistoryInformation - oid', '079wm0fsq0khh5xfhb5jj638tfxc5ynmNM200904120000000000000000000030', 'www.runwaysdk.com', '079wm0fsq0khh5xfhb5jj638tfxc5ynmNM200904120000000000000000000030');
INSERT INTO metadata_display_label ( default_locale, oid, site_master, key_name) VALUES ('Id of com.runwaysdk.system.scheduler.JobHistoryHistoryInformation to view.', '6qcb66fkty6h4r8giucafjmv5maoh57aNM200904120000000000000000000030', 'www.runwaysdk.com', '6qcb66fkty6h4r8giucafjmv5maoh57aNM200904120000000000000000000030');
INSERT INTO md_parameter ( metadata, parameter_order, parameter_name, parameter_type, display_label, oid) VALUES ('xhaa0lc07j6erqsz8bu47ecf47zys9vwNM200810110000000000000000000113', 0, 'oid', 'java.lang.String', '079wm0fsq0khh5xfhb5jj638tfxc5ynmNM200904120000000000000000000030', 'rdfoputv0a6c9nqlug991xn6tax20p2b20070427JS0000000000000000001517');
INSERT INTO metadata ( description, created_by, owner, oid, create_date, seq, type, remove, site_master, locked_by, entity_domain, last_updated_by, last_update_date, key_name) VALUES ('6qcb66fkty6h4r8giucafjmv5maoh57aNM200904120000000000000000000030', '0000000000000000000000000000001000000000000000000000000000000003', '0000000000000000000000000000001000000000000000000000000000000003', 'rdfoputv0a6c9nqlug991xn6tax20p2b20070427JS0000000000000000001517', '2014-02-10 12:13:54', 4620, 'com.runwaysdk.system.metadata.MdParameter', 1, 'www.runwaysdk.com', NULL, NULL, '0000000000000000000000000000001000000000000000000000000000000003', '2014-02-10 12:13:54', 'com.runwaysdk.system.scheduler.JobHistoryHistoryInformationController.view.oid');
INSERT INTO metadata_parameter ( site_master, last_updated_by, create_date, seq, locked_by, entity_domain, created_by, type, last_update_date, key_name, owner, oid, parent_id, child_id) VALUES ('www.runwaysdk.com', '0000000000000000000000000000001000000000000000000000000000000003', '2014-02-10 12:13:54', 4621, NULL, NULL, '0000000000000000000000000000001000000000000000000000000000000003', 'com.runwaysdk.system.MetadataParameter', '2014-02-10 12:13:54', 'com.runwaysdk.system.scheduler.JobHistoryHistoryInformationController.view.oid', '0000000000000000000000000000001000000000000000000000000000000003', '0ol9bh8eiezgx7ypy8xpfr7sp54t7quu20070427JS0000000000000000001524', 'xhaa0lc07j6erqsz8bu47ecf47zys9vwNM200810110000000000000000000113', 'rdfoputv0a6c9nqlug991xn6tax20p2b20070427JS0000000000000000001517');
INSERT INTO metadata_display_label ( default_locale, oid, site_master, key_name) VALUES ('New Instance', 'xp36n1lsksx79zxdreyh068lia5nix5uNM200904120000000000000000000030', 'www.runwaysdk.com', 'xp36n1lsksx79zxdreyh068lia5nix5uNM200904120000000000000000000030');
INSERT INTO metadata_display_label ( default_locale, oid, site_master, key_name) VALUES ('Loads a new instance of com.runwaysdk.system.scheduler.JobHistoryHistoryInformation into the request object', '8t4e0gl99mnap5dxmxgvxy054ihfmbxuNM200904120000000000000000000030', 'www.runwaysdk.com', '8t4e0gl99mnap5dxmxgvxy054ihfmbxuNM200904120000000000000000000030');
INSERT INTO md_action ( is_query, enclosing_md_controller, is_post, action_name, display_label, oid) VALUES (0, 'sd6vswojsrj80zsk4qz9rb7opvlqn6tuNM200810110000000000000000000112', 0, 'newInstance', 'xp36n1lsksx79zxdreyh068lia5nix5uNM200904120000000000000000000030', 'sxbr7s8h1r2gsqxwmclricszarfr4sfgNM200810110000000000000000000113');
INSERT INTO metadata ( description, created_by, owner, oid, create_date, seq, type, remove, site_master, locked_by, entity_domain, last_updated_by, last_update_date, key_name) VALUES ('8t4e0gl99mnap5dxmxgvxy054ihfmbxuNM200904120000000000000000000030', '0000000000000000000000000000001000000000000000000000000000000003', '0000000000000000000000000000001000000000000000000000000000000003', 'sxbr7s8h1r2gsqxwmclricszarfr4sfgNM200810110000000000000000000113', '2014-02-10 12:13:54', 4622, 'com.runwaysdk.system.metadata.MdAction', 1, 'www.runwaysdk.com', NULL, NULL, '0000000000000000000000000000001000000000000000000000000000000003', '2014-02-10 12:13:54', 'com.runwaysdk.system.scheduler.JobHistoryHistoryInformationController.newInstance');
INSERT INTO controller_action ( key_name, locked_by, oid, owner, entity_domain, created_by, type, last_update_date, create_date, seq, last_updated_by, site_master, parent_id, child_id) VALUES ('com.runwaysdk.system.scheduler.JobHistoryHistoryInformationController.newInstance', NULL, '6vf4atphfu8fiu5713p6jlpjfqwi47hhJS200807230000000000000000111111', '0000000000000000000000000000001000000000000000000000000000000003', NULL, '0000000000000000000000000000001000000000000000000000000000000003', 'com.runwaysdk.system.ControllerAction', '2014-02-10 12:13:54', '2014-02-10 12:13:54', 4623, '0000000000000000000000000000001000000000000000000000000000000003', 'www.runwaysdk.com', 'sd6vswojsrj80zsk4qz9rb7opvlqn6tuNM200810110000000000000000000112', 'sxbr7s8h1r2gsqxwmclricszarfr4sfgNM200810110000000000000000000113');
INSERT INTO metadata_display_label ( default_locale, oid, site_master, key_name) VALUES ('Create', '8hacmgz0hl2r8xrjhkx6w6kkmsm8u6xeNM200904120000000000000000000030', 'www.runwaysdk.com', '8hacmgz0hl2r8xrjhkx6w6kkmsm8u6xeNM200904120000000000000000000030');
INSERT INTO metadata_display_label ( default_locale, oid, site_master, key_name) VALUES ('Applys a new instance of com.runwaysdk.system.scheduler.JobHistoryHistoryInformation', 'rdr50m3w6qsu4q0pdjj8d2p152kgucmvNM200904120000000000000000000030', 'www.runwaysdk.com', 'rdr50m3w6qsu4q0pdjj8d2p152kgucmvNM200904120000000000000000000030');
INSERT INTO md_action ( is_query, enclosing_md_controller, is_post, action_name, display_label, oid) VALUES (0, 'sd6vswojsrj80zsk4qz9rb7opvlqn6tuNM200810110000000000000000000112', 1, 'create', '8hacmgz0hl2r8xrjhkx6w6kkmsm8u6xeNM200904120000000000000000000030', 'r24efq58djfh5pdw788pggijre3pojbjNM200810110000000000000000000113');
INSERT INTO metadata ( description, created_by, owner, oid, create_date, seq, type, remove, site_master, locked_by, entity_domain, last_updated_by, last_update_date, key_name) VALUES ('rdr50m3w6qsu4q0pdjj8d2p152kgucmvNM200904120000000000000000000030', '0000000000000000000000000000001000000000000000000000000000000003', '0000000000000000000000000000001000000000000000000000000000000003', 'r24efq58djfh5pdw788pggijre3pojbjNM200810110000000000000000000113', '2014-02-10 12:13:54', 4624, 'com.runwaysdk.system.metadata.MdAction', 1, 'www.runwaysdk.com', NULL, NULL, '0000000000000000000000000000001000000000000000000000000000000003', '2014-02-10 12:13:54', 'com.runwaysdk.system.scheduler.JobHistoryHistoryInformationController.create');
INSERT INTO controller_action ( key_name, locked_by, oid, owner, entity_domain, created_by, type, last_update_date, create_date, seq, last_updated_by, site_master, parent_id, child_id) VALUES ('com.runwaysdk.system.scheduler.JobHistoryHistoryInformationController.create', NULL, '6nncedh0j2skjxstj1yc1g6hoc8ti5p6JS200807230000000000000000111111', '0000000000000000000000000000001000000000000000000000000000000003', NULL, '0000000000000000000000000000001000000000000000000000000000000003', 'com.runwaysdk.system.ControllerAction', '2014-02-10 12:13:54', '2014-02-10 12:13:54', 4625, '0000000000000000000000000000001000000000000000000000000000000003', 'www.runwaysdk.com', 'sd6vswojsrj80zsk4qz9rb7opvlqn6tuNM200810110000000000000000000112', 'r24efq58djfh5pdw788pggijre3pojbjNM200810110000000000000000000113');
INSERT INTO metadata_display_label ( default_locale, oid, site_master, key_name) VALUES ('Parameter: com.runwaysdk.system.scheduler.JobHistoryHistoryInformation', '8d3o95wt1eoc8fsj04h0fpjxlr8lcl3vNM200904120000000000000000000030', 'www.runwaysdk.com', '8d3o95wt1eoc8fsj04h0fpjxlr8lcl3vNM200904120000000000000000000030');
INSERT INTO metadata_display_label ( default_locale, oid, site_master, key_name) VALUES ('com.runwaysdk.system.scheduler.JobHistoryHistoryInformation to apply to the database', 'r8vdsxjg8dyo7xs8adfbq8ig7ahdparuNM200904120000000000000000000030', 'www.runwaysdk.com', 'r8vdsxjg8dyo7xs8adfbq8ig7ahdparuNM200904120000000000000000000030');
INSERT INTO md_parameter ( metadata, parameter_order, parameter_name, parameter_type, display_label, oid) VALUES ('r24efq58djfh5pdw788pggijre3pojbjNM200810110000000000000000000113', 0, 'dto', 'com.runwaysdk.system.scheduler.JobHistoryHistoryInformation', '8d3o95wt1eoc8fsj04h0fpjxlr8lcl3vNM200904120000000000000000000030', '26cxdey2m7xnvwz0g47laua8i13cjfiq20070427JS0000000000000000001517');
INSERT INTO metadata ( description, created_by, owner, oid, create_date, seq, type, remove, site_master, locked_by, entity_domain, last_updated_by, last_update_date, key_name) VALUES ('r8vdsxjg8dyo7xs8adfbq8ig7ahdparuNM200904120000000000000000000030', '0000000000000000000000000000001000000000000000000000000000000003', '0000000000000000000000000000001000000000000000000000000000000003', '26cxdey2m7xnvwz0g47laua8i13cjfiq20070427JS0000000000000000001517', '2014-02-10 12:13:54', 4626, 'com.runwaysdk.system.metadata.MdParameter', 1, 'www.runwaysdk.com', NULL, NULL, '0000000000000000000000000000001000000000000000000000000000000003', '2014-02-10 12:13:54', 'com.runwaysdk.system.scheduler.JobHistoryHistoryInformationController.create.dto');
INSERT INTO metadata_parameter ( site_master, last_updated_by, create_date, seq, locked_by, entity_domain, created_by, type, last_update_date, key_name, owner, oid, parent_id, child_id) VALUES ('www.runwaysdk.com', '0000000000000000000000000000001000000000000000000000000000000003', '2014-02-10 12:13:54', 4627, NULL, NULL, '0000000000000000000000000000001000000000000000000000000000000003', 'com.runwaysdk.system.MetadataParameter', '2014-02-10 12:13:54', 'com.runwaysdk.system.scheduler.JobHistoryHistoryInformationController.create.dto', '0000000000000000000000000000001000000000000000000000000000000003', 'zn7p137mml8di2sf7oqx2wo1m2ebh6jj20070427JS0000000000000000001524', 'r24efq58djfh5pdw788pggijre3pojbjNM200810110000000000000000000113', '26cxdey2m7xnvwz0g47laua8i13cjfiq20070427JS0000000000000000001517');
INSERT INTO metadata_display_label ( default_locale, oid, site_master, key_name) VALUES ('edit', '7aigrsnng6o99nqu2axz7shvhahdbj8eNM200904120000000000000000000030', 'www.runwaysdk.com', '7aigrsnng6o99nqu2axz7shvhahdbj8eNM200904120000000000000000000030');
INSERT INTO metadata_display_label ( default_locale, oid, site_master, key_name) VALUES ('Applys an existing instance of com.runwaysdk.system.scheduler.JobHistoryHistoryInformation', '1tyyucbkxctevf8a4exp8s1tl7kt5bj0NM200904120000000000000000000030', 'www.runwaysdk.com', '1tyyucbkxctevf8a4exp8s1tl7kt5bj0NM200904120000000000000000000030');
INSERT INTO md_action ( is_query, enclosing_md_controller, is_post, action_name, display_label, oid) VALUES (0, 'sd6vswojsrj80zsk4qz9rb7opvlqn6tuNM200810110000000000000000000112', 0, 'edit', '7aigrsnng6o99nqu2axz7shvhahdbj8eNM200904120000000000000000000030', 'xid59zfnvqsn6ws48k7qiqsjnfb1dioqNM200810110000000000000000000113');
INSERT INTO metadata ( description, created_by, owner, oid, create_date, seq, type, remove, site_master, locked_by, entity_domain, last_updated_by, last_update_date, key_name) VALUES ('1tyyucbkxctevf8a4exp8s1tl7kt5bj0NM200904120000000000000000000030', '0000000000000000000000000000001000000000000000000000000000000003', '0000000000000000000000000000001000000000000000000000000000000003', 'xid59zfnvqsn6ws48k7qiqsjnfb1dioqNM200810110000000000000000000113', '2014-02-10 12:13:54', 4628, 'com.runwaysdk.system.metadata.MdAction', 1, 'www.runwaysdk.com', NULL, NULL, '0000000000000000000000000000001000000000000000000000000000000003', '2014-02-10 12:13:54', 'com.runwaysdk.system.scheduler.JobHistoryHistoryInformationController.edit');
INSERT INTO controller_action ( key_name, locked_by, oid, owner, entity_domain, created_by, type, last_update_date, create_date, seq, last_updated_by, site_master, parent_id, child_id) VALUES ('com.runwaysdk.system.scheduler.JobHistoryHistoryInformationController.edit', NULL, '1taol0cehg3dh6hp98gzs8h2i2wp9inkJS200807230000000000000000111111', '0000000000000000000000000000001000000000000000000000000000000003', NULL, '0000000000000000000000000000001000000000000000000000000000000003', 'com.runwaysdk.system.ControllerAction', '2014-02-10 12:13:54', '2014-02-10 12:13:54', 4629, '0000000000000000000000000000001000000000000000000000000000000003', 'www.runwaysdk.com', 'sd6vswojsrj80zsk4qz9rb7opvlqn6tuNM200810110000000000000000000112', 'xid59zfnvqsn6ws48k7qiqsjnfb1dioqNM200810110000000000000000000113');
INSERT INTO metadata_display_label ( default_locale, oid, site_master, key_name) VALUES ('Parameter: com.runwaysdk.system.scheduler.JobHistoryHistoryInformation', 'xrbgfe0okp2c4phvgco138me7wsho876NM200904120000000000000000000030', 'www.runwaysdk.com', 'xrbgfe0okp2c4phvgco138me7wsho876NM200904120000000000000000000030');
INSERT INTO metadata_display_label ( default_locale, oid, site_master, key_name) VALUES ('com.runwaysdk.system.scheduler.JobHistoryHistoryInformation to apply to the database', '08wx7i5xulwl5vljanh7x9pziet1ukrfNM200904120000000000000000000030', 'www.runwaysdk.com', '08wx7i5xulwl5vljanh7x9pziet1ukrfNM200904120000000000000000000030');
INSERT INTO md_parameter ( metadata, parameter_order, parameter_name, parameter_type, display_label, oid) VALUES ('xid59zfnvqsn6ws48k7qiqsjnfb1dioqNM200810110000000000000000000113', 0, 'oid', 'java.lang.String', 'xrbgfe0okp2c4phvgco138me7wsho876NM200904120000000000000000000030', 'xqowvbze2vxzrhlkekclly98pcwzkc6a20070427JS0000000000000000001517');
INSERT INTO metadata ( description, created_by, owner, oid, create_date, seq, type, remove, site_master, locked_by, entity_domain, last_updated_by, last_update_date, key_name) VALUES ('08wx7i5xulwl5vljanh7x9pziet1ukrfNM200904120000000000000000000030', '0000000000000000000000000000001000000000000000000000000000000003', '0000000000000000000000000000001000000000000000000000000000000003', 'xqowvbze2vxzrhlkekclly98pcwzkc6a20070427JS0000000000000000001517', '2014-02-10 12:13:54', 4630, 'com.runwaysdk.system.metadata.MdParameter', 1, 'www.runwaysdk.com', NULL, NULL, '0000000000000000000000000000001000000000000000000000000000000003', '2014-02-10 12:13:54', 'com.runwaysdk.system.scheduler.JobHistoryHistoryInformationController.edit.oid');
INSERT INTO metadata_parameter ( site_master, last_updated_by, create_date, seq, locked_by, entity_domain, created_by, type, last_update_date, key_name, owner, oid, parent_id, child_id) VALUES ('www.runwaysdk.com', '0000000000000000000000000000001000000000000000000000000000000003', '2014-02-10 12:13:54', 4631, NULL, NULL, '0000000000000000000000000000001000000000000000000000000000000003', 'com.runwaysdk.system.MetadataParameter', '2014-02-10 12:13:54', 'com.runwaysdk.system.scheduler.JobHistoryHistoryInformationController.edit.oid', '0000000000000000000000000000001000000000000000000000000000000003', '8mk4v6ex6ci230gr4vivro71xvzfwksd20070427JS0000000000000000001524', 'xid59zfnvqsn6ws48k7qiqsjnfb1dioqNM200810110000000000000000000113', 'xqowvbze2vxzrhlkekclly98pcwzkc6a20070427JS0000000000000000001517');
INSERT INTO metadata_display_label ( default_locale, oid, site_master, key_name) VALUES ('update', '7ef83xclj3j49ec4a14vibk7f28lnwr7NM200904120000000000000000000030', 'www.runwaysdk.com', '7ef83xclj3j49ec4a14vibk7f28lnwr7NM200904120000000000000000000030');
INSERT INTO metadata_display_label ( default_locale, oid, site_master, key_name) VALUES ('Applys an existing instance of com.runwaysdk.system.scheduler.JobHistoryHistoryInformation', 'rair8ody8xn1javspdu22k9b0p211tmoNM200904120000000000000000000030', 'www.runwaysdk.com', 'rair8ody8xn1javspdu22k9b0p211tmoNM200904120000000000000000000030');
INSERT INTO md_action ( is_query, enclosing_md_controller, is_post, action_name, display_label, oid) VALUES (0, 'sd6vswojsrj80zsk4qz9rb7opvlqn6tuNM200810110000000000000000000112', 1, 'update', '7ef83xclj3j49ec4a14vibk7f28lnwr7NM200904120000000000000000000030', 'sat4ft0bh5kopi9s8mx3iox5uhgfrdkjNM200810110000000000000000000113');
INSERT INTO metadata ( description, created_by, owner, oid, create_date, seq, type, remove, site_master, locked_by, entity_domain, last_updated_by, last_update_date, key_name) VALUES ('rair8ody8xn1javspdu22k9b0p211tmoNM200904120000000000000000000030', '0000000000000000000000000000001000000000000000000000000000000003', '0000000000000000000000000000001000000000000000000000000000000003', 'sat4ft0bh5kopi9s8mx3iox5uhgfrdkjNM200810110000000000000000000113', '2014-02-10 12:13:54', 4632, 'com.runwaysdk.system.metadata.MdAction', 1, 'www.runwaysdk.com', NULL, NULL, '0000000000000000000000000000001000000000000000000000000000000003', '2014-02-10 12:13:54', 'com.runwaysdk.system.scheduler.JobHistoryHistoryInformationController.update');
INSERT INTO controller_action ( key_name, locked_by, oid, owner, entity_domain, created_by, type, last_update_date, create_date, seq, last_updated_by, site_master, parent_id, child_id) VALUES ('com.runwaysdk.system.scheduler.JobHistoryHistoryInformationController.update', NULL, 'z9fnrk4mjd8vngvdl410w9yo8l509zb4JS200807230000000000000000111111', '0000000000000000000000000000001000000000000000000000000000000003', NULL, '0000000000000000000000000000001000000000000000000000000000000003', 'com.runwaysdk.system.ControllerAction', '2014-02-10 12:13:54', '2014-02-10 12:13:54', 4633, '0000000000000000000000000000001000000000000000000000000000000003', 'www.runwaysdk.com', 'sd6vswojsrj80zsk4qz9rb7opvlqn6tuNM200810110000000000000000000112', 'sat4ft0bh5kopi9s8mx3iox5uhgfrdkjNM200810110000000000000000000113');
INSERT INTO metadata_display_label ( default_locale, oid, site_master, key_name) VALUES ('Parameter: com.runwaysdk.system.scheduler.JobHistoryHistoryInformation - dto', 'ssqbfnnvxfoyell9propyo7mjnma5t5pNM200904120000000000000000000030', 'www.runwaysdk.com', 'ssqbfnnvxfoyell9propyo7mjnma5t5pNM200904120000000000000000000030');
INSERT INTO metadata_display_label ( default_locale, oid, site_master, key_name) VALUES ('com.runwaysdk.system.scheduler.JobHistoryHistoryInformation to apply to the database', 'zbkyszc54ok7p6ue6yzhsrr0qf9tq5kwNM200904120000000000000000000030', 'www.runwaysdk.com', 'zbkyszc54ok7p6ue6yzhsrr0qf9tq5kwNM200904120000000000000000000030');
INSERT INTO md_parameter ( metadata, parameter_order, parameter_name, parameter_type, display_label, oid) VALUES ('sat4ft0bh5kopi9s8mx3iox5uhgfrdkjNM200810110000000000000000000113', 0, 'dto', 'com.runwaysdk.system.scheduler.JobHistoryHistoryInformation', 'ssqbfnnvxfoyell9propyo7mjnma5t5pNM200904120000000000000000000030', 'zglltvk69e3utn5ibejxoo4k3pqlr1tj20070427JS0000000000000000001517');
INSERT INTO metadata ( description, created_by, owner, oid, create_date, seq, type, remove, site_master, locked_by, entity_domain, last_updated_by, last_update_date, key_name) VALUES ('zbkyszc54ok7p6ue6yzhsrr0qf9tq5kwNM200904120000000000000000000030', '0000000000000000000000000000001000000000000000000000000000000003', '0000000000000000000000000000001000000000000000000000000000000003', 'zglltvk69e3utn5ibejxoo4k3pqlr1tj20070427JS0000000000000000001517', '2014-02-10 12:13:54', 4634, 'com.runwaysdk.system.metadata.MdParameter', 1, 'www.runwaysdk.com', NULL, NULL, '0000000000000000000000000000001000000000000000000000000000000003', '2014-02-10 12:13:54', 'com.runwaysdk.system.scheduler.JobHistoryHistoryInformationController.update.dto');
INSERT INTO metadata_parameter ( site_master, last_updated_by, create_date, seq, locked_by, entity_domain, created_by, type, last_update_date, key_name, owner, oid, parent_id, child_id) VALUES ('www.runwaysdk.com', '0000000000000000000000000000001000000000000000000000000000000003', '2014-02-10 12:13:54', 4635, NULL, NULL, '0000000000000000000000000000001000000000000000000000000000000003', 'com.runwaysdk.system.MetadataParameter', '2014-02-10 12:13:54', 'com.runwaysdk.system.scheduler.JobHistoryHistoryInformationController.update.dto', '0000000000000000000000000000001000000000000000000000000000000003', '1sjw2zod3vvc05m67cvnbt218upigyw220070427JS0000000000000000001524', 'sat4ft0bh5kopi9s8mx3iox5uhgfrdkjNM200810110000000000000000000113', 'zglltvk69e3utn5ibejxoo4k3pqlr1tj20070427JS0000000000000000001517');
INSERT INTO metadata_display_label ( default_locale, oid, site_master, key_name) VALUES ('cancel', 'rcgrl9v95omv3ehieoiy55r03v4q74g9NM200904120000000000000000000030', 'www.runwaysdk.com', 'rcgrl9v95omv3ehieoiy55r03v4q74g9NM200904120000000000000000000030');
INSERT INTO metadata_display_label ( default_locale, oid, site_master, key_name) VALUES ('Unlocks an instance com.runwaysdk.system.scheduler.JobHistoryHistoryInformation', '6zthp3r83byjb0y6lpr1xwu1a8tniaybNM200904120000000000000000000030', 'www.runwaysdk.com', '6zthp3r83byjb0y6lpr1xwu1a8tniaybNM200904120000000000000000000030');
INSERT INTO md_action ( is_query, enclosing_md_controller, is_post, action_name, display_label, oid) VALUES (0, 'sd6vswojsrj80zsk4qz9rb7opvlqn6tuNM200810110000000000000000000112', 1, 'cancel', 'rcgrl9v95omv3ehieoiy55r03v4q74g9NM200904120000000000000000000030', 'sbfn8p0ph621d6enmoliyam7j62l31emNM200810110000000000000000000113');
INSERT INTO metadata ( description, created_by, owner, oid, create_date, seq, type, remove, site_master, locked_by, entity_domain, last_updated_by, last_update_date, key_name) VALUES ('6zthp3r83byjb0y6lpr1xwu1a8tniaybNM200904120000000000000000000030', '0000000000000000000000000000001000000000000000000000000000000003', '0000000000000000000000000000001000000000000000000000000000000003', 'sbfn8p0ph621d6enmoliyam7j62l31emNM200810110000000000000000000113', '2014-02-10 12:13:54', 4636, 'com.runwaysdk.system.metadata.MdAction', 1, 'www.runwaysdk.com', NULL, NULL, '0000000000000000000000000000001000000000000000000000000000000003', '2014-02-10 12:13:54', 'com.runwaysdk.system.scheduler.JobHistoryHistoryInformationController.cancel');
INSERT INTO controller_action ( key_name, locked_by, oid, owner, entity_domain, created_by, type, last_update_date, create_date, seq, last_updated_by, site_master, parent_id, child_id) VALUES ('com.runwaysdk.system.scheduler.JobHistoryHistoryInformationController.cancel', NULL, '8q16gxnaogckdkifjqwlrz0jlu6stv4qJS200807230000000000000000111111', '0000000000000000000000000000001000000000000000000000000000000003', NULL, '0000000000000000000000000000001000000000000000000000000000000003', 'com.runwaysdk.system.ControllerAction', '2014-02-10 12:13:54', '2014-02-10 12:13:54', 4637, '0000000000000000000000000000001000000000000000000000000000000003', 'www.runwaysdk.com', 'sd6vswojsrj80zsk4qz9rb7opvlqn6tuNM200810110000000000000000000112', 'sbfn8p0ph621d6enmoliyam7j62l31emNM200810110000000000000000000113');
INSERT INTO metadata_display_label ( default_locale, oid, site_master, key_name) VALUES ('Parameter: com.runwaysdk.system.scheduler.JobHistoryHistoryInformation - dto', 'qnu95pwff58v1g8h4uctp3leifa8w0ttNM200904120000000000000000000030', 'www.runwaysdk.com', 'qnu95pwff58v1g8h4uctp3leifa8w0ttNM200904120000000000000000000030');
INSERT INTO metadata_display_label ( default_locale, oid, site_master, key_name) VALUES ('com.runwaysdk.system.scheduler.JobHistoryHistoryInformation to unlock', 'z2g2nt0j4xjqgihdgkj1mjwc7tla2wf3NM200904120000000000000000000030', 'www.runwaysdk.com', 'z2g2nt0j4xjqgihdgkj1mjwc7tla2wf3NM200904120000000000000000000030');
INSERT INTO md_parameter ( metadata, parameter_order, parameter_name, parameter_type, display_label, oid) VALUES ('sbfn8p0ph621d6enmoliyam7j62l31emNM200810110000000000000000000113', 0, 'dto', 'com.runwaysdk.system.scheduler.JobHistoryHistoryInformation', 'qnu95pwff58v1g8h4uctp3leifa8w0ttNM200904120000000000000000000030', '8p6gsxz50nv9tknadpv12wxlmm6e0u3j20070427JS0000000000000000001517');
INSERT INTO metadata ( description, created_by, owner, oid, create_date, seq, type, remove, site_master, locked_by, entity_domain, last_updated_by, last_update_date, key_name) VALUES ('z2g2nt0j4xjqgihdgkj1mjwc7tla2wf3NM200904120000000000000000000030', '0000000000000000000000000000001000000000000000000000000000000003', '0000000000000000000000000000001000000000000000000000000000000003', '8p6gsxz50nv9tknadpv12wxlmm6e0u3j20070427JS0000000000000000001517', '2014-02-10 12:13:54', 4638, 'com.runwaysdk.system.metadata.MdParameter', 1, 'www.runwaysdk.com', NULL, NULL, '0000000000000000000000000000001000000000000000000000000000000003', '2014-02-10 12:13:54', 'com.runwaysdk.system.scheduler.JobHistoryHistoryInformationController.cancel.dto');
INSERT INTO metadata_parameter ( site_master, last_updated_by, create_date, seq, locked_by, entity_domain, created_by, type, last_update_date, key_name, owner, oid, parent_id, child_id) VALUES ('www.runwaysdk.com', '0000000000000000000000000000001000000000000000000000000000000003', '2014-02-10 12:13:54', 4639, NULL, NULL, '0000000000000000000000000000001000000000000000000000000000000003', 'com.runwaysdk.system.MetadataParameter', '2014-02-10 12:13:54', 'com.runwaysdk.system.scheduler.JobHistoryHistoryInformationController.cancel.dto', '0000000000000000000000000000001000000000000000000000000000000003', '7gja7gbumzqxisxdcw19kf04dfky3d3p20070427JS0000000000000000001524', 'sbfn8p0ph621d6enmoliyam7j62l31emNM200810110000000000000000000113', '8p6gsxz50nv9tknadpv12wxlmm6e0u3j20070427JS0000000000000000001517');
INSERT INTO metadata_display_label ( default_locale, oid, site_master, key_name) VALUES ('delete', 'qs0ryxsgxbrcbnukeunoraz10w6qblfgNM200904120000000000000000000030', 'www.runwaysdk.com', 'qs0ryxsgxbrcbnukeunoraz10w6qblfgNM200904120000000000000000000030');
INSERT INTO metadata_display_label ( default_locale, oid, site_master, key_name) VALUES ('Delete an instance of com.runwaysdk.system.scheduler.JobHistoryHistoryInformation', 'xn12fawpt0qddlcf75nghhc1itw5es4wNM200904120000000000000000000030', 'www.runwaysdk.com', 'xn12fawpt0qddlcf75nghhc1itw5es4wNM200904120000000000000000000030');
INSERT INTO md_action ( is_query, enclosing_md_controller, is_post, action_name, display_label, oid) VALUES (0, 'sd6vswojsrj80zsk4qz9rb7opvlqn6tuNM200810110000000000000000000112', 1, 'delete', 'qs0ryxsgxbrcbnukeunoraz10w6qblfgNM200904120000000000000000000030', '1zulxlajur1e8pi920ls8jtq3dd5aiswNM200810110000000000000000000113');
INSERT INTO metadata ( description, created_by, owner, oid, create_date, seq, type, remove, site_master, locked_by, entity_domain, last_updated_by, last_update_date, key_name) VALUES ('xn12fawpt0qddlcf75nghhc1itw5es4wNM200904120000000000000000000030', '0000000000000000000000000000001000000000000000000000000000000003', '0000000000000000000000000000001000000000000000000000000000000003', '1zulxlajur1e8pi920ls8jtq3dd5aiswNM200810110000000000000000000113', '2014-02-10 12:13:54', 4640, 'com.runwaysdk.system.metadata.MdAction', 1, 'www.runwaysdk.com', NULL, NULL, '0000000000000000000000000000001000000000000000000000000000000003', '2014-02-10 12:13:54', 'com.runwaysdk.system.scheduler.JobHistoryHistoryInformationController.delete');
INSERT INTO controller_action ( key_name, locked_by, oid, owner, entity_domain, created_by, type, last_update_date, create_date, seq, last_updated_by, site_master, parent_id, child_id) VALUES ('com.runwaysdk.system.scheduler.JobHistoryHistoryInformationController.delete', NULL, '1zxhaahw1o68n9zpez8ekwsgok6ggmnaJS200807230000000000000000111111', '0000000000000000000000000000001000000000000000000000000000000003', NULL, '0000000000000000000000000000001000000000000000000000000000000003', 'com.runwaysdk.system.ControllerAction', '2014-02-10 12:13:54', '2014-02-10 12:13:54', 4641, '0000000000000000000000000000001000000000000000000000000000000003', 'www.runwaysdk.com', 'sd6vswojsrj80zsk4qz9rb7opvlqn6tuNM200810110000000000000000000112', '1zulxlajur1e8pi920ls8jtq3dd5aiswNM200810110000000000000000000113');
INSERT INTO metadata_display_label ( default_locale, oid, site_master, key_name) VALUES ('Parameter: com.runwaysdk.system.scheduler.JobHistoryHistoryInformation - dto', '09zuzdyrr0n8j17d2du2ku5gg3pyevwdNM200904120000000000000000000030', 'www.runwaysdk.com', '09zuzdyrr0n8j17d2du2ku5gg3pyevwdNM200904120000000000000000000030');
INSERT INTO metadata_display_label ( default_locale, oid, site_master, key_name) VALUES ('com.runwaysdk.system.scheduler.JobHistoryHistoryInformation to delete', '0gwzybyx17m36n5nph3s3t9sj2s4ghvsNM200904120000000000000000000030', 'www.runwaysdk.com', '0gwzybyx17m36n5nph3s3t9sj2s4ghvsNM200904120000000000000000000030');
INSERT INTO md_parameter ( metadata, parameter_order, parameter_name, parameter_type, display_label, oid) VALUES ('1zulxlajur1e8pi920ls8jtq3dd5aiswNM200810110000000000000000000113', 0, 'dto', 'com.runwaysdk.system.scheduler.JobHistoryHistoryInformation', '09zuzdyrr0n8j17d2du2ku5gg3pyevwdNM200904120000000000000000000030', 'xj26vapqd2h667h5wky4zsrq5yj2a5v820070427JS0000000000000000001517');
INSERT INTO metadata ( description, created_by, owner, oid, create_date, seq, type, remove, site_master, locked_by, entity_domain, last_updated_by, last_update_date, key_name) VALUES ('0gwzybyx17m36n5nph3s3t9sj2s4ghvsNM200904120000000000000000000030', '0000000000000000000000000000001000000000000000000000000000000003', '0000000000000000000000000000001000000000000000000000000000000003', 'xj26vapqd2h667h5wky4zsrq5yj2a5v820070427JS0000000000000000001517', '2014-02-10 12:13:54', 4642, 'com.runwaysdk.system.metadata.MdParameter', 1, 'www.runwaysdk.com', NULL, NULL, '0000000000000000000000000000001000000000000000000000000000000003', '2014-02-10 12:13:54', 'com.runwaysdk.system.scheduler.JobHistoryHistoryInformationController.delete.dto');
INSERT INTO metadata_parameter ( site_master, last_updated_by, create_date, seq, locked_by, entity_domain, created_by, type, last_update_date, key_name, owner, oid, parent_id, child_id) VALUES ('www.runwaysdk.com', '0000000000000000000000000000001000000000000000000000000000000003', '2014-02-10 12:13:54', 4643, NULL, NULL, '0000000000000000000000000000001000000000000000000000000000000003', 'com.runwaysdk.system.MetadataParameter', '2014-02-10 12:13:54', 'com.runwaysdk.system.scheduler.JobHistoryHistoryInformationController.delete.dto', '0000000000000000000000000000001000000000000000000000000000000003', '8bjfrkkplflgvsgvvcgq82itsa5cpxzr20070427JS0000000000000000001524', '1zulxlajur1e8pi920ls8jtq3dd5aiswNM200810110000000000000000000113', 'xj26vapqd2h667h5wky4zsrq5yj2a5v820070427JS0000000000000000001517');
 INSERT INTO visibilitymodifier (set_id, item_id)  VALUES  ('r7lxskljvcgf3qxkv4abkchfi18d59ej', '20071109NM000000000000000000000520071109NM0000000000000000000001');
INSERT INTO metadata_display_label ( default_locale, oid, site_master, key_name) VALUES ('History Information', 'yzzckii4b7vytfkqxwxcp59u1pwp0pbqNM200904120000000000000000000030', 'www.runwaysdk.com', 'yzzckii4b7vytfkqxwxcp59u1pwp0pbqNM200904120000000000000000000030');
 INSERT INTO visibilitymodifier (set_id, item_id)  VALUES  ('8gbbih9m7caavc8u9qa8w304qs2x5wfj', '20071109NM000000000000000000000520071109NM0000000000000000000001');
 INSERT INTO md_attribute_indicies (set_id, item_id)  VALUES  ('7dkss6y5dhmsw22xzt0ywgvuko20vq7i', '0000000000000000000000000000040100000000000000000000000000000403');
INSERT INTO metadata_display_label ( default_locale, oid, site_master, key_name) VALUES ('History Information with Data and Results', 'qvmpeqgvp5ebhnyi2y12sq114jg5ftwzNM200904120000000000000000000030', 'www.runwaysdk.com', 'qvmpeqgvp5ebhnyi2y12sq114jg5ftwzNM200904120000000000000000000030');
INSERT INTO md_attribute_local_text ( oid) VALUES ('93q4l4k5qp20ynk7n2win58beeeg2hbs000000000000MdAttributeLocalText');
INSERT INTO md_attribute_local ( oid) VALUES ('93q4l4k5qp20ynk7n2win58beeeg2hbs000000000000MdAttributeLocalText');
INSERT INTO md_attribute_struct ( md_struct, oid) VALUES ('qp07ac4ckrfbmoon7a84mpl6a6yzn16l0000000000000000000MdLocalStruct', '93q4l4k5qp20ynk7n2win58beeeg2hbs000000000000MdAttributeLocalText');
INSERT INTO md_attribute_concrete ( column_name, defining_md_class, setter_visibility, setter_visibility_c, immutable, index_name, generate_accessor, system, required, display_label, getter_visibility, getter_visibility_c, index_type, index_type_c, attribute_name, oid) VALUES ('history_information', '2ft54d1ik9d4qmj2ffopey6uwk000fvr00000000000000000000000000000001', 'r7lxskljvcgf3qxkv4abkchfi18d59ej', '20071109NM000000000000000000000520071109NM0000000000000000000001', 0, 'am8lgyb3x4hq1dz8fw83wsvlmh6kkj', 1, 0, 0, 'yzzckii4b7vytfkqxwxcp59u1pwp0pbqNM200904120000000000000000000030', '8gbbih9m7caavc8u9qa8w304qs2x5wfj', '20071109NM000000000000000000000520071109NM0000000000000000000001', '7dkss6y5dhmsw22xzt0ywgvuko20vq7i', '0000000000000000000000000000040100000000000000000000000000000403', 'historyInformation', '93q4l4k5qp20ynk7n2win58beeeg2hbs000000000000MdAttributeLocalText');
INSERT INTO md_attribute ( oid) VALUES ('93q4l4k5qp20ynk7n2win58beeeg2hbs000000000000MdAttributeLocalText');
INSERT INTO metadata ( description, created_by, owner, oid, create_date, seq, type, remove, site_master, locked_by, entity_domain, last_updated_by, last_update_date, key_name) VALUES ('qvmpeqgvp5ebhnyi2y12sq114jg5ftwzNM200904120000000000000000000030', '0000000000000000000000000000001000000000000000000000000000000003', '0000000000000000000000000000001000000000000000000000000000000003', '93q4l4k5qp20ynk7n2win58beeeg2hbs000000000000MdAttributeLocalText', '2014-02-10 12:13:54', 4644, 'com.runwaysdk.system.metadata.MdAttributeLocalText', 1, 'www.runwaysdk.com', NULL, NULL, '0000000000000000000000000000001000000000000000000000000000000003', '2014-02-10 12:13:54', 'com.runwaysdk.system.scheduler.JobHistory.historyInformation');
ALTER TABLE job_history ADD COLUMN history_information  char(64);
INSERT INTO class_attribute_concrete ( oid, parent_id, child_id) VALUES ('z4ilam4msarisdoe5ob0kx7h74oj9a2b00000000000000000000000000000073', '2ft54d1ik9d4qmj2ffopey6uwk000fvr00000000000000000000000000000001', '93q4l4k5qp20ynk7n2win58beeeg2hbs000000000000MdAttributeLocalText');
INSERT INTO class_attribute ( oid, parent_id, child_id) VALUES ('z4ilam4msarisdoe5ob0kx7h74oj9a2b00000000000000000000000000000073', '2ft54d1ik9d4qmj2ffopey6uwk000fvr00000000000000000000000000000001', '93q4l4k5qp20ynk7n2win58beeeg2hbs000000000000MdAttributeLocalText');
INSERT INTO metadata_relationship ( entity_domain, site_master, last_updated_by, oid, owner, locked_by, create_date, type, created_by, seq, key_name, last_update_date, parent_id, child_id) VALUES (NULL, 'www.runwaysdk.com', '0000000000000000000000000000001000000000000000000000000000000003', 'z4ilam4msarisdoe5ob0kx7h74oj9a2b00000000000000000000000000000073', '0000000000000000000000000000001000000000000000000000000000000003', NULL, '2014-02-10 12:13:54', 'com.runwaysdk.system.metadata.ClassAttributeConcrete', '0000000000000000000000000000001000000000000000000000000000000003', 4645, 'com.runwaysdk.system.scheduler.JobHistory.historyInformation', '2014-02-10 12:13:54', '2ft54d1ik9d4qmj2ffopey6uwk000fvr00000000000000000000000000000001', '93q4l4k5qp20ynk7n2win58beeeg2hbs000000000000MdAttributeLocalText');
 INSERT INTO visibilitymodifier (set_id, item_id)  VALUES  ('xx9db29gnhyacn49509ibik7iu2oh197', '20071109NM000000000000000000000520071109NM0000000000000000000001');
INSERT INTO metadata_display_label ( default_locale, oid, site_master, key_name) VALUES ('Default Locale', 'saqy9kv3mjnk3cetku7shy3of00ewl6tNM200904120000000000000000000030', 'www.runwaysdk.com', 'saqy9kv3mjnk3cetku7shy3of00ewl6tNM200904120000000000000000000030');
 INSERT INTO visibilitymodifier (set_id, item_id)  VALUES  ('zpffvspj8h2faysr4mxuf0we3l1r30l2', '20071109NM000000000000000000000520071109NM0000000000000000000001');
 INSERT INTO md_attribute_indicies (set_id, item_id)  VALUES  ('zgtl65y69uekjrrcxk5w9ejsm4f471en', '0000000000000000000000000000040100000000000000000000000000000403');
INSERT INTO metadata_display_label ( default_locale, oid, site_master, key_name) VALUES ('Default locale', 'srb0gbcunygjsis2by0qq4w5frqe52x3NM200904120000000000000000000030', 'www.runwaysdk.com', 'srb0gbcunygjsis2by0qq4w5frqe52x3NM200904120000000000000000000030');
INSERT INTO md_attribute_text ( default_value, oid) VALUES (NULL, '07lmuuipe34rkv3tsz1nin7m730cxbnn00000000000000000000000000000139');
INSERT INTO md_attribute_char ( oid) VALUES ('07lmuuipe34rkv3tsz1nin7m730cxbnn00000000000000000000000000000139');
INSERT INTO md_attribute_primitive ( oid) VALUES ('07lmuuipe34rkv3tsz1nin7m730cxbnn00000000000000000000000000000139');
INSERT INTO md_attribute_concrete ( column_name, defining_md_class, setter_visibility, setter_visibility_c, immutable, index_name, generate_accessor, system, required, display_label, getter_visibility, getter_visibility_c, index_type, index_type_c, attribute_name, oid) VALUES ('default_locale', 'qp07ac4ckrfbmoon7a84mpl6a6yzn16l0000000000000000000MdLocalStruct', 'xx9db29gnhyacn49509ibik7iu2oh197', '20071109NM000000000000000000000520071109NM0000000000000000000001', 0, 'aspky8gxd03gcdpm32pcz3zjjgmbs5', 0, 0, 0, 'saqy9kv3mjnk3cetku7shy3of00ewl6tNM200904120000000000000000000030', 'zpffvspj8h2faysr4mxuf0we3l1r30l2', '20071109NM000000000000000000000520071109NM0000000000000000000001', 'zgtl65y69uekjrrcxk5w9ejsm4f471en', '0000000000000000000000000000040100000000000000000000000000000403', 'defaultLocale', '07lmuuipe34rkv3tsz1nin7m730cxbnn00000000000000000000000000000139');
INSERT INTO md_attribute ( oid) VALUES ('07lmuuipe34rkv3tsz1nin7m730cxbnn00000000000000000000000000000139');
INSERT INTO metadata ( description, created_by, owner, oid, create_date, seq, type, remove, site_master, locked_by, entity_domain, last_updated_by, last_update_date, key_name) VALUES ('srb0gbcunygjsis2by0qq4w5frqe52x3NM200904120000000000000000000030', '0000000000000000000000000000001000000000000000000000000000000003', '0000000000000000000000000000001000000000000000000000000000000003', '07lmuuipe34rkv3tsz1nin7m730cxbnn00000000000000000000000000000139', '2014-02-10 12:13:54', 4646, 'com.runwaysdk.system.metadata.MdAttributeText', 1, 'www.runwaysdk.com', NULL, NULL, '0000000000000000000000000000001000000000000000000000000000000003', '2014-02-10 12:13:54', 'com.runwaysdk.system.scheduler.JobHistoryHistoryInformation.defaultLocale');
ALTER TABLE job_history_history_informatio ADD COLUMN default_locale  text;
INSERT INTO class_attribute_concrete ( oid, parent_id, child_id) VALUES ('8fyu9507ewhrrkoyonqzj48jr34cqofl00000000000000000000000000000073', 'qp07ac4ckrfbmoon7a84mpl6a6yzn16l0000000000000000000MdLocalStruct', '07lmuuipe34rkv3tsz1nin7m730cxbnn00000000000000000000000000000139');
INSERT INTO class_attribute ( oid, parent_id, child_id) VALUES ('8fyu9507ewhrrkoyonqzj48jr34cqofl00000000000000000000000000000073', 'qp07ac4ckrfbmoon7a84mpl6a6yzn16l0000000000000000000MdLocalStruct', '07lmuuipe34rkv3tsz1nin7m730cxbnn00000000000000000000000000000139');
INSERT INTO metadata_relationship ( entity_domain, site_master, last_updated_by, oid, owner, locked_by, create_date, type, created_by, seq, key_name, last_update_date, parent_id, child_id) VALUES (NULL, 'www.runwaysdk.com', '0000000000000000000000000000001000000000000000000000000000000003', '8fyu9507ewhrrkoyonqzj48jr34cqofl00000000000000000000000000000073', '0000000000000000000000000000001000000000000000000000000000000003', NULL, '2014-02-10 12:13:54', 'com.runwaysdk.system.metadata.ClassAttributeConcrete', '0000000000000000000000000000001000000000000000000000000000000003', 4647, 'com.runwaysdk.system.scheduler.JobHistoryHistoryInformation.defaultLocale', '2014-02-10 12:13:54', 'qp07ac4ckrfbmoon7a84mpl6a6yzn16l0000000000000000000MdLocalStruct', '07lmuuipe34rkv3tsz1nin7m730cxbnn00000000000000000000000000000139');
 INSERT INTO visibilitymodifier (set_id, item_id)  VALUES  ('08eoib1m95p5k7cbpqsitf27erb1149s', '20071109NM000000000000000000000520071109NM0000000000000000000001');
INSERT INTO metadata_display_label ( default_locale, oid, site_master, key_name) VALUES ('Job Snapshot', 'xurxpb30t3zhrwusy08iysloxp6wduxjNM200904120000000000000000000030', 'www.runwaysdk.com', 'xurxpb30t3zhrwusy08iysloxp6wduxjNM200904120000000000000000000030');
 INSERT INTO visibilitymodifier (set_id, item_id)  VALUES  ('z456n576jpzvukeclp9suceze9jtxbby', '20071109NM000000000000000000000520071109NM0000000000000000000001');
 INSERT INTO md_attribute_indicies (set_id, item_id)  VALUES  ('z7y84rpj7fn0um7gbzjj6nnqir98g8iw', '0000000000000000000000000000040100000000000000000000000000000403');
INSERT INTO metadata_display_label ( default_locale, oid, site_master, key_name) VALUES ('Job Snapshot', 'ravrc5kp1prvxuunh55z17ln19rznng0NM200904120000000000000000000030', 'www.runwaysdk.com', 'ravrc5kp1prvxuunh55z17ln19rznng0NM200904120000000000000000000030');
INSERT INTO md_attribute_reference ( default_value, md_business, oid) VALUES (NULL, '2hhpg3x31r0t11svybr296b66ilnuk6r00000000000000000000000000000001', '0htpn7avp6ebbqt02ymj492n4ve7vm2q00000000000000000000000000000186');
INSERT INTO md_attribute_ref ( oid) VALUES ('0htpn7avp6ebbqt02ymj492n4ve7vm2q00000000000000000000000000000186');
INSERT INTO md_attribute_concrete ( column_name, defining_md_class, setter_visibility, setter_visibility_c, immutable, index_name, generate_accessor, system, required, display_label, getter_visibility, getter_visibility_c, index_type, index_type_c, attribute_name, oid) VALUES ('job_snapshot', '2ft54d1ik9d4qmj2ffopey6uwk000fvr00000000000000000000000000000001', '08eoib1m95p5k7cbpqsitf27erb1149s', '20071109NM000000000000000000000520071109NM0000000000000000000001', 0, 'a3isi3jbvwzb11i5ugm9plwgxk9odl', 1, 0, 0, 'xurxpb30t3zhrwusy08iysloxp6wduxjNM200904120000000000000000000030', 'z456n576jpzvukeclp9suceze9jtxbby', '20071109NM000000000000000000000520071109NM0000000000000000000001', 'z7y84rpj7fn0um7gbzjj6nnqir98g8iw', '0000000000000000000000000000040100000000000000000000000000000403', 'jobSnapshot', '0htpn7avp6ebbqt02ymj492n4ve7vm2q00000000000000000000000000000186');
INSERT INTO md_attribute ( oid) VALUES ('0htpn7avp6ebbqt02ymj492n4ve7vm2q00000000000000000000000000000186');
INSERT INTO metadata ( description, created_by, owner, oid, create_date, seq, type, remove, site_master, locked_by, entity_domain, last_updated_by, last_update_date, key_name) VALUES ('ravrc5kp1prvxuunh55z17ln19rznng0NM200904120000000000000000000030', '0000000000000000000000000000001000000000000000000000000000000003', '0000000000000000000000000000001000000000000000000000000000000003', '0htpn7avp6ebbqt02ymj492n4ve7vm2q00000000000000000000000000000186', '2014-02-10 12:13:54', 4648, 'com.runwaysdk.system.metadata.MdAttributeReference', 1, 'www.runwaysdk.com', NULL, NULL, '0000000000000000000000000000001000000000000000000000000000000003', '2014-02-10 12:13:54', 'com.runwaysdk.system.scheduler.JobHistory.jobSnapshot');
ALTER TABLE job_history ADD COLUMN job_snapshot  char(64);
INSERT INTO class_attribute_concrete ( oid, parent_id, child_id) VALUES ('76cpj0tim7f9cc2d24ayjloz4e8c0kio00000000000000000000000000000073', '2ft54d1ik9d4qmj2ffopey6uwk000fvr00000000000000000000000000000001', '0htpn7avp6ebbqt02ymj492n4ve7vm2q00000000000000000000000000000186');
INSERT INTO class_attribute ( oid, parent_id, child_id) VALUES ('76cpj0tim7f9cc2d24ayjloz4e8c0kio00000000000000000000000000000073', '2ft54d1ik9d4qmj2ffopey6uwk000fvr00000000000000000000000000000001', '0htpn7avp6ebbqt02ymj492n4ve7vm2q00000000000000000000000000000186');
INSERT INTO metadata_relationship ( entity_domain, site_master, last_updated_by, oid, owner, locked_by, create_date, type, created_by, seq, key_name, last_update_date, parent_id, child_id) VALUES (NULL, 'www.runwaysdk.com', '0000000000000000000000000000001000000000000000000000000000000003', '76cpj0tim7f9cc2d24ayjloz4e8c0kio00000000000000000000000000000073', '0000000000000000000000000000001000000000000000000000000000000003', NULL, '2014-02-10 12:13:54', 'com.runwaysdk.system.metadata.ClassAttributeConcrete', '0000000000000000000000000000001000000000000000000000000000000003', 4649, 'com.runwaysdk.system.scheduler.JobHistory.jobSnapshot', '2014-02-10 12:13:54', '2ft54d1ik9d4qmj2ffopey6uwk000fvr00000000000000000000000000000001', '0htpn7avp6ebbqt02ymj492n4ve7vm2q00000000000000000000000000000186');
 INSERT INTO relationship_cache (set_id, item_id)  VALUES  ('0g20a4y1goeaeq3afatx52rjoxmmpijd', '0000000000000000000000000000023100000000000000000000000000000222');
 INSERT INTO visibilitymodifier (set_id, item_id)  VALUES  ('29lfc6w31gtd5nbyjgx2m9g9k5jiwrim', '20071109NM000000000000000000000520071109NM0000000000000000000001');
INSERT INTO metadata_display_label ( default_locale, oid, site_master, key_name) VALUES ('Executable Job', '8lqk66fppl1kta2rwr287h7if1e3tdzqNM200904120000000000000000000030', 'www.runwaysdk.com', '8lqk66fppl1kta2rwr287h7if1e3tdzqNM200904120000000000000000000030');
 INSERT INTO visibilitymodifier (set_id, item_id)  VALUES  ('sempzoc9av78fv3yyc08rqrb8fd2a0t9', '20071109NM000000000000000000000520071109NM0000000000000000000001');
INSERT INTO metadata_display_label ( default_locale, oid, site_master, key_name) VALUES ('JobHistory', 'xy4szwlapk2vokax1d97jdr0jo2zlzp2NM200904120000000000000000000030', 'www.runwaysdk.com', 'xy4szwlapk2vokax1d97jdr0jo2zlzp2NM200904120000000000000000000030');
INSERT INTO metadata_display_label ( default_locale, oid, site_master, key_name) VALUES ('Job History Records', 'r9h2tbbagdvg4myrzyvgxfl7pv0giehyNM200904120000000000000000000030', 'www.runwaysdk.com', 'r9h2tbbagdvg4myrzyvgxfl7pv0giehyNM200904120000000000000000000030');
INSERT INTO metadata_display_label ( default_locale, oid, site_master, key_name) VALUES ('Job History Records', '8rwnw0a3sm35oyrxkhbtkjpc5ndejaogNM200904120000000000000000000030', 'www.runwaysdk.com', '8rwnw0a3sm35oyrxkhbtkjpc5ndejaogNM200904120000000000000000000030');
INSERT INTO md_relationship ( cache_algorithm, cache_algorithm_c, parent_visibility, parent_visibility_c, index2_name, parent_md_business, parent_cardinality, composition, parent_display_label, sort_md_attribute, child_visibility, child_visibility_c, child_method, super_md_relationship, parent_method, index1_name, child_md_business, child_display_label, child_cardinality, oid) VALUES ('0g20a4y1goeaeq3afatx52rjoxmmpijd', '0000000000000000000000000000023100000000000000000000000000000222', '29lfc6w31gtd5nbyjgx2m9g9k5jiwrim', '20071109NM000000000000000000000520071109NM0000000000000000000001', 'rel_zha1t1mq19zvv4bmt2n9x1q90w', '8ndv254jvk1mw1rql6a4pqz9qbqvdzl400000000000000000000000000000001', '1', 1, '8lqk66fppl1kta2rwr287h7if1e3tdzqNM200904120000000000000000000030', NULL, 'sempzoc9av78fv3yyc08rqrb8fd2a0t9', '20071109NM000000000000000000000520071109NM0000000000000000000001', 'JobHistory', NULL, 'Job', 'rel_70qkclijlsg69nyt07bh65eanx', '2ft54d1ik9d4qmj2ffopey6uwk000fvr00000000000000000000000000000001', 'xy4szwlapk2vokax1d97jdr0jo2zlzp2NM200904120000000000000000000030', '*', 'z3g4p4x0v9ivx6mni1k1j75l7u8r1c7500000000000000000000000000000061');
INSERT INTO md_element ( extendable, is_abstract, oid) VALUES (1, 0, 'z3g4p4x0v9ivx6mni1k1j75l7u8r1c7500000000000000000000000000000061');
INSERT INTO md_entity ( query_dto_source, query_source, cache_size, enforce_site_master, has_deterministic_ids, table_name, oid) VALUES (NULL, NULL, 0, 1, 0, 'job_history_record', 'z3g4p4x0v9ivx6mni1k1j75l7u8r1c7500000000000000000000000000000061');
INSERT INTO md_class ( publish, stub_dto_source, stub_source, oid) VALUES (1, NULL, NULL, 'z3g4p4x0v9ivx6mni1k1j75l7u8r1c7500000000000000000000000000000061');
INSERT INTO md_type ( display_label, root_id, package_name, type_name, base_source, js_base, js_stub, exported, dto_source, oid) VALUES ('r9h2tbbagdvg4myrzyvgxfl7pv0giehyNM200904120000000000000000000030', 'z3g4p4x0v9ivx6mni1k1j75l7u8r1c75', 'com.runwaysdk.system.scheduler', 'JobHistoryRecord', NULL, NULL, NULL, 1, NULL, 'z3g4p4x0v9ivx6mni1k1j75l7u8r1c7500000000000000000000000000000061');
INSERT INTO metadata ( description, created_by, owner, oid, create_date, seq, type, remove, site_master, locked_by, entity_domain, last_updated_by, last_update_date, key_name) VALUES ('8rwnw0a3sm35oyrxkhbtkjpc5ndejaogNM200904120000000000000000000030', '0000000000000000000000000000001000000000000000000000000000000003', '0000000000000000000000000000001000000000000000000000000000000003', 'z3g4p4x0v9ivx6mni1k1j75l7u8r1c7500000000000000000000000000000061', '2014-02-10 12:13:54', 4650, 'com.runwaysdk.system.metadata.MdRelationship', 1, 'www.runwaysdk.com', NULL, NULL, '0000000000000000000000000000001000000000000000000000000000000003', '2014-02-10 12:13:54', 'com.runwaysdk.system.scheduler.JobHistoryRecord');
CREATE TABLE job_history_record ( oid CHAR(64) NOT NULL PRIMARY KEY, 
parent_id CHAR(64) NOT NULL, 
child_id CHAR(64) NOT NULL );
CREATE  INDEX rel_70qkclijlsg69nyt07bh65eanx ON job_history_record (parent_id, child_id);
CREATE INDEX rel_zha1t1mq19zvv4bmt2n9x1q90w ON job_history_record (child_id);
 INSERT INTO visibilitymodifier (set_id, item_id)  VALUES  ('xtmr9qbox0uh086vec283qgxnfth7sdx', '20071109NM000000000000000000000520071109NM0000000000000000000001');
INSERT INTO metadata_display_label ( default_locale, oid, site_master, key_name) VALUES ('ID', 'qsrdu7dr441yk9e1g9oxjn96a0agqz7lNM200904120000000000000000000030', 'www.runwaysdk.com', 'qsrdu7dr441yk9e1g9oxjn96a0agqz7lNM200904120000000000000000000030');
 INSERT INTO visibilitymodifier (set_id, item_id)  VALUES  ('8zqj6e5f773ctkuq6kvo8jjco1y5ud0c', '20071109NM000000000000000000000520071109NM0000000000000000000001');
 INSERT INTO md_attribute_indicies (set_id, item_id)  VALUES  ('syxm8glo5c6kf5v8wb0n9u6uvexnysah', '0000000000000000000000000000040900000000000000000000000000000403');
INSERT INTO metadata_display_label ( default_locale, oid, site_master, key_name) VALUES ('ID of this object', '25xg93t0mabgh95xo7txuaqtm2dc42urNM200904120000000000000000000030', 'www.runwaysdk.com', '25xg93t0mabgh95xo7txuaqtm2dc42urNM200904120000000000000000000030');
INSERT INTO md_attribute_character ( default_value, database_size, oid) VALUES (NULL, 64, '0k7hdr9a43gpksto48ywuhha5vnskg5v00000000000000000000000000000138');
INSERT INTO md_attribute_char ( oid) VALUES ('0k7hdr9a43gpksto48ywuhha5vnskg5v00000000000000000000000000000138');
INSERT INTO md_attribute_primitive ( oid) VALUES ('0k7hdr9a43gpksto48ywuhha5vnskg5v00000000000000000000000000000138');
INSERT INTO md_attribute_concrete ( column_name, defining_md_class, setter_visibility, setter_visibility_c, immutable, index_name, generate_accessor, system, required, display_label, getter_visibility, getter_visibility_c, index_type, index_type_c, attribute_name, oid) VALUES ('oid', 'z3g4p4x0v9ivx6mni1k1j75l7u8r1c7500000000000000000000000000000061', 'xtmr9qbox0uh086vec283qgxnfth7sdx', '20071109NM000000000000000000000520071109NM0000000000000000000001', 0, 'aj6py7gu8y9pfppj37rbwvlarr376g', 1, 1, 1, 'qsrdu7dr441yk9e1g9oxjn96a0agqz7lNM200904120000000000000000000030', '8zqj6e5f773ctkuq6kvo8jjco1y5ud0c', '20071109NM000000000000000000000520071109NM0000000000000000000001', 'syxm8glo5c6kf5v8wb0n9u6uvexnysah', '0000000000000000000000000000040900000000000000000000000000000403', 'oid', '0k7hdr9a43gpksto48ywuhha5vnskg5v00000000000000000000000000000138');
INSERT INTO md_attribute ( oid) VALUES ('0k7hdr9a43gpksto48ywuhha5vnskg5v00000000000000000000000000000138');
INSERT INTO metadata ( description, created_by, owner, oid, create_date, seq, type, remove, site_master, locked_by, entity_domain, last_updated_by, last_update_date, key_name) VALUES ('25xg93t0mabgh95xo7txuaqtm2dc42urNM200904120000000000000000000030', '0000000000000000000000000000001000000000000000000000000000000003', '0000000000000000000000000000001000000000000000000000000000000003', '0k7hdr9a43gpksto48ywuhha5vnskg5v00000000000000000000000000000138', '2014-02-10 12:13:54', 4651, 'com.runwaysdk.system.metadata.MdAttributeCharacter', 0, 'www.runwaysdk.com', NULL, NULL, '0000000000000000000000000000001000000000000000000000000000000003', '2014-02-10 12:13:54', 'com.runwaysdk.system.scheduler.JobHistoryRecord.oid');
INSERT INTO class_attribute_concrete ( oid, parent_id, child_id) VALUES ('qvo46u1sf0n7a3td0seyeri56ju7pcki00000000000000000000000000000073', 'z3g4p4x0v9ivx6mni1k1j75l7u8r1c7500000000000000000000000000000061', '0k7hdr9a43gpksto48ywuhha5vnskg5v00000000000000000000000000000138');
INSERT INTO class_attribute ( oid, parent_id, child_id) VALUES ('qvo46u1sf0n7a3td0seyeri56ju7pcki00000000000000000000000000000073', 'z3g4p4x0v9ivx6mni1k1j75l7u8r1c7500000000000000000000000000000061', '0k7hdr9a43gpksto48ywuhha5vnskg5v00000000000000000000000000000138');
INSERT INTO metadata_relationship ( entity_domain, site_master, last_updated_by, oid, owner, locked_by, create_date, type, created_by, seq, key_name, last_update_date, parent_id, child_id) VALUES (NULL, 'www.runwaysdk.com', '0000000000000000000000000000001000000000000000000000000000000003', 'qvo46u1sf0n7a3td0seyeri56ju7pcki00000000000000000000000000000073', '0000000000000000000000000000001000000000000000000000000000000003', NULL, '2014-02-10 12:13:54', 'com.runwaysdk.system.metadata.ClassAttributeConcrete', '0000000000000000000000000000001000000000000000000000000000000003', 4652, 'com.runwaysdk.system.scheduler.JobHistoryRecord.oid', '2014-02-10 12:13:54', 'z3g4p4x0v9ivx6mni1k1j75l7u8r1c7500000000000000000000000000000061', '0k7hdr9a43gpksto48ywuhha5vnskg5v00000000000000000000000000000138');
 INSERT INTO visibilitymodifier (set_id, item_id)  VALUES  ('s9jxk5rclb9m1bh07oaxyftrk667ei2s', '20071109NM000000000000000000000520071109NM0000000000000000000001');
INSERT INTO metadata_display_label ( default_locale, oid, site_master, key_name) VALUES ('Site Master', '2ctwz07ujt5diz9fbf654fle9xqss975NM200904120000000000000000000030', 'www.runwaysdk.com', '2ctwz07ujt5diz9fbf654fle9xqss975NM200904120000000000000000000030');
 INSERT INTO visibilitymodifier (set_id, item_id)  VALUES  ('zk4o7blts1v8djpu92s53jjp67s27hre', '20071109NM000000000000000000000520071109NM0000000000000000000001');
 INSERT INTO md_attribute_indicies (set_id, item_id)  VALUES  ('90ask5q9bc2zht3e758vqyaftgxrnstg', '0000000000000000000000000000040100000000000000000000000000000403');
INSERT INTO metadata_display_label ( default_locale, oid, site_master, key_name) VALUES ('The name of the site responsible for this object', 'xofb6ckzxjze7ng9rab23dulklfwmmahNM200904120000000000000000000030', 'www.runwaysdk.com', 'xofb6ckzxjze7ng9rab23dulklfwmmahNM200904120000000000000000000030');
INSERT INTO md_attribute_character ( default_value, database_size, oid) VALUES (NULL, 255, '01dxk87g825xeoph2abn4uhm1j46a87h00000000000000000000000000000138');
INSERT INTO md_attribute_char ( oid) VALUES ('01dxk87g825xeoph2abn4uhm1j46a87h00000000000000000000000000000138');
INSERT INTO md_attribute_primitive ( oid) VALUES ('01dxk87g825xeoph2abn4uhm1j46a87h00000000000000000000000000000138');
INSERT INTO md_attribute_concrete ( column_name, defining_md_class, setter_visibility, setter_visibility_c, immutable, index_name, generate_accessor, system, required, display_label, getter_visibility, getter_visibility_c, index_type, index_type_c, attribute_name, oid) VALUES ('site_master', 'z3g4p4x0v9ivx6mni1k1j75l7u8r1c7500000000000000000000000000000061', 's9jxk5rclb9m1bh07oaxyftrk667ei2s', '20071109NM000000000000000000000520071109NM0000000000000000000001', 1, 'an7965fe867ywxiptr5prleavjchrz', 1, 1, 1, '2ctwz07ujt5diz9fbf654fle9xqss975NM200904120000000000000000000030', 'zk4o7blts1v8djpu92s53jjp67s27hre', '20071109NM000000000000000000000520071109NM0000000000000000000001', '90ask5q9bc2zht3e758vqyaftgxrnstg', '0000000000000000000000000000040100000000000000000000000000000403', 'siteMaster', '01dxk87g825xeoph2abn4uhm1j46a87h00000000000000000000000000000138');
INSERT INTO md_attribute ( oid) VALUES ('01dxk87g825xeoph2abn4uhm1j46a87h00000000000000000000000000000138');
INSERT INTO metadata ( description, created_by, owner, oid, create_date, seq, type, remove, site_master, locked_by, entity_domain, last_updated_by, last_update_date, key_name) VALUES ('xofb6ckzxjze7ng9rab23dulklfwmmahNM200904120000000000000000000030', '0000000000000000000000000000001000000000000000000000000000000003', '0000000000000000000000000000001000000000000000000000000000000003', '01dxk87g825xeoph2abn4uhm1j46a87h00000000000000000000000000000138', '2014-02-10 12:13:54', 4653, 'com.runwaysdk.system.metadata.MdAttributeCharacter', 0, 'www.runwaysdk.com', NULL, NULL, '0000000000000000000000000000001000000000000000000000000000000003', '2014-02-10 12:13:54', 'com.runwaysdk.system.scheduler.JobHistoryRecord.siteMaster');
ALTER TABLE job_history_record ADD COLUMN site_master  varchar(255);
INSERT INTO class_attribute_concrete ( oid, parent_id, child_id) VALUES ('935oidoeozv369094sgkq582fk09rkqj00000000000000000000000000000073', 'z3g4p4x0v9ivx6mni1k1j75l7u8r1c7500000000000000000000000000000061', '01dxk87g825xeoph2abn4uhm1j46a87h00000000000000000000000000000138');
INSERT INTO class_attribute ( oid, parent_id, child_id) VALUES ('935oidoeozv369094sgkq582fk09rkqj00000000000000000000000000000073', 'z3g4p4x0v9ivx6mni1k1j75l7u8r1c7500000000000000000000000000000061', '01dxk87g825xeoph2abn4uhm1j46a87h00000000000000000000000000000138');
INSERT INTO metadata_relationship ( entity_domain, site_master, last_updated_by, oid, owner, locked_by, create_date, type, created_by, seq, key_name, last_update_date, parent_id, child_id) VALUES (NULL, 'www.runwaysdk.com', '0000000000000000000000000000001000000000000000000000000000000003', '935oidoeozv369094sgkq582fk09rkqj00000000000000000000000000000073', '0000000000000000000000000000001000000000000000000000000000000003', NULL, '2014-02-10 12:13:54', 'com.runwaysdk.system.metadata.ClassAttributeConcrete', '0000000000000000000000000000001000000000000000000000000000000003', 4654, 'com.runwaysdk.system.scheduler.JobHistoryRecord.siteMaster', '2014-02-10 12:13:54', 'z3g4p4x0v9ivx6mni1k1j75l7u8r1c7500000000000000000000000000000061', '01dxk87g825xeoph2abn4uhm1j46a87h00000000000000000000000000000138');
 INSERT INTO visibilitymodifier (set_id, item_id)  VALUES  ('sfrt70ee78u4avofkfajp3fqj5oruy46', '20071109NM000000000000000000000520071109NM0000000000000000000001');
INSERT INTO metadata_display_label ( default_locale, oid, site_master, key_name) VALUES ('Key Name', 'srvrzqn81pj6x4oaksxywk5ogjtb0gotNM200904120000000000000000000030', 'www.runwaysdk.com', 'srvrzqn81pj6x4oaksxywk5ogjtb0gotNM200904120000000000000000000030');
 INSERT INTO visibilitymodifier (set_id, item_id)  VALUES  ('2coj73za7cauf1wk7vgf750ntw3ad9au', '20071109NM000000000000000000000520071109NM0000000000000000000001');
 INSERT INTO md_attribute_indicies (set_id, item_id)  VALUES  ('28yieg0wqdun4wvz7zu2s2ah4s2esuvl', '0000000000000000000000000000040900000000000000000000000000000403');
INSERT INTO metadata_display_label ( default_locale, oid, site_master, key_name) VALUES ('Key which uniquely identifies each instance of this type heirarchy.', '90bdmykfje1c171eiollmz546s8nsmonNM200904120000000000000000000030', 'www.runwaysdk.com', '90bdmykfje1c171eiollmz546s8nsmonNM200904120000000000000000000030');
INSERT INTO md_attribute_character ( default_value, database_size, oid) VALUES (NULL, 255, '8xu4ymiepg3zqg3nb7sxx0fl0hxbqfzi00000000000000000000000000000138');
INSERT INTO md_attribute_char ( oid) VALUES ('8xu4ymiepg3zqg3nb7sxx0fl0hxbqfzi00000000000000000000000000000138');
INSERT INTO md_attribute_primitive ( oid) VALUES ('8xu4ymiepg3zqg3nb7sxx0fl0hxbqfzi00000000000000000000000000000138');
INSERT INTO md_attribute_concrete ( column_name, defining_md_class, setter_visibility, setter_visibility_c, immutable, index_name, generate_accessor, system, required, display_label, getter_visibility, getter_visibility_c, index_type, index_type_c, attribute_name, oid) VALUES ('key_name', 'z3g4p4x0v9ivx6mni1k1j75l7u8r1c7500000000000000000000000000000061', 'sfrt70ee78u4avofkfajp3fqj5oruy46', '20071109NM000000000000000000000520071109NM0000000000000000000001', 0, 'ah7fvgjw0ro1vyuwkir7x3gdympebg', 1, 0, 1, 'srvrzqn81pj6x4oaksxywk5ogjtb0gotNM200904120000000000000000000030', '2coj73za7cauf1wk7vgf750ntw3ad9au', '20071109NM000000000000000000000520071109NM0000000000000000000001', '28yieg0wqdun4wvz7zu2s2ah4s2esuvl', '0000000000000000000000000000040900000000000000000000000000000403', 'keyName', '8xu4ymiepg3zqg3nb7sxx0fl0hxbqfzi00000000000000000000000000000138');
INSERT INTO md_attribute ( oid) VALUES ('8xu4ymiepg3zqg3nb7sxx0fl0hxbqfzi00000000000000000000000000000138');
INSERT INTO metadata ( description, created_by, owner, oid, create_date, seq, type, remove, site_master, locked_by, entity_domain, last_updated_by, last_update_date, key_name) VALUES ('90bdmykfje1c171eiollmz546s8nsmonNM200904120000000000000000000030', '0000000000000000000000000000001000000000000000000000000000000003', '0000000000000000000000000000001000000000000000000000000000000003', '8xu4ymiepg3zqg3nb7sxx0fl0hxbqfzi00000000000000000000000000000138', '2014-02-10 12:13:54', 4655, 'com.runwaysdk.system.metadata.MdAttributeCharacter', 1, 'www.runwaysdk.com', NULL, NULL, '0000000000000000000000000000001000000000000000000000000000000003', '2014-02-10 12:13:54', 'com.runwaysdk.system.scheduler.JobHistoryRecord.keyName');
ALTER TABLE job_history_record ADD COLUMN key_name  varchar(255);
INSERT INTO class_attribute_concrete ( oid, parent_id, child_id) VALUES ('719f1s7yqcg3wfnpc6guyg3txrwuu3wy00000000000000000000000000000073', 'z3g4p4x0v9ivx6mni1k1j75l7u8r1c7500000000000000000000000000000061', '8xu4ymiepg3zqg3nb7sxx0fl0hxbqfzi00000000000000000000000000000138');
INSERT INTO class_attribute ( oid, parent_id, child_id) VALUES ('719f1s7yqcg3wfnpc6guyg3txrwuu3wy00000000000000000000000000000073', 'z3g4p4x0v9ivx6mni1k1j75l7u8r1c7500000000000000000000000000000061', '8xu4ymiepg3zqg3nb7sxx0fl0hxbqfzi00000000000000000000000000000138');
INSERT INTO metadata_relationship ( entity_domain, site_master, last_updated_by, oid, owner, locked_by, create_date, type, created_by, seq, key_name, last_update_date, parent_id, child_id) VALUES (NULL, 'www.runwaysdk.com', '0000000000000000000000000000001000000000000000000000000000000003', '719f1s7yqcg3wfnpc6guyg3txrwuu3wy00000000000000000000000000000073', '0000000000000000000000000000001000000000000000000000000000000003', NULL, '2014-02-10 12:13:54', 'com.runwaysdk.system.metadata.ClassAttributeConcrete', '0000000000000000000000000000001000000000000000000000000000000003', 4656, 'com.runwaysdk.system.scheduler.JobHistoryRecord.keyName', '2014-02-10 12:13:54', 'z3g4p4x0v9ivx6mni1k1j75l7u8r1c7500000000000000000000000000000061', '8xu4ymiepg3zqg3nb7sxx0fl0hxbqfzi00000000000000000000000000000138');
CREATE UNIQUE INDEX ah7fvgjw0ro1vyuwkir7x3gdympebg ON job_history_record (key_name);
 INSERT INTO visibilitymodifier (set_id, item_id)  VALUES  ('xdud9qrtg8xs586doeq9dia12wuq49v6', '20071109NM000000000000000000000520071109NM0000000000000000000001');
INSERT INTO metadata_display_label ( default_locale, oid, site_master, key_name) VALUES ('Last Update Date', '06ag7lh1osca92qzs40j51eslp7xfhh1NM200904120000000000000000000030', 'www.runwaysdk.com', '06ag7lh1osca92qzs40j51eslp7xfhh1NM200904120000000000000000000030');
 INSERT INTO visibilitymodifier (set_id, item_id)  VALUES  ('0fbj7vibx9fcbr72ygdczls2yya4nfoh', '20071109NM000000000000000000000520071109NM0000000000000000000001');
 INSERT INTO md_attribute_indicies (set_id, item_id)  VALUES  ('t1qvec2hw07n5zrtxjabr3uece6jm543', '0000000000000000000000000000040100000000000000000000000000000403');
INSERT INTO metadata_display_label ( default_locale, oid, site_master, key_name) VALUES ('Date and time this record was last updated', 'qnleeb9nlozve712ssijm4m6y2c336scNM200904120000000000000000000030', 'www.runwaysdk.com', 'qnleeb9nlozve712ssijm4m6y2c336scNM200904120000000000000000000030');
INSERT INTO md_attribute_datetime ( default_value, oid) VALUES (NULL, 'yy5y31s7w3oi293mfmwwr4tz76lvyqnk00000000000000000000000000000341');
INSERT INTO md_attribute_moment ( oid) VALUES ('yy5y31s7w3oi293mfmwwr4tz76lvyqnk00000000000000000000000000000341');
INSERT INTO md_attribute_primitive ( oid) VALUES ('yy5y31s7w3oi293mfmwwr4tz76lvyqnk00000000000000000000000000000341');
INSERT INTO md_attribute_concrete ( column_name, defining_md_class, setter_visibility, setter_visibility_c, immutable, index_name, generate_accessor, system, required, display_label, getter_visibility, getter_visibility_c, index_type, index_type_c, attribute_name, oid) VALUES ('last_update_date', 'z3g4p4x0v9ivx6mni1k1j75l7u8r1c7500000000000000000000000000000061', 'xdud9qrtg8xs586doeq9dia12wuq49v6', '20071109NM000000000000000000000520071109NM0000000000000000000001', 0, 'argwtv4wmxzwzvcvc0ejnlhbxd70tj', 1, 1, 1, '06ag7lh1osca92qzs40j51eslp7xfhh1NM200904120000000000000000000030', '0fbj7vibx9fcbr72ygdczls2yya4nfoh', '20071109NM000000000000000000000520071109NM0000000000000000000001', 't1qvec2hw07n5zrtxjabr3uece6jm543', '0000000000000000000000000000040100000000000000000000000000000403', 'lastUpdateDate', 'yy5y31s7w3oi293mfmwwr4tz76lvyqnk00000000000000000000000000000341');
INSERT INTO md_attribute ( oid) VALUES ('yy5y31s7w3oi293mfmwwr4tz76lvyqnk00000000000000000000000000000341');
INSERT INTO metadata ( description, created_by, owner, oid, create_date, seq, type, remove, site_master, locked_by, entity_domain, last_updated_by, last_update_date, key_name) VALUES ('qnleeb9nlozve712ssijm4m6y2c336scNM200904120000000000000000000030', '0000000000000000000000000000001000000000000000000000000000000003', '0000000000000000000000000000001000000000000000000000000000000003', 'yy5y31s7w3oi293mfmwwr4tz76lvyqnk00000000000000000000000000000341', '2014-02-10 12:13:54', 4657, 'com.runwaysdk.system.metadata.MdAttributeDateTime', 0, 'www.runwaysdk.com', NULL, NULL, '0000000000000000000000000000001000000000000000000000000000000003', '2014-02-10 12:13:54', 'com.runwaysdk.system.scheduler.JobHistoryRecord.lastUpdateDate');
ALTER TABLE job_history_record ADD COLUMN last_update_date  timestamp;
INSERT INTO class_attribute_concrete ( oid, parent_id, child_id) VALUES ('r2sla7b6h3x2ig7ekj6hyspqnvamw6mz00000000000000000000000000000073', 'z3g4p4x0v9ivx6mni1k1j75l7u8r1c7500000000000000000000000000000061', 'yy5y31s7w3oi293mfmwwr4tz76lvyqnk00000000000000000000000000000341');
INSERT INTO class_attribute ( oid, parent_id, child_id) VALUES ('r2sla7b6h3x2ig7ekj6hyspqnvamw6mz00000000000000000000000000000073', 'z3g4p4x0v9ivx6mni1k1j75l7u8r1c7500000000000000000000000000000061', 'yy5y31s7w3oi293mfmwwr4tz76lvyqnk00000000000000000000000000000341');
INSERT INTO metadata_relationship ( entity_domain, site_master, last_updated_by, oid, owner, locked_by, create_date, type, created_by, seq, key_name, last_update_date, parent_id, child_id) VALUES (NULL, 'www.runwaysdk.com', '0000000000000000000000000000001000000000000000000000000000000003', 'r2sla7b6h3x2ig7ekj6hyspqnvamw6mz00000000000000000000000000000073', '0000000000000000000000000000001000000000000000000000000000000003', NULL, '2014-02-10 12:13:54', 'com.runwaysdk.system.metadata.ClassAttributeConcrete', '0000000000000000000000000000001000000000000000000000000000000003', 4658, 'com.runwaysdk.system.scheduler.JobHistoryRecord.lastUpdateDate', '2014-02-10 12:13:54', 'z3g4p4x0v9ivx6mni1k1j75l7u8r1c7500000000000000000000000000000061', 'yy5y31s7w3oi293mfmwwr4tz76lvyqnk00000000000000000000000000000341');
 INSERT INTO visibilitymodifier (set_id, item_id)  VALUES  ('1ugump66i1d7lpyesh6drcowdsb5khix', '20071109NM000000000000000000000520071109NM0000000000000000000001');
INSERT INTO metadata_display_label ( default_locale, oid, site_master, key_name) VALUES ('Last Updated By', '8zvj7sgy5uli0ppagvbc8gbpcmqj7i3yNM200904120000000000000000000030', 'www.runwaysdk.com', '8zvj7sgy5uli0ppagvbc8gbpcmqj7i3yNM200904120000000000000000000030');
 INSERT INTO visibilitymodifier (set_id, item_id)  VALUES  ('qz9z9s00vjv1nkoyaadje8wskbgn1b0r', '20071109NM000000000000000000000520071109NM0000000000000000000001');
 INSERT INTO md_attribute_indicies (set_id, item_id)  VALUES  ('qm4yft9zrot3vafdk9g1y8c04mu1ud0b', '0000000000000000000000000000040000000000000000000000000000000403');
INSERT INTO metadata_display_label ( default_locale, oid, site_master, key_name) VALUES ('User who last updated this object', 'zbjc9dy14i3w0tawuzcqozsl4p7xtvz4NM200904120000000000000000000030', 'www.runwaysdk.com', 'zbjc9dy14i3w0tawuzcqozsl4p7xtvz4NM200904120000000000000000000030');
INSERT INTO md_attribute_reference ( default_value, md_business, oid) VALUES (NULL, 'JS20070723000000000000000000156000000000000000000000000000000001', '6ry509obkfc24gk9acm6d0dezd2xz8se00000000000000000000000000000186');
INSERT INTO md_attribute_ref ( oid) VALUES ('6ry509obkfc24gk9acm6d0dezd2xz8se00000000000000000000000000000186');
INSERT INTO md_attribute_concrete ( column_name, defining_md_class, setter_visibility, setter_visibility_c, immutable, index_name, generate_accessor, system, required, display_label, getter_visibility, getter_visibility_c, index_type, index_type_c, attribute_name, oid) VALUES ('last_updated_by', 'z3g4p4x0v9ivx6mni1k1j75l7u8r1c7500000000000000000000000000000061', '1ugump66i1d7lpyesh6drcowdsb5khix', '20071109NM000000000000000000000520071109NM0000000000000000000001', 0, 'ajlswtotg7h480v6sqgv0vhzb27z0i', 1, 1, 1, '8zvj7sgy5uli0ppagvbc8gbpcmqj7i3yNM200904120000000000000000000030', 'qz9z9s00vjv1nkoyaadje8wskbgn1b0r', '20071109NM000000000000000000000520071109NM0000000000000000000001', 'qm4yft9zrot3vafdk9g1y8c04mu1ud0b', '0000000000000000000000000000040000000000000000000000000000000403', 'lastUpdatedBy', '6ry509obkfc24gk9acm6d0dezd2xz8se00000000000000000000000000000186');
INSERT INTO md_attribute ( oid) VALUES ('6ry509obkfc24gk9acm6d0dezd2xz8se00000000000000000000000000000186');
INSERT INTO metadata ( description, created_by, owner, oid, create_date, seq, type, remove, site_master, locked_by, entity_domain, last_updated_by, last_update_date, key_name) VALUES ('zbjc9dy14i3w0tawuzcqozsl4p7xtvz4NM200904120000000000000000000030', '0000000000000000000000000000001000000000000000000000000000000003', '0000000000000000000000000000001000000000000000000000000000000003', '6ry509obkfc24gk9acm6d0dezd2xz8se00000000000000000000000000000186', '2014-02-10 12:13:54', 4659, 'com.runwaysdk.system.metadata.MdAttributeReference', 0, 'www.runwaysdk.com', NULL, NULL, '0000000000000000000000000000001000000000000000000000000000000003', '2014-02-10 12:13:54', 'com.runwaysdk.system.scheduler.JobHistoryRecord.lastUpdatedBy');
ALTER TABLE job_history_record ADD COLUMN last_updated_by  char(64);
INSERT INTO class_attribute_concrete ( oid, parent_id, child_id) VALUES ('zh4snrxwtnq6ddcu58tqehxvvv2j73u200000000000000000000000000000073', 'z3g4p4x0v9ivx6mni1k1j75l7u8r1c7500000000000000000000000000000061', '6ry509obkfc24gk9acm6d0dezd2xz8se00000000000000000000000000000186');
INSERT INTO class_attribute ( oid, parent_id, child_id) VALUES ('zh4snrxwtnq6ddcu58tqehxvvv2j73u200000000000000000000000000000073', 'z3g4p4x0v9ivx6mni1k1j75l7u8r1c7500000000000000000000000000000061', '6ry509obkfc24gk9acm6d0dezd2xz8se00000000000000000000000000000186');
INSERT INTO metadata_relationship ( entity_domain, site_master, last_updated_by, oid, owner, locked_by, create_date, type, created_by, seq, key_name, last_update_date, parent_id, child_id) VALUES (NULL, 'www.runwaysdk.com', '0000000000000000000000000000001000000000000000000000000000000003', 'zh4snrxwtnq6ddcu58tqehxvvv2j73u200000000000000000000000000000073', '0000000000000000000000000000001000000000000000000000000000000003', NULL, '2014-02-10 12:13:54', 'com.runwaysdk.system.metadata.ClassAttributeConcrete', '0000000000000000000000000000001000000000000000000000000000000003', 4660, 'com.runwaysdk.system.scheduler.JobHistoryRecord.lastUpdatedBy', '2014-02-10 12:13:54', 'z3g4p4x0v9ivx6mni1k1j75l7u8r1c7500000000000000000000000000000061', '6ry509obkfc24gk9acm6d0dezd2xz8se00000000000000000000000000000186');
 INSERT INTO visibilitymodifier (set_id, item_id)  VALUES  ('zb55zll2k415io7922n9o3cv0qij0q0r', '20071109NM000000000000000000000520071109NM0000000000000000000001');
INSERT INTO metadata_display_label ( default_locale, oid, site_master, key_name) VALUES ('Created By', 'xslnkxgyy0rw7hygpllc9ozrq38q01unNM200904120000000000000000000030', 'www.runwaysdk.com', 'xslnkxgyy0rw7hygpllc9ozrq38q01unNM200904120000000000000000000030');
 INSERT INTO visibilitymodifier (set_id, item_id)  VALUES  ('sym49l8m4o5kr4kxzrutkv5rsnm3dtn4', '20071109NM000000000000000000000520071109NM0000000000000000000001');
 INSERT INTO md_attribute_indicies (set_id, item_id)  VALUES  ('xw7bgybkadjmuig7qwzfqnyxxnwkws97', '0000000000000000000000000000040000000000000000000000000000000403');
INSERT INTO metadata_display_label ( default_locale, oid, site_master, key_name) VALUES ('User that created this object', '8ww2025qjgzx21b16knlxqdlst7yuwglNM200904120000000000000000000030', 'www.runwaysdk.com', '8ww2025qjgzx21b16knlxqdlst7yuwglNM200904120000000000000000000030');
INSERT INTO md_attribute_reference ( default_value, md_business, oid) VALUES (NULL, 'JS20070723000000000000000000156000000000000000000000000000000001', '9217udu70ry18tiso59qh9tcdn1orn6800000000000000000000000000000186');
INSERT INTO md_attribute_ref ( oid) VALUES ('9217udu70ry18tiso59qh9tcdn1orn6800000000000000000000000000000186');
INSERT INTO md_attribute_concrete ( column_name, defining_md_class, setter_visibility, setter_visibility_c, immutable, index_name, generate_accessor, system, required, display_label, getter_visibility, getter_visibility_c, index_type, index_type_c, attribute_name, oid) VALUES ('created_by', 'z3g4p4x0v9ivx6mni1k1j75l7u8r1c7500000000000000000000000000000061', 'zb55zll2k415io7922n9o3cv0qij0q0r', '20071109NM000000000000000000000520071109NM0000000000000000000001', 1, 'aavsewcv74btirya59ty87v79obtio', 1, 1, 1, 'xslnkxgyy0rw7hygpllc9ozrq38q01unNM200904120000000000000000000030', 'sym49l8m4o5kr4kxzrutkv5rsnm3dtn4', '20071109NM000000000000000000000520071109NM0000000000000000000001', 'xw7bgybkadjmuig7qwzfqnyxxnwkws97', '0000000000000000000000000000040000000000000000000000000000000403', 'createdBy', '9217udu70ry18tiso59qh9tcdn1orn6800000000000000000000000000000186');
INSERT INTO md_attribute ( oid) VALUES ('9217udu70ry18tiso59qh9tcdn1orn6800000000000000000000000000000186');
INSERT INTO metadata ( description, created_by, owner, oid, create_date, seq, type, remove, site_master, locked_by, entity_domain, last_updated_by, last_update_date, key_name) VALUES ('8ww2025qjgzx21b16knlxqdlst7yuwglNM200904120000000000000000000030', '0000000000000000000000000000001000000000000000000000000000000003', '0000000000000000000000000000001000000000000000000000000000000003', '9217udu70ry18tiso59qh9tcdn1orn6800000000000000000000000000000186', '2014-02-10 12:13:54', 4661, 'com.runwaysdk.system.metadata.MdAttributeReference', 0, 'www.runwaysdk.com', NULL, NULL, '0000000000000000000000000000001000000000000000000000000000000003', '2014-02-10 12:13:54', 'com.runwaysdk.system.scheduler.JobHistoryRecord.createdBy');
ALTER TABLE job_history_record ADD COLUMN created_by  char(64);
INSERT INTO class_attribute_concrete ( oid, parent_id, child_id) VALUES ('sj0brrq680nfqzq7cezf4shw0bwhpa7o00000000000000000000000000000073', 'z3g4p4x0v9ivx6mni1k1j75l7u8r1c7500000000000000000000000000000061', '9217udu70ry18tiso59qh9tcdn1orn6800000000000000000000000000000186');
INSERT INTO class_attribute ( oid, parent_id, child_id) VALUES ('sj0brrq680nfqzq7cezf4shw0bwhpa7o00000000000000000000000000000073', 'z3g4p4x0v9ivx6mni1k1j75l7u8r1c7500000000000000000000000000000061', '9217udu70ry18tiso59qh9tcdn1orn6800000000000000000000000000000186');
INSERT INTO metadata_relationship ( entity_domain, site_master, last_updated_by, oid, owner, locked_by, create_date, type, created_by, seq, key_name, last_update_date, parent_id, child_id) VALUES (NULL, 'www.runwaysdk.com', '0000000000000000000000000000001000000000000000000000000000000003', 'sj0brrq680nfqzq7cezf4shw0bwhpa7o00000000000000000000000000000073', '0000000000000000000000000000001000000000000000000000000000000003', NULL, '2014-02-10 12:13:54', 'com.runwaysdk.system.metadata.ClassAttributeConcrete', '0000000000000000000000000000001000000000000000000000000000000003', 4662, 'com.runwaysdk.system.scheduler.JobHistoryRecord.createdBy', '2014-02-10 12:13:54', 'z3g4p4x0v9ivx6mni1k1j75l7u8r1c7500000000000000000000000000000061', '9217udu70ry18tiso59qh9tcdn1orn6800000000000000000000000000000186');
 INSERT INTO visibilitymodifier (set_id, item_id)  VALUES  ('22580zkqywyt8nsn91y2n64rupc7uu7s', '20071109NM000000000000000000000520071109NM0000000000000000000001');
INSERT INTO metadata_display_label ( default_locale, oid, site_master, key_name) VALUES ('Locked By', 'xfemg63msl7tali0k9dh0fwmxjxw23apNM200904120000000000000000000030', 'www.runwaysdk.com', 'xfemg63msl7tali0k9dh0fwmxjxw23apNM200904120000000000000000000030');
 INSERT INTO visibilitymodifier (set_id, item_id)  VALUES  ('xinvf6uc4felx3jztj033fdvrdrhniw1', '20071109NM000000000000000000000520071109NM0000000000000000000001');
 INSERT INTO md_attribute_indicies (set_id, item_id)  VALUES  ('zkfkofpcjkwfp19iwb9x3zdr5988picp', '0000000000000000000000000000040000000000000000000000000000000403');
INSERT INTO metadata_display_label ( default_locale, oid, site_master, key_name) VALUES ('User who has a write lock on this object', 'zo6srqzoxxi2e0cn7kjm0f9vuct9ioprNM200904120000000000000000000030', 'www.runwaysdk.com', 'zo6srqzoxxi2e0cn7kjm0f9vuct9ioprNM200904120000000000000000000030');
INSERT INTO md_attribute_reference ( default_value, md_business, oid) VALUES (NULL, '0000000000000000000000000000000300000000000000000000000000000001', 'sb6zhr03qrlhkql48xdzjlfsedeztx6q00000000000000000000000000000186');
INSERT INTO md_attribute_ref ( oid) VALUES ('sb6zhr03qrlhkql48xdzjlfsedeztx6q00000000000000000000000000000186');
INSERT INTO md_attribute_concrete ( column_name, defining_md_class, setter_visibility, setter_visibility_c, immutable, index_name, generate_accessor, system, required, display_label, getter_visibility, getter_visibility_c, index_type, index_type_c, attribute_name, oid) VALUES ('locked_by', 'z3g4p4x0v9ivx6mni1k1j75l7u8r1c7500000000000000000000000000000061', '22580zkqywyt8nsn91y2n64rupc7uu7s', '20071109NM000000000000000000000520071109NM0000000000000000000001', 0, 'a5rozgard7k8c7tvgfqen0ac06gm70', 1, 1, 0, 'xfemg63msl7tali0k9dh0fwmxjxw23apNM200904120000000000000000000030', 'xinvf6uc4felx3jztj033fdvrdrhniw1', '20071109NM000000000000000000000520071109NM0000000000000000000001', 'zkfkofpcjkwfp19iwb9x3zdr5988picp', '0000000000000000000000000000040000000000000000000000000000000403', 'lockedBy', 'sb6zhr03qrlhkql48xdzjlfsedeztx6q00000000000000000000000000000186');
INSERT INTO md_attribute ( oid) VALUES ('sb6zhr03qrlhkql48xdzjlfsedeztx6q00000000000000000000000000000186');
INSERT INTO metadata ( description, created_by, owner, oid, create_date, seq, type, remove, site_master, locked_by, entity_domain, last_updated_by, last_update_date, key_name) VALUES ('zo6srqzoxxi2e0cn7kjm0f9vuct9ioprNM200904120000000000000000000030', '0000000000000000000000000000001000000000000000000000000000000003', '0000000000000000000000000000001000000000000000000000000000000003', 'sb6zhr03qrlhkql48xdzjlfsedeztx6q00000000000000000000000000000186', '2014-02-10 12:13:54', 4663, 'com.runwaysdk.system.metadata.MdAttributeReference', 0, 'www.runwaysdk.com', NULL, NULL, '0000000000000000000000000000001000000000000000000000000000000003', '2014-02-10 12:13:54', 'com.runwaysdk.system.scheduler.JobHistoryRecord.lockedBy');
ALTER TABLE job_history_record ADD COLUMN locked_by  char(64);
INSERT INTO class_attribute_concrete ( oid, parent_id, child_id) VALUES ('re78dqsuq5dad1dbfwxxuqxsf6al1nyj00000000000000000000000000000073', 'z3g4p4x0v9ivx6mni1k1j75l7u8r1c7500000000000000000000000000000061', 'sb6zhr03qrlhkql48xdzjlfsedeztx6q00000000000000000000000000000186');
INSERT INTO class_attribute ( oid, parent_id, child_id) VALUES ('re78dqsuq5dad1dbfwxxuqxsf6al1nyj00000000000000000000000000000073', 'z3g4p4x0v9ivx6mni1k1j75l7u8r1c7500000000000000000000000000000061', 'sb6zhr03qrlhkql48xdzjlfsedeztx6q00000000000000000000000000000186');
INSERT INTO metadata_relationship ( entity_domain, site_master, last_updated_by, oid, owner, locked_by, create_date, type, created_by, seq, key_name, last_update_date, parent_id, child_id) VALUES (NULL, 'www.runwaysdk.com', '0000000000000000000000000000001000000000000000000000000000000003', 're78dqsuq5dad1dbfwxxuqxsf6al1nyj00000000000000000000000000000073', '0000000000000000000000000000001000000000000000000000000000000003', NULL, '2014-02-10 12:13:54', 'com.runwaysdk.system.metadata.ClassAttributeConcrete', '0000000000000000000000000000001000000000000000000000000000000003', 4664, 'com.runwaysdk.system.scheduler.JobHistoryRecord.lockedBy', '2014-02-10 12:13:54', 'z3g4p4x0v9ivx6mni1k1j75l7u8r1c7500000000000000000000000000000061', 'sb6zhr03qrlhkql48xdzjlfsedeztx6q00000000000000000000000000000186');
 INSERT INTO visibilitymodifier (set_id, item_id)  VALUES  ('y10p6t0bjx7lgnx30hnk21dx5gfwq3pk', '20071109NM000000000000000000000520071109NM0000000000000000000001');
INSERT INTO metadata_display_label ( default_locale, oid, site_master, key_name) VALUES ('Create Date', 'snm8a3ryphmxwo0fvvgy2u2mnilcdufoNM200904120000000000000000000030', 'www.runwaysdk.com', 'snm8a3ryphmxwo0fvvgy2u2mnilcdufoNM200904120000000000000000000030');
 INSERT INTO visibilitymodifier (set_id, item_id)  VALUES  ('0gycfo3y3b5pssx9o6to4jljm7sm022x', '20071109NM000000000000000000000520071109NM0000000000000000000001');
 INSERT INTO md_attribute_indicies (set_id, item_id)  VALUES  ('xbw9ce3mt2akvg5cjdtuk8dbuqr12ois', '0000000000000000000000000000040100000000000000000000000000000403');
INSERT INTO metadata_display_label ( default_locale, oid, site_master, key_name) VALUES ('Date and time this record was created', 'xuau7bdk88v8p7jqgtiz11azfpsz85umNM200904120000000000000000000030', 'www.runwaysdk.com', 'xuau7bdk88v8p7jqgtiz11azfpsz85umNM200904120000000000000000000030');
INSERT INTO md_attribute_datetime ( default_value, oid) VALUES (NULL, 'xd57y9i9a16crx870kntkwba7b4np6rp00000000000000000000000000000341');
INSERT INTO md_attribute_moment ( oid) VALUES ('xd57y9i9a16crx870kntkwba7b4np6rp00000000000000000000000000000341');
INSERT INTO md_attribute_primitive ( oid) VALUES ('xd57y9i9a16crx870kntkwba7b4np6rp00000000000000000000000000000341');
INSERT INTO md_attribute_concrete ( column_name, defining_md_class, setter_visibility, setter_visibility_c, immutable, index_name, generate_accessor, system, required, display_label, getter_visibility, getter_visibility_c, index_type, index_type_c, attribute_name, oid) VALUES ('create_date', 'z3g4p4x0v9ivx6mni1k1j75l7u8r1c7500000000000000000000000000000061', 'y10p6t0bjx7lgnx30hnk21dx5gfwq3pk', '20071109NM000000000000000000000520071109NM0000000000000000000001', 0, 'a7ddpjbwzogd6b9twqzpzqaxd486yl', 1, 1, 1, 'snm8a3ryphmxwo0fvvgy2u2mnilcdufoNM200904120000000000000000000030', '0gycfo3y3b5pssx9o6to4jljm7sm022x', '20071109NM000000000000000000000520071109NM0000000000000000000001', 'xbw9ce3mt2akvg5cjdtuk8dbuqr12ois', '0000000000000000000000000000040100000000000000000000000000000403', 'createDate', 'xd57y9i9a16crx870kntkwba7b4np6rp00000000000000000000000000000341');
INSERT INTO md_attribute ( oid) VALUES ('xd57y9i9a16crx870kntkwba7b4np6rp00000000000000000000000000000341');
INSERT INTO metadata ( description, created_by, owner, oid, create_date, seq, type, remove, site_master, locked_by, entity_domain, last_updated_by, last_update_date, key_name) VALUES ('xuau7bdk88v8p7jqgtiz11azfpsz85umNM200904120000000000000000000030', '0000000000000000000000000000001000000000000000000000000000000003', '0000000000000000000000000000001000000000000000000000000000000003', 'xd57y9i9a16crx870kntkwba7b4np6rp00000000000000000000000000000341', '2014-02-10 12:13:54', 4665, 'com.runwaysdk.system.metadata.MdAttributeDateTime', 0, 'www.runwaysdk.com', NULL, NULL, '0000000000000000000000000000001000000000000000000000000000000003', '2014-02-10 12:13:54', 'com.runwaysdk.system.scheduler.JobHistoryRecord.createDate');
ALTER TABLE job_history_record ADD COLUMN create_date  timestamp;
INSERT INTO class_attribute_concrete ( oid, parent_id, child_id) VALUES ('8ixe7xa0jxhqrltjrygpzhv4hlbep9z600000000000000000000000000000073', 'z3g4p4x0v9ivx6mni1k1j75l7u8r1c7500000000000000000000000000000061', 'xd57y9i9a16crx870kntkwba7b4np6rp00000000000000000000000000000341');
INSERT INTO class_attribute ( oid, parent_id, child_id) VALUES ('8ixe7xa0jxhqrltjrygpzhv4hlbep9z600000000000000000000000000000073', 'z3g4p4x0v9ivx6mni1k1j75l7u8r1c7500000000000000000000000000000061', 'xd57y9i9a16crx870kntkwba7b4np6rp00000000000000000000000000000341');
INSERT INTO metadata_relationship ( entity_domain, site_master, last_updated_by, oid, owner, locked_by, create_date, type, created_by, seq, key_name, last_update_date, parent_id, child_id) VALUES (NULL, 'www.runwaysdk.com', '0000000000000000000000000000001000000000000000000000000000000003', '8ixe7xa0jxhqrltjrygpzhv4hlbep9z600000000000000000000000000000073', '0000000000000000000000000000001000000000000000000000000000000003', NULL, '2014-02-10 12:13:54', 'com.runwaysdk.system.metadata.ClassAttributeConcrete', '0000000000000000000000000000001000000000000000000000000000000003', 4666, 'com.runwaysdk.system.scheduler.JobHistoryRecord.createDate', '2014-02-10 12:13:54', 'z3g4p4x0v9ivx6mni1k1j75l7u8r1c7500000000000000000000000000000061', 'xd57y9i9a16crx870kntkwba7b4np6rp00000000000000000000000000000341');
 INSERT INTO visibilitymodifier (set_id, item_id)  VALUES  ('00q1d7qfm91xjah4ef22d5uwucjq8nkk', '20071109NM000000000000000000000520071109NM0000000000000000000001');
INSERT INTO metadata_display_label ( default_locale, oid, site_master, key_name) VALUES ('Owner', 'sa3pt8eix5joovn6iqrdzvwdb0le0mi0NM200904120000000000000000000030', 'www.runwaysdk.com', 'sa3pt8eix5joovn6iqrdzvwdb0le0mi0NM200904120000000000000000000030');
 INSERT INTO visibilitymodifier (set_id, item_id)  VALUES  ('0alcfle84oa4adhm0j4iwfjz3qt4rmf6', '20071109NM000000000000000000000520071109NM0000000000000000000001');
 INSERT INTO md_attribute_indicies (set_id, item_id)  VALUES  ('rdss17ydzf11carwrvvgwqp1s5lsnvbg', '0000000000000000000000000000040000000000000000000000000000000403');
INSERT INTO metadata_display_label ( default_locale, oid, site_master, key_name) VALUES ('A reference to the user who own this object', 'z12vykq0a4ubrmh6wsngvq19qoa2ylylNM200904120000000000000000000030', 'www.runwaysdk.com', 'z12vykq0a4ubrmh6wsngvq19qoa2ylylNM200904120000000000000000000030');
INSERT INTO md_attribute_reference ( default_value, md_business, oid) VALUES (NULL, '0000000000000000000000000000051600000000000000000000000000000001', 'z5vlwcelr9iz2dnb610e6c3q919kjpu000000000000000000000000000000186');
INSERT INTO md_attribute_ref ( oid) VALUES ('z5vlwcelr9iz2dnb610e6c3q919kjpu000000000000000000000000000000186');
INSERT INTO md_attribute_concrete ( column_name, defining_md_class, setter_visibility, setter_visibility_c, immutable, index_name, generate_accessor, system, required, display_label, getter_visibility, getter_visibility_c, index_type, index_type_c, attribute_name, oid) VALUES ('owner', 'z3g4p4x0v9ivx6mni1k1j75l7u8r1c7500000000000000000000000000000061', '00q1d7qfm91xjah4ef22d5uwucjq8nkk', '20071109NM000000000000000000000520071109NM0000000000000000000001', 0, 'apkejec9r9y6wxvulx4tf25xcgy1ih', 1, 0, 1, 'sa3pt8eix5joovn6iqrdzvwdb0le0mi0NM200904120000000000000000000030', '0alcfle84oa4adhm0j4iwfjz3qt4rmf6', '20071109NM000000000000000000000520071109NM0000000000000000000001', 'rdss17ydzf11carwrvvgwqp1s5lsnvbg', '0000000000000000000000000000040000000000000000000000000000000403', 'owner', 'z5vlwcelr9iz2dnb610e6c3q919kjpu000000000000000000000000000000186');
INSERT INTO md_attribute ( oid) VALUES ('z5vlwcelr9iz2dnb610e6c3q919kjpu000000000000000000000000000000186');
INSERT INTO metadata ( description, created_by, owner, oid, create_date, seq, type, remove, site_master, locked_by, entity_domain, last_updated_by, last_update_date, key_name) VALUES ('z12vykq0a4ubrmh6wsngvq19qoa2ylylNM200904120000000000000000000030', '0000000000000000000000000000001000000000000000000000000000000003', '0000000000000000000000000000001000000000000000000000000000000003', 'z5vlwcelr9iz2dnb610e6c3q919kjpu000000000000000000000000000000186', '2014-02-10 12:13:54', 4667, 'com.runwaysdk.system.metadata.MdAttributeReference', 0, 'www.runwaysdk.com', NULL, NULL, '0000000000000000000000000000001000000000000000000000000000000003', '2014-02-10 12:13:54', 'com.runwaysdk.system.scheduler.JobHistoryRecord.owner');
ALTER TABLE job_history_record ADD COLUMN owner  char(64);
INSERT INTO class_attribute_concrete ( oid, parent_id, child_id) VALUES ('rduf71lubjcy6u9at1jlbd92tmvf4ikc00000000000000000000000000000073', 'z3g4p4x0v9ivx6mni1k1j75l7u8r1c7500000000000000000000000000000061', 'z5vlwcelr9iz2dnb610e6c3q919kjpu000000000000000000000000000000186');
INSERT INTO class_attribute ( oid, parent_id, child_id) VALUES ('rduf71lubjcy6u9at1jlbd92tmvf4ikc00000000000000000000000000000073', 'z3g4p4x0v9ivx6mni1k1j75l7u8r1c7500000000000000000000000000000061', 'z5vlwcelr9iz2dnb610e6c3q919kjpu000000000000000000000000000000186');
INSERT INTO metadata_relationship ( entity_domain, site_master, last_updated_by, oid, owner, locked_by, create_date, type, created_by, seq, key_name, last_update_date, parent_id, child_id) VALUES (NULL, 'www.runwaysdk.com', '0000000000000000000000000000001000000000000000000000000000000003', 'rduf71lubjcy6u9at1jlbd92tmvf4ikc00000000000000000000000000000073', '0000000000000000000000000000001000000000000000000000000000000003', NULL, '2014-02-10 12:13:54', 'com.runwaysdk.system.metadata.ClassAttributeConcrete', '0000000000000000000000000000001000000000000000000000000000000003', 4668, 'com.runwaysdk.system.scheduler.JobHistoryRecord.owner', '2014-02-10 12:13:54', 'z3g4p4x0v9ivx6mni1k1j75l7u8r1c7500000000000000000000000000000061', 'z5vlwcelr9iz2dnb610e6c3q919kjpu000000000000000000000000000000186');
 INSERT INTO visibilitymodifier (set_id, item_id)  VALUES  ('sdoxsl3zlfoztjj812gcebisil4ylx5x', '20071109NM000000000000000000000520071109NM0000000000000000000001');
INSERT INTO metadata_display_label ( default_locale, oid, site_master, key_name) VALUES ('Type', '0jyqidgponlnvf3pgr2m4r7zxyqp414zNM200904120000000000000000000030', 'www.runwaysdk.com', '0jyqidgponlnvf3pgr2m4r7zxyqp414zNM200904120000000000000000000030');
 INSERT INTO visibilitymodifier (set_id, item_id)  VALUES  ('zcdivvz23u5qzfg9bksu0fyiqnlnz8w1', '20071109NM000000000000000000000520071109NM0000000000000000000001');
 INSERT INTO md_attribute_indicies (set_id, item_id)  VALUES  ('6vlf0vi11eiobdxl2c2nrz88kmws67aw', '0000000000000000000000000000040100000000000000000000000000000403');
INSERT INTO metadata_display_label ( default_locale, oid, site_master, key_name) VALUES ('Fully qualified type of this object', 'sms8pz8jk2kcujt9jmkjczgmioddwqu4NM200904120000000000000000000030', 'www.runwaysdk.com', 'sms8pz8jk2kcujt9jmkjczgmioddwqu4NM200904120000000000000000000030');
INSERT INTO md_attribute_character ( default_value, database_size, oid) VALUES (NULL, 255, 's94lh6nkeh9dnn2gjcr7u8fowvaxxwz700000000000000000000000000000138');
INSERT INTO md_attribute_char ( oid) VALUES ('s94lh6nkeh9dnn2gjcr7u8fowvaxxwz700000000000000000000000000000138');
INSERT INTO md_attribute_primitive ( oid) VALUES ('s94lh6nkeh9dnn2gjcr7u8fowvaxxwz700000000000000000000000000000138');
INSERT INTO md_attribute_concrete ( column_name, defining_md_class, setter_visibility, setter_visibility_c, immutable, index_name, generate_accessor, system, required, display_label, getter_visibility, getter_visibility_c, index_type, index_type_c, attribute_name, oid) VALUES ('type', 'z3g4p4x0v9ivx6mni1k1j75l7u8r1c7500000000000000000000000000000061', 'sdoxsl3zlfoztjj812gcebisil4ylx5x', '20071109NM000000000000000000000520071109NM0000000000000000000001', 1, 'angthr8sz0v6tr79xx2qxr0ooptua3', 1, 1, 1, '0jyqidgponlnvf3pgr2m4r7zxyqp414zNM200904120000000000000000000030', 'zcdivvz23u5qzfg9bksu0fyiqnlnz8w1', '20071109NM000000000000000000000520071109NM0000000000000000000001', '6vlf0vi11eiobdxl2c2nrz88kmws67aw', '0000000000000000000000000000040100000000000000000000000000000403', 'type', 's94lh6nkeh9dnn2gjcr7u8fowvaxxwz700000000000000000000000000000138');
INSERT INTO md_attribute ( oid) VALUES ('s94lh6nkeh9dnn2gjcr7u8fowvaxxwz700000000000000000000000000000138');
INSERT INTO metadata ( description, created_by, owner, oid, create_date, seq, type, remove, site_master, locked_by, entity_domain, last_updated_by, last_update_date, key_name) VALUES ('sms8pz8jk2kcujt9jmkjczgmioddwqu4NM200904120000000000000000000030', '0000000000000000000000000000001000000000000000000000000000000003', '0000000000000000000000000000001000000000000000000000000000000003', 's94lh6nkeh9dnn2gjcr7u8fowvaxxwz700000000000000000000000000000138', '2014-02-10 12:13:54', 4669, 'com.runwaysdk.system.metadata.MdAttributeCharacter', 0, 'www.runwaysdk.com', NULL, NULL, '0000000000000000000000000000001000000000000000000000000000000003', '2014-02-10 12:13:54', 'com.runwaysdk.system.scheduler.JobHistoryRecord.type');
ALTER TABLE job_history_record ADD COLUMN type  varchar(255);
INSERT INTO class_attribute_concrete ( oid, parent_id, child_id) VALUES ('qyktn2d9wt9ufn21jek3afrfeh99plft00000000000000000000000000000073', 'z3g4p4x0v9ivx6mni1k1j75l7u8r1c7500000000000000000000000000000061', 's94lh6nkeh9dnn2gjcr7u8fowvaxxwz700000000000000000000000000000138');
INSERT INTO class_attribute ( oid, parent_id, child_id) VALUES ('qyktn2d9wt9ufn21jek3afrfeh99plft00000000000000000000000000000073', 'z3g4p4x0v9ivx6mni1k1j75l7u8r1c7500000000000000000000000000000061', 's94lh6nkeh9dnn2gjcr7u8fowvaxxwz700000000000000000000000000000138');
INSERT INTO metadata_relationship ( entity_domain, site_master, last_updated_by, oid, owner, locked_by, create_date, type, created_by, seq, key_name, last_update_date, parent_id, child_id) VALUES (NULL, 'www.runwaysdk.com', '0000000000000000000000000000001000000000000000000000000000000003', 'qyktn2d9wt9ufn21jek3afrfeh99plft00000000000000000000000000000073', '0000000000000000000000000000001000000000000000000000000000000003', NULL, '2014-02-10 12:13:54', 'com.runwaysdk.system.metadata.ClassAttributeConcrete', '0000000000000000000000000000001000000000000000000000000000000003', 4670, 'com.runwaysdk.system.scheduler.JobHistoryRecord.type', '2014-02-10 12:13:54', 'z3g4p4x0v9ivx6mni1k1j75l7u8r1c7500000000000000000000000000000061', 's94lh6nkeh9dnn2gjcr7u8fowvaxxwz700000000000000000000000000000138');
 INSERT INTO visibilitymodifier (set_id, item_id)  VALUES  ('yz6lltxwqo1mdskhjlbz4yd5n8ycaht9', '20071109NM000000000000000000000520071109NM0000000000000000000001');
INSERT INTO metadata_display_label ( default_locale, oid, site_master, key_name) VALUES ('Entity Domain', 'zegj28hadnkdrcmdoil6ao69bk59wx2sNM200904120000000000000000000030', 'www.runwaysdk.com', 'zegj28hadnkdrcmdoil6ao69bk59wx2sNM200904120000000000000000000030');
 INSERT INTO visibilitymodifier (set_id, item_id)  VALUES  ('xcrfm7qvazgq6vlfcpqbv21wv96mzp9u', '20071109NM000000000000000000000520071109NM0000000000000000000001');
 INSERT INTO md_attribute_indicies (set_id, item_id)  VALUES  ('r1d4bds2gqgmrsfbs6gmtj08bq1mhh4w', '0000000000000000000000000000040100000000000000000000000000000403');
INSERT INTO metadata_display_label ( default_locale, oid, site_master, key_name) VALUES ('The Domain of this entity', 'qldfzbhqk32qt3bivnz5mtgrkdd03gluNM200904120000000000000000000030', 'www.runwaysdk.com', 'qldfzbhqk32qt3bivnz5mtgrkdd03gluNM200904120000000000000000000030');
INSERT INTO md_attribute_reference ( default_value, md_business, oid) VALUES (NULL, 'NM20081011000000000000000000011100000000000000000000000000000001', '2gmw28xb7plchi55b2b0tqci9bd6ypwt00000000000000000000000000000186');
INSERT INTO md_attribute_ref ( oid) VALUES ('2gmw28xb7plchi55b2b0tqci9bd6ypwt00000000000000000000000000000186');
INSERT INTO md_attribute_concrete ( column_name, defining_md_class, setter_visibility, setter_visibility_c, immutable, index_name, generate_accessor, system, required, display_label, getter_visibility, getter_visibility_c, index_type, index_type_c, attribute_name, oid) VALUES ('entity_domain', 'z3g4p4x0v9ivx6mni1k1j75l7u8r1c7500000000000000000000000000000061', 'yz6lltxwqo1mdskhjlbz4yd5n8ycaht9', '20071109NM000000000000000000000520071109NM0000000000000000000001', 0, 'aop1imntkv6az2okw7fjduaca0lhiy', 1, 0, 0, 'zegj28hadnkdrcmdoil6ao69bk59wx2sNM200904120000000000000000000030', 'xcrfm7qvazgq6vlfcpqbv21wv96mzp9u', '20071109NM000000000000000000000520071109NM0000000000000000000001', 'r1d4bds2gqgmrsfbs6gmtj08bq1mhh4w', '0000000000000000000000000000040100000000000000000000000000000403', 'entityDomain', '2gmw28xb7plchi55b2b0tqci9bd6ypwt00000000000000000000000000000186');
INSERT INTO md_attribute ( oid) VALUES ('2gmw28xb7plchi55b2b0tqci9bd6ypwt00000000000000000000000000000186');
INSERT INTO metadata ( description, created_by, owner, oid, create_date, seq, type, remove, site_master, locked_by, entity_domain, last_updated_by, last_update_date, key_name) VALUES ('qldfzbhqk32qt3bivnz5mtgrkdd03gluNM200904120000000000000000000030', '0000000000000000000000000000001000000000000000000000000000000003', '0000000000000000000000000000001000000000000000000000000000000003', '2gmw28xb7plchi55b2b0tqci9bd6ypwt00000000000000000000000000000186', '2014-02-10 12:13:54', 4671, 'com.runwaysdk.system.metadata.MdAttributeReference', 1, 'www.runwaysdk.com', NULL, NULL, '0000000000000000000000000000001000000000000000000000000000000003', '2014-02-10 12:13:54', 'com.runwaysdk.system.scheduler.JobHistoryRecord.entityDomain');
ALTER TABLE job_history_record ADD COLUMN entity_domain  char(64);
INSERT INTO class_attribute_concrete ( oid, parent_id, child_id) VALUES ('8oh7nw1vql8i7k8yg36odva2zez3aev300000000000000000000000000000073', 'z3g4p4x0v9ivx6mni1k1j75l7u8r1c7500000000000000000000000000000061', '2gmw28xb7plchi55b2b0tqci9bd6ypwt00000000000000000000000000000186');
INSERT INTO class_attribute ( oid, parent_id, child_id) VALUES ('8oh7nw1vql8i7k8yg36odva2zez3aev300000000000000000000000000000073', 'z3g4p4x0v9ivx6mni1k1j75l7u8r1c7500000000000000000000000000000061', '2gmw28xb7plchi55b2b0tqci9bd6ypwt00000000000000000000000000000186');
INSERT INTO metadata_relationship ( entity_domain, site_master, last_updated_by, oid, owner, locked_by, create_date, type, created_by, seq, key_name, last_update_date, parent_id, child_id) VALUES (NULL, 'www.runwaysdk.com', '0000000000000000000000000000001000000000000000000000000000000003', '8oh7nw1vql8i7k8yg36odva2zez3aev300000000000000000000000000000073', '0000000000000000000000000000001000000000000000000000000000000003', NULL, '2014-02-10 12:13:54', 'com.runwaysdk.system.metadata.ClassAttributeConcrete', '0000000000000000000000000000001000000000000000000000000000000003', 4672, 'com.runwaysdk.system.scheduler.JobHistoryRecord.entityDomain', '2014-02-10 12:13:54', 'z3g4p4x0v9ivx6mni1k1j75l7u8r1c7500000000000000000000000000000061', '2gmw28xb7plchi55b2b0tqci9bd6ypwt00000000000000000000000000000186');
 INSERT INTO visibilitymodifier (set_id, item_id)  VALUES  ('z4nh4zr0ati9q7omc5u6nkmbzclk3gqp', '20071109NM000000000000000000000520071109NM0000000000000000000001');
INSERT INTO metadata_display_label ( default_locale, oid, site_master, key_name) VALUES ('Sequence', '0h8b5ht9svovas7ounto5jm011q8x98uNM200904120000000000000000000030', 'www.runwaysdk.com', '0h8b5ht9svovas7ounto5jm011q8x98uNM200904120000000000000000000030');
 INSERT INTO visibilitymodifier (set_id, item_id)  VALUES  ('8vgjr2ab0d0xrc9i1wuce323ck3v9kpe', '20071109NM000000000000000000000520071109NM0000000000000000000001');
 INSERT INTO md_attribute_indicies (set_id, item_id)  VALUES  ('xo20bf364mnm45xkyn8wwi28hiz7r0yk', '0000000000000000000000000000040100000000000000000000000000000403');
INSERT INTO metadata_display_label ( default_locale, oid, site_master, key_name) VALUES ('Sequence number is incremented every time this object is updated', '1t79zl3avu7m4dbahg5hf7esdd3g5oyvNM200904120000000000000000000030', 'www.runwaysdk.com', '1t79zl3avu7m4dbahg5hf7esdd3g5oyvNM200904120000000000000000000030');
INSERT INTO md_attribute_long ( end_range, default_value, start_range, oid) VALUES (NULL, NULL, NULL, '78rhg5gvymav6ppc6nu4la0uiy4rmu9v00000000000000000000000000000338');
INSERT INTO md_attribute_int ( oid) VALUES ('78rhg5gvymav6ppc6nu4la0uiy4rmu9v00000000000000000000000000000338');
INSERT INTO md_attribute_number ( reject_negative, reject_zero, reject_positive, oid) VALUES (1, 0, 0, '78rhg5gvymav6ppc6nu4la0uiy4rmu9v00000000000000000000000000000338');
INSERT INTO md_attribute_primitive ( oid) VALUES ('78rhg5gvymav6ppc6nu4la0uiy4rmu9v00000000000000000000000000000338');
INSERT INTO md_attribute_concrete ( column_name, defining_md_class, setter_visibility, setter_visibility_c, immutable, index_name, generate_accessor, system, required, display_label, getter_visibility, getter_visibility_c, index_type, index_type_c, attribute_name, oid) VALUES ('seq', 'z3g4p4x0v9ivx6mni1k1j75l7u8r1c7500000000000000000000000000000061', 'z4nh4zr0ati9q7omc5u6nkmbzclk3gqp', '20071109NM000000000000000000000520071109NM0000000000000000000001', 0, 'ad7o2ztdvjlcdcwfk4e9vjq43m0yyb', 1, 1, 1, '0h8b5ht9svovas7ounto5jm011q8x98uNM200904120000000000000000000030', '8vgjr2ab0d0xrc9i1wuce323ck3v9kpe', '20071109NM000000000000000000000520071109NM0000000000000000000001', 'xo20bf364mnm45xkyn8wwi28hiz7r0yk', '0000000000000000000000000000040100000000000000000000000000000403', 'seq', '78rhg5gvymav6ppc6nu4la0uiy4rmu9v00000000000000000000000000000338');
INSERT INTO md_attribute ( oid) VALUES ('78rhg5gvymav6ppc6nu4la0uiy4rmu9v00000000000000000000000000000338');
INSERT INTO metadata ( description, created_by, owner, oid, create_date, seq, type, remove, site_master, locked_by, entity_domain, last_updated_by, last_update_date, key_name) VALUES ('1t79zl3avu7m4dbahg5hf7esdd3g5oyvNM200904120000000000000000000030', '0000000000000000000000000000001000000000000000000000000000000003', '0000000000000000000000000000001000000000000000000000000000000003', '78rhg5gvymav6ppc6nu4la0uiy4rmu9v00000000000000000000000000000338', '2014-02-10 12:13:54', 4673, 'com.runwaysdk.system.metadata.MdAttributeLong', 0, 'www.runwaysdk.com', NULL, NULL, '0000000000000000000000000000001000000000000000000000000000000003', '2014-02-10 12:13:54', 'com.runwaysdk.system.scheduler.JobHistoryRecord.seq');
ALTER TABLE job_history_record ADD COLUMN seq  bigint;
INSERT INTO class_attribute_concrete ( oid, parent_id, child_id) VALUES ('xt2byc9jay5jlyoyq4mtauzgghzf3t0700000000000000000000000000000073', 'z3g4p4x0v9ivx6mni1k1j75l7u8r1c7500000000000000000000000000000061', '78rhg5gvymav6ppc6nu4la0uiy4rmu9v00000000000000000000000000000338');
INSERT INTO class_attribute ( oid, parent_id, child_id) VALUES ('xt2byc9jay5jlyoyq4mtauzgghzf3t0700000000000000000000000000000073', 'z3g4p4x0v9ivx6mni1k1j75l7u8r1c7500000000000000000000000000000061', '78rhg5gvymav6ppc6nu4la0uiy4rmu9v00000000000000000000000000000338');
INSERT INTO metadata_relationship ( entity_domain, site_master, last_updated_by, oid, owner, locked_by, create_date, type, created_by, seq, key_name, last_update_date, parent_id, child_id) VALUES (NULL, 'www.runwaysdk.com', '0000000000000000000000000000001000000000000000000000000000000003', 'xt2byc9jay5jlyoyq4mtauzgghzf3t0700000000000000000000000000000073', '0000000000000000000000000000001000000000000000000000000000000003', NULL, '2014-02-10 12:13:54', 'com.runwaysdk.system.metadata.ClassAttributeConcrete', '0000000000000000000000000000001000000000000000000000000000000003', 4674, 'com.runwaysdk.system.scheduler.JobHistoryRecord.seq', '2014-02-10 12:13:54', 'z3g4p4x0v9ivx6mni1k1j75l7u8r1c7500000000000000000000000000000061', '78rhg5gvymav6ppc6nu4la0uiy4rmu9v00000000000000000000000000000338');
INSERT INTO metadata_display_label ( default_locale, oid, site_master, key_name) VALUES (NULL, '2f3k0gwykp9z7s83s547n96fihtc697sNM200904120000000000000000000030', 'www.runwaysdk.com', '2f3k0gwykp9z7s83s547n96fihtc697sNM200904120000000000000000000030');
INSERT INTO metadata_display_label ( default_locale, oid, site_master, key_name) VALUES (NULL, 'sxtoc8hi7e2pi8dn2byismlb7mhvgvlmNM200904120000000000000000000030', 'www.runwaysdk.com', 'sxtoc8hi7e2pi8dn2byismlb7mhvgvlmNM200904120000000000000000000030');
INSERT INTO md_controller ( stub_source, oid) VALUES (NULL, 'zf2htgbfl5qcej1z4jhxg3zvbg3yvx62NM200810110000000000000000000112');
INSERT INTO md_type ( display_label, root_id, package_name, type_name, base_source, js_base, js_stub, exported, dto_source, oid) VALUES ('2f3k0gwykp9z7s83s547n96fihtc697sNM200904120000000000000000000030', 'zf2htgbfl5qcej1z4jhxg3zvbg3yvx62', 'com.runwaysdk.system.scheduler', 'JobHistoryRecordController', NULL, NULL, NULL, 1, NULL, 'zf2htgbfl5qcej1z4jhxg3zvbg3yvx62NM200810110000000000000000000112');
INSERT INTO metadata ( description, created_by, owner, oid, create_date, seq, type, remove, site_master, locked_by, entity_domain, last_updated_by, last_update_date, key_name) VALUES ('sxtoc8hi7e2pi8dn2byismlb7mhvgvlmNM200904120000000000000000000030', '0000000000000000000000000000001000000000000000000000000000000003', '0000000000000000000000000000001000000000000000000000000000000003', 'zf2htgbfl5qcej1z4jhxg3zvbg3yvx62NM200810110000000000000000000112', '2014-02-10 12:13:54', 4675, 'com.runwaysdk.system.metadata.MdController', 1, 'www.runwaysdk.com', NULL, NULL, '0000000000000000000000000000001000000000000000000000000000000003', '2014-02-10 12:13:54', 'com.runwaysdk.system.scheduler.JobHistoryRecordController');
INSERT INTO metadata_display_label ( default_locale, oid, site_master, key_name) VALUES ('View Page', '1uhx2ujjimnwljsd4kobauen9gorq1s0NM200904120000000000000000000030', 'www.runwaysdk.com', '1uhx2ujjimnwljsd4kobauen9gorq1s0NM200904120000000000000000000030');
INSERT INTO metadata_display_label ( default_locale, oid, site_master, key_name) VALUES ('Loads a ViewAll query for a specific page into the request object', 'zffpjpycguz6jiqvbul3n96vk5l9kh3tNM200904120000000000000000000030', 'www.runwaysdk.com', 'zffpjpycguz6jiqvbul3n96vk5l9kh3tNM200904120000000000000000000030');
INSERT INTO md_action ( is_query, enclosing_md_controller, is_post, action_name, display_label, oid) VALUES (1, 'zf2htgbfl5qcej1z4jhxg3zvbg3yvx62NM200810110000000000000000000112', 0, 'viewPage', '1uhx2ujjimnwljsd4kobauen9gorq1s0NM200904120000000000000000000030', '8dccaq3lr5m901pmpyn30zwhiukbu6ydNM200810110000000000000000000113');
INSERT INTO metadata ( description, created_by, owner, oid, create_date, seq, type, remove, site_master, locked_by, entity_domain, last_updated_by, last_update_date, key_name) VALUES ('zffpjpycguz6jiqvbul3n96vk5l9kh3tNM200904120000000000000000000030', '0000000000000000000000000000001000000000000000000000000000000003', '0000000000000000000000000000001000000000000000000000000000000003', '8dccaq3lr5m901pmpyn30zwhiukbu6ydNM200810110000000000000000000113', '2014-02-10 12:13:54', 4676, 'com.runwaysdk.system.metadata.MdAction', 1, 'www.runwaysdk.com', NULL, NULL, '0000000000000000000000000000001000000000000000000000000000000003', '2014-02-10 12:13:54', 'com.runwaysdk.system.scheduler.JobHistoryRecordController.viewPage');
INSERT INTO controller_action ( key_name, locked_by, oid, owner, entity_domain, created_by, type, last_update_date, create_date, seq, last_updated_by, site_master, parent_id, child_id) VALUES ('com.runwaysdk.system.scheduler.JobHistoryRecordController.viewPage', NULL, '2a0tslk0zyyspvipu1twxlxli2yir2z1JS200807230000000000000000111111', '0000000000000000000000000000001000000000000000000000000000000003', NULL, '0000000000000000000000000000001000000000000000000000000000000003', 'com.runwaysdk.system.ControllerAction', '2014-02-10 12:13:54', '2014-02-10 12:13:54', 4677, '0000000000000000000000000000001000000000000000000000000000000003', 'www.runwaysdk.com', 'zf2htgbfl5qcej1z4jhxg3zvbg3yvx62NM200810110000000000000000000112', '8dccaq3lr5m901pmpyn30zwhiukbu6ydNM200810110000000000000000000113');
INSERT INTO metadata_display_label ( default_locale, oid, site_master, key_name) VALUES ('Sort Attribute', '8n5tqphn6fqy147k9qg1a1uyun1piewwNM200904120000000000000000000030', 'www.runwaysdk.com', '8n5tqphn6fqy147k9qg1a1uyun1piewwNM200904120000000000000000000030');
INSERT INTO metadata_display_label ( default_locale, oid, site_master, key_name) VALUES (NULL, '1tgf9rad1u41p1ksyrsi2dfm6qf46wacNM200904120000000000000000000030', 'www.runwaysdk.com', '1tgf9rad1u41p1ksyrsi2dfm6qf46wacNM200904120000000000000000000030');
INSERT INTO md_parameter ( metadata, parameter_order, parameter_name, parameter_type, display_label, oid) VALUES ('8dccaq3lr5m901pmpyn30zwhiukbu6ydNM200810110000000000000000000113', -4, 'sortAttribute', 'java.lang.String', '8n5tqphn6fqy147k9qg1a1uyun1piewwNM200904120000000000000000000030', '8ni3unt5kpy22jd7pl54en58h6miah2s20070427JS0000000000000000001517');
INSERT INTO metadata ( description, created_by, owner, oid, create_date, seq, type, remove, site_master, locked_by, entity_domain, last_updated_by, last_update_date, key_name) VALUES ('1tgf9rad1u41p1ksyrsi2dfm6qf46wacNM200904120000000000000000000030', '0000000000000000000000000000001000000000000000000000000000000003', '0000000000000000000000000000001000000000000000000000000000000003', '8ni3unt5kpy22jd7pl54en58h6miah2s20070427JS0000000000000000001517', '2014-02-10 12:13:54', 4678, 'com.runwaysdk.system.metadata.MdParameter', 1, 'www.runwaysdk.com', NULL, NULL, '0000000000000000000000000000001000000000000000000000000000000003', '2014-02-10 12:13:54', 'com.runwaysdk.system.scheduler.JobHistoryRecordController.viewPage.sortAttribute');
INSERT INTO metadata_parameter ( site_master, last_updated_by, create_date, seq, locked_by, entity_domain, created_by, type, last_update_date, key_name, owner, oid, parent_id, child_id) VALUES ('www.runwaysdk.com', '0000000000000000000000000000001000000000000000000000000000000003', '2014-02-10 12:13:54', 4679, NULL, NULL, '0000000000000000000000000000001000000000000000000000000000000003', 'com.runwaysdk.system.MetadataParameter', '2014-02-10 12:13:54', 'com.runwaysdk.system.scheduler.JobHistoryRecordController.viewPage.sortAttribute', '0000000000000000000000000000001000000000000000000000000000000003', '8nf4c0u1lkhbmn690o0n5z1d5n616j3420070427JS0000000000000000001524', '8dccaq3lr5m901pmpyn30zwhiukbu6ydNM200810110000000000000000000113', '8ni3unt5kpy22jd7pl54en58h6miah2s20070427JS0000000000000000001517');
INSERT INTO metadata_display_label ( default_locale, oid, site_master, key_name) VALUES ('Is Ascending', '700ye4rybcbpi2ce0yla789d76f3dxovNM200904120000000000000000000030', 'www.runwaysdk.com', '700ye4rybcbpi2ce0yla789d76f3dxovNM200904120000000000000000000030');
INSERT INTO metadata_display_label ( default_locale, oid, site_master, key_name) VALUES (NULL, 'r55yg4bjxbvdzoe9ij1lvll67topaoeuNM200904120000000000000000000030', 'www.runwaysdk.com', 'r55yg4bjxbvdzoe9ij1lvll67topaoeuNM200904120000000000000000000030');
INSERT INTO md_parameter ( metadata, parameter_order, parameter_name, parameter_type, display_label, oid) VALUES ('8dccaq3lr5m901pmpyn30zwhiukbu6ydNM200810110000000000000000000113', -3, 'isAscending', 'java.lang.Boolean', '700ye4rybcbpi2ce0yla789d76f3dxovNM200904120000000000000000000030', '8w1rxno8v5b5b22pexlzfqfqnfdowhvh20070427JS0000000000000000001517');
INSERT INTO metadata ( description, created_by, owner, oid, create_date, seq, type, remove, site_master, locked_by, entity_domain, last_updated_by, last_update_date, key_name) VALUES ('r55yg4bjxbvdzoe9ij1lvll67topaoeuNM200904120000000000000000000030', '0000000000000000000000000000001000000000000000000000000000000003', '0000000000000000000000000000001000000000000000000000000000000003', '8w1rxno8v5b5b22pexlzfqfqnfdowhvh20070427JS0000000000000000001517', '2014-02-10 12:13:54', 4680, 'com.runwaysdk.system.metadata.MdParameter', 1, 'www.runwaysdk.com', NULL, NULL, '0000000000000000000000000000001000000000000000000000000000000003', '2014-02-10 12:13:54', 'com.runwaysdk.system.scheduler.JobHistoryRecordController.viewPage.isAscending');
INSERT INTO metadata_parameter ( site_master, last_updated_by, create_date, seq, locked_by, entity_domain, created_by, type, last_update_date, key_name, owner, oid, parent_id, child_id) VALUES ('www.runwaysdk.com', '0000000000000000000000000000001000000000000000000000000000000003', '2014-02-10 12:13:54', 4681, NULL, NULL, '0000000000000000000000000000001000000000000000000000000000000003', 'com.runwaysdk.system.MetadataParameter', '2014-02-10 12:13:54', 'com.runwaysdk.system.scheduler.JobHistoryRecordController.viewPage.isAscending', '0000000000000000000000000000001000000000000000000000000000000003', '93s0ni253vybq1279d4lke96fkyjiibp20070427JS0000000000000000001524', '8dccaq3lr5m901pmpyn30zwhiukbu6ydNM200810110000000000000000000113', '8w1rxno8v5b5b22pexlzfqfqnfdowhvh20070427JS0000000000000000001517');
INSERT INTO metadata_display_label ( default_locale, oid, site_master, key_name) VALUES ('Page Size', 'r9mfa0berjuiat8ih7o1l01ivmep1ydkNM200904120000000000000000000030', 'www.runwaysdk.com', 'r9mfa0berjuiat8ih7o1l01ivmep1ydkNM200904120000000000000000000030');
INSERT INTO metadata_display_label ( default_locale, oid, site_master, key_name) VALUES (NULL, '8q9ox7wnbqmqx38tpjry06x47oc2clxjNM200904120000000000000000000030', 'www.runwaysdk.com', '8q9ox7wnbqmqx38tpjry06x47oc2clxjNM200904120000000000000000000030');
INSERT INTO md_parameter ( metadata, parameter_order, parameter_name, parameter_type, display_label, oid) VALUES ('8dccaq3lr5m901pmpyn30zwhiukbu6ydNM200810110000000000000000000113', -2, 'pageSize', 'java.lang.Integer', 'r9mfa0berjuiat8ih7o1l01ivmep1ydkNM200904120000000000000000000030', '8x6yy3fzeg7f5wo2xv0jimd97itbz9yf20070427JS0000000000000000001517');
INSERT INTO metadata ( description, created_by, owner, oid, create_date, seq, type, remove, site_master, locked_by, entity_domain, last_updated_by, last_update_date, key_name) VALUES ('8q9ox7wnbqmqx38tpjry06x47oc2clxjNM200904120000000000000000000030', '0000000000000000000000000000001000000000000000000000000000000003', '0000000000000000000000000000001000000000000000000000000000000003', '8x6yy3fzeg7f5wo2xv0jimd97itbz9yf20070427JS0000000000000000001517', '2014-02-10 12:13:54', 4682, 'com.runwaysdk.system.metadata.MdParameter', 1, 'www.runwaysdk.com', NULL, NULL, '0000000000000000000000000000001000000000000000000000000000000003', '2014-02-10 12:13:54', 'com.runwaysdk.system.scheduler.JobHistoryRecordController.viewPage.pageSize');
INSERT INTO metadata_parameter ( site_master, last_updated_by, create_date, seq, locked_by, entity_domain, created_by, type, last_update_date, key_name, owner, oid, parent_id, child_id) VALUES ('www.runwaysdk.com', '0000000000000000000000000000001000000000000000000000000000000003', '2014-02-10 12:13:54', 4683, NULL, NULL, '0000000000000000000000000000001000000000000000000000000000000003', 'com.runwaysdk.system.MetadataParameter', '2014-02-10 12:13:54', 'com.runwaysdk.system.scheduler.JobHistoryRecordController.viewPage.pageSize', '0000000000000000000000000000001000000000000000000000000000000003', 'xrm4w0cljpmjicqwnph7x3xtyv10ngkq20070427JS0000000000000000001524', '8dccaq3lr5m901pmpyn30zwhiukbu6ydNM200810110000000000000000000113', '8x6yy3fzeg7f5wo2xv0jimd97itbz9yf20070427JS0000000000000000001517');
INSERT INTO metadata_display_label ( default_locale, oid, site_master, key_name) VALUES ('Page Number', '0g821ar9jjrqa30tf425rol9eu20xb4mNM200904120000000000000000000030', 'www.runwaysdk.com', '0g821ar9jjrqa30tf425rol9eu20xb4mNM200904120000000000000000000030');
INSERT INTO metadata_display_label ( default_locale, oid, site_master, key_name) VALUES (NULL, '21ft5yl6exq932opr8uojyx9lljchx6mNM200904120000000000000000000030', 'www.runwaysdk.com', '21ft5yl6exq932opr8uojyx9lljchx6mNM200904120000000000000000000030');
INSERT INTO md_parameter ( metadata, parameter_order, parameter_name, parameter_type, display_label, oid) VALUES ('8dccaq3lr5m901pmpyn30zwhiukbu6ydNM200810110000000000000000000113', -1, 'pageNumber', 'java.lang.Integer', '0g821ar9jjrqa30tf425rol9eu20xb4mNM200904120000000000000000000030', 'xbw6r3reibidhqhayusamq404nxwbkux20070427JS0000000000000000001517');
INSERT INTO metadata ( description, created_by, owner, oid, create_date, seq, type, remove, site_master, locked_by, entity_domain, last_updated_by, last_update_date, key_name) VALUES ('21ft5yl6exq932opr8uojyx9lljchx6mNM200904120000000000000000000030', '0000000000000000000000000000001000000000000000000000000000000003', '0000000000000000000000000000001000000000000000000000000000000003', 'xbw6r3reibidhqhayusamq404nxwbkux20070427JS0000000000000000001517', '2014-02-10 12:13:54', 4684, 'com.runwaysdk.system.metadata.MdParameter', 1, 'www.runwaysdk.com', NULL, NULL, '0000000000000000000000000000001000000000000000000000000000000003', '2014-02-10 12:13:54', 'com.runwaysdk.system.scheduler.JobHistoryRecordController.viewPage.pageNumber');
INSERT INTO metadata_parameter ( site_master, last_updated_by, create_date, seq, locked_by, entity_domain, created_by, type, last_update_date, key_name, owner, oid, parent_id, child_id) VALUES ('www.runwaysdk.com', '0000000000000000000000000000001000000000000000000000000000000003', '2014-02-10 12:13:54', 4685, NULL, NULL, '0000000000000000000000000000001000000000000000000000000000000003', 'com.runwaysdk.system.MetadataParameter', '2014-02-10 12:13:54', 'com.runwaysdk.system.scheduler.JobHistoryRecordController.viewPage.pageNumber', '0000000000000000000000000000001000000000000000000000000000000003', 'rd4svgl1yt4ytv4jyd25tqfajxsw1ln620070427JS0000000000000000001524', '8dccaq3lr5m901pmpyn30zwhiukbu6ydNM200810110000000000000000000113', 'xbw6r3reibidhqhayusamq404nxwbkux20070427JS0000000000000000001517');
INSERT INTO metadata_display_label ( default_locale, oid, site_master, key_name) VALUES ('View All', 'xk22d0ob5i1taw7pudhlpgqjwcpwdmy1NM200904120000000000000000000030', 'www.runwaysdk.com', 'xk22d0ob5i1taw7pudhlpgqjwcpwdmy1NM200904120000000000000000000030');
INSERT INTO metadata_display_label ( default_locale, oid, site_master, key_name) VALUES ('Loads a ViewAll query with the default settings', '6t3kjpfo60r85hk66023956ryhb2cdejNM200904120000000000000000000030', 'www.runwaysdk.com', '6t3kjpfo60r85hk66023956ryhb2cdejNM200904120000000000000000000030');
INSERT INTO md_action ( is_query, enclosing_md_controller, is_post, action_name, display_label, oid) VALUES (0, 'zf2htgbfl5qcej1z4jhxg3zvbg3yvx62NM200810110000000000000000000112', 0, 'viewAll', 'xk22d0ob5i1taw7pudhlpgqjwcpwdmy1NM200904120000000000000000000030', '00x37prds7eyq6p6505873v8ljkxezpqNM200810110000000000000000000113');
INSERT INTO metadata ( description, created_by, owner, oid, create_date, seq, type, remove, site_master, locked_by, entity_domain, last_updated_by, last_update_date, key_name) VALUES ('6t3kjpfo60r85hk66023956ryhb2cdejNM200904120000000000000000000030', '0000000000000000000000000000001000000000000000000000000000000003', '0000000000000000000000000000001000000000000000000000000000000003', '00x37prds7eyq6p6505873v8ljkxezpqNM200810110000000000000000000113', '2014-02-10 12:13:54', 4686, 'com.runwaysdk.system.metadata.MdAction', 1, 'www.runwaysdk.com', NULL, NULL, '0000000000000000000000000000001000000000000000000000000000000003', '2014-02-10 12:13:54', 'com.runwaysdk.system.scheduler.JobHistoryRecordController.viewAll');
INSERT INTO controller_action ( key_name, locked_by, oid, owner, entity_domain, created_by, type, last_update_date, create_date, seq, last_updated_by, site_master, parent_id, child_id) VALUES ('com.runwaysdk.system.scheduler.JobHistoryRecordController.viewAll', NULL, 'z56fpzxk459x9x2ma5sjuvynvrlx5s8qJS200807230000000000000000111111', '0000000000000000000000000000001000000000000000000000000000000003', NULL, '0000000000000000000000000000001000000000000000000000000000000003', 'com.runwaysdk.system.ControllerAction', '2014-02-10 12:13:54', '2014-02-10 12:13:54', 4687, '0000000000000000000000000000001000000000000000000000000000000003', 'www.runwaysdk.com', 'zf2htgbfl5qcej1z4jhxg3zvbg3yvx62NM200810110000000000000000000112', '00x37prds7eyq6p6505873v8ljkxezpqNM200810110000000000000000000113');
INSERT INTO metadata_display_label ( default_locale, oid, site_master, key_name) VALUES ('View', 'r9me33211wyoa3ptx3d1veeos9c7mx60NM200904120000000000000000000030', 'www.runwaysdk.com', 'r9me33211wyoa3ptx3d1veeos9c7mx60NM200904120000000000000000000030');
INSERT INTO metadata_display_label ( default_locale, oid, site_master, key_name) VALUES ('View an existing instance of com.runwaysdk.system.scheduler.JobHistoryRecord', '944ddremk8q9u3o6m2yoxj26qvex9yylNM200904120000000000000000000030', 'www.runwaysdk.com', '944ddremk8q9u3o6m2yoxj26qvex9yylNM200904120000000000000000000030');
INSERT INTO md_action ( is_query, enclosing_md_controller, is_post, action_name, display_label, oid) VALUES (0, 'zf2htgbfl5qcej1z4jhxg3zvbg3yvx62NM200810110000000000000000000112', 0, 'view', 'r9me33211wyoa3ptx3d1veeos9c7mx60NM200904120000000000000000000030', 'svhm87yynr6twg9357dqnr48y7b4871iNM200810110000000000000000000113');
INSERT INTO metadata ( description, created_by, owner, oid, create_date, seq, type, remove, site_master, locked_by, entity_domain, last_updated_by, last_update_date, key_name) VALUES ('944ddremk8q9u3o6m2yoxj26qvex9yylNM200904120000000000000000000030', '0000000000000000000000000000001000000000000000000000000000000003', '0000000000000000000000000000001000000000000000000000000000000003', 'svhm87yynr6twg9357dqnr48y7b4871iNM200810110000000000000000000113', '2014-02-10 12:13:54', 4688, 'com.runwaysdk.system.metadata.MdAction', 1, 'www.runwaysdk.com', NULL, NULL, '0000000000000000000000000000001000000000000000000000000000000003', '2014-02-10 12:13:54', 'com.runwaysdk.system.scheduler.JobHistoryRecordController.view');
INSERT INTO controller_action ( key_name, locked_by, oid, owner, entity_domain, created_by, type, last_update_date, create_date, seq, last_updated_by, site_master, parent_id, child_id) VALUES ('com.runwaysdk.system.scheduler.JobHistoryRecordController.view', NULL, '0enwjivkn3yv2wq80psogco7f040tx6pJS200807230000000000000000111111', '0000000000000000000000000000001000000000000000000000000000000003', NULL, '0000000000000000000000000000001000000000000000000000000000000003', 'com.runwaysdk.system.ControllerAction', '2014-02-10 12:13:54', '2014-02-10 12:13:54', 4689, '0000000000000000000000000000001000000000000000000000000000000003', 'www.runwaysdk.com', 'zf2htgbfl5qcej1z4jhxg3zvbg3yvx62NM200810110000000000000000000112', 'svhm87yynr6twg9357dqnr48y7b4871iNM200810110000000000000000000113');
INSERT INTO metadata_display_label ( default_locale, oid, site_master, key_name) VALUES ('Parameter: com.runwaysdk.system.scheduler.JobHistoryRecord - oid', 'qs95snu0xmq55jg9xdhp2mph93oqa3b5NM200904120000000000000000000030', 'www.runwaysdk.com', 'qs95snu0xmq55jg9xdhp2mph93oqa3b5NM200904120000000000000000000030');
INSERT INTO metadata_display_label ( default_locale, oid, site_master, key_name) VALUES ('Id of com.runwaysdk.system.scheduler.JobHistoryRecord to view.', 'sw5tfb8h67uzdcc1vbxp65szav17nsxdNM200904120000000000000000000030', 'www.runwaysdk.com', 'sw5tfb8h67uzdcc1vbxp65szav17nsxdNM200904120000000000000000000030');
INSERT INTO md_parameter ( metadata, parameter_order, parameter_name, parameter_type, display_label, oid) VALUES ('svhm87yynr6twg9357dqnr48y7b4871iNM200810110000000000000000000113', 0, 'oid', 'java.lang.String', 'qs95snu0xmq55jg9xdhp2mph93oqa3b5NM200904120000000000000000000030', 'r4svyvry6j6ct9cjlx39tcsok172u7z520070427JS0000000000000000001517');
INSERT INTO metadata ( description, created_by, owner, oid, create_date, seq, type, remove, site_master, locked_by, entity_domain, last_updated_by, last_update_date, key_name) VALUES ('sw5tfb8h67uzdcc1vbxp65szav17nsxdNM200904120000000000000000000030', '0000000000000000000000000000001000000000000000000000000000000003', '0000000000000000000000000000001000000000000000000000000000000003', 'r4svyvry6j6ct9cjlx39tcsok172u7z520070427JS0000000000000000001517', '2014-02-10 12:13:54', 4690, 'com.runwaysdk.system.metadata.MdParameter', 1, 'www.runwaysdk.com', NULL, NULL, '0000000000000000000000000000001000000000000000000000000000000003', '2014-02-10 12:13:54', 'com.runwaysdk.system.scheduler.JobHistoryRecordController.view.oid');
INSERT INTO metadata_parameter ( site_master, last_updated_by, create_date, seq, locked_by, entity_domain, created_by, type, last_update_date, key_name, owner, oid, parent_id, child_id) VALUES ('www.runwaysdk.com', '0000000000000000000000000000001000000000000000000000000000000003', '2014-02-10 12:13:54', 4691, NULL, NULL, '0000000000000000000000000000001000000000000000000000000000000003', 'com.runwaysdk.system.MetadataParameter', '2014-02-10 12:13:54', 'com.runwaysdk.system.scheduler.JobHistoryRecordController.view.oid', '0000000000000000000000000000001000000000000000000000000000000003', 'zc4kct9q6bt4ctp1oi83qv7unfjs69ps20070427JS0000000000000000001524', 'svhm87yynr6twg9357dqnr48y7b4871iNM200810110000000000000000000113', 'r4svyvry6j6ct9cjlx39tcsok172u7z520070427JS0000000000000000001517');
INSERT INTO metadata_display_label ( default_locale, oid, site_master, key_name) VALUES ('New Instance', 'xnlsn2aj407fznlo2n0dh8qtsigxko3sNM200904120000000000000000000030', 'www.runwaysdk.com', 'xnlsn2aj407fznlo2n0dh8qtsigxko3sNM200904120000000000000000000030');
INSERT INTO metadata_display_label ( default_locale, oid, site_master, key_name) VALUES ('Loads a new instance of com.runwaysdk.system.scheduler.JobHistoryRecord into the request object', '22qn9zgrldnhnq098p5v6i9826a1ixqiNM200904120000000000000000000030', 'www.runwaysdk.com', '22qn9zgrldnhnq098p5v6i9826a1ixqiNM200904120000000000000000000030');
INSERT INTO md_action ( is_query, enclosing_md_controller, is_post, action_name, display_label, oid) VALUES (0, 'zf2htgbfl5qcej1z4jhxg3zvbg3yvx62NM200810110000000000000000000112', 1, 'newInstance', 'xnlsn2aj407fznlo2n0dh8qtsigxko3sNM200904120000000000000000000030', 'zkkf6navpvkf9dv6k4sv08wfs5wvbmq3NM200810110000000000000000000113');
INSERT INTO metadata ( description, created_by, owner, oid, create_date, seq, type, remove, site_master, locked_by, entity_domain, last_updated_by, last_update_date, key_name) VALUES ('22qn9zgrldnhnq098p5v6i9826a1ixqiNM200904120000000000000000000030', '0000000000000000000000000000001000000000000000000000000000000003', '0000000000000000000000000000001000000000000000000000000000000003', 'zkkf6navpvkf9dv6k4sv08wfs5wvbmq3NM200810110000000000000000000113', '2014-02-10 12:13:54', 4692, 'com.runwaysdk.system.metadata.MdAction', 1, 'www.runwaysdk.com', NULL, NULL, '0000000000000000000000000000001000000000000000000000000000000003', '2014-02-10 12:13:54', 'com.runwaysdk.system.scheduler.JobHistoryRecordController.newInstance');
INSERT INTO controller_action ( key_name, locked_by, oid, owner, entity_domain, created_by, type, last_update_date, create_date, seq, last_updated_by, site_master, parent_id, child_id) VALUES ('com.runwaysdk.system.scheduler.JobHistoryRecordController.newInstance', NULL, '8kmmncknhiwbcoazeae3zttovubri2tjJS200807230000000000000000111111', '0000000000000000000000000000001000000000000000000000000000000003', NULL, '0000000000000000000000000000001000000000000000000000000000000003', 'com.runwaysdk.system.ControllerAction', '2014-02-10 12:13:54', '2014-02-10 12:13:54', 4693, '0000000000000000000000000000001000000000000000000000000000000003', 'www.runwaysdk.com', 'zf2htgbfl5qcej1z4jhxg3zvbg3yvx62NM200810110000000000000000000112', 'zkkf6navpvkf9dv6k4sv08wfs5wvbmq3NM200810110000000000000000000113');
INSERT INTO metadata_display_label ( default_locale, oid, site_master, key_name) VALUES ('Parent Parameter: com.runwaysdk.system.scheduler.JobHistoryRecord', 'r62o0scecyes6p89o2g90i552e127ezqNM200904120000000000000000000030', 'www.runwaysdk.com', 'r62o0scecyes6p89o2g90i552e127ezqNM200904120000000000000000000030');
INSERT INTO metadata_display_label ( default_locale, oid, site_master, key_name) VALUES ('Id of the parent of the Relationship', '04vskplmqq84n2tnxoxkt80p28sthhadNM200904120000000000000000000030', 'www.runwaysdk.com', '04vskplmqq84n2tnxoxkt80p28sthhadNM200904120000000000000000000030');
INSERT INTO md_parameter ( metadata, parameter_order, parameter_name, parameter_type, display_label, oid) VALUES ('zkkf6navpvkf9dv6k4sv08wfs5wvbmq3NM200810110000000000000000000113', 0, 'parentId', 'java.lang.String', 'r62o0scecyes6p89o2g90i552e127ezqNM200904120000000000000000000030', '6vl46eh4thi3c82okjgxqhcbaz29sc8w20070427JS0000000000000000001517');
INSERT INTO metadata ( description, created_by, owner, oid, create_date, seq, type, remove, site_master, locked_by, entity_domain, last_updated_by, last_update_date, key_name) VALUES ('04vskplmqq84n2tnxoxkt80p28sthhadNM200904120000000000000000000030', '0000000000000000000000000000001000000000000000000000000000000003', '0000000000000000000000000000001000000000000000000000000000000003', '6vl46eh4thi3c82okjgxqhcbaz29sc8w20070427JS0000000000000000001517', '2014-02-10 12:13:54', 4694, 'com.runwaysdk.system.metadata.MdParameter', 1, 'www.runwaysdk.com', NULL, NULL, '0000000000000000000000000000001000000000000000000000000000000003', '2014-02-10 12:13:54', 'com.runwaysdk.system.scheduler.JobHistoryRecordController.newInstance.parentId');
INSERT INTO metadata_parameter ( site_master, last_updated_by, create_date, seq, locked_by, entity_domain, created_by, type, last_update_date, key_name, owner, oid, parent_id, child_id) VALUES ('www.runwaysdk.com', '0000000000000000000000000000001000000000000000000000000000000003', '2014-02-10 12:13:54', 4695, NULL, NULL, '0000000000000000000000000000001000000000000000000000000000000003', 'com.runwaysdk.system.MetadataParameter', '2014-02-10 12:13:54', 'com.runwaysdk.system.scheduler.JobHistoryRecordController.newInstance.parentId', '0000000000000000000000000000001000000000000000000000000000000003', '7cprfi0eqm1vkarxl3ypsvhhe8fudq5820070427JS0000000000000000001524', 'zkkf6navpvkf9dv6k4sv08wfs5wvbmq3NM200810110000000000000000000113', '6vl46eh4thi3c82okjgxqhcbaz29sc8w20070427JS0000000000000000001517');
INSERT INTO metadata_display_label ( default_locale, oid, site_master, key_name) VALUES ('Child Parameter: com.runwaysdk.system.scheduler.JobHistoryRecord', 'z0nhd6qfdw56rxt6ko39ggcp5vvpweg5NM200904120000000000000000000030', 'www.runwaysdk.com', 'z0nhd6qfdw56rxt6ko39ggcp5vvpweg5NM200904120000000000000000000030');
INSERT INTO metadata_display_label ( default_locale, oid, site_master, key_name) VALUES ('Child of the Relationship', 'xs9kyxoms9o062wg8lluba06zihx75j3NM200904120000000000000000000030', 'www.runwaysdk.com', 'xs9kyxoms9o062wg8lluba06zihx75j3NM200904120000000000000000000030');
INSERT INTO md_parameter ( metadata, parameter_order, parameter_name, parameter_type, display_label, oid) VALUES ('zkkf6navpvkf9dv6k4sv08wfs5wvbmq3NM200810110000000000000000000113', 1, 'childId', 'java.lang.String', 'z0nhd6qfdw56rxt6ko39ggcp5vvpweg5NM200904120000000000000000000030', 'sfb52td8ak5sgmu4710l6ywza48ej8tt20070427JS0000000000000000001517');
INSERT INTO metadata ( description, created_by, owner, oid, create_date, seq, type, remove, site_master, locked_by, entity_domain, last_updated_by, last_update_date, key_name) VALUES ('xs9kyxoms9o062wg8lluba06zihx75j3NM200904120000000000000000000030', '0000000000000000000000000000001000000000000000000000000000000003', '0000000000000000000000000000001000000000000000000000000000000003', 'sfb52td8ak5sgmu4710l6ywza48ej8tt20070427JS0000000000000000001517', '2014-02-10 12:13:54', 4696, 'com.runwaysdk.system.metadata.MdParameter', 1, 'www.runwaysdk.com', NULL, NULL, '0000000000000000000000000000001000000000000000000000000000000003', '2014-02-10 12:13:54', 'com.runwaysdk.system.scheduler.JobHistoryRecordController.newInstance.childId');
INSERT INTO metadata_parameter ( site_master, last_updated_by, create_date, seq, locked_by, entity_domain, created_by, type, last_update_date, key_name, owner, oid, parent_id, child_id) VALUES ('www.runwaysdk.com', '0000000000000000000000000000001000000000000000000000000000000003', '2014-02-10 12:13:54', 4697, NULL, NULL, '0000000000000000000000000000001000000000000000000000000000000003', 'com.runwaysdk.system.MetadataParameter', '2014-02-10 12:13:54', 'com.runwaysdk.system.scheduler.JobHistoryRecordController.newInstance.childId', '0000000000000000000000000000001000000000000000000000000000000003', '7dtse5zvkw2zftgpqwq596hretc7ambp20070427JS0000000000000000001524', 'zkkf6navpvkf9dv6k4sv08wfs5wvbmq3NM200810110000000000000000000113', 'sfb52td8ak5sgmu4710l6ywza48ej8tt20070427JS0000000000000000001517');
INSERT INTO metadata_display_label ( default_locale, oid, site_master, key_name) VALUES ('Create', 'qyeu25hx4rdlnjtcz42uo0f5z1exg9mjNM200904120000000000000000000030', 'www.runwaysdk.com', 'qyeu25hx4rdlnjtcz42uo0f5z1exg9mjNM200904120000000000000000000030');
INSERT INTO metadata_display_label ( default_locale, oid, site_master, key_name) VALUES ('Applys a new instance of com.runwaysdk.system.scheduler.JobHistoryRecord', '0hdu0dm25pqfxkqye1dkze5yi478i675NM200904120000000000000000000030', 'www.runwaysdk.com', '0hdu0dm25pqfxkqye1dkze5yi478i675NM200904120000000000000000000030');
INSERT INTO md_action ( is_query, enclosing_md_controller, is_post, action_name, display_label, oid) VALUES (0, 'zf2htgbfl5qcej1z4jhxg3zvbg3yvx62NM200810110000000000000000000112', 1, 'create', 'qyeu25hx4rdlnjtcz42uo0f5z1exg9mjNM200904120000000000000000000030', 'yxj2n333i21ksqwmdiijt7ulma6l3iydNM200810110000000000000000000113');
INSERT INTO metadata ( description, created_by, owner, oid, create_date, seq, type, remove, site_master, locked_by, entity_domain, last_updated_by, last_update_date, key_name) VALUES ('0hdu0dm25pqfxkqye1dkze5yi478i675NM200904120000000000000000000030', '0000000000000000000000000000001000000000000000000000000000000003', '0000000000000000000000000000001000000000000000000000000000000003', 'yxj2n333i21ksqwmdiijt7ulma6l3iydNM200810110000000000000000000113', '2014-02-10 12:13:54', 4698, 'com.runwaysdk.system.metadata.MdAction', 1, 'www.runwaysdk.com', NULL, NULL, '0000000000000000000000000000001000000000000000000000000000000003', '2014-02-10 12:13:54', 'com.runwaysdk.system.scheduler.JobHistoryRecordController.create');
INSERT INTO controller_action ( key_name, locked_by, oid, owner, entity_domain, created_by, type, last_update_date, create_date, seq, last_updated_by, site_master, parent_id, child_id) VALUES ('com.runwaysdk.system.scheduler.JobHistoryRecordController.create', NULL, '7edhwj4ar2fozii8cwd8ufuwcwgfyd0eJS200807230000000000000000111111', '0000000000000000000000000000001000000000000000000000000000000003', NULL, '0000000000000000000000000000001000000000000000000000000000000003', 'com.runwaysdk.system.ControllerAction', '2014-02-10 12:13:54', '2014-02-10 12:13:54', 4699, '0000000000000000000000000000001000000000000000000000000000000003', 'www.runwaysdk.com', 'zf2htgbfl5qcej1z4jhxg3zvbg3yvx62NM200810110000000000000000000112', 'yxj2n333i21ksqwmdiijt7ulma6l3iydNM200810110000000000000000000113');
INSERT INTO metadata_display_label ( default_locale, oid, site_master, key_name) VALUES ('Parameter: com.runwaysdk.system.scheduler.JobHistoryRecord', '8hx9qve82xlo8c41jx9zp3kn9khtu9fcNM200904120000000000000000000030', 'www.runwaysdk.com', '8hx9qve82xlo8c41jx9zp3kn9khtu9fcNM200904120000000000000000000030');
INSERT INTO metadata_display_label ( default_locale, oid, site_master, key_name) VALUES ('com.runwaysdk.system.scheduler.JobHistoryRecord to apply to the database', 'svebkncgi0sqykj1y9ihbz3veowwl9qmNM200904120000000000000000000030', 'www.runwaysdk.com', 'svebkncgi0sqykj1y9ihbz3veowwl9qmNM200904120000000000000000000030');
INSERT INTO md_parameter ( metadata, parameter_order, parameter_name, parameter_type, display_label, oid) VALUES ('yxj2n333i21ksqwmdiijt7ulma6l3iydNM200810110000000000000000000113', 0, 'dto', 'com.runwaysdk.system.scheduler.JobHistoryRecord', '8hx9qve82xlo8c41jx9zp3kn9khtu9fcNM200904120000000000000000000030', '1vglfie6n5oh25w95qjb73i5waiimyiz20070427JS0000000000000000001517');
INSERT INTO metadata ( description, created_by, owner, oid, create_date, seq, type, remove, site_master, locked_by, entity_domain, last_updated_by, last_update_date, key_name) VALUES ('svebkncgi0sqykj1y9ihbz3veowwl9qmNM200904120000000000000000000030', '0000000000000000000000000000001000000000000000000000000000000003', '0000000000000000000000000000001000000000000000000000000000000003', '1vglfie6n5oh25w95qjb73i5waiimyiz20070427JS0000000000000000001517', '2014-02-10 12:13:54', 4700, 'com.runwaysdk.system.metadata.MdParameter', 1, 'www.runwaysdk.com', NULL, NULL, '0000000000000000000000000000001000000000000000000000000000000003', '2014-02-10 12:13:54', 'com.runwaysdk.system.scheduler.JobHistoryRecordController.create.dto');
INSERT INTO metadata_parameter ( site_master, last_updated_by, create_date, seq, locked_by, entity_domain, created_by, type, last_update_date, key_name, owner, oid, parent_id, child_id) VALUES ('www.runwaysdk.com', '0000000000000000000000000000001000000000000000000000000000000003', '2014-02-10 12:13:54', 4701, NULL, NULL, '0000000000000000000000000000001000000000000000000000000000000003', 'com.runwaysdk.system.MetadataParameter', '2014-02-10 12:13:54', 'com.runwaysdk.system.scheduler.JobHistoryRecordController.create.dto', '0000000000000000000000000000001000000000000000000000000000000003', '2egxmal5q90ws3jup5f6od877l7ie9up20070427JS0000000000000000001524', 'yxj2n333i21ksqwmdiijt7ulma6l3iydNM200810110000000000000000000113', '1vglfie6n5oh25w95qjb73i5waiimyiz20070427JS0000000000000000001517');
INSERT INTO metadata_display_label ( default_locale, oid, site_master, key_name) VALUES ('edit', '1urra6nfqfkw9entzgmlnkv2qjc2thx6NM200904120000000000000000000030', 'www.runwaysdk.com', '1urra6nfqfkw9entzgmlnkv2qjc2thx6NM200904120000000000000000000030');
INSERT INTO metadata_display_label ( default_locale, oid, site_master, key_name) VALUES ('Applys an existing instance of com.runwaysdk.system.scheduler.JobHistoryRecord', 'qybtfrxwee3havneduy11kl497jvtu78NM200904120000000000000000000030', 'www.runwaysdk.com', 'qybtfrxwee3havneduy11kl497jvtu78NM200904120000000000000000000030');
INSERT INTO md_action ( is_query, enclosing_md_controller, is_post, action_name, display_label, oid) VALUES (0, 'zf2htgbfl5qcej1z4jhxg3zvbg3yvx62NM200810110000000000000000000112', 0, 'edit', '1urra6nfqfkw9entzgmlnkv2qjc2thx6NM200904120000000000000000000030', 'xd1puyqi2rq27neqrvwsioeuoph22sk6NM200810110000000000000000000113');
INSERT INTO metadata ( description, created_by, owner, oid, create_date, seq, type, remove, site_master, locked_by, entity_domain, last_updated_by, last_update_date, key_name) VALUES ('qybtfrxwee3havneduy11kl497jvtu78NM200904120000000000000000000030', '0000000000000000000000000000001000000000000000000000000000000003', '0000000000000000000000000000001000000000000000000000000000000003', 'xd1puyqi2rq27neqrvwsioeuoph22sk6NM200810110000000000000000000113', '2014-02-10 12:13:54', 4702, 'com.runwaysdk.system.metadata.MdAction', 1, 'www.runwaysdk.com', NULL, NULL, '0000000000000000000000000000001000000000000000000000000000000003', '2014-02-10 12:13:54', 'com.runwaysdk.system.scheduler.JobHistoryRecordController.edit');
INSERT INTO controller_action ( key_name, locked_by, oid, owner, entity_domain, created_by, type, last_update_date, create_date, seq, last_updated_by, site_master, parent_id, child_id) VALUES ('com.runwaysdk.system.scheduler.JobHistoryRecordController.edit', NULL, '0rbum130wf1fkqy1r0dc1y8n516ekhb8JS200807230000000000000000111111', '0000000000000000000000000000001000000000000000000000000000000003', NULL, '0000000000000000000000000000001000000000000000000000000000000003', 'com.runwaysdk.system.ControllerAction', '2014-02-10 12:13:54', '2014-02-10 12:13:54', 4703, '0000000000000000000000000000001000000000000000000000000000000003', 'www.runwaysdk.com', 'zf2htgbfl5qcej1z4jhxg3zvbg3yvx62NM200810110000000000000000000112', 'xd1puyqi2rq27neqrvwsioeuoph22sk6NM200810110000000000000000000113');
INSERT INTO metadata_display_label ( default_locale, oid, site_master, key_name) VALUES ('Parameter: com.runwaysdk.system.scheduler.JobHistoryRecord', '079fgg67lzl2kpfin8wv5tdq3j55k7xqNM200904120000000000000000000030', 'www.runwaysdk.com', '079fgg67lzl2kpfin8wv5tdq3j55k7xqNM200904120000000000000000000030');
INSERT INTO metadata_display_label ( default_locale, oid, site_master, key_name) VALUES ('com.runwaysdk.system.scheduler.JobHistoryRecord to apply to the database', 'zhm7ndedbi4wrrm7sl09zcj8qwdi1theNM200904120000000000000000000030', 'www.runwaysdk.com', 'zhm7ndedbi4wrrm7sl09zcj8qwdi1theNM200904120000000000000000000030');
INSERT INTO md_parameter ( metadata, parameter_order, parameter_name, parameter_type, display_label, oid) VALUES ('xd1puyqi2rq27neqrvwsioeuoph22sk6NM200810110000000000000000000113', 0, 'oid', 'java.lang.String', '079fgg67lzl2kpfin8wv5tdq3j55k7xqNM200904120000000000000000000030', '8y4fqgc2l2w9g9ot1gtjlv34rcidtm6120070427JS0000000000000000001517');
INSERT INTO metadata ( description, created_by, owner, oid, create_date, seq, type, remove, site_master, locked_by, entity_domain, last_updated_by, last_update_date, key_name) VALUES ('zhm7ndedbi4wrrm7sl09zcj8qwdi1theNM200904120000000000000000000030', '0000000000000000000000000000001000000000000000000000000000000003', '0000000000000000000000000000001000000000000000000000000000000003', '8y4fqgc2l2w9g9ot1gtjlv34rcidtm6120070427JS0000000000000000001517', '2014-02-10 12:13:54', 4704, 'com.runwaysdk.system.metadata.MdParameter', 1, 'www.runwaysdk.com', NULL, NULL, '0000000000000000000000000000001000000000000000000000000000000003', '2014-02-10 12:13:54', 'com.runwaysdk.system.scheduler.JobHistoryRecordController.edit.oid');
INSERT INTO metadata_parameter ( site_master, last_updated_by, create_date, seq, locked_by, entity_domain, created_by, type, last_update_date, key_name, owner, oid, parent_id, child_id) VALUES ('www.runwaysdk.com', '0000000000000000000000000000001000000000000000000000000000000003', '2014-02-10 12:13:54', 4705, NULL, NULL, '0000000000000000000000000000001000000000000000000000000000000003', 'com.runwaysdk.system.MetadataParameter', '2014-02-10 12:13:54', 'com.runwaysdk.system.scheduler.JobHistoryRecordController.edit.oid', '0000000000000000000000000000001000000000000000000000000000000003', '71p6j7qp483i5vsyp62gqnideic78vsv20070427JS0000000000000000001524', 'xd1puyqi2rq27neqrvwsioeuoph22sk6NM200810110000000000000000000113', '8y4fqgc2l2w9g9ot1gtjlv34rcidtm6120070427JS0000000000000000001517');
INSERT INTO metadata_display_label ( default_locale, oid, site_master, key_name) VALUES ('update', 'z22u1tw6anvoatf0djqfwphgkxfhyxrvNM200904120000000000000000000030', 'www.runwaysdk.com', 'z22u1tw6anvoatf0djqfwphgkxfhyxrvNM200904120000000000000000000030');
INSERT INTO metadata_display_label ( default_locale, oid, site_master, key_name) VALUES ('Applys an existing instance of com.runwaysdk.system.scheduler.JobHistoryRecord', 'r2ynqadkvmg5iffze34cqdpf2vzbogaqNM200904120000000000000000000030', 'www.runwaysdk.com', 'r2ynqadkvmg5iffze34cqdpf2vzbogaqNM200904120000000000000000000030');
INSERT INTO md_action ( is_query, enclosing_md_controller, is_post, action_name, display_label, oid) VALUES (0, 'zf2htgbfl5qcej1z4jhxg3zvbg3yvx62NM200810110000000000000000000112', 1, 'update', 'z22u1tw6anvoatf0djqfwphgkxfhyxrvNM200904120000000000000000000030', '73b1nnfqiambl3b19k1r5obum09udmdyNM200810110000000000000000000113');
INSERT INTO metadata ( description, created_by, owner, oid, create_date, seq, type, remove, site_master, locked_by, entity_domain, last_updated_by, last_update_date, key_name) VALUES ('r2ynqadkvmg5iffze34cqdpf2vzbogaqNM200904120000000000000000000030', '0000000000000000000000000000001000000000000000000000000000000003', '0000000000000000000000000000001000000000000000000000000000000003', '73b1nnfqiambl3b19k1r5obum09udmdyNM200810110000000000000000000113', '2014-02-10 12:13:54', 4706, 'com.runwaysdk.system.metadata.MdAction', 1, 'www.runwaysdk.com', NULL, NULL, '0000000000000000000000000000001000000000000000000000000000000003', '2014-02-10 12:13:54', 'com.runwaysdk.system.scheduler.JobHistoryRecordController.update');
INSERT INTO controller_action ( key_name, locked_by, oid, owner, entity_domain, created_by, type, last_update_date, create_date, seq, last_updated_by, site_master, parent_id, child_id) VALUES ('com.runwaysdk.system.scheduler.JobHistoryRecordController.update', NULL, '0lkhfcpyht6gn4vjbluid5z2a95c6m0dJS200807230000000000000000111111', '0000000000000000000000000000001000000000000000000000000000000003', NULL, '0000000000000000000000000000001000000000000000000000000000000003', 'com.runwaysdk.system.ControllerAction', '2014-02-10 12:13:54', '2014-02-10 12:13:54', 4707, '0000000000000000000000000000001000000000000000000000000000000003', 'www.runwaysdk.com', 'zf2htgbfl5qcej1z4jhxg3zvbg3yvx62NM200810110000000000000000000112', '73b1nnfqiambl3b19k1r5obum09udmdyNM200810110000000000000000000113');
INSERT INTO metadata_display_label ( default_locale, oid, site_master, key_name) VALUES ('Parameter: com.runwaysdk.system.scheduler.JobHistoryRecord - dto', 'xssz2ylmtm5kiicl3tawphvpzfxe1xcrNM200904120000000000000000000030', 'www.runwaysdk.com', 'xssz2ylmtm5kiicl3tawphvpzfxe1xcrNM200904120000000000000000000030');
INSERT INTO metadata_display_label ( default_locale, oid, site_master, key_name) VALUES ('com.runwaysdk.system.scheduler.JobHistoryRecord to apply to the database', '6qbauz7vujsy954iazpeyia1r40n23c6NM200904120000000000000000000030', 'www.runwaysdk.com', '6qbauz7vujsy954iazpeyia1r40n23c6NM200904120000000000000000000030');
INSERT INTO md_parameter ( metadata, parameter_order, parameter_name, parameter_type, display_label, oid) VALUES ('73b1nnfqiambl3b19k1r5obum09udmdyNM200810110000000000000000000113', 0, 'dto', 'com.runwaysdk.system.scheduler.JobHistoryRecord', 'xssz2ylmtm5kiicl3tawphvpzfxe1xcrNM200904120000000000000000000030', '0gl2hbmsqs13gwqi05ulqne2xr546dsk20070427JS0000000000000000001517');
INSERT INTO metadata ( description, created_by, owner, oid, create_date, seq, type, remove, site_master, locked_by, entity_domain, last_updated_by, last_update_date, key_name) VALUES ('6qbauz7vujsy954iazpeyia1r40n23c6NM200904120000000000000000000030', '0000000000000000000000000000001000000000000000000000000000000003', '0000000000000000000000000000001000000000000000000000000000000003', '0gl2hbmsqs13gwqi05ulqne2xr546dsk20070427JS0000000000000000001517', '2014-02-10 12:13:54', 4708, 'com.runwaysdk.system.metadata.MdParameter', 1, 'www.runwaysdk.com', NULL, NULL, '0000000000000000000000000000001000000000000000000000000000000003', '2014-02-10 12:13:54', 'com.runwaysdk.system.scheduler.JobHistoryRecordController.update.dto');
INSERT INTO metadata_parameter ( site_master, last_updated_by, create_date, seq, locked_by, entity_domain, created_by, type, last_update_date, key_name, owner, oid, parent_id, child_id) VALUES ('www.runwaysdk.com', '0000000000000000000000000000001000000000000000000000000000000003', '2014-02-10 12:13:54', 4709, NULL, NULL, '0000000000000000000000000000001000000000000000000000000000000003', 'com.runwaysdk.system.MetadataParameter', '2014-02-10 12:13:54', 'com.runwaysdk.system.scheduler.JobHistoryRecordController.update.dto', '0000000000000000000000000000001000000000000000000000000000000003', 'zf1w2cyvlujk4bhjbpzscse3i5a7pa9j20070427JS0000000000000000001524', '73b1nnfqiambl3b19k1r5obum09udmdyNM200810110000000000000000000113', '0gl2hbmsqs13gwqi05ulqne2xr546dsk20070427JS0000000000000000001517');
INSERT INTO metadata_display_label ( default_locale, oid, site_master, key_name) VALUES ('cancel', '8vhb5hz2vqr32wnh0iam10tt5ak0jabzNM200904120000000000000000000030', 'www.runwaysdk.com', '8vhb5hz2vqr32wnh0iam10tt5ak0jabzNM200904120000000000000000000030');
INSERT INTO metadata_display_label ( default_locale, oid, site_master, key_name) VALUES ('Unlocks an instance com.runwaysdk.system.scheduler.JobHistoryRecord', '0q0le5ur1vxjwzv98l94jzt6if8e8k3nNM200904120000000000000000000030', 'www.runwaysdk.com', '0q0le5ur1vxjwzv98l94jzt6if8e8k3nNM200904120000000000000000000030');
INSERT INTO md_action ( is_query, enclosing_md_controller, is_post, action_name, display_label, oid) VALUES (0, 'zf2htgbfl5qcej1z4jhxg3zvbg3yvx62NM200810110000000000000000000112', 1, 'cancel', '8vhb5hz2vqr32wnh0iam10tt5ak0jabzNM200904120000000000000000000030', 'zmibvsbm5wrkrdl40ovkhbs1tjnihv0nNM200810110000000000000000000113');
INSERT INTO metadata ( description, created_by, owner, oid, create_date, seq, type, remove, site_master, locked_by, entity_domain, last_updated_by, last_update_date, key_name) VALUES ('0q0le5ur1vxjwzv98l94jzt6if8e8k3nNM200904120000000000000000000030', '0000000000000000000000000000001000000000000000000000000000000003', '0000000000000000000000000000001000000000000000000000000000000003', 'zmibvsbm5wrkrdl40ovkhbs1tjnihv0nNM200810110000000000000000000113', '2014-02-10 12:13:54', 4710, 'com.runwaysdk.system.metadata.MdAction', 1, 'www.runwaysdk.com', NULL, NULL, '0000000000000000000000000000001000000000000000000000000000000003', '2014-02-10 12:13:54', 'com.runwaysdk.system.scheduler.JobHistoryRecordController.cancel');
INSERT INTO controller_action ( key_name, locked_by, oid, owner, entity_domain, created_by, type, last_update_date, create_date, seq, last_updated_by, site_master, parent_id, child_id) VALUES ('com.runwaysdk.system.scheduler.JobHistoryRecordController.cancel', NULL, '0bvtryvqefomm09s6oqis1mbljwa8n4kJS200807230000000000000000111111', '0000000000000000000000000000001000000000000000000000000000000003', NULL, '0000000000000000000000000000001000000000000000000000000000000003', 'com.runwaysdk.system.ControllerAction', '2014-02-10 12:13:54', '2014-02-10 12:13:54', 4711, '0000000000000000000000000000001000000000000000000000000000000003', 'www.runwaysdk.com', 'zf2htgbfl5qcej1z4jhxg3zvbg3yvx62NM200810110000000000000000000112', 'zmibvsbm5wrkrdl40ovkhbs1tjnihv0nNM200810110000000000000000000113');
INSERT INTO metadata_display_label ( default_locale, oid, site_master, key_name) VALUES ('Parameter: com.runwaysdk.system.scheduler.JobHistoryRecord - dto', '6o08c1xlzut492txo74mz2vysas2lcpuNM200904120000000000000000000030', 'www.runwaysdk.com', '6o08c1xlzut492txo74mz2vysas2lcpuNM200904120000000000000000000030');
INSERT INTO metadata_display_label ( default_locale, oid, site_master, key_name) VALUES ('com.runwaysdk.system.scheduler.JobHistoryRecord to unlock', 'sstu2j86cct710qpc8tfoq3kpt8n0in9NM200904120000000000000000000030', 'www.runwaysdk.com', 'sstu2j86cct710qpc8tfoq3kpt8n0in9NM200904120000000000000000000030');
INSERT INTO md_parameter ( metadata, parameter_order, parameter_name, parameter_type, display_label, oid) VALUES ('zmibvsbm5wrkrdl40ovkhbs1tjnihv0nNM200810110000000000000000000113', 0, 'dto', 'com.runwaysdk.system.scheduler.JobHistoryRecord', '6o08c1xlzut492txo74mz2vysas2lcpuNM200904120000000000000000000030', '1tg7q9zw4ameuifx167ax8k7m6tt1u5020070427JS0000000000000000001517');
INSERT INTO metadata ( description, created_by, owner, oid, create_date, seq, type, remove, site_master, locked_by, entity_domain, last_updated_by, last_update_date, key_name) VALUES ('sstu2j86cct710qpc8tfoq3kpt8n0in9NM200904120000000000000000000030', '0000000000000000000000000000001000000000000000000000000000000003', '0000000000000000000000000000001000000000000000000000000000000003', '1tg7q9zw4ameuifx167ax8k7m6tt1u5020070427JS0000000000000000001517', '2014-02-10 12:13:54', 4712, 'com.runwaysdk.system.metadata.MdParameter', 1, 'www.runwaysdk.com', NULL, NULL, '0000000000000000000000000000001000000000000000000000000000000003', '2014-02-10 12:13:54', 'com.runwaysdk.system.scheduler.JobHistoryRecordController.cancel.dto');
INSERT INTO metadata_parameter ( site_master, last_updated_by, create_date, seq, locked_by, entity_domain, created_by, type, last_update_date, key_name, owner, oid, parent_id, child_id) VALUES ('www.runwaysdk.com', '0000000000000000000000000000001000000000000000000000000000000003', '2014-02-10 12:13:54', 4713, NULL, NULL, '0000000000000000000000000000001000000000000000000000000000000003', 'com.runwaysdk.system.MetadataParameter', '2014-02-10 12:13:54', 'com.runwaysdk.system.scheduler.JobHistoryRecordController.cancel.dto', '0000000000000000000000000000001000000000000000000000000000000003', '93o3ztjk8t4m22qt3ebbo8u76upz6l5120070427JS0000000000000000001524', 'zmibvsbm5wrkrdl40ovkhbs1tjnihv0nNM200810110000000000000000000113', '1tg7q9zw4ameuifx167ax8k7m6tt1u5020070427JS0000000000000000001517');
INSERT INTO metadata_display_label ( default_locale, oid, site_master, key_name) VALUES ('delete', '6o8tr8etglxn8rszyoq4sys4qa55dl7iNM200904120000000000000000000030', 'www.runwaysdk.com', '6o8tr8etglxn8rszyoq4sys4qa55dl7iNM200904120000000000000000000030');
INSERT INTO metadata_display_label ( default_locale, oid, site_master, key_name) VALUES ('Delete an instance of com.runwaysdk.system.scheduler.JobHistoryRecord', 'sagk822yrxmbreo9ue5a60tsynorkn8uNM200904120000000000000000000030', 'www.runwaysdk.com', 'sagk822yrxmbreo9ue5a60tsynorkn8uNM200904120000000000000000000030');
INSERT INTO md_action ( is_query, enclosing_md_controller, is_post, action_name, display_label, oid) VALUES (0, 'zf2htgbfl5qcej1z4jhxg3zvbg3yvx62NM200810110000000000000000000112', 1, 'delete', '6o8tr8etglxn8rszyoq4sys4qa55dl7iNM200904120000000000000000000030', '6wawsvab0y0mi7b0n2apjwoikt1b5nvpNM200810110000000000000000000113');
INSERT INTO metadata ( description, created_by, owner, oid, create_date, seq, type, remove, site_master, locked_by, entity_domain, last_updated_by, last_update_date, key_name) VALUES ('sagk822yrxmbreo9ue5a60tsynorkn8uNM200904120000000000000000000030', '0000000000000000000000000000001000000000000000000000000000000003', '0000000000000000000000000000001000000000000000000000000000000003', '6wawsvab0y0mi7b0n2apjwoikt1b5nvpNM200810110000000000000000000113', '2014-02-10 12:13:54', 4714, 'com.runwaysdk.system.metadata.MdAction', 1, 'www.runwaysdk.com', NULL, NULL, '0000000000000000000000000000001000000000000000000000000000000003', '2014-02-10 12:13:54', 'com.runwaysdk.system.scheduler.JobHistoryRecordController.delete');
INSERT INTO controller_action ( key_name, locked_by, oid, owner, entity_domain, created_by, type, last_update_date, create_date, seq, last_updated_by, site_master, parent_id, child_id) VALUES ('com.runwaysdk.system.scheduler.JobHistoryRecordController.delete', NULL, '0d2k1whqvuzzj80qiaq92si4xghormz4JS200807230000000000000000111111', '0000000000000000000000000000001000000000000000000000000000000003', NULL, '0000000000000000000000000000001000000000000000000000000000000003', 'com.runwaysdk.system.ControllerAction', '2014-02-10 12:13:54', '2014-02-10 12:13:54', 4715, '0000000000000000000000000000001000000000000000000000000000000003', 'www.runwaysdk.com', 'zf2htgbfl5qcej1z4jhxg3zvbg3yvx62NM200810110000000000000000000112', '6wawsvab0y0mi7b0n2apjwoikt1b5nvpNM200810110000000000000000000113');
INSERT INTO metadata_display_label ( default_locale, oid, site_master, key_name) VALUES ('Parameter: com.runwaysdk.system.scheduler.JobHistoryRecord - dto', 'xefipej7q433a28csdsmoc9fv617p85xNM200904120000000000000000000030', 'www.runwaysdk.com', 'xefipej7q433a28csdsmoc9fv617p85xNM200904120000000000000000000030');
INSERT INTO metadata_display_label ( default_locale, oid, site_master, key_name) VALUES ('com.runwaysdk.system.scheduler.JobHistoryRecord to delete', '6t27e2aqo7i1nuwl59oplzsgg8dm0gvnNM200904120000000000000000000030', 'www.runwaysdk.com', '6t27e2aqo7i1nuwl59oplzsgg8dm0gvnNM200904120000000000000000000030');
INSERT INTO md_parameter ( metadata, parameter_order, parameter_name, parameter_type, display_label, oid) VALUES ('6wawsvab0y0mi7b0n2apjwoikt1b5nvpNM200810110000000000000000000113', 0, 'dto', 'com.runwaysdk.system.scheduler.JobHistoryRecord', 'xefipej7q433a28csdsmoc9fv617p85xNM200904120000000000000000000030', '03czrvn0666agz8jzcbcth79irbg9tx520070427JS0000000000000000001517');
INSERT INTO metadata ( description, created_by, owner, oid, create_date, seq, type, remove, site_master, locked_by, entity_domain, last_updated_by, last_update_date, key_name) VALUES ('6t27e2aqo7i1nuwl59oplzsgg8dm0gvnNM200904120000000000000000000030', '0000000000000000000000000000001000000000000000000000000000000003', '0000000000000000000000000000001000000000000000000000000000000003', '03czrvn0666agz8jzcbcth79irbg9tx520070427JS0000000000000000001517', '2014-02-10 12:13:54', 4716, 'com.runwaysdk.system.metadata.MdParameter', 1, 'www.runwaysdk.com', NULL, NULL, '0000000000000000000000000000001000000000000000000000000000000003', '2014-02-10 12:13:54', 'com.runwaysdk.system.scheduler.JobHistoryRecordController.delete.dto');
INSERT INTO metadata_parameter ( site_master, last_updated_by, create_date, seq, locked_by, entity_domain, created_by, type, last_update_date, key_name, owner, oid, parent_id, child_id) VALUES ('www.runwaysdk.com', '0000000000000000000000000000001000000000000000000000000000000003', '2014-02-10 12:13:54', 4717, NULL, NULL, '0000000000000000000000000000001000000000000000000000000000000003', 'com.runwaysdk.system.MetadataParameter', '2014-02-10 12:13:54', 'com.runwaysdk.system.scheduler.JobHistoryRecordController.delete.dto', '0000000000000000000000000000001000000000000000000000000000000003', 'zlee1c2uvmsl6jgn0jnm1g12mq0fhazt20070427JS0000000000000000001524', '6wawsvab0y0mi7b0n2apjwoikt1b5nvpNM200810110000000000000000000113', '03czrvn0666agz8jzcbcth79irbg9tx520070427JS0000000000000000001517');
INSERT INTO metadata_display_label ( default_locale, oid, site_master, key_name) VALUES ('New Relationship', 'xc3oo1abnalfpuxwze1edrk44wg6hqnqNM200904120000000000000000000030', 'www.runwaysdk.com', 'xc3oo1abnalfpuxwze1edrk44wg6hqnqNM200904120000000000000000000030');
INSERT INTO metadata_display_label ( default_locale, oid, site_master, key_name) VALUES ('Loads all relavent Parent and Child references into the request attribute for a new relationship', 'xvqloxaeueqhb2fwzvf5j9aklywslp66NM200904120000000000000000000030', 'www.runwaysdk.com', 'xvqloxaeueqhb2fwzvf5j9aklywslp66NM200904120000000000000000000030');
INSERT INTO md_action ( is_query, enclosing_md_controller, is_post, action_name, display_label, oid) VALUES (0, 'zf2htgbfl5qcej1z4jhxg3zvbg3yvx62NM200810110000000000000000000112', 0, 'newRelationship', 'xc3oo1abnalfpuxwze1edrk44wg6hqnqNM200904120000000000000000000030', 'xe268tswjh2funqzg1m1gtlijusilg5kNM200810110000000000000000000113');
INSERT INTO metadata ( description, created_by, owner, oid, create_date, seq, type, remove, site_master, locked_by, entity_domain, last_updated_by, last_update_date, key_name) VALUES ('xvqloxaeueqhb2fwzvf5j9aklywslp66NM200904120000000000000000000030', '0000000000000000000000000000001000000000000000000000000000000003', '0000000000000000000000000000001000000000000000000000000000000003', 'xe268tswjh2funqzg1m1gtlijusilg5kNM200810110000000000000000000113', '2014-02-10 12:13:54', 4718, 'com.runwaysdk.system.metadata.MdAction', 1, 'www.runwaysdk.com', NULL, NULL, '0000000000000000000000000000001000000000000000000000000000000003', '2014-02-10 12:13:54', 'com.runwaysdk.system.scheduler.JobHistoryRecordController.newRelationship');
INSERT INTO controller_action ( key_name, locked_by, oid, owner, entity_domain, created_by, type, last_update_date, create_date, seq, last_updated_by, site_master, parent_id, child_id) VALUES ('com.runwaysdk.system.scheduler.JobHistoryRecordController.newRelationship', NULL, '21qum17jzgsyuibdlouu6ph3i6hi9rgaJS200807230000000000000000111111', '0000000000000000000000000000001000000000000000000000000000000003', NULL, '0000000000000000000000000000001000000000000000000000000000000003', 'com.runwaysdk.system.ControllerAction', '2014-02-10 12:13:54', '2014-02-10 12:13:54', 4719, '0000000000000000000000000000001000000000000000000000000000000003', 'www.runwaysdk.com', 'zf2htgbfl5qcej1z4jhxg3zvbg3yvx62NM200810110000000000000000000112', 'xe268tswjh2funqzg1m1gtlijusilg5kNM200810110000000000000000000113');
INSERT INTO metadata_display_label ( default_locale, oid, site_master, key_name) VALUES ('Parent Query', 'qw2nhe2wjy47c393v2qns2fjf1es1ocsNM200904120000000000000000000030', 'www.runwaysdk.com', 'qw2nhe2wjy47c393v2qns2fjf1es1ocsNM200904120000000000000000000030');
INSERT INTO metadata_display_label ( default_locale, oid, site_master, key_name) VALUES (NULL, 'snwrb82eexx48xxxrnrdspe6nbkdi915NM200904120000000000000000000030', 'www.runwaysdk.com', 'snwrb82eexx48xxxrnrdspe6nbkdi915NM200904120000000000000000000030');
INSERT INTO md_action ( is_query, enclosing_md_controller, is_post, action_name, display_label, oid) VALUES (0, 'zf2htgbfl5qcej1z4jhxg3zvbg3yvx62NM200810110000000000000000000112', 0, 'parentQuery', 'qw2nhe2wjy47c393v2qns2fjf1es1ocsNM200904120000000000000000000030', 'xbxayfyjw2ysvizs3jxmgq60ks62bg9iNM200810110000000000000000000113');
INSERT INTO metadata ( description, created_by, owner, oid, create_date, seq, type, remove, site_master, locked_by, entity_domain, last_updated_by, last_update_date, key_name) VALUES ('snwrb82eexx48xxxrnrdspe6nbkdi915NM200904120000000000000000000030', '0000000000000000000000000000001000000000000000000000000000000003', '0000000000000000000000000000001000000000000000000000000000000003', 'xbxayfyjw2ysvizs3jxmgq60ks62bg9iNM200810110000000000000000000113', '2014-02-10 12:13:54', 4720, 'com.runwaysdk.system.metadata.MdAction', 1, 'www.runwaysdk.com', NULL, NULL, '0000000000000000000000000000001000000000000000000000000000000003', '2014-02-10 12:13:54', 'com.runwaysdk.system.scheduler.JobHistoryRecordController.parentQuery');
INSERT INTO controller_action ( key_name, locked_by, oid, owner, entity_domain, created_by, type, last_update_date, create_date, seq, last_updated_by, site_master, parent_id, child_id) VALUES ('com.runwaysdk.system.scheduler.JobHistoryRecordController.parentQuery', NULL, '0lljzy0dav13pkf2jw2ohxtt12ojubm7JS200807230000000000000000111111', '0000000000000000000000000000001000000000000000000000000000000003', NULL, '0000000000000000000000000000001000000000000000000000000000000003', 'com.runwaysdk.system.ControllerAction', '2014-02-10 12:13:54', '2014-02-10 12:13:54', 4721, '0000000000000000000000000000001000000000000000000000000000000003', 'www.runwaysdk.com', 'zf2htgbfl5qcej1z4jhxg3zvbg3yvx62NM200810110000000000000000000112', 'xbxayfyjw2ysvizs3jxmgq60ks62bg9iNM200810110000000000000000000113');
INSERT INTO metadata_display_label ( default_locale, oid, site_master, key_name) VALUES ('Parent Parameter: com.runwaysdk.system.scheduler.JobHistoryRecord', '6zgou3yb6f24a6ncacdpwkt63gs8ldqfNM200904120000000000000000000030', 'www.runwaysdk.com', '6zgou3yb6f24a6ncacdpwkt63gs8ldqfNM200904120000000000000000000030');
INSERT INTO metadata_display_label ( default_locale, oid, site_master, key_name) VALUES (NULL, '7b7y1swm0cnauj7suzqj5okekppvg4edNM200904120000000000000000000030', 'www.runwaysdk.com', '7b7y1swm0cnauj7suzqj5okekppvg4edNM200904120000000000000000000030');
INSERT INTO md_parameter ( metadata, parameter_order, parameter_name, parameter_type, display_label, oid) VALUES ('xbxayfyjw2ysvizs3jxmgq60ks62bg9iNM200810110000000000000000000113', 0, 'parentId', 'java.lang.String', '6zgou3yb6f24a6ncacdpwkt63gs8ldqfNM200904120000000000000000000030', 'yy392jff9k309slrkl7ye2e7ilowf9my20070427JS0000000000000000001517');
INSERT INTO metadata ( description, created_by, owner, oid, create_date, seq, type, remove, site_master, locked_by, entity_domain, last_updated_by, last_update_date, key_name) VALUES ('7b7y1swm0cnauj7suzqj5okekppvg4edNM200904120000000000000000000030', '0000000000000000000000000000001000000000000000000000000000000003', '0000000000000000000000000000001000000000000000000000000000000003', 'yy392jff9k309slrkl7ye2e7ilowf9my20070427JS0000000000000000001517', '2014-02-10 12:13:54', 4722, 'com.runwaysdk.system.metadata.MdParameter', 1, 'www.runwaysdk.com', NULL, NULL, '0000000000000000000000000000001000000000000000000000000000000003', '2014-02-10 12:13:54', 'com.runwaysdk.system.scheduler.JobHistoryRecordController.parentQuery.parentId');
INSERT INTO metadata_parameter ( site_master, last_updated_by, create_date, seq, locked_by, entity_domain, created_by, type, last_update_date, key_name, owner, oid, parent_id, child_id) VALUES ('www.runwaysdk.com', '0000000000000000000000000000001000000000000000000000000000000003', '2014-02-10 12:13:54', 4723, NULL, NULL, '0000000000000000000000000000001000000000000000000000000000000003', 'com.runwaysdk.system.MetadataParameter', '2014-02-10 12:13:54', 'com.runwaysdk.system.scheduler.JobHistoryRecordController.parentQuery.parentId', '0000000000000000000000000000001000000000000000000000000000000003', '71xq6l1pbwqlypk0vx5gbsgnfucy2llu20070427JS0000000000000000001524', 'xbxayfyjw2ysvizs3jxmgq60ks62bg9iNM200810110000000000000000000113', 'yy392jff9k309slrkl7ye2e7ilowf9my20070427JS0000000000000000001517');
INSERT INTO metadata_display_label ( default_locale, oid, site_master, key_name) VALUES ('Child Query', '0fmmu5utwti5f9rhcn34snpimjcgdpvaNM200904120000000000000000000030', 'www.runwaysdk.com', '0fmmu5utwti5f9rhcn34snpimjcgdpvaNM200904120000000000000000000030');
INSERT INTO metadata_display_label ( default_locale, oid, site_master, key_name) VALUES ('Returns all instances of this relationship with the given child', '1u1z5v77j2655um4kwp3pswhka5vikrhNM200904120000000000000000000030', 'www.runwaysdk.com', '1u1z5v77j2655um4kwp3pswhka5vikrhNM200904120000000000000000000030');
INSERT INTO md_action ( is_query, enclosing_md_controller, is_post, action_name, display_label, oid) VALUES (0, 'zf2htgbfl5qcej1z4jhxg3zvbg3yvx62NM200810110000000000000000000112', 0, 'childQuery', '0fmmu5utwti5f9rhcn34snpimjcgdpvaNM200904120000000000000000000030', '0a6doeufdp1vmdbspqk91r1b6nx296ppNM200810110000000000000000000113');
INSERT INTO metadata ( description, created_by, owner, oid, create_date, seq, type, remove, site_master, locked_by, entity_domain, last_updated_by, last_update_date, key_name) VALUES ('1u1z5v77j2655um4kwp3pswhka5vikrhNM200904120000000000000000000030', '0000000000000000000000000000001000000000000000000000000000000003', '0000000000000000000000000000001000000000000000000000000000000003', '0a6doeufdp1vmdbspqk91r1b6nx296ppNM200810110000000000000000000113', '2014-02-10 12:13:54', 4724, 'com.runwaysdk.system.metadata.MdAction', 1, 'www.runwaysdk.com', NULL, NULL, '0000000000000000000000000000001000000000000000000000000000000003', '2014-02-10 12:13:54', 'com.runwaysdk.system.scheduler.JobHistoryRecordController.childQuery');
INSERT INTO controller_action ( key_name, locked_by, oid, owner, entity_domain, created_by, type, last_update_date, create_date, seq, last_updated_by, site_master, parent_id, child_id) VALUES ('com.runwaysdk.system.scheduler.JobHistoryRecordController.childQuery', NULL, '25lj57irlt3gu0n77k84fh8m8iuvrlsaJS200807230000000000000000111111', '0000000000000000000000000000001000000000000000000000000000000003', NULL, '0000000000000000000000000000001000000000000000000000000000000003', 'com.runwaysdk.system.ControllerAction', '2014-02-10 12:13:54', '2014-02-10 12:13:54', 4725, '0000000000000000000000000000001000000000000000000000000000000003', 'www.runwaysdk.com', 'zf2htgbfl5qcej1z4jhxg3zvbg3yvx62NM200810110000000000000000000112', '0a6doeufdp1vmdbspqk91r1b6nx296ppNM200810110000000000000000000113');
INSERT INTO metadata_display_label ( default_locale, oid, site_master, key_name) VALUES ('Child Parameter: com.runwaysdk.system.scheduler.JobHistoryRecord', 'szwf99zp2bxx4relpmxno7xa41cy5wzbNM200904120000000000000000000030', 'www.runwaysdk.com', 'szwf99zp2bxx4relpmxno7xa41cy5wzbNM200904120000000000000000000030');
INSERT INTO metadata_display_label ( default_locale, oid, site_master, key_name) VALUES ('Child of the Relationship', '1t7j823hhfn5zqricyqby3zm30scd9chNM200904120000000000000000000030', 'www.runwaysdk.com', '1t7j823hhfn5zqricyqby3zm30scd9chNM200904120000000000000000000030');
INSERT INTO md_parameter ( metadata, parameter_order, parameter_name, parameter_type, display_label, oid) VALUES ('0a6doeufdp1vmdbspqk91r1b6nx296ppNM200810110000000000000000000113', 1, 'childId', 'java.lang.String', 'szwf99zp2bxx4relpmxno7xa41cy5wzbNM200904120000000000000000000030', 'rds784h7qt55ut7c7uss474wr3ovbzbc20070427JS0000000000000000001517');
INSERT INTO metadata ( description, created_by, owner, oid, create_date, seq, type, remove, site_master, locked_by, entity_domain, last_updated_by, last_update_date, key_name) VALUES ('1t7j823hhfn5zqricyqby3zm30scd9chNM200904120000000000000000000030', '0000000000000000000000000000001000000000000000000000000000000003', '0000000000000000000000000000001000000000000000000000000000000003', 'rds784h7qt55ut7c7uss474wr3ovbzbc20070427JS0000000000000000001517', '2014-02-10 12:13:54', 4726, 'com.runwaysdk.system.metadata.MdParameter', 1, 'www.runwaysdk.com', NULL, NULL, '0000000000000000000000000000001000000000000000000000000000000003', '2014-02-10 12:13:54', 'com.runwaysdk.system.scheduler.JobHistoryRecordController.childQuery.childId');
INSERT INTO metadata_parameter ( site_master, last_updated_by, create_date, seq, locked_by, entity_domain, created_by, type, last_update_date, key_name, owner, oid, parent_id, child_id) VALUES ('www.runwaysdk.com', '0000000000000000000000000000001000000000000000000000000000000003', '2014-02-10 12:13:54', 4727, NULL, NULL, '0000000000000000000000000000001000000000000000000000000000000003', 'com.runwaysdk.system.MetadataParameter', '2014-02-10 12:13:54', 'com.runwaysdk.system.scheduler.JobHistoryRecordController.childQuery.childId', '0000000000000000000000000000001000000000000000000000000000000003', '94eonicsu27b3ktqyxqkp3ejkan2x8li20070427JS0000000000000000001524', '0a6doeufdp1vmdbspqk91r1b6nx296ppNM200810110000000000000000000113', 'rds784h7qt55ut7c7uss474wr3ovbzbc20070427JS0000000000000000001517');
