INSERT INTO class_cache (set_id, item_id)  VALUES  ('z9x46chj1pfdzmvkq3p8bvafcbkvpfrc', '0000000000000000000000000000023100000000000000000000000000000222');
INSERT INTO metadata_display_label ( default_locale, id, site_master, key_name) VALUES ('Job Operation', 'sjtbtvhaomdya9fo5wri6ih1lfg4ce6bNM200904120000000000000000000030', 'www.runwaysdk.com', 'sjtbtvhaomdya9fo5wri6ih1lfg4ce6bNM200904120000000000000000000030');
INSERT INTO metadata_display_label ( default_locale, id, site_master, key_name) VALUES ('Job Operation', '6zapwxaa5erq7rccvohr1mt2zaz4ed35NM200904120000000000000000000030', 'www.runwaysdk.com', '6zapwxaa5erq7rccvohr1mt2zaz4ed35NM200904120000000000000000000030');
INSERT INTO md_business ( cache_algorithm, cache_algorithm_c, super_md_business, id) VALUES ('z9x46chj1pfdzmvkq3p8bvafcbkvpfrc', '0000000000000000000000000000023100000000000000000000000000000222', '0000000000000000000000000000020600000000000000000000000000000001', '8xak60j7y8pj5mfgotxs1bki3qbn8ilv00000000000000000000000000000001');
INSERT INTO md_element ( extendable, is_abstract, id) VALUES (0, 0, '8xak60j7y8pj5mfgotxs1bki3qbn8ilv00000000000000000000000000000001');
INSERT INTO md_entity ( query_dto_source, query_source, cache_size, enforce_site_master, table_name, id) VALUES (NULL, NULL, 0, 1, 'job_operation', '8xak60j7y8pj5mfgotxs1bki3qbn8ilv00000000000000000000000000000001');
INSERT INTO md_class ( publish, stub_dto_source, stub_source, id) VALUES (1, NULL, NULL, '8xak60j7y8pj5mfgotxs1bki3qbn8ilv00000000000000000000000000000001');
INSERT INTO md_type ( display_label, root_id, package_name, type_name, base_source, js_base, js_stub, exported, dto_source, id) VALUES ('sjtbtvhaomdya9fo5wri6ih1lfg4ce6bNM200904120000000000000000000030', '8xak60j7y8pj5mfgotxs1bki3qbn8ilv', 'com.runwaysdk.system.scheduler', 'JobOperation', NULL, NULL, NULL, 1, NULL, '8xak60j7y8pj5mfgotxs1bki3qbn8ilv00000000000000000000000000000001');
INSERT INTO metadata ( description, created_by, owner, id, create_date, seq, type, remove, site_master, locked_by, entity_domain, last_updated_by, last_update_date, key_name) VALUES ('6zapwxaa5erq7rccvohr1mt2zaz4ed35NM200904120000000000000000000030', '0000000000000000000000000000001000000000000000000000000000000003', '0000000000000000000000000000001000000000000000000000000000000003', '8xak60j7y8pj5mfgotxs1bki3qbn8ilv00000000000000000000000000000001', '2014-01-15 15:41:39', 4142, 'com.runwaysdk.system.metadata.MdBusiness', 1, 'www.runwaysdk.com', NULL, NULL, '0000000000000000000000000000001000000000000000000000000000000003', '2014-01-15 15:41:39', 'com.runwaysdk.system.scheduler.JobOperation');
CREATE TABLE job_operation ( id CHAR(64) NOT NULL PRIMARY KEY );
INSERT INTO metadata_display_label ( default_locale, id, site_master, key_name) VALUES (NULL, 'xy13r3fub64m7bc5cd3w81azcdnankj3NM200904120000000000000000000030', 'www.runwaysdk.com', 'xy13r3fub64m7bc5cd3w81azcdnankj3NM200904120000000000000000000030');
INSERT INTO metadata_display_label ( default_locale, id, site_master, key_name) VALUES (NULL, 'sjmxftrcfu0hht944apqabsiyucnlbqiNM200904120000000000000000000030', 'www.runwaysdk.com', 'sjmxftrcfu0hht944apqabsiyucnlbqiNM200904120000000000000000000030');
INSERT INTO md_controller ( stub_source, id) VALUES (NULL, 's9qjob2vntdin5nexq7xh33zobm84rkpNM200810110000000000000000000112');
INSERT INTO md_type ( display_label, root_id, package_name, type_name, base_source, js_base, js_stub, exported, dto_source, id) VALUES ('xy13r3fub64m7bc5cd3w81azcdnankj3NM200904120000000000000000000030', 's9qjob2vntdin5nexq7xh33zobm84rkp', 'com.runwaysdk.system.scheduler', 'JobOperationController', NULL, NULL, NULL, 1, NULL, 's9qjob2vntdin5nexq7xh33zobm84rkpNM200810110000000000000000000112');
INSERT INTO metadata ( description, created_by, owner, id, create_date, seq, type, remove, site_master, locked_by, entity_domain, last_updated_by, last_update_date, key_name) VALUES ('sjmxftrcfu0hht944apqabsiyucnlbqiNM200904120000000000000000000030', '0000000000000000000000000000001000000000000000000000000000000003', '0000000000000000000000000000001000000000000000000000000000000003', 's9qjob2vntdin5nexq7xh33zobm84rkpNM200810110000000000000000000112', '2014-01-15 15:41:39', 4143, 'com.runwaysdk.system.metadata.MdController', 1, 'www.runwaysdk.com', NULL, NULL, '0000000000000000000000000000001000000000000000000000000000000003', '2014-01-15 15:41:39', 'com.runwaysdk.system.scheduler.JobOperationController');
INSERT INTO metadata_display_label ( default_locale, id, site_master, key_name) VALUES ('View Page', 'xqbqtfw9irv2plpjhh5ltbvt21xztvycNM200904120000000000000000000030', 'www.runwaysdk.com', 'xqbqtfw9irv2plpjhh5ltbvt21xztvycNM200904120000000000000000000030');
INSERT INTO metadata_display_label ( default_locale, id, site_master, key_name) VALUES ('Loads a ViewAll query for a specific page into the request object', '6u8la2u2p4rmdh4pmlcnbwj6i2dl3gxtNM200904120000000000000000000030', 'www.runwaysdk.com', '6u8la2u2p4rmdh4pmlcnbwj6i2dl3gxtNM200904120000000000000000000030');
INSERT INTO md_action ( is_query, enclosing_md_controller, is_post, action_name, display_label, id) VALUES (1, 's9qjob2vntdin5nexq7xh33zobm84rkpNM200810110000000000000000000112', 0, 'viewPage', 'xqbqtfw9irv2plpjhh5ltbvt21xztvycNM200904120000000000000000000030', 'xowyw35fp31d2dwah5o6r814b94ys6b9NM200810110000000000000000000113');
INSERT INTO metadata ( description, created_by, owner, id, create_date, seq, type, remove, site_master, locked_by, entity_domain, last_updated_by, last_update_date, key_name) VALUES ('6u8la2u2p4rmdh4pmlcnbwj6i2dl3gxtNM200904120000000000000000000030', '0000000000000000000000000000001000000000000000000000000000000003', '0000000000000000000000000000001000000000000000000000000000000003', 'xowyw35fp31d2dwah5o6r814b94ys6b9NM200810110000000000000000000113', '2014-01-15 15:41:39', 4144, 'com.runwaysdk.system.metadata.MdAction', 1, 'www.runwaysdk.com', NULL, NULL, '0000000000000000000000000000001000000000000000000000000000000003', '2014-01-15 15:41:39', 'com.runwaysdk.system.scheduler.JobOperationController.viewPage');
INSERT INTO controller_action ( key_name, locked_by, id, owner, entity_domain, created_by, type, last_update_date, create_date, seq, last_updated_by, site_master, parent_id, child_id) VALUES ('com.runwaysdk.system.scheduler.JobOperationController.viewPage', NULL, '6ndx2165jo6v2ashmimujy7docvh5gasJS200807230000000000000000111111', '0000000000000000000000000000001000000000000000000000000000000003', NULL, '0000000000000000000000000000001000000000000000000000000000000003', 'com.runwaysdk.system.ControllerAction', '2014-01-15 15:41:39', '2014-01-15 15:41:39', 4145, '0000000000000000000000000000001000000000000000000000000000000003', 'www.runwaysdk.com', 's9qjob2vntdin5nexq7xh33zobm84rkpNM200810110000000000000000000112', 'xowyw35fp31d2dwah5o6r814b94ys6b9NM200810110000000000000000000113');
INSERT INTO metadata_display_label ( default_locale, id, site_master, key_name) VALUES ('Sort Attribute', 'x8udem6lvfn3a18nshimes631fxsn3ziNM200904120000000000000000000030', 'www.runwaysdk.com', 'x8udem6lvfn3a18nshimes631fxsn3ziNM200904120000000000000000000030');
INSERT INTO metadata_display_label ( default_locale, id, site_master, key_name) VALUES (NULL, 'xhmjwxvjr7cl3f8avl3xhhr710lsm1e4NM200904120000000000000000000030', 'www.runwaysdk.com', 'xhmjwxvjr7cl3f8avl3xhhr710lsm1e4NM200904120000000000000000000030');
INSERT INTO md_parameter ( metadata, parameter_order, parameter_name, parameter_type, display_label, id) VALUES ('xowyw35fp31d2dwah5o6r814b94ys6b9NM200810110000000000000000000113', -4, 'sortAttribute', 'java.lang.String', 'x8udem6lvfn3a18nshimes631fxsn3ziNM200904120000000000000000000030', 'sx1o89rv6oibvkt8klv9cja2ha9k5r8t20070427JS0000000000000000001517');
INSERT INTO metadata ( description, created_by, owner, id, create_date, seq, type, remove, site_master, locked_by, entity_domain, last_updated_by, last_update_date, key_name) VALUES ('xhmjwxvjr7cl3f8avl3xhhr710lsm1e4NM200904120000000000000000000030', '0000000000000000000000000000001000000000000000000000000000000003', '0000000000000000000000000000001000000000000000000000000000000003', 'sx1o89rv6oibvkt8klv9cja2ha9k5r8t20070427JS0000000000000000001517', '2014-01-15 15:41:39', 4146, 'com.runwaysdk.system.metadata.MdParameter', 1, 'www.runwaysdk.com', NULL, NULL, '0000000000000000000000000000001000000000000000000000000000000003', '2014-01-15 15:41:39', 'com.runwaysdk.system.scheduler.JobOperationController.viewPage.sortAttribute');
INSERT INTO metadata_parameter ( site_master, last_updated_by, create_date, seq, locked_by, entity_domain, created_by, type, last_update_date, key_name, owner, id, parent_id, child_id) VALUES ('www.runwaysdk.com', '0000000000000000000000000000001000000000000000000000000000000003', '2014-01-15 15:41:39', 4147, NULL, NULL, '0000000000000000000000000000001000000000000000000000000000000003', 'com.runwaysdk.system.MetadataParameter', '2014-01-15 15:41:39', 'com.runwaysdk.system.scheduler.JobOperationController.viewPage.sortAttribute', '0000000000000000000000000000001000000000000000000000000000000003', '7fsk5tealh68tpaskw0mlivx26fwchk620070427JS0000000000000000001524', 'xowyw35fp31d2dwah5o6r814b94ys6b9NM200810110000000000000000000113', 'sx1o89rv6oibvkt8klv9cja2ha9k5r8t20070427JS0000000000000000001517');
INSERT INTO metadata_display_label ( default_locale, id, site_master, key_name) VALUES ('Is Ascending', '1wsl1jxu09pj5z1dr8fwd1f2x9rogva2NM200904120000000000000000000030', 'www.runwaysdk.com', '1wsl1jxu09pj5z1dr8fwd1f2x9rogva2NM200904120000000000000000000030');
INSERT INTO metadata_display_label ( default_locale, id, site_master, key_name) VALUES (NULL, 'r7owc22ub82fwlr84djlhrtck0n921fcNM200904120000000000000000000030', 'www.runwaysdk.com', 'r7owc22ub82fwlr84djlhrtck0n921fcNM200904120000000000000000000030');
INSERT INTO md_parameter ( metadata, parameter_order, parameter_name, parameter_type, display_label, id) VALUES ('xowyw35fp31d2dwah5o6r814b94ys6b9NM200810110000000000000000000113', -3, 'isAscending', 'java.lang.Boolean', '1wsl1jxu09pj5z1dr8fwd1f2x9rogva2NM200904120000000000000000000030', 'xuq0s4x3v5fnd9e4xt2w8rw0q2ea5vif20070427JS0000000000000000001517');
INSERT INTO metadata ( description, created_by, owner, id, create_date, seq, type, remove, site_master, locked_by, entity_domain, last_updated_by, last_update_date, key_name) VALUES ('r7owc22ub82fwlr84djlhrtck0n921fcNM200904120000000000000000000030', '0000000000000000000000000000001000000000000000000000000000000003', '0000000000000000000000000000001000000000000000000000000000000003', 'xuq0s4x3v5fnd9e4xt2w8rw0q2ea5vif20070427JS0000000000000000001517', '2014-01-15 15:41:39', 4148, 'com.runwaysdk.system.metadata.MdParameter', 1, 'www.runwaysdk.com', NULL, NULL, '0000000000000000000000000000001000000000000000000000000000000003', '2014-01-15 15:41:39', 'com.runwaysdk.system.scheduler.JobOperationController.viewPage.isAscending');
INSERT INTO metadata_parameter ( site_master, last_updated_by, create_date, seq, locked_by, entity_domain, created_by, type, last_update_date, key_name, owner, id, parent_id, child_id) VALUES ('www.runwaysdk.com', '0000000000000000000000000000001000000000000000000000000000000003', '2014-01-15 15:41:39', 4149, NULL, NULL, '0000000000000000000000000000001000000000000000000000000000000003', 'com.runwaysdk.system.MetadataParameter', '2014-01-15 15:41:39', 'com.runwaysdk.system.scheduler.JobOperationController.viewPage.isAscending', '0000000000000000000000000000001000000000000000000000000000000003', 'zdivkniwody0qz6h7ha3xv3y4uhffvom20070427JS0000000000000000001524', 'xowyw35fp31d2dwah5o6r814b94ys6b9NM200810110000000000000000000113', 'xuq0s4x3v5fnd9e4xt2w8rw0q2ea5vif20070427JS0000000000000000001517');
INSERT INTO metadata_display_label ( default_locale, id, site_master, key_name) VALUES ('Page Size', '1pd6n5i23epe6i72d52aanpp0o9phydhNM200904120000000000000000000030', 'www.runwaysdk.com', '1pd6n5i23epe6i72d52aanpp0o9phydhNM200904120000000000000000000030');
INSERT INTO metadata_display_label ( default_locale, id, site_master, key_name) VALUES (NULL, '91kvfpgvgkpff5b9z50y4ajq9x237l4gNM200904120000000000000000000030', 'www.runwaysdk.com', '91kvfpgvgkpff5b9z50y4ajq9x237l4gNM200904120000000000000000000030');
INSERT INTO md_parameter ( metadata, parameter_order, parameter_name, parameter_type, display_label, id) VALUES ('xowyw35fp31d2dwah5o6r814b94ys6b9NM200810110000000000000000000113', -2, 'pageSize', 'java.lang.Integer', '1pd6n5i23epe6i72d52aanpp0o9phydhNM200904120000000000000000000030', '0rflrm5xh06bg9zxdcw2pvfyv3f82r3b20070427JS0000000000000000001517');
INSERT INTO metadata ( description, created_by, owner, id, create_date, seq, type, remove, site_master, locked_by, entity_domain, last_updated_by, last_update_date, key_name) VALUES ('91kvfpgvgkpff5b9z50y4ajq9x237l4gNM200904120000000000000000000030', '0000000000000000000000000000001000000000000000000000000000000003', '0000000000000000000000000000001000000000000000000000000000000003', '0rflrm5xh06bg9zxdcw2pvfyv3f82r3b20070427JS0000000000000000001517', '2014-01-15 15:41:39', 4150, 'com.runwaysdk.system.metadata.MdParameter', 1, 'www.runwaysdk.com', NULL, NULL, '0000000000000000000000000000001000000000000000000000000000000003', '2014-01-15 15:41:39', 'com.runwaysdk.system.scheduler.JobOperationController.viewPage.pageSize');
INSERT INTO metadata_parameter ( site_master, last_updated_by, create_date, seq, locked_by, entity_domain, created_by, type, last_update_date, key_name, owner, id, parent_id, child_id) VALUES ('www.runwaysdk.com', '0000000000000000000000000000001000000000000000000000000000000003', '2014-01-15 15:41:39', 4151, NULL, NULL, '0000000000000000000000000000001000000000000000000000000000000003', 'com.runwaysdk.system.MetadataParameter', '2014-01-15 15:41:39', 'com.runwaysdk.system.scheduler.JobOperationController.viewPage.pageSize', '0000000000000000000000000000001000000000000000000000000000000003', '8m54nnytyrnt5dx18hjuk9mz4mxcy1ex20070427JS0000000000000000001524', 'xowyw35fp31d2dwah5o6r814b94ys6b9NM200810110000000000000000000113', '0rflrm5xh06bg9zxdcw2pvfyv3f82r3b20070427JS0000000000000000001517');
INSERT INTO metadata_display_label ( default_locale, id, site_master, key_name) VALUES ('Page Number', '1sxobiiekk3sq320x7i921wfvdjmaw6aNM200904120000000000000000000030', 'www.runwaysdk.com', '1sxobiiekk3sq320x7i921wfvdjmaw6aNM200904120000000000000000000030');
INSERT INTO metadata_display_label ( default_locale, id, site_master, key_name) VALUES (NULL, 'xfw2s4oipmxoqw9gmcnymbb2p1ny5bdbNM200904120000000000000000000030', 'www.runwaysdk.com', 'xfw2s4oipmxoqw9gmcnymbb2p1ny5bdbNM200904120000000000000000000030');
INSERT INTO md_parameter ( metadata, parameter_order, parameter_name, parameter_type, display_label, id) VALUES ('xowyw35fp31d2dwah5o6r814b94ys6b9NM200810110000000000000000000113', -1, 'pageNumber', 'java.lang.Integer', '1sxobiiekk3sq320x7i921wfvdjmaw6aNM200904120000000000000000000030', 'zn360mimx4kss19u0dg5t2mp0rtbt3w420070427JS0000000000000000001517');
INSERT INTO metadata ( description, created_by, owner, id, create_date, seq, type, remove, site_master, locked_by, entity_domain, last_updated_by, last_update_date, key_name) VALUES ('xfw2s4oipmxoqw9gmcnymbb2p1ny5bdbNM200904120000000000000000000030', '0000000000000000000000000000001000000000000000000000000000000003', '0000000000000000000000000000001000000000000000000000000000000003', 'zn360mimx4kss19u0dg5t2mp0rtbt3w420070427JS0000000000000000001517', '2014-01-15 15:41:39', 4152, 'com.runwaysdk.system.metadata.MdParameter', 1, 'www.runwaysdk.com', NULL, NULL, '0000000000000000000000000000001000000000000000000000000000000003', '2014-01-15 15:41:39', 'com.runwaysdk.system.scheduler.JobOperationController.viewPage.pageNumber');
INSERT INTO metadata_parameter ( site_master, last_updated_by, create_date, seq, locked_by, entity_domain, created_by, type, last_update_date, key_name, owner, id, parent_id, child_id) VALUES ('www.runwaysdk.com', '0000000000000000000000000000001000000000000000000000000000000003', '2014-01-15 15:41:39', 4153, NULL, NULL, '0000000000000000000000000000001000000000000000000000000000000003', 'com.runwaysdk.system.MetadataParameter', '2014-01-15 15:41:39', 'com.runwaysdk.system.scheduler.JobOperationController.viewPage.pageNumber', '0000000000000000000000000000001000000000000000000000000000000003', 're3ubxdkuvhkp5jz0msq2ituapohvhdz20070427JS0000000000000000001524', 'xowyw35fp31d2dwah5o6r814b94ys6b9NM200810110000000000000000000113', 'zn360mimx4kss19u0dg5t2mp0rtbt3w420070427JS0000000000000000001517');
INSERT INTO metadata_display_label ( default_locale, id, site_master, key_name) VALUES ('View All', 'y06g4w4rer6k8kdunklha3amh04dzgl4NM200904120000000000000000000030', 'www.runwaysdk.com', 'y06g4w4rer6k8kdunklha3amh04dzgl4NM200904120000000000000000000030');
INSERT INTO metadata_display_label ( default_locale, id, site_master, key_name) VALUES ('Loads a ViewAll query with the default settings', '0jgj5henl1xlpqz9cibdsmqdb9zva8wkNM200904120000000000000000000030', 'www.runwaysdk.com', '0jgj5henl1xlpqz9cibdsmqdb9zva8wkNM200904120000000000000000000030');
INSERT INTO md_action ( is_query, enclosing_md_controller, is_post, action_name, display_label, id) VALUES (0, 's9qjob2vntdin5nexq7xh33zobm84rkpNM200810110000000000000000000112', 0, 'viewAll', 'y06g4w4rer6k8kdunklha3amh04dzgl4NM200904120000000000000000000030', '6vkot82d6u54hdrkyzqc9lxpqp91rrz2NM200810110000000000000000000113');
INSERT INTO metadata ( description, created_by, owner, id, create_date, seq, type, remove, site_master, locked_by, entity_domain, last_updated_by, last_update_date, key_name) VALUES ('0jgj5henl1xlpqz9cibdsmqdb9zva8wkNM200904120000000000000000000030', '0000000000000000000000000000001000000000000000000000000000000003', '0000000000000000000000000000001000000000000000000000000000000003', '6vkot82d6u54hdrkyzqc9lxpqp91rrz2NM200810110000000000000000000113', '2014-01-15 15:41:39', 4154, 'com.runwaysdk.system.metadata.MdAction', 1, 'www.runwaysdk.com', NULL, NULL, '0000000000000000000000000000001000000000000000000000000000000003', '2014-01-15 15:41:39', 'com.runwaysdk.system.scheduler.JobOperationController.viewAll');
INSERT INTO controller_action ( key_name, locked_by, id, owner, entity_domain, created_by, type, last_update_date, create_date, seq, last_updated_by, site_master, parent_id, child_id) VALUES ('com.runwaysdk.system.scheduler.JobOperationController.viewAll', NULL, '049vrd198catjd57xgrvsqlp9dox0fe9JS200807230000000000000000111111', '0000000000000000000000000000001000000000000000000000000000000003', NULL, '0000000000000000000000000000001000000000000000000000000000000003', 'com.runwaysdk.system.ControllerAction', '2014-01-15 15:41:39', '2014-01-15 15:41:39', 4155, '0000000000000000000000000000001000000000000000000000000000000003', 'www.runwaysdk.com', 's9qjob2vntdin5nexq7xh33zobm84rkpNM200810110000000000000000000112', '6vkot82d6u54hdrkyzqc9lxpqp91rrz2NM200810110000000000000000000113');
INSERT INTO metadata_display_label ( default_locale, id, site_master, key_name) VALUES ('View', '23by7hqlsz96dhs20m4twnf61lk5xgc8NM200904120000000000000000000030', 'www.runwaysdk.com', '23by7hqlsz96dhs20m4twnf61lk5xgc8NM200904120000000000000000000030');
INSERT INTO metadata_display_label ( default_locale, id, site_master, key_name) VALUES ('View an existing instance of com.runwaysdk.system.scheduler.JobOperation', '0m0l1bwouhofxdibcn8c54wcbeuovxwvNM200904120000000000000000000030', 'www.runwaysdk.com', '0m0l1bwouhofxdibcn8c54wcbeuovxwvNM200904120000000000000000000030');
INSERT INTO md_action ( is_query, enclosing_md_controller, is_post, action_name, display_label, id) VALUES (0, 's9qjob2vntdin5nexq7xh33zobm84rkpNM200810110000000000000000000112', 0, 'view', '23by7hqlsz96dhs20m4twnf61lk5xgc8NM200904120000000000000000000030', '7dcu5odd4xqvbqn59d2v1y3xw7b4j8ewNM200810110000000000000000000113');
INSERT INTO metadata ( description, created_by, owner, id, create_date, seq, type, remove, site_master, locked_by, entity_domain, last_updated_by, last_update_date, key_name) VALUES ('0m0l1bwouhofxdibcn8c54wcbeuovxwvNM200904120000000000000000000030', '0000000000000000000000000000001000000000000000000000000000000003', '0000000000000000000000000000001000000000000000000000000000000003', '7dcu5odd4xqvbqn59d2v1y3xw7b4j8ewNM200810110000000000000000000113', '2014-01-15 15:41:39', 4156, 'com.runwaysdk.system.metadata.MdAction', 1, 'www.runwaysdk.com', NULL, NULL, '0000000000000000000000000000001000000000000000000000000000000003', '2014-01-15 15:41:39', 'com.runwaysdk.system.scheduler.JobOperationController.view');
INSERT INTO controller_action ( key_name, locked_by, id, owner, entity_domain, created_by, type, last_update_date, create_date, seq, last_updated_by, site_master, parent_id, child_id) VALUES ('com.runwaysdk.system.scheduler.JobOperationController.view', NULL, 'remljj5hn2lyfyrma1iufe8kwjee8pmeJS200807230000000000000000111111', '0000000000000000000000000000001000000000000000000000000000000003', NULL, '0000000000000000000000000000001000000000000000000000000000000003', 'com.runwaysdk.system.ControllerAction', '2014-01-15 15:41:39', '2014-01-15 15:41:39', 4157, '0000000000000000000000000000001000000000000000000000000000000003', 'www.runwaysdk.com', 's9qjob2vntdin5nexq7xh33zobm84rkpNM200810110000000000000000000112', '7dcu5odd4xqvbqn59d2v1y3xw7b4j8ewNM200810110000000000000000000113');
INSERT INTO metadata_display_label ( default_locale, id, site_master, key_name) VALUES ('Parameter: com.runwaysdk.system.scheduler.JobOperation - id', '1qtd0fegrvcajenb04m5pmmo5i3ecphzNM200904120000000000000000000030', 'www.runwaysdk.com', '1qtd0fegrvcajenb04m5pmmo5i3ecphzNM200904120000000000000000000030');
INSERT INTO metadata_display_label ( default_locale, id, site_master, key_name) VALUES ('Id of com.runwaysdk.system.scheduler.JobOperation to view.', 'qvc4afb7543qhx6phfske3cxja1vnpgfNM200904120000000000000000000030', 'www.runwaysdk.com', 'qvc4afb7543qhx6phfske3cxja1vnpgfNM200904120000000000000000000030');
INSERT INTO md_parameter ( metadata, parameter_order, parameter_name, parameter_type, display_label, id) VALUES ('7dcu5odd4xqvbqn59d2v1y3xw7b4j8ewNM200810110000000000000000000113', 0, 'id', 'java.lang.String', '1qtd0fegrvcajenb04m5pmmo5i3ecphzNM200904120000000000000000000030', '1q4iypzb3po9cjph3zs3l4gijqtexzcd20070427JS0000000000000000001517');
INSERT INTO metadata ( description, created_by, owner, id, create_date, seq, type, remove, site_master, locked_by, entity_domain, last_updated_by, last_update_date, key_name) VALUES ('qvc4afb7543qhx6phfske3cxja1vnpgfNM200904120000000000000000000030', '0000000000000000000000000000001000000000000000000000000000000003', '0000000000000000000000000000001000000000000000000000000000000003', '1q4iypzb3po9cjph3zs3l4gijqtexzcd20070427JS0000000000000000001517', '2014-01-15 15:41:39', 4158, 'com.runwaysdk.system.metadata.MdParameter', 1, 'www.runwaysdk.com', NULL, NULL, '0000000000000000000000000000001000000000000000000000000000000003', '2014-01-15 15:41:39', 'com.runwaysdk.system.scheduler.JobOperationController.view.id');
INSERT INTO metadata_parameter ( site_master, last_updated_by, create_date, seq, locked_by, entity_domain, created_by, type, last_update_date, key_name, owner, id, parent_id, child_id) VALUES ('www.runwaysdk.com', '0000000000000000000000000000001000000000000000000000000000000003', '2014-01-15 15:41:39', 4159, NULL, NULL, '0000000000000000000000000000001000000000000000000000000000000003', 'com.runwaysdk.system.MetadataParameter', '2014-01-15 15:41:39', 'com.runwaysdk.system.scheduler.JobOperationController.view.id', '0000000000000000000000000000001000000000000000000000000000000003', 'r5ihoxe0t64n59xbrma2yf1uprovqfxn20070427JS0000000000000000001524', '7dcu5odd4xqvbqn59d2v1y3xw7b4j8ewNM200810110000000000000000000113', '1q4iypzb3po9cjph3zs3l4gijqtexzcd20070427JS0000000000000000001517');
INSERT INTO metadata_display_label ( default_locale, id, site_master, key_name) VALUES ('New Instance', '76urcvxic0rntvmjx00og3z3xmfq1jbjNM200904120000000000000000000030', 'www.runwaysdk.com', '76urcvxic0rntvmjx00og3z3xmfq1jbjNM200904120000000000000000000030');
INSERT INTO metadata_display_label ( default_locale, id, site_master, key_name) VALUES ('Loads a new instance of com.runwaysdk.system.scheduler.JobOperation into the request object', 'xxjehqlcnip1jrqbass50j3rpll9xad4NM200904120000000000000000000030', 'www.runwaysdk.com', 'xxjehqlcnip1jrqbass50j3rpll9xad4NM200904120000000000000000000030');
INSERT INTO md_action ( is_query, enclosing_md_controller, is_post, action_name, display_label, id) VALUES (0, 's9qjob2vntdin5nexq7xh33zobm84rkpNM200810110000000000000000000112', 0, 'newInstance', '76urcvxic0rntvmjx00og3z3xmfq1jbjNM200904120000000000000000000030', 'sf49cmpomisumudff65olnekwhv53s63NM200810110000000000000000000113');
INSERT INTO metadata ( description, created_by, owner, id, create_date, seq, type, remove, site_master, locked_by, entity_domain, last_updated_by, last_update_date, key_name) VALUES ('xxjehqlcnip1jrqbass50j3rpll9xad4NM200904120000000000000000000030', '0000000000000000000000000000001000000000000000000000000000000003', '0000000000000000000000000000001000000000000000000000000000000003', 'sf49cmpomisumudff65olnekwhv53s63NM200810110000000000000000000113', '2014-01-15 15:41:39', 4160, 'com.runwaysdk.system.metadata.MdAction', 1, 'www.runwaysdk.com', NULL, NULL, '0000000000000000000000000000001000000000000000000000000000000003', '2014-01-15 15:41:39', 'com.runwaysdk.system.scheduler.JobOperationController.newInstance');
INSERT INTO controller_action ( key_name, locked_by, id, owner, entity_domain, created_by, type, last_update_date, create_date, seq, last_updated_by, site_master, parent_id, child_id) VALUES ('com.runwaysdk.system.scheduler.JobOperationController.newInstance', NULL, 'swc9zrq3w3q7jxk2mo8ingf7hcr1dtwlJS200807230000000000000000111111', '0000000000000000000000000000001000000000000000000000000000000003', NULL, '0000000000000000000000000000001000000000000000000000000000000003', 'com.runwaysdk.system.ControllerAction', '2014-01-15 15:41:39', '2014-01-15 15:41:39', 4161, '0000000000000000000000000000001000000000000000000000000000000003', 'www.runwaysdk.com', 's9qjob2vntdin5nexq7xh33zobm84rkpNM200810110000000000000000000112', 'sf49cmpomisumudff65olnekwhv53s63NM200810110000000000000000000113');
INSERT INTO metadata_display_label ( default_locale, id, site_master, key_name) VALUES ('Create', 'qturnh4z5m1r6fa599t9qnd8eanngdb4NM200904120000000000000000000030', 'www.runwaysdk.com', 'qturnh4z5m1r6fa599t9qnd8eanngdb4NM200904120000000000000000000030');
INSERT INTO metadata_display_label ( default_locale, id, site_master, key_name) VALUES ('Applys a new instance of com.runwaysdk.system.scheduler.JobOperation', '0gpbih4o4vdorqgtdvev0ami337y2zotNM200904120000000000000000000030', 'www.runwaysdk.com', '0gpbih4o4vdorqgtdvev0ami337y2zotNM200904120000000000000000000030');
INSERT INTO md_action ( is_query, enclosing_md_controller, is_post, action_name, display_label, id) VALUES (0, 's9qjob2vntdin5nexq7xh33zobm84rkpNM200810110000000000000000000112', 1, 'create', 'qturnh4z5m1r6fa599t9qnd8eanngdb4NM200904120000000000000000000030', 's8zo3gd5xcqzysae41exb75qin5fanpqNM200810110000000000000000000113');
INSERT INTO metadata ( description, created_by, owner, id, create_date, seq, type, remove, site_master, locked_by, entity_domain, last_updated_by, last_update_date, key_name) VALUES ('0gpbih4o4vdorqgtdvev0ami337y2zotNM200904120000000000000000000030', '0000000000000000000000000000001000000000000000000000000000000003', '0000000000000000000000000000001000000000000000000000000000000003', 's8zo3gd5xcqzysae41exb75qin5fanpqNM200810110000000000000000000113', '2014-01-15 15:41:39', 4162, 'com.runwaysdk.system.metadata.MdAction', 1, 'www.runwaysdk.com', NULL, NULL, '0000000000000000000000000000001000000000000000000000000000000003', '2014-01-15 15:41:39', 'com.runwaysdk.system.scheduler.JobOperationController.create');
INSERT INTO controller_action ( key_name, locked_by, id, owner, entity_domain, created_by, type, last_update_date, create_date, seq, last_updated_by, site_master, parent_id, child_id) VALUES ('com.runwaysdk.system.scheduler.JobOperationController.create', NULL, '242o48ca1dbtbc2w5chw3brzzfdys9jlJS200807230000000000000000111111', '0000000000000000000000000000001000000000000000000000000000000003', NULL, '0000000000000000000000000000001000000000000000000000000000000003', 'com.runwaysdk.system.ControllerAction', '2014-01-15 15:41:39', '2014-01-15 15:41:39', 4163, '0000000000000000000000000000001000000000000000000000000000000003', 'www.runwaysdk.com', 's9qjob2vntdin5nexq7xh33zobm84rkpNM200810110000000000000000000112', 's8zo3gd5xcqzysae41exb75qin5fanpqNM200810110000000000000000000113');
INSERT INTO metadata_display_label ( default_locale, id, site_master, key_name) VALUES ('Parameter: com.runwaysdk.system.scheduler.JobOperation', '0t6mlm5dwc5senhlxoi7e6cgs952c8miNM200904120000000000000000000030', 'www.runwaysdk.com', '0t6mlm5dwc5senhlxoi7e6cgs952c8miNM200904120000000000000000000030');
INSERT INTO metadata_display_label ( default_locale, id, site_master, key_name) VALUES ('com.runwaysdk.system.scheduler.JobOperation to apply to the database', '6q5tibwvkjn6w2a6n2yf1ag5q3oabonpNM200904120000000000000000000030', 'www.runwaysdk.com', '6q5tibwvkjn6w2a6n2yf1ag5q3oabonpNM200904120000000000000000000030');
INSERT INTO md_parameter ( metadata, parameter_order, parameter_name, parameter_type, display_label, id) VALUES ('s8zo3gd5xcqzysae41exb75qin5fanpqNM200810110000000000000000000113', 0, 'dto', 'com.runwaysdk.system.scheduler.JobOperation', '0t6mlm5dwc5senhlxoi7e6cgs952c8miNM200904120000000000000000000030', '08fh20kl72nretlfv04m0mxd8hpdkbzy20070427JS0000000000000000001517');
INSERT INTO metadata ( description, created_by, owner, id, create_date, seq, type, remove, site_master, locked_by, entity_domain, last_updated_by, last_update_date, key_name) VALUES ('6q5tibwvkjn6w2a6n2yf1ag5q3oabonpNM200904120000000000000000000030', '0000000000000000000000000000001000000000000000000000000000000003', '0000000000000000000000000000001000000000000000000000000000000003', '08fh20kl72nretlfv04m0mxd8hpdkbzy20070427JS0000000000000000001517', '2014-01-15 15:41:39', 4164, 'com.runwaysdk.system.metadata.MdParameter', 1, 'www.runwaysdk.com', NULL, NULL, '0000000000000000000000000000001000000000000000000000000000000003', '2014-01-15 15:41:39', 'com.runwaysdk.system.scheduler.JobOperationController.create.dto');
INSERT INTO metadata_parameter ( site_master, last_updated_by, create_date, seq, locked_by, entity_domain, created_by, type, last_update_date, key_name, owner, id, parent_id, child_id) VALUES ('www.runwaysdk.com', '0000000000000000000000000000001000000000000000000000000000000003', '2014-01-15 15:41:39', 4165, NULL, NULL, '0000000000000000000000000000001000000000000000000000000000000003', 'com.runwaysdk.system.MetadataParameter', '2014-01-15 15:41:39', 'com.runwaysdk.system.scheduler.JobOperationController.create.dto', '0000000000000000000000000000001000000000000000000000000000000003', 'z4fupvb2jseniswtpiuxbhy5lzk96cx520070427JS0000000000000000001524', 's8zo3gd5xcqzysae41exb75qin5fanpqNM200810110000000000000000000113', '08fh20kl72nretlfv04m0mxd8hpdkbzy20070427JS0000000000000000001517');
INSERT INTO metadata_display_label ( default_locale, id, site_master, key_name) VALUES ('edit', 'xzct3dxdr83p938jcdn5gn8ycbrih4soNM200904120000000000000000000030', 'www.runwaysdk.com', 'xzct3dxdr83p938jcdn5gn8ycbrih4soNM200904120000000000000000000030');
INSERT INTO metadata_display_label ( default_locale, id, site_master, key_name) VALUES ('Applys an existing instance of com.runwaysdk.system.scheduler.JobOperation', '2byvc2ukbzwflke4nhmv83c3lc82srd7NM200904120000000000000000000030', 'www.runwaysdk.com', '2byvc2ukbzwflke4nhmv83c3lc82srd7NM200904120000000000000000000030');
INSERT INTO md_action ( is_query, enclosing_md_controller, is_post, action_name, display_label, id) VALUES (0, 's9qjob2vntdin5nexq7xh33zobm84rkpNM200810110000000000000000000112', 0, 'edit', 'xzct3dxdr83p938jcdn5gn8ycbrih4soNM200904120000000000000000000030', 'spmz8tyrxf14leauz2wgoywgzvs6nsfuNM200810110000000000000000000113');
INSERT INTO metadata ( description, created_by, owner, id, create_date, seq, type, remove, site_master, locked_by, entity_domain, last_updated_by, last_update_date, key_name) VALUES ('2byvc2ukbzwflke4nhmv83c3lc82srd7NM200904120000000000000000000030', '0000000000000000000000000000001000000000000000000000000000000003', '0000000000000000000000000000001000000000000000000000000000000003', 'spmz8tyrxf14leauz2wgoywgzvs6nsfuNM200810110000000000000000000113', '2014-01-15 15:41:39', 4166, 'com.runwaysdk.system.metadata.MdAction', 1, 'www.runwaysdk.com', NULL, NULL, '0000000000000000000000000000001000000000000000000000000000000003', '2014-01-15 15:41:39', 'com.runwaysdk.system.scheduler.JobOperationController.edit');
INSERT INTO controller_action ( key_name, locked_by, id, owner, entity_domain, created_by, type, last_update_date, create_date, seq, last_updated_by, site_master, parent_id, child_id) VALUES ('com.runwaysdk.system.scheduler.JobOperationController.edit', NULL, 'xgufvph37z45awrat3z57waxz1s4fjpmJS200807230000000000000000111111', '0000000000000000000000000000001000000000000000000000000000000003', NULL, '0000000000000000000000000000001000000000000000000000000000000003', 'com.runwaysdk.system.ControllerAction', '2014-01-15 15:41:39', '2014-01-15 15:41:39', 4167, '0000000000000000000000000000001000000000000000000000000000000003', 'www.runwaysdk.com', 's9qjob2vntdin5nexq7xh33zobm84rkpNM200810110000000000000000000112', 'spmz8tyrxf14leauz2wgoywgzvs6nsfuNM200810110000000000000000000113');
INSERT INTO metadata_display_label ( default_locale, id, site_master, key_name) VALUES ('Parameter: com.runwaysdk.system.scheduler.JobOperation', '1s9s1i83dgpbhxpt2g5ybgkqhmlfsf47NM200904120000000000000000000030', 'www.runwaysdk.com', '1s9s1i83dgpbhxpt2g5ybgkqhmlfsf47NM200904120000000000000000000030');
INSERT INTO metadata_display_label ( default_locale, id, site_master, key_name) VALUES ('com.runwaysdk.system.scheduler.JobOperation to apply to the database', 't07dhhrof89kt5ac8iefic9cns8q5n5jNM200904120000000000000000000030', 'www.runwaysdk.com', 't07dhhrof89kt5ac8iefic9cns8q5n5jNM200904120000000000000000000030');
INSERT INTO md_parameter ( metadata, parameter_order, parameter_name, parameter_type, display_label, id) VALUES ('spmz8tyrxf14leauz2wgoywgzvs6nsfuNM200810110000000000000000000113', 0, 'id', 'java.lang.String', '1s9s1i83dgpbhxpt2g5ybgkqhmlfsf47NM200904120000000000000000000030', 'xy7tbuw9ms4rix25e5vb3e8h5gdd34qs20070427JS0000000000000000001517');
INSERT INTO metadata ( description, created_by, owner, id, create_date, seq, type, remove, site_master, locked_by, entity_domain, last_updated_by, last_update_date, key_name) VALUES ('t07dhhrof89kt5ac8iefic9cns8q5n5jNM200904120000000000000000000030', '0000000000000000000000000000001000000000000000000000000000000003', '0000000000000000000000000000001000000000000000000000000000000003', 'xy7tbuw9ms4rix25e5vb3e8h5gdd34qs20070427JS0000000000000000001517', '2014-01-15 15:41:39', 4168, 'com.runwaysdk.system.metadata.MdParameter', 1, 'www.runwaysdk.com', NULL, NULL, '0000000000000000000000000000001000000000000000000000000000000003', '2014-01-15 15:41:39', 'com.runwaysdk.system.scheduler.JobOperationController.edit.id');
INSERT INTO metadata_parameter ( site_master, last_updated_by, create_date, seq, locked_by, entity_domain, created_by, type, last_update_date, key_name, owner, id, parent_id, child_id) VALUES ('www.runwaysdk.com', '0000000000000000000000000000001000000000000000000000000000000003', '2014-01-15 15:41:39', 4169, NULL, NULL, '0000000000000000000000000000001000000000000000000000000000000003', 'com.runwaysdk.system.MetadataParameter', '2014-01-15 15:41:39', 'com.runwaysdk.system.scheduler.JobOperationController.edit.id', '0000000000000000000000000000001000000000000000000000000000000003', 'sms86jyiulskr7ixete1mw1nwk1pvzcp20070427JS0000000000000000001524', 'spmz8tyrxf14leauz2wgoywgzvs6nsfuNM200810110000000000000000000113', 'xy7tbuw9ms4rix25e5vb3e8h5gdd34qs20070427JS0000000000000000001517');
INSERT INTO metadata_display_label ( default_locale, id, site_master, key_name) VALUES ('update', '8gyuv35yqw5snoglkmyzi35gtqt36z4fNM200904120000000000000000000030', 'www.runwaysdk.com', '8gyuv35yqw5snoglkmyzi35gtqt36z4fNM200904120000000000000000000030');
INSERT INTO metadata_display_label ( default_locale, id, site_master, key_name) VALUES ('Applys an existing instance of com.runwaysdk.system.scheduler.JobOperation', 'qsautd3qlsqynekbvua4qlcen3f4sfc9NM200904120000000000000000000030', 'www.runwaysdk.com', 'qsautd3qlsqynekbvua4qlcen3f4sfc9NM200904120000000000000000000030');
INSERT INTO md_action ( is_query, enclosing_md_controller, is_post, action_name, display_label, id) VALUES (0, 's9qjob2vntdin5nexq7xh33zobm84rkpNM200810110000000000000000000112', 1, 'update', '8gyuv35yqw5snoglkmyzi35gtqt36z4fNM200904120000000000000000000030', '0h6ytd49dfsn2zvnywyqm5me2zxzm75pNM200810110000000000000000000113');
INSERT INTO metadata ( description, created_by, owner, id, create_date, seq, type, remove, site_master, locked_by, entity_domain, last_updated_by, last_update_date, key_name) VALUES ('qsautd3qlsqynekbvua4qlcen3f4sfc9NM200904120000000000000000000030', '0000000000000000000000000000001000000000000000000000000000000003', '0000000000000000000000000000001000000000000000000000000000000003', '0h6ytd49dfsn2zvnywyqm5me2zxzm75pNM200810110000000000000000000113', '2014-01-15 15:41:39', 4170, 'com.runwaysdk.system.metadata.MdAction', 1, 'www.runwaysdk.com', NULL, NULL, '0000000000000000000000000000001000000000000000000000000000000003', '2014-01-15 15:41:39', 'com.runwaysdk.system.scheduler.JobOperationController.update');
INSERT INTO controller_action ( key_name, locked_by, id, owner, entity_domain, created_by, type, last_update_date, create_date, seq, last_updated_by, site_master, parent_id, child_id) VALUES ('com.runwaysdk.system.scheduler.JobOperationController.update', NULL, '79jt80x77m69y3d6vuu50lkr96trbcyrJS200807230000000000000000111111', '0000000000000000000000000000001000000000000000000000000000000003', NULL, '0000000000000000000000000000001000000000000000000000000000000003', 'com.runwaysdk.system.ControllerAction', '2014-01-15 15:41:39', '2014-01-15 15:41:39', 4171, '0000000000000000000000000000001000000000000000000000000000000003', 'www.runwaysdk.com', 's9qjob2vntdin5nexq7xh33zobm84rkpNM200810110000000000000000000112', '0h6ytd49dfsn2zvnywyqm5me2zxzm75pNM200810110000000000000000000113');
INSERT INTO metadata_display_label ( default_locale, id, site_master, key_name) VALUES ('Parameter: com.runwaysdk.system.scheduler.JobOperation - dto', '03tu6pfqdbgrm1un5td7h73bapm5c0x1NM200904120000000000000000000030', 'www.runwaysdk.com', '03tu6pfqdbgrm1un5td7h73bapm5c0x1NM200904120000000000000000000030');
INSERT INTO metadata_display_label ( default_locale, id, site_master, key_name) VALUES ('com.runwaysdk.system.scheduler.JobOperation to apply to the database', 'qy94kwkxuhlbpchr3tacccnt18ckfrmqNM200904120000000000000000000030', 'www.runwaysdk.com', 'qy94kwkxuhlbpchr3tacccnt18ckfrmqNM200904120000000000000000000030');
INSERT INTO md_parameter ( metadata, parameter_order, parameter_name, parameter_type, display_label, id) VALUES ('0h6ytd49dfsn2zvnywyqm5me2zxzm75pNM200810110000000000000000000113', 0, 'dto', 'com.runwaysdk.system.scheduler.JobOperation', '03tu6pfqdbgrm1un5td7h73bapm5c0x1NM200904120000000000000000000030', 'xaf4im9hnnuyy6vf5t179t1aelgl0jzm20070427JS0000000000000000001517');
INSERT INTO metadata ( description, created_by, owner, id, create_date, seq, type, remove, site_master, locked_by, entity_domain, last_updated_by, last_update_date, key_name) VALUES ('qy94kwkxuhlbpchr3tacccnt18ckfrmqNM200904120000000000000000000030', '0000000000000000000000000000001000000000000000000000000000000003', '0000000000000000000000000000001000000000000000000000000000000003', 'xaf4im9hnnuyy6vf5t179t1aelgl0jzm20070427JS0000000000000000001517', '2014-01-15 15:41:39', 4172, 'com.runwaysdk.system.metadata.MdParameter', 1, 'www.runwaysdk.com', NULL, NULL, '0000000000000000000000000000001000000000000000000000000000000003', '2014-01-15 15:41:39', 'com.runwaysdk.system.scheduler.JobOperationController.update.dto');
INSERT INTO metadata_parameter ( site_master, last_updated_by, create_date, seq, locked_by, entity_domain, created_by, type, last_update_date, key_name, owner, id, parent_id, child_id) VALUES ('www.runwaysdk.com', '0000000000000000000000000000001000000000000000000000000000000003', '2014-01-15 15:41:39', 4173, NULL, NULL, '0000000000000000000000000000001000000000000000000000000000000003', 'com.runwaysdk.system.MetadataParameter', '2014-01-15 15:41:39', 'com.runwaysdk.system.scheduler.JobOperationController.update.dto', '0000000000000000000000000000001000000000000000000000000000000003', '8shlgr3k0ut6xglkagnlswfwi74lq17620070427JS0000000000000000001524', '0h6ytd49dfsn2zvnywyqm5me2zxzm75pNM200810110000000000000000000113', 'xaf4im9hnnuyy6vf5t179t1aelgl0jzm20070427JS0000000000000000001517');
INSERT INTO metadata_display_label ( default_locale, id, site_master, key_name) VALUES ('cancel', 'zfxnx5a1o1oc0iajj0bb6zqcjir12er5NM200904120000000000000000000030', 'www.runwaysdk.com', 'zfxnx5a1o1oc0iajj0bb6zqcjir12er5NM200904120000000000000000000030');
INSERT INTO metadata_display_label ( default_locale, id, site_master, key_name) VALUES ('Unlocks an instance com.runwaysdk.system.scheduler.JobOperation', 's9w3gby6yj5y0adat2m37fp6l7poitl8NM200904120000000000000000000030', 'www.runwaysdk.com', 's9w3gby6yj5y0adat2m37fp6l7poitl8NM200904120000000000000000000030');
INSERT INTO md_action ( is_query, enclosing_md_controller, is_post, action_name, display_label, id) VALUES (0, 's9qjob2vntdin5nexq7xh33zobm84rkpNM200810110000000000000000000112', 1, 'cancel', 'zfxnx5a1o1oc0iajj0bb6zqcjir12er5NM200904120000000000000000000030', 'r1rb03d9v9u31tu73l1gqxi1yzj4a3y2NM200810110000000000000000000113');
INSERT INTO metadata ( description, created_by, owner, id, create_date, seq, type, remove, site_master, locked_by, entity_domain, last_updated_by, last_update_date, key_name) VALUES ('s9w3gby6yj5y0adat2m37fp6l7poitl8NM200904120000000000000000000030', '0000000000000000000000000000001000000000000000000000000000000003', '0000000000000000000000000000001000000000000000000000000000000003', 'r1rb03d9v9u31tu73l1gqxi1yzj4a3y2NM200810110000000000000000000113', '2014-01-15 15:41:39', 4174, 'com.runwaysdk.system.metadata.MdAction', 1, 'www.runwaysdk.com', NULL, NULL, '0000000000000000000000000000001000000000000000000000000000000003', '2014-01-15 15:41:39', 'com.runwaysdk.system.scheduler.JobOperationController.cancel');
INSERT INTO controller_action ( key_name, locked_by, id, owner, entity_domain, created_by, type, last_update_date, create_date, seq, last_updated_by, site_master, parent_id, child_id) VALUES ('com.runwaysdk.system.scheduler.JobOperationController.cancel', NULL, '8la0on6zzwlwzysb9lubofku7ub16pngJS200807230000000000000000111111', '0000000000000000000000000000001000000000000000000000000000000003', NULL, '0000000000000000000000000000001000000000000000000000000000000003', 'com.runwaysdk.system.ControllerAction', '2014-01-15 15:41:39', '2014-01-15 15:41:39', 4175, '0000000000000000000000000000001000000000000000000000000000000003', 'www.runwaysdk.com', 's9qjob2vntdin5nexq7xh33zobm84rkpNM200810110000000000000000000112', 'r1rb03d9v9u31tu73l1gqxi1yzj4a3y2NM200810110000000000000000000113');
INSERT INTO metadata_display_label ( default_locale, id, site_master, key_name) VALUES ('Parameter: com.runwaysdk.system.scheduler.JobOperation - dto', 'z3p7y7vul4gqrw68s024p0onbh3fy1fnNM200904120000000000000000000030', 'www.runwaysdk.com', 'z3p7y7vul4gqrw68s024p0onbh3fy1fnNM200904120000000000000000000030');
INSERT INTO metadata_display_label ( default_locale, id, site_master, key_name) VALUES ('com.runwaysdk.system.scheduler.JobOperation to unlock', 't0otioa1pu4ge4p1svl8w9dtk54lit44NM200904120000000000000000000030', 'www.runwaysdk.com', 't0otioa1pu4ge4p1svl8w9dtk54lit44NM200904120000000000000000000030');
INSERT INTO md_parameter ( metadata, parameter_order, parameter_name, parameter_type, display_label, id) VALUES ('r1rb03d9v9u31tu73l1gqxi1yzj4a3y2NM200810110000000000000000000113', 0, 'dto', 'com.runwaysdk.system.scheduler.JobOperation', 'z3p7y7vul4gqrw68s024p0onbh3fy1fnNM200904120000000000000000000030', 'qtn84joqqw5ctw8sgivx8mekqxi01qig20070427JS0000000000000000001517');
INSERT INTO metadata ( description, created_by, owner, id, create_date, seq, type, remove, site_master, locked_by, entity_domain, last_updated_by, last_update_date, key_name) VALUES ('t0otioa1pu4ge4p1svl8w9dtk54lit44NM200904120000000000000000000030', '0000000000000000000000000000001000000000000000000000000000000003', '0000000000000000000000000000001000000000000000000000000000000003', 'qtn84joqqw5ctw8sgivx8mekqxi01qig20070427JS0000000000000000001517', '2014-01-15 15:41:39', 4176, 'com.runwaysdk.system.metadata.MdParameter', 1, 'www.runwaysdk.com', NULL, NULL, '0000000000000000000000000000001000000000000000000000000000000003', '2014-01-15 15:41:39', 'com.runwaysdk.system.scheduler.JobOperationController.cancel.dto');
INSERT INTO metadata_parameter ( site_master, last_updated_by, create_date, seq, locked_by, entity_domain, created_by, type, last_update_date, key_name, owner, id, parent_id, child_id) VALUES ('www.runwaysdk.com', '0000000000000000000000000000001000000000000000000000000000000003', '2014-01-15 15:41:39', 4177, NULL, NULL, '0000000000000000000000000000001000000000000000000000000000000003', 'com.runwaysdk.system.MetadataParameter', '2014-01-15 15:41:39', 'com.runwaysdk.system.scheduler.JobOperationController.cancel.dto', '0000000000000000000000000000001000000000000000000000000000000003', '8xk946irapbgo2c93hl8ja4z9u1vfozb20070427JS0000000000000000001524', 'r1rb03d9v9u31tu73l1gqxi1yzj4a3y2NM200810110000000000000000000113', 'qtn84joqqw5ctw8sgivx8mekqxi01qig20070427JS0000000000000000001517');
INSERT INTO metadata_display_label ( default_locale, id, site_master, key_name) VALUES ('delete', '8twf6mer0y2s3dlmhcrgy2k9xl9djitnNM200904120000000000000000000030', 'www.runwaysdk.com', '8twf6mer0y2s3dlmhcrgy2k9xl9djitnNM200904120000000000000000000030');
INSERT INTO metadata_display_label ( default_locale, id, site_master, key_name) VALUES ('Delete an instance of com.runwaysdk.system.scheduler.JobOperation', 'z6t7foadm583rmlomnrfivdmb977lttaNM200904120000000000000000000030', 'www.runwaysdk.com', 'z6t7foadm583rmlomnrfivdmb977lttaNM200904120000000000000000000030');
INSERT INTO md_action ( is_query, enclosing_md_controller, is_post, action_name, display_label, id) VALUES (0, 's9qjob2vntdin5nexq7xh33zobm84rkpNM200810110000000000000000000112', 1, 'delete', '8twf6mer0y2s3dlmhcrgy2k9xl9djitnNM200904120000000000000000000030', 'xzkydguc6h1rvfbv4p6h4rjlda0x78ltNM200810110000000000000000000113');
INSERT INTO metadata ( description, created_by, owner, id, create_date, seq, type, remove, site_master, locked_by, entity_domain, last_updated_by, last_update_date, key_name) VALUES ('z6t7foadm583rmlomnrfivdmb977lttaNM200904120000000000000000000030', '0000000000000000000000000000001000000000000000000000000000000003', '0000000000000000000000000000001000000000000000000000000000000003', 'xzkydguc6h1rvfbv4p6h4rjlda0x78ltNM200810110000000000000000000113', '2014-01-15 15:41:39', 4178, 'com.runwaysdk.system.metadata.MdAction', 1, 'www.runwaysdk.com', NULL, NULL, '0000000000000000000000000000001000000000000000000000000000000003', '2014-01-15 15:41:39', 'com.runwaysdk.system.scheduler.JobOperationController.delete');
INSERT INTO controller_action ( key_name, locked_by, id, owner, entity_domain, created_by, type, last_update_date, create_date, seq, last_updated_by, site_master, parent_id, child_id) VALUES ('com.runwaysdk.system.scheduler.JobOperationController.delete', NULL, 'r24m4x9jdupmvb899h151e2s4tmmzv6yJS200807230000000000000000111111', '0000000000000000000000000000001000000000000000000000000000000003', NULL, '0000000000000000000000000000001000000000000000000000000000000003', 'com.runwaysdk.system.ControllerAction', '2014-01-15 15:41:39', '2014-01-15 15:41:39', 4179, '0000000000000000000000000000001000000000000000000000000000000003', 'www.runwaysdk.com', 's9qjob2vntdin5nexq7xh33zobm84rkpNM200810110000000000000000000112', 'xzkydguc6h1rvfbv4p6h4rjlda0x78ltNM200810110000000000000000000113');
INSERT INTO metadata_display_label ( default_locale, id, site_master, key_name) VALUES ('Parameter: com.runwaysdk.system.scheduler.JobOperation - dto', '6ygco6tmebuoo48y65ppseu8wfu5pgglNM200904120000000000000000000030', 'www.runwaysdk.com', '6ygco6tmebuoo48y65ppseu8wfu5pgglNM200904120000000000000000000030');
INSERT INTO metadata_display_label ( default_locale, id, site_master, key_name) VALUES ('com.runwaysdk.system.scheduler.JobOperation to delete', '1w06z19tec5064k8zsyml0uknk263srkNM200904120000000000000000000030', 'www.runwaysdk.com', '1w06z19tec5064k8zsyml0uknk263srkNM200904120000000000000000000030');
INSERT INTO md_parameter ( metadata, parameter_order, parameter_name, parameter_type, display_label, id) VALUES ('xzkydguc6h1rvfbv4p6h4rjlda0x78ltNM200810110000000000000000000113', 0, 'dto', 'com.runwaysdk.system.scheduler.JobOperation', '6ygco6tmebuoo48y65ppseu8wfu5pgglNM200904120000000000000000000030', '292d1g4up59z32qv7vsv7ljkyi9ez88n20070427JS0000000000000000001517');
INSERT INTO metadata ( description, created_by, owner, id, create_date, seq, type, remove, site_master, locked_by, entity_domain, last_updated_by, last_update_date, key_name) VALUES ('1w06z19tec5064k8zsyml0uknk263srkNM200904120000000000000000000030', '0000000000000000000000000000001000000000000000000000000000000003', '0000000000000000000000000000001000000000000000000000000000000003', '292d1g4up59z32qv7vsv7ljkyi9ez88n20070427JS0000000000000000001517', '2014-01-15 15:41:39', 4180, 'com.runwaysdk.system.metadata.MdParameter', 1, 'www.runwaysdk.com', NULL, NULL, '0000000000000000000000000000001000000000000000000000000000000003', '2014-01-15 15:41:39', 'com.runwaysdk.system.scheduler.JobOperationController.delete.dto');
INSERT INTO metadata_parameter ( site_master, last_updated_by, create_date, seq, locked_by, entity_domain, created_by, type, last_update_date, key_name, owner, id, parent_id, child_id) VALUES ('www.runwaysdk.com', '0000000000000000000000000000001000000000000000000000000000000003', '2014-01-15 15:41:39', 4181, NULL, NULL, '0000000000000000000000000000001000000000000000000000000000000003', 'com.runwaysdk.system.MetadataParameter', '2014-01-15 15:41:39', 'com.runwaysdk.system.scheduler.JobOperationController.delete.dto', '0000000000000000000000000000001000000000000000000000000000000003', 'r0ux7ruk4lp5udrgkzgan3fss1b4xf7020070427JS0000000000000000001524', 'xzkydguc6h1rvfbv4p6h4rjlda0x78ltNM200810110000000000000000000113', '292d1g4up59z32qv7vsv7ljkyi9ez88n20070427JS0000000000000000001517');
INSERT INTO business_inheritance ( id, parent_id, child_id) VALUES ('sdtd7mjo7ly73196dhvzdz26pfrbl1t720070926NM0000000000000000000004', '0000000000000000000000000000020600000000000000000000000000000001', '8xak60j7y8pj5mfgotxs1bki3qbn8ilv00000000000000000000000000000001');
INSERT INTO class_inheritance ( id, parent_id, child_id) VALUES ('sdtd7mjo7ly73196dhvzdz26pfrbl1t720070926NM0000000000000000000004', '0000000000000000000000000000020600000000000000000000000000000001', '8xak60j7y8pj5mfgotxs1bki3qbn8ilv00000000000000000000000000000001');
INSERT INTO metadata_relationship ( entity_domain, site_master, last_updated_by, id, owner, locked_by, create_date, type, created_by, seq, key_name, last_update_date, parent_id, child_id) VALUES (NULL, 'www.runwaysdk.com', '0000000000000000000000000000001000000000000000000000000000000003', 'sdtd7mjo7ly73196dhvzdz26pfrbl1t720070926NM0000000000000000000004', '0000000000000000000000000000001000000000000000000000000000000003', NULL, '2014-01-15 15:41:39', 'com.runwaysdk.system.metadata.BusinessInheritance', '0000000000000000000000000000001000000000000000000000000000000003', 4182, 'sdtd7mjo7ly73196dhvzdz26pfrbl1t720070926NM0000000000000000000004', '2014-01-15 15:41:39', '0000000000000000000000000000020600000000000000000000000000000001', '8xak60j7y8pj5mfgotxs1bki3qbn8ilv00000000000000000000000000000001');
INSERT INTO metadata_display_label ( default_locale, id, site_master, key_name) VALUES ('Pause', '6o9orwfghv7x506hp48x8szt7rwrd2jjNM200904120000000000000000000030', 'www.runwaysdk.com', '6o9orwfghv7x506hp48x8szt7rwrd2jjNM200904120000000000000000000030');
INSERT INTO job_operation ( id) VALUES ('sogfj44avmo4ilwfnbkp3w2gydg113r68xak60j7y8pj5mfgotxs1bki3qbn8ilv');
INSERT INTO enumeration_master ( create_date, locked_by, owner, site_master, type, last_update_date, id, entity_domain, key_name, display_label, enum_name, created_by, seq, last_updated_by) VALUES ('2014-01-15 15:41:39', NULL, '0000000000000000000000000000001000000000000000000000000000000003', 'www.runwaysdk.com', 'com.runwaysdk.system.scheduler.JobOperation', '2014-01-15 15:41:39', 'sogfj44avmo4ilwfnbkp3w2gydg113r68xak60j7y8pj5mfgotxs1bki3qbn8ilv', NULL, 'com.runwaysdk.system.scheduler.JobOperation.PAUSE', '6o9orwfghv7x506hp48x8szt7rwrd2jjNM200904120000000000000000000030', 'PAUSE', '0000000000000000000000000000001000000000000000000000000000000003', 4183, '0000000000000000000000000000001000000000000000000000000000000003');
INSERT INTO metadata_display_label ( default_locale, id, site_master, key_name) VALUES ('Resume', '8wunju9gppt6s0gda8nnnx824wv44qxwNM200904120000000000000000000030', 'www.runwaysdk.com', '8wunju9gppt6s0gda8nnnx824wv44qxwNM200904120000000000000000000030');
INSERT INTO job_operation ( id) VALUES ('0dqhnejmst9uypz240ndhhpu175xu64e8xak60j7y8pj5mfgotxs1bki3qbn8ilv');
INSERT INTO enumeration_master ( create_date, locked_by, owner, site_master, type, last_update_date, id, entity_domain, key_name, display_label, enum_name, created_by, seq, last_updated_by) VALUES ('2014-01-15 15:41:39', NULL, '0000000000000000000000000000001000000000000000000000000000000003', 'www.runwaysdk.com', 'com.runwaysdk.system.scheduler.JobOperation', '2014-01-15 15:41:39', '0dqhnejmst9uypz240ndhhpu175xu64e8xak60j7y8pj5mfgotxs1bki3qbn8ilv', NULL, 'com.runwaysdk.system.scheduler.JobOperation.RESUME', '8wunju9gppt6s0gda8nnnx824wv44qxwNM200904120000000000000000000030', 'RESUME', '0000000000000000000000000000001000000000000000000000000000000003', 4184, '0000000000000000000000000000001000000000000000000000000000000003');
INSERT INTO metadata_display_label ( default_locale, id, site_master, key_name) VALUES ('Start', 'r6a35dyahw9ybl51w7809zl344e7etvuNM200904120000000000000000000030', 'www.runwaysdk.com', 'r6a35dyahw9ybl51w7809zl344e7etvuNM200904120000000000000000000030');
INSERT INTO job_operation ( id) VALUES ('xkq0bd33lz8yq40lmbit9jo3q6hgh4eg8xak60j7y8pj5mfgotxs1bki3qbn8ilv');
INSERT INTO enumeration_master ( create_date, locked_by, owner, site_master, type, last_update_date, id, entity_domain, key_name, display_label, enum_name, created_by, seq, last_updated_by) VALUES ('2014-01-15 15:41:39', NULL, '0000000000000000000000000000001000000000000000000000000000000003', 'www.runwaysdk.com', 'com.runwaysdk.system.scheduler.JobOperation', '2014-01-15 15:41:39', 'xkq0bd33lz8yq40lmbit9jo3q6hgh4eg8xak60j7y8pj5mfgotxs1bki3qbn8ilv', NULL, 'com.runwaysdk.system.scheduler.JobOperation.START', 'r6a35dyahw9ybl51w7809zl344e7etvuNM200904120000000000000000000030', 'START', '0000000000000000000000000000001000000000000000000000000000000003', 4185, '0000000000000000000000000000001000000000000000000000000000000003');
INSERT INTO metadata_display_label ( default_locale, id, site_master, key_name) VALUES ('Stop', 'xontoklgq8onax5qsiqy7oweb0ivmmw9NM200904120000000000000000000030', 'www.runwaysdk.com', 'xontoklgq8onax5qsiqy7oweb0ivmmw9NM200904120000000000000000000030');
INSERT INTO job_operation ( id) VALUES ('r8ev5mybstp8gu4wdl1n67ni1xz11y9m8xak60j7y8pj5mfgotxs1bki3qbn8ilv');
INSERT INTO enumeration_master ( create_date, locked_by, owner, site_master, type, last_update_date, id, entity_domain, key_name, display_label, enum_name, created_by, seq, last_updated_by) VALUES ('2014-01-15 15:41:39', NULL, '0000000000000000000000000000001000000000000000000000000000000003', 'www.runwaysdk.com', 'com.runwaysdk.system.scheduler.JobOperation', '2014-01-15 15:41:39', 'r8ev5mybstp8gu4wdl1n67ni1xz11y9m8xak60j7y8pj5mfgotxs1bki3qbn8ilv', NULL, 'com.runwaysdk.system.scheduler.JobOperation.STOP', 'xontoklgq8onax5qsiqy7oweb0ivmmw9NM200904120000000000000000000030', 'STOP', '0000000000000000000000000000001000000000000000000000000000000003', 4186, '0000000000000000000000000000001000000000000000000000000000000003');
INSERT INTO metadata_display_label ( default_locale, id, site_master, key_name) VALUES ('Cancel', 'sqp2fw6qvq1lvp1ng3n7rp6kav5va7a7NM200904120000000000000000000030', 'www.runwaysdk.com', 'sqp2fw6qvq1lvp1ng3n7rp6kav5va7a7NM200904120000000000000000000030');
INSERT INTO job_operation ( id) VALUES ('t0f6drikwnn9gqd0llhlhlw55fssfan68xak60j7y8pj5mfgotxs1bki3qbn8ilv');
INSERT INTO enumeration_master ( create_date, locked_by, owner, site_master, type, last_update_date, id, entity_domain, key_name, display_label, enum_name, created_by, seq, last_updated_by) VALUES ('2014-01-15 15:41:39', NULL, '0000000000000000000000000000001000000000000000000000000000000003', 'www.runwaysdk.com', 'com.runwaysdk.system.scheduler.JobOperation', '2014-01-15 15:41:39', 't0f6drikwnn9gqd0llhlhlw55fssfan68xak60j7y8pj5mfgotxs1bki3qbn8ilv', NULL, 'com.runwaysdk.system.scheduler.JobOperation.CANCEL', 'sqp2fw6qvq1lvp1ng3n7rp6kav5va7a7NM200904120000000000000000000030', 'CANCEL', '0000000000000000000000000000001000000000000000000000000000000003', 4187, '0000000000000000000000000000001000000000000000000000000000000003');
INSERT INTO metadata_display_label ( default_locale, id, site_master, key_name) VALUES ('All Job Operations', 'xc0gti7bwknm4mvn1wadok8j9j4lommcNM200904120000000000000000000030', 'www.runwaysdk.com', 'xc0gti7bwknm4mvn1wadok8j9j4lommcNM200904120000000000000000000030');
INSERT INTO metadata_display_label ( default_locale, id, site_master, key_name) VALUES ('All Job Operations', 'sn0l9iu5k64w4w45wxh3z6tgfk1uvsq4NM200904120000000000000000000030', 'www.runwaysdk.com', 'sn0l9iu5k64w4w45wxh3z6tgfk1uvsq4NM200904120000000000000000000030');
INSERT INTO md_enumeration ( include_all, master_md_business, table_name, id) VALUES (1, '8xak60j7y8pj5mfgotxs1bki3qbn8ilv00000000000000000000000000000001', 'alljoboperation', 'z6fetp4nocazk7tyqtsm55nfz1ow650g00000000000000000000000000000196');
INSERT INTO md_type ( display_label, root_id, package_name, type_name, base_source, js_base, js_stub, exported, dto_source, id) VALUES ('xc0gti7bwknm4mvn1wadok8j9j4lommcNM200904120000000000000000000030', 'z6fetp4nocazk7tyqtsm55nfz1ow650g', 'com.runwaysdk.system.scheduler', 'AllJobOperation', NULL, NULL, NULL, 1, NULL, 'z6fetp4nocazk7tyqtsm55nfz1ow650g00000000000000000000000000000196');
INSERT INTO metadata ( description, created_by, owner, id, create_date, seq, type, remove, site_master, locked_by, entity_domain, last_updated_by, last_update_date, key_name) VALUES ('sn0l9iu5k64w4w45wxh3z6tgfk1uvsq4NM200904120000000000000000000030', '0000000000000000000000000000001000000000000000000000000000000003', '0000000000000000000000000000001000000000000000000000000000000003', 'z6fetp4nocazk7tyqtsm55nfz1ow650g00000000000000000000000000000196', '2014-01-15 15:41:39', 4188, 'com.runwaysdk.system.metadata.MdEnumeration', 1, 'www.runwaysdk.com', NULL, NULL, '0000000000000000000000000000001000000000000000000000000000000003', '2014-01-15 15:41:39', 'com.runwaysdk.system.scheduler.AllJobOperation');
INSERT INTO enumeration_attribute ( id, parent_id, child_id) VALUES ('78wvqdtphc3bg7jwb4307e2xdohk5izo00000000000000000000000000000212', '8xak60j7y8pj5mfgotxs1bki3qbn8ilv00000000000000000000000000000001', 'z6fetp4nocazk7tyqtsm55nfz1ow650g00000000000000000000000000000196');
INSERT INTO metadata_relationship ( entity_domain, site_master, last_updated_by, id, owner, locked_by, create_date, type, created_by, seq, key_name, last_update_date, parent_id, child_id) VALUES (NULL, 'www.runwaysdk.com', '0000000000000000000000000000001000000000000000000000000000000003', '78wvqdtphc3bg7jwb4307e2xdohk5izo00000000000000000000000000000212', '0000000000000000000000000000001000000000000000000000000000000003', NULL, '2014-01-15 15:41:39', 'com.runwaysdk.system.metadata.EnumerationAttribute', '0000000000000000000000000000001000000000000000000000000000000003', 4189, 'com.runwaysdk.system.scheduler.AllJobOperation', '2014-01-15 15:41:39', '8xak60j7y8pj5mfgotxs1bki3qbn8ilv00000000000000000000000000000001', 'z6fetp4nocazk7tyqtsm55nfz1ow650g00000000000000000000000000000196');
INSERT INTO enumeration_attribute_item ( id, parent_id, child_id) VALUES ('z1s0crc2nprumqlcfe8z0alp20bptedt00000000000000000000000000000294', 'z6fetp4nocazk7tyqtsm55nfz1ow650g00000000000000000000000000000196', 'sogfj44avmo4ilwfnbkp3w2gydg113r68xak60j7y8pj5mfgotxs1bki3qbn8ilv');
INSERT INTO metadata_relationship ( entity_domain, site_master, last_updated_by, id, owner, locked_by, create_date, type, created_by, seq, key_name, last_update_date, parent_id, child_id) VALUES (NULL, 'www.runwaysdk.com', '0000000000000000000000000000001000000000000000000000000000000003', 'z1s0crc2nprumqlcfe8z0alp20bptedt00000000000000000000000000000294', '0000000000000000000000000000001000000000000000000000000000000003', NULL, '2014-01-15 15:41:39', 'com.runwaysdk.system.metadata.EnumerationAttributeItem', '0000000000000000000000000000001000000000000000000000000000000003', 4190, 'z1s0crc2nprumqlcfe8z0alp20bptedt00000000000000000000000000000294', '2014-01-15 15:41:39', 'z6fetp4nocazk7tyqtsm55nfz1ow650g00000000000000000000000000000196', 'sogfj44avmo4ilwfnbkp3w2gydg113r68xak60j7y8pj5mfgotxs1bki3qbn8ilv');
INSERT INTO enumeration_attribute_item ( id, parent_id, child_id) VALUES ('7g7qqdk4ig9lr6srenyjpjwlbuayt5ga00000000000000000000000000000294', 'z6fetp4nocazk7tyqtsm55nfz1ow650g00000000000000000000000000000196', '0dqhnejmst9uypz240ndhhpu175xu64e8xak60j7y8pj5mfgotxs1bki3qbn8ilv');
INSERT INTO metadata_relationship ( entity_domain, site_master, last_updated_by, id, owner, locked_by, create_date, type, created_by, seq, key_name, last_update_date, parent_id, child_id) VALUES (NULL, 'www.runwaysdk.com', '0000000000000000000000000000001000000000000000000000000000000003', '7g7qqdk4ig9lr6srenyjpjwlbuayt5ga00000000000000000000000000000294', '0000000000000000000000000000001000000000000000000000000000000003', NULL, '2014-01-15 15:41:39', 'com.runwaysdk.system.metadata.EnumerationAttributeItem', '0000000000000000000000000000001000000000000000000000000000000003', 4191, '7g7qqdk4ig9lr6srenyjpjwlbuayt5ga00000000000000000000000000000294', '2014-01-15 15:41:39', 'z6fetp4nocazk7tyqtsm55nfz1ow650g00000000000000000000000000000196', '0dqhnejmst9uypz240ndhhpu175xu64e8xak60j7y8pj5mfgotxs1bki3qbn8ilv');
INSERT INTO enumeration_attribute_item ( id, parent_id, child_id) VALUES ('z7ny70dpohrv7p52udg1axak4sd4rfr300000000000000000000000000000294', 'z6fetp4nocazk7tyqtsm55nfz1ow650g00000000000000000000000000000196', 'xkq0bd33lz8yq40lmbit9jo3q6hgh4eg8xak60j7y8pj5mfgotxs1bki3qbn8ilv');
INSERT INTO metadata_relationship ( entity_domain, site_master, last_updated_by, id, owner, locked_by, create_date, type, created_by, seq, key_name, last_update_date, parent_id, child_id) VALUES (NULL, 'www.runwaysdk.com', '0000000000000000000000000000001000000000000000000000000000000003', 'z7ny70dpohrv7p52udg1axak4sd4rfr300000000000000000000000000000294', '0000000000000000000000000000001000000000000000000000000000000003', NULL, '2014-01-15 15:41:39', 'com.runwaysdk.system.metadata.EnumerationAttributeItem', '0000000000000000000000000000001000000000000000000000000000000003', 4192, 'z7ny70dpohrv7p52udg1axak4sd4rfr300000000000000000000000000000294', '2014-01-15 15:41:39', 'z6fetp4nocazk7tyqtsm55nfz1ow650g00000000000000000000000000000196', 'xkq0bd33lz8yq40lmbit9jo3q6hgh4eg8xak60j7y8pj5mfgotxs1bki3qbn8ilv');
INSERT INTO enumeration_attribute_item ( id, parent_id, child_id) VALUES ('0kefrpa1gx6dbsl4teuuahhgdck66u5g00000000000000000000000000000294', 'z6fetp4nocazk7tyqtsm55nfz1ow650g00000000000000000000000000000196', 'r8ev5mybstp8gu4wdl1n67ni1xz11y9m8xak60j7y8pj5mfgotxs1bki3qbn8ilv');
INSERT INTO metadata_relationship ( entity_domain, site_master, last_updated_by, id, owner, locked_by, create_date, type, created_by, seq, key_name, last_update_date, parent_id, child_id) VALUES (NULL, 'www.runwaysdk.com', '0000000000000000000000000000001000000000000000000000000000000003', '0kefrpa1gx6dbsl4teuuahhgdck66u5g00000000000000000000000000000294', '0000000000000000000000000000001000000000000000000000000000000003', NULL, '2014-01-15 15:41:39', 'com.runwaysdk.system.metadata.EnumerationAttributeItem', '0000000000000000000000000000001000000000000000000000000000000003', 4193, '0kefrpa1gx6dbsl4teuuahhgdck66u5g00000000000000000000000000000294', '2014-01-15 15:41:39', 'z6fetp4nocazk7tyqtsm55nfz1ow650g00000000000000000000000000000196', 'r8ev5mybstp8gu4wdl1n67ni1xz11y9m8xak60j7y8pj5mfgotxs1bki3qbn8ilv');
INSERT INTO enumeration_attribute_item ( id, parent_id, child_id) VALUES ('7fgvqmef0pgqlvluu4bpo3xnyrza7fxa00000000000000000000000000000294', 'z6fetp4nocazk7tyqtsm55nfz1ow650g00000000000000000000000000000196', 't0f6drikwnn9gqd0llhlhlw55fssfan68xak60j7y8pj5mfgotxs1bki3qbn8ilv');
INSERT INTO metadata_relationship ( entity_domain, site_master, last_updated_by, id, owner, locked_by, create_date, type, created_by, seq, key_name, last_update_date, parent_id, child_id) VALUES (NULL, 'www.runwaysdk.com', '0000000000000000000000000000001000000000000000000000000000000003', '7fgvqmef0pgqlvluu4bpo3xnyrza7fxa00000000000000000000000000000294', '0000000000000000000000000000001000000000000000000000000000000003', NULL, '2014-01-15 15:41:39', 'com.runwaysdk.system.metadata.EnumerationAttributeItem', '0000000000000000000000000000001000000000000000000000000000000003', 4194, '7fgvqmef0pgqlvluu4bpo3xnyrza7fxa00000000000000000000000000000294', '2014-01-15 15:41:39', 'z6fetp4nocazk7tyqtsm55nfz1ow650g00000000000000000000000000000196', 't0f6drikwnn9gqd0llhlhlw55fssfan68xak60j7y8pj5mfgotxs1bki3qbn8ilv');
CREATE TABLE alljoboperation 
(set_id                CHAR(32) NOT NULL, 
item_id CHAR(64) NOT NULL);
CREATE UNIQUE INDEX az6fetp4nocazk7tyqtsm55nfz1ow6 ON alljoboperation (set_id, item_id);
 INSERT INTO class_cache (set_id, item_id)  VALUES  ('8daapxr1dx9lb9mpyas0lewpb7x7nu0s', '0000000000000000000000000000023100000000000000000000000000000222');
INSERT INTO metadata_display_label ( default_locale, id, site_master, key_name) VALUES ('AbstractJob', 'savjgmfi2noa74ci7q5px73aqx89tu18NM200904120000000000000000000030', 'www.runwaysdk.com', 'savjgmfi2noa74ci7q5px73aqx89tu18NM200904120000000000000000000030');
INSERT INTO metadata_display_label ( default_locale, id, site_master, key_name) VALUES ('AbstractJob', '250to2esv1ro5e5dy3cz3npilind1za0NM200904120000000000000000000030', 'www.runwaysdk.com', '250to2esv1ro5e5dy3cz3npilind1za0NM200904120000000000000000000030');
INSERT INTO md_business ( cache_algorithm, cache_algorithm_c, super_md_business, id) VALUES ('8daapxr1dx9lb9mpyas0lewpb7x7nu0s', '0000000000000000000000000000023100000000000000000000000000000222', NULL, 'x9npcsuyj3f5osrsrii4jv48kw8sckub00000000000000000000000000000001');
INSERT INTO md_element ( extendable, is_abstract, id) VALUES (1, 1, 'x9npcsuyj3f5osrsrii4jv48kw8sckub00000000000000000000000000000001');
INSERT INTO md_entity ( query_dto_source, query_source, cache_size, enforce_site_master, table_name, id) VALUES (NULL, NULL, 0, 1, 'abstract_job', 'x9npcsuyj3f5osrsrii4jv48kw8sckub00000000000000000000000000000001');
INSERT INTO md_class ( publish, stub_dto_source, stub_source, id) VALUES (1, NULL, NULL, 'x9npcsuyj3f5osrsrii4jv48kw8sckub00000000000000000000000000000001');
INSERT INTO md_type ( display_label, root_id, package_name, type_name, base_source, js_base, js_stub, exported, dto_source, id) VALUES ('savjgmfi2noa74ci7q5px73aqx89tu18NM200904120000000000000000000030', 'x9npcsuyj3f5osrsrii4jv48kw8sckub', 'com.runwaysdk.system.scheduler', 'AbstractJob', NULL, NULL, NULL, 1, NULL, 'x9npcsuyj3f5osrsrii4jv48kw8sckub00000000000000000000000000000001');
INSERT INTO metadata ( description, created_by, owner, id, create_date, seq, type, remove, site_master, locked_by, entity_domain, last_updated_by, last_update_date, key_name) VALUES ('250to2esv1ro5e5dy3cz3npilind1za0NM200904120000000000000000000030', '0000000000000000000000000000001000000000000000000000000000000003', '0000000000000000000000000000001000000000000000000000000000000003', 'x9npcsuyj3f5osrsrii4jv48kw8sckub00000000000000000000000000000001', '2014-01-15 15:41:39', 4195, 'com.runwaysdk.system.metadata.MdBusiness', 1, 'www.runwaysdk.com', NULL, NULL, '0000000000000000000000000000001000000000000000000000000000000003', '2014-01-15 15:41:39', 'com.runwaysdk.system.scheduler.AbstractJob');
CREATE TABLE abstract_job ( id CHAR(64) NOT NULL PRIMARY KEY );
 INSERT INTO visibilitymodifier (set_id, item_id)  VALUES  ('8nn8933lcg8tp5gqyh7d7v07xzay7t0w', '20071109NM000000000000000000000520071109NM0000000000000000000001');
INSERT INTO metadata_display_label ( default_locale, id, site_master, key_name) VALUES ('ID', 'qxvacbphz9tioyo4ic0er2wbdl4hndgcNM200904120000000000000000000030', 'www.runwaysdk.com', 'qxvacbphz9tioyo4ic0er2wbdl4hndgcNM200904120000000000000000000030');
 INSERT INTO visibilitymodifier (set_id, item_id)  VALUES  ('z5cplibvom2jjix0slb3ex3eq3yug77j', '20071109NM000000000000000000000520071109NM0000000000000000000001');
 INSERT INTO md_attribute_indicies (set_id, item_id)  VALUES  ('xq5obtaw663x0s8e7xjfaxhkkrw46wr7', '0000000000000000000000000000040900000000000000000000000000000403');
INSERT INTO metadata_display_label ( default_locale, id, site_master, key_name) VALUES ('ID of this object', 'qukrectwkmiwklqxgrswehngmqozwtdvNM200904120000000000000000000030', 'www.runwaysdk.com', 'qukrectwkmiwklqxgrswehngmqozwtdvNM200904120000000000000000000030');
INSERT INTO md_attribute_character ( default_value, database_size, id) VALUES (NULL, 64, '8nfounod1jjfwq49e8ijwk1d99vc4qga00000000000000000000000000000138');
INSERT INTO md_attribute_char ( id) VALUES ('8nfounod1jjfwq49e8ijwk1d99vc4qga00000000000000000000000000000138');
INSERT INTO md_attribute_primitive ( id) VALUES ('8nfounod1jjfwq49e8ijwk1d99vc4qga00000000000000000000000000000138');
INSERT INTO md_attribute_concrete ( column_name, defining_md_class, setter_visibility, setter_visibility_c, immutable, index_name, generate_accessor, system, required, display_label, getter_visibility, getter_visibility_c, index_type, index_type_c, attribute_name, id) VALUES ('id', 'x9npcsuyj3f5osrsrii4jv48kw8sckub00000000000000000000000000000001', '8nn8933lcg8tp5gqyh7d7v07xzay7t0w', '20071109NM000000000000000000000520071109NM0000000000000000000001', 0, 'apsnidtvizw0mip15mlmbxrtaz0g3e', 1, 1, 1, 'qxvacbphz9tioyo4ic0er2wbdl4hndgcNM200904120000000000000000000030', 'z5cplibvom2jjix0slb3ex3eq3yug77j', '20071109NM000000000000000000000520071109NM0000000000000000000001', 'xq5obtaw663x0s8e7xjfaxhkkrw46wr7', '0000000000000000000000000000040900000000000000000000000000000403', 'id', '8nfounod1jjfwq49e8ijwk1d99vc4qga00000000000000000000000000000138');
INSERT INTO md_attribute ( id) VALUES ('8nfounod1jjfwq49e8ijwk1d99vc4qga00000000000000000000000000000138');
INSERT INTO metadata ( description, created_by, owner, id, create_date, seq, type, remove, site_master, locked_by, entity_domain, last_updated_by, last_update_date, key_name) VALUES ('qukrectwkmiwklqxgrswehngmqozwtdvNM200904120000000000000000000030', '0000000000000000000000000000001000000000000000000000000000000003', '0000000000000000000000000000001000000000000000000000000000000003', '8nfounod1jjfwq49e8ijwk1d99vc4qga00000000000000000000000000000138', '2014-01-15 15:41:39', 4196, 'com.runwaysdk.system.metadata.MdAttributeCharacter', 0, 'www.runwaysdk.com', NULL, NULL, '0000000000000000000000000000001000000000000000000000000000000003', '2014-01-15 15:41:39', 'com.runwaysdk.system.scheduler.AbstractJob.id');
INSERT INTO class_attribute_concrete ( id, parent_id, child_id) VALUES ('6rtu5q0c1e8ai8m5us09fwrxj0upgm8g00000000000000000000000000000073', 'x9npcsuyj3f5osrsrii4jv48kw8sckub00000000000000000000000000000001', '8nfounod1jjfwq49e8ijwk1d99vc4qga00000000000000000000000000000138');
INSERT INTO class_attribute ( id, parent_id, child_id) VALUES ('6rtu5q0c1e8ai8m5us09fwrxj0upgm8g00000000000000000000000000000073', 'x9npcsuyj3f5osrsrii4jv48kw8sckub00000000000000000000000000000001', '8nfounod1jjfwq49e8ijwk1d99vc4qga00000000000000000000000000000138');
INSERT INTO metadata_relationship ( entity_domain, site_master, last_updated_by, id, owner, locked_by, create_date, type, created_by, seq, key_name, last_update_date, parent_id, child_id) VALUES (NULL, 'www.runwaysdk.com', '0000000000000000000000000000001000000000000000000000000000000003', '6rtu5q0c1e8ai8m5us09fwrxj0upgm8g00000000000000000000000000000073', '0000000000000000000000000000001000000000000000000000000000000003', NULL, '2014-01-15 15:41:39', 'com.runwaysdk.system.metadata.ClassAttributeConcrete', '0000000000000000000000000000001000000000000000000000000000000003', 4197, 'com.runwaysdk.system.scheduler.AbstractJob.id', '2014-01-15 15:41:39', 'x9npcsuyj3f5osrsrii4jv48kw8sckub00000000000000000000000000000001', '8nfounod1jjfwq49e8ijwk1d99vc4qga00000000000000000000000000000138');
 INSERT INTO visibilitymodifier (set_id, item_id)  VALUES  ('sclfjoxkclina0c9ty9ozns4uaowu784', '20071109NM000000000000000000000520071109NM0000000000000000000001');
INSERT INTO metadata_display_label ( default_locale, id, site_master, key_name) VALUES ('Site Master', 'r5y9zfnn6j1izhrnoiphby3hkkpmh0r6NM200904120000000000000000000030', 'www.runwaysdk.com', 'r5y9zfnn6j1izhrnoiphby3hkkpmh0r6NM200904120000000000000000000030');
 INSERT INTO visibilitymodifier (set_id, item_id)  VALUES  ('8qgb84hnwj9o6a1g8ucxd4z6r7vie4u2', '20071109NM000000000000000000000520071109NM0000000000000000000001');
 INSERT INTO md_attribute_indicies (set_id, item_id)  VALUES  ('sfb4qyxeyzbdp175h9692qppzt6khv6p', '0000000000000000000000000000040100000000000000000000000000000403');
INSERT INTO metadata_display_label ( default_locale, id, site_master, key_name) VALUES ('The name of the site responsible for this object', '780b1fwairff5ta8cc84b9tfdvwb4dysNM200904120000000000000000000030', 'www.runwaysdk.com', '780b1fwairff5ta8cc84b9tfdvwb4dysNM200904120000000000000000000030');
INSERT INTO md_attribute_character ( default_value, database_size, id) VALUES (NULL, 255, '2czylquhd7vorgp8yzsjxt8byz6r6p5t00000000000000000000000000000138');
INSERT INTO md_attribute_char ( id) VALUES ('2czylquhd7vorgp8yzsjxt8byz6r6p5t00000000000000000000000000000138');
INSERT INTO md_attribute_primitive ( id) VALUES ('2czylquhd7vorgp8yzsjxt8byz6r6p5t00000000000000000000000000000138');
INSERT INTO md_attribute_concrete ( column_name, defining_md_class, setter_visibility, setter_visibility_c, immutable, index_name, generate_accessor, system, required, display_label, getter_visibility, getter_visibility_c, index_type, index_type_c, attribute_name, id) VALUES ('site_master', 'x9npcsuyj3f5osrsrii4jv48kw8sckub00000000000000000000000000000001', 'sclfjoxkclina0c9ty9ozns4uaowu784', '20071109NM000000000000000000000520071109NM0000000000000000000001', 1, 'atjri1r0860ijodqyg6qrd2xfi4szs', 1, 1, 1, 'r5y9zfnn6j1izhrnoiphby3hkkpmh0r6NM200904120000000000000000000030', '8qgb84hnwj9o6a1g8ucxd4z6r7vie4u2', '20071109NM000000000000000000000520071109NM0000000000000000000001', 'sfb4qyxeyzbdp175h9692qppzt6khv6p', '0000000000000000000000000000040100000000000000000000000000000403', 'siteMaster', '2czylquhd7vorgp8yzsjxt8byz6r6p5t00000000000000000000000000000138');
INSERT INTO md_attribute ( id) VALUES ('2czylquhd7vorgp8yzsjxt8byz6r6p5t00000000000000000000000000000138');
INSERT INTO metadata ( description, created_by, owner, id, create_date, seq, type, remove, site_master, locked_by, entity_domain, last_updated_by, last_update_date, key_name) VALUES ('780b1fwairff5ta8cc84b9tfdvwb4dysNM200904120000000000000000000030', '0000000000000000000000000000001000000000000000000000000000000003', '0000000000000000000000000000001000000000000000000000000000000003', '2czylquhd7vorgp8yzsjxt8byz6r6p5t00000000000000000000000000000138', '2014-01-15 15:41:39', 4198, 'com.runwaysdk.system.metadata.MdAttributeCharacter', 0, 'www.runwaysdk.com', NULL, NULL, '0000000000000000000000000000001000000000000000000000000000000003', '2014-01-15 15:41:39', 'com.runwaysdk.system.scheduler.AbstractJob.siteMaster');
ALTER TABLE abstract_job ADD COLUMN site_master  varchar(255);
INSERT INTO class_attribute_concrete ( id, parent_id, child_id) VALUES ('6xsnlkj1h961ftt9o2eezo01wh4oevtg00000000000000000000000000000073', 'x9npcsuyj3f5osrsrii4jv48kw8sckub00000000000000000000000000000001', '2czylquhd7vorgp8yzsjxt8byz6r6p5t00000000000000000000000000000138');
INSERT INTO class_attribute ( id, parent_id, child_id) VALUES ('6xsnlkj1h961ftt9o2eezo01wh4oevtg00000000000000000000000000000073', 'x9npcsuyj3f5osrsrii4jv48kw8sckub00000000000000000000000000000001', '2czylquhd7vorgp8yzsjxt8byz6r6p5t00000000000000000000000000000138');
INSERT INTO metadata_relationship ( entity_domain, site_master, last_updated_by, id, owner, locked_by, create_date, type, created_by, seq, key_name, last_update_date, parent_id, child_id) VALUES (NULL, 'www.runwaysdk.com', '0000000000000000000000000000001000000000000000000000000000000003', '6xsnlkj1h961ftt9o2eezo01wh4oevtg00000000000000000000000000000073', '0000000000000000000000000000001000000000000000000000000000000003', NULL, '2014-01-15 15:41:39', 'com.runwaysdk.system.metadata.ClassAttributeConcrete', '0000000000000000000000000000001000000000000000000000000000000003', 4199, 'com.runwaysdk.system.scheduler.AbstractJob.siteMaster', '2014-01-15 15:41:39', 'x9npcsuyj3f5osrsrii4jv48kw8sckub00000000000000000000000000000001', '2czylquhd7vorgp8yzsjxt8byz6r6p5t00000000000000000000000000000138');
 INSERT INTO visibilitymodifier (set_id, item_id)  VALUES  ('6vb3wzmm33idj2nrzbj8hmc6idwo9d4l', '20071109NM000000000000000000000520071109NM0000000000000000000001');
INSERT INTO metadata_display_label ( default_locale, id, site_master, key_name) VALUES ('Key Name', '6wejgi6gjr77my231i0996oi23fy3ruiNM200904120000000000000000000030', 'www.runwaysdk.com', '6wejgi6gjr77my231i0996oi23fy3ruiNM200904120000000000000000000030');
 INSERT INTO visibilitymodifier (set_id, item_id)  VALUES  ('6x01w0t37vk6nqzvb0wi4snc4w8anrv8', '20071109NM000000000000000000000520071109NM0000000000000000000001');
 INSERT INTO md_attribute_indicies (set_id, item_id)  VALUES  ('xs2t9kdup17r8dehnzjf0dfb9a3snz5q', '0000000000000000000000000000040900000000000000000000000000000403');
INSERT INTO metadata_display_label ( default_locale, id, site_master, key_name) VALUES ('Key which uniquely identifies each instance of this type heirarchy.', '6x7rycdthn5kweq802qts8jyzpohtulyNM200904120000000000000000000030', 'www.runwaysdk.com', '6x7rycdthn5kweq802qts8jyzpohtulyNM200904120000000000000000000030');
INSERT INTO md_attribute_character ( default_value, database_size, id) VALUES (NULL, 255, '0p3803coykeuouw438al77ly1m637ry300000000000000000000000000000138');
INSERT INTO md_attribute_char ( id) VALUES ('0p3803coykeuouw438al77ly1m637ry300000000000000000000000000000138');
INSERT INTO md_attribute_primitive ( id) VALUES ('0p3803coykeuouw438al77ly1m637ry300000000000000000000000000000138');
INSERT INTO md_attribute_concrete ( column_name, defining_md_class, setter_visibility, setter_visibility_c, immutable, index_name, generate_accessor, system, required, display_label, getter_visibility, getter_visibility_c, index_type, index_type_c, attribute_name, id) VALUES ('key_name', 'x9npcsuyj3f5osrsrii4jv48kw8sckub00000000000000000000000000000001', '6vb3wzmm33idj2nrzbj8hmc6idwo9d4l', '20071109NM000000000000000000000520071109NM0000000000000000000001', 0, 'a9af59oribwy9mpjvp7vhjd2seesag', 1, 0, 1, '6wejgi6gjr77my231i0996oi23fy3ruiNM200904120000000000000000000030', '6x01w0t37vk6nqzvb0wi4snc4w8anrv8', '20071109NM000000000000000000000520071109NM0000000000000000000001', 'xs2t9kdup17r8dehnzjf0dfb9a3snz5q', '0000000000000000000000000000040900000000000000000000000000000403', 'keyName', '0p3803coykeuouw438al77ly1m637ry300000000000000000000000000000138');
INSERT INTO md_attribute ( id) VALUES ('0p3803coykeuouw438al77ly1m637ry300000000000000000000000000000138');
INSERT INTO metadata ( description, created_by, owner, id, create_date, seq, type, remove, site_master, locked_by, entity_domain, last_updated_by, last_update_date, key_name) VALUES ('6x7rycdthn5kweq802qts8jyzpohtulyNM200904120000000000000000000030', '0000000000000000000000000000001000000000000000000000000000000003', '0000000000000000000000000000001000000000000000000000000000000003', '0p3803coykeuouw438al77ly1m637ry300000000000000000000000000000138', '2014-01-15 15:41:39', 4200, 'com.runwaysdk.system.metadata.MdAttributeCharacter', 1, 'www.runwaysdk.com', NULL, NULL, '0000000000000000000000000000001000000000000000000000000000000003', '2014-01-15 15:41:39', 'com.runwaysdk.system.scheduler.AbstractJob.keyName');
ALTER TABLE abstract_job ADD COLUMN key_name  varchar(255);
INSERT INTO class_attribute_concrete ( id, parent_id, child_id) VALUES ('ywv7s940l1tu4qscdymxo6cf9jchk7qg00000000000000000000000000000073', 'x9npcsuyj3f5osrsrii4jv48kw8sckub00000000000000000000000000000001', '0p3803coykeuouw438al77ly1m637ry300000000000000000000000000000138');
INSERT INTO class_attribute ( id, parent_id, child_id) VALUES ('ywv7s940l1tu4qscdymxo6cf9jchk7qg00000000000000000000000000000073', 'x9npcsuyj3f5osrsrii4jv48kw8sckub00000000000000000000000000000001', '0p3803coykeuouw438al77ly1m637ry300000000000000000000000000000138');
INSERT INTO metadata_relationship ( entity_domain, site_master, last_updated_by, id, owner, locked_by, create_date, type, created_by, seq, key_name, last_update_date, parent_id, child_id) VALUES (NULL, 'www.runwaysdk.com', '0000000000000000000000000000001000000000000000000000000000000003', 'ywv7s940l1tu4qscdymxo6cf9jchk7qg00000000000000000000000000000073', '0000000000000000000000000000001000000000000000000000000000000003', NULL, '2014-01-15 15:41:39', 'com.runwaysdk.system.metadata.ClassAttributeConcrete', '0000000000000000000000000000001000000000000000000000000000000003', 4201, 'com.runwaysdk.system.scheduler.AbstractJob.keyName', '2014-01-15 15:41:39', 'x9npcsuyj3f5osrsrii4jv48kw8sckub00000000000000000000000000000001', '0p3803coykeuouw438al77ly1m637ry300000000000000000000000000000138');
CREATE UNIQUE INDEX a9af59oribwy9mpjvp7vhjd2seesag ON abstract_job (key_name);
 INSERT INTO visibilitymodifier (set_id, item_id)  VALUES  ('qlkoz1q26k6139u6pu9fex5bpac1qsv8', '20071109NM000000000000000000000520071109NM0000000000000000000001');
INSERT INTO metadata_display_label ( default_locale, id, site_master, key_name) VALUES ('Last Update Date', '78xbrc2h8dt47aziemw4galkazlcts0nNM200904120000000000000000000030', 'www.runwaysdk.com', '78xbrc2h8dt47aziemw4galkazlcts0nNM200904120000000000000000000030');
 INSERT INTO visibilitymodifier (set_id, item_id)  VALUES  ('6unzlowk0uk6pwhhd48g17g0uwo0dg2u', '20071109NM000000000000000000000520071109NM0000000000000000000001');
 INSERT INTO md_attribute_indicies (set_id, item_id)  VALUES  ('rbw1ap6pn0mabzua5quvo5z2vbp2v0zd', '0000000000000000000000000000040100000000000000000000000000000403');
INSERT INTO metadata_display_label ( default_locale, id, site_master, key_name) VALUES ('Date and time this record was last updated', 'zc83hseddr91jm774euffw826xy5xoajNM200904120000000000000000000030', 'www.runwaysdk.com', 'zc83hseddr91jm774euffw826xy5xoajNM200904120000000000000000000030');
INSERT INTO md_attribute_datetime ( default_value, id) VALUES (NULL, 'z3svd079l63skay44z8twawbtkm1nt9900000000000000000000000000000341');
INSERT INTO md_attribute_moment ( id) VALUES ('z3svd079l63skay44z8twawbtkm1nt9900000000000000000000000000000341');
INSERT INTO md_attribute_primitive ( id) VALUES ('z3svd079l63skay44z8twawbtkm1nt9900000000000000000000000000000341');
INSERT INTO md_attribute_concrete ( column_name, defining_md_class, setter_visibility, setter_visibility_c, immutable, index_name, generate_accessor, system, required, display_label, getter_visibility, getter_visibility_c, index_type, index_type_c, attribute_name, id) VALUES ('last_update_date', 'x9npcsuyj3f5osrsrii4jv48kw8sckub00000000000000000000000000000001', 'qlkoz1q26k6139u6pu9fex5bpac1qsv8', '20071109NM000000000000000000000520071109NM0000000000000000000001', 0, 'aonyqt6tqvx5lix6hsq2sr9y5465f6', 1, 1, 1, '78xbrc2h8dt47aziemw4galkazlcts0nNM200904120000000000000000000030', '6unzlowk0uk6pwhhd48g17g0uwo0dg2u', '20071109NM000000000000000000000520071109NM0000000000000000000001', 'rbw1ap6pn0mabzua5quvo5z2vbp2v0zd', '0000000000000000000000000000040100000000000000000000000000000403', 'lastUpdateDate', 'z3svd079l63skay44z8twawbtkm1nt9900000000000000000000000000000341');
INSERT INTO md_attribute ( id) VALUES ('z3svd079l63skay44z8twawbtkm1nt9900000000000000000000000000000341');
INSERT INTO metadata ( description, created_by, owner, id, create_date, seq, type, remove, site_master, locked_by, entity_domain, last_updated_by, last_update_date, key_name) VALUES ('zc83hseddr91jm774euffw826xy5xoajNM200904120000000000000000000030', '0000000000000000000000000000001000000000000000000000000000000003', '0000000000000000000000000000001000000000000000000000000000000003', 'z3svd079l63skay44z8twawbtkm1nt9900000000000000000000000000000341', '2014-01-15 15:41:39', 4202, 'com.runwaysdk.system.metadata.MdAttributeDateTime', 0, 'www.runwaysdk.com', NULL, NULL, '0000000000000000000000000000001000000000000000000000000000000003', '2014-01-15 15:41:39', 'com.runwaysdk.system.scheduler.AbstractJob.lastUpdateDate');
ALTER TABLE abstract_job ADD COLUMN last_update_date  timestamp;
INSERT INTO class_attribute_concrete ( id, parent_id, child_id) VALUES ('7d3p2382i7jffcx9drs8oj1p31xvx32000000000000000000000000000000073', 'x9npcsuyj3f5osrsrii4jv48kw8sckub00000000000000000000000000000001', 'z3svd079l63skay44z8twawbtkm1nt9900000000000000000000000000000341');
INSERT INTO class_attribute ( id, parent_id, child_id) VALUES ('7d3p2382i7jffcx9drs8oj1p31xvx32000000000000000000000000000000073', 'x9npcsuyj3f5osrsrii4jv48kw8sckub00000000000000000000000000000001', 'z3svd079l63skay44z8twawbtkm1nt9900000000000000000000000000000341');
INSERT INTO metadata_relationship ( entity_domain, site_master, last_updated_by, id, owner, locked_by, create_date, type, created_by, seq, key_name, last_update_date, parent_id, child_id) VALUES (NULL, 'www.runwaysdk.com', '0000000000000000000000000000001000000000000000000000000000000003', '7d3p2382i7jffcx9drs8oj1p31xvx32000000000000000000000000000000073', '0000000000000000000000000000001000000000000000000000000000000003', NULL, '2014-01-15 15:41:39', 'com.runwaysdk.system.metadata.ClassAttributeConcrete', '0000000000000000000000000000001000000000000000000000000000000003', 4203, 'com.runwaysdk.system.scheduler.AbstractJob.lastUpdateDate', '2014-01-15 15:41:39', 'x9npcsuyj3f5osrsrii4jv48kw8sckub00000000000000000000000000000001', 'z3svd079l63skay44z8twawbtkm1nt9900000000000000000000000000000341');
 INSERT INTO visibilitymodifier (set_id, item_id)  VALUES  ('8d3biybnhyyujadwi522knp5m9kguxvt', '20071109NM000000000000000000000520071109NM0000000000000000000001');
INSERT INTO metadata_display_label ( default_locale, id, site_master, key_name) VALUES ('Last Updated By', 'r0tphjq8qv1wedrbzx62xcn051f3uwvuNM200904120000000000000000000030', 'www.runwaysdk.com', 'r0tphjq8qv1wedrbzx62xcn051f3uwvuNM200904120000000000000000000030');
 INSERT INTO visibilitymodifier (set_id, item_id)  VALUES  ('qq3wfhwb2wnu43z4s8c9q1he98jiaj5s', '20071109NM000000000000000000000520071109NM0000000000000000000001');
 INSERT INTO md_attribute_indicies (set_id, item_id)  VALUES  ('skbnvujxlieshhjrqj5q9xbixf16ot17', '0000000000000000000000000000040000000000000000000000000000000403');
INSERT INTO metadata_display_label ( default_locale, id, site_master, key_name) VALUES ('User who last updated this object', '8g4kd3o7zybdx0f5zbgco1rju3zk1v1xNM200904120000000000000000000030', 'www.runwaysdk.com', '8g4kd3o7zybdx0f5zbgco1rju3zk1v1xNM200904120000000000000000000030');
INSERT INTO md_attribute_reference ( default_value, md_business, id) VALUES (NULL, 'JS20070723000000000000000000156000000000000000000000000000000001', 'xuiuyuarmehwxqadfqgjtknzqdzixjq200000000000000000000000000000186');
INSERT INTO md_attribute_ref ( id) VALUES ('xuiuyuarmehwxqadfqgjtknzqdzixjq200000000000000000000000000000186');
INSERT INTO md_attribute_concrete ( column_name, defining_md_class, setter_visibility, setter_visibility_c, immutable, index_name, generate_accessor, system, required, display_label, getter_visibility, getter_visibility_c, index_type, index_type_c, attribute_name, id) VALUES ('last_updated_by', 'x9npcsuyj3f5osrsrii4jv48kw8sckub00000000000000000000000000000001', '8d3biybnhyyujadwi522knp5m9kguxvt', '20071109NM000000000000000000000520071109NM0000000000000000000001', 0, 'aamrrkg8yuff8ir1aw98tv5wzzrkqd', 1, 1, 1, 'r0tphjq8qv1wedrbzx62xcn051f3uwvuNM200904120000000000000000000030', 'qq3wfhwb2wnu43z4s8c9q1he98jiaj5s', '20071109NM000000000000000000000520071109NM0000000000000000000001', 'skbnvujxlieshhjrqj5q9xbixf16ot17', '0000000000000000000000000000040000000000000000000000000000000403', 'lastUpdatedBy', 'xuiuyuarmehwxqadfqgjtknzqdzixjq200000000000000000000000000000186');
INSERT INTO md_attribute ( id) VALUES ('xuiuyuarmehwxqadfqgjtknzqdzixjq200000000000000000000000000000186');
INSERT INTO metadata ( description, created_by, owner, id, create_date, seq, type, remove, site_master, locked_by, entity_domain, last_updated_by, last_update_date, key_name) VALUES ('8g4kd3o7zybdx0f5zbgco1rju3zk1v1xNM200904120000000000000000000030', '0000000000000000000000000000001000000000000000000000000000000003', '0000000000000000000000000000001000000000000000000000000000000003', 'xuiuyuarmehwxqadfqgjtknzqdzixjq200000000000000000000000000000186', '2014-01-15 15:41:39', 4204, 'com.runwaysdk.system.metadata.MdAttributeReference', 0, 'www.runwaysdk.com', NULL, NULL, '0000000000000000000000000000001000000000000000000000000000000003', '2014-01-15 15:41:39', 'com.runwaysdk.system.scheduler.AbstractJob.lastUpdatedBy');
ALTER TABLE abstract_job ADD COLUMN last_updated_by  char(64);
INSERT INTO class_attribute_concrete ( id, parent_id, child_id) VALUES ('r5fi4l9ovzmk17z6y239i0ewklmnj2nv00000000000000000000000000000073', 'x9npcsuyj3f5osrsrii4jv48kw8sckub00000000000000000000000000000001', 'xuiuyuarmehwxqadfqgjtknzqdzixjq200000000000000000000000000000186');
INSERT INTO class_attribute ( id, parent_id, child_id) VALUES ('r5fi4l9ovzmk17z6y239i0ewklmnj2nv00000000000000000000000000000073', 'x9npcsuyj3f5osrsrii4jv48kw8sckub00000000000000000000000000000001', 'xuiuyuarmehwxqadfqgjtknzqdzixjq200000000000000000000000000000186');
INSERT INTO metadata_relationship ( entity_domain, site_master, last_updated_by, id, owner, locked_by, create_date, type, created_by, seq, key_name, last_update_date, parent_id, child_id) VALUES (NULL, 'www.runwaysdk.com', '0000000000000000000000000000001000000000000000000000000000000003', 'r5fi4l9ovzmk17z6y239i0ewklmnj2nv00000000000000000000000000000073', '0000000000000000000000000000001000000000000000000000000000000003', NULL, '2014-01-15 15:41:39', 'com.runwaysdk.system.metadata.ClassAttributeConcrete', '0000000000000000000000000000001000000000000000000000000000000003', 4205, 'com.runwaysdk.system.scheduler.AbstractJob.lastUpdatedBy', '2014-01-15 15:41:39', 'x9npcsuyj3f5osrsrii4jv48kw8sckub00000000000000000000000000000001', 'xuiuyuarmehwxqadfqgjtknzqdzixjq200000000000000000000000000000186');
 INSERT INTO visibilitymodifier (set_id, item_id)  VALUES  ('1qtbw4glgb489xx2eelty7ak7ondg848', '20071109NM000000000000000000000520071109NM0000000000000000000001');
INSERT INTO metadata_display_label ( default_locale, id, site_master, key_name) VALUES ('Created By', 't0umee6n2qigvgbxun6zr86t7e7jb4xdNM200904120000000000000000000030', 'www.runwaysdk.com', 't0umee6n2qigvgbxun6zr86t7e7jb4xdNM200904120000000000000000000030');
 INSERT INTO visibilitymodifier (set_id, item_id)  VALUES  ('91pi0kq4d54g6gpmsudy9fexou6fvssl', '20071109NM000000000000000000000520071109NM0000000000000000000001');
 INSERT INTO md_attribute_indicies (set_id, item_id)  VALUES  ('8kfwt6j4an3jjjkom5mxq3vqtfz55814', '0000000000000000000000000000040000000000000000000000000000000403');
INSERT INTO metadata_display_label ( default_locale, id, site_master, key_name) VALUES ('User that created this object', 'sudkscvo0fwjpe8fwczu94be561hli6cNM200904120000000000000000000030', 'www.runwaysdk.com', 'sudkscvo0fwjpe8fwczu94be561hli6cNM200904120000000000000000000030');
INSERT INTO md_attribute_reference ( default_value, md_business, id) VALUES (NULL, 'JS20070723000000000000000000156000000000000000000000000000000001', '1yw84etqt2kafhlziuxccwpcbynbhxol00000000000000000000000000000186');
INSERT INTO md_attribute_ref ( id) VALUES ('1yw84etqt2kafhlziuxccwpcbynbhxol00000000000000000000000000000186');
INSERT INTO md_attribute_concrete ( column_name, defining_md_class, setter_visibility, setter_visibility_c, immutable, index_name, generate_accessor, system, required, display_label, getter_visibility, getter_visibility_c, index_type, index_type_c, attribute_name, id) VALUES ('created_by', 'x9npcsuyj3f5osrsrii4jv48kw8sckub00000000000000000000000000000001', '1qtbw4glgb489xx2eelty7ak7ondg848', '20071109NM000000000000000000000520071109NM0000000000000000000001', 1, 'a5ek1qimkhm992mqt2f658kk7paqmh', 1, 1, 1, 't0umee6n2qigvgbxun6zr86t7e7jb4xdNM200904120000000000000000000030', '91pi0kq4d54g6gpmsudy9fexou6fvssl', '20071109NM000000000000000000000520071109NM0000000000000000000001', '8kfwt6j4an3jjjkom5mxq3vqtfz55814', '0000000000000000000000000000040000000000000000000000000000000403', 'createdBy', '1yw84etqt2kafhlziuxccwpcbynbhxol00000000000000000000000000000186');
INSERT INTO md_attribute ( id) VALUES ('1yw84etqt2kafhlziuxccwpcbynbhxol00000000000000000000000000000186');
INSERT INTO metadata ( description, created_by, owner, id, create_date, seq, type, remove, site_master, locked_by, entity_domain, last_updated_by, last_update_date, key_name) VALUES ('sudkscvo0fwjpe8fwczu94be561hli6cNM200904120000000000000000000030', '0000000000000000000000000000001000000000000000000000000000000003', '0000000000000000000000000000001000000000000000000000000000000003', '1yw84etqt2kafhlziuxccwpcbynbhxol00000000000000000000000000000186', '2014-01-15 15:41:39', 4206, 'com.runwaysdk.system.metadata.MdAttributeReference', 0, 'www.runwaysdk.com', NULL, NULL, '0000000000000000000000000000001000000000000000000000000000000003', '2014-01-15 15:41:39', 'com.runwaysdk.system.scheduler.AbstractJob.createdBy');
ALTER TABLE abstract_job ADD COLUMN created_by  char(64);
INSERT INTO class_attribute_concrete ( id, parent_id, child_id) VALUES ('zetbngskyh4da1cjqsrnk30dwtw9r8oh00000000000000000000000000000073', 'x9npcsuyj3f5osrsrii4jv48kw8sckub00000000000000000000000000000001', '1yw84etqt2kafhlziuxccwpcbynbhxol00000000000000000000000000000186');
INSERT INTO class_attribute ( id, parent_id, child_id) VALUES ('zetbngskyh4da1cjqsrnk30dwtw9r8oh00000000000000000000000000000073', 'x9npcsuyj3f5osrsrii4jv48kw8sckub00000000000000000000000000000001', '1yw84etqt2kafhlziuxccwpcbynbhxol00000000000000000000000000000186');
INSERT INTO metadata_relationship ( entity_domain, site_master, last_updated_by, id, owner, locked_by, create_date, type, created_by, seq, key_name, last_update_date, parent_id, child_id) VALUES (NULL, 'www.runwaysdk.com', '0000000000000000000000000000001000000000000000000000000000000003', 'zetbngskyh4da1cjqsrnk30dwtw9r8oh00000000000000000000000000000073', '0000000000000000000000000000001000000000000000000000000000000003', NULL, '2014-01-15 15:41:39', 'com.runwaysdk.system.metadata.ClassAttributeConcrete', '0000000000000000000000000000001000000000000000000000000000000003', 4207, 'com.runwaysdk.system.scheduler.AbstractJob.createdBy', '2014-01-15 15:41:39', 'x9npcsuyj3f5osrsrii4jv48kw8sckub00000000000000000000000000000001', '1yw84etqt2kafhlziuxccwpcbynbhxol00000000000000000000000000000186');
 INSERT INTO visibilitymodifier (set_id, item_id)  VALUES  ('sg7qcc60pheaet4cxidjkbtto45wuwmm', '20071109NM000000000000000000000520071109NM0000000000000000000001');
INSERT INTO metadata_display_label ( default_locale, id, site_master, key_name) VALUES ('Locked By', 'xkmb4o7nursr7host4xf51y9e1k895c2NM200904120000000000000000000030', 'www.runwaysdk.com', 'xkmb4o7nursr7host4xf51y9e1k895c2NM200904120000000000000000000030');
 INSERT INTO visibilitymodifier (set_id, item_id)  VALUES  ('1r01v0x3msglydsj3temnpfoq4o2minj', '20071109NM000000000000000000000520071109NM0000000000000000000001');
 INSERT INTO md_attribute_indicies (set_id, item_id)  VALUES  ('sw0vxmo4eye4e1f0g7aj52qfw8mnhrul', '0000000000000000000000000000040000000000000000000000000000000403');
INSERT INTO metadata_display_label ( default_locale, id, site_master, key_name) VALUES ('User who has a write lock on this object', 'zkud6p6y4fuyrmd0ofkv8h1t0k4v8al8NM200904120000000000000000000030', 'www.runwaysdk.com', 'zkud6p6y4fuyrmd0ofkv8h1t0k4v8al8NM200904120000000000000000000030');
INSERT INTO md_attribute_reference ( default_value, md_business, id) VALUES (NULL, '0000000000000000000000000000000300000000000000000000000000000001', '8xfz6zzteb60xan28kgdqsj2wz742mhc00000000000000000000000000000186');
INSERT INTO md_attribute_ref ( id) VALUES ('8xfz6zzteb60xan28kgdqsj2wz742mhc00000000000000000000000000000186');
INSERT INTO md_attribute_concrete ( column_name, defining_md_class, setter_visibility, setter_visibility_c, immutable, index_name, generate_accessor, system, required, display_label, getter_visibility, getter_visibility_c, index_type, index_type_c, attribute_name, id) VALUES ('locked_by', 'x9npcsuyj3f5osrsrii4jv48kw8sckub00000000000000000000000000000001', 'sg7qcc60pheaet4cxidjkbtto45wuwmm', '20071109NM000000000000000000000520071109NM0000000000000000000001', 0, 'a2hjt6hyqdfx0uh3l6tgaydk2p84br', 1, 1, 0, 'xkmb4o7nursr7host4xf51y9e1k895c2NM200904120000000000000000000030', '1r01v0x3msglydsj3temnpfoq4o2minj', '20071109NM000000000000000000000520071109NM0000000000000000000001', 'sw0vxmo4eye4e1f0g7aj52qfw8mnhrul', '0000000000000000000000000000040000000000000000000000000000000403', 'lockedBy', '8xfz6zzteb60xan28kgdqsj2wz742mhc00000000000000000000000000000186');
INSERT INTO md_attribute ( id) VALUES ('8xfz6zzteb60xan28kgdqsj2wz742mhc00000000000000000000000000000186');
INSERT INTO metadata ( description, created_by, owner, id, create_date, seq, type, remove, site_master, locked_by, entity_domain, last_updated_by, last_update_date, key_name) VALUES ('zkud6p6y4fuyrmd0ofkv8h1t0k4v8al8NM200904120000000000000000000030', '0000000000000000000000000000001000000000000000000000000000000003', '0000000000000000000000000000001000000000000000000000000000000003', '8xfz6zzteb60xan28kgdqsj2wz742mhc00000000000000000000000000000186', '2014-01-15 15:41:39', 4208, 'com.runwaysdk.system.metadata.MdAttributeReference', 0, 'www.runwaysdk.com', NULL, NULL, '0000000000000000000000000000001000000000000000000000000000000003', '2014-01-15 15:41:39', 'com.runwaysdk.system.scheduler.AbstractJob.lockedBy');
ALTER TABLE abstract_job ADD COLUMN locked_by  char(64);
INSERT INTO class_attribute_concrete ( id, parent_id, child_id) VALUES ('zep2ykgrxde8pxanodaq5zfzhm5yhpsf00000000000000000000000000000073', 'x9npcsuyj3f5osrsrii4jv48kw8sckub00000000000000000000000000000001', '8xfz6zzteb60xan28kgdqsj2wz742mhc00000000000000000000000000000186');
INSERT INTO class_attribute ( id, parent_id, child_id) VALUES ('zep2ykgrxde8pxanodaq5zfzhm5yhpsf00000000000000000000000000000073', 'x9npcsuyj3f5osrsrii4jv48kw8sckub00000000000000000000000000000001', '8xfz6zzteb60xan28kgdqsj2wz742mhc00000000000000000000000000000186');
INSERT INTO metadata_relationship ( entity_domain, site_master, last_updated_by, id, owner, locked_by, create_date, type, created_by, seq, key_name, last_update_date, parent_id, child_id) VALUES (NULL, 'www.runwaysdk.com', '0000000000000000000000000000001000000000000000000000000000000003', 'zep2ykgrxde8pxanodaq5zfzhm5yhpsf00000000000000000000000000000073', '0000000000000000000000000000001000000000000000000000000000000003', NULL, '2014-01-15 15:41:39', 'com.runwaysdk.system.metadata.ClassAttributeConcrete', '0000000000000000000000000000001000000000000000000000000000000003', 4209, 'com.runwaysdk.system.scheduler.AbstractJob.lockedBy', '2014-01-15 15:41:39', 'x9npcsuyj3f5osrsrii4jv48kw8sckub00000000000000000000000000000001', '8xfz6zzteb60xan28kgdqsj2wz742mhc00000000000000000000000000000186');
 INSERT INTO visibilitymodifier (set_id, item_id)  VALUES  ('1q61tdp2r7q7bea4pgyp8jarpbsn9522', '20071109NM000000000000000000000520071109NM0000000000000000000001');
INSERT INTO metadata_display_label ( default_locale, id, site_master, key_name) VALUES ('Create Date', '0gr9stk592ksmlfu4vz1kpkx9czoprdhNM200904120000000000000000000030', 'www.runwaysdk.com', '0gr9stk592ksmlfu4vz1kpkx9czoprdhNM200904120000000000000000000030');
 INSERT INTO visibilitymodifier (set_id, item_id)  VALUES  ('0cuobj7g2cs8if8uj6tgn06zkjyuh1am', '20071109NM000000000000000000000520071109NM0000000000000000000001');
 INSERT INTO md_attribute_indicies (set_id, item_id)  VALUES  ('zf14pqtvy9ia54b3ihvz2d5xxwqm9e2j', '0000000000000000000000000000040100000000000000000000000000000403');
INSERT INTO metadata_display_label ( default_locale, id, site_master, key_name) VALUES ('Date and time this record was created', 'swyz7lk2cq2bztm905uw3fa46us9zvthNM200904120000000000000000000030', 'www.runwaysdk.com', 'swyz7lk2cq2bztm905uw3fa46us9zvthNM200904120000000000000000000030');
INSERT INTO md_attribute_datetime ( default_value, id) VALUES (NULL, '7cfl9r27fbrgxk75xt72v4o0rw16hz6700000000000000000000000000000341');
INSERT INTO md_attribute_moment ( id) VALUES ('7cfl9r27fbrgxk75xt72v4o0rw16hz6700000000000000000000000000000341');
INSERT INTO md_attribute_primitive ( id) VALUES ('7cfl9r27fbrgxk75xt72v4o0rw16hz6700000000000000000000000000000341');
INSERT INTO md_attribute_concrete ( column_name, defining_md_class, setter_visibility, setter_visibility_c, immutable, index_name, generate_accessor, system, required, display_label, getter_visibility, getter_visibility_c, index_type, index_type_c, attribute_name, id) VALUES ('create_date', 'x9npcsuyj3f5osrsrii4jv48kw8sckub00000000000000000000000000000001', '1q61tdp2r7q7bea4pgyp8jarpbsn9522', '20071109NM000000000000000000000520071109NM0000000000000000000001', 0, 'a8bjii2aozcczuxib61sp3osntbegw', 1, 1, 1, '0gr9stk592ksmlfu4vz1kpkx9czoprdhNM200904120000000000000000000030', '0cuobj7g2cs8if8uj6tgn06zkjyuh1am', '20071109NM000000000000000000000520071109NM0000000000000000000001', 'zf14pqtvy9ia54b3ihvz2d5xxwqm9e2j', '0000000000000000000000000000040100000000000000000000000000000403', 'createDate', '7cfl9r27fbrgxk75xt72v4o0rw16hz6700000000000000000000000000000341');
INSERT INTO md_attribute ( id) VALUES ('7cfl9r27fbrgxk75xt72v4o0rw16hz6700000000000000000000000000000341');
INSERT INTO metadata ( description, created_by, owner, id, create_date, seq, type, remove, site_master, locked_by, entity_domain, last_updated_by, last_update_date, key_name) VALUES ('swyz7lk2cq2bztm905uw3fa46us9zvthNM200904120000000000000000000030', '0000000000000000000000000000001000000000000000000000000000000003', '0000000000000000000000000000001000000000000000000000000000000003', '7cfl9r27fbrgxk75xt72v4o0rw16hz6700000000000000000000000000000341', '2014-01-15 15:41:39', 4210, 'com.runwaysdk.system.metadata.MdAttributeDateTime', 0, 'www.runwaysdk.com', NULL, NULL, '0000000000000000000000000000001000000000000000000000000000000003', '2014-01-15 15:41:39', 'com.runwaysdk.system.scheduler.AbstractJob.createDate');
ALTER TABLE abstract_job ADD COLUMN create_date  timestamp;
INSERT INTO class_attribute_concrete ( id, parent_id, child_id) VALUES ('0bnwft869gr4hcnn2x3cyllpx8dynu9r00000000000000000000000000000073', 'x9npcsuyj3f5osrsrii4jv48kw8sckub00000000000000000000000000000001', '7cfl9r27fbrgxk75xt72v4o0rw16hz6700000000000000000000000000000341');
INSERT INTO class_attribute ( id, parent_id, child_id) VALUES ('0bnwft869gr4hcnn2x3cyllpx8dynu9r00000000000000000000000000000073', 'x9npcsuyj3f5osrsrii4jv48kw8sckub00000000000000000000000000000001', '7cfl9r27fbrgxk75xt72v4o0rw16hz6700000000000000000000000000000341');
INSERT INTO metadata_relationship ( entity_domain, site_master, last_updated_by, id, owner, locked_by, create_date, type, created_by, seq, key_name, last_update_date, parent_id, child_id) VALUES (NULL, 'www.runwaysdk.com', '0000000000000000000000000000001000000000000000000000000000000003', '0bnwft869gr4hcnn2x3cyllpx8dynu9r00000000000000000000000000000073', '0000000000000000000000000000001000000000000000000000000000000003', NULL, '2014-01-15 15:41:39', 'com.runwaysdk.system.metadata.ClassAttributeConcrete', '0000000000000000000000000000001000000000000000000000000000000003', 4211, 'com.runwaysdk.system.scheduler.AbstractJob.createDate', '2014-01-15 15:41:39', 'x9npcsuyj3f5osrsrii4jv48kw8sckub00000000000000000000000000000001', '7cfl9r27fbrgxk75xt72v4o0rw16hz6700000000000000000000000000000341');
 INSERT INTO visibilitymodifier (set_id, item_id)  VALUES  ('zp6pkkxede0tptrqvyc1ej0boe7ji4vd', '20071109NM000000000000000000000520071109NM0000000000000000000001');
INSERT INTO metadata_display_label ( default_locale, id, site_master, key_name) VALUES ('Owner', '0ebxs4ci48bph2a3e8qj71a9rzmvcrosNM200904120000000000000000000030', 'www.runwaysdk.com', '0ebxs4ci48bph2a3e8qj71a9rzmvcrosNM200904120000000000000000000030');
 INSERT INTO visibilitymodifier (set_id, item_id)  VALUES  ('0g68c4utjbru7cun74415m2f0pz1lf34', '20071109NM000000000000000000000520071109NM0000000000000000000001');
 INSERT INTO md_attribute_indicies (set_id, item_id)  VALUES  ('qlycao0l8f2hpmq79k1vsamp3rz0pqsl', '0000000000000000000000000000040000000000000000000000000000000403');
INSERT INTO metadata_display_label ( default_locale, id, site_master, key_name) VALUES ('A reference to the user who own this object', '2fif2ia3ubklzdtcef6e0hiuoa4qqt77NM200904120000000000000000000030', 'www.runwaysdk.com', '2fif2ia3ubklzdtcef6e0hiuoa4qqt77NM200904120000000000000000000030');
INSERT INTO md_attribute_reference ( default_value, md_business, id) VALUES (NULL, '0000000000000000000000000000051600000000000000000000000000000001', 'y19fh97mw5e4ygyafqim07188uhz4al600000000000000000000000000000186');
INSERT INTO md_attribute_ref ( id) VALUES ('y19fh97mw5e4ygyafqim07188uhz4al600000000000000000000000000000186');
INSERT INTO md_attribute_concrete ( column_name, defining_md_class, setter_visibility, setter_visibility_c, immutable, index_name, generate_accessor, system, required, display_label, getter_visibility, getter_visibility_c, index_type, index_type_c, attribute_name, id) VALUES ('owner', 'x9npcsuyj3f5osrsrii4jv48kw8sckub00000000000000000000000000000001', 'zp6pkkxede0tptrqvyc1ej0boe7ji4vd', '20071109NM000000000000000000000520071109NM0000000000000000000001', 0, 'ani99mi8xdeef34mvxqoqlotl1pmrv', 1, 0, 1, '0ebxs4ci48bph2a3e8qj71a9rzmvcrosNM200904120000000000000000000030', '0g68c4utjbru7cun74415m2f0pz1lf34', '20071109NM000000000000000000000520071109NM0000000000000000000001', 'qlycao0l8f2hpmq79k1vsamp3rz0pqsl', '0000000000000000000000000000040000000000000000000000000000000403', 'owner', 'y19fh97mw5e4ygyafqim07188uhz4al600000000000000000000000000000186');
INSERT INTO md_attribute ( id) VALUES ('y19fh97mw5e4ygyafqim07188uhz4al600000000000000000000000000000186');
INSERT INTO metadata ( description, created_by, owner, id, create_date, seq, type, remove, site_master, locked_by, entity_domain, last_updated_by, last_update_date, key_name) VALUES ('2fif2ia3ubklzdtcef6e0hiuoa4qqt77NM200904120000000000000000000030', '0000000000000000000000000000001000000000000000000000000000000003', '0000000000000000000000000000001000000000000000000000000000000003', 'y19fh97mw5e4ygyafqim07188uhz4al600000000000000000000000000000186', '2014-01-15 15:41:39', 4212, 'com.runwaysdk.system.metadata.MdAttributeReference', 0, 'www.runwaysdk.com', NULL, NULL, '0000000000000000000000000000001000000000000000000000000000000003', '2014-01-15 15:41:39', 'com.runwaysdk.system.scheduler.AbstractJob.owner');
ALTER TABLE abstract_job ADD COLUMN owner  char(64);
INSERT INTO class_attribute_concrete ( id, parent_id, child_id) VALUES ('8ucmigsl0ofk8lby1mdo7td1b23rr8rf00000000000000000000000000000073', 'x9npcsuyj3f5osrsrii4jv48kw8sckub00000000000000000000000000000001', 'y19fh97mw5e4ygyafqim07188uhz4al600000000000000000000000000000186');
INSERT INTO class_attribute ( id, parent_id, child_id) VALUES ('8ucmigsl0ofk8lby1mdo7td1b23rr8rf00000000000000000000000000000073', 'x9npcsuyj3f5osrsrii4jv48kw8sckub00000000000000000000000000000001', 'y19fh97mw5e4ygyafqim07188uhz4al600000000000000000000000000000186');
INSERT INTO metadata_relationship ( entity_domain, site_master, last_updated_by, id, owner, locked_by, create_date, type, created_by, seq, key_name, last_update_date, parent_id, child_id) VALUES (NULL, 'www.runwaysdk.com', '0000000000000000000000000000001000000000000000000000000000000003', '8ucmigsl0ofk8lby1mdo7td1b23rr8rf00000000000000000000000000000073', '0000000000000000000000000000001000000000000000000000000000000003', NULL, '2014-01-15 15:41:39', 'com.runwaysdk.system.metadata.ClassAttributeConcrete', '0000000000000000000000000000001000000000000000000000000000000003', 4213, 'com.runwaysdk.system.scheduler.AbstractJob.owner', '2014-01-15 15:41:39', 'x9npcsuyj3f5osrsrii4jv48kw8sckub00000000000000000000000000000001', 'y19fh97mw5e4ygyafqim07188uhz4al600000000000000000000000000000186');
 INSERT INTO visibilitymodifier (set_id, item_id)  VALUES  ('94v8ov3xjk7zii7fd1j7mv01si3k1v5n', '20071109NM000000000000000000000520071109NM0000000000000000000001');
INSERT INTO metadata_display_label ( default_locale, id, site_master, key_name) VALUES ('Type', 'qqighqzt080teiup078qqvy7xxnljohcNM200904120000000000000000000030', 'www.runwaysdk.com', 'qqighqzt080teiup078qqvy7xxnljohcNM200904120000000000000000000030');
 INSERT INTO visibilitymodifier (set_id, item_id)  VALUES  ('xxxvwwuvjdke7f2cl1z5vfutxlabkx4o', '20071109NM000000000000000000000520071109NM0000000000000000000001');
 INSERT INTO md_attribute_indicies (set_id, item_id)  VALUES  ('8bpd5kcxa9ly61pgwv9g0kxf8vq6hmw8', '0000000000000000000000000000040100000000000000000000000000000403');
INSERT INTO metadata_display_label ( default_locale, id, site_master, key_name) VALUES ('Fully qualified type of this object', '1q401eiavwvgo5l7zdceywvgeeapzf37NM200904120000000000000000000030', 'www.runwaysdk.com', '1q401eiavwvgo5l7zdceywvgeeapzf37NM200904120000000000000000000030');
INSERT INTO md_attribute_character ( default_value, database_size, id) VALUES (NULL, 255, '0keqj62q7fh28va7yqz8mg80vyc1fhfe00000000000000000000000000000138');
INSERT INTO md_attribute_char ( id) VALUES ('0keqj62q7fh28va7yqz8mg80vyc1fhfe00000000000000000000000000000138');
INSERT INTO md_attribute_primitive ( id) VALUES ('0keqj62q7fh28va7yqz8mg80vyc1fhfe00000000000000000000000000000138');
INSERT INTO md_attribute_concrete ( column_name, defining_md_class, setter_visibility, setter_visibility_c, immutable, index_name, generate_accessor, system, required, display_label, getter_visibility, getter_visibility_c, index_type, index_type_c, attribute_name, id) VALUES ('type', 'x9npcsuyj3f5osrsrii4jv48kw8sckub00000000000000000000000000000001', '94v8ov3xjk7zii7fd1j7mv01si3k1v5n', '20071109NM000000000000000000000520071109NM0000000000000000000001', 1, 'alek8gfbkjj6ja002em7qeugp3mp38', 1, 1, 1, 'qqighqzt080teiup078qqvy7xxnljohcNM200904120000000000000000000030', 'xxxvwwuvjdke7f2cl1z5vfutxlabkx4o', '20071109NM000000000000000000000520071109NM0000000000000000000001', '8bpd5kcxa9ly61pgwv9g0kxf8vq6hmw8', '0000000000000000000000000000040100000000000000000000000000000403', 'type', '0keqj62q7fh28va7yqz8mg80vyc1fhfe00000000000000000000000000000138');
INSERT INTO md_attribute ( id) VALUES ('0keqj62q7fh28va7yqz8mg80vyc1fhfe00000000000000000000000000000138');
INSERT INTO metadata ( description, created_by, owner, id, create_date, seq, type, remove, site_master, locked_by, entity_domain, last_updated_by, last_update_date, key_name) VALUES ('1q401eiavwvgo5l7zdceywvgeeapzf37NM200904120000000000000000000030', '0000000000000000000000000000001000000000000000000000000000000003', '0000000000000000000000000000001000000000000000000000000000000003', '0keqj62q7fh28va7yqz8mg80vyc1fhfe00000000000000000000000000000138', '2014-01-15 15:41:39', 4214, 'com.runwaysdk.system.metadata.MdAttributeCharacter', 0, 'www.runwaysdk.com', NULL, NULL, '0000000000000000000000000000001000000000000000000000000000000003', '2014-01-15 15:41:39', 'com.runwaysdk.system.scheduler.AbstractJob.type');
ALTER TABLE abstract_job ADD COLUMN type  varchar(255);
INSERT INTO class_attribute_concrete ( id, parent_id, child_id) VALUES ('sd40qmjtr82o3zaq79nmjk2hhh1eafl400000000000000000000000000000073', 'x9npcsuyj3f5osrsrii4jv48kw8sckub00000000000000000000000000000001', '0keqj62q7fh28va7yqz8mg80vyc1fhfe00000000000000000000000000000138');
INSERT INTO class_attribute ( id, parent_id, child_id) VALUES ('sd40qmjtr82o3zaq79nmjk2hhh1eafl400000000000000000000000000000073', 'x9npcsuyj3f5osrsrii4jv48kw8sckub00000000000000000000000000000001', '0keqj62q7fh28va7yqz8mg80vyc1fhfe00000000000000000000000000000138');
INSERT INTO metadata_relationship ( entity_domain, site_master, last_updated_by, id, owner, locked_by, create_date, type, created_by, seq, key_name, last_update_date, parent_id, child_id) VALUES (NULL, 'www.runwaysdk.com', '0000000000000000000000000000001000000000000000000000000000000003', 'sd40qmjtr82o3zaq79nmjk2hhh1eafl400000000000000000000000000000073', '0000000000000000000000000000001000000000000000000000000000000003', NULL, '2014-01-15 15:41:39', 'com.runwaysdk.system.metadata.ClassAttributeConcrete', '0000000000000000000000000000001000000000000000000000000000000003', 4215, 'com.runwaysdk.system.scheduler.AbstractJob.type', '2014-01-15 15:41:39', 'x9npcsuyj3f5osrsrii4jv48kw8sckub00000000000000000000000000000001', '0keqj62q7fh28va7yqz8mg80vyc1fhfe00000000000000000000000000000138');
 INSERT INTO visibilitymodifier (set_id, item_id)  VALUES  ('7as00w6iutjapz7hcu5g4jt176jgaish', '20071109NM000000000000000000000520071109NM0000000000000000000001');
INSERT INTO metadata_display_label ( default_locale, id, site_master, key_name) VALUES ('Entity Domain', '8za0yuwhf623vsj89hxq4mmz13swmj5gNM200904120000000000000000000030', 'www.runwaysdk.com', '8za0yuwhf623vsj89hxq4mmz13swmj5gNM200904120000000000000000000030');
 INSERT INTO visibilitymodifier (set_id, item_id)  VALUES  ('ql7kgx4v0odfs3wthejzrjv4bs4oy57w', '20071109NM000000000000000000000520071109NM0000000000000000000001');
 INSERT INTO md_attribute_indicies (set_id, item_id)  VALUES  ('6nymo3kthk949oq6dqrsoo3q2acqoy77', '0000000000000000000000000000040100000000000000000000000000000403');
INSERT INTO metadata_display_label ( default_locale, id, site_master, key_name) VALUES ('The Domain of this entity', '91or0okde6tlsdg7374kobr2cd2w0az8NM200904120000000000000000000030', 'www.runwaysdk.com', '91or0okde6tlsdg7374kobr2cd2w0az8NM200904120000000000000000000030');
INSERT INTO md_attribute_reference ( default_value, md_business, id) VALUES (NULL, 'NM20081011000000000000000000011100000000000000000000000000000001', '8hsoi3gxk1nkkqxbwes64lh3wv3kyism00000000000000000000000000000186');
INSERT INTO md_attribute_ref ( id) VALUES ('8hsoi3gxk1nkkqxbwes64lh3wv3kyism00000000000000000000000000000186');
INSERT INTO md_attribute_concrete ( column_name, defining_md_class, setter_visibility, setter_visibility_c, immutable, index_name, generate_accessor, system, required, display_label, getter_visibility, getter_visibility_c, index_type, index_type_c, attribute_name, id) VALUES ('entity_domain', 'x9npcsuyj3f5osrsrii4jv48kw8sckub00000000000000000000000000000001', '7as00w6iutjapz7hcu5g4jt176jgaish', '20071109NM000000000000000000000520071109NM0000000000000000000001', 0, 'ad22tfkz2olwmkitqkllk0g0p5899x', 1, 0, 0, '8za0yuwhf623vsj89hxq4mmz13swmj5gNM200904120000000000000000000030', 'ql7kgx4v0odfs3wthejzrjv4bs4oy57w', '20071109NM000000000000000000000520071109NM0000000000000000000001', '6nymo3kthk949oq6dqrsoo3q2acqoy77', '0000000000000000000000000000040100000000000000000000000000000403', 'entityDomain', '8hsoi3gxk1nkkqxbwes64lh3wv3kyism00000000000000000000000000000186');
INSERT INTO md_attribute ( id) VALUES ('8hsoi3gxk1nkkqxbwes64lh3wv3kyism00000000000000000000000000000186');
INSERT INTO metadata ( description, created_by, owner, id, create_date, seq, type, remove, site_master, locked_by, entity_domain, last_updated_by, last_update_date, key_name) VALUES ('91or0okde6tlsdg7374kobr2cd2w0az8NM200904120000000000000000000030', '0000000000000000000000000000001000000000000000000000000000000003', '0000000000000000000000000000001000000000000000000000000000000003', '8hsoi3gxk1nkkqxbwes64lh3wv3kyism00000000000000000000000000000186', '2014-01-15 15:41:39', 4216, 'com.runwaysdk.system.metadata.MdAttributeReference', 1, 'www.runwaysdk.com', NULL, NULL, '0000000000000000000000000000001000000000000000000000000000000003', '2014-01-15 15:41:39', 'com.runwaysdk.system.scheduler.AbstractJob.entityDomain');
ALTER TABLE abstract_job ADD COLUMN entity_domain  char(64);
INSERT INTO class_attribute_concrete ( id, parent_id, child_id) VALUES ('qzix4gtc5sq3ktudqmvkox08ic9kfl8j00000000000000000000000000000073', 'x9npcsuyj3f5osrsrii4jv48kw8sckub00000000000000000000000000000001', '8hsoi3gxk1nkkqxbwes64lh3wv3kyism00000000000000000000000000000186');
INSERT INTO class_attribute ( id, parent_id, child_id) VALUES ('qzix4gtc5sq3ktudqmvkox08ic9kfl8j00000000000000000000000000000073', 'x9npcsuyj3f5osrsrii4jv48kw8sckub00000000000000000000000000000001', '8hsoi3gxk1nkkqxbwes64lh3wv3kyism00000000000000000000000000000186');
INSERT INTO metadata_relationship ( entity_domain, site_master, last_updated_by, id, owner, locked_by, create_date, type, created_by, seq, key_name, last_update_date, parent_id, child_id) VALUES (NULL, 'www.runwaysdk.com', '0000000000000000000000000000001000000000000000000000000000000003', 'qzix4gtc5sq3ktudqmvkox08ic9kfl8j00000000000000000000000000000073', '0000000000000000000000000000001000000000000000000000000000000003', NULL, '2014-01-15 15:41:39', 'com.runwaysdk.system.metadata.ClassAttributeConcrete', '0000000000000000000000000000001000000000000000000000000000000003', 4217, 'com.runwaysdk.system.scheduler.AbstractJob.entityDomain', '2014-01-15 15:41:39', 'x9npcsuyj3f5osrsrii4jv48kw8sckub00000000000000000000000000000001', '8hsoi3gxk1nkkqxbwes64lh3wv3kyism00000000000000000000000000000186');
 INSERT INTO visibilitymodifier (set_id, item_id)  VALUES  ('2aeukv23170fbtg1hkbubvd92uvm3rdo', '20071109NM000000000000000000000520071109NM0000000000000000000001');
INSERT INTO metadata_display_label ( default_locale, id, site_master, key_name) VALUES ('Sequence', 'seiyfd0r07bl4zlgjaouoklmzhjw0vypNM200904120000000000000000000030', 'www.runwaysdk.com', 'seiyfd0r07bl4zlgjaouoklmzhjw0vypNM200904120000000000000000000030');
 INSERT INTO visibilitymodifier (set_id, item_id)  VALUES  ('91362p4mdcjeu904n4orc02zpzislrog', '20071109NM000000000000000000000520071109NM0000000000000000000001');
 INSERT INTO md_attribute_indicies (set_id, item_id)  VALUES  ('2e1au01xhv5d1w37n746kq2wye480923', '0000000000000000000000000000040100000000000000000000000000000403');
INSERT INTO metadata_display_label ( default_locale, id, site_master, key_name) VALUES ('Sequence number is incremented every time this object is updated', '22bvsxbq25spe2e3o7hivot4n9ru9xqgNM200904120000000000000000000030', 'www.runwaysdk.com', '22bvsxbq25spe2e3o7hivot4n9ru9xqgNM200904120000000000000000000030');
INSERT INTO md_attribute_long ( end_range, default_value, start_range, id) VALUES (NULL, NULL, NULL, 'sc29vqm0bn4oic3ddlw1i4ff37we610x00000000000000000000000000000338');
INSERT INTO md_attribute_int ( id) VALUES ('sc29vqm0bn4oic3ddlw1i4ff37we610x00000000000000000000000000000338');
INSERT INTO md_attribute_number ( reject_negative, reject_zero, reject_positive, id) VALUES (1, 0, 0, 'sc29vqm0bn4oic3ddlw1i4ff37we610x00000000000000000000000000000338');
INSERT INTO md_attribute_primitive ( id) VALUES ('sc29vqm0bn4oic3ddlw1i4ff37we610x00000000000000000000000000000338');
INSERT INTO md_attribute_concrete ( column_name, defining_md_class, setter_visibility, setter_visibility_c, immutable, index_name, generate_accessor, system, required, display_label, getter_visibility, getter_visibility_c, index_type, index_type_c, attribute_name, id) VALUES ('seq', 'x9npcsuyj3f5osrsrii4jv48kw8sckub00000000000000000000000000000001', '2aeukv23170fbtg1hkbubvd92uvm3rdo', '20071109NM000000000000000000000520071109NM0000000000000000000001', 0, 'ah5nolfycd0jduv08vexeq8s93b3ts', 1, 1, 1, 'seiyfd0r07bl4zlgjaouoklmzhjw0vypNM200904120000000000000000000030', '91362p4mdcjeu904n4orc02zpzislrog', '20071109NM000000000000000000000520071109NM0000000000000000000001', '2e1au01xhv5d1w37n746kq2wye480923', '0000000000000000000000000000040100000000000000000000000000000403', 'seq', 'sc29vqm0bn4oic3ddlw1i4ff37we610x00000000000000000000000000000338');
INSERT INTO md_attribute ( id) VALUES ('sc29vqm0bn4oic3ddlw1i4ff37we610x00000000000000000000000000000338');
INSERT INTO metadata ( description, created_by, owner, id, create_date, seq, type, remove, site_master, locked_by, entity_domain, last_updated_by, last_update_date, key_name) VALUES ('22bvsxbq25spe2e3o7hivot4n9ru9xqgNM200904120000000000000000000030', '0000000000000000000000000000001000000000000000000000000000000003', '0000000000000000000000000000001000000000000000000000000000000003', 'sc29vqm0bn4oic3ddlw1i4ff37we610x00000000000000000000000000000338', '2014-01-15 15:41:39', 4218, 'com.runwaysdk.system.metadata.MdAttributeLong', 0, 'www.runwaysdk.com', NULL, NULL, '0000000000000000000000000000001000000000000000000000000000000003', '2014-01-15 15:41:39', 'com.runwaysdk.system.scheduler.AbstractJob.seq');
ALTER TABLE abstract_job ADD COLUMN seq  bigint;
INSERT INTO class_attribute_concrete ( id, parent_id, child_id) VALUES ('8dlb0sug4em350uu5ovzguuttruk6gr500000000000000000000000000000073', 'x9npcsuyj3f5osrsrii4jv48kw8sckub00000000000000000000000000000001', 'sc29vqm0bn4oic3ddlw1i4ff37we610x00000000000000000000000000000338');
INSERT INTO class_attribute ( id, parent_id, child_id) VALUES ('8dlb0sug4em350uu5ovzguuttruk6gr500000000000000000000000000000073', 'x9npcsuyj3f5osrsrii4jv48kw8sckub00000000000000000000000000000001', 'sc29vqm0bn4oic3ddlw1i4ff37we610x00000000000000000000000000000338');
INSERT INTO metadata_relationship ( entity_domain, site_master, last_updated_by, id, owner, locked_by, create_date, type, created_by, seq, key_name, last_update_date, parent_id, child_id) VALUES (NULL, 'www.runwaysdk.com', '0000000000000000000000000000001000000000000000000000000000000003', '8dlb0sug4em350uu5ovzguuttruk6gr500000000000000000000000000000073', '0000000000000000000000000000001000000000000000000000000000000003', NULL, '2014-01-15 15:41:39', 'com.runwaysdk.system.metadata.ClassAttributeConcrete', '0000000000000000000000000000001000000000000000000000000000000003', 4219, 'com.runwaysdk.system.scheduler.AbstractJob.seq', '2014-01-15 15:41:39', 'x9npcsuyj3f5osrsrii4jv48kw8sckub00000000000000000000000000000001', 'sc29vqm0bn4oic3ddlw1i4ff37we610x00000000000000000000000000000338');
INSERT INTO metadata_display_label ( default_locale, id, site_master, key_name) VALUES (NULL, '8dfiirbojcxm1ql9nxmmnk544wflzuyaNM200904120000000000000000000030', 'www.runwaysdk.com', '8dfiirbojcxm1ql9nxmmnk544wflzuyaNM200904120000000000000000000030');
INSERT INTO metadata_display_label ( default_locale, id, site_master, key_name) VALUES (NULL, '8gqpv8pc44m8e64mjv38g7z2d3pidiptNM200904120000000000000000000030', 'www.runwaysdk.com', '8gqpv8pc44m8e64mjv38g7z2d3pidiptNM200904120000000000000000000030');
INSERT INTO md_controller ( stub_source, id) VALUES (NULL, '92ws86viqll9ry3x8lnfafx475l5za4nNM200810110000000000000000000112');
INSERT INTO md_type ( display_label, root_id, package_name, type_name, base_source, js_base, js_stub, exported, dto_source, id) VALUES ('8dfiirbojcxm1ql9nxmmnk544wflzuyaNM200904120000000000000000000030', '92ws86viqll9ry3x8lnfafx475l5za4n', 'com.runwaysdk.system.scheduler', 'AbstractJobController', NULL, NULL, NULL, 1, NULL, '92ws86viqll9ry3x8lnfafx475l5za4nNM200810110000000000000000000112');
INSERT INTO metadata ( description, created_by, owner, id, create_date, seq, type, remove, site_master, locked_by, entity_domain, last_updated_by, last_update_date, key_name) VALUES ('8gqpv8pc44m8e64mjv38g7z2d3pidiptNM200904120000000000000000000030', '0000000000000000000000000000001000000000000000000000000000000003', '0000000000000000000000000000001000000000000000000000000000000003', '92ws86viqll9ry3x8lnfafx475l5za4nNM200810110000000000000000000112', '2014-01-15 15:41:39', 4220, 'com.runwaysdk.system.metadata.MdController', 1, 'www.runwaysdk.com', NULL, NULL, '0000000000000000000000000000001000000000000000000000000000000003', '2014-01-15 15:41:39', 'com.runwaysdk.system.scheduler.AbstractJobController');
INSERT INTO metadata_display_label ( default_locale, id, site_master, key_name) VALUES ('View Page', '7d4krsbzut3lr2f5hi92rlpnl2uea2c4NM200904120000000000000000000030', 'www.runwaysdk.com', '7d4krsbzut3lr2f5hi92rlpnl2uea2c4NM200904120000000000000000000030');
INSERT INTO metadata_display_label ( default_locale, id, site_master, key_name) VALUES ('Loads a ViewAll query for a specific page into the request object', '7fewqtc2ejpzybaqspmip65779cd2ayaNM200904120000000000000000000030', 'www.runwaysdk.com', '7fewqtc2ejpzybaqspmip65779cd2ayaNM200904120000000000000000000030');
INSERT INTO md_action ( is_query, enclosing_md_controller, is_post, action_name, display_label, id) VALUES (1, '92ws86viqll9ry3x8lnfafx475l5za4nNM200810110000000000000000000112', 0, 'viewPage', '7d4krsbzut3lr2f5hi92rlpnl2uea2c4NM200904120000000000000000000030', '2cxavyco8jo1fnav2jljkktk0rkkelkgNM200810110000000000000000000113');
INSERT INTO metadata ( description, created_by, owner, id, create_date, seq, type, remove, site_master, locked_by, entity_domain, last_updated_by, last_update_date, key_name) VALUES ('7fewqtc2ejpzybaqspmip65779cd2ayaNM200904120000000000000000000030', '0000000000000000000000000000001000000000000000000000000000000003', '0000000000000000000000000000001000000000000000000000000000000003', '2cxavyco8jo1fnav2jljkktk0rkkelkgNM200810110000000000000000000113', '2014-01-15 15:41:39', 4221, 'com.runwaysdk.system.metadata.MdAction', 1, 'www.runwaysdk.com', NULL, NULL, '0000000000000000000000000000001000000000000000000000000000000003', '2014-01-15 15:41:39', 'com.runwaysdk.system.scheduler.AbstractJobController.viewPage');
INSERT INTO controller_action ( key_name, locked_by, id, owner, entity_domain, created_by, type, last_update_date, create_date, seq, last_updated_by, site_master, parent_id, child_id) VALUES ('com.runwaysdk.system.scheduler.AbstractJobController.viewPage', NULL, '0kke4qvtbicria0co84gfbtufdl7d267JS200807230000000000000000111111', '0000000000000000000000000000001000000000000000000000000000000003', NULL, '0000000000000000000000000000001000000000000000000000000000000003', 'com.runwaysdk.system.ControllerAction', '2014-01-15 15:41:39', '2014-01-15 15:41:39', 4222, '0000000000000000000000000000001000000000000000000000000000000003', 'www.runwaysdk.com', '92ws86viqll9ry3x8lnfafx475l5za4nNM200810110000000000000000000112', '2cxavyco8jo1fnav2jljkktk0rkkelkgNM200810110000000000000000000113');
INSERT INTO metadata_display_label ( default_locale, id, site_master, key_name) VALUES ('Sort Attribute', 'zhozps1e2f9mj1up58v5j86xk63lgxgmNM200904120000000000000000000030', 'www.runwaysdk.com', 'zhozps1e2f9mj1up58v5j86xk63lgxgmNM200904120000000000000000000030');
INSERT INTO metadata_display_label ( default_locale, id, site_master, key_name) VALUES (NULL, 'xjcwuinar7l6r9t5n89vsdj9z0z4mwc4NM200904120000000000000000000030', 'www.runwaysdk.com', 'xjcwuinar7l6r9t5n89vsdj9z0z4mwc4NM200904120000000000000000000030');
INSERT INTO md_parameter ( metadata, parameter_order, parameter_name, parameter_type, display_label, id) VALUES ('2cxavyco8jo1fnav2jljkktk0rkkelkgNM200810110000000000000000000113', -4, 'sortAttribute', 'java.lang.String', 'zhozps1e2f9mj1up58v5j86xk63lgxgmNM200904120000000000000000000030', 'sw53ztyefyfd5gyxsl3r57pbnuy1i1v720070427JS0000000000000000001517');
INSERT INTO metadata ( description, created_by, owner, id, create_date, seq, type, remove, site_master, locked_by, entity_domain, last_updated_by, last_update_date, key_name) VALUES ('xjcwuinar7l6r9t5n89vsdj9z0z4mwc4NM200904120000000000000000000030', '0000000000000000000000000000001000000000000000000000000000000003', '0000000000000000000000000000001000000000000000000000000000000003', 'sw53ztyefyfd5gyxsl3r57pbnuy1i1v720070427JS0000000000000000001517', '2014-01-15 15:41:39', 4223, 'com.runwaysdk.system.metadata.MdParameter', 1, 'www.runwaysdk.com', NULL, NULL, '0000000000000000000000000000001000000000000000000000000000000003', '2014-01-15 15:41:39', 'com.runwaysdk.system.scheduler.AbstractJobController.viewPage.sortAttribute');
INSERT INTO metadata_parameter ( site_master, last_updated_by, create_date, seq, locked_by, entity_domain, created_by, type, last_update_date, key_name, owner, id, parent_id, child_id) VALUES ('www.runwaysdk.com', '0000000000000000000000000000001000000000000000000000000000000003', '2014-01-15 15:41:39', 4224, NULL, NULL, '0000000000000000000000000000001000000000000000000000000000000003', 'com.runwaysdk.system.MetadataParameter', '2014-01-15 15:41:39', 'com.runwaysdk.system.scheduler.AbstractJobController.viewPage.sortAttribute', '0000000000000000000000000000001000000000000000000000000000000003', 'qyejkt8m6z7mhwcey2u1in7egjywbt3o20070427JS0000000000000000001524', '2cxavyco8jo1fnav2jljkktk0rkkelkgNM200810110000000000000000000113', 'sw53ztyefyfd5gyxsl3r57pbnuy1i1v720070427JS0000000000000000001517');
INSERT INTO metadata_display_label ( default_locale, id, site_master, key_name) VALUES ('Is Ascending', '0coyls61bpdnvnl5pnfz8uw3d6q5ehh3NM200904120000000000000000000030', 'www.runwaysdk.com', '0coyls61bpdnvnl5pnfz8uw3d6q5ehh3NM200904120000000000000000000030');
INSERT INTO metadata_display_label ( default_locale, id, site_master, key_name) VALUES (NULL, 'xtvv4ugeu5o6qpmisg60cqmfq6mcyhxtNM200904120000000000000000000030', 'www.runwaysdk.com', 'xtvv4ugeu5o6qpmisg60cqmfq6mcyhxtNM200904120000000000000000000030');
INSERT INTO md_parameter ( metadata, parameter_order, parameter_name, parameter_type, display_label, id) VALUES ('2cxavyco8jo1fnav2jljkktk0rkkelkgNM200810110000000000000000000113', -3, 'isAscending', 'java.lang.Boolean', '0coyls61bpdnvnl5pnfz8uw3d6q5ehh3NM200904120000000000000000000030', 'xm2yko9crn4ywqabmabrfl2dfvzcl02q20070427JS0000000000000000001517');
INSERT INTO metadata ( description, created_by, owner, id, create_date, seq, type, remove, site_master, locked_by, entity_domain, last_updated_by, last_update_date, key_name) VALUES ('xtvv4ugeu5o6qpmisg60cqmfq6mcyhxtNM200904120000000000000000000030', '0000000000000000000000000000001000000000000000000000000000000003', '0000000000000000000000000000001000000000000000000000000000000003', 'xm2yko9crn4ywqabmabrfl2dfvzcl02q20070427JS0000000000000000001517', '2014-01-15 15:41:39', 4225, 'com.runwaysdk.system.metadata.MdParameter', 1, 'www.runwaysdk.com', NULL, NULL, '0000000000000000000000000000001000000000000000000000000000000003', '2014-01-15 15:41:39', 'com.runwaysdk.system.scheduler.AbstractJobController.viewPage.isAscending');
INSERT INTO metadata_parameter ( site_master, last_updated_by, create_date, seq, locked_by, entity_domain, created_by, type, last_update_date, key_name, owner, id, parent_id, child_id) VALUES ('www.runwaysdk.com', '0000000000000000000000000000001000000000000000000000000000000003', '2014-01-15 15:41:39', 4226, NULL, NULL, '0000000000000000000000000000001000000000000000000000000000000003', 'com.runwaysdk.system.MetadataParameter', '2014-01-15 15:41:39', 'com.runwaysdk.system.scheduler.AbstractJobController.viewPage.isAscending', '0000000000000000000000000000001000000000000000000000000000000003', 'xu3zzxtgv8tkealn1vc8rpdoco5mfrd020070427JS0000000000000000001524', '2cxavyco8jo1fnav2jljkktk0rkkelkgNM200810110000000000000000000113', 'xm2yko9crn4ywqabmabrfl2dfvzcl02q20070427JS0000000000000000001517');
INSERT INTO metadata_display_label ( default_locale, id, site_master, key_name) VALUES ('Page Size', '77qtxu11dswn4drhp8b9jtjnsa2nnsvxNM200904120000000000000000000030', 'www.runwaysdk.com', '77qtxu11dswn4drhp8b9jtjnsa2nnsvxNM200904120000000000000000000030');
INSERT INTO metadata_display_label ( default_locale, id, site_master, key_name) VALUES (NULL, 'yyhpxktpcc9t7yr0koiap1rl907b93esNM200904120000000000000000000030', 'www.runwaysdk.com', 'yyhpxktpcc9t7yr0koiap1rl907b93esNM200904120000000000000000000030');
INSERT INTO md_parameter ( metadata, parameter_order, parameter_name, parameter_type, display_label, id) VALUES ('2cxavyco8jo1fnav2jljkktk0rkkelkgNM200810110000000000000000000113', -2, 'pageSize', 'java.lang.Integer', '77qtxu11dswn4drhp8b9jtjnsa2nnsvxNM200904120000000000000000000030', '783ksxxvofdyc7i38qqk0uxvrl8mbwfo20070427JS0000000000000000001517');
INSERT INTO metadata ( description, created_by, owner, id, create_date, seq, type, remove, site_master, locked_by, entity_domain, last_updated_by, last_update_date, key_name) VALUES ('yyhpxktpcc9t7yr0koiap1rl907b93esNM200904120000000000000000000030', '0000000000000000000000000000001000000000000000000000000000000003', '0000000000000000000000000000001000000000000000000000000000000003', '783ksxxvofdyc7i38qqk0uxvrl8mbwfo20070427JS0000000000000000001517', '2014-01-15 15:41:39', 4227, 'com.runwaysdk.system.metadata.MdParameter', 1, 'www.runwaysdk.com', NULL, NULL, '0000000000000000000000000000001000000000000000000000000000000003', '2014-01-15 15:41:39', 'com.runwaysdk.system.scheduler.AbstractJobController.viewPage.pageSize');
INSERT INTO metadata_parameter ( site_master, last_updated_by, create_date, seq, locked_by, entity_domain, created_by, type, last_update_date, key_name, owner, id, parent_id, child_id) VALUES ('www.runwaysdk.com', '0000000000000000000000000000001000000000000000000000000000000003', '2014-01-15 15:41:39', 4228, NULL, NULL, '0000000000000000000000000000001000000000000000000000000000000003', 'com.runwaysdk.system.MetadataParameter', '2014-01-15 15:41:39', 'com.runwaysdk.system.scheduler.AbstractJobController.viewPage.pageSize', '0000000000000000000000000000001000000000000000000000000000000003', '90zwbkiuext046u22uklspjm40j41fd920070427JS0000000000000000001524', '2cxavyco8jo1fnav2jljkktk0rkkelkgNM200810110000000000000000000113', '783ksxxvofdyc7i38qqk0uxvrl8mbwfo20070427JS0000000000000000001517');
INSERT INTO metadata_display_label ( default_locale, id, site_master, key_name) VALUES ('Page Number', '0mtx1yr5mpw8gm0i3i9a83xjyn7lldaqNM200904120000000000000000000030', 'www.runwaysdk.com', '0mtx1yr5mpw8gm0i3i9a83xjyn7lldaqNM200904120000000000000000000030');
INSERT INTO metadata_display_label ( default_locale, id, site_master, key_name) VALUES (NULL, '79cplxnm2okl885gkwq4dittnt1jenyiNM200904120000000000000000000030', 'www.runwaysdk.com', '79cplxnm2okl885gkwq4dittnt1jenyiNM200904120000000000000000000030');
INSERT INTO md_parameter ( metadata, parameter_order, parameter_name, parameter_type, display_label, id) VALUES ('2cxavyco8jo1fnav2jljkktk0rkkelkgNM200810110000000000000000000113', -1, 'pageNumber', 'java.lang.Integer', '0mtx1yr5mpw8gm0i3i9a83xjyn7lldaqNM200904120000000000000000000030', '8jwmk7ag9ubrjcgsdd46ovcwjevzeyk520070427JS0000000000000000001517');
INSERT INTO metadata ( description, created_by, owner, id, create_date, seq, type, remove, site_master, locked_by, entity_domain, last_updated_by, last_update_date, key_name) VALUES ('79cplxnm2okl885gkwq4dittnt1jenyiNM200904120000000000000000000030', '0000000000000000000000000000001000000000000000000000000000000003', '0000000000000000000000000000001000000000000000000000000000000003', '8jwmk7ag9ubrjcgsdd46ovcwjevzeyk520070427JS0000000000000000001517', '2014-01-15 15:41:39', 4229, 'com.runwaysdk.system.metadata.MdParameter', 1, 'www.runwaysdk.com', NULL, NULL, '0000000000000000000000000000001000000000000000000000000000000003', '2014-01-15 15:41:39', 'com.runwaysdk.system.scheduler.AbstractJobController.viewPage.pageNumber');
INSERT INTO metadata_parameter ( site_master, last_updated_by, create_date, seq, locked_by, entity_domain, created_by, type, last_update_date, key_name, owner, id, parent_id, child_id) VALUES ('www.runwaysdk.com', '0000000000000000000000000000001000000000000000000000000000000003', '2014-01-15 15:41:39', 4230, NULL, NULL, '0000000000000000000000000000001000000000000000000000000000000003', 'com.runwaysdk.system.MetadataParameter', '2014-01-15 15:41:39', 'com.runwaysdk.system.scheduler.AbstractJobController.viewPage.pageNumber', '0000000000000000000000000000001000000000000000000000000000000003', '6w3aar1yysrqote3de6jjh0e37ciyll620070427JS0000000000000000001524', '2cxavyco8jo1fnav2jljkktk0rkkelkgNM200810110000000000000000000113', '8jwmk7ag9ubrjcgsdd46ovcwjevzeyk520070427JS0000000000000000001517');
INSERT INTO metadata_display_label ( default_locale, id, site_master, key_name) VALUES ('View All', '28r444pzsiigeygv2d8ned4m57bknoevNM200904120000000000000000000030', 'www.runwaysdk.com', '28r444pzsiigeygv2d8ned4m57bknoevNM200904120000000000000000000030');
INSERT INTO metadata_display_label ( default_locale, id, site_master, key_name) VALUES ('Loads a ViewAll query with the default settings', 'svi4jui7dnoy3fwfw384tjxl0yj7gww5NM200904120000000000000000000030', 'www.runwaysdk.com', 'svi4jui7dnoy3fwfw384tjxl0yj7gww5NM200904120000000000000000000030');
INSERT INTO md_action ( is_query, enclosing_md_controller, is_post, action_name, display_label, id) VALUES (0, '92ws86viqll9ry3x8lnfafx475l5za4nNM200810110000000000000000000112', 0, 'viewAll', '28r444pzsiigeygv2d8ned4m57bknoevNM200904120000000000000000000030', '8ipx3pldfhgwx1iaalmib4iui10fg280NM200810110000000000000000000113');
INSERT INTO metadata ( description, created_by, owner, id, create_date, seq, type, remove, site_master, locked_by, entity_domain, last_updated_by, last_update_date, key_name) VALUES ('svi4jui7dnoy3fwfw384tjxl0yj7gww5NM200904120000000000000000000030', '0000000000000000000000000000001000000000000000000000000000000003', '0000000000000000000000000000001000000000000000000000000000000003', '8ipx3pldfhgwx1iaalmib4iui10fg280NM200810110000000000000000000113', '2014-01-15 15:41:39', 4231, 'com.runwaysdk.system.metadata.MdAction', 1, 'www.runwaysdk.com', NULL, NULL, '0000000000000000000000000000001000000000000000000000000000000003', '2014-01-15 15:41:39', 'com.runwaysdk.system.scheduler.AbstractJobController.viewAll');
INSERT INTO controller_action ( key_name, locked_by, id, owner, entity_domain, created_by, type, last_update_date, create_date, seq, last_updated_by, site_master, parent_id, child_id) VALUES ('com.runwaysdk.system.scheduler.AbstractJobController.viewAll', NULL, '059o3gx4kmlxkbbsd6zxikqjf3l2ke8gJS200807230000000000000000111111', '0000000000000000000000000000001000000000000000000000000000000003', NULL, '0000000000000000000000000000001000000000000000000000000000000003', 'com.runwaysdk.system.ControllerAction', '2014-01-15 15:41:39', '2014-01-15 15:41:39', 4232, '0000000000000000000000000000001000000000000000000000000000000003', 'www.runwaysdk.com', '92ws86viqll9ry3x8lnfafx475l5za4nNM200810110000000000000000000112', '8ipx3pldfhgwx1iaalmib4iui10fg280NM200810110000000000000000000113');
INSERT INTO metadata_display_label ( default_locale, id, site_master, key_name) VALUES ('View', '0b0l7i5c96eqm8jiofmejovqh5clsdxwNM200904120000000000000000000030', 'www.runwaysdk.com', '0b0l7i5c96eqm8jiofmejovqh5clsdxwNM200904120000000000000000000030');
INSERT INTO metadata_display_label ( default_locale, id, site_master, key_name) VALUES ('View an existing instance of com.runwaysdk.system.scheduler.AbstractJob', '05p7n9bi3pe0g26vunv4750tsn2czhluNM200904120000000000000000000030', 'www.runwaysdk.com', '05p7n9bi3pe0g26vunv4750tsn2czhluNM200904120000000000000000000030');
INSERT INTO md_action ( is_query, enclosing_md_controller, is_post, action_name, display_label, id) VALUES (0, '92ws86viqll9ry3x8lnfafx475l5za4nNM200810110000000000000000000112', 0, 'view', '0b0l7i5c96eqm8jiofmejovqh5clsdxwNM200904120000000000000000000030', 't2l9t9hz44pmfpqzwh49dixfummpovmdNM200810110000000000000000000113');
INSERT INTO metadata ( description, created_by, owner, id, create_date, seq, type, remove, site_master, locked_by, entity_domain, last_updated_by, last_update_date, key_name) VALUES ('05p7n9bi3pe0g26vunv4750tsn2czhluNM200904120000000000000000000030', '0000000000000000000000000000001000000000000000000000000000000003', '0000000000000000000000000000001000000000000000000000000000000003', 't2l9t9hz44pmfpqzwh49dixfummpovmdNM200810110000000000000000000113', '2014-01-15 15:41:39', 4233, 'com.runwaysdk.system.metadata.MdAction', 1, 'www.runwaysdk.com', NULL, NULL, '0000000000000000000000000000001000000000000000000000000000000003', '2014-01-15 15:41:39', 'com.runwaysdk.system.scheduler.AbstractJobController.view');
INSERT INTO controller_action ( key_name, locked_by, id, owner, entity_domain, created_by, type, last_update_date, create_date, seq, last_updated_by, site_master, parent_id, child_id) VALUES ('com.runwaysdk.system.scheduler.AbstractJobController.view', NULL, 'xp67mj8lyz8jwytzrdzjzrdvh015k3a0JS200807230000000000000000111111', '0000000000000000000000000000001000000000000000000000000000000003', NULL, '0000000000000000000000000000001000000000000000000000000000000003', 'com.runwaysdk.system.ControllerAction', '2014-01-15 15:41:39', '2014-01-15 15:41:39', 4234, '0000000000000000000000000000001000000000000000000000000000000003', 'www.runwaysdk.com', '92ws86viqll9ry3x8lnfafx475l5za4nNM200810110000000000000000000112', 't2l9t9hz44pmfpqzwh49dixfummpovmdNM200810110000000000000000000113');
INSERT INTO metadata_display_label ( default_locale, id, site_master, key_name) VALUES ('Parameter: com.runwaysdk.system.scheduler.AbstractJob - id', '1ud4ycbg072xsgde38vtunjxnhaw9sklNM200904120000000000000000000030', 'www.runwaysdk.com', '1ud4ycbg072xsgde38vtunjxnhaw9sklNM200904120000000000000000000030');
INSERT INTO metadata_display_label ( default_locale, id, site_master, key_name) VALUES ('Id of com.runwaysdk.system.scheduler.AbstractJob to view.', '78q57ko1d8kir1wqeciqd00u8rk2ht4vNM200904120000000000000000000030', 'www.runwaysdk.com', '78q57ko1d8kir1wqeciqd00u8rk2ht4vNM200904120000000000000000000030');
INSERT INTO md_parameter ( metadata, parameter_order, parameter_name, parameter_type, display_label, id) VALUES ('t2l9t9hz44pmfpqzwh49dixfummpovmdNM200810110000000000000000000113', 0, 'id', 'java.lang.String', '1ud4ycbg072xsgde38vtunjxnhaw9sklNM200904120000000000000000000030', 'szcvjhelg0v3n8obwk0gfsznyngvefg320070427JS0000000000000000001517');
INSERT INTO metadata ( description, created_by, owner, id, create_date, seq, type, remove, site_master, locked_by, entity_domain, last_updated_by, last_update_date, key_name) VALUES ('78q57ko1d8kir1wqeciqd00u8rk2ht4vNM200904120000000000000000000030', '0000000000000000000000000000001000000000000000000000000000000003', '0000000000000000000000000000001000000000000000000000000000000003', 'szcvjhelg0v3n8obwk0gfsznyngvefg320070427JS0000000000000000001517', '2014-01-15 15:41:39', 4235, 'com.runwaysdk.system.metadata.MdParameter', 1, 'www.runwaysdk.com', NULL, NULL, '0000000000000000000000000000001000000000000000000000000000000003', '2014-01-15 15:41:39', 'com.runwaysdk.system.scheduler.AbstractJobController.view.id');
INSERT INTO metadata_parameter ( site_master, last_updated_by, create_date, seq, locked_by, entity_domain, created_by, type, last_update_date, key_name, owner, id, parent_id, child_id) VALUES ('www.runwaysdk.com', '0000000000000000000000000000001000000000000000000000000000000003', '2014-01-15 15:41:39', 4236, NULL, NULL, '0000000000000000000000000000001000000000000000000000000000000003', 'com.runwaysdk.system.MetadataParameter', '2014-01-15 15:41:39', 'com.runwaysdk.system.scheduler.AbstractJobController.view.id', '0000000000000000000000000000001000000000000000000000000000000003', 'xzz7nmxyugxk40lzmnmwlqtkdg9mgzr520070427JS0000000000000000001524', 't2l9t9hz44pmfpqzwh49dixfummpovmdNM200810110000000000000000000113', 'szcvjhelg0v3n8obwk0gfsznyngvefg320070427JS0000000000000000001517');
INSERT INTO metadata_display_label ( default_locale, id, site_master, key_name) VALUES ('Create', '1s02afvux4czv3o6qup0t29tf5cnxddqNM200904120000000000000000000030', 'www.runwaysdk.com', '1s02afvux4czv3o6qup0t29tf5cnxddqNM200904120000000000000000000030');
INSERT INTO metadata_display_label ( default_locale, id, site_master, key_name) VALUES ('Applys a new instance of com.runwaysdk.system.scheduler.AbstractJob', '6psseucsam2hk2enjll8f7n5fep8d891NM200904120000000000000000000030', 'www.runwaysdk.com', '6psseucsam2hk2enjll8f7n5fep8d891NM200904120000000000000000000030');
INSERT INTO md_action ( is_query, enclosing_md_controller, is_post, action_name, display_label, id) VALUES (0, '92ws86viqll9ry3x8lnfafx475l5za4nNM200810110000000000000000000112', 1, 'create', '1s02afvux4czv3o6qup0t29tf5cnxddqNM200904120000000000000000000030', '004iso0j8uzuqffr6w96l8dy22cu9yj1NM200810110000000000000000000113');
INSERT INTO metadata ( description, created_by, owner, id, create_date, seq, type, remove, site_master, locked_by, entity_domain, last_updated_by, last_update_date, key_name) VALUES ('6psseucsam2hk2enjll8f7n5fep8d891NM200904120000000000000000000030', '0000000000000000000000000000001000000000000000000000000000000003', '0000000000000000000000000000001000000000000000000000000000000003', '004iso0j8uzuqffr6w96l8dy22cu9yj1NM200810110000000000000000000113', '2014-01-15 15:41:39', 4237, 'com.runwaysdk.system.metadata.MdAction', 1, 'www.runwaysdk.com', NULL, NULL, '0000000000000000000000000000001000000000000000000000000000000003', '2014-01-15 15:41:39', 'com.runwaysdk.system.scheduler.AbstractJobController.create');
INSERT INTO controller_action ( key_name, locked_by, id, owner, entity_domain, created_by, type, last_update_date, create_date, seq, last_updated_by, site_master, parent_id, child_id) VALUES ('com.runwaysdk.system.scheduler.AbstractJobController.create', NULL, 'rco7zdsfc2mmabzr6b2a5i02d1xxfdxmJS200807230000000000000000111111', '0000000000000000000000000000001000000000000000000000000000000003', NULL, '0000000000000000000000000000001000000000000000000000000000000003', 'com.runwaysdk.system.ControllerAction', '2014-01-15 15:41:39', '2014-01-15 15:41:39', 4238, '0000000000000000000000000000001000000000000000000000000000000003', 'www.runwaysdk.com', '92ws86viqll9ry3x8lnfafx475l5za4nNM200810110000000000000000000112', '004iso0j8uzuqffr6w96l8dy22cu9yj1NM200810110000000000000000000113');
INSERT INTO metadata_display_label ( default_locale, id, site_master, key_name) VALUES ('Parameter: com.runwaysdk.system.scheduler.AbstractJob', 'sa1v0y0iceluuv34nwpktb5zz1gddidbNM200904120000000000000000000030', 'www.runwaysdk.com', 'sa1v0y0iceluuv34nwpktb5zz1gddidbNM200904120000000000000000000030');
INSERT INTO metadata_display_label ( default_locale, id, site_master, key_name) VALUES ('com.runwaysdk.system.scheduler.AbstractJob to apply to the database', '0gg362acrjymltgvhxhhvn5y3t53wwcnNM200904120000000000000000000030', 'www.runwaysdk.com', '0gg362acrjymltgvhxhhvn5y3t53wwcnNM200904120000000000000000000030');
INSERT INTO md_parameter ( metadata, parameter_order, parameter_name, parameter_type, display_label, id) VALUES ('004iso0j8uzuqffr6w96l8dy22cu9yj1NM200810110000000000000000000113', 0, 'dto', 'com.runwaysdk.system.scheduler.AbstractJob', 'sa1v0y0iceluuv34nwpktb5zz1gddidbNM200904120000000000000000000030', '21yxfpxgmgq8jawkjbqb9dg48wdbqygv20070427JS0000000000000000001517');
INSERT INTO metadata ( description, created_by, owner, id, create_date, seq, type, remove, site_master, locked_by, entity_domain, last_updated_by, last_update_date, key_name) VALUES ('0gg362acrjymltgvhxhhvn5y3t53wwcnNM200904120000000000000000000030', '0000000000000000000000000000001000000000000000000000000000000003', '0000000000000000000000000000001000000000000000000000000000000003', '21yxfpxgmgq8jawkjbqb9dg48wdbqygv20070427JS0000000000000000001517', '2014-01-15 15:41:39', 4239, 'com.runwaysdk.system.metadata.MdParameter', 1, 'www.runwaysdk.com', NULL, NULL, '0000000000000000000000000000001000000000000000000000000000000003', '2014-01-15 15:41:39', 'com.runwaysdk.system.scheduler.AbstractJobController.create.dto');
INSERT INTO metadata_parameter ( site_master, last_updated_by, create_date, seq, locked_by, entity_domain, created_by, type, last_update_date, key_name, owner, id, parent_id, child_id) VALUES ('www.runwaysdk.com', '0000000000000000000000000000001000000000000000000000000000000003', '2014-01-15 15:41:39', 4240, NULL, NULL, '0000000000000000000000000000001000000000000000000000000000000003', 'com.runwaysdk.system.MetadataParameter', '2014-01-15 15:41:39', 'com.runwaysdk.system.scheduler.AbstractJobController.create.dto', '0000000000000000000000000000001000000000000000000000000000000003', 'r9h2qrcmhnh07b0wycl5012do8m7z07d20070427JS0000000000000000001524', '004iso0j8uzuqffr6w96l8dy22cu9yj1NM200810110000000000000000000113', '21yxfpxgmgq8jawkjbqb9dg48wdbqygv20070427JS0000000000000000001517');
INSERT INTO metadata_display_label ( default_locale, id, site_master, key_name) VALUES ('edit', 'z2o0fhv0zhg9t3hjl2zdkpg53579smvaNM200904120000000000000000000030', 'www.runwaysdk.com', 'z2o0fhv0zhg9t3hjl2zdkpg53579smvaNM200904120000000000000000000030');
INSERT INTO metadata_display_label ( default_locale, id, site_master, key_name) VALUES ('Applys an existing instance of com.runwaysdk.system.scheduler.AbstractJob', 'qr7v1u1egq5dk0b5sdbbb37ry8p1ilxdNM200904120000000000000000000030', 'www.runwaysdk.com', 'qr7v1u1egq5dk0b5sdbbb37ry8p1ilxdNM200904120000000000000000000030');
INSERT INTO md_action ( is_query, enclosing_md_controller, is_post, action_name, display_label, id) VALUES (0, '92ws86viqll9ry3x8lnfafx475l5za4nNM200810110000000000000000000112', 0, 'edit', 'z2o0fhv0zhg9t3hjl2zdkpg53579smvaNM200904120000000000000000000030', 'xgp285kh10mnxbk0pdnb7h2opmnm1edvNM200810110000000000000000000113');
INSERT INTO metadata ( description, created_by, owner, id, create_date, seq, type, remove, site_master, locked_by, entity_domain, last_updated_by, last_update_date, key_name) VALUES ('qr7v1u1egq5dk0b5sdbbb37ry8p1ilxdNM200904120000000000000000000030', '0000000000000000000000000000001000000000000000000000000000000003', '0000000000000000000000000000001000000000000000000000000000000003', 'xgp285kh10mnxbk0pdnb7h2opmnm1edvNM200810110000000000000000000113', '2014-01-15 15:41:39', 4241, 'com.runwaysdk.system.metadata.MdAction', 1, 'www.runwaysdk.com', NULL, NULL, '0000000000000000000000000000001000000000000000000000000000000003', '2014-01-15 15:41:39', 'com.runwaysdk.system.scheduler.AbstractJobController.edit');
INSERT INTO controller_action ( key_name, locked_by, id, owner, entity_domain, created_by, type, last_update_date, create_date, seq, last_updated_by, site_master, parent_id, child_id) VALUES ('com.runwaysdk.system.scheduler.AbstractJobController.edit', NULL, 'sc8wbzcdrb2a2pkraxckehycixfffklrJS200807230000000000000000111111', '0000000000000000000000000000001000000000000000000000000000000003', NULL, '0000000000000000000000000000001000000000000000000000000000000003', 'com.runwaysdk.system.ControllerAction', '2014-01-15 15:41:39', '2014-01-15 15:41:39', 4242, '0000000000000000000000000000001000000000000000000000000000000003', 'www.runwaysdk.com', '92ws86viqll9ry3x8lnfafx475l5za4nNM200810110000000000000000000112', 'xgp285kh10mnxbk0pdnb7h2opmnm1edvNM200810110000000000000000000113');
INSERT INTO metadata_display_label ( default_locale, id, site_master, key_name) VALUES ('Parameter: com.runwaysdk.system.scheduler.AbstractJob', '91nxw7yltd2ex58wlyf18sy8dcyi2qeuNM200904120000000000000000000030', 'www.runwaysdk.com', '91nxw7yltd2ex58wlyf18sy8dcyi2qeuNM200904120000000000000000000030');
INSERT INTO metadata_display_label ( default_locale, id, site_master, key_name) VALUES ('com.runwaysdk.system.scheduler.AbstractJob to apply to the database', 'ss7oodx2qer96z7mrm9xoe0m7m18d214NM200904120000000000000000000030', 'www.runwaysdk.com', 'ss7oodx2qer96z7mrm9xoe0m7m18d214NM200904120000000000000000000030');
INSERT INTO md_parameter ( metadata, parameter_order, parameter_name, parameter_type, display_label, id) VALUES ('xgp285kh10mnxbk0pdnb7h2opmnm1edvNM200810110000000000000000000113', 0, 'id', 'java.lang.String', '91nxw7yltd2ex58wlyf18sy8dcyi2qeuNM200904120000000000000000000030', '72qhgd6akdsnrrqvcqbpz0wxxnzpnyeq20070427JS0000000000000000001517');
INSERT INTO metadata ( description, created_by, owner, id, create_date, seq, type, remove, site_master, locked_by, entity_domain, last_updated_by, last_update_date, key_name) VALUES ('ss7oodx2qer96z7mrm9xoe0m7m18d214NM200904120000000000000000000030', '0000000000000000000000000000001000000000000000000000000000000003', '0000000000000000000000000000001000000000000000000000000000000003', '72qhgd6akdsnrrqvcqbpz0wxxnzpnyeq20070427JS0000000000000000001517', '2014-01-15 15:41:39', 4243, 'com.runwaysdk.system.metadata.MdParameter', 1, 'www.runwaysdk.com', NULL, NULL, '0000000000000000000000000000001000000000000000000000000000000003', '2014-01-15 15:41:39', 'com.runwaysdk.system.scheduler.AbstractJobController.edit.id');
INSERT INTO metadata_parameter ( site_master, last_updated_by, create_date, seq, locked_by, entity_domain, created_by, type, last_update_date, key_name, owner, id, parent_id, child_id) VALUES ('www.runwaysdk.com', '0000000000000000000000000000001000000000000000000000000000000003', '2014-01-15 15:41:39', 4244, NULL, NULL, '0000000000000000000000000000001000000000000000000000000000000003', 'com.runwaysdk.system.MetadataParameter', '2014-01-15 15:41:39', 'com.runwaysdk.system.scheduler.AbstractJobController.edit.id', '0000000000000000000000000000001000000000000000000000000000000003', 'qydujqgifasscu23xzj44mehnqq1z9w120070427JS0000000000000000001524', 'xgp285kh10mnxbk0pdnb7h2opmnm1edvNM200810110000000000000000000113', '72qhgd6akdsnrrqvcqbpz0wxxnzpnyeq20070427JS0000000000000000001517');
INSERT INTO metadata_display_label ( default_locale, id, site_master, key_name) VALUES ('update', 'sv8isvmjl0m4x4p40mmu8d3vh2bj2sqnNM200904120000000000000000000030', 'www.runwaysdk.com', 'sv8isvmjl0m4x4p40mmu8d3vh2bj2sqnNM200904120000000000000000000030');
INSERT INTO metadata_display_label ( default_locale, id, site_master, key_name) VALUES ('Applys an existing instance of com.runwaysdk.system.scheduler.AbstractJob', '6yzqt437aejht5d7nx2sz6l9bvi3at5aNM200904120000000000000000000030', 'www.runwaysdk.com', '6yzqt437aejht5d7nx2sz6l9bvi3at5aNM200904120000000000000000000030');
INSERT INTO md_action ( is_query, enclosing_md_controller, is_post, action_name, display_label, id) VALUES (0, '92ws86viqll9ry3x8lnfafx475l5za4nNM200810110000000000000000000112', 1, 'update', 'sv8isvmjl0m4x4p40mmu8d3vh2bj2sqnNM200904120000000000000000000030', 'r7tu29g7dyoz9a9e6jpciqobs5g9twbjNM200810110000000000000000000113');
INSERT INTO metadata ( description, created_by, owner, id, create_date, seq, type, remove, site_master, locked_by, entity_domain, last_updated_by, last_update_date, key_name) VALUES ('6yzqt437aejht5d7nx2sz6l9bvi3at5aNM200904120000000000000000000030', '0000000000000000000000000000001000000000000000000000000000000003', '0000000000000000000000000000001000000000000000000000000000000003', 'r7tu29g7dyoz9a9e6jpciqobs5g9twbjNM200810110000000000000000000113', '2014-01-15 15:41:39', 4245, 'com.runwaysdk.system.metadata.MdAction', 1, 'www.runwaysdk.com', NULL, NULL, '0000000000000000000000000000001000000000000000000000000000000003', '2014-01-15 15:41:39', 'com.runwaysdk.system.scheduler.AbstractJobController.update');
INSERT INTO controller_action ( key_name, locked_by, id, owner, entity_domain, created_by, type, last_update_date, create_date, seq, last_updated_by, site_master, parent_id, child_id) VALUES ('com.runwaysdk.system.scheduler.AbstractJobController.update', NULL, 'qzrl4ad6yshzfjs5x8sut6uq0meafpnaJS200807230000000000000000111111', '0000000000000000000000000000001000000000000000000000000000000003', NULL, '0000000000000000000000000000001000000000000000000000000000000003', 'com.runwaysdk.system.ControllerAction', '2014-01-15 15:41:39', '2014-01-15 15:41:39', 4246, '0000000000000000000000000000001000000000000000000000000000000003', 'www.runwaysdk.com', '92ws86viqll9ry3x8lnfafx475l5za4nNM200810110000000000000000000112', 'r7tu29g7dyoz9a9e6jpciqobs5g9twbjNM200810110000000000000000000113');
INSERT INTO metadata_display_label ( default_locale, id, site_master, key_name) VALUES ('Parameter: com.runwaysdk.system.scheduler.AbstractJob - dto', 'rb01bz1huq8yzgs4fwf2fuy94ea9zd1fNM200904120000000000000000000030', 'www.runwaysdk.com', 'rb01bz1huq8yzgs4fwf2fuy94ea9zd1fNM200904120000000000000000000030');
INSERT INTO metadata_display_label ( default_locale, id, site_master, key_name) VALUES ('com.runwaysdk.system.scheduler.AbstractJob to apply to the database', 'qwdspoed7cah5dzkiw5f3h7w8e6tgay7NM200904120000000000000000000030', 'www.runwaysdk.com', 'qwdspoed7cah5dzkiw5f3h7w8e6tgay7NM200904120000000000000000000030');
INSERT INTO md_parameter ( metadata, parameter_order, parameter_name, parameter_type, display_label, id) VALUES ('r7tu29g7dyoz9a9e6jpciqobs5g9twbjNM200810110000000000000000000113', 0, 'dto', 'com.runwaysdk.system.scheduler.AbstractJob', 'rb01bz1huq8yzgs4fwf2fuy94ea9zd1fNM200904120000000000000000000030', '6rw3qi3aqbv4rou9ybn3icttcja0yqn920070427JS0000000000000000001517');
INSERT INTO metadata ( description, created_by, owner, id, create_date, seq, type, remove, site_master, locked_by, entity_domain, last_updated_by, last_update_date, key_name) VALUES ('qwdspoed7cah5dzkiw5f3h7w8e6tgay7NM200904120000000000000000000030', '0000000000000000000000000000001000000000000000000000000000000003', '0000000000000000000000000000001000000000000000000000000000000003', '6rw3qi3aqbv4rou9ybn3icttcja0yqn920070427JS0000000000000000001517', '2014-01-15 15:41:39', 4247, 'com.runwaysdk.system.metadata.MdParameter', 1, 'www.runwaysdk.com', NULL, NULL, '0000000000000000000000000000001000000000000000000000000000000003', '2014-01-15 15:41:39', 'com.runwaysdk.system.scheduler.AbstractJobController.update.dto');
INSERT INTO metadata_parameter ( site_master, last_updated_by, create_date, seq, locked_by, entity_domain, created_by, type, last_update_date, key_name, owner, id, parent_id, child_id) VALUES ('www.runwaysdk.com', '0000000000000000000000000000001000000000000000000000000000000003', '2014-01-15 15:41:39', 4248, NULL, NULL, '0000000000000000000000000000001000000000000000000000000000000003', 'com.runwaysdk.system.MetadataParameter', '2014-01-15 15:41:39', 'com.runwaysdk.system.scheduler.AbstractJobController.update.dto', '0000000000000000000000000000001000000000000000000000000000000003', 'qlfyk75wnsrutrt9eqqabh0sf3viombi20070427JS0000000000000000001524', 'r7tu29g7dyoz9a9e6jpciqobs5g9twbjNM200810110000000000000000000113', '6rw3qi3aqbv4rou9ybn3icttcja0yqn920070427JS0000000000000000001517');
INSERT INTO metadata_display_label ( default_locale, id, site_master, key_name) VALUES ('cancel', '8t672cnkqpuo0ag490pr23m49k6qsqhwNM200904120000000000000000000030', 'www.runwaysdk.com', '8t672cnkqpuo0ag490pr23m49k6qsqhwNM200904120000000000000000000030');
INSERT INTO metadata_display_label ( default_locale, id, site_master, key_name) VALUES ('Unlocks an instance com.runwaysdk.system.scheduler.AbstractJob', 'zj6liciabspz9hhpchpjb1qi0re1diauNM200904120000000000000000000030', 'www.runwaysdk.com', 'zj6liciabspz9hhpchpjb1qi0re1diauNM200904120000000000000000000030');
INSERT INTO md_action ( is_query, enclosing_md_controller, is_post, action_name, display_label, id) VALUES (0, '92ws86viqll9ry3x8lnfafx475l5za4nNM200810110000000000000000000112', 1, 'cancel', '8t672cnkqpuo0ag490pr23m49k6qsqhwNM200904120000000000000000000030', '90r4c72tw1dmwvu51ie4z7ql9vninl0yNM200810110000000000000000000113');
INSERT INTO metadata ( description, created_by, owner, id, create_date, seq, type, remove, site_master, locked_by, entity_domain, last_updated_by, last_update_date, key_name) VALUES ('zj6liciabspz9hhpchpjb1qi0re1diauNM200904120000000000000000000030', '0000000000000000000000000000001000000000000000000000000000000003', '0000000000000000000000000000001000000000000000000000000000000003', '90r4c72tw1dmwvu51ie4z7ql9vninl0yNM200810110000000000000000000113', '2014-01-15 15:41:39', 4249, 'com.runwaysdk.system.metadata.MdAction', 1, 'www.runwaysdk.com', NULL, NULL, '0000000000000000000000000000001000000000000000000000000000000003', '2014-01-15 15:41:39', 'com.runwaysdk.system.scheduler.AbstractJobController.cancel');
INSERT INTO controller_action ( key_name, locked_by, id, owner, entity_domain, created_by, type, last_update_date, create_date, seq, last_updated_by, site_master, parent_id, child_id) VALUES ('com.runwaysdk.system.scheduler.AbstractJobController.cancel', NULL, '76v2lhh9q1pjq6e31kcbtfbmyesk8f8aJS200807230000000000000000111111', '0000000000000000000000000000001000000000000000000000000000000003', NULL, '0000000000000000000000000000001000000000000000000000000000000003', 'com.runwaysdk.system.ControllerAction', '2014-01-15 15:41:39', '2014-01-15 15:41:39', 4250, '0000000000000000000000000000001000000000000000000000000000000003', 'www.runwaysdk.com', '92ws86viqll9ry3x8lnfafx475l5za4nNM200810110000000000000000000112', '90r4c72tw1dmwvu51ie4z7ql9vninl0yNM200810110000000000000000000113');
INSERT INTO metadata_display_label ( default_locale, id, site_master, key_name) VALUES ('Parameter: com.runwaysdk.system.scheduler.AbstractJob - dto', 'raeo3osm0stjs0wckxkd80bu9i05bt12NM200904120000000000000000000030', 'www.runwaysdk.com', 'raeo3osm0stjs0wckxkd80bu9i05bt12NM200904120000000000000000000030');
INSERT INTO metadata_display_label ( default_locale, id, site_master, key_name) VALUES ('com.runwaysdk.system.scheduler.AbstractJob to unlock', 'xdg8npx0px72r373cxl2j7a22ol07o0hNM200904120000000000000000000030', 'www.runwaysdk.com', 'xdg8npx0px72r373cxl2j7a22ol07o0hNM200904120000000000000000000030');
INSERT INTO md_parameter ( metadata, parameter_order, parameter_name, parameter_type, display_label, id) VALUES ('90r4c72tw1dmwvu51ie4z7ql9vninl0yNM200810110000000000000000000113', 0, 'dto', 'com.runwaysdk.system.scheduler.AbstractJob', 'raeo3osm0stjs0wckxkd80bu9i05bt12NM200904120000000000000000000030', 'qnn8zhn6whrm775g1zab815lstu1hudl20070427JS0000000000000000001517');
INSERT INTO metadata ( description, created_by, owner, id, create_date, seq, type, remove, site_master, locked_by, entity_domain, last_updated_by, last_update_date, key_name) VALUES ('xdg8npx0px72r373cxl2j7a22ol07o0hNM200904120000000000000000000030', '0000000000000000000000000000001000000000000000000000000000000003', '0000000000000000000000000000001000000000000000000000000000000003', 'qnn8zhn6whrm775g1zab815lstu1hudl20070427JS0000000000000000001517', '2014-01-15 15:41:39', 4251, 'com.runwaysdk.system.metadata.MdParameter', 1, 'www.runwaysdk.com', NULL, NULL, '0000000000000000000000000000001000000000000000000000000000000003', '2014-01-15 15:41:39', 'com.runwaysdk.system.scheduler.AbstractJobController.cancel.dto');
INSERT INTO metadata_parameter ( site_master, last_updated_by, create_date, seq, locked_by, entity_domain, created_by, type, last_update_date, key_name, owner, id, parent_id, child_id) VALUES ('www.runwaysdk.com', '0000000000000000000000000000001000000000000000000000000000000003', '2014-01-15 15:41:39', 4252, NULL, NULL, '0000000000000000000000000000001000000000000000000000000000000003', 'com.runwaysdk.system.MetadataParameter', '2014-01-15 15:41:39', 'com.runwaysdk.system.scheduler.AbstractJobController.cancel.dto', '0000000000000000000000000000001000000000000000000000000000000003', '927s9mmglog74pvv4b9ddacndttpa6u520070427JS0000000000000000001524', '90r4c72tw1dmwvu51ie4z7ql9vninl0yNM200810110000000000000000000113', 'qnn8zhn6whrm775g1zab815lstu1hudl20070427JS0000000000000000001517');
INSERT INTO metadata_display_label ( default_locale, id, site_master, key_name) VALUES ('delete', '7gbok49w3xji5pol1rovccywyzvilyr2NM200904120000000000000000000030', 'www.runwaysdk.com', '7gbok49w3xji5pol1rovccywyzvilyr2NM200904120000000000000000000030');
INSERT INTO metadata_display_label ( default_locale, id, site_master, key_name) VALUES ('Delete an instance of com.runwaysdk.system.scheduler.AbstractJob', '8yy2egd02yxnklfyq6auzck2oxwdph8wNM200904120000000000000000000030', 'www.runwaysdk.com', '8yy2egd02yxnklfyq6auzck2oxwdph8wNM200904120000000000000000000030');
INSERT INTO md_action ( is_query, enclosing_md_controller, is_post, action_name, display_label, id) VALUES (0, '92ws86viqll9ry3x8lnfafx475l5za4nNM200810110000000000000000000112', 1, 'delete', '7gbok49w3xji5pol1rovccywyzvilyr2NM200904120000000000000000000030', '8ey7chbp3kt3em9ulmov8b6ill3t4e11NM200810110000000000000000000113');
INSERT INTO metadata ( description, created_by, owner, id, create_date, seq, type, remove, site_master, locked_by, entity_domain, last_updated_by, last_update_date, key_name) VALUES ('8yy2egd02yxnklfyq6auzck2oxwdph8wNM200904120000000000000000000030', '0000000000000000000000000000001000000000000000000000000000000003', '0000000000000000000000000000001000000000000000000000000000000003', '8ey7chbp3kt3em9ulmov8b6ill3t4e11NM200810110000000000000000000113', '2014-01-15 15:41:39', 4253, 'com.runwaysdk.system.metadata.MdAction', 1, 'www.runwaysdk.com', NULL, NULL, '0000000000000000000000000000001000000000000000000000000000000003', '2014-01-15 15:41:39', 'com.runwaysdk.system.scheduler.AbstractJobController.delete');
INSERT INTO controller_action ( key_name, locked_by, id, owner, entity_domain, created_by, type, last_update_date, create_date, seq, last_updated_by, site_master, parent_id, child_id) VALUES ('com.runwaysdk.system.scheduler.AbstractJobController.delete', NULL, '90qftd17qj7c11qkbeb6y8xdydchgcfrJS200807230000000000000000111111', '0000000000000000000000000000001000000000000000000000000000000003', NULL, '0000000000000000000000000000001000000000000000000000000000000003', 'com.runwaysdk.system.ControllerAction', '2014-01-15 15:41:39', '2014-01-15 15:41:39', 4254, '0000000000000000000000000000001000000000000000000000000000000003', 'www.runwaysdk.com', '92ws86viqll9ry3x8lnfafx475l5za4nNM200810110000000000000000000112', '8ey7chbp3kt3em9ulmov8b6ill3t4e11NM200810110000000000000000000113');
INSERT INTO metadata_display_label ( default_locale, id, site_master, key_name) VALUES ('Parameter: com.runwaysdk.system.scheduler.AbstractJob - dto', 'r1amq8beag2gjzccv68cd0r7qs8ihwuvNM200904120000000000000000000030', 'www.runwaysdk.com', 'r1amq8beag2gjzccv68cd0r7qs8ihwuvNM200904120000000000000000000030');
INSERT INTO metadata_display_label ( default_locale, id, site_master, key_name) VALUES ('com.runwaysdk.system.scheduler.AbstractJob to delete', 'zb745lom84u1fx4n3lur7beyvh3fwbewNM200904120000000000000000000030', 'www.runwaysdk.com', 'zb745lom84u1fx4n3lur7beyvh3fwbewNM200904120000000000000000000030');
INSERT INTO md_parameter ( metadata, parameter_order, parameter_name, parameter_type, display_label, id) VALUES ('8ey7chbp3kt3em9ulmov8b6ill3t4e11NM200810110000000000000000000113', 0, 'dto', 'com.runwaysdk.system.scheduler.AbstractJob', 'r1amq8beag2gjzccv68cd0r7qs8ihwuvNM200904120000000000000000000030', '6oggfdrvs2rsntgdr2lbaaiuizq6bhjx20070427JS0000000000000000001517');
INSERT INTO metadata ( description, created_by, owner, id, create_date, seq, type, remove, site_master, locked_by, entity_domain, last_updated_by, last_update_date, key_name) VALUES ('zb745lom84u1fx4n3lur7beyvh3fwbewNM200904120000000000000000000030', '0000000000000000000000000000001000000000000000000000000000000003', '0000000000000000000000000000001000000000000000000000000000000003', '6oggfdrvs2rsntgdr2lbaaiuizq6bhjx20070427JS0000000000000000001517', '2014-01-15 15:41:39', 4255, 'com.runwaysdk.system.metadata.MdParameter', 1, 'www.runwaysdk.com', NULL, NULL, '0000000000000000000000000000001000000000000000000000000000000003', '2014-01-15 15:41:39', 'com.runwaysdk.system.scheduler.AbstractJobController.delete.dto');
INSERT INTO metadata_parameter ( site_master, last_updated_by, create_date, seq, locked_by, entity_domain, created_by, type, last_update_date, key_name, owner, id, parent_id, child_id) VALUES ('www.runwaysdk.com', '0000000000000000000000000000001000000000000000000000000000000003', '2014-01-15 15:41:39', 4256, NULL, NULL, '0000000000000000000000000000001000000000000000000000000000000003', 'com.runwaysdk.system.MetadataParameter', '2014-01-15 15:41:39', 'com.runwaysdk.system.scheduler.AbstractJobController.delete.dto', '0000000000000000000000000000001000000000000000000000000000000003', 'sl1q106fcvbqxsdgbzd5usl4fh1cf0xr20070427JS0000000000000000001524', '8ey7chbp3kt3em9ulmov8b6ill3t4e11NM200810110000000000000000000113', '6oggfdrvs2rsntgdr2lbaaiuizq6bhjx20070427JS0000000000000000001517');
 INSERT INTO visibilitymodifier (set_id, item_id)  VALUES  ('z6x0q3r3ab98vpm9hiy6ltp0nyxw0txv', '20071109NM000000000000000000000520071109NM0000000000000000000001');
INSERT INTO metadata_display_label ( default_locale, id, site_master, key_name) VALUES ('Job Id', '8rx3l4mx8rlt8tl0ucdkfrwtbux4txvkNM200904120000000000000000000030', 'www.runwaysdk.com', '8rx3l4mx8rlt8tl0ucdkfrwtbux4txvkNM200904120000000000000000000030');
 INSERT INTO visibilitymodifier (set_id, item_id)  VALUES  ('s9jslmy3zseoqfl46lzh7k1r22s8a6zo', '20071109NM000000000000000000000520071109NM0000000000000000000001');
 INSERT INTO md_attribute_indicies (set_id, item_id)  VALUES  ('0hxj74rdfdsqwlqb2em5xt9anrp43uf9', '0000000000000000000000000000040900000000000000000000000000000403');
INSERT INTO metadata_display_label ( default_locale, id, site_master, key_name) VALUES ('Job Id', 'zlrdwurps03h3zjt5sh90tmwqd15iks9NM200904120000000000000000000030', 'www.runwaysdk.com', 'zlrdwurps03h3zjt5sh90tmwqd15iks9NM200904120000000000000000000030');
INSERT INTO md_attribute_character ( default_value, database_size, id) VALUES (NULL, 64, '0izf3sn5nqv4ek74uc9ok62x64m2p57r00000000000000000000000000000138');
INSERT INTO md_attribute_char ( id) VALUES ('0izf3sn5nqv4ek74uc9ok62x64m2p57r00000000000000000000000000000138');
INSERT INTO md_attribute_primitive ( id) VALUES ('0izf3sn5nqv4ek74uc9ok62x64m2p57r00000000000000000000000000000138');
INSERT INTO md_attribute_concrete ( column_name, defining_md_class, setter_visibility, setter_visibility_c, immutable, index_name, generate_accessor, system, required, display_label, getter_visibility, getter_visibility_c, index_type, index_type_c, attribute_name, id) VALUES ('job_id', 'x9npcsuyj3f5osrsrii4jv48kw8sckub00000000000000000000000000000001', 'z6x0q3r3ab98vpm9hiy6ltp0nyxw0txv', '20071109NM000000000000000000000520071109NM0000000000000000000001', 0, 'a04v0b2h9culgykrjv9n8vlualfof5', 1, 0, 1, '8rx3l4mx8rlt8tl0ucdkfrwtbux4txvkNM200904120000000000000000000030', 's9jslmy3zseoqfl46lzh7k1r22s8a6zo', '20071109NM000000000000000000000520071109NM0000000000000000000001', '0hxj74rdfdsqwlqb2em5xt9anrp43uf9', '0000000000000000000000000000040900000000000000000000000000000403', 'jobId', '0izf3sn5nqv4ek74uc9ok62x64m2p57r00000000000000000000000000000138');
INSERT INTO md_attribute ( id) VALUES ('0izf3sn5nqv4ek74uc9ok62x64m2p57r00000000000000000000000000000138');
INSERT INTO metadata ( description, created_by, owner, id, create_date, seq, type, remove, site_master, locked_by, entity_domain, last_updated_by, last_update_date, key_name) VALUES ('zlrdwurps03h3zjt5sh90tmwqd15iks9NM200904120000000000000000000030', '0000000000000000000000000000001000000000000000000000000000000003', '0000000000000000000000000000001000000000000000000000000000000003', '0izf3sn5nqv4ek74uc9ok62x64m2p57r00000000000000000000000000000138', '2014-01-15 15:41:39', 4257, 'com.runwaysdk.system.metadata.MdAttributeCharacter', 1, 'www.runwaysdk.com', NULL, NULL, '0000000000000000000000000000001000000000000000000000000000000003', '2014-01-15 15:41:39', 'com.runwaysdk.system.scheduler.AbstractJob.jobId');
ALTER TABLE abstract_job ADD COLUMN job_id  varchar(64);
INSERT INTO class_attribute_concrete ( id, parent_id, child_id) VALUES ('yysod1godkzecxqzqc7ydcd8hainwtxj00000000000000000000000000000073', 'x9npcsuyj3f5osrsrii4jv48kw8sckub00000000000000000000000000000001', '0izf3sn5nqv4ek74uc9ok62x64m2p57r00000000000000000000000000000138');
INSERT INTO class_attribute ( id, parent_id, child_id) VALUES ('yysod1godkzecxqzqc7ydcd8hainwtxj00000000000000000000000000000073', 'x9npcsuyj3f5osrsrii4jv48kw8sckub00000000000000000000000000000001', '0izf3sn5nqv4ek74uc9ok62x64m2p57r00000000000000000000000000000138');
INSERT INTO metadata_relationship ( entity_domain, site_master, last_updated_by, id, owner, locked_by, create_date, type, created_by, seq, key_name, last_update_date, parent_id, child_id) VALUES (NULL, 'www.runwaysdk.com', '0000000000000000000000000000001000000000000000000000000000000003', 'yysod1godkzecxqzqc7ydcd8hainwtxj00000000000000000000000000000073', '0000000000000000000000000000001000000000000000000000000000000003', NULL, '2014-01-15 15:41:39', 'com.runwaysdk.system.metadata.ClassAttributeConcrete', '0000000000000000000000000000001000000000000000000000000000000003', 4258, 'com.runwaysdk.system.scheduler.AbstractJob.jobId', '2014-01-15 15:41:39', 'x9npcsuyj3f5osrsrii4jv48kw8sckub00000000000000000000000000000001', '0izf3sn5nqv4ek74uc9ok62x64m2p57r00000000000000000000000000000138');
CREATE UNIQUE INDEX a04v0b2h9culgykrjv9n8vlualfof5 ON abstract_job (job_id);
 INSERT INTO visibilitymodifier (set_id, item_id)  VALUES  ('8kk4i75nnlxoo03on37zqenwue7oiu05', '20071109NM000000000000000000000520071109NM0000000000000000000001');
INSERT INTO metadata_display_label ( default_locale, id, site_master, key_name) VALUES ('Last Run', 'xdgb3pfpv0119h6od601y47r8ce3hyjeNM200904120000000000000000000030', 'www.runwaysdk.com', 'xdgb3pfpv0119h6od601y47r8ce3hyjeNM200904120000000000000000000030');
 INSERT INTO visibilitymodifier (set_id, item_id)  VALUES  ('8lgop8bki8rgv9ckqod97ebbyphlwk9f', '20071109NM000000000000000000000520071109NM0000000000000000000001');
 INSERT INTO md_attribute_indicies (set_id, item_id)  VALUES  ('zis5gnbhwq43mr9ivfxzhtvgh323kgc8', '0000000000000000000000000000040100000000000000000000000000000403');
INSERT INTO metadata_display_label ( default_locale, id, site_master, key_name) VALUES ('Last Run', '8mkc8m49xhm909jfbbfi2i9iwafgmr7uNM200904120000000000000000000030', 'www.runwaysdk.com', '8mkc8m49xhm909jfbbfi2i9iwafgmr7uNM200904120000000000000000000030');
INSERT INTO md_attribute_datetime ( default_value, id) VALUES (NULL, 'xavpqqp8pq5qxfxfkisnkb17sl1eeko700000000000000000000000000000341');
INSERT INTO md_attribute_moment ( id) VALUES ('xavpqqp8pq5qxfxfkisnkb17sl1eeko700000000000000000000000000000341');
INSERT INTO md_attribute_primitive ( id) VALUES ('xavpqqp8pq5qxfxfkisnkb17sl1eeko700000000000000000000000000000341');
INSERT INTO md_attribute_concrete ( column_name, defining_md_class, setter_visibility, setter_visibility_c, immutable, index_name, generate_accessor, system, required, display_label, getter_visibility, getter_visibility_c, index_type, index_type_c, attribute_name, id) VALUES ('last_run', 'x9npcsuyj3f5osrsrii4jv48kw8sckub00000000000000000000000000000001', '8kk4i75nnlxoo03on37zqenwue7oiu05', '20071109NM000000000000000000000520071109NM0000000000000000000001', 0, 'ajwmdfmusedoo58tymci3bv1n1khfh', 1, 0, 0, 'xdgb3pfpv0119h6od601y47r8ce3hyjeNM200904120000000000000000000030', '8lgop8bki8rgv9ckqod97ebbyphlwk9f', '20071109NM000000000000000000000520071109NM0000000000000000000001', 'zis5gnbhwq43mr9ivfxzhtvgh323kgc8', '0000000000000000000000000000040100000000000000000000000000000403', 'lastRun', 'xavpqqp8pq5qxfxfkisnkb17sl1eeko700000000000000000000000000000341');
INSERT INTO md_attribute ( id) VALUES ('xavpqqp8pq5qxfxfkisnkb17sl1eeko700000000000000000000000000000341');
INSERT INTO metadata ( description, created_by, owner, id, create_date, seq, type, remove, site_master, locked_by, entity_domain, last_updated_by, last_update_date, key_name) VALUES ('8mkc8m49xhm909jfbbfi2i9iwafgmr7uNM200904120000000000000000000030', '0000000000000000000000000000001000000000000000000000000000000003', '0000000000000000000000000000001000000000000000000000000000000003', 'xavpqqp8pq5qxfxfkisnkb17sl1eeko700000000000000000000000000000341', '2014-01-15 15:41:39', 4259, 'com.runwaysdk.system.metadata.MdAttributeDateTime', 1, 'www.runwaysdk.com', NULL, NULL, '0000000000000000000000000000001000000000000000000000000000000003', '2014-01-15 15:41:39', 'com.runwaysdk.system.scheduler.AbstractJob.lastRun');
ALTER TABLE abstract_job ADD COLUMN last_run  timestamp;
INSERT INTO class_attribute_concrete ( id, parent_id, child_id) VALUES ('0qbm0xm44bg5qhqnou6q1j73ydmi8dyt00000000000000000000000000000073', 'x9npcsuyj3f5osrsrii4jv48kw8sckub00000000000000000000000000000001', 'xavpqqp8pq5qxfxfkisnkb17sl1eeko700000000000000000000000000000341');
INSERT INTO class_attribute ( id, parent_id, child_id) VALUES ('0qbm0xm44bg5qhqnou6q1j73ydmi8dyt00000000000000000000000000000073', 'x9npcsuyj3f5osrsrii4jv48kw8sckub00000000000000000000000000000001', 'xavpqqp8pq5qxfxfkisnkb17sl1eeko700000000000000000000000000000341');
INSERT INTO metadata_relationship ( entity_domain, site_master, last_updated_by, id, owner, locked_by, create_date, type, created_by, seq, key_name, last_update_date, parent_id, child_id) VALUES (NULL, 'www.runwaysdk.com', '0000000000000000000000000000001000000000000000000000000000000003', '0qbm0xm44bg5qhqnou6q1j73ydmi8dyt00000000000000000000000000000073', '0000000000000000000000000000001000000000000000000000000000000003', NULL, '2014-01-15 15:41:39', 'com.runwaysdk.system.metadata.ClassAttributeConcrete', '0000000000000000000000000000001000000000000000000000000000000003', 4260, 'com.runwaysdk.system.scheduler.AbstractJob.lastRun', '2014-01-15 15:41:39', 'x9npcsuyj3f5osrsrii4jv48kw8sckub00000000000000000000000000000001', 'xavpqqp8pq5qxfxfkisnkb17sl1eeko700000000000000000000000000000341');
INSERT INTO metadata_display_label ( default_locale, id, site_master, key_name) VALUES ('false', '6orqcsw16n5cgmduwq3bagbizdq9ehc8NM200904120000000000000000000030', 'www.runwaysdk.com', '6orqcsw16n5cgmduwq3bagbizdq9ehc8NM200904120000000000000000000030');
INSERT INTO metadata_display_label ( default_locale, id, site_master, key_name) VALUES ('true', '8joczzqv47oicl2a7f9iiw3fla2m1qugNM200904120000000000000000000030', 'www.runwaysdk.com', '8joczzqv47oicl2a7f9iiw3fla2m1qugNM200904120000000000000000000030');
 INSERT INTO visibilitymodifier (set_id, item_id)  VALUES  ('y1lcl7wblbonyi9hk0w04q3t8vtqt6qe', '20071109NM000000000000000000000520071109NM0000000000000000000001');
INSERT INTO metadata_display_label ( default_locale, id, site_master, key_name) VALUES ('Repeated', 'xni374vohfxuf4ie7pz8rx295eao7fjeNM200904120000000000000000000030', 'www.runwaysdk.com', 'xni374vohfxuf4ie7pz8rx295eao7fjeNM200904120000000000000000000030');
 INSERT INTO visibilitymodifier (set_id, item_id)  VALUES  ('xen1hkb6jp1t2vs57vjilg7pkiishiwv', '20071109NM000000000000000000000520071109NM0000000000000000000001');
 INSERT INTO md_attribute_indicies (set_id, item_id)  VALUES  ('sv0rbaarpasp3c13rmuviv288tin0t20', '0000000000000000000000000000040100000000000000000000000000000403');
INSERT INTO metadata_display_label ( default_locale, id, site_master, key_name) VALUES ('Repeated', '8hhs8l76xqs2vhg46akfdv8aokqkslk4NM200904120000000000000000000030', 'www.runwaysdk.com', '8hhs8l76xqs2vhg46akfdv8aokqkslk4NM200904120000000000000000000030');
INSERT INTO md_attribute_boolean ( negative_display_label, default_value, positive_display_label, id) VALUES ('6orqcsw16n5cgmduwq3bagbizdq9ehc8NM200904120000000000000000000030', 0, '8joczzqv47oicl2a7f9iiw3fla2m1qugNM200904120000000000000000000030', 'rdbjh7xl8densi7t3geh0ln2tjy8vpy000000000000000000000000000000194');
INSERT INTO md_attribute_primitive ( id) VALUES ('rdbjh7xl8densi7t3geh0ln2tjy8vpy000000000000000000000000000000194');
INSERT INTO md_attribute_concrete ( column_name, defining_md_class, setter_visibility, setter_visibility_c, immutable, index_name, generate_accessor, system, required, display_label, getter_visibility, getter_visibility_c, index_type, index_type_c, attribute_name, id) VALUES ('repeated', 'x9npcsuyj3f5osrsrii4jv48kw8sckub00000000000000000000000000000001', 'y1lcl7wblbonyi9hk0w04q3t8vtqt6qe', '20071109NM000000000000000000000520071109NM0000000000000000000001', 0, 'atcvbrdcdbu4yn03dw280qrwz1gzws', 1, 0, 1, 'xni374vohfxuf4ie7pz8rx295eao7fjeNM200904120000000000000000000030', 'xen1hkb6jp1t2vs57vjilg7pkiishiwv', '20071109NM000000000000000000000520071109NM0000000000000000000001', 'sv0rbaarpasp3c13rmuviv288tin0t20', '0000000000000000000000000000040100000000000000000000000000000403', 'repeated', 'rdbjh7xl8densi7t3geh0ln2tjy8vpy000000000000000000000000000000194');
INSERT INTO md_attribute ( id) VALUES ('rdbjh7xl8densi7t3geh0ln2tjy8vpy000000000000000000000000000000194');
INSERT INTO metadata ( description, created_by, owner, id, create_date, seq, type, remove, site_master, locked_by, entity_domain, last_updated_by, last_update_date, key_name) VALUES ('8hhs8l76xqs2vhg46akfdv8aokqkslk4NM200904120000000000000000000030', '0000000000000000000000000000001000000000000000000000000000000003', '0000000000000000000000000000001000000000000000000000000000000003', 'rdbjh7xl8densi7t3geh0ln2tjy8vpy000000000000000000000000000000194', '2014-01-15 15:41:39', 4261, 'com.runwaysdk.system.metadata.MdAttributeBoolean', 1, 'www.runwaysdk.com', NULL, NULL, '0000000000000000000000000000001000000000000000000000000000000003', '2014-01-15 15:41:39', 'com.runwaysdk.system.scheduler.AbstractJob.repeated');
ALTER TABLE abstract_job ADD COLUMN repeated  int;
INSERT INTO class_attribute_concrete ( id, parent_id, child_id) VALUES ('03pamvqbtmpp8bzdc0v9hjyf9yw6rjlh00000000000000000000000000000073', 'x9npcsuyj3f5osrsrii4jv48kw8sckub00000000000000000000000000000001', 'rdbjh7xl8densi7t3geh0ln2tjy8vpy000000000000000000000000000000194');
INSERT INTO class_attribute ( id, parent_id, child_id) VALUES ('03pamvqbtmpp8bzdc0v9hjyf9yw6rjlh00000000000000000000000000000073', 'x9npcsuyj3f5osrsrii4jv48kw8sckub00000000000000000000000000000001', 'rdbjh7xl8densi7t3geh0ln2tjy8vpy000000000000000000000000000000194');
INSERT INTO metadata_relationship ( entity_domain, site_master, last_updated_by, id, owner, locked_by, create_date, type, created_by, seq, key_name, last_update_date, parent_id, child_id) VALUES (NULL, 'www.runwaysdk.com', '0000000000000000000000000000001000000000000000000000000000000003', '03pamvqbtmpp8bzdc0v9hjyf9yw6rjlh00000000000000000000000000000073', '0000000000000000000000000000001000000000000000000000000000000003', NULL, '2014-01-15 15:41:39', 'com.runwaysdk.system.metadata.ClassAttributeConcrete', '0000000000000000000000000000001000000000000000000000000000000003', 4262, 'com.runwaysdk.system.scheduler.AbstractJob.repeated', '2014-01-15 15:41:39', 'x9npcsuyj3f5osrsrii4jv48kw8sckub00000000000000000000000000000001', 'rdbjh7xl8densi7t3geh0ln2tjy8vpy000000000000000000000000000000194');
INSERT INTO metadata_display_label ( default_locale, id, site_master, key_name) VALUES ('false', 'sy19ilbpt6yn8b39kdpisz5sbkxxjy4lNM200904120000000000000000000030', 'www.runwaysdk.com', 'sy19ilbpt6yn8b39kdpisz5sbkxxjy4lNM200904120000000000000000000030');
INSERT INTO metadata_display_label ( default_locale, id, site_master, key_name) VALUES ('true', 'y02evcbzzjdpv7boffja6aih7bg694u0NM200904120000000000000000000030', 'www.runwaysdk.com', 'y02evcbzzjdpv7boffja6aih7bg694u0NM200904120000000000000000000030');
 INSERT INTO visibilitymodifier (set_id, item_id)  VALUES  ('2fm89a2oidpoe75gwkhfkrqzbsf2uxh7', '20071109NM000000000000000000000520071109NM0000000000000000000001');
INSERT INTO metadata_display_label ( default_locale, id, site_master, key_name) VALUES ('Pauseable', '8ewpweo4p3sej7s9kn9yfn8ny1787bz8NM200904120000000000000000000030', 'www.runwaysdk.com', '8ewpweo4p3sej7s9kn9yfn8ny1787bz8NM200904120000000000000000000030');
 INSERT INTO visibilitymodifier (set_id, item_id)  VALUES  ('229ebx4vzshfbimf07f2hu89hp7nc4qt', '20071109NM000000000000000000000520071109NM0000000000000000000001');
 INSERT INTO md_attribute_indicies (set_id, item_id)  VALUES  ('xemosdk3qrhm7w7yw0u97uxexya7udx2', '0000000000000000000000000000040100000000000000000000000000000403');
INSERT INTO metadata_display_label ( default_locale, id, site_master, key_name) VALUES ('Pauseable', 'xhk9ha7xslxitdofc6pwx4xkrpogrzv2NM200904120000000000000000000030', 'www.runwaysdk.com', 'xhk9ha7xslxitdofc6pwx4xkrpogrzv2NM200904120000000000000000000030');
INSERT INTO md_attribute_boolean ( negative_display_label, default_value, positive_display_label, id) VALUES ('sy19ilbpt6yn8b39kdpisz5sbkxxjy4lNM200904120000000000000000000030', 0, 'y02evcbzzjdpv7boffja6aih7bg694u0NM200904120000000000000000000030', '8bh7pcvdgzyscxw3gt7lx8ayjwef36s700000000000000000000000000000194');
INSERT INTO md_attribute_primitive ( id) VALUES ('8bh7pcvdgzyscxw3gt7lx8ayjwef36s700000000000000000000000000000194');
INSERT INTO md_attribute_concrete ( column_name, defining_md_class, setter_visibility, setter_visibility_c, immutable, index_name, generate_accessor, system, required, display_label, getter_visibility, getter_visibility_c, index_type, index_type_c, attribute_name, id) VALUES ('pauseable', 'x9npcsuyj3f5osrsrii4jv48kw8sckub00000000000000000000000000000001', '2fm89a2oidpoe75gwkhfkrqzbsf2uxh7', '20071109NM000000000000000000000520071109NM0000000000000000000001', 0, 'ag5br5wyh4opb1qmajqk2zaz4921q6', 1, 0, 1, '8ewpweo4p3sej7s9kn9yfn8ny1787bz8NM200904120000000000000000000030', '229ebx4vzshfbimf07f2hu89hp7nc4qt', '20071109NM000000000000000000000520071109NM0000000000000000000001', 'xemosdk3qrhm7w7yw0u97uxexya7udx2', '0000000000000000000000000000040100000000000000000000000000000403', 'pauseable', '8bh7pcvdgzyscxw3gt7lx8ayjwef36s700000000000000000000000000000194');
INSERT INTO md_attribute ( id) VALUES ('8bh7pcvdgzyscxw3gt7lx8ayjwef36s700000000000000000000000000000194');
INSERT INTO metadata ( description, created_by, owner, id, create_date, seq, type, remove, site_master, locked_by, entity_domain, last_updated_by, last_update_date, key_name) VALUES ('xhk9ha7xslxitdofc6pwx4xkrpogrzv2NM200904120000000000000000000030', '0000000000000000000000000000001000000000000000000000000000000003', '0000000000000000000000000000001000000000000000000000000000000003', '8bh7pcvdgzyscxw3gt7lx8ayjwef36s700000000000000000000000000000194', '2014-01-15 15:41:39', 4263, 'com.runwaysdk.system.metadata.MdAttributeBoolean', 1, 'www.runwaysdk.com', NULL, NULL, '0000000000000000000000000000001000000000000000000000000000000003', '2014-01-15 15:41:39', 'com.runwaysdk.system.scheduler.AbstractJob.pauseable');
ALTER TABLE abstract_job ADD COLUMN pauseable  int;
INSERT INTO class_attribute_concrete ( id, parent_id, child_id) VALUES ('zit96b1i1lgbl5nbwd4trxt2sfa0hms000000000000000000000000000000073', 'x9npcsuyj3f5osrsrii4jv48kw8sckub00000000000000000000000000000001', '8bh7pcvdgzyscxw3gt7lx8ayjwef36s700000000000000000000000000000194');
INSERT INTO class_attribute ( id, parent_id, child_id) VALUES ('zit96b1i1lgbl5nbwd4trxt2sfa0hms000000000000000000000000000000073', 'x9npcsuyj3f5osrsrii4jv48kw8sckub00000000000000000000000000000001', '8bh7pcvdgzyscxw3gt7lx8ayjwef36s700000000000000000000000000000194');
INSERT INTO metadata_relationship ( entity_domain, site_master, last_updated_by, id, owner, locked_by, create_date, type, created_by, seq, key_name, last_update_date, parent_id, child_id) VALUES (NULL, 'www.runwaysdk.com', '0000000000000000000000000000001000000000000000000000000000000003', 'zit96b1i1lgbl5nbwd4trxt2sfa0hms000000000000000000000000000000073', '0000000000000000000000000000001000000000000000000000000000000003', NULL, '2014-01-15 15:41:39', 'com.runwaysdk.system.metadata.ClassAttributeConcrete', '0000000000000000000000000000001000000000000000000000000000000003', 4264, 'com.runwaysdk.system.scheduler.AbstractJob.pauseable', '2014-01-15 15:41:39', 'x9npcsuyj3f5osrsrii4jv48kw8sckub00000000000000000000000000000001', '8bh7pcvdgzyscxw3gt7lx8ayjwef36s700000000000000000000000000000194');
INSERT INTO metadata_display_label ( default_locale, id, site_master, key_name) VALUES ('false', 'z82yte7ktrvre9pu8anz32lwxwi6c8geNM200904120000000000000000000030', 'www.runwaysdk.com', 'z82yte7ktrvre9pu8anz32lwxwi6c8geNM200904120000000000000000000030');
INSERT INTO metadata_display_label ( default_locale, id, site_master, key_name) VALUES ('true', 'xzl9gav4t86cx16rzf4b9do2nfeq38t6NM200904120000000000000000000030', 'www.runwaysdk.com', 'xzl9gav4t86cx16rzf4b9do2nfeq38t6NM200904120000000000000000000030');
 INSERT INTO visibilitymodifier (set_id, item_id)  VALUES  ('xlvkbwkl3o766u9xx66t7avvm0wqlun5', '20071109NM000000000000000000000520071109NM0000000000000000000001');
INSERT INTO metadata_display_label ( default_locale, id, site_master, key_name) VALUES ('Paused', '8vucsdnbiof6h8fgi5v7i7y6wrkxj3r5NM200904120000000000000000000030', 'www.runwaysdk.com', '8vucsdnbiof6h8fgi5v7i7y6wrkxj3r5NM200904120000000000000000000030');
 INSERT INTO visibilitymodifier (set_id, item_id)  VALUES  ('6ompilci35q5vv5k28grm053axfujpwf', '20071109NM000000000000000000000520071109NM0000000000000000000001');
 INSERT INTO md_attribute_indicies (set_id, item_id)  VALUES  ('6xsgmyel4so13cwjncnl2xcl5ot253ca', '0000000000000000000000000000040100000000000000000000000000000403');
INSERT INTO metadata_display_label ( default_locale, id, site_master, key_name) VALUES ('Paused', '1q7zbl09p3u6nlib4o5kja7v1uq5yn0tNM200904120000000000000000000030', 'www.runwaysdk.com', '1q7zbl09p3u6nlib4o5kja7v1uq5yn0tNM200904120000000000000000000030');
INSERT INTO md_attribute_boolean ( negative_display_label, default_value, positive_display_label, id) VALUES ('z82yte7ktrvre9pu8anz32lwxwi6c8geNM200904120000000000000000000030', 0, 'xzl9gav4t86cx16rzf4b9do2nfeq38t6NM200904120000000000000000000030', '6p6sj7gnfumtmleee8q6mwnwy7zwd11v00000000000000000000000000000194');
INSERT INTO md_attribute_primitive ( id) VALUES ('6p6sj7gnfumtmleee8q6mwnwy7zwd11v00000000000000000000000000000194');
INSERT INTO md_attribute_concrete ( column_name, defining_md_class, setter_visibility, setter_visibility_c, immutable, index_name, generate_accessor, system, required, display_label, getter_visibility, getter_visibility_c, index_type, index_type_c, attribute_name, id) VALUES ('paused', 'x9npcsuyj3f5osrsrii4jv48kw8sckub00000000000000000000000000000001', 'xlvkbwkl3o766u9xx66t7avvm0wqlun5', '20071109NM000000000000000000000520071109NM0000000000000000000001', 0, 'ar69oqf1rsh04xgxleb84aqbuywiol', 1, 0, 1, '8vucsdnbiof6h8fgi5v7i7y6wrkxj3r5NM200904120000000000000000000030', '6ompilci35q5vv5k28grm053axfujpwf', '20071109NM000000000000000000000520071109NM0000000000000000000001', '6xsgmyel4so13cwjncnl2xcl5ot253ca', '0000000000000000000000000000040100000000000000000000000000000403', 'paused', '6p6sj7gnfumtmleee8q6mwnwy7zwd11v00000000000000000000000000000194');
INSERT INTO md_attribute ( id) VALUES ('6p6sj7gnfumtmleee8q6mwnwy7zwd11v00000000000000000000000000000194');
INSERT INTO metadata ( description, created_by, owner, id, create_date, seq, type, remove, site_master, locked_by, entity_domain, last_updated_by, last_update_date, key_name) VALUES ('1q7zbl09p3u6nlib4o5kja7v1uq5yn0tNM200904120000000000000000000030', '0000000000000000000000000000001000000000000000000000000000000003', '0000000000000000000000000000001000000000000000000000000000000003', '6p6sj7gnfumtmleee8q6mwnwy7zwd11v00000000000000000000000000000194', '2014-01-15 15:41:39', 4265, 'com.runwaysdk.system.metadata.MdAttributeBoolean', 1, 'www.runwaysdk.com', NULL, NULL, '0000000000000000000000000000001000000000000000000000000000000003', '2014-01-15 15:41:39', 'com.runwaysdk.system.scheduler.AbstractJob.paused');
ALTER TABLE abstract_job ADD COLUMN paused  int;
INSERT INTO class_attribute_concrete ( id, parent_id, child_id) VALUES ('0bl3tiikcbpgjmpycz1of9cehz1to20c00000000000000000000000000000073', 'x9npcsuyj3f5osrsrii4jv48kw8sckub00000000000000000000000000000001', '6p6sj7gnfumtmleee8q6mwnwy7zwd11v00000000000000000000000000000194');
INSERT INTO class_attribute ( id, parent_id, child_id) VALUES ('0bl3tiikcbpgjmpycz1of9cehz1to20c00000000000000000000000000000073', 'x9npcsuyj3f5osrsrii4jv48kw8sckub00000000000000000000000000000001', '6p6sj7gnfumtmleee8q6mwnwy7zwd11v00000000000000000000000000000194');
INSERT INTO metadata_relationship ( entity_domain, site_master, last_updated_by, id, owner, locked_by, create_date, type, created_by, seq, key_name, last_update_date, parent_id, child_id) VALUES (NULL, 'www.runwaysdk.com', '0000000000000000000000000000001000000000000000000000000000000003', '0bl3tiikcbpgjmpycz1of9cehz1to20c00000000000000000000000000000073', '0000000000000000000000000000001000000000000000000000000000000003', NULL, '2014-01-15 15:41:39', 'com.runwaysdk.system.metadata.ClassAttributeConcrete', '0000000000000000000000000000001000000000000000000000000000000003', 4266, 'com.runwaysdk.system.scheduler.AbstractJob.paused', '2014-01-15 15:41:39', 'x9npcsuyj3f5osrsrii4jv48kw8sckub00000000000000000000000000000001', '6p6sj7gnfumtmleee8q6mwnwy7zwd11v00000000000000000000000000000194');
 INSERT INTO visibilitymodifier (set_id, item_id)  VALUES  ('xhcal86l0va9wqeynb7eudu8fjzin8uu', '20071109NM000000000000000000000520071109NM0000000000000000000001');
INSERT INTO metadata_display_label ( default_locale, id, site_master, key_name) VALUES ('Work Total', 'za6lit9i067nderqt3iflt5ydpsv08y4NM200904120000000000000000000030', 'www.runwaysdk.com', 'za6lit9i067nderqt3iflt5ydpsv08y4NM200904120000000000000000000030');
 INSERT INTO visibilitymodifier (set_id, item_id)  VALUES  ('xubv42bpabzxxtzzzade3jlx8oagdbq8', '20071109NM000000000000000000000520071109NM0000000000000000000001');
 INSERT INTO md_attribute_indicies (set_id, item_id)  VALUES  ('z58y929ouliy4sgpi1atlmo6zhuwhrds', '0000000000000000000000000000040100000000000000000000000000000403');
INSERT INTO metadata_display_label ( default_locale, id, site_master, key_name) VALUES ('Work Total', 'xthvkcy5whutkerl6vmizqjzyna48d2bNM200904120000000000000000000030', 'www.runwaysdk.com', 'xthvkcy5whutkerl6vmizqjzyna48d2bNM200904120000000000000000000030');
INSERT INTO md_attribute_integer ( start_range, default_value, end_range, id) VALUES (NULL, NULL, NULL, '8zat8i0pi2da1v9v30equsv4bilopylp00000000000000000000000000000332');
INSERT INTO md_attribute_int ( id) VALUES ('8zat8i0pi2da1v9v30equsv4bilopylp00000000000000000000000000000332');
INSERT INTO md_attribute_number ( reject_negative, reject_zero, reject_positive, id) VALUES (1, 0, 0, '8zat8i0pi2da1v9v30equsv4bilopylp00000000000000000000000000000332');
INSERT INTO md_attribute_primitive ( id) VALUES ('8zat8i0pi2da1v9v30equsv4bilopylp00000000000000000000000000000332');
INSERT INTO md_attribute_concrete ( column_name, defining_md_class, setter_visibility, setter_visibility_c, immutable, index_name, generate_accessor, system, required, display_label, getter_visibility, getter_visibility_c, index_type, index_type_c, attribute_name, id) VALUES ('work_total', 'x9npcsuyj3f5osrsrii4jv48kw8sckub00000000000000000000000000000001', 'xhcal86l0va9wqeynb7eudu8fjzin8uu', '20071109NM000000000000000000000520071109NM0000000000000000000001', 0, 'aik04xpdqn3kpwovi5vmwuucv062h7', 1, 0, 0, 'za6lit9i067nderqt3iflt5ydpsv08y4NM200904120000000000000000000030', 'xubv42bpabzxxtzzzade3jlx8oagdbq8', '20071109NM000000000000000000000520071109NM0000000000000000000001', 'z58y929ouliy4sgpi1atlmo6zhuwhrds', '0000000000000000000000000000040100000000000000000000000000000403', 'workTotal', '8zat8i0pi2da1v9v30equsv4bilopylp00000000000000000000000000000332');
INSERT INTO md_attribute ( id) VALUES ('8zat8i0pi2da1v9v30equsv4bilopylp00000000000000000000000000000332');
INSERT INTO metadata ( description, created_by, owner, id, create_date, seq, type, remove, site_master, locked_by, entity_domain, last_updated_by, last_update_date, key_name) VALUES ('xthvkcy5whutkerl6vmizqjzyna48d2bNM200904120000000000000000000030', '0000000000000000000000000000001000000000000000000000000000000003', '0000000000000000000000000000001000000000000000000000000000000003', '8zat8i0pi2da1v9v30equsv4bilopylp00000000000000000000000000000332', '2014-01-15 15:41:39', 4267, 'com.runwaysdk.system.metadata.MdAttributeInteger', 1, 'www.runwaysdk.com', NULL, NULL, '0000000000000000000000000000001000000000000000000000000000000003', '2014-01-15 15:41:39', 'com.runwaysdk.system.scheduler.AbstractJob.workTotal');
ALTER TABLE abstract_job ADD COLUMN work_total  int;
INSERT INTO class_attribute_concrete ( id, parent_id, child_id) VALUES ('xf9i6pn8vft4z4bix7ncka5kb8dvn5h400000000000000000000000000000073', 'x9npcsuyj3f5osrsrii4jv48kw8sckub00000000000000000000000000000001', '8zat8i0pi2da1v9v30equsv4bilopylp00000000000000000000000000000332');
INSERT INTO class_attribute ( id, parent_id, child_id) VALUES ('xf9i6pn8vft4z4bix7ncka5kb8dvn5h400000000000000000000000000000073', 'x9npcsuyj3f5osrsrii4jv48kw8sckub00000000000000000000000000000001', '8zat8i0pi2da1v9v30equsv4bilopylp00000000000000000000000000000332');
INSERT INTO metadata_relationship ( entity_domain, site_master, last_updated_by, id, owner, locked_by, create_date, type, created_by, seq, key_name, last_update_date, parent_id, child_id) VALUES (NULL, 'www.runwaysdk.com', '0000000000000000000000000000001000000000000000000000000000000003', 'xf9i6pn8vft4z4bix7ncka5kb8dvn5h400000000000000000000000000000073', '0000000000000000000000000000001000000000000000000000000000000003', NULL, '2014-01-15 15:41:39', 'com.runwaysdk.system.metadata.ClassAttributeConcrete', '0000000000000000000000000000001000000000000000000000000000000003', 4268, 'com.runwaysdk.system.scheduler.AbstractJob.workTotal', '2014-01-15 15:41:39', 'x9npcsuyj3f5osrsrii4jv48kw8sckub00000000000000000000000000000001', '8zat8i0pi2da1v9v30equsv4bilopylp00000000000000000000000000000332');
 INSERT INTO visibilitymodifier (set_id, item_id)  VALUES  ('6sffmbpznc5e6f25sephxanrk7tg3jxf', '20071109NM000000000000000000000520071109NM0000000000000000000001');
INSERT INTO metadata_display_label ( default_locale, id, site_master, key_name) VALUES ('Work Progress', 'sosv5a6aehhvrlsdv9qr4nj809afmqtyNM200904120000000000000000000030', 'www.runwaysdk.com', 'sosv5a6aehhvrlsdv9qr4nj809afmqtyNM200904120000000000000000000030');
 INSERT INTO visibilitymodifier (set_id, item_id)  VALUES  ('77kj1hyf2vr77e8ynczm08itpgro9ia5', '20071109NM000000000000000000000520071109NM0000000000000000000001');
 INSERT INTO md_attribute_indicies (set_id, item_id)  VALUES  ('z5phgpgahmw69gm1yobti0a08ux324nb', '0000000000000000000000000000040100000000000000000000000000000403');
INSERT INTO metadata_display_label ( default_locale, id, site_master, key_name) VALUES ('Work Progress', '8y04h55jetrvf5kw1hoyd0fm2b3kneydNM200904120000000000000000000030', 'www.runwaysdk.com', '8y04h55jetrvf5kw1hoyd0fm2b3kneydNM200904120000000000000000000030');
INSERT INTO md_attribute_integer ( start_range, default_value, end_range, id) VALUES (NULL, NULL, NULL, '0s2l6grdnnu0g0ra0e6c4t61t8uxv6s200000000000000000000000000000332');
INSERT INTO md_attribute_int ( id) VALUES ('0s2l6grdnnu0g0ra0e6c4t61t8uxv6s200000000000000000000000000000332');
INSERT INTO md_attribute_number ( reject_negative, reject_zero, reject_positive, id) VALUES (1, 0, 0, '0s2l6grdnnu0g0ra0e6c4t61t8uxv6s200000000000000000000000000000332');
INSERT INTO md_attribute_primitive ( id) VALUES ('0s2l6grdnnu0g0ra0e6c4t61t8uxv6s200000000000000000000000000000332');
INSERT INTO md_attribute_concrete ( column_name, defining_md_class, setter_visibility, setter_visibility_c, immutable, index_name, generate_accessor, system, required, display_label, getter_visibility, getter_visibility_c, index_type, index_type_c, attribute_name, id) VALUES ('work_progress', 'x9npcsuyj3f5osrsrii4jv48kw8sckub00000000000000000000000000000001', '6sffmbpznc5e6f25sephxanrk7tg3jxf', '20071109NM000000000000000000000520071109NM0000000000000000000001', 0, 'aar2358ae03jr07zg7fqtmjcr9avuz', 1, 0, 0, 'sosv5a6aehhvrlsdv9qr4nj809afmqtyNM200904120000000000000000000030', '77kj1hyf2vr77e8ynczm08itpgro9ia5', '20071109NM000000000000000000000520071109NM0000000000000000000001', 'z5phgpgahmw69gm1yobti0a08ux324nb', '0000000000000000000000000000040100000000000000000000000000000403', 'workProgress', '0s2l6grdnnu0g0ra0e6c4t61t8uxv6s200000000000000000000000000000332');
INSERT INTO md_attribute ( id) VALUES ('0s2l6grdnnu0g0ra0e6c4t61t8uxv6s200000000000000000000000000000332');
INSERT INTO metadata ( description, created_by, owner, id, create_date, seq, type, remove, site_master, locked_by, entity_domain, last_updated_by, last_update_date, key_name) VALUES ('8y04h55jetrvf5kw1hoyd0fm2b3kneydNM200904120000000000000000000030', '0000000000000000000000000000001000000000000000000000000000000003', '0000000000000000000000000000001000000000000000000000000000000003', '0s2l6grdnnu0g0ra0e6c4t61t8uxv6s200000000000000000000000000000332', '2014-01-15 15:41:39', 4269, 'com.runwaysdk.system.metadata.MdAttributeInteger', 1, 'www.runwaysdk.com', NULL, NULL, '0000000000000000000000000000001000000000000000000000000000000003', '2014-01-15 15:41:39', 'com.runwaysdk.system.scheduler.AbstractJob.workProgress');
ALTER TABLE abstract_job ADD COLUMN work_progress  int;
INSERT INTO class_attribute_concrete ( id, parent_id, child_id) VALUES ('sx5zj0qth1sfcxvt6ab5rta8sija90ro00000000000000000000000000000073', 'x9npcsuyj3f5osrsrii4jv48kw8sckub00000000000000000000000000000001', '0s2l6grdnnu0g0ra0e6c4t61t8uxv6s200000000000000000000000000000332');
INSERT INTO class_attribute ( id, parent_id, child_id) VALUES ('sx5zj0qth1sfcxvt6ab5rta8sija90ro00000000000000000000000000000073', 'x9npcsuyj3f5osrsrii4jv48kw8sckub00000000000000000000000000000001', '0s2l6grdnnu0g0ra0e6c4t61t8uxv6s200000000000000000000000000000332');
INSERT INTO metadata_relationship ( entity_domain, site_master, last_updated_by, id, owner, locked_by, create_date, type, created_by, seq, key_name, last_update_date, parent_id, child_id) VALUES (NULL, 'www.runwaysdk.com', '0000000000000000000000000000001000000000000000000000000000000003', 'sx5zj0qth1sfcxvt6ab5rta8sija90ro00000000000000000000000000000073', '0000000000000000000000000000001000000000000000000000000000000003', NULL, '2014-01-15 15:41:39', 'com.runwaysdk.system.metadata.ClassAttributeConcrete', '0000000000000000000000000000001000000000000000000000000000000003', 4270, 'com.runwaysdk.system.scheduler.AbstractJob.workProgress', '2014-01-15 15:41:39', 'x9npcsuyj3f5osrsrii4jv48kw8sckub00000000000000000000000000000001', '0s2l6grdnnu0g0ra0e6c4t61t8uxv6s200000000000000000000000000000332');
INSERT INTO metadata_display_label ( default_locale, id, site_master, key_name) VALUES ('false', '7cq5bm4ibv6cyuxiwddh22znnpfk85x7NM200904120000000000000000000030', 'www.runwaysdk.com', '7cq5bm4ibv6cyuxiwddh22znnpfk85x7NM200904120000000000000000000030');
INSERT INTO metadata_display_label ( default_locale, id, site_master, key_name) VALUES ('true', 'xvqpaefjbcigwhh08v0stnv5qn8iozw7NM200904120000000000000000000030', 'www.runwaysdk.com', 'xvqpaefjbcigwhh08v0stnv5qn8iozw7NM200904120000000000000000000030');
 INSERT INTO visibilitymodifier (set_id, item_id)  VALUES  ('1o2hbt7dtngi50hgqylxm8f38ef04y8g', '20071109NM000000000000000000000520071109NM0000000000000000000001');
INSERT INTO metadata_display_label ( default_locale, id, site_master, key_name) VALUES ('Completed', 'xybaxl5hi13ck25h15w2qcaowga2p5bgNM200904120000000000000000000030', 'www.runwaysdk.com', 'xybaxl5hi13ck25h15w2qcaowga2p5bgNM200904120000000000000000000030');
 INSERT INTO visibilitymodifier (set_id, item_id)  VALUES  ('sk1keflkcoicgua5j8ue3fsa38c9ix80', '20071109NM000000000000000000000520071109NM0000000000000000000001');
 INSERT INTO md_attribute_indicies (set_id, item_id)  VALUES  ('0hc7gfuwmt5oaq8f0yjntderi42jeq36', '0000000000000000000000000000040100000000000000000000000000000403');
INSERT INTO metadata_display_label ( default_locale, id, site_master, key_name) VALUES ('Completed', 'qlk5mm2xxv742oezlfk6bfpdoynsfhodNM200904120000000000000000000030', 'www.runwaysdk.com', 'qlk5mm2xxv742oezlfk6bfpdoynsfhodNM200904120000000000000000000030');
INSERT INTO md_attribute_boolean ( negative_display_label, default_value, positive_display_label, id) VALUES ('7cq5bm4ibv6cyuxiwddh22znnpfk85x7NM200904120000000000000000000030', 0, 'xvqpaefjbcigwhh08v0stnv5qn8iozw7NM200904120000000000000000000030', 'yzdfk9l6356nnaat5ftc94i2cingive100000000000000000000000000000194');
INSERT INTO md_attribute_primitive ( id) VALUES ('yzdfk9l6356nnaat5ftc94i2cingive100000000000000000000000000000194');
INSERT INTO md_attribute_concrete ( column_name, defining_md_class, setter_visibility, setter_visibility_c, immutable, index_name, generate_accessor, system, required, display_label, getter_visibility, getter_visibility_c, index_type, index_type_c, attribute_name, id) VALUES ('completed', 'x9npcsuyj3f5osrsrii4jv48kw8sckub00000000000000000000000000000001', '1o2hbt7dtngi50hgqylxm8f38ef04y8g', '20071109NM000000000000000000000520071109NM0000000000000000000001', 0, 'adj46saymuk1uvn0yze1y22kj32zhi', 1, 0, 1, 'xybaxl5hi13ck25h15w2qcaowga2p5bgNM200904120000000000000000000030', 'sk1keflkcoicgua5j8ue3fsa38c9ix80', '20071109NM000000000000000000000520071109NM0000000000000000000001', '0hc7gfuwmt5oaq8f0yjntderi42jeq36', '0000000000000000000000000000040100000000000000000000000000000403', 'completed', 'yzdfk9l6356nnaat5ftc94i2cingive100000000000000000000000000000194');
INSERT INTO md_attribute ( id) VALUES ('yzdfk9l6356nnaat5ftc94i2cingive100000000000000000000000000000194');
INSERT INTO metadata ( description, created_by, owner, id, create_date, seq, type, remove, site_master, locked_by, entity_domain, last_updated_by, last_update_date, key_name) VALUES ('qlk5mm2xxv742oezlfk6bfpdoynsfhodNM200904120000000000000000000030', '0000000000000000000000000000001000000000000000000000000000000003', '0000000000000000000000000000001000000000000000000000000000000003', 'yzdfk9l6356nnaat5ftc94i2cingive100000000000000000000000000000194', '2014-01-15 15:41:39', 4271, 'com.runwaysdk.system.metadata.MdAttributeBoolean', 1, 'www.runwaysdk.com', NULL, NULL, '0000000000000000000000000000001000000000000000000000000000000003', '2014-01-15 15:41:39', 'com.runwaysdk.system.scheduler.AbstractJob.completed');
ALTER TABLE abstract_job ADD COLUMN completed  int;
INSERT INTO class_attribute_concrete ( id, parent_id, child_id) VALUES ('6w81pvl82vpy6th8b7i78wg5o9rc3d6k00000000000000000000000000000073', 'x9npcsuyj3f5osrsrii4jv48kw8sckub00000000000000000000000000000001', 'yzdfk9l6356nnaat5ftc94i2cingive100000000000000000000000000000194');
INSERT INTO class_attribute ( id, parent_id, child_id) VALUES ('6w81pvl82vpy6th8b7i78wg5o9rc3d6k00000000000000000000000000000073', 'x9npcsuyj3f5osrsrii4jv48kw8sckub00000000000000000000000000000001', 'yzdfk9l6356nnaat5ftc94i2cingive100000000000000000000000000000194');
INSERT INTO metadata_relationship ( entity_domain, site_master, last_updated_by, id, owner, locked_by, create_date, type, created_by, seq, key_name, last_update_date, parent_id, child_id) VALUES (NULL, 'www.runwaysdk.com', '0000000000000000000000000000001000000000000000000000000000000003', '6w81pvl82vpy6th8b7i78wg5o9rc3d6k00000000000000000000000000000073', '0000000000000000000000000000001000000000000000000000000000000003', NULL, '2014-01-15 15:41:39', 'com.runwaysdk.system.metadata.ClassAttributeConcrete', '0000000000000000000000000000001000000000000000000000000000000003', 4272, 'com.runwaysdk.system.scheduler.AbstractJob.completed', '2014-01-15 15:41:39', 'x9npcsuyj3f5osrsrii4jv48kw8sckub00000000000000000000000000000001', 'yzdfk9l6356nnaat5ftc94i2cingive100000000000000000000000000000194');
INSERT INTO metadata_display_label ( default_locale, id, site_master, key_name) VALUES ('false', 'snf0r7aeq8cuk2hhp0s8n1j4btp60e4xNM200904120000000000000000000030', 'www.runwaysdk.com', 'snf0r7aeq8cuk2hhp0s8n1j4btp60e4xNM200904120000000000000000000030');
INSERT INTO metadata_display_label ( default_locale, id, site_master, key_name) VALUES ('true', '906cymbhiui4izhdxeogczevaiaob8nuNM200904120000000000000000000030', 'www.runwaysdk.com', '906cymbhiui4izhdxeogczevaiaob8nuNM200904120000000000000000000030');
 INSERT INTO visibilitymodifier (set_id, item_id)  VALUES  ('74v9gemv2r606aifsv0pluca22v915pr', '20071109NM000000000000000000000520071109NM0000000000000000000001');
INSERT INTO metadata_display_label ( default_locale, id, site_master, key_name) VALUES ('Remove On Complete', 'r1ks1cuw67axiya3qz2g1hkzu2ntwuc3NM200904120000000000000000000030', 'www.runwaysdk.com', 'r1ks1cuw67axiya3qz2g1hkzu2ntwuc3NM200904120000000000000000000030');
 INSERT INTO visibilitymodifier (set_id, item_id)  VALUES  ('01jttbdpy7pjwsoovx9gfy0urbu6swjl', '20071109NM000000000000000000000520071109NM0000000000000000000001');
 INSERT INTO md_attribute_indicies (set_id, item_id)  VALUES  ('s9wj240kdtu2jj119vkcwitm473oaf66', '0000000000000000000000000000040100000000000000000000000000000403');
INSERT INTO metadata_display_label ( default_locale, id, site_master, key_name) VALUES ('Remove On Complete', '209m39m4kzigb8eunj4i6h4tioj4m2pwNM200904120000000000000000000030', 'www.runwaysdk.com', '209m39m4kzigb8eunj4i6h4tioj4m2pwNM200904120000000000000000000030');
INSERT INTO md_attribute_boolean ( negative_display_label, default_value, positive_display_label, id) VALUES ('snf0r7aeq8cuk2hhp0s8n1j4btp60e4xNM200904120000000000000000000030', 0, '906cymbhiui4izhdxeogczevaiaob8nuNM200904120000000000000000000030', 'r0rp80uvp37935ce3tgrene7jli6qvnv00000000000000000000000000000194');
INSERT INTO md_attribute_primitive ( id) VALUES ('r0rp80uvp37935ce3tgrene7jli6qvnv00000000000000000000000000000194');
INSERT INTO md_attribute_concrete ( column_name, defining_md_class, setter_visibility, setter_visibility_c, immutable, index_name, generate_accessor, system, required, display_label, getter_visibility, getter_visibility_c, index_type, index_type_c, attribute_name, id) VALUES ('remove_on_complete', 'x9npcsuyj3f5osrsrii4jv48kw8sckub00000000000000000000000000000001', '74v9gemv2r606aifsv0pluca22v915pr', '20071109NM000000000000000000000520071109NM0000000000000000000001', 0, 'a434jun9mnxivq4gkcnu8rkp0ssjtx', 1, 0, 1, 'r1ks1cuw67axiya3qz2g1hkzu2ntwuc3NM200904120000000000000000000030', '01jttbdpy7pjwsoovx9gfy0urbu6swjl', '20071109NM000000000000000000000520071109NM0000000000000000000001', 's9wj240kdtu2jj119vkcwitm473oaf66', '0000000000000000000000000000040100000000000000000000000000000403', 'removeOnComplete', 'r0rp80uvp37935ce3tgrene7jli6qvnv00000000000000000000000000000194');
INSERT INTO md_attribute ( id) VALUES ('r0rp80uvp37935ce3tgrene7jli6qvnv00000000000000000000000000000194');
INSERT INTO metadata ( description, created_by, owner, id, create_date, seq, type, remove, site_master, locked_by, entity_domain, last_updated_by, last_update_date, key_name) VALUES ('209m39m4kzigb8eunj4i6h4tioj4m2pwNM200904120000000000000000000030', '0000000000000000000000000000001000000000000000000000000000000003', '0000000000000000000000000000001000000000000000000000000000000003', 'r0rp80uvp37935ce3tgrene7jli6qvnv00000000000000000000000000000194', '2014-01-15 15:41:39', 4273, 'com.runwaysdk.system.metadata.MdAttributeBoolean', 1, 'www.runwaysdk.com', NULL, NULL, '0000000000000000000000000000001000000000000000000000000000000003', '2014-01-15 15:41:39', 'com.runwaysdk.system.scheduler.AbstractJob.removeOnComplete');
ALTER TABLE abstract_job ADD COLUMN remove_on_complete  int;
INSERT INTO class_attribute_concrete ( id, parent_id, child_id) VALUES ('sn1dwvtwl43kd8wnsfm7bvlmzxl5ewgq00000000000000000000000000000073', 'x9npcsuyj3f5osrsrii4jv48kw8sckub00000000000000000000000000000001', 'r0rp80uvp37935ce3tgrene7jli6qvnv00000000000000000000000000000194');
INSERT INTO class_attribute ( id, parent_id, child_id) VALUES ('sn1dwvtwl43kd8wnsfm7bvlmzxl5ewgq00000000000000000000000000000073', 'x9npcsuyj3f5osrsrii4jv48kw8sckub00000000000000000000000000000001', 'r0rp80uvp37935ce3tgrene7jli6qvnv00000000000000000000000000000194');
INSERT INTO metadata_relationship ( entity_domain, site_master, last_updated_by, id, owner, locked_by, create_date, type, created_by, seq, key_name, last_update_date, parent_id, child_id) VALUES (NULL, 'www.runwaysdk.com', '0000000000000000000000000000001000000000000000000000000000000003', 'sn1dwvtwl43kd8wnsfm7bvlmzxl5ewgq00000000000000000000000000000073', '0000000000000000000000000000001000000000000000000000000000000003', NULL, '2014-01-15 15:41:39', 'com.runwaysdk.system.metadata.ClassAttributeConcrete', '0000000000000000000000000000001000000000000000000000000000000003', 4274, 'com.runwaysdk.system.scheduler.AbstractJob.removeOnComplete', '2014-01-15 15:41:39', 'x9npcsuyj3f5osrsrii4jv48kw8sckub00000000000000000000000000000001', 'r0rp80uvp37935ce3tgrene7jli6qvnv00000000000000000000000000000194');
INSERT INTO metadata_display_label ( default_locale, id, site_master, key_name) VALUES ('false', '27weczj2l2od0657awv11vaunjgaopwwNM200904120000000000000000000030', 'www.runwaysdk.com', '27weczj2l2od0657awv11vaunjgaopwwNM200904120000000000000000000030');
INSERT INTO metadata_display_label ( default_locale, id, site_master, key_name) VALUES ('true', '8k96oovtplaou0sj4hw0icwnewvonrezNM200904120000000000000000000030', 'www.runwaysdk.com', '8k96oovtplaou0sj4hw0icwnewvonrezNM200904120000000000000000000030');
 INSERT INTO visibilitymodifier (set_id, item_id)  VALUES  ('szjb0c3mr02ccuwg39759pu8cajtrewh', '20071109NM000000000000000000000520071109NM0000000000000000000001');
INSERT INTO metadata_display_label ( default_locale, id, site_master, key_name) VALUES ('Start On Create', '8k38y0v2cl9y0h6ndln7ezgdlvmsymgxNM200904120000000000000000000030', 'www.runwaysdk.com', '8k38y0v2cl9y0h6ndln7ezgdlvmsymgxNM200904120000000000000000000030');
 INSERT INTO visibilitymodifier (set_id, item_id)  VALUES  ('94no45vi44l995cy4anbp59fsh43tip7', '20071109NM000000000000000000000520071109NM0000000000000000000001');
 INSERT INTO md_attribute_indicies (set_id, item_id)  VALUES  ('0dzqvno7uf483ckjlfjxvzmti0b3v2g9', '0000000000000000000000000000040100000000000000000000000000000403');
INSERT INTO metadata_display_label ( default_locale, id, site_master, key_name) VALUES ('Start On Create', 'xy4e3s5pdtz8e718mlb5b1rbg10spzczNM200904120000000000000000000030', 'www.runwaysdk.com', 'xy4e3s5pdtz8e718mlb5b1rbg10spzczNM200904120000000000000000000030');
INSERT INTO md_attribute_boolean ( negative_display_label, default_value, positive_display_label, id) VALUES ('27weczj2l2od0657awv11vaunjgaopwwNM200904120000000000000000000030', 0, '8k96oovtplaou0sj4hw0icwnewvonrezNM200904120000000000000000000030', 'zc4y6nymsgb4zcx2ivpeflgdrbo4gez600000000000000000000000000000194');
INSERT INTO md_attribute_primitive ( id) VALUES ('zc4y6nymsgb4zcx2ivpeflgdrbo4gez600000000000000000000000000000194');
INSERT INTO md_attribute_concrete ( column_name, defining_md_class, setter_visibility, setter_visibility_c, immutable, index_name, generate_accessor, system, required, display_label, getter_visibility, getter_visibility_c, index_type, index_type_c, attribute_name, id) VALUES ('start_on_create', 'x9npcsuyj3f5osrsrii4jv48kw8sckub00000000000000000000000000000001', 'szjb0c3mr02ccuwg39759pu8cajtrewh', '20071109NM000000000000000000000520071109NM0000000000000000000001', 0, 'asdy2wxtmpwi5benhid9ov6uro8zlk', 1, 0, 1, '8k38y0v2cl9y0h6ndln7ezgdlvmsymgxNM200904120000000000000000000030', '94no45vi44l995cy4anbp59fsh43tip7', '20071109NM000000000000000000000520071109NM0000000000000000000001', '0dzqvno7uf483ckjlfjxvzmti0b3v2g9', '0000000000000000000000000000040100000000000000000000000000000403', 'startOnCreate', 'zc4y6nymsgb4zcx2ivpeflgdrbo4gez600000000000000000000000000000194');
INSERT INTO md_attribute ( id) VALUES ('zc4y6nymsgb4zcx2ivpeflgdrbo4gez600000000000000000000000000000194');
INSERT INTO metadata ( description, created_by, owner, id, create_date, seq, type, remove, site_master, locked_by, entity_domain, last_updated_by, last_update_date, key_name) VALUES ('xy4e3s5pdtz8e718mlb5b1rbg10spzczNM200904120000000000000000000030', '0000000000000000000000000000001000000000000000000000000000000003', '0000000000000000000000000000001000000000000000000000000000000003', 'zc4y6nymsgb4zcx2ivpeflgdrbo4gez600000000000000000000000000000194', '2014-01-15 15:41:39', 4275, 'com.runwaysdk.system.metadata.MdAttributeBoolean', 1, 'www.runwaysdk.com', NULL, NULL, '0000000000000000000000000000001000000000000000000000000000000003', '2014-01-15 15:41:39', 'com.runwaysdk.system.scheduler.AbstractJob.startOnCreate');
ALTER TABLE abstract_job ADD COLUMN start_on_create  int;
INSERT INTO class_attribute_concrete ( id, parent_id, child_id) VALUES ('0q90f9v5iwyxjx0nfib7gwqo971rrnek00000000000000000000000000000073', 'x9npcsuyj3f5osrsrii4jv48kw8sckub00000000000000000000000000000001', 'zc4y6nymsgb4zcx2ivpeflgdrbo4gez600000000000000000000000000000194');
INSERT INTO class_attribute ( id, parent_id, child_id) VALUES ('0q90f9v5iwyxjx0nfib7gwqo971rrnek00000000000000000000000000000073', 'x9npcsuyj3f5osrsrii4jv48kw8sckub00000000000000000000000000000001', 'zc4y6nymsgb4zcx2ivpeflgdrbo4gez600000000000000000000000000000194');
INSERT INTO metadata_relationship ( entity_domain, site_master, last_updated_by, id, owner, locked_by, create_date, type, created_by, seq, key_name, last_update_date, parent_id, child_id) VALUES (NULL, 'www.runwaysdk.com', '0000000000000000000000000000001000000000000000000000000000000003', '0q90f9v5iwyxjx0nfib7gwqo971rrnek00000000000000000000000000000073', '0000000000000000000000000000001000000000000000000000000000000003', NULL, '2014-01-15 15:41:39', 'com.runwaysdk.system.metadata.ClassAttributeConcrete', '0000000000000000000000000000001000000000000000000000000000000003', 4276, 'com.runwaysdk.system.scheduler.AbstractJob.startOnCreate', '2014-01-15 15:41:39', 'x9npcsuyj3f5osrsrii4jv48kw8sckub00000000000000000000000000000001', 'zc4y6nymsgb4zcx2ivpeflgdrbo4gez600000000000000000000000000000194');
INSERT INTO metadata_display_label ( default_locale, id, site_master, key_name) VALUES ('false', 'sfu23kh7kl2hsj9yhpkufasme3kq4e1pNM200904120000000000000000000030', 'www.runwaysdk.com', 'sfu23kh7kl2hsj9yhpkufasme3kq4e1pNM200904120000000000000000000030');
INSERT INTO metadata_display_label ( default_locale, id, site_master, key_name) VALUES ('true', 'sz1bmndc5wcd2gjimdslvpkgv7zkrqk9NM200904120000000000000000000030', 'www.runwaysdk.com', 'sz1bmndc5wcd2gjimdslvpkgv7zkrqk9NM200904120000000000000000000030');
 INSERT INTO visibilitymodifier (set_id, item_id)  VALUES  ('0irfx279l3evmxzgngigdrdm8ziksj18', '20071109NM000000000000000000000520071109NM0000000000000000000001');
INSERT INTO metadata_display_label ( default_locale, id, site_master, key_name) VALUES ('Cancelable', '1vmfefm41zoy5weo33fuxj3qiykpyichNM200904120000000000000000000030', 'www.runwaysdk.com', '1vmfefm41zoy5weo33fuxj3qiykpyichNM200904120000000000000000000030');
 INSERT INTO visibilitymodifier (set_id, item_id)  VALUES  ('zc3031bzpcyukvc8z4tqh4j63lpt11z4', '20071109NM000000000000000000000520071109NM0000000000000000000001');
 INSERT INTO md_attribute_indicies (set_id, item_id)  VALUES  ('23hrxzl3qo5vx5wvgh2zqai7kx9z2ig6', '0000000000000000000000000000040100000000000000000000000000000403');
INSERT INTO metadata_display_label ( default_locale, id, site_master, key_name) VALUES ('Cancelable', '0ttq4nw0f9zcuqfnah9oku57w8krjc38NM200904120000000000000000000030', 'www.runwaysdk.com', '0ttq4nw0f9zcuqfnah9oku57w8krjc38NM200904120000000000000000000030');
INSERT INTO md_attribute_boolean ( negative_display_label, default_value, positive_display_label, id) VALUES ('sfu23kh7kl2hsj9yhpkufasme3kq4e1pNM200904120000000000000000000030', 0, 'sz1bmndc5wcd2gjimdslvpkgv7zkrqk9NM200904120000000000000000000030', '287mjg59yegv8h1krvaxjxu3eaccuz7n00000000000000000000000000000194');
INSERT INTO md_attribute_primitive ( id) VALUES ('287mjg59yegv8h1krvaxjxu3eaccuz7n00000000000000000000000000000194');
INSERT INTO md_attribute_concrete ( column_name, defining_md_class, setter_visibility, setter_visibility_c, immutable, index_name, generate_accessor, system, required, display_label, getter_visibility, getter_visibility_c, index_type, index_type_c, attribute_name, id) VALUES ('cancelable', 'x9npcsuyj3f5osrsrii4jv48kw8sckub00000000000000000000000000000001', '0irfx279l3evmxzgngigdrdm8ziksj18', '20071109NM000000000000000000000520071109NM0000000000000000000001', 0, 'a801om0rai1cxx0c08406ic2lwvzt2', 1, 0, 1, '1vmfefm41zoy5weo33fuxj3qiykpyichNM200904120000000000000000000030', 'zc3031bzpcyukvc8z4tqh4j63lpt11z4', '20071109NM000000000000000000000520071109NM0000000000000000000001', '23hrxzl3qo5vx5wvgh2zqai7kx9z2ig6', '0000000000000000000000000000040100000000000000000000000000000403', 'cancelable', '287mjg59yegv8h1krvaxjxu3eaccuz7n00000000000000000000000000000194');
INSERT INTO md_attribute ( id) VALUES ('287mjg59yegv8h1krvaxjxu3eaccuz7n00000000000000000000000000000194');
INSERT INTO metadata ( description, created_by, owner, id, create_date, seq, type, remove, site_master, locked_by, entity_domain, last_updated_by, last_update_date, key_name) VALUES ('0ttq4nw0f9zcuqfnah9oku57w8krjc38NM200904120000000000000000000030', '0000000000000000000000000000001000000000000000000000000000000003', '0000000000000000000000000000001000000000000000000000000000000003', '287mjg59yegv8h1krvaxjxu3eaccuz7n00000000000000000000000000000194', '2014-01-15 15:41:39', 4277, 'com.runwaysdk.system.metadata.MdAttributeBoolean', 1, 'www.runwaysdk.com', NULL, NULL, '0000000000000000000000000000001000000000000000000000000000000003', '2014-01-15 15:41:39', 'com.runwaysdk.system.scheduler.AbstractJob.cancelable');
ALTER TABLE abstract_job ADD COLUMN cancelable  int;
INSERT INTO class_attribute_concrete ( id, parent_id, child_id) VALUES ('7ceekqiuffljcachaisl6j6fr8greb6700000000000000000000000000000073', 'x9npcsuyj3f5osrsrii4jv48kw8sckub00000000000000000000000000000001', '287mjg59yegv8h1krvaxjxu3eaccuz7n00000000000000000000000000000194');
INSERT INTO class_attribute ( id, parent_id, child_id) VALUES ('7ceekqiuffljcachaisl6j6fr8greb6700000000000000000000000000000073', 'x9npcsuyj3f5osrsrii4jv48kw8sckub00000000000000000000000000000001', '287mjg59yegv8h1krvaxjxu3eaccuz7n00000000000000000000000000000194');
INSERT INTO metadata_relationship ( entity_domain, site_master, last_updated_by, id, owner, locked_by, create_date, type, created_by, seq, key_name, last_update_date, parent_id, child_id) VALUES (NULL, 'www.runwaysdk.com', '0000000000000000000000000000001000000000000000000000000000000003', '7ceekqiuffljcachaisl6j6fr8greb6700000000000000000000000000000073', '0000000000000000000000000000001000000000000000000000000000000003', NULL, '2014-01-15 15:41:39', 'com.runwaysdk.system.metadata.ClassAttributeConcrete', '0000000000000000000000000000001000000000000000000000000000000003', 4278, 'com.runwaysdk.system.scheduler.AbstractJob.cancelable', '2014-01-15 15:41:39', 'x9npcsuyj3f5osrsrii4jv48kw8sckub00000000000000000000000000000001', '287mjg59yegv8h1krvaxjxu3eaccuz7n00000000000000000000000000000194');
INSERT INTO metadata_display_label ( default_locale, id, site_master, key_name) VALUES ('false', 'xhsojogahugpjjogrvr5im16tdhphug0NM200904120000000000000000000030', 'www.runwaysdk.com', 'xhsojogahugpjjogrvr5im16tdhphug0NM200904120000000000000000000030');
INSERT INTO metadata_display_label ( default_locale, id, site_master, key_name) VALUES ('true', '2abx1wvaao1yanu117iwvolpme56am3kNM200904120000000000000000000030', 'www.runwaysdk.com', '2abx1wvaao1yanu117iwvolpme56am3kNM200904120000000000000000000030');
 INSERT INTO visibilitymodifier (set_id, item_id)  VALUES  ('6snue9exrmc1wki4lw5bspcsnf8gmhzz', '20071109NM000000000000000000000520071109NM0000000000000000000001');
INSERT INTO metadata_display_label ( default_locale, id, site_master, key_name) VALUES ('Canceled', 'zhfzc70o7sn7u67lfn9m1sncmubgjermNM200904120000000000000000000030', 'www.runwaysdk.com', 'zhfzc70o7sn7u67lfn9m1sncmubgjermNM200904120000000000000000000030');
 INSERT INTO visibilitymodifier (set_id, item_id)  VALUES  ('rdfw5unbb1a3yjegrkzkh7bz7ryzk3o9', '20071109NM000000000000000000000520071109NM0000000000000000000001');
 INSERT INTO md_attribute_indicies (set_id, item_id)  VALUES  ('75ohqse81c6dmvcew4vlrec2fy0csors', '0000000000000000000000000000040100000000000000000000000000000403');
INSERT INTO metadata_display_label ( default_locale, id, site_master, key_name) VALUES ('Canceled', 'xfnfpu2798oz8jlzp7ibceypcjb7708sNM200904120000000000000000000030', 'www.runwaysdk.com', 'xfnfpu2798oz8jlzp7ibceypcjb7708sNM200904120000000000000000000030');
INSERT INTO md_attribute_boolean ( negative_display_label, default_value, positive_display_label, id) VALUES ('xhsojogahugpjjogrvr5im16tdhphug0NM200904120000000000000000000030', 0, '2abx1wvaao1yanu117iwvolpme56am3kNM200904120000000000000000000030', 'qs88uzvzmfwx70fyxfghbicl4yli1yfs00000000000000000000000000000194');
INSERT INTO md_attribute_primitive ( id) VALUES ('qs88uzvzmfwx70fyxfghbicl4yli1yfs00000000000000000000000000000194');
INSERT INTO md_attribute_concrete ( column_name, defining_md_class, setter_visibility, setter_visibility_c, immutable, index_name, generate_accessor, system, required, display_label, getter_visibility, getter_visibility_c, index_type, index_type_c, attribute_name, id) VALUES ('canceled', 'x9npcsuyj3f5osrsrii4jv48kw8sckub00000000000000000000000000000001', '6snue9exrmc1wki4lw5bspcsnf8gmhzz', '20071109NM000000000000000000000520071109NM0000000000000000000001', 0, 'ac7rkwyuynhiye8ru5njm6q2n6q64b', 1, 0, 1, 'zhfzc70o7sn7u67lfn9m1sncmubgjermNM200904120000000000000000000030', 'rdfw5unbb1a3yjegrkzkh7bz7ryzk3o9', '20071109NM000000000000000000000520071109NM0000000000000000000001', '75ohqse81c6dmvcew4vlrec2fy0csors', '0000000000000000000000000000040100000000000000000000000000000403', 'canceled', 'qs88uzvzmfwx70fyxfghbicl4yli1yfs00000000000000000000000000000194');
INSERT INTO md_attribute ( id) VALUES ('qs88uzvzmfwx70fyxfghbicl4yli1yfs00000000000000000000000000000194');
INSERT INTO metadata ( description, created_by, owner, id, create_date, seq, type, remove, site_master, locked_by, entity_domain, last_updated_by, last_update_date, key_name) VALUES ('xfnfpu2798oz8jlzp7ibceypcjb7708sNM200904120000000000000000000030', '0000000000000000000000000000001000000000000000000000000000000003', '0000000000000000000000000000001000000000000000000000000000000003', 'qs88uzvzmfwx70fyxfghbicl4yli1yfs00000000000000000000000000000194', '2014-01-15 15:41:39', 4279, 'com.runwaysdk.system.metadata.MdAttributeBoolean', 1, 'www.runwaysdk.com', NULL, NULL, '0000000000000000000000000000001000000000000000000000000000000003', '2014-01-15 15:41:39', 'com.runwaysdk.system.scheduler.AbstractJob.canceled');
ALTER TABLE abstract_job ADD COLUMN canceled  int;
INSERT INTO class_attribute_concrete ( id, parent_id, child_id) VALUES ('0lj8zm7eyj4o2wtosv3i8kjfy5t4xfvw00000000000000000000000000000073', 'x9npcsuyj3f5osrsrii4jv48kw8sckub00000000000000000000000000000001', 'qs88uzvzmfwx70fyxfghbicl4yli1yfs00000000000000000000000000000194');
INSERT INTO class_attribute ( id, parent_id, child_id) VALUES ('0lj8zm7eyj4o2wtosv3i8kjfy5t4xfvw00000000000000000000000000000073', 'x9npcsuyj3f5osrsrii4jv48kw8sckub00000000000000000000000000000001', 'qs88uzvzmfwx70fyxfghbicl4yli1yfs00000000000000000000000000000194');
INSERT INTO metadata_relationship ( entity_domain, site_master, last_updated_by, id, owner, locked_by, create_date, type, created_by, seq, key_name, last_update_date, parent_id, child_id) VALUES (NULL, 'www.runwaysdk.com', '0000000000000000000000000000001000000000000000000000000000000003', '0lj8zm7eyj4o2wtosv3i8kjfy5t4xfvw00000000000000000000000000000073', '0000000000000000000000000000001000000000000000000000000000000003', NULL, '2014-01-15 15:41:39', 'com.runwaysdk.system.metadata.ClassAttributeConcrete', '0000000000000000000000000000001000000000000000000000000000000003', 4280, 'com.runwaysdk.system.scheduler.AbstractJob.canceled', '2014-01-15 15:41:39', 'x9npcsuyj3f5osrsrii4jv48kw8sckub00000000000000000000000000000001', 'qs88uzvzmfwx70fyxfghbicl4yli1yfs00000000000000000000000000000194');
INSERT INTO metadata_display_label ( default_locale, id, site_master, key_name) VALUES ('false', '8xssr20hl7iqlaxnq05nse732fzyyozgNM200904120000000000000000000030', 'www.runwaysdk.com', '8xssr20hl7iqlaxnq05nse732fzyyozgNM200904120000000000000000000030');
INSERT INTO metadata_display_label ( default_locale, id, site_master, key_name) VALUES ('true', 'qzqxrqgjhvex7x3evso8b4ihs1br5i95NM200904120000000000000000000030', 'www.runwaysdk.com', 'qzqxrqgjhvex7x3evso8b4ihs1br5i95NM200904120000000000000000000030');
 INSERT INTO visibilitymodifier (set_id, item_id)  VALUES  ('r1fozbvyl8jo58hmuko268ja3rv40dpc', '20071109NM000000000000000000000520071109NM0000000000000000000001');
INSERT INTO metadata_display_label ( default_locale, id, site_master, key_name) VALUES ('Running', '0lmc4kdd3vnwp1aqbi04vnuvwko8ygscNM200904120000000000000000000030', 'www.runwaysdk.com', '0lmc4kdd3vnwp1aqbi04vnuvwko8ygscNM200904120000000000000000000030');
 INSERT INTO visibilitymodifier (set_id, item_id)  VALUES  ('0hhxgk8itk7gemc2l1hhtp9a2fhgyyxy', '20071109NM000000000000000000000520071109NM0000000000000000000001');
 INSERT INTO md_attribute_indicies (set_id, item_id)  VALUES  ('73mhgwpadskgmqwfzshax0nha38vigod', '0000000000000000000000000000040100000000000000000000000000000403');
INSERT INTO metadata_display_label ( default_locale, id, site_master, key_name) VALUES ('Running', 'qkzfasr0lo4nu1hns6hpia0j8m2vkfpcNM200904120000000000000000000030', 'www.runwaysdk.com', 'qkzfasr0lo4nu1hns6hpia0j8m2vkfpcNM200904120000000000000000000030');
INSERT INTO md_attribute_boolean ( negative_display_label, default_value, positive_display_label, id) VALUES ('8xssr20hl7iqlaxnq05nse732fzyyozgNM200904120000000000000000000030', 0, 'qzqxrqgjhvex7x3evso8b4ihs1br5i95NM200904120000000000000000000030', 'qz5q0g5fzcbgan5v5vh5dndgvbbp3jf700000000000000000000000000000194');
INSERT INTO md_attribute_primitive ( id) VALUES ('qz5q0g5fzcbgan5v5vh5dndgvbbp3jf700000000000000000000000000000194');
INSERT INTO md_attribute_concrete ( column_name, defining_md_class, setter_visibility, setter_visibility_c, immutable, index_name, generate_accessor, system, required, display_label, getter_visibility, getter_visibility_c, index_type, index_type_c, attribute_name, id) VALUES ('running', 'x9npcsuyj3f5osrsrii4jv48kw8sckub00000000000000000000000000000001', 'r1fozbvyl8jo58hmuko268ja3rv40dpc', '20071109NM000000000000000000000520071109NM0000000000000000000001', 0, 'asx8vptplare26s5d9icqtkhxncjku', 1, 0, 1, '0lmc4kdd3vnwp1aqbi04vnuvwko8ygscNM200904120000000000000000000030', '0hhxgk8itk7gemc2l1hhtp9a2fhgyyxy', '20071109NM000000000000000000000520071109NM0000000000000000000001', '73mhgwpadskgmqwfzshax0nha38vigod', '0000000000000000000000000000040100000000000000000000000000000403', 'running', 'qz5q0g5fzcbgan5v5vh5dndgvbbp3jf700000000000000000000000000000194');
INSERT INTO md_attribute ( id) VALUES ('qz5q0g5fzcbgan5v5vh5dndgvbbp3jf700000000000000000000000000000194');
INSERT INTO metadata ( description, created_by, owner, id, create_date, seq, type, remove, site_master, locked_by, entity_domain, last_updated_by, last_update_date, key_name) VALUES ('qkzfasr0lo4nu1hns6hpia0j8m2vkfpcNM200904120000000000000000000030', '0000000000000000000000000000001000000000000000000000000000000003', '0000000000000000000000000000001000000000000000000000000000000003', 'qz5q0g5fzcbgan5v5vh5dndgvbbp3jf700000000000000000000000000000194', '2014-01-15 15:41:39', 4281, 'com.runwaysdk.system.metadata.MdAttributeBoolean', 1, 'www.runwaysdk.com', NULL, NULL, '0000000000000000000000000000001000000000000000000000000000000003', '2014-01-15 15:41:39', 'com.runwaysdk.system.scheduler.AbstractJob.running');
ALTER TABLE abstract_job ADD COLUMN running  int;
INSERT INTO class_attribute_concrete ( id, parent_id, child_id) VALUES ('svlalvpk8kur4n8brqzljmuhqc0qdcms00000000000000000000000000000073', 'x9npcsuyj3f5osrsrii4jv48kw8sckub00000000000000000000000000000001', 'qz5q0g5fzcbgan5v5vh5dndgvbbp3jf700000000000000000000000000000194');
INSERT INTO class_attribute ( id, parent_id, child_id) VALUES ('svlalvpk8kur4n8brqzljmuhqc0qdcms00000000000000000000000000000073', 'x9npcsuyj3f5osrsrii4jv48kw8sckub00000000000000000000000000000001', 'qz5q0g5fzcbgan5v5vh5dndgvbbp3jf700000000000000000000000000000194');
INSERT INTO metadata_relationship ( entity_domain, site_master, last_updated_by, id, owner, locked_by, create_date, type, created_by, seq, key_name, last_update_date, parent_id, child_id) VALUES (NULL, 'www.runwaysdk.com', '0000000000000000000000000000001000000000000000000000000000000003', 'svlalvpk8kur4n8brqzljmuhqc0qdcms00000000000000000000000000000073', '0000000000000000000000000000001000000000000000000000000000000003', NULL, '2014-01-15 15:41:39', 'com.runwaysdk.system.metadata.ClassAttributeConcrete', '0000000000000000000000000000001000000000000000000000000000000003', 4282, 'com.runwaysdk.system.scheduler.AbstractJob.running', '2014-01-15 15:41:39', 'x9npcsuyj3f5osrsrii4jv48kw8sckub00000000000000000000000000000001', 'qz5q0g5fzcbgan5v5vh5dndgvbbp3jf700000000000000000000000000000194');
 INSERT INTO visibilitymodifier (set_id, item_id)  VALUES  ('t06z4beg41145q5f36460elxhmu37evi', '20071109NM000000000000000000000520071109NM0000000000000000000001');
INSERT INTO metadata_display_label ( default_locale, id, site_master, key_name) VALUES ('Max Retries', 'zeemg8cvel3m82t9zbeskkit8l2a8q4jNM200904120000000000000000000030', 'www.runwaysdk.com', 'zeemg8cvel3m82t9zbeskkit8l2a8q4jNM200904120000000000000000000030');
 INSERT INTO visibilitymodifier (set_id, item_id)  VALUES  ('sqs32inc6hg5xs91r17ikd6zdkfn1ahg', '20071109NM000000000000000000000520071109NM0000000000000000000001');
 INSERT INTO md_attribute_indicies (set_id, item_id)  VALUES  ('qt6mu9uu61fzt1db8zx58gsgnyyni8lk', '0000000000000000000000000000040100000000000000000000000000000403');
INSERT INTO metadata_display_label ( default_locale, id, site_master, key_name) VALUES ('Max Retries', '6zsgaamgu3ljlfq2m2nmiuct9vhxxq9xNM200904120000000000000000000030', 'www.runwaysdk.com', '6zsgaamgu3ljlfq2m2nmiuct9vhxxq9xNM200904120000000000000000000030');
INSERT INTO md_attribute_integer ( start_range, default_value, end_range, id) VALUES (NULL, NULL, NULL, 'zm5x7qrdfjp0a9poulcqleo1y1pncwbp00000000000000000000000000000332');
INSERT INTO md_attribute_int ( id) VALUES ('zm5x7qrdfjp0a9poulcqleo1y1pncwbp00000000000000000000000000000332');
INSERT INTO md_attribute_number ( reject_negative, reject_zero, reject_positive, id) VALUES (1, 0, 0, 'zm5x7qrdfjp0a9poulcqleo1y1pncwbp00000000000000000000000000000332');
INSERT INTO md_attribute_primitive ( id) VALUES ('zm5x7qrdfjp0a9poulcqleo1y1pncwbp00000000000000000000000000000332');
INSERT INTO md_attribute_concrete ( column_name, defining_md_class, setter_visibility, setter_visibility_c, immutable, index_name, generate_accessor, system, required, display_label, getter_visibility, getter_visibility_c, index_type, index_type_c, attribute_name, id) VALUES ('max_retries', 'x9npcsuyj3f5osrsrii4jv48kw8sckub00000000000000000000000000000001', 't06z4beg41145q5f36460elxhmu37evi', '20071109NM000000000000000000000520071109NM0000000000000000000001', 0, 'ag95243ir4hw1lc26a6s1pgrqjqgot', 1, 0, 0, 'zeemg8cvel3m82t9zbeskkit8l2a8q4jNM200904120000000000000000000030', 'sqs32inc6hg5xs91r17ikd6zdkfn1ahg', '20071109NM000000000000000000000520071109NM0000000000000000000001', 'qt6mu9uu61fzt1db8zx58gsgnyyni8lk', '0000000000000000000000000000040100000000000000000000000000000403', 'maxRetries', 'zm5x7qrdfjp0a9poulcqleo1y1pncwbp00000000000000000000000000000332');
INSERT INTO md_attribute ( id) VALUES ('zm5x7qrdfjp0a9poulcqleo1y1pncwbp00000000000000000000000000000332');
INSERT INTO metadata ( description, created_by, owner, id, create_date, seq, type, remove, site_master, locked_by, entity_domain, last_updated_by, last_update_date, key_name) VALUES ('6zsgaamgu3ljlfq2m2nmiuct9vhxxq9xNM200904120000000000000000000030', '0000000000000000000000000000001000000000000000000000000000000003', '0000000000000000000000000000001000000000000000000000000000000003', 'zm5x7qrdfjp0a9poulcqleo1y1pncwbp00000000000000000000000000000332', '2014-01-15 15:41:39', 4283, 'com.runwaysdk.system.metadata.MdAttributeInteger', 1, 'www.runwaysdk.com', NULL, NULL, '0000000000000000000000000000001000000000000000000000000000000003', '2014-01-15 15:41:39', 'com.runwaysdk.system.scheduler.AbstractJob.maxRetries');
ALTER TABLE abstract_job ADD COLUMN max_retries  int;
INSERT INTO class_attribute_concrete ( id, parent_id, child_id) VALUES ('6tylxk5q2fyvp51fsb15u9rz10hdnr2p00000000000000000000000000000073', 'x9npcsuyj3f5osrsrii4jv48kw8sckub00000000000000000000000000000001', 'zm5x7qrdfjp0a9poulcqleo1y1pncwbp00000000000000000000000000000332');
INSERT INTO class_attribute ( id, parent_id, child_id) VALUES ('6tylxk5q2fyvp51fsb15u9rz10hdnr2p00000000000000000000000000000073', 'x9npcsuyj3f5osrsrii4jv48kw8sckub00000000000000000000000000000001', 'zm5x7qrdfjp0a9poulcqleo1y1pncwbp00000000000000000000000000000332');
INSERT INTO metadata_relationship ( entity_domain, site_master, last_updated_by, id, owner, locked_by, create_date, type, created_by, seq, key_name, last_update_date, parent_id, child_id) VALUES (NULL, 'www.runwaysdk.com', '0000000000000000000000000000001000000000000000000000000000000003', '6tylxk5q2fyvp51fsb15u9rz10hdnr2p00000000000000000000000000000073', '0000000000000000000000000000001000000000000000000000000000000003', NULL, '2014-01-15 15:41:39', 'com.runwaysdk.system.metadata.ClassAttributeConcrete', '0000000000000000000000000000001000000000000000000000000000000003', 4284, 'com.runwaysdk.system.scheduler.AbstractJob.maxRetries', '2014-01-15 15:41:39', 'x9npcsuyj3f5osrsrii4jv48kw8sckub00000000000000000000000000000001', 'zm5x7qrdfjp0a9poulcqleo1y1pncwbp00000000000000000000000000000332');
 INSERT INTO visibilitymodifier (set_id, item_id)  VALUES  ('z94jmrx9y3ejxq5zbb9rovjvmjwitpoe', '20071109NM000000000000000000000520071109NM0000000000000000000001');
INSERT INTO metadata_display_label ( default_locale, id, site_master, key_name) VALUES ('Retries', 'qvatwth29ghi4xksqazcjjrvsp2uu688NM200904120000000000000000000030', 'www.runwaysdk.com', 'qvatwth29ghi4xksqazcjjrvsp2uu688NM200904120000000000000000000030');
 INSERT INTO visibilitymodifier (set_id, item_id)  VALUES  ('6tdn1v7e1wkh4uijz7m1s60e5sm80kg0', '20071109NM000000000000000000000520071109NM0000000000000000000001');
 INSERT INTO md_attribute_indicies (set_id, item_id)  VALUES  ('xsh9ziawaloqeyccpsoeggdicoik2igz', '0000000000000000000000000000040100000000000000000000000000000403');
INSERT INTO metadata_display_label ( default_locale, id, site_master, key_name) VALUES ('Retries', '0ki6hg9wb89gcd25e2fhd1980ygrsjfjNM200904120000000000000000000030', 'www.runwaysdk.com', '0ki6hg9wb89gcd25e2fhd1980ygrsjfjNM200904120000000000000000000030');
INSERT INTO md_attribute_integer ( start_range, default_value, end_range, id) VALUES (NULL, NULL, NULL, 'r2o3x0fmh1izfxx2q6xkflzllo5gk5bo00000000000000000000000000000332');
INSERT INTO md_attribute_int ( id) VALUES ('r2o3x0fmh1izfxx2q6xkflzllo5gk5bo00000000000000000000000000000332');
INSERT INTO md_attribute_number ( reject_negative, reject_zero, reject_positive, id) VALUES (1, 0, 0, 'r2o3x0fmh1izfxx2q6xkflzllo5gk5bo00000000000000000000000000000332');
INSERT INTO md_attribute_primitive ( id) VALUES ('r2o3x0fmh1izfxx2q6xkflzllo5gk5bo00000000000000000000000000000332');
INSERT INTO md_attribute_concrete ( column_name, defining_md_class, setter_visibility, setter_visibility_c, immutable, index_name, generate_accessor, system, required, display_label, getter_visibility, getter_visibility_c, index_type, index_type_c, attribute_name, id) VALUES ('retries', 'x9npcsuyj3f5osrsrii4jv48kw8sckub00000000000000000000000000000001', 'z94jmrx9y3ejxq5zbb9rovjvmjwitpoe', '20071109NM000000000000000000000520071109NM0000000000000000000001', 0, 'a0hlqwup85neemzsd3mu9whvcxi9vw', 1, 0, 0, 'qvatwth29ghi4xksqazcjjrvsp2uu688NM200904120000000000000000000030', '6tdn1v7e1wkh4uijz7m1s60e5sm80kg0', '20071109NM000000000000000000000520071109NM0000000000000000000001', 'xsh9ziawaloqeyccpsoeggdicoik2igz', '0000000000000000000000000000040100000000000000000000000000000403', 'retries', 'r2o3x0fmh1izfxx2q6xkflzllo5gk5bo00000000000000000000000000000332');
INSERT INTO md_attribute ( id) VALUES ('r2o3x0fmh1izfxx2q6xkflzllo5gk5bo00000000000000000000000000000332');
INSERT INTO metadata ( description, created_by, owner, id, create_date, seq, type, remove, site_master, locked_by, entity_domain, last_updated_by, last_update_date, key_name) VALUES ('0ki6hg9wb89gcd25e2fhd1980ygrsjfjNM200904120000000000000000000030', '0000000000000000000000000000001000000000000000000000000000000003', '0000000000000000000000000000001000000000000000000000000000000003', 'r2o3x0fmh1izfxx2q6xkflzllo5gk5bo00000000000000000000000000000332', '2014-01-15 15:41:39', 4285, 'com.runwaysdk.system.metadata.MdAttributeInteger', 1, 'www.runwaysdk.com', NULL, NULL, '0000000000000000000000000000001000000000000000000000000000000003', '2014-01-15 15:41:39', 'com.runwaysdk.system.scheduler.AbstractJob.retries');
ALTER TABLE abstract_job ADD COLUMN retries  int;
INSERT INTO class_attribute_concrete ( id, parent_id, child_id) VALUES ('1utgp0w99jbdyrb416vjskt5ngwztnzf00000000000000000000000000000073', 'x9npcsuyj3f5osrsrii4jv48kw8sckub00000000000000000000000000000001', 'r2o3x0fmh1izfxx2q6xkflzllo5gk5bo00000000000000000000000000000332');
INSERT INTO class_attribute ( id, parent_id, child_id) VALUES ('1utgp0w99jbdyrb416vjskt5ngwztnzf00000000000000000000000000000073', 'x9npcsuyj3f5osrsrii4jv48kw8sckub00000000000000000000000000000001', 'r2o3x0fmh1izfxx2q6xkflzllo5gk5bo00000000000000000000000000000332');
INSERT INTO metadata_relationship ( entity_domain, site_master, last_updated_by, id, owner, locked_by, create_date, type, created_by, seq, key_name, last_update_date, parent_id, child_id) VALUES (NULL, 'www.runwaysdk.com', '0000000000000000000000000000001000000000000000000000000000000003', '1utgp0w99jbdyrb416vjskt5ngwztnzf00000000000000000000000000000073', '0000000000000000000000000000001000000000000000000000000000000003', NULL, '2014-01-15 15:41:39', 'com.runwaysdk.system.metadata.ClassAttributeConcrete', '0000000000000000000000000000001000000000000000000000000000000003', 4286, 'com.runwaysdk.system.scheduler.AbstractJob.retries', '2014-01-15 15:41:39', 'x9npcsuyj3f5osrsrii4jv48kw8sckub00000000000000000000000000000001', 'r2o3x0fmh1izfxx2q6xkflzllo5gk5bo00000000000000000000000000000332');
 INSERT INTO visibilitymodifier (set_id, item_id)  VALUES  ('zfhywp530zek1bh6l6d5dc2lvv4h4tg2', '20071109NM000000000000000000000520071109NM0000000000000000000001');
INSERT INTO metadata_display_label ( default_locale, id, site_master, key_name) VALUES ('Timeout', 'z08sqigdn0z4boiajbylmo2sqifaha9fNM200904120000000000000000000030', 'www.runwaysdk.com', 'z08sqigdn0z4boiajbylmo2sqifaha9fNM200904120000000000000000000030');
 INSERT INTO visibilitymodifier (set_id, item_id)  VALUES  ('zhcnybahugi4qik3ksru28qrk1hew1vf', '20071109NM000000000000000000000520071109NM0000000000000000000001');
 INSERT INTO md_attribute_indicies (set_id, item_id)  VALUES  ('8wsmflcjq0sur9otd65p17jyj9oyvbl6', '0000000000000000000000000000040100000000000000000000000000000403');
INSERT INTO metadata_display_label ( default_locale, id, site_master, key_name) VALUES ('Timeout', '0l445up4wn5iuwkf8s3g0vpdyc3qqstiNM200904120000000000000000000030', 'www.runwaysdk.com', '0l445up4wn5iuwkf8s3g0vpdyc3qqstiNM200904120000000000000000000030');
INSERT INTO md_attribute_long ( end_range, default_value, start_range, id) VALUES (NULL, NULL, NULL, '8xweq7wpomkr7y2pw79frm4b8pyxyv4o00000000000000000000000000000338');
INSERT INTO md_attribute_int ( id) VALUES ('8xweq7wpomkr7y2pw79frm4b8pyxyv4o00000000000000000000000000000338');
INSERT INTO md_attribute_number ( reject_negative, reject_zero, reject_positive, id) VALUES (1, 0, 0, '8xweq7wpomkr7y2pw79frm4b8pyxyv4o00000000000000000000000000000338');
INSERT INTO md_attribute_primitive ( id) VALUES ('8xweq7wpomkr7y2pw79frm4b8pyxyv4o00000000000000000000000000000338');
INSERT INTO md_attribute_concrete ( column_name, defining_md_class, setter_visibility, setter_visibility_c, immutable, index_name, generate_accessor, system, required, display_label, getter_visibility, getter_visibility_c, index_type, index_type_c, attribute_name, id) VALUES ('timeout', 'x9npcsuyj3f5osrsrii4jv48kw8sckub00000000000000000000000000000001', 'zfhywp530zek1bh6l6d5dc2lvv4h4tg2', '20071109NM000000000000000000000520071109NM0000000000000000000001', 0, 'akvpauskxd0n3m7y8ctnz54x7lztx9', 1, 0, 0, 'z08sqigdn0z4boiajbylmo2sqifaha9fNM200904120000000000000000000030', 'zhcnybahugi4qik3ksru28qrk1hew1vf', '20071109NM000000000000000000000520071109NM0000000000000000000001', '8wsmflcjq0sur9otd65p17jyj9oyvbl6', '0000000000000000000000000000040100000000000000000000000000000403', 'timeout', '8xweq7wpomkr7y2pw79frm4b8pyxyv4o00000000000000000000000000000338');
INSERT INTO md_attribute ( id) VALUES ('8xweq7wpomkr7y2pw79frm4b8pyxyv4o00000000000000000000000000000338');
INSERT INTO metadata ( description, created_by, owner, id, create_date, seq, type, remove, site_master, locked_by, entity_domain, last_updated_by, last_update_date, key_name) VALUES ('0l445up4wn5iuwkf8s3g0vpdyc3qqstiNM200904120000000000000000000030', '0000000000000000000000000000001000000000000000000000000000000003', '0000000000000000000000000000001000000000000000000000000000000003', '8xweq7wpomkr7y2pw79frm4b8pyxyv4o00000000000000000000000000000338', '2014-01-15 15:41:39', 4287, 'com.runwaysdk.system.metadata.MdAttributeLong', 1, 'www.runwaysdk.com', NULL, NULL, '0000000000000000000000000000001000000000000000000000000000000003', '2014-01-15 15:41:39', 'com.runwaysdk.system.scheduler.AbstractJob.timeout');
ALTER TABLE abstract_job ADD COLUMN timeout  bigint;
INSERT INTO class_attribute_concrete ( id, parent_id, child_id) VALUES ('qps77i1zivon8vmme9nr3o28cj40ichp00000000000000000000000000000073', 'x9npcsuyj3f5osrsrii4jv48kw8sckub00000000000000000000000000000001', '8xweq7wpomkr7y2pw79frm4b8pyxyv4o00000000000000000000000000000338');
INSERT INTO class_attribute ( id, parent_id, child_id) VALUES ('qps77i1zivon8vmme9nr3o28cj40ichp00000000000000000000000000000073', 'x9npcsuyj3f5osrsrii4jv48kw8sckub00000000000000000000000000000001', '8xweq7wpomkr7y2pw79frm4b8pyxyv4o00000000000000000000000000000338');
INSERT INTO metadata_relationship ( entity_domain, site_master, last_updated_by, id, owner, locked_by, create_date, type, created_by, seq, key_name, last_update_date, parent_id, child_id) VALUES (NULL, 'www.runwaysdk.com', '0000000000000000000000000000001000000000000000000000000000000003', 'qps77i1zivon8vmme9nr3o28cj40ichp00000000000000000000000000000073', '0000000000000000000000000000001000000000000000000000000000000003', NULL, '2014-01-15 15:41:39', 'com.runwaysdk.system.metadata.ClassAttributeConcrete', '0000000000000000000000000000001000000000000000000000000000000003', 4288, 'com.runwaysdk.system.scheduler.AbstractJob.timeout', '2014-01-15 15:41:39', 'x9npcsuyj3f5osrsrii4jv48kw8sckub00000000000000000000000000000001', '8xweq7wpomkr7y2pw79frm4b8pyxyv4o00000000000000000000000000000338');
 INSERT INTO visibilitymodifier (set_id, item_id)  VALUES  ('x9g3h1dqmuslvkskz1epqq6iz37v28py', '20071109NM000000000000000000000520071109NM0000000000000000000001');
INSERT INTO metadata_display_label ( default_locale, id, site_master, key_name) VALUES ('Cron Expression', '8t4rnwqi3axw9yb0f1x2xvhfwfbw3twnNM200904120000000000000000000030', 'www.runwaysdk.com', '8t4rnwqi3axw9yb0f1x2xvhfwfbw3twnNM200904120000000000000000000030');
 INSERT INTO visibilitymodifier (set_id, item_id)  VALUES  ('ze6ozzse8kuf5frlvkln5w1x9r0tf35d', '20071109NM000000000000000000000520071109NM0000000000000000000001');
 INSERT INTO md_attribute_indicies (set_id, item_id)  VALUES  ('2abwcs85fxynx2bk9nns3r1q4r7p709e', '0000000000000000000000000000040100000000000000000000000000000403');
INSERT INTO metadata_display_label ( default_locale, id, site_master, key_name) VALUES ('Cron Expression', 'sshzt55bu6jgnssdxec0ykjo8jh2mazgNM200904120000000000000000000030', 'www.runwaysdk.com', 'sshzt55bu6jgnssdxec0ykjo8jh2mazgNM200904120000000000000000000030');
INSERT INTO md_attribute_character ( default_value, database_size, id) VALUES (NULL, 60, 't1zazseavtvu976mbvzbehq7vhtlbkx800000000000000000000000000000138');
INSERT INTO md_attribute_char ( id) VALUES ('t1zazseavtvu976mbvzbehq7vhtlbkx800000000000000000000000000000138');
INSERT INTO md_attribute_primitive ( id) VALUES ('t1zazseavtvu976mbvzbehq7vhtlbkx800000000000000000000000000000138');
INSERT INTO md_attribute_concrete ( column_name, defining_md_class, setter_visibility, setter_visibility_c, immutable, index_name, generate_accessor, system, required, display_label, getter_visibility, getter_visibility_c, index_type, index_type_c, attribute_name, id) VALUES ('cron_expression', 'x9npcsuyj3f5osrsrii4jv48kw8sckub00000000000000000000000000000001', 'x9g3h1dqmuslvkskz1epqq6iz37v28py', '20071109NM000000000000000000000520071109NM0000000000000000000001', 0, 'ab5txjihdbgpfyp3isbrm1yus893jy', 1, 0, 0, '8t4rnwqi3axw9yb0f1x2xvhfwfbw3twnNM200904120000000000000000000030', 'ze6ozzse8kuf5frlvkln5w1x9r0tf35d', '20071109NM000000000000000000000520071109NM0000000000000000000001', '2abwcs85fxynx2bk9nns3r1q4r7p709e', '0000000000000000000000000000040100000000000000000000000000000403', 'cronExpression', 't1zazseavtvu976mbvzbehq7vhtlbkx800000000000000000000000000000138');
INSERT INTO md_attribute ( id) VALUES ('t1zazseavtvu976mbvzbehq7vhtlbkx800000000000000000000000000000138');
INSERT INTO metadata ( description, created_by, owner, id, create_date, seq, type, remove, site_master, locked_by, entity_domain, last_updated_by, last_update_date, key_name) VALUES ('sshzt55bu6jgnssdxec0ykjo8jh2mazgNM200904120000000000000000000030', '0000000000000000000000000000001000000000000000000000000000000003', '0000000000000000000000000000001000000000000000000000000000000003', 't1zazseavtvu976mbvzbehq7vhtlbkx800000000000000000000000000000138', '2014-01-15 15:41:39', 4289, 'com.runwaysdk.system.metadata.MdAttributeCharacter', 1, 'www.runwaysdk.com', NULL, NULL, '0000000000000000000000000000001000000000000000000000000000000003', '2014-01-15 15:41:39', 'com.runwaysdk.system.scheduler.AbstractJob.cronExpression');
ALTER TABLE abstract_job ADD COLUMN cron_expression  varchar(60);
INSERT INTO class_attribute_concrete ( id, parent_id, child_id) VALUES ('8hjmua7b0jmif4jerpeflth3m63m4miq00000000000000000000000000000073', 'x9npcsuyj3f5osrsrii4jv48kw8sckub00000000000000000000000000000001', 't1zazseavtvu976mbvzbehq7vhtlbkx800000000000000000000000000000138');
INSERT INTO class_attribute ( id, parent_id, child_id) VALUES ('8hjmua7b0jmif4jerpeflth3m63m4miq00000000000000000000000000000073', 'x9npcsuyj3f5osrsrii4jv48kw8sckub00000000000000000000000000000001', 't1zazseavtvu976mbvzbehq7vhtlbkx800000000000000000000000000000138');
INSERT INTO metadata_relationship ( entity_domain, site_master, last_updated_by, id, owner, locked_by, create_date, type, created_by, seq, key_name, last_update_date, parent_id, child_id) VALUES (NULL, 'www.runwaysdk.com', '0000000000000000000000000000001000000000000000000000000000000003', '8hjmua7b0jmif4jerpeflth3m63m4miq00000000000000000000000000000073', '0000000000000000000000000000001000000000000000000000000000000003', NULL, '2014-01-15 15:41:39', 'com.runwaysdk.system.metadata.ClassAttributeConcrete', '0000000000000000000000000000001000000000000000000000000000000003', 4290, 'com.runwaysdk.system.scheduler.AbstractJob.cronExpression', '2014-01-15 15:41:39', 'x9npcsuyj3f5osrsrii4jv48kw8sckub00000000000000000000000000000001', 't1zazseavtvu976mbvzbehq7vhtlbkx800000000000000000000000000000138');
 INSERT INTO visibilitymodifier (set_id, item_id)  VALUES  ('x8jbqei9vxy3igs4vcznnqefbaqmz6q1', '20071109NM000000000000000000000520071109NM0000000000000000000001');
INSERT INTO metadata_display_label ( default_locale, id, site_master, key_name) VALUES ('Start Time', 'r96m61t4zfoy35wl21v0rdp3jqq03ckgNM200904120000000000000000000030', 'www.runwaysdk.com', 'r96m61t4zfoy35wl21v0rdp3jqq03ckgNM200904120000000000000000000030');
 INSERT INTO visibilitymodifier (set_id, item_id)  VALUES  ('0aciectieovfd8bm2n1kdw8vgyu8mies', '20071109NM000000000000000000000520071109NM0000000000000000000001');
 INSERT INTO md_attribute_indicies (set_id, item_id)  VALUES  ('xofig5iq12orcoeb3yfs0nao8xqfi4ha', '0000000000000000000000000000040100000000000000000000000000000403');
INSERT INTO metadata_display_label ( default_locale, id, site_master, key_name) VALUES ('Start Time', 'znnbsmbzaxnr5kdl0iy03u7y4f7tlt53NM200904120000000000000000000030', 'www.runwaysdk.com', 'znnbsmbzaxnr5kdl0iy03u7y4f7tlt53NM200904120000000000000000000030');
INSERT INTO md_attribute_datetime ( default_value, id) VALUES (NULL, '77x7r66fezua5m89euaacakfon9bstz600000000000000000000000000000341');
INSERT INTO md_attribute_moment ( id) VALUES ('77x7r66fezua5m89euaacakfon9bstz600000000000000000000000000000341');
INSERT INTO md_attribute_primitive ( id) VALUES ('77x7r66fezua5m89euaacakfon9bstz600000000000000000000000000000341');
INSERT INTO md_attribute_concrete ( column_name, defining_md_class, setter_visibility, setter_visibility_c, immutable, index_name, generate_accessor, system, required, display_label, getter_visibility, getter_visibility_c, index_type, index_type_c, attribute_name, id) VALUES ('start_time', 'x9npcsuyj3f5osrsrii4jv48kw8sckub00000000000000000000000000000001', 'x8jbqei9vxy3igs4vcznnqefbaqmz6q1', '20071109NM000000000000000000000520071109NM0000000000000000000001', 0, 'atip6a46g3tknuuxqvqnapqtvegr9v', 1, 0, 0, 'r96m61t4zfoy35wl21v0rdp3jqq03ckgNM200904120000000000000000000030', '0aciectieovfd8bm2n1kdw8vgyu8mies', '20071109NM000000000000000000000520071109NM0000000000000000000001', 'xofig5iq12orcoeb3yfs0nao8xqfi4ha', '0000000000000000000000000000040100000000000000000000000000000403', 'startTime', '77x7r66fezua5m89euaacakfon9bstz600000000000000000000000000000341');
INSERT INTO md_attribute ( id) VALUES ('77x7r66fezua5m89euaacakfon9bstz600000000000000000000000000000341');
INSERT INTO metadata ( description, created_by, owner, id, create_date, seq, type, remove, site_master, locked_by, entity_domain, last_updated_by, last_update_date, key_name) VALUES ('znnbsmbzaxnr5kdl0iy03u7y4f7tlt53NM200904120000000000000000000030', '0000000000000000000000000000001000000000000000000000000000000003', '0000000000000000000000000000001000000000000000000000000000000003', '77x7r66fezua5m89euaacakfon9bstz600000000000000000000000000000341', '2014-01-15 15:41:39', 4291, 'com.runwaysdk.system.metadata.MdAttributeDateTime', 1, 'www.runwaysdk.com', NULL, NULL, '0000000000000000000000000000001000000000000000000000000000000003', '2014-01-15 15:41:39', 'com.runwaysdk.system.scheduler.AbstractJob.startTime');
ALTER TABLE abstract_job ADD COLUMN start_time  timestamp;
INSERT INTO class_attribute_concrete ( id, parent_id, child_id) VALUES ('26h9cf5l120xjpcrgpgpsy81seq2wbs700000000000000000000000000000073', 'x9npcsuyj3f5osrsrii4jv48kw8sckub00000000000000000000000000000001', '77x7r66fezua5m89euaacakfon9bstz600000000000000000000000000000341');
INSERT INTO class_attribute ( id, parent_id, child_id) VALUES ('26h9cf5l120xjpcrgpgpsy81seq2wbs700000000000000000000000000000073', 'x9npcsuyj3f5osrsrii4jv48kw8sckub00000000000000000000000000000001', '77x7r66fezua5m89euaacakfon9bstz600000000000000000000000000000341');
INSERT INTO metadata_relationship ( entity_domain, site_master, last_updated_by, id, owner, locked_by, create_date, type, created_by, seq, key_name, last_update_date, parent_id, child_id) VALUES (NULL, 'www.runwaysdk.com', '0000000000000000000000000000001000000000000000000000000000000003', '26h9cf5l120xjpcrgpgpsy81seq2wbs700000000000000000000000000000073', '0000000000000000000000000000001000000000000000000000000000000003', NULL, '2014-01-15 15:41:39', 'com.runwaysdk.system.metadata.ClassAttributeConcrete', '0000000000000000000000000000001000000000000000000000000000000003', 4292, 'com.runwaysdk.system.scheduler.AbstractJob.startTime', '2014-01-15 15:41:39', 'x9npcsuyj3f5osrsrii4jv48kw8sckub00000000000000000000000000000001', '77x7r66fezua5m89euaacakfon9bstz600000000000000000000000000000341');
 INSERT INTO visibilitymodifier (set_id, item_id)  VALUES  ('747l51uka9vwq34zx4pzqzes0w8f0698', '20071109NM000000000000000000000520071109NM0000000000000000000001');
INSERT INTO metadata_display_label ( default_locale, id, site_master, key_name) VALUES ('End Time', '2hhpvqx2gdyg4idgniivy4300fwv33s1NM200904120000000000000000000030', 'www.runwaysdk.com', '2hhpvqx2gdyg4idgniivy4300fwv33s1NM200904120000000000000000000030');
 INSERT INTO visibilitymodifier (set_id, item_id)  VALUES  ('70kstmck0gli3rhes2bomu3m6bq85zj9', '20071109NM000000000000000000000520071109NM0000000000000000000001');
 INSERT INTO md_attribute_indicies (set_id, item_id)  VALUES  ('z52x606y2tho3cnbzkd0kwg2pjtdx4bo', '0000000000000000000000000000040100000000000000000000000000000403');
INSERT INTO metadata_display_label ( default_locale, id, site_master, key_name) VALUES ('End Time', '7fm18q61o6mkgkis4d3i8r8lpk1bicmfNM200904120000000000000000000030', 'www.runwaysdk.com', '7fm18q61o6mkgkis4d3i8r8lpk1bicmfNM200904120000000000000000000030');
INSERT INTO md_attribute_datetime ( default_value, id) VALUES (NULL, '7fwkq3ku2zbl46809w2icgxwzf9zhvma00000000000000000000000000000341');
INSERT INTO md_attribute_moment ( id) VALUES ('7fwkq3ku2zbl46809w2icgxwzf9zhvma00000000000000000000000000000341');
INSERT INTO md_attribute_primitive ( id) VALUES ('7fwkq3ku2zbl46809w2icgxwzf9zhvma00000000000000000000000000000341');
INSERT INTO md_attribute_concrete ( column_name, defining_md_class, setter_visibility, setter_visibility_c, immutable, index_name, generate_accessor, system, required, display_label, getter_visibility, getter_visibility_c, index_type, index_type_c, attribute_name, id) VALUES ('end_time', 'x9npcsuyj3f5osrsrii4jv48kw8sckub00000000000000000000000000000001', '747l51uka9vwq34zx4pzqzes0w8f0698', '20071109NM000000000000000000000520071109NM0000000000000000000001', 0, 'ab4wcfxmpmhlmhxxp47utzlfpiadum', 1, 0, 0, '2hhpvqx2gdyg4idgniivy4300fwv33s1NM200904120000000000000000000030', '70kstmck0gli3rhes2bomu3m6bq85zj9', '20071109NM000000000000000000000520071109NM0000000000000000000001', 'z52x606y2tho3cnbzkd0kwg2pjtdx4bo', '0000000000000000000000000000040100000000000000000000000000000403', 'endTime', '7fwkq3ku2zbl46809w2icgxwzf9zhvma00000000000000000000000000000341');
INSERT INTO md_attribute ( id) VALUES ('7fwkq3ku2zbl46809w2icgxwzf9zhvma00000000000000000000000000000341');
INSERT INTO metadata ( description, created_by, owner, id, create_date, seq, type, remove, site_master, locked_by, entity_domain, last_updated_by, last_update_date, key_name) VALUES ('7fm18q61o6mkgkis4d3i8r8lpk1bicmfNM200904120000000000000000000030', '0000000000000000000000000000001000000000000000000000000000000003', '0000000000000000000000000000001000000000000000000000000000000003', '7fwkq3ku2zbl46809w2icgxwzf9zhvma00000000000000000000000000000341', '2014-01-15 15:41:39', 4293, 'com.runwaysdk.system.metadata.MdAttributeDateTime', 1, 'www.runwaysdk.com', NULL, NULL, '0000000000000000000000000000001000000000000000000000000000000003', '2014-01-15 15:41:39', 'com.runwaysdk.system.scheduler.AbstractJob.endTime');
ALTER TABLE abstract_job ADD COLUMN end_time  timestamp;
INSERT INTO class_attribute_concrete ( id, parent_id, child_id) VALUES ('0bxuiepe6m665pzumt7yi0g4rc5kpu8m00000000000000000000000000000073', 'x9npcsuyj3f5osrsrii4jv48kw8sckub00000000000000000000000000000001', '7fwkq3ku2zbl46809w2icgxwzf9zhvma00000000000000000000000000000341');
INSERT INTO class_attribute ( id, parent_id, child_id) VALUES ('0bxuiepe6m665pzumt7yi0g4rc5kpu8m00000000000000000000000000000073', 'x9npcsuyj3f5osrsrii4jv48kw8sckub00000000000000000000000000000001', '7fwkq3ku2zbl46809w2icgxwzf9zhvma00000000000000000000000000000341');
INSERT INTO metadata_relationship ( entity_domain, site_master, last_updated_by, id, owner, locked_by, create_date, type, created_by, seq, key_name, last_update_date, parent_id, child_id) VALUES (NULL, 'www.runwaysdk.com', '0000000000000000000000000000001000000000000000000000000000000003', '0bxuiepe6m665pzumt7yi0g4rc5kpu8m00000000000000000000000000000073', '0000000000000000000000000000001000000000000000000000000000000003', NULL, '2014-01-15 15:41:39', 'com.runwaysdk.system.metadata.ClassAttributeConcrete', '0000000000000000000000000000001000000000000000000000000000000003', 4294, 'com.runwaysdk.system.scheduler.AbstractJob.endTime', '2014-01-15 15:41:39', 'x9npcsuyj3f5osrsrii4jv48kw8sckub00000000000000000000000000000001', '7fwkq3ku2zbl46809w2icgxwzf9zhvma00000000000000000000000000000341');
 INSERT INTO visibilitymodifier (set_id, item_id)  VALUES  ('qy4nymx5im0p9c8ssw259fxm6u626h9t', '20071109NM000000000000000000000520071109NM0000000000000000000001');
INSERT INTO metadata_display_label ( default_locale, id, site_master, key_name) VALUES ('Job Operation', '6timzpye4un8egnjzm30bcr2dpdis3twNM200904120000000000000000000030', 'www.runwaysdk.com', '6timzpye4un8egnjzm30bcr2dpdis3twNM200904120000000000000000000030');
 INSERT INTO visibilitymodifier (set_id, item_id)  VALUES  ('x9jhudt93roo5d7mpocwyfekql91ltss', '20071109NM000000000000000000000520071109NM0000000000000000000001');
 INSERT INTO md_attribute_indicies (set_id, item_id)  VALUES  ('xxo1hr7l7f5c5nslwj0w8fmpm71lze5u', '0000000000000000000000000000040100000000000000000000000000000403');
INSERT INTO metadata_display_label ( default_locale, id, site_master, key_name) VALUES ('The current Job Operation called on the Job.', '6q9828k0efa5yi3gnqsnpt8nsb3amog7NM200904120000000000000000000030', 'www.runwaysdk.com', '6q9828k0efa5yi3gnqsnpt8nsb3amog7NM200904120000000000000000000030');
INSERT INTO md_attribute_enumeration ( select_multiple, md_enumeration, default_value, cache_column_name, id) VALUES (0, 'z6fetp4nocazk7tyqtsm55nfz1ow650g00000000000000000000000000000196', NULL, 'job_operation_c', '7f6g7o9j5k8opv787p8le3kg4pg3qdal00000000000000000000000000000216');
INSERT INTO md_attribute_ref ( id) VALUES ('7f6g7o9j5k8opv787p8le3kg4pg3qdal00000000000000000000000000000216');
INSERT INTO md_attribute_concrete ( column_name, defining_md_class, setter_visibility, setter_visibility_c, immutable, index_name, generate_accessor, system, required, display_label, getter_visibility, getter_visibility_c, index_type, index_type_c, attribute_name, id) VALUES ('job_operation', 'x9npcsuyj3f5osrsrii4jv48kw8sckub00000000000000000000000000000001', 'qy4nymx5im0p9c8ssw259fxm6u626h9t', '20071109NM000000000000000000000520071109NM0000000000000000000001', 0, 'aka1iirm0qbxx7zrboa6kvqrjan1ol', 1, 0, 0, '6timzpye4un8egnjzm30bcr2dpdis3twNM200904120000000000000000000030', 'x9jhudt93roo5d7mpocwyfekql91ltss', '20071109NM000000000000000000000520071109NM0000000000000000000001', 'xxo1hr7l7f5c5nslwj0w8fmpm71lze5u', '0000000000000000000000000000040100000000000000000000000000000403', 'jobOperation', '7f6g7o9j5k8opv787p8le3kg4pg3qdal00000000000000000000000000000216');
INSERT INTO md_attribute ( id) VALUES ('7f6g7o9j5k8opv787p8le3kg4pg3qdal00000000000000000000000000000216');
INSERT INTO metadata ( description, created_by, owner, id, create_date, seq, type, remove, site_master, locked_by, entity_domain, last_updated_by, last_update_date, key_name) VALUES ('6q9828k0efa5yi3gnqsnpt8nsb3amog7NM200904120000000000000000000030', '0000000000000000000000000000001000000000000000000000000000000003', '0000000000000000000000000000001000000000000000000000000000000003', '7f6g7o9j5k8opv787p8le3kg4pg3qdal00000000000000000000000000000216', '2014-01-15 15:41:39', 4295, 'com.runwaysdk.system.metadata.MdAttributeEnumeration', 1, 'www.runwaysdk.com', NULL, NULL, '0000000000000000000000000000001000000000000000000000000000000003', '2014-01-15 15:41:39', 'com.runwaysdk.system.scheduler.AbstractJob.jobOperation');
ALTER TABLE abstract_job ADD COLUMN job_operation  char(32);
ALTER TABLE abstract_job ADD COLUMN job_operation_c  text;
INSERT INTO class_attribute_concrete ( id, parent_id, child_id) VALUES ('xtf15wcrzzbw9kkl1wdf1yanp83fa60r00000000000000000000000000000073', 'x9npcsuyj3f5osrsrii4jv48kw8sckub00000000000000000000000000000001', '7f6g7o9j5k8opv787p8le3kg4pg3qdal00000000000000000000000000000216');
INSERT INTO class_attribute ( id, parent_id, child_id) VALUES ('xtf15wcrzzbw9kkl1wdf1yanp83fa60r00000000000000000000000000000073', 'x9npcsuyj3f5osrsrii4jv48kw8sckub00000000000000000000000000000001', '7f6g7o9j5k8opv787p8le3kg4pg3qdal00000000000000000000000000000216');
INSERT INTO metadata_relationship ( entity_domain, site_master, last_updated_by, id, owner, locked_by, create_date, type, created_by, seq, key_name, last_update_date, parent_id, child_id) VALUES (NULL, 'www.runwaysdk.com', '0000000000000000000000000000001000000000000000000000000000000003', 'xtf15wcrzzbw9kkl1wdf1yanp83fa60r00000000000000000000000000000073', '0000000000000000000000000000001000000000000000000000000000000003', NULL, '2014-01-15 15:41:39', 'com.runwaysdk.system.metadata.ClassAttributeConcrete', '0000000000000000000000000000001000000000000000000000000000000003', 4296, 'com.runwaysdk.system.scheduler.AbstractJob.jobOperation', '2014-01-15 15:41:39', 'x9npcsuyj3f5osrsrii4jv48kw8sckub00000000000000000000000000000001', '7f6g7o9j5k8opv787p8le3kg4pg3qdal00000000000000000000000000000216');
 INSERT INTO class_cache (set_id, item_id)  VALUES  ('23y6ey0qq2jqa18ulft6jlxk6i6kaxv2', '0000000000000000000000000000023000000000000000000000000000000222');
INSERT INTO metadata_display_label ( default_locale, id, site_master, key_name) VALUES ('Executable Job', '8le0xahqpf9zhdt2hdm301jce1pzl1k1NM200904120000000000000000000030', 'www.runwaysdk.com', '8le0xahqpf9zhdt2hdm301jce1pzl1k1NM200904120000000000000000000030');
INSERT INTO metadata_display_label ( default_locale, id, site_master, key_name) VALUES ('Executable Job', '08gpgba1z7ze7w1cn9y29z35yh2sy7fhNM200904120000000000000000000030', 'www.runwaysdk.com', '08gpgba1z7ze7w1cn9y29z35yh2sy7fhNM200904120000000000000000000030');
INSERT INTO md_business ( cache_algorithm, cache_algorithm_c, super_md_business, id) VALUES ('23y6ey0qq2jqa18ulft6jlxk6i6kaxv2', '0000000000000000000000000000023000000000000000000000000000000222', 'x9npcsuyj3f5osrsrii4jv48kw8sckub00000000000000000000000000000001', 'sj0kryjbvcxwli9wrnrh45x42908heeo00000000000000000000000000000001');
INSERT INTO md_element ( extendable, is_abstract, id) VALUES (1, 1, 'sj0kryjbvcxwli9wrnrh45x42908heeo00000000000000000000000000000001');
INSERT INTO md_entity ( query_dto_source, query_source, cache_size, enforce_site_master, table_name, id) VALUES (NULL, NULL, 0, 1, 'executable_job', 'sj0kryjbvcxwli9wrnrh45x42908heeo00000000000000000000000000000001');
INSERT INTO md_class ( publish, stub_dto_source, stub_source, id) VALUES (1, NULL, NULL, 'sj0kryjbvcxwli9wrnrh45x42908heeo00000000000000000000000000000001');
INSERT INTO md_type ( display_label, root_id, package_name, type_name, base_source, js_base, js_stub, exported, dto_source, id) VALUES ('8le0xahqpf9zhdt2hdm301jce1pzl1k1NM200904120000000000000000000030', 'sj0kryjbvcxwli9wrnrh45x42908heeo', 'com.runwaysdk.system.scheduler', 'ExecutableJob', NULL, NULL, NULL, 1, NULL, 'sj0kryjbvcxwli9wrnrh45x42908heeo00000000000000000000000000000001');
INSERT INTO metadata ( description, created_by, owner, id, create_date, seq, type, remove, site_master, locked_by, entity_domain, last_updated_by, last_update_date, key_name) VALUES ('08gpgba1z7ze7w1cn9y29z35yh2sy7fhNM200904120000000000000000000030', '0000000000000000000000000000001000000000000000000000000000000003', '0000000000000000000000000000001000000000000000000000000000000003', 'sj0kryjbvcxwli9wrnrh45x42908heeo00000000000000000000000000000001', '2014-01-15 15:41:39', 4297, 'com.runwaysdk.system.metadata.MdBusiness', 1, 'www.runwaysdk.com', NULL, NULL, '0000000000000000000000000000001000000000000000000000000000000003', '2014-01-15 15:41:39', 'com.runwaysdk.system.scheduler.ExecutableJob');
CREATE TABLE executable_job ( id CHAR(64) NOT NULL PRIMARY KEY );
INSERT INTO metadata_display_label ( default_locale, id, site_master, key_name) VALUES (NULL, '2fvs26zs3g244kzpcta4i3hxq9ft8czdNM200904120000000000000000000030', 'www.runwaysdk.com', '2fvs26zs3g244kzpcta4i3hxq9ft8czdNM200904120000000000000000000030');
INSERT INTO metadata_display_label ( default_locale, id, site_master, key_name) VALUES (NULL, 'qvlq0fyvcr5amubo0nue4xz1q8d1zhpyNM200904120000000000000000000030', 'www.runwaysdk.com', 'qvlq0fyvcr5amubo0nue4xz1q8d1zhpyNM200904120000000000000000000030');
INSERT INTO md_controller ( stub_source, id) VALUES (NULL, '74tcvwmo5l1s64hszm13d3bevglbi2ofNM200810110000000000000000000112');
INSERT INTO md_type ( display_label, root_id, package_name, type_name, base_source, js_base, js_stub, exported, dto_source, id) VALUES ('2fvs26zs3g244kzpcta4i3hxq9ft8czdNM200904120000000000000000000030', '74tcvwmo5l1s64hszm13d3bevglbi2of', 'com.runwaysdk.system.scheduler', 'ExecutableJobController', NULL, NULL, NULL, 1, NULL, '74tcvwmo5l1s64hszm13d3bevglbi2ofNM200810110000000000000000000112');
INSERT INTO metadata ( description, created_by, owner, id, create_date, seq, type, remove, site_master, locked_by, entity_domain, last_updated_by, last_update_date, key_name) VALUES ('qvlq0fyvcr5amubo0nue4xz1q8d1zhpyNM200904120000000000000000000030', '0000000000000000000000000000001000000000000000000000000000000003', '0000000000000000000000000000001000000000000000000000000000000003', '74tcvwmo5l1s64hszm13d3bevglbi2ofNM200810110000000000000000000112', '2014-01-15 15:41:39', 4298, 'com.runwaysdk.system.metadata.MdController', 1, 'www.runwaysdk.com', NULL, NULL, '0000000000000000000000000000001000000000000000000000000000000003', '2014-01-15 15:41:39', 'com.runwaysdk.system.scheduler.ExecutableJobController');
INSERT INTO metadata_display_label ( default_locale, id, site_master, key_name) VALUES ('View Page', 'z4q6woegx2cw8w38i22n4pbmpff2weriNM200904120000000000000000000030', 'www.runwaysdk.com', 'z4q6woegx2cw8w38i22n4pbmpff2weriNM200904120000000000000000000030');
INSERT INTO metadata_display_label ( default_locale, id, site_master, key_name) VALUES ('Loads a ViewAll query for a specific page into the request object', 'r7tf7lycwdhns698qm8sqczg2mj3iba9NM200904120000000000000000000030', 'www.runwaysdk.com', 'r7tf7lycwdhns698qm8sqczg2mj3iba9NM200904120000000000000000000030');
INSERT INTO md_action ( is_query, enclosing_md_controller, is_post, action_name, display_label, id) VALUES (1, '74tcvwmo5l1s64hszm13d3bevglbi2ofNM200810110000000000000000000112', 0, 'viewPage', 'z4q6woegx2cw8w38i22n4pbmpff2weriNM200904120000000000000000000030', 'xydmrgqvw0kg3t5os5yo56li7erd27v0NM200810110000000000000000000113');
INSERT INTO metadata ( description, created_by, owner, id, create_date, seq, type, remove, site_master, locked_by, entity_domain, last_updated_by, last_update_date, key_name) VALUES ('r7tf7lycwdhns698qm8sqczg2mj3iba9NM200904120000000000000000000030', '0000000000000000000000000000001000000000000000000000000000000003', '0000000000000000000000000000001000000000000000000000000000000003', 'xydmrgqvw0kg3t5os5yo56li7erd27v0NM200810110000000000000000000113', '2014-01-15 15:41:39', 4299, 'com.runwaysdk.system.metadata.MdAction', 1, 'www.runwaysdk.com', NULL, NULL, '0000000000000000000000000000001000000000000000000000000000000003', '2014-01-15 15:41:39', 'com.runwaysdk.system.scheduler.ExecutableJobController.viewPage');
INSERT INTO controller_action ( key_name, locked_by, id, owner, entity_domain, created_by, type, last_update_date, create_date, seq, last_updated_by, site_master, parent_id, child_id) VALUES ('com.runwaysdk.system.scheduler.ExecutableJobController.viewPage', NULL, 'zcqxwj85iosu8dkr7oq3gnrj2ryob7viJS200807230000000000000000111111', '0000000000000000000000000000001000000000000000000000000000000003', NULL, '0000000000000000000000000000001000000000000000000000000000000003', 'com.runwaysdk.system.ControllerAction', '2014-01-15 15:41:39', '2014-01-15 15:41:39', 4300, '0000000000000000000000000000001000000000000000000000000000000003', 'www.runwaysdk.com', '74tcvwmo5l1s64hszm13d3bevglbi2ofNM200810110000000000000000000112', 'xydmrgqvw0kg3t5os5yo56li7erd27v0NM200810110000000000000000000113');
INSERT INTO metadata_display_label ( default_locale, id, site_master, key_name) VALUES ('Sort Attribute', '8k06ph8netqzh7g2xyxonj1cfdplzwb8NM200904120000000000000000000030', 'www.runwaysdk.com', '8k06ph8netqzh7g2xyxonj1cfdplzwb8NM200904120000000000000000000030');
INSERT INTO metadata_display_label ( default_locale, id, site_master, key_name) VALUES (NULL, 'ra77b7h6mj3nrhu7n5g68tm854j2it7xNM200904120000000000000000000030', 'www.runwaysdk.com', 'ra77b7h6mj3nrhu7n5g68tm854j2it7xNM200904120000000000000000000030');
INSERT INTO md_parameter ( metadata, parameter_order, parameter_name, parameter_type, display_label, id) VALUES ('xydmrgqvw0kg3t5os5yo56li7erd27v0NM200810110000000000000000000113', -4, 'sortAttribute', 'java.lang.String', '8k06ph8netqzh7g2xyxonj1cfdplzwb8NM200904120000000000000000000030', 'z9k1fi6wva1wvh9j0tvyy7lkvbnnlv6p20070427JS0000000000000000001517');
INSERT INTO metadata ( description, created_by, owner, id, create_date, seq, type, remove, site_master, locked_by, entity_domain, last_updated_by, last_update_date, key_name) VALUES ('ra77b7h6mj3nrhu7n5g68tm854j2it7xNM200904120000000000000000000030', '0000000000000000000000000000001000000000000000000000000000000003', '0000000000000000000000000000001000000000000000000000000000000003', 'z9k1fi6wva1wvh9j0tvyy7lkvbnnlv6p20070427JS0000000000000000001517', '2014-01-15 15:41:39', 4301, 'com.runwaysdk.system.metadata.MdParameter', 1, 'www.runwaysdk.com', NULL, NULL, '0000000000000000000000000000001000000000000000000000000000000003', '2014-01-15 15:41:39', 'com.runwaysdk.system.scheduler.ExecutableJobController.viewPage.sortAttribute');
INSERT INTO metadata_parameter ( site_master, last_updated_by, create_date, seq, locked_by, entity_domain, created_by, type, last_update_date, key_name, owner, id, parent_id, child_id) VALUES ('www.runwaysdk.com', '0000000000000000000000000000001000000000000000000000000000000003', '2014-01-15 15:41:39', 4302, NULL, NULL, '0000000000000000000000000000001000000000000000000000000000000003', 'com.runwaysdk.system.MetadataParameter', '2014-01-15 15:41:39', 'com.runwaysdk.system.scheduler.ExecutableJobController.viewPage.sortAttribute', '0000000000000000000000000000001000000000000000000000000000000003', '0n0wbhs3hfzy9g1bwejd4qmp556hj7ys20070427JS0000000000000000001524', 'xydmrgqvw0kg3t5os5yo56li7erd27v0NM200810110000000000000000000113', 'z9k1fi6wva1wvh9j0tvyy7lkvbnnlv6p20070427JS0000000000000000001517');
INSERT INTO metadata_display_label ( default_locale, id, site_master, key_name) VALUES ('Is Ascending', '2ha2o5pda1wm6l7dlol21iy89gzwjnjbNM200904120000000000000000000030', 'www.runwaysdk.com', '2ha2o5pda1wm6l7dlol21iy89gzwjnjbNM200904120000000000000000000030');
INSERT INTO metadata_display_label ( default_locale, id, site_master, key_name) VALUES (NULL, 'xmx3jpnldwoti46dbfvuzvmg3be466l3NM200904120000000000000000000030', 'www.runwaysdk.com', 'xmx3jpnldwoti46dbfvuzvmg3be466l3NM200904120000000000000000000030');
INSERT INTO md_parameter ( metadata, parameter_order, parameter_name, parameter_type, display_label, id) VALUES ('xydmrgqvw0kg3t5os5yo56li7erd27v0NM200810110000000000000000000113', -3, 'isAscending', 'java.lang.Boolean', '2ha2o5pda1wm6l7dlol21iy89gzwjnjbNM200904120000000000000000000030', 'z20pe98luges4obnn78mnifwjn7b49q920070427JS0000000000000000001517');
INSERT INTO metadata ( description, created_by, owner, id, create_date, seq, type, remove, site_master, locked_by, entity_domain, last_updated_by, last_update_date, key_name) VALUES ('xmx3jpnldwoti46dbfvuzvmg3be466l3NM200904120000000000000000000030', '0000000000000000000000000000001000000000000000000000000000000003', '0000000000000000000000000000001000000000000000000000000000000003', 'z20pe98luges4obnn78mnifwjn7b49q920070427JS0000000000000000001517', '2014-01-15 15:41:39', 4303, 'com.runwaysdk.system.metadata.MdParameter', 1, 'www.runwaysdk.com', NULL, NULL, '0000000000000000000000000000001000000000000000000000000000000003', '2014-01-15 15:41:39', 'com.runwaysdk.system.scheduler.ExecutableJobController.viewPage.isAscending');
INSERT INTO metadata_parameter ( site_master, last_updated_by, create_date, seq, locked_by, entity_domain, created_by, type, last_update_date, key_name, owner, id, parent_id, child_id) VALUES ('www.runwaysdk.com', '0000000000000000000000000000001000000000000000000000000000000003', '2014-01-15 15:41:39', 4304, NULL, NULL, '0000000000000000000000000000001000000000000000000000000000000003', 'com.runwaysdk.system.MetadataParameter', '2014-01-15 15:41:39', 'com.runwaysdk.system.scheduler.ExecutableJobController.viewPage.isAscending', '0000000000000000000000000000001000000000000000000000000000000003', '8c1af3k62jkie6wwrh9uibsif8z717h920070427JS0000000000000000001524', 'xydmrgqvw0kg3t5os5yo56li7erd27v0NM200810110000000000000000000113', 'z20pe98luges4obnn78mnifwjn7b49q920070427JS0000000000000000001517');
INSERT INTO metadata_display_label ( default_locale, id, site_master, key_name) VALUES ('Page Size', 'stcr19oul2nle40n5cpmq853ld9imadmNM200904120000000000000000000030', 'www.runwaysdk.com', 'stcr19oul2nle40n5cpmq853ld9imadmNM200904120000000000000000000030');
INSERT INTO metadata_display_label ( default_locale, id, site_master, key_name) VALUES (NULL, 'z8bnfw3rd83bbflq2zghc1edw5ox3pioNM200904120000000000000000000030', 'www.runwaysdk.com', 'z8bnfw3rd83bbflq2zghc1edw5ox3pioNM200904120000000000000000000030');
INSERT INTO md_parameter ( metadata, parameter_order, parameter_name, parameter_type, display_label, id) VALUES ('xydmrgqvw0kg3t5os5yo56li7erd27v0NM200810110000000000000000000113', -2, 'pageSize', 'java.lang.Integer', 'stcr19oul2nle40n5cpmq853ld9imadmNM200904120000000000000000000030', 'sca4j4bzv3n7s2x8of0em2hegrvqpn1p20070427JS0000000000000000001517');
INSERT INTO metadata ( description, created_by, owner, id, create_date, seq, type, remove, site_master, locked_by, entity_domain, last_updated_by, last_update_date, key_name) VALUES ('z8bnfw3rd83bbflq2zghc1edw5ox3pioNM200904120000000000000000000030', '0000000000000000000000000000001000000000000000000000000000000003', '0000000000000000000000000000001000000000000000000000000000000003', 'sca4j4bzv3n7s2x8of0em2hegrvqpn1p20070427JS0000000000000000001517', '2014-01-15 15:41:39', 4305, 'com.runwaysdk.system.metadata.MdParameter', 1, 'www.runwaysdk.com', NULL, NULL, '0000000000000000000000000000001000000000000000000000000000000003', '2014-01-15 15:41:39', 'com.runwaysdk.system.scheduler.ExecutableJobController.viewPage.pageSize');
INSERT INTO metadata_parameter ( site_master, last_updated_by, create_date, seq, locked_by, entity_domain, created_by, type, last_update_date, key_name, owner, id, parent_id, child_id) VALUES ('www.runwaysdk.com', '0000000000000000000000000000001000000000000000000000000000000003', '2014-01-15 15:41:39', 4306, NULL, NULL, '0000000000000000000000000000001000000000000000000000000000000003', 'com.runwaysdk.system.MetadataParameter', '2014-01-15 15:41:39', 'com.runwaysdk.system.scheduler.ExecutableJobController.viewPage.pageSize', '0000000000000000000000000000001000000000000000000000000000000003', 'ywgx714pfa7w4a8bpapd59ki12wvc5tc20070427JS0000000000000000001524', 'xydmrgqvw0kg3t5os5yo56li7erd27v0NM200810110000000000000000000113', 'sca4j4bzv3n7s2x8of0em2hegrvqpn1p20070427JS0000000000000000001517');
INSERT INTO metadata_display_label ( default_locale, id, site_master, key_name) VALUES ('Page Number', '8cwrm7mtm51snougpquu5d2oc89dozf4NM200904120000000000000000000030', 'www.runwaysdk.com', '8cwrm7mtm51snougpquu5d2oc89dozf4NM200904120000000000000000000030');
INSERT INTO metadata_display_label ( default_locale, id, site_master, key_name) VALUES (NULL, 'zc4zzaektw5wbldhbbt2t1l373f4j5p5NM200904120000000000000000000030', 'www.runwaysdk.com', 'zc4zzaektw5wbldhbbt2t1l373f4j5p5NM200904120000000000000000000030');
INSERT INTO md_parameter ( metadata, parameter_order, parameter_name, parameter_type, display_label, id) VALUES ('xydmrgqvw0kg3t5os5yo56li7erd27v0NM200810110000000000000000000113', -1, 'pageNumber', 'java.lang.Integer', '8cwrm7mtm51snougpquu5d2oc89dozf4NM200904120000000000000000000030', 'qmtpopi0jkq8mbb6simenjx1pqoo8lng20070427JS0000000000000000001517');
INSERT INTO metadata ( description, created_by, owner, id, create_date, seq, type, remove, site_master, locked_by, entity_domain, last_updated_by, last_update_date, key_name) VALUES ('zc4zzaektw5wbldhbbt2t1l373f4j5p5NM200904120000000000000000000030', '0000000000000000000000000000001000000000000000000000000000000003', '0000000000000000000000000000001000000000000000000000000000000003', 'qmtpopi0jkq8mbb6simenjx1pqoo8lng20070427JS0000000000000000001517', '2014-01-15 15:41:39', 4307, 'com.runwaysdk.system.metadata.MdParameter', 1, 'www.runwaysdk.com', NULL, NULL, '0000000000000000000000000000001000000000000000000000000000000003', '2014-01-15 15:41:39', 'com.runwaysdk.system.scheduler.ExecutableJobController.viewPage.pageNumber');
INSERT INTO metadata_parameter ( site_master, last_updated_by, create_date, seq, locked_by, entity_domain, created_by, type, last_update_date, key_name, owner, id, parent_id, child_id) VALUES ('www.runwaysdk.com', '0000000000000000000000000000001000000000000000000000000000000003', '2014-01-15 15:41:39', 4308, NULL, NULL, '0000000000000000000000000000001000000000000000000000000000000003', 'com.runwaysdk.system.MetadataParameter', '2014-01-15 15:41:39', 'com.runwaysdk.system.scheduler.ExecutableJobController.viewPage.pageNumber', '0000000000000000000000000000001000000000000000000000000000000003', '1xez8yiwmshw78iklnavw85yirttwwsb20070427JS0000000000000000001524', 'xydmrgqvw0kg3t5os5yo56li7erd27v0NM200810110000000000000000000113', 'qmtpopi0jkq8mbb6simenjx1pqoo8lng20070427JS0000000000000000001517');
INSERT INTO metadata_display_label ( default_locale, id, site_master, key_name) VALUES ('View All', 'qozdxccdfw6nfbdq66rc2stzb2qkutyyNM200904120000000000000000000030', 'www.runwaysdk.com', 'qozdxccdfw6nfbdq66rc2stzb2qkutyyNM200904120000000000000000000030');
INSERT INTO metadata_display_label ( default_locale, id, site_master, key_name) VALUES ('Loads a ViewAll query with the default settings', '0grmyqhypdfpdx0cww6eqtzmvnzdcnw5NM200904120000000000000000000030', 'www.runwaysdk.com', '0grmyqhypdfpdx0cww6eqtzmvnzdcnw5NM200904120000000000000000000030');
INSERT INTO md_action ( is_query, enclosing_md_controller, is_post, action_name, display_label, id) VALUES (0, '74tcvwmo5l1s64hszm13d3bevglbi2ofNM200810110000000000000000000112', 0, 'viewAll', 'qozdxccdfw6nfbdq66rc2stzb2qkutyyNM200904120000000000000000000030', '1wdtbrk7g6jtkhj07x4ewzh16h8u84qeNM200810110000000000000000000113');
INSERT INTO metadata ( description, created_by, owner, id, create_date, seq, type, remove, site_master, locked_by, entity_domain, last_updated_by, last_update_date, key_name) VALUES ('0grmyqhypdfpdx0cww6eqtzmvnzdcnw5NM200904120000000000000000000030', '0000000000000000000000000000001000000000000000000000000000000003', '0000000000000000000000000000001000000000000000000000000000000003', '1wdtbrk7g6jtkhj07x4ewzh16h8u84qeNM200810110000000000000000000113', '2014-01-15 15:41:39', 4309, 'com.runwaysdk.system.metadata.MdAction', 1, 'www.runwaysdk.com', NULL, NULL, '0000000000000000000000000000001000000000000000000000000000000003', '2014-01-15 15:41:39', 'com.runwaysdk.system.scheduler.ExecutableJobController.viewAll');
INSERT INTO controller_action ( key_name, locked_by, id, owner, entity_domain, created_by, type, last_update_date, create_date, seq, last_updated_by, site_master, parent_id, child_id) VALUES ('com.runwaysdk.system.scheduler.ExecutableJobController.viewAll', NULL, '0sd3zh52884pzvn0of1327d0d8ugipbfJS200807230000000000000000111111', '0000000000000000000000000000001000000000000000000000000000000003', NULL, '0000000000000000000000000000001000000000000000000000000000000003', 'com.runwaysdk.system.ControllerAction', '2014-01-15 15:41:39', '2014-01-15 15:41:39', 4310, '0000000000000000000000000000001000000000000000000000000000000003', 'www.runwaysdk.com', '74tcvwmo5l1s64hszm13d3bevglbi2ofNM200810110000000000000000000112', '1wdtbrk7g6jtkhj07x4ewzh16h8u84qeNM200810110000000000000000000113');
INSERT INTO metadata_display_label ( default_locale, id, site_master, key_name) VALUES ('View', 'znbjpbah3y56kb3qmqebtl5o3jbrwzl1NM200904120000000000000000000030', 'www.runwaysdk.com', 'znbjpbah3y56kb3qmqebtl5o3jbrwzl1NM200904120000000000000000000030');
INSERT INTO metadata_display_label ( default_locale, id, site_master, key_name) VALUES ('View an existing instance of com.runwaysdk.system.scheduler.ExecutableJob', '71xez8x2avt99u6ikgymv9y2q27eq9mlNM200904120000000000000000000030', 'www.runwaysdk.com', '71xez8x2avt99u6ikgymv9y2q27eq9mlNM200904120000000000000000000030');
INSERT INTO md_action ( is_query, enclosing_md_controller, is_post, action_name, display_label, id) VALUES (0, '74tcvwmo5l1s64hszm13d3bevglbi2ofNM200810110000000000000000000112', 0, 'view', 'znbjpbah3y56kb3qmqebtl5o3jbrwzl1NM200904120000000000000000000030', '0a9kkt7zydlf5empy687ksfsi4xp3ha8NM200810110000000000000000000113');
INSERT INTO metadata ( description, created_by, owner, id, create_date, seq, type, remove, site_master, locked_by, entity_domain, last_updated_by, last_update_date, key_name) VALUES ('71xez8x2avt99u6ikgymv9y2q27eq9mlNM200904120000000000000000000030', '0000000000000000000000000000001000000000000000000000000000000003', '0000000000000000000000000000001000000000000000000000000000000003', '0a9kkt7zydlf5empy687ksfsi4xp3ha8NM200810110000000000000000000113', '2014-01-15 15:41:39', 4311, 'com.runwaysdk.system.metadata.MdAction', 1, 'www.runwaysdk.com', NULL, NULL, '0000000000000000000000000000001000000000000000000000000000000003', '2014-01-15 15:41:39', 'com.runwaysdk.system.scheduler.ExecutableJobController.view');
INSERT INTO controller_action ( key_name, locked_by, id, owner, entity_domain, created_by, type, last_update_date, create_date, seq, last_updated_by, site_master, parent_id, child_id) VALUES ('com.runwaysdk.system.scheduler.ExecutableJobController.view', NULL, 'svv9rm2vzj15pxrmlr3ze52zyft20wxtJS200807230000000000000000111111', '0000000000000000000000000000001000000000000000000000000000000003', NULL, '0000000000000000000000000000001000000000000000000000000000000003', 'com.runwaysdk.system.ControllerAction', '2014-01-15 15:41:39', '2014-01-15 15:41:39', 4312, '0000000000000000000000000000001000000000000000000000000000000003', 'www.runwaysdk.com', '74tcvwmo5l1s64hszm13d3bevglbi2ofNM200810110000000000000000000112', '0a9kkt7zydlf5empy687ksfsi4xp3ha8NM200810110000000000000000000113');
INSERT INTO metadata_display_label ( default_locale, id, site_master, key_name) VALUES ('Parameter: com.runwaysdk.system.scheduler.ExecutableJob - id', '27y0b4vdi9txlmi5hlxad6giqn13lpzbNM200904120000000000000000000030', 'www.runwaysdk.com', '27y0b4vdi9txlmi5hlxad6giqn13lpzbNM200904120000000000000000000030');
INSERT INTO metadata_display_label ( default_locale, id, site_master, key_name) VALUES ('Id of com.runwaysdk.system.scheduler.ExecutableJob to view.', '021212z3fgawmdxabrwrlglcswwwuocdNM200904120000000000000000000030', 'www.runwaysdk.com', '021212z3fgawmdxabrwrlglcswwwuocdNM200904120000000000000000000030');
INSERT INTO md_parameter ( metadata, parameter_order, parameter_name, parameter_type, display_label, id) VALUES ('0a9kkt7zydlf5empy687ksfsi4xp3ha8NM200810110000000000000000000113', 0, 'id', 'java.lang.String', '27y0b4vdi9txlmi5hlxad6giqn13lpzbNM200904120000000000000000000030', '8mm7s35fs2jztpese9u81mevako7b4pk20070427JS0000000000000000001517');
INSERT INTO metadata ( description, created_by, owner, id, create_date, seq, type, remove, site_master, locked_by, entity_domain, last_updated_by, last_update_date, key_name) VALUES ('021212z3fgawmdxabrwrlglcswwwuocdNM200904120000000000000000000030', '0000000000000000000000000000001000000000000000000000000000000003', '0000000000000000000000000000001000000000000000000000000000000003', '8mm7s35fs2jztpese9u81mevako7b4pk20070427JS0000000000000000001517', '2014-01-15 15:41:39', 4313, 'com.runwaysdk.system.metadata.MdParameter', 1, 'www.runwaysdk.com', NULL, NULL, '0000000000000000000000000000001000000000000000000000000000000003', '2014-01-15 15:41:39', 'com.runwaysdk.system.scheduler.ExecutableJobController.view.id');
INSERT INTO metadata_parameter ( site_master, last_updated_by, create_date, seq, locked_by, entity_domain, created_by, type, last_update_date, key_name, owner, id, parent_id, child_id) VALUES ('www.runwaysdk.com', '0000000000000000000000000000001000000000000000000000000000000003', '2014-01-15 15:41:39', 4314, NULL, NULL, '0000000000000000000000000000001000000000000000000000000000000003', 'com.runwaysdk.system.MetadataParameter', '2014-01-15 15:41:39', 'com.runwaysdk.system.scheduler.ExecutableJobController.view.id', '0000000000000000000000000000001000000000000000000000000000000003', '1oe5nu1gnju2ceh4oqte3ncacjpe7b0g20070427JS0000000000000000001524', '0a9kkt7zydlf5empy687ksfsi4xp3ha8NM200810110000000000000000000113', '8mm7s35fs2jztpese9u81mevako7b4pk20070427JS0000000000000000001517');
INSERT INTO metadata_display_label ( default_locale, id, site_master, key_name) VALUES ('Create', 'zpaidrc2pqv583l89syltg6wq0itxjniNM200904120000000000000000000030', 'www.runwaysdk.com', 'zpaidrc2pqv583l89syltg6wq0itxjniNM200904120000000000000000000030');
INSERT INTO metadata_display_label ( default_locale, id, site_master, key_name) VALUES ('Applys a new instance of com.runwaysdk.system.scheduler.ExecutableJob', '8dsyn4tnhqhvc711y92x4pwk975f5ctfNM200904120000000000000000000030', 'www.runwaysdk.com', '8dsyn4tnhqhvc711y92x4pwk975f5ctfNM200904120000000000000000000030');
INSERT INTO md_action ( is_query, enclosing_md_controller, is_post, action_name, display_label, id) VALUES (0, '74tcvwmo5l1s64hszm13d3bevglbi2ofNM200810110000000000000000000112', 1, 'create', 'zpaidrc2pqv583l89syltg6wq0itxjniNM200904120000000000000000000030', 'z68pw26m73p616mb46n0ll5t8v8lyg60NM200810110000000000000000000113');
INSERT INTO metadata ( description, created_by, owner, id, create_date, seq, type, remove, site_master, locked_by, entity_domain, last_updated_by, last_update_date, key_name) VALUES ('8dsyn4tnhqhvc711y92x4pwk975f5ctfNM200904120000000000000000000030', '0000000000000000000000000000001000000000000000000000000000000003', '0000000000000000000000000000001000000000000000000000000000000003', 'z68pw26m73p616mb46n0ll5t8v8lyg60NM200810110000000000000000000113', '2014-01-15 15:41:39', 4315, 'com.runwaysdk.system.metadata.MdAction', 1, 'www.runwaysdk.com', NULL, NULL, '0000000000000000000000000000001000000000000000000000000000000003', '2014-01-15 15:41:39', 'com.runwaysdk.system.scheduler.ExecutableJobController.create');
INSERT INTO controller_action ( key_name, locked_by, id, owner, entity_domain, created_by, type, last_update_date, create_date, seq, last_updated_by, site_master, parent_id, child_id) VALUES ('com.runwaysdk.system.scheduler.ExecutableJobController.create', NULL, 'xwcu15jrq9lf756wkr9et37y9bvogywmJS200807230000000000000000111111', '0000000000000000000000000000001000000000000000000000000000000003', NULL, '0000000000000000000000000000001000000000000000000000000000000003', 'com.runwaysdk.system.ControllerAction', '2014-01-15 15:41:39', '2014-01-15 15:41:39', 4316, '0000000000000000000000000000001000000000000000000000000000000003', 'www.runwaysdk.com', '74tcvwmo5l1s64hszm13d3bevglbi2ofNM200810110000000000000000000112', 'z68pw26m73p616mb46n0ll5t8v8lyg60NM200810110000000000000000000113');
INSERT INTO metadata_display_label ( default_locale, id, site_master, key_name) VALUES ('Parameter: com.runwaysdk.system.scheduler.ExecutableJob', 'swnrbtk88hhn03f7d5cub5uihotlrs6cNM200904120000000000000000000030', 'www.runwaysdk.com', 'swnrbtk88hhn03f7d5cub5uihotlrs6cNM200904120000000000000000000030');
INSERT INTO metadata_display_label ( default_locale, id, site_master, key_name) VALUES ('com.runwaysdk.system.scheduler.ExecutableJob to apply to the database', '7crfstiumpslvorzm87v0p7krlhv8ec9NM200904120000000000000000000030', 'www.runwaysdk.com', '7crfstiumpslvorzm87v0p7krlhv8ec9NM200904120000000000000000000030');
INSERT INTO md_parameter ( metadata, parameter_order, parameter_name, parameter_type, display_label, id) VALUES ('z68pw26m73p616mb46n0ll5t8v8lyg60NM200810110000000000000000000113', 0, 'dto', 'com.runwaysdk.system.scheduler.ExecutableJob', 'swnrbtk88hhn03f7d5cub5uihotlrs6cNM200904120000000000000000000030', 'sjpfx4q4sezk2zswg3sjf60ayzdnfcrx20070427JS0000000000000000001517');
INSERT INTO metadata ( description, created_by, owner, id, create_date, seq, type, remove, site_master, locked_by, entity_domain, last_updated_by, last_update_date, key_name) VALUES ('7crfstiumpslvorzm87v0p7krlhv8ec9NM200904120000000000000000000030', '0000000000000000000000000000001000000000000000000000000000000003', '0000000000000000000000000000001000000000000000000000000000000003', 'sjpfx4q4sezk2zswg3sjf60ayzdnfcrx20070427JS0000000000000000001517', '2014-01-15 15:41:39', 4317, 'com.runwaysdk.system.metadata.MdParameter', 1, 'www.runwaysdk.com', NULL, NULL, '0000000000000000000000000000001000000000000000000000000000000003', '2014-01-15 15:41:39', 'com.runwaysdk.system.scheduler.ExecutableJobController.create.dto');
INSERT INTO metadata_parameter ( site_master, last_updated_by, create_date, seq, locked_by, entity_domain, created_by, type, last_update_date, key_name, owner, id, parent_id, child_id) VALUES ('www.runwaysdk.com', '0000000000000000000000000000001000000000000000000000000000000003', '2014-01-15 15:41:39', 4318, NULL, NULL, '0000000000000000000000000000001000000000000000000000000000000003', 'com.runwaysdk.system.MetadataParameter', '2014-01-15 15:41:39', 'com.runwaysdk.system.scheduler.ExecutableJobController.create.dto', '0000000000000000000000000000001000000000000000000000000000000003', '75csssqs1w7ix4em4pst9lz8qbihqgkp20070427JS0000000000000000001524', 'z68pw26m73p616mb46n0ll5t8v8lyg60NM200810110000000000000000000113', 'sjpfx4q4sezk2zswg3sjf60ayzdnfcrx20070427JS0000000000000000001517');
INSERT INTO metadata_display_label ( default_locale, id, site_master, key_name) VALUES ('edit', 'r3wdindgf8rmoo90cc2r8fwg30ryu4qtNM200904120000000000000000000030', 'www.runwaysdk.com', 'r3wdindgf8rmoo90cc2r8fwg30ryu4qtNM200904120000000000000000000030');
INSERT INTO metadata_display_label ( default_locale, id, site_master, key_name) VALUES ('Applys an existing instance of com.runwaysdk.system.scheduler.ExecutableJob', '27w8e9oa9cawom6pqyv2ibvd9jqrzvj0NM200904120000000000000000000030', 'www.runwaysdk.com', '27w8e9oa9cawom6pqyv2ibvd9jqrzvj0NM200904120000000000000000000030');
INSERT INTO md_action ( is_query, enclosing_md_controller, is_post, action_name, display_label, id) VALUES (0, '74tcvwmo5l1s64hszm13d3bevglbi2ofNM200810110000000000000000000112', 0, 'edit', 'r3wdindgf8rmoo90cc2r8fwg30ryu4qtNM200904120000000000000000000030', 'xf0izthd53krioqtiexbk4ikxu8kbjsgNM200810110000000000000000000113');
INSERT INTO metadata ( description, created_by, owner, id, create_date, seq, type, remove, site_master, locked_by, entity_domain, last_updated_by, last_update_date, key_name) VALUES ('27w8e9oa9cawom6pqyv2ibvd9jqrzvj0NM200904120000000000000000000030', '0000000000000000000000000000001000000000000000000000000000000003', '0000000000000000000000000000001000000000000000000000000000000003', 'xf0izthd53krioqtiexbk4ikxu8kbjsgNM200810110000000000000000000113', '2014-01-15 15:41:39', 4319, 'com.runwaysdk.system.metadata.MdAction', 1, 'www.runwaysdk.com', NULL, NULL, '0000000000000000000000000000001000000000000000000000000000000003', '2014-01-15 15:41:39', 'com.runwaysdk.system.scheduler.ExecutableJobController.edit');
INSERT INTO controller_action ( key_name, locked_by, id, owner, entity_domain, created_by, type, last_update_date, create_date, seq, last_updated_by, site_master, parent_id, child_id) VALUES ('com.runwaysdk.system.scheduler.ExecutableJobController.edit', NULL, 'xrftjo9ae7f0sqpktif7x5qba01o6le7JS200807230000000000000000111111', '0000000000000000000000000000001000000000000000000000000000000003', NULL, '0000000000000000000000000000001000000000000000000000000000000003', 'com.runwaysdk.system.ControllerAction', '2014-01-15 15:41:39', '2014-01-15 15:41:39', 4320, '0000000000000000000000000000001000000000000000000000000000000003', 'www.runwaysdk.com', '74tcvwmo5l1s64hszm13d3bevglbi2ofNM200810110000000000000000000112', 'xf0izthd53krioqtiexbk4ikxu8kbjsgNM200810110000000000000000000113');
INSERT INTO metadata_display_label ( default_locale, id, site_master, key_name) VALUES ('Parameter: com.runwaysdk.system.scheduler.ExecutableJob', '06rmblhygw1e9m7fl0de361vz2bpt22vNM200904120000000000000000000030', 'www.runwaysdk.com', '06rmblhygw1e9m7fl0de361vz2bpt22vNM200904120000000000000000000030');
INSERT INTO metadata_display_label ( default_locale, id, site_master, key_name) VALUES ('com.runwaysdk.system.scheduler.ExecutableJob to apply to the database', 'sfxqggnx0eivla82q7f2osv26d2mtlglNM200904120000000000000000000030', 'www.runwaysdk.com', 'sfxqggnx0eivla82q7f2osv26d2mtlglNM200904120000000000000000000030');
INSERT INTO md_parameter ( metadata, parameter_order, parameter_name, parameter_type, display_label, id) VALUES ('xf0izthd53krioqtiexbk4ikxu8kbjsgNM200810110000000000000000000113', 0, 'id', 'java.lang.String', '06rmblhygw1e9m7fl0de361vz2bpt22vNM200904120000000000000000000030', 'z13x85p4gn0pc81wf1u61u34cgnegbtt20070427JS0000000000000000001517');
INSERT INTO metadata ( description, created_by, owner, id, create_date, seq, type, remove, site_master, locked_by, entity_domain, last_updated_by, last_update_date, key_name) VALUES ('sfxqggnx0eivla82q7f2osv26d2mtlglNM200904120000000000000000000030', '0000000000000000000000000000001000000000000000000000000000000003', '0000000000000000000000000000001000000000000000000000000000000003', 'z13x85p4gn0pc81wf1u61u34cgnegbtt20070427JS0000000000000000001517', '2014-01-15 15:41:39', 4321, 'com.runwaysdk.system.metadata.MdParameter', 1, 'www.runwaysdk.com', NULL, NULL, '0000000000000000000000000000001000000000000000000000000000000003', '2014-01-15 15:41:39', 'com.runwaysdk.system.scheduler.ExecutableJobController.edit.id');
INSERT INTO metadata_parameter ( site_master, last_updated_by, create_date, seq, locked_by, entity_domain, created_by, type, last_update_date, key_name, owner, id, parent_id, child_id) VALUES ('www.runwaysdk.com', '0000000000000000000000000000001000000000000000000000000000000003', '2014-01-15 15:41:39', 4322, NULL, NULL, '0000000000000000000000000000001000000000000000000000000000000003', 'com.runwaysdk.system.MetadataParameter', '2014-01-15 15:41:39', 'com.runwaysdk.system.scheduler.ExecutableJobController.edit.id', '0000000000000000000000000000001000000000000000000000000000000003', 'zlbhhtbqh4rwrm0tuexj8guudrvhn95120070427JS0000000000000000001524', 'xf0izthd53krioqtiexbk4ikxu8kbjsgNM200810110000000000000000000113', 'z13x85p4gn0pc81wf1u61u34cgnegbtt20070427JS0000000000000000001517');
INSERT INTO metadata_display_label ( default_locale, id, site_master, key_name) VALUES ('update', '02l8rod0new5pwe6qtzs33bmlk4yscylNM200904120000000000000000000030', 'www.runwaysdk.com', '02l8rod0new5pwe6qtzs33bmlk4yscylNM200904120000000000000000000030');
INSERT INTO metadata_display_label ( default_locale, id, site_master, key_name) VALUES ('Applys an existing instance of com.runwaysdk.system.scheduler.ExecutableJob', '00sig896okaq59erkpqhvufa3e7b1qm5NM200904120000000000000000000030', 'www.runwaysdk.com', '00sig896okaq59erkpqhvufa3e7b1qm5NM200904120000000000000000000030');
INSERT INTO md_action ( is_query, enclosing_md_controller, is_post, action_name, display_label, id) VALUES (0, '74tcvwmo5l1s64hszm13d3bevglbi2ofNM200810110000000000000000000112', 1, 'update', '02l8rod0new5pwe6qtzs33bmlk4yscylNM200904120000000000000000000030', 'z14ob5ao0sj6xqkvl382ju5xeexeqshwNM200810110000000000000000000113');
INSERT INTO metadata ( description, created_by, owner, id, create_date, seq, type, remove, site_master, locked_by, entity_domain, last_updated_by, last_update_date, key_name) VALUES ('00sig896okaq59erkpqhvufa3e7b1qm5NM200904120000000000000000000030', '0000000000000000000000000000001000000000000000000000000000000003', '0000000000000000000000000000001000000000000000000000000000000003', 'z14ob5ao0sj6xqkvl382ju5xeexeqshwNM200810110000000000000000000113', '2014-01-15 15:41:39', 4323, 'com.runwaysdk.system.metadata.MdAction', 1, 'www.runwaysdk.com', NULL, NULL, '0000000000000000000000000000001000000000000000000000000000000003', '2014-01-15 15:41:39', 'com.runwaysdk.system.scheduler.ExecutableJobController.update');
INSERT INTO controller_action ( key_name, locked_by, id, owner, entity_domain, created_by, type, last_update_date, create_date, seq, last_updated_by, site_master, parent_id, child_id) VALUES ('com.runwaysdk.system.scheduler.ExecutableJobController.update', NULL, 'zmmp3t0oituy1m94ksebd98w7gse2xmvJS200807230000000000000000111111', '0000000000000000000000000000001000000000000000000000000000000003', NULL, '0000000000000000000000000000001000000000000000000000000000000003', 'com.runwaysdk.system.ControllerAction', '2014-01-15 15:41:39', '2014-01-15 15:41:39', 4324, '0000000000000000000000000000001000000000000000000000000000000003', 'www.runwaysdk.com', '74tcvwmo5l1s64hszm13d3bevglbi2ofNM200810110000000000000000000112', 'z14ob5ao0sj6xqkvl382ju5xeexeqshwNM200810110000000000000000000113');
INSERT INTO metadata_display_label ( default_locale, id, site_master, key_name) VALUES ('Parameter: com.runwaysdk.system.scheduler.ExecutableJob - dto', 'z8207ke47adsdvw9fctxolesy8mzpdcjNM200904120000000000000000000030', 'www.runwaysdk.com', 'z8207ke47adsdvw9fctxolesy8mzpdcjNM200904120000000000000000000030');
INSERT INTO metadata_display_label ( default_locale, id, site_master, key_name) VALUES ('com.runwaysdk.system.scheduler.ExecutableJob to apply to the database', '0d0sdnx2veeudrhue04gjv6ugimqy6eyNM200904120000000000000000000030', 'www.runwaysdk.com', '0d0sdnx2veeudrhue04gjv6ugimqy6eyNM200904120000000000000000000030');
INSERT INTO md_parameter ( metadata, parameter_order, parameter_name, parameter_type, display_label, id) VALUES ('z14ob5ao0sj6xqkvl382ju5xeexeqshwNM200810110000000000000000000113', 0, 'dto', 'com.runwaysdk.system.scheduler.ExecutableJob', 'z8207ke47adsdvw9fctxolesy8mzpdcjNM200904120000000000000000000030', 'sidtg8mv75pf3ho9holti3x7tykwmc3o20070427JS0000000000000000001517');
INSERT INTO metadata ( description, created_by, owner, id, create_date, seq, type, remove, site_master, locked_by, entity_domain, last_updated_by, last_update_date, key_name) VALUES ('0d0sdnx2veeudrhue04gjv6ugimqy6eyNM200904120000000000000000000030', '0000000000000000000000000000001000000000000000000000000000000003', '0000000000000000000000000000001000000000000000000000000000000003', 'sidtg8mv75pf3ho9holti3x7tykwmc3o20070427JS0000000000000000001517', '2014-01-15 15:41:39', 4325, 'com.runwaysdk.system.metadata.MdParameter', 1, 'www.runwaysdk.com', NULL, NULL, '0000000000000000000000000000001000000000000000000000000000000003', '2014-01-15 15:41:39', 'com.runwaysdk.system.scheduler.ExecutableJobController.update.dto');
INSERT INTO metadata_parameter ( site_master, last_updated_by, create_date, seq, locked_by, entity_domain, created_by, type, last_update_date, key_name, owner, id, parent_id, child_id) VALUES ('www.runwaysdk.com', '0000000000000000000000000000001000000000000000000000000000000003', '2014-01-15 15:41:39', 4326, NULL, NULL, '0000000000000000000000000000001000000000000000000000000000000003', 'com.runwaysdk.system.MetadataParameter', '2014-01-15 15:41:39', 'com.runwaysdk.system.scheduler.ExecutableJobController.update.dto', '0000000000000000000000000000001000000000000000000000000000000003', 'zln6wqacxwpb1h94dgxpwa8kw5uzf72g20070427JS0000000000000000001524', 'z14ob5ao0sj6xqkvl382ju5xeexeqshwNM200810110000000000000000000113', 'sidtg8mv75pf3ho9holti3x7tykwmc3o20070427JS0000000000000000001517');
INSERT INTO metadata_display_label ( default_locale, id, site_master, key_name) VALUES ('cancel', 'smkz7xutl5vaa02nko6umudvkz3owxpwNM200904120000000000000000000030', 'www.runwaysdk.com', 'smkz7xutl5vaa02nko6umudvkz3owxpwNM200904120000000000000000000030');
INSERT INTO metadata_display_label ( default_locale, id, site_master, key_name) VALUES ('Unlocks an instance com.runwaysdk.system.scheduler.ExecutableJob', '6xj1o9bimjxmtmiamlqvevoi4svmwjlgNM200904120000000000000000000030', 'www.runwaysdk.com', '6xj1o9bimjxmtmiamlqvevoi4svmwjlgNM200904120000000000000000000030');
INSERT INTO md_action ( is_query, enclosing_md_controller, is_post, action_name, display_label, id) VALUES (0, '74tcvwmo5l1s64hszm13d3bevglbi2ofNM200810110000000000000000000112', 1, 'cancel', 'smkz7xutl5vaa02nko6umudvkz3owxpwNM200904120000000000000000000030', '22n9nai7jcxtah404e0s2of2dhbwkpppNM200810110000000000000000000113');
INSERT INTO metadata ( description, created_by, owner, id, create_date, seq, type, remove, site_master, locked_by, entity_domain, last_updated_by, last_update_date, key_name) VALUES ('6xj1o9bimjxmtmiamlqvevoi4svmwjlgNM200904120000000000000000000030', '0000000000000000000000000000001000000000000000000000000000000003', '0000000000000000000000000000001000000000000000000000000000000003', '22n9nai7jcxtah404e0s2of2dhbwkpppNM200810110000000000000000000113', '2014-01-15 15:41:39', 4327, 'com.runwaysdk.system.metadata.MdAction', 1, 'www.runwaysdk.com', NULL, NULL, '0000000000000000000000000000001000000000000000000000000000000003', '2014-01-15 15:41:39', 'com.runwaysdk.system.scheduler.ExecutableJobController.cancel');
INSERT INTO controller_action ( key_name, locked_by, id, owner, entity_domain, created_by, type, last_update_date, create_date, seq, last_updated_by, site_master, parent_id, child_id) VALUES ('com.runwaysdk.system.scheduler.ExecutableJobController.cancel', NULL, '1otnbgtv794zxi5s3ej9dn0j67c3452xJS200807230000000000000000111111', '0000000000000000000000000000001000000000000000000000000000000003', NULL, '0000000000000000000000000000001000000000000000000000000000000003', 'com.runwaysdk.system.ControllerAction', '2014-01-15 15:41:39', '2014-01-15 15:41:39', 4328, '0000000000000000000000000000001000000000000000000000000000000003', 'www.runwaysdk.com', '74tcvwmo5l1s64hszm13d3bevglbi2ofNM200810110000000000000000000112', '22n9nai7jcxtah404e0s2of2dhbwkpppNM200810110000000000000000000113');
INSERT INTO metadata_display_label ( default_locale, id, site_master, key_name) VALUES ('Parameter: com.runwaysdk.system.scheduler.ExecutableJob - dto', '0p3zkclcftaf2zvrofo1i0b37gv2c4fqNM200904120000000000000000000030', 'www.runwaysdk.com', '0p3zkclcftaf2zvrofo1i0b37gv2c4fqNM200904120000000000000000000030');
INSERT INTO metadata_display_label ( default_locale, id, site_master, key_name) VALUES ('com.runwaysdk.system.scheduler.ExecutableJob to unlock', 'sq5h2u33f86sqyhtogx39lti0ka06nguNM200904120000000000000000000030', 'www.runwaysdk.com', 'sq5h2u33f86sqyhtogx39lti0ka06nguNM200904120000000000000000000030');
INSERT INTO md_parameter ( metadata, parameter_order, parameter_name, parameter_type, display_label, id) VALUES ('22n9nai7jcxtah404e0s2of2dhbwkpppNM200810110000000000000000000113', 0, 'dto', 'com.runwaysdk.system.scheduler.ExecutableJob', '0p3zkclcftaf2zvrofo1i0b37gv2c4fqNM200904120000000000000000000030', 'r2bebhn6z6fxj5rkak2a7fc6nlllqwdc20070427JS0000000000000000001517');
INSERT INTO metadata ( description, created_by, owner, id, create_date, seq, type, remove, site_master, locked_by, entity_domain, last_updated_by, last_update_date, key_name) VALUES ('sq5h2u33f86sqyhtogx39lti0ka06nguNM200904120000000000000000000030', '0000000000000000000000000000001000000000000000000000000000000003', '0000000000000000000000000000001000000000000000000000000000000003', 'r2bebhn6z6fxj5rkak2a7fc6nlllqwdc20070427JS0000000000000000001517', '2014-01-15 15:41:39', 4329, 'com.runwaysdk.system.metadata.MdParameter', 1, 'www.runwaysdk.com', NULL, NULL, '0000000000000000000000000000001000000000000000000000000000000003', '2014-01-15 15:41:39', 'com.runwaysdk.system.scheduler.ExecutableJobController.cancel.dto');
INSERT INTO metadata_parameter ( site_master, last_updated_by, create_date, seq, locked_by, entity_domain, created_by, type, last_update_date, key_name, owner, id, parent_id, child_id) VALUES ('www.runwaysdk.com', '0000000000000000000000000000001000000000000000000000000000000003', '2014-01-15 15:41:39', 4330, NULL, NULL, '0000000000000000000000000000001000000000000000000000000000000003', 'com.runwaysdk.system.MetadataParameter', '2014-01-15 15:41:39', 'com.runwaysdk.system.scheduler.ExecutableJobController.cancel.dto', '0000000000000000000000000000001000000000000000000000000000000003', 'qm14iq8uepwcnm8kgbi1466uk1p7kapw20070427JS0000000000000000001524', '22n9nai7jcxtah404e0s2of2dhbwkpppNM200810110000000000000000000113', 'r2bebhn6z6fxj5rkak2a7fc6nlllqwdc20070427JS0000000000000000001517');
INSERT INTO metadata_display_label ( default_locale, id, site_master, key_name) VALUES ('delete', '8xmy2nscmh4kvdmdnhkt5s467noqr4ggNM200904120000000000000000000030', 'www.runwaysdk.com', '8xmy2nscmh4kvdmdnhkt5s467noqr4ggNM200904120000000000000000000030');
INSERT INTO metadata_display_label ( default_locale, id, site_master, key_name) VALUES ('Delete an instance of com.runwaysdk.system.scheduler.ExecutableJob', '6q6ag40duvx6od46p6wa2wu85g10l86xNM200904120000000000000000000030', 'www.runwaysdk.com', '6q6ag40duvx6od46p6wa2wu85g10l86xNM200904120000000000000000000030');
INSERT INTO md_action ( is_query, enclosing_md_controller, is_post, action_name, display_label, id) VALUES (0, '74tcvwmo5l1s64hszm13d3bevglbi2ofNM200810110000000000000000000112', 1, 'delete', '8xmy2nscmh4kvdmdnhkt5s467noqr4ggNM200904120000000000000000000030', '8jyx7mkvou3ahoof1jag6g2rao06xq5bNM200810110000000000000000000113');
INSERT INTO metadata ( description, created_by, owner, id, create_date, seq, type, remove, site_master, locked_by, entity_domain, last_updated_by, last_update_date, key_name) VALUES ('6q6ag40duvx6od46p6wa2wu85g10l86xNM200904120000000000000000000030', '0000000000000000000000000000001000000000000000000000000000000003', '0000000000000000000000000000001000000000000000000000000000000003', '8jyx7mkvou3ahoof1jag6g2rao06xq5bNM200810110000000000000000000113', '2014-01-15 15:41:39', 4331, 'com.runwaysdk.system.metadata.MdAction', 1, 'www.runwaysdk.com', NULL, NULL, '0000000000000000000000000000001000000000000000000000000000000003', '2014-01-15 15:41:39', 'com.runwaysdk.system.scheduler.ExecutableJobController.delete');
INSERT INTO controller_action ( key_name, locked_by, id, owner, entity_domain, created_by, type, last_update_date, create_date, seq, last_updated_by, site_master, parent_id, child_id) VALUES ('com.runwaysdk.system.scheduler.ExecutableJobController.delete', NULL, 'sktce59rrlz32giqadmcsrwtreialrxwJS200807230000000000000000111111', '0000000000000000000000000000001000000000000000000000000000000003', NULL, '0000000000000000000000000000001000000000000000000000000000000003', 'com.runwaysdk.system.ControllerAction', '2014-01-15 15:41:39', '2014-01-15 15:41:39', 4332, '0000000000000000000000000000001000000000000000000000000000000003', 'www.runwaysdk.com', '74tcvwmo5l1s64hszm13d3bevglbi2ofNM200810110000000000000000000112', '8jyx7mkvou3ahoof1jag6g2rao06xq5bNM200810110000000000000000000113');
INSERT INTO metadata_display_label ( default_locale, id, site_master, key_name) VALUES ('Parameter: com.runwaysdk.system.scheduler.ExecutableJob - dto', '8trgz3bz6pbg57c1ipar6nn6sjz5zss7NM200904120000000000000000000030', 'www.runwaysdk.com', '8trgz3bz6pbg57c1ipar6nn6sjz5zss7NM200904120000000000000000000030');
INSERT INTO metadata_display_label ( default_locale, id, site_master, key_name) VALUES ('com.runwaysdk.system.scheduler.ExecutableJob to delete', 'xzzfgdibl34k7uxdh28ncl5pldvtdvocNM200904120000000000000000000030', 'www.runwaysdk.com', 'xzzfgdibl34k7uxdh28ncl5pldvtdvocNM200904120000000000000000000030');
INSERT INTO md_parameter ( metadata, parameter_order, parameter_name, parameter_type, display_label, id) VALUES ('8jyx7mkvou3ahoof1jag6g2rao06xq5bNM200810110000000000000000000113', 0, 'dto', 'com.runwaysdk.system.scheduler.ExecutableJob', '8trgz3bz6pbg57c1ipar6nn6sjz5zss7NM200904120000000000000000000030', '1ut4fhjo4yrw7atr0ifvaz9jvtf6e3ve20070427JS0000000000000000001517');
INSERT INTO metadata ( description, created_by, owner, id, create_date, seq, type, remove, site_master, locked_by, entity_domain, last_updated_by, last_update_date, key_name) VALUES ('xzzfgdibl34k7uxdh28ncl5pldvtdvocNM200904120000000000000000000030', '0000000000000000000000000000001000000000000000000000000000000003', '0000000000000000000000000000001000000000000000000000000000000003', '1ut4fhjo4yrw7atr0ifvaz9jvtf6e3ve20070427JS0000000000000000001517', '2014-01-15 15:41:39', 4333, 'com.runwaysdk.system.metadata.MdParameter', 1, 'www.runwaysdk.com', NULL, NULL, '0000000000000000000000000000001000000000000000000000000000000003', '2014-01-15 15:41:39', 'com.runwaysdk.system.scheduler.ExecutableJobController.delete.dto');
INSERT INTO metadata_parameter ( site_master, last_updated_by, create_date, seq, locked_by, entity_domain, created_by, type, last_update_date, key_name, owner, id, parent_id, child_id) VALUES ('www.runwaysdk.com', '0000000000000000000000000000001000000000000000000000000000000003', '2014-01-15 15:41:39', 4334, NULL, NULL, '0000000000000000000000000000001000000000000000000000000000000003', 'com.runwaysdk.system.MetadataParameter', '2014-01-15 15:41:39', 'com.runwaysdk.system.scheduler.ExecutableJobController.delete.dto', '0000000000000000000000000000001000000000000000000000000000000003', '1vqekjkw3h0s11mh9kte6e06ts1ncqjc20070427JS0000000000000000001524', '8jyx7mkvou3ahoof1jag6g2rao06xq5bNM200810110000000000000000000113', '1ut4fhjo4yrw7atr0ifvaz9jvtf6e3ve20070427JS0000000000000000001517');
INSERT INTO business_inheritance ( id, parent_id, child_id) VALUES ('2fysq8mqo90x4fdbss2z19ez4s0dxes920070926NM0000000000000000000004', 'x9npcsuyj3f5osrsrii4jv48kw8sckub00000000000000000000000000000001', 'sj0kryjbvcxwli9wrnrh45x42908heeo00000000000000000000000000000001');
INSERT INTO class_inheritance ( id, parent_id, child_id) VALUES ('2fysq8mqo90x4fdbss2z19ez4s0dxes920070926NM0000000000000000000004', 'x9npcsuyj3f5osrsrii4jv48kw8sckub00000000000000000000000000000001', 'sj0kryjbvcxwli9wrnrh45x42908heeo00000000000000000000000000000001');
INSERT INTO metadata_relationship ( entity_domain, site_master, last_updated_by, id, owner, locked_by, create_date, type, created_by, seq, key_name, last_update_date, parent_id, child_id) VALUES (NULL, 'www.runwaysdk.com', '0000000000000000000000000000001000000000000000000000000000000003', '2fysq8mqo90x4fdbss2z19ez4s0dxes920070926NM0000000000000000000004', '0000000000000000000000000000001000000000000000000000000000000003', NULL, '2014-01-15 15:41:39', 'com.runwaysdk.system.metadata.BusinessInheritance', '0000000000000000000000000000001000000000000000000000000000000003', 4335, '2fysq8mqo90x4fdbss2z19ez4s0dxes920070926NM0000000000000000000004', '2014-01-15 15:41:39', 'x9npcsuyj3f5osrsrii4jv48kw8sckub00000000000000000000000000000001', 'sj0kryjbvcxwli9wrnrh45x42908heeo00000000000000000000000000000001');
INSERT INTO metadata_display_label ( default_locale, id, site_master, key_name) VALUES ('Start Job', '20hujj5etb2zyr1wm7ogn30phg1bwlpxNM200904120000000000000000000030', 'www.runwaysdk.com', '20hujj5etb2zyr1wm7ogn30phg1bwlpxNM200904120000000000000000000030');
INSERT INTO metadata_display_label ( default_locale, id, site_master, key_name) VALUES ('Start Job', '1ywpkhhusjt0n2cw197jewlu8733rrvzNM200904120000000000000000000030', 'www.runwaysdk.com', '1ywpkhhusjt0n2cw197jewlu8733rrvzNM200904120000000000000000000030');
INSERT INTO md_method ( method_name, md_type, is_static, return_type, display_label, id) VALUES ('start', 'sj0kryjbvcxwli9wrnrh45x42908heeo00000000000000000000000000000001', 0, 'void', '20hujj5etb2zyr1wm7ogn30phg1bwlpxNM200904120000000000000000000030', 'xenq5y38zdiu9jvslcj1ea9465pisdif20070427JS0000000000000000001514');
INSERT INTO metadata ( description, created_by, owner, id, create_date, seq, type, remove, site_master, locked_by, entity_domain, last_updated_by, last_update_date, key_name) VALUES ('1ywpkhhusjt0n2cw197jewlu8733rrvzNM200904120000000000000000000030', '0000000000000000000000000000001000000000000000000000000000000003', '0000000000000000000000000000001000000000000000000000000000000003', 'xenq5y38zdiu9jvslcj1ea9465pisdif20070427JS0000000000000000001514', '2014-01-15 15:41:39', 4336, 'com.runwaysdk.system.metadata.MdMethod', 1, 'www.runwaysdk.com', NULL, NULL, '0000000000000000000000000000001000000000000000000000000000000003', '2014-01-15 15:41:39', 'com.runwaysdk.system.scheduler.ExecutableJob.start');
INSERT INTO type_method ( id, parent_id, child_id) VALUES ('r1bhlvf04v4ijwiy2kycdj0nwvrod68b20070427JS0000000000000000001520', 'sj0kryjbvcxwli9wrnrh45x42908heeo00000000000000000000000000000001', 'xenq5y38zdiu9jvslcj1ea9465pisdif20070427JS0000000000000000001514');
INSERT INTO metadata_relationship ( entity_domain, site_master, last_updated_by, id, owner, locked_by, create_date, type, created_by, seq, key_name, last_update_date, parent_id, child_id) VALUES (NULL, 'www.runwaysdk.com', '0000000000000000000000000000001000000000000000000000000000000003', 'r1bhlvf04v4ijwiy2kycdj0nwvrod68b20070427JS0000000000000000001520', '0000000000000000000000000000001000000000000000000000000000000003', NULL, '2014-01-15 15:41:39', 'com.runwaysdk.system.metadata.TypeMethod', '0000000000000000000000000000001000000000000000000000000000000003', 4337, 'com.runwaysdk.system.scheduler.ExecutableJob.start', '2014-01-15 15:41:39', 'sj0kryjbvcxwli9wrnrh45x42908heeo00000000000000000000000000000001', 'xenq5y38zdiu9jvslcj1ea9465pisdif20070427JS0000000000000000001514');
INSERT INTO metadata_display_label ( default_locale, id, site_master, key_name) VALUES ('Stop Job', '906nxdcx9m0qte0c39v40gez00ft7g19NM200904120000000000000000000030', 'www.runwaysdk.com', '906nxdcx9m0qte0c39v40gez00ft7g19NM200904120000000000000000000030');
INSERT INTO metadata_display_label ( default_locale, id, site_master, key_name) VALUES ('Stop Job', 'zo1bga9u93h35gnwmxob2lz6mwpqg66jNM200904120000000000000000000030', 'www.runwaysdk.com', 'zo1bga9u93h35gnwmxob2lz6mwpqg66jNM200904120000000000000000000030');
INSERT INTO md_method ( method_name, md_type, is_static, return_type, display_label, id) VALUES ('stop', 'sj0kryjbvcxwli9wrnrh45x42908heeo00000000000000000000000000000001', 0, 'void', '906nxdcx9m0qte0c39v40gez00ft7g19NM200904120000000000000000000030', 'xga6bqir743iaf54skugs3ss7vxppo0w20070427JS0000000000000000001514');
INSERT INTO metadata ( description, created_by, owner, id, create_date, seq, type, remove, site_master, locked_by, entity_domain, last_updated_by, last_update_date, key_name) VALUES ('zo1bga9u93h35gnwmxob2lz6mwpqg66jNM200904120000000000000000000030', '0000000000000000000000000000001000000000000000000000000000000003', '0000000000000000000000000000001000000000000000000000000000000003', 'xga6bqir743iaf54skugs3ss7vxppo0w20070427JS0000000000000000001514', '2014-01-15 15:41:39', 4338, 'com.runwaysdk.system.metadata.MdMethod', 1, 'www.runwaysdk.com', NULL, NULL, '0000000000000000000000000000001000000000000000000000000000000003', '2014-01-15 15:41:39', 'com.runwaysdk.system.scheduler.ExecutableJob.stop');
INSERT INTO type_method ( id, parent_id, child_id) VALUES ('8iy2fqgd7r23xyo6nmb153129piixbd220070427JS0000000000000000001520', 'sj0kryjbvcxwli9wrnrh45x42908heeo00000000000000000000000000000001', 'xga6bqir743iaf54skugs3ss7vxppo0w20070427JS0000000000000000001514');
INSERT INTO metadata_relationship ( entity_domain, site_master, last_updated_by, id, owner, locked_by, create_date, type, created_by, seq, key_name, last_update_date, parent_id, child_id) VALUES (NULL, 'www.runwaysdk.com', '0000000000000000000000000000001000000000000000000000000000000003', '8iy2fqgd7r23xyo6nmb153129piixbd220070427JS0000000000000000001520', '0000000000000000000000000000001000000000000000000000000000000003', NULL, '2014-01-15 15:41:39', 'com.runwaysdk.system.metadata.TypeMethod', '0000000000000000000000000000001000000000000000000000000000000003', 4339, 'com.runwaysdk.system.scheduler.ExecutableJob.stop', '2014-01-15 15:41:39', 'sj0kryjbvcxwli9wrnrh45x42908heeo00000000000000000000000000000001', 'xga6bqir743iaf54skugs3ss7vxppo0w20070427JS0000000000000000001514');
INSERT INTO metadata_display_label ( default_locale, id, site_master, key_name) VALUES ('Cancel Job', '8nsjdwu18ksgiyh6hssv6ytf015ho7inNM200904120000000000000000000030', 'www.runwaysdk.com', '8nsjdwu18ksgiyh6hssv6ytf015ho7inNM200904120000000000000000000030');
INSERT INTO metadata_display_label ( default_locale, id, site_master, key_name) VALUES ('Cancel Job', '2ehek5bkb3gbpakhpdzdnct1spk351qsNM200904120000000000000000000030', 'www.runwaysdk.com', '2ehek5bkb3gbpakhpdzdnct1spk351qsNM200904120000000000000000000030');
INSERT INTO md_method ( method_name, md_type, is_static, return_type, display_label, id) VALUES ('cancel', 'sj0kryjbvcxwli9wrnrh45x42908heeo00000000000000000000000000000001', 0, 'void', '8nsjdwu18ksgiyh6hssv6ytf015ho7inNM200904120000000000000000000030', 'z52vvvpkukjveoqo3vd1c6ihkfd6yu9020070427JS0000000000000000001514');
INSERT INTO metadata ( description, created_by, owner, id, create_date, seq, type, remove, site_master, locked_by, entity_domain, last_updated_by, last_update_date, key_name) VALUES ('2ehek5bkb3gbpakhpdzdnct1spk351qsNM200904120000000000000000000030', '0000000000000000000000000000001000000000000000000000000000000003', '0000000000000000000000000000001000000000000000000000000000000003', 'z52vvvpkukjveoqo3vd1c6ihkfd6yu9020070427JS0000000000000000001514', '2014-01-15 15:41:39', 4340, 'com.runwaysdk.system.metadata.MdMethod', 1, 'www.runwaysdk.com', NULL, NULL, '0000000000000000000000000000001000000000000000000000000000000003', '2014-01-15 15:41:39', 'com.runwaysdk.system.scheduler.ExecutableJob.cancel');
INSERT INTO type_method ( id, parent_id, child_id) VALUES ('2cb171mmzd7o3gd62y96fmcoxg90765p20070427JS0000000000000000001520', 'sj0kryjbvcxwli9wrnrh45x42908heeo00000000000000000000000000000001', 'z52vvvpkukjveoqo3vd1c6ihkfd6yu9020070427JS0000000000000000001514');
INSERT INTO metadata_relationship ( entity_domain, site_master, last_updated_by, id, owner, locked_by, create_date, type, created_by, seq, key_name, last_update_date, parent_id, child_id) VALUES (NULL, 'www.runwaysdk.com', '0000000000000000000000000000001000000000000000000000000000000003', '2cb171mmzd7o3gd62y96fmcoxg90765p20070427JS0000000000000000001520', '0000000000000000000000000000001000000000000000000000000000000003', NULL, '2014-01-15 15:41:39', 'com.runwaysdk.system.metadata.TypeMethod', '0000000000000000000000000000001000000000000000000000000000000003', 4341, 'com.runwaysdk.system.scheduler.ExecutableJob.cancel', '2014-01-15 15:41:39', 'sj0kryjbvcxwli9wrnrh45x42908heeo00000000000000000000000000000001', 'z52vvvpkukjveoqo3vd1c6ihkfd6yu9020070427JS0000000000000000001514');
INSERT INTO metadata_display_label ( default_locale, id, site_master, key_name) VALUES ('Resume Job', '07kz8x5b9ox29h09cm45bi47o9cdfglcNM200904120000000000000000000030', 'www.runwaysdk.com', '07kz8x5b9ox29h09cm45bi47o9cdfglcNM200904120000000000000000000030');
INSERT INTO metadata_display_label ( default_locale, id, site_master, key_name) VALUES ('Resume Job', 'z82893csny5d2svb5n60k3vgdft4w9q2NM200904120000000000000000000030', 'www.runwaysdk.com', 'z82893csny5d2svb5n60k3vgdft4w9q2NM200904120000000000000000000030');
INSERT INTO md_method ( method_name, md_type, is_static, return_type, display_label, id) VALUES ('resume', 'sj0kryjbvcxwli9wrnrh45x42908heeo00000000000000000000000000000001', 0, 'void', '07kz8x5b9ox29h09cm45bi47o9cdfglcNM200904120000000000000000000030', '2epu4tuvsc01j09gpn1fkrkgti8e643x20070427JS0000000000000000001514');
INSERT INTO metadata ( description, created_by, owner, id, create_date, seq, type, remove, site_master, locked_by, entity_domain, last_updated_by, last_update_date, key_name) VALUES ('z82893csny5d2svb5n60k3vgdft4w9q2NM200904120000000000000000000030', '0000000000000000000000000000001000000000000000000000000000000003', '0000000000000000000000000000001000000000000000000000000000000003', '2epu4tuvsc01j09gpn1fkrkgti8e643x20070427JS0000000000000000001514', '2014-01-15 15:41:39', 4342, 'com.runwaysdk.system.metadata.MdMethod', 1, 'www.runwaysdk.com', NULL, NULL, '0000000000000000000000000000001000000000000000000000000000000003', '2014-01-15 15:41:39', 'com.runwaysdk.system.scheduler.ExecutableJob.resume');
INSERT INTO type_method ( id, parent_id, child_id) VALUES ('xl80i04mjr0swjp2fdlo49i4cvf12gcs20070427JS0000000000000000001520', 'sj0kryjbvcxwli9wrnrh45x42908heeo00000000000000000000000000000001', '2epu4tuvsc01j09gpn1fkrkgti8e643x20070427JS0000000000000000001514');
INSERT INTO metadata_relationship ( entity_domain, site_master, last_updated_by, id, owner, locked_by, create_date, type, created_by, seq, key_name, last_update_date, parent_id, child_id) VALUES (NULL, 'www.runwaysdk.com', '0000000000000000000000000000001000000000000000000000000000000003', 'xl80i04mjr0swjp2fdlo49i4cvf12gcs20070427JS0000000000000000001520', '0000000000000000000000000000001000000000000000000000000000000003', NULL, '2014-01-15 15:41:39', 'com.runwaysdk.system.metadata.TypeMethod', '0000000000000000000000000000001000000000000000000000000000000003', 4343, 'com.runwaysdk.system.scheduler.ExecutableJob.resume', '2014-01-15 15:41:39', 'sj0kryjbvcxwli9wrnrh45x42908heeo00000000000000000000000000000001', '2epu4tuvsc01j09gpn1fkrkgti8e643x20070427JS0000000000000000001514');
INSERT INTO metadata_display_label ( default_locale, id, site_master, key_name) VALUES ('Pause Job', 'xns25f4yqupprjqj56b3h4j7mxoetrpgNM200904120000000000000000000030', 'www.runwaysdk.com', 'xns25f4yqupprjqj56b3h4j7mxoetrpgNM200904120000000000000000000030');
INSERT INTO metadata_display_label ( default_locale, id, site_master, key_name) VALUES ('Pause Job', '8bdrcwjbuub4470xnjrw9oj1h9529v82NM200904120000000000000000000030', 'www.runwaysdk.com', '8bdrcwjbuub4470xnjrw9oj1h9529v82NM200904120000000000000000000030');
INSERT INTO md_method ( method_name, md_type, is_static, return_type, display_label, id) VALUES ('pause', 'sj0kryjbvcxwli9wrnrh45x42908heeo00000000000000000000000000000001', 0, 'void', 'xns25f4yqupprjqj56b3h4j7mxoetrpgNM200904120000000000000000000030', 'ssbvjmhne3ed1pk8nqlsdpmzqzdla28k20070427JS0000000000000000001514');
INSERT INTO metadata ( description, created_by, owner, id, create_date, seq, type, remove, site_master, locked_by, entity_domain, last_updated_by, last_update_date, key_name) VALUES ('8bdrcwjbuub4470xnjrw9oj1h9529v82NM200904120000000000000000000030', '0000000000000000000000000000001000000000000000000000000000000003', '0000000000000000000000000000001000000000000000000000000000000003', 'ssbvjmhne3ed1pk8nqlsdpmzqzdla28k20070427JS0000000000000000001514', '2014-01-15 15:41:39', 4344, 'com.runwaysdk.system.metadata.MdMethod', 1, 'www.runwaysdk.com', NULL, NULL, '0000000000000000000000000000001000000000000000000000000000000003', '2014-01-15 15:41:39', 'com.runwaysdk.system.scheduler.ExecutableJob.pause');
INSERT INTO type_method ( id, parent_id, child_id) VALUES ('r7mc2sxjl0y4n90yfgue7wdc8dm795xb20070427JS0000000000000000001520', 'sj0kryjbvcxwli9wrnrh45x42908heeo00000000000000000000000000000001', 'ssbvjmhne3ed1pk8nqlsdpmzqzdla28k20070427JS0000000000000000001514');
INSERT INTO metadata_relationship ( entity_domain, site_master, last_updated_by, id, owner, locked_by, create_date, type, created_by, seq, key_name, last_update_date, parent_id, child_id) VALUES (NULL, 'www.runwaysdk.com', '0000000000000000000000000000001000000000000000000000000000000003', 'r7mc2sxjl0y4n90yfgue7wdc8dm795xb20070427JS0000000000000000001520', '0000000000000000000000000000001000000000000000000000000000000003', NULL, '2014-01-15 15:41:39', 'com.runwaysdk.system.metadata.TypeMethod', '0000000000000000000000000000001000000000000000000000000000000003', 4345, 'com.runwaysdk.system.scheduler.ExecutableJob.pause', '2014-01-15 15:41:39', 'sj0kryjbvcxwli9wrnrh45x42908heeo00000000000000000000000000000001', 'ssbvjmhne3ed1pk8nqlsdpmzqzdla28k20070427JS0000000000000000001514');
 INSERT INTO struct_cache (set_id, item_id)  VALUES  ('20pypi7pvno43qdrk2v2symnpa6azh8j', '0000000000000000000000000000023100000000000000000000000000000222');
INSERT INTO metadata_display_label ( default_locale, id, site_master, key_name) VALUES ('Description', '294fscgag6uil4umj469ykwmoe784bkjNM200904120000000000000000000030', 'www.runwaysdk.com', '294fscgag6uil4umj469ykwmoe784bkjNM200904120000000000000000000030');
INSERT INTO metadata_display_label ( default_locale, id, site_master, key_name) VALUES ('Description', '07qcbix06geq0r0cb2c5l83uhna63ebhNM200904120000000000000000000030', 'www.runwaysdk.com', '07qcbix06geq0r0cb2c5l83uhna63ebhNM200904120000000000000000000030');
INSERT INTO md_local_struct ( id) VALUES ('8y7b22qdiv6pslglym5tupq33grjbvcr0000000000000000000MdLocalStruct');
INSERT INTO md_struct ( cache_algorithm, cache_algorithm_c, id) VALUES ('20pypi7pvno43qdrk2v2symnpa6azh8j', '0000000000000000000000000000023100000000000000000000000000000222', '8y7b22qdiv6pslglym5tupq33grjbvcr0000000000000000000MdLocalStruct');
INSERT INTO md_entity ( query_dto_source, query_source, cache_size, enforce_site_master, table_name, id) VALUES (NULL, NULL, 0, 1, 'executable_job_description', '8y7b22qdiv6pslglym5tupq33grjbvcr0000000000000000000MdLocalStruct');
INSERT INTO md_class ( publish, stub_dto_source, stub_source, id) VALUES (1, NULL, NULL, '8y7b22qdiv6pslglym5tupq33grjbvcr0000000000000000000MdLocalStruct');
INSERT INTO md_type ( display_label, root_id, package_name, type_name, base_source, js_base, js_stub, exported, dto_source, id) VALUES ('294fscgag6uil4umj469ykwmoe784bkjNM200904120000000000000000000030', '8y7b22qdiv6pslglym5tupq33grjbvcr', 'com.runwaysdk.system.scheduler', 'ExecutableJobDescription', NULL, NULL, NULL, 1, NULL, '8y7b22qdiv6pslglym5tupq33grjbvcr0000000000000000000MdLocalStruct');
INSERT INTO metadata ( description, created_by, owner, id, create_date, seq, type, remove, site_master, locked_by, entity_domain, last_updated_by, last_update_date, key_name) VALUES ('07qcbix06geq0r0cb2c5l83uhna63ebhNM200904120000000000000000000030', '0000000000000000000000000000001000000000000000000000000000000003', '0000000000000000000000000000001000000000000000000000000000000003', '8y7b22qdiv6pslglym5tupq33grjbvcr0000000000000000000MdLocalStruct', '2014-01-15 15:41:39', 4346, 'com.runwaysdk.system.metadata.MdLocalStruct', 1, 'www.runwaysdk.com', NULL, NULL, '0000000000000000000000000000001000000000000000000000000000000003', '2014-01-15 15:41:39', 'com.runwaysdk.system.scheduler.ExecutableJobDescription');
CREATE TABLE executable_job_description ( id CHAR(64) NOT NULL PRIMARY KEY );
 INSERT INTO visibilitymodifier (set_id, item_id)  VALUES  ('xdwaol6dny7jovtp87e74x51ngrzdecl', '20071109NM000000000000000000000520071109NM0000000000000000000001');
INSERT INTO metadata_display_label ( default_locale, id, site_master, key_name) VALUES ('ID', 'r2okaqa0frd6zg5h4qqv3ddo667wu0c9NM200904120000000000000000000030', 'www.runwaysdk.com', 'r2okaqa0frd6zg5h4qqv3ddo667wu0c9NM200904120000000000000000000030');
 INSERT INTO visibilitymodifier (set_id, item_id)  VALUES  ('sy5yzu7ikwmpl5gacjc96g3rzuqcw545', '20071109NM000000000000000000000520071109NM0000000000000000000001');
 INSERT INTO md_attribute_indicies (set_id, item_id)  VALUES  ('qm8hgb8zmtcryu50jfgztyvvmlzbp3ag', '0000000000000000000000000000040900000000000000000000000000000403');
INSERT INTO metadata_display_label ( default_locale, id, site_master, key_name) VALUES ('ID of this object', 'r7b0ojiql5g8e7xreurm132bm6nr59d0NM200904120000000000000000000030', 'www.runwaysdk.com', 'r7b0ojiql5g8e7xreurm132bm6nr59d0NM200904120000000000000000000030');
INSERT INTO md_attribute_character ( default_value, database_size, id) VALUES (NULL, 64, 'sa6js4zv1kkkhehalajuz8o2hrac9kn200000000000000000000000000000138');
INSERT INTO md_attribute_char ( id) VALUES ('sa6js4zv1kkkhehalajuz8o2hrac9kn200000000000000000000000000000138');
INSERT INTO md_attribute_primitive ( id) VALUES ('sa6js4zv1kkkhehalajuz8o2hrac9kn200000000000000000000000000000138');
INSERT INTO md_attribute_concrete ( column_name, defining_md_class, setter_visibility, setter_visibility_c, immutable, index_name, generate_accessor, system, required, display_label, getter_visibility, getter_visibility_c, index_type, index_type_c, attribute_name, id) VALUES ('id', '8y7b22qdiv6pslglym5tupq33grjbvcr0000000000000000000MdLocalStruct', 'xdwaol6dny7jovtp87e74x51ngrzdecl', '20071109NM000000000000000000000520071109NM0000000000000000000001', 0, 'ag0okiwlfl9uem3458g6ckksg54qsr', 1, 1, 1, 'r2okaqa0frd6zg5h4qqv3ddo667wu0c9NM200904120000000000000000000030', 'sy5yzu7ikwmpl5gacjc96g3rzuqcw545', '20071109NM000000000000000000000520071109NM0000000000000000000001', 'qm8hgb8zmtcryu50jfgztyvvmlzbp3ag', '0000000000000000000000000000040900000000000000000000000000000403', 'id', 'sa6js4zv1kkkhehalajuz8o2hrac9kn200000000000000000000000000000138');
INSERT INTO md_attribute ( id) VALUES ('sa6js4zv1kkkhehalajuz8o2hrac9kn200000000000000000000000000000138');
INSERT INTO metadata ( description, created_by, owner, id, create_date, seq, type, remove, site_master, locked_by, entity_domain, last_updated_by, last_update_date, key_name) VALUES ('r7b0ojiql5g8e7xreurm132bm6nr59d0NM200904120000000000000000000030', '0000000000000000000000000000001000000000000000000000000000000003', '0000000000000000000000000000001000000000000000000000000000000003', 'sa6js4zv1kkkhehalajuz8o2hrac9kn200000000000000000000000000000138', '2014-01-15 15:41:39', 4347, 'com.runwaysdk.system.metadata.MdAttributeCharacter', 0, 'www.runwaysdk.com', NULL, NULL, '0000000000000000000000000000001000000000000000000000000000000003', '2014-01-15 15:41:39', 'com.runwaysdk.system.scheduler.ExecutableJobDescription.id');
INSERT INTO class_attribute_concrete ( id, parent_id, child_id) VALUES ('1z4urxf3cmdrop6u9mwtzm8rq1pjvqj500000000000000000000000000000073', '8y7b22qdiv6pslglym5tupq33grjbvcr0000000000000000000MdLocalStruct', 'sa6js4zv1kkkhehalajuz8o2hrac9kn200000000000000000000000000000138');
INSERT INTO class_attribute ( id, parent_id, child_id) VALUES ('1z4urxf3cmdrop6u9mwtzm8rq1pjvqj500000000000000000000000000000073', '8y7b22qdiv6pslglym5tupq33grjbvcr0000000000000000000MdLocalStruct', 'sa6js4zv1kkkhehalajuz8o2hrac9kn200000000000000000000000000000138');
INSERT INTO metadata_relationship ( entity_domain, site_master, last_updated_by, id, owner, locked_by, create_date, type, created_by, seq, key_name, last_update_date, parent_id, child_id) VALUES (NULL, 'www.runwaysdk.com', '0000000000000000000000000000001000000000000000000000000000000003', '1z4urxf3cmdrop6u9mwtzm8rq1pjvqj500000000000000000000000000000073', '0000000000000000000000000000001000000000000000000000000000000003', NULL, '2014-01-15 15:41:39', 'com.runwaysdk.system.metadata.ClassAttributeConcrete', '0000000000000000000000000000001000000000000000000000000000000003', 4348, 'com.runwaysdk.system.scheduler.ExecutableJobDescription.id', '2014-01-15 15:41:39', '8y7b22qdiv6pslglym5tupq33grjbvcr0000000000000000000MdLocalStruct', 'sa6js4zv1kkkhehalajuz8o2hrac9kn200000000000000000000000000000138');
 INSERT INTO visibilitymodifier (set_id, item_id)  VALUES  ('z9fgw2n0ct9w0uisjsfzn0irkq03znqx', '20071109NM000000000000000000000520071109NM0000000000000000000001');
INSERT INTO metadata_display_label ( default_locale, id, site_master, key_name) VALUES ('Site Master', '6qaimtgl8pugoqno9tgsxeap467tqjejNM200904120000000000000000000030', 'www.runwaysdk.com', '6qaimtgl8pugoqno9tgsxeap467tqjejNM200904120000000000000000000030');
 INSERT INTO visibilitymodifier (set_id, item_id)  VALUES  ('yzlm8i3gtpyi9gnbjdxv0r1ukvx2a6vm', '20071109NM000000000000000000000520071109NM0000000000000000000001');
 INSERT INTO md_attribute_indicies (set_id, item_id)  VALUES  ('772f5j8lgstsg1a7g0rt4hgueyme24uf', '0000000000000000000000000000040100000000000000000000000000000403');
INSERT INTO metadata_display_label ( default_locale, id, site_master, key_name) VALUES ('The name of the site responsible for this object', '0f921zq572f95itcslgwxl1nnueqjg51NM200904120000000000000000000030', 'www.runwaysdk.com', '0f921zq572f95itcslgwxl1nnueqjg51NM200904120000000000000000000030');
INSERT INTO md_attribute_character ( default_value, database_size, id) VALUES (NULL, 255, 'xjzfljqk5lzqsui0c81xyzjql6mkd48p00000000000000000000000000000138');
INSERT INTO md_attribute_char ( id) VALUES ('xjzfljqk5lzqsui0c81xyzjql6mkd48p00000000000000000000000000000138');
INSERT INTO md_attribute_primitive ( id) VALUES ('xjzfljqk5lzqsui0c81xyzjql6mkd48p00000000000000000000000000000138');
INSERT INTO md_attribute_concrete ( column_name, defining_md_class, setter_visibility, setter_visibility_c, immutable, index_name, generate_accessor, system, required, display_label, getter_visibility, getter_visibility_c, index_type, index_type_c, attribute_name, id) VALUES ('site_master', '8y7b22qdiv6pslglym5tupq33grjbvcr0000000000000000000MdLocalStruct', 'z9fgw2n0ct9w0uisjsfzn0irkq03znqx', '20071109NM000000000000000000000520071109NM0000000000000000000001', 1, 'a7gteh14gss1jpdqu5s3tyggbp0fy9', 1, 1, 1, '6qaimtgl8pugoqno9tgsxeap467tqjejNM200904120000000000000000000030', 'yzlm8i3gtpyi9gnbjdxv0r1ukvx2a6vm', '20071109NM000000000000000000000520071109NM0000000000000000000001', '772f5j8lgstsg1a7g0rt4hgueyme24uf', '0000000000000000000000000000040100000000000000000000000000000403', 'siteMaster', 'xjzfljqk5lzqsui0c81xyzjql6mkd48p00000000000000000000000000000138');
INSERT INTO md_attribute ( id) VALUES ('xjzfljqk5lzqsui0c81xyzjql6mkd48p00000000000000000000000000000138');
INSERT INTO metadata ( description, created_by, owner, id, create_date, seq, type, remove, site_master, locked_by, entity_domain, last_updated_by, last_update_date, key_name) VALUES ('0f921zq572f95itcslgwxl1nnueqjg51NM200904120000000000000000000030', '0000000000000000000000000000001000000000000000000000000000000003', '0000000000000000000000000000001000000000000000000000000000000003', 'xjzfljqk5lzqsui0c81xyzjql6mkd48p00000000000000000000000000000138', '2014-01-15 15:41:39', 4349, 'com.runwaysdk.system.metadata.MdAttributeCharacter', 0, 'www.runwaysdk.com', NULL, NULL, '0000000000000000000000000000001000000000000000000000000000000003', '2014-01-15 15:41:39', 'com.runwaysdk.system.scheduler.ExecutableJobDescription.siteMaster');
ALTER TABLE executable_job_description ADD COLUMN site_master  varchar(255);
INSERT INTO class_attribute_concrete ( id, parent_id, child_id) VALUES ('0kru723ojeqk6wh6pqls8t2f4vnqpfb700000000000000000000000000000073', '8y7b22qdiv6pslglym5tupq33grjbvcr0000000000000000000MdLocalStruct', 'xjzfljqk5lzqsui0c81xyzjql6mkd48p00000000000000000000000000000138');
INSERT INTO class_attribute ( id, parent_id, child_id) VALUES ('0kru723ojeqk6wh6pqls8t2f4vnqpfb700000000000000000000000000000073', '8y7b22qdiv6pslglym5tupq33grjbvcr0000000000000000000MdLocalStruct', 'xjzfljqk5lzqsui0c81xyzjql6mkd48p00000000000000000000000000000138');
INSERT INTO metadata_relationship ( entity_domain, site_master, last_updated_by, id, owner, locked_by, create_date, type, created_by, seq, key_name, last_update_date, parent_id, child_id) VALUES (NULL, 'www.runwaysdk.com', '0000000000000000000000000000001000000000000000000000000000000003', '0kru723ojeqk6wh6pqls8t2f4vnqpfb700000000000000000000000000000073', '0000000000000000000000000000001000000000000000000000000000000003', NULL, '2014-01-15 15:41:39', 'com.runwaysdk.system.metadata.ClassAttributeConcrete', '0000000000000000000000000000001000000000000000000000000000000003', 4350, 'com.runwaysdk.system.scheduler.ExecutableJobDescription.siteMaster', '2014-01-15 15:41:39', '8y7b22qdiv6pslglym5tupq33grjbvcr0000000000000000000MdLocalStruct', 'xjzfljqk5lzqsui0c81xyzjql6mkd48p00000000000000000000000000000138');
 INSERT INTO visibilitymodifier (set_id, item_id)  VALUES  ('ql79pvx83oq5f7vpbugzdal8ia1rnrzh', '20071109NM000000000000000000000520071109NM0000000000000000000001');
INSERT INTO metadata_display_label ( default_locale, id, site_master, key_name) VALUES ('Key Name', 'qzoicj6t7x0pnzwj8mvpdcz5w9qfdssiNM200904120000000000000000000030', 'www.runwaysdk.com', 'qzoicj6t7x0pnzwj8mvpdcz5w9qfdssiNM200904120000000000000000000030');
 INSERT INTO visibilitymodifier (set_id, item_id)  VALUES  ('sqhbsl4e0kcwl4el174y79kj6njosqn9', '20071109NM000000000000000000000520071109NM0000000000000000000001');
 INSERT INTO md_attribute_indicies (set_id, item_id)  VALUES  ('0gbmk9497fh94kiu6mmawxgvxqlsufju', '0000000000000000000000000000040900000000000000000000000000000403');
INSERT INTO metadata_display_label ( default_locale, id, site_master, key_name) VALUES ('Key which uniquely identifies each instance of this type heirarchy.', 'xchc3dz93kgobw6baw28r9u7594o43oxNM200904120000000000000000000030', 'www.runwaysdk.com', 'xchc3dz93kgobw6baw28r9u7594o43oxNM200904120000000000000000000030');
INSERT INTO md_attribute_character ( default_value, database_size, id) VALUES (NULL, 255, '0jgc2j4foavhkvk5qypobh2377zg4c6y00000000000000000000000000000138');
INSERT INTO md_attribute_char ( id) VALUES ('0jgc2j4foavhkvk5qypobh2377zg4c6y00000000000000000000000000000138');
INSERT INTO md_attribute_primitive ( id) VALUES ('0jgc2j4foavhkvk5qypobh2377zg4c6y00000000000000000000000000000138');
INSERT INTO md_attribute_concrete ( column_name, defining_md_class, setter_visibility, setter_visibility_c, immutable, index_name, generate_accessor, system, required, display_label, getter_visibility, getter_visibility_c, index_type, index_type_c, attribute_name, id) VALUES ('key_name', '8y7b22qdiv6pslglym5tupq33grjbvcr0000000000000000000MdLocalStruct', 'ql79pvx83oq5f7vpbugzdal8ia1rnrzh', '20071109NM000000000000000000000520071109NM0000000000000000000001', 0, 'ar9hrkybyz4ljmk7ldv7ac2by3tmmt', 1, 0, 1, 'qzoicj6t7x0pnzwj8mvpdcz5w9qfdssiNM200904120000000000000000000030', 'sqhbsl4e0kcwl4el174y79kj6njosqn9', '20071109NM000000000000000000000520071109NM0000000000000000000001', '0gbmk9497fh94kiu6mmawxgvxqlsufju', '0000000000000000000000000000040900000000000000000000000000000403', 'keyName', '0jgc2j4foavhkvk5qypobh2377zg4c6y00000000000000000000000000000138');
INSERT INTO md_attribute ( id) VALUES ('0jgc2j4foavhkvk5qypobh2377zg4c6y00000000000000000000000000000138');
INSERT INTO metadata ( description, created_by, owner, id, create_date, seq, type, remove, site_master, locked_by, entity_domain, last_updated_by, last_update_date, key_name) VALUES ('xchc3dz93kgobw6baw28r9u7594o43oxNM200904120000000000000000000030', '0000000000000000000000000000001000000000000000000000000000000003', '0000000000000000000000000000001000000000000000000000000000000003', '0jgc2j4foavhkvk5qypobh2377zg4c6y00000000000000000000000000000138', '2014-01-15 15:41:39', 4351, 'com.runwaysdk.system.metadata.MdAttributeCharacter', 1, 'www.runwaysdk.com', NULL, NULL, '0000000000000000000000000000001000000000000000000000000000000003', '2014-01-15 15:41:39', 'com.runwaysdk.system.scheduler.ExecutableJobDescription.keyName');
ALTER TABLE executable_job_description ADD COLUMN key_name  varchar(255);
INSERT INTO class_attribute_concrete ( id, parent_id, child_id) VALUES ('xf9e6qsjunf3508snwp7tp8towzgxzb400000000000000000000000000000073', '8y7b22qdiv6pslglym5tupq33grjbvcr0000000000000000000MdLocalStruct', '0jgc2j4foavhkvk5qypobh2377zg4c6y00000000000000000000000000000138');
INSERT INTO class_attribute ( id, parent_id, child_id) VALUES ('xf9e6qsjunf3508snwp7tp8towzgxzb400000000000000000000000000000073', '8y7b22qdiv6pslglym5tupq33grjbvcr0000000000000000000MdLocalStruct', '0jgc2j4foavhkvk5qypobh2377zg4c6y00000000000000000000000000000138');
INSERT INTO metadata_relationship ( entity_domain, site_master, last_updated_by, id, owner, locked_by, create_date, type, created_by, seq, key_name, last_update_date, parent_id, child_id) VALUES (NULL, 'www.runwaysdk.com', '0000000000000000000000000000001000000000000000000000000000000003', 'xf9e6qsjunf3508snwp7tp8towzgxzb400000000000000000000000000000073', '0000000000000000000000000000001000000000000000000000000000000003', NULL, '2014-01-15 15:41:39', 'com.runwaysdk.system.metadata.ClassAttributeConcrete', '0000000000000000000000000000001000000000000000000000000000000003', 4352, 'com.runwaysdk.system.scheduler.ExecutableJobDescription.keyName', '2014-01-15 15:41:39', '8y7b22qdiv6pslglym5tupq33grjbvcr0000000000000000000MdLocalStruct', '0jgc2j4foavhkvk5qypobh2377zg4c6y00000000000000000000000000000138');
CREATE UNIQUE INDEX ar9hrkybyz4ljmk7ldv7ac2by3tmmt ON executable_job_description (key_name);
INSERT INTO metadata_display_label ( default_locale, id, site_master, key_name) VALUES (NULL, '7d1ds69c2kma4d9uaoxvu4v6xziku5nrNM200904120000000000000000000030', 'www.runwaysdk.com', '7d1ds69c2kma4d9uaoxvu4v6xziku5nrNM200904120000000000000000000030');
INSERT INTO metadata_display_label ( default_locale, id, site_master, key_name) VALUES (NULL, '94hmxqtuylo9fu0qja5ft6ayeo6jm884NM200904120000000000000000000030', 'www.runwaysdk.com', '94hmxqtuylo9fu0qja5ft6ayeo6jm884NM200904120000000000000000000030');
INSERT INTO md_controller ( stub_source, id) VALUES (NULL, '0rgft9dskzsfpywcno9ou6z30g6x0oauNM200810110000000000000000000112');
INSERT INTO md_type ( display_label, root_id, package_name, type_name, base_source, js_base, js_stub, exported, dto_source, id) VALUES ('7d1ds69c2kma4d9uaoxvu4v6xziku5nrNM200904120000000000000000000030', '0rgft9dskzsfpywcno9ou6z30g6x0oau', 'com.runwaysdk.system.scheduler', 'ExecutableJobDescriptionController', NULL, NULL, NULL, 1, NULL, '0rgft9dskzsfpywcno9ou6z30g6x0oauNM200810110000000000000000000112');
INSERT INTO metadata ( description, created_by, owner, id, create_date, seq, type, remove, site_master, locked_by, entity_domain, last_updated_by, last_update_date, key_name) VALUES ('94hmxqtuylo9fu0qja5ft6ayeo6jm884NM200904120000000000000000000030', '0000000000000000000000000000001000000000000000000000000000000003', '0000000000000000000000000000001000000000000000000000000000000003', '0rgft9dskzsfpywcno9ou6z30g6x0oauNM200810110000000000000000000112', '2014-01-15 15:41:39', 4353, 'com.runwaysdk.system.metadata.MdController', 1, 'www.runwaysdk.com', NULL, NULL, '0000000000000000000000000000001000000000000000000000000000000003', '2014-01-15 15:41:39', 'com.runwaysdk.system.scheduler.ExecutableJobDescriptionController');
INSERT INTO metadata_display_label ( default_locale, id, site_master, key_name) VALUES ('View Page', '74dob9x3zaifkzimp0gkb1299gl9psmvNM200904120000000000000000000030', 'www.runwaysdk.com', '74dob9x3zaifkzimp0gkb1299gl9psmvNM200904120000000000000000000030');
INSERT INTO metadata_display_label ( default_locale, id, site_master, key_name) VALUES ('Loads a ViewAll query for a specific page into the request object', 'xp6k8ompnpf14xxqjj3tfl4zlw1zeqwhNM200904120000000000000000000030', 'www.runwaysdk.com', 'xp6k8ompnpf14xxqjj3tfl4zlw1zeqwhNM200904120000000000000000000030');
INSERT INTO md_action ( is_query, enclosing_md_controller, is_post, action_name, display_label, id) VALUES (1, '0rgft9dskzsfpywcno9ou6z30g6x0oauNM200810110000000000000000000112', 0, 'viewPage', '74dob9x3zaifkzimp0gkb1299gl9psmvNM200904120000000000000000000030', 'r97soyr8i2tk25blppr3ml63w1l2hw95NM200810110000000000000000000113');
INSERT INTO metadata ( description, created_by, owner, id, create_date, seq, type, remove, site_master, locked_by, entity_domain, last_updated_by, last_update_date, key_name) VALUES ('xp6k8ompnpf14xxqjj3tfl4zlw1zeqwhNM200904120000000000000000000030', '0000000000000000000000000000001000000000000000000000000000000003', '0000000000000000000000000000001000000000000000000000000000000003', 'r97soyr8i2tk25blppr3ml63w1l2hw95NM200810110000000000000000000113', '2014-01-15 15:41:39', 4354, 'com.runwaysdk.system.metadata.MdAction', 1, 'www.runwaysdk.com', NULL, NULL, '0000000000000000000000000000001000000000000000000000000000000003', '2014-01-15 15:41:39', 'com.runwaysdk.system.scheduler.ExecutableJobDescriptionController.viewPage');
INSERT INTO controller_action ( key_name, locked_by, id, owner, entity_domain, created_by, type, last_update_date, create_date, seq, last_updated_by, site_master, parent_id, child_id) VALUES ('com.runwaysdk.system.scheduler.ExecutableJobDescriptionController.viewPage', NULL, 'qytc8uwddo8vyb8g2tjyzh858aqb8mnbJS200807230000000000000000111111', '0000000000000000000000000000001000000000000000000000000000000003', NULL, '0000000000000000000000000000001000000000000000000000000000000003', 'com.runwaysdk.system.ControllerAction', '2014-01-15 15:41:39', '2014-01-15 15:41:39', 4355, '0000000000000000000000000000001000000000000000000000000000000003', 'www.runwaysdk.com', '0rgft9dskzsfpywcno9ou6z30g6x0oauNM200810110000000000000000000112', 'r97soyr8i2tk25blppr3ml63w1l2hw95NM200810110000000000000000000113');
INSERT INTO metadata_display_label ( default_locale, id, site_master, key_name) VALUES ('Sort Attribute', '1sle1js1oeyz3b8cpyzpe1yvo9hnkgaxNM200904120000000000000000000030', 'www.runwaysdk.com', '1sle1js1oeyz3b8cpyzpe1yvo9hnkgaxNM200904120000000000000000000030');
INSERT INTO metadata_display_label ( default_locale, id, site_master, key_name) VALUES (NULL, 'zl72n9i2vnxj2trl8if3es84k4pw9crhNM200904120000000000000000000030', 'www.runwaysdk.com', 'zl72n9i2vnxj2trl8if3es84k4pw9crhNM200904120000000000000000000030');
INSERT INTO md_parameter ( metadata, parameter_order, parameter_name, parameter_type, display_label, id) VALUES ('r97soyr8i2tk25blppr3ml63w1l2hw95NM200810110000000000000000000113', -4, 'sortAttribute', 'java.lang.String', '1sle1js1oeyz3b8cpyzpe1yvo9hnkgaxNM200904120000000000000000000030', 'ywaewa2185xmwu1w0pjlu9975rncrpn120070427JS0000000000000000001517');
INSERT INTO metadata ( description, created_by, owner, id, create_date, seq, type, remove, site_master, locked_by, entity_domain, last_updated_by, last_update_date, key_name) VALUES ('zl72n9i2vnxj2trl8if3es84k4pw9crhNM200904120000000000000000000030', '0000000000000000000000000000001000000000000000000000000000000003', '0000000000000000000000000000001000000000000000000000000000000003', 'ywaewa2185xmwu1w0pjlu9975rncrpn120070427JS0000000000000000001517', '2014-01-15 15:41:39', 4356, 'com.runwaysdk.system.metadata.MdParameter', 1, 'www.runwaysdk.com', NULL, NULL, '0000000000000000000000000000001000000000000000000000000000000003', '2014-01-15 15:41:39', 'com.runwaysdk.system.scheduler.ExecutableJobDescriptionController.viewPage.sortAttribute');
INSERT INTO metadata_parameter ( site_master, last_updated_by, create_date, seq, locked_by, entity_domain, created_by, type, last_update_date, key_name, owner, id, parent_id, child_id) VALUES ('www.runwaysdk.com', '0000000000000000000000000000001000000000000000000000000000000003', '2014-01-15 15:41:39', 4357, NULL, NULL, '0000000000000000000000000000001000000000000000000000000000000003', 'com.runwaysdk.system.MetadataParameter', '2014-01-15 15:41:39', 'com.runwaysdk.system.scheduler.ExecutableJobDescriptionController.viewPage.sortAttribute', '0000000000000000000000000000001000000000000000000000000000000003', '78rkv24zlncog7dbvkva4xhbghuo488720070427JS0000000000000000001524', 'r97soyr8i2tk25blppr3ml63w1l2hw95NM200810110000000000000000000113', 'ywaewa2185xmwu1w0pjlu9975rncrpn120070427JS0000000000000000001517');
INSERT INTO metadata_display_label ( default_locale, id, site_master, key_name) VALUES ('Is Ascending', '1wy9trfp830lzzuh4fcy1kzjqufw4isrNM200904120000000000000000000030', 'www.runwaysdk.com', '1wy9trfp830lzzuh4fcy1kzjqufw4isrNM200904120000000000000000000030');
INSERT INTO metadata_display_label ( default_locale, id, site_master, key_name) VALUES (NULL, '0qy7zxqwyoe5zmhw95q1atywlqa1a13fNM200904120000000000000000000030', 'www.runwaysdk.com', '0qy7zxqwyoe5zmhw95q1atywlqa1a13fNM200904120000000000000000000030');
INSERT INTO md_parameter ( metadata, parameter_order, parameter_name, parameter_type, display_label, id) VALUES ('r97soyr8i2tk25blppr3ml63w1l2hw95NM200810110000000000000000000113', -3, 'isAscending', 'java.lang.Boolean', '1wy9trfp830lzzuh4fcy1kzjqufw4isrNM200904120000000000000000000030', '0854oozsag3ozr5vvn6ugppp4xas9rbq20070427JS0000000000000000001517');
INSERT INTO metadata ( description, created_by, owner, id, create_date, seq, type, remove, site_master, locked_by, entity_domain, last_updated_by, last_update_date, key_name) VALUES ('0qy7zxqwyoe5zmhw95q1atywlqa1a13fNM200904120000000000000000000030', '0000000000000000000000000000001000000000000000000000000000000003', '0000000000000000000000000000001000000000000000000000000000000003', '0854oozsag3ozr5vvn6ugppp4xas9rbq20070427JS0000000000000000001517', '2014-01-15 15:41:39', 4358, 'com.runwaysdk.system.metadata.MdParameter', 1, 'www.runwaysdk.com', NULL, NULL, '0000000000000000000000000000001000000000000000000000000000000003', '2014-01-15 15:41:39', 'com.runwaysdk.system.scheduler.ExecutableJobDescriptionController.viewPage.isAscending');
INSERT INTO metadata_parameter ( site_master, last_updated_by, create_date, seq, locked_by, entity_domain, created_by, type, last_update_date, key_name, owner, id, parent_id, child_id) VALUES ('www.runwaysdk.com', '0000000000000000000000000000001000000000000000000000000000000003', '2014-01-15 15:41:39', 4359, NULL, NULL, '0000000000000000000000000000001000000000000000000000000000000003', 'com.runwaysdk.system.MetadataParameter', '2014-01-15 15:41:39', 'com.runwaysdk.system.scheduler.ExecutableJobDescriptionController.viewPage.isAscending', '0000000000000000000000000000001000000000000000000000000000000003', '8pknmd18cf497o3ty34tat4qkwqu47ls20070427JS0000000000000000001524', 'r97soyr8i2tk25blppr3ml63w1l2hw95NM200810110000000000000000000113', '0854oozsag3ozr5vvn6ugppp4xas9rbq20070427JS0000000000000000001517');
INSERT INTO metadata_display_label ( default_locale, id, site_master, key_name) VALUES ('Page Size', '00nh55c8ty1feeu9dlrg5k1i15rhba7zNM200904120000000000000000000030', 'www.runwaysdk.com', '00nh55c8ty1feeu9dlrg5k1i15rhba7zNM200904120000000000000000000030');
INSERT INTO metadata_display_label ( default_locale, id, site_master, key_name) VALUES (NULL, '22f5lj8q1u8w9kqvsmarc68cbo8f4q85NM200904120000000000000000000030', 'www.runwaysdk.com', '22f5lj8q1u8w9kqvsmarc68cbo8f4q85NM200904120000000000000000000030');
INSERT INTO md_parameter ( metadata, parameter_order, parameter_name, parameter_type, display_label, id) VALUES ('r97soyr8i2tk25blppr3ml63w1l2hw95NM200810110000000000000000000113', -2, 'pageSize', 'java.lang.Integer', '00nh55c8ty1feeu9dlrg5k1i15rhba7zNM200904120000000000000000000030', '74olflpinbw6x5d12lcx0ikrbzv3b9k120070427JS0000000000000000001517');
INSERT INTO metadata ( description, created_by, owner, id, create_date, seq, type, remove, site_master, locked_by, entity_domain, last_updated_by, last_update_date, key_name) VALUES ('22f5lj8q1u8w9kqvsmarc68cbo8f4q85NM200904120000000000000000000030', '0000000000000000000000000000001000000000000000000000000000000003', '0000000000000000000000000000001000000000000000000000000000000003', '74olflpinbw6x5d12lcx0ikrbzv3b9k120070427JS0000000000000000001517', '2014-01-15 15:41:39', 4360, 'com.runwaysdk.system.metadata.MdParameter', 1, 'www.runwaysdk.com', NULL, NULL, '0000000000000000000000000000001000000000000000000000000000000003', '2014-01-15 15:41:39', 'com.runwaysdk.system.scheduler.ExecutableJobDescriptionController.viewPage.pageSize');
INSERT INTO metadata_parameter ( site_master, last_updated_by, create_date, seq, locked_by, entity_domain, created_by, type, last_update_date, key_name, owner, id, parent_id, child_id) VALUES ('www.runwaysdk.com', '0000000000000000000000000000001000000000000000000000000000000003', '2014-01-15 15:41:39', 4361, NULL, NULL, '0000000000000000000000000000001000000000000000000000000000000003', 'com.runwaysdk.system.MetadataParameter', '2014-01-15 15:41:39', 'com.runwaysdk.system.scheduler.ExecutableJobDescriptionController.viewPage.pageSize', '0000000000000000000000000000001000000000000000000000000000000003', '0c49gd53vrjl3c91x62vey9ubvtib3xd20070427JS0000000000000000001524', 'r97soyr8i2tk25blppr3ml63w1l2hw95NM200810110000000000000000000113', '74olflpinbw6x5d12lcx0ikrbzv3b9k120070427JS0000000000000000001517');
INSERT INTO metadata_display_label ( default_locale, id, site_master, key_name) VALUES ('Page Number', 'z156vwxnikmn7llu415vymyy17csx7frNM200904120000000000000000000030', 'www.runwaysdk.com', 'z156vwxnikmn7llu415vymyy17csx7frNM200904120000000000000000000030');
INSERT INTO metadata_display_label ( default_locale, id, site_master, key_name) VALUES (NULL, '1tuscxwa3n8hck57cqq8zle16t375yskNM200904120000000000000000000030', 'www.runwaysdk.com', '1tuscxwa3n8hck57cqq8zle16t375yskNM200904120000000000000000000030');
INSERT INTO md_parameter ( metadata, parameter_order, parameter_name, parameter_type, display_label, id) VALUES ('r97soyr8i2tk25blppr3ml63w1l2hw95NM200810110000000000000000000113', -1, 'pageNumber', 'java.lang.Integer', 'z156vwxnikmn7llu415vymyy17csx7frNM200904120000000000000000000030', '8bk81sgscna257o2t03qb0p1jbvu9l6x20070427JS0000000000000000001517');
INSERT INTO metadata ( description, created_by, owner, id, create_date, seq, type, remove, site_master, locked_by, entity_domain, last_updated_by, last_update_date, key_name) VALUES ('1tuscxwa3n8hck57cqq8zle16t375yskNM200904120000000000000000000030', '0000000000000000000000000000001000000000000000000000000000000003', '0000000000000000000000000000001000000000000000000000000000000003', '8bk81sgscna257o2t03qb0p1jbvu9l6x20070427JS0000000000000000001517', '2014-01-15 15:41:39', 4362, 'com.runwaysdk.system.metadata.MdParameter', 1, 'www.runwaysdk.com', NULL, NULL, '0000000000000000000000000000001000000000000000000000000000000003', '2014-01-15 15:41:39', 'com.runwaysdk.system.scheduler.ExecutableJobDescriptionController.viewPage.pageNumber');
INSERT INTO metadata_parameter ( site_master, last_updated_by, create_date, seq, locked_by, entity_domain, created_by, type, last_update_date, key_name, owner, id, parent_id, child_id) VALUES ('www.runwaysdk.com', '0000000000000000000000000000001000000000000000000000000000000003', '2014-01-15 15:41:39', 4363, NULL, NULL, '0000000000000000000000000000001000000000000000000000000000000003', 'com.runwaysdk.system.MetadataParameter', '2014-01-15 15:41:39', 'com.runwaysdk.system.scheduler.ExecutableJobDescriptionController.viewPage.pageNumber', '0000000000000000000000000000001000000000000000000000000000000003', '23lsm57vj23o18mhl33b6evmg77dllfv20070427JS0000000000000000001524', 'r97soyr8i2tk25blppr3ml63w1l2hw95NM200810110000000000000000000113', '8bk81sgscna257o2t03qb0p1jbvu9l6x20070427JS0000000000000000001517');
INSERT INTO metadata_display_label ( default_locale, id, site_master, key_name) VALUES ('View All', '8rb2bodkflwchwuzg8a0hu7e1hz5emdiNM200904120000000000000000000030', 'www.runwaysdk.com', '8rb2bodkflwchwuzg8a0hu7e1hz5emdiNM200904120000000000000000000030');
INSERT INTO metadata_display_label ( default_locale, id, site_master, key_name) VALUES ('Loads a ViewAll query with the default settings', 'sx1iwjkngfuee6ws5j1za9b55n4rprc6NM200904120000000000000000000030', 'www.runwaysdk.com', 'sx1iwjkngfuee6ws5j1za9b55n4rprc6NM200904120000000000000000000030');
INSERT INTO md_action ( is_query, enclosing_md_controller, is_post, action_name, display_label, id) VALUES (0, '0rgft9dskzsfpywcno9ou6z30g6x0oauNM200810110000000000000000000112', 0, 'viewAll', '8rb2bodkflwchwuzg8a0hu7e1hz5emdiNM200904120000000000000000000030', 'sm2cnyaqcux2762ah52u4woxpbwx23f9NM200810110000000000000000000113');
INSERT INTO metadata ( description, created_by, owner, id, create_date, seq, type, remove, site_master, locked_by, entity_domain, last_updated_by, last_update_date, key_name) VALUES ('sx1iwjkngfuee6ws5j1za9b55n4rprc6NM200904120000000000000000000030', '0000000000000000000000000000001000000000000000000000000000000003', '0000000000000000000000000000001000000000000000000000000000000003', 'sm2cnyaqcux2762ah52u4woxpbwx23f9NM200810110000000000000000000113', '2014-01-15 15:41:39', 4364, 'com.runwaysdk.system.metadata.MdAction', 1, 'www.runwaysdk.com', NULL, NULL, '0000000000000000000000000000001000000000000000000000000000000003', '2014-01-15 15:41:39', 'com.runwaysdk.system.scheduler.ExecutableJobDescriptionController.viewAll');
INSERT INTO controller_action ( key_name, locked_by, id, owner, entity_domain, created_by, type, last_update_date, create_date, seq, last_updated_by, site_master, parent_id, child_id) VALUES ('com.runwaysdk.system.scheduler.ExecutableJobDescriptionController.viewAll', NULL, 'qyr4xhnupk5vgyahl56kwl9a47qwa0lnJS200807230000000000000000111111', '0000000000000000000000000000001000000000000000000000000000000003', NULL, '0000000000000000000000000000001000000000000000000000000000000003', 'com.runwaysdk.system.ControllerAction', '2014-01-15 15:41:39', '2014-01-15 15:41:39', 4365, '0000000000000000000000000000001000000000000000000000000000000003', 'www.runwaysdk.com', '0rgft9dskzsfpywcno9ou6z30g6x0oauNM200810110000000000000000000112', 'sm2cnyaqcux2762ah52u4woxpbwx23f9NM200810110000000000000000000113');
INSERT INTO metadata_display_label ( default_locale, id, site_master, key_name) VALUES ('View', 'zf25z5p1x2ya6453lv66ih64l5no44c4NM200904120000000000000000000030', 'www.runwaysdk.com', 'zf25z5p1x2ya6453lv66ih64l5no44c4NM200904120000000000000000000030');
INSERT INTO metadata_display_label ( default_locale, id, site_master, key_name) VALUES ('View an existing instance of com.runwaysdk.system.scheduler.ExecutableJobDescription', '1q6gg1pcb63xpg81fma2gj93tjirvudnNM200904120000000000000000000030', 'www.runwaysdk.com', '1q6gg1pcb63xpg81fma2gj93tjirvudnNM200904120000000000000000000030');
INSERT INTO md_action ( is_query, enclosing_md_controller, is_post, action_name, display_label, id) VALUES (0, '0rgft9dskzsfpywcno9ou6z30g6x0oauNM200810110000000000000000000112', 0, 'view', 'zf25z5p1x2ya6453lv66ih64l5no44c4NM200904120000000000000000000030', '1ue8zurpjlg3buokrfjha7ffr04a4hleNM200810110000000000000000000113');
INSERT INTO metadata ( description, created_by, owner, id, create_date, seq, type, remove, site_master, locked_by, entity_domain, last_updated_by, last_update_date, key_name) VALUES ('1q6gg1pcb63xpg81fma2gj93tjirvudnNM200904120000000000000000000030', '0000000000000000000000000000001000000000000000000000000000000003', '0000000000000000000000000000001000000000000000000000000000000003', '1ue8zurpjlg3buokrfjha7ffr04a4hleNM200810110000000000000000000113', '2014-01-15 15:41:39', 4366, 'com.runwaysdk.system.metadata.MdAction', 1, 'www.runwaysdk.com', NULL, NULL, '0000000000000000000000000000001000000000000000000000000000000003', '2014-01-15 15:41:39', 'com.runwaysdk.system.scheduler.ExecutableJobDescriptionController.view');
INSERT INTO controller_action ( key_name, locked_by, id, owner, entity_domain, created_by, type, last_update_date, create_date, seq, last_updated_by, site_master, parent_id, child_id) VALUES ('com.runwaysdk.system.scheduler.ExecutableJobDescriptionController.view', NULL, 'qm6o3l0wdb683k4wfrffw8vmxzijdr7gJS200807230000000000000000111111', '0000000000000000000000000000001000000000000000000000000000000003', NULL, '0000000000000000000000000000001000000000000000000000000000000003', 'com.runwaysdk.system.ControllerAction', '2014-01-15 15:41:39', '2014-01-15 15:41:39', 4367, '0000000000000000000000000000001000000000000000000000000000000003', 'www.runwaysdk.com', '0rgft9dskzsfpywcno9ou6z30g6x0oauNM200810110000000000000000000112', '1ue8zurpjlg3buokrfjha7ffr04a4hleNM200810110000000000000000000113');
INSERT INTO metadata_display_label ( default_locale, id, site_master, key_name) VALUES ('Parameter: com.runwaysdk.system.scheduler.ExecutableJobDescription - id', '6psioykn20yvzttx59zl1geqjmlmefrtNM200904120000000000000000000030', 'www.runwaysdk.com', '6psioykn20yvzttx59zl1geqjmlmefrtNM200904120000000000000000000030');
INSERT INTO metadata_display_label ( default_locale, id, site_master, key_name) VALUES ('Id of com.runwaysdk.system.scheduler.ExecutableJobDescription to view.', 'sjob9xxzcybwxf063rb9brkrhzumboauNM200904120000000000000000000030', 'www.runwaysdk.com', 'sjob9xxzcybwxf063rb9brkrhzumboauNM200904120000000000000000000030');
INSERT INTO md_parameter ( metadata, parameter_order, parameter_name, parameter_type, display_label, id) VALUES ('1ue8zurpjlg3buokrfjha7ffr04a4hleNM200810110000000000000000000113', 0, 'id', 'java.lang.String', '6psioykn20yvzttx59zl1geqjmlmefrtNM200904120000000000000000000030', '8i3zti484tb54sba2c1egy7qseml3i6320070427JS0000000000000000001517');
INSERT INTO metadata ( description, created_by, owner, id, create_date, seq, type, remove, site_master, locked_by, entity_domain, last_updated_by, last_update_date, key_name) VALUES ('sjob9xxzcybwxf063rb9brkrhzumboauNM200904120000000000000000000030', '0000000000000000000000000000001000000000000000000000000000000003', '0000000000000000000000000000001000000000000000000000000000000003', '8i3zti484tb54sba2c1egy7qseml3i6320070427JS0000000000000000001517', '2014-01-15 15:41:39', 4368, 'com.runwaysdk.system.metadata.MdParameter', 1, 'www.runwaysdk.com', NULL, NULL, '0000000000000000000000000000001000000000000000000000000000000003', '2014-01-15 15:41:39', 'com.runwaysdk.system.scheduler.ExecutableJobDescriptionController.view.id');
INSERT INTO metadata_parameter ( site_master, last_updated_by, create_date, seq, locked_by, entity_domain, created_by, type, last_update_date, key_name, owner, id, parent_id, child_id) VALUES ('www.runwaysdk.com', '0000000000000000000000000000001000000000000000000000000000000003', '2014-01-15 15:41:39', 4369, NULL, NULL, '0000000000000000000000000000001000000000000000000000000000000003', 'com.runwaysdk.system.MetadataParameter', '2014-01-15 15:41:39', 'com.runwaysdk.system.scheduler.ExecutableJobDescriptionController.view.id', '0000000000000000000000000000001000000000000000000000000000000003', 'sg2xvf7m2156vejvzs00m893bie0umah20070427JS0000000000000000001524', '1ue8zurpjlg3buokrfjha7ffr04a4hleNM200810110000000000000000000113', '8i3zti484tb54sba2c1egy7qseml3i6320070427JS0000000000000000001517');
INSERT INTO metadata_display_label ( default_locale, id, site_master, key_name) VALUES ('New Instance', 'qmpphwns3ezfluuuw88gkjshbqxhyl4wNM200904120000000000000000000030', 'www.runwaysdk.com', 'qmpphwns3ezfluuuw88gkjshbqxhyl4wNM200904120000000000000000000030');
INSERT INTO metadata_display_label ( default_locale, id, site_master, key_name) VALUES ('Loads a new instance of com.runwaysdk.system.scheduler.ExecutableJobDescription into the request object', 'qn5venzdtaaythouy0d5s2a4vd1bc8iyNM200904120000000000000000000030', 'www.runwaysdk.com', 'qn5venzdtaaythouy0d5s2a4vd1bc8iyNM200904120000000000000000000030');
INSERT INTO md_action ( is_query, enclosing_md_controller, is_post, action_name, display_label, id) VALUES (0, '0rgft9dskzsfpywcno9ou6z30g6x0oauNM200810110000000000000000000112', 0, 'newInstance', 'qmpphwns3ezfluuuw88gkjshbqxhyl4wNM200904120000000000000000000030', 'zpu6k6f8vwy8d644x96acywt46cnn4olNM200810110000000000000000000113');
INSERT INTO metadata ( description, created_by, owner, id, create_date, seq, type, remove, site_master, locked_by, entity_domain, last_updated_by, last_update_date, key_name) VALUES ('qn5venzdtaaythouy0d5s2a4vd1bc8iyNM200904120000000000000000000030', '0000000000000000000000000000001000000000000000000000000000000003', '0000000000000000000000000000001000000000000000000000000000000003', 'zpu6k6f8vwy8d644x96acywt46cnn4olNM200810110000000000000000000113', '2014-01-15 15:41:39', 4370, 'com.runwaysdk.system.metadata.MdAction', 1, 'www.runwaysdk.com', NULL, NULL, '0000000000000000000000000000001000000000000000000000000000000003', '2014-01-15 15:41:39', 'com.runwaysdk.system.scheduler.ExecutableJobDescriptionController.newInstance');
INSERT INTO controller_action ( key_name, locked_by, id, owner, entity_domain, created_by, type, last_update_date, create_date, seq, last_updated_by, site_master, parent_id, child_id) VALUES ('com.runwaysdk.system.scheduler.ExecutableJobDescriptionController.newInstance', NULL, '06bt26x3737txxuuc911lqfavdj3v72yJS200807230000000000000000111111', '0000000000000000000000000000001000000000000000000000000000000003', NULL, '0000000000000000000000000000001000000000000000000000000000000003', 'com.runwaysdk.system.ControllerAction', '2014-01-15 15:41:39', '2014-01-15 15:41:39', 4371, '0000000000000000000000000000001000000000000000000000000000000003', 'www.runwaysdk.com', '0rgft9dskzsfpywcno9ou6z30g6x0oauNM200810110000000000000000000112', 'zpu6k6f8vwy8d644x96acywt46cnn4olNM200810110000000000000000000113');
INSERT INTO metadata_display_label ( default_locale, id, site_master, key_name) VALUES ('Create', 'qyhy8o669jjp2ivx4okd7djnalpc6ydqNM200904120000000000000000000030', 'www.runwaysdk.com', 'qyhy8o669jjp2ivx4okd7djnalpc6ydqNM200904120000000000000000000030');
INSERT INTO metadata_display_label ( default_locale, id, site_master, key_name) VALUES ('Applys a new instance of com.runwaysdk.system.scheduler.ExecutableJobDescription', '8xqskt0nxlciriycn8r3bugayno9e9bgNM200904120000000000000000000030', 'www.runwaysdk.com', '8xqskt0nxlciriycn8r3bugayno9e9bgNM200904120000000000000000000030');
INSERT INTO md_action ( is_query, enclosing_md_controller, is_post, action_name, display_label, id) VALUES (0, '0rgft9dskzsfpywcno9ou6z30g6x0oauNM200810110000000000000000000112', 1, 'create', 'qyhy8o669jjp2ivx4okd7djnalpc6ydqNM200904120000000000000000000030', 'so8z3ymfqtoqu4xdmbk4jpr78ozkl8igNM200810110000000000000000000113');
INSERT INTO metadata ( description, created_by, owner, id, create_date, seq, type, remove, site_master, locked_by, entity_domain, last_updated_by, last_update_date, key_name) VALUES ('8xqskt0nxlciriycn8r3bugayno9e9bgNM200904120000000000000000000030', '0000000000000000000000000000001000000000000000000000000000000003', '0000000000000000000000000000001000000000000000000000000000000003', 'so8z3ymfqtoqu4xdmbk4jpr78ozkl8igNM200810110000000000000000000113', '2014-01-15 15:41:39', 4372, 'com.runwaysdk.system.metadata.MdAction', 1, 'www.runwaysdk.com', NULL, NULL, '0000000000000000000000000000001000000000000000000000000000000003', '2014-01-15 15:41:39', 'com.runwaysdk.system.scheduler.ExecutableJobDescriptionController.create');
INSERT INTO controller_action ( key_name, locked_by, id, owner, entity_domain, created_by, type, last_update_date, create_date, seq, last_updated_by, site_master, parent_id, child_id) VALUES ('com.runwaysdk.system.scheduler.ExecutableJobDescriptionController.create', NULL, '8qg2sjw2hytp8de6t1rn876e6jnur9mcJS200807230000000000000000111111', '0000000000000000000000000000001000000000000000000000000000000003', NULL, '0000000000000000000000000000001000000000000000000000000000000003', 'com.runwaysdk.system.ControllerAction', '2014-01-15 15:41:39', '2014-01-15 15:41:39', 4373, '0000000000000000000000000000001000000000000000000000000000000003', 'www.runwaysdk.com', '0rgft9dskzsfpywcno9ou6z30g6x0oauNM200810110000000000000000000112', 'so8z3ymfqtoqu4xdmbk4jpr78ozkl8igNM200810110000000000000000000113');
INSERT INTO metadata_display_label ( default_locale, id, site_master, key_name) VALUES ('Parameter: com.runwaysdk.system.scheduler.ExecutableJobDescription', 'zmgdraeg52qk5nt6wj32gz2rjv01iam6NM200904120000000000000000000030', 'www.runwaysdk.com', 'zmgdraeg52qk5nt6wj32gz2rjv01iam6NM200904120000000000000000000030');
INSERT INTO metadata_display_label ( default_locale, id, site_master, key_name) VALUES ('com.runwaysdk.system.scheduler.ExecutableJobDescription to apply to the database', '24givzf6906wmatpgm00fdph76db2rt7NM200904120000000000000000000030', 'www.runwaysdk.com', '24givzf6906wmatpgm00fdph76db2rt7NM200904120000000000000000000030');
INSERT INTO md_parameter ( metadata, parameter_order, parameter_name, parameter_type, display_label, id) VALUES ('so8z3ymfqtoqu4xdmbk4jpr78ozkl8igNM200810110000000000000000000113', 0, 'dto', 'com.runwaysdk.system.scheduler.ExecutableJobDescription', 'zmgdraeg52qk5nt6wj32gz2rjv01iam6NM200904120000000000000000000030', '8n43lo8obauid6ru3mm33lera28zxzzr20070427JS0000000000000000001517');
INSERT INTO metadata ( description, created_by, owner, id, create_date, seq, type, remove, site_master, locked_by, entity_domain, last_updated_by, last_update_date, key_name) VALUES ('24givzf6906wmatpgm00fdph76db2rt7NM200904120000000000000000000030', '0000000000000000000000000000001000000000000000000000000000000003', '0000000000000000000000000000001000000000000000000000000000000003', '8n43lo8obauid6ru3mm33lera28zxzzr20070427JS0000000000000000001517', '2014-01-15 15:41:39', 4374, 'com.runwaysdk.system.metadata.MdParameter', 1, 'www.runwaysdk.com', NULL, NULL, '0000000000000000000000000000001000000000000000000000000000000003', '2014-01-15 15:41:39', 'com.runwaysdk.system.scheduler.ExecutableJobDescriptionController.create.dto');
INSERT INTO metadata_parameter ( site_master, last_updated_by, create_date, seq, locked_by, entity_domain, created_by, type, last_update_date, key_name, owner, id, parent_id, child_id) VALUES ('www.runwaysdk.com', '0000000000000000000000000000001000000000000000000000000000000003', '2014-01-15 15:41:39', 4375, NULL, NULL, '0000000000000000000000000000001000000000000000000000000000000003', 'com.runwaysdk.system.MetadataParameter', '2014-01-15 15:41:39', 'com.runwaysdk.system.scheduler.ExecutableJobDescriptionController.create.dto', '0000000000000000000000000000001000000000000000000000000000000003', 'suteft97rrgd7ybcmskulubl94r6izd520070427JS0000000000000000001524', 'so8z3ymfqtoqu4xdmbk4jpr78ozkl8igNM200810110000000000000000000113', '8n43lo8obauid6ru3mm33lera28zxzzr20070427JS0000000000000000001517');
INSERT INTO metadata_display_label ( default_locale, id, site_master, key_name) VALUES ('edit', 'xdhs82lm971971xdb83hki41ynatww6sNM200904120000000000000000000030', 'www.runwaysdk.com', 'xdhs82lm971971xdb83hki41ynatww6sNM200904120000000000000000000030');
INSERT INTO metadata_display_label ( default_locale, id, site_master, key_name) VALUES ('Applys an existing instance of com.runwaysdk.system.scheduler.ExecutableJobDescription', 'suunwjjolwb7jn68mg74udoqxvn6ex85NM200904120000000000000000000030', 'www.runwaysdk.com', 'suunwjjolwb7jn68mg74udoqxvn6ex85NM200904120000000000000000000030');
INSERT INTO md_action ( is_query, enclosing_md_controller, is_post, action_name, display_label, id) VALUES (0, '0rgft9dskzsfpywcno9ou6z30g6x0oauNM200810110000000000000000000112', 0, 'edit', 'xdhs82lm971971xdb83hki41ynatww6sNM200904120000000000000000000030', 'r8gnneqc4plccdhxer17j183mpgh8oq3NM200810110000000000000000000113');
INSERT INTO metadata ( description, created_by, owner, id, create_date, seq, type, remove, site_master, locked_by, entity_domain, last_updated_by, last_update_date, key_name) VALUES ('suunwjjolwb7jn68mg74udoqxvn6ex85NM200904120000000000000000000030', '0000000000000000000000000000001000000000000000000000000000000003', '0000000000000000000000000000001000000000000000000000000000000003', 'r8gnneqc4plccdhxer17j183mpgh8oq3NM200810110000000000000000000113', '2014-01-15 15:41:39', 4376, 'com.runwaysdk.system.metadata.MdAction', 1, 'www.runwaysdk.com', NULL, NULL, '0000000000000000000000000000001000000000000000000000000000000003', '2014-01-15 15:41:39', 'com.runwaysdk.system.scheduler.ExecutableJobDescriptionController.edit');
INSERT INTO controller_action ( key_name, locked_by, id, owner, entity_domain, created_by, type, last_update_date, create_date, seq, last_updated_by, site_master, parent_id, child_id) VALUES ('com.runwaysdk.system.scheduler.ExecutableJobDescriptionController.edit', NULL, 'sayvy8lznn0mpkkntjjw9ik4mujs619yJS200807230000000000000000111111', '0000000000000000000000000000001000000000000000000000000000000003', NULL, '0000000000000000000000000000001000000000000000000000000000000003', 'com.runwaysdk.system.ControllerAction', '2014-01-15 15:41:39', '2014-01-15 15:41:39', 4377, '0000000000000000000000000000001000000000000000000000000000000003', 'www.runwaysdk.com', '0rgft9dskzsfpywcno9ou6z30g6x0oauNM200810110000000000000000000112', 'r8gnneqc4plccdhxer17j183mpgh8oq3NM200810110000000000000000000113');
INSERT INTO metadata_display_label ( default_locale, id, site_master, key_name) VALUES ('Parameter: com.runwaysdk.system.scheduler.ExecutableJobDescription', 'st9w67xuc28a5vdsbnyorz3fo4qjzn5oNM200904120000000000000000000030', 'www.runwaysdk.com', 'st9w67xuc28a5vdsbnyorz3fo4qjzn5oNM200904120000000000000000000030');
INSERT INTO metadata_display_label ( default_locale, id, site_master, key_name) VALUES ('com.runwaysdk.system.scheduler.ExecutableJobDescription to apply to the database', 'xm6h8v92079f5zhx0wd5ewkhueju0pi0NM200904120000000000000000000030', 'www.runwaysdk.com', 'xm6h8v92079f5zhx0wd5ewkhueju0pi0NM200904120000000000000000000030');
INSERT INTO md_parameter ( metadata, parameter_order, parameter_name, parameter_type, display_label, id) VALUES ('r8gnneqc4plccdhxer17j183mpgh8oq3NM200810110000000000000000000113', 0, 'id', 'java.lang.String', 'st9w67xuc28a5vdsbnyorz3fo4qjzn5oNM200904120000000000000000000030', 'xsmzmjjp5g1kfsweliycac46o6fjv5oo20070427JS0000000000000000001517');
INSERT INTO metadata ( description, created_by, owner, id, create_date, seq, type, remove, site_master, locked_by, entity_domain, last_updated_by, last_update_date, key_name) VALUES ('xm6h8v92079f5zhx0wd5ewkhueju0pi0NM200904120000000000000000000030', '0000000000000000000000000000001000000000000000000000000000000003', '0000000000000000000000000000001000000000000000000000000000000003', 'xsmzmjjp5g1kfsweliycac46o6fjv5oo20070427JS0000000000000000001517', '2014-01-15 15:41:39', 4378, 'com.runwaysdk.system.metadata.MdParameter', 1, 'www.runwaysdk.com', NULL, NULL, '0000000000000000000000000000001000000000000000000000000000000003', '2014-01-15 15:41:39', 'com.runwaysdk.system.scheduler.ExecutableJobDescriptionController.edit.id');
INSERT INTO metadata_parameter ( site_master, last_updated_by, create_date, seq, locked_by, entity_domain, created_by, type, last_update_date, key_name, owner, id, parent_id, child_id) VALUES ('www.runwaysdk.com', '0000000000000000000000000000001000000000000000000000000000000003', '2014-01-15 15:41:39', 4379, NULL, NULL, '0000000000000000000000000000001000000000000000000000000000000003', 'com.runwaysdk.system.MetadataParameter', '2014-01-15 15:41:39', 'com.runwaysdk.system.scheduler.ExecutableJobDescriptionController.edit.id', '0000000000000000000000000000001000000000000000000000000000000003', 'xu4d4f9lm0o1tctfn5cw9qcfo4l7zny920070427JS0000000000000000001524', 'r8gnneqc4plccdhxer17j183mpgh8oq3NM200810110000000000000000000113', 'xsmzmjjp5g1kfsweliycac46o6fjv5oo20070427JS0000000000000000001517');
INSERT INTO metadata_display_label ( default_locale, id, site_master, key_name) VALUES ('update', 'zn379v436u1fho90p1e1i7pp3xhea9d6NM200904120000000000000000000030', 'www.runwaysdk.com', 'zn379v436u1fho90p1e1i7pp3xhea9d6NM200904120000000000000000000030');
INSERT INTO metadata_display_label ( default_locale, id, site_master, key_name) VALUES ('Applys an existing instance of com.runwaysdk.system.scheduler.ExecutableJobDescription', '26amati6olow87rs1oo3ecakream3dznNM200904120000000000000000000030', 'www.runwaysdk.com', '26amati6olow87rs1oo3ecakream3dznNM200904120000000000000000000030');
INSERT INTO md_action ( is_query, enclosing_md_controller, is_post, action_name, display_label, id) VALUES (0, '0rgft9dskzsfpywcno9ou6z30g6x0oauNM200810110000000000000000000112', 1, 'update', 'zn379v436u1fho90p1e1i7pp3xhea9d6NM200904120000000000000000000030', '1zo9qxcw0y2jd75os58du63m6ouw3aq8NM200810110000000000000000000113');
INSERT INTO metadata ( description, created_by, owner, id, create_date, seq, type, remove, site_master, locked_by, entity_domain, last_updated_by, last_update_date, key_name) VALUES ('26amati6olow87rs1oo3ecakream3dznNM200904120000000000000000000030', '0000000000000000000000000000001000000000000000000000000000000003', '0000000000000000000000000000001000000000000000000000000000000003', '1zo9qxcw0y2jd75os58du63m6ouw3aq8NM200810110000000000000000000113', '2014-01-15 15:41:39', 4380, 'com.runwaysdk.system.metadata.MdAction', 1, 'www.runwaysdk.com', NULL, NULL, '0000000000000000000000000000001000000000000000000000000000000003', '2014-01-15 15:41:39', 'com.runwaysdk.system.scheduler.ExecutableJobDescriptionController.update');
INSERT INTO controller_action ( key_name, locked_by, id, owner, entity_domain, created_by, type, last_update_date, create_date, seq, last_updated_by, site_master, parent_id, child_id) VALUES ('com.runwaysdk.system.scheduler.ExecutableJobDescriptionController.update', NULL, '8yun37qdgzebv285lflek6p6e02pfuo2JS200807230000000000000000111111', '0000000000000000000000000000001000000000000000000000000000000003', NULL, '0000000000000000000000000000001000000000000000000000000000000003', 'com.runwaysdk.system.ControllerAction', '2014-01-15 15:41:39', '2014-01-15 15:41:39', 4381, '0000000000000000000000000000001000000000000000000000000000000003', 'www.runwaysdk.com', '0rgft9dskzsfpywcno9ou6z30g6x0oauNM200810110000000000000000000112', '1zo9qxcw0y2jd75os58du63m6ouw3aq8NM200810110000000000000000000113');
INSERT INTO metadata_display_label ( default_locale, id, site_master, key_name) VALUES ('Parameter: com.runwaysdk.system.scheduler.ExecutableJobDescription - dto', 'z9bxq2go4jtac0gp2qorbmzcmhhy3a1bNM200904120000000000000000000030', 'www.runwaysdk.com', 'z9bxq2go4jtac0gp2qorbmzcmhhy3a1bNM200904120000000000000000000030');
INSERT INTO metadata_display_label ( default_locale, id, site_master, key_name) VALUES ('com.runwaysdk.system.scheduler.ExecutableJobDescription to apply to the database', '739bkrl9f2tkvrn4yp9gj5bergo83ky4NM200904120000000000000000000030', 'www.runwaysdk.com', '739bkrl9f2tkvrn4yp9gj5bergo83ky4NM200904120000000000000000000030');
INSERT INTO md_parameter ( metadata, parameter_order, parameter_name, parameter_type, display_label, id) VALUES ('1zo9qxcw0y2jd75os58du63m6ouw3aq8NM200810110000000000000000000113', 0, 'dto', 'com.runwaysdk.system.scheduler.ExecutableJobDescription', 'z9bxq2go4jtac0gp2qorbmzcmhhy3a1bNM200904120000000000000000000030', 'r01vb4twkkn42hdqr0xses8dmcr5x3ia20070427JS0000000000000000001517');
INSERT INTO metadata ( description, created_by, owner, id, create_date, seq, type, remove, site_master, locked_by, entity_domain, last_updated_by, last_update_date, key_name) VALUES ('739bkrl9f2tkvrn4yp9gj5bergo83ky4NM200904120000000000000000000030', '0000000000000000000000000000001000000000000000000000000000000003', '0000000000000000000000000000001000000000000000000000000000000003', 'r01vb4twkkn42hdqr0xses8dmcr5x3ia20070427JS0000000000000000001517', '2014-01-15 15:41:39', 4382, 'com.runwaysdk.system.metadata.MdParameter', 1, 'www.runwaysdk.com', NULL, NULL, '0000000000000000000000000000001000000000000000000000000000000003', '2014-01-15 15:41:39', 'com.runwaysdk.system.scheduler.ExecutableJobDescriptionController.update.dto');
INSERT INTO metadata_parameter ( site_master, last_updated_by, create_date, seq, locked_by, entity_domain, created_by, type, last_update_date, key_name, owner, id, parent_id, child_id) VALUES ('www.runwaysdk.com', '0000000000000000000000000000001000000000000000000000000000000003', '2014-01-15 15:41:39', 4383, NULL, NULL, '0000000000000000000000000000001000000000000000000000000000000003', 'com.runwaysdk.system.MetadataParameter', '2014-01-15 15:41:39', 'com.runwaysdk.system.scheduler.ExecutableJobDescriptionController.update.dto', '0000000000000000000000000000001000000000000000000000000000000003', '08ozbn3w8pdyyk2czblxkxidli01bgzu20070427JS0000000000000000001524', '1zo9qxcw0y2jd75os58du63m6ouw3aq8NM200810110000000000000000000113', 'r01vb4twkkn42hdqr0xses8dmcr5x3ia20070427JS0000000000000000001517');
INSERT INTO metadata_display_label ( default_locale, id, site_master, key_name) VALUES ('cancel', '0fsmnelbzpdl6mqfv5fadpffnuit0helNM200904120000000000000000000030', 'www.runwaysdk.com', '0fsmnelbzpdl6mqfv5fadpffnuit0helNM200904120000000000000000000030');
INSERT INTO metadata_display_label ( default_locale, id, site_master, key_name) VALUES ('Unlocks an instance com.runwaysdk.system.scheduler.ExecutableJobDescription', '256bo4455gg9oro9i13il295wf49sas6NM200904120000000000000000000030', 'www.runwaysdk.com', '256bo4455gg9oro9i13il295wf49sas6NM200904120000000000000000000030');
INSERT INTO md_action ( is_query, enclosing_md_controller, is_post, action_name, display_label, id) VALUES (0, '0rgft9dskzsfpywcno9ou6z30g6x0oauNM200810110000000000000000000112', 1, 'cancel', '0fsmnelbzpdl6mqfv5fadpffnuit0helNM200904120000000000000000000030', 'yxa00lp4ugn0kl0v4m7pkjd47y8uvmckNM200810110000000000000000000113');
INSERT INTO metadata ( description, created_by, owner, id, create_date, seq, type, remove, site_master, locked_by, entity_domain, last_updated_by, last_update_date, key_name) VALUES ('256bo4455gg9oro9i13il295wf49sas6NM200904120000000000000000000030', '0000000000000000000000000000001000000000000000000000000000000003', '0000000000000000000000000000001000000000000000000000000000000003', 'yxa00lp4ugn0kl0v4m7pkjd47y8uvmckNM200810110000000000000000000113', '2014-01-15 15:41:39', 4384, 'com.runwaysdk.system.metadata.MdAction', 1, 'www.runwaysdk.com', NULL, NULL, '0000000000000000000000000000001000000000000000000000000000000003', '2014-01-15 15:41:39', 'com.runwaysdk.system.scheduler.ExecutableJobDescriptionController.cancel');
INSERT INTO controller_action ( key_name, locked_by, id, owner, entity_domain, created_by, type, last_update_date, create_date, seq, last_updated_by, site_master, parent_id, child_id) VALUES ('com.runwaysdk.system.scheduler.ExecutableJobDescriptionController.cancel', NULL, '6nh51z7pr6vdispriitqnzvw78jzzkrxJS200807230000000000000000111111', '0000000000000000000000000000001000000000000000000000000000000003', NULL, '0000000000000000000000000000001000000000000000000000000000000003', 'com.runwaysdk.system.ControllerAction', '2014-01-15 15:41:39', '2014-01-15 15:41:39', 4385, '0000000000000000000000000000001000000000000000000000000000000003', 'www.runwaysdk.com', '0rgft9dskzsfpywcno9ou6z30g6x0oauNM200810110000000000000000000112', 'yxa00lp4ugn0kl0v4m7pkjd47y8uvmckNM200810110000000000000000000113');
INSERT INTO metadata_display_label ( default_locale, id, site_master, key_name) VALUES ('Parameter: com.runwaysdk.system.scheduler.ExecutableJobDescription - dto', 'sqzd1s92c3v2cmjlycmx4p7wvq9hxxa0NM200904120000000000000000000030', 'www.runwaysdk.com', 'sqzd1s92c3v2cmjlycmx4p7wvq9hxxa0NM200904120000000000000000000030');
INSERT INTO metadata_display_label ( default_locale, id, site_master, key_name) VALUES ('com.runwaysdk.system.scheduler.ExecutableJobDescription to unlock', 'sap9m6tfrqhndoxypdl949uggpvbies3NM200904120000000000000000000030', 'www.runwaysdk.com', 'sap9m6tfrqhndoxypdl949uggpvbies3NM200904120000000000000000000030');
INSERT INTO md_parameter ( metadata, parameter_order, parameter_name, parameter_type, display_label, id) VALUES ('yxa00lp4ugn0kl0v4m7pkjd47y8uvmckNM200810110000000000000000000113', 0, 'dto', 'com.runwaysdk.system.scheduler.ExecutableJobDescription', 'sqzd1s92c3v2cmjlycmx4p7wvq9hxxa0NM200904120000000000000000000030', '91kbckewj78i6aaihgebjlwnkvugfhoj20070427JS0000000000000000001517');
INSERT INTO metadata ( description, created_by, owner, id, create_date, seq, type, remove, site_master, locked_by, entity_domain, last_updated_by, last_update_date, key_name) VALUES ('sap9m6tfrqhndoxypdl949uggpvbies3NM200904120000000000000000000030', '0000000000000000000000000000001000000000000000000000000000000003', '0000000000000000000000000000001000000000000000000000000000000003', '91kbckewj78i6aaihgebjlwnkvugfhoj20070427JS0000000000000000001517', '2014-01-15 15:41:39', 4386, 'com.runwaysdk.system.metadata.MdParameter', 1, 'www.runwaysdk.com', NULL, NULL, '0000000000000000000000000000001000000000000000000000000000000003', '2014-01-15 15:41:39', 'com.runwaysdk.system.scheduler.ExecutableJobDescriptionController.cancel.dto');
INSERT INTO metadata_parameter ( site_master, last_updated_by, create_date, seq, locked_by, entity_domain, created_by, type, last_update_date, key_name, owner, id, parent_id, child_id) VALUES ('www.runwaysdk.com', '0000000000000000000000000000001000000000000000000000000000000003', '2014-01-15 15:41:39', 4387, NULL, NULL, '0000000000000000000000000000001000000000000000000000000000000003', 'com.runwaysdk.system.MetadataParameter', '2014-01-15 15:41:39', 'com.runwaysdk.system.scheduler.ExecutableJobDescriptionController.cancel.dto', '0000000000000000000000000000001000000000000000000000000000000003', '7fkekdb3ii0kcl6h23wgbr58qbh5ub3g20070427JS0000000000000000001524', 'yxa00lp4ugn0kl0v4m7pkjd47y8uvmckNM200810110000000000000000000113', '91kbckewj78i6aaihgebjlwnkvugfhoj20070427JS0000000000000000001517');
INSERT INTO metadata_display_label ( default_locale, id, site_master, key_name) VALUES ('delete', '6tqzv5wjgpeqo6rk9j8d0p9losi8q4esNM200904120000000000000000000030', 'www.runwaysdk.com', '6tqzv5wjgpeqo6rk9j8d0p9losi8q4esNM200904120000000000000000000030');
INSERT INTO metadata_display_label ( default_locale, id, site_master, key_name) VALUES ('Delete an instance of com.runwaysdk.system.scheduler.ExecutableJobDescription', 'xe51m0ryrfjx1ear0n3z4zi3pnlz582kNM200904120000000000000000000030', 'www.runwaysdk.com', 'xe51m0ryrfjx1ear0n3z4zi3pnlz582kNM200904120000000000000000000030');
INSERT INTO md_action ( is_query, enclosing_md_controller, is_post, action_name, display_label, id) VALUES (0, '0rgft9dskzsfpywcno9ou6z30g6x0oauNM200810110000000000000000000112', 1, 'delete', '6tqzv5wjgpeqo6rk9j8d0p9losi8q4esNM200904120000000000000000000030', 'r1hsgtkiq0erpgkiqctktbowaq0c69lmNM200810110000000000000000000113');
INSERT INTO metadata ( description, created_by, owner, id, create_date, seq, type, remove, site_master, locked_by, entity_domain, last_updated_by, last_update_date, key_name) VALUES ('xe51m0ryrfjx1ear0n3z4zi3pnlz582kNM200904120000000000000000000030', '0000000000000000000000000000001000000000000000000000000000000003', '0000000000000000000000000000001000000000000000000000000000000003', 'r1hsgtkiq0erpgkiqctktbowaq0c69lmNM200810110000000000000000000113', '2014-01-15 15:41:39', 4388, 'com.runwaysdk.system.metadata.MdAction', 1, 'www.runwaysdk.com', NULL, NULL, '0000000000000000000000000000001000000000000000000000000000000003', '2014-01-15 15:41:39', 'com.runwaysdk.system.scheduler.ExecutableJobDescriptionController.delete');
INSERT INTO controller_action ( key_name, locked_by, id, owner, entity_domain, created_by, type, last_update_date, create_date, seq, last_updated_by, site_master, parent_id, child_id) VALUES ('com.runwaysdk.system.scheduler.ExecutableJobDescriptionController.delete', NULL, '8thikcvh96u71s8l9a7i3bcg8cwu9tbeJS200807230000000000000000111111', '0000000000000000000000000000001000000000000000000000000000000003', NULL, '0000000000000000000000000000001000000000000000000000000000000003', 'com.runwaysdk.system.ControllerAction', '2014-01-15 15:41:39', '2014-01-15 15:41:39', 4389, '0000000000000000000000000000001000000000000000000000000000000003', 'www.runwaysdk.com', '0rgft9dskzsfpywcno9ou6z30g6x0oauNM200810110000000000000000000112', 'r1hsgtkiq0erpgkiqctktbowaq0c69lmNM200810110000000000000000000113');
INSERT INTO metadata_display_label ( default_locale, id, site_master, key_name) VALUES ('Parameter: com.runwaysdk.system.scheduler.ExecutableJobDescription - dto', '24d45fjy714xtnb2mnbuypt47ywm0wd8NM200904120000000000000000000030', 'www.runwaysdk.com', '24d45fjy714xtnb2mnbuypt47ywm0wd8NM200904120000000000000000000030');
INSERT INTO metadata_display_label ( default_locale, id, site_master, key_name) VALUES ('com.runwaysdk.system.scheduler.ExecutableJobDescription to delete', 'ssm94rq2w4u58vtm3hb7w4y8e7zy8d1uNM200904120000000000000000000030', 'www.runwaysdk.com', 'ssm94rq2w4u58vtm3hb7w4y8e7zy8d1uNM200904120000000000000000000030');
INSERT INTO md_parameter ( metadata, parameter_order, parameter_name, parameter_type, display_label, id) VALUES ('r1hsgtkiq0erpgkiqctktbowaq0c69lmNM200810110000000000000000000113', 0, 'dto', 'com.runwaysdk.system.scheduler.ExecutableJobDescription', '24d45fjy714xtnb2mnbuypt47ywm0wd8NM200904120000000000000000000030', 'xu5hqniobvnor2wiuxjogf91d0u2mwww20070427JS0000000000000000001517');
INSERT INTO metadata ( description, created_by, owner, id, create_date, seq, type, remove, site_master, locked_by, entity_domain, last_updated_by, last_update_date, key_name) VALUES ('ssm94rq2w4u58vtm3hb7w4y8e7zy8d1uNM200904120000000000000000000030', '0000000000000000000000000000001000000000000000000000000000000003', '0000000000000000000000000000001000000000000000000000000000000003', 'xu5hqniobvnor2wiuxjogf91d0u2mwww20070427JS0000000000000000001517', '2014-01-15 15:41:39', 4390, 'com.runwaysdk.system.metadata.MdParameter', 1, 'www.runwaysdk.com', NULL, NULL, '0000000000000000000000000000001000000000000000000000000000000003', '2014-01-15 15:41:39', 'com.runwaysdk.system.scheduler.ExecutableJobDescriptionController.delete.dto');
INSERT INTO metadata_parameter ( site_master, last_updated_by, create_date, seq, locked_by, entity_domain, created_by, type, last_update_date, key_name, owner, id, parent_id, child_id) VALUES ('www.runwaysdk.com', '0000000000000000000000000000001000000000000000000000000000000003', '2014-01-15 15:41:39', 4391, NULL, NULL, '0000000000000000000000000000001000000000000000000000000000000003', 'com.runwaysdk.system.MetadataParameter', '2014-01-15 15:41:39', 'com.runwaysdk.system.scheduler.ExecutableJobDescriptionController.delete.dto', '0000000000000000000000000000001000000000000000000000000000000003', 'xhf7j4rmmm3cj1iwechnrw0ipnbl2y2o20070427JS0000000000000000001524', 'r1hsgtkiq0erpgkiqctktbowaq0c69lmNM200810110000000000000000000113', 'xu5hqniobvnor2wiuxjogf91d0u2mwww20070427JS0000000000000000001517');
 INSERT INTO visibilitymodifier (set_id, item_id)  VALUES  ('z4o73nkokncmlohlagtla0bvwcvsnutw', '20071109NM000000000000000000000520071109NM0000000000000000000001');
INSERT INTO metadata_display_label ( default_locale, id, site_master, key_name) VALUES ('Description', 'qo6wkhptb8qyptprr2fma1nqfx60lurjNM200904120000000000000000000030', 'www.runwaysdk.com', 'qo6wkhptb8qyptprr2fma1nqfx60lurjNM200904120000000000000000000030');
 INSERT INTO visibilitymodifier (set_id, item_id)  VALUES  ('1vmxr6m5oxx11vlublazy85d7ndd001g', '20071109NM000000000000000000000520071109NM0000000000000000000001');
 INSERT INTO md_attribute_indicies (set_id, item_id)  VALUES  ('1wi9anpzmh134pnnwddn1wy09n0prk3o', '0000000000000000000000000000040100000000000000000000000000000403');
INSERT INTO metadata_display_label ( default_locale, id, site_master, key_name) VALUES ('Description', '1s8pvouz86y6c5qtmlrf6lo57buydzz5NM200904120000000000000000000030', 'www.runwaysdk.com', '1s8pvouz86y6c5qtmlrf6lo57buydzz5NM200904120000000000000000000030');
INSERT INTO md_attribute_local_character ( id) VALUES ('xdzloew4l7sw6nw0qa5jmbzu1fg1g08k0000000MdAttributeLocalCharacter');
INSERT INTO md_attribute_local ( id) VALUES ('xdzloew4l7sw6nw0qa5jmbzu1fg1g08k0000000MdAttributeLocalCharacter');
INSERT INTO md_attribute_struct ( md_struct, id) VALUES ('8y7b22qdiv6pslglym5tupq33grjbvcr0000000000000000000MdLocalStruct', 'xdzloew4l7sw6nw0qa5jmbzu1fg1g08k0000000MdAttributeLocalCharacter');
INSERT INTO md_attribute_concrete ( column_name, defining_md_class, setter_visibility, setter_visibility_c, immutable, index_name, generate_accessor, system, required, display_label, getter_visibility, getter_visibility_c, index_type, index_type_c, attribute_name, id) VALUES ('description', 'sj0kryjbvcxwli9wrnrh45x42908heeo00000000000000000000000000000001', 'z4o73nkokncmlohlagtla0bvwcvsnutw', '20071109NM000000000000000000000520071109NM0000000000000000000001', 0, 'agvabqk827diys92iua1y1jvx39fsc', 1, 0, 1, 'qo6wkhptb8qyptprr2fma1nqfx60lurjNM200904120000000000000000000030', '1vmxr6m5oxx11vlublazy85d7ndd001g', '20071109NM000000000000000000000520071109NM0000000000000000000001', '1wi9anpzmh134pnnwddn1wy09n0prk3o', '0000000000000000000000000000040100000000000000000000000000000403', 'description', 'xdzloew4l7sw6nw0qa5jmbzu1fg1g08k0000000MdAttributeLocalCharacter');
INSERT INTO md_attribute ( id) VALUES ('xdzloew4l7sw6nw0qa5jmbzu1fg1g08k0000000MdAttributeLocalCharacter');
INSERT INTO metadata ( description, created_by, owner, id, create_date, seq, type, remove, site_master, locked_by, entity_domain, last_updated_by, last_update_date, key_name) VALUES ('1s8pvouz86y6c5qtmlrf6lo57buydzz5NM200904120000000000000000000030', '0000000000000000000000000000001000000000000000000000000000000003', '0000000000000000000000000000001000000000000000000000000000000003', 'xdzloew4l7sw6nw0qa5jmbzu1fg1g08k0000000MdAttributeLocalCharacter', '2014-01-15 15:41:39', 4392, 'com.runwaysdk.system.metadata.MdAttributeLocalCharacter', 1, 'www.runwaysdk.com', NULL, NULL, '0000000000000000000000000000001000000000000000000000000000000003', '2014-01-15 15:41:39', 'com.runwaysdk.system.scheduler.ExecutableJob.description');
ALTER TABLE executable_job ADD COLUMN description  char(64);
INSERT INTO class_attribute_concrete ( id, parent_id, child_id) VALUES ('qz7xq1r178ekbjoaoyag024asz97zvp100000000000000000000000000000073', 'sj0kryjbvcxwli9wrnrh45x42908heeo00000000000000000000000000000001', 'xdzloew4l7sw6nw0qa5jmbzu1fg1g08k0000000MdAttributeLocalCharacter');
INSERT INTO class_attribute ( id, parent_id, child_id) VALUES ('qz7xq1r178ekbjoaoyag024asz97zvp100000000000000000000000000000073', 'sj0kryjbvcxwli9wrnrh45x42908heeo00000000000000000000000000000001', 'xdzloew4l7sw6nw0qa5jmbzu1fg1g08k0000000MdAttributeLocalCharacter');
INSERT INTO metadata_relationship ( entity_domain, site_master, last_updated_by, id, owner, locked_by, create_date, type, created_by, seq, key_name, last_update_date, parent_id, child_id) VALUES (NULL, 'www.runwaysdk.com', '0000000000000000000000000000001000000000000000000000000000000003', 'qz7xq1r178ekbjoaoyag024asz97zvp100000000000000000000000000000073', '0000000000000000000000000000001000000000000000000000000000000003', NULL, '2014-01-15 15:41:39', 'com.runwaysdk.system.metadata.ClassAttributeConcrete', '0000000000000000000000000000001000000000000000000000000000000003', 4393, 'com.runwaysdk.system.scheduler.ExecutableJob.description', '2014-01-15 15:41:39', 'sj0kryjbvcxwli9wrnrh45x42908heeo00000000000000000000000000000001', 'xdzloew4l7sw6nw0qa5jmbzu1fg1g08k0000000MdAttributeLocalCharacter');
 INSERT INTO visibilitymodifier (set_id, item_id)  VALUES  ('xey1rugcrk7av8zbv5x6h6e4a4dycf3o', '20071109NM000000000000000000000520071109NM0000000000000000000001');
INSERT INTO metadata_display_label ( default_locale, id, site_master, key_name) VALUES ('Default Locale', 'r92t9zrssyn527ywpgsxkl5q32cp3tdbNM200904120000000000000000000030', 'www.runwaysdk.com', 'r92t9zrssyn527ywpgsxkl5q32cp3tdbNM200904120000000000000000000030');
 INSERT INTO visibilitymodifier (set_id, item_id)  VALUES  ('2gglbr5iy80iwr3boiaoxisiifjda323', '20071109NM000000000000000000000520071109NM0000000000000000000001');
 INSERT INTO md_attribute_indicies (set_id, item_id)  VALUES  ('8z7r3a31hjr0vc54f5wf08fpsi9ske0r', '0000000000000000000000000000040100000000000000000000000000000403');
INSERT INTO metadata_display_label ( default_locale, id, site_master, key_name) VALUES ('Default locale', 'sguuwabkte64buyyz2gijos1lab278gtNM200904120000000000000000000030', 'www.runwaysdk.com', 'sguuwabkte64buyyz2gijos1lab278gtNM200904120000000000000000000030');
INSERT INTO md_attribute_character ( default_value, database_size, id) VALUES (NULL, 4000, 'xy5po8tak3loipznrwbi4lr9kc9zp0s400000000000000000000000000000138');
INSERT INTO md_attribute_char ( id) VALUES ('xy5po8tak3loipznrwbi4lr9kc9zp0s400000000000000000000000000000138');
INSERT INTO md_attribute_primitive ( id) VALUES ('xy5po8tak3loipznrwbi4lr9kc9zp0s400000000000000000000000000000138');
INSERT INTO md_attribute_concrete ( column_name, defining_md_class, setter_visibility, setter_visibility_c, immutable, index_name, generate_accessor, system, required, display_label, getter_visibility, getter_visibility_c, index_type, index_type_c, attribute_name, id) VALUES ('default_locale', '8y7b22qdiv6pslglym5tupq33grjbvcr0000000000000000000MdLocalStruct', 'xey1rugcrk7av8zbv5x6h6e4a4dycf3o', '20071109NM000000000000000000000520071109NM0000000000000000000001', 0, 'adyh4oz573s3ktuz0l4ousooi8l5ud', 0, 0, 0, 'r92t9zrssyn527ywpgsxkl5q32cp3tdbNM200904120000000000000000000030', '2gglbr5iy80iwr3boiaoxisiifjda323', '20071109NM000000000000000000000520071109NM0000000000000000000001', '8z7r3a31hjr0vc54f5wf08fpsi9ske0r', '0000000000000000000000000000040100000000000000000000000000000403', 'defaultLocale', 'xy5po8tak3loipznrwbi4lr9kc9zp0s400000000000000000000000000000138');
INSERT INTO md_attribute ( id) VALUES ('xy5po8tak3loipznrwbi4lr9kc9zp0s400000000000000000000000000000138');
INSERT INTO metadata ( description, created_by, owner, id, create_date, seq, type, remove, site_master, locked_by, entity_domain, last_updated_by, last_update_date, key_name) VALUES ('sguuwabkte64buyyz2gijos1lab278gtNM200904120000000000000000000030', '0000000000000000000000000000001000000000000000000000000000000003', '0000000000000000000000000000001000000000000000000000000000000003', 'xy5po8tak3loipznrwbi4lr9kc9zp0s400000000000000000000000000000138', '2014-01-15 15:41:39', 4394, 'com.runwaysdk.system.metadata.MdAttributeCharacter', 1, 'www.runwaysdk.com', NULL, NULL, '0000000000000000000000000000001000000000000000000000000000000003', '2014-01-15 15:41:39', 'com.runwaysdk.system.scheduler.ExecutableJobDescription.defaultLocale');
ALTER TABLE executable_job_description ADD COLUMN default_locale  varchar(4000);
INSERT INTO class_attribute_concrete ( id, parent_id, child_id) VALUES ('y1qknc99sxcw04nw40icug1f8wmf1c4l00000000000000000000000000000073', '8y7b22qdiv6pslglym5tupq33grjbvcr0000000000000000000MdLocalStruct', 'xy5po8tak3loipznrwbi4lr9kc9zp0s400000000000000000000000000000138');
INSERT INTO class_attribute ( id, parent_id, child_id) VALUES ('y1qknc99sxcw04nw40icug1f8wmf1c4l00000000000000000000000000000073', '8y7b22qdiv6pslglym5tupq33grjbvcr0000000000000000000MdLocalStruct', 'xy5po8tak3loipznrwbi4lr9kc9zp0s400000000000000000000000000000138');
INSERT INTO metadata_relationship ( entity_domain, site_master, last_updated_by, id, owner, locked_by, create_date, type, created_by, seq, key_name, last_update_date, parent_id, child_id) VALUES (NULL, 'www.runwaysdk.com', '0000000000000000000000000000001000000000000000000000000000000003', 'y1qknc99sxcw04nw40icug1f8wmf1c4l00000000000000000000000000000073', '0000000000000000000000000000001000000000000000000000000000000003', NULL, '2014-01-15 15:41:39', 'com.runwaysdk.system.metadata.ClassAttributeConcrete', '0000000000000000000000000000001000000000000000000000000000000003', 4395, 'com.runwaysdk.system.scheduler.ExecutableJobDescription.defaultLocale', '2014-01-15 15:41:39', '8y7b22qdiv6pslglym5tupq33grjbvcr0000000000000000000MdLocalStruct', 'xy5po8tak3loipznrwbi4lr9kc9zp0s400000000000000000000000000000138');
 INSERT INTO class_cache (set_id, item_id)  VALUES  ('075y2zexocm6zl6h1dubbhi54vbgvjze', '0000000000000000000000000000023100000000000000000000000000000222');
INSERT INTO metadata_display_label ( default_locale, id, site_master, key_name) VALUES ('Qualified Type Job', '0k08jr3vawsy58r50ypo0wfrlc3zn49aNM200904120000000000000000000030', 'www.runwaysdk.com', '0k08jr3vawsy58r50ypo0wfrlc3zn49aNM200904120000000000000000000030');
INSERT INTO metadata_display_label ( default_locale, id, site_master, key_name) VALUES ('Qualified Type Job', '6s8d6t5lwusabtvnfkonppd7c1h6hve8NM200904120000000000000000000030', 'www.runwaysdk.com', '6s8d6t5lwusabtvnfkonppd7c1h6hve8NM200904120000000000000000000030');
INSERT INTO md_business ( cache_algorithm, cache_algorithm_c, super_md_business, id) VALUES ('075y2zexocm6zl6h1dubbhi54vbgvjze', '0000000000000000000000000000023100000000000000000000000000000222', 'sj0kryjbvcxwli9wrnrh45x42908heeo00000000000000000000000000000001', 'z5njtlwj18xds6n8naw41nxoyg350xnk00000000000000000000000000000001');
INSERT INTO md_element ( extendable, is_abstract, id) VALUES (1, 0, 'z5njtlwj18xds6n8naw41nxoyg350xnk00000000000000000000000000000001');
INSERT INTO md_entity ( query_dto_source, query_source, cache_size, enforce_site_master, table_name, id) VALUES (NULL, NULL, 0, 1, 'qualified_type_job', 'z5njtlwj18xds6n8naw41nxoyg350xnk00000000000000000000000000000001');
INSERT INTO md_class ( publish, stub_dto_source, stub_source, id) VALUES (1, NULL, NULL, 'z5njtlwj18xds6n8naw41nxoyg350xnk00000000000000000000000000000001');
INSERT INTO md_type ( display_label, root_id, package_name, type_name, base_source, js_base, js_stub, exported, dto_source, id) VALUES ('0k08jr3vawsy58r50ypo0wfrlc3zn49aNM200904120000000000000000000030', 'z5njtlwj18xds6n8naw41nxoyg350xnk', 'com.runwaysdk.system.scheduler', 'QualifiedTypeJob', NULL, NULL, NULL, 1, NULL, 'z5njtlwj18xds6n8naw41nxoyg350xnk00000000000000000000000000000001');
INSERT INTO metadata ( description, created_by, owner, id, create_date, seq, type, remove, site_master, locked_by, entity_domain, last_updated_by, last_update_date, key_name) VALUES ('6s8d6t5lwusabtvnfkonppd7c1h6hve8NM200904120000000000000000000030', '0000000000000000000000000000001000000000000000000000000000000003', '0000000000000000000000000000001000000000000000000000000000000003', 'z5njtlwj18xds6n8naw41nxoyg350xnk00000000000000000000000000000001', '2014-01-15 15:41:39', 4396, 'com.runwaysdk.system.metadata.MdBusiness', 1, 'www.runwaysdk.com', NULL, NULL, '0000000000000000000000000000001000000000000000000000000000000003', '2014-01-15 15:41:39', 'com.runwaysdk.system.scheduler.QualifiedTypeJob');
CREATE TABLE qualified_type_job ( id CHAR(64) NOT NULL PRIMARY KEY );
INSERT INTO metadata_display_label ( default_locale, id, site_master, key_name) VALUES (NULL, 'sxru8y9kzd8jk6bvw5p1mfmjnrkyc72eNM200904120000000000000000000030', 'www.runwaysdk.com', 'sxru8y9kzd8jk6bvw5p1mfmjnrkyc72eNM200904120000000000000000000030');
INSERT INTO metadata_display_label ( default_locale, id, site_master, key_name) VALUES (NULL, '9456y32tohhymk1limhwrf5365zdu4n8NM200904120000000000000000000030', 'www.runwaysdk.com', '9456y32tohhymk1limhwrf5365zdu4n8NM200904120000000000000000000030');
INSERT INTO md_controller ( stub_source, id) VALUES (NULL, '6nle5o6nxjuyrxdkrx5fy9v2id06tel9NM200810110000000000000000000112');
INSERT INTO md_type ( display_label, root_id, package_name, type_name, base_source, js_base, js_stub, exported, dto_source, id) VALUES ('sxru8y9kzd8jk6bvw5p1mfmjnrkyc72eNM200904120000000000000000000030', '6nle5o6nxjuyrxdkrx5fy9v2id06tel9', 'com.runwaysdk.system.scheduler', 'QualifiedTypeJobController', NULL, NULL, NULL, 1, NULL, '6nle5o6nxjuyrxdkrx5fy9v2id06tel9NM200810110000000000000000000112');
INSERT INTO metadata ( description, created_by, owner, id, create_date, seq, type, remove, site_master, locked_by, entity_domain, last_updated_by, last_update_date, key_name) VALUES ('9456y32tohhymk1limhwrf5365zdu4n8NM200904120000000000000000000030', '0000000000000000000000000000001000000000000000000000000000000003', '0000000000000000000000000000001000000000000000000000000000000003', '6nle5o6nxjuyrxdkrx5fy9v2id06tel9NM200810110000000000000000000112', '2014-01-15 15:41:39', 4397, 'com.runwaysdk.system.metadata.MdController', 1, 'www.runwaysdk.com', NULL, NULL, '0000000000000000000000000000001000000000000000000000000000000003', '2014-01-15 15:41:39', 'com.runwaysdk.system.scheduler.QualifiedTypeJobController');
INSERT INTO metadata_display_label ( default_locale, id, site_master, key_name) VALUES ('View Page', 'sqf4p86bfd3kl5a5c0g7fxwpg5pfzxtqNM200904120000000000000000000030', 'www.runwaysdk.com', 'sqf4p86bfd3kl5a5c0g7fxwpg5pfzxtqNM200904120000000000000000000030');
INSERT INTO metadata_display_label ( default_locale, id, site_master, key_name) VALUES ('Loads a ViewAll query for a specific page into the request object', 'spt3hta9h8zayyw3bdbvylm0okuahyagNM200904120000000000000000000030', 'www.runwaysdk.com', 'spt3hta9h8zayyw3bdbvylm0okuahyagNM200904120000000000000000000030');
INSERT INTO md_action ( is_query, enclosing_md_controller, is_post, action_name, display_label, id) VALUES (1, '6nle5o6nxjuyrxdkrx5fy9v2id06tel9NM200810110000000000000000000112', 0, 'viewPage', 'sqf4p86bfd3kl5a5c0g7fxwpg5pfzxtqNM200904120000000000000000000030', '2emd51r27lqtgxfgmwej53dqa0fzm04wNM200810110000000000000000000113');
INSERT INTO metadata ( description, created_by, owner, id, create_date, seq, type, remove, site_master, locked_by, entity_domain, last_updated_by, last_update_date, key_name) VALUES ('spt3hta9h8zayyw3bdbvylm0okuahyagNM200904120000000000000000000030', '0000000000000000000000000000001000000000000000000000000000000003', '0000000000000000000000000000001000000000000000000000000000000003', '2emd51r27lqtgxfgmwej53dqa0fzm04wNM200810110000000000000000000113', '2014-01-15 15:41:39', 4398, 'com.runwaysdk.system.metadata.MdAction', 1, 'www.runwaysdk.com', NULL, NULL, '0000000000000000000000000000001000000000000000000000000000000003', '2014-01-15 15:41:39', 'com.runwaysdk.system.scheduler.QualifiedTypeJobController.viewPage');
INSERT INTO controller_action ( key_name, locked_by, id, owner, entity_domain, created_by, type, last_update_date, create_date, seq, last_updated_by, site_master, parent_id, child_id) VALUES ('com.runwaysdk.system.scheduler.QualifiedTypeJobController.viewPage', NULL, 'xxmv0e6wkkl4gav8rvrpr9tvt7garow8JS200807230000000000000000111111', '0000000000000000000000000000001000000000000000000000000000000003', NULL, '0000000000000000000000000000001000000000000000000000000000000003', 'com.runwaysdk.system.ControllerAction', '2014-01-15 15:41:39', '2014-01-15 15:41:39', 4399, '0000000000000000000000000000001000000000000000000000000000000003', 'www.runwaysdk.com', '6nle5o6nxjuyrxdkrx5fy9v2id06tel9NM200810110000000000000000000112', '2emd51r27lqtgxfgmwej53dqa0fzm04wNM200810110000000000000000000113');
INSERT INTO metadata_display_label ( default_locale, id, site_master, key_name) VALUES ('Sort Attribute', 'qshzjun52o8qma5aeppgmz6x468s4t09NM200904120000000000000000000030', 'www.runwaysdk.com', 'qshzjun52o8qma5aeppgmz6x468s4t09NM200904120000000000000000000030');
INSERT INTO metadata_display_label ( default_locale, id, site_master, key_name) VALUES (NULL, 'sn86fh67ut7khjr8l021cmwjqs3h5yqwNM200904120000000000000000000030', 'www.runwaysdk.com', 'sn86fh67ut7khjr8l021cmwjqs3h5yqwNM200904120000000000000000000030');
INSERT INTO md_parameter ( metadata, parameter_order, parameter_name, parameter_type, display_label, id) VALUES ('2emd51r27lqtgxfgmwej53dqa0fzm04wNM200810110000000000000000000113', -4, 'sortAttribute', 'java.lang.String', 'qshzjun52o8qma5aeppgmz6x468s4t09NM200904120000000000000000000030', 'xmplkcdzpjn45bl8mmt6czs8v1v0fh6n20070427JS0000000000000000001517');
INSERT INTO metadata ( description, created_by, owner, id, create_date, seq, type, remove, site_master, locked_by, entity_domain, last_updated_by, last_update_date, key_name) VALUES ('sn86fh67ut7khjr8l021cmwjqs3h5yqwNM200904120000000000000000000030', '0000000000000000000000000000001000000000000000000000000000000003', '0000000000000000000000000000001000000000000000000000000000000003', 'xmplkcdzpjn45bl8mmt6czs8v1v0fh6n20070427JS0000000000000000001517', '2014-01-15 15:41:39', 4400, 'com.runwaysdk.system.metadata.MdParameter', 1, 'www.runwaysdk.com', NULL, NULL, '0000000000000000000000000000001000000000000000000000000000000003', '2014-01-15 15:41:39', 'com.runwaysdk.system.scheduler.QualifiedTypeJobController.viewPage.sortAttribute');
INSERT INTO metadata_parameter ( site_master, last_updated_by, create_date, seq, locked_by, entity_domain, created_by, type, last_update_date, key_name, owner, id, parent_id, child_id) VALUES ('www.runwaysdk.com', '0000000000000000000000000000001000000000000000000000000000000003', '2014-01-15 15:41:39', 4401, NULL, NULL, '0000000000000000000000000000001000000000000000000000000000000003', 'com.runwaysdk.system.MetadataParameter', '2014-01-15 15:41:39', 'com.runwaysdk.system.scheduler.QualifiedTypeJobController.viewPage.sortAttribute', '0000000000000000000000000000001000000000000000000000000000000003', 'r6ld3xkaeall86b68s38k8ix2hbz0aib20070427JS0000000000000000001524', '2emd51r27lqtgxfgmwej53dqa0fzm04wNM200810110000000000000000000113', 'xmplkcdzpjn45bl8mmt6czs8v1v0fh6n20070427JS0000000000000000001517');
INSERT INTO metadata_display_label ( default_locale, id, site_master, key_name) VALUES ('Is Ascending', '738jwqshgfjjk19ze76l7pgenxawm03xNM200904120000000000000000000030', 'www.runwaysdk.com', '738jwqshgfjjk19ze76l7pgenxawm03xNM200904120000000000000000000030');
INSERT INTO metadata_display_label ( default_locale, id, site_master, key_name) VALUES (NULL, '7aqgx3ow4n6jsf1y8beq2dy3ntxp9swrNM200904120000000000000000000030', 'www.runwaysdk.com', '7aqgx3ow4n6jsf1y8beq2dy3ntxp9swrNM200904120000000000000000000030');
INSERT INTO md_parameter ( metadata, parameter_order, parameter_name, parameter_type, display_label, id) VALUES ('2emd51r27lqtgxfgmwej53dqa0fzm04wNM200810110000000000000000000113', -3, 'isAscending', 'java.lang.Boolean', '738jwqshgfjjk19ze76l7pgenxawm03xNM200904120000000000000000000030', 'qtq6g9hj3vyk6nc5zwoi4bwyb9bh09sa20070427JS0000000000000000001517');
INSERT INTO metadata ( description, created_by, owner, id, create_date, seq, type, remove, site_master, locked_by, entity_domain, last_updated_by, last_update_date, key_name) VALUES ('7aqgx3ow4n6jsf1y8beq2dy3ntxp9swrNM200904120000000000000000000030', '0000000000000000000000000000001000000000000000000000000000000003', '0000000000000000000000000000001000000000000000000000000000000003', 'qtq6g9hj3vyk6nc5zwoi4bwyb9bh09sa20070427JS0000000000000000001517', '2014-01-15 15:41:39', 4402, 'com.runwaysdk.system.metadata.MdParameter', 1, 'www.runwaysdk.com', NULL, NULL, '0000000000000000000000000000001000000000000000000000000000000003', '2014-01-15 15:41:39', 'com.runwaysdk.system.scheduler.QualifiedTypeJobController.viewPage.isAscending');
INSERT INTO metadata_parameter ( site_master, last_updated_by, create_date, seq, locked_by, entity_domain, created_by, type, last_update_date, key_name, owner, id, parent_id, child_id) VALUES ('www.runwaysdk.com', '0000000000000000000000000000001000000000000000000000000000000003', '2014-01-15 15:41:39', 4403, NULL, NULL, '0000000000000000000000000000001000000000000000000000000000000003', 'com.runwaysdk.system.MetadataParameter', '2014-01-15 15:41:39', 'com.runwaysdk.system.scheduler.QualifiedTypeJobController.viewPage.isAscending', '0000000000000000000000000000001000000000000000000000000000000003', '297s2yuzauo0m8t3qmwmyftfucdfrd5d20070427JS0000000000000000001524', '2emd51r27lqtgxfgmwej53dqa0fzm04wNM200810110000000000000000000113', 'qtq6g9hj3vyk6nc5zwoi4bwyb9bh09sa20070427JS0000000000000000001517');
INSERT INTO metadata_display_label ( default_locale, id, site_master, key_name) VALUES ('Page Size', '235svorv3abimgxg6oczkmx6i87tyw3aNM200904120000000000000000000030', 'www.runwaysdk.com', '235svorv3abimgxg6oczkmx6i87tyw3aNM200904120000000000000000000030');
INSERT INTO metadata_display_label ( default_locale, id, site_master, key_name) VALUES (NULL, 'y0ldw5va4lvd2gold787oruf57vugnwjNM200904120000000000000000000030', 'www.runwaysdk.com', 'y0ldw5va4lvd2gold787oruf57vugnwjNM200904120000000000000000000030');
INSERT INTO md_parameter ( metadata, parameter_order, parameter_name, parameter_type, display_label, id) VALUES ('2emd51r27lqtgxfgmwej53dqa0fzm04wNM200810110000000000000000000113', -2, 'pageSize', 'java.lang.Integer', '235svorv3abimgxg6oczkmx6i87tyw3aNM200904120000000000000000000030', 'xqmpmzn7obwnwsx4gafnt1qs7fp11cli20070427JS0000000000000000001517');
INSERT INTO metadata ( description, created_by, owner, id, create_date, seq, type, remove, site_master, locked_by, entity_domain, last_updated_by, last_update_date, key_name) VALUES ('y0ldw5va4lvd2gold787oruf57vugnwjNM200904120000000000000000000030', '0000000000000000000000000000001000000000000000000000000000000003', '0000000000000000000000000000001000000000000000000000000000000003', 'xqmpmzn7obwnwsx4gafnt1qs7fp11cli20070427JS0000000000000000001517', '2014-01-15 15:41:39', 4404, 'com.runwaysdk.system.metadata.MdParameter', 1, 'www.runwaysdk.com', NULL, NULL, '0000000000000000000000000000001000000000000000000000000000000003', '2014-01-15 15:41:39', 'com.runwaysdk.system.scheduler.QualifiedTypeJobController.viewPage.pageSize');
INSERT INTO metadata_parameter ( site_master, last_updated_by, create_date, seq, locked_by, entity_domain, created_by, type, last_update_date, key_name, owner, id, parent_id, child_id) VALUES ('www.runwaysdk.com', '0000000000000000000000000000001000000000000000000000000000000003', '2014-01-15 15:41:39', 4405, NULL, NULL, '0000000000000000000000000000001000000000000000000000000000000003', 'com.runwaysdk.system.MetadataParameter', '2014-01-15 15:41:39', 'com.runwaysdk.system.scheduler.QualifiedTypeJobController.viewPage.pageSize', '0000000000000000000000000000001000000000000000000000000000000003', 'z8g0rpnjmrctd1lbh14gsvpyqj5dwiv820070427JS0000000000000000001524', '2emd51r27lqtgxfgmwej53dqa0fzm04wNM200810110000000000000000000113', 'xqmpmzn7obwnwsx4gafnt1qs7fp11cli20070427JS0000000000000000001517');
INSERT INTO metadata_display_label ( default_locale, id, site_master, key_name) VALUES ('Page Number', '21mb56lo0tlkjm2bonv5uivs2oiem92hNM200904120000000000000000000030', 'www.runwaysdk.com', '21mb56lo0tlkjm2bonv5uivs2oiem92hNM200904120000000000000000000030');
INSERT INTO metadata_display_label ( default_locale, id, site_master, key_name) VALUES (NULL, 'r7ik7dbtrcjghzopkjnat08phpgv22igNM200904120000000000000000000030', 'www.runwaysdk.com', 'r7ik7dbtrcjghzopkjnat08phpgv22igNM200904120000000000000000000030');
INSERT INTO md_parameter ( metadata, parameter_order, parameter_name, parameter_type, display_label, id) VALUES ('2emd51r27lqtgxfgmwej53dqa0fzm04wNM200810110000000000000000000113', -1, 'pageNumber', 'java.lang.Integer', '21mb56lo0tlkjm2bonv5uivs2oiem92hNM200904120000000000000000000030', '03eaanev3oqsfkayy6irjdzzpkpbxsrc20070427JS0000000000000000001517');
INSERT INTO metadata ( description, created_by, owner, id, create_date, seq, type, remove, site_master, locked_by, entity_domain, last_updated_by, last_update_date, key_name) VALUES ('r7ik7dbtrcjghzopkjnat08phpgv22igNM200904120000000000000000000030', '0000000000000000000000000000001000000000000000000000000000000003', '0000000000000000000000000000001000000000000000000000000000000003', '03eaanev3oqsfkayy6irjdzzpkpbxsrc20070427JS0000000000000000001517', '2014-01-15 15:41:39', 4406, 'com.runwaysdk.system.metadata.MdParameter', 1, 'www.runwaysdk.com', NULL, NULL, '0000000000000000000000000000001000000000000000000000000000000003', '2014-01-15 15:41:39', 'com.runwaysdk.system.scheduler.QualifiedTypeJobController.viewPage.pageNumber');
INSERT INTO metadata_parameter ( site_master, last_updated_by, create_date, seq, locked_by, entity_domain, created_by, type, last_update_date, key_name, owner, id, parent_id, child_id) VALUES ('www.runwaysdk.com', '0000000000000000000000000000001000000000000000000000000000000003', '2014-01-15 15:41:39', 4407, NULL, NULL, '0000000000000000000000000000001000000000000000000000000000000003', 'com.runwaysdk.system.MetadataParameter', '2014-01-15 15:41:39', 'com.runwaysdk.system.scheduler.QualifiedTypeJobController.viewPage.pageNumber', '0000000000000000000000000000001000000000000000000000000000000003', '8ny0d22gp1pmo6f789fr9iqbszlugok220070427JS0000000000000000001524', '2emd51r27lqtgxfgmwej53dqa0fzm04wNM200810110000000000000000000113', '03eaanev3oqsfkayy6irjdzzpkpbxsrc20070427JS0000000000000000001517');
INSERT INTO metadata_display_label ( default_locale, id, site_master, key_name) VALUES ('View All', 'xwaulk8uzx4jksur1cvtu20bfsc9fxetNM200904120000000000000000000030', 'www.runwaysdk.com', 'xwaulk8uzx4jksur1cvtu20bfsc9fxetNM200904120000000000000000000030');
INSERT INTO metadata_display_label ( default_locale, id, site_master, key_name) VALUES ('Loads a ViewAll query with the default settings', '8uzkon9bvu0u4yhozabmdzbhrdozogybNM200904120000000000000000000030', 'www.runwaysdk.com', '8uzkon9bvu0u4yhozabmdzbhrdozogybNM200904120000000000000000000030');
INSERT INTO md_action ( is_query, enclosing_md_controller, is_post, action_name, display_label, id) VALUES (0, '6nle5o6nxjuyrxdkrx5fy9v2id06tel9NM200810110000000000000000000112', 0, 'viewAll', 'xwaulk8uzx4jksur1cvtu20bfsc9fxetNM200904120000000000000000000030', '72zr3pnxnff35ldwols5moou9fa1ahq7NM200810110000000000000000000113');
INSERT INTO metadata ( description, created_by, owner, id, create_date, seq, type, remove, site_master, locked_by, entity_domain, last_updated_by, last_update_date, key_name) VALUES ('8uzkon9bvu0u4yhozabmdzbhrdozogybNM200904120000000000000000000030', '0000000000000000000000000000001000000000000000000000000000000003', '0000000000000000000000000000001000000000000000000000000000000003', '72zr3pnxnff35ldwols5moou9fa1ahq7NM200810110000000000000000000113', '2014-01-15 15:41:39', 4408, 'com.runwaysdk.system.metadata.MdAction', 1, 'www.runwaysdk.com', NULL, NULL, '0000000000000000000000000000001000000000000000000000000000000003', '2014-01-15 15:41:39', 'com.runwaysdk.system.scheduler.QualifiedTypeJobController.viewAll');
INSERT INTO controller_action ( key_name, locked_by, id, owner, entity_domain, created_by, type, last_update_date, create_date, seq, last_updated_by, site_master, parent_id, child_id) VALUES ('com.runwaysdk.system.scheduler.QualifiedTypeJobController.viewAll', NULL, '79j40dd2tyb8h07yvcsjc3n07trk1ebsJS200807230000000000000000111111', '0000000000000000000000000000001000000000000000000000000000000003', NULL, '0000000000000000000000000000001000000000000000000000000000000003', 'com.runwaysdk.system.ControllerAction', '2014-01-15 15:41:39', '2014-01-15 15:41:39', 4409, '0000000000000000000000000000001000000000000000000000000000000003', 'www.runwaysdk.com', '6nle5o6nxjuyrxdkrx5fy9v2id06tel9NM200810110000000000000000000112', '72zr3pnxnff35ldwols5moou9fa1ahq7NM200810110000000000000000000113');
INSERT INTO metadata_display_label ( default_locale, id, site_master, key_name) VALUES ('View', '8kxrmqtaz98942fbmayyl5n6unffca4rNM200904120000000000000000000030', 'www.runwaysdk.com', '8kxrmqtaz98942fbmayyl5n6unffca4rNM200904120000000000000000000030');
INSERT INTO metadata_display_label ( default_locale, id, site_master, key_name) VALUES ('View an existing instance of com.runwaysdk.system.scheduler.QualifiedTypeJob', 'ra1s28oiuq5kgrpicrg40cxum9av2xi1NM200904120000000000000000000030', 'www.runwaysdk.com', 'ra1s28oiuq5kgrpicrg40cxum9av2xi1NM200904120000000000000000000030');
INSERT INTO md_action ( is_query, enclosing_md_controller, is_post, action_name, display_label, id) VALUES (0, '6nle5o6nxjuyrxdkrx5fy9v2id06tel9NM200810110000000000000000000112', 0, 'view', '8kxrmqtaz98942fbmayyl5n6unffca4rNM200904120000000000000000000030', 'statsmjeuumtxjlkuwvlthpx2pwxiaorNM200810110000000000000000000113');
INSERT INTO metadata ( description, created_by, owner, id, create_date, seq, type, remove, site_master, locked_by, entity_domain, last_updated_by, last_update_date, key_name) VALUES ('ra1s28oiuq5kgrpicrg40cxum9av2xi1NM200904120000000000000000000030', '0000000000000000000000000000001000000000000000000000000000000003', '0000000000000000000000000000001000000000000000000000000000000003', 'statsmjeuumtxjlkuwvlthpx2pwxiaorNM200810110000000000000000000113', '2014-01-15 15:41:39', 4410, 'com.runwaysdk.system.metadata.MdAction', 1, 'www.runwaysdk.com', NULL, NULL, '0000000000000000000000000000001000000000000000000000000000000003', '2014-01-15 15:41:39', 'com.runwaysdk.system.scheduler.QualifiedTypeJobController.view');
INSERT INTO controller_action ( key_name, locked_by, id, owner, entity_domain, created_by, type, last_update_date, create_date, seq, last_updated_by, site_master, parent_id, child_id) VALUES ('com.runwaysdk.system.scheduler.QualifiedTypeJobController.view', NULL, 'sopq66nu8wykm6sop2wo16v7rvfli7h5JS200807230000000000000000111111', '0000000000000000000000000000001000000000000000000000000000000003', NULL, '0000000000000000000000000000001000000000000000000000000000000003', 'com.runwaysdk.system.ControllerAction', '2014-01-15 15:41:39', '2014-01-15 15:41:39', 4411, '0000000000000000000000000000001000000000000000000000000000000003', 'www.runwaysdk.com', '6nle5o6nxjuyrxdkrx5fy9v2id06tel9NM200810110000000000000000000112', 'statsmjeuumtxjlkuwvlthpx2pwxiaorNM200810110000000000000000000113');
INSERT INTO metadata_display_label ( default_locale, id, site_master, key_name) VALUES ('Parameter: com.runwaysdk.system.scheduler.QualifiedTypeJob - id', '7cmr52j1cfdc24hvguo8qnvdkd40zk8mNM200904120000000000000000000030', 'www.runwaysdk.com', '7cmr52j1cfdc24hvguo8qnvdkd40zk8mNM200904120000000000000000000030');
INSERT INTO metadata_display_label ( default_locale, id, site_master, key_name) VALUES ('Id of com.runwaysdk.system.scheduler.QualifiedTypeJob to view.', 'ql4hy05zkl85dsw7wokj7egm2l2xpg2tNM200904120000000000000000000030', 'www.runwaysdk.com', 'ql4hy05zkl85dsw7wokj7egm2l2xpg2tNM200904120000000000000000000030');
INSERT INTO md_parameter ( metadata, parameter_order, parameter_name, parameter_type, display_label, id) VALUES ('statsmjeuumtxjlkuwvlthpx2pwxiaorNM200810110000000000000000000113', 0, 'id', 'java.lang.String', '7cmr52j1cfdc24hvguo8qnvdkd40zk8mNM200904120000000000000000000030', '7dyg9p8x5qx9m0lcsohc73cv0sw2wh4h20070427JS0000000000000000001517');
INSERT INTO metadata ( description, created_by, owner, id, create_date, seq, type, remove, site_master, locked_by, entity_domain, last_updated_by, last_update_date, key_name) VALUES ('ql4hy05zkl85dsw7wokj7egm2l2xpg2tNM200904120000000000000000000030', '0000000000000000000000000000001000000000000000000000000000000003', '0000000000000000000000000000001000000000000000000000000000000003', '7dyg9p8x5qx9m0lcsohc73cv0sw2wh4h20070427JS0000000000000000001517', '2014-01-15 15:41:39', 4412, 'com.runwaysdk.system.metadata.MdParameter', 1, 'www.runwaysdk.com', NULL, NULL, '0000000000000000000000000000001000000000000000000000000000000003', '2014-01-15 15:41:39', 'com.runwaysdk.system.scheduler.QualifiedTypeJobController.view.id');
INSERT INTO metadata_parameter ( site_master, last_updated_by, create_date, seq, locked_by, entity_domain, created_by, type, last_update_date, key_name, owner, id, parent_id, child_id) VALUES ('www.runwaysdk.com', '0000000000000000000000000000001000000000000000000000000000000003', '2014-01-15 15:41:39', 4413, NULL, NULL, '0000000000000000000000000000001000000000000000000000000000000003', 'com.runwaysdk.system.MetadataParameter', '2014-01-15 15:41:39', 'com.runwaysdk.system.scheduler.QualifiedTypeJobController.view.id', '0000000000000000000000000000001000000000000000000000000000000003', 'qo0lf3dikw3p8pa39yxca0p35ok62edt20070427JS0000000000000000001524', 'statsmjeuumtxjlkuwvlthpx2pwxiaorNM200810110000000000000000000113', '7dyg9p8x5qx9m0lcsohc73cv0sw2wh4h20070427JS0000000000000000001517');
INSERT INTO metadata_display_label ( default_locale, id, site_master, key_name) VALUES ('New Instance', 'z7kqhnoahnmjalw3dn2qxro9aqk41hntNM200904120000000000000000000030', 'www.runwaysdk.com', 'z7kqhnoahnmjalw3dn2qxro9aqk41hntNM200904120000000000000000000030');
INSERT INTO metadata_display_label ( default_locale, id, site_master, key_name) VALUES ('Loads a new instance of com.runwaysdk.system.scheduler.QualifiedTypeJob into the request object', 'sq7w1tdk6zt52q4o7eqlbn0faksl3ey0NM200904120000000000000000000030', 'www.runwaysdk.com', 'sq7w1tdk6zt52q4o7eqlbn0faksl3ey0NM200904120000000000000000000030');
INSERT INTO md_action ( is_query, enclosing_md_controller, is_post, action_name, display_label, id) VALUES (0, '6nle5o6nxjuyrxdkrx5fy9v2id06tel9NM200810110000000000000000000112', 0, 'newInstance', 'z7kqhnoahnmjalw3dn2qxro9aqk41hntNM200904120000000000000000000030', 'r4lda6r0xeloofy336mpemsl5ptofj88NM200810110000000000000000000113');
INSERT INTO metadata ( description, created_by, owner, id, create_date, seq, type, remove, site_master, locked_by, entity_domain, last_updated_by, last_update_date, key_name) VALUES ('sq7w1tdk6zt52q4o7eqlbn0faksl3ey0NM200904120000000000000000000030', '0000000000000000000000000000001000000000000000000000000000000003', '0000000000000000000000000000001000000000000000000000000000000003', 'r4lda6r0xeloofy336mpemsl5ptofj88NM200810110000000000000000000113', '2014-01-15 15:41:39', 4414, 'com.runwaysdk.system.metadata.MdAction', 1, 'www.runwaysdk.com', NULL, NULL, '0000000000000000000000000000001000000000000000000000000000000003', '2014-01-15 15:41:39', 'com.runwaysdk.system.scheduler.QualifiedTypeJobController.newInstance');
INSERT INTO controller_action ( key_name, locked_by, id, owner, entity_domain, created_by, type, last_update_date, create_date, seq, last_updated_by, site_master, parent_id, child_id) VALUES ('com.runwaysdk.system.scheduler.QualifiedTypeJobController.newInstance', NULL, '91ln1ue2u67wg8x7cl5hhz6dwca2sa9bJS200807230000000000000000111111', '0000000000000000000000000000001000000000000000000000000000000003', NULL, '0000000000000000000000000000001000000000000000000000000000000003', 'com.runwaysdk.system.ControllerAction', '2014-01-15 15:41:39', '2014-01-15 15:41:39', 4415, '0000000000000000000000000000001000000000000000000000000000000003', 'www.runwaysdk.com', '6nle5o6nxjuyrxdkrx5fy9v2id06tel9NM200810110000000000000000000112', 'r4lda6r0xeloofy336mpemsl5ptofj88NM200810110000000000000000000113');
INSERT INTO metadata_display_label ( default_locale, id, site_master, key_name) VALUES ('Create', 'zehg1qxvun92b4matv63cem09u7f4ggmNM200904120000000000000000000030', 'www.runwaysdk.com', 'zehg1qxvun92b4matv63cem09u7f4ggmNM200904120000000000000000000030');
INSERT INTO metadata_display_label ( default_locale, id, site_master, key_name) VALUES ('Applys a new instance of com.runwaysdk.system.scheduler.QualifiedTypeJob', 'r9ao3ad6b0agaespp22d2vmmfbep3xnsNM200904120000000000000000000030', 'www.runwaysdk.com', 'r9ao3ad6b0agaespp22d2vmmfbep3xnsNM200904120000000000000000000030');
INSERT INTO md_action ( is_query, enclosing_md_controller, is_post, action_name, display_label, id) VALUES (0, '6nle5o6nxjuyrxdkrx5fy9v2id06tel9NM200810110000000000000000000112', 1, 'create', 'zehg1qxvun92b4matv63cem09u7f4ggmNM200904120000000000000000000030', '8osezu6v7brrdwfkrn9iauy38khdzs8yNM200810110000000000000000000113');
INSERT INTO metadata ( description, created_by, owner, id, create_date, seq, type, remove, site_master, locked_by, entity_domain, last_updated_by, last_update_date, key_name) VALUES ('r9ao3ad6b0agaespp22d2vmmfbep3xnsNM200904120000000000000000000030', '0000000000000000000000000000001000000000000000000000000000000003', '0000000000000000000000000000001000000000000000000000000000000003', '8osezu6v7brrdwfkrn9iauy38khdzs8yNM200810110000000000000000000113', '2014-01-15 15:41:39', 4416, 'com.runwaysdk.system.metadata.MdAction', 1, 'www.runwaysdk.com', NULL, NULL, '0000000000000000000000000000001000000000000000000000000000000003', '2014-01-15 15:41:39', 'com.runwaysdk.system.scheduler.QualifiedTypeJobController.create');
INSERT INTO controller_action ( key_name, locked_by, id, owner, entity_domain, created_by, type, last_update_date, create_date, seq, last_updated_by, site_master, parent_id, child_id) VALUES ('com.runwaysdk.system.scheduler.QualifiedTypeJobController.create', NULL, '031nu7fk2vol175b31l2uf80er2zao55JS200807230000000000000000111111', '0000000000000000000000000000001000000000000000000000000000000003', NULL, '0000000000000000000000000000001000000000000000000000000000000003', 'com.runwaysdk.system.ControllerAction', '2014-01-15 15:41:39', '2014-01-15 15:41:39', 4417, '0000000000000000000000000000001000000000000000000000000000000003', 'www.runwaysdk.com', '6nle5o6nxjuyrxdkrx5fy9v2id06tel9NM200810110000000000000000000112', '8osezu6v7brrdwfkrn9iauy38khdzs8yNM200810110000000000000000000113');
INSERT INTO metadata_display_label ( default_locale, id, site_master, key_name) VALUES ('Parameter: com.runwaysdk.system.scheduler.QualifiedTypeJob', 'sxuxxpcikgz3o8aqf21pu50ysxmmjg10NM200904120000000000000000000030', 'www.runwaysdk.com', 'sxuxxpcikgz3o8aqf21pu50ysxmmjg10NM200904120000000000000000000030');
INSERT INTO metadata_display_label ( default_locale, id, site_master, key_name) VALUES ('com.runwaysdk.system.scheduler.QualifiedTypeJob to apply to the database', '7f8zvi387mz2zxf9iiw6oi3xs468cxrcNM200904120000000000000000000030', 'www.runwaysdk.com', '7f8zvi387mz2zxf9iiw6oi3xs468cxrcNM200904120000000000000000000030');
INSERT INTO md_parameter ( metadata, parameter_order, parameter_name, parameter_type, display_label, id) VALUES ('8osezu6v7brrdwfkrn9iauy38khdzs8yNM200810110000000000000000000113', 0, 'dto', 'com.runwaysdk.system.scheduler.QualifiedTypeJob', 'sxuxxpcikgz3o8aqf21pu50ysxmmjg10NM200904120000000000000000000030', '1o5txq0rsh5xsgr3jefzlgu8y8nnuw1d20070427JS0000000000000000001517');
INSERT INTO metadata ( description, created_by, owner, id, create_date, seq, type, remove, site_master, locked_by, entity_domain, last_updated_by, last_update_date, key_name) VALUES ('7f8zvi387mz2zxf9iiw6oi3xs468cxrcNM200904120000000000000000000030', '0000000000000000000000000000001000000000000000000000000000000003', '0000000000000000000000000000001000000000000000000000000000000003', '1o5txq0rsh5xsgr3jefzlgu8y8nnuw1d20070427JS0000000000000000001517', '2014-01-15 15:41:39', 4418, 'com.runwaysdk.system.metadata.MdParameter', 1, 'www.runwaysdk.com', NULL, NULL, '0000000000000000000000000000001000000000000000000000000000000003', '2014-01-15 15:41:39', 'com.runwaysdk.system.scheduler.QualifiedTypeJobController.create.dto');
INSERT INTO metadata_parameter ( site_master, last_updated_by, create_date, seq, locked_by, entity_domain, created_by, type, last_update_date, key_name, owner, id, parent_id, child_id) VALUES ('www.runwaysdk.com', '0000000000000000000000000000001000000000000000000000000000000003', '2014-01-15 15:41:39', 4419, NULL, NULL, '0000000000000000000000000000001000000000000000000000000000000003', 'com.runwaysdk.system.MetadataParameter', '2014-01-15 15:41:39', 'com.runwaysdk.system.scheduler.QualifiedTypeJobController.create.dto', '0000000000000000000000000000001000000000000000000000000000000003', 'zmln24mbl1w26udk7u7sxg6l74gg8ssz20070427JS0000000000000000001524', '8osezu6v7brrdwfkrn9iauy38khdzs8yNM200810110000000000000000000113', '1o5txq0rsh5xsgr3jefzlgu8y8nnuw1d20070427JS0000000000000000001517');
INSERT INTO metadata_display_label ( default_locale, id, site_master, key_name) VALUES ('edit', 'xibogxct1fjeamuwei589c9yg3ha5t5oNM200904120000000000000000000030', 'www.runwaysdk.com', 'xibogxct1fjeamuwei589c9yg3ha5t5oNM200904120000000000000000000030');
INSERT INTO metadata_display_label ( default_locale, id, site_master, key_name) VALUES ('Applys an existing instance of com.runwaysdk.system.scheduler.QualifiedTypeJob', '0mxv1kxee5id2dp6vry9dg3y718hww8qNM200904120000000000000000000030', 'www.runwaysdk.com', '0mxv1kxee5id2dp6vry9dg3y718hww8qNM200904120000000000000000000030');
INSERT INTO md_action ( is_query, enclosing_md_controller, is_post, action_name, display_label, id) VALUES (0, '6nle5o6nxjuyrxdkrx5fy9v2id06tel9NM200810110000000000000000000112', 0, 'edit', 'xibogxct1fjeamuwei589c9yg3ha5t5oNM200904120000000000000000000030', 'y1n5u9k3r1slprws4pydyy6wfpr6ryd7NM200810110000000000000000000113');
INSERT INTO metadata ( description, created_by, owner, id, create_date, seq, type, remove, site_master, locked_by, entity_domain, last_updated_by, last_update_date, key_name) VALUES ('0mxv1kxee5id2dp6vry9dg3y718hww8qNM200904120000000000000000000030', '0000000000000000000000000000001000000000000000000000000000000003', '0000000000000000000000000000001000000000000000000000000000000003', 'y1n5u9k3r1slprws4pydyy6wfpr6ryd7NM200810110000000000000000000113', '2014-01-15 15:41:39', 4420, 'com.runwaysdk.system.metadata.MdAction', 1, 'www.runwaysdk.com', NULL, NULL, '0000000000000000000000000000001000000000000000000000000000000003', '2014-01-15 15:41:39', 'com.runwaysdk.system.scheduler.QualifiedTypeJobController.edit');
INSERT INTO controller_action ( key_name, locked_by, id, owner, entity_domain, created_by, type, last_update_date, create_date, seq, last_updated_by, site_master, parent_id, child_id) VALUES ('com.runwaysdk.system.scheduler.QualifiedTypeJobController.edit', NULL, '25cc2yubgjwtlkx7h1d80okedduqp5a6JS200807230000000000000000111111', '0000000000000000000000000000001000000000000000000000000000000003', NULL, '0000000000000000000000000000001000000000000000000000000000000003', 'com.runwaysdk.system.ControllerAction', '2014-01-15 15:41:39', '2014-01-15 15:41:39', 4421, '0000000000000000000000000000001000000000000000000000000000000003', 'www.runwaysdk.com', '6nle5o6nxjuyrxdkrx5fy9v2id06tel9NM200810110000000000000000000112', 'y1n5u9k3r1slprws4pydyy6wfpr6ryd7NM200810110000000000000000000113');
INSERT INTO metadata_display_label ( default_locale, id, site_master, key_name) VALUES ('Parameter: com.runwaysdk.system.scheduler.QualifiedTypeJob', 'sp3tjv50t0is6r3lfheykraqt0jo1safNM200904120000000000000000000030', 'www.runwaysdk.com', 'sp3tjv50t0is6r3lfheykraqt0jo1safNM200904120000000000000000000030');
INSERT INTO metadata_display_label ( default_locale, id, site_master, key_name) VALUES ('com.runwaysdk.system.scheduler.QualifiedTypeJob to apply to the database', '0dz5ls75fd4dsc4570bdmr2rcc7t3i5xNM200904120000000000000000000030', 'www.runwaysdk.com', '0dz5ls75fd4dsc4570bdmr2rcc7t3i5xNM200904120000000000000000000030');
INSERT INTO md_parameter ( metadata, parameter_order, parameter_name, parameter_type, display_label, id) VALUES ('y1n5u9k3r1slprws4pydyy6wfpr6ryd7NM200810110000000000000000000113', 0, 'id', 'java.lang.String', 'sp3tjv50t0is6r3lfheykraqt0jo1safNM200904120000000000000000000030', '1p6a4n9idbku6997ngua6ejcf5gkouz620070427JS0000000000000000001517');
INSERT INTO metadata ( description, created_by, owner, id, create_date, seq, type, remove, site_master, locked_by, entity_domain, last_updated_by, last_update_date, key_name) VALUES ('0dz5ls75fd4dsc4570bdmr2rcc7t3i5xNM200904120000000000000000000030', '0000000000000000000000000000001000000000000000000000000000000003', '0000000000000000000000000000001000000000000000000000000000000003', '1p6a4n9idbku6997ngua6ejcf5gkouz620070427JS0000000000000000001517', '2014-01-15 15:41:39', 4422, 'com.runwaysdk.system.metadata.MdParameter', 1, 'www.runwaysdk.com', NULL, NULL, '0000000000000000000000000000001000000000000000000000000000000003', '2014-01-15 15:41:39', 'com.runwaysdk.system.scheduler.QualifiedTypeJobController.edit.id');
INSERT INTO metadata_parameter ( site_master, last_updated_by, create_date, seq, locked_by, entity_domain, created_by, type, last_update_date, key_name, owner, id, parent_id, child_id) VALUES ('www.runwaysdk.com', '0000000000000000000000000000001000000000000000000000000000000003', '2014-01-15 15:41:39', 4423, NULL, NULL, '0000000000000000000000000000001000000000000000000000000000000003', 'com.runwaysdk.system.MetadataParameter', '2014-01-15 15:41:39', 'com.runwaysdk.system.scheduler.QualifiedTypeJobController.edit.id', '0000000000000000000000000000001000000000000000000000000000000003', 'r0oep3h7gr4jcafgsy2mgy4p8fikkvhc20070427JS0000000000000000001524', 'y1n5u9k3r1slprws4pydyy6wfpr6ryd7NM200810110000000000000000000113', '1p6a4n9idbku6997ngua6ejcf5gkouz620070427JS0000000000000000001517');
INSERT INTO metadata_display_label ( default_locale, id, site_master, key_name) VALUES ('update', 't0v3st161tz1if7b9zzaa0jkynhvaqysNM200904120000000000000000000030', 'www.runwaysdk.com', 't0v3st161tz1if7b9zzaa0jkynhvaqysNM200904120000000000000000000030');
INSERT INTO metadata_display_label ( default_locale, id, site_master, key_name) VALUES ('Applys an existing instance of com.runwaysdk.system.scheduler.QualifiedTypeJob', '0mik1f9l3qaabck4jo5aevmqb6cc2pqkNM200904120000000000000000000030', 'www.runwaysdk.com', '0mik1f9l3qaabck4jo5aevmqb6cc2pqkNM200904120000000000000000000030');
INSERT INTO md_action ( is_query, enclosing_md_controller, is_post, action_name, display_label, id) VALUES (0, '6nle5o6nxjuyrxdkrx5fy9v2id06tel9NM200810110000000000000000000112', 1, 'update', 't0v3st161tz1if7b9zzaa0jkynhvaqysNM200904120000000000000000000030', 'qqlp51x6s8pai6snm3k4v7mut3khkicuNM200810110000000000000000000113');
INSERT INTO metadata ( description, created_by, owner, id, create_date, seq, type, remove, site_master, locked_by, entity_domain, last_updated_by, last_update_date, key_name) VALUES ('0mik1f9l3qaabck4jo5aevmqb6cc2pqkNM200904120000000000000000000030', '0000000000000000000000000000001000000000000000000000000000000003', '0000000000000000000000000000001000000000000000000000000000000003', 'qqlp51x6s8pai6snm3k4v7mut3khkicuNM200810110000000000000000000113', '2014-01-15 15:41:39', 4424, 'com.runwaysdk.system.metadata.MdAction', 1, 'www.runwaysdk.com', NULL, NULL, '0000000000000000000000000000001000000000000000000000000000000003', '2014-01-15 15:41:39', 'com.runwaysdk.system.scheduler.QualifiedTypeJobController.update');
INSERT INTO controller_action ( key_name, locked_by, id, owner, entity_domain, created_by, type, last_update_date, create_date, seq, last_updated_by, site_master, parent_id, child_id) VALUES ('com.runwaysdk.system.scheduler.QualifiedTypeJobController.update', NULL, '8yzndmkqsv3y7oo8z78k6v43ict89w8kJS200807230000000000000000111111', '0000000000000000000000000000001000000000000000000000000000000003', NULL, '0000000000000000000000000000001000000000000000000000000000000003', 'com.runwaysdk.system.ControllerAction', '2014-01-15 15:41:39', '2014-01-15 15:41:39', 4425, '0000000000000000000000000000001000000000000000000000000000000003', 'www.runwaysdk.com', '6nle5o6nxjuyrxdkrx5fy9v2id06tel9NM200810110000000000000000000112', 'qqlp51x6s8pai6snm3k4v7mut3khkicuNM200810110000000000000000000113');
INSERT INTO metadata_display_label ( default_locale, id, site_master, key_name) VALUES ('Parameter: com.runwaysdk.system.scheduler.QualifiedTypeJob - dto', '6rasdr0382kg7azf6ln4mbhg0deypdkzNM200904120000000000000000000030', 'www.runwaysdk.com', '6rasdr0382kg7azf6ln4mbhg0deypdkzNM200904120000000000000000000030');
INSERT INTO metadata_display_label ( default_locale, id, site_master, key_name) VALUES ('com.runwaysdk.system.scheduler.QualifiedTypeJob to apply to the database', 'xsw012bd3qxjqmd9abgqn6w16lyosdibNM200904120000000000000000000030', 'www.runwaysdk.com', 'xsw012bd3qxjqmd9abgqn6w16lyosdibNM200904120000000000000000000030');
INSERT INTO md_parameter ( metadata, parameter_order, parameter_name, parameter_type, display_label, id) VALUES ('qqlp51x6s8pai6snm3k4v7mut3khkicuNM200810110000000000000000000113', 0, 'dto', 'com.runwaysdk.system.scheduler.QualifiedTypeJob', '6rasdr0382kg7azf6ln4mbhg0deypdkzNM200904120000000000000000000030', 'sx6gpxpmm1nn856t295gkmbq6q7qw0eh20070427JS0000000000000000001517');
INSERT INTO metadata ( description, created_by, owner, id, create_date, seq, type, remove, site_master, locked_by, entity_domain, last_updated_by, last_update_date, key_name) VALUES ('xsw012bd3qxjqmd9abgqn6w16lyosdibNM200904120000000000000000000030', '0000000000000000000000000000001000000000000000000000000000000003', '0000000000000000000000000000001000000000000000000000000000000003', 'sx6gpxpmm1nn856t295gkmbq6q7qw0eh20070427JS0000000000000000001517', '2014-01-15 15:41:39', 4426, 'com.runwaysdk.system.metadata.MdParameter', 1, 'www.runwaysdk.com', NULL, NULL, '0000000000000000000000000000001000000000000000000000000000000003', '2014-01-15 15:41:39', 'com.runwaysdk.system.scheduler.QualifiedTypeJobController.update.dto');
INSERT INTO metadata_parameter ( site_master, last_updated_by, create_date, seq, locked_by, entity_domain, created_by, type, last_update_date, key_name, owner, id, parent_id, child_id) VALUES ('www.runwaysdk.com', '0000000000000000000000000000001000000000000000000000000000000003', '2014-01-15 15:41:39', 4427, NULL, NULL, '0000000000000000000000000000001000000000000000000000000000000003', 'com.runwaysdk.system.MetadataParameter', '2014-01-15 15:41:39', 'com.runwaysdk.system.scheduler.QualifiedTypeJobController.update.dto', '0000000000000000000000000000001000000000000000000000000000000003', 'x94t97q03qdt5xxgfcp2co98mwq6tlfd20070427JS0000000000000000001524', 'qqlp51x6s8pai6snm3k4v7mut3khkicuNM200810110000000000000000000113', 'sx6gpxpmm1nn856t295gkmbq6q7qw0eh20070427JS0000000000000000001517');
INSERT INTO metadata_display_label ( default_locale, id, site_master, key_name) VALUES ('cancel', '8fveu0s3zkntj4dz2ja3ndnb1958ca11NM200904120000000000000000000030', 'www.runwaysdk.com', '8fveu0s3zkntj4dz2ja3ndnb1958ca11NM200904120000000000000000000030');
INSERT INTO metadata_display_label ( default_locale, id, site_master, key_name) VALUES ('Unlocks an instance com.runwaysdk.system.scheduler.QualifiedTypeJob', '8xpmtyhxztaa815lt4gdfcgpp6eas1k1NM200904120000000000000000000030', 'www.runwaysdk.com', '8xpmtyhxztaa815lt4gdfcgpp6eas1k1NM200904120000000000000000000030');
INSERT INTO md_action ( is_query, enclosing_md_controller, is_post, action_name, display_label, id) VALUES (0, '6nle5o6nxjuyrxdkrx5fy9v2id06tel9NM200810110000000000000000000112', 1, 'cancel', '8fveu0s3zkntj4dz2ja3ndnb1958ca11NM200904120000000000000000000030', 'yxu9igozxaxb883t18jb8s7762h54axiNM200810110000000000000000000113');
INSERT INTO metadata ( description, created_by, owner, id, create_date, seq, type, remove, site_master, locked_by, entity_domain, last_updated_by, last_update_date, key_name) VALUES ('8xpmtyhxztaa815lt4gdfcgpp6eas1k1NM200904120000000000000000000030', '0000000000000000000000000000001000000000000000000000000000000003', '0000000000000000000000000000001000000000000000000000000000000003', 'yxu9igozxaxb883t18jb8s7762h54axiNM200810110000000000000000000113', '2014-01-15 15:41:39', 4428, 'com.runwaysdk.system.metadata.MdAction', 1, 'www.runwaysdk.com', NULL, NULL, '0000000000000000000000000000001000000000000000000000000000000003', '2014-01-15 15:41:39', 'com.runwaysdk.system.scheduler.QualifiedTypeJobController.cancel');
INSERT INTO controller_action ( key_name, locked_by, id, owner, entity_domain, created_by, type, last_update_date, create_date, seq, last_updated_by, site_master, parent_id, child_id) VALUES ('com.runwaysdk.system.scheduler.QualifiedTypeJobController.cancel', NULL, 'sjifv7swgoozdoy5a31d4y9ftzbvv1scJS200807230000000000000000111111', '0000000000000000000000000000001000000000000000000000000000000003', NULL, '0000000000000000000000000000001000000000000000000000000000000003', 'com.runwaysdk.system.ControllerAction', '2014-01-15 15:41:39', '2014-01-15 15:41:39', 4429, '0000000000000000000000000000001000000000000000000000000000000003', 'www.runwaysdk.com', '6nle5o6nxjuyrxdkrx5fy9v2id06tel9NM200810110000000000000000000112', 'yxu9igozxaxb883t18jb8s7762h54axiNM200810110000000000000000000113');
INSERT INTO metadata_display_label ( default_locale, id, site_master, key_name) VALUES ('Parameter: com.runwaysdk.system.scheduler.QualifiedTypeJob - dto', '0pdonqtset7deiolnexbtigz3sph9w1lNM200904120000000000000000000030', 'www.runwaysdk.com', '0pdonqtset7deiolnexbtigz3sph9w1lNM200904120000000000000000000030');
INSERT INTO metadata_display_label ( default_locale, id, site_master, key_name) VALUES ('com.runwaysdk.system.scheduler.QualifiedTypeJob to unlock', 'syz1s88xto69h7fqvq7uzf2v2585qgtpNM200904120000000000000000000030', 'www.runwaysdk.com', 'syz1s88xto69h7fqvq7uzf2v2585qgtpNM200904120000000000000000000030');
INSERT INTO md_parameter ( metadata, parameter_order, parameter_name, parameter_type, display_label, id) VALUES ('yxu9igozxaxb883t18jb8s7762h54axiNM200810110000000000000000000113', 0, 'dto', 'com.runwaysdk.system.scheduler.QualifiedTypeJob', '0pdonqtset7deiolnexbtigz3sph9w1lNM200904120000000000000000000030', 'xf1j1u43zbcc7alo6yk2jd0svnsca2le20070427JS0000000000000000001517');
INSERT INTO metadata ( description, created_by, owner, id, create_date, seq, type, remove, site_master, locked_by, entity_domain, last_updated_by, last_update_date, key_name) VALUES ('syz1s88xto69h7fqvq7uzf2v2585qgtpNM200904120000000000000000000030', '0000000000000000000000000000001000000000000000000000000000000003', '0000000000000000000000000000001000000000000000000000000000000003', 'xf1j1u43zbcc7alo6yk2jd0svnsca2le20070427JS0000000000000000001517', '2014-01-15 15:41:39', 4430, 'com.runwaysdk.system.metadata.MdParameter', 1, 'www.runwaysdk.com', NULL, NULL, '0000000000000000000000000000001000000000000000000000000000000003', '2014-01-15 15:41:39', 'com.runwaysdk.system.scheduler.QualifiedTypeJobController.cancel.dto');
INSERT INTO metadata_parameter ( site_master, last_updated_by, create_date, seq, locked_by, entity_domain, created_by, type, last_update_date, key_name, owner, id, parent_id, child_id) VALUES ('www.runwaysdk.com', '0000000000000000000000000000001000000000000000000000000000000003', '2014-01-15 15:41:39', 4431, NULL, NULL, '0000000000000000000000000000001000000000000000000000000000000003', 'com.runwaysdk.system.MetadataParameter', '2014-01-15 15:41:39', 'com.runwaysdk.system.scheduler.QualifiedTypeJobController.cancel.dto', '0000000000000000000000000000001000000000000000000000000000000003', 'z06ivogwpe3og7x1ma997fa6ip8n03p120070427JS0000000000000000001524', 'yxu9igozxaxb883t18jb8s7762h54axiNM200810110000000000000000000113', 'xf1j1u43zbcc7alo6yk2jd0svnsca2le20070427JS0000000000000000001517');
INSERT INTO metadata_display_label ( default_locale, id, site_master, key_name) VALUES ('delete', '8lg4ds2uhx03hhzzip0e9sqwukhvq40oNM200904120000000000000000000030', 'www.runwaysdk.com', '8lg4ds2uhx03hhzzip0e9sqwukhvq40oNM200904120000000000000000000030');
INSERT INTO metadata_display_label ( default_locale, id, site_master, key_name) VALUES ('Delete an instance of com.runwaysdk.system.scheduler.QualifiedTypeJob', 'y0d2s8z43y6uid7r8dv8xnqhxuautoh7NM200904120000000000000000000030', 'www.runwaysdk.com', 'y0d2s8z43y6uid7r8dv8xnqhxuautoh7NM200904120000000000000000000030');
INSERT INTO md_action ( is_query, enclosing_md_controller, is_post, action_name, display_label, id) VALUES (0, '6nle5o6nxjuyrxdkrx5fy9v2id06tel9NM200810110000000000000000000112', 1, 'delete', '8lg4ds2uhx03hhzzip0e9sqwukhvq40oNM200904120000000000000000000030', 'sto8yuuf0lu3ycsb0df0bsv5usm3umxwNM200810110000000000000000000113');
INSERT INTO metadata ( description, created_by, owner, id, create_date, seq, type, remove, site_master, locked_by, entity_domain, last_updated_by, last_update_date, key_name) VALUES ('y0d2s8z43y6uid7r8dv8xnqhxuautoh7NM200904120000000000000000000030', '0000000000000000000000000000001000000000000000000000000000000003', '0000000000000000000000000000001000000000000000000000000000000003', 'sto8yuuf0lu3ycsb0df0bsv5usm3umxwNM200810110000000000000000000113', '2014-01-15 15:41:39', 4432, 'com.runwaysdk.system.metadata.MdAction', 1, 'www.runwaysdk.com', NULL, NULL, '0000000000000000000000000000001000000000000000000000000000000003', '2014-01-15 15:41:39', 'com.runwaysdk.system.scheduler.QualifiedTypeJobController.delete');
INSERT INTO controller_action ( key_name, locked_by, id, owner, entity_domain, created_by, type, last_update_date, create_date, seq, last_updated_by, site_master, parent_id, child_id) VALUES ('com.runwaysdk.system.scheduler.QualifiedTypeJobController.delete', NULL, '8sgem2lmvkofnra91tjyp6cbhpkfz13wJS200807230000000000000000111111', '0000000000000000000000000000001000000000000000000000000000000003', NULL, '0000000000000000000000000000001000000000000000000000000000000003', 'com.runwaysdk.system.ControllerAction', '2014-01-15 15:41:39', '2014-01-15 15:41:39', 4433, '0000000000000000000000000000001000000000000000000000000000000003', 'www.runwaysdk.com', '6nle5o6nxjuyrxdkrx5fy9v2id06tel9NM200810110000000000000000000112', 'sto8yuuf0lu3ycsb0df0bsv5usm3umxwNM200810110000000000000000000113');
INSERT INTO metadata_display_label ( default_locale, id, site_master, key_name) VALUES ('Parameter: com.runwaysdk.system.scheduler.QualifiedTypeJob - dto', 'qzak0zt5kc6omlpwwslxmjww36l6pefuNM200904120000000000000000000030', 'www.runwaysdk.com', 'qzak0zt5kc6omlpwwslxmjww36l6pefuNM200904120000000000000000000030');
INSERT INTO metadata_display_label ( default_locale, id, site_master, key_name) VALUES ('com.runwaysdk.system.scheduler.QualifiedTypeJob to delete', 'qyfl6tnsfbm1hzm9o31oxxcpiokjgcrsNM200904120000000000000000000030', 'www.runwaysdk.com', 'qyfl6tnsfbm1hzm9o31oxxcpiokjgcrsNM200904120000000000000000000030');
INSERT INTO md_parameter ( metadata, parameter_order, parameter_name, parameter_type, display_label, id) VALUES ('sto8yuuf0lu3ycsb0df0bsv5usm3umxwNM200810110000000000000000000113', 0, 'dto', 'com.runwaysdk.system.scheduler.QualifiedTypeJob', 'qzak0zt5kc6omlpwwslxmjww36l6pefuNM200904120000000000000000000030', 'z42ys95ppkmdeid3qamvuo2jpg6pjs2320070427JS0000000000000000001517');
INSERT INTO metadata ( description, created_by, owner, id, create_date, seq, type, remove, site_master, locked_by, entity_domain, last_updated_by, last_update_date, key_name) VALUES ('qyfl6tnsfbm1hzm9o31oxxcpiokjgcrsNM200904120000000000000000000030', '0000000000000000000000000000001000000000000000000000000000000003', '0000000000000000000000000000001000000000000000000000000000000003', 'z42ys95ppkmdeid3qamvuo2jpg6pjs2320070427JS0000000000000000001517', '2014-01-15 15:41:39', 4434, 'com.runwaysdk.system.metadata.MdParameter', 1, 'www.runwaysdk.com', NULL, NULL, '0000000000000000000000000000001000000000000000000000000000000003', '2014-01-15 15:41:39', 'com.runwaysdk.system.scheduler.QualifiedTypeJobController.delete.dto');
INSERT INTO metadata_parameter ( site_master, last_updated_by, create_date, seq, locked_by, entity_domain, created_by, type, last_update_date, key_name, owner, id, parent_id, child_id) VALUES ('www.runwaysdk.com', '0000000000000000000000000000001000000000000000000000000000000003', '2014-01-15 15:41:39', 4435, NULL, NULL, '0000000000000000000000000000001000000000000000000000000000000003', 'com.runwaysdk.system.MetadataParameter', '2014-01-15 15:41:39', 'com.runwaysdk.system.scheduler.QualifiedTypeJobController.delete.dto', '0000000000000000000000000000001000000000000000000000000000000003', 'sd55hn06av4jk8gs8tb8um9k6cdcamv420070427JS0000000000000000001524', 'sto8yuuf0lu3ycsb0df0bsv5usm3umxwNM200810110000000000000000000113', 'z42ys95ppkmdeid3qamvuo2jpg6pjs2320070427JS0000000000000000001517');
INSERT INTO business_inheritance ( id, parent_id, child_id) VALUES ('94gut3z256flakcyscgcqknacfg7e9aj20070926NM0000000000000000000004', 'sj0kryjbvcxwli9wrnrh45x42908heeo00000000000000000000000000000001', 'z5njtlwj18xds6n8naw41nxoyg350xnk00000000000000000000000000000001');
INSERT INTO class_inheritance ( id, parent_id, child_id) VALUES ('94gut3z256flakcyscgcqknacfg7e9aj20070926NM0000000000000000000004', 'sj0kryjbvcxwli9wrnrh45x42908heeo00000000000000000000000000000001', 'z5njtlwj18xds6n8naw41nxoyg350xnk00000000000000000000000000000001');
INSERT INTO metadata_relationship ( entity_domain, site_master, last_updated_by, id, owner, locked_by, create_date, type, created_by, seq, key_name, last_update_date, parent_id, child_id) VALUES (NULL, 'www.runwaysdk.com', '0000000000000000000000000000001000000000000000000000000000000003', '94gut3z256flakcyscgcqknacfg7e9aj20070926NM0000000000000000000004', '0000000000000000000000000000001000000000000000000000000000000003', NULL, '2014-01-15 15:41:39', 'com.runwaysdk.system.metadata.BusinessInheritance', '0000000000000000000000000000001000000000000000000000000000000003', 4436, '94gut3z256flakcyscgcqknacfg7e9aj20070926NM0000000000000000000004', '2014-01-15 15:41:39', 'sj0kryjbvcxwli9wrnrh45x42908heeo00000000000000000000000000000001', 'z5njtlwj18xds6n8naw41nxoyg350xnk00000000000000000000000000000001');
 INSERT INTO visibilitymodifier (set_id, item_id)  VALUES  ('sswzg3kac9scoss8vgtwdnx7s41oh522', '20071109NM000000000000000000000520071109NM0000000000000000000001');
INSERT INTO metadata_display_label ( default_locale, id, site_master, key_name) VALUES ('Class Name', 'xr524630ke12esh7ykmz6q9khzmc32abNM200904120000000000000000000030', 'www.runwaysdk.com', 'xr524630ke12esh7ykmz6q9khzmc32abNM200904120000000000000000000030');
 INSERT INTO visibilitymodifier (set_id, item_id)  VALUES  ('6plh3swdsxw25ven81ekp4jyyti6fvn0', '20071109NM000000000000000000000520071109NM0000000000000000000001');
 INSERT INTO md_attribute_indicies (set_id, item_id)  VALUES  ('rdklu14y302214xzek2396lbefc3msrr', '0000000000000000000000000000040100000000000000000000000000000403');
INSERT INTO metadata_display_label ( default_locale, id, site_master, key_name) VALUES ('Class Name', 'r6gjkzlt6v0xo61ah9sx9d1sx5d4zlyfNM200904120000000000000000000030', 'www.runwaysdk.com', 'r6gjkzlt6v0xo61ah9sx9d1sx5d4zlyfNM200904120000000000000000000030');
INSERT INTO md_attribute_character ( default_value, database_size, id) VALUES (NULL, 100, '77f3cmkuba60doy0kwp7t2cukjhgsv6i00000000000000000000000000000138');
INSERT INTO md_attribute_char ( id) VALUES ('77f3cmkuba60doy0kwp7t2cukjhgsv6i00000000000000000000000000000138');
INSERT INTO md_attribute_primitive ( id) VALUES ('77f3cmkuba60doy0kwp7t2cukjhgsv6i00000000000000000000000000000138');
INSERT INTO md_attribute_concrete ( column_name, defining_md_class, setter_visibility, setter_visibility_c, immutable, index_name, generate_accessor, system, required, display_label, getter_visibility, getter_visibility_c, index_type, index_type_c, attribute_name, id) VALUES ('class_name', 'z5njtlwj18xds6n8naw41nxoyg350xnk00000000000000000000000000000001', 'sswzg3kac9scoss8vgtwdnx7s41oh522', '20071109NM000000000000000000000520071109NM0000000000000000000001', 0, 'aqseihux8qztvxq9phyvzwyy7blvgt', 1, 0, 1, 'xr524630ke12esh7ykmz6q9khzmc32abNM200904120000000000000000000030', '6plh3swdsxw25ven81ekp4jyyti6fvn0', '20071109NM000000000000000000000520071109NM0000000000000000000001', 'rdklu14y302214xzek2396lbefc3msrr', '0000000000000000000000000000040100000000000000000000000000000403', 'className', '77f3cmkuba60doy0kwp7t2cukjhgsv6i00000000000000000000000000000138');
INSERT INTO md_attribute ( id) VALUES ('77f3cmkuba60doy0kwp7t2cukjhgsv6i00000000000000000000000000000138');
INSERT INTO metadata ( description, created_by, owner, id, create_date, seq, type, remove, site_master, locked_by, entity_domain, last_updated_by, last_update_date, key_name) VALUES ('r6gjkzlt6v0xo61ah9sx9d1sx5d4zlyfNM200904120000000000000000000030', '0000000000000000000000000000001000000000000000000000000000000003', '0000000000000000000000000000001000000000000000000000000000000003', '77f3cmkuba60doy0kwp7t2cukjhgsv6i00000000000000000000000000000138', '2014-01-15 15:41:39', 4437, 'com.runwaysdk.system.metadata.MdAttributeCharacter', 1, 'www.runwaysdk.com', NULL, NULL, '0000000000000000000000000000001000000000000000000000000000000003', '2014-01-15 15:41:39', 'com.runwaysdk.system.scheduler.QualifiedTypeJob.className');
ALTER TABLE qualified_type_job ADD COLUMN class_name  varchar(100);
INSERT INTO class_attribute_concrete ( id, parent_id, child_id) VALUES ('sc0jq6ukuz034y8xtqtkvj1nskfogw8200000000000000000000000000000073', 'z5njtlwj18xds6n8naw41nxoyg350xnk00000000000000000000000000000001', '77f3cmkuba60doy0kwp7t2cukjhgsv6i00000000000000000000000000000138');
INSERT INTO class_attribute ( id, parent_id, child_id) VALUES ('sc0jq6ukuz034y8xtqtkvj1nskfogw8200000000000000000000000000000073', 'z5njtlwj18xds6n8naw41nxoyg350xnk00000000000000000000000000000001', '77f3cmkuba60doy0kwp7t2cukjhgsv6i00000000000000000000000000000138');
INSERT INTO metadata_relationship ( entity_domain, site_master, last_updated_by, id, owner, locked_by, create_date, type, created_by, seq, key_name, last_update_date, parent_id, child_id) VALUES (NULL, 'www.runwaysdk.com', '0000000000000000000000000000001000000000000000000000000000000003', 'sc0jq6ukuz034y8xtqtkvj1nskfogw8200000000000000000000000000000073', '0000000000000000000000000000001000000000000000000000000000000003', NULL, '2014-01-15 15:41:39', 'com.runwaysdk.system.metadata.ClassAttributeConcrete', '0000000000000000000000000000001000000000000000000000000000000003', 4438, 'com.runwaysdk.system.scheduler.QualifiedTypeJob.className', '2014-01-15 15:41:39', 'z5njtlwj18xds6n8naw41nxoyg350xnk00000000000000000000000000000001', '77f3cmkuba60doy0kwp7t2cukjhgsv6i00000000000000000000000000000138');
INSERT INTO metadata_display_label ( default_locale, id, site_master, key_name) VALUES ('false', '8v64cs9mzpwrzj10uooakb08u79wu9pdNM200904120000000000000000000030', 'www.runwaysdk.com', '8v64cs9mzpwrzj10uooakb08u79wu9pdNM200904120000000000000000000030');
INSERT INTO metadata_display_label ( default_locale, id, site_master, key_name) VALUES ('true', 'sts1u5rkbmxxrbnmcsdp1e7lkmpucmbzNM200904120000000000000000000030', 'www.runwaysdk.com', 'sts1u5rkbmxxrbnmcsdp1e7lkmpucmbzNM200904120000000000000000000030');
 INSERT INTO visibilitymodifier (set_id, item_id)  VALUES  ('8plmeguhmhe17klsi5o2p8ldki72pmap', '20071109NM000000000000000000000520071109NM0000000000000000000001');
INSERT INTO metadata_display_label ( default_locale, id, site_master, key_name) VALUES ('Record History', 't2hgbrla1epnxi4zkm97axjinul1xxojNM200904120000000000000000000030', 'www.runwaysdk.com', 't2hgbrla1epnxi4zkm97axjinul1xxojNM200904120000000000000000000030');
 INSERT INTO visibilitymodifier (set_id, item_id)  VALUES  ('yzbqzvzhw04fpujmaos73bdweymk35p0', '20071109NM000000000000000000000520071109NM0000000000000000000001');
 INSERT INTO md_attribute_indicies (set_id, item_id)  VALUES  ('0bgyhwp0f6yaw7gjqfpmrs3nm8eel1yk', '0000000000000000000000000000040100000000000000000000000000000403');
INSERT INTO metadata_display_label ( default_locale, id, site_master, key_name) VALUES ('Record History', '7fihpydnwekqblwm9izjfxlvxlrmirp4NM200904120000000000000000000030', 'www.runwaysdk.com', '7fihpydnwekqblwm9izjfxlvxlrmirp4NM200904120000000000000000000030');
INSERT INTO md_attribute_boolean ( negative_display_label, default_value, positive_display_label, id) VALUES ('8v64cs9mzpwrzj10uooakb08u79wu9pdNM200904120000000000000000000030', 1, 'sts1u5rkbmxxrbnmcsdp1e7lkmpucmbzNM200904120000000000000000000030', '8mt50ied6onj5n9zz4m61jmu12ah333r00000000000000000000000000000194');
INSERT INTO md_attribute_primitive ( id) VALUES ('8mt50ied6onj5n9zz4m61jmu12ah333r00000000000000000000000000000194');
INSERT INTO md_attribute_concrete ( column_name, defining_md_class, setter_visibility, setter_visibility_c, immutable, index_name, generate_accessor, system, required, display_label, getter_visibility, getter_visibility_c, index_type, index_type_c, attribute_name, id) VALUES ('record_history', 'sj0kryjbvcxwli9wrnrh45x42908heeo00000000000000000000000000000001', '8plmeguhmhe17klsi5o2p8ldki72pmap', '20071109NM000000000000000000000520071109NM0000000000000000000001', 0, 'a2mjj0ifvuzqakz03q7ddbntadsykv', 1, 0, 1, 't2hgbrla1epnxi4zkm97axjinul1xxojNM200904120000000000000000000030', 'yzbqzvzhw04fpujmaos73bdweymk35p0', '20071109NM000000000000000000000520071109NM0000000000000000000001', '0bgyhwp0f6yaw7gjqfpmrs3nm8eel1yk', '0000000000000000000000000000040100000000000000000000000000000403', 'recordHistory', '8mt50ied6onj5n9zz4m61jmu12ah333r00000000000000000000000000000194');
INSERT INTO md_attribute ( id) VALUES ('8mt50ied6onj5n9zz4m61jmu12ah333r00000000000000000000000000000194');
INSERT INTO metadata ( description, created_by, owner, id, create_date, seq, type, remove, site_master, locked_by, entity_domain, last_updated_by, last_update_date, key_name) VALUES ('7fihpydnwekqblwm9izjfxlvxlrmirp4NM200904120000000000000000000030', '0000000000000000000000000000001000000000000000000000000000000003', '0000000000000000000000000000001000000000000000000000000000000003', '8mt50ied6onj5n9zz4m61jmu12ah333r00000000000000000000000000000194', '2014-01-15 15:41:39', 4439, 'com.runwaysdk.system.metadata.MdAttributeBoolean', 1, 'www.runwaysdk.com', NULL, NULL, '0000000000000000000000000000001000000000000000000000000000000003', '2014-01-15 15:41:39', 'com.runwaysdk.system.scheduler.ExecutableJob.recordHistory');
ALTER TABLE executable_job ADD COLUMN record_history  int;
INSERT INTO class_attribute_concrete ( id, parent_id, child_id) VALUES ('2fc3zo13nmawtbezifgbeooadcy2yob800000000000000000000000000000073', 'sj0kryjbvcxwli9wrnrh45x42908heeo00000000000000000000000000000001', '8mt50ied6onj5n9zz4m61jmu12ah333r00000000000000000000000000000194');
INSERT INTO class_attribute ( id, parent_id, child_id) VALUES ('2fc3zo13nmawtbezifgbeooadcy2yob800000000000000000000000000000073', 'sj0kryjbvcxwli9wrnrh45x42908heeo00000000000000000000000000000001', '8mt50ied6onj5n9zz4m61jmu12ah333r00000000000000000000000000000194');
INSERT INTO metadata_relationship ( entity_domain, site_master, last_updated_by, id, owner, locked_by, create_date, type, created_by, seq, key_name, last_update_date, parent_id, child_id) VALUES (NULL, 'www.runwaysdk.com', '0000000000000000000000000000001000000000000000000000000000000003', '2fc3zo13nmawtbezifgbeooadcy2yob800000000000000000000000000000073', '0000000000000000000000000000001000000000000000000000000000000003', NULL, '2014-01-15 15:41:39', 'com.runwaysdk.system.metadata.ClassAttributeConcrete', '0000000000000000000000000000001000000000000000000000000000000003', 4440, 'com.runwaysdk.system.scheduler.ExecutableJob.recordHistory', '2014-01-15 15:41:39', 'sj0kryjbvcxwli9wrnrh45x42908heeo00000000000000000000000000000001', '8mt50ied6onj5n9zz4m61jmu12ah333r00000000000000000000000000000194');
 INSERT INTO class_cache (set_id, item_id)  VALUES  ('8yjspykdkaffvde3z0m25c0v6qh2gcz0', '0000000000000000000000000000023100000000000000000000000000000222');
INSERT INTO metadata_display_label ( default_locale, id, site_master, key_name) VALUES ('JobSnapshot', '1z4a7cg09ckm8w917p03d661ljl5s8alNM200904120000000000000000000030', 'www.runwaysdk.com', '1z4a7cg09ckm8w917p03d661ljl5s8alNM200904120000000000000000000030');
INSERT INTO metadata_display_label ( default_locale, id, site_master, key_name) VALUES ('JobSnapshot', '8zk6yzl3opk3xjg5qq9llie2hosqs716NM200904120000000000000000000030', 'www.runwaysdk.com', '8zk6yzl3opk3xjg5qq9llie2hosqs716NM200904120000000000000000000030');
INSERT INTO md_business ( cache_algorithm, cache_algorithm_c, super_md_business, id) VALUES ('8yjspykdkaffvde3z0m25c0v6qh2gcz0', '0000000000000000000000000000023100000000000000000000000000000222', 'x9npcsuyj3f5osrsrii4jv48kw8sckub00000000000000000000000000000001', 'sr49yq39duxbcp2v8p4yk3h98r86qkyd00000000000000000000000000000001');
INSERT INTO md_element ( extendable, is_abstract, id) VALUES (1, 0, 'sr49yq39duxbcp2v8p4yk3h98r86qkyd00000000000000000000000000000001');
INSERT INTO md_entity ( query_dto_source, query_source, cache_size, enforce_site_master, table_name, id) VALUES (NULL, NULL, 0, 1, 'job_snapshot', 'sr49yq39duxbcp2v8p4yk3h98r86qkyd00000000000000000000000000000001');
INSERT INTO md_class ( publish, stub_dto_source, stub_source, id) VALUES (1, NULL, NULL, 'sr49yq39duxbcp2v8p4yk3h98r86qkyd00000000000000000000000000000001');
INSERT INTO md_type ( display_label, root_id, package_name, type_name, base_source, js_base, js_stub, exported, dto_source, id) VALUES ('1z4a7cg09ckm8w917p03d661ljl5s8alNM200904120000000000000000000030', 'sr49yq39duxbcp2v8p4yk3h98r86qkyd', 'com.runwaysdk.system.scheduler', 'JobSnapshot', NULL, NULL, NULL, 1, NULL, 'sr49yq39duxbcp2v8p4yk3h98r86qkyd00000000000000000000000000000001');
INSERT INTO metadata ( description, created_by, owner, id, create_date, seq, type, remove, site_master, locked_by, entity_domain, last_updated_by, last_update_date, key_name) VALUES ('8zk6yzl3opk3xjg5qq9llie2hosqs716NM200904120000000000000000000030', '0000000000000000000000000000001000000000000000000000000000000003', '0000000000000000000000000000001000000000000000000000000000000003', 'sr49yq39duxbcp2v8p4yk3h98r86qkyd00000000000000000000000000000001', '2014-01-15 15:41:39', 4441, 'com.runwaysdk.system.metadata.MdBusiness', 1, 'www.runwaysdk.com', NULL, NULL, '0000000000000000000000000000001000000000000000000000000000000003', '2014-01-15 15:41:39', 'com.runwaysdk.system.scheduler.JobSnapshot');
CREATE TABLE job_snapshot ( id CHAR(64) NOT NULL PRIMARY KEY );
INSERT INTO metadata_display_label ( default_locale, id, site_master, key_name) VALUES (NULL, '0nstj7yslumd3dn56y0k263dptzs3pq5NM200904120000000000000000000030', 'www.runwaysdk.com', '0nstj7yslumd3dn56y0k263dptzs3pq5NM200904120000000000000000000030');
INSERT INTO metadata_display_label ( default_locale, id, site_master, key_name) VALUES (NULL, '02ro5hk9ye6avwosc5eger5k2coxb3hoNM200904120000000000000000000030', 'www.runwaysdk.com', '02ro5hk9ye6avwosc5eger5k2coxb3hoNM200904120000000000000000000030');
INSERT INTO md_controller ( stub_source, id) VALUES (NULL, 'zk11l3jqun6yy3pfol7ljdxxgo1t8g19NM200810110000000000000000000112');
INSERT INTO md_type ( display_label, root_id, package_name, type_name, base_source, js_base, js_stub, exported, dto_source, id) VALUES ('0nstj7yslumd3dn56y0k263dptzs3pq5NM200904120000000000000000000030', 'zk11l3jqun6yy3pfol7ljdxxgo1t8g19', 'com.runwaysdk.system.scheduler', 'JobSnapshotController', NULL, NULL, NULL, 1, NULL, 'zk11l3jqun6yy3pfol7ljdxxgo1t8g19NM200810110000000000000000000112');
INSERT INTO metadata ( description, created_by, owner, id, create_date, seq, type, remove, site_master, locked_by, entity_domain, last_updated_by, last_update_date, key_name) VALUES ('02ro5hk9ye6avwosc5eger5k2coxb3hoNM200904120000000000000000000030', '0000000000000000000000000000001000000000000000000000000000000003', '0000000000000000000000000000001000000000000000000000000000000003', 'zk11l3jqun6yy3pfol7ljdxxgo1t8g19NM200810110000000000000000000112', '2014-01-15 15:41:39', 4442, 'com.runwaysdk.system.metadata.MdController', 1, 'www.runwaysdk.com', NULL, NULL, '0000000000000000000000000000001000000000000000000000000000000003', '2014-01-15 15:41:39', 'com.runwaysdk.system.scheduler.JobSnapshotController');
INSERT INTO metadata_display_label ( default_locale, id, site_master, key_name) VALUES ('View Page', '0mpuztc19bd3t228kcrlwl8zf3csqvvnNM200904120000000000000000000030', 'www.runwaysdk.com', '0mpuztc19bd3t228kcrlwl8zf3csqvvnNM200904120000000000000000000030');
INSERT INTO metadata_display_label ( default_locale, id, site_master, key_name) VALUES ('Loads a ViewAll query for a specific page into the request object', 'r48k70xdwem4npq40n834nw2g41p8wmkNM200904120000000000000000000030', 'www.runwaysdk.com', 'r48k70xdwem4npq40n834nw2g41p8wmkNM200904120000000000000000000030');
INSERT INTO md_action ( is_query, enclosing_md_controller, is_post, action_name, display_label, id) VALUES (1, 'zk11l3jqun6yy3pfol7ljdxxgo1t8g19NM200810110000000000000000000112', 0, 'viewPage', '0mpuztc19bd3t228kcrlwl8zf3csqvvnNM200904120000000000000000000030', '7cen2nthuv4d99ao8qce7emuvja6rp7fNM200810110000000000000000000113');
INSERT INTO metadata ( description, created_by, owner, id, create_date, seq, type, remove, site_master, locked_by, entity_domain, last_updated_by, last_update_date, key_name) VALUES ('r48k70xdwem4npq40n834nw2g41p8wmkNM200904120000000000000000000030', '0000000000000000000000000000001000000000000000000000000000000003', '0000000000000000000000000000001000000000000000000000000000000003', '7cen2nthuv4d99ao8qce7emuvja6rp7fNM200810110000000000000000000113', '2014-01-15 15:41:39', 4443, 'com.runwaysdk.system.metadata.MdAction', 1, 'www.runwaysdk.com', NULL, NULL, '0000000000000000000000000000001000000000000000000000000000000003', '2014-01-15 15:41:39', 'com.runwaysdk.system.scheduler.JobSnapshotController.viewPage');
INSERT INTO controller_action ( key_name, locked_by, id, owner, entity_domain, created_by, type, last_update_date, create_date, seq, last_updated_by, site_master, parent_id, child_id) VALUES ('com.runwaysdk.system.scheduler.JobSnapshotController.viewPage', NULL, 'suokvy5z0z4zzjqa5lulxg56twtn04n7JS200807230000000000000000111111', '0000000000000000000000000000001000000000000000000000000000000003', NULL, '0000000000000000000000000000001000000000000000000000000000000003', 'com.runwaysdk.system.ControllerAction', '2014-01-15 15:41:39', '2014-01-15 15:41:39', 4444, '0000000000000000000000000000001000000000000000000000000000000003', 'www.runwaysdk.com', 'zk11l3jqun6yy3pfol7ljdxxgo1t8g19NM200810110000000000000000000112', '7cen2nthuv4d99ao8qce7emuvja6rp7fNM200810110000000000000000000113');
INSERT INTO metadata_display_label ( default_locale, id, site_master, key_name) VALUES ('Sort Attribute', 'zoan76mszlvgoijt1dra07f5hq3w2oa6NM200904120000000000000000000030', 'www.runwaysdk.com', 'zoan76mszlvgoijt1dra07f5hq3w2oa6NM200904120000000000000000000030');
INSERT INTO metadata_display_label ( default_locale, id, site_master, key_name) VALUES (NULL, '6safxd88x1d8zonzt40l52atjr2fhd8tNM200904120000000000000000000030', 'www.runwaysdk.com', '6safxd88x1d8zonzt40l52atjr2fhd8tNM200904120000000000000000000030');
INSERT INTO md_parameter ( metadata, parameter_order, parameter_name, parameter_type, display_label, id) VALUES ('7cen2nthuv4d99ao8qce7emuvja6rp7fNM200810110000000000000000000113', -4, 'sortAttribute', 'java.lang.String', 'zoan76mszlvgoijt1dra07f5hq3w2oa6NM200904120000000000000000000030', '72kd4rk6gbtdhjkjom9ynx31teghx72620070427JS0000000000000000001517');
INSERT INTO metadata ( description, created_by, owner, id, create_date, seq, type, remove, site_master, locked_by, entity_domain, last_updated_by, last_update_date, key_name) VALUES ('6safxd88x1d8zonzt40l52atjr2fhd8tNM200904120000000000000000000030', '0000000000000000000000000000001000000000000000000000000000000003', '0000000000000000000000000000001000000000000000000000000000000003', '72kd4rk6gbtdhjkjom9ynx31teghx72620070427JS0000000000000000001517', '2014-01-15 15:41:39', 4445, 'com.runwaysdk.system.metadata.MdParameter', 1, 'www.runwaysdk.com', NULL, NULL, '0000000000000000000000000000001000000000000000000000000000000003', '2014-01-15 15:41:39', 'com.runwaysdk.system.scheduler.JobSnapshotController.viewPage.sortAttribute');
INSERT INTO metadata_parameter ( site_master, last_updated_by, create_date, seq, locked_by, entity_domain, created_by, type, last_update_date, key_name, owner, id, parent_id, child_id) VALUES ('www.runwaysdk.com', '0000000000000000000000000000001000000000000000000000000000000003', '2014-01-15 15:41:39', 4446, NULL, NULL, '0000000000000000000000000000001000000000000000000000000000000003', 'com.runwaysdk.system.MetadataParameter', '2014-01-15 15:41:39', 'com.runwaysdk.system.scheduler.JobSnapshotController.viewPage.sortAttribute', '0000000000000000000000000000001000000000000000000000000000000003', '6r6q2lt9bju6pvcmg11upmucwdr7h0ij20070427JS0000000000000000001524', '7cen2nthuv4d99ao8qce7emuvja6rp7fNM200810110000000000000000000113', '72kd4rk6gbtdhjkjom9ynx31teghx72620070427JS0000000000000000001517');
INSERT INTO metadata_display_label ( default_locale, id, site_master, key_name) VALUES ('Is Ascending', 'xbtozkrk3drhec8yh8i3g0u4v1gqirquNM200904120000000000000000000030', 'www.runwaysdk.com', 'xbtozkrk3drhec8yh8i3g0u4v1gqirquNM200904120000000000000000000030');
INSERT INTO metadata_display_label ( default_locale, id, site_master, key_name) VALUES (NULL, 'qv5fi4tiz6lli4qdud7gwo1vp0zfypu4NM200904120000000000000000000030', 'www.runwaysdk.com', 'qv5fi4tiz6lli4qdud7gwo1vp0zfypu4NM200904120000000000000000000030');
INSERT INTO md_parameter ( metadata, parameter_order, parameter_name, parameter_type, display_label, id) VALUES ('7cen2nthuv4d99ao8qce7emuvja6rp7fNM200810110000000000000000000113', -3, 'isAscending', 'java.lang.Boolean', 'xbtozkrk3drhec8yh8i3g0u4v1gqirquNM200904120000000000000000000030', 'xe9il5beyh8ixhtrz81r9yb0lazensef20070427JS0000000000000000001517');
INSERT INTO metadata ( description, created_by, owner, id, create_date, seq, type, remove, site_master, locked_by, entity_domain, last_updated_by, last_update_date, key_name) VALUES ('qv5fi4tiz6lli4qdud7gwo1vp0zfypu4NM200904120000000000000000000030', '0000000000000000000000000000001000000000000000000000000000000003', '0000000000000000000000000000001000000000000000000000000000000003', 'xe9il5beyh8ixhtrz81r9yb0lazensef20070427JS0000000000000000001517', '2014-01-15 15:41:39', 4447, 'com.runwaysdk.system.metadata.MdParameter', 1, 'www.runwaysdk.com', NULL, NULL, '0000000000000000000000000000001000000000000000000000000000000003', '2014-01-15 15:41:39', 'com.runwaysdk.system.scheduler.JobSnapshotController.viewPage.isAscending');
INSERT INTO metadata_parameter ( site_master, last_updated_by, create_date, seq, locked_by, entity_domain, created_by, type, last_update_date, key_name, owner, id, parent_id, child_id) VALUES ('www.runwaysdk.com', '0000000000000000000000000000001000000000000000000000000000000003', '2014-01-15 15:41:39', 4448, NULL, NULL, '0000000000000000000000000000001000000000000000000000000000000003', 'com.runwaysdk.system.MetadataParameter', '2014-01-15 15:41:39', 'com.runwaysdk.system.scheduler.JobSnapshotController.viewPage.isAscending', '0000000000000000000000000000001000000000000000000000000000000003', 'z1opd8f5rl4vpoezmjp0tq0lbb053uie20070427JS0000000000000000001524', '7cen2nthuv4d99ao8qce7emuvja6rp7fNM200810110000000000000000000113', 'xe9il5beyh8ixhtrz81r9yb0lazensef20070427JS0000000000000000001517');
INSERT INTO metadata_display_label ( default_locale, id, site_master, key_name) VALUES ('Page Size', '1v0vls2q604ijpc78z04cvraxoa5zgvxNM200904120000000000000000000030', 'www.runwaysdk.com', '1v0vls2q604ijpc78z04cvraxoa5zgvxNM200904120000000000000000000030');
INSERT INTO metadata_display_label ( default_locale, id, site_master, key_name) VALUES (NULL, '7aadvj4tjq9g1r0nkdbyat0l8sf8mlykNM200904120000000000000000000030', 'www.runwaysdk.com', '7aadvj4tjq9g1r0nkdbyat0l8sf8mlykNM200904120000000000000000000030');
INSERT INTO md_parameter ( metadata, parameter_order, parameter_name, parameter_type, display_label, id) VALUES ('7cen2nthuv4d99ao8qce7emuvja6rp7fNM200810110000000000000000000113', -2, 'pageSize', 'java.lang.Integer', '1v0vls2q604ijpc78z04cvraxoa5zgvxNM200904120000000000000000000030', 'sbevble880815wfxrdy8n0z7lfadwp8320070427JS0000000000000000001517');
INSERT INTO metadata ( description, created_by, owner, id, create_date, seq, type, remove, site_master, locked_by, entity_domain, last_updated_by, last_update_date, key_name) VALUES ('7aadvj4tjq9g1r0nkdbyat0l8sf8mlykNM200904120000000000000000000030', '0000000000000000000000000000001000000000000000000000000000000003', '0000000000000000000000000000001000000000000000000000000000000003', 'sbevble880815wfxrdy8n0z7lfadwp8320070427JS0000000000000000001517', '2014-01-15 15:41:39', 4449, 'com.runwaysdk.system.metadata.MdParameter', 1, 'www.runwaysdk.com', NULL, NULL, '0000000000000000000000000000001000000000000000000000000000000003', '2014-01-15 15:41:39', 'com.runwaysdk.system.scheduler.JobSnapshotController.viewPage.pageSize');
INSERT INTO metadata_parameter ( site_master, last_updated_by, create_date, seq, locked_by, entity_domain, created_by, type, last_update_date, key_name, owner, id, parent_id, child_id) VALUES ('www.runwaysdk.com', '0000000000000000000000000000001000000000000000000000000000000003', '2014-01-15 15:41:39', 4450, NULL, NULL, '0000000000000000000000000000001000000000000000000000000000000003', 'com.runwaysdk.system.MetadataParameter', '2014-01-15 15:41:39', 'com.runwaysdk.system.scheduler.JobSnapshotController.viewPage.pageSize', '0000000000000000000000000000001000000000000000000000000000000003', 'rbnsx5tjdwnmsrgqspczixdt49ibdx4720070427JS0000000000000000001524', '7cen2nthuv4d99ao8qce7emuvja6rp7fNM200810110000000000000000000113', 'sbevble880815wfxrdy8n0z7lfadwp8320070427JS0000000000000000001517');
INSERT INTO metadata_display_label ( default_locale, id, site_master, key_name) VALUES ('Page Number', 'swj9riun75v1boi3suk9ed2539qoglhvNM200904120000000000000000000030', 'www.runwaysdk.com', 'swj9riun75v1boi3suk9ed2539qoglhvNM200904120000000000000000000030');
INSERT INTO metadata_display_label ( default_locale, id, site_master, key_name) VALUES (NULL, 'zly3lzpqhp6ounpg28wa9cgbx2g7xc1oNM200904120000000000000000000030', 'www.runwaysdk.com', 'zly3lzpqhp6ounpg28wa9cgbx2g7xc1oNM200904120000000000000000000030');
INSERT INTO md_parameter ( metadata, parameter_order, parameter_name, parameter_type, display_label, id) VALUES ('7cen2nthuv4d99ao8qce7emuvja6rp7fNM200810110000000000000000000113', -1, 'pageNumber', 'java.lang.Integer', 'swj9riun75v1boi3suk9ed2539qoglhvNM200904120000000000000000000030', 'r4cv6eu7xvb8ze6tsdtap3yaleoaz5p420070427JS0000000000000000001517');
INSERT INTO metadata ( description, created_by, owner, id, create_date, seq, type, remove, site_master, locked_by, entity_domain, last_updated_by, last_update_date, key_name) VALUES ('zly3lzpqhp6ounpg28wa9cgbx2g7xc1oNM200904120000000000000000000030', '0000000000000000000000000000001000000000000000000000000000000003', '0000000000000000000000000000001000000000000000000000000000000003', 'r4cv6eu7xvb8ze6tsdtap3yaleoaz5p420070427JS0000000000000000001517', '2014-01-15 15:41:39', 4451, 'com.runwaysdk.system.metadata.MdParameter', 1, 'www.runwaysdk.com', NULL, NULL, '0000000000000000000000000000001000000000000000000000000000000003', '2014-01-15 15:41:39', 'com.runwaysdk.system.scheduler.JobSnapshotController.viewPage.pageNumber');
INSERT INTO metadata_parameter ( site_master, last_updated_by, create_date, seq, locked_by, entity_domain, created_by, type, last_update_date, key_name, owner, id, parent_id, child_id) VALUES ('www.runwaysdk.com', '0000000000000000000000000000001000000000000000000000000000000003', '2014-01-15 15:41:39', 4452, NULL, NULL, '0000000000000000000000000000001000000000000000000000000000000003', 'com.runwaysdk.system.MetadataParameter', '2014-01-15 15:41:39', 'com.runwaysdk.system.scheduler.JobSnapshotController.viewPage.pageNumber', '0000000000000000000000000000001000000000000000000000000000000003', '1ratcd7x4qr2k8f1cto9afxie3sjn1pb20070427JS0000000000000000001524', '7cen2nthuv4d99ao8qce7emuvja6rp7fNM200810110000000000000000000113', 'r4cv6eu7xvb8ze6tsdtap3yaleoaz5p420070427JS0000000000000000001517');
INSERT INTO metadata_display_label ( default_locale, id, site_master, key_name) VALUES ('View All', 'qzdalu858pf0lyb51eub6dydjhkjqsa2NM200904120000000000000000000030', 'www.runwaysdk.com', 'qzdalu858pf0lyb51eub6dydjhkjqsa2NM200904120000000000000000000030');
INSERT INTO metadata_display_label ( default_locale, id, site_master, key_name) VALUES ('Loads a ViewAll query with the default settings', '2326ohei10pfnkjxp9fveqvafw5rqxmjNM200904120000000000000000000030', 'www.runwaysdk.com', '2326ohei10pfnkjxp9fveqvafw5rqxmjNM200904120000000000000000000030');
INSERT INTO md_action ( is_query, enclosing_md_controller, is_post, action_name, display_label, id) VALUES (0, 'zk11l3jqun6yy3pfol7ljdxxgo1t8g19NM200810110000000000000000000112', 0, 'viewAll', 'qzdalu858pf0lyb51eub6dydjhkjqsa2NM200904120000000000000000000030', '7dplnixy1nyhu46cqyj81bs4amyfip98NM200810110000000000000000000113');
INSERT INTO metadata ( description, created_by, owner, id, create_date, seq, type, remove, site_master, locked_by, entity_domain, last_updated_by, last_update_date, key_name) VALUES ('2326ohei10pfnkjxp9fveqvafw5rqxmjNM200904120000000000000000000030', '0000000000000000000000000000001000000000000000000000000000000003', '0000000000000000000000000000001000000000000000000000000000000003', '7dplnixy1nyhu46cqyj81bs4amyfip98NM200810110000000000000000000113', '2014-01-15 15:41:39', 4453, 'com.runwaysdk.system.metadata.MdAction', 1, 'www.runwaysdk.com', NULL, NULL, '0000000000000000000000000000001000000000000000000000000000000003', '2014-01-15 15:41:39', 'com.runwaysdk.system.scheduler.JobSnapshotController.viewAll');
INSERT INTO controller_action ( key_name, locked_by, id, owner, entity_domain, created_by, type, last_update_date, create_date, seq, last_updated_by, site_master, parent_id, child_id) VALUES ('com.runwaysdk.system.scheduler.JobSnapshotController.viewAll', NULL, '71opjd1zall1cw20aqkq02ucisv6gotgJS200807230000000000000000111111', '0000000000000000000000000000001000000000000000000000000000000003', NULL, '0000000000000000000000000000001000000000000000000000000000000003', 'com.runwaysdk.system.ControllerAction', '2014-01-15 15:41:39', '2014-01-15 15:41:39', 4454, '0000000000000000000000000000001000000000000000000000000000000003', 'www.runwaysdk.com', 'zk11l3jqun6yy3pfol7ljdxxgo1t8g19NM200810110000000000000000000112', '7dplnixy1nyhu46cqyj81bs4amyfip98NM200810110000000000000000000113');
INSERT INTO metadata_display_label ( default_locale, id, site_master, key_name) VALUES ('View', '8f2zt89vj6qnr7c4lvrtob4eqxhge4wdNM200904120000000000000000000030', 'www.runwaysdk.com', '8f2zt89vj6qnr7c4lvrtob4eqxhge4wdNM200904120000000000000000000030');
INSERT INTO metadata_display_label ( default_locale, id, site_master, key_name) VALUES ('View an existing instance of com.runwaysdk.system.scheduler.JobSnapshot', 'xopmuqdmj5s2or69ut7a7qgzxnpps5laNM200904120000000000000000000030', 'www.runwaysdk.com', 'xopmuqdmj5s2or69ut7a7qgzxnpps5laNM200904120000000000000000000030');
INSERT INTO md_action ( is_query, enclosing_md_controller, is_post, action_name, display_label, id) VALUES (0, 'zk11l3jqun6yy3pfol7ljdxxgo1t8g19NM200810110000000000000000000112', 0, 'view', '8f2zt89vj6qnr7c4lvrtob4eqxhge4wdNM200904120000000000000000000030', '1vg3rl4grr2yxdu9i07tvyyhsujxbh1gNM200810110000000000000000000113');
INSERT INTO metadata ( description, created_by, owner, id, create_date, seq, type, remove, site_master, locked_by, entity_domain, last_updated_by, last_update_date, key_name) VALUES ('xopmuqdmj5s2or69ut7a7qgzxnpps5laNM200904120000000000000000000030', '0000000000000000000000000000001000000000000000000000000000000003', '0000000000000000000000000000001000000000000000000000000000000003', '1vg3rl4grr2yxdu9i07tvyyhsujxbh1gNM200810110000000000000000000113', '2014-01-15 15:41:39', 4455, 'com.runwaysdk.system.metadata.MdAction', 1, 'www.runwaysdk.com', NULL, NULL, '0000000000000000000000000000001000000000000000000000000000000003', '2014-01-15 15:41:39', 'com.runwaysdk.system.scheduler.JobSnapshotController.view');
INSERT INTO controller_action ( key_name, locked_by, id, owner, entity_domain, created_by, type, last_update_date, create_date, seq, last_updated_by, site_master, parent_id, child_id) VALUES ('com.runwaysdk.system.scheduler.JobSnapshotController.view', NULL, 'yxlg422nyxwwvih7qnh1d5lvkb77w893JS200807230000000000000000111111', '0000000000000000000000000000001000000000000000000000000000000003', NULL, '0000000000000000000000000000001000000000000000000000000000000003', 'com.runwaysdk.system.ControllerAction', '2014-01-15 15:41:39', '2014-01-15 15:41:39', 4456, '0000000000000000000000000000001000000000000000000000000000000003', 'www.runwaysdk.com', 'zk11l3jqun6yy3pfol7ljdxxgo1t8g19NM200810110000000000000000000112', '1vg3rl4grr2yxdu9i07tvyyhsujxbh1gNM200810110000000000000000000113');
INSERT INTO metadata_display_label ( default_locale, id, site_master, key_name) VALUES ('Parameter: com.runwaysdk.system.scheduler.JobSnapshot - id', 'qta30tdo07n7kr8qjuav2d9qw4jjn0teNM200904120000000000000000000030', 'www.runwaysdk.com', 'qta30tdo07n7kr8qjuav2d9qw4jjn0teNM200904120000000000000000000030');
INSERT INTO metadata_display_label ( default_locale, id, site_master, key_name) VALUES ('Id of com.runwaysdk.system.scheduler.JobSnapshot to view.', '8ivtuttsj1341yoobmkpjawoy1z44fxwNM200904120000000000000000000030', 'www.runwaysdk.com', '8ivtuttsj1341yoobmkpjawoy1z44fxwNM200904120000000000000000000030');
INSERT INTO md_parameter ( metadata, parameter_order, parameter_name, parameter_type, display_label, id) VALUES ('1vg3rl4grr2yxdu9i07tvyyhsujxbh1gNM200810110000000000000000000113', 0, 'id', 'java.lang.String', 'qta30tdo07n7kr8qjuav2d9qw4jjn0teNM200904120000000000000000000030', '6q6mvj27lq011zcczg00sn6uvz9iecf820070427JS0000000000000000001517');
INSERT INTO metadata ( description, created_by, owner, id, create_date, seq, type, remove, site_master, locked_by, entity_domain, last_updated_by, last_update_date, key_name) VALUES ('8ivtuttsj1341yoobmkpjawoy1z44fxwNM200904120000000000000000000030', '0000000000000000000000000000001000000000000000000000000000000003', '0000000000000000000000000000001000000000000000000000000000000003', '6q6mvj27lq011zcczg00sn6uvz9iecf820070427JS0000000000000000001517', '2014-01-15 15:41:39', 4457, 'com.runwaysdk.system.metadata.MdParameter', 1, 'www.runwaysdk.com', NULL, NULL, '0000000000000000000000000000001000000000000000000000000000000003', '2014-01-15 15:41:39', 'com.runwaysdk.system.scheduler.JobSnapshotController.view.id');
INSERT INTO metadata_parameter ( site_master, last_updated_by, create_date, seq, locked_by, entity_domain, created_by, type, last_update_date, key_name, owner, id, parent_id, child_id) VALUES ('www.runwaysdk.com', '0000000000000000000000000000001000000000000000000000000000000003', '2014-01-15 15:41:39', 4458, NULL, NULL, '0000000000000000000000000000001000000000000000000000000000000003', 'com.runwaysdk.system.MetadataParameter', '2014-01-15 15:41:39', 'com.runwaysdk.system.scheduler.JobSnapshotController.view.id', '0000000000000000000000000000001000000000000000000000000000000003', 'r6xrhlmwooz19b4wxoquqineb3g6ou1520070427JS0000000000000000001524', '1vg3rl4grr2yxdu9i07tvyyhsujxbh1gNM200810110000000000000000000113', '6q6mvj27lq011zcczg00sn6uvz9iecf820070427JS0000000000000000001517');
INSERT INTO metadata_display_label ( default_locale, id, site_master, key_name) VALUES ('New Instance', '8y6fcluof2q4os6pf9prnqskgcwpx4wbNM200904120000000000000000000030', 'www.runwaysdk.com', '8y6fcluof2q4os6pf9prnqskgcwpx4wbNM200904120000000000000000000030');
INSERT INTO metadata_display_label ( default_locale, id, site_master, key_name) VALUES ('Loads a new instance of com.runwaysdk.system.scheduler.JobSnapshot into the request object', 'ssrjjw9kwzmaafgh2a28c1xdtyn7qja0NM200904120000000000000000000030', 'www.runwaysdk.com', 'ssrjjw9kwzmaafgh2a28c1xdtyn7qja0NM200904120000000000000000000030');
INSERT INTO md_action ( is_query, enclosing_md_controller, is_post, action_name, display_label, id) VALUES (0, 'zk11l3jqun6yy3pfol7ljdxxgo1t8g19NM200810110000000000000000000112', 0, 'newInstance', '8y6fcluof2q4os6pf9prnqskgcwpx4wbNM200904120000000000000000000030', 'sbwi51nn6mdtmrlrseizfry1uj2by5lbNM200810110000000000000000000113');
INSERT INTO metadata ( description, created_by, owner, id, create_date, seq, type, remove, site_master, locked_by, entity_domain, last_updated_by, last_update_date, key_name) VALUES ('ssrjjw9kwzmaafgh2a28c1xdtyn7qja0NM200904120000000000000000000030', '0000000000000000000000000000001000000000000000000000000000000003', '0000000000000000000000000000001000000000000000000000000000000003', 'sbwi51nn6mdtmrlrseizfry1uj2by5lbNM200810110000000000000000000113', '2014-01-15 15:41:39', 4459, 'com.runwaysdk.system.metadata.MdAction', 1, 'www.runwaysdk.com', NULL, NULL, '0000000000000000000000000000001000000000000000000000000000000003', '2014-01-15 15:41:39', 'com.runwaysdk.system.scheduler.JobSnapshotController.newInstance');
INSERT INTO controller_action ( key_name, locked_by, id, owner, entity_domain, created_by, type, last_update_date, create_date, seq, last_updated_by, site_master, parent_id, child_id) VALUES ('com.runwaysdk.system.scheduler.JobSnapshotController.newInstance', NULL, '94kvn5flmptq4p66kd73qhuuio6phre4JS200807230000000000000000111111', '0000000000000000000000000000001000000000000000000000000000000003', NULL, '0000000000000000000000000000001000000000000000000000000000000003', 'com.runwaysdk.system.ControllerAction', '2014-01-15 15:41:39', '2014-01-15 15:41:39', 4460, '0000000000000000000000000000001000000000000000000000000000000003', 'www.runwaysdk.com', 'zk11l3jqun6yy3pfol7ljdxxgo1t8g19NM200810110000000000000000000112', 'sbwi51nn6mdtmrlrseizfry1uj2by5lbNM200810110000000000000000000113');
INSERT INTO metadata_display_label ( default_locale, id, site_master, key_name) VALUES ('Create', '28mqckg2wuj1gzdpaxb4jf7wbnyvbfdxNM200904120000000000000000000030', 'www.runwaysdk.com', '28mqckg2wuj1gzdpaxb4jf7wbnyvbfdxNM200904120000000000000000000030');
INSERT INTO metadata_display_label ( default_locale, id, site_master, key_name) VALUES ('Applys a new instance of com.runwaysdk.system.scheduler.JobSnapshot', '0nrrejwng6idzn3qei86we9zsvnwtzycNM200904120000000000000000000030', 'www.runwaysdk.com', '0nrrejwng6idzn3qei86we9zsvnwtzycNM200904120000000000000000000030');
INSERT INTO md_action ( is_query, enclosing_md_controller, is_post, action_name, display_label, id) VALUES (0, 'zk11l3jqun6yy3pfol7ljdxxgo1t8g19NM200810110000000000000000000112', 1, 'create', '28mqckg2wuj1gzdpaxb4jf7wbnyvbfdxNM200904120000000000000000000030', '0bp7np1hfwyea4yn9hw9ykrynlfe9t3gNM200810110000000000000000000113');
INSERT INTO metadata ( description, created_by, owner, id, create_date, seq, type, remove, site_master, locked_by, entity_domain, last_updated_by, last_update_date, key_name) VALUES ('0nrrejwng6idzn3qei86we9zsvnwtzycNM200904120000000000000000000030', '0000000000000000000000000000001000000000000000000000000000000003', '0000000000000000000000000000001000000000000000000000000000000003', '0bp7np1hfwyea4yn9hw9ykrynlfe9t3gNM200810110000000000000000000113', '2014-01-15 15:41:39', 4461, 'com.runwaysdk.system.metadata.MdAction', 1, 'www.runwaysdk.com', NULL, NULL, '0000000000000000000000000000001000000000000000000000000000000003', '2014-01-15 15:41:39', 'com.runwaysdk.system.scheduler.JobSnapshotController.create');
INSERT INTO controller_action ( key_name, locked_by, id, owner, entity_domain, created_by, type, last_update_date, create_date, seq, last_updated_by, site_master, parent_id, child_id) VALUES ('com.runwaysdk.system.scheduler.JobSnapshotController.create', NULL, '1py349nj5ivguvwy28tn8oy2wzolukuhJS200807230000000000000000111111', '0000000000000000000000000000001000000000000000000000000000000003', NULL, '0000000000000000000000000000001000000000000000000000000000000003', 'com.runwaysdk.system.ControllerAction', '2014-01-15 15:41:39', '2014-01-15 15:41:39', 4462, '0000000000000000000000000000001000000000000000000000000000000003', 'www.runwaysdk.com', 'zk11l3jqun6yy3pfol7ljdxxgo1t8g19NM200810110000000000000000000112', '0bp7np1hfwyea4yn9hw9ykrynlfe9t3gNM200810110000000000000000000113');
INSERT INTO metadata_display_label ( default_locale, id, site_master, key_name) VALUES ('Parameter: com.runwaysdk.system.scheduler.JobSnapshot', '72lxqnancnntun4b80ai4sypri2zgzewNM200904120000000000000000000030', 'www.runwaysdk.com', '72lxqnancnntun4b80ai4sypri2zgzewNM200904120000000000000000000030');
INSERT INTO metadata_display_label ( default_locale, id, site_master, key_name) VALUES ('com.runwaysdk.system.scheduler.JobSnapshot to apply to the database', '0k77rvcdxjor4hjd1kepp87mvt27nibiNM200904120000000000000000000030', 'www.runwaysdk.com', '0k77rvcdxjor4hjd1kepp87mvt27nibiNM200904120000000000000000000030');
INSERT INTO md_parameter ( metadata, parameter_order, parameter_name, parameter_type, display_label, id) VALUES ('0bp7np1hfwyea4yn9hw9ykrynlfe9t3gNM200810110000000000000000000113', 0, 'dto', 'com.runwaysdk.system.scheduler.JobSnapshot', '72lxqnancnntun4b80ai4sypri2zgzewNM200904120000000000000000000030', '7bkr8eo17por2u9czf14q7jlb6eynlgn20070427JS0000000000000000001517');
INSERT INTO metadata ( description, created_by, owner, id, create_date, seq, type, remove, site_master, locked_by, entity_domain, last_updated_by, last_update_date, key_name) VALUES ('0k77rvcdxjor4hjd1kepp87mvt27nibiNM200904120000000000000000000030', '0000000000000000000000000000001000000000000000000000000000000003', '0000000000000000000000000000001000000000000000000000000000000003', '7bkr8eo17por2u9czf14q7jlb6eynlgn20070427JS0000000000000000001517', '2014-01-15 15:41:39', 4463, 'com.runwaysdk.system.metadata.MdParameter', 1, 'www.runwaysdk.com', NULL, NULL, '0000000000000000000000000000001000000000000000000000000000000003', '2014-01-15 15:41:39', 'com.runwaysdk.system.scheduler.JobSnapshotController.create.dto');
INSERT INTO metadata_parameter ( site_master, last_updated_by, create_date, seq, locked_by, entity_domain, created_by, type, last_update_date, key_name, owner, id, parent_id, child_id) VALUES ('www.runwaysdk.com', '0000000000000000000000000000001000000000000000000000000000000003', '2014-01-15 15:41:39', 4464, NULL, NULL, '0000000000000000000000000000001000000000000000000000000000000003', 'com.runwaysdk.system.MetadataParameter', '2014-01-15 15:41:39', 'com.runwaysdk.system.scheduler.JobSnapshotController.create.dto', '0000000000000000000000000000001000000000000000000000000000000003', '02xtsoa974wwtef5ltjw768grg3f03a320070427JS0000000000000000001524', '0bp7np1hfwyea4yn9hw9ykrynlfe9t3gNM200810110000000000000000000113', '7bkr8eo17por2u9czf14q7jlb6eynlgn20070427JS0000000000000000001517');
INSERT INTO metadata_display_label ( default_locale, id, site_master, key_name) VALUES ('edit', 'zc41ui6lyh847h5fh9l3f3p0cxdmdchqNM200904120000000000000000000030', 'www.runwaysdk.com', 'zc41ui6lyh847h5fh9l3f3p0cxdmdchqNM200904120000000000000000000030');
INSERT INTO metadata_display_label ( default_locale, id, site_master, key_name) VALUES ('Applys an existing instance of com.runwaysdk.system.scheduler.JobSnapshot', '8veuyw0pan0sneyogg8qemcdlpe0dse7NM200904120000000000000000000030', 'www.runwaysdk.com', '8veuyw0pan0sneyogg8qemcdlpe0dse7NM200904120000000000000000000030');
INSERT INTO md_action ( is_query, enclosing_md_controller, is_post, action_name, display_label, id) VALUES (0, 'zk11l3jqun6yy3pfol7ljdxxgo1t8g19NM200810110000000000000000000112', 0, 'edit', 'zc41ui6lyh847h5fh9l3f3p0cxdmdchqNM200904120000000000000000000030', '8kjyvqr6spdm9l5wg6r83m0p0l4jj678NM200810110000000000000000000113');
INSERT INTO metadata ( description, created_by, owner, id, create_date, seq, type, remove, site_master, locked_by, entity_domain, last_updated_by, last_update_date, key_name) VALUES ('8veuyw0pan0sneyogg8qemcdlpe0dse7NM200904120000000000000000000030', '0000000000000000000000000000001000000000000000000000000000000003', '0000000000000000000000000000001000000000000000000000000000000003', '8kjyvqr6spdm9l5wg6r83m0p0l4jj678NM200810110000000000000000000113', '2014-01-15 15:41:39', 4465, 'com.runwaysdk.system.metadata.MdAction', 1, 'www.runwaysdk.com', NULL, NULL, '0000000000000000000000000000001000000000000000000000000000000003', '2014-01-15 15:41:39', 'com.runwaysdk.system.scheduler.JobSnapshotController.edit');
INSERT INTO controller_action ( key_name, locked_by, id, owner, entity_domain, created_by, type, last_update_date, create_date, seq, last_updated_by, site_master, parent_id, child_id) VALUES ('com.runwaysdk.system.scheduler.JobSnapshotController.edit', NULL, 'se514io1sza1pvikrxk5zcys9q5eevedJS200807230000000000000000111111', '0000000000000000000000000000001000000000000000000000000000000003', NULL, '0000000000000000000000000000001000000000000000000000000000000003', 'com.runwaysdk.system.ControllerAction', '2014-01-15 15:41:39', '2014-01-15 15:41:39', 4466, '0000000000000000000000000000001000000000000000000000000000000003', 'www.runwaysdk.com', 'zk11l3jqun6yy3pfol7ljdxxgo1t8g19NM200810110000000000000000000112', '8kjyvqr6spdm9l5wg6r83m0p0l4jj678NM200810110000000000000000000113');
INSERT INTO metadata_display_label ( default_locale, id, site_master, key_name) VALUES ('Parameter: com.runwaysdk.system.scheduler.JobSnapshot', 'yxky8lvl18l5xgxnijmn4tigmhi5w8feNM200904120000000000000000000030', 'www.runwaysdk.com', 'yxky8lvl18l5xgxnijmn4tigmhi5w8feNM200904120000000000000000000030');
INSERT INTO metadata_display_label ( default_locale, id, site_master, key_name) VALUES ('com.runwaysdk.system.scheduler.JobSnapshot to apply to the database', '8ciurdp0w6474xgdtu3doc90m2ifsnioNM200904120000000000000000000030', 'www.runwaysdk.com', '8ciurdp0w6474xgdtu3doc90m2ifsnioNM200904120000000000000000000030');
INSERT INTO md_parameter ( metadata, parameter_order, parameter_name, parameter_type, display_label, id) VALUES ('8kjyvqr6spdm9l5wg6r83m0p0l4jj678NM200810110000000000000000000113', 0, 'id', 'java.lang.String', 'yxky8lvl18l5xgxnijmn4tigmhi5w8feNM200904120000000000000000000030', 'sedkcnmdewql99szwcq1azwqx9mxyv3l20070427JS0000000000000000001517');
INSERT INTO metadata ( description, created_by, owner, id, create_date, seq, type, remove, site_master, locked_by, entity_domain, last_updated_by, last_update_date, key_name) VALUES ('8ciurdp0w6474xgdtu3doc90m2ifsnioNM200904120000000000000000000030', '0000000000000000000000000000001000000000000000000000000000000003', '0000000000000000000000000000001000000000000000000000000000000003', 'sedkcnmdewql99szwcq1azwqx9mxyv3l20070427JS0000000000000000001517', '2014-01-15 15:41:39', 4467, 'com.runwaysdk.system.metadata.MdParameter', 1, 'www.runwaysdk.com', NULL, NULL, '0000000000000000000000000000001000000000000000000000000000000003', '2014-01-15 15:41:39', 'com.runwaysdk.system.scheduler.JobSnapshotController.edit.id');
INSERT INTO metadata_parameter ( site_master, last_updated_by, create_date, seq, locked_by, entity_domain, created_by, type, last_update_date, key_name, owner, id, parent_id, child_id) VALUES ('www.runwaysdk.com', '0000000000000000000000000000001000000000000000000000000000000003', '2014-01-15 15:41:39', 4468, NULL, NULL, '0000000000000000000000000000001000000000000000000000000000000003', 'com.runwaysdk.system.MetadataParameter', '2014-01-15 15:41:39', 'com.runwaysdk.system.scheduler.JobSnapshotController.edit.id', '0000000000000000000000000000001000000000000000000000000000000003', 'z0mqplakps1co5mkvq1kac21v63qo0w520070427JS0000000000000000001524', '8kjyvqr6spdm9l5wg6r83m0p0l4jj678NM200810110000000000000000000113', 'sedkcnmdewql99szwcq1azwqx9mxyv3l20070427JS0000000000000000001517');
INSERT INTO metadata_display_label ( default_locale, id, site_master, key_name) VALUES ('update', '0nnouxd0ehhixc9284dpq0l3atqbddlvNM200904120000000000000000000030', 'www.runwaysdk.com', '0nnouxd0ehhixc9284dpq0l3atqbddlvNM200904120000000000000000000030');
INSERT INTO metadata_display_label ( default_locale, id, site_master, key_name) VALUES ('Applys an existing instance of com.runwaysdk.system.scheduler.JobSnapshot', '1yt5hlwriwfrok2cv1exa9oqk4pwpimxNM200904120000000000000000000030', 'www.runwaysdk.com', '1yt5hlwriwfrok2cv1exa9oqk4pwpimxNM200904120000000000000000000030');
INSERT INTO md_action ( is_query, enclosing_md_controller, is_post, action_name, display_label, id) VALUES (0, 'zk11l3jqun6yy3pfol7ljdxxgo1t8g19NM200810110000000000000000000112', 1, 'update', '0nnouxd0ehhixc9284dpq0l3atqbddlvNM200904120000000000000000000030', 'r4r1yc76042qho7em0kyg20wh9sir425NM200810110000000000000000000113');
INSERT INTO metadata ( description, created_by, owner, id, create_date, seq, type, remove, site_master, locked_by, entity_domain, last_updated_by, last_update_date, key_name) VALUES ('1yt5hlwriwfrok2cv1exa9oqk4pwpimxNM200904120000000000000000000030', '0000000000000000000000000000001000000000000000000000000000000003', '0000000000000000000000000000001000000000000000000000000000000003', 'r4r1yc76042qho7em0kyg20wh9sir425NM200810110000000000000000000113', '2014-01-15 15:41:39', 4469, 'com.runwaysdk.system.metadata.MdAction', 1, 'www.runwaysdk.com', NULL, NULL, '0000000000000000000000000000001000000000000000000000000000000003', '2014-01-15 15:41:39', 'com.runwaysdk.system.scheduler.JobSnapshotController.update');
INSERT INTO controller_action ( key_name, locked_by, id, owner, entity_domain, created_by, type, last_update_date, create_date, seq, last_updated_by, site_master, parent_id, child_id) VALUES ('com.runwaysdk.system.scheduler.JobSnapshotController.update', NULL, 'sy9vzdl2u9e83u055dawzcj10vy8eecpJS200807230000000000000000111111', '0000000000000000000000000000001000000000000000000000000000000003', NULL, '0000000000000000000000000000001000000000000000000000000000000003', 'com.runwaysdk.system.ControllerAction', '2014-01-15 15:41:39', '2014-01-15 15:41:39', 4470, '0000000000000000000000000000001000000000000000000000000000000003', 'www.runwaysdk.com', 'zk11l3jqun6yy3pfol7ljdxxgo1t8g19NM200810110000000000000000000112', 'r4r1yc76042qho7em0kyg20wh9sir425NM200810110000000000000000000113');
INSERT INTO metadata_display_label ( default_locale, id, site_master, key_name) VALUES ('Parameter: com.runwaysdk.system.scheduler.JobSnapshot - dto', '05yo2uodqa2jcv4y3x2gv4zu5fpnnpnfNM200904120000000000000000000030', 'www.runwaysdk.com', '05yo2uodqa2jcv4y3x2gv4zu5fpnnpnfNM200904120000000000000000000030');
INSERT INTO metadata_display_label ( default_locale, id, site_master, key_name) VALUES ('com.runwaysdk.system.scheduler.JobSnapshot to apply to the database', 'zl003nv1esdzgilel607pfwdbzo0e32lNM200904120000000000000000000030', 'www.runwaysdk.com', 'zl003nv1esdzgilel607pfwdbzo0e32lNM200904120000000000000000000030');
INSERT INTO md_parameter ( metadata, parameter_order, parameter_name, parameter_type, display_label, id) VALUES ('r4r1yc76042qho7em0kyg20wh9sir425NM200810110000000000000000000113', 0, 'dto', 'com.runwaysdk.system.scheduler.JobSnapshot', '05yo2uodqa2jcv4y3x2gv4zu5fpnnpnfNM200904120000000000000000000030', 'qnt3m1pyidwn9p0pgb8lof4moe7hs2pj20070427JS0000000000000000001517');
INSERT INTO metadata ( description, created_by, owner, id, create_date, seq, type, remove, site_master, locked_by, entity_domain, last_updated_by, last_update_date, key_name) VALUES ('zl003nv1esdzgilel607pfwdbzo0e32lNM200904120000000000000000000030', '0000000000000000000000000000001000000000000000000000000000000003', '0000000000000000000000000000001000000000000000000000000000000003', 'qnt3m1pyidwn9p0pgb8lof4moe7hs2pj20070427JS0000000000000000001517', '2014-01-15 15:41:39', 4471, 'com.runwaysdk.system.metadata.MdParameter', 1, 'www.runwaysdk.com', NULL, NULL, '0000000000000000000000000000001000000000000000000000000000000003', '2014-01-15 15:41:39', 'com.runwaysdk.system.scheduler.JobSnapshotController.update.dto');
INSERT INTO metadata_parameter ( site_master, last_updated_by, create_date, seq, locked_by, entity_domain, created_by, type, last_update_date, key_name, owner, id, parent_id, child_id) VALUES ('www.runwaysdk.com', '0000000000000000000000000000001000000000000000000000000000000003', '2014-01-15 15:41:39', 4472, NULL, NULL, '0000000000000000000000000000001000000000000000000000000000000003', 'com.runwaysdk.system.MetadataParameter', '2014-01-15 15:41:39', 'com.runwaysdk.system.scheduler.JobSnapshotController.update.dto', '0000000000000000000000000000001000000000000000000000000000000003', '2a8v3y63uxnyd9vlsemucdderniq9hor20070427JS0000000000000000001524', 'r4r1yc76042qho7em0kyg20wh9sir425NM200810110000000000000000000113', 'qnt3m1pyidwn9p0pgb8lof4moe7hs2pj20070427JS0000000000000000001517');
INSERT INTO metadata_display_label ( default_locale, id, site_master, key_name) VALUES ('cancel', 'xnwo1l4yrt3x2q1riqn5ohx2v3r8m0viNM200904120000000000000000000030', 'www.runwaysdk.com', 'xnwo1l4yrt3x2q1riqn5ohx2v3r8m0viNM200904120000000000000000000030');
INSERT INTO metadata_display_label ( default_locale, id, site_master, key_name) VALUES ('Unlocks an instance com.runwaysdk.system.scheduler.JobSnapshot', '0lxhnw069rvgpldm4lphrsksv2ee9kw9NM200904120000000000000000000030', 'www.runwaysdk.com', '0lxhnw069rvgpldm4lphrsksv2ee9kw9NM200904120000000000000000000030');
INSERT INTO md_action ( is_query, enclosing_md_controller, is_post, action_name, display_label, id) VALUES (0, 'zk11l3jqun6yy3pfol7ljdxxgo1t8g19NM200810110000000000000000000112', 1, 'cancel', 'xnwo1l4yrt3x2q1riqn5ohx2v3r8m0viNM200904120000000000000000000030', 'zmrrhiz445gd6ebiqmy2f7zk6vjk02meNM200810110000000000000000000113');
INSERT INTO metadata ( description, created_by, owner, id, create_date, seq, type, remove, site_master, locked_by, entity_domain, last_updated_by, last_update_date, key_name) VALUES ('0lxhnw069rvgpldm4lphrsksv2ee9kw9NM200904120000000000000000000030', '0000000000000000000000000000001000000000000000000000000000000003', '0000000000000000000000000000001000000000000000000000000000000003', 'zmrrhiz445gd6ebiqmy2f7zk6vjk02meNM200810110000000000000000000113', '2014-01-15 15:41:39', 4473, 'com.runwaysdk.system.metadata.MdAction', 1, 'www.runwaysdk.com', NULL, NULL, '0000000000000000000000000000001000000000000000000000000000000003', '2014-01-15 15:41:39', 'com.runwaysdk.system.scheduler.JobSnapshotController.cancel');
INSERT INTO controller_action ( key_name, locked_by, id, owner, entity_domain, created_by, type, last_update_date, create_date, seq, last_updated_by, site_master, parent_id, child_id) VALUES ('com.runwaysdk.system.scheduler.JobSnapshotController.cancel', NULL, '1x724mil0smjaqzb2liltf3jrewk29kbJS200807230000000000000000111111', '0000000000000000000000000000001000000000000000000000000000000003', NULL, '0000000000000000000000000000001000000000000000000000000000000003', 'com.runwaysdk.system.ControllerAction', '2014-01-15 15:41:39', '2014-01-15 15:41:39', 4474, '0000000000000000000000000000001000000000000000000000000000000003', 'www.runwaysdk.com', 'zk11l3jqun6yy3pfol7ljdxxgo1t8g19NM200810110000000000000000000112', 'zmrrhiz445gd6ebiqmy2f7zk6vjk02meNM200810110000000000000000000113');
INSERT INTO metadata_display_label ( default_locale, id, site_master, key_name) VALUES ('Parameter: com.runwaysdk.system.scheduler.JobSnapshot - dto', 'yzxvcj5ihsc5cw5sr7963psmbo2feizkNM200904120000000000000000000030', 'www.runwaysdk.com', 'yzxvcj5ihsc5cw5sr7963psmbo2feizkNM200904120000000000000000000030');
INSERT INTO metadata_display_label ( default_locale, id, site_master, key_name) VALUES ('com.runwaysdk.system.scheduler.JobSnapshot to unlock', 'smq21i56ro74rkyuf1wluqfrts85c8l0NM200904120000000000000000000030', 'www.runwaysdk.com', 'smq21i56ro74rkyuf1wluqfrts85c8l0NM200904120000000000000000000030');
INSERT INTO md_parameter ( metadata, parameter_order, parameter_name, parameter_type, display_label, id) VALUES ('zmrrhiz445gd6ebiqmy2f7zk6vjk02meNM200810110000000000000000000113', 0, 'dto', 'com.runwaysdk.system.scheduler.JobSnapshot', 'yzxvcj5ihsc5cw5sr7963psmbo2feizkNM200904120000000000000000000030', '8hle0ig7858ymg26c05oqlkciqw7epmj20070427JS0000000000000000001517');
INSERT INTO metadata ( description, created_by, owner, id, create_date, seq, type, remove, site_master, locked_by, entity_domain, last_updated_by, last_update_date, key_name) VALUES ('smq21i56ro74rkyuf1wluqfrts85c8l0NM200904120000000000000000000030', '0000000000000000000000000000001000000000000000000000000000000003', '0000000000000000000000000000001000000000000000000000000000000003', '8hle0ig7858ymg26c05oqlkciqw7epmj20070427JS0000000000000000001517', '2014-01-15 15:41:39', 4475, 'com.runwaysdk.system.metadata.MdParameter', 1, 'www.runwaysdk.com', NULL, NULL, '0000000000000000000000000000001000000000000000000000000000000003', '2014-01-15 15:41:39', 'com.runwaysdk.system.scheduler.JobSnapshotController.cancel.dto');
INSERT INTO metadata_parameter ( site_master, last_updated_by, create_date, seq, locked_by, entity_domain, created_by, type, last_update_date, key_name, owner, id, parent_id, child_id) VALUES ('www.runwaysdk.com', '0000000000000000000000000000001000000000000000000000000000000003', '2014-01-15 15:41:39', 4476, NULL, NULL, '0000000000000000000000000000001000000000000000000000000000000003', 'com.runwaysdk.system.MetadataParameter', '2014-01-15 15:41:39', 'com.runwaysdk.system.scheduler.JobSnapshotController.cancel.dto', '0000000000000000000000000000001000000000000000000000000000000003', '1ucqkuvuftuwr94376q2x5ruk3dqdl7q20070427JS0000000000000000001524', 'zmrrhiz445gd6ebiqmy2f7zk6vjk02meNM200810110000000000000000000113', '8hle0ig7858ymg26c05oqlkciqw7epmj20070427JS0000000000000000001517');
INSERT INTO metadata_display_label ( default_locale, id, site_master, key_name) VALUES ('delete', 'zcbsf35tc20dgh3p2427rdlnzkk78cj7NM200904120000000000000000000030', 'www.runwaysdk.com', 'zcbsf35tc20dgh3p2427rdlnzkk78cj7NM200904120000000000000000000030');
INSERT INTO metadata_display_label ( default_locale, id, site_master, key_name) VALUES ('Delete an instance of com.runwaysdk.system.scheduler.JobSnapshot', 'ss0rb2c0k27fb7527o6nf9ipgi5gd6gsNM200904120000000000000000000030', 'www.runwaysdk.com', 'ss0rb2c0k27fb7527o6nf9ipgi5gd6gsNM200904120000000000000000000030');
INSERT INTO md_action ( is_query, enclosing_md_controller, is_post, action_name, display_label, id) VALUES (0, 'zk11l3jqun6yy3pfol7ljdxxgo1t8g19NM200810110000000000000000000112', 1, 'delete', 'zcbsf35tc20dgh3p2427rdlnzkk78cj7NM200904120000000000000000000030', '1o5ysna9dus63hcdcibyjzgbg2fqx1ezNM200810110000000000000000000113');
INSERT INTO metadata ( description, created_by, owner, id, create_date, seq, type, remove, site_master, locked_by, entity_domain, last_updated_by, last_update_date, key_name) VALUES ('ss0rb2c0k27fb7527o6nf9ipgi5gd6gsNM200904120000000000000000000030', '0000000000000000000000000000001000000000000000000000000000000003', '0000000000000000000000000000001000000000000000000000000000000003', '1o5ysna9dus63hcdcibyjzgbg2fqx1ezNM200810110000000000000000000113', '2014-01-15 15:41:39', 4477, 'com.runwaysdk.system.metadata.MdAction', 1, 'www.runwaysdk.com', NULL, NULL, '0000000000000000000000000000001000000000000000000000000000000003', '2014-01-15 15:41:39', 'com.runwaysdk.system.scheduler.JobSnapshotController.delete');
INSERT INTO controller_action ( key_name, locked_by, id, owner, entity_domain, created_by, type, last_update_date, create_date, seq, last_updated_by, site_master, parent_id, child_id) VALUES ('com.runwaysdk.system.scheduler.JobSnapshotController.delete', NULL, '21bhl4144s31tizkpq16i7stxcjmoinbJS200807230000000000000000111111', '0000000000000000000000000000001000000000000000000000000000000003', NULL, '0000000000000000000000000000001000000000000000000000000000000003', 'com.runwaysdk.system.ControllerAction', '2014-01-15 15:41:39', '2014-01-15 15:41:39', 4478, '0000000000000000000000000000001000000000000000000000000000000003', 'www.runwaysdk.com', 'zk11l3jqun6yy3pfol7ljdxxgo1t8g19NM200810110000000000000000000112', '1o5ysna9dus63hcdcibyjzgbg2fqx1ezNM200810110000000000000000000113');
INSERT INTO metadata_display_label ( default_locale, id, site_master, key_name) VALUES ('Parameter: com.runwaysdk.system.scheduler.JobSnapshot - dto', 'sgdix94y6c22w39nxlhhe7c1hkz24tidNM200904120000000000000000000030', 'www.runwaysdk.com', 'sgdix94y6c22w39nxlhhe7c1hkz24tidNM200904120000000000000000000030');
INSERT INTO metadata_display_label ( default_locale, id, site_master, key_name) VALUES ('com.runwaysdk.system.scheduler.JobSnapshot to delete', '032saazvnatucvdfdfj7puh8nleba92fNM200904120000000000000000000030', 'www.runwaysdk.com', '032saazvnatucvdfdfj7puh8nleba92fNM200904120000000000000000000030');
INSERT INTO md_parameter ( metadata, parameter_order, parameter_name, parameter_type, display_label, id) VALUES ('1o5ysna9dus63hcdcibyjzgbg2fqx1ezNM200810110000000000000000000113', 0, 'dto', 'com.runwaysdk.system.scheduler.JobSnapshot', 'sgdix94y6c22w39nxlhhe7c1hkz24tidNM200904120000000000000000000030', '7g3qjnyq7uienpgizp1n7m1pgt889t0d20070427JS0000000000000000001517');
INSERT INTO metadata ( description, created_by, owner, id, create_date, seq, type, remove, site_master, locked_by, entity_domain, last_updated_by, last_update_date, key_name) VALUES ('032saazvnatucvdfdfj7puh8nleba92fNM200904120000000000000000000030', '0000000000000000000000000000001000000000000000000000000000000003', '0000000000000000000000000000001000000000000000000000000000000003', '7g3qjnyq7uienpgizp1n7m1pgt889t0d20070427JS0000000000000000001517', '2014-01-15 15:41:39', 4479, 'com.runwaysdk.system.metadata.MdParameter', 1, 'www.runwaysdk.com', NULL, NULL, '0000000000000000000000000000001000000000000000000000000000000003', '2014-01-15 15:41:39', 'com.runwaysdk.system.scheduler.JobSnapshotController.delete.dto');
INSERT INTO metadata_parameter ( site_master, last_updated_by, create_date, seq, locked_by, entity_domain, created_by, type, last_update_date, key_name, owner, id, parent_id, child_id) VALUES ('www.runwaysdk.com', '0000000000000000000000000000001000000000000000000000000000000003', '2014-01-15 15:41:39', 4480, NULL, NULL, '0000000000000000000000000000001000000000000000000000000000000003', 'com.runwaysdk.system.MetadataParameter', '2014-01-15 15:41:39', 'com.runwaysdk.system.scheduler.JobSnapshotController.delete.dto', '0000000000000000000000000000001000000000000000000000000000000003', 'xz1wtf35tptgovizfzetrngaye19avpj20070427JS0000000000000000001524', '1o5ysna9dus63hcdcibyjzgbg2fqx1ezNM200810110000000000000000000113', '7g3qjnyq7uienpgizp1n7m1pgt889t0d20070427JS0000000000000000001517');
INSERT INTO business_inheritance ( id, parent_id, child_id) VALUES ('xwyo2m5p7gg6ycj02rcx6w94ccnud92b20070926NM0000000000000000000004', 'x9npcsuyj3f5osrsrii4jv48kw8sckub00000000000000000000000000000001', 'sr49yq39duxbcp2v8p4yk3h98r86qkyd00000000000000000000000000000001');
INSERT INTO class_inheritance ( id, parent_id, child_id) VALUES ('xwyo2m5p7gg6ycj02rcx6w94ccnud92b20070926NM0000000000000000000004', 'x9npcsuyj3f5osrsrii4jv48kw8sckub00000000000000000000000000000001', 'sr49yq39duxbcp2v8p4yk3h98r86qkyd00000000000000000000000000000001');
INSERT INTO metadata_relationship ( entity_domain, site_master, last_updated_by, id, owner, locked_by, create_date, type, created_by, seq, key_name, last_update_date, parent_id, child_id) VALUES (NULL, 'www.runwaysdk.com', '0000000000000000000000000000001000000000000000000000000000000003', 'xwyo2m5p7gg6ycj02rcx6w94ccnud92b20070926NM0000000000000000000004', '0000000000000000000000000000001000000000000000000000000000000003', NULL, '2014-01-15 15:41:39', 'com.runwaysdk.system.metadata.BusinessInheritance', '0000000000000000000000000000001000000000000000000000000000000003', 4481, 'xwyo2m5p7gg6ycj02rcx6w94ccnud92b20070926NM0000000000000000000004', '2014-01-15 15:41:39', 'x9npcsuyj3f5osrsrii4jv48kw8sckub00000000000000000000000000000001', 'sr49yq39duxbcp2v8p4yk3h98r86qkyd00000000000000000000000000000001');
 INSERT INTO class_cache (set_id, item_id)  VALUES  ('8ula8nzb3l0cbjswflqhqu8skimm0sri', '0000000000000000000000000000023100000000000000000000000000000222');
INSERT INTO metadata_display_label ( default_locale, id, site_master, key_name) VALUES ('JobHistory', 'y1ze1ygex9nhlu49cobf3o3entvjz0dxNM200904120000000000000000000030', 'www.runwaysdk.com', 'y1ze1ygex9nhlu49cobf3o3entvjz0dxNM200904120000000000000000000030');
INSERT INTO metadata_display_label ( default_locale, id, site_master, key_name) VALUES ('JobHistory', 'zez3boeud346hd1a6z6skkjqpy41zbm2NM200904120000000000000000000030', 'www.runwaysdk.com', 'zez3boeud346hd1a6z6skkjqpy41zbm2NM200904120000000000000000000030');
INSERT INTO md_business ( cache_algorithm, cache_algorithm_c, super_md_business, id) VALUES ('8ula8nzb3l0cbjswflqhqu8skimm0sri', '0000000000000000000000000000023100000000000000000000000000000222', NULL, '6w4etxxkil44f80egqmbk9vyh7tl343100000000000000000000000000000001');
INSERT INTO md_element ( extendable, is_abstract, id) VALUES (1, 0, '6w4etxxkil44f80egqmbk9vyh7tl343100000000000000000000000000000001');
INSERT INTO md_entity ( query_dto_source, query_source, cache_size, enforce_site_master, table_name, id) VALUES (NULL, NULL, 0, 1, 'job_history', '6w4etxxkil44f80egqmbk9vyh7tl343100000000000000000000000000000001');
INSERT INTO md_class ( publish, stub_dto_source, stub_source, id) VALUES (1, NULL, NULL, '6w4etxxkil44f80egqmbk9vyh7tl343100000000000000000000000000000001');
INSERT INTO md_type ( display_label, root_id, package_name, type_name, base_source, js_base, js_stub, exported, dto_source, id) VALUES ('y1ze1ygex9nhlu49cobf3o3entvjz0dxNM200904120000000000000000000030', '6w4etxxkil44f80egqmbk9vyh7tl3431', 'com.runwaysdk.system.scheduler', 'JobHistory', NULL, NULL, NULL, 1, NULL, '6w4etxxkil44f80egqmbk9vyh7tl343100000000000000000000000000000001');
INSERT INTO metadata ( description, created_by, owner, id, create_date, seq, type, remove, site_master, locked_by, entity_domain, last_updated_by, last_update_date, key_name) VALUES ('zez3boeud346hd1a6z6skkjqpy41zbm2NM200904120000000000000000000030', '0000000000000000000000000000001000000000000000000000000000000003', '0000000000000000000000000000001000000000000000000000000000000003', '6w4etxxkil44f80egqmbk9vyh7tl343100000000000000000000000000000001', '2014-01-15 15:41:39', 4482, 'com.runwaysdk.system.metadata.MdBusiness', 1, 'www.runwaysdk.com', NULL, NULL, '0000000000000000000000000000001000000000000000000000000000000003', '2014-01-15 15:41:39', 'com.runwaysdk.system.scheduler.JobHistory');
CREATE TABLE job_history ( id CHAR(64) NOT NULL PRIMARY KEY );
 INSERT INTO visibilitymodifier (set_id, item_id)  VALUES  ('8oi1xmivitq1tfz0bn4ef81fcpckyo9x', '20071109NM000000000000000000000520071109NM0000000000000000000001');
INSERT INTO metadata_display_label ( default_locale, id, site_master, key_name) VALUES ('ID', 'y20gjl89x68m39b1fwfyfhyxx80f12tjNM200904120000000000000000000030', 'www.runwaysdk.com', 'y20gjl89x68m39b1fwfyfhyxx80f12tjNM200904120000000000000000000030');
 INSERT INTO visibilitymodifier (set_id, item_id)  VALUES  ('xpayjdsxjykxl2azczd72yuqolaujcs2', '20071109NM000000000000000000000520071109NM0000000000000000000001');
 INSERT INTO md_attribute_indicies (set_id, item_id)  VALUES  ('qwefzb0w6gs7uz9vr7rz4vn935vwskyb', '0000000000000000000000000000040900000000000000000000000000000403');
INSERT INTO metadata_display_label ( default_locale, id, site_master, key_name) VALUES ('ID of this object', '8m2h7uprlm87cqgodo2gsi8lg16ytsipNM200904120000000000000000000030', 'www.runwaysdk.com', '8m2h7uprlm87cqgodo2gsi8lg16ytsipNM200904120000000000000000000030');
INSERT INTO md_attribute_character ( default_value, database_size, id) VALUES (NULL, 64, 'znhd4bfjobvzkgphn883armix7egkmma00000000000000000000000000000138');
INSERT INTO md_attribute_char ( id) VALUES ('znhd4bfjobvzkgphn883armix7egkmma00000000000000000000000000000138');
INSERT INTO md_attribute_primitive ( id) VALUES ('znhd4bfjobvzkgphn883armix7egkmma00000000000000000000000000000138');
INSERT INTO md_attribute_concrete ( column_name, defining_md_class, setter_visibility, setter_visibility_c, immutable, index_name, generate_accessor, system, required, display_label, getter_visibility, getter_visibility_c, index_type, index_type_c, attribute_name, id) VALUES ('id', '6w4etxxkil44f80egqmbk9vyh7tl343100000000000000000000000000000001', '8oi1xmivitq1tfz0bn4ef81fcpckyo9x', '20071109NM000000000000000000000520071109NM0000000000000000000001', 0, 'ac7oxbq67xufgg7z6n8ycu9wqunohz', 1, 1, 1, 'y20gjl89x68m39b1fwfyfhyxx80f12tjNM200904120000000000000000000030', 'xpayjdsxjykxl2azczd72yuqolaujcs2', '20071109NM000000000000000000000520071109NM0000000000000000000001', 'qwefzb0w6gs7uz9vr7rz4vn935vwskyb', '0000000000000000000000000000040900000000000000000000000000000403', 'id', 'znhd4bfjobvzkgphn883armix7egkmma00000000000000000000000000000138');
INSERT INTO md_attribute ( id) VALUES ('znhd4bfjobvzkgphn883armix7egkmma00000000000000000000000000000138');
INSERT INTO metadata ( description, created_by, owner, id, create_date, seq, type, remove, site_master, locked_by, entity_domain, last_updated_by, last_update_date, key_name) VALUES ('8m2h7uprlm87cqgodo2gsi8lg16ytsipNM200904120000000000000000000030', '0000000000000000000000000000001000000000000000000000000000000003', '0000000000000000000000000000001000000000000000000000000000000003', 'znhd4bfjobvzkgphn883armix7egkmma00000000000000000000000000000138', '2014-01-15 15:41:39', 4483, 'com.runwaysdk.system.metadata.MdAttributeCharacter', 0, 'www.runwaysdk.com', NULL, NULL, '0000000000000000000000000000001000000000000000000000000000000003', '2014-01-15 15:41:39', 'com.runwaysdk.system.scheduler.JobHistory.id');
INSERT INTO class_attribute_concrete ( id, parent_id, child_id) VALUES ('xs0dj5nrx1lrtrwttbrq9up49xr928g700000000000000000000000000000073', '6w4etxxkil44f80egqmbk9vyh7tl343100000000000000000000000000000001', 'znhd4bfjobvzkgphn883armix7egkmma00000000000000000000000000000138');
INSERT INTO class_attribute ( id, parent_id, child_id) VALUES ('xs0dj5nrx1lrtrwttbrq9up49xr928g700000000000000000000000000000073', '6w4etxxkil44f80egqmbk9vyh7tl343100000000000000000000000000000001', 'znhd4bfjobvzkgphn883armix7egkmma00000000000000000000000000000138');
INSERT INTO metadata_relationship ( entity_domain, site_master, last_updated_by, id, owner, locked_by, create_date, type, created_by, seq, key_name, last_update_date, parent_id, child_id) VALUES (NULL, 'www.runwaysdk.com', '0000000000000000000000000000001000000000000000000000000000000003', 'xs0dj5nrx1lrtrwttbrq9up49xr928g700000000000000000000000000000073', '0000000000000000000000000000001000000000000000000000000000000003', NULL, '2014-01-15 15:41:39', 'com.runwaysdk.system.metadata.ClassAttributeConcrete', '0000000000000000000000000000001000000000000000000000000000000003', 4484, 'com.runwaysdk.system.scheduler.JobHistory.id', '2014-01-15 15:41:39', '6w4etxxkil44f80egqmbk9vyh7tl343100000000000000000000000000000001', 'znhd4bfjobvzkgphn883armix7egkmma00000000000000000000000000000138');
 INSERT INTO visibilitymodifier (set_id, item_id)  VALUES  ('zdtvg8vm1tw56lr5r6y7a2wjxyhmys5g', '20071109NM000000000000000000000520071109NM0000000000000000000001');
INSERT INTO metadata_display_label ( default_locale, id, site_master, key_name) VALUES ('Site Master', '0kf1tl9487wxl8o35alw0zs4dyrgqah7NM200904120000000000000000000030', 'www.runwaysdk.com', '0kf1tl9487wxl8o35alw0zs4dyrgqah7NM200904120000000000000000000030');
 INSERT INTO visibilitymodifier (set_id, item_id)  VALUES  ('8c7p1vf26mlq4uvq86mhto237n7amg2b', '20071109NM000000000000000000000520071109NM0000000000000000000001');
 INSERT INTO md_attribute_indicies (set_id, item_id)  VALUES  ('sk9q6u8hv23voqzzuoj6utjymlsp3eht', '0000000000000000000000000000040100000000000000000000000000000403');
INSERT INTO metadata_display_label ( default_locale, id, site_master, key_name) VALUES ('The name of the site responsible for this object', '008g81a0lvhnb0my09xoix07kl04njg7NM200904120000000000000000000030', 'www.runwaysdk.com', '008g81a0lvhnb0my09xoix07kl04njg7NM200904120000000000000000000030');
INSERT INTO md_attribute_character ( default_value, database_size, id) VALUES (NULL, 255, 'zgo4czym3ouvn06iwkyjtebij1fihclo00000000000000000000000000000138');
INSERT INTO md_attribute_char ( id) VALUES ('zgo4czym3ouvn06iwkyjtebij1fihclo00000000000000000000000000000138');
INSERT INTO md_attribute_primitive ( id) VALUES ('zgo4czym3ouvn06iwkyjtebij1fihclo00000000000000000000000000000138');
INSERT INTO md_attribute_concrete ( column_name, defining_md_class, setter_visibility, setter_visibility_c, immutable, index_name, generate_accessor, system, required, display_label, getter_visibility, getter_visibility_c, index_type, index_type_c, attribute_name, id) VALUES ('site_master', '6w4etxxkil44f80egqmbk9vyh7tl343100000000000000000000000000000001', 'zdtvg8vm1tw56lr5r6y7a2wjxyhmys5g', '20071109NM000000000000000000000520071109NM0000000000000000000001', 1, 'ao32ucjno0dn5g65pvggcdq6t6blxd', 1, 1, 1, '0kf1tl9487wxl8o35alw0zs4dyrgqah7NM200904120000000000000000000030', '8c7p1vf26mlq4uvq86mhto237n7amg2b', '20071109NM000000000000000000000520071109NM0000000000000000000001', 'sk9q6u8hv23voqzzuoj6utjymlsp3eht', '0000000000000000000000000000040100000000000000000000000000000403', 'siteMaster', 'zgo4czym3ouvn06iwkyjtebij1fihclo00000000000000000000000000000138');
INSERT INTO md_attribute ( id) VALUES ('zgo4czym3ouvn06iwkyjtebij1fihclo00000000000000000000000000000138');
INSERT INTO metadata ( description, created_by, owner, id, create_date, seq, type, remove, site_master, locked_by, entity_domain, last_updated_by, last_update_date, key_name) VALUES ('008g81a0lvhnb0my09xoix07kl04njg7NM200904120000000000000000000030', '0000000000000000000000000000001000000000000000000000000000000003', '0000000000000000000000000000001000000000000000000000000000000003', 'zgo4czym3ouvn06iwkyjtebij1fihclo00000000000000000000000000000138', '2014-01-15 15:41:39', 4485, 'com.runwaysdk.system.metadata.MdAttributeCharacter', 0, 'www.runwaysdk.com', NULL, NULL, '0000000000000000000000000000001000000000000000000000000000000003', '2014-01-15 15:41:39', 'com.runwaysdk.system.scheduler.JobHistory.siteMaster');
ALTER TABLE job_history ADD COLUMN site_master  varchar(255);
INSERT INTO class_attribute_concrete ( id, parent_id, child_id) VALUES ('xym8u6zptwoftvjhhs5q1ikv0i7zycow00000000000000000000000000000073', '6w4etxxkil44f80egqmbk9vyh7tl343100000000000000000000000000000001', 'zgo4czym3ouvn06iwkyjtebij1fihclo00000000000000000000000000000138');
INSERT INTO class_attribute ( id, parent_id, child_id) VALUES ('xym8u6zptwoftvjhhs5q1ikv0i7zycow00000000000000000000000000000073', '6w4etxxkil44f80egqmbk9vyh7tl343100000000000000000000000000000001', 'zgo4czym3ouvn06iwkyjtebij1fihclo00000000000000000000000000000138');
INSERT INTO metadata_relationship ( entity_domain, site_master, last_updated_by, id, owner, locked_by, create_date, type, created_by, seq, key_name, last_update_date, parent_id, child_id) VALUES (NULL, 'www.runwaysdk.com', '0000000000000000000000000000001000000000000000000000000000000003', 'xym8u6zptwoftvjhhs5q1ikv0i7zycow00000000000000000000000000000073', '0000000000000000000000000000001000000000000000000000000000000003', NULL, '2014-01-15 15:41:39', 'com.runwaysdk.system.metadata.ClassAttributeConcrete', '0000000000000000000000000000001000000000000000000000000000000003', 4486, 'com.runwaysdk.system.scheduler.JobHistory.siteMaster', '2014-01-15 15:41:39', '6w4etxxkil44f80egqmbk9vyh7tl343100000000000000000000000000000001', 'zgo4czym3ouvn06iwkyjtebij1fihclo00000000000000000000000000000138');
 INSERT INTO visibilitymodifier (set_id, item_id)  VALUES  ('xguiqa6r9jruiuwtxy38ib4uhqyuq3p6', '20071109NM000000000000000000000520071109NM0000000000000000000001');
INSERT INTO metadata_display_label ( default_locale, id, site_master, key_name) VALUES ('Key Name', '7dezm3n1a5lekeq1tbmsthgucvg5sbhcNM200904120000000000000000000030', 'www.runwaysdk.com', '7dezm3n1a5lekeq1tbmsthgucvg5sbhcNM200904120000000000000000000030');
 INSERT INTO visibilitymodifier (set_id, item_id)  VALUES  ('sdavtc666vfehef2rq9vlt5tenyqxhwx', '20071109NM000000000000000000000520071109NM0000000000000000000001');
 INSERT INTO md_attribute_indicies (set_id, item_id)  VALUES  ('27osumw0fo8o4kwxhrq7xx8npmvefgwi', '0000000000000000000000000000040900000000000000000000000000000403');
INSERT INTO metadata_display_label ( default_locale, id, site_master, key_name) VALUES ('Key which uniquely identifies each instance of this type heirarchy.', 'skk25xakbifbwo1rydsvz2kiy7v08b7kNM200904120000000000000000000030', 'www.runwaysdk.com', 'skk25xakbifbwo1rydsvz2kiy7v08b7kNM200904120000000000000000000030');
INSERT INTO md_attribute_character ( default_value, database_size, id) VALUES (NULL, 255, '0d9pis21km7qfj463v2wiaz901dpu2ox00000000000000000000000000000138');
INSERT INTO md_attribute_char ( id) VALUES ('0d9pis21km7qfj463v2wiaz901dpu2ox00000000000000000000000000000138');
INSERT INTO md_attribute_primitive ( id) VALUES ('0d9pis21km7qfj463v2wiaz901dpu2ox00000000000000000000000000000138');
INSERT INTO md_attribute_concrete ( column_name, defining_md_class, setter_visibility, setter_visibility_c, immutable, index_name, generate_accessor, system, required, display_label, getter_visibility, getter_visibility_c, index_type, index_type_c, attribute_name, id) VALUES ('key_name', '6w4etxxkil44f80egqmbk9vyh7tl343100000000000000000000000000000001', 'xguiqa6r9jruiuwtxy38ib4uhqyuq3p6', '20071109NM000000000000000000000520071109NM0000000000000000000001', 0, 'aqm4llgd0t1v5bka30ixqcccvww0x7', 1, 0, 1, '7dezm3n1a5lekeq1tbmsthgucvg5sbhcNM200904120000000000000000000030', 'sdavtc666vfehef2rq9vlt5tenyqxhwx', '20071109NM000000000000000000000520071109NM0000000000000000000001', '27osumw0fo8o4kwxhrq7xx8npmvefgwi', '0000000000000000000000000000040900000000000000000000000000000403', 'keyName', '0d9pis21km7qfj463v2wiaz901dpu2ox00000000000000000000000000000138');
INSERT INTO md_attribute ( id) VALUES ('0d9pis21km7qfj463v2wiaz901dpu2ox00000000000000000000000000000138');
INSERT INTO metadata ( description, created_by, owner, id, create_date, seq, type, remove, site_master, locked_by, entity_domain, last_updated_by, last_update_date, key_name) VALUES ('skk25xakbifbwo1rydsvz2kiy7v08b7kNM200904120000000000000000000030', '0000000000000000000000000000001000000000000000000000000000000003', '0000000000000000000000000000001000000000000000000000000000000003', '0d9pis21km7qfj463v2wiaz901dpu2ox00000000000000000000000000000138', '2014-01-15 15:41:39', 4487, 'com.runwaysdk.system.metadata.MdAttributeCharacter', 1, 'www.runwaysdk.com', NULL, NULL, '0000000000000000000000000000001000000000000000000000000000000003', '2014-01-15 15:41:39', 'com.runwaysdk.system.scheduler.JobHistory.keyName');
ALTER TABLE job_history ADD COLUMN key_name  varchar(255);
INSERT INTO class_attribute_concrete ( id, parent_id, child_id) VALUES ('r40qcgis2sv5kjl3w0wgpgljoj7cn6zs00000000000000000000000000000073', '6w4etxxkil44f80egqmbk9vyh7tl343100000000000000000000000000000001', '0d9pis21km7qfj463v2wiaz901dpu2ox00000000000000000000000000000138');
INSERT INTO class_attribute ( id, parent_id, child_id) VALUES ('r40qcgis2sv5kjl3w0wgpgljoj7cn6zs00000000000000000000000000000073', '6w4etxxkil44f80egqmbk9vyh7tl343100000000000000000000000000000001', '0d9pis21km7qfj463v2wiaz901dpu2ox00000000000000000000000000000138');
INSERT INTO metadata_relationship ( entity_domain, site_master, last_updated_by, id, owner, locked_by, create_date, type, created_by, seq, key_name, last_update_date, parent_id, child_id) VALUES (NULL, 'www.runwaysdk.com', '0000000000000000000000000000001000000000000000000000000000000003', 'r40qcgis2sv5kjl3w0wgpgljoj7cn6zs00000000000000000000000000000073', '0000000000000000000000000000001000000000000000000000000000000003', NULL, '2014-01-15 15:41:39', 'com.runwaysdk.system.metadata.ClassAttributeConcrete', '0000000000000000000000000000001000000000000000000000000000000003', 4488, 'com.runwaysdk.system.scheduler.JobHistory.keyName', '2014-01-15 15:41:39', '6w4etxxkil44f80egqmbk9vyh7tl343100000000000000000000000000000001', '0d9pis21km7qfj463v2wiaz901dpu2ox00000000000000000000000000000138');
CREATE UNIQUE INDEX aqm4llgd0t1v5bka30ixqcccvww0x7 ON job_history (key_name);
 INSERT INTO visibilitymodifier (set_id, item_id)  VALUES  ('79p267d0kz4kzweu887myhobrou5asi4', '20071109NM000000000000000000000520071109NM0000000000000000000001');
INSERT INTO metadata_display_label ( default_locale, id, site_master, key_name) VALUES ('Last Update Date', '6nee0lksk9w6fsa6g7ivm0kugxmg1e23NM200904120000000000000000000030', 'www.runwaysdk.com', '6nee0lksk9w6fsa6g7ivm0kugxmg1e23NM200904120000000000000000000030');
 INSERT INTO visibilitymodifier (set_id, item_id)  VALUES  ('xqmj05dvj4pm0qrmmgj4rdvks74ugqhh', '20071109NM000000000000000000000520071109NM0000000000000000000001');
 INSERT INTO md_attribute_indicies (set_id, item_id)  VALUES  ('xg3kd0hwe23w2s8r0a47xa8znngszmie', '0000000000000000000000000000040100000000000000000000000000000403');
INSERT INTO metadata_display_label ( default_locale, id, site_master, key_name) VALUES ('Date and time this record was last updated', '8k7p3hohd90ubhmzw9cv710g7y1v7dxwNM200904120000000000000000000030', 'www.runwaysdk.com', '8k7p3hohd90ubhmzw9cv710g7y1v7dxwNM200904120000000000000000000030');
INSERT INTO md_attribute_datetime ( default_value, id) VALUES (NULL, '8t9v85p93o4llvffl62pcl3whxbc3kpp00000000000000000000000000000341');
INSERT INTO md_attribute_moment ( id) VALUES ('8t9v85p93o4llvffl62pcl3whxbc3kpp00000000000000000000000000000341');
INSERT INTO md_attribute_primitive ( id) VALUES ('8t9v85p93o4llvffl62pcl3whxbc3kpp00000000000000000000000000000341');
INSERT INTO md_attribute_concrete ( column_name, defining_md_class, setter_visibility, setter_visibility_c, immutable, index_name, generate_accessor, system, required, display_label, getter_visibility, getter_visibility_c, index_type, index_type_c, attribute_name, id) VALUES ('last_update_date', '6w4etxxkil44f80egqmbk9vyh7tl343100000000000000000000000000000001', '79p267d0kz4kzweu887myhobrou5asi4', '20071109NM000000000000000000000520071109NM0000000000000000000001', 0, 'acozu2cue94r0mpy97s0z3sdpp4tr3', 1, 1, 1, '6nee0lksk9w6fsa6g7ivm0kugxmg1e23NM200904120000000000000000000030', 'xqmj05dvj4pm0qrmmgj4rdvks74ugqhh', '20071109NM000000000000000000000520071109NM0000000000000000000001', 'xg3kd0hwe23w2s8r0a47xa8znngszmie', '0000000000000000000000000000040100000000000000000000000000000403', 'lastUpdateDate', '8t9v85p93o4llvffl62pcl3whxbc3kpp00000000000000000000000000000341');
INSERT INTO md_attribute ( id) VALUES ('8t9v85p93o4llvffl62pcl3whxbc3kpp00000000000000000000000000000341');
INSERT INTO metadata ( description, created_by, owner, id, create_date, seq, type, remove, site_master, locked_by, entity_domain, last_updated_by, last_update_date, key_name) VALUES ('8k7p3hohd90ubhmzw9cv710g7y1v7dxwNM200904120000000000000000000030', '0000000000000000000000000000001000000000000000000000000000000003', '0000000000000000000000000000001000000000000000000000000000000003', '8t9v85p93o4llvffl62pcl3whxbc3kpp00000000000000000000000000000341', '2014-01-15 15:41:39', 4489, 'com.runwaysdk.system.metadata.MdAttributeDateTime', 0, 'www.runwaysdk.com', NULL, NULL, '0000000000000000000000000000001000000000000000000000000000000003', '2014-01-15 15:41:39', 'com.runwaysdk.system.scheduler.JobHistory.lastUpdateDate');
ALTER TABLE job_history ADD COLUMN last_update_date  timestamp;
INSERT INTO class_attribute_concrete ( id, parent_id, child_id) VALUES ('y0wygrh4z1t8eu9bm0iq9vgzcpfu87q000000000000000000000000000000073', '6w4etxxkil44f80egqmbk9vyh7tl343100000000000000000000000000000001', '8t9v85p93o4llvffl62pcl3whxbc3kpp00000000000000000000000000000341');
INSERT INTO class_attribute ( id, parent_id, child_id) VALUES ('y0wygrh4z1t8eu9bm0iq9vgzcpfu87q000000000000000000000000000000073', '6w4etxxkil44f80egqmbk9vyh7tl343100000000000000000000000000000001', '8t9v85p93o4llvffl62pcl3whxbc3kpp00000000000000000000000000000341');
INSERT INTO metadata_relationship ( entity_domain, site_master, last_updated_by, id, owner, locked_by, create_date, type, created_by, seq, key_name, last_update_date, parent_id, child_id) VALUES (NULL, 'www.runwaysdk.com', '0000000000000000000000000000001000000000000000000000000000000003', 'y0wygrh4z1t8eu9bm0iq9vgzcpfu87q000000000000000000000000000000073', '0000000000000000000000000000001000000000000000000000000000000003', NULL, '2014-01-15 15:41:39', 'com.runwaysdk.system.metadata.ClassAttributeConcrete', '0000000000000000000000000000001000000000000000000000000000000003', 4490, 'com.runwaysdk.system.scheduler.JobHistory.lastUpdateDate', '2014-01-15 15:41:39', '6w4etxxkil44f80egqmbk9vyh7tl343100000000000000000000000000000001', '8t9v85p93o4llvffl62pcl3whxbc3kpp00000000000000000000000000000341');
 INSERT INTO visibilitymodifier (set_id, item_id)  VALUES  ('77g7i5yjli0pkr0akfco70jvueq66ayp', '20071109NM000000000000000000000520071109NM0000000000000000000001');
INSERT INTO metadata_display_label ( default_locale, id, site_master, key_name) VALUES ('Last Updated By', 'qv2zjr0dceegv6tzns51briyzxdbxvsuNM200904120000000000000000000030', 'www.runwaysdk.com', 'qv2zjr0dceegv6tzns51briyzxdbxvsuNM200904120000000000000000000030');
 INSERT INTO visibilitymodifier (set_id, item_id)  VALUES  ('071042wx5pwiehn8g2fvtqc6o7g1bk17', '20071109NM000000000000000000000520071109NM0000000000000000000001');
 INSERT INTO md_attribute_indicies (set_id, item_id)  VALUES  ('1y6pyh49ezcynfrv9tdf74jxodf49nrd', '0000000000000000000000000000040000000000000000000000000000000403');
INSERT INTO metadata_display_label ( default_locale, id, site_master, key_name) VALUES ('User who last updated this object', '24r0yo564jcx6xhkdgus2ge16lgmvuo0NM200904120000000000000000000030', 'www.runwaysdk.com', '24r0yo564jcx6xhkdgus2ge16lgmvuo0NM200904120000000000000000000030');
INSERT INTO md_attribute_reference ( default_value, md_business, id) VALUES (NULL, 'JS20070723000000000000000000156000000000000000000000000000000001', '90au1q2kqy0r8k3r9t9zalxdzqplzdvr00000000000000000000000000000186');
INSERT INTO md_attribute_ref ( id) VALUES ('90au1q2kqy0r8k3r9t9zalxdzqplzdvr00000000000000000000000000000186');
INSERT INTO md_attribute_concrete ( column_name, defining_md_class, setter_visibility, setter_visibility_c, immutable, index_name, generate_accessor, system, required, display_label, getter_visibility, getter_visibility_c, index_type, index_type_c, attribute_name, id) VALUES ('last_updated_by', '6w4etxxkil44f80egqmbk9vyh7tl343100000000000000000000000000000001', '77g7i5yjli0pkr0akfco70jvueq66ayp', '20071109NM000000000000000000000520071109NM0000000000000000000001', 0, 'a8cgcgcrh2s1muqm6tfmjzt7rg9cbr', 1, 1, 1, 'qv2zjr0dceegv6tzns51briyzxdbxvsuNM200904120000000000000000000030', '071042wx5pwiehn8g2fvtqc6o7g1bk17', '20071109NM000000000000000000000520071109NM0000000000000000000001', '1y6pyh49ezcynfrv9tdf74jxodf49nrd', '0000000000000000000000000000040000000000000000000000000000000403', 'lastUpdatedBy', '90au1q2kqy0r8k3r9t9zalxdzqplzdvr00000000000000000000000000000186');
INSERT INTO md_attribute ( id) VALUES ('90au1q2kqy0r8k3r9t9zalxdzqplzdvr00000000000000000000000000000186');
INSERT INTO metadata ( description, created_by, owner, id, create_date, seq, type, remove, site_master, locked_by, entity_domain, last_updated_by, last_update_date, key_name) VALUES ('24r0yo564jcx6xhkdgus2ge16lgmvuo0NM200904120000000000000000000030', '0000000000000000000000000000001000000000000000000000000000000003', '0000000000000000000000000000001000000000000000000000000000000003', '90au1q2kqy0r8k3r9t9zalxdzqplzdvr00000000000000000000000000000186', '2014-01-15 15:41:39', 4491, 'com.runwaysdk.system.metadata.MdAttributeReference', 0, 'www.runwaysdk.com', NULL, NULL, '0000000000000000000000000000001000000000000000000000000000000003', '2014-01-15 15:41:39', 'com.runwaysdk.system.scheduler.JobHistory.lastUpdatedBy');
ALTER TABLE job_history ADD COLUMN last_updated_by  char(64);
INSERT INTO class_attribute_concrete ( id, parent_id, child_id) VALUES ('75b9cvjdbh4wk1kdjl5x52i3wqi3x94f00000000000000000000000000000073', '6w4etxxkil44f80egqmbk9vyh7tl343100000000000000000000000000000001', '90au1q2kqy0r8k3r9t9zalxdzqplzdvr00000000000000000000000000000186');
INSERT INTO class_attribute ( id, parent_id, child_id) VALUES ('75b9cvjdbh4wk1kdjl5x52i3wqi3x94f00000000000000000000000000000073', '6w4etxxkil44f80egqmbk9vyh7tl343100000000000000000000000000000001', '90au1q2kqy0r8k3r9t9zalxdzqplzdvr00000000000000000000000000000186');
INSERT INTO metadata_relationship ( entity_domain, site_master, last_updated_by, id, owner, locked_by, create_date, type, created_by, seq, key_name, last_update_date, parent_id, child_id) VALUES (NULL, 'www.runwaysdk.com', '0000000000000000000000000000001000000000000000000000000000000003', '75b9cvjdbh4wk1kdjl5x52i3wqi3x94f00000000000000000000000000000073', '0000000000000000000000000000001000000000000000000000000000000003', NULL, '2014-01-15 15:41:39', 'com.runwaysdk.system.metadata.ClassAttributeConcrete', '0000000000000000000000000000001000000000000000000000000000000003', 4492, 'com.runwaysdk.system.scheduler.JobHistory.lastUpdatedBy', '2014-01-15 15:41:39', '6w4etxxkil44f80egqmbk9vyh7tl343100000000000000000000000000000001', '90au1q2kqy0r8k3r9t9zalxdzqplzdvr00000000000000000000000000000186');
 INSERT INTO visibilitymodifier (set_id, item_id)  VALUES  ('zhm5fg8k3ldww8aiw7a83mf7041bh2hr', '20071109NM000000000000000000000520071109NM0000000000000000000001');
INSERT INTO metadata_display_label ( default_locale, id, site_master, key_name) VALUES ('Created By', '05c4dm7oociaov0jwgjrypeiejcsu49uNM200904120000000000000000000030', 'www.runwaysdk.com', '05c4dm7oociaov0jwgjrypeiejcsu49uNM200904120000000000000000000030');
 INSERT INTO visibilitymodifier (set_id, item_id)  VALUES  ('z9dku1n20btl9ds3pk2q7dwxorvuddon', '20071109NM000000000000000000000520071109NM0000000000000000000001');
 INSERT INTO md_attribute_indicies (set_id, item_id)  VALUES  ('7an2ehb94qhuwj2x0zrczrr3yvv5r81x', '0000000000000000000000000000040000000000000000000000000000000403');
INSERT INTO metadata_display_label ( default_locale, id, site_master, key_name) VALUES ('User that created this object', '1vgt7uu8lamyzw4dsf9n8gy9kznlzy7iNM200904120000000000000000000030', 'www.runwaysdk.com', '1vgt7uu8lamyzw4dsf9n8gy9kznlzy7iNM200904120000000000000000000030');
INSERT INTO md_attribute_reference ( default_value, md_business, id) VALUES (NULL, 'JS20070723000000000000000000156000000000000000000000000000000001', '2d9ehdyz4k8426gvbmz2at9paj7opmgy00000000000000000000000000000186');
INSERT INTO md_attribute_ref ( id) VALUES ('2d9ehdyz4k8426gvbmz2at9paj7opmgy00000000000000000000000000000186');
INSERT INTO md_attribute_concrete ( column_name, defining_md_class, setter_visibility, setter_visibility_c, immutable, index_name, generate_accessor, system, required, display_label, getter_visibility, getter_visibility_c, index_type, index_type_c, attribute_name, id) VALUES ('created_by', '6w4etxxkil44f80egqmbk9vyh7tl343100000000000000000000000000000001', 'zhm5fg8k3ldww8aiw7a83mf7041bh2hr', '20071109NM000000000000000000000520071109NM0000000000000000000001', 1, 'a6kf7j3gsytgj09i9eozg907cr3tln', 1, 1, 1, '05c4dm7oociaov0jwgjrypeiejcsu49uNM200904120000000000000000000030', 'z9dku1n20btl9ds3pk2q7dwxorvuddon', '20071109NM000000000000000000000520071109NM0000000000000000000001', '7an2ehb94qhuwj2x0zrczrr3yvv5r81x', '0000000000000000000000000000040000000000000000000000000000000403', 'createdBy', '2d9ehdyz4k8426gvbmz2at9paj7opmgy00000000000000000000000000000186');
INSERT INTO md_attribute ( id) VALUES ('2d9ehdyz4k8426gvbmz2at9paj7opmgy00000000000000000000000000000186');
INSERT INTO metadata ( description, created_by, owner, id, create_date, seq, type, remove, site_master, locked_by, entity_domain, last_updated_by, last_update_date, key_name) VALUES ('1vgt7uu8lamyzw4dsf9n8gy9kznlzy7iNM200904120000000000000000000030', '0000000000000000000000000000001000000000000000000000000000000003', '0000000000000000000000000000001000000000000000000000000000000003', '2d9ehdyz4k8426gvbmz2at9paj7opmgy00000000000000000000000000000186', '2014-01-15 15:41:39', 4493, 'com.runwaysdk.system.metadata.MdAttributeReference', 0, 'www.runwaysdk.com', NULL, NULL, '0000000000000000000000000000001000000000000000000000000000000003', '2014-01-15 15:41:39', 'com.runwaysdk.system.scheduler.JobHistory.createdBy');
ALTER TABLE job_history ADD COLUMN created_by  char(64);
INSERT INTO class_attribute_concrete ( id, parent_id, child_id) VALUES ('93km5cdltieo4o7ivtkbzgtvkw6xof4000000000000000000000000000000073', '6w4etxxkil44f80egqmbk9vyh7tl343100000000000000000000000000000001', '2d9ehdyz4k8426gvbmz2at9paj7opmgy00000000000000000000000000000186');
INSERT INTO class_attribute ( id, parent_id, child_id) VALUES ('93km5cdltieo4o7ivtkbzgtvkw6xof4000000000000000000000000000000073', '6w4etxxkil44f80egqmbk9vyh7tl343100000000000000000000000000000001', '2d9ehdyz4k8426gvbmz2at9paj7opmgy00000000000000000000000000000186');
INSERT INTO metadata_relationship ( entity_domain, site_master, last_updated_by, id, owner, locked_by, create_date, type, created_by, seq, key_name, last_update_date, parent_id, child_id) VALUES (NULL, 'www.runwaysdk.com', '0000000000000000000000000000001000000000000000000000000000000003', '93km5cdltieo4o7ivtkbzgtvkw6xof4000000000000000000000000000000073', '0000000000000000000000000000001000000000000000000000000000000003', NULL, '2014-01-15 15:41:39', 'com.runwaysdk.system.metadata.ClassAttributeConcrete', '0000000000000000000000000000001000000000000000000000000000000003', 4494, 'com.runwaysdk.system.scheduler.JobHistory.createdBy', '2014-01-15 15:41:39', '6w4etxxkil44f80egqmbk9vyh7tl343100000000000000000000000000000001', '2d9ehdyz4k8426gvbmz2at9paj7opmgy00000000000000000000000000000186');
 INSERT INTO visibilitymodifier (set_id, item_id)  VALUES  ('8pp2ea4yvkavgk3ubchae1e28ab3odtk', '20071109NM000000000000000000000520071109NM0000000000000000000001');
INSERT INTO metadata_display_label ( default_locale, id, site_master, key_name) VALUES ('Locked By', 'qw05g374wa218hp5rzvunynys3fstumnNM200904120000000000000000000030', 'www.runwaysdk.com', 'qw05g374wa218hp5rzvunynys3fstumnNM200904120000000000000000000030');
 INSERT INTO visibilitymodifier (set_id, item_id)  VALUES  ('7e9lsnw9kb7w0rz511w5ntxytfmddxqj', '20071109NM000000000000000000000520071109NM0000000000000000000001');
 INSERT INTO md_attribute_indicies (set_id, item_id)  VALUES  ('r04qabnn882ighqqenc0qseimg29mzj6', '0000000000000000000000000000040000000000000000000000000000000403');
INSERT INTO metadata_display_label ( default_locale, id, site_master, key_name) VALUES ('User who has a write lock on this object', 'yyz1620vq9eci997vpepm2cv4y6e49mjNM200904120000000000000000000030', 'www.runwaysdk.com', 'yyz1620vq9eci997vpepm2cv4y6e49mjNM200904120000000000000000000030');
INSERT INTO md_attribute_reference ( default_value, md_business, id) VALUES (NULL, '0000000000000000000000000000000300000000000000000000000000000001', 'yx9j05dh8zkmmm2dc7cna1f9tgrz5wg900000000000000000000000000000186');
INSERT INTO md_attribute_ref ( id) VALUES ('yx9j05dh8zkmmm2dc7cna1f9tgrz5wg900000000000000000000000000000186');
INSERT INTO md_attribute_concrete ( column_name, defining_md_class, setter_visibility, setter_visibility_c, immutable, index_name, generate_accessor, system, required, display_label, getter_visibility, getter_visibility_c, index_type, index_type_c, attribute_name, id) VALUES ('locked_by', '6w4etxxkil44f80egqmbk9vyh7tl343100000000000000000000000000000001', '8pp2ea4yvkavgk3ubchae1e28ab3odtk', '20071109NM000000000000000000000520071109NM0000000000000000000001', 0, 'aqtxzkagd8xs9w5rigd1x74sw90ke7', 1, 1, 0, 'qw05g374wa218hp5rzvunynys3fstumnNM200904120000000000000000000030', '7e9lsnw9kb7w0rz511w5ntxytfmddxqj', '20071109NM000000000000000000000520071109NM0000000000000000000001', 'r04qabnn882ighqqenc0qseimg29mzj6', '0000000000000000000000000000040000000000000000000000000000000403', 'lockedBy', 'yx9j05dh8zkmmm2dc7cna1f9tgrz5wg900000000000000000000000000000186');
INSERT INTO md_attribute ( id) VALUES ('yx9j05dh8zkmmm2dc7cna1f9tgrz5wg900000000000000000000000000000186');
INSERT INTO metadata ( description, created_by, owner, id, create_date, seq, type, remove, site_master, locked_by, entity_domain, last_updated_by, last_update_date, key_name) VALUES ('yyz1620vq9eci997vpepm2cv4y6e49mjNM200904120000000000000000000030', '0000000000000000000000000000001000000000000000000000000000000003', '0000000000000000000000000000001000000000000000000000000000000003', 'yx9j05dh8zkmmm2dc7cna1f9tgrz5wg900000000000000000000000000000186', '2014-01-15 15:41:39', 4495, 'com.runwaysdk.system.metadata.MdAttributeReference', 0, 'www.runwaysdk.com', NULL, NULL, '0000000000000000000000000000001000000000000000000000000000000003', '2014-01-15 15:41:39', 'com.runwaysdk.system.scheduler.JobHistory.lockedBy');
ALTER TABLE job_history ADD COLUMN locked_by  char(64);
INSERT INTO class_attribute_concrete ( id, parent_id, child_id) VALUES ('076qs5nqeutaia3te8mh9fg7l7lkkxje00000000000000000000000000000073', '6w4etxxkil44f80egqmbk9vyh7tl343100000000000000000000000000000001', 'yx9j05dh8zkmmm2dc7cna1f9tgrz5wg900000000000000000000000000000186');
INSERT INTO class_attribute ( id, parent_id, child_id) VALUES ('076qs5nqeutaia3te8mh9fg7l7lkkxje00000000000000000000000000000073', '6w4etxxkil44f80egqmbk9vyh7tl343100000000000000000000000000000001', 'yx9j05dh8zkmmm2dc7cna1f9tgrz5wg900000000000000000000000000000186');
INSERT INTO metadata_relationship ( entity_domain, site_master, last_updated_by, id, owner, locked_by, create_date, type, created_by, seq, key_name, last_update_date, parent_id, child_id) VALUES (NULL, 'www.runwaysdk.com', '0000000000000000000000000000001000000000000000000000000000000003', '076qs5nqeutaia3te8mh9fg7l7lkkxje00000000000000000000000000000073', '0000000000000000000000000000001000000000000000000000000000000003', NULL, '2014-01-15 15:41:39', 'com.runwaysdk.system.metadata.ClassAttributeConcrete', '0000000000000000000000000000001000000000000000000000000000000003', 4496, 'com.runwaysdk.system.scheduler.JobHistory.lockedBy', '2014-01-15 15:41:39', '6w4etxxkil44f80egqmbk9vyh7tl343100000000000000000000000000000001', 'yx9j05dh8zkmmm2dc7cna1f9tgrz5wg900000000000000000000000000000186');
 INSERT INTO visibilitymodifier (set_id, item_id)  VALUES  ('xlpbc8r5lto9jyzc8wojltuf8sygy3e4', '20071109NM000000000000000000000520071109NM0000000000000000000001');
INSERT INTO metadata_display_label ( default_locale, id, site_master, key_name) VALUES ('Create Date', '0tqck77fiwveklfa0dsk51l7u54kcm4lNM200904120000000000000000000030', 'www.runwaysdk.com', '0tqck77fiwveklfa0dsk51l7u54kcm4lNM200904120000000000000000000030');
 INSERT INTO visibilitymodifier (set_id, item_id)  VALUES  ('1vhrwfr8qvwliq78ah1rywsvk1j92y9l', '20071109NM000000000000000000000520071109NM0000000000000000000001');
 INSERT INTO md_attribute_indicies (set_id, item_id)  VALUES  ('r62x0tpwa29qohq8hxa7qfhuquuffrc8', '0000000000000000000000000000040100000000000000000000000000000403');
INSERT INTO metadata_display_label ( default_locale, id, site_master, key_name) VALUES ('Date and time this record was created', '09pv1r7ol7e3x3ejtnfo2gjrzkbce7moNM200904120000000000000000000030', 'www.runwaysdk.com', '09pv1r7ol7e3x3ejtnfo2gjrzkbce7moNM200904120000000000000000000030');
INSERT INTO md_attribute_datetime ( default_value, id) VALUES (NULL, 'xenvigizhrcsn94j3yo4s2ek3wi48s0g00000000000000000000000000000341');
INSERT INTO md_attribute_moment ( id) VALUES ('xenvigizhrcsn94j3yo4s2ek3wi48s0g00000000000000000000000000000341');
INSERT INTO md_attribute_primitive ( id) VALUES ('xenvigizhrcsn94j3yo4s2ek3wi48s0g00000000000000000000000000000341');
INSERT INTO md_attribute_concrete ( column_name, defining_md_class, setter_visibility, setter_visibility_c, immutable, index_name, generate_accessor, system, required, display_label, getter_visibility, getter_visibility_c, index_type, index_type_c, attribute_name, id) VALUES ('create_date', '6w4etxxkil44f80egqmbk9vyh7tl343100000000000000000000000000000001', 'xlpbc8r5lto9jyzc8wojltuf8sygy3e4', '20071109NM000000000000000000000520071109NM0000000000000000000001', 0, 'aiukatqjanj74of1120ld5kh0n1qf4', 1, 1, 1, '0tqck77fiwveklfa0dsk51l7u54kcm4lNM200904120000000000000000000030', '1vhrwfr8qvwliq78ah1rywsvk1j92y9l', '20071109NM000000000000000000000520071109NM0000000000000000000001', 'r62x0tpwa29qohq8hxa7qfhuquuffrc8', '0000000000000000000000000000040100000000000000000000000000000403', 'createDate', 'xenvigizhrcsn94j3yo4s2ek3wi48s0g00000000000000000000000000000341');
INSERT INTO md_attribute ( id) VALUES ('xenvigizhrcsn94j3yo4s2ek3wi48s0g00000000000000000000000000000341');
INSERT INTO metadata ( description, created_by, owner, id, create_date, seq, type, remove, site_master, locked_by, entity_domain, last_updated_by, last_update_date, key_name) VALUES ('09pv1r7ol7e3x3ejtnfo2gjrzkbce7moNM200904120000000000000000000030', '0000000000000000000000000000001000000000000000000000000000000003', '0000000000000000000000000000001000000000000000000000000000000003', 'xenvigizhrcsn94j3yo4s2ek3wi48s0g00000000000000000000000000000341', '2014-01-15 15:41:39', 4497, 'com.runwaysdk.system.metadata.MdAttributeDateTime', 0, 'www.runwaysdk.com', NULL, NULL, '0000000000000000000000000000001000000000000000000000000000000003', '2014-01-15 15:41:39', 'com.runwaysdk.system.scheduler.JobHistory.createDate');
ALTER TABLE job_history ADD COLUMN create_date  timestamp;
INSERT INTO class_attribute_concrete ( id, parent_id, child_id) VALUES ('zinm5fcffywvuavn3agcupdoqje4qwyn00000000000000000000000000000073', '6w4etxxkil44f80egqmbk9vyh7tl343100000000000000000000000000000001', 'xenvigizhrcsn94j3yo4s2ek3wi48s0g00000000000000000000000000000341');
INSERT INTO class_attribute ( id, parent_id, child_id) VALUES ('zinm5fcffywvuavn3agcupdoqje4qwyn00000000000000000000000000000073', '6w4etxxkil44f80egqmbk9vyh7tl343100000000000000000000000000000001', 'xenvigizhrcsn94j3yo4s2ek3wi48s0g00000000000000000000000000000341');
INSERT INTO metadata_relationship ( entity_domain, site_master, last_updated_by, id, owner, locked_by, create_date, type, created_by, seq, key_name, last_update_date, parent_id, child_id) VALUES (NULL, 'www.runwaysdk.com', '0000000000000000000000000000001000000000000000000000000000000003', 'zinm5fcffywvuavn3agcupdoqje4qwyn00000000000000000000000000000073', '0000000000000000000000000000001000000000000000000000000000000003', NULL, '2014-01-15 15:41:39', 'com.runwaysdk.system.metadata.ClassAttributeConcrete', '0000000000000000000000000000001000000000000000000000000000000003', 4498, 'com.runwaysdk.system.scheduler.JobHistory.createDate', '2014-01-15 15:41:39', '6w4etxxkil44f80egqmbk9vyh7tl343100000000000000000000000000000001', 'xenvigizhrcsn94j3yo4s2ek3wi48s0g00000000000000000000000000000341');
 INSERT INTO visibilitymodifier (set_id, item_id)  VALUES  ('yyyljcgnuu32r0ephaa972juvrw4uok8', '20071109NM000000000000000000000520071109NM0000000000000000000001');
INSERT INTO metadata_display_label ( default_locale, id, site_master, key_name) VALUES ('Owner', 'ze0yzy0udzlk247031v89zawv2dgm6q3NM200904120000000000000000000030', 'www.runwaysdk.com', 'ze0yzy0udzlk247031v89zawv2dgm6q3NM200904120000000000000000000030');
 INSERT INTO visibilitymodifier (set_id, item_id)  VALUES  ('7g7kf9qibnvy4tjg0awni0tuqkw85v3l', '20071109NM000000000000000000000520071109NM0000000000000000000001');
 INSERT INTO md_attribute_indicies (set_id, item_id)  VALUES  ('z10m0yedv8omv5yg9nn9vmjpqyokpn02', '0000000000000000000000000000040000000000000000000000000000000403');
INSERT INTO metadata_display_label ( default_locale, id, site_master, key_name) VALUES ('A reference to the user who own this object', 'qywv86pzhtdltcoorked9ij1mlwf4qjnNM200904120000000000000000000030', 'www.runwaysdk.com', 'qywv86pzhtdltcoorked9ij1mlwf4qjnNM200904120000000000000000000030');
INSERT INTO md_attribute_reference ( default_value, md_business, id) VALUES (NULL, '0000000000000000000000000000051600000000000000000000000000000001', 'xcwjfcheae0jl5bxhli7ixe2wc1m2jcm00000000000000000000000000000186');
INSERT INTO md_attribute_ref ( id) VALUES ('xcwjfcheae0jl5bxhli7ixe2wc1m2jcm00000000000000000000000000000186');
INSERT INTO md_attribute_concrete ( column_name, defining_md_class, setter_visibility, setter_visibility_c, immutable, index_name, generate_accessor, system, required, display_label, getter_visibility, getter_visibility_c, index_type, index_type_c, attribute_name, id) VALUES ('owner', '6w4etxxkil44f80egqmbk9vyh7tl343100000000000000000000000000000001', 'yyyljcgnuu32r0ephaa972juvrw4uok8', '20071109NM000000000000000000000520071109NM0000000000000000000001', 0, 'a8uo2wxm8hg62qjjtylgvnudcisb6z', 1, 0, 1, 'ze0yzy0udzlk247031v89zawv2dgm6q3NM200904120000000000000000000030', '7g7kf9qibnvy4tjg0awni0tuqkw85v3l', '20071109NM000000000000000000000520071109NM0000000000000000000001', 'z10m0yedv8omv5yg9nn9vmjpqyokpn02', '0000000000000000000000000000040000000000000000000000000000000403', 'owner', 'xcwjfcheae0jl5bxhli7ixe2wc1m2jcm00000000000000000000000000000186');
INSERT INTO md_attribute ( id) VALUES ('xcwjfcheae0jl5bxhli7ixe2wc1m2jcm00000000000000000000000000000186');
INSERT INTO metadata ( description, created_by, owner, id, create_date, seq, type, remove, site_master, locked_by, entity_domain, last_updated_by, last_update_date, key_name) VALUES ('qywv86pzhtdltcoorked9ij1mlwf4qjnNM200904120000000000000000000030', '0000000000000000000000000000001000000000000000000000000000000003', '0000000000000000000000000000001000000000000000000000000000000003', 'xcwjfcheae0jl5bxhli7ixe2wc1m2jcm00000000000000000000000000000186', '2014-01-15 15:41:39', 4499, 'com.runwaysdk.system.metadata.MdAttributeReference', 0, 'www.runwaysdk.com', NULL, NULL, '0000000000000000000000000000001000000000000000000000000000000003', '2014-01-15 15:41:39', 'com.runwaysdk.system.scheduler.JobHistory.owner');
ALTER TABLE job_history ADD COLUMN owner  char(64);
INSERT INTO class_attribute_concrete ( id, parent_id, child_id) VALUES ('0k2qxsv30ktp57uusaif8zgm5lz4f5rm00000000000000000000000000000073', '6w4etxxkil44f80egqmbk9vyh7tl343100000000000000000000000000000001', 'xcwjfcheae0jl5bxhli7ixe2wc1m2jcm00000000000000000000000000000186');
INSERT INTO class_attribute ( id, parent_id, child_id) VALUES ('0k2qxsv30ktp57uusaif8zgm5lz4f5rm00000000000000000000000000000073', '6w4etxxkil44f80egqmbk9vyh7tl343100000000000000000000000000000001', 'xcwjfcheae0jl5bxhli7ixe2wc1m2jcm00000000000000000000000000000186');
INSERT INTO metadata_relationship ( entity_domain, site_master, last_updated_by, id, owner, locked_by, create_date, type, created_by, seq, key_name, last_update_date, parent_id, child_id) VALUES (NULL, 'www.runwaysdk.com', '0000000000000000000000000000001000000000000000000000000000000003', '0k2qxsv30ktp57uusaif8zgm5lz4f5rm00000000000000000000000000000073', '0000000000000000000000000000001000000000000000000000000000000003', NULL, '2014-01-15 15:41:39', 'com.runwaysdk.system.metadata.ClassAttributeConcrete', '0000000000000000000000000000001000000000000000000000000000000003', 4500, 'com.runwaysdk.system.scheduler.JobHistory.owner', '2014-01-15 15:41:39', '6w4etxxkil44f80egqmbk9vyh7tl343100000000000000000000000000000001', 'xcwjfcheae0jl5bxhli7ixe2wc1m2jcm00000000000000000000000000000186');
 INSERT INTO visibilitymodifier (set_id, item_id)  VALUES  ('z8v0e6xafm4acuj85hyy9zu1wgo3qpiy', '20071109NM000000000000000000000520071109NM0000000000000000000001');
INSERT INTO metadata_display_label ( default_locale, id, site_master, key_name) VALUES ('Type', '0ee825wph3nxir1ym2prv6d5rfmt8d0gNM200904120000000000000000000030', 'www.runwaysdk.com', '0ee825wph3nxir1ym2prv6d5rfmt8d0gNM200904120000000000000000000030');
 INSERT INTO visibilitymodifier (set_id, item_id)  VALUES  ('svv1cwqppgjsmgdqrkwo9uj34dhbzhlk', '20071109NM000000000000000000000520071109NM0000000000000000000001');
 INSERT INTO md_attribute_indicies (set_id, item_id)  VALUES  ('skpvqtmpldhqdqh7vyhpshvac20tnzjd', '0000000000000000000000000000040100000000000000000000000000000403');
INSERT INTO metadata_display_label ( default_locale, id, site_master, key_name) VALUES ('Fully qualified type of this object', 'sgyo29fssx4d6f8gm58wp871khotyqjmNM200904120000000000000000000030', 'www.runwaysdk.com', 'sgyo29fssx4d6f8gm58wp871khotyqjmNM200904120000000000000000000030');
INSERT INTO md_attribute_character ( default_value, database_size, id) VALUES (NULL, 255, 'sux50jix0y2uo3znnez1tji6ezu4ug1g00000000000000000000000000000138');
INSERT INTO md_attribute_char ( id) VALUES ('sux50jix0y2uo3znnez1tji6ezu4ug1g00000000000000000000000000000138');
INSERT INTO md_attribute_primitive ( id) VALUES ('sux50jix0y2uo3znnez1tji6ezu4ug1g00000000000000000000000000000138');
INSERT INTO md_attribute_concrete ( column_name, defining_md_class, setter_visibility, setter_visibility_c, immutable, index_name, generate_accessor, system, required, display_label, getter_visibility, getter_visibility_c, index_type, index_type_c, attribute_name, id) VALUES ('type', '6w4etxxkil44f80egqmbk9vyh7tl343100000000000000000000000000000001', 'z8v0e6xafm4acuj85hyy9zu1wgo3qpiy', '20071109NM000000000000000000000520071109NM0000000000000000000001', 1, 'aaazmil86x6r484k50u56nkei7v6a4', 1, 1, 1, '0ee825wph3nxir1ym2prv6d5rfmt8d0gNM200904120000000000000000000030', 'svv1cwqppgjsmgdqrkwo9uj34dhbzhlk', '20071109NM000000000000000000000520071109NM0000000000000000000001', 'skpvqtmpldhqdqh7vyhpshvac20tnzjd', '0000000000000000000000000000040100000000000000000000000000000403', 'type', 'sux50jix0y2uo3znnez1tji6ezu4ug1g00000000000000000000000000000138');
INSERT INTO md_attribute ( id) VALUES ('sux50jix0y2uo3znnez1tji6ezu4ug1g00000000000000000000000000000138');
INSERT INTO metadata ( description, created_by, owner, id, create_date, seq, type, remove, site_master, locked_by, entity_domain, last_updated_by, last_update_date, key_name) VALUES ('sgyo29fssx4d6f8gm58wp871khotyqjmNM200904120000000000000000000030', '0000000000000000000000000000001000000000000000000000000000000003', '0000000000000000000000000000001000000000000000000000000000000003', 'sux50jix0y2uo3znnez1tji6ezu4ug1g00000000000000000000000000000138', '2014-01-15 15:41:39', 4501, 'com.runwaysdk.system.metadata.MdAttributeCharacter', 0, 'www.runwaysdk.com', NULL, NULL, '0000000000000000000000000000001000000000000000000000000000000003', '2014-01-15 15:41:39', 'com.runwaysdk.system.scheduler.JobHistory.type');
ALTER TABLE job_history ADD COLUMN type  varchar(255);
INSERT INTO class_attribute_concrete ( id, parent_id, child_id) VALUES ('05ineqt6ffnc8wbu1ytaxw567gbn6z3l00000000000000000000000000000073', '6w4etxxkil44f80egqmbk9vyh7tl343100000000000000000000000000000001', 'sux50jix0y2uo3znnez1tji6ezu4ug1g00000000000000000000000000000138');
INSERT INTO class_attribute ( id, parent_id, child_id) VALUES ('05ineqt6ffnc8wbu1ytaxw567gbn6z3l00000000000000000000000000000073', '6w4etxxkil44f80egqmbk9vyh7tl343100000000000000000000000000000001', 'sux50jix0y2uo3znnez1tji6ezu4ug1g00000000000000000000000000000138');
INSERT INTO metadata_relationship ( entity_domain, site_master, last_updated_by, id, owner, locked_by, create_date, type, created_by, seq, key_name, last_update_date, parent_id, child_id) VALUES (NULL, 'www.runwaysdk.com', '0000000000000000000000000000001000000000000000000000000000000003', '05ineqt6ffnc8wbu1ytaxw567gbn6z3l00000000000000000000000000000073', '0000000000000000000000000000001000000000000000000000000000000003', NULL, '2014-01-15 15:41:39', 'com.runwaysdk.system.metadata.ClassAttributeConcrete', '0000000000000000000000000000001000000000000000000000000000000003', 4502, 'com.runwaysdk.system.scheduler.JobHistory.type', '2014-01-15 15:41:39', '6w4etxxkil44f80egqmbk9vyh7tl343100000000000000000000000000000001', 'sux50jix0y2uo3znnez1tji6ezu4ug1g00000000000000000000000000000138');
 INSERT INTO visibilitymodifier (set_id, item_id)  VALUES  ('8bigjq8pk7q349j55nv4xwee8ecpi2ud', '20071109NM000000000000000000000520071109NM0000000000000000000001');
INSERT INTO metadata_display_label ( default_locale, id, site_master, key_name) VALUES ('Entity Domain', '6uyou7vmg5ionclwnrwlk271stfm1ikqNM200904120000000000000000000030', 'www.runwaysdk.com', '6uyou7vmg5ionclwnrwlk271stfm1ikqNM200904120000000000000000000030');
 INSERT INTO visibilitymodifier (set_id, item_id)  VALUES  ('sh2qyov7lk0i95nyxawktglrh2jvmqea', '20071109NM000000000000000000000520071109NM0000000000000000000001');
 INSERT INTO md_attribute_indicies (set_id, item_id)  VALUES  ('qo5x4r1s5x1nmsrd40qpqz3uuckbpknv', '0000000000000000000000000000040100000000000000000000000000000403');
INSERT INTO metadata_display_label ( default_locale, id, site_master, key_name) VALUES ('The Domain of this entity', '0fygcqignyj62xwripy8pqglj6aom6h3NM200904120000000000000000000030', 'www.runwaysdk.com', '0fygcqignyj62xwripy8pqglj6aom6h3NM200904120000000000000000000030');
INSERT INTO md_attribute_reference ( default_value, md_business, id) VALUES (NULL, 'NM20081011000000000000000000011100000000000000000000000000000001', 'qsjbme3gxsqr7g5vnl6mnod0z8tufk0t00000000000000000000000000000186');
INSERT INTO md_attribute_ref ( id) VALUES ('qsjbme3gxsqr7g5vnl6mnod0z8tufk0t00000000000000000000000000000186');
INSERT INTO md_attribute_concrete ( column_name, defining_md_class, setter_visibility, setter_visibility_c, immutable, index_name, generate_accessor, system, required, display_label, getter_visibility, getter_visibility_c, index_type, index_type_c, attribute_name, id) VALUES ('entity_domain', '6w4etxxkil44f80egqmbk9vyh7tl343100000000000000000000000000000001', '8bigjq8pk7q349j55nv4xwee8ecpi2ud', '20071109NM000000000000000000000520071109NM0000000000000000000001', 0, 'ackm2nyp74lnlxp2xu7nyh0atag5qs', 1, 0, 0, '6uyou7vmg5ionclwnrwlk271stfm1ikqNM200904120000000000000000000030', 'sh2qyov7lk0i95nyxawktglrh2jvmqea', '20071109NM000000000000000000000520071109NM0000000000000000000001', 'qo5x4r1s5x1nmsrd40qpqz3uuckbpknv', '0000000000000000000000000000040100000000000000000000000000000403', 'entityDomain', 'qsjbme3gxsqr7g5vnl6mnod0z8tufk0t00000000000000000000000000000186');
INSERT INTO md_attribute ( id) VALUES ('qsjbme3gxsqr7g5vnl6mnod0z8tufk0t00000000000000000000000000000186');
INSERT INTO metadata ( description, created_by, owner, id, create_date, seq, type, remove, site_master, locked_by, entity_domain, last_updated_by, last_update_date, key_name) VALUES ('0fygcqignyj62xwripy8pqglj6aom6h3NM200904120000000000000000000030', '0000000000000000000000000000001000000000000000000000000000000003', '0000000000000000000000000000001000000000000000000000000000000003', 'qsjbme3gxsqr7g5vnl6mnod0z8tufk0t00000000000000000000000000000186', '2014-01-15 15:41:39', 4503, 'com.runwaysdk.system.metadata.MdAttributeReference', 1, 'www.runwaysdk.com', NULL, NULL, '0000000000000000000000000000001000000000000000000000000000000003', '2014-01-15 15:41:39', 'com.runwaysdk.system.scheduler.JobHistory.entityDomain');
ALTER TABLE job_history ADD COLUMN entity_domain  char(64);
INSERT INTO class_attribute_concrete ( id, parent_id, child_id) VALUES ('0cj6n7grhku61x38k81sqmb1nq1vizrg00000000000000000000000000000073', '6w4etxxkil44f80egqmbk9vyh7tl343100000000000000000000000000000001', 'qsjbme3gxsqr7g5vnl6mnod0z8tufk0t00000000000000000000000000000186');
INSERT INTO class_attribute ( id, parent_id, child_id) VALUES ('0cj6n7grhku61x38k81sqmb1nq1vizrg00000000000000000000000000000073', '6w4etxxkil44f80egqmbk9vyh7tl343100000000000000000000000000000001', 'qsjbme3gxsqr7g5vnl6mnod0z8tufk0t00000000000000000000000000000186');
INSERT INTO metadata_relationship ( entity_domain, site_master, last_updated_by, id, owner, locked_by, create_date, type, created_by, seq, key_name, last_update_date, parent_id, child_id) VALUES (NULL, 'www.runwaysdk.com', '0000000000000000000000000000001000000000000000000000000000000003', '0cj6n7grhku61x38k81sqmb1nq1vizrg00000000000000000000000000000073', '0000000000000000000000000000001000000000000000000000000000000003', NULL, '2014-01-15 15:41:39', 'com.runwaysdk.system.metadata.ClassAttributeConcrete', '0000000000000000000000000000001000000000000000000000000000000003', 4504, 'com.runwaysdk.system.scheduler.JobHistory.entityDomain', '2014-01-15 15:41:39', '6w4etxxkil44f80egqmbk9vyh7tl343100000000000000000000000000000001', 'qsjbme3gxsqr7g5vnl6mnod0z8tufk0t00000000000000000000000000000186');
 INSERT INTO visibilitymodifier (set_id, item_id)  VALUES  ('8gk8xkvxqessb6sh02us5abgpwjkibcd', '20071109NM000000000000000000000520071109NM0000000000000000000001');
INSERT INTO metadata_display_label ( default_locale, id, site_master, key_name) VALUES ('Sequence', 'svod33rffp7zra6zmrptkx03yp1mnpkiNM200904120000000000000000000030', 'www.runwaysdk.com', 'svod33rffp7zra6zmrptkx03yp1mnpkiNM200904120000000000000000000030');
 INSERT INTO visibilitymodifier (set_id, item_id)  VALUES  ('1qo7i3lwqdwlmh2wvax7nfp8so5m2as8', '20071109NM000000000000000000000520071109NM0000000000000000000001');
 INSERT INTO md_attribute_indicies (set_id, item_id)  VALUES  ('2gdj0rg5lwbrpeclsl4a6gx6fmzp5pc8', '0000000000000000000000000000040100000000000000000000000000000403');
INSERT INTO metadata_display_label ( default_locale, id, site_master, key_name) VALUES ('Sequence number is incremented every time this object is updated', 'rdqekpn5gaaqzdp6vs1qb6uh778yraruNM200904120000000000000000000030', 'www.runwaysdk.com', 'rdqekpn5gaaqzdp6vs1qb6uh778yraruNM200904120000000000000000000030');
INSERT INTO md_attribute_long ( end_range, default_value, start_range, id) VALUES (NULL, NULL, NULL, '0gmnowyxya6nvifztejt891jpdxuahkh00000000000000000000000000000338');
INSERT INTO md_attribute_int ( id) VALUES ('0gmnowyxya6nvifztejt891jpdxuahkh00000000000000000000000000000338');
INSERT INTO md_attribute_number ( reject_negative, reject_zero, reject_positive, id) VALUES (1, 0, 0, '0gmnowyxya6nvifztejt891jpdxuahkh00000000000000000000000000000338');
INSERT INTO md_attribute_primitive ( id) VALUES ('0gmnowyxya6nvifztejt891jpdxuahkh00000000000000000000000000000338');
INSERT INTO md_attribute_concrete ( column_name, defining_md_class, setter_visibility, setter_visibility_c, immutable, index_name, generate_accessor, system, required, display_label, getter_visibility, getter_visibility_c, index_type, index_type_c, attribute_name, id) VALUES ('seq', '6w4etxxkil44f80egqmbk9vyh7tl343100000000000000000000000000000001', '8gk8xkvxqessb6sh02us5abgpwjkibcd', '20071109NM000000000000000000000520071109NM0000000000000000000001', 0, 'ac0le51u0i4y8f73fn84qyb48v9apq', 1, 1, 1, 'svod33rffp7zra6zmrptkx03yp1mnpkiNM200904120000000000000000000030', '1qo7i3lwqdwlmh2wvax7nfp8so5m2as8', '20071109NM000000000000000000000520071109NM0000000000000000000001', '2gdj0rg5lwbrpeclsl4a6gx6fmzp5pc8', '0000000000000000000000000000040100000000000000000000000000000403', 'seq', '0gmnowyxya6nvifztejt891jpdxuahkh00000000000000000000000000000338');
INSERT INTO md_attribute ( id) VALUES ('0gmnowyxya6nvifztejt891jpdxuahkh00000000000000000000000000000338');
INSERT INTO metadata ( description, created_by, owner, id, create_date, seq, type, remove, site_master, locked_by, entity_domain, last_updated_by, last_update_date, key_name) VALUES ('rdqekpn5gaaqzdp6vs1qb6uh778yraruNM200904120000000000000000000030', '0000000000000000000000000000001000000000000000000000000000000003', '0000000000000000000000000000001000000000000000000000000000000003', '0gmnowyxya6nvifztejt891jpdxuahkh00000000000000000000000000000338', '2014-01-15 15:41:39', 4505, 'com.runwaysdk.system.metadata.MdAttributeLong', 0, 'www.runwaysdk.com', NULL, NULL, '0000000000000000000000000000001000000000000000000000000000000003', '2014-01-15 15:41:39', 'com.runwaysdk.system.scheduler.JobHistory.seq');
ALTER TABLE job_history ADD COLUMN seq  bigint;
INSERT INTO class_attribute_concrete ( id, parent_id, child_id) VALUES ('z828wf2cdiyz038hrdf2ijxjiq0s6mzn00000000000000000000000000000073', '6w4etxxkil44f80egqmbk9vyh7tl343100000000000000000000000000000001', '0gmnowyxya6nvifztejt891jpdxuahkh00000000000000000000000000000338');
INSERT INTO class_attribute ( id, parent_id, child_id) VALUES ('z828wf2cdiyz038hrdf2ijxjiq0s6mzn00000000000000000000000000000073', '6w4etxxkil44f80egqmbk9vyh7tl343100000000000000000000000000000001', '0gmnowyxya6nvifztejt891jpdxuahkh00000000000000000000000000000338');
INSERT INTO metadata_relationship ( entity_domain, site_master, last_updated_by, id, owner, locked_by, create_date, type, created_by, seq, key_name, last_update_date, parent_id, child_id) VALUES (NULL, 'www.runwaysdk.com', '0000000000000000000000000000001000000000000000000000000000000003', 'z828wf2cdiyz038hrdf2ijxjiq0s6mzn00000000000000000000000000000073', '0000000000000000000000000000001000000000000000000000000000000003', NULL, '2014-01-15 15:41:39', 'com.runwaysdk.system.metadata.ClassAttributeConcrete', '0000000000000000000000000000001000000000000000000000000000000003', 4506, 'com.runwaysdk.system.scheduler.JobHistory.seq', '2014-01-15 15:41:39', '6w4etxxkil44f80egqmbk9vyh7tl343100000000000000000000000000000001', '0gmnowyxya6nvifztejt891jpdxuahkh00000000000000000000000000000338');
INSERT INTO metadata_display_label ( default_locale, id, site_master, key_name) VALUES (NULL, 'r0r8fxybqhv37uo62sjd4k7dbbd8k5csNM200904120000000000000000000030', 'www.runwaysdk.com', 'r0r8fxybqhv37uo62sjd4k7dbbd8k5csNM200904120000000000000000000030');
INSERT INTO metadata_display_label ( default_locale, id, site_master, key_name) VALUES (NULL, '8mxcflx1zjguroxaxl9fjf4mq3ffyq7bNM200904120000000000000000000030', 'www.runwaysdk.com', '8mxcflx1zjguroxaxl9fjf4mq3ffyq7bNM200904120000000000000000000030');
INSERT INTO md_controller ( stub_source, id) VALUES (NULL, 'zosfp1ckr4z28juvyh6w6rqxu7fw37mvNM200810110000000000000000000112');
INSERT INTO md_type ( display_label, root_id, package_name, type_name, base_source, js_base, js_stub, exported, dto_source, id) VALUES ('r0r8fxybqhv37uo62sjd4k7dbbd8k5csNM200904120000000000000000000030', 'zosfp1ckr4z28juvyh6w6rqxu7fw37mv', 'com.runwaysdk.system.scheduler', 'JobHistoryController', NULL, NULL, NULL, 1, NULL, 'zosfp1ckr4z28juvyh6w6rqxu7fw37mvNM200810110000000000000000000112');
INSERT INTO metadata ( description, created_by, owner, id, create_date, seq, type, remove, site_master, locked_by, entity_domain, last_updated_by, last_update_date, key_name) VALUES ('8mxcflx1zjguroxaxl9fjf4mq3ffyq7bNM200904120000000000000000000030', '0000000000000000000000000000001000000000000000000000000000000003', '0000000000000000000000000000001000000000000000000000000000000003', 'zosfp1ckr4z28juvyh6w6rqxu7fw37mvNM200810110000000000000000000112', '2014-01-15 15:41:39', 4507, 'com.runwaysdk.system.metadata.MdController', 1, 'www.runwaysdk.com', NULL, NULL, '0000000000000000000000000000001000000000000000000000000000000003', '2014-01-15 15:41:39', 'com.runwaysdk.system.scheduler.JobHistoryController');
INSERT INTO metadata_display_label ( default_locale, id, site_master, key_name) VALUES ('View Page', '7gytcfdages96wbpdwlnncpar4bgadmyNM200904120000000000000000000030', 'www.runwaysdk.com', '7gytcfdages96wbpdwlnncpar4bgadmyNM200904120000000000000000000030');
INSERT INTO metadata_display_label ( default_locale, id, site_master, key_name) VALUES ('Loads a ViewAll query for a specific page into the request object', 'xcwzqzidcccx3eeww5ibrnxr2iawpfuzNM200904120000000000000000000030', 'www.runwaysdk.com', 'xcwzqzidcccx3eeww5ibrnxr2iawpfuzNM200904120000000000000000000030');
INSERT INTO md_action ( is_query, enclosing_md_controller, is_post, action_name, display_label, id) VALUES (1, 'zosfp1ckr4z28juvyh6w6rqxu7fw37mvNM200810110000000000000000000112', 0, 'viewPage', '7gytcfdages96wbpdwlnncpar4bgadmyNM200904120000000000000000000030', '08g24hsjq4lq80i80ru7ew923f1d75spNM200810110000000000000000000113');
INSERT INTO metadata ( description, created_by, owner, id, create_date, seq, type, remove, site_master, locked_by, entity_domain, last_updated_by, last_update_date, key_name) VALUES ('xcwzqzidcccx3eeww5ibrnxr2iawpfuzNM200904120000000000000000000030', '0000000000000000000000000000001000000000000000000000000000000003', '0000000000000000000000000000001000000000000000000000000000000003', '08g24hsjq4lq80i80ru7ew923f1d75spNM200810110000000000000000000113', '2014-01-15 15:41:39', 4508, 'com.runwaysdk.system.metadata.MdAction', 1, 'www.runwaysdk.com', NULL, NULL, '0000000000000000000000000000001000000000000000000000000000000003', '2014-01-15 15:41:39', 'com.runwaysdk.system.scheduler.JobHistoryController.viewPage');
INSERT INTO controller_action ( key_name, locked_by, id, owner, entity_domain, created_by, type, last_update_date, create_date, seq, last_updated_by, site_master, parent_id, child_id) VALUES ('com.runwaysdk.system.scheduler.JobHistoryController.viewPage', NULL, 'r1jrabpubzu4e5y90y1iriu1hk9l68apJS200807230000000000000000111111', '0000000000000000000000000000001000000000000000000000000000000003', NULL, '0000000000000000000000000000001000000000000000000000000000000003', 'com.runwaysdk.system.ControllerAction', '2014-01-15 15:41:39', '2014-01-15 15:41:39', 4509, '0000000000000000000000000000001000000000000000000000000000000003', 'www.runwaysdk.com', 'zosfp1ckr4z28juvyh6w6rqxu7fw37mvNM200810110000000000000000000112', '08g24hsjq4lq80i80ru7ew923f1d75spNM200810110000000000000000000113');
INSERT INTO metadata_display_label ( default_locale, id, site_master, key_name) VALUES ('Sort Attribute', 'ze06fqfqwixbuofq1vcjqqrndvm8lfifNM200904120000000000000000000030', 'www.runwaysdk.com', 'ze06fqfqwixbuofq1vcjqqrndvm8lfifNM200904120000000000000000000030');
INSERT INTO metadata_display_label ( default_locale, id, site_master, key_name) VALUES (NULL, '8fjc3x4tgrelbkbues00q2a98nuu7gkpNM200904120000000000000000000030', 'www.runwaysdk.com', '8fjc3x4tgrelbkbues00q2a98nuu7gkpNM200904120000000000000000000030');
INSERT INTO md_parameter ( metadata, parameter_order, parameter_name, parameter_type, display_label, id) VALUES ('08g24hsjq4lq80i80ru7ew923f1d75spNM200810110000000000000000000113', -4, 'sortAttribute', 'java.lang.String', 'ze06fqfqwixbuofq1vcjqqrndvm8lfifNM200904120000000000000000000030', 'zbsxf4b85pmmirqo734v7642tk74cnlb20070427JS0000000000000000001517');
INSERT INTO metadata ( description, created_by, owner, id, create_date, seq, type, remove, site_master, locked_by, entity_domain, last_updated_by, last_update_date, key_name) VALUES ('8fjc3x4tgrelbkbues00q2a98nuu7gkpNM200904120000000000000000000030', '0000000000000000000000000000001000000000000000000000000000000003', '0000000000000000000000000000001000000000000000000000000000000003', 'zbsxf4b85pmmirqo734v7642tk74cnlb20070427JS0000000000000000001517', '2014-01-15 15:41:39', 4510, 'com.runwaysdk.system.metadata.MdParameter', 1, 'www.runwaysdk.com', NULL, NULL, '0000000000000000000000000000001000000000000000000000000000000003', '2014-01-15 15:41:39', 'com.runwaysdk.system.scheduler.JobHistoryController.viewPage.sortAttribute');
INSERT INTO metadata_parameter ( site_master, last_updated_by, create_date, seq, locked_by, entity_domain, created_by, type, last_update_date, key_name, owner, id, parent_id, child_id) VALUES ('www.runwaysdk.com', '0000000000000000000000000000001000000000000000000000000000000003', '2014-01-15 15:41:39', 4511, NULL, NULL, '0000000000000000000000000000001000000000000000000000000000000003', 'com.runwaysdk.system.MetadataParameter', '2014-01-15 15:41:39', 'com.runwaysdk.system.scheduler.JobHistoryController.viewPage.sortAttribute', '0000000000000000000000000000001000000000000000000000000000000003', 'qzgeptr86ewogqy16x4mazptdmyafn4l20070427JS0000000000000000001524', '08g24hsjq4lq80i80ru7ew923f1d75spNM200810110000000000000000000113', 'zbsxf4b85pmmirqo734v7642tk74cnlb20070427JS0000000000000000001517');
INSERT INTO metadata_display_label ( default_locale, id, site_master, key_name) VALUES ('Is Ascending', '6ttlxnifledvd8ox9go5wsqqnw4b9gotNM200904120000000000000000000030', 'www.runwaysdk.com', '6ttlxnifledvd8ox9go5wsqqnw4b9gotNM200904120000000000000000000030');
INSERT INTO metadata_display_label ( default_locale, id, site_master, key_name) VALUES (NULL, '26hdxhko2u0ye7jkbjq4vembt7c3313cNM200904120000000000000000000030', 'www.runwaysdk.com', '26hdxhko2u0ye7jkbjq4vembt7c3313cNM200904120000000000000000000030');
INSERT INTO md_parameter ( metadata, parameter_order, parameter_name, parameter_type, display_label, id) VALUES ('08g24hsjq4lq80i80ru7ew923f1d75spNM200810110000000000000000000113', -3, 'isAscending', 'java.lang.Boolean', '6ttlxnifledvd8ox9go5wsqqnw4b9gotNM200904120000000000000000000030', 'xenkuy2vdycq7be5x4d8p4d17d9ocdxf20070427JS0000000000000000001517');
INSERT INTO metadata ( description, created_by, owner, id, create_date, seq, type, remove, site_master, locked_by, entity_domain, last_updated_by, last_update_date, key_name) VALUES ('26hdxhko2u0ye7jkbjq4vembt7c3313cNM200904120000000000000000000030', '0000000000000000000000000000001000000000000000000000000000000003', '0000000000000000000000000000001000000000000000000000000000000003', 'xenkuy2vdycq7be5x4d8p4d17d9ocdxf20070427JS0000000000000000001517', '2014-01-15 15:41:39', 4512, 'com.runwaysdk.system.metadata.MdParameter', 1, 'www.runwaysdk.com', NULL, NULL, '0000000000000000000000000000001000000000000000000000000000000003', '2014-01-15 15:41:39', 'com.runwaysdk.system.scheduler.JobHistoryController.viewPage.isAscending');
INSERT INTO metadata_parameter ( site_master, last_updated_by, create_date, seq, locked_by, entity_domain, created_by, type, last_update_date, key_name, owner, id, parent_id, child_id) VALUES ('www.runwaysdk.com', '0000000000000000000000000000001000000000000000000000000000000003', '2014-01-15 15:41:39', 4513, NULL, NULL, '0000000000000000000000000000001000000000000000000000000000000003', 'com.runwaysdk.system.MetadataParameter', '2014-01-15 15:41:39', 'com.runwaysdk.system.scheduler.JobHistoryController.viewPage.isAscending', '0000000000000000000000000000001000000000000000000000000000000003', '7837a8hta5t5x3hlsmi0k65y7qekjib320070427JS0000000000000000001524', '08g24hsjq4lq80i80ru7ew923f1d75spNM200810110000000000000000000113', 'xenkuy2vdycq7be5x4d8p4d17d9ocdxf20070427JS0000000000000000001517');
INSERT INTO metadata_display_label ( default_locale, id, site_master, key_name) VALUES ('Page Size', '70tz9dwy3ff9vrukisamr4krbbakhkg6NM200904120000000000000000000030', 'www.runwaysdk.com', '70tz9dwy3ff9vrukisamr4krbbakhkg6NM200904120000000000000000000030');
INSERT INTO metadata_display_label ( default_locale, id, site_master, key_name) VALUES (NULL, '8mrsnwefamo3g8lcfg8lf70zo1cnu41wNM200904120000000000000000000030', 'www.runwaysdk.com', '8mrsnwefamo3g8lcfg8lf70zo1cnu41wNM200904120000000000000000000030');
INSERT INTO md_parameter ( metadata, parameter_order, parameter_name, parameter_type, display_label, id) VALUES ('08g24hsjq4lq80i80ru7ew923f1d75spNM200810110000000000000000000113', -2, 'pageSize', 'java.lang.Integer', '70tz9dwy3ff9vrukisamr4krbbakhkg6NM200904120000000000000000000030', 'sx8etti9m7mltsp4z7i3hujaoess6pjb20070427JS0000000000000000001517');
INSERT INTO metadata ( description, created_by, owner, id, create_date, seq, type, remove, site_master, locked_by, entity_domain, last_updated_by, last_update_date, key_name) VALUES ('8mrsnwefamo3g8lcfg8lf70zo1cnu41wNM200904120000000000000000000030', '0000000000000000000000000000001000000000000000000000000000000003', '0000000000000000000000000000001000000000000000000000000000000003', 'sx8etti9m7mltsp4z7i3hujaoess6pjb20070427JS0000000000000000001517', '2014-01-15 15:41:39', 4514, 'com.runwaysdk.system.metadata.MdParameter', 1, 'www.runwaysdk.com', NULL, NULL, '0000000000000000000000000000001000000000000000000000000000000003', '2014-01-15 15:41:39', 'com.runwaysdk.system.scheduler.JobHistoryController.viewPage.pageSize');
INSERT INTO metadata_parameter ( site_master, last_updated_by, create_date, seq, locked_by, entity_domain, created_by, type, last_update_date, key_name, owner, id, parent_id, child_id) VALUES ('www.runwaysdk.com', '0000000000000000000000000000001000000000000000000000000000000003', '2014-01-15 15:41:39', 4515, NULL, NULL, '0000000000000000000000000000001000000000000000000000000000000003', 'com.runwaysdk.system.MetadataParameter', '2014-01-15 15:41:39', 'com.runwaysdk.system.scheduler.JobHistoryController.viewPage.pageSize', '0000000000000000000000000000001000000000000000000000000000000003', '7b7ixf94ygrft3vhtoebc01c7jual4sb20070427JS0000000000000000001524', '08g24hsjq4lq80i80ru7ew923f1d75spNM200810110000000000000000000113', 'sx8etti9m7mltsp4z7i3hujaoess6pjb20070427JS0000000000000000001517');
INSERT INTO metadata_display_label ( default_locale, id, site_master, key_name) VALUES ('Page Number', '0pc71mr0vqxj5omm2zr18x7eqt730d6bNM200904120000000000000000000030', 'www.runwaysdk.com', '0pc71mr0vqxj5omm2zr18x7eqt730d6bNM200904120000000000000000000030');
INSERT INTO metadata_display_label ( default_locale, id, site_master, key_name) VALUES (NULL, '72llc9n6lbm416sc6onoby0vsndja7u9NM200904120000000000000000000030', 'www.runwaysdk.com', '72llc9n6lbm416sc6onoby0vsndja7u9NM200904120000000000000000000030');
INSERT INTO md_parameter ( metadata, parameter_order, parameter_name, parameter_type, display_label, id) VALUES ('08g24hsjq4lq80i80ru7ew923f1d75spNM200810110000000000000000000113', -1, 'pageNumber', 'java.lang.Integer', '0pc71mr0vqxj5omm2zr18x7eqt730d6bNM200904120000000000000000000030', 'r6ilasjyvdhu9pbyjwat2e49cf34rxyv20070427JS0000000000000000001517');
INSERT INTO metadata ( description, created_by, owner, id, create_date, seq, type, remove, site_master, locked_by, entity_domain, last_updated_by, last_update_date, key_name) VALUES ('72llc9n6lbm416sc6onoby0vsndja7u9NM200904120000000000000000000030', '0000000000000000000000000000001000000000000000000000000000000003', '0000000000000000000000000000001000000000000000000000000000000003', 'r6ilasjyvdhu9pbyjwat2e49cf34rxyv20070427JS0000000000000000001517', '2014-01-15 15:41:39', 4516, 'com.runwaysdk.system.metadata.MdParameter', 1, 'www.runwaysdk.com', NULL, NULL, '0000000000000000000000000000001000000000000000000000000000000003', '2014-01-15 15:41:39', 'com.runwaysdk.system.scheduler.JobHistoryController.viewPage.pageNumber');
INSERT INTO metadata_parameter ( site_master, last_updated_by, create_date, seq, locked_by, entity_domain, created_by, type, last_update_date, key_name, owner, id, parent_id, child_id) VALUES ('www.runwaysdk.com', '0000000000000000000000000000001000000000000000000000000000000003', '2014-01-15 15:41:39', 4517, NULL, NULL, '0000000000000000000000000000001000000000000000000000000000000003', 'com.runwaysdk.system.MetadataParameter', '2014-01-15 15:41:39', 'com.runwaysdk.system.scheduler.JobHistoryController.viewPage.pageNumber', '0000000000000000000000000000001000000000000000000000000000000003', '7aznqlkrdkif84w3mrhxyw2sjtd8nhea20070427JS0000000000000000001524', '08g24hsjq4lq80i80ru7ew923f1d75spNM200810110000000000000000000113', 'r6ilasjyvdhu9pbyjwat2e49cf34rxyv20070427JS0000000000000000001517');
INSERT INTO metadata_display_label ( default_locale, id, site_master, key_name) VALUES ('View All', 'xab0hf0t8zl6fa1w4us3vrs2ltssa5udNM200904120000000000000000000030', 'www.runwaysdk.com', 'xab0hf0t8zl6fa1w4us3vrs2ltssa5udNM200904120000000000000000000030');
INSERT INTO metadata_display_label ( default_locale, id, site_master, key_name) VALUES ('Loads a ViewAll query with the default settings', 'z2hw57cfm6ndigdcaji6obatwdvge5k4NM200904120000000000000000000030', 'www.runwaysdk.com', 'z2hw57cfm6ndigdcaji6obatwdvge5k4NM200904120000000000000000000030');
INSERT INTO md_action ( is_query, enclosing_md_controller, is_post, action_name, display_label, id) VALUES (0, 'zosfp1ckr4z28juvyh6w6rqxu7fw37mvNM200810110000000000000000000112', 0, 'viewAll', 'xab0hf0t8zl6fa1w4us3vrs2ltssa5udNM200904120000000000000000000030', '0b8slj2jk0s7iv8k67b0nita4l2el3toNM200810110000000000000000000113');
INSERT INTO metadata ( description, created_by, owner, id, create_date, seq, type, remove, site_master, locked_by, entity_domain, last_updated_by, last_update_date, key_name) VALUES ('z2hw57cfm6ndigdcaji6obatwdvge5k4NM200904120000000000000000000030', '0000000000000000000000000000001000000000000000000000000000000003', '0000000000000000000000000000001000000000000000000000000000000003', '0b8slj2jk0s7iv8k67b0nita4l2el3toNM200810110000000000000000000113', '2014-01-15 15:41:39', 4518, 'com.runwaysdk.system.metadata.MdAction', 1, 'www.runwaysdk.com', NULL, NULL, '0000000000000000000000000000001000000000000000000000000000000003', '2014-01-15 15:41:39', 'com.runwaysdk.system.scheduler.JobHistoryController.viewAll');
INSERT INTO controller_action ( key_name, locked_by, id, owner, entity_domain, created_by, type, last_update_date, create_date, seq, last_updated_by, site_master, parent_id, child_id) VALUES ('com.runwaysdk.system.scheduler.JobHistoryController.viewAll', NULL, '94448cl7xdff904jahqdn0xweb48wrphJS200807230000000000000000111111', '0000000000000000000000000000001000000000000000000000000000000003', NULL, '0000000000000000000000000000001000000000000000000000000000000003', 'com.runwaysdk.system.ControllerAction', '2014-01-15 15:41:39', '2014-01-15 15:41:39', 4519, '0000000000000000000000000000001000000000000000000000000000000003', 'www.runwaysdk.com', 'zosfp1ckr4z28juvyh6w6rqxu7fw37mvNM200810110000000000000000000112', '0b8slj2jk0s7iv8k67b0nita4l2el3toNM200810110000000000000000000113');
INSERT INTO metadata_display_label ( default_locale, id, site_master, key_name) VALUES ('View', 'ss9l6acbcvmlmmskredc1td1hh21yfu0NM200904120000000000000000000030', 'www.runwaysdk.com', 'ss9l6acbcvmlmmskredc1td1hh21yfu0NM200904120000000000000000000030');
INSERT INTO metadata_display_label ( default_locale, id, site_master, key_name) VALUES ('View an existing instance of com.runwaysdk.system.scheduler.JobHistory', '0s6y6li0wr49guyb3dyxzl4dxnwv7zpmNM200904120000000000000000000030', 'www.runwaysdk.com', '0s6y6li0wr49guyb3dyxzl4dxnwv7zpmNM200904120000000000000000000030');
INSERT INTO md_action ( is_query, enclosing_md_controller, is_post, action_name, display_label, id) VALUES (0, 'zosfp1ckr4z28juvyh6w6rqxu7fw37mvNM200810110000000000000000000112', 0, 'view', 'ss9l6acbcvmlmmskredc1td1hh21yfu0NM200904120000000000000000000030', '20op72oca25w0botxf7yw4ftr78poju9NM200810110000000000000000000113');
INSERT INTO metadata ( description, created_by, owner, id, create_date, seq, type, remove, site_master, locked_by, entity_domain, last_updated_by, last_update_date, key_name) VALUES ('0s6y6li0wr49guyb3dyxzl4dxnwv7zpmNM200904120000000000000000000030', '0000000000000000000000000000001000000000000000000000000000000003', '0000000000000000000000000000001000000000000000000000000000000003', '20op72oca25w0botxf7yw4ftr78poju9NM200810110000000000000000000113', '2014-01-15 15:41:39', 4520, 'com.runwaysdk.system.metadata.MdAction', 1, 'www.runwaysdk.com', NULL, NULL, '0000000000000000000000000000001000000000000000000000000000000003', '2014-01-15 15:41:39', 'com.runwaysdk.system.scheduler.JobHistoryController.view');
INSERT INTO controller_action ( key_name, locked_by, id, owner, entity_domain, created_by, type, last_update_date, create_date, seq, last_updated_by, site_master, parent_id, child_id) VALUES ('com.runwaysdk.system.scheduler.JobHistoryController.view', NULL, '1yx91yaktl36w6n53fb1yut49ecse5rzJS200807230000000000000000111111', '0000000000000000000000000000001000000000000000000000000000000003', NULL, '0000000000000000000000000000001000000000000000000000000000000003', 'com.runwaysdk.system.ControllerAction', '2014-01-15 15:41:39', '2014-01-15 15:41:39', 4521, '0000000000000000000000000000001000000000000000000000000000000003', 'www.runwaysdk.com', 'zosfp1ckr4z28juvyh6w6rqxu7fw37mvNM200810110000000000000000000112', '20op72oca25w0botxf7yw4ftr78poju9NM200810110000000000000000000113');
INSERT INTO metadata_display_label ( default_locale, id, site_master, key_name) VALUES ('Parameter: com.runwaysdk.system.scheduler.JobHistory - id', 'r5xkbav4bv9l6u23x4c3cxpwbdpokv22NM200904120000000000000000000030', 'www.runwaysdk.com', 'r5xkbav4bv9l6u23x4c3cxpwbdpokv22NM200904120000000000000000000030');
INSERT INTO metadata_display_label ( default_locale, id, site_master, key_name) VALUES ('Id of com.runwaysdk.system.scheduler.JobHistory to view.', 'ssq0qlpmcgxg4l3wnpgd14whwroxltdbNM200904120000000000000000000030', 'www.runwaysdk.com', 'ssq0qlpmcgxg4l3wnpgd14whwroxltdbNM200904120000000000000000000030');
INSERT INTO md_parameter ( metadata, parameter_order, parameter_name, parameter_type, display_label, id) VALUES ('20op72oca25w0botxf7yw4ftr78poju9NM200810110000000000000000000113', 0, 'id', 'java.lang.String', 'r5xkbav4bv9l6u23x4c3cxpwbdpokv22NM200904120000000000000000000030', 'z6b8iki05wymbl92kwb2d04eyduuhlih20070427JS0000000000000000001517');
INSERT INTO metadata ( description, created_by, owner, id, create_date, seq, type, remove, site_master, locked_by, entity_domain, last_updated_by, last_update_date, key_name) VALUES ('ssq0qlpmcgxg4l3wnpgd14whwroxltdbNM200904120000000000000000000030', '0000000000000000000000000000001000000000000000000000000000000003', '0000000000000000000000000000001000000000000000000000000000000003', 'z6b8iki05wymbl92kwb2d04eyduuhlih20070427JS0000000000000000001517', '2014-01-15 15:41:39', 4522, 'com.runwaysdk.system.metadata.MdParameter', 1, 'www.runwaysdk.com', NULL, NULL, '0000000000000000000000000000001000000000000000000000000000000003', '2014-01-15 15:41:39', 'com.runwaysdk.system.scheduler.JobHistoryController.view.id');
INSERT INTO metadata_parameter ( site_master, last_updated_by, create_date, seq, locked_by, entity_domain, created_by, type, last_update_date, key_name, owner, id, parent_id, child_id) VALUES ('www.runwaysdk.com', '0000000000000000000000000000001000000000000000000000000000000003', '2014-01-15 15:41:39', 4523, NULL, NULL, '0000000000000000000000000000001000000000000000000000000000000003', 'com.runwaysdk.system.MetadataParameter', '2014-01-15 15:41:39', 'com.runwaysdk.system.scheduler.JobHistoryController.view.id', '0000000000000000000000000000001000000000000000000000000000000003', '8vzv55wm8obbh738ua640ied03de4bvu20070427JS0000000000000000001524', '20op72oca25w0botxf7yw4ftr78poju9NM200810110000000000000000000113', 'z6b8iki05wymbl92kwb2d04eyduuhlih20070427JS0000000000000000001517');
INSERT INTO metadata_display_label ( default_locale, id, site_master, key_name) VALUES ('Create', 'sezyg9j6jrgge7cjzll4kzr3i3dorlnzNM200904120000000000000000000030', 'www.runwaysdk.com', 'sezyg9j6jrgge7cjzll4kzr3i3dorlnzNM200904120000000000000000000030');
INSERT INTO metadata_display_label ( default_locale, id, site_master, key_name) VALUES ('Applys a new instance of com.runwaysdk.system.scheduler.JobHistory', 'z0tls1aznphhdgpyjtkb7c29ibc77oyzNM200904120000000000000000000030', 'www.runwaysdk.com', 'z0tls1aznphhdgpyjtkb7c29ibc77oyzNM200904120000000000000000000030');
INSERT INTO md_action ( is_query, enclosing_md_controller, is_post, action_name, display_label, id) VALUES (0, 'zosfp1ckr4z28juvyh6w6rqxu7fw37mvNM200810110000000000000000000112', 1, 'create', 'sezyg9j6jrgge7cjzll4kzr3i3dorlnzNM200904120000000000000000000030', 'srvdfvxvh5lf2bav0df6hdpo7ltgyza7NM200810110000000000000000000113');
INSERT INTO metadata ( description, created_by, owner, id, create_date, seq, type, remove, site_master, locked_by, entity_domain, last_updated_by, last_update_date, key_name) VALUES ('z0tls1aznphhdgpyjtkb7c29ibc77oyzNM200904120000000000000000000030', '0000000000000000000000000000001000000000000000000000000000000003', '0000000000000000000000000000001000000000000000000000000000000003', 'srvdfvxvh5lf2bav0df6hdpo7ltgyza7NM200810110000000000000000000113', '2014-01-15 15:41:39', 4524, 'com.runwaysdk.system.metadata.MdAction', 1, 'www.runwaysdk.com', NULL, NULL, '0000000000000000000000000000001000000000000000000000000000000003', '2014-01-15 15:41:39', 'com.runwaysdk.system.scheduler.JobHistoryController.create');
INSERT INTO controller_action ( key_name, locked_by, id, owner, entity_domain, created_by, type, last_update_date, create_date, seq, last_updated_by, site_master, parent_id, child_id) VALUES ('com.runwaysdk.system.scheduler.JobHistoryController.create', NULL, '03vgqf917sopjbqeq2eu8sgi8hq8hd59JS200807230000000000000000111111', '0000000000000000000000000000001000000000000000000000000000000003', NULL, '0000000000000000000000000000001000000000000000000000000000000003', 'com.runwaysdk.system.ControllerAction', '2014-01-15 15:41:39', '2014-01-15 15:41:39', 4525, '0000000000000000000000000000001000000000000000000000000000000003', 'www.runwaysdk.com', 'zosfp1ckr4z28juvyh6w6rqxu7fw37mvNM200810110000000000000000000112', 'srvdfvxvh5lf2bav0df6hdpo7ltgyza7NM200810110000000000000000000113');
INSERT INTO metadata_display_label ( default_locale, id, site_master, key_name) VALUES ('Parameter: com.runwaysdk.system.scheduler.JobHistory', '2fb3k85pk25czi7y0vutk9sh409ejze7NM200904120000000000000000000030', 'www.runwaysdk.com', '2fb3k85pk25czi7y0vutk9sh409ejze7NM200904120000000000000000000030');
INSERT INTO metadata_display_label ( default_locale, id, site_master, key_name) VALUES ('com.runwaysdk.system.scheduler.JobHistory to apply to the database', 'ssv64yupynxerkvf8fx2vfir4sdr6odoNM200904120000000000000000000030', 'www.runwaysdk.com', 'ssv64yupynxerkvf8fx2vfir4sdr6odoNM200904120000000000000000000030');
INSERT INTO md_parameter ( metadata, parameter_order, parameter_name, parameter_type, display_label, id) VALUES ('srvdfvxvh5lf2bav0df6hdpo7ltgyza7NM200810110000000000000000000113', 0, 'dto', 'com.runwaysdk.system.scheduler.JobHistory', '2fb3k85pk25czi7y0vutk9sh409ejze7NM200904120000000000000000000030', '2alhbfyh44a4sje0vmph00ppphd9zopm20070427JS0000000000000000001517');
INSERT INTO metadata ( description, created_by, owner, id, create_date, seq, type, remove, site_master, locked_by, entity_domain, last_updated_by, last_update_date, key_name) VALUES ('ssv64yupynxerkvf8fx2vfir4sdr6odoNM200904120000000000000000000030', '0000000000000000000000000000001000000000000000000000000000000003', '0000000000000000000000000000001000000000000000000000000000000003', '2alhbfyh44a4sje0vmph00ppphd9zopm20070427JS0000000000000000001517', '2014-01-15 15:41:39', 4526, 'com.runwaysdk.system.metadata.MdParameter', 1, 'www.runwaysdk.com', NULL, NULL, '0000000000000000000000000000001000000000000000000000000000000003', '2014-01-15 15:41:39', 'com.runwaysdk.system.scheduler.JobHistoryController.create.dto');
INSERT INTO metadata_parameter ( site_master, last_updated_by, create_date, seq, locked_by, entity_domain, created_by, type, last_update_date, key_name, owner, id, parent_id, child_id) VALUES ('www.runwaysdk.com', '0000000000000000000000000000001000000000000000000000000000000003', '2014-01-15 15:41:39', 4527, NULL, NULL, '0000000000000000000000000000001000000000000000000000000000000003', 'com.runwaysdk.system.MetadataParameter', '2014-01-15 15:41:39', 'com.runwaysdk.system.scheduler.JobHistoryController.create.dto', '0000000000000000000000000000001000000000000000000000000000000003', 'z9qgcip14cop2sjqt15mtxlq4ga1ukxh20070427JS0000000000000000001524', 'srvdfvxvh5lf2bav0df6hdpo7ltgyza7NM200810110000000000000000000113', '2alhbfyh44a4sje0vmph00ppphd9zopm20070427JS0000000000000000001517');
INSERT INTO metadata_display_label ( default_locale, id, site_master, key_name) VALUES ('edit', 'xaldv8h7j4zs7l2m6z2tjvxbfmcrl66kNM200904120000000000000000000030', 'www.runwaysdk.com', 'xaldv8h7j4zs7l2m6z2tjvxbfmcrl66kNM200904120000000000000000000030');
INSERT INTO metadata_display_label ( default_locale, id, site_master, key_name) VALUES ('Applys an existing instance of com.runwaysdk.system.scheduler.JobHistory', '8nnxtelkt0r7bbehx8ywxyds2ta8z6q6NM200904120000000000000000000030', 'www.runwaysdk.com', '8nnxtelkt0r7bbehx8ywxyds2ta8z6q6NM200904120000000000000000000030');
INSERT INTO md_action ( is_query, enclosing_md_controller, is_post, action_name, display_label, id) VALUES (0, 'zosfp1ckr4z28juvyh6w6rqxu7fw37mvNM200810110000000000000000000112', 0, 'edit', 'xaldv8h7j4zs7l2m6z2tjvxbfmcrl66kNM200904120000000000000000000030', 'xhip92tgcjbpwzijpwr9vaky1w886bjlNM200810110000000000000000000113');
INSERT INTO metadata ( description, created_by, owner, id, create_date, seq, type, remove, site_master, locked_by, entity_domain, last_updated_by, last_update_date, key_name) VALUES ('8nnxtelkt0r7bbehx8ywxyds2ta8z6q6NM200904120000000000000000000030', '0000000000000000000000000000001000000000000000000000000000000003', '0000000000000000000000000000001000000000000000000000000000000003', 'xhip92tgcjbpwzijpwr9vaky1w886bjlNM200810110000000000000000000113', '2014-01-15 15:41:39', 4528, 'com.runwaysdk.system.metadata.MdAction', 1, 'www.runwaysdk.com', NULL, NULL, '0000000000000000000000000000001000000000000000000000000000000003', '2014-01-15 15:41:39', 'com.runwaysdk.system.scheduler.JobHistoryController.edit');
INSERT INTO controller_action ( key_name, locked_by, id, owner, entity_domain, created_by, type, last_update_date, create_date, seq, last_updated_by, site_master, parent_id, child_id) VALUES ('com.runwaysdk.system.scheduler.JobHistoryController.edit', NULL, '0kl3csqiv9fs4qm7nei00zh9fwg3wlwpJS200807230000000000000000111111', '0000000000000000000000000000001000000000000000000000000000000003', NULL, '0000000000000000000000000000001000000000000000000000000000000003', 'com.runwaysdk.system.ControllerAction', '2014-01-15 15:41:39', '2014-01-15 15:41:39', 4529, '0000000000000000000000000000001000000000000000000000000000000003', 'www.runwaysdk.com', 'zosfp1ckr4z28juvyh6w6rqxu7fw37mvNM200810110000000000000000000112', 'xhip92tgcjbpwzijpwr9vaky1w886bjlNM200810110000000000000000000113');
INSERT INTO metadata_display_label ( default_locale, id, site_master, key_name) VALUES ('Parameter: com.runwaysdk.system.scheduler.JobHistory', '205huqqb0hixz1u6mxc30tyqkwerjsrbNM200904120000000000000000000030', 'www.runwaysdk.com', '205huqqb0hixz1u6mxc30tyqkwerjsrbNM200904120000000000000000000030');
INSERT INTO metadata_display_label ( default_locale, id, site_master, key_name) VALUES ('com.runwaysdk.system.scheduler.JobHistory to apply to the database', '8ytbub4bu8elz4v1balq9b4hqrd03fu7NM200904120000000000000000000030', 'www.runwaysdk.com', '8ytbub4bu8elz4v1balq9b4hqrd03fu7NM200904120000000000000000000030');
INSERT INTO md_parameter ( metadata, parameter_order, parameter_name, parameter_type, display_label, id) VALUES ('xhip92tgcjbpwzijpwr9vaky1w886bjlNM200810110000000000000000000113', 0, 'id', 'java.lang.String', '205huqqb0hixz1u6mxc30tyqkwerjsrbNM200904120000000000000000000030', '7drl8rk105oq5s506ezdm0tjxh03ql2p20070427JS0000000000000000001517');
INSERT INTO metadata ( description, created_by, owner, id, create_date, seq, type, remove, site_master, locked_by, entity_domain, last_updated_by, last_update_date, key_name) VALUES ('8ytbub4bu8elz4v1balq9b4hqrd03fu7NM200904120000000000000000000030', '0000000000000000000000000000001000000000000000000000000000000003', '0000000000000000000000000000001000000000000000000000000000000003', '7drl8rk105oq5s506ezdm0tjxh03ql2p20070427JS0000000000000000001517', '2014-01-15 15:41:39', 4530, 'com.runwaysdk.system.metadata.MdParameter', 1, 'www.runwaysdk.com', NULL, NULL, '0000000000000000000000000000001000000000000000000000000000000003', '2014-01-15 15:41:39', 'com.runwaysdk.system.scheduler.JobHistoryController.edit.id');
INSERT INTO metadata_parameter ( site_master, last_updated_by, create_date, seq, locked_by, entity_domain, created_by, type, last_update_date, key_name, owner, id, parent_id, child_id) VALUES ('www.runwaysdk.com', '0000000000000000000000000000001000000000000000000000000000000003', '2014-01-15 15:41:39', 4531, NULL, NULL, '0000000000000000000000000000001000000000000000000000000000000003', 'com.runwaysdk.system.MetadataParameter', '2014-01-15 15:41:39', 'com.runwaysdk.system.scheduler.JobHistoryController.edit.id', '0000000000000000000000000000001000000000000000000000000000000003', '1sxi9ds579qlkikfydketirk743pb5wj20070427JS0000000000000000001524', 'xhip92tgcjbpwzijpwr9vaky1w886bjlNM200810110000000000000000000113', '7drl8rk105oq5s506ezdm0tjxh03ql2p20070427JS0000000000000000001517');
INSERT INTO metadata_display_label ( default_locale, id, site_master, key_name) VALUES ('update', 'xpm7o9d7wqk9lfvm4mvq432ath3s6cdgNM200904120000000000000000000030', 'www.runwaysdk.com', 'xpm7o9d7wqk9lfvm4mvq432ath3s6cdgNM200904120000000000000000000030');
INSERT INTO metadata_display_label ( default_locale, id, site_master, key_name) VALUES ('Applys an existing instance of com.runwaysdk.system.scheduler.JobHistory', '27s1pyk7q45z0hyqmx4h0qvbgmupe1fzNM200904120000000000000000000030', 'www.runwaysdk.com', '27s1pyk7q45z0hyqmx4h0qvbgmupe1fzNM200904120000000000000000000030');
INSERT INTO md_action ( is_query, enclosing_md_controller, is_post, action_name, display_label, id) VALUES (0, 'zosfp1ckr4z28juvyh6w6rqxu7fw37mvNM200810110000000000000000000112', 1, 'update', 'xpm7o9d7wqk9lfvm4mvq432ath3s6cdgNM200904120000000000000000000030', '0d4i95gz4m4tywrep1my4clwgextidx4NM200810110000000000000000000113');
INSERT INTO metadata ( description, created_by, owner, id, create_date, seq, type, remove, site_master, locked_by, entity_domain, last_updated_by, last_update_date, key_name) VALUES ('27s1pyk7q45z0hyqmx4h0qvbgmupe1fzNM200904120000000000000000000030', '0000000000000000000000000000001000000000000000000000000000000003', '0000000000000000000000000000001000000000000000000000000000000003', '0d4i95gz4m4tywrep1my4clwgextidx4NM200810110000000000000000000113', '2014-01-15 15:41:39', 4532, 'com.runwaysdk.system.metadata.MdAction', 1, 'www.runwaysdk.com', NULL, NULL, '0000000000000000000000000000001000000000000000000000000000000003', '2014-01-15 15:41:39', 'com.runwaysdk.system.scheduler.JobHistoryController.update');
INSERT INTO controller_action ( key_name, locked_by, id, owner, entity_domain, created_by, type, last_update_date, create_date, seq, last_updated_by, site_master, parent_id, child_id) VALUES ('com.runwaysdk.system.scheduler.JobHistoryController.update', NULL, 'xhiiu0qxxwpwti44gspzxo3fa8ab7pfpJS200807230000000000000000111111', '0000000000000000000000000000001000000000000000000000000000000003', NULL, '0000000000000000000000000000001000000000000000000000000000000003', 'com.runwaysdk.system.ControllerAction', '2014-01-15 15:41:39', '2014-01-15 15:41:39', 4533, '0000000000000000000000000000001000000000000000000000000000000003', 'www.runwaysdk.com', 'zosfp1ckr4z28juvyh6w6rqxu7fw37mvNM200810110000000000000000000112', '0d4i95gz4m4tywrep1my4clwgextidx4NM200810110000000000000000000113');
INSERT INTO metadata_display_label ( default_locale, id, site_master, key_name) VALUES ('Parameter: com.runwaysdk.system.scheduler.JobHistory - dto', '05xdzxd7rzy63h8zomgx44g3egaautamNM200904120000000000000000000030', 'www.runwaysdk.com', '05xdzxd7rzy63h8zomgx44g3egaautamNM200904120000000000000000000030');
INSERT INTO metadata_display_label ( default_locale, id, site_master, key_name) VALUES ('com.runwaysdk.system.scheduler.JobHistory to apply to the database', '6pk6f4akjcvimwrkn79fw55l3vkxunviNM200904120000000000000000000030', 'www.runwaysdk.com', '6pk6f4akjcvimwrkn79fw55l3vkxunviNM200904120000000000000000000030');
INSERT INTO md_parameter ( metadata, parameter_order, parameter_name, parameter_type, display_label, id) VALUES ('0d4i95gz4m4tywrep1my4clwgextidx4NM200810110000000000000000000113', 0, 'dto', 'com.runwaysdk.system.scheduler.JobHistory', '05xdzxd7rzy63h8zomgx44g3egaautamNM200904120000000000000000000030', '1zewpwcg0v5qqz6cewzoqebp88t946k820070427JS0000000000000000001517');
INSERT INTO metadata ( description, created_by, owner, id, create_date, seq, type, remove, site_master, locked_by, entity_domain, last_updated_by, last_update_date, key_name) VALUES ('6pk6f4akjcvimwrkn79fw55l3vkxunviNM200904120000000000000000000030', '0000000000000000000000000000001000000000000000000000000000000003', '0000000000000000000000000000001000000000000000000000000000000003', '1zewpwcg0v5qqz6cewzoqebp88t946k820070427JS0000000000000000001517', '2014-01-15 15:41:39', 4534, 'com.runwaysdk.system.metadata.MdParameter', 1, 'www.runwaysdk.com', NULL, NULL, '0000000000000000000000000000001000000000000000000000000000000003', '2014-01-15 15:41:39', 'com.runwaysdk.system.scheduler.JobHistoryController.update.dto');
INSERT INTO metadata_parameter ( site_master, last_updated_by, create_date, seq, locked_by, entity_domain, created_by, type, last_update_date, key_name, owner, id, parent_id, child_id) VALUES ('www.runwaysdk.com', '0000000000000000000000000000001000000000000000000000000000000003', '2014-01-15 15:41:39', 4535, NULL, NULL, '0000000000000000000000000000001000000000000000000000000000000003', 'com.runwaysdk.system.MetadataParameter', '2014-01-15 15:41:39', 'com.runwaysdk.system.scheduler.JobHistoryController.update.dto', '0000000000000000000000000000001000000000000000000000000000000003', '06hktwl4hgd40n4nz5qgmlsrugf3klt420070427JS0000000000000000001524', '0d4i95gz4m4tywrep1my4clwgextidx4NM200810110000000000000000000113', '1zewpwcg0v5qqz6cewzoqebp88t946k820070427JS0000000000000000001517');
INSERT INTO metadata_display_label ( default_locale, id, site_master, key_name) VALUES ('cancel', '23q14iys49fyobs4t5fun96k2ka151lwNM200904120000000000000000000030', 'www.runwaysdk.com', '23q14iys49fyobs4t5fun96k2ka151lwNM200904120000000000000000000030');
INSERT INTO metadata_display_label ( default_locale, id, site_master, key_name) VALUES ('Unlocks an instance com.runwaysdk.system.scheduler.JobHistory', 'svpl2b5q14u5vz0cll6etwm4os5c66q6NM200904120000000000000000000030', 'www.runwaysdk.com', 'svpl2b5q14u5vz0cll6etwm4os5c66q6NM200904120000000000000000000030');
INSERT INTO md_action ( is_query, enclosing_md_controller, is_post, action_name, display_label, id) VALUES (0, 'zosfp1ckr4z28juvyh6w6rqxu7fw37mvNM200810110000000000000000000112', 1, 'cancel', '23q14iys49fyobs4t5fun96k2ka151lwNM200904120000000000000000000030', 'sbhprdh3301snxq1scik5acy8oyilo07NM200810110000000000000000000113');
INSERT INTO metadata ( description, created_by, owner, id, create_date, seq, type, remove, site_master, locked_by, entity_domain, last_updated_by, last_update_date, key_name) VALUES ('svpl2b5q14u5vz0cll6etwm4os5c66q6NM200904120000000000000000000030', '0000000000000000000000000000001000000000000000000000000000000003', '0000000000000000000000000000001000000000000000000000000000000003', 'sbhprdh3301snxq1scik5acy8oyilo07NM200810110000000000000000000113', '2014-01-15 15:41:39', 4536, 'com.runwaysdk.system.metadata.MdAction', 1, 'www.runwaysdk.com', NULL, NULL, '0000000000000000000000000000001000000000000000000000000000000003', '2014-01-15 15:41:39', 'com.runwaysdk.system.scheduler.JobHistoryController.cancel');
INSERT INTO controller_action ( key_name, locked_by, id, owner, entity_domain, created_by, type, last_update_date, create_date, seq, last_updated_by, site_master, parent_id, child_id) VALUES ('com.runwaysdk.system.scheduler.JobHistoryController.cancel', NULL, '79tqzhx18v0wvgfqplwgndr2zbtbqvyiJS200807230000000000000000111111', '0000000000000000000000000000001000000000000000000000000000000003', NULL, '0000000000000000000000000000001000000000000000000000000000000003', 'com.runwaysdk.system.ControllerAction', '2014-01-15 15:41:39', '2014-01-15 15:41:39', 4537, '0000000000000000000000000000001000000000000000000000000000000003', 'www.runwaysdk.com', 'zosfp1ckr4z28juvyh6w6rqxu7fw37mvNM200810110000000000000000000112', 'sbhprdh3301snxq1scik5acy8oyilo07NM200810110000000000000000000113');
INSERT INTO metadata_display_label ( default_locale, id, site_master, key_name) VALUES ('Parameter: com.runwaysdk.system.scheduler.JobHistory - dto', '0sbycccxvxcqbz1qooxy7j1v4vxpj138NM200904120000000000000000000030', 'www.runwaysdk.com', '0sbycccxvxcqbz1qooxy7j1v4vxpj138NM200904120000000000000000000030');
INSERT INTO metadata_display_label ( default_locale, id, site_master, key_name) VALUES ('com.runwaysdk.system.scheduler.JobHistory to unlock', '7gphbrvzhtpznkfo5k675p5lp2uy20jzNM200904120000000000000000000030', 'www.runwaysdk.com', '7gphbrvzhtpznkfo5k675p5lp2uy20jzNM200904120000000000000000000030');
INSERT INTO md_parameter ( metadata, parameter_order, parameter_name, parameter_type, display_label, id) VALUES ('sbhprdh3301snxq1scik5acy8oyilo07NM200810110000000000000000000113', 0, 'dto', 'com.runwaysdk.system.scheduler.JobHistory', '0sbycccxvxcqbz1qooxy7j1v4vxpj138NM200904120000000000000000000030', 'qudwi2mbo5ymjhbza5w92axznjp7e11z20070427JS0000000000000000001517');
INSERT INTO metadata ( description, created_by, owner, id, create_date, seq, type, remove, site_master, locked_by, entity_domain, last_updated_by, last_update_date, key_name) VALUES ('7gphbrvzhtpznkfo5k675p5lp2uy20jzNM200904120000000000000000000030', '0000000000000000000000000000001000000000000000000000000000000003', '0000000000000000000000000000001000000000000000000000000000000003', 'qudwi2mbo5ymjhbza5w92axznjp7e11z20070427JS0000000000000000001517', '2014-01-15 15:41:39', 4538, 'com.runwaysdk.system.metadata.MdParameter', 1, 'www.runwaysdk.com', NULL, NULL, '0000000000000000000000000000001000000000000000000000000000000003', '2014-01-15 15:41:39', 'com.runwaysdk.system.scheduler.JobHistoryController.cancel.dto');
INSERT INTO metadata_parameter ( site_master, last_updated_by, create_date, seq, locked_by, entity_domain, created_by, type, last_update_date, key_name, owner, id, parent_id, child_id) VALUES ('www.runwaysdk.com', '0000000000000000000000000000001000000000000000000000000000000003', '2014-01-15 15:41:39', 4539, NULL, NULL, '0000000000000000000000000000001000000000000000000000000000000003', 'com.runwaysdk.system.MetadataParameter', '2014-01-15 15:41:39', 'com.runwaysdk.system.scheduler.JobHistoryController.cancel.dto', '0000000000000000000000000000001000000000000000000000000000000003', '8opmaqa6v1wm02qs342gm9mrx8q6f44m20070427JS0000000000000000001524', 'sbhprdh3301snxq1scik5acy8oyilo07NM200810110000000000000000000113', 'qudwi2mbo5ymjhbza5w92axznjp7e11z20070427JS0000000000000000001517');
INSERT INTO metadata_display_label ( default_locale, id, site_master, key_name) VALUES ('delete', '1wo6vdgugcj6y3c99f1oj6b8q4845eenNM200904120000000000000000000030', 'www.runwaysdk.com', '1wo6vdgugcj6y3c99f1oj6b8q4845eenNM200904120000000000000000000030');
INSERT INTO metadata_display_label ( default_locale, id, site_master, key_name) VALUES ('Delete an instance of com.runwaysdk.system.scheduler.JobHistory', '8vkgm2dbfq6eckzh4mqc7lpurz63y4zoNM200904120000000000000000000030', 'www.runwaysdk.com', '8vkgm2dbfq6eckzh4mqc7lpurz63y4zoNM200904120000000000000000000030');
INSERT INTO md_action ( is_query, enclosing_md_controller, is_post, action_name, display_label, id) VALUES (0, 'zosfp1ckr4z28juvyh6w6rqxu7fw37mvNM200810110000000000000000000112', 1, 'delete', '1wo6vdgugcj6y3c99f1oj6b8q4845eenNM200904120000000000000000000030', '75gpqwoydurbu79tkcl9ezyswa926mhzNM200810110000000000000000000113');
INSERT INTO metadata ( description, created_by, owner, id, create_date, seq, type, remove, site_master, locked_by, entity_domain, last_updated_by, last_update_date, key_name) VALUES ('8vkgm2dbfq6eckzh4mqc7lpurz63y4zoNM200904120000000000000000000030', '0000000000000000000000000000001000000000000000000000000000000003', '0000000000000000000000000000001000000000000000000000000000000003', '75gpqwoydurbu79tkcl9ezyswa926mhzNM200810110000000000000000000113', '2014-01-15 15:41:39', 4540, 'com.runwaysdk.system.metadata.MdAction', 1, 'www.runwaysdk.com', NULL, NULL, '0000000000000000000000000000001000000000000000000000000000000003', '2014-01-15 15:41:39', 'com.runwaysdk.system.scheduler.JobHistoryController.delete');
INSERT INTO controller_action ( key_name, locked_by, id, owner, entity_domain, created_by, type, last_update_date, create_date, seq, last_updated_by, site_master, parent_id, child_id) VALUES ('com.runwaysdk.system.scheduler.JobHistoryController.delete', NULL, 'x88dxe7usolsmkrjaa17ji86pxvdmfneJS200807230000000000000000111111', '0000000000000000000000000000001000000000000000000000000000000003', NULL, '0000000000000000000000000000001000000000000000000000000000000003', 'com.runwaysdk.system.ControllerAction', '2014-01-15 15:41:39', '2014-01-15 15:41:39', 4541, '0000000000000000000000000000001000000000000000000000000000000003', 'www.runwaysdk.com', 'zosfp1ckr4z28juvyh6w6rqxu7fw37mvNM200810110000000000000000000112', '75gpqwoydurbu79tkcl9ezyswa926mhzNM200810110000000000000000000113');
INSERT INTO metadata_display_label ( default_locale, id, site_master, key_name) VALUES ('Parameter: com.runwaysdk.system.scheduler.JobHistory - dto', 'qn9ob2gakjq6385bgi9bo4mcn8enncyoNM200904120000000000000000000030', 'www.runwaysdk.com', 'qn9ob2gakjq6385bgi9bo4mcn8enncyoNM200904120000000000000000000030');
INSERT INTO metadata_display_label ( default_locale, id, site_master, key_name) VALUES ('com.runwaysdk.system.scheduler.JobHistory to delete', 'zkovre3weoqljls67r6sx7zwb0l5m4r3NM200904120000000000000000000030', 'www.runwaysdk.com', 'zkovre3weoqljls67r6sx7zwb0l5m4r3NM200904120000000000000000000030');
INSERT INTO md_parameter ( metadata, parameter_order, parameter_name, parameter_type, display_label, id) VALUES ('75gpqwoydurbu79tkcl9ezyswa926mhzNM200810110000000000000000000113', 0, 'dto', 'com.runwaysdk.system.scheduler.JobHistory', 'qn9ob2gakjq6385bgi9bo4mcn8enncyoNM200904120000000000000000000030', 'r4s1a33w4s6gl8uvlcgdvafvntoqjerh20070427JS0000000000000000001517');
INSERT INTO metadata ( description, created_by, owner, id, create_date, seq, type, remove, site_master, locked_by, entity_domain, last_updated_by, last_update_date, key_name) VALUES ('zkovre3weoqljls67r6sx7zwb0l5m4r3NM200904120000000000000000000030', '0000000000000000000000000000001000000000000000000000000000000003', '0000000000000000000000000000001000000000000000000000000000000003', 'r4s1a33w4s6gl8uvlcgdvafvntoqjerh20070427JS0000000000000000001517', '2014-01-15 15:41:39', 4542, 'com.runwaysdk.system.metadata.MdParameter', 1, 'www.runwaysdk.com', NULL, NULL, '0000000000000000000000000000001000000000000000000000000000000003', '2014-01-15 15:41:39', 'com.runwaysdk.system.scheduler.JobHistoryController.delete.dto');
INSERT INTO metadata_parameter ( site_master, last_updated_by, create_date, seq, locked_by, entity_domain, created_by, type, last_update_date, key_name, owner, id, parent_id, child_id) VALUES ('www.runwaysdk.com', '0000000000000000000000000000001000000000000000000000000000000003', '2014-01-15 15:41:39', 4543, NULL, NULL, '0000000000000000000000000000001000000000000000000000000000000003', 'com.runwaysdk.system.MetadataParameter', '2014-01-15 15:41:39', 'com.runwaysdk.system.scheduler.JobHistoryController.delete.dto', '0000000000000000000000000000001000000000000000000000000000000003', '0fbcoek06tujfq02usqm1owagr962xsa20070427JS0000000000000000001524', '75gpqwoydurbu79tkcl9ezyswa926mhzNM200810110000000000000000000113', 'r4s1a33w4s6gl8uvlcgdvafvntoqjerh20070427JS0000000000000000001517');
 INSERT INTO visibilitymodifier (set_id, item_id)  VALUES  ('z5o2z547c5q2iku187enh9je20ioibtu', '20071109NM000000000000000000000520071109NM0000000000000000000001');
INSERT INTO metadata_display_label ( default_locale, id, site_master, key_name) VALUES ('Entry Date', 'sopnx2c5dtkuv2vnn0qe19r8tmxa0fopNM200904120000000000000000000030', 'www.runwaysdk.com', 'sopnx2c5dtkuv2vnn0qe19r8tmxa0fopNM200904120000000000000000000030');
 INSERT INTO visibilitymodifier (set_id, item_id)  VALUES  ('x9rs2t8ykmb947avmr3dwolmw5nqvw3m', '20071109NM000000000000000000000520071109NM0000000000000000000001');
 INSERT INTO md_attribute_indicies (set_id, item_id)  VALUES  ('swou7v6vb7kuuy6qv1edk013kvaqwuw7', '0000000000000000000000000000040100000000000000000000000000000403');
INSERT INTO metadata_display_label ( default_locale, id, site_master, key_name) VALUES ('Entry Date', 'z1wpe7bncl6po5opswwchhdewfeaheaeNM200904120000000000000000000030', 'www.runwaysdk.com', 'z1wpe7bncl6po5opswwchhdewfeaheaeNM200904120000000000000000000030');
INSERT INTO md_attribute_datetime ( default_value, id) VALUES (NULL, 'sim6ezwd6jy2y2k9r78wlc2y821wxe3b00000000000000000000000000000341');
INSERT INTO md_attribute_moment ( id) VALUES ('sim6ezwd6jy2y2k9r78wlc2y821wxe3b00000000000000000000000000000341');
INSERT INTO md_attribute_primitive ( id) VALUES ('sim6ezwd6jy2y2k9r78wlc2y821wxe3b00000000000000000000000000000341');
INSERT INTO md_attribute_concrete ( column_name, defining_md_class, setter_visibility, setter_visibility_c, immutable, index_name, generate_accessor, system, required, display_label, getter_visibility, getter_visibility_c, index_type, index_type_c, attribute_name, id) VALUES ('entry_date', 'sj0kryjbvcxwli9wrnrh45x42908heeo00000000000000000000000000000001', 'z5o2z547c5q2iku187enh9je20ioibtu', '20071109NM000000000000000000000520071109NM0000000000000000000001', 0, 'a8h5jnqgba9eidxslvzqez3uyzjyjh', 1, 0, 0, 'sopnx2c5dtkuv2vnn0qe19r8tmxa0fopNM200904120000000000000000000030', 'x9rs2t8ykmb947avmr3dwolmw5nqvw3m', '20071109NM000000000000000000000520071109NM0000000000000000000001', 'swou7v6vb7kuuy6qv1edk013kvaqwuw7', '0000000000000000000000000000040100000000000000000000000000000403', 'entryDate', 'sim6ezwd6jy2y2k9r78wlc2y821wxe3b00000000000000000000000000000341');
INSERT INTO md_attribute ( id) VALUES ('sim6ezwd6jy2y2k9r78wlc2y821wxe3b00000000000000000000000000000341');
INSERT INTO metadata ( description, created_by, owner, id, create_date, seq, type, remove, site_master, locked_by, entity_domain, last_updated_by, last_update_date, key_name) VALUES ('z1wpe7bncl6po5opswwchhdewfeaheaeNM200904120000000000000000000030', '0000000000000000000000000000001000000000000000000000000000000003', '0000000000000000000000000000001000000000000000000000000000000003', 'sim6ezwd6jy2y2k9r78wlc2y821wxe3b00000000000000000000000000000341', '2014-01-15 15:41:39', 4544, 'com.runwaysdk.system.metadata.MdAttributeDateTime', 1, 'www.runwaysdk.com', NULL, NULL, '0000000000000000000000000000001000000000000000000000000000000003', '2014-01-15 15:41:39', 'com.runwaysdk.system.scheduler.ExecutableJob.entryDate');
ALTER TABLE executable_job ADD COLUMN entry_date  timestamp;
INSERT INTO class_attribute_concrete ( id, parent_id, child_id) VALUES ('rb9b6hqeetpm5ghclm0uea8bgc0uqnhi00000000000000000000000000000073', 'sj0kryjbvcxwli9wrnrh45x42908heeo00000000000000000000000000000001', 'sim6ezwd6jy2y2k9r78wlc2y821wxe3b00000000000000000000000000000341');
INSERT INTO class_attribute ( id, parent_id, child_id) VALUES ('rb9b6hqeetpm5ghclm0uea8bgc0uqnhi00000000000000000000000000000073', 'sj0kryjbvcxwli9wrnrh45x42908heeo00000000000000000000000000000001', 'sim6ezwd6jy2y2k9r78wlc2y821wxe3b00000000000000000000000000000341');
INSERT INTO metadata_relationship ( entity_domain, site_master, last_updated_by, id, owner, locked_by, create_date, type, created_by, seq, key_name, last_update_date, parent_id, child_id) VALUES (NULL, 'www.runwaysdk.com', '0000000000000000000000000000001000000000000000000000000000000003', 'rb9b6hqeetpm5ghclm0uea8bgc0uqnhi00000000000000000000000000000073', '0000000000000000000000000000001000000000000000000000000000000003', NULL, '2014-01-15 15:41:39', 'com.runwaysdk.system.metadata.ClassAttributeConcrete', '0000000000000000000000000000001000000000000000000000000000000003', 4545, 'com.runwaysdk.system.scheduler.ExecutableJob.entryDate', '2014-01-15 15:41:39', 'sj0kryjbvcxwli9wrnrh45x42908heeo00000000000000000000000000000001', 'sim6ezwd6jy2y2k9r78wlc2y821wxe3b00000000000000000000000000000341');
 INSERT INTO struct_cache (set_id, item_id)  VALUES  ('0gp2rxwbtnh39l3v3wob974yq7bf5xth', '0000000000000000000000000000023100000000000000000000000000000222');
INSERT INTO metadata_display_label ( default_locale, id, site_master, key_name) VALUES ('Comment', '8sijgoeoah69i69v4ac35v8fk6ondqpcNM200904120000000000000000000030', 'www.runwaysdk.com', '8sijgoeoah69i69v4ac35v8fk6ondqpcNM200904120000000000000000000030');
INSERT INTO metadata_display_label ( default_locale, id, site_master, key_name) VALUES ('User Friendly History Comment', 'sps0sz5gt5pqvtlhv20b689ywb8fz4s8NM200904120000000000000000000030', 'www.runwaysdk.com', 'sps0sz5gt5pqvtlhv20b689ywb8fz4s8NM200904120000000000000000000030');
INSERT INTO md_local_struct ( id) VALUES ('xihclu4hppoo54efkr8flhwskaumyenf0000000000000000000MdLocalStruct');
INSERT INTO md_struct ( cache_algorithm, cache_algorithm_c, id) VALUES ('0gp2rxwbtnh39l3v3wob974yq7bf5xth', '0000000000000000000000000000023100000000000000000000000000000222', 'xihclu4hppoo54efkr8flhwskaumyenf0000000000000000000MdLocalStruct');
INSERT INTO md_entity ( query_dto_source, query_source, cache_size, enforce_site_master, table_name, id) VALUES (NULL, NULL, 0, 1, 'job_history_history_comment', 'xihclu4hppoo54efkr8flhwskaumyenf0000000000000000000MdLocalStruct');
INSERT INTO md_class ( publish, stub_dto_source, stub_source, id) VALUES (1, NULL, NULL, 'xihclu4hppoo54efkr8flhwskaumyenf0000000000000000000MdLocalStruct');
INSERT INTO md_type ( display_label, root_id, package_name, type_name, base_source, js_base, js_stub, exported, dto_source, id) VALUES ('8sijgoeoah69i69v4ac35v8fk6ondqpcNM200904120000000000000000000030', 'xihclu4hppoo54efkr8flhwskaumyenf', 'com.runwaysdk.system.scheduler', 'JobHistoryHistoryComment', NULL, NULL, NULL, 1, NULL, 'xihclu4hppoo54efkr8flhwskaumyenf0000000000000000000MdLocalStruct');
INSERT INTO metadata ( description, created_by, owner, id, create_date, seq, type, remove, site_master, locked_by, entity_domain, last_updated_by, last_update_date, key_name) VALUES ('sps0sz5gt5pqvtlhv20b689ywb8fz4s8NM200904120000000000000000000030', '0000000000000000000000000000001000000000000000000000000000000003', '0000000000000000000000000000001000000000000000000000000000000003', 'xihclu4hppoo54efkr8flhwskaumyenf0000000000000000000MdLocalStruct', '2014-01-15 15:41:39', 4546, 'com.runwaysdk.system.metadata.MdLocalStruct', 1, 'www.runwaysdk.com', NULL, NULL, '0000000000000000000000000000001000000000000000000000000000000003', '2014-01-15 15:41:39', 'com.runwaysdk.system.scheduler.JobHistoryHistoryComment');
CREATE TABLE job_history_history_comment ( id CHAR(64) NOT NULL PRIMARY KEY );
 INSERT INTO visibilitymodifier (set_id, item_id)  VALUES  ('8n9lvuups2pwyeac9xbif1ib97dmjl1r', '20071109NM000000000000000000000520071109NM0000000000000000000001');
INSERT INTO metadata_display_label ( default_locale, id, site_master, key_name) VALUES ('ID', 'zab02deumo3ed1qw63flhzo6yqfeycurNM200904120000000000000000000030', 'www.runwaysdk.com', 'zab02deumo3ed1qw63flhzo6yqfeycurNM200904120000000000000000000030');
 INSERT INTO visibilitymodifier (set_id, item_id)  VALUES  ('qqcqmxvat8xdi2gnxftmfsqefhf5n4al', '20071109NM000000000000000000000520071109NM0000000000000000000001');
 INSERT INTO md_attribute_indicies (set_id, item_id)  VALUES  ('7ewn8c48k053yz4pxy60g61eyhv75osw', '0000000000000000000000000000040900000000000000000000000000000403');
INSERT INTO metadata_display_label ( default_locale, id, site_master, key_name) VALUES ('ID of this object', 'xqdat8bgeo5gsv53lnkiipipigzncqcaNM200904120000000000000000000030', 'www.runwaysdk.com', 'xqdat8bgeo5gsv53lnkiipipigzncqcaNM200904120000000000000000000030');
INSERT INTO md_attribute_character ( default_value, database_size, id) VALUES (NULL, 64, '1qf3mb1x3cdmiaipaqx3w9dbjzkdoz4h00000000000000000000000000000138');
INSERT INTO md_attribute_char ( id) VALUES ('1qf3mb1x3cdmiaipaqx3w9dbjzkdoz4h00000000000000000000000000000138');
INSERT INTO md_attribute_primitive ( id) VALUES ('1qf3mb1x3cdmiaipaqx3w9dbjzkdoz4h00000000000000000000000000000138');
INSERT INTO md_attribute_concrete ( column_name, defining_md_class, setter_visibility, setter_visibility_c, immutable, index_name, generate_accessor, system, required, display_label, getter_visibility, getter_visibility_c, index_type, index_type_c, attribute_name, id) VALUES ('id', 'xihclu4hppoo54efkr8flhwskaumyenf0000000000000000000MdLocalStruct', '8n9lvuups2pwyeac9xbif1ib97dmjl1r', '20071109NM000000000000000000000520071109NM0000000000000000000001', 0, 'an74iyts69je0bluek3ofadkenuv1b', 1, 1, 1, 'zab02deumo3ed1qw63flhzo6yqfeycurNM200904120000000000000000000030', 'qqcqmxvat8xdi2gnxftmfsqefhf5n4al', '20071109NM000000000000000000000520071109NM0000000000000000000001', '7ewn8c48k053yz4pxy60g61eyhv75osw', '0000000000000000000000000000040900000000000000000000000000000403', 'id', '1qf3mb1x3cdmiaipaqx3w9dbjzkdoz4h00000000000000000000000000000138');
INSERT INTO md_attribute ( id) VALUES ('1qf3mb1x3cdmiaipaqx3w9dbjzkdoz4h00000000000000000000000000000138');
INSERT INTO metadata ( description, created_by, owner, id, create_date, seq, type, remove, site_master, locked_by, entity_domain, last_updated_by, last_update_date, key_name) VALUES ('xqdat8bgeo5gsv53lnkiipipigzncqcaNM200904120000000000000000000030', '0000000000000000000000000000001000000000000000000000000000000003', '0000000000000000000000000000001000000000000000000000000000000003', '1qf3mb1x3cdmiaipaqx3w9dbjzkdoz4h00000000000000000000000000000138', '2014-01-15 15:41:39', 4547, 'com.runwaysdk.system.metadata.MdAttributeCharacter', 0, 'www.runwaysdk.com', NULL, NULL, '0000000000000000000000000000001000000000000000000000000000000003', '2014-01-15 15:41:39', 'com.runwaysdk.system.scheduler.JobHistoryHistoryComment.id');
INSERT INTO class_attribute_concrete ( id, parent_id, child_id) VALUES ('8vd5zzj0rkjhm7w6xv1e4kgbjdr6effl00000000000000000000000000000073', 'xihclu4hppoo54efkr8flhwskaumyenf0000000000000000000MdLocalStruct', '1qf3mb1x3cdmiaipaqx3w9dbjzkdoz4h00000000000000000000000000000138');
INSERT INTO class_attribute ( id, parent_id, child_id) VALUES ('8vd5zzj0rkjhm7w6xv1e4kgbjdr6effl00000000000000000000000000000073', 'xihclu4hppoo54efkr8flhwskaumyenf0000000000000000000MdLocalStruct', '1qf3mb1x3cdmiaipaqx3w9dbjzkdoz4h00000000000000000000000000000138');
INSERT INTO metadata_relationship ( entity_domain, site_master, last_updated_by, id, owner, locked_by, create_date, type, created_by, seq, key_name, last_update_date, parent_id, child_id) VALUES (NULL, 'www.runwaysdk.com', '0000000000000000000000000000001000000000000000000000000000000003', '8vd5zzj0rkjhm7w6xv1e4kgbjdr6effl00000000000000000000000000000073', '0000000000000000000000000000001000000000000000000000000000000003', NULL, '2014-01-15 15:41:39', 'com.runwaysdk.system.metadata.ClassAttributeConcrete', '0000000000000000000000000000001000000000000000000000000000000003', 4548, 'com.runwaysdk.system.scheduler.JobHistoryHistoryComment.id', '2014-01-15 15:41:39', 'xihclu4hppoo54efkr8flhwskaumyenf0000000000000000000MdLocalStruct', '1qf3mb1x3cdmiaipaqx3w9dbjzkdoz4h00000000000000000000000000000138');
 INSERT INTO visibilitymodifier (set_id, item_id)  VALUES  ('yw3zzrw94bma3gh2i4s9tkpc7bti0t2j', '20071109NM000000000000000000000520071109NM0000000000000000000001');
INSERT INTO metadata_display_label ( default_locale, id, site_master, key_name) VALUES ('Site Master', '0gkfbhnglkf41mu9bmbhtejubt1vziukNM200904120000000000000000000030', 'www.runwaysdk.com', '0gkfbhnglkf41mu9bmbhtejubt1vziukNM200904120000000000000000000030');
 INSERT INTO visibilitymodifier (set_id, item_id)  VALUES  ('0sw63he5qy1u3ffgpymwqab5wzzwj1qe', '20071109NM000000000000000000000520071109NM0000000000000000000001');
 INSERT INTO md_attribute_indicies (set_id, item_id)  VALUES  ('zdsvi6vj965k0ud676wge8bxtlbmpmfi', '0000000000000000000000000000040100000000000000000000000000000403');
INSERT INTO metadata_display_label ( default_locale, id, site_master, key_name) VALUES ('The name of the site responsible for this object', 'xx82rkvk3g8ykl4g7t8yh0x4vwidtgo9NM200904120000000000000000000030', 'www.runwaysdk.com', 'xx82rkvk3g8ykl4g7t8yh0x4vwidtgo9NM200904120000000000000000000030');
INSERT INTO md_attribute_character ( default_value, database_size, id) VALUES (NULL, 255, '0krj101r9vif07plmak2lz0ff9oyxyzu00000000000000000000000000000138');
INSERT INTO md_attribute_char ( id) VALUES ('0krj101r9vif07plmak2lz0ff9oyxyzu00000000000000000000000000000138');
INSERT INTO md_attribute_primitive ( id) VALUES ('0krj101r9vif07plmak2lz0ff9oyxyzu00000000000000000000000000000138');
INSERT INTO md_attribute_concrete ( column_name, defining_md_class, setter_visibility, setter_visibility_c, immutable, index_name, generate_accessor, system, required, display_label, getter_visibility, getter_visibility_c, index_type, index_type_c, attribute_name, id) VALUES ('site_master', 'xihclu4hppoo54efkr8flhwskaumyenf0000000000000000000MdLocalStruct', 'yw3zzrw94bma3gh2i4s9tkpc7bti0t2j', '20071109NM000000000000000000000520071109NM0000000000000000000001', 1, 'aljrkhsi0tm9gz40vpk9vrubne9ja3', 1, 1, 1, '0gkfbhnglkf41mu9bmbhtejubt1vziukNM200904120000000000000000000030', '0sw63he5qy1u3ffgpymwqab5wzzwj1qe', '20071109NM000000000000000000000520071109NM0000000000000000000001', 'zdsvi6vj965k0ud676wge8bxtlbmpmfi', '0000000000000000000000000000040100000000000000000000000000000403', 'siteMaster', '0krj101r9vif07plmak2lz0ff9oyxyzu00000000000000000000000000000138');
INSERT INTO md_attribute ( id) VALUES ('0krj101r9vif07plmak2lz0ff9oyxyzu00000000000000000000000000000138');
INSERT INTO metadata ( description, created_by, owner, id, create_date, seq, type, remove, site_master, locked_by, entity_domain, last_updated_by, last_update_date, key_name) VALUES ('xx82rkvk3g8ykl4g7t8yh0x4vwidtgo9NM200904120000000000000000000030', '0000000000000000000000000000001000000000000000000000000000000003', '0000000000000000000000000000001000000000000000000000000000000003', '0krj101r9vif07plmak2lz0ff9oyxyzu00000000000000000000000000000138', '2014-01-15 15:41:39', 4549, 'com.runwaysdk.system.metadata.MdAttributeCharacter', 0, 'www.runwaysdk.com', NULL, NULL, '0000000000000000000000000000001000000000000000000000000000000003', '2014-01-15 15:41:39', 'com.runwaysdk.system.scheduler.JobHistoryHistoryComment.siteMaster');
ALTER TABLE job_history_history_comment ADD COLUMN site_master  varchar(255);
INSERT INTO class_attribute_concrete ( id, parent_id, child_id) VALUES ('s9k9ulhbpj70ndhf92pyphk8fhg3q5t900000000000000000000000000000073', 'xihclu4hppoo54efkr8flhwskaumyenf0000000000000000000MdLocalStruct', '0krj101r9vif07plmak2lz0ff9oyxyzu00000000000000000000000000000138');
INSERT INTO class_attribute ( id, parent_id, child_id) VALUES ('s9k9ulhbpj70ndhf92pyphk8fhg3q5t900000000000000000000000000000073', 'xihclu4hppoo54efkr8flhwskaumyenf0000000000000000000MdLocalStruct', '0krj101r9vif07plmak2lz0ff9oyxyzu00000000000000000000000000000138');
INSERT INTO metadata_relationship ( entity_domain, site_master, last_updated_by, id, owner, locked_by, create_date, type, created_by, seq, key_name, last_update_date, parent_id, child_id) VALUES (NULL, 'www.runwaysdk.com', '0000000000000000000000000000001000000000000000000000000000000003', 's9k9ulhbpj70ndhf92pyphk8fhg3q5t900000000000000000000000000000073', '0000000000000000000000000000001000000000000000000000000000000003', NULL, '2014-01-15 15:41:39', 'com.runwaysdk.system.metadata.ClassAttributeConcrete', '0000000000000000000000000000001000000000000000000000000000000003', 4550, 'com.runwaysdk.system.scheduler.JobHistoryHistoryComment.siteMaster', '2014-01-15 15:41:39', 'xihclu4hppoo54efkr8flhwskaumyenf0000000000000000000MdLocalStruct', '0krj101r9vif07plmak2lz0ff9oyxyzu00000000000000000000000000000138');
 INSERT INTO visibilitymodifier (set_id, item_id)  VALUES  ('20l5ben9gwimual9t5309dirda5bhfgu', '20071109NM000000000000000000000520071109NM0000000000000000000001');
INSERT INTO metadata_display_label ( default_locale, id, site_master, key_name) VALUES ('Key Name', '0mtmqdtd8qgxb1ys8qad0liamgvyev8qNM200904120000000000000000000030', 'www.runwaysdk.com', '0mtmqdtd8qgxb1ys8qad0liamgvyev8qNM200904120000000000000000000030');
 INSERT INTO visibilitymodifier (set_id, item_id)  VALUES  ('t09em073qywo2zjcv3tmp4bfpcazilci', '20071109NM000000000000000000000520071109NM0000000000000000000001');
 INSERT INTO md_attribute_indicies (set_id, item_id)  VALUES  ('07e450i6ung03z9meg20julllxyklshz', '0000000000000000000000000000040900000000000000000000000000000403');
INSERT INTO metadata_display_label ( default_locale, id, site_master, key_name) VALUES ('Key which uniquely identifies each instance of this type heirarchy.', '21i6hvr5fyee129qc3pyvb6nfnz5d6ixNM200904120000000000000000000030', 'www.runwaysdk.com', '21i6hvr5fyee129qc3pyvb6nfnz5d6ixNM200904120000000000000000000030');
INSERT INTO md_attribute_character ( default_value, database_size, id) VALUES (NULL, 255, '6psrc43fkgfoibr99i1syb5ov6d7330o00000000000000000000000000000138');
INSERT INTO md_attribute_char ( id) VALUES ('6psrc43fkgfoibr99i1syb5ov6d7330o00000000000000000000000000000138');
INSERT INTO md_attribute_primitive ( id) VALUES ('6psrc43fkgfoibr99i1syb5ov6d7330o00000000000000000000000000000138');
INSERT INTO md_attribute_concrete ( column_name, defining_md_class, setter_visibility, setter_visibility_c, immutable, index_name, generate_accessor, system, required, display_label, getter_visibility, getter_visibility_c, index_type, index_type_c, attribute_name, id) VALUES ('key_name', 'xihclu4hppoo54efkr8flhwskaumyenf0000000000000000000MdLocalStruct', '20l5ben9gwimual9t5309dirda5bhfgu', '20071109NM000000000000000000000520071109NM0000000000000000000001', 0, 'acakopghvgd4aujgszeimbmbt8m68w', 1, 0, 1, '0mtmqdtd8qgxb1ys8qad0liamgvyev8qNM200904120000000000000000000030', 't09em073qywo2zjcv3tmp4bfpcazilci', '20071109NM000000000000000000000520071109NM0000000000000000000001', '07e450i6ung03z9meg20julllxyklshz', '0000000000000000000000000000040900000000000000000000000000000403', 'keyName', '6psrc43fkgfoibr99i1syb5ov6d7330o00000000000000000000000000000138');
INSERT INTO md_attribute ( id) VALUES ('6psrc43fkgfoibr99i1syb5ov6d7330o00000000000000000000000000000138');
INSERT INTO metadata ( description, created_by, owner, id, create_date, seq, type, remove, site_master, locked_by, entity_domain, last_updated_by, last_update_date, key_name) VALUES ('21i6hvr5fyee129qc3pyvb6nfnz5d6ixNM200904120000000000000000000030', '0000000000000000000000000000001000000000000000000000000000000003', '0000000000000000000000000000001000000000000000000000000000000003', '6psrc43fkgfoibr99i1syb5ov6d7330o00000000000000000000000000000138', '2014-01-15 15:41:39', 4551, 'com.runwaysdk.system.metadata.MdAttributeCharacter', 1, 'www.runwaysdk.com', NULL, NULL, '0000000000000000000000000000001000000000000000000000000000000003', '2014-01-15 15:41:39', 'com.runwaysdk.system.scheduler.JobHistoryHistoryComment.keyName');
ALTER TABLE job_history_history_comment ADD COLUMN key_name  varchar(255);
INSERT INTO class_attribute_concrete ( id, parent_id, child_id) VALUES ('8x732wp46iqj6ernedqwcomt12ur6wvi00000000000000000000000000000073', 'xihclu4hppoo54efkr8flhwskaumyenf0000000000000000000MdLocalStruct', '6psrc43fkgfoibr99i1syb5ov6d7330o00000000000000000000000000000138');
INSERT INTO class_attribute ( id, parent_id, child_id) VALUES ('8x732wp46iqj6ernedqwcomt12ur6wvi00000000000000000000000000000073', 'xihclu4hppoo54efkr8flhwskaumyenf0000000000000000000MdLocalStruct', '6psrc43fkgfoibr99i1syb5ov6d7330o00000000000000000000000000000138');
INSERT INTO metadata_relationship ( entity_domain, site_master, last_updated_by, id, owner, locked_by, create_date, type, created_by, seq, key_name, last_update_date, parent_id, child_id) VALUES (NULL, 'www.runwaysdk.com', '0000000000000000000000000000001000000000000000000000000000000003', '8x732wp46iqj6ernedqwcomt12ur6wvi00000000000000000000000000000073', '0000000000000000000000000000001000000000000000000000000000000003', NULL, '2014-01-15 15:41:39', 'com.runwaysdk.system.metadata.ClassAttributeConcrete', '0000000000000000000000000000001000000000000000000000000000000003', 4552, 'com.runwaysdk.system.scheduler.JobHistoryHistoryComment.keyName', '2014-01-15 15:41:39', 'xihclu4hppoo54efkr8flhwskaumyenf0000000000000000000MdLocalStruct', '6psrc43fkgfoibr99i1syb5ov6d7330o00000000000000000000000000000138');
CREATE UNIQUE INDEX acakopghvgd4aujgszeimbmbt8m68w ON job_history_history_comment (key_name);
INSERT INTO metadata_display_label ( default_locale, id, site_master, key_name) VALUES (NULL, '8umbdsl0gwvigr0zsaz8z0qhkvsdxan5NM200904120000000000000000000030', 'www.runwaysdk.com', '8umbdsl0gwvigr0zsaz8z0qhkvsdxan5NM200904120000000000000000000030');
INSERT INTO metadata_display_label ( default_locale, id, site_master, key_name) VALUES (NULL, '0mun9cnpcvr4xuytsoi1mjvhxm2ej1xfNM200904120000000000000000000030', 'www.runwaysdk.com', '0mun9cnpcvr4xuytsoi1mjvhxm2ej1xfNM200904120000000000000000000030');
INSERT INTO md_controller ( stub_source, id) VALUES (NULL, '0o9uzgjofhem0f7t0lumha815x0clz14NM200810110000000000000000000112');
INSERT INTO md_type ( display_label, root_id, package_name, type_name, base_source, js_base, js_stub, exported, dto_source, id) VALUES ('8umbdsl0gwvigr0zsaz8z0qhkvsdxan5NM200904120000000000000000000030', '0o9uzgjofhem0f7t0lumha815x0clz14', 'com.runwaysdk.system.scheduler', 'JobHistoryHistoryCommentController', NULL, NULL, NULL, 1, NULL, '0o9uzgjofhem0f7t0lumha815x0clz14NM200810110000000000000000000112');
INSERT INTO metadata ( description, created_by, owner, id, create_date, seq, type, remove, site_master, locked_by, entity_domain, last_updated_by, last_update_date, key_name) VALUES ('0mun9cnpcvr4xuytsoi1mjvhxm2ej1xfNM200904120000000000000000000030', '0000000000000000000000000000001000000000000000000000000000000003', '0000000000000000000000000000001000000000000000000000000000000003', '0o9uzgjofhem0f7t0lumha815x0clz14NM200810110000000000000000000112', '2014-01-15 15:41:39', 4553, 'com.runwaysdk.system.metadata.MdController', 1, 'www.runwaysdk.com', NULL, NULL, '0000000000000000000000000000001000000000000000000000000000000003', '2014-01-15 15:41:39', 'com.runwaysdk.system.scheduler.JobHistoryHistoryCommentController');
INSERT INTO metadata_display_label ( default_locale, id, site_master, key_name) VALUES ('View Page', 'r9p32p9ou9gwmdp9vzjn1nu3qfhuq0s4NM200904120000000000000000000030', 'www.runwaysdk.com', 'r9p32p9ou9gwmdp9vzjn1nu3qfhuq0s4NM200904120000000000000000000030');
INSERT INTO metadata_display_label ( default_locale, id, site_master, key_name) VALUES ('Loads a ViewAll query for a specific page into the request object', '0960ncxwjzv24rj86ojfjvvg20cepm59NM200904120000000000000000000030', 'www.runwaysdk.com', '0960ncxwjzv24rj86ojfjvvg20cepm59NM200904120000000000000000000030');
INSERT INTO md_action ( is_query, enclosing_md_controller, is_post, action_name, display_label, id) VALUES (1, '0o9uzgjofhem0f7t0lumha815x0clz14NM200810110000000000000000000112', 0, 'viewPage', 'r9p32p9ou9gwmdp9vzjn1nu3qfhuq0s4NM200904120000000000000000000030', 'qn44pp4dhen4bnyfzn2o5zllg11nusdfNM200810110000000000000000000113');
INSERT INTO metadata ( description, created_by, owner, id, create_date, seq, type, remove, site_master, locked_by, entity_domain, last_updated_by, last_update_date, key_name) VALUES ('0960ncxwjzv24rj86ojfjvvg20cepm59NM200904120000000000000000000030', '0000000000000000000000000000001000000000000000000000000000000003', '0000000000000000000000000000001000000000000000000000000000000003', 'qn44pp4dhen4bnyfzn2o5zllg11nusdfNM200810110000000000000000000113', '2014-01-15 15:41:39', 4554, 'com.runwaysdk.system.metadata.MdAction', 1, 'www.runwaysdk.com', NULL, NULL, '0000000000000000000000000000001000000000000000000000000000000003', '2014-01-15 15:41:39', 'com.runwaysdk.system.scheduler.JobHistoryHistoryCommentController.viewPage');
INSERT INTO controller_action ( key_name, locked_by, id, owner, entity_domain, created_by, type, last_update_date, create_date, seq, last_updated_by, site_master, parent_id, child_id) VALUES ('com.runwaysdk.system.scheduler.JobHistoryHistoryCommentController.viewPage', NULL, 'qwz6c86qhzg58xjbzltcst67df5y5883JS200807230000000000000000111111', '0000000000000000000000000000001000000000000000000000000000000003', NULL, '0000000000000000000000000000001000000000000000000000000000000003', 'com.runwaysdk.system.ControllerAction', '2014-01-15 15:41:39', '2014-01-15 15:41:39', 4555, '0000000000000000000000000000001000000000000000000000000000000003', 'www.runwaysdk.com', '0o9uzgjofhem0f7t0lumha815x0clz14NM200810110000000000000000000112', 'qn44pp4dhen4bnyfzn2o5zllg11nusdfNM200810110000000000000000000113');
INSERT INTO metadata_display_label ( default_locale, id, site_master, key_name) VALUES ('Sort Attribute', '08mj8emckfyg0bwdqu53rs3qaws11mniNM200904120000000000000000000030', 'www.runwaysdk.com', '08mj8emckfyg0bwdqu53rs3qaws11mniNM200904120000000000000000000030');
INSERT INTO metadata_display_label ( default_locale, id, site_master, key_name) VALUES (NULL, '1sb8xsgkxiehfl99d844q3g39eleke60NM200904120000000000000000000030', 'www.runwaysdk.com', '1sb8xsgkxiehfl99d844q3g39eleke60NM200904120000000000000000000030');
INSERT INTO md_parameter ( metadata, parameter_order, parameter_name, parameter_type, display_label, id) VALUES ('qn44pp4dhen4bnyfzn2o5zllg11nusdfNM200810110000000000000000000113', -4, 'sortAttribute', 'java.lang.String', '08mj8emckfyg0bwdqu53rs3qaws11mniNM200904120000000000000000000030', 'xnm9t4phn9p3yrprsubj999ldro83j8t20070427JS0000000000000000001517');
INSERT INTO metadata ( description, created_by, owner, id, create_date, seq, type, remove, site_master, locked_by, entity_domain, last_updated_by, last_update_date, key_name) VALUES ('1sb8xsgkxiehfl99d844q3g39eleke60NM200904120000000000000000000030', '0000000000000000000000000000001000000000000000000000000000000003', '0000000000000000000000000000001000000000000000000000000000000003', 'xnm9t4phn9p3yrprsubj999ldro83j8t20070427JS0000000000000000001517', '2014-01-15 15:41:39', 4556, 'com.runwaysdk.system.metadata.MdParameter', 1, 'www.runwaysdk.com', NULL, NULL, '0000000000000000000000000000001000000000000000000000000000000003', '2014-01-15 15:41:39', 'com.runwaysdk.system.scheduler.JobHistoryHistoryCommentController.viewPage.sortAttribute');
INSERT INTO metadata_parameter ( site_master, last_updated_by, create_date, seq, locked_by, entity_domain, created_by, type, last_update_date, key_name, owner, id, parent_id, child_id) VALUES ('www.runwaysdk.com', '0000000000000000000000000000001000000000000000000000000000000003', '2014-01-15 15:41:39', 4557, NULL, NULL, '0000000000000000000000000000001000000000000000000000000000000003', 'com.runwaysdk.system.MetadataParameter', '2014-01-15 15:41:39', 'com.runwaysdk.system.scheduler.JobHistoryHistoryCommentController.viewPage.sortAttribute', '0000000000000000000000000000001000000000000000000000000000000003', '6tx6j4gwbyi5x1qkp6ct2deroskchpi520070427JS0000000000000000001524', 'qn44pp4dhen4bnyfzn2o5zllg11nusdfNM200810110000000000000000000113', 'xnm9t4phn9p3yrprsubj999ldro83j8t20070427JS0000000000000000001517');
INSERT INTO metadata_display_label ( default_locale, id, site_master, key_name) VALUES ('Is Ascending', '8pkvjn3z36bd7e7k8wiyowquiwpx502yNM200904120000000000000000000030', 'www.runwaysdk.com', '8pkvjn3z36bd7e7k8wiyowquiwpx502yNM200904120000000000000000000030');
INSERT INTO metadata_display_label ( default_locale, id, site_master, key_name) VALUES (NULL, '6qdf02zspk5r6vlum5hse207tptanabvNM200904120000000000000000000030', 'www.runwaysdk.com', '6qdf02zspk5r6vlum5hse207tptanabvNM200904120000000000000000000030');
INSERT INTO md_parameter ( metadata, parameter_order, parameter_name, parameter_type, display_label, id) VALUES ('qn44pp4dhen4bnyfzn2o5zllg11nusdfNM200810110000000000000000000113', -3, 'isAscending', 'java.lang.Boolean', '8pkvjn3z36bd7e7k8wiyowquiwpx502yNM200904120000000000000000000030', 'rc1l28kjc3sluog2xi5l56t4tchb9xv020070427JS0000000000000000001517');
INSERT INTO metadata ( description, created_by, owner, id, create_date, seq, type, remove, site_master, locked_by, entity_domain, last_updated_by, last_update_date, key_name) VALUES ('6qdf02zspk5r6vlum5hse207tptanabvNM200904120000000000000000000030', '0000000000000000000000000000001000000000000000000000000000000003', '0000000000000000000000000000001000000000000000000000000000000003', 'rc1l28kjc3sluog2xi5l56t4tchb9xv020070427JS0000000000000000001517', '2014-01-15 15:41:39', 4558, 'com.runwaysdk.system.metadata.MdParameter', 1, 'www.runwaysdk.com', NULL, NULL, '0000000000000000000000000000001000000000000000000000000000000003', '2014-01-15 15:41:39', 'com.runwaysdk.system.scheduler.JobHistoryHistoryCommentController.viewPage.isAscending');
INSERT INTO metadata_parameter ( site_master, last_updated_by, create_date, seq, locked_by, entity_domain, created_by, type, last_update_date, key_name, owner, id, parent_id, child_id) VALUES ('www.runwaysdk.com', '0000000000000000000000000000001000000000000000000000000000000003', '2014-01-15 15:41:39', 4559, NULL, NULL, '0000000000000000000000000000001000000000000000000000000000000003', 'com.runwaysdk.system.MetadataParameter', '2014-01-15 15:41:39', 'com.runwaysdk.system.scheduler.JobHistoryHistoryCommentController.viewPage.isAscending', '0000000000000000000000000000001000000000000000000000000000000003', 'xg4hxfcc316gazh3nv6p4vl8hwwct5ak20070427JS0000000000000000001524', 'qn44pp4dhen4bnyfzn2o5zllg11nusdfNM200810110000000000000000000113', 'rc1l28kjc3sluog2xi5l56t4tchb9xv020070427JS0000000000000000001517');
INSERT INTO metadata_display_label ( default_locale, id, site_master, key_name) VALUES ('Page Size', 'slc5cg4jbp9mjhfrzvntwq2nqaqt39h9NM200904120000000000000000000030', 'www.runwaysdk.com', 'slc5cg4jbp9mjhfrzvntwq2nqaqt39h9NM200904120000000000000000000030');
INSERT INTO metadata_display_label ( default_locale, id, site_master, key_name) VALUES (NULL, '6qld957gvat15s9zwbricytiij725u0aNM200904120000000000000000000030', 'www.runwaysdk.com', '6qld957gvat15s9zwbricytiij725u0aNM200904120000000000000000000030');
INSERT INTO md_parameter ( metadata, parameter_order, parameter_name, parameter_type, display_label, id) VALUES ('qn44pp4dhen4bnyfzn2o5zllg11nusdfNM200810110000000000000000000113', -2, 'pageSize', 'java.lang.Integer', 'slc5cg4jbp9mjhfrzvntwq2nqaqt39h9NM200904120000000000000000000030', '70eng8dc9f4ez42ulqddm2pc5f926lwk20070427JS0000000000000000001517');
INSERT INTO metadata ( description, created_by, owner, id, create_date, seq, type, remove, site_master, locked_by, entity_domain, last_updated_by, last_update_date, key_name) VALUES ('6qld957gvat15s9zwbricytiij725u0aNM200904120000000000000000000030', '0000000000000000000000000000001000000000000000000000000000000003', '0000000000000000000000000000001000000000000000000000000000000003', '70eng8dc9f4ez42ulqddm2pc5f926lwk20070427JS0000000000000000001517', '2014-01-15 15:41:39', 4560, 'com.runwaysdk.system.metadata.MdParameter', 1, 'www.runwaysdk.com', NULL, NULL, '0000000000000000000000000000001000000000000000000000000000000003', '2014-01-15 15:41:39', 'com.runwaysdk.system.scheduler.JobHistoryHistoryCommentController.viewPage.pageSize');
INSERT INTO metadata_parameter ( site_master, last_updated_by, create_date, seq, locked_by, entity_domain, created_by, type, last_update_date, key_name, owner, id, parent_id, child_id) VALUES ('www.runwaysdk.com', '0000000000000000000000000000001000000000000000000000000000000003', '2014-01-15 15:41:39', 4561, NULL, NULL, '0000000000000000000000000000001000000000000000000000000000000003', 'com.runwaysdk.system.MetadataParameter', '2014-01-15 15:41:39', 'com.runwaysdk.system.scheduler.JobHistoryHistoryCommentController.viewPage.pageSize', '0000000000000000000000000000001000000000000000000000000000000003', 'xc1yqsuiikzs3d42hwi2d1ev7c6xrz3o20070427JS0000000000000000001524', 'qn44pp4dhen4bnyfzn2o5zllg11nusdfNM200810110000000000000000000113', '70eng8dc9f4ez42ulqddm2pc5f926lwk20070427JS0000000000000000001517');
INSERT INTO metadata_display_label ( default_locale, id, site_master, key_name) VALUES ('Page Number', '1ny1lvkkqtoq590g4c9j2s97h9gegdlwNM200904120000000000000000000030', 'www.runwaysdk.com', '1ny1lvkkqtoq590g4c9j2s97h9gegdlwNM200904120000000000000000000030');
INSERT INTO metadata_display_label ( default_locale, id, site_master, key_name) VALUES (NULL, 'za61jyti9uyl8x8kepi83oe4ebz070nlNM200904120000000000000000000030', 'www.runwaysdk.com', 'za61jyti9uyl8x8kepi83oe4ebz070nlNM200904120000000000000000000030');
INSERT INTO md_parameter ( metadata, parameter_order, parameter_name, parameter_type, display_label, id) VALUES ('qn44pp4dhen4bnyfzn2o5zllg11nusdfNM200810110000000000000000000113', -1, 'pageNumber', 'java.lang.Integer', '1ny1lvkkqtoq590g4c9j2s97h9gegdlwNM200904120000000000000000000030', 'z39tmxn9ewd36ekexi1aro6nhjdoo1e020070427JS0000000000000000001517');
INSERT INTO metadata ( description, created_by, owner, id, create_date, seq, type, remove, site_master, locked_by, entity_domain, last_updated_by, last_update_date, key_name) VALUES ('za61jyti9uyl8x8kepi83oe4ebz070nlNM200904120000000000000000000030', '0000000000000000000000000000001000000000000000000000000000000003', '0000000000000000000000000000001000000000000000000000000000000003', 'z39tmxn9ewd36ekexi1aro6nhjdoo1e020070427JS0000000000000000001517', '2014-01-15 15:41:39', 4562, 'com.runwaysdk.system.metadata.MdParameter', 1, 'www.runwaysdk.com', NULL, NULL, '0000000000000000000000000000001000000000000000000000000000000003', '2014-01-15 15:41:39', 'com.runwaysdk.system.scheduler.JobHistoryHistoryCommentController.viewPage.pageNumber');
INSERT INTO metadata_parameter ( site_master, last_updated_by, create_date, seq, locked_by, entity_domain, created_by, type, last_update_date, key_name, owner, id, parent_id, child_id) VALUES ('www.runwaysdk.com', '0000000000000000000000000000001000000000000000000000000000000003', '2014-01-15 15:41:39', 4563, NULL, NULL, '0000000000000000000000000000001000000000000000000000000000000003', 'com.runwaysdk.system.MetadataParameter', '2014-01-15 15:41:39', 'com.runwaysdk.system.scheduler.JobHistoryHistoryCommentController.viewPage.pageNumber', '0000000000000000000000000000001000000000000000000000000000000003', '8incghj3epvxnglmbbnwyd48dgwij4km20070427JS0000000000000000001524', 'qn44pp4dhen4bnyfzn2o5zllg11nusdfNM200810110000000000000000000113', 'z39tmxn9ewd36ekexi1aro6nhjdoo1e020070427JS0000000000000000001517');
INSERT INTO metadata_display_label ( default_locale, id, site_master, key_name) VALUES ('View All', 'qlv53sdg6tx8bef3k3ljf6imale46bg7NM200904120000000000000000000030', 'www.runwaysdk.com', 'qlv53sdg6tx8bef3k3ljf6imale46bg7NM200904120000000000000000000030');
INSERT INTO metadata_display_label ( default_locale, id, site_master, key_name) VALUES ('Loads a ViewAll query with the default settings', '1xp5dxihjaqp5orvpt1q8a3epq63bs9qNM200904120000000000000000000030', 'www.runwaysdk.com', '1xp5dxihjaqp5orvpt1q8a3epq63bs9qNM200904120000000000000000000030');
INSERT INTO md_action ( is_query, enclosing_md_controller, is_post, action_name, display_label, id) VALUES (0, '0o9uzgjofhem0f7t0lumha815x0clz14NM200810110000000000000000000112', 0, 'viewAll', 'qlv53sdg6tx8bef3k3ljf6imale46bg7NM200904120000000000000000000030', 'zf1fxtg4z9lmak7avpkntf4j76qd5w84NM200810110000000000000000000113');
INSERT INTO metadata ( description, created_by, owner, id, create_date, seq, type, remove, site_master, locked_by, entity_domain, last_updated_by, last_update_date, key_name) VALUES ('1xp5dxihjaqp5orvpt1q8a3epq63bs9qNM200904120000000000000000000030', '0000000000000000000000000000001000000000000000000000000000000003', '0000000000000000000000000000001000000000000000000000000000000003', 'zf1fxtg4z9lmak7avpkntf4j76qd5w84NM200810110000000000000000000113', '2014-01-15 15:41:39', 4564, 'com.runwaysdk.system.metadata.MdAction', 1, 'www.runwaysdk.com', NULL, NULL, '0000000000000000000000000000001000000000000000000000000000000003', '2014-01-15 15:41:39', 'com.runwaysdk.system.scheduler.JobHistoryHistoryCommentController.viewAll');
INSERT INTO controller_action ( key_name, locked_by, id, owner, entity_domain, created_by, type, last_update_date, create_date, seq, last_updated_by, site_master, parent_id, child_id) VALUES ('com.runwaysdk.system.scheduler.JobHistoryHistoryCommentController.viewAll', NULL, 'z7fpk3q89wcqgpokg33rweq46xgmmepyJS200807230000000000000000111111', '0000000000000000000000000000001000000000000000000000000000000003', NULL, '0000000000000000000000000000001000000000000000000000000000000003', 'com.runwaysdk.system.ControllerAction', '2014-01-15 15:41:39', '2014-01-15 15:41:39', 4565, '0000000000000000000000000000001000000000000000000000000000000003', 'www.runwaysdk.com', '0o9uzgjofhem0f7t0lumha815x0clz14NM200810110000000000000000000112', 'zf1fxtg4z9lmak7avpkntf4j76qd5w84NM200810110000000000000000000113');
INSERT INTO metadata_display_label ( default_locale, id, site_master, key_name) VALUES ('View', '03gfd14hgt4ddasdnhi52so8an2sbtmgNM200904120000000000000000000030', 'www.runwaysdk.com', '03gfd14hgt4ddasdnhi52so8an2sbtmgNM200904120000000000000000000030');
INSERT INTO metadata_display_label ( default_locale, id, site_master, key_name) VALUES ('View an existing instance of com.runwaysdk.system.scheduler.JobHistoryHistoryComment', 'zjer5o1itai2d7wv0k9gb4hk3gc62dmjNM200904120000000000000000000030', 'www.runwaysdk.com', 'zjer5o1itai2d7wv0k9gb4hk3gc62dmjNM200904120000000000000000000030');
INSERT INTO md_action ( is_query, enclosing_md_controller, is_post, action_name, display_label, id) VALUES (0, '0o9uzgjofhem0f7t0lumha815x0clz14NM200810110000000000000000000112', 0, 'view', '03gfd14hgt4ddasdnhi52so8an2sbtmgNM200904120000000000000000000030', '73lvbrclyxsce123ag76dq4tzbhlar6yNM200810110000000000000000000113');
INSERT INTO metadata ( description, created_by, owner, id, create_date, seq, type, remove, site_master, locked_by, entity_domain, last_updated_by, last_update_date, key_name) VALUES ('zjer5o1itai2d7wv0k9gb4hk3gc62dmjNM200904120000000000000000000030', '0000000000000000000000000000001000000000000000000000000000000003', '0000000000000000000000000000001000000000000000000000000000000003', '73lvbrclyxsce123ag76dq4tzbhlar6yNM200810110000000000000000000113', '2014-01-15 15:41:39', 4566, 'com.runwaysdk.system.metadata.MdAction', 1, 'www.runwaysdk.com', NULL, NULL, '0000000000000000000000000000001000000000000000000000000000000003', '2014-01-15 15:41:39', 'com.runwaysdk.system.scheduler.JobHistoryHistoryCommentController.view');
INSERT INTO controller_action ( key_name, locked_by, id, owner, entity_domain, created_by, type, last_update_date, create_date, seq, last_updated_by, site_master, parent_id, child_id) VALUES ('com.runwaysdk.system.scheduler.JobHistoryHistoryCommentController.view', NULL, '289aznvnasyo6wszk51n956qhep897aoJS200807230000000000000000111111', '0000000000000000000000000000001000000000000000000000000000000003', NULL, '0000000000000000000000000000001000000000000000000000000000000003', 'com.runwaysdk.system.ControllerAction', '2014-01-15 15:41:39', '2014-01-15 15:41:39', 4567, '0000000000000000000000000000001000000000000000000000000000000003', 'www.runwaysdk.com', '0o9uzgjofhem0f7t0lumha815x0clz14NM200810110000000000000000000112', '73lvbrclyxsce123ag76dq4tzbhlar6yNM200810110000000000000000000113');
INSERT INTO metadata_display_label ( default_locale, id, site_master, key_name) VALUES ('Parameter: com.runwaysdk.system.scheduler.JobHistoryHistoryComment - id', '1xa6gwi3seoemw8hu0uwoy17z2u9xss4NM200904120000000000000000000030', 'www.runwaysdk.com', '1xa6gwi3seoemw8hu0uwoy17z2u9xss4NM200904120000000000000000000030');
INSERT INTO metadata_display_label ( default_locale, id, site_master, key_name) VALUES ('Id of com.runwaysdk.system.scheduler.JobHistoryHistoryComment to view.', '1vmcpxcp1nkgges6dibtx0slrb4x82zfNM200904120000000000000000000030', 'www.runwaysdk.com', '1vmcpxcp1nkgges6dibtx0slrb4x82zfNM200904120000000000000000000030');
INSERT INTO md_parameter ( metadata, parameter_order, parameter_name, parameter_type, display_label, id) VALUES ('73lvbrclyxsce123ag76dq4tzbhlar6yNM200810110000000000000000000113', 0, 'id', 'java.lang.String', '1xa6gwi3seoemw8hu0uwoy17z2u9xss4NM200904120000000000000000000030', '8x27mtd2762awjzwznyjvgwhmbulza3o20070427JS0000000000000000001517');
INSERT INTO metadata ( description, created_by, owner, id, create_date, seq, type, remove, site_master, locked_by, entity_domain, last_updated_by, last_update_date, key_name) VALUES ('1vmcpxcp1nkgges6dibtx0slrb4x82zfNM200904120000000000000000000030', '0000000000000000000000000000001000000000000000000000000000000003', '0000000000000000000000000000001000000000000000000000000000000003', '8x27mtd2762awjzwznyjvgwhmbulza3o20070427JS0000000000000000001517', '2014-01-15 15:41:39', 4568, 'com.runwaysdk.system.metadata.MdParameter', 1, 'www.runwaysdk.com', NULL, NULL, '0000000000000000000000000000001000000000000000000000000000000003', '2014-01-15 15:41:39', 'com.runwaysdk.system.scheduler.JobHistoryHistoryCommentController.view.id');
INSERT INTO metadata_parameter ( site_master, last_updated_by, create_date, seq, locked_by, entity_domain, created_by, type, last_update_date, key_name, owner, id, parent_id, child_id) VALUES ('www.runwaysdk.com', '0000000000000000000000000000001000000000000000000000000000000003', '2014-01-15 15:41:39', 4569, NULL, NULL, '0000000000000000000000000000001000000000000000000000000000000003', 'com.runwaysdk.system.MetadataParameter', '2014-01-15 15:41:39', 'com.runwaysdk.system.scheduler.JobHistoryHistoryCommentController.view.id', '0000000000000000000000000000001000000000000000000000000000000003', '75s8mra1tzvqjhv88xqkwk1gzpzypbia20070427JS0000000000000000001524', '73lvbrclyxsce123ag76dq4tzbhlar6yNM200810110000000000000000000113', '8x27mtd2762awjzwznyjvgwhmbulza3o20070427JS0000000000000000001517');
INSERT INTO metadata_display_label ( default_locale, id, site_master, key_name) VALUES ('New Instance', 'synjq2w92bfivvtr6zm01jr0wda9x1m9NM200904120000000000000000000030', 'www.runwaysdk.com', 'synjq2w92bfivvtr6zm01jr0wda9x1m9NM200904120000000000000000000030');
INSERT INTO metadata_display_label ( default_locale, id, site_master, key_name) VALUES ('Loads a new instance of com.runwaysdk.system.scheduler.JobHistoryHistoryComment into the request object', '2a9jkblnsdbkvtzvnvprnktmtlyvlbx0NM200904120000000000000000000030', 'www.runwaysdk.com', '2a9jkblnsdbkvtzvnvprnktmtlyvlbx0NM200904120000000000000000000030');
INSERT INTO md_action ( is_query, enclosing_md_controller, is_post, action_name, display_label, id) VALUES (0, '0o9uzgjofhem0f7t0lumha815x0clz14NM200810110000000000000000000112', 0, 'newInstance', 'synjq2w92bfivvtr6zm01jr0wda9x1m9NM200904120000000000000000000030', 'qut5ow4z2090z4g184ezw470iosr2tzjNM200810110000000000000000000113');
INSERT INTO metadata ( description, created_by, owner, id, create_date, seq, type, remove, site_master, locked_by, entity_domain, last_updated_by, last_update_date, key_name) VALUES ('2a9jkblnsdbkvtzvnvprnktmtlyvlbx0NM200904120000000000000000000030', '0000000000000000000000000000001000000000000000000000000000000003', '0000000000000000000000000000001000000000000000000000000000000003', 'qut5ow4z2090z4g184ezw470iosr2tzjNM200810110000000000000000000113', '2014-01-15 15:41:39', 4570, 'com.runwaysdk.system.metadata.MdAction', 1, 'www.runwaysdk.com', NULL, NULL, '0000000000000000000000000000001000000000000000000000000000000003', '2014-01-15 15:41:39', 'com.runwaysdk.system.scheduler.JobHistoryHistoryCommentController.newInstance');
INSERT INTO controller_action ( key_name, locked_by, id, owner, entity_domain, created_by, type, last_update_date, create_date, seq, last_updated_by, site_master, parent_id, child_id) VALUES ('com.runwaysdk.system.scheduler.JobHistoryHistoryCommentController.newInstance', NULL, 'r5j8a08b7juoaom0so6u3sb2ihhwewy5JS200807230000000000000000111111', '0000000000000000000000000000001000000000000000000000000000000003', NULL, '0000000000000000000000000000001000000000000000000000000000000003', 'com.runwaysdk.system.ControllerAction', '2014-01-15 15:41:39', '2014-01-15 15:41:39', 4571, '0000000000000000000000000000001000000000000000000000000000000003', 'www.runwaysdk.com', '0o9uzgjofhem0f7t0lumha815x0clz14NM200810110000000000000000000112', 'qut5ow4z2090z4g184ezw470iosr2tzjNM200810110000000000000000000113');
INSERT INTO metadata_display_label ( default_locale, id, site_master, key_name) VALUES ('Create', '8c4ajdserma7aem9axbnwb4f617rnl4pNM200904120000000000000000000030', 'www.runwaysdk.com', '8c4ajdserma7aem9axbnwb4f617rnl4pNM200904120000000000000000000030');
INSERT INTO metadata_display_label ( default_locale, id, site_master, key_name) VALUES ('Applys a new instance of com.runwaysdk.system.scheduler.JobHistoryHistoryComment', 'sj7yol7rsca9kkwbj85krjgkl3fwtwqmNM200904120000000000000000000030', 'www.runwaysdk.com', 'sj7yol7rsca9kkwbj85krjgkl3fwtwqmNM200904120000000000000000000030');
INSERT INTO md_action ( is_query, enclosing_md_controller, is_post, action_name, display_label, id) VALUES (0, '0o9uzgjofhem0f7t0lumha815x0clz14NM200810110000000000000000000112', 1, 'create', '8c4ajdserma7aem9axbnwb4f617rnl4pNM200904120000000000000000000030', '90aacrecrtxrobioemam2m2kmbp3t2tvNM200810110000000000000000000113');
INSERT INTO metadata ( description, created_by, owner, id, create_date, seq, type, remove, site_master, locked_by, entity_domain, last_updated_by, last_update_date, key_name) VALUES ('sj7yol7rsca9kkwbj85krjgkl3fwtwqmNM200904120000000000000000000030', '0000000000000000000000000000001000000000000000000000000000000003', '0000000000000000000000000000001000000000000000000000000000000003', '90aacrecrtxrobioemam2m2kmbp3t2tvNM200810110000000000000000000113', '2014-01-15 15:41:39', 4572, 'com.runwaysdk.system.metadata.MdAction', 1, 'www.runwaysdk.com', NULL, NULL, '0000000000000000000000000000001000000000000000000000000000000003', '2014-01-15 15:41:39', 'com.runwaysdk.system.scheduler.JobHistoryHistoryCommentController.create');
INSERT INTO controller_action ( key_name, locked_by, id, owner, entity_domain, created_by, type, last_update_date, create_date, seq, last_updated_by, site_master, parent_id, child_id) VALUES ('com.runwaysdk.system.scheduler.JobHistoryHistoryCommentController.create', NULL, 'xqo2saxhmjhfqruhrj8np8py0vt2caqxJS200807230000000000000000111111', '0000000000000000000000000000001000000000000000000000000000000003', NULL, '0000000000000000000000000000001000000000000000000000000000000003', 'com.runwaysdk.system.ControllerAction', '2014-01-15 15:41:39', '2014-01-15 15:41:39', 4573, '0000000000000000000000000000001000000000000000000000000000000003', 'www.runwaysdk.com', '0o9uzgjofhem0f7t0lumha815x0clz14NM200810110000000000000000000112', '90aacrecrtxrobioemam2m2kmbp3t2tvNM200810110000000000000000000113');
INSERT INTO metadata_display_label ( default_locale, id, site_master, key_name) VALUES ('Parameter: com.runwaysdk.system.scheduler.JobHistoryHistoryComment', 't1chechgxbuo8j7zggoo00s8fc851447NM200904120000000000000000000030', 'www.runwaysdk.com', 't1chechgxbuo8j7zggoo00s8fc851447NM200904120000000000000000000030');
INSERT INTO metadata_display_label ( default_locale, id, site_master, key_name) VALUES ('com.runwaysdk.system.scheduler.JobHistoryHistoryComment to apply to the database', '2a4tgm19p5o5i13llj7uc6dtpj51zdasNM200904120000000000000000000030', 'www.runwaysdk.com', '2a4tgm19p5o5i13llj7uc6dtpj51zdasNM200904120000000000000000000030');
INSERT INTO md_parameter ( metadata, parameter_order, parameter_name, parameter_type, display_label, id) VALUES ('90aacrecrtxrobioemam2m2kmbp3t2tvNM200810110000000000000000000113', 0, 'dto', 'com.runwaysdk.system.scheduler.JobHistoryHistoryComment', 't1chechgxbuo8j7zggoo00s8fc851447NM200904120000000000000000000030', 'sp746j49tfv3dsno6wvhzjipr0cww0cv20070427JS0000000000000000001517');
INSERT INTO metadata ( description, created_by, owner, id, create_date, seq, type, remove, site_master, locked_by, entity_domain, last_updated_by, last_update_date, key_name) VALUES ('2a4tgm19p5o5i13llj7uc6dtpj51zdasNM200904120000000000000000000030', '0000000000000000000000000000001000000000000000000000000000000003', '0000000000000000000000000000001000000000000000000000000000000003', 'sp746j49tfv3dsno6wvhzjipr0cww0cv20070427JS0000000000000000001517', '2014-01-15 15:41:39', 4574, 'com.runwaysdk.system.metadata.MdParameter', 1, 'www.runwaysdk.com', NULL, NULL, '0000000000000000000000000000001000000000000000000000000000000003', '2014-01-15 15:41:39', 'com.runwaysdk.system.scheduler.JobHistoryHistoryCommentController.create.dto');
INSERT INTO metadata_parameter ( site_master, last_updated_by, create_date, seq, locked_by, entity_domain, created_by, type, last_update_date, key_name, owner, id, parent_id, child_id) VALUES ('www.runwaysdk.com', '0000000000000000000000000000001000000000000000000000000000000003', '2014-01-15 15:41:39', 4575, NULL, NULL, '0000000000000000000000000000001000000000000000000000000000000003', 'com.runwaysdk.system.MetadataParameter', '2014-01-15 15:41:39', 'com.runwaysdk.system.scheduler.JobHistoryHistoryCommentController.create.dto', '0000000000000000000000000000001000000000000000000000000000000003', 'zc3z9cm4skr1unk9f4bshwr9s7ritfh120070427JS0000000000000000001524', '90aacrecrtxrobioemam2m2kmbp3t2tvNM200810110000000000000000000113', 'sp746j49tfv3dsno6wvhzjipr0cww0cv20070427JS0000000000000000001517');
INSERT INTO metadata_display_label ( default_locale, id, site_master, key_name) VALUES ('edit', '8h8ox01rxf2bnz4dq6nlugz5rrdadxgwNM200904120000000000000000000030', 'www.runwaysdk.com', '8h8ox01rxf2bnz4dq6nlugz5rrdadxgwNM200904120000000000000000000030');
INSERT INTO metadata_display_label ( default_locale, id, site_master, key_name) VALUES ('Applys an existing instance of com.runwaysdk.system.scheduler.JobHistoryHistoryComment', '1oqvuj5ozjf9lzptrexfekcskkb5dtzuNM200904120000000000000000000030', 'www.runwaysdk.com', '1oqvuj5ozjf9lzptrexfekcskkb5dtzuNM200904120000000000000000000030');
INSERT INTO md_action ( is_query, enclosing_md_controller, is_post, action_name, display_label, id) VALUES (0, '0o9uzgjofhem0f7t0lumha815x0clz14NM200810110000000000000000000112', 0, 'edit', '8h8ox01rxf2bnz4dq6nlugz5rrdadxgwNM200904120000000000000000000030', 'sefvzfdxr6zfcy5idbaa2znd6n3hwmr8NM200810110000000000000000000113');
INSERT INTO metadata ( description, created_by, owner, id, create_date, seq, type, remove, site_master, locked_by, entity_domain, last_updated_by, last_update_date, key_name) VALUES ('1oqvuj5ozjf9lzptrexfekcskkb5dtzuNM200904120000000000000000000030', '0000000000000000000000000000001000000000000000000000000000000003', '0000000000000000000000000000001000000000000000000000000000000003', 'sefvzfdxr6zfcy5idbaa2znd6n3hwmr8NM200810110000000000000000000113', '2014-01-15 15:41:39', 4576, 'com.runwaysdk.system.metadata.MdAction', 1, 'www.runwaysdk.com', NULL, NULL, '0000000000000000000000000000001000000000000000000000000000000003', '2014-01-15 15:41:39', 'com.runwaysdk.system.scheduler.JobHistoryHistoryCommentController.edit');
INSERT INTO controller_action ( key_name, locked_by, id, owner, entity_domain, created_by, type, last_update_date, create_date, seq, last_updated_by, site_master, parent_id, child_id) VALUES ('com.runwaysdk.system.scheduler.JobHistoryHistoryCommentController.edit', NULL, 'zix83agmxummdxfbesgalef3d93y2lr3JS200807230000000000000000111111', '0000000000000000000000000000001000000000000000000000000000000003', NULL, '0000000000000000000000000000001000000000000000000000000000000003', 'com.runwaysdk.system.ControllerAction', '2014-01-15 15:41:39', '2014-01-15 15:41:39', 4577, '0000000000000000000000000000001000000000000000000000000000000003', 'www.runwaysdk.com', '0o9uzgjofhem0f7t0lumha815x0clz14NM200810110000000000000000000112', 'sefvzfdxr6zfcy5idbaa2znd6n3hwmr8NM200810110000000000000000000113');
INSERT INTO metadata_display_label ( default_locale, id, site_master, key_name) VALUES ('Parameter: com.runwaysdk.system.scheduler.JobHistoryHistoryComment', 't1dyg6vxdrtdfiwtzabosego1n4ixy66NM200904120000000000000000000030', 'www.runwaysdk.com', 't1dyg6vxdrtdfiwtzabosego1n4ixy66NM200904120000000000000000000030');
INSERT INTO metadata_display_label ( default_locale, id, site_master, key_name) VALUES ('com.runwaysdk.system.scheduler.JobHistoryHistoryComment to apply to the database', '7av5svxpl5aspdevq66xmxx06zkb7layNM200904120000000000000000000030', 'www.runwaysdk.com', '7av5svxpl5aspdevq66xmxx06zkb7layNM200904120000000000000000000030');
INSERT INTO md_parameter ( metadata, parameter_order, parameter_name, parameter_type, display_label, id) VALUES ('sefvzfdxr6zfcy5idbaa2znd6n3hwmr8NM200810110000000000000000000113', 0, 'id', 'java.lang.String', 't1dyg6vxdrtdfiwtzabosego1n4ixy66NM200904120000000000000000000030', '7edpqg14n2g041u2rsdcyoz2pybar2kh20070427JS0000000000000000001517');
INSERT INTO metadata ( description, created_by, owner, id, create_date, seq, type, remove, site_master, locked_by, entity_domain, last_updated_by, last_update_date, key_name) VALUES ('7av5svxpl5aspdevq66xmxx06zkb7layNM200904120000000000000000000030', '0000000000000000000000000000001000000000000000000000000000000003', '0000000000000000000000000000001000000000000000000000000000000003', '7edpqg14n2g041u2rsdcyoz2pybar2kh20070427JS0000000000000000001517', '2014-01-15 15:41:39', 4578, 'com.runwaysdk.system.metadata.MdParameter', 1, 'www.runwaysdk.com', NULL, NULL, '0000000000000000000000000000001000000000000000000000000000000003', '2014-01-15 15:41:39', 'com.runwaysdk.system.scheduler.JobHistoryHistoryCommentController.edit.id');
INSERT INTO metadata_parameter ( site_master, last_updated_by, create_date, seq, locked_by, entity_domain, created_by, type, last_update_date, key_name, owner, id, parent_id, child_id) VALUES ('www.runwaysdk.com', '0000000000000000000000000000001000000000000000000000000000000003', '2014-01-15 15:41:39', 4579, NULL, NULL, '0000000000000000000000000000001000000000000000000000000000000003', 'com.runwaysdk.system.MetadataParameter', '2014-01-15 15:41:39', 'com.runwaysdk.system.scheduler.JobHistoryHistoryCommentController.edit.id', '0000000000000000000000000000001000000000000000000000000000000003', 'xsrpjros1ov87tew809gpxe1hu14dsij20070427JS0000000000000000001524', 'sefvzfdxr6zfcy5idbaa2znd6n3hwmr8NM200810110000000000000000000113', '7edpqg14n2g041u2rsdcyoz2pybar2kh20070427JS0000000000000000001517');
INSERT INTO metadata_display_label ( default_locale, id, site_master, key_name) VALUES ('update', '250jhpaj5xdnbfn74ju6oc0me3e1zvltNM200904120000000000000000000030', 'www.runwaysdk.com', '250jhpaj5xdnbfn74ju6oc0me3e1zvltNM200904120000000000000000000030');
INSERT INTO metadata_display_label ( default_locale, id, site_master, key_name) VALUES ('Applys an existing instance of com.runwaysdk.system.scheduler.JobHistoryHistoryComment', '79np3gz9ezxar68sltiezovafxf6fdypNM200904120000000000000000000030', 'www.runwaysdk.com', '79np3gz9ezxar68sltiezovafxf6fdypNM200904120000000000000000000030');
INSERT INTO md_action ( is_query, enclosing_md_controller, is_post, action_name, display_label, id) VALUES (0, '0o9uzgjofhem0f7t0lumha815x0clz14NM200810110000000000000000000112', 1, 'update', '250jhpaj5xdnbfn74ju6oc0me3e1zvltNM200904120000000000000000000030', '6vlacro66pgl64km8pqfav7z2w1xgpgqNM200810110000000000000000000113');
INSERT INTO metadata ( description, created_by, owner, id, create_date, seq, type, remove, site_master, locked_by, entity_domain, last_updated_by, last_update_date, key_name) VALUES ('79np3gz9ezxar68sltiezovafxf6fdypNM200904120000000000000000000030', '0000000000000000000000000000001000000000000000000000000000000003', '0000000000000000000000000000001000000000000000000000000000000003', '6vlacro66pgl64km8pqfav7z2w1xgpgqNM200810110000000000000000000113', '2014-01-15 15:41:39', 4580, 'com.runwaysdk.system.metadata.MdAction', 1, 'www.runwaysdk.com', NULL, NULL, '0000000000000000000000000000001000000000000000000000000000000003', '2014-01-15 15:41:39', 'com.runwaysdk.system.scheduler.JobHistoryHistoryCommentController.update');
INSERT INTO controller_action ( key_name, locked_by, id, owner, entity_domain, created_by, type, last_update_date, create_date, seq, last_updated_by, site_master, parent_id, child_id) VALUES ('com.runwaysdk.system.scheduler.JobHistoryHistoryCommentController.update', NULL, 'yxjkua9tnaim5oty362j0veizmxngsr0JS200807230000000000000000111111', '0000000000000000000000000000001000000000000000000000000000000003', NULL, '0000000000000000000000000000001000000000000000000000000000000003', 'com.runwaysdk.system.ControllerAction', '2014-01-15 15:41:39', '2014-01-15 15:41:39', 4581, '0000000000000000000000000000001000000000000000000000000000000003', 'www.runwaysdk.com', '0o9uzgjofhem0f7t0lumha815x0clz14NM200810110000000000000000000112', '6vlacro66pgl64km8pqfav7z2w1xgpgqNM200810110000000000000000000113');
INSERT INTO metadata_display_label ( default_locale, id, site_master, key_name) VALUES ('Parameter: com.runwaysdk.system.scheduler.JobHistoryHistoryComment - dto', '064nqeo8h7fzzau857qc3iqi7bjgbjbnNM200904120000000000000000000030', 'www.runwaysdk.com', '064nqeo8h7fzzau857qc3iqi7bjgbjbnNM200904120000000000000000000030');
INSERT INTO metadata_display_label ( default_locale, id, site_master, key_name) VALUES ('com.runwaysdk.system.scheduler.JobHistoryHistoryComment to apply to the database', '2gbrphrc8dbluh8zbmf8xr85gvsg6k61NM200904120000000000000000000030', 'www.runwaysdk.com', '2gbrphrc8dbluh8zbmf8xr85gvsg6k61NM200904120000000000000000000030');
INSERT INTO md_parameter ( metadata, parameter_order, parameter_name, parameter_type, display_label, id) VALUES ('6vlacro66pgl64km8pqfav7z2w1xgpgqNM200810110000000000000000000113', 0, 'dto', 'com.runwaysdk.system.scheduler.JobHistoryHistoryComment', '064nqeo8h7fzzau857qc3iqi7bjgbjbnNM200904120000000000000000000030', 'zk9ju5uqvlef48di9cwy3r1dmvumjhym20070427JS0000000000000000001517');
INSERT INTO metadata ( description, created_by, owner, id, create_date, seq, type, remove, site_master, locked_by, entity_domain, last_updated_by, last_update_date, key_name) VALUES ('2gbrphrc8dbluh8zbmf8xr85gvsg6k61NM200904120000000000000000000030', '0000000000000000000000000000001000000000000000000000000000000003', '0000000000000000000000000000001000000000000000000000000000000003', 'zk9ju5uqvlef48di9cwy3r1dmvumjhym20070427JS0000000000000000001517', '2014-01-15 15:41:39', 4582, 'com.runwaysdk.system.metadata.MdParameter', 1, 'www.runwaysdk.com', NULL, NULL, '0000000000000000000000000000001000000000000000000000000000000003', '2014-01-15 15:41:39', 'com.runwaysdk.system.scheduler.JobHistoryHistoryCommentController.update.dto');
INSERT INTO metadata_parameter ( site_master, last_updated_by, create_date, seq, locked_by, entity_domain, created_by, type, last_update_date, key_name, owner, id, parent_id, child_id) VALUES ('www.runwaysdk.com', '0000000000000000000000000000001000000000000000000000000000000003', '2014-01-15 15:41:39', 4583, NULL, NULL, '0000000000000000000000000000001000000000000000000000000000000003', 'com.runwaysdk.system.MetadataParameter', '2014-01-15 15:41:39', 'com.runwaysdk.system.scheduler.JobHistoryHistoryCommentController.update.dto', '0000000000000000000000000000001000000000000000000000000000000003', 'souxtv4l437v9ndwrk0q5gotqyt2qg4l20070427JS0000000000000000001524', '6vlacro66pgl64km8pqfav7z2w1xgpgqNM200810110000000000000000000113', 'zk9ju5uqvlef48di9cwy3r1dmvumjhym20070427JS0000000000000000001517');
INSERT INTO metadata_display_label ( default_locale, id, site_master, key_name) VALUES ('cancel', 'qyr6vtl692jt3qredom2oicv0mqojenfNM200904120000000000000000000030', 'www.runwaysdk.com', 'qyr6vtl692jt3qredom2oicv0mqojenfNM200904120000000000000000000030');
INSERT INTO metadata_display_label ( default_locale, id, site_master, key_name) VALUES ('Unlocks an instance com.runwaysdk.system.scheduler.JobHistoryHistoryComment', 'y1exvocu2rq9uachz3afboakrxk0s7xdNM200904120000000000000000000030', 'www.runwaysdk.com', 'y1exvocu2rq9uachz3afboakrxk0s7xdNM200904120000000000000000000030');
INSERT INTO md_action ( is_query, enclosing_md_controller, is_post, action_name, display_label, id) VALUES (0, '0o9uzgjofhem0f7t0lumha815x0clz14NM200810110000000000000000000112', 1, 'cancel', 'qyr6vtl692jt3qredom2oicv0mqojenfNM200904120000000000000000000030', 'sgpeiclnxe3evdgioyht2te8wp785rrpNM200810110000000000000000000113');
INSERT INTO metadata ( description, created_by, owner, id, create_date, seq, type, remove, site_master, locked_by, entity_domain, last_updated_by, last_update_date, key_name) VALUES ('y1exvocu2rq9uachz3afboakrxk0s7xdNM200904120000000000000000000030', '0000000000000000000000000000001000000000000000000000000000000003', '0000000000000000000000000000001000000000000000000000000000000003', 'sgpeiclnxe3evdgioyht2te8wp785rrpNM200810110000000000000000000113', '2014-01-15 15:41:39', 4584, 'com.runwaysdk.system.metadata.MdAction', 1, 'www.runwaysdk.com', NULL, NULL, '0000000000000000000000000000001000000000000000000000000000000003', '2014-01-15 15:41:39', 'com.runwaysdk.system.scheduler.JobHistoryHistoryCommentController.cancel');
INSERT INTO controller_action ( key_name, locked_by, id, owner, entity_domain, created_by, type, last_update_date, create_date, seq, last_updated_by, site_master, parent_id, child_id) VALUES ('com.runwaysdk.system.scheduler.JobHistoryHistoryCommentController.cancel', NULL, 'z2utsxq7lfavmzpd2mii6zjpdqo8qyymJS200807230000000000000000111111', '0000000000000000000000000000001000000000000000000000000000000003', NULL, '0000000000000000000000000000001000000000000000000000000000000003', 'com.runwaysdk.system.ControllerAction', '2014-01-15 15:41:39', '2014-01-15 15:41:39', 4585, '0000000000000000000000000000001000000000000000000000000000000003', 'www.runwaysdk.com', '0o9uzgjofhem0f7t0lumha815x0clz14NM200810110000000000000000000112', 'sgpeiclnxe3evdgioyht2te8wp785rrpNM200810110000000000000000000113');
INSERT INTO metadata_display_label ( default_locale, id, site_master, key_name) VALUES ('Parameter: com.runwaysdk.system.scheduler.JobHistoryHistoryComment - dto', '01f3ypssiokfntnst2j5g8qvq5ld3xgbNM200904120000000000000000000030', 'www.runwaysdk.com', '01f3ypssiokfntnst2j5g8qvq5ld3xgbNM200904120000000000000000000030');
INSERT INTO metadata_display_label ( default_locale, id, site_master, key_name) VALUES ('com.runwaysdk.system.scheduler.JobHistoryHistoryComment to unlock', 'sk1j0s6bz7h69rm1nnwu825g8gayxsiuNM200904120000000000000000000030', 'www.runwaysdk.com', 'sk1j0s6bz7h69rm1nnwu825g8gayxsiuNM200904120000000000000000000030');
INSERT INTO md_parameter ( metadata, parameter_order, parameter_name, parameter_type, display_label, id) VALUES ('sgpeiclnxe3evdgioyht2te8wp785rrpNM200810110000000000000000000113', 0, 'dto', 'com.runwaysdk.system.scheduler.JobHistoryHistoryComment', '01f3ypssiokfntnst2j5g8qvq5ld3xgbNM200904120000000000000000000030', 'qwo4nn9b7ft7ndnict3vbj32n3haah0620070427JS0000000000000000001517');
INSERT INTO metadata ( description, created_by, owner, id, create_date, seq, type, remove, site_master, locked_by, entity_domain, last_updated_by, last_update_date, key_name) VALUES ('sk1j0s6bz7h69rm1nnwu825g8gayxsiuNM200904120000000000000000000030', '0000000000000000000000000000001000000000000000000000000000000003', '0000000000000000000000000000001000000000000000000000000000000003', 'qwo4nn9b7ft7ndnict3vbj32n3haah0620070427JS0000000000000000001517', '2014-01-15 15:41:39', 4586, 'com.runwaysdk.system.metadata.MdParameter', 1, 'www.runwaysdk.com', NULL, NULL, '0000000000000000000000000000001000000000000000000000000000000003', '2014-01-15 15:41:39', 'com.runwaysdk.system.scheduler.JobHistoryHistoryCommentController.cancel.dto');
INSERT INTO metadata_parameter ( site_master, last_updated_by, create_date, seq, locked_by, entity_domain, created_by, type, last_update_date, key_name, owner, id, parent_id, child_id) VALUES ('www.runwaysdk.com', '0000000000000000000000000000001000000000000000000000000000000003', '2014-01-15 15:41:39', 4587, NULL, NULL, '0000000000000000000000000000001000000000000000000000000000000003', 'com.runwaysdk.system.MetadataParameter', '2014-01-15 15:41:39', 'com.runwaysdk.system.scheduler.JobHistoryHistoryCommentController.cancel.dto', '0000000000000000000000000000001000000000000000000000000000000003', 'xefmvs6kjn3tmaygj6q5z1uaynhlbwvi20070427JS0000000000000000001524', 'sgpeiclnxe3evdgioyht2te8wp785rrpNM200810110000000000000000000113', 'qwo4nn9b7ft7ndnict3vbj32n3haah0620070427JS0000000000000000001517');
INSERT INTO metadata_display_label ( default_locale, id, site_master, key_name) VALUES ('delete', 'r0lmzrxd04zras4i8o1vvo2uwn8b47qxNM200904120000000000000000000030', 'www.runwaysdk.com', 'r0lmzrxd04zras4i8o1vvo2uwn8b47qxNM200904120000000000000000000030');
INSERT INTO metadata_display_label ( default_locale, id, site_master, key_name) VALUES ('Delete an instance of com.runwaysdk.system.scheduler.JobHistoryHistoryComment', 'z97gwwykeodhji6xfmbvha3d51ujyzxsNM200904120000000000000000000030', 'www.runwaysdk.com', 'z97gwwykeodhji6xfmbvha3d51ujyzxsNM200904120000000000000000000030');
INSERT INTO md_action ( is_query, enclosing_md_controller, is_post, action_name, display_label, id) VALUES (0, '0o9uzgjofhem0f7t0lumha815x0clz14NM200810110000000000000000000112', 1, 'delete', 'r0lmzrxd04zras4i8o1vvo2uwn8b47qxNM200904120000000000000000000030', '0apr8xulfkmnl57262leazzivw0d7j7iNM200810110000000000000000000113');
INSERT INTO metadata ( description, created_by, owner, id, create_date, seq, type, remove, site_master, locked_by, entity_domain, last_updated_by, last_update_date, key_name) VALUES ('z97gwwykeodhji6xfmbvha3d51ujyzxsNM200904120000000000000000000030', '0000000000000000000000000000001000000000000000000000000000000003', '0000000000000000000000000000001000000000000000000000000000000003', '0apr8xulfkmnl57262leazzivw0d7j7iNM200810110000000000000000000113', '2014-01-15 15:41:39', 4588, 'com.runwaysdk.system.metadata.MdAction', 1, 'www.runwaysdk.com', NULL, NULL, '0000000000000000000000000000001000000000000000000000000000000003', '2014-01-15 15:41:39', 'com.runwaysdk.system.scheduler.JobHistoryHistoryCommentController.delete');
INSERT INTO controller_action ( key_name, locked_by, id, owner, entity_domain, created_by, type, last_update_date, create_date, seq, last_updated_by, site_master, parent_id, child_id) VALUES ('com.runwaysdk.system.scheduler.JobHistoryHistoryCommentController.delete', NULL, 'suqngldxyucq81c18sco3a2m42lhx1fiJS200807230000000000000000111111', '0000000000000000000000000000001000000000000000000000000000000003', NULL, '0000000000000000000000000000001000000000000000000000000000000003', 'com.runwaysdk.system.ControllerAction', '2014-01-15 15:41:39', '2014-01-15 15:41:39', 4589, '0000000000000000000000000000001000000000000000000000000000000003', 'www.runwaysdk.com', '0o9uzgjofhem0f7t0lumha815x0clz14NM200810110000000000000000000112', '0apr8xulfkmnl57262leazzivw0d7j7iNM200810110000000000000000000113');
INSERT INTO metadata_display_label ( default_locale, id, site_master, key_name) VALUES ('Parameter: com.runwaysdk.system.scheduler.JobHistoryHistoryComment - dto', '25pkvpswtqje1n1l7xedjwoo2ygv4podNM200904120000000000000000000030', 'www.runwaysdk.com', '25pkvpswtqje1n1l7xedjwoo2ygv4podNM200904120000000000000000000030');
INSERT INTO metadata_display_label ( default_locale, id, site_master, key_name) VALUES ('com.runwaysdk.system.scheduler.JobHistoryHistoryComment to delete', '6z5u88jbdxcilnvm8ns5paxdlf8dxbplNM200904120000000000000000000030', 'www.runwaysdk.com', '6z5u88jbdxcilnvm8ns5paxdlf8dxbplNM200904120000000000000000000030');
INSERT INTO md_parameter ( metadata, parameter_order, parameter_name, parameter_type, display_label, id) VALUES ('0apr8xulfkmnl57262leazzivw0d7j7iNM200810110000000000000000000113', 0, 'dto', 'com.runwaysdk.system.scheduler.JobHistoryHistoryComment', '25pkvpswtqje1n1l7xedjwoo2ygv4podNM200904120000000000000000000030', 'sqggyirpqg8oi7g8sh0mbxnawtljn3pe20070427JS0000000000000000001517');
INSERT INTO metadata ( description, created_by, owner, id, create_date, seq, type, remove, site_master, locked_by, entity_domain, last_updated_by, last_update_date, key_name) VALUES ('6z5u88jbdxcilnvm8ns5paxdlf8dxbplNM200904120000000000000000000030', '0000000000000000000000000000001000000000000000000000000000000003', '0000000000000000000000000000001000000000000000000000000000000003', 'sqggyirpqg8oi7g8sh0mbxnawtljn3pe20070427JS0000000000000000001517', '2014-01-15 15:41:39', 4590, 'com.runwaysdk.system.metadata.MdParameter', 1, 'www.runwaysdk.com', NULL, NULL, '0000000000000000000000000000001000000000000000000000000000000003', '2014-01-15 15:41:39', 'com.runwaysdk.system.scheduler.JobHistoryHistoryCommentController.delete.dto');
INSERT INTO metadata_parameter ( site_master, last_updated_by, create_date, seq, locked_by, entity_domain, created_by, type, last_update_date, key_name, owner, id, parent_id, child_id) VALUES ('www.runwaysdk.com', '0000000000000000000000000000001000000000000000000000000000000003', '2014-01-15 15:41:39', 4591, NULL, NULL, '0000000000000000000000000000001000000000000000000000000000000003', 'com.runwaysdk.system.MetadataParameter', '2014-01-15 15:41:39', 'com.runwaysdk.system.scheduler.JobHistoryHistoryCommentController.delete.dto', '0000000000000000000000000000001000000000000000000000000000000003', 'sy28z6el3w0zr2h9x4itilfoc7fnbqm720070427JS0000000000000000001524', '0apr8xulfkmnl57262leazzivw0d7j7iNM200810110000000000000000000113', 'sqggyirpqg8oi7g8sh0mbxnawtljn3pe20070427JS0000000000000000001517');
 INSERT INTO visibilitymodifier (set_id, item_id)  VALUES  ('8i16543g47h7qk75t99ipxhnxc51qqef', '20071109NM000000000000000000000520071109NM0000000000000000000001');
INSERT INTO metadata_display_label ( default_locale, id, site_master, key_name) VALUES ('Comment', '0le0zuz7nubwcrm0bryb4p59fgmp21g8NM200904120000000000000000000030', 'www.runwaysdk.com', '0le0zuz7nubwcrm0bryb4p59fgmp21g8NM200904120000000000000000000030');
 INSERT INTO visibilitymodifier (set_id, item_id)  VALUES  ('x99opymjzn05bpd0mzyhvyav1ykh2sio', '20071109NM000000000000000000000520071109NM0000000000000000000001');
 INSERT INTO md_attribute_indicies (set_id, item_id)  VALUES  ('2gmq43c1t666yv8i795z19nwkxrvhcsh', '0000000000000000000000000000040100000000000000000000000000000403');
INSERT INTO metadata_display_label ( default_locale, id, site_master, key_name) VALUES ('User Friendly History Comment', '09wf92jezrfu411xbzkshbftrj1ipnecNM200904120000000000000000000030', 'www.runwaysdk.com', '09wf92jezrfu411xbzkshbftrj1ipnecNM200904120000000000000000000030');
INSERT INTO md_attribute_local_text ( id) VALUES ('t1fq2luddkiasnui1stixoxdnzs3x94c000000000000MdAttributeLocalText');
INSERT INTO md_attribute_local ( id) VALUES ('t1fq2luddkiasnui1stixoxdnzs3x94c000000000000MdAttributeLocalText');
INSERT INTO md_attribute_struct ( md_struct, id) VALUES ('xihclu4hppoo54efkr8flhwskaumyenf0000000000000000000MdLocalStruct', 't1fq2luddkiasnui1stixoxdnzs3x94c000000000000MdAttributeLocalText');
INSERT INTO md_attribute_concrete ( column_name, defining_md_class, setter_visibility, setter_visibility_c, immutable, index_name, generate_accessor, system, required, display_label, getter_visibility, getter_visibility_c, index_type, index_type_c, attribute_name, id) VALUES ('history_comment', '6w4etxxkil44f80egqmbk9vyh7tl343100000000000000000000000000000001', '8i16543g47h7qk75t99ipxhnxc51qqef', '20071109NM000000000000000000000520071109NM0000000000000000000001', 0, 'a7jaqswpnbezd1uze81wujo04e45hb', 1, 0, 0, '0le0zuz7nubwcrm0bryb4p59fgmp21g8NM200904120000000000000000000030', 'x99opymjzn05bpd0mzyhvyav1ykh2sio', '20071109NM000000000000000000000520071109NM0000000000000000000001', '2gmq43c1t666yv8i795z19nwkxrvhcsh', '0000000000000000000000000000040100000000000000000000000000000403', 'historyComment', 't1fq2luddkiasnui1stixoxdnzs3x94c000000000000MdAttributeLocalText');
INSERT INTO md_attribute ( id) VALUES ('t1fq2luddkiasnui1stixoxdnzs3x94c000000000000MdAttributeLocalText');
INSERT INTO metadata ( description, created_by, owner, id, create_date, seq, type, remove, site_master, locked_by, entity_domain, last_updated_by, last_update_date, key_name) VALUES ('09wf92jezrfu411xbzkshbftrj1ipnecNM200904120000000000000000000030', '0000000000000000000000000000001000000000000000000000000000000003', '0000000000000000000000000000001000000000000000000000000000000003', 't1fq2luddkiasnui1stixoxdnzs3x94c000000000000MdAttributeLocalText', '2014-01-15 15:41:39', 4592, 'com.runwaysdk.system.metadata.MdAttributeLocalText', 1, 'www.runwaysdk.com', NULL, NULL, '0000000000000000000000000000001000000000000000000000000000000003', '2014-01-15 15:41:39', 'com.runwaysdk.system.scheduler.JobHistory.historyComment');
ALTER TABLE job_history ADD COLUMN history_comment  char(64);
INSERT INTO class_attribute_concrete ( id, parent_id, child_id) VALUES ('qxyumm1cinv7tgj01rr7pxyrwkyktz9c00000000000000000000000000000073', '6w4etxxkil44f80egqmbk9vyh7tl343100000000000000000000000000000001', 't1fq2luddkiasnui1stixoxdnzs3x94c000000000000MdAttributeLocalText');
INSERT INTO class_attribute ( id, parent_id, child_id) VALUES ('qxyumm1cinv7tgj01rr7pxyrwkyktz9c00000000000000000000000000000073', '6w4etxxkil44f80egqmbk9vyh7tl343100000000000000000000000000000001', 't1fq2luddkiasnui1stixoxdnzs3x94c000000000000MdAttributeLocalText');
INSERT INTO metadata_relationship ( entity_domain, site_master, last_updated_by, id, owner, locked_by, create_date, type, created_by, seq, key_name, last_update_date, parent_id, child_id) VALUES (NULL, 'www.runwaysdk.com', '0000000000000000000000000000001000000000000000000000000000000003', 'qxyumm1cinv7tgj01rr7pxyrwkyktz9c00000000000000000000000000000073', '0000000000000000000000000000001000000000000000000000000000000003', NULL, '2014-01-15 15:41:39', 'com.runwaysdk.system.metadata.ClassAttributeConcrete', '0000000000000000000000000000001000000000000000000000000000000003', 4593, 'com.runwaysdk.system.scheduler.JobHistory.historyComment', '2014-01-15 15:41:39', '6w4etxxkil44f80egqmbk9vyh7tl343100000000000000000000000000000001', 't1fq2luddkiasnui1stixoxdnzs3x94c000000000000MdAttributeLocalText');
 INSERT INTO visibilitymodifier (set_id, item_id)  VALUES  ('93mul384e3zy3ajws1tyw9f11ig4vl6s', '20071109NM000000000000000000000520071109NM0000000000000000000001');
INSERT INTO metadata_display_label ( default_locale, id, site_master, key_name) VALUES ('Default Locale', '768h5yhvepi4bau1nejne4fs69lx4sz4NM200904120000000000000000000030', 'www.runwaysdk.com', '768h5yhvepi4bau1nejne4fs69lx4sz4NM200904120000000000000000000030');
 INSERT INTO visibilitymodifier (set_id, item_id)  VALUES  ('09jzawyxe17z67ccdmevwj05z2z3s4gi', '20071109NM000000000000000000000520071109NM0000000000000000000001');
 INSERT INTO md_attribute_indicies (set_id, item_id)  VALUES  ('xpz6pi88h28e02hmvctdnhfzfqfnmla7', '0000000000000000000000000000040100000000000000000000000000000403');
INSERT INTO metadata_display_label ( default_locale, id, site_master, key_name) VALUES ('Default locale', 'qnq40xa8ydp0m442b38n5hqojj4dw6bcNM200904120000000000000000000030', 'www.runwaysdk.com', 'qnq40xa8ydp0m442b38n5hqojj4dw6bcNM200904120000000000000000000030');
INSERT INTO md_attribute_text ( default_value, id) VALUES (NULL, 'sdmwky2u7jea9hbrux8bsstyt0ya3ckf00000000000000000000000000000139');
INSERT INTO md_attribute_char ( id) VALUES ('sdmwky2u7jea9hbrux8bsstyt0ya3ckf00000000000000000000000000000139');
INSERT INTO md_attribute_primitive ( id) VALUES ('sdmwky2u7jea9hbrux8bsstyt0ya3ckf00000000000000000000000000000139');
INSERT INTO md_attribute_concrete ( column_name, defining_md_class, setter_visibility, setter_visibility_c, immutable, index_name, generate_accessor, system, required, display_label, getter_visibility, getter_visibility_c, index_type, index_type_c, attribute_name, id) VALUES ('default_locale', 'xihclu4hppoo54efkr8flhwskaumyenf0000000000000000000MdLocalStruct', '93mul384e3zy3ajws1tyw9f11ig4vl6s', '20071109NM000000000000000000000520071109NM0000000000000000000001', 0, 'a5n1flnv4gly5qxku3lns83yj6wv2q', 0, 0, 0, '768h5yhvepi4bau1nejne4fs69lx4sz4NM200904120000000000000000000030', '09jzawyxe17z67ccdmevwj05z2z3s4gi', '20071109NM000000000000000000000520071109NM0000000000000000000001', 'xpz6pi88h28e02hmvctdnhfzfqfnmla7', '0000000000000000000000000000040100000000000000000000000000000403', 'defaultLocale', 'sdmwky2u7jea9hbrux8bsstyt0ya3ckf00000000000000000000000000000139');
INSERT INTO md_attribute ( id) VALUES ('sdmwky2u7jea9hbrux8bsstyt0ya3ckf00000000000000000000000000000139');
INSERT INTO metadata ( description, created_by, owner, id, create_date, seq, type, remove, site_master, locked_by, entity_domain, last_updated_by, last_update_date, key_name) VALUES ('qnq40xa8ydp0m442b38n5hqojj4dw6bcNM200904120000000000000000000030', '0000000000000000000000000000001000000000000000000000000000000003', '0000000000000000000000000000001000000000000000000000000000000003', 'sdmwky2u7jea9hbrux8bsstyt0ya3ckf00000000000000000000000000000139', '2014-01-15 15:41:39', 4594, 'com.runwaysdk.system.metadata.MdAttributeText', 1, 'www.runwaysdk.com', NULL, NULL, '0000000000000000000000000000001000000000000000000000000000000003', '2014-01-15 15:41:39', 'com.runwaysdk.system.scheduler.JobHistoryHistoryComment.defaultLocale');
ALTER TABLE job_history_history_comment ADD COLUMN default_locale  text;
INSERT INTO class_attribute_concrete ( id, parent_id, child_id) VALUES ('yxx5gu6uszz4ybv0y3aajl8demdh6l0w00000000000000000000000000000073', 'xihclu4hppoo54efkr8flhwskaumyenf0000000000000000000MdLocalStruct', 'sdmwky2u7jea9hbrux8bsstyt0ya3ckf00000000000000000000000000000139');
INSERT INTO class_attribute ( id, parent_id, child_id) VALUES ('yxx5gu6uszz4ybv0y3aajl8demdh6l0w00000000000000000000000000000073', 'xihclu4hppoo54efkr8flhwskaumyenf0000000000000000000MdLocalStruct', 'sdmwky2u7jea9hbrux8bsstyt0ya3ckf00000000000000000000000000000139');
INSERT INTO metadata_relationship ( entity_domain, site_master, last_updated_by, id, owner, locked_by, create_date, type, created_by, seq, key_name, last_update_date, parent_id, child_id) VALUES (NULL, 'www.runwaysdk.com', '0000000000000000000000000000001000000000000000000000000000000003', 'yxx5gu6uszz4ybv0y3aajl8demdh6l0w00000000000000000000000000000073', '0000000000000000000000000000001000000000000000000000000000000003', NULL, '2014-01-15 15:41:39', 'com.runwaysdk.system.metadata.ClassAttributeConcrete', '0000000000000000000000000000001000000000000000000000000000000003', 4595, 'com.runwaysdk.system.scheduler.JobHistoryHistoryComment.defaultLocale', '2014-01-15 15:41:39', 'xihclu4hppoo54efkr8flhwskaumyenf0000000000000000000MdLocalStruct', 'sdmwky2u7jea9hbrux8bsstyt0ya3ckf00000000000000000000000000000139');
 INSERT INTO struct_cache (set_id, item_id)  VALUES  ('xweaqlkuep6jnzxdk2iv2hy3f2usqlyq', '0000000000000000000000000000023100000000000000000000000000000222');
INSERT INTO metadata_display_label ( default_locale, id, site_master, key_name) VALUES ('History Information', '905u0xbnw04ws5opoek0luumo9zjzmt0NM200904120000000000000000000030', 'www.runwaysdk.com', '905u0xbnw04ws5opoek0luumo9zjzmt0NM200904120000000000000000000030');
INSERT INTO metadata_display_label ( default_locale, id, site_master, key_name) VALUES ('History Information with Data and Results', '8iyxgs2f09p8fsz041hok9smbw53beisNM200904120000000000000000000030', 'www.runwaysdk.com', '8iyxgs2f09p8fsz041hok9smbw53beisNM200904120000000000000000000030');
INSERT INTO md_local_struct ( id) VALUES ('8cwod9x98evbrros06e7bzde8ujfwd0t0000000000000000000MdLocalStruct');
INSERT INTO md_struct ( cache_algorithm, cache_algorithm_c, id) VALUES ('xweaqlkuep6jnzxdk2iv2hy3f2usqlyq', '0000000000000000000000000000023100000000000000000000000000000222', '8cwod9x98evbrros06e7bzde8ujfwd0t0000000000000000000MdLocalStruct');
INSERT INTO md_entity ( query_dto_source, query_source, cache_size, enforce_site_master, table_name, id) VALUES (NULL, NULL, 0, 1, 'job_history_history_informatio', '8cwod9x98evbrros06e7bzde8ujfwd0t0000000000000000000MdLocalStruct');
INSERT INTO md_class ( publish, stub_dto_source, stub_source, id) VALUES (1, NULL, NULL, '8cwod9x98evbrros06e7bzde8ujfwd0t0000000000000000000MdLocalStruct');
INSERT INTO md_type ( display_label, root_id, package_name, type_name, base_source, js_base, js_stub, exported, dto_source, id) VALUES ('905u0xbnw04ws5opoek0luumo9zjzmt0NM200904120000000000000000000030', '8cwod9x98evbrros06e7bzde8ujfwd0t', 'com.runwaysdk.system.scheduler', 'JobHistoryHistoryInformation', NULL, NULL, NULL, 1, NULL, '8cwod9x98evbrros06e7bzde8ujfwd0t0000000000000000000MdLocalStruct');
INSERT INTO metadata ( description, created_by, owner, id, create_date, seq, type, remove, site_master, locked_by, entity_domain, last_updated_by, last_update_date, key_name) VALUES ('8iyxgs2f09p8fsz041hok9smbw53beisNM200904120000000000000000000030', '0000000000000000000000000000001000000000000000000000000000000003', '0000000000000000000000000000001000000000000000000000000000000003', '8cwod9x98evbrros06e7bzde8ujfwd0t0000000000000000000MdLocalStruct', '2014-01-15 15:41:39', 4596, 'com.runwaysdk.system.metadata.MdLocalStruct', 1, 'www.runwaysdk.com', NULL, NULL, '0000000000000000000000000000001000000000000000000000000000000003', '2014-01-15 15:41:39', 'com.runwaysdk.system.scheduler.JobHistoryHistoryInformation');
CREATE TABLE job_history_history_informatio ( id CHAR(64) NOT NULL PRIMARY KEY );
 INSERT INTO visibilitymodifier (set_id, item_id)  VALUES  ('2gn49t3v8drgwf4jl6ttzcwhr2bpuosv', '20071109NM000000000000000000000520071109NM0000000000000000000001');
INSERT INTO metadata_display_label ( default_locale, id, site_master, key_name) VALUES ('ID', '09d7xwrqhvlgujv55gi6cbv5fha01oebNM200904120000000000000000000030', 'www.runwaysdk.com', '09d7xwrqhvlgujv55gi6cbv5fha01oebNM200904120000000000000000000030');
 INSERT INTO visibilitymodifier (set_id, item_id)  VALUES  ('sj197ng9cs7pgky8z8dy96g65n4ovhcz', '20071109NM000000000000000000000520071109NM0000000000000000000001');
 INSERT INTO md_attribute_indicies (set_id, item_id)  VALUES  ('xontbc9v7xhmf35xqss938b4wa18w9ls', '0000000000000000000000000000040900000000000000000000000000000403');
INSERT INTO metadata_display_label ( default_locale, id, site_master, key_name) VALUES ('ID of this object', 'sk4ghbydxi3ylxug34okfzhag24lsf4kNM200904120000000000000000000030', 'www.runwaysdk.com', 'sk4ghbydxi3ylxug34okfzhag24lsf4kNM200904120000000000000000000030');
INSERT INTO md_attribute_character ( default_value, database_size, id) VALUES (NULL, 64, 'xhvdck4mt75ym2hrusfnjjqfcgqvjykx00000000000000000000000000000138');
INSERT INTO md_attribute_char ( id) VALUES ('xhvdck4mt75ym2hrusfnjjqfcgqvjykx00000000000000000000000000000138');
INSERT INTO md_attribute_primitive ( id) VALUES ('xhvdck4mt75ym2hrusfnjjqfcgqvjykx00000000000000000000000000000138');
INSERT INTO md_attribute_concrete ( column_name, defining_md_class, setter_visibility, setter_visibility_c, immutable, index_name, generate_accessor, system, required, display_label, getter_visibility, getter_visibility_c, index_type, index_type_c, attribute_name, id) VALUES ('id', '8cwod9x98evbrros06e7bzde8ujfwd0t0000000000000000000MdLocalStruct', '2gn49t3v8drgwf4jl6ttzcwhr2bpuosv', '20071109NM000000000000000000000520071109NM0000000000000000000001', 0, 'aaunyrg5z27nwpfjwcx4oztdq26bcl', 1, 1, 1, '09d7xwrqhvlgujv55gi6cbv5fha01oebNM200904120000000000000000000030', 'sj197ng9cs7pgky8z8dy96g65n4ovhcz', '20071109NM000000000000000000000520071109NM0000000000000000000001', 'xontbc9v7xhmf35xqss938b4wa18w9ls', '0000000000000000000000000000040900000000000000000000000000000403', 'id', 'xhvdck4mt75ym2hrusfnjjqfcgqvjykx00000000000000000000000000000138');
INSERT INTO md_attribute ( id) VALUES ('xhvdck4mt75ym2hrusfnjjqfcgqvjykx00000000000000000000000000000138');
INSERT INTO metadata ( description, created_by, owner, id, create_date, seq, type, remove, site_master, locked_by, entity_domain, last_updated_by, last_update_date, key_name) VALUES ('sk4ghbydxi3ylxug34okfzhag24lsf4kNM200904120000000000000000000030', '0000000000000000000000000000001000000000000000000000000000000003', '0000000000000000000000000000001000000000000000000000000000000003', 'xhvdck4mt75ym2hrusfnjjqfcgqvjykx00000000000000000000000000000138', '2014-01-15 15:41:39', 4597, 'com.runwaysdk.system.metadata.MdAttributeCharacter', 0, 'www.runwaysdk.com', NULL, NULL, '0000000000000000000000000000001000000000000000000000000000000003', '2014-01-15 15:41:39', 'com.runwaysdk.system.scheduler.JobHistoryHistoryInformation.id');
INSERT INTO class_attribute_concrete ( id, parent_id, child_id) VALUES ('skzmy18qie5mu5na5do8q6fy46ycxlhb00000000000000000000000000000073', '8cwod9x98evbrros06e7bzde8ujfwd0t0000000000000000000MdLocalStruct', 'xhvdck4mt75ym2hrusfnjjqfcgqvjykx00000000000000000000000000000138');
INSERT INTO class_attribute ( id, parent_id, child_id) VALUES ('skzmy18qie5mu5na5do8q6fy46ycxlhb00000000000000000000000000000073', '8cwod9x98evbrros06e7bzde8ujfwd0t0000000000000000000MdLocalStruct', 'xhvdck4mt75ym2hrusfnjjqfcgqvjykx00000000000000000000000000000138');
INSERT INTO metadata_relationship ( entity_domain, site_master, last_updated_by, id, owner, locked_by, create_date, type, created_by, seq, key_name, last_update_date, parent_id, child_id) VALUES (NULL, 'www.runwaysdk.com', '0000000000000000000000000000001000000000000000000000000000000003', 'skzmy18qie5mu5na5do8q6fy46ycxlhb00000000000000000000000000000073', '0000000000000000000000000000001000000000000000000000000000000003', NULL, '2014-01-15 15:41:39', 'com.runwaysdk.system.metadata.ClassAttributeConcrete', '0000000000000000000000000000001000000000000000000000000000000003', 4598, 'com.runwaysdk.system.scheduler.JobHistoryHistoryInformation.id', '2014-01-15 15:41:39', '8cwod9x98evbrros06e7bzde8ujfwd0t0000000000000000000MdLocalStruct', 'xhvdck4mt75ym2hrusfnjjqfcgqvjykx00000000000000000000000000000138');
 INSERT INTO visibilitymodifier (set_id, item_id)  VALUES  ('1thruptc8a1bwlsut20j5sizi6kr0xzo', '20071109NM000000000000000000000520071109NM0000000000000000000001');
INSERT INTO metadata_display_label ( default_locale, id, site_master, key_name) VALUES ('Site Master', '6oajy3ud18vaubqjalmqlcr0b5cqibtbNM200904120000000000000000000030', 'www.runwaysdk.com', '6oajy3ud18vaubqjalmqlcr0b5cqibtbNM200904120000000000000000000030');
 INSERT INTO visibilitymodifier (set_id, item_id)  VALUES  ('0pxhigiqy8xtgi0lrzfj10miwbj53a57', '20071109NM000000000000000000000520071109NM0000000000000000000001');
 INSERT INTO md_attribute_indicies (set_id, item_id)  VALUES  ('0hdfzfrh6qrlivocy2e5ybtev8sl5754', '0000000000000000000000000000040100000000000000000000000000000403');
INSERT INTO metadata_display_label ( default_locale, id, site_master, key_name) VALUES ('The name of the site responsible for this object', 'y0cc6dehiys9s486emt2xfnzvgdh4glhNM200904120000000000000000000030', 'www.runwaysdk.com', 'y0cc6dehiys9s486emt2xfnzvgdh4glhNM200904120000000000000000000030');
INSERT INTO md_attribute_character ( default_value, database_size, id) VALUES (NULL, 255, '0ne5vvcr6vkwof8lteo3qm6sszve5chi00000000000000000000000000000138');
INSERT INTO md_attribute_char ( id) VALUES ('0ne5vvcr6vkwof8lteo3qm6sszve5chi00000000000000000000000000000138');
INSERT INTO md_attribute_primitive ( id) VALUES ('0ne5vvcr6vkwof8lteo3qm6sszve5chi00000000000000000000000000000138');
INSERT INTO md_attribute_concrete ( column_name, defining_md_class, setter_visibility, setter_visibility_c, immutable, index_name, generate_accessor, system, required, display_label, getter_visibility, getter_visibility_c, index_type, index_type_c, attribute_name, id) VALUES ('site_master', '8cwod9x98evbrros06e7bzde8ujfwd0t0000000000000000000MdLocalStruct', '1thruptc8a1bwlsut20j5sizi6kr0xzo', '20071109NM000000000000000000000520071109NM0000000000000000000001', 1, 'a3ihj0dj7zt5al8vrsy2qwqhaqqox7', 1, 1, 1, '6oajy3ud18vaubqjalmqlcr0b5cqibtbNM200904120000000000000000000030', '0pxhigiqy8xtgi0lrzfj10miwbj53a57', '20071109NM000000000000000000000520071109NM0000000000000000000001', '0hdfzfrh6qrlivocy2e5ybtev8sl5754', '0000000000000000000000000000040100000000000000000000000000000403', 'siteMaster', '0ne5vvcr6vkwof8lteo3qm6sszve5chi00000000000000000000000000000138');
INSERT INTO md_attribute ( id) VALUES ('0ne5vvcr6vkwof8lteo3qm6sszve5chi00000000000000000000000000000138');
INSERT INTO metadata ( description, created_by, owner, id, create_date, seq, type, remove, site_master, locked_by, entity_domain, last_updated_by, last_update_date, key_name) VALUES ('y0cc6dehiys9s486emt2xfnzvgdh4glhNM200904120000000000000000000030', '0000000000000000000000000000001000000000000000000000000000000003', '0000000000000000000000000000001000000000000000000000000000000003', '0ne5vvcr6vkwof8lteo3qm6sszve5chi00000000000000000000000000000138', '2014-01-15 15:41:39', 4599, 'com.runwaysdk.system.metadata.MdAttributeCharacter', 0, 'www.runwaysdk.com', NULL, NULL, '0000000000000000000000000000001000000000000000000000000000000003', '2014-01-15 15:41:39', 'com.runwaysdk.system.scheduler.JobHistoryHistoryInformation.siteMaster');
ALTER TABLE job_history_history_informatio ADD COLUMN site_master  varchar(255);
INSERT INTO class_attribute_concrete ( id, parent_id, child_id) VALUES ('xleow5gircd2m84qwunq66y0k84wk58d00000000000000000000000000000073', '8cwod9x98evbrros06e7bzde8ujfwd0t0000000000000000000MdLocalStruct', '0ne5vvcr6vkwof8lteo3qm6sszve5chi00000000000000000000000000000138');
INSERT INTO class_attribute ( id, parent_id, child_id) VALUES ('xleow5gircd2m84qwunq66y0k84wk58d00000000000000000000000000000073', '8cwod9x98evbrros06e7bzde8ujfwd0t0000000000000000000MdLocalStruct', '0ne5vvcr6vkwof8lteo3qm6sszve5chi00000000000000000000000000000138');
INSERT INTO metadata_relationship ( entity_domain, site_master, last_updated_by, id, owner, locked_by, create_date, type, created_by, seq, key_name, last_update_date, parent_id, child_id) VALUES (NULL, 'www.runwaysdk.com', '0000000000000000000000000000001000000000000000000000000000000003', 'xleow5gircd2m84qwunq66y0k84wk58d00000000000000000000000000000073', '0000000000000000000000000000001000000000000000000000000000000003', NULL, '2014-01-15 15:41:39', 'com.runwaysdk.system.metadata.ClassAttributeConcrete', '0000000000000000000000000000001000000000000000000000000000000003', 4600, 'com.runwaysdk.system.scheduler.JobHistoryHistoryInformation.siteMaster', '2014-01-15 15:41:39', '8cwod9x98evbrros06e7bzde8ujfwd0t0000000000000000000MdLocalStruct', '0ne5vvcr6vkwof8lteo3qm6sszve5chi00000000000000000000000000000138');
 INSERT INTO visibilitymodifier (set_id, item_id)  VALUES  ('8cobhwik7n96siroeigetl9urmcs1hwd', '20071109NM000000000000000000000520071109NM0000000000000000000001');
INSERT INTO metadata_display_label ( default_locale, id, site_master, key_name) VALUES ('Key Name', 'xyl9t88iibt67voo6bwwai25vi5u8fnaNM200904120000000000000000000030', 'www.runwaysdk.com', 'xyl9t88iibt67voo6bwwai25vi5u8fnaNM200904120000000000000000000030');
 INSERT INTO visibilitymodifier (set_id, item_id)  VALUES  ('r7yg5tdbm225mpeiuiqsy01f9ek5my6a', '20071109NM000000000000000000000520071109NM0000000000000000000001');
 INSERT INTO md_attribute_indicies (set_id, item_id)  VALUES  ('8eauoo3ab227gp2dmmfq4zhsvtpaxvdm', '0000000000000000000000000000040900000000000000000000000000000403');
INSERT INTO metadata_display_label ( default_locale, id, site_master, key_name) VALUES ('Key which uniquely identifies each instance of this type heirarchy.', 'sy7tbvhdzjy7nrjmes1kcvhxk2rj4ocfNM200904120000000000000000000030', 'www.runwaysdk.com', 'sy7tbvhdzjy7nrjmes1kcvhxk2rj4ocfNM200904120000000000000000000030');
INSERT INTO md_attribute_character ( default_value, database_size, id) VALUES (NULL, 255, 'xrug3bfi4v3h696ofk79qj0q4xpxvmmg00000000000000000000000000000138');
INSERT INTO md_attribute_char ( id) VALUES ('xrug3bfi4v3h696ofk79qj0q4xpxvmmg00000000000000000000000000000138');
INSERT INTO md_attribute_primitive ( id) VALUES ('xrug3bfi4v3h696ofk79qj0q4xpxvmmg00000000000000000000000000000138');
INSERT INTO md_attribute_concrete ( column_name, defining_md_class, setter_visibility, setter_visibility_c, immutable, index_name, generate_accessor, system, required, display_label, getter_visibility, getter_visibility_c, index_type, index_type_c, attribute_name, id) VALUES ('key_name', '8cwod9x98evbrros06e7bzde8ujfwd0t0000000000000000000MdLocalStruct', '8cobhwik7n96siroeigetl9urmcs1hwd', '20071109NM000000000000000000000520071109NM0000000000000000000001', 0, 'akrj5a95klft4goz6bcztmfpbhmhet', 1, 0, 1, 'xyl9t88iibt67voo6bwwai25vi5u8fnaNM200904120000000000000000000030', 'r7yg5tdbm225mpeiuiqsy01f9ek5my6a', '20071109NM000000000000000000000520071109NM0000000000000000000001', '8eauoo3ab227gp2dmmfq4zhsvtpaxvdm', '0000000000000000000000000000040900000000000000000000000000000403', 'keyName', 'xrug3bfi4v3h696ofk79qj0q4xpxvmmg00000000000000000000000000000138');
INSERT INTO md_attribute ( id) VALUES ('xrug3bfi4v3h696ofk79qj0q4xpxvmmg00000000000000000000000000000138');
INSERT INTO metadata ( description, created_by, owner, id, create_date, seq, type, remove, site_master, locked_by, entity_domain, last_updated_by, last_update_date, key_name) VALUES ('sy7tbvhdzjy7nrjmes1kcvhxk2rj4ocfNM200904120000000000000000000030', '0000000000000000000000000000001000000000000000000000000000000003', '0000000000000000000000000000001000000000000000000000000000000003', 'xrug3bfi4v3h696ofk79qj0q4xpxvmmg00000000000000000000000000000138', '2014-01-15 15:41:39', 4601, 'com.runwaysdk.system.metadata.MdAttributeCharacter', 1, 'www.runwaysdk.com', NULL, NULL, '0000000000000000000000000000001000000000000000000000000000000003', '2014-01-15 15:41:39', 'com.runwaysdk.system.scheduler.JobHistoryHistoryInformation.keyName');
ALTER TABLE job_history_history_informatio ADD COLUMN key_name  varchar(255);
INSERT INTO class_attribute_concrete ( id, parent_id, child_id) VALUES ('6rzm17i5armivu74yuz20wsb7nakgk1400000000000000000000000000000073', '8cwod9x98evbrros06e7bzde8ujfwd0t0000000000000000000MdLocalStruct', 'xrug3bfi4v3h696ofk79qj0q4xpxvmmg00000000000000000000000000000138');
INSERT INTO class_attribute ( id, parent_id, child_id) VALUES ('6rzm17i5armivu74yuz20wsb7nakgk1400000000000000000000000000000073', '8cwod9x98evbrros06e7bzde8ujfwd0t0000000000000000000MdLocalStruct', 'xrug3bfi4v3h696ofk79qj0q4xpxvmmg00000000000000000000000000000138');
INSERT INTO metadata_relationship ( entity_domain, site_master, last_updated_by, id, owner, locked_by, create_date, type, created_by, seq, key_name, last_update_date, parent_id, child_id) VALUES (NULL, 'www.runwaysdk.com', '0000000000000000000000000000001000000000000000000000000000000003', '6rzm17i5armivu74yuz20wsb7nakgk1400000000000000000000000000000073', '0000000000000000000000000000001000000000000000000000000000000003', NULL, '2014-01-15 15:41:39', 'com.runwaysdk.system.metadata.ClassAttributeConcrete', '0000000000000000000000000000001000000000000000000000000000000003', 4602, 'com.runwaysdk.system.scheduler.JobHistoryHistoryInformation.keyName', '2014-01-15 15:41:39', '8cwod9x98evbrros06e7bzde8ujfwd0t0000000000000000000MdLocalStruct', 'xrug3bfi4v3h696ofk79qj0q4xpxvmmg00000000000000000000000000000138');
CREATE UNIQUE INDEX akrj5a95klft4goz6bcztmfpbhmhet ON job_history_history_informatio (key_name);
INSERT INTO metadata_display_label ( default_locale, id, site_master, key_name) VALUES (NULL, '07flyzbbtzmlbafrftefcg1v0hi29s7dNM200904120000000000000000000030', 'www.runwaysdk.com', '07flyzbbtzmlbafrftefcg1v0hi29s7dNM200904120000000000000000000030');
INSERT INTO metadata_display_label ( default_locale, id, site_master, key_name) VALUES (NULL, 'sflobmj2ru4jmp2fen5reykmn51rns0lNM200904120000000000000000000030', 'www.runwaysdk.com', 'sflobmj2ru4jmp2fen5reykmn51rns0lNM200904120000000000000000000030');
INSERT INTO md_controller ( stub_source, id) VALUES (NULL, 'zcw0fqrtctg6stjj60k4qsvbu03iq3p4NM200810110000000000000000000112');
INSERT INTO md_type ( display_label, root_id, package_name, type_name, base_source, js_base, js_stub, exported, dto_source, id) VALUES ('07flyzbbtzmlbafrftefcg1v0hi29s7dNM200904120000000000000000000030', 'zcw0fqrtctg6stjj60k4qsvbu03iq3p4', 'com.runwaysdk.system.scheduler', 'JobHistoryHistoryInformationController', NULL, NULL, NULL, 1, NULL, 'zcw0fqrtctg6stjj60k4qsvbu03iq3p4NM200810110000000000000000000112');
INSERT INTO metadata ( description, created_by, owner, id, create_date, seq, type, remove, site_master, locked_by, entity_domain, last_updated_by, last_update_date, key_name) VALUES ('sflobmj2ru4jmp2fen5reykmn51rns0lNM200904120000000000000000000030', '0000000000000000000000000000001000000000000000000000000000000003', '0000000000000000000000000000001000000000000000000000000000000003', 'zcw0fqrtctg6stjj60k4qsvbu03iq3p4NM200810110000000000000000000112', '2014-01-15 15:41:39', 4603, 'com.runwaysdk.system.metadata.MdController', 1, 'www.runwaysdk.com', NULL, NULL, '0000000000000000000000000000001000000000000000000000000000000003', '2014-01-15 15:41:39', 'com.runwaysdk.system.scheduler.JobHistoryHistoryInformationController');
INSERT INTO metadata_display_label ( default_locale, id, site_master, key_name) VALUES ('View Page', 'sur6jvd5loedyk2u0kfpvzzbeb3qtdacNM200904120000000000000000000030', 'www.runwaysdk.com', 'sur6jvd5loedyk2u0kfpvzzbeb3qtdacNM200904120000000000000000000030');
INSERT INTO metadata_display_label ( default_locale, id, site_master, key_name) VALUES ('Loads a ViewAll query for a specific page into the request object', '2ekegunwjeqc3oisrig74z70ivaqokc8NM200904120000000000000000000030', 'www.runwaysdk.com', '2ekegunwjeqc3oisrig74z70ivaqokc8NM200904120000000000000000000030');
INSERT INTO md_action ( is_query, enclosing_md_controller, is_post, action_name, display_label, id) VALUES (1, 'zcw0fqrtctg6stjj60k4qsvbu03iq3p4NM200810110000000000000000000112', 0, 'viewPage', 'sur6jvd5loedyk2u0kfpvzzbeb3qtdacNM200904120000000000000000000030', '0qbd7kdh0n00930j1pfqqd8hr2mqbv96NM200810110000000000000000000113');
INSERT INTO metadata ( description, created_by, owner, id, create_date, seq, type, remove, site_master, locked_by, entity_domain, last_updated_by, last_update_date, key_name) VALUES ('2ekegunwjeqc3oisrig74z70ivaqokc8NM200904120000000000000000000030', '0000000000000000000000000000001000000000000000000000000000000003', '0000000000000000000000000000001000000000000000000000000000000003', '0qbd7kdh0n00930j1pfqqd8hr2mqbv96NM200810110000000000000000000113', '2014-01-15 15:41:39', 4604, 'com.runwaysdk.system.metadata.MdAction', 1, 'www.runwaysdk.com', NULL, NULL, '0000000000000000000000000000001000000000000000000000000000000003', '2014-01-15 15:41:39', 'com.runwaysdk.system.scheduler.JobHistoryHistoryInformationController.viewPage');
INSERT INTO controller_action ( key_name, locked_by, id, owner, entity_domain, created_by, type, last_update_date, create_date, seq, last_updated_by, site_master, parent_id, child_id) VALUES ('com.runwaysdk.system.scheduler.JobHistoryHistoryInformationController.viewPage', NULL, 'r5wbdyckoui6hih6k1kqy88gd148b21rJS200807230000000000000000111111', '0000000000000000000000000000001000000000000000000000000000000003', NULL, '0000000000000000000000000000001000000000000000000000000000000003', 'com.runwaysdk.system.ControllerAction', '2014-01-15 15:41:39', '2014-01-15 15:41:39', 4605, '0000000000000000000000000000001000000000000000000000000000000003', 'www.runwaysdk.com', 'zcw0fqrtctg6stjj60k4qsvbu03iq3p4NM200810110000000000000000000112', '0qbd7kdh0n00930j1pfqqd8hr2mqbv96NM200810110000000000000000000113');
INSERT INTO metadata_display_label ( default_locale, id, site_master, key_name) VALUES ('Sort Attribute', 'z9ocwg6ltvbuqmqqh44ll82xu8ekanwhNM200904120000000000000000000030', 'www.runwaysdk.com', 'z9ocwg6ltvbuqmqqh44ll82xu8ekanwhNM200904120000000000000000000030');
INSERT INTO metadata_display_label ( default_locale, id, site_master, key_name) VALUES (NULL, 'z3guu1jzc9uomdg2l3h1dgjtronhftvsNM200904120000000000000000000030', 'www.runwaysdk.com', 'z3guu1jzc9uomdg2l3h1dgjtronhftvsNM200904120000000000000000000030');
INSERT INTO md_parameter ( metadata, parameter_order, parameter_name, parameter_type, display_label, id) VALUES ('0qbd7kdh0n00930j1pfqqd8hr2mqbv96NM200810110000000000000000000113', -4, 'sortAttribute', 'java.lang.String', 'z9ocwg6ltvbuqmqqh44ll82xu8ekanwhNM200904120000000000000000000030', 'r97cpluf4mrw819weiu1y09e8s8e6n7p20070427JS0000000000000000001517');
INSERT INTO metadata ( description, created_by, owner, id, create_date, seq, type, remove, site_master, locked_by, entity_domain, last_updated_by, last_update_date, key_name) VALUES ('z3guu1jzc9uomdg2l3h1dgjtronhftvsNM200904120000000000000000000030', '0000000000000000000000000000001000000000000000000000000000000003', '0000000000000000000000000000001000000000000000000000000000000003', 'r97cpluf4mrw819weiu1y09e8s8e6n7p20070427JS0000000000000000001517', '2014-01-15 15:41:39', 4606, 'com.runwaysdk.system.metadata.MdParameter', 1, 'www.runwaysdk.com', NULL, NULL, '0000000000000000000000000000001000000000000000000000000000000003', '2014-01-15 15:41:39', 'com.runwaysdk.system.scheduler.JobHistoryHistoryInformationController.viewPage.sortAttribute');
INSERT INTO metadata_parameter ( site_master, last_updated_by, create_date, seq, locked_by, entity_domain, created_by, type, last_update_date, key_name, owner, id, parent_id, child_id) VALUES ('www.runwaysdk.com', '0000000000000000000000000000001000000000000000000000000000000003', '2014-01-15 15:41:39', 4607, NULL, NULL, '0000000000000000000000000000001000000000000000000000000000000003', 'com.runwaysdk.system.MetadataParameter', '2014-01-15 15:41:39', 'com.runwaysdk.system.scheduler.JobHistoryHistoryInformationController.viewPage.sortAttribute', '0000000000000000000000000000001000000000000000000000000000000003', 'zdwp58ms068hv82slwm0qxgkc7e497pd20070427JS0000000000000000001524', '0qbd7kdh0n00930j1pfqqd8hr2mqbv96NM200810110000000000000000000113', 'r97cpluf4mrw819weiu1y09e8s8e6n7p20070427JS0000000000000000001517');
INSERT INTO metadata_display_label ( default_locale, id, site_master, key_name) VALUES ('Is Ascending', 'xm2lilw6g288x547tqsz4xoa5fcq5aisNM200904120000000000000000000030', 'www.runwaysdk.com', 'xm2lilw6g288x547tqsz4xoa5fcq5aisNM200904120000000000000000000030');
INSERT INTO metadata_display_label ( default_locale, id, site_master, key_name) VALUES (NULL, '7e6if4yz8soaghhv2amrkj9i6ws5tbfhNM200904120000000000000000000030', 'www.runwaysdk.com', '7e6if4yz8soaghhv2amrkj9i6ws5tbfhNM200904120000000000000000000030');
INSERT INTO md_parameter ( metadata, parameter_order, parameter_name, parameter_type, display_label, id) VALUES ('0qbd7kdh0n00930j1pfqqd8hr2mqbv96NM200810110000000000000000000113', -3, 'isAscending', 'java.lang.Boolean', 'xm2lilw6g288x547tqsz4xoa5fcq5aisNM200904120000000000000000000030', '0grmim6r3lwsyuov3goog118opmgnwbp20070427JS0000000000000000001517');
INSERT INTO metadata ( description, created_by, owner, id, create_date, seq, type, remove, site_master, locked_by, entity_domain, last_updated_by, last_update_date, key_name) VALUES ('7e6if4yz8soaghhv2amrkj9i6ws5tbfhNM200904120000000000000000000030', '0000000000000000000000000000001000000000000000000000000000000003', '0000000000000000000000000000001000000000000000000000000000000003', '0grmim6r3lwsyuov3goog118opmgnwbp20070427JS0000000000000000001517', '2014-01-15 15:41:39', 4608, 'com.runwaysdk.system.metadata.MdParameter', 1, 'www.runwaysdk.com', NULL, NULL, '0000000000000000000000000000001000000000000000000000000000000003', '2014-01-15 15:41:39', 'com.runwaysdk.system.scheduler.JobHistoryHistoryInformationController.viewPage.isAscending');
INSERT INTO metadata_parameter ( site_master, last_updated_by, create_date, seq, locked_by, entity_domain, created_by, type, last_update_date, key_name, owner, id, parent_id, child_id) VALUES ('www.runwaysdk.com', '0000000000000000000000000000001000000000000000000000000000000003', '2014-01-15 15:41:39', 4609, NULL, NULL, '0000000000000000000000000000001000000000000000000000000000000003', 'com.runwaysdk.system.MetadataParameter', '2014-01-15 15:41:39', 'com.runwaysdk.system.scheduler.JobHistoryHistoryInformationController.viewPage.isAscending', '0000000000000000000000000000001000000000000000000000000000000003', 'zdzy4knl5a5okqsmmllypvsppmf3frmn20070427JS0000000000000000001524', '0qbd7kdh0n00930j1pfqqd8hr2mqbv96NM200810110000000000000000000113', '0grmim6r3lwsyuov3goog118opmgnwbp20070427JS0000000000000000001517');
INSERT INTO metadata_display_label ( default_locale, id, site_master, key_name) VALUES ('Page Size', '6nq39mizkff13od8ui03ff8irg8h48ycNM200904120000000000000000000030', 'www.runwaysdk.com', '6nq39mizkff13od8ui03ff8irg8h48ycNM200904120000000000000000000030');
INSERT INTO metadata_display_label ( default_locale, id, site_master, key_name) VALUES (NULL, '8r66cqv0440yk24gdiy6xcb4titbd3nvNM200904120000000000000000000030', 'www.runwaysdk.com', '8r66cqv0440yk24gdiy6xcb4titbd3nvNM200904120000000000000000000030');
INSERT INTO md_parameter ( metadata, parameter_order, parameter_name, parameter_type, display_label, id) VALUES ('0qbd7kdh0n00930j1pfqqd8hr2mqbv96NM200810110000000000000000000113', -2, 'pageSize', 'java.lang.Integer', '6nq39mizkff13od8ui03ff8irg8h48ycNM200904120000000000000000000030', 'r0u5nr2clvk52e8uvzrzvuke74t6e75420070427JS0000000000000000001517');
INSERT INTO metadata ( description, created_by, owner, id, create_date, seq, type, remove, site_master, locked_by, entity_domain, last_updated_by, last_update_date, key_name) VALUES ('8r66cqv0440yk24gdiy6xcb4titbd3nvNM200904120000000000000000000030', '0000000000000000000000000000001000000000000000000000000000000003', '0000000000000000000000000000001000000000000000000000000000000003', 'r0u5nr2clvk52e8uvzrzvuke74t6e75420070427JS0000000000000000001517', '2014-01-15 15:41:39', 4610, 'com.runwaysdk.system.metadata.MdParameter', 1, 'www.runwaysdk.com', NULL, NULL, '0000000000000000000000000000001000000000000000000000000000000003', '2014-01-15 15:41:39', 'com.runwaysdk.system.scheduler.JobHistoryHistoryInformationController.viewPage.pageSize');
INSERT INTO metadata_parameter ( site_master, last_updated_by, create_date, seq, locked_by, entity_domain, created_by, type, last_update_date, key_name, owner, id, parent_id, child_id) VALUES ('www.runwaysdk.com', '0000000000000000000000000000001000000000000000000000000000000003', '2014-01-15 15:41:39', 4611, NULL, NULL, '0000000000000000000000000000001000000000000000000000000000000003', 'com.runwaysdk.system.MetadataParameter', '2014-01-15 15:41:39', 'com.runwaysdk.system.scheduler.JobHistoryHistoryInformationController.viewPage.pageSize', '0000000000000000000000000000001000000000000000000000000000000003', '8ihlk26d0ss8xrbh20uby3szrqrxxx6a20070427JS0000000000000000001524', '0qbd7kdh0n00930j1pfqqd8hr2mqbv96NM200810110000000000000000000113', 'r0u5nr2clvk52e8uvzrzvuke74t6e75420070427JS0000000000000000001517');
INSERT INTO metadata_display_label ( default_locale, id, site_master, key_name) VALUES ('Page Number', '6okstbe6sw7u8d54qraf3hi03fun8cc6NM200904120000000000000000000030', 'www.runwaysdk.com', '6okstbe6sw7u8d54qraf3hi03fun8cc6NM200904120000000000000000000030');
INSERT INTO metadata_display_label ( default_locale, id, site_master, key_name) VALUES (NULL, '7cdocyj30b3gzzz0opy1nj7wq6exxj1rNM200904120000000000000000000030', 'www.runwaysdk.com', '7cdocyj30b3gzzz0opy1nj7wq6exxj1rNM200904120000000000000000000030');
INSERT INTO md_parameter ( metadata, parameter_order, parameter_name, parameter_type, display_label, id) VALUES ('0qbd7kdh0n00930j1pfqqd8hr2mqbv96NM200810110000000000000000000113', -1, 'pageNumber', 'java.lang.Integer', '6okstbe6sw7u8d54qraf3hi03fun8cc6NM200904120000000000000000000030', '7a5vm7xem67bc8cxq9wz04wjuu38ht4f20070427JS0000000000000000001517');
INSERT INTO metadata ( description, created_by, owner, id, create_date, seq, type, remove, site_master, locked_by, entity_domain, last_updated_by, last_update_date, key_name) VALUES ('7cdocyj30b3gzzz0opy1nj7wq6exxj1rNM200904120000000000000000000030', '0000000000000000000000000000001000000000000000000000000000000003', '0000000000000000000000000000001000000000000000000000000000000003', '7a5vm7xem67bc8cxq9wz04wjuu38ht4f20070427JS0000000000000000001517', '2014-01-15 15:41:39', 4612, 'com.runwaysdk.system.metadata.MdParameter', 1, 'www.runwaysdk.com', NULL, NULL, '0000000000000000000000000000001000000000000000000000000000000003', '2014-01-15 15:41:39', 'com.runwaysdk.system.scheduler.JobHistoryHistoryInformationController.viewPage.pageNumber');
INSERT INTO metadata_parameter ( site_master, last_updated_by, create_date, seq, locked_by, entity_domain, created_by, type, last_update_date, key_name, owner, id, parent_id, child_id) VALUES ('www.runwaysdk.com', '0000000000000000000000000000001000000000000000000000000000000003', '2014-01-15 15:41:39', 4613, NULL, NULL, '0000000000000000000000000000001000000000000000000000000000000003', 'com.runwaysdk.system.MetadataParameter', '2014-01-15 15:41:39', 'com.runwaysdk.system.scheduler.JobHistoryHistoryInformationController.viewPage.pageNumber', '0000000000000000000000000000001000000000000000000000000000000003', '7efn51di6h28u3ca62fb0m1bb6qxo4vu20070427JS0000000000000000001524', '0qbd7kdh0n00930j1pfqqd8hr2mqbv96NM200810110000000000000000000113', '7a5vm7xem67bc8cxq9wz04wjuu38ht4f20070427JS0000000000000000001517');
INSERT INTO metadata_display_label ( default_locale, id, site_master, key_name) VALUES ('View All', '8czc5vyubefbud5ix2hfk4fq9lwjd4vxNM200904120000000000000000000030', 'www.runwaysdk.com', '8czc5vyubefbud5ix2hfk4fq9lwjd4vxNM200904120000000000000000000030');
INSERT INTO metadata_display_label ( default_locale, id, site_master, key_name) VALUES ('Loads a ViewAll query with the default settings', '1tal7afbpui7s6l312w728v6shauagmvNM200904120000000000000000000030', 'www.runwaysdk.com', '1tal7afbpui7s6l312w728v6shauagmvNM200904120000000000000000000030');
INSERT INTO md_action ( is_query, enclosing_md_controller, is_post, action_name, display_label, id) VALUES (0, 'zcw0fqrtctg6stjj60k4qsvbu03iq3p4NM200810110000000000000000000112', 0, 'viewAll', '8czc5vyubefbud5ix2hfk4fq9lwjd4vxNM200904120000000000000000000030', '944dvp724uv4bu7fq4uanbjdi1wm5fs8NM200810110000000000000000000113');
INSERT INTO metadata ( description, created_by, owner, id, create_date, seq, type, remove, site_master, locked_by, entity_domain, last_updated_by, last_update_date, key_name) VALUES ('1tal7afbpui7s6l312w728v6shauagmvNM200904120000000000000000000030', '0000000000000000000000000000001000000000000000000000000000000003', '0000000000000000000000000000001000000000000000000000000000000003', '944dvp724uv4bu7fq4uanbjdi1wm5fs8NM200810110000000000000000000113', '2014-01-15 15:41:39', 4614, 'com.runwaysdk.system.metadata.MdAction', 1, 'www.runwaysdk.com', NULL, NULL, '0000000000000000000000000000001000000000000000000000000000000003', '2014-01-15 15:41:39', 'com.runwaysdk.system.scheduler.JobHistoryHistoryInformationController.viewAll');
INSERT INTO controller_action ( key_name, locked_by, id, owner, entity_domain, created_by, type, last_update_date, create_date, seq, last_updated_by, site_master, parent_id, child_id) VALUES ('com.runwaysdk.system.scheduler.JobHistoryHistoryInformationController.viewAll', NULL, '72bogg49z1m16dbrd6e28gcwf450s03jJS200807230000000000000000111111', '0000000000000000000000000000001000000000000000000000000000000003', NULL, '0000000000000000000000000000001000000000000000000000000000000003', 'com.runwaysdk.system.ControllerAction', '2014-01-15 15:41:39', '2014-01-15 15:41:39', 4615, '0000000000000000000000000000001000000000000000000000000000000003', 'www.runwaysdk.com', 'zcw0fqrtctg6stjj60k4qsvbu03iq3p4NM200810110000000000000000000112', '944dvp724uv4bu7fq4uanbjdi1wm5fs8NM200810110000000000000000000113');
INSERT INTO metadata_display_label ( default_locale, id, site_master, key_name) VALUES ('View', '0l48m8b90a15zdgbz877z32u09ik6gwpNM200904120000000000000000000030', 'www.runwaysdk.com', '0l48m8b90a15zdgbz877z32u09ik6gwpNM200904120000000000000000000030');
INSERT INTO metadata_display_label ( default_locale, id, site_master, key_name) VALUES ('View an existing instance of com.runwaysdk.system.scheduler.JobHistoryHistoryInformation', 'qr3dzem438habz3az6tkj10vc1buag65NM200904120000000000000000000030', 'www.runwaysdk.com', 'qr3dzem438habz3az6tkj10vc1buag65NM200904120000000000000000000030');
INSERT INTO md_action ( is_query, enclosing_md_controller, is_post, action_name, display_label, id) VALUES (0, 'zcw0fqrtctg6stjj60k4qsvbu03iq3p4NM200810110000000000000000000112', 0, 'view', '0l48m8b90a15zdgbz877z32u09ik6gwpNM200904120000000000000000000030', '0pkwdmaxjsg8ozdnn9rlnwy9o3b8paovNM200810110000000000000000000113');
INSERT INTO metadata ( description, created_by, owner, id, create_date, seq, type, remove, site_master, locked_by, entity_domain, last_updated_by, last_update_date, key_name) VALUES ('qr3dzem438habz3az6tkj10vc1buag65NM200904120000000000000000000030', '0000000000000000000000000000001000000000000000000000000000000003', '0000000000000000000000000000001000000000000000000000000000000003', '0pkwdmaxjsg8ozdnn9rlnwy9o3b8paovNM200810110000000000000000000113', '2014-01-15 15:41:39', 4616, 'com.runwaysdk.system.metadata.MdAction', 1, 'www.runwaysdk.com', NULL, NULL, '0000000000000000000000000000001000000000000000000000000000000003', '2014-01-15 15:41:39', 'com.runwaysdk.system.scheduler.JobHistoryHistoryInformationController.view');
INSERT INTO controller_action ( key_name, locked_by, id, owner, entity_domain, created_by, type, last_update_date, create_date, seq, last_updated_by, site_master, parent_id, child_id) VALUES ('com.runwaysdk.system.scheduler.JobHistoryHistoryInformationController.view', NULL, '6rggrf495ppxtrigqq4wl4yz9915z0t7JS200807230000000000000000111111', '0000000000000000000000000000001000000000000000000000000000000003', NULL, '0000000000000000000000000000001000000000000000000000000000000003', 'com.runwaysdk.system.ControllerAction', '2014-01-15 15:41:39', '2014-01-15 15:41:39', 4617, '0000000000000000000000000000001000000000000000000000000000000003', 'www.runwaysdk.com', 'zcw0fqrtctg6stjj60k4qsvbu03iq3p4NM200810110000000000000000000112', '0pkwdmaxjsg8ozdnn9rlnwy9o3b8paovNM200810110000000000000000000113');
INSERT INTO metadata_display_label ( default_locale, id, site_master, key_name) VALUES ('Parameter: com.runwaysdk.system.scheduler.JobHistoryHistoryInformation - id', 'sne4szpo2oyrfsy2b830c1exr59zmg5hNM200904120000000000000000000030', 'www.runwaysdk.com', 'sne4szpo2oyrfsy2b830c1exr59zmg5hNM200904120000000000000000000030');
INSERT INTO metadata_display_label ( default_locale, id, site_master, key_name) VALUES ('Id of com.runwaysdk.system.scheduler.JobHistoryHistoryInformation to view.', '00zwvoe53hhs5gn4wu8j4pvh9gii7we3NM200904120000000000000000000030', 'www.runwaysdk.com', '00zwvoe53hhs5gn4wu8j4pvh9gii7we3NM200904120000000000000000000030');
INSERT INTO md_parameter ( metadata, parameter_order, parameter_name, parameter_type, display_label, id) VALUES ('0pkwdmaxjsg8ozdnn9rlnwy9o3b8paovNM200810110000000000000000000113', 0, 'id', 'java.lang.String', 'sne4szpo2oyrfsy2b830c1exr59zmg5hNM200904120000000000000000000030', '251tv3p1ph95n2g9liub4r9dspuo7qr920070427JS0000000000000000001517');
INSERT INTO metadata ( description, created_by, owner, id, create_date, seq, type, remove, site_master, locked_by, entity_domain, last_updated_by, last_update_date, key_name) VALUES ('00zwvoe53hhs5gn4wu8j4pvh9gii7we3NM200904120000000000000000000030', '0000000000000000000000000000001000000000000000000000000000000003', '0000000000000000000000000000001000000000000000000000000000000003', '251tv3p1ph95n2g9liub4r9dspuo7qr920070427JS0000000000000000001517', '2014-01-15 15:41:39', 4618, 'com.runwaysdk.system.metadata.MdParameter', 1, 'www.runwaysdk.com', NULL, NULL, '0000000000000000000000000000001000000000000000000000000000000003', '2014-01-15 15:41:39', 'com.runwaysdk.system.scheduler.JobHistoryHistoryInformationController.view.id');
INSERT INTO metadata_parameter ( site_master, last_updated_by, create_date, seq, locked_by, entity_domain, created_by, type, last_update_date, key_name, owner, id, parent_id, child_id) VALUES ('www.runwaysdk.com', '0000000000000000000000000000001000000000000000000000000000000003', '2014-01-15 15:41:39', 4619, NULL, NULL, '0000000000000000000000000000001000000000000000000000000000000003', 'com.runwaysdk.system.MetadataParameter', '2014-01-15 15:41:39', 'com.runwaysdk.system.scheduler.JobHistoryHistoryInformationController.view.id', '0000000000000000000000000000001000000000000000000000000000000003', '8vt8z0pfhxwm862uh268x4elum1w3kbf20070427JS0000000000000000001524', '0pkwdmaxjsg8ozdnn9rlnwy9o3b8paovNM200810110000000000000000000113', '251tv3p1ph95n2g9liub4r9dspuo7qr920070427JS0000000000000000001517');
INSERT INTO metadata_display_label ( default_locale, id, site_master, key_name) VALUES ('New Instance', '293de6g9ag1ql3vuq1c4ede7r94toqt2NM200904120000000000000000000030', 'www.runwaysdk.com', '293de6g9ag1ql3vuq1c4ede7r94toqt2NM200904120000000000000000000030');
INSERT INTO metadata_display_label ( default_locale, id, site_master, key_name) VALUES ('Loads a new instance of com.runwaysdk.system.scheduler.JobHistoryHistoryInformation into the request object', 'xcsp0jgbu3ojak3nwjlb9behhewyujfjNM200904120000000000000000000030', 'www.runwaysdk.com', 'xcsp0jgbu3ojak3nwjlb9behhewyujfjNM200904120000000000000000000030');
INSERT INTO md_action ( is_query, enclosing_md_controller, is_post, action_name, display_label, id) VALUES (0, 'zcw0fqrtctg6stjj60k4qsvbu03iq3p4NM200810110000000000000000000112', 0, 'newInstance', '293de6g9ag1ql3vuq1c4ede7r94toqt2NM200904120000000000000000000030', 't1yislyvmroo87kkwxa92l0i8quzh93wNM200810110000000000000000000113');
INSERT INTO metadata ( description, created_by, owner, id, create_date, seq, type, remove, site_master, locked_by, entity_domain, last_updated_by, last_update_date, key_name) VALUES ('xcsp0jgbu3ojak3nwjlb9behhewyujfjNM200904120000000000000000000030', '0000000000000000000000000000001000000000000000000000000000000003', '0000000000000000000000000000001000000000000000000000000000000003', 't1yislyvmroo87kkwxa92l0i8quzh93wNM200810110000000000000000000113', '2014-01-15 15:41:39', 4620, 'com.runwaysdk.system.metadata.MdAction', 1, 'www.runwaysdk.com', NULL, NULL, '0000000000000000000000000000001000000000000000000000000000000003', '2014-01-15 15:41:39', 'com.runwaysdk.system.scheduler.JobHistoryHistoryInformationController.newInstance');
INSERT INTO controller_action ( key_name, locked_by, id, owner, entity_domain, created_by, type, last_update_date, create_date, seq, last_updated_by, site_master, parent_id, child_id) VALUES ('com.runwaysdk.system.scheduler.JobHistoryHistoryInformationController.newInstance', NULL, 't0a7b1cboplxm9hcpz2cm4hf36556ctnJS200807230000000000000000111111', '0000000000000000000000000000001000000000000000000000000000000003', NULL, '0000000000000000000000000000001000000000000000000000000000000003', 'com.runwaysdk.system.ControllerAction', '2014-01-15 15:41:39', '2014-01-15 15:41:39', 4621, '0000000000000000000000000000001000000000000000000000000000000003', 'www.runwaysdk.com', 'zcw0fqrtctg6stjj60k4qsvbu03iq3p4NM200810110000000000000000000112', 't1yislyvmroo87kkwxa92l0i8quzh93wNM200810110000000000000000000113');
INSERT INTO metadata_display_label ( default_locale, id, site_master, key_name) VALUES ('Create', 'r9e7b6riveumlc9gk794ac1vuw7q6j37NM200904120000000000000000000030', 'www.runwaysdk.com', 'r9e7b6riveumlc9gk794ac1vuw7q6j37NM200904120000000000000000000030');
INSERT INTO metadata_display_label ( default_locale, id, site_master, key_name) VALUES ('Applys a new instance of com.runwaysdk.system.scheduler.JobHistoryHistoryInformation', '6waqb855ofgscnbri9r95efg7z0hz9ppNM200904120000000000000000000030', 'www.runwaysdk.com', '6waqb855ofgscnbri9r95efg7z0hz9ppNM200904120000000000000000000030');
INSERT INTO md_action ( is_query, enclosing_md_controller, is_post, action_name, display_label, id) VALUES (0, 'zcw0fqrtctg6stjj60k4qsvbu03iq3p4NM200810110000000000000000000112', 1, 'create', 'r9e7b6riveumlc9gk794ac1vuw7q6j37NM200904120000000000000000000030', 'xrnsl9dk1ubfrc6094nymqotje07u3fyNM200810110000000000000000000113');
INSERT INTO metadata ( description, created_by, owner, id, create_date, seq, type, remove, site_master, locked_by, entity_domain, last_updated_by, last_update_date, key_name) VALUES ('6waqb855ofgscnbri9r95efg7z0hz9ppNM200904120000000000000000000030', '0000000000000000000000000000001000000000000000000000000000000003', '0000000000000000000000000000001000000000000000000000000000000003', 'xrnsl9dk1ubfrc6094nymqotje07u3fyNM200810110000000000000000000113', '2014-01-15 15:41:39', 4622, 'com.runwaysdk.system.metadata.MdAction', 1, 'www.runwaysdk.com', NULL, NULL, '0000000000000000000000000000001000000000000000000000000000000003', '2014-01-15 15:41:39', 'com.runwaysdk.system.scheduler.JobHistoryHistoryInformationController.create');
INSERT INTO controller_action ( key_name, locked_by, id, owner, entity_domain, created_by, type, last_update_date, create_date, seq, last_updated_by, site_master, parent_id, child_id) VALUES ('com.runwaysdk.system.scheduler.JobHistoryHistoryInformationController.create', NULL, 'sg9hap8splwe8dk1w3w8hgahsc2dk4poJS200807230000000000000000111111', '0000000000000000000000000000001000000000000000000000000000000003', NULL, '0000000000000000000000000000001000000000000000000000000000000003', 'com.runwaysdk.system.ControllerAction', '2014-01-15 15:41:39', '2014-01-15 15:41:39', 4623, '0000000000000000000000000000001000000000000000000000000000000003', 'www.runwaysdk.com', 'zcw0fqrtctg6stjj60k4qsvbu03iq3p4NM200810110000000000000000000112', 'xrnsl9dk1ubfrc6094nymqotje07u3fyNM200810110000000000000000000113');
INSERT INTO metadata_display_label ( default_locale, id, site_master, key_name) VALUES ('Parameter: com.runwaysdk.system.scheduler.JobHistoryHistoryInformation', '8hqvhx5i1pkd2q58dfi8lmujygh74fbsNM200904120000000000000000000030', 'www.runwaysdk.com', '8hqvhx5i1pkd2q58dfi8lmujygh74fbsNM200904120000000000000000000030');
INSERT INTO metadata_display_label ( default_locale, id, site_master, key_name) VALUES ('com.runwaysdk.system.scheduler.JobHistoryHistoryInformation to apply to the database', 'qr7yktj2hnr9ezres5dbavm2xj6gal07NM200904120000000000000000000030', 'www.runwaysdk.com', 'qr7yktj2hnr9ezres5dbavm2xj6gal07NM200904120000000000000000000030');
INSERT INTO md_parameter ( metadata, parameter_order, parameter_name, parameter_type, display_label, id) VALUES ('xrnsl9dk1ubfrc6094nymqotje07u3fyNM200810110000000000000000000113', 0, 'dto', 'com.runwaysdk.system.scheduler.JobHistoryHistoryInformation', '8hqvhx5i1pkd2q58dfi8lmujygh74fbsNM200904120000000000000000000030', 'repkkyhnn8yzlu6h2wpap04oynbf6sl720070427JS0000000000000000001517');
INSERT INTO metadata ( description, created_by, owner, id, create_date, seq, type, remove, site_master, locked_by, entity_domain, last_updated_by, last_update_date, key_name) VALUES ('qr7yktj2hnr9ezres5dbavm2xj6gal07NM200904120000000000000000000030', '0000000000000000000000000000001000000000000000000000000000000003', '0000000000000000000000000000001000000000000000000000000000000003', 'repkkyhnn8yzlu6h2wpap04oynbf6sl720070427JS0000000000000000001517', '2014-01-15 15:41:39', 4624, 'com.runwaysdk.system.metadata.MdParameter', 1, 'www.runwaysdk.com', NULL, NULL, '0000000000000000000000000000001000000000000000000000000000000003', '2014-01-15 15:41:39', 'com.runwaysdk.system.scheduler.JobHistoryHistoryInformationController.create.dto');
INSERT INTO metadata_parameter ( site_master, last_updated_by, create_date, seq, locked_by, entity_domain, created_by, type, last_update_date, key_name, owner, id, parent_id, child_id) VALUES ('www.runwaysdk.com', '0000000000000000000000000000001000000000000000000000000000000003', '2014-01-15 15:41:39', 4625, NULL, NULL, '0000000000000000000000000000001000000000000000000000000000000003', 'com.runwaysdk.system.MetadataParameter', '2014-01-15 15:41:39', 'com.runwaysdk.system.scheduler.JobHistoryHistoryInformationController.create.dto', '0000000000000000000000000000001000000000000000000000000000000003', '0nwpofb978jwhc4tnw8xdss0fjz3ogpm20070427JS0000000000000000001524', 'xrnsl9dk1ubfrc6094nymqotje07u3fyNM200810110000000000000000000113', 'repkkyhnn8yzlu6h2wpap04oynbf6sl720070427JS0000000000000000001517');
INSERT INTO metadata_display_label ( default_locale, id, site_master, key_name) VALUES ('edit', '6ua2bsy68rfs5gcnte9lmmvlzglykx4fNM200904120000000000000000000030', 'www.runwaysdk.com', '6ua2bsy68rfs5gcnte9lmmvlzglykx4fNM200904120000000000000000000030');
INSERT INTO metadata_display_label ( default_locale, id, site_master, key_name) VALUES ('Applys an existing instance of com.runwaysdk.system.scheduler.JobHistoryHistoryInformation', 'zepwe7a4upuvbqzhrsb89f12w1ql0yf2NM200904120000000000000000000030', 'www.runwaysdk.com', 'zepwe7a4upuvbqzhrsb89f12w1ql0yf2NM200904120000000000000000000030');
INSERT INTO md_action ( is_query, enclosing_md_controller, is_post, action_name, display_label, id) VALUES (0, 'zcw0fqrtctg6stjj60k4qsvbu03iq3p4NM200810110000000000000000000112', 0, 'edit', '6ua2bsy68rfs5gcnte9lmmvlzglykx4fNM200904120000000000000000000030', 'slpt2o5eb92uepylslgubplnjcgkoi8mNM200810110000000000000000000113');
INSERT INTO metadata ( description, created_by, owner, id, create_date, seq, type, remove, site_master, locked_by, entity_domain, last_updated_by, last_update_date, key_name) VALUES ('zepwe7a4upuvbqzhrsb89f12w1ql0yf2NM200904120000000000000000000030', '0000000000000000000000000000001000000000000000000000000000000003', '0000000000000000000000000000001000000000000000000000000000000003', 'slpt2o5eb92uepylslgubplnjcgkoi8mNM200810110000000000000000000113', '2014-01-15 15:41:39', 4626, 'com.runwaysdk.system.metadata.MdAction', 1, 'www.runwaysdk.com', NULL, NULL, '0000000000000000000000000000001000000000000000000000000000000003', '2014-01-15 15:41:39', 'com.runwaysdk.system.scheduler.JobHistoryHistoryInformationController.edit');
INSERT INTO controller_action ( key_name, locked_by, id, owner, entity_domain, created_by, type, last_update_date, create_date, seq, last_updated_by, site_master, parent_id, child_id) VALUES ('com.runwaysdk.system.scheduler.JobHistoryHistoryInformationController.edit', NULL, 'zmp9vpr3xanclr1102paqbz9zhj41sh0JS200807230000000000000000111111', '0000000000000000000000000000001000000000000000000000000000000003', NULL, '0000000000000000000000000000001000000000000000000000000000000003', 'com.runwaysdk.system.ControllerAction', '2014-01-15 15:41:39', '2014-01-15 15:41:39', 4627, '0000000000000000000000000000001000000000000000000000000000000003', 'www.runwaysdk.com', 'zcw0fqrtctg6stjj60k4qsvbu03iq3p4NM200810110000000000000000000112', 'slpt2o5eb92uepylslgubplnjcgkoi8mNM200810110000000000000000000113');
INSERT INTO metadata_display_label ( default_locale, id, site_master, key_name) VALUES ('Parameter: com.runwaysdk.system.scheduler.JobHistoryHistoryInformation', '1z8j2nutdd105ukdq66n2j13mftk3morNM200904120000000000000000000030', 'www.runwaysdk.com', '1z8j2nutdd105ukdq66n2j13mftk3morNM200904120000000000000000000030');
INSERT INTO metadata_display_label ( default_locale, id, site_master, key_name) VALUES ('com.runwaysdk.system.scheduler.JobHistoryHistoryInformation to apply to the database', 'qx4pnj9slraie18eec2lmdqnkh0xtk9oNM200904120000000000000000000030', 'www.runwaysdk.com', 'qx4pnj9slraie18eec2lmdqnkh0xtk9oNM200904120000000000000000000030');
INSERT INTO md_parameter ( metadata, parameter_order, parameter_name, parameter_type, display_label, id) VALUES ('slpt2o5eb92uepylslgubplnjcgkoi8mNM200810110000000000000000000113', 0, 'id', 'java.lang.String', '1z8j2nutdd105ukdq66n2j13mftk3morNM200904120000000000000000000030', '0kndp980cu8zqxf3zhgye6iszlxmbahl20070427JS0000000000000000001517');
INSERT INTO metadata ( description, created_by, owner, id, create_date, seq, type, remove, site_master, locked_by, entity_domain, last_updated_by, last_update_date, key_name) VALUES ('qx4pnj9slraie18eec2lmdqnkh0xtk9oNM200904120000000000000000000030', '0000000000000000000000000000001000000000000000000000000000000003', '0000000000000000000000000000001000000000000000000000000000000003', '0kndp980cu8zqxf3zhgye6iszlxmbahl20070427JS0000000000000000001517', '2014-01-15 15:41:39', 4628, 'com.runwaysdk.system.metadata.MdParameter', 1, 'www.runwaysdk.com', NULL, NULL, '0000000000000000000000000000001000000000000000000000000000000003', '2014-01-15 15:41:39', 'com.runwaysdk.system.scheduler.JobHistoryHistoryInformationController.edit.id');
INSERT INTO metadata_parameter ( site_master, last_updated_by, create_date, seq, locked_by, entity_domain, created_by, type, last_update_date, key_name, owner, id, parent_id, child_id) VALUES ('www.runwaysdk.com', '0000000000000000000000000000001000000000000000000000000000000003', '2014-01-15 15:41:39', 4629, NULL, NULL, '0000000000000000000000000000001000000000000000000000000000000003', 'com.runwaysdk.system.MetadataParameter', '2014-01-15 15:41:39', 'com.runwaysdk.system.scheduler.JobHistoryHistoryInformationController.edit.id', '0000000000000000000000000000001000000000000000000000000000000003', '8osdyby6u0pha45nxcoz0636chvlmy0x20070427JS0000000000000000001524', 'slpt2o5eb92uepylslgubplnjcgkoi8mNM200810110000000000000000000113', '0kndp980cu8zqxf3zhgye6iszlxmbahl20070427JS0000000000000000001517');
INSERT INTO metadata_display_label ( default_locale, id, site_master, key_name) VALUES ('update', 'sor4uhlw3bjtfg77fldnqn9vwsd3ho6mNM200904120000000000000000000030', 'www.runwaysdk.com', 'sor4uhlw3bjtfg77fldnqn9vwsd3ho6mNM200904120000000000000000000030');
INSERT INTO metadata_display_label ( default_locale, id, site_master, key_name) VALUES ('Applys an existing instance of com.runwaysdk.system.scheduler.JobHistoryHistoryInformation', 'xey4s9mdh2cr5ibzkwqd74bsyupeicyqNM200904120000000000000000000030', 'www.runwaysdk.com', 'xey4s9mdh2cr5ibzkwqd74bsyupeicyqNM200904120000000000000000000030');
INSERT INTO md_action ( is_query, enclosing_md_controller, is_post, action_name, display_label, id) VALUES (0, 'zcw0fqrtctg6stjj60k4qsvbu03iq3p4NM200810110000000000000000000112', 1, 'update', 'sor4uhlw3bjtfg77fldnqn9vwsd3ho6mNM200904120000000000000000000030', 'qpkf6gd83czdxp15zis6p21xjhmc9sfwNM200810110000000000000000000113');
INSERT INTO metadata ( description, created_by, owner, id, create_date, seq, type, remove, site_master, locked_by, entity_domain, last_updated_by, last_update_date, key_name) VALUES ('xey4s9mdh2cr5ibzkwqd74bsyupeicyqNM200904120000000000000000000030', '0000000000000000000000000000001000000000000000000000000000000003', '0000000000000000000000000000001000000000000000000000000000000003', 'qpkf6gd83czdxp15zis6p21xjhmc9sfwNM200810110000000000000000000113', '2014-01-15 15:41:39', 4630, 'com.runwaysdk.system.metadata.MdAction', 1, 'www.runwaysdk.com', NULL, NULL, '0000000000000000000000000000001000000000000000000000000000000003', '2014-01-15 15:41:39', 'com.runwaysdk.system.scheduler.JobHistoryHistoryInformationController.update');
INSERT INTO controller_action ( key_name, locked_by, id, owner, entity_domain, created_by, type, last_update_date, create_date, seq, last_updated_by, site_master, parent_id, child_id) VALUES ('com.runwaysdk.system.scheduler.JobHistoryHistoryInformationController.update', NULL, '02px9f0rkp64e1w06am7quclhdqo9sp1JS200807230000000000000000111111', '0000000000000000000000000000001000000000000000000000000000000003', NULL, '0000000000000000000000000000001000000000000000000000000000000003', 'com.runwaysdk.system.ControllerAction', '2014-01-15 15:41:39', '2014-01-15 15:41:39', 4631, '0000000000000000000000000000001000000000000000000000000000000003', 'www.runwaysdk.com', 'zcw0fqrtctg6stjj60k4qsvbu03iq3p4NM200810110000000000000000000112', 'qpkf6gd83czdxp15zis6p21xjhmc9sfwNM200810110000000000000000000113');
INSERT INTO metadata_display_label ( default_locale, id, site_master, key_name) VALUES ('Parameter: com.runwaysdk.system.scheduler.JobHistoryHistoryInformation - dto', '779s99au1cszpc21a3ysbt9gsgpnnmwgNM200904120000000000000000000030', 'www.runwaysdk.com', '779s99au1cszpc21a3ysbt9gsgpnnmwgNM200904120000000000000000000030');
INSERT INTO metadata_display_label ( default_locale, id, site_master, key_name) VALUES ('com.runwaysdk.system.scheduler.JobHistoryHistoryInformation to apply to the database', '8z2om5y60rm441pdc3djf524x2pobk9pNM200904120000000000000000000030', 'www.runwaysdk.com', '8z2om5y60rm441pdc3djf524x2pobk9pNM200904120000000000000000000030');
INSERT INTO md_parameter ( metadata, parameter_order, parameter_name, parameter_type, display_label, id) VALUES ('qpkf6gd83czdxp15zis6p21xjhmc9sfwNM200810110000000000000000000113', 0, 'dto', 'com.runwaysdk.system.scheduler.JobHistoryHistoryInformation', '779s99au1cszpc21a3ysbt9gsgpnnmwgNM200904120000000000000000000030', '8bt5hlondyr9b73d00k5awkln3exx7on20070427JS0000000000000000001517');
INSERT INTO metadata ( description, created_by, owner, id, create_date, seq, type, remove, site_master, locked_by, entity_domain, last_updated_by, last_update_date, key_name) VALUES ('8z2om5y60rm441pdc3djf524x2pobk9pNM200904120000000000000000000030', '0000000000000000000000000000001000000000000000000000000000000003', '0000000000000000000000000000001000000000000000000000000000000003', '8bt5hlondyr9b73d00k5awkln3exx7on20070427JS0000000000000000001517', '2014-01-15 15:41:39', 4632, 'com.runwaysdk.system.metadata.MdParameter', 1, 'www.runwaysdk.com', NULL, NULL, '0000000000000000000000000000001000000000000000000000000000000003', '2014-01-15 15:41:39', 'com.runwaysdk.system.scheduler.JobHistoryHistoryInformationController.update.dto');
INSERT INTO metadata_parameter ( site_master, last_updated_by, create_date, seq, locked_by, entity_domain, created_by, type, last_update_date, key_name, owner, id, parent_id, child_id) VALUES ('www.runwaysdk.com', '0000000000000000000000000000001000000000000000000000000000000003', '2014-01-15 15:41:39', 4633, NULL, NULL, '0000000000000000000000000000001000000000000000000000000000000003', 'com.runwaysdk.system.MetadataParameter', '2014-01-15 15:41:39', 'com.runwaysdk.system.scheduler.JobHistoryHistoryInformationController.update.dto', '0000000000000000000000000000001000000000000000000000000000000003', 'rdfj37ammezfoehsd5si556nf8299vet20070427JS0000000000000000001524', 'qpkf6gd83czdxp15zis6p21xjhmc9sfwNM200810110000000000000000000113', '8bt5hlondyr9b73d00k5awkln3exx7on20070427JS0000000000000000001517');
INSERT INTO metadata_display_label ( default_locale, id, site_master, key_name) VALUES ('cancel', '2bwimf9twelbpoj70p5fnxdwve5ls6amNM200904120000000000000000000030', 'www.runwaysdk.com', '2bwimf9twelbpoj70p5fnxdwve5ls6amNM200904120000000000000000000030');
INSERT INTO metadata_display_label ( default_locale, id, site_master, key_name) VALUES ('Unlocks an instance com.runwaysdk.system.scheduler.JobHistoryHistoryInformation', '1w9ddzfmquo08cxxiu06ibexfdd9avv4NM200904120000000000000000000030', 'www.runwaysdk.com', '1w9ddzfmquo08cxxiu06ibexfdd9avv4NM200904120000000000000000000030');
INSERT INTO md_action ( is_query, enclosing_md_controller, is_post, action_name, display_label, id) VALUES (0, 'zcw0fqrtctg6stjj60k4qsvbu03iq3p4NM200810110000000000000000000112', 1, 'cancel', '2bwimf9twelbpoj70p5fnxdwve5ls6amNM200904120000000000000000000030', 'zakx9k9tvsfft44875d5a1qqwtgc6ul1NM200810110000000000000000000113');
INSERT INTO metadata ( description, created_by, owner, id, create_date, seq, type, remove, site_master, locked_by, entity_domain, last_updated_by, last_update_date, key_name) VALUES ('1w9ddzfmquo08cxxiu06ibexfdd9avv4NM200904120000000000000000000030', '0000000000000000000000000000001000000000000000000000000000000003', '0000000000000000000000000000001000000000000000000000000000000003', 'zakx9k9tvsfft44875d5a1qqwtgc6ul1NM200810110000000000000000000113', '2014-01-15 15:41:39', 4634, 'com.runwaysdk.system.metadata.MdAction', 1, 'www.runwaysdk.com', NULL, NULL, '0000000000000000000000000000001000000000000000000000000000000003', '2014-01-15 15:41:39', 'com.runwaysdk.system.scheduler.JobHistoryHistoryInformationController.cancel');
INSERT INTO controller_action ( key_name, locked_by, id, owner, entity_domain, created_by, type, last_update_date, create_date, seq, last_updated_by, site_master, parent_id, child_id) VALUES ('com.runwaysdk.system.scheduler.JobHistoryHistoryInformationController.cancel', NULL, 'r8dlrtco9yiu4lt1grhkpqoom4ylwzxzJS200807230000000000000000111111', '0000000000000000000000000000001000000000000000000000000000000003', NULL, '0000000000000000000000000000001000000000000000000000000000000003', 'com.runwaysdk.system.ControllerAction', '2014-01-15 15:41:39', '2014-01-15 15:41:39', 4635, '0000000000000000000000000000001000000000000000000000000000000003', 'www.runwaysdk.com', 'zcw0fqrtctg6stjj60k4qsvbu03iq3p4NM200810110000000000000000000112', 'zakx9k9tvsfft44875d5a1qqwtgc6ul1NM200810110000000000000000000113');
INSERT INTO metadata_display_label ( default_locale, id, site_master, key_name) VALUES ('Parameter: com.runwaysdk.system.scheduler.JobHistoryHistoryInformation - dto', '70tfrtmdm4x4mq3jp1fls6sgjs26sqqrNM200904120000000000000000000030', 'www.runwaysdk.com', '70tfrtmdm4x4mq3jp1fls6sgjs26sqqrNM200904120000000000000000000030');
INSERT INTO metadata_display_label ( default_locale, id, site_master, key_name) VALUES ('com.runwaysdk.system.scheduler.JobHistoryHistoryInformation to unlock', 'zf50kpmg2up5xbtrm19cui5o7frejj23NM200904120000000000000000000030', 'www.runwaysdk.com', 'zf50kpmg2up5xbtrm19cui5o7frejj23NM200904120000000000000000000030');
INSERT INTO md_parameter ( metadata, parameter_order, parameter_name, parameter_type, display_label, id) VALUES ('zakx9k9tvsfft44875d5a1qqwtgc6ul1NM200810110000000000000000000113', 0, 'dto', 'com.runwaysdk.system.scheduler.JobHistoryHistoryInformation', '70tfrtmdm4x4mq3jp1fls6sgjs26sqqrNM200904120000000000000000000030', 'z0siuegcc1qz21ccygshniztxtshwjls20070427JS0000000000000000001517');
INSERT INTO metadata ( description, created_by, owner, id, create_date, seq, type, remove, site_master, locked_by, entity_domain, last_updated_by, last_update_date, key_name) VALUES ('zf50kpmg2up5xbtrm19cui5o7frejj23NM200904120000000000000000000030', '0000000000000000000000000000001000000000000000000000000000000003', '0000000000000000000000000000001000000000000000000000000000000003', 'z0siuegcc1qz21ccygshniztxtshwjls20070427JS0000000000000000001517', '2014-01-15 15:41:39', 4636, 'com.runwaysdk.system.metadata.MdParameter', 1, 'www.runwaysdk.com', NULL, NULL, '0000000000000000000000000000001000000000000000000000000000000003', '2014-01-15 15:41:39', 'com.runwaysdk.system.scheduler.JobHistoryHistoryInformationController.cancel.dto');
INSERT INTO metadata_parameter ( site_master, last_updated_by, create_date, seq, locked_by, entity_domain, created_by, type, last_update_date, key_name, owner, id, parent_id, child_id) VALUES ('www.runwaysdk.com', '0000000000000000000000000000001000000000000000000000000000000003', '2014-01-15 15:41:39', 4637, NULL, NULL, '0000000000000000000000000000001000000000000000000000000000000003', 'com.runwaysdk.system.MetadataParameter', '2014-01-15 15:41:39', 'com.runwaysdk.system.scheduler.JobHistoryHistoryInformationController.cancel.dto', '0000000000000000000000000000001000000000000000000000000000000003', '8toqurrmtncbm1t8rdnxmn1n0ln7lm0520070427JS0000000000000000001524', 'zakx9k9tvsfft44875d5a1qqwtgc6ul1NM200810110000000000000000000113', 'z0siuegcc1qz21ccygshniztxtshwjls20070427JS0000000000000000001517');
INSERT INTO metadata_display_label ( default_locale, id, site_master, key_name) VALUES ('delete', 'y1bkex53d4bieiop3jq5qpjbapt11hw5NM200904120000000000000000000030', 'www.runwaysdk.com', 'y1bkex53d4bieiop3jq5qpjbapt11hw5NM200904120000000000000000000030');
INSERT INTO metadata_display_label ( default_locale, id, site_master, key_name) VALUES ('Delete an instance of com.runwaysdk.system.scheduler.JobHistoryHistoryInformation', '2az1vwn3bdttvjvtp0kuy1cw8cpsikg9NM200904120000000000000000000030', 'www.runwaysdk.com', '2az1vwn3bdttvjvtp0kuy1cw8cpsikg9NM200904120000000000000000000030');
INSERT INTO md_action ( is_query, enclosing_md_controller, is_post, action_name, display_label, id) VALUES (0, 'zcw0fqrtctg6stjj60k4qsvbu03iq3p4NM200810110000000000000000000112', 1, 'delete', 'y1bkex53d4bieiop3jq5qpjbapt11hw5NM200904120000000000000000000030', 'sq6kshlrjqatjuinund3oe1rz0rhinbmNM200810110000000000000000000113');
INSERT INTO metadata ( description, created_by, owner, id, create_date, seq, type, remove, site_master, locked_by, entity_domain, last_updated_by, last_update_date, key_name) VALUES ('2az1vwn3bdttvjvtp0kuy1cw8cpsikg9NM200904120000000000000000000030', '0000000000000000000000000000001000000000000000000000000000000003', '0000000000000000000000000000001000000000000000000000000000000003', 'sq6kshlrjqatjuinund3oe1rz0rhinbmNM200810110000000000000000000113', '2014-01-15 15:41:39', 4638, 'com.runwaysdk.system.metadata.MdAction', 1, 'www.runwaysdk.com', NULL, NULL, '0000000000000000000000000000001000000000000000000000000000000003', '2014-01-15 15:41:39', 'com.runwaysdk.system.scheduler.JobHistoryHistoryInformationController.delete');
INSERT INTO controller_action ( key_name, locked_by, id, owner, entity_domain, created_by, type, last_update_date, create_date, seq, last_updated_by, site_master, parent_id, child_id) VALUES ('com.runwaysdk.system.scheduler.JobHistoryHistoryInformationController.delete', NULL, 's9ksqhqjm1tug9hcsybv0c3yxwkg1mchJS200807230000000000000000111111', '0000000000000000000000000000001000000000000000000000000000000003', NULL, '0000000000000000000000000000001000000000000000000000000000000003', 'com.runwaysdk.system.ControllerAction', '2014-01-15 15:41:39', '2014-01-15 15:41:39', 4639, '0000000000000000000000000000001000000000000000000000000000000003', 'www.runwaysdk.com', 'zcw0fqrtctg6stjj60k4qsvbu03iq3p4NM200810110000000000000000000112', 'sq6kshlrjqatjuinund3oe1rz0rhinbmNM200810110000000000000000000113');
INSERT INTO metadata_display_label ( default_locale, id, site_master, key_name) VALUES ('Parameter: com.runwaysdk.system.scheduler.JobHistoryHistoryInformation - dto', 'zam5u7wl8ocvkz8bkzltszoru1rpepktNM200904120000000000000000000030', 'www.runwaysdk.com', 'zam5u7wl8ocvkz8bkzltszoru1rpepktNM200904120000000000000000000030');
INSERT INTO metadata_display_label ( default_locale, id, site_master, key_name) VALUES ('com.runwaysdk.system.scheduler.JobHistoryHistoryInformation to delete', 'qqxnmfjvz9w80r3zgg5f3v266m4zwp32NM200904120000000000000000000030', 'www.runwaysdk.com', 'qqxnmfjvz9w80r3zgg5f3v266m4zwp32NM200904120000000000000000000030');
INSERT INTO md_parameter ( metadata, parameter_order, parameter_name, parameter_type, display_label, id) VALUES ('sq6kshlrjqatjuinund3oe1rz0rhinbmNM200810110000000000000000000113', 0, 'dto', 'com.runwaysdk.system.scheduler.JobHistoryHistoryInformation', 'zam5u7wl8ocvkz8bkzltszoru1rpepktNM200904120000000000000000000030', 'yxpqrckoho8wvw7xhlnkleic7dn9ngjl20070427JS0000000000000000001517');
INSERT INTO metadata ( description, created_by, owner, id, create_date, seq, type, remove, site_master, locked_by, entity_domain, last_updated_by, last_update_date, key_name) VALUES ('qqxnmfjvz9w80r3zgg5f3v266m4zwp32NM200904120000000000000000000030', '0000000000000000000000000000001000000000000000000000000000000003', '0000000000000000000000000000001000000000000000000000000000000003', 'yxpqrckoho8wvw7xhlnkleic7dn9ngjl20070427JS0000000000000000001517', '2014-01-15 15:41:39', 4640, 'com.runwaysdk.system.metadata.MdParameter', 1, 'www.runwaysdk.com', NULL, NULL, '0000000000000000000000000000001000000000000000000000000000000003', '2014-01-15 15:41:39', 'com.runwaysdk.system.scheduler.JobHistoryHistoryInformationController.delete.dto');
INSERT INTO metadata_parameter ( site_master, last_updated_by, create_date, seq, locked_by, entity_domain, created_by, type, last_update_date, key_name, owner, id, parent_id, child_id) VALUES ('www.runwaysdk.com', '0000000000000000000000000000001000000000000000000000000000000003', '2014-01-15 15:41:39', 4641, NULL, NULL, '0000000000000000000000000000001000000000000000000000000000000003', 'com.runwaysdk.system.MetadataParameter', '2014-01-15 15:41:39', 'com.runwaysdk.system.scheduler.JobHistoryHistoryInformationController.delete.dto', '0000000000000000000000000000001000000000000000000000000000000003', 'zaqzs8ljt60q4akn6luw39sugwkdqpgz20070427JS0000000000000000001524', 'sq6kshlrjqatjuinund3oe1rz0rhinbmNM200810110000000000000000000113', 'yxpqrckoho8wvw7xhlnkleic7dn9ngjl20070427JS0000000000000000001517');
 INSERT INTO visibilitymodifier (set_id, item_id)  VALUES  ('943m6f827m5n10e3eoveec5tl1qg04j8', '20071109NM000000000000000000000520071109NM0000000000000000000001');
INSERT INTO metadata_display_label ( default_locale, id, site_master, key_name) VALUES ('History Information', '93dpe8hhcoxckkbc03ycc1mepkcw58suNM200904120000000000000000000030', 'www.runwaysdk.com', '93dpe8hhcoxckkbc03ycc1mepkcw58suNM200904120000000000000000000030');
 INSERT INTO visibilitymodifier (set_id, item_id)  VALUES  ('0i77iewd19bejfd0u9khues51edx526h', '20071109NM000000000000000000000520071109NM0000000000000000000001');
 INSERT INTO md_attribute_indicies (set_id, item_id)  VALUES  ('zhfa2bwu3i3wce2z96c6mq97bzhp6ef8', '0000000000000000000000000000040100000000000000000000000000000403');
INSERT INTO metadata_display_label ( default_locale, id, site_master, key_name) VALUES ('History Information with Data and Results', 'zae5hyckltd9uf58fa3kod4bzthd7c58NM200904120000000000000000000030', 'www.runwaysdk.com', 'zae5hyckltd9uf58fa3kod4bzthd7c58NM200904120000000000000000000030');
INSERT INTO md_attribute_local_text ( id) VALUES ('0qnch2ltgzuv6qotxwtyxnrxayalcr14000000000000MdAttributeLocalText');
INSERT INTO md_attribute_local ( id) VALUES ('0qnch2ltgzuv6qotxwtyxnrxayalcr14000000000000MdAttributeLocalText');
INSERT INTO md_attribute_struct ( md_struct, id) VALUES ('8cwod9x98evbrros06e7bzde8ujfwd0t0000000000000000000MdLocalStruct', '0qnch2ltgzuv6qotxwtyxnrxayalcr14000000000000MdAttributeLocalText');
INSERT INTO md_attribute_concrete ( column_name, defining_md_class, setter_visibility, setter_visibility_c, immutable, index_name, generate_accessor, system, required, display_label, getter_visibility, getter_visibility_c, index_type, index_type_c, attribute_name, id) VALUES ('history_information', '6w4etxxkil44f80egqmbk9vyh7tl343100000000000000000000000000000001', '943m6f827m5n10e3eoveec5tl1qg04j8', '20071109NM000000000000000000000520071109NM0000000000000000000001', 0, 'am8lgyb3x4hq1dz8fw83wsvlmh6kkj', 1, 0, 0, '93dpe8hhcoxckkbc03ycc1mepkcw58suNM200904120000000000000000000030', '0i77iewd19bejfd0u9khues51edx526h', '20071109NM000000000000000000000520071109NM0000000000000000000001', 'zhfa2bwu3i3wce2z96c6mq97bzhp6ef8', '0000000000000000000000000000040100000000000000000000000000000403', 'historyInformation', '0qnch2ltgzuv6qotxwtyxnrxayalcr14000000000000MdAttributeLocalText');
INSERT INTO md_attribute ( id) VALUES ('0qnch2ltgzuv6qotxwtyxnrxayalcr14000000000000MdAttributeLocalText');
INSERT INTO metadata ( description, created_by, owner, id, create_date, seq, type, remove, site_master, locked_by, entity_domain, last_updated_by, last_update_date, key_name) VALUES ('zae5hyckltd9uf58fa3kod4bzthd7c58NM200904120000000000000000000030', '0000000000000000000000000000001000000000000000000000000000000003', '0000000000000000000000000000001000000000000000000000000000000003', '0qnch2ltgzuv6qotxwtyxnrxayalcr14000000000000MdAttributeLocalText', '2014-01-15 15:41:39', 4642, 'com.runwaysdk.system.metadata.MdAttributeLocalText', 1, 'www.runwaysdk.com', NULL, NULL, '0000000000000000000000000000001000000000000000000000000000000003', '2014-01-15 15:41:39', 'com.runwaysdk.system.scheduler.JobHistory.historyInformation');
ALTER TABLE job_history ADD COLUMN history_information  char(64);
INSERT INTO class_attribute_concrete ( id, parent_id, child_id) VALUES ('1wo8v7lzmtmtvefdba1sog33h3uxtgqb00000000000000000000000000000073', '6w4etxxkil44f80egqmbk9vyh7tl343100000000000000000000000000000001', '0qnch2ltgzuv6qotxwtyxnrxayalcr14000000000000MdAttributeLocalText');
INSERT INTO class_attribute ( id, parent_id, child_id) VALUES ('1wo8v7lzmtmtvefdba1sog33h3uxtgqb00000000000000000000000000000073', '6w4etxxkil44f80egqmbk9vyh7tl343100000000000000000000000000000001', '0qnch2ltgzuv6qotxwtyxnrxayalcr14000000000000MdAttributeLocalText');
INSERT INTO metadata_relationship ( entity_domain, site_master, last_updated_by, id, owner, locked_by, create_date, type, created_by, seq, key_name, last_update_date, parent_id, child_id) VALUES (NULL, 'www.runwaysdk.com', '0000000000000000000000000000001000000000000000000000000000000003', '1wo8v7lzmtmtvefdba1sog33h3uxtgqb00000000000000000000000000000073', '0000000000000000000000000000001000000000000000000000000000000003', NULL, '2014-01-15 15:41:39', 'com.runwaysdk.system.metadata.ClassAttributeConcrete', '0000000000000000000000000000001000000000000000000000000000000003', 4643, 'com.runwaysdk.system.scheduler.JobHistory.historyInformation', '2014-01-15 15:41:39', '6w4etxxkil44f80egqmbk9vyh7tl343100000000000000000000000000000001', '0qnch2ltgzuv6qotxwtyxnrxayalcr14000000000000MdAttributeLocalText');
 INSERT INTO visibilitymodifier (set_id, item_id)  VALUES  ('7fxulh6uwnql1d35i889ir6nx2hsb4z6', '20071109NM000000000000000000000520071109NM0000000000000000000001');
INSERT INTO metadata_display_label ( default_locale, id, site_master, key_name) VALUES ('Default Locale', '1swhjbty5p0ndchjd3209h8v8r4m56t2NM200904120000000000000000000030', 'www.runwaysdk.com', '1swhjbty5p0ndchjd3209h8v8r4m56t2NM200904120000000000000000000030');
 INSERT INTO visibilitymodifier (set_id, item_id)  VALUES  ('qph0op3kz304vg14yxyfsaarha2pitqq', '20071109NM000000000000000000000520071109NM0000000000000000000001');
 INSERT INTO md_attribute_indicies (set_id, item_id)  VALUES  ('0tmvqm51bc9xqbusurwjoy3vdv3nqcad', '0000000000000000000000000000040100000000000000000000000000000403');
INSERT INTO metadata_display_label ( default_locale, id, site_master, key_name) VALUES ('Default locale', 'xzbl16f1odpuuuoninky9n0l7d4i1du7NM200904120000000000000000000030', 'www.runwaysdk.com', 'xzbl16f1odpuuuoninky9n0l7d4i1du7NM200904120000000000000000000030');
INSERT INTO md_attribute_text ( default_value, id) VALUES (NULL, '8g9nv897nm2kicpn1hx9hd4t70dvwbwn00000000000000000000000000000139');
INSERT INTO md_attribute_char ( id) VALUES ('8g9nv897nm2kicpn1hx9hd4t70dvwbwn00000000000000000000000000000139');
INSERT INTO md_attribute_primitive ( id) VALUES ('8g9nv897nm2kicpn1hx9hd4t70dvwbwn00000000000000000000000000000139');
INSERT INTO md_attribute_concrete ( column_name, defining_md_class, setter_visibility, setter_visibility_c, immutable, index_name, generate_accessor, system, required, display_label, getter_visibility, getter_visibility_c, index_type, index_type_c, attribute_name, id) VALUES ('default_locale', '8cwod9x98evbrros06e7bzde8ujfwd0t0000000000000000000MdLocalStruct', '7fxulh6uwnql1d35i889ir6nx2hsb4z6', '20071109NM000000000000000000000520071109NM0000000000000000000001', 0, 'aspky8gxd03gcdpm32pcz3zjjgmbs5', 0, 0, 0, '1swhjbty5p0ndchjd3209h8v8r4m56t2NM200904120000000000000000000030', 'qph0op3kz304vg14yxyfsaarha2pitqq', '20071109NM000000000000000000000520071109NM0000000000000000000001', '0tmvqm51bc9xqbusurwjoy3vdv3nqcad', '0000000000000000000000000000040100000000000000000000000000000403', 'defaultLocale', '8g9nv897nm2kicpn1hx9hd4t70dvwbwn00000000000000000000000000000139');
INSERT INTO md_attribute ( id) VALUES ('8g9nv897nm2kicpn1hx9hd4t70dvwbwn00000000000000000000000000000139');
INSERT INTO metadata ( description, created_by, owner, id, create_date, seq, type, remove, site_master, locked_by, entity_domain, last_updated_by, last_update_date, key_name) VALUES ('xzbl16f1odpuuuoninky9n0l7d4i1du7NM200904120000000000000000000030', '0000000000000000000000000000001000000000000000000000000000000003', '0000000000000000000000000000001000000000000000000000000000000003', '8g9nv897nm2kicpn1hx9hd4t70dvwbwn00000000000000000000000000000139', '2014-01-15 15:41:39', 4644, 'com.runwaysdk.system.metadata.MdAttributeText', 1, 'www.runwaysdk.com', NULL, NULL, '0000000000000000000000000000001000000000000000000000000000000003', '2014-01-15 15:41:39', 'com.runwaysdk.system.scheduler.JobHistoryHistoryInformation.defaultLocale');
ALTER TABLE job_history_history_informatio ADD COLUMN default_locale  text;
INSERT INTO class_attribute_concrete ( id, parent_id, child_id) VALUES ('23cimdmvvzu1h1w0mnazxxca6ol0hvom00000000000000000000000000000073', '8cwod9x98evbrros06e7bzde8ujfwd0t0000000000000000000MdLocalStruct', '8g9nv897nm2kicpn1hx9hd4t70dvwbwn00000000000000000000000000000139');
INSERT INTO class_attribute ( id, parent_id, child_id) VALUES ('23cimdmvvzu1h1w0mnazxxca6ol0hvom00000000000000000000000000000073', '8cwod9x98evbrros06e7bzde8ujfwd0t0000000000000000000MdLocalStruct', '8g9nv897nm2kicpn1hx9hd4t70dvwbwn00000000000000000000000000000139');
INSERT INTO metadata_relationship ( entity_domain, site_master, last_updated_by, id, owner, locked_by, create_date, type, created_by, seq, key_name, last_update_date, parent_id, child_id) VALUES (NULL, 'www.runwaysdk.com', '0000000000000000000000000000001000000000000000000000000000000003', '23cimdmvvzu1h1w0mnazxxca6ol0hvom00000000000000000000000000000073', '0000000000000000000000000000001000000000000000000000000000000003', NULL, '2014-01-15 15:41:39', 'com.runwaysdk.system.metadata.ClassAttributeConcrete', '0000000000000000000000000000001000000000000000000000000000000003', 4645, 'com.runwaysdk.system.scheduler.JobHistoryHistoryInformation.defaultLocale', '2014-01-15 15:41:39', '8cwod9x98evbrros06e7bzde8ujfwd0t0000000000000000000MdLocalStruct', '8g9nv897nm2kicpn1hx9hd4t70dvwbwn00000000000000000000000000000139');
 INSERT INTO visibilitymodifier (set_id, item_id)  VALUES  ('92xxmcb5wb66c8urarcg73235g09pswt', '20071109NM000000000000000000000520071109NM0000000000000000000001');
INSERT INTO metadata_display_label ( default_locale, id, site_master, key_name) VALUES ('Job Snapshot', '6yaxy07gcni8x6tbix5h2tmo7eazuu5sNM200904120000000000000000000030', 'www.runwaysdk.com', '6yaxy07gcni8x6tbix5h2tmo7eazuu5sNM200904120000000000000000000030');
 INSERT INTO visibilitymodifier (set_id, item_id)  VALUES  ('zlo495083epaz45dz35jqs7izxrtod6u', '20071109NM000000000000000000000520071109NM0000000000000000000001');
 INSERT INTO md_attribute_indicies (set_id, item_id)  VALUES  ('zj3wvfhi6l0unrdw7mrw1g20pnxs6ogx', '0000000000000000000000000000040100000000000000000000000000000403');
INSERT INTO metadata_display_label ( default_locale, id, site_master, key_name) VALUES ('Job Snapshot', 'r6dez6ge0pqbhgeb867v9i2dubn9k8t0NM200904120000000000000000000030', 'www.runwaysdk.com', 'r6dez6ge0pqbhgeb867v9i2dubn9k8t0NM200904120000000000000000000030');
INSERT INTO md_attribute_reference ( default_value, md_business, id) VALUES (NULL, 'sj0kryjbvcxwli9wrnrh45x42908heeo00000000000000000000000000000001', '0sx7dhbnov3u3lh3yabgujo7icox49ze00000000000000000000000000000186');
INSERT INTO md_attribute_ref ( id) VALUES ('0sx7dhbnov3u3lh3yabgujo7icox49ze00000000000000000000000000000186');
INSERT INTO md_attribute_concrete ( column_name, defining_md_class, setter_visibility, setter_visibility_c, immutable, index_name, generate_accessor, system, required, display_label, getter_visibility, getter_visibility_c, index_type, index_type_c, attribute_name, id) VALUES ('job_snapshot', '6w4etxxkil44f80egqmbk9vyh7tl343100000000000000000000000000000001', '92xxmcb5wb66c8urarcg73235g09pswt', '20071109NM000000000000000000000520071109NM0000000000000000000001', 0, 'a3isi3jbvwzb11i5ugm9plwgxk9odl', 1, 0, 0, '6yaxy07gcni8x6tbix5h2tmo7eazuu5sNM200904120000000000000000000030', 'zlo495083epaz45dz35jqs7izxrtod6u', '20071109NM000000000000000000000520071109NM0000000000000000000001', 'zj3wvfhi6l0unrdw7mrw1g20pnxs6ogx', '0000000000000000000000000000040100000000000000000000000000000403', 'jobSnapshot', '0sx7dhbnov3u3lh3yabgujo7icox49ze00000000000000000000000000000186');
INSERT INTO md_attribute ( id) VALUES ('0sx7dhbnov3u3lh3yabgujo7icox49ze00000000000000000000000000000186');
INSERT INTO metadata ( description, created_by, owner, id, create_date, seq, type, remove, site_master, locked_by, entity_domain, last_updated_by, last_update_date, key_name) VALUES ('r6dez6ge0pqbhgeb867v9i2dubn9k8t0NM200904120000000000000000000030', '0000000000000000000000000000001000000000000000000000000000000003', '0000000000000000000000000000001000000000000000000000000000000003', '0sx7dhbnov3u3lh3yabgujo7icox49ze00000000000000000000000000000186', '2014-01-15 15:41:39', 4646, 'com.runwaysdk.system.metadata.MdAttributeReference', 1, 'www.runwaysdk.com', NULL, NULL, '0000000000000000000000000000001000000000000000000000000000000003', '2014-01-15 15:41:39', 'com.runwaysdk.system.scheduler.JobHistory.jobSnapshot');
ALTER TABLE job_history ADD COLUMN job_snapshot  char(64);
INSERT INTO class_attribute_concrete ( id, parent_id, child_id) VALUES ('qzwd0hphor41xhsr467m9dvjral7kd6200000000000000000000000000000073', '6w4etxxkil44f80egqmbk9vyh7tl343100000000000000000000000000000001', '0sx7dhbnov3u3lh3yabgujo7icox49ze00000000000000000000000000000186');
INSERT INTO class_attribute ( id, parent_id, child_id) VALUES ('qzwd0hphor41xhsr467m9dvjral7kd6200000000000000000000000000000073', '6w4etxxkil44f80egqmbk9vyh7tl343100000000000000000000000000000001', '0sx7dhbnov3u3lh3yabgujo7icox49ze00000000000000000000000000000186');
INSERT INTO metadata_relationship ( entity_domain, site_master, last_updated_by, id, owner, locked_by, create_date, type, created_by, seq, key_name, last_update_date, parent_id, child_id) VALUES (NULL, 'www.runwaysdk.com', '0000000000000000000000000000001000000000000000000000000000000003', 'qzwd0hphor41xhsr467m9dvjral7kd6200000000000000000000000000000073', '0000000000000000000000000000001000000000000000000000000000000003', NULL, '2014-01-15 15:41:39', 'com.runwaysdk.system.metadata.ClassAttributeConcrete', '0000000000000000000000000000001000000000000000000000000000000003', 4647, 'com.runwaysdk.system.scheduler.JobHistory.jobSnapshot', '2014-01-15 15:41:39', '6w4etxxkil44f80egqmbk9vyh7tl343100000000000000000000000000000001', '0sx7dhbnov3u3lh3yabgujo7icox49ze00000000000000000000000000000186');
 INSERT INTO relationship_cache (set_id, item_id)  VALUES  ('zfydnmcfs691sng5z2ijofnxdanlwkuu', '0000000000000000000000000000023100000000000000000000000000000222');
 INSERT INTO visibilitymodifier (set_id, item_id)  VALUES  ('r9qa52uac55h7nuqhpv8h9d6dg41v670', '20071109NM000000000000000000000520071109NM0000000000000000000001');
INSERT INTO metadata_display_label ( default_locale, id, site_master, key_name) VALUES ('Executable Job', '8v5bmu92yhzz0wht0945pcfups3yoo1gNM200904120000000000000000000030', 'www.runwaysdk.com', '8v5bmu92yhzz0wht0945pcfups3yoo1gNM200904120000000000000000000030');
 INSERT INTO visibilitymodifier (set_id, item_id)  VALUES  ('0c6934gromyap6ldpvpkxrjor1qctti4', '20071109NM000000000000000000000520071109NM0000000000000000000001');
INSERT INTO metadata_display_label ( default_locale, id, site_master, key_name) VALUES ('JobHistory', '0ouyc0th1v41geakywquto0iqa7b1dp0NM200904120000000000000000000030', 'www.runwaysdk.com', '0ouyc0th1v41geakywquto0iqa7b1dp0NM200904120000000000000000000030');
INSERT INTO metadata_display_label ( default_locale, id, site_master, key_name) VALUES ('Job History Records', 'xad229fohqp0qoq5im9i8fu33kj9iwfvNM200904120000000000000000000030', 'www.runwaysdk.com', 'xad229fohqp0qoq5im9i8fu33kj9iwfvNM200904120000000000000000000030');
INSERT INTO metadata_display_label ( default_locale, id, site_master, key_name) VALUES ('Job History Records', 'x8j33eytjbkkwshidw159xjriup4rrzfNM200904120000000000000000000030', 'www.runwaysdk.com', 'x8j33eytjbkkwshidw159xjriup4rrzfNM200904120000000000000000000030');
INSERT INTO md_relationship ( cache_algorithm, cache_algorithm_c, index2_name, parent_visibility, parent_visibility_c, parent_md_business, parent_cardinality, composition, parent_display_label, sort_md_attribute, child_visibility, child_visibility_c, child_method, super_md_relationship, parent_method, index1_name, child_md_business, child_display_label, child_cardinality, id) VALUES ('zfydnmcfs691sng5z2ijofnxdanlwkuu', '0000000000000000000000000000023100000000000000000000000000000222', 'rel_re7dhfus6eqdd0d7lhtxb2h1gx', 'r9qa52uac55h7nuqhpv8h9d6dg41v670', '20071109NM000000000000000000000520071109NM0000000000000000000001', 'sj0kryjbvcxwli9wrnrh45x42908heeo00000000000000000000000000000001', '1', 1, '8v5bmu92yhzz0wht0945pcfups3yoo1gNM200904120000000000000000000030', NULL, '0c6934gromyap6ldpvpkxrjor1qctti4', '20071109NM000000000000000000000520071109NM0000000000000000000001', 'JobHistory', NULL, 'Job', 'rel_snha0dl3fheoghknnfvk3bx8i9', '6w4etxxkil44f80egqmbk9vyh7tl343100000000000000000000000000000001', '0ouyc0th1v41geakywquto0iqa7b1dp0NM200904120000000000000000000030', '*', 'setgu3pfe1oe9ui9ioaz4z4vzjt03g2g00000000000000000000000000000061');
INSERT INTO md_element ( extendable, is_abstract, id) VALUES (1, 0, 'setgu3pfe1oe9ui9ioaz4z4vzjt03g2g00000000000000000000000000000061');
INSERT INTO md_entity ( query_dto_source, query_source, cache_size, enforce_site_master, table_name, id) VALUES (NULL, NULL, 0, 1, 'job_history_record', 'setgu3pfe1oe9ui9ioaz4z4vzjt03g2g00000000000000000000000000000061');
INSERT INTO md_class ( publish, stub_dto_source, stub_source, id) VALUES (1, NULL, NULL, 'setgu3pfe1oe9ui9ioaz4z4vzjt03g2g00000000000000000000000000000061');
INSERT INTO md_type ( display_label, root_id, package_name, type_name, base_source, js_base, js_stub, exported, dto_source, id) VALUES ('xad229fohqp0qoq5im9i8fu33kj9iwfvNM200904120000000000000000000030', 'setgu3pfe1oe9ui9ioaz4z4vzjt03g2g', 'com.runwaysdk.system.scheduler', 'JobHistoryRecord', NULL, NULL, NULL, 1, NULL, 'setgu3pfe1oe9ui9ioaz4z4vzjt03g2g00000000000000000000000000000061');
INSERT INTO metadata ( description, created_by, owner, id, create_date, seq, type, remove, site_master, locked_by, entity_domain, last_updated_by, last_update_date, key_name) VALUES ('x8j33eytjbkkwshidw159xjriup4rrzfNM200904120000000000000000000030', '0000000000000000000000000000001000000000000000000000000000000003', '0000000000000000000000000000001000000000000000000000000000000003', 'setgu3pfe1oe9ui9ioaz4z4vzjt03g2g00000000000000000000000000000061', '2014-01-15 15:41:39', 4648, 'com.runwaysdk.system.metadata.MdRelationship', 1, 'www.runwaysdk.com', NULL, NULL, '0000000000000000000000000000001000000000000000000000000000000003', '2014-01-15 15:41:39', 'com.runwaysdk.system.scheduler.JobHistoryRecord');
CREATE TABLE job_history_record ( id CHAR(64) NOT NULL PRIMARY KEY, 
parent_id CHAR(64) NOT NULL, 
child_id CHAR(64) NOT NULL );
CREATE  INDEX rel_snha0dl3fheoghknnfvk3bx8i9 ON job_history_record (parent_id, child_id);
CREATE INDEX rel_re7dhfus6eqdd0d7lhtxb2h1gx ON job_history_record (child_id);
 INSERT INTO visibilitymodifier (set_id, item_id)  VALUES  ('qvjl7di21rncycsl3bowfaop14pq484q', '20071109NM000000000000000000000520071109NM0000000000000000000001');
INSERT INTO metadata_display_label ( default_locale, id, site_master, key_name) VALUES ('ID', 'qyrno8hy45hz0p2ee3prlmtrauls9vx8NM200904120000000000000000000030', 'www.runwaysdk.com', 'qyrno8hy45hz0p2ee3prlmtrauls9vx8NM200904120000000000000000000030');
 INSERT INTO visibilitymodifier (set_id, item_id)  VALUES  ('0ftbaoypqenq5gzshdbl03cfbd801en4', '20071109NM000000000000000000000520071109NM0000000000000000000001');
 INSERT INTO md_attribute_indicies (set_id, item_id)  VALUES  ('qsx46th9erlw1s8d21jztx4krtikq55w', '0000000000000000000000000000040900000000000000000000000000000403');
INSERT INTO metadata_display_label ( default_locale, id, site_master, key_name) VALUES ('ID of this object', 'qwgx8xvvwrtj47dxcapcjbtct3yf8xyjNM200904120000000000000000000030', 'www.runwaysdk.com', 'qwgx8xvvwrtj47dxcapcjbtct3yf8xyjNM200904120000000000000000000030');
INSERT INTO md_attribute_character ( default_value, database_size, id) VALUES (NULL, 64, '0n6f6t9c4jxu2zp4cj2h7ppd7ls3bcy700000000000000000000000000000138');
INSERT INTO md_attribute_char ( id) VALUES ('0n6f6t9c4jxu2zp4cj2h7ppd7ls3bcy700000000000000000000000000000138');
INSERT INTO md_attribute_primitive ( id) VALUES ('0n6f6t9c4jxu2zp4cj2h7ppd7ls3bcy700000000000000000000000000000138');
INSERT INTO md_attribute_concrete ( column_name, defining_md_class, setter_visibility, setter_visibility_c, immutable, index_name, generate_accessor, system, required, display_label, getter_visibility, getter_visibility_c, index_type, index_type_c, attribute_name, id) VALUES ('id', 'setgu3pfe1oe9ui9ioaz4z4vzjt03g2g00000000000000000000000000000061', 'qvjl7di21rncycsl3bowfaop14pq484q', '20071109NM000000000000000000000520071109NM0000000000000000000001', 0, 'aj6py7gu8y9pfppj37rbwvlarr376g', 1, 1, 1, 'qyrno8hy45hz0p2ee3prlmtrauls9vx8NM200904120000000000000000000030', '0ftbaoypqenq5gzshdbl03cfbd801en4', '20071109NM000000000000000000000520071109NM0000000000000000000001', 'qsx46th9erlw1s8d21jztx4krtikq55w', '0000000000000000000000000000040900000000000000000000000000000403', 'id', '0n6f6t9c4jxu2zp4cj2h7ppd7ls3bcy700000000000000000000000000000138');
INSERT INTO md_attribute ( id) VALUES ('0n6f6t9c4jxu2zp4cj2h7ppd7ls3bcy700000000000000000000000000000138');
INSERT INTO metadata ( description, created_by, owner, id, create_date, seq, type, remove, site_master, locked_by, entity_domain, last_updated_by, last_update_date, key_name) VALUES ('qwgx8xvvwrtj47dxcapcjbtct3yf8xyjNM200904120000000000000000000030', '0000000000000000000000000000001000000000000000000000000000000003', '0000000000000000000000000000001000000000000000000000000000000003', '0n6f6t9c4jxu2zp4cj2h7ppd7ls3bcy700000000000000000000000000000138', '2014-01-15 15:41:39', 4649, 'com.runwaysdk.system.metadata.MdAttributeCharacter', 0, 'www.runwaysdk.com', NULL, NULL, '0000000000000000000000000000001000000000000000000000000000000003', '2014-01-15 15:41:39', 'com.runwaysdk.system.scheduler.JobHistoryRecord.id');
INSERT INTO class_attribute_concrete ( id, parent_id, child_id) VALUES ('060m9zll9y3l22z3rrcy58r6tiahvmwd00000000000000000000000000000073', 'setgu3pfe1oe9ui9ioaz4z4vzjt03g2g00000000000000000000000000000061', '0n6f6t9c4jxu2zp4cj2h7ppd7ls3bcy700000000000000000000000000000138');
INSERT INTO class_attribute ( id, parent_id, child_id) VALUES ('060m9zll9y3l22z3rrcy58r6tiahvmwd00000000000000000000000000000073', 'setgu3pfe1oe9ui9ioaz4z4vzjt03g2g00000000000000000000000000000061', '0n6f6t9c4jxu2zp4cj2h7ppd7ls3bcy700000000000000000000000000000138');
INSERT INTO metadata_relationship ( entity_domain, site_master, last_updated_by, id, owner, locked_by, create_date, type, created_by, seq, key_name, last_update_date, parent_id, child_id) VALUES (NULL, 'www.runwaysdk.com', '0000000000000000000000000000001000000000000000000000000000000003', '060m9zll9y3l22z3rrcy58r6tiahvmwd00000000000000000000000000000073', '0000000000000000000000000000001000000000000000000000000000000003', NULL, '2014-01-15 15:41:39', 'com.runwaysdk.system.metadata.ClassAttributeConcrete', '0000000000000000000000000000001000000000000000000000000000000003', 4650, 'com.runwaysdk.system.scheduler.JobHistoryRecord.id', '2014-01-15 15:41:39', 'setgu3pfe1oe9ui9ioaz4z4vzjt03g2g00000000000000000000000000000061', '0n6f6t9c4jxu2zp4cj2h7ppd7ls3bcy700000000000000000000000000000138');
 INSERT INTO visibilitymodifier (set_id, item_id)  VALUES  ('zluk94h74ag725895jnto9y0c4rsffp3', '20071109NM000000000000000000000520071109NM0000000000000000000001');
INSERT INTO metadata_display_label ( default_locale, id, site_master, key_name) VALUES ('Site Master', 'z6vbwtbcml22gbnq9j1hsjm2mjck7bptNM200904120000000000000000000030', 'www.runwaysdk.com', 'z6vbwtbcml22gbnq9j1hsjm2mjck7bptNM200904120000000000000000000030');
 INSERT INTO visibilitymodifier (set_id, item_id)  VALUES  ('1xkxobqlp0vrd7yh4luoo2s78hd18lr8', '20071109NM000000000000000000000520071109NM0000000000000000000001');
 INSERT INTO md_attribute_indicies (set_id, item_id)  VALUES  ('7cvrqag74pzt0y6t32t4i6wj1bs09mje', '0000000000000000000000000000040100000000000000000000000000000403');
INSERT INTO metadata_display_label ( default_locale, id, site_master, key_name) VALUES ('The name of the site responsible for this object', 'xbeb2wpiphdwb228x59jj94kxb7410ipNM200904120000000000000000000030', 'www.runwaysdk.com', 'xbeb2wpiphdwb228x59jj94kxb7410ipNM200904120000000000000000000030');
INSERT INTO md_attribute_character ( default_value, database_size, id) VALUES (NULL, 255, 'sa9foa3behzid9viazdreikilgc5u3pe00000000000000000000000000000138');
INSERT INTO md_attribute_char ( id) VALUES ('sa9foa3behzid9viazdreikilgc5u3pe00000000000000000000000000000138');
INSERT INTO md_attribute_primitive ( id) VALUES ('sa9foa3behzid9viazdreikilgc5u3pe00000000000000000000000000000138');
INSERT INTO md_attribute_concrete ( column_name, defining_md_class, setter_visibility, setter_visibility_c, immutable, index_name, generate_accessor, system, required, display_label, getter_visibility, getter_visibility_c, index_type, index_type_c, attribute_name, id) VALUES ('site_master', 'setgu3pfe1oe9ui9ioaz4z4vzjt03g2g00000000000000000000000000000061', 'zluk94h74ag725895jnto9y0c4rsffp3', '20071109NM000000000000000000000520071109NM0000000000000000000001', 1, 'an7965fe867ywxiptr5prleavjchrz', 1, 1, 1, 'z6vbwtbcml22gbnq9j1hsjm2mjck7bptNM200904120000000000000000000030', '1xkxobqlp0vrd7yh4luoo2s78hd18lr8', '20071109NM000000000000000000000520071109NM0000000000000000000001', '7cvrqag74pzt0y6t32t4i6wj1bs09mje', '0000000000000000000000000000040100000000000000000000000000000403', 'siteMaster', 'sa9foa3behzid9viazdreikilgc5u3pe00000000000000000000000000000138');
INSERT INTO md_attribute ( id) VALUES ('sa9foa3behzid9viazdreikilgc5u3pe00000000000000000000000000000138');
INSERT INTO metadata ( description, created_by, owner, id, create_date, seq, type, remove, site_master, locked_by, entity_domain, last_updated_by, last_update_date, key_name) VALUES ('xbeb2wpiphdwb228x59jj94kxb7410ipNM200904120000000000000000000030', '0000000000000000000000000000001000000000000000000000000000000003', '0000000000000000000000000000001000000000000000000000000000000003', 'sa9foa3behzid9viazdreikilgc5u3pe00000000000000000000000000000138', '2014-01-15 15:41:39', 4651, 'com.runwaysdk.system.metadata.MdAttributeCharacter', 0, 'www.runwaysdk.com', NULL, NULL, '0000000000000000000000000000001000000000000000000000000000000003', '2014-01-15 15:41:39', 'com.runwaysdk.system.scheduler.JobHistoryRecord.siteMaster');
ALTER TABLE job_history_record ADD COLUMN site_master  varchar(255);
INSERT INTO class_attribute_concrete ( id, parent_id, child_id) VALUES ('70wghjhjfgz1qykvaxnyq0d3t2j7d6x300000000000000000000000000000073', 'setgu3pfe1oe9ui9ioaz4z4vzjt03g2g00000000000000000000000000000061', 'sa9foa3behzid9viazdreikilgc5u3pe00000000000000000000000000000138');
INSERT INTO class_attribute ( id, parent_id, child_id) VALUES ('70wghjhjfgz1qykvaxnyq0d3t2j7d6x300000000000000000000000000000073', 'setgu3pfe1oe9ui9ioaz4z4vzjt03g2g00000000000000000000000000000061', 'sa9foa3behzid9viazdreikilgc5u3pe00000000000000000000000000000138');
INSERT INTO metadata_relationship ( entity_domain, site_master, last_updated_by, id, owner, locked_by, create_date, type, created_by, seq, key_name, last_update_date, parent_id, child_id) VALUES (NULL, 'www.runwaysdk.com', '0000000000000000000000000000001000000000000000000000000000000003', '70wghjhjfgz1qykvaxnyq0d3t2j7d6x300000000000000000000000000000073', '0000000000000000000000000000001000000000000000000000000000000003', NULL, '2014-01-15 15:41:39', 'com.runwaysdk.system.metadata.ClassAttributeConcrete', '0000000000000000000000000000001000000000000000000000000000000003', 4652, 'com.runwaysdk.system.scheduler.JobHistoryRecord.siteMaster', '2014-01-15 15:41:39', 'setgu3pfe1oe9ui9ioaz4z4vzjt03g2g00000000000000000000000000000061', 'sa9foa3behzid9viazdreikilgc5u3pe00000000000000000000000000000138');
 INSERT INTO visibilitymodifier (set_id, item_id)  VALUES  ('xcw8t0mjtb8ph2oakwn47rva6c0l97b4', '20071109NM000000000000000000000520071109NM0000000000000000000001');
INSERT INTO metadata_display_label ( default_locale, id, site_master, key_name) VALUES ('Key Name', '75vtt5k2qnwdkzwhynho36jm9d9d9qzhNM200904120000000000000000000030', 'www.runwaysdk.com', '75vtt5k2qnwdkzwhynho36jm9d9d9qzhNM200904120000000000000000000030');
 INSERT INTO visibilitymodifier (set_id, item_id)  VALUES  ('znjyqn1yzy0uhf8v90lro67a6fujdn30', '20071109NM000000000000000000000520071109NM0000000000000000000001');
 INSERT INTO md_attribute_indicies (set_id, item_id)  VALUES  ('6rvc3r6tkw5thwvu1kka5hddz8ft9lyu', '0000000000000000000000000000040900000000000000000000000000000403');
INSERT INTO metadata_display_label ( default_locale, id, site_master, key_name) VALUES ('Key which uniquely identifies each instance of this type heirarchy.', 'yw7258xen3002nhljsdg61lh9tdladhaNM200904120000000000000000000030', 'www.runwaysdk.com', 'yw7258xen3002nhljsdg61lh9tdladhaNM200904120000000000000000000030');
INSERT INTO md_attribute_character ( default_value, database_size, id) VALUES (NULL, 255, '8dr63xnh7ixq1htiietkl2vjpdpdmmic00000000000000000000000000000138');
INSERT INTO md_attribute_char ( id) VALUES ('8dr63xnh7ixq1htiietkl2vjpdpdmmic00000000000000000000000000000138');
INSERT INTO md_attribute_primitive ( id) VALUES ('8dr63xnh7ixq1htiietkl2vjpdpdmmic00000000000000000000000000000138');
INSERT INTO md_attribute_concrete ( column_name, defining_md_class, setter_visibility, setter_visibility_c, immutable, index_name, generate_accessor, system, required, display_label, getter_visibility, getter_visibility_c, index_type, index_type_c, attribute_name, id) VALUES ('key_name', 'setgu3pfe1oe9ui9ioaz4z4vzjt03g2g00000000000000000000000000000061', 'xcw8t0mjtb8ph2oakwn47rva6c0l97b4', '20071109NM000000000000000000000520071109NM0000000000000000000001', 0, 'ah7fvgjw0ro1vyuwkir7x3gdympebg', 1, 0, 1, '75vtt5k2qnwdkzwhynho36jm9d9d9qzhNM200904120000000000000000000030', 'znjyqn1yzy0uhf8v90lro67a6fujdn30', '20071109NM000000000000000000000520071109NM0000000000000000000001', '6rvc3r6tkw5thwvu1kka5hddz8ft9lyu', '0000000000000000000000000000040900000000000000000000000000000403', 'keyName', '8dr63xnh7ixq1htiietkl2vjpdpdmmic00000000000000000000000000000138');
INSERT INTO md_attribute ( id) VALUES ('8dr63xnh7ixq1htiietkl2vjpdpdmmic00000000000000000000000000000138');
INSERT INTO metadata ( description, created_by, owner, id, create_date, seq, type, remove, site_master, locked_by, entity_domain, last_updated_by, last_update_date, key_name) VALUES ('yw7258xen3002nhljsdg61lh9tdladhaNM200904120000000000000000000030', '0000000000000000000000000000001000000000000000000000000000000003', '0000000000000000000000000000001000000000000000000000000000000003', '8dr63xnh7ixq1htiietkl2vjpdpdmmic00000000000000000000000000000138', '2014-01-15 15:41:39', 4653, 'com.runwaysdk.system.metadata.MdAttributeCharacter', 1, 'www.runwaysdk.com', NULL, NULL, '0000000000000000000000000000001000000000000000000000000000000003', '2014-01-15 15:41:39', 'com.runwaysdk.system.scheduler.JobHistoryRecord.keyName');
ALTER TABLE job_history_record ADD COLUMN key_name  varchar(255);
INSERT INTO class_attribute_concrete ( id, parent_id, child_id) VALUES ('6p83t9iafwcv5urdqj9m7onhkvwno67l00000000000000000000000000000073', 'setgu3pfe1oe9ui9ioaz4z4vzjt03g2g00000000000000000000000000000061', '8dr63xnh7ixq1htiietkl2vjpdpdmmic00000000000000000000000000000138');
INSERT INTO class_attribute ( id, parent_id, child_id) VALUES ('6p83t9iafwcv5urdqj9m7onhkvwno67l00000000000000000000000000000073', 'setgu3pfe1oe9ui9ioaz4z4vzjt03g2g00000000000000000000000000000061', '8dr63xnh7ixq1htiietkl2vjpdpdmmic00000000000000000000000000000138');
INSERT INTO metadata_relationship ( entity_domain, site_master, last_updated_by, id, owner, locked_by, create_date, type, created_by, seq, key_name, last_update_date, parent_id, child_id) VALUES (NULL, 'www.runwaysdk.com', '0000000000000000000000000000001000000000000000000000000000000003', '6p83t9iafwcv5urdqj9m7onhkvwno67l00000000000000000000000000000073', '0000000000000000000000000000001000000000000000000000000000000003', NULL, '2014-01-15 15:41:39', 'com.runwaysdk.system.metadata.ClassAttributeConcrete', '0000000000000000000000000000001000000000000000000000000000000003', 4654, 'com.runwaysdk.system.scheduler.JobHistoryRecord.keyName', '2014-01-15 15:41:39', 'setgu3pfe1oe9ui9ioaz4z4vzjt03g2g00000000000000000000000000000061', '8dr63xnh7ixq1htiietkl2vjpdpdmmic00000000000000000000000000000138');
CREATE UNIQUE INDEX ah7fvgjw0ro1vyuwkir7x3gdympebg ON job_history_record (key_name);
 INSERT INTO visibilitymodifier (set_id, item_id)  VALUES  ('qpgkkuhilstl2gmux6r880uolaojodz5', '20071109NM000000000000000000000520071109NM0000000000000000000001');
INSERT INTO metadata_display_label ( default_locale, id, site_master, key_name) VALUES ('Last Update Date', '70mo9fuy1cv9ia3ijj8dkhl6jyat4y12NM200904120000000000000000000030', 'www.runwaysdk.com', '70mo9fuy1cv9ia3ijj8dkhl6jyat4y12NM200904120000000000000000000030');
 INSERT INTO visibilitymodifier (set_id, item_id)  VALUES  ('793mq4fy1mu7zofbcau39xrh1byl53na', '20071109NM000000000000000000000520071109NM0000000000000000000001');
 INSERT INTO md_attribute_indicies (set_id, item_id)  VALUES  ('0chihqzpaw4hy3uynub3rd89oqh4v58v', '0000000000000000000000000000040100000000000000000000000000000403');
INSERT INTO metadata_display_label ( default_locale, id, site_master, key_name) VALUES ('Date and time this record was last updated', '01z2edurcot0skv6raiv13zhbvrdrn4qNM200904120000000000000000000030', 'www.runwaysdk.com', '01z2edurcot0skv6raiv13zhbvrdrn4qNM200904120000000000000000000030');
INSERT INTO md_attribute_datetime ( default_value, id) VALUES (NULL, '7a3bvuww9zoqlzheyyjjxt0wpth452zw00000000000000000000000000000341');
INSERT INTO md_attribute_moment ( id) VALUES ('7a3bvuww9zoqlzheyyjjxt0wpth452zw00000000000000000000000000000341');
INSERT INTO md_attribute_primitive ( id) VALUES ('7a3bvuww9zoqlzheyyjjxt0wpth452zw00000000000000000000000000000341');
INSERT INTO md_attribute_concrete ( column_name, defining_md_class, setter_visibility, setter_visibility_c, immutable, index_name, generate_accessor, system, required, display_label, getter_visibility, getter_visibility_c, index_type, index_type_c, attribute_name, id) VALUES ('last_update_date', 'setgu3pfe1oe9ui9ioaz4z4vzjt03g2g00000000000000000000000000000061', 'qpgkkuhilstl2gmux6r880uolaojodz5', '20071109NM000000000000000000000520071109NM0000000000000000000001', 0, 'argwtv4wmxzwzvcvc0ejnlhbxd70tj', 1, 1, 1, '70mo9fuy1cv9ia3ijj8dkhl6jyat4y12NM200904120000000000000000000030', '793mq4fy1mu7zofbcau39xrh1byl53na', '20071109NM000000000000000000000520071109NM0000000000000000000001', '0chihqzpaw4hy3uynub3rd89oqh4v58v', '0000000000000000000000000000040100000000000000000000000000000403', 'lastUpdateDate', '7a3bvuww9zoqlzheyyjjxt0wpth452zw00000000000000000000000000000341');
INSERT INTO md_attribute ( id) VALUES ('7a3bvuww9zoqlzheyyjjxt0wpth452zw00000000000000000000000000000341');
INSERT INTO metadata ( description, created_by, owner, id, create_date, seq, type, remove, site_master, locked_by, entity_domain, last_updated_by, last_update_date, key_name) VALUES ('01z2edurcot0skv6raiv13zhbvrdrn4qNM200904120000000000000000000030', '0000000000000000000000000000001000000000000000000000000000000003', '0000000000000000000000000000001000000000000000000000000000000003', '7a3bvuww9zoqlzheyyjjxt0wpth452zw00000000000000000000000000000341', '2014-01-15 15:41:39', 4655, 'com.runwaysdk.system.metadata.MdAttributeDateTime', 0, 'www.runwaysdk.com', NULL, NULL, '0000000000000000000000000000001000000000000000000000000000000003', '2014-01-15 15:41:39', 'com.runwaysdk.system.scheduler.JobHistoryRecord.lastUpdateDate');
ALTER TABLE job_history_record ADD COLUMN last_update_date  timestamp;
INSERT INTO class_attribute_concrete ( id, parent_id, child_id) VALUES ('704ttkfq810aiticyiizifv3sd6xy3dk00000000000000000000000000000073', 'setgu3pfe1oe9ui9ioaz4z4vzjt03g2g00000000000000000000000000000061', '7a3bvuww9zoqlzheyyjjxt0wpth452zw00000000000000000000000000000341');
INSERT INTO class_attribute ( id, parent_id, child_id) VALUES ('704ttkfq810aiticyiizifv3sd6xy3dk00000000000000000000000000000073', 'setgu3pfe1oe9ui9ioaz4z4vzjt03g2g00000000000000000000000000000061', '7a3bvuww9zoqlzheyyjjxt0wpth452zw00000000000000000000000000000341');
INSERT INTO metadata_relationship ( entity_domain, site_master, last_updated_by, id, owner, locked_by, create_date, type, created_by, seq, key_name, last_update_date, parent_id, child_id) VALUES (NULL, 'www.runwaysdk.com', '0000000000000000000000000000001000000000000000000000000000000003', '704ttkfq810aiticyiizifv3sd6xy3dk00000000000000000000000000000073', '0000000000000000000000000000001000000000000000000000000000000003', NULL, '2014-01-15 15:41:39', 'com.runwaysdk.system.metadata.ClassAttributeConcrete', '0000000000000000000000000000001000000000000000000000000000000003', 4656, 'com.runwaysdk.system.scheduler.JobHistoryRecord.lastUpdateDate', '2014-01-15 15:41:39', 'setgu3pfe1oe9ui9ioaz4z4vzjt03g2g00000000000000000000000000000061', '7a3bvuww9zoqlzheyyjjxt0wpth452zw00000000000000000000000000000341');
 INSERT INTO visibilitymodifier (set_id, item_id)  VALUES  ('21uag3r59nhxjb47a5vn6sqsof42wd05', '20071109NM000000000000000000000520071109NM0000000000000000000001');
INSERT INTO metadata_display_label ( default_locale, id, site_master, key_name) VALUES ('Last Updated By', '1t9elhubvxhw2b5zv8f07kn1w4zq7188NM200904120000000000000000000030', 'www.runwaysdk.com', '1t9elhubvxhw2b5zv8f07kn1w4zq7188NM200904120000000000000000000030');
 INSERT INTO visibilitymodifier (set_id, item_id)  VALUES  ('t16zmuds0rac94b7gvsmyuvqqtrkdpk4', '20071109NM000000000000000000000520071109NM0000000000000000000001');
 INSERT INTO md_attribute_indicies (set_id, item_id)  VALUES  ('2dpbmf6pbwud6cu5qnwb9fhv9pv5wetb', '0000000000000000000000000000040000000000000000000000000000000403');
INSERT INTO metadata_display_label ( default_locale, id, site_master, key_name) VALUES ('User who last updated this object', 'r9x15gfh1lagyts0iazygk6y8cr6jttcNM200904120000000000000000000030', 'www.runwaysdk.com', 'r9x15gfh1lagyts0iazygk6y8cr6jttcNM200904120000000000000000000030');
INSERT INTO md_attribute_reference ( default_value, md_business, id) VALUES (NULL, 'JS20070723000000000000000000156000000000000000000000000000000001', 'ywr7pqlxlfwdj0tidi6lba57j9q884oh00000000000000000000000000000186');
INSERT INTO md_attribute_ref ( id) VALUES ('ywr7pqlxlfwdj0tidi6lba57j9q884oh00000000000000000000000000000186');
INSERT INTO md_attribute_concrete ( column_name, defining_md_class, setter_visibility, setter_visibility_c, immutable, index_name, generate_accessor, system, required, display_label, getter_visibility, getter_visibility_c, index_type, index_type_c, attribute_name, id) VALUES ('last_updated_by', 'setgu3pfe1oe9ui9ioaz4z4vzjt03g2g00000000000000000000000000000061', '21uag3r59nhxjb47a5vn6sqsof42wd05', '20071109NM000000000000000000000520071109NM0000000000000000000001', 0, 'ajlswtotg7h480v6sqgv0vhzb27z0i', 1, 1, 1, '1t9elhubvxhw2b5zv8f07kn1w4zq7188NM200904120000000000000000000030', 't16zmuds0rac94b7gvsmyuvqqtrkdpk4', '20071109NM000000000000000000000520071109NM0000000000000000000001', '2dpbmf6pbwud6cu5qnwb9fhv9pv5wetb', '0000000000000000000000000000040000000000000000000000000000000403', 'lastUpdatedBy', 'ywr7pqlxlfwdj0tidi6lba57j9q884oh00000000000000000000000000000186');
INSERT INTO md_attribute ( id) VALUES ('ywr7pqlxlfwdj0tidi6lba57j9q884oh00000000000000000000000000000186');
INSERT INTO metadata ( description, created_by, owner, id, create_date, seq, type, remove, site_master, locked_by, entity_domain, last_updated_by, last_update_date, key_name) VALUES ('r9x15gfh1lagyts0iazygk6y8cr6jttcNM200904120000000000000000000030', '0000000000000000000000000000001000000000000000000000000000000003', '0000000000000000000000000000001000000000000000000000000000000003', 'ywr7pqlxlfwdj0tidi6lba57j9q884oh00000000000000000000000000000186', '2014-01-15 15:41:39', 4657, 'com.runwaysdk.system.metadata.MdAttributeReference', 0, 'www.runwaysdk.com', NULL, NULL, '0000000000000000000000000000001000000000000000000000000000000003', '2014-01-15 15:41:39', 'com.runwaysdk.system.scheduler.JobHistoryRecord.lastUpdatedBy');
ALTER TABLE job_history_record ADD COLUMN last_updated_by  char(64);
INSERT INTO class_attribute_concrete ( id, parent_id, child_id) VALUES ('zlyseqztcxvelnzkz9mrv0c6jdljo1fd00000000000000000000000000000073', 'setgu3pfe1oe9ui9ioaz4z4vzjt03g2g00000000000000000000000000000061', 'ywr7pqlxlfwdj0tidi6lba57j9q884oh00000000000000000000000000000186');
INSERT INTO class_attribute ( id, parent_id, child_id) VALUES ('zlyseqztcxvelnzkz9mrv0c6jdljo1fd00000000000000000000000000000073', 'setgu3pfe1oe9ui9ioaz4z4vzjt03g2g00000000000000000000000000000061', 'ywr7pqlxlfwdj0tidi6lba57j9q884oh00000000000000000000000000000186');
INSERT INTO metadata_relationship ( entity_domain, site_master, last_updated_by, id, owner, locked_by, create_date, type, created_by, seq, key_name, last_update_date, parent_id, child_id) VALUES (NULL, 'www.runwaysdk.com', '0000000000000000000000000000001000000000000000000000000000000003', 'zlyseqztcxvelnzkz9mrv0c6jdljo1fd00000000000000000000000000000073', '0000000000000000000000000000001000000000000000000000000000000003', NULL, '2014-01-15 15:41:39', 'com.runwaysdk.system.metadata.ClassAttributeConcrete', '0000000000000000000000000000001000000000000000000000000000000003', 4658, 'com.runwaysdk.system.scheduler.JobHistoryRecord.lastUpdatedBy', '2014-01-15 15:41:39', 'setgu3pfe1oe9ui9ioaz4z4vzjt03g2g00000000000000000000000000000061', 'ywr7pqlxlfwdj0tidi6lba57j9q884oh00000000000000000000000000000186');
 INSERT INTO visibilitymodifier (set_id, item_id)  VALUES  ('8m8y0oexfb9r62hmrkusy40m0gpo2adr', '20071109NM000000000000000000000520071109NM0000000000000000000001');
INSERT INTO metadata_display_label ( default_locale, id, site_master, key_name) VALUES ('Created By', 'xqgmb7u0hl0k70cxwgesh3cn0ii7eo9xNM200904120000000000000000000030', 'www.runwaysdk.com', 'xqgmb7u0hl0k70cxwgesh3cn0ii7eo9xNM200904120000000000000000000030');
 INSERT INTO visibilitymodifier (set_id, item_id)  VALUES  ('sbzy9dubptnhwznxvd19survaaga5blz', '20071109NM000000000000000000000520071109NM0000000000000000000001');
 INSERT INTO md_attribute_indicies (set_id, item_id)  VALUES  ('09yhxd8xvbleghw6tweiagy4iofvfiqf', '0000000000000000000000000000040000000000000000000000000000000403');
INSERT INTO metadata_display_label ( default_locale, id, site_master, key_name) VALUES ('User that created this object', 'zlxzcfh9grj6lf5mgi936xm7ghmjtkwyNM200904120000000000000000000030', 'www.runwaysdk.com', 'zlxzcfh9grj6lf5mgi936xm7ghmjtkwyNM200904120000000000000000000030');
INSERT INTO md_attribute_reference ( default_value, md_business, id) VALUES (NULL, 'JS20070723000000000000000000156000000000000000000000000000000001', '7cv1yta4umv0ffhzo6lwf5ctznlj4kpg00000000000000000000000000000186');
INSERT INTO md_attribute_ref ( id) VALUES ('7cv1yta4umv0ffhzo6lwf5ctznlj4kpg00000000000000000000000000000186');
INSERT INTO md_attribute_concrete ( column_name, defining_md_class, setter_visibility, setter_visibility_c, immutable, index_name, generate_accessor, system, required, display_label, getter_visibility, getter_visibility_c, index_type, index_type_c, attribute_name, id) VALUES ('created_by', 'setgu3pfe1oe9ui9ioaz4z4vzjt03g2g00000000000000000000000000000061', '8m8y0oexfb9r62hmrkusy40m0gpo2adr', '20071109NM000000000000000000000520071109NM0000000000000000000001', 1, 'aavsewcv74btirya59ty87v79obtio', 1, 1, 1, 'xqgmb7u0hl0k70cxwgesh3cn0ii7eo9xNM200904120000000000000000000030', 'sbzy9dubptnhwznxvd19survaaga5blz', '20071109NM000000000000000000000520071109NM0000000000000000000001', '09yhxd8xvbleghw6tweiagy4iofvfiqf', '0000000000000000000000000000040000000000000000000000000000000403', 'createdBy', '7cv1yta4umv0ffhzo6lwf5ctznlj4kpg00000000000000000000000000000186');
INSERT INTO md_attribute ( id) VALUES ('7cv1yta4umv0ffhzo6lwf5ctznlj4kpg00000000000000000000000000000186');
INSERT INTO metadata ( description, created_by, owner, id, create_date, seq, type, remove, site_master, locked_by, entity_domain, last_updated_by, last_update_date, key_name) VALUES ('zlxzcfh9grj6lf5mgi936xm7ghmjtkwyNM200904120000000000000000000030', '0000000000000000000000000000001000000000000000000000000000000003', '0000000000000000000000000000001000000000000000000000000000000003', '7cv1yta4umv0ffhzo6lwf5ctznlj4kpg00000000000000000000000000000186', '2014-01-15 15:41:39', 4659, 'com.runwaysdk.system.metadata.MdAttributeReference', 0, 'www.runwaysdk.com', NULL, NULL, '0000000000000000000000000000001000000000000000000000000000000003', '2014-01-15 15:41:39', 'com.runwaysdk.system.scheduler.JobHistoryRecord.createdBy');
ALTER TABLE job_history_record ADD COLUMN created_by  char(64);
INSERT INTO class_attribute_concrete ( id, parent_id, child_id) VALUES ('sbt22k9jsfwbg2vjtmeof3z3ec9rohfr00000000000000000000000000000073', 'setgu3pfe1oe9ui9ioaz4z4vzjt03g2g00000000000000000000000000000061', '7cv1yta4umv0ffhzo6lwf5ctznlj4kpg00000000000000000000000000000186');
INSERT INTO class_attribute ( id, parent_id, child_id) VALUES ('sbt22k9jsfwbg2vjtmeof3z3ec9rohfr00000000000000000000000000000073', 'setgu3pfe1oe9ui9ioaz4z4vzjt03g2g00000000000000000000000000000061', '7cv1yta4umv0ffhzo6lwf5ctznlj4kpg00000000000000000000000000000186');
INSERT INTO metadata_relationship ( entity_domain, site_master, last_updated_by, id, owner, locked_by, create_date, type, created_by, seq, key_name, last_update_date, parent_id, child_id) VALUES (NULL, 'www.runwaysdk.com', '0000000000000000000000000000001000000000000000000000000000000003', 'sbt22k9jsfwbg2vjtmeof3z3ec9rohfr00000000000000000000000000000073', '0000000000000000000000000000001000000000000000000000000000000003', NULL, '2014-01-15 15:41:39', 'com.runwaysdk.system.metadata.ClassAttributeConcrete', '0000000000000000000000000000001000000000000000000000000000000003', 4660, 'com.runwaysdk.system.scheduler.JobHistoryRecord.createdBy', '2014-01-15 15:41:39', 'setgu3pfe1oe9ui9ioaz4z4vzjt03g2g00000000000000000000000000000061', '7cv1yta4umv0ffhzo6lwf5ctznlj4kpg00000000000000000000000000000186');
 INSERT INTO visibilitymodifier (set_id, item_id)  VALUES  ('1syaey6rajw3f4ys94suk8um5n5px96t', '20071109NM000000000000000000000520071109NM0000000000000000000001');
INSERT INTO metadata_display_label ( default_locale, id, site_master, key_name) VALUES ('Locked By', '1r7j99lxtebyy7keiwr08wkk5ak9v1mqNM200904120000000000000000000030', 'www.runwaysdk.com', '1r7j99lxtebyy7keiwr08wkk5ak9v1mqNM200904120000000000000000000030');
 INSERT INTO visibilitymodifier (set_id, item_id)  VALUES  ('6wlyf9h0cnvrxn7cblf2lwe61kz4e1gw', '20071109NM000000000000000000000520071109NM0000000000000000000001');
 INSERT INTO md_attribute_indicies (set_id, item_id)  VALUES  ('0qknnaujgv279zbjotcxb6nncskvgxf4', '0000000000000000000000000000040000000000000000000000000000000403');
INSERT INTO metadata_display_label ( default_locale, id, site_master, key_name) VALUES ('User who has a write lock on this object', '6pkzv5gm7tlqckz2wcr3su7m7wfipp0tNM200904120000000000000000000030', 'www.runwaysdk.com', '6pkzv5gm7tlqckz2wcr3su7m7wfipp0tNM200904120000000000000000000030');
INSERT INTO md_attribute_reference ( default_value, md_business, id) VALUES (NULL, '0000000000000000000000000000000300000000000000000000000000000001', '0cmixy3vgrblgv9mf7i9cq3mwrnkyotw00000000000000000000000000000186');
INSERT INTO md_attribute_ref ( id) VALUES ('0cmixy3vgrblgv9mf7i9cq3mwrnkyotw00000000000000000000000000000186');
INSERT INTO md_attribute_concrete ( column_name, defining_md_class, setter_visibility, setter_visibility_c, immutable, index_name, generate_accessor, system, required, display_label, getter_visibility, getter_visibility_c, index_type, index_type_c, attribute_name, id) VALUES ('locked_by', 'setgu3pfe1oe9ui9ioaz4z4vzjt03g2g00000000000000000000000000000061', '1syaey6rajw3f4ys94suk8um5n5px96t', '20071109NM000000000000000000000520071109NM0000000000000000000001', 0, 'a5rozgard7k8c7tvgfqen0ac06gm70', 1, 1, 0, '1r7j99lxtebyy7keiwr08wkk5ak9v1mqNM200904120000000000000000000030', '6wlyf9h0cnvrxn7cblf2lwe61kz4e1gw', '20071109NM000000000000000000000520071109NM0000000000000000000001', '0qknnaujgv279zbjotcxb6nncskvgxf4', '0000000000000000000000000000040000000000000000000000000000000403', 'lockedBy', '0cmixy3vgrblgv9mf7i9cq3mwrnkyotw00000000000000000000000000000186');
INSERT INTO md_attribute ( id) VALUES ('0cmixy3vgrblgv9mf7i9cq3mwrnkyotw00000000000000000000000000000186');
INSERT INTO metadata ( description, created_by, owner, id, create_date, seq, type, remove, site_master, locked_by, entity_domain, last_updated_by, last_update_date, key_name) VALUES ('6pkzv5gm7tlqckz2wcr3su7m7wfipp0tNM200904120000000000000000000030', '0000000000000000000000000000001000000000000000000000000000000003', '0000000000000000000000000000001000000000000000000000000000000003', '0cmixy3vgrblgv9mf7i9cq3mwrnkyotw00000000000000000000000000000186', '2014-01-15 15:41:39', 4661, 'com.runwaysdk.system.metadata.MdAttributeReference', 0, 'www.runwaysdk.com', NULL, NULL, '0000000000000000000000000000001000000000000000000000000000000003', '2014-01-15 15:41:39', 'com.runwaysdk.system.scheduler.JobHistoryRecord.lockedBy');
ALTER TABLE job_history_record ADD COLUMN locked_by  char(64);
INSERT INTO class_attribute_concrete ( id, parent_id, child_id) VALUES ('rcu9kf0h5qnu7hpsdlaghjcuzejs1bmn00000000000000000000000000000073', 'setgu3pfe1oe9ui9ioaz4z4vzjt03g2g00000000000000000000000000000061', '0cmixy3vgrblgv9mf7i9cq3mwrnkyotw00000000000000000000000000000186');
INSERT INTO class_attribute ( id, parent_id, child_id) VALUES ('rcu9kf0h5qnu7hpsdlaghjcuzejs1bmn00000000000000000000000000000073', 'setgu3pfe1oe9ui9ioaz4z4vzjt03g2g00000000000000000000000000000061', '0cmixy3vgrblgv9mf7i9cq3mwrnkyotw00000000000000000000000000000186');
INSERT INTO metadata_relationship ( entity_domain, site_master, last_updated_by, id, owner, locked_by, create_date, type, created_by, seq, key_name, last_update_date, parent_id, child_id) VALUES (NULL, 'www.runwaysdk.com', '0000000000000000000000000000001000000000000000000000000000000003', 'rcu9kf0h5qnu7hpsdlaghjcuzejs1bmn00000000000000000000000000000073', '0000000000000000000000000000001000000000000000000000000000000003', NULL, '2014-01-15 15:41:39', 'com.runwaysdk.system.metadata.ClassAttributeConcrete', '0000000000000000000000000000001000000000000000000000000000000003', 4662, 'com.runwaysdk.system.scheduler.JobHistoryRecord.lockedBy', '2014-01-15 15:41:39', 'setgu3pfe1oe9ui9ioaz4z4vzjt03g2g00000000000000000000000000000061', '0cmixy3vgrblgv9mf7i9cq3mwrnkyotw00000000000000000000000000000186');
 INSERT INTO visibilitymodifier (set_id, item_id)  VALUES  ('6oovrjc3ong4otnxe3nivhch6na0h50a', '20071109NM000000000000000000000520071109NM0000000000000000000001');
INSERT INTO metadata_display_label ( default_locale, id, site_master, key_name) VALUES ('Create Date', 'qmsyyqn1iglbmiamh17g6zrgd7w7fdp5NM200904120000000000000000000030', 'www.runwaysdk.com', 'qmsyyqn1iglbmiamh17g6zrgd7w7fdp5NM200904120000000000000000000030');
 INSERT INTO visibilitymodifier (set_id, item_id)  VALUES  ('7fw7aludhgbnlopnzp51frp87f199chf', '20071109NM000000000000000000000520071109NM0000000000000000000001');
 INSERT INTO md_attribute_indicies (set_id, item_id)  VALUES  ('8nvxfayj23esw5qmkyz0m2aphj83e6lv', '0000000000000000000000000000040100000000000000000000000000000403');
INSERT INTO metadata_display_label ( default_locale, id, site_master, key_name) VALUES ('Date and time this record was created', '029ca1smi7rryw1fkp00piyfn7xkyoqwNM200904120000000000000000000030', 'www.runwaysdk.com', '029ca1smi7rryw1fkp00piyfn7xkyoqwNM200904120000000000000000000030');
INSERT INTO md_attribute_datetime ( default_value, id) VALUES (NULL, 'z3hsckfqd0rd2vgspb2h7dujna4tokbb00000000000000000000000000000341');
INSERT INTO md_attribute_moment ( id) VALUES ('z3hsckfqd0rd2vgspb2h7dujna4tokbb00000000000000000000000000000341');
INSERT INTO md_attribute_primitive ( id) VALUES ('z3hsckfqd0rd2vgspb2h7dujna4tokbb00000000000000000000000000000341');
INSERT INTO md_attribute_concrete ( column_name, defining_md_class, setter_visibility, setter_visibility_c, immutable, index_name, generate_accessor, system, required, display_label, getter_visibility, getter_visibility_c, index_type, index_type_c, attribute_name, id) VALUES ('create_date', 'setgu3pfe1oe9ui9ioaz4z4vzjt03g2g00000000000000000000000000000061', '6oovrjc3ong4otnxe3nivhch6na0h50a', '20071109NM000000000000000000000520071109NM0000000000000000000001', 0, 'a7ddpjbwzogd6b9twqzpzqaxd486yl', 1, 1, 1, 'qmsyyqn1iglbmiamh17g6zrgd7w7fdp5NM200904120000000000000000000030', '7fw7aludhgbnlopnzp51frp87f199chf', '20071109NM000000000000000000000520071109NM0000000000000000000001', '8nvxfayj23esw5qmkyz0m2aphj83e6lv', '0000000000000000000000000000040100000000000000000000000000000403', 'createDate', 'z3hsckfqd0rd2vgspb2h7dujna4tokbb00000000000000000000000000000341');
INSERT INTO md_attribute ( id) VALUES ('z3hsckfqd0rd2vgspb2h7dujna4tokbb00000000000000000000000000000341');
INSERT INTO metadata ( description, created_by, owner, id, create_date, seq, type, remove, site_master, locked_by, entity_domain, last_updated_by, last_update_date, key_name) VALUES ('029ca1smi7rryw1fkp00piyfn7xkyoqwNM200904120000000000000000000030', '0000000000000000000000000000001000000000000000000000000000000003', '0000000000000000000000000000001000000000000000000000000000000003', 'z3hsckfqd0rd2vgspb2h7dujna4tokbb00000000000000000000000000000341', '2014-01-15 15:41:39', 4663, 'com.runwaysdk.system.metadata.MdAttributeDateTime', 0, 'www.runwaysdk.com', NULL, NULL, '0000000000000000000000000000001000000000000000000000000000000003', '2014-01-15 15:41:39', 'com.runwaysdk.system.scheduler.JobHistoryRecord.createDate');
ALTER TABLE job_history_record ADD COLUMN create_date  timestamp;
INSERT INTO class_attribute_concrete ( id, parent_id, child_id) VALUES ('8gfwq4g7gbo1datndmeuhh0e48j58ggy00000000000000000000000000000073', 'setgu3pfe1oe9ui9ioaz4z4vzjt03g2g00000000000000000000000000000061', 'z3hsckfqd0rd2vgspb2h7dujna4tokbb00000000000000000000000000000341');
INSERT INTO class_attribute ( id, parent_id, child_id) VALUES ('8gfwq4g7gbo1datndmeuhh0e48j58ggy00000000000000000000000000000073', 'setgu3pfe1oe9ui9ioaz4z4vzjt03g2g00000000000000000000000000000061', 'z3hsckfqd0rd2vgspb2h7dujna4tokbb00000000000000000000000000000341');
INSERT INTO metadata_relationship ( entity_domain, site_master, last_updated_by, id, owner, locked_by, create_date, type, created_by, seq, key_name, last_update_date, parent_id, child_id) VALUES (NULL, 'www.runwaysdk.com', '0000000000000000000000000000001000000000000000000000000000000003', '8gfwq4g7gbo1datndmeuhh0e48j58ggy00000000000000000000000000000073', '0000000000000000000000000000001000000000000000000000000000000003', NULL, '2014-01-15 15:41:39', 'com.runwaysdk.system.metadata.ClassAttributeConcrete', '0000000000000000000000000000001000000000000000000000000000000003', 4664, 'com.runwaysdk.system.scheduler.JobHistoryRecord.createDate', '2014-01-15 15:41:39', 'setgu3pfe1oe9ui9ioaz4z4vzjt03g2g00000000000000000000000000000061', 'z3hsckfqd0rd2vgspb2h7dujna4tokbb00000000000000000000000000000341');
 INSERT INTO visibilitymodifier (set_id, item_id)  VALUES  ('xpk6z7mpyfltj4qef8kq5fvws7xmgwlf', '20071109NM000000000000000000000520071109NM0000000000000000000001');
INSERT INTO metadata_display_label ( default_locale, id, site_master, key_name) VALUES ('Owner', '2hm0fi2tn82s701b5h58sy9kv6272tqrNM200904120000000000000000000030', 'www.runwaysdk.com', '2hm0fi2tn82s701b5h58sy9kv6272tqrNM200904120000000000000000000030');
 INSERT INTO visibilitymodifier (set_id, item_id)  VALUES  ('qldjvu30a441htukixllfssze1crjzg5', '20071109NM000000000000000000000520071109NM0000000000000000000001');
 INSERT INTO md_attribute_indicies (set_id, item_id)  VALUES  ('xv0rhqj7zjlkopbiux8vpihgd74jw9im', '0000000000000000000000000000040000000000000000000000000000000403');
INSERT INTO metadata_display_label ( default_locale, id, site_master, key_name) VALUES ('A reference to the user who own this object', 'xfepo831mwxfu4rfwfrlchstjipq0wbtNM200904120000000000000000000030', 'www.runwaysdk.com', 'xfepo831mwxfu4rfwfrlchstjipq0wbtNM200904120000000000000000000030');
INSERT INTO md_attribute_reference ( default_value, md_business, id) VALUES (NULL, '0000000000000000000000000000051600000000000000000000000000000001', 'r15elzhdizvjutf8wi7ngbeq03k7au6f00000000000000000000000000000186');
INSERT INTO md_attribute_ref ( id) VALUES ('r15elzhdizvjutf8wi7ngbeq03k7au6f00000000000000000000000000000186');
INSERT INTO md_attribute_concrete ( column_name, defining_md_class, setter_visibility, setter_visibility_c, immutable, index_name, generate_accessor, system, required, display_label, getter_visibility, getter_visibility_c, index_type, index_type_c, attribute_name, id) VALUES ('owner', 'setgu3pfe1oe9ui9ioaz4z4vzjt03g2g00000000000000000000000000000061', 'xpk6z7mpyfltj4qef8kq5fvws7xmgwlf', '20071109NM000000000000000000000520071109NM0000000000000000000001', 0, 'apkejec9r9y6wxvulx4tf25xcgy1ih', 1, 0, 1, '2hm0fi2tn82s701b5h58sy9kv6272tqrNM200904120000000000000000000030', 'qldjvu30a441htukixllfssze1crjzg5', '20071109NM000000000000000000000520071109NM0000000000000000000001', 'xv0rhqj7zjlkopbiux8vpihgd74jw9im', '0000000000000000000000000000040000000000000000000000000000000403', 'owner', 'r15elzhdizvjutf8wi7ngbeq03k7au6f00000000000000000000000000000186');
INSERT INTO md_attribute ( id) VALUES ('r15elzhdizvjutf8wi7ngbeq03k7au6f00000000000000000000000000000186');
INSERT INTO metadata ( description, created_by, owner, id, create_date, seq, type, remove, site_master, locked_by, entity_domain, last_updated_by, last_update_date, key_name) VALUES ('xfepo831mwxfu4rfwfrlchstjipq0wbtNM200904120000000000000000000030', '0000000000000000000000000000001000000000000000000000000000000003', '0000000000000000000000000000001000000000000000000000000000000003', 'r15elzhdizvjutf8wi7ngbeq03k7au6f00000000000000000000000000000186', '2014-01-15 15:41:39', 4665, 'com.runwaysdk.system.metadata.MdAttributeReference', 0, 'www.runwaysdk.com', NULL, NULL, '0000000000000000000000000000001000000000000000000000000000000003', '2014-01-15 15:41:39', 'com.runwaysdk.system.scheduler.JobHistoryRecord.owner');
ALTER TABLE job_history_record ADD COLUMN owner  char(64);
INSERT INTO class_attribute_concrete ( id, parent_id, child_id) VALUES ('2a5kuv39re3lj3hb5p6zerptbdakikzl00000000000000000000000000000073', 'setgu3pfe1oe9ui9ioaz4z4vzjt03g2g00000000000000000000000000000061', 'r15elzhdizvjutf8wi7ngbeq03k7au6f00000000000000000000000000000186');
INSERT INTO class_attribute ( id, parent_id, child_id) VALUES ('2a5kuv39re3lj3hb5p6zerptbdakikzl00000000000000000000000000000073', 'setgu3pfe1oe9ui9ioaz4z4vzjt03g2g00000000000000000000000000000061', 'r15elzhdizvjutf8wi7ngbeq03k7au6f00000000000000000000000000000186');
INSERT INTO metadata_relationship ( entity_domain, site_master, last_updated_by, id, owner, locked_by, create_date, type, created_by, seq, key_name, last_update_date, parent_id, child_id) VALUES (NULL, 'www.runwaysdk.com', '0000000000000000000000000000001000000000000000000000000000000003', '2a5kuv39re3lj3hb5p6zerptbdakikzl00000000000000000000000000000073', '0000000000000000000000000000001000000000000000000000000000000003', NULL, '2014-01-15 15:41:39', 'com.runwaysdk.system.metadata.ClassAttributeConcrete', '0000000000000000000000000000001000000000000000000000000000000003', 4666, 'com.runwaysdk.system.scheduler.JobHistoryRecord.owner', '2014-01-15 15:41:39', 'setgu3pfe1oe9ui9ioaz4z4vzjt03g2g00000000000000000000000000000061', 'r15elzhdizvjutf8wi7ngbeq03k7au6f00000000000000000000000000000186');
 INSERT INTO visibilitymodifier (set_id, item_id)  VALUES  ('spt2ofsvtppiwv8b9u1a4jhnsr84wh9x', '20071109NM000000000000000000000520071109NM0000000000000000000001');
INSERT INTO metadata_display_label ( default_locale, id, site_master, key_name) VALUES ('Type', '78mrdcwt348yreyizy17nvb6orz4hd8bNM200904120000000000000000000030', 'www.runwaysdk.com', '78mrdcwt348yreyizy17nvb6orz4hd8bNM200904120000000000000000000030');
 INSERT INTO visibilitymodifier (set_id, item_id)  VALUES  ('xirchhn9wiqk8b7ng62a5ipi4d8rwybg', '20071109NM000000000000000000000520071109NM0000000000000000000001');
 INSERT INTO md_attribute_indicies (set_id, item_id)  VALUES  ('7fzdjpwkv92wajfdlnxtwwjj4zbkgqf2', '0000000000000000000000000000040100000000000000000000000000000403');
INSERT INTO metadata_display_label ( default_locale, id, site_master, key_name) VALUES ('Fully qualified type of this object', '20qjdxk40nfn9qht8352farnmsz65hm2NM200904120000000000000000000030', 'www.runwaysdk.com', '20qjdxk40nfn9qht8352farnmsz65hm2NM200904120000000000000000000030');
INSERT INTO md_attribute_character ( default_value, database_size, id) VALUES (NULL, 255, 'xo8q2lgo3r1ng5nxtz2ai89m0hgtmxr200000000000000000000000000000138');
INSERT INTO md_attribute_char ( id) VALUES ('xo8q2lgo3r1ng5nxtz2ai89m0hgtmxr200000000000000000000000000000138');
INSERT INTO md_attribute_primitive ( id) VALUES ('xo8q2lgo3r1ng5nxtz2ai89m0hgtmxr200000000000000000000000000000138');
INSERT INTO md_attribute_concrete ( column_name, defining_md_class, setter_visibility, setter_visibility_c, immutable, index_name, generate_accessor, system, required, display_label, getter_visibility, getter_visibility_c, index_type, index_type_c, attribute_name, id) VALUES ('type', 'setgu3pfe1oe9ui9ioaz4z4vzjt03g2g00000000000000000000000000000061', 'spt2ofsvtppiwv8b9u1a4jhnsr84wh9x', '20071109NM000000000000000000000520071109NM0000000000000000000001', 1, 'angthr8sz0v6tr79xx2qxr0ooptua3', 1, 1, 1, '78mrdcwt348yreyizy17nvb6orz4hd8bNM200904120000000000000000000030', 'xirchhn9wiqk8b7ng62a5ipi4d8rwybg', '20071109NM000000000000000000000520071109NM0000000000000000000001', '7fzdjpwkv92wajfdlnxtwwjj4zbkgqf2', '0000000000000000000000000000040100000000000000000000000000000403', 'type', 'xo8q2lgo3r1ng5nxtz2ai89m0hgtmxr200000000000000000000000000000138');
INSERT INTO md_attribute ( id) VALUES ('xo8q2lgo3r1ng5nxtz2ai89m0hgtmxr200000000000000000000000000000138');
INSERT INTO metadata ( description, created_by, owner, id, create_date, seq, type, remove, site_master, locked_by, entity_domain, last_updated_by, last_update_date, key_name) VALUES ('20qjdxk40nfn9qht8352farnmsz65hm2NM200904120000000000000000000030', '0000000000000000000000000000001000000000000000000000000000000003', '0000000000000000000000000000001000000000000000000000000000000003', 'xo8q2lgo3r1ng5nxtz2ai89m0hgtmxr200000000000000000000000000000138', '2014-01-15 15:41:39', 4667, 'com.runwaysdk.system.metadata.MdAttributeCharacter', 0, 'www.runwaysdk.com', NULL, NULL, '0000000000000000000000000000001000000000000000000000000000000003', '2014-01-15 15:41:39', 'com.runwaysdk.system.scheduler.JobHistoryRecord.type');
ALTER TABLE job_history_record ADD COLUMN type  varchar(255);
INSERT INTO class_attribute_concrete ( id, parent_id, child_id) VALUES ('so18qhh7ui16hnt4o3zj5esdbjfwhw5k00000000000000000000000000000073', 'setgu3pfe1oe9ui9ioaz4z4vzjt03g2g00000000000000000000000000000061', 'xo8q2lgo3r1ng5nxtz2ai89m0hgtmxr200000000000000000000000000000138');
INSERT INTO class_attribute ( id, parent_id, child_id) VALUES ('so18qhh7ui16hnt4o3zj5esdbjfwhw5k00000000000000000000000000000073', 'setgu3pfe1oe9ui9ioaz4z4vzjt03g2g00000000000000000000000000000061', 'xo8q2lgo3r1ng5nxtz2ai89m0hgtmxr200000000000000000000000000000138');
INSERT INTO metadata_relationship ( entity_domain, site_master, last_updated_by, id, owner, locked_by, create_date, type, created_by, seq, key_name, last_update_date, parent_id, child_id) VALUES (NULL, 'www.runwaysdk.com', '0000000000000000000000000000001000000000000000000000000000000003', 'so18qhh7ui16hnt4o3zj5esdbjfwhw5k00000000000000000000000000000073', '0000000000000000000000000000001000000000000000000000000000000003', NULL, '2014-01-15 15:41:39', 'com.runwaysdk.system.metadata.ClassAttributeConcrete', '0000000000000000000000000000001000000000000000000000000000000003', 4668, 'com.runwaysdk.system.scheduler.JobHistoryRecord.type', '2014-01-15 15:41:39', 'setgu3pfe1oe9ui9ioaz4z4vzjt03g2g00000000000000000000000000000061', 'xo8q2lgo3r1ng5nxtz2ai89m0hgtmxr200000000000000000000000000000138');
 INSERT INTO visibilitymodifier (set_id, item_id)  VALUES  ('8sil3bso9rirugbz232ulfw1psjx7i87', '20071109NM000000000000000000000520071109NM0000000000000000000001');
INSERT INTO metadata_display_label ( default_locale, id, site_master, key_name) VALUES ('Entity Domain', 'xfubyzmuivlv68phbqbswa0csm6lfdfpNM200904120000000000000000000030', 'www.runwaysdk.com', 'xfubyzmuivlv68phbqbswa0csm6lfdfpNM200904120000000000000000000030');
 INSERT INTO visibilitymodifier (set_id, item_id)  VALUES  ('20kp5hw0hb7rdsv4kn0mw67hslhcqeez', '20071109NM000000000000000000000520071109NM0000000000000000000001');
 INSERT INTO md_attribute_indicies (set_id, item_id)  VALUES  ('sipccf1oboma3bbml7qfswb3pmyaocda', '0000000000000000000000000000040100000000000000000000000000000403');
INSERT INTO metadata_display_label ( default_locale, id, site_master, key_name) VALUES ('The Domain of this entity', 'xut6uxseb1katt9g6m3k8beoswjg5bmgNM200904120000000000000000000030', 'www.runwaysdk.com', 'xut6uxseb1katt9g6m3k8beoswjg5bmgNM200904120000000000000000000030');
INSERT INTO md_attribute_reference ( default_value, md_business, id) VALUES (NULL, 'NM20081011000000000000000000011100000000000000000000000000000001', 'qplk0mqfkgnqertqj9903es2bu24zvxh00000000000000000000000000000186');
INSERT INTO md_attribute_ref ( id) VALUES ('qplk0mqfkgnqertqj9903es2bu24zvxh00000000000000000000000000000186');
INSERT INTO md_attribute_concrete ( column_name, defining_md_class, setter_visibility, setter_visibility_c, immutable, index_name, generate_accessor, system, required, display_label, getter_visibility, getter_visibility_c, index_type, index_type_c, attribute_name, id) VALUES ('entity_domain', 'setgu3pfe1oe9ui9ioaz4z4vzjt03g2g00000000000000000000000000000061', '8sil3bso9rirugbz232ulfw1psjx7i87', '20071109NM000000000000000000000520071109NM0000000000000000000001', 0, 'aop1imntkv6az2okw7fjduaca0lhiy', 1, 0, 0, 'xfubyzmuivlv68phbqbswa0csm6lfdfpNM200904120000000000000000000030', '20kp5hw0hb7rdsv4kn0mw67hslhcqeez', '20071109NM000000000000000000000520071109NM0000000000000000000001', 'sipccf1oboma3bbml7qfswb3pmyaocda', '0000000000000000000000000000040100000000000000000000000000000403', 'entityDomain', 'qplk0mqfkgnqertqj9903es2bu24zvxh00000000000000000000000000000186');
INSERT INTO md_attribute ( id) VALUES ('qplk0mqfkgnqertqj9903es2bu24zvxh00000000000000000000000000000186');
INSERT INTO metadata ( description, created_by, owner, id, create_date, seq, type, remove, site_master, locked_by, entity_domain, last_updated_by, last_update_date, key_name) VALUES ('xut6uxseb1katt9g6m3k8beoswjg5bmgNM200904120000000000000000000030', '0000000000000000000000000000001000000000000000000000000000000003', '0000000000000000000000000000001000000000000000000000000000000003', 'qplk0mqfkgnqertqj9903es2bu24zvxh00000000000000000000000000000186', '2014-01-15 15:41:39', 4669, 'com.runwaysdk.system.metadata.MdAttributeReference', 1, 'www.runwaysdk.com', NULL, NULL, '0000000000000000000000000000001000000000000000000000000000000003', '2014-01-15 15:41:39', 'com.runwaysdk.system.scheduler.JobHistoryRecord.entityDomain');
ALTER TABLE job_history_record ADD COLUMN entity_domain  char(64);
INSERT INTO class_attribute_concrete ( id, parent_id, child_id) VALUES ('0bkpobb83llf6mxs3fxppga796d1iio000000000000000000000000000000073', 'setgu3pfe1oe9ui9ioaz4z4vzjt03g2g00000000000000000000000000000061', 'qplk0mqfkgnqertqj9903es2bu24zvxh00000000000000000000000000000186');
INSERT INTO class_attribute ( id, parent_id, child_id) VALUES ('0bkpobb83llf6mxs3fxppga796d1iio000000000000000000000000000000073', 'setgu3pfe1oe9ui9ioaz4z4vzjt03g2g00000000000000000000000000000061', 'qplk0mqfkgnqertqj9903es2bu24zvxh00000000000000000000000000000186');
INSERT INTO metadata_relationship ( entity_domain, site_master, last_updated_by, id, owner, locked_by, create_date, type, created_by, seq, key_name, last_update_date, parent_id, child_id) VALUES (NULL, 'www.runwaysdk.com', '0000000000000000000000000000001000000000000000000000000000000003', '0bkpobb83llf6mxs3fxppga796d1iio000000000000000000000000000000073', '0000000000000000000000000000001000000000000000000000000000000003', NULL, '2014-01-15 15:41:39', 'com.runwaysdk.system.metadata.ClassAttributeConcrete', '0000000000000000000000000000001000000000000000000000000000000003', 4670, 'com.runwaysdk.system.scheduler.JobHistoryRecord.entityDomain', '2014-01-15 15:41:39', 'setgu3pfe1oe9ui9ioaz4z4vzjt03g2g00000000000000000000000000000061', 'qplk0mqfkgnqertqj9903es2bu24zvxh00000000000000000000000000000186');
 INSERT INTO visibilitymodifier (set_id, item_id)  VALUES  ('saljkm3bxuz48s792u37vvb5voqjhreq', '20071109NM000000000000000000000520071109NM0000000000000000000001');
INSERT INTO metadata_display_label ( default_locale, id, site_master, key_name) VALUES ('Sequence', '0dn46fi1in2hwic8pi4r0tkbyxebc3kdNM200904120000000000000000000030', 'www.runwaysdk.com', '0dn46fi1in2hwic8pi4r0tkbyxebc3kdNM200904120000000000000000000030');
 INSERT INTO visibilitymodifier (set_id, item_id)  VALUES  ('91yxy6n6tk8uy167p8x95ctozwto5krn', '20071109NM000000000000000000000520071109NM0000000000000000000001');
 INSERT INTO md_attribute_indicies (set_id, item_id)  VALUES  ('2gwo3arnl6cqsykfh0engbbtu0jz18ub', '0000000000000000000000000000040100000000000000000000000000000403');
INSERT INTO metadata_display_label ( default_locale, id, site_master, key_name) VALUES ('Sequence number is incremented every time this object is updated', '8ei1thc4t54pgch8qpl4apu26xzs4l7oNM200904120000000000000000000030', 'www.runwaysdk.com', '8ei1thc4t54pgch8qpl4apu26xzs4l7oNM200904120000000000000000000030');
INSERT INTO md_attribute_long ( end_range, default_value, start_range, id) VALUES (NULL, NULL, NULL, 't104vkjhcf8gtii3a5h5wi4n7zrpxri100000000000000000000000000000338');
INSERT INTO md_attribute_int ( id) VALUES ('t104vkjhcf8gtii3a5h5wi4n7zrpxri100000000000000000000000000000338');
INSERT INTO md_attribute_number ( reject_negative, reject_zero, reject_positive, id) VALUES (1, 0, 0, 't104vkjhcf8gtii3a5h5wi4n7zrpxri100000000000000000000000000000338');
INSERT INTO md_attribute_primitive ( id) VALUES ('t104vkjhcf8gtii3a5h5wi4n7zrpxri100000000000000000000000000000338');
INSERT INTO md_attribute_concrete ( column_name, defining_md_class, setter_visibility, setter_visibility_c, immutable, index_name, generate_accessor, system, required, display_label, getter_visibility, getter_visibility_c, index_type, index_type_c, attribute_name, id) VALUES ('seq', 'setgu3pfe1oe9ui9ioaz4z4vzjt03g2g00000000000000000000000000000061', 'saljkm3bxuz48s792u37vvb5voqjhreq', '20071109NM000000000000000000000520071109NM0000000000000000000001', 0, 'ad7o2ztdvjlcdcwfk4e9vjq43m0yyb', 1, 1, 1, '0dn46fi1in2hwic8pi4r0tkbyxebc3kdNM200904120000000000000000000030', '91yxy6n6tk8uy167p8x95ctozwto5krn', '20071109NM000000000000000000000520071109NM0000000000000000000001', '2gwo3arnl6cqsykfh0engbbtu0jz18ub', '0000000000000000000000000000040100000000000000000000000000000403', 'seq', 't104vkjhcf8gtii3a5h5wi4n7zrpxri100000000000000000000000000000338');
INSERT INTO md_attribute ( id) VALUES ('t104vkjhcf8gtii3a5h5wi4n7zrpxri100000000000000000000000000000338');
INSERT INTO metadata ( description, created_by, owner, id, create_date, seq, type, remove, site_master, locked_by, entity_domain, last_updated_by, last_update_date, key_name) VALUES ('8ei1thc4t54pgch8qpl4apu26xzs4l7oNM200904120000000000000000000030', '0000000000000000000000000000001000000000000000000000000000000003', '0000000000000000000000000000001000000000000000000000000000000003', 't104vkjhcf8gtii3a5h5wi4n7zrpxri100000000000000000000000000000338', '2014-01-15 15:41:39', 4671, 'com.runwaysdk.system.metadata.MdAttributeLong', 0, 'www.runwaysdk.com', NULL, NULL, '0000000000000000000000000000001000000000000000000000000000000003', '2014-01-15 15:41:39', 'com.runwaysdk.system.scheduler.JobHistoryRecord.seq');
ALTER TABLE job_history_record ADD COLUMN seq  bigint;
INSERT INTO class_attribute_concrete ( id, parent_id, child_id) VALUES ('8etrmxpgvbi1eguzbd90wf4d1zhcggai00000000000000000000000000000073', 'setgu3pfe1oe9ui9ioaz4z4vzjt03g2g00000000000000000000000000000061', 't104vkjhcf8gtii3a5h5wi4n7zrpxri100000000000000000000000000000338');
INSERT INTO class_attribute ( id, parent_id, child_id) VALUES ('8etrmxpgvbi1eguzbd90wf4d1zhcggai00000000000000000000000000000073', 'setgu3pfe1oe9ui9ioaz4z4vzjt03g2g00000000000000000000000000000061', 't104vkjhcf8gtii3a5h5wi4n7zrpxri100000000000000000000000000000338');
INSERT INTO metadata_relationship ( entity_domain, site_master, last_updated_by, id, owner, locked_by, create_date, type, created_by, seq, key_name, last_update_date, parent_id, child_id) VALUES (NULL, 'www.runwaysdk.com', '0000000000000000000000000000001000000000000000000000000000000003', '8etrmxpgvbi1eguzbd90wf4d1zhcggai00000000000000000000000000000073', '0000000000000000000000000000001000000000000000000000000000000003', NULL, '2014-01-15 15:41:39', 'com.runwaysdk.system.metadata.ClassAttributeConcrete', '0000000000000000000000000000001000000000000000000000000000000003', 4672, 'com.runwaysdk.system.scheduler.JobHistoryRecord.seq', '2014-01-15 15:41:39', 'setgu3pfe1oe9ui9ioaz4z4vzjt03g2g00000000000000000000000000000061', 't104vkjhcf8gtii3a5h5wi4n7zrpxri100000000000000000000000000000338');
INSERT INTO metadata_display_label ( default_locale, id, site_master, key_name) VALUES (NULL, '09op2vjr1caizzhfe48wvlnhsbjanu73NM200904120000000000000000000030', 'www.runwaysdk.com', '09op2vjr1caizzhfe48wvlnhsbjanu73NM200904120000000000000000000030');
INSERT INTO metadata_display_label ( default_locale, id, site_master, key_name) VALUES (NULL, '2fd6ae4f78gvhtd0f3b9gzkdkulfml0nNM200904120000000000000000000030', 'www.runwaysdk.com', '2fd6ae4f78gvhtd0f3b9gzkdkulfml0nNM200904120000000000000000000030');
INSERT INTO md_controller ( stub_source, id) VALUES (NULL, 'xn77dacbyn1w3inlbazexebgq0earmahNM200810110000000000000000000112');
INSERT INTO md_type ( display_label, root_id, package_name, type_name, base_source, js_base, js_stub, exported, dto_source, id) VALUES ('09op2vjr1caizzhfe48wvlnhsbjanu73NM200904120000000000000000000030', 'xn77dacbyn1w3inlbazexebgq0earmah', 'com.runwaysdk.system.scheduler', 'JobHistoryRecordController', NULL, NULL, NULL, 1, NULL, 'xn77dacbyn1w3inlbazexebgq0earmahNM200810110000000000000000000112');
INSERT INTO metadata ( description, created_by, owner, id, create_date, seq, type, remove, site_master, locked_by, entity_domain, last_updated_by, last_update_date, key_name) VALUES ('2fd6ae4f78gvhtd0f3b9gzkdkulfml0nNM200904120000000000000000000030', '0000000000000000000000000000001000000000000000000000000000000003', '0000000000000000000000000000001000000000000000000000000000000003', 'xn77dacbyn1w3inlbazexebgq0earmahNM200810110000000000000000000112', '2014-01-15 15:41:39', 4673, 'com.runwaysdk.system.metadata.MdController', 1, 'www.runwaysdk.com', NULL, NULL, '0000000000000000000000000000001000000000000000000000000000000003', '2014-01-15 15:41:39', 'com.runwaysdk.system.scheduler.JobHistoryRecordController');
INSERT INTO metadata_display_label ( default_locale, id, site_master, key_name) VALUES ('View Page', '0o1ksn600f4ezfm88dz4uabr5hbk8iiuNM200904120000000000000000000030', 'www.runwaysdk.com', '0o1ksn600f4ezfm88dz4uabr5hbk8iiuNM200904120000000000000000000030');
INSERT INTO metadata_display_label ( default_locale, id, site_master, key_name) VALUES ('Loads a ViewAll query for a specific page into the request object', '8spg9shw3vjw4hwkgrtgs8dimv3f8ynaNM200904120000000000000000000030', 'www.runwaysdk.com', '8spg9shw3vjw4hwkgrtgs8dimv3f8ynaNM200904120000000000000000000030');
INSERT INTO md_action ( is_query, enclosing_md_controller, is_post, action_name, display_label, id) VALUES (1, 'xn77dacbyn1w3inlbazexebgq0earmahNM200810110000000000000000000112', 0, 'viewPage', '0o1ksn600f4ezfm88dz4uabr5hbk8iiuNM200904120000000000000000000030', 'xqcsc84wqh2xntwzhfswa8qvdxu321olNM200810110000000000000000000113');
INSERT INTO metadata ( description, created_by, owner, id, create_date, seq, type, remove, site_master, locked_by, entity_domain, last_updated_by, last_update_date, key_name) VALUES ('8spg9shw3vjw4hwkgrtgs8dimv3f8ynaNM200904120000000000000000000030', '0000000000000000000000000000001000000000000000000000000000000003', '0000000000000000000000000000001000000000000000000000000000000003', 'xqcsc84wqh2xntwzhfswa8qvdxu321olNM200810110000000000000000000113', '2014-01-15 15:41:39', 4674, 'com.runwaysdk.system.metadata.MdAction', 1, 'www.runwaysdk.com', NULL, NULL, '0000000000000000000000000000001000000000000000000000000000000003', '2014-01-15 15:41:39', 'com.runwaysdk.system.scheduler.JobHistoryRecordController.viewPage');
INSERT INTO controller_action ( key_name, locked_by, id, owner, entity_domain, created_by, type, last_update_date, create_date, seq, last_updated_by, site_master, parent_id, child_id) VALUES ('com.runwaysdk.system.scheduler.JobHistoryRecordController.viewPage', NULL, 'z3mqwgs2rdwbckvxvgcx26cvc9anbs36JS200807230000000000000000111111', '0000000000000000000000000000001000000000000000000000000000000003', NULL, '0000000000000000000000000000001000000000000000000000000000000003', 'com.runwaysdk.system.ControllerAction', '2014-01-15 15:41:39', '2014-01-15 15:41:39', 4675, '0000000000000000000000000000001000000000000000000000000000000003', 'www.runwaysdk.com', 'xn77dacbyn1w3inlbazexebgq0earmahNM200810110000000000000000000112', 'xqcsc84wqh2xntwzhfswa8qvdxu321olNM200810110000000000000000000113');
INSERT INTO metadata_display_label ( default_locale, id, site_master, key_name) VALUES ('Sort Attribute', 'r3ohvw0i7321ndcgnlq6o7mujuogbzg9NM200904120000000000000000000030', 'www.runwaysdk.com', 'r3ohvw0i7321ndcgnlq6o7mujuogbzg9NM200904120000000000000000000030');
INSERT INTO metadata_display_label ( default_locale, id, site_master, key_name) VALUES (NULL, '0gcrxq4cd1uxc6dm2he0lpgaf5a3pmj8NM200904120000000000000000000030', 'www.runwaysdk.com', '0gcrxq4cd1uxc6dm2he0lpgaf5a3pmj8NM200904120000000000000000000030');
INSERT INTO md_parameter ( metadata, parameter_order, parameter_name, parameter_type, display_label, id) VALUES ('xqcsc84wqh2xntwzhfswa8qvdxu321olNM200810110000000000000000000113', -4, 'sortAttribute', 'java.lang.String', 'r3ohvw0i7321ndcgnlq6o7mujuogbzg9NM200904120000000000000000000030', 'xvhhoz20wpi9p9bgvm5otie8vpr2n8hs20070427JS0000000000000000001517');
INSERT INTO metadata ( description, created_by, owner, id, create_date, seq, type, remove, site_master, locked_by, entity_domain, last_updated_by, last_update_date, key_name) VALUES ('0gcrxq4cd1uxc6dm2he0lpgaf5a3pmj8NM200904120000000000000000000030', '0000000000000000000000000000001000000000000000000000000000000003', '0000000000000000000000000000001000000000000000000000000000000003', 'xvhhoz20wpi9p9bgvm5otie8vpr2n8hs20070427JS0000000000000000001517', '2014-01-15 15:41:39', 4676, 'com.runwaysdk.system.metadata.MdParameter', 1, 'www.runwaysdk.com', NULL, NULL, '0000000000000000000000000000001000000000000000000000000000000003', '2014-01-15 15:41:39', 'com.runwaysdk.system.scheduler.JobHistoryRecordController.viewPage.sortAttribute');
INSERT INTO metadata_parameter ( site_master, last_updated_by, create_date, seq, locked_by, entity_domain, created_by, type, last_update_date, key_name, owner, id, parent_id, child_id) VALUES ('www.runwaysdk.com', '0000000000000000000000000000001000000000000000000000000000000003', '2014-01-15 15:41:39', 4677, NULL, NULL, '0000000000000000000000000000001000000000000000000000000000000003', 'com.runwaysdk.system.MetadataParameter', '2014-01-15 15:41:39', 'com.runwaysdk.system.scheduler.JobHistoryRecordController.viewPage.sortAttribute', '0000000000000000000000000000001000000000000000000000000000000003', '0505qr9r6inu7q4efu42313u5alvch5520070427JS0000000000000000001524', 'xqcsc84wqh2xntwzhfswa8qvdxu321olNM200810110000000000000000000113', 'xvhhoz20wpi9p9bgvm5otie8vpr2n8hs20070427JS0000000000000000001517');
INSERT INTO metadata_display_label ( default_locale, id, site_master, key_name) VALUES ('Is Ascending', '07j0mt7jvliwrdzw54p7zh45pir9kd2kNM200904120000000000000000000030', 'www.runwaysdk.com', '07j0mt7jvliwrdzw54p7zh45pir9kd2kNM200904120000000000000000000030');
INSERT INTO metadata_display_label ( default_locale, id, site_master, key_name) VALUES (NULL, 'sqrd9821mym3ae8mkruxa0mqi1muvh9nNM200904120000000000000000000030', 'www.runwaysdk.com', 'sqrd9821mym3ae8mkruxa0mqi1muvh9nNM200904120000000000000000000030');
INSERT INTO md_parameter ( metadata, parameter_order, parameter_name, parameter_type, display_label, id) VALUES ('xqcsc84wqh2xntwzhfswa8qvdxu321olNM200810110000000000000000000113', -3, 'isAscending', 'java.lang.Boolean', '07j0mt7jvliwrdzw54p7zh45pir9kd2kNM200904120000000000000000000030', 'r5sw2zlsj1orcjsr0hd4tdngbot9j6nw20070427JS0000000000000000001517');
INSERT INTO metadata ( description, created_by, owner, id, create_date, seq, type, remove, site_master, locked_by, entity_domain, last_updated_by, last_update_date, key_name) VALUES ('sqrd9821mym3ae8mkruxa0mqi1muvh9nNM200904120000000000000000000030', '0000000000000000000000000000001000000000000000000000000000000003', '0000000000000000000000000000001000000000000000000000000000000003', 'r5sw2zlsj1orcjsr0hd4tdngbot9j6nw20070427JS0000000000000000001517', '2014-01-15 15:41:39', 4678, 'com.runwaysdk.system.metadata.MdParameter', 1, 'www.runwaysdk.com', NULL, NULL, '0000000000000000000000000000001000000000000000000000000000000003', '2014-01-15 15:41:39', 'com.runwaysdk.system.scheduler.JobHistoryRecordController.viewPage.isAscending');
INSERT INTO metadata_parameter ( site_master, last_updated_by, create_date, seq, locked_by, entity_domain, created_by, type, last_update_date, key_name, owner, id, parent_id, child_id) VALUES ('www.runwaysdk.com', '0000000000000000000000000000001000000000000000000000000000000003', '2014-01-15 15:41:39', 4679, NULL, NULL, '0000000000000000000000000000001000000000000000000000000000000003', 'com.runwaysdk.system.MetadataParameter', '2014-01-15 15:41:39', 'com.runwaysdk.system.scheduler.JobHistoryRecordController.viewPage.isAscending', '0000000000000000000000000000001000000000000000000000000000000003', 'qx6a14lq5rt3ad3q6u1riw5rp9fui03i20070427JS0000000000000000001524', 'xqcsc84wqh2xntwzhfswa8qvdxu321olNM200810110000000000000000000113', 'r5sw2zlsj1orcjsr0hd4tdngbot9j6nw20070427JS0000000000000000001517');
INSERT INTO metadata_display_label ( default_locale, id, site_master, key_name) VALUES ('Page Size', 'spapeg1pyg7oel24mpcn3y8q6wf9rno7NM200904120000000000000000000030', 'www.runwaysdk.com', 'spapeg1pyg7oel24mpcn3y8q6wf9rno7NM200904120000000000000000000030');
INSERT INTO metadata_display_label ( default_locale, id, site_master, key_name) VALUES (NULL, 'xgy0yxsop7ekqu4oulblke5f8vdxos69NM200904120000000000000000000030', 'www.runwaysdk.com', 'xgy0yxsop7ekqu4oulblke5f8vdxos69NM200904120000000000000000000030');
INSERT INTO md_parameter ( metadata, parameter_order, parameter_name, parameter_type, display_label, id) VALUES ('xqcsc84wqh2xntwzhfswa8qvdxu321olNM200810110000000000000000000113', -2, 'pageSize', 'java.lang.Integer', 'spapeg1pyg7oel24mpcn3y8q6wf9rno7NM200904120000000000000000000030', '26ecsa7b4k64mn9dyyfax7q668d1is5j20070427JS0000000000000000001517');
INSERT INTO metadata ( description, created_by, owner, id, create_date, seq, type, remove, site_master, locked_by, entity_domain, last_updated_by, last_update_date, key_name) VALUES ('xgy0yxsop7ekqu4oulblke5f8vdxos69NM200904120000000000000000000030', '0000000000000000000000000000001000000000000000000000000000000003', '0000000000000000000000000000001000000000000000000000000000000003', '26ecsa7b4k64mn9dyyfax7q668d1is5j20070427JS0000000000000000001517', '2014-01-15 15:41:39', 4680, 'com.runwaysdk.system.metadata.MdParameter', 1, 'www.runwaysdk.com', NULL, NULL, '0000000000000000000000000000001000000000000000000000000000000003', '2014-01-15 15:41:39', 'com.runwaysdk.system.scheduler.JobHistoryRecordController.viewPage.pageSize');
INSERT INTO metadata_parameter ( site_master, last_updated_by, create_date, seq, locked_by, entity_domain, created_by, type, last_update_date, key_name, owner, id, parent_id, child_id) VALUES ('www.runwaysdk.com', '0000000000000000000000000000001000000000000000000000000000000003', '2014-01-15 15:41:39', 4681, NULL, NULL, '0000000000000000000000000000001000000000000000000000000000000003', 'com.runwaysdk.system.MetadataParameter', '2014-01-15 15:41:39', 'com.runwaysdk.system.scheduler.JobHistoryRecordController.viewPage.pageSize', '0000000000000000000000000000001000000000000000000000000000000003', '1s8zk3dv0d4ar7ixahp6l8v96uoqcfws20070427JS0000000000000000001524', 'xqcsc84wqh2xntwzhfswa8qvdxu321olNM200810110000000000000000000113', '26ecsa7b4k64mn9dyyfax7q668d1is5j20070427JS0000000000000000001517');
INSERT INTO metadata_display_label ( default_locale, id, site_master, key_name) VALUES ('Page Number', '8oj6b50d6i54t18twhm6lwnj91mss6scNM200904120000000000000000000030', 'www.runwaysdk.com', '8oj6b50d6i54t18twhm6lwnj91mss6scNM200904120000000000000000000030');
INSERT INTO metadata_display_label ( default_locale, id, site_master, key_name) VALUES (NULL, '02r4ghqv5j50p5rlwtw676383znmnks0NM200904120000000000000000000030', 'www.runwaysdk.com', '02r4ghqv5j50p5rlwtw676383znmnks0NM200904120000000000000000000030');
INSERT INTO md_parameter ( metadata, parameter_order, parameter_name, parameter_type, display_label, id) VALUES ('xqcsc84wqh2xntwzhfswa8qvdxu321olNM200810110000000000000000000113', -1, 'pageNumber', 'java.lang.Integer', '8oj6b50d6i54t18twhm6lwnj91mss6scNM200904120000000000000000000030', 'z7bre26biz8eg3izacvu4tovr0vkz9oa20070427JS0000000000000000001517');
INSERT INTO metadata ( description, created_by, owner, id, create_date, seq, type, remove, site_master, locked_by, entity_domain, last_updated_by, last_update_date, key_name) VALUES ('02r4ghqv5j50p5rlwtw676383znmnks0NM200904120000000000000000000030', '0000000000000000000000000000001000000000000000000000000000000003', '0000000000000000000000000000001000000000000000000000000000000003', 'z7bre26biz8eg3izacvu4tovr0vkz9oa20070427JS0000000000000000001517', '2014-01-15 15:41:39', 4682, 'com.runwaysdk.system.metadata.MdParameter', 1, 'www.runwaysdk.com', NULL, NULL, '0000000000000000000000000000001000000000000000000000000000000003', '2014-01-15 15:41:39', 'com.runwaysdk.system.scheduler.JobHistoryRecordController.viewPage.pageNumber');
INSERT INTO metadata_parameter ( site_master, last_updated_by, create_date, seq, locked_by, entity_domain, created_by, type, last_update_date, key_name, owner, id, parent_id, child_id) VALUES ('www.runwaysdk.com', '0000000000000000000000000000001000000000000000000000000000000003', '2014-01-15 15:41:39', 4683, NULL, NULL, '0000000000000000000000000000001000000000000000000000000000000003', 'com.runwaysdk.system.MetadataParameter', '2014-01-15 15:41:39', 'com.runwaysdk.system.scheduler.JobHistoryRecordController.viewPage.pageNumber', '0000000000000000000000000000001000000000000000000000000000000003', 'r1wowjede3hn11abdupamwt3lus5ato220070427JS0000000000000000001524', 'xqcsc84wqh2xntwzhfswa8qvdxu321olNM200810110000000000000000000113', 'z7bre26biz8eg3izacvu4tovr0vkz9oa20070427JS0000000000000000001517');
INSERT INTO metadata_display_label ( default_locale, id, site_master, key_name) VALUES ('View All', 'sv89hv4sxmhwphajyu5osvjkjks77wzgNM200904120000000000000000000030', 'www.runwaysdk.com', 'sv89hv4sxmhwphajyu5osvjkjks77wzgNM200904120000000000000000000030');
INSERT INTO metadata_display_label ( default_locale, id, site_master, key_name) VALUES ('Loads a ViewAll query with the default settings', '6uaxktdftla0ln6aeo6jl76lty6f7hj1NM200904120000000000000000000030', 'www.runwaysdk.com', '6uaxktdftla0ln6aeo6jl76lty6f7hj1NM200904120000000000000000000030');
INSERT INTO md_action ( is_query, enclosing_md_controller, is_post, action_name, display_label, id) VALUES (0, 'xn77dacbyn1w3inlbazexebgq0earmahNM200810110000000000000000000112', 0, 'viewAll', 'sv89hv4sxmhwphajyu5osvjkjks77wzgNM200904120000000000000000000030', '91qewdf20jzihdvtj1crfoa0w8vjb08yNM200810110000000000000000000113');
INSERT INTO metadata ( description, created_by, owner, id, create_date, seq, type, remove, site_master, locked_by, entity_domain, last_updated_by, last_update_date, key_name) VALUES ('6uaxktdftla0ln6aeo6jl76lty6f7hj1NM200904120000000000000000000030', '0000000000000000000000000000001000000000000000000000000000000003', '0000000000000000000000000000001000000000000000000000000000000003', '91qewdf20jzihdvtj1crfoa0w8vjb08yNM200810110000000000000000000113', '2014-01-15 15:41:39', 4684, 'com.runwaysdk.system.metadata.MdAction', 1, 'www.runwaysdk.com', NULL, NULL, '0000000000000000000000000000001000000000000000000000000000000003', '2014-01-15 15:41:39', 'com.runwaysdk.system.scheduler.JobHistoryRecordController.viewAll');
INSERT INTO controller_action ( key_name, locked_by, id, owner, entity_domain, created_by, type, last_update_date, create_date, seq, last_updated_by, site_master, parent_id, child_id) VALUES ('com.runwaysdk.system.scheduler.JobHistoryRecordController.viewAll', NULL, '747sgmna9egquhv5jpwwqh7q06ybgzkgJS200807230000000000000000111111', '0000000000000000000000000000001000000000000000000000000000000003', NULL, '0000000000000000000000000000001000000000000000000000000000000003', 'com.runwaysdk.system.ControllerAction', '2014-01-15 15:41:39', '2014-01-15 15:41:39', 4685, '0000000000000000000000000000001000000000000000000000000000000003', 'www.runwaysdk.com', 'xn77dacbyn1w3inlbazexebgq0earmahNM200810110000000000000000000112', '91qewdf20jzihdvtj1crfoa0w8vjb08yNM200810110000000000000000000113');
INSERT INTO metadata_display_label ( default_locale, id, site_master, key_name) VALUES ('View', 'ziq55dpireb1un78o9tds7aiethp0bb1NM200904120000000000000000000030', 'www.runwaysdk.com', 'ziq55dpireb1un78o9tds7aiethp0bb1NM200904120000000000000000000030');
INSERT INTO metadata_display_label ( default_locale, id, site_master, key_name) VALUES ('View an existing instance of com.runwaysdk.system.scheduler.JobHistoryRecord', '8xtdvukfjelzz58i9r4wzjefwhx54uwxNM200904120000000000000000000030', 'www.runwaysdk.com', '8xtdvukfjelzz58i9r4wzjefwhx54uwxNM200904120000000000000000000030');
INSERT INTO md_action ( is_query, enclosing_md_controller, is_post, action_name, display_label, id) VALUES (0, 'xn77dacbyn1w3inlbazexebgq0earmahNM200810110000000000000000000112', 0, 'view', 'ziq55dpireb1un78o9tds7aiethp0bb1NM200904120000000000000000000030', 'xc37fb1dc77tfsu664pm0l4l9vstbfelNM200810110000000000000000000113');
INSERT INTO metadata ( description, created_by, owner, id, create_date, seq, type, remove, site_master, locked_by, entity_domain, last_updated_by, last_update_date, key_name) VALUES ('8xtdvukfjelzz58i9r4wzjefwhx54uwxNM200904120000000000000000000030', '0000000000000000000000000000001000000000000000000000000000000003', '0000000000000000000000000000001000000000000000000000000000000003', 'xc37fb1dc77tfsu664pm0l4l9vstbfelNM200810110000000000000000000113', '2014-01-15 15:41:39', 4686, 'com.runwaysdk.system.metadata.MdAction', 1, 'www.runwaysdk.com', NULL, NULL, '0000000000000000000000000000001000000000000000000000000000000003', '2014-01-15 15:41:39', 'com.runwaysdk.system.scheduler.JobHistoryRecordController.view');
INSERT INTO controller_action ( key_name, locked_by, id, owner, entity_domain, created_by, type, last_update_date, create_date, seq, last_updated_by, site_master, parent_id, child_id) VALUES ('com.runwaysdk.system.scheduler.JobHistoryRecordController.view', NULL, 'qy3xe8sttaprqah5hkczu3kvc3be2p98JS200807230000000000000000111111', '0000000000000000000000000000001000000000000000000000000000000003', NULL, '0000000000000000000000000000001000000000000000000000000000000003', 'com.runwaysdk.system.ControllerAction', '2014-01-15 15:41:39', '2014-01-15 15:41:39', 4687, '0000000000000000000000000000001000000000000000000000000000000003', 'www.runwaysdk.com', 'xn77dacbyn1w3inlbazexebgq0earmahNM200810110000000000000000000112', 'xc37fb1dc77tfsu664pm0l4l9vstbfelNM200810110000000000000000000113');
INSERT INTO metadata_display_label ( default_locale, id, site_master, key_name) VALUES ('Parameter: com.runwaysdk.system.scheduler.JobHistoryRecord - id', 'y0ywrnk1xavech7mhpxlbj3jwls5h1ckNM200904120000000000000000000030', 'www.runwaysdk.com', 'y0ywrnk1xavech7mhpxlbj3jwls5h1ckNM200904120000000000000000000030');
INSERT INTO metadata_display_label ( default_locale, id, site_master, key_name) VALUES ('Id of com.runwaysdk.system.scheduler.JobHistoryRecord to view.', 'sew43p0c5u4p4f96oric2fni8vwiru4zNM200904120000000000000000000030', 'www.runwaysdk.com', 'sew43p0c5u4p4f96oric2fni8vwiru4zNM200904120000000000000000000030');
INSERT INTO md_parameter ( metadata, parameter_order, parameter_name, parameter_type, display_label, id) VALUES ('xc37fb1dc77tfsu664pm0l4l9vstbfelNM200810110000000000000000000113', 0, 'id', 'java.lang.String', 'y0ywrnk1xavech7mhpxlbj3jwls5h1ckNM200904120000000000000000000030', 'ra5q0oesonz3uz4e4wmdkf44wp6os0dw20070427JS0000000000000000001517');
INSERT INTO metadata ( description, created_by, owner, id, create_date, seq, type, remove, site_master, locked_by, entity_domain, last_updated_by, last_update_date, key_name) VALUES ('sew43p0c5u4p4f96oric2fni8vwiru4zNM200904120000000000000000000030', '0000000000000000000000000000001000000000000000000000000000000003', '0000000000000000000000000000001000000000000000000000000000000003', 'ra5q0oesonz3uz4e4wmdkf44wp6os0dw20070427JS0000000000000000001517', '2014-01-15 15:41:39', 4688, 'com.runwaysdk.system.metadata.MdParameter', 1, 'www.runwaysdk.com', NULL, NULL, '0000000000000000000000000000001000000000000000000000000000000003', '2014-01-15 15:41:39', 'com.runwaysdk.system.scheduler.JobHistoryRecordController.view.id');
INSERT INTO metadata_parameter ( site_master, last_updated_by, create_date, seq, locked_by, entity_domain, created_by, type, last_update_date, key_name, owner, id, parent_id, child_id) VALUES ('www.runwaysdk.com', '0000000000000000000000000000001000000000000000000000000000000003', '2014-01-15 15:41:39', 4689, NULL, NULL, '0000000000000000000000000000001000000000000000000000000000000003', 'com.runwaysdk.system.MetadataParameter', '2014-01-15 15:41:39', 'com.runwaysdk.system.scheduler.JobHistoryRecordController.view.id', '0000000000000000000000000000001000000000000000000000000000000003', '0lv9rj1k3u9kolc9t0pchbi7xuyqb2tg20070427JS0000000000000000001524', 'xc37fb1dc77tfsu664pm0l4l9vstbfelNM200810110000000000000000000113', 'ra5q0oesonz3uz4e4wmdkf44wp6os0dw20070427JS0000000000000000001517');
INSERT INTO metadata_display_label ( default_locale, id, site_master, key_name) VALUES ('New Instance', '78ds3auo18ws91xmv1nwhlcaisv04dptNM200904120000000000000000000030', 'www.runwaysdk.com', '78ds3auo18ws91xmv1nwhlcaisv04dptNM200904120000000000000000000030');
INSERT INTO metadata_display_label ( default_locale, id, site_master, key_name) VALUES ('Loads a new instance of com.runwaysdk.system.scheduler.JobHistoryRecord into the request object', 'z43zamq2cw7blqab4tt1ynprzp04hoqwNM200904120000000000000000000030', 'www.runwaysdk.com', 'z43zamq2cw7blqab4tt1ynprzp04hoqwNM200904120000000000000000000030');
INSERT INTO md_action ( is_query, enclosing_md_controller, is_post, action_name, display_label, id) VALUES (0, 'xn77dacbyn1w3inlbazexebgq0earmahNM200810110000000000000000000112', 1, 'newInstance', '78ds3auo18ws91xmv1nwhlcaisv04dptNM200904120000000000000000000030', '8tye4z8ny90ahyiax7fp0vbvqn0y7xt2NM200810110000000000000000000113');
INSERT INTO metadata ( description, created_by, owner, id, create_date, seq, type, remove, site_master, locked_by, entity_domain, last_updated_by, last_update_date, key_name) VALUES ('z43zamq2cw7blqab4tt1ynprzp04hoqwNM200904120000000000000000000030', '0000000000000000000000000000001000000000000000000000000000000003', '0000000000000000000000000000001000000000000000000000000000000003', '8tye4z8ny90ahyiax7fp0vbvqn0y7xt2NM200810110000000000000000000113', '2014-01-15 15:41:39', 4690, 'com.runwaysdk.system.metadata.MdAction', 1, 'www.runwaysdk.com', NULL, NULL, '0000000000000000000000000000001000000000000000000000000000000003', '2014-01-15 15:41:39', 'com.runwaysdk.system.scheduler.JobHistoryRecordController.newInstance');
INSERT INTO controller_action ( key_name, locked_by, id, owner, entity_domain, created_by, type, last_update_date, create_date, seq, last_updated_by, site_master, parent_id, child_id) VALUES ('com.runwaysdk.system.scheduler.JobHistoryRecordController.newInstance', NULL, '8nd2qgq8bm698wd4kikgskstc96f7nkhJS200807230000000000000000111111', '0000000000000000000000000000001000000000000000000000000000000003', NULL, '0000000000000000000000000000001000000000000000000000000000000003', 'com.runwaysdk.system.ControllerAction', '2014-01-15 15:41:39', '2014-01-15 15:41:39', 4691, '0000000000000000000000000000001000000000000000000000000000000003', 'www.runwaysdk.com', 'xn77dacbyn1w3inlbazexebgq0earmahNM200810110000000000000000000112', '8tye4z8ny90ahyiax7fp0vbvqn0y7xt2NM200810110000000000000000000113');
INSERT INTO metadata_display_label ( default_locale, id, site_master, key_name) VALUES ('Parent Parameter: com.runwaysdk.system.scheduler.JobHistoryRecord', '1x379u1euyceeapsm2tasph251k2pwc1NM200904120000000000000000000030', 'www.runwaysdk.com', '1x379u1euyceeapsm2tasph251k2pwc1NM200904120000000000000000000030');
INSERT INTO metadata_display_label ( default_locale, id, site_master, key_name) VALUES ('Id of the parent of the Relationship', 'x9dhk92wsbndj5elttnv1sek32gqtce8NM200904120000000000000000000030', 'www.runwaysdk.com', 'x9dhk92wsbndj5elttnv1sek32gqtce8NM200904120000000000000000000030');
INSERT INTO md_parameter ( metadata, parameter_order, parameter_name, parameter_type, display_label, id) VALUES ('8tye4z8ny90ahyiax7fp0vbvqn0y7xt2NM200810110000000000000000000113', 0, 'parentId', 'java.lang.String', '1x379u1euyceeapsm2tasph251k2pwc1NM200904120000000000000000000030', 'xlfsnwffc3oippy43ti3ico5ntmryqzh20070427JS0000000000000000001517');
INSERT INTO metadata ( description, created_by, owner, id, create_date, seq, type, remove, site_master, locked_by, entity_domain, last_updated_by, last_update_date, key_name) VALUES ('x9dhk92wsbndj5elttnv1sek32gqtce8NM200904120000000000000000000030', '0000000000000000000000000000001000000000000000000000000000000003', '0000000000000000000000000000001000000000000000000000000000000003', 'xlfsnwffc3oippy43ti3ico5ntmryqzh20070427JS0000000000000000001517', '2014-01-15 15:41:39', 4692, 'com.runwaysdk.system.metadata.MdParameter', 1, 'www.runwaysdk.com', NULL, NULL, '0000000000000000000000000000001000000000000000000000000000000003', '2014-01-15 15:41:39', 'com.runwaysdk.system.scheduler.JobHistoryRecordController.newInstance.parentId');
INSERT INTO metadata_parameter ( site_master, last_updated_by, create_date, seq, locked_by, entity_domain, created_by, type, last_update_date, key_name, owner, id, parent_id, child_id) VALUES ('www.runwaysdk.com', '0000000000000000000000000000001000000000000000000000000000000003', '2014-01-15 15:41:39', 4693, NULL, NULL, '0000000000000000000000000000001000000000000000000000000000000003', 'com.runwaysdk.system.MetadataParameter', '2014-01-15 15:41:39', 'com.runwaysdk.system.scheduler.JobHistoryRecordController.newInstance.parentId', '0000000000000000000000000000001000000000000000000000000000000003', 'z8xl9ooj1s4kwbn16cywq8duskwkm9cb20070427JS0000000000000000001524', '8tye4z8ny90ahyiax7fp0vbvqn0y7xt2NM200810110000000000000000000113', 'xlfsnwffc3oippy43ti3ico5ntmryqzh20070427JS0000000000000000001517');
INSERT INTO metadata_display_label ( default_locale, id, site_master, key_name) VALUES ('Child Parameter: com.runwaysdk.system.scheduler.JobHistoryRecord', 'r3hn9yo5q4iuvwb6ahsxjwqg02hbucyjNM200904120000000000000000000030', 'www.runwaysdk.com', 'r3hn9yo5q4iuvwb6ahsxjwqg02hbucyjNM200904120000000000000000000030');
INSERT INTO metadata_display_label ( default_locale, id, site_master, key_name) VALUES ('Child of the Relationship', '0slt3iqctylxhjumz6d7fplea1pj0bssNM200904120000000000000000000030', 'www.runwaysdk.com', '0slt3iqctylxhjumz6d7fplea1pj0bssNM200904120000000000000000000030');
INSERT INTO md_parameter ( metadata, parameter_order, parameter_name, parameter_type, display_label, id) VALUES ('8tye4z8ny90ahyiax7fp0vbvqn0y7xt2NM200810110000000000000000000113', 1, 'childId', 'java.lang.String', 'r3hn9yo5q4iuvwb6ahsxjwqg02hbucyjNM200904120000000000000000000030', '0mifojwdg12tok0gmimjzs11cjgrx7r620070427JS0000000000000000001517');
INSERT INTO metadata ( description, created_by, owner, id, create_date, seq, type, remove, site_master, locked_by, entity_domain, last_updated_by, last_update_date, key_name) VALUES ('0slt3iqctylxhjumz6d7fplea1pj0bssNM200904120000000000000000000030', '0000000000000000000000000000001000000000000000000000000000000003', '0000000000000000000000000000001000000000000000000000000000000003', '0mifojwdg12tok0gmimjzs11cjgrx7r620070427JS0000000000000000001517', '2014-01-15 15:41:39', 4694, 'com.runwaysdk.system.metadata.MdParameter', 1, 'www.runwaysdk.com', NULL, NULL, '0000000000000000000000000000001000000000000000000000000000000003', '2014-01-15 15:41:39', 'com.runwaysdk.system.scheduler.JobHistoryRecordController.newInstance.childId');
INSERT INTO metadata_parameter ( site_master, last_updated_by, create_date, seq, locked_by, entity_domain, created_by, type, last_update_date, key_name, owner, id, parent_id, child_id) VALUES ('www.runwaysdk.com', '0000000000000000000000000000001000000000000000000000000000000003', '2014-01-15 15:41:39', 4695, NULL, NULL, '0000000000000000000000000000001000000000000000000000000000000003', 'com.runwaysdk.system.MetadataParameter', '2014-01-15 15:41:39', 'com.runwaysdk.system.scheduler.JobHistoryRecordController.newInstance.childId', '0000000000000000000000000000001000000000000000000000000000000003', '763jnu36cfyufdkko6xjx5cq5e4op8ak20070427JS0000000000000000001524', '8tye4z8ny90ahyiax7fp0vbvqn0y7xt2NM200810110000000000000000000113', '0mifojwdg12tok0gmimjzs11cjgrx7r620070427JS0000000000000000001517');
INSERT INTO metadata_display_label ( default_locale, id, site_master, key_name) VALUES ('Create', '1t2lw23x9tqqjnnil64dn4o0u226gqifNM200904120000000000000000000030', 'www.runwaysdk.com', '1t2lw23x9tqqjnnil64dn4o0u226gqifNM200904120000000000000000000030');
INSERT INTO metadata_display_label ( default_locale, id, site_master, key_name) VALUES ('Applys a new instance of com.runwaysdk.system.scheduler.JobHistoryRecord', 'qpht2lium5llw1bada264pp60uwufqatNM200904120000000000000000000030', 'www.runwaysdk.com', 'qpht2lium5llw1bada264pp60uwufqatNM200904120000000000000000000030');
INSERT INTO md_action ( is_query, enclosing_md_controller, is_post, action_name, display_label, id) VALUES (0, 'xn77dacbyn1w3inlbazexebgq0earmahNM200810110000000000000000000112', 1, 'create', '1t2lw23x9tqqjnnil64dn4o0u226gqifNM200904120000000000000000000030', 'xvx8m3jmap24oqdea20ree1d2tgu0d5iNM200810110000000000000000000113');
INSERT INTO metadata ( description, created_by, owner, id, create_date, seq, type, remove, site_master, locked_by, entity_domain, last_updated_by, last_update_date, key_name) VALUES ('qpht2lium5llw1bada264pp60uwufqatNM200904120000000000000000000030', '0000000000000000000000000000001000000000000000000000000000000003', '0000000000000000000000000000001000000000000000000000000000000003', 'xvx8m3jmap24oqdea20ree1d2tgu0d5iNM200810110000000000000000000113', '2014-01-15 15:41:39', 4696, 'com.runwaysdk.system.metadata.MdAction', 1, 'www.runwaysdk.com', NULL, NULL, '0000000000000000000000000000001000000000000000000000000000000003', '2014-01-15 15:41:39', 'com.runwaysdk.system.scheduler.JobHistoryRecordController.create');
INSERT INTO controller_action ( key_name, locked_by, id, owner, entity_domain, created_by, type, last_update_date, create_date, seq, last_updated_by, site_master, parent_id, child_id) VALUES ('com.runwaysdk.system.scheduler.JobHistoryRecordController.create', NULL, '2bfrhid4458jqtc6k7l6aepijuz8swg6JS200807230000000000000000111111', '0000000000000000000000000000001000000000000000000000000000000003', NULL, '0000000000000000000000000000001000000000000000000000000000000003', 'com.runwaysdk.system.ControllerAction', '2014-01-15 15:41:39', '2014-01-15 15:41:39', 4697, '0000000000000000000000000000001000000000000000000000000000000003', 'www.runwaysdk.com', 'xn77dacbyn1w3inlbazexebgq0earmahNM200810110000000000000000000112', 'xvx8m3jmap24oqdea20ree1d2tgu0d5iNM200810110000000000000000000113');
INSERT INTO metadata_display_label ( default_locale, id, site_master, key_name) VALUES ('Parameter: com.runwaysdk.system.scheduler.JobHistoryRecord', '8fog3s8p644r3zi53csvvqwmxdv37qkfNM200904120000000000000000000030', 'www.runwaysdk.com', '8fog3s8p644r3zi53csvvqwmxdv37qkfNM200904120000000000000000000030');
INSERT INTO metadata_display_label ( default_locale, id, site_master, key_name) VALUES ('com.runwaysdk.system.scheduler.JobHistoryRecord to apply to the database', 'r11av1v7a97zohhvzxpsrxg8eybbv0wtNM200904120000000000000000000030', 'www.runwaysdk.com', 'r11av1v7a97zohhvzxpsrxg8eybbv0wtNM200904120000000000000000000030');
INSERT INTO md_parameter ( metadata, parameter_order, parameter_name, parameter_type, display_label, id) VALUES ('xvx8m3jmap24oqdea20ree1d2tgu0d5iNM200810110000000000000000000113', 0, 'dto', 'com.runwaysdk.system.scheduler.JobHistoryRecord', '8fog3s8p644r3zi53csvvqwmxdv37qkfNM200904120000000000000000000030', 'sexf32etmiavh31ammol83tkur64yay520070427JS0000000000000000001517');
INSERT INTO metadata ( description, created_by, owner, id, create_date, seq, type, remove, site_master, locked_by, entity_domain, last_updated_by, last_update_date, key_name) VALUES ('r11av1v7a97zohhvzxpsrxg8eybbv0wtNM200904120000000000000000000030', '0000000000000000000000000000001000000000000000000000000000000003', '0000000000000000000000000000001000000000000000000000000000000003', 'sexf32etmiavh31ammol83tkur64yay520070427JS0000000000000000001517', '2014-01-15 15:41:39', 4698, 'com.runwaysdk.system.metadata.MdParameter', 1, 'www.runwaysdk.com', NULL, NULL, '0000000000000000000000000000001000000000000000000000000000000003', '2014-01-15 15:41:39', 'com.runwaysdk.system.scheduler.JobHistoryRecordController.create.dto');
INSERT INTO metadata_parameter ( site_master, last_updated_by, create_date, seq, locked_by, entity_domain, created_by, type, last_update_date, key_name, owner, id, parent_id, child_id) VALUES ('www.runwaysdk.com', '0000000000000000000000000000001000000000000000000000000000000003', '2014-01-15 15:41:39', 4699, NULL, NULL, '0000000000000000000000000000001000000000000000000000000000000003', 'com.runwaysdk.system.MetadataParameter', '2014-01-15 15:41:39', 'com.runwaysdk.system.scheduler.JobHistoryRecordController.create.dto', '0000000000000000000000000000001000000000000000000000000000000003', '00pqayxjdxxwnekgkm7d344z0y7rkr8u20070427JS0000000000000000001524', 'xvx8m3jmap24oqdea20ree1d2tgu0d5iNM200810110000000000000000000113', 'sexf32etmiavh31ammol83tkur64yay520070427JS0000000000000000001517');
INSERT INTO metadata_display_label ( default_locale, id, site_master, key_name) VALUES ('edit', '91z0vcgvlrnxwmcn5lcjj8f1y8wvfzp0NM200904120000000000000000000030', 'www.runwaysdk.com', '91z0vcgvlrnxwmcn5lcjj8f1y8wvfzp0NM200904120000000000000000000030');
INSERT INTO metadata_display_label ( default_locale, id, site_master, key_name) VALUES ('Applys an existing instance of com.runwaysdk.system.scheduler.JobHistoryRecord', 'yzbxrkb8q5fycqz3jwwsqsnw1q1jkphzNM200904120000000000000000000030', 'www.runwaysdk.com', 'yzbxrkb8q5fycqz3jwwsqsnw1q1jkphzNM200904120000000000000000000030');
INSERT INTO md_action ( is_query, enclosing_md_controller, is_post, action_name, display_label, id) VALUES (0, 'xn77dacbyn1w3inlbazexebgq0earmahNM200810110000000000000000000112', 0, 'edit', '91z0vcgvlrnxwmcn5lcjj8f1y8wvfzp0NM200904120000000000000000000030', '070vgmo1kvs48no0fkkwzvbhwsdqfndmNM200810110000000000000000000113');
INSERT INTO metadata ( description, created_by, owner, id, create_date, seq, type, remove, site_master, locked_by, entity_domain, last_updated_by, last_update_date, key_name) VALUES ('yzbxrkb8q5fycqz3jwwsqsnw1q1jkphzNM200904120000000000000000000030', '0000000000000000000000000000001000000000000000000000000000000003', '0000000000000000000000000000001000000000000000000000000000000003', '070vgmo1kvs48no0fkkwzvbhwsdqfndmNM200810110000000000000000000113', '2014-01-15 15:41:39', 4700, 'com.runwaysdk.system.metadata.MdAction', 1, 'www.runwaysdk.com', NULL, NULL, '0000000000000000000000000000001000000000000000000000000000000003', '2014-01-15 15:41:39', 'com.runwaysdk.system.scheduler.JobHistoryRecordController.edit');
INSERT INTO controller_action ( key_name, locked_by, id, owner, entity_domain, created_by, type, last_update_date, create_date, seq, last_updated_by, site_master, parent_id, child_id) VALUES ('com.runwaysdk.system.scheduler.JobHistoryRecordController.edit', NULL, '7ddx9pog0ehjubzy8mh81ebz79lz4rw2JS200807230000000000000000111111', '0000000000000000000000000000001000000000000000000000000000000003', NULL, '0000000000000000000000000000001000000000000000000000000000000003', 'com.runwaysdk.system.ControllerAction', '2014-01-15 15:41:39', '2014-01-15 15:41:39', 4701, '0000000000000000000000000000001000000000000000000000000000000003', 'www.runwaysdk.com', 'xn77dacbyn1w3inlbazexebgq0earmahNM200810110000000000000000000112', '070vgmo1kvs48no0fkkwzvbhwsdqfndmNM200810110000000000000000000113');
INSERT INTO metadata_display_label ( default_locale, id, site_master, key_name) VALUES ('Parameter: com.runwaysdk.system.scheduler.JobHistoryRecord', 'z4vszwr68vbriejgr3e6lvbi92v9ef1tNM200904120000000000000000000030', 'www.runwaysdk.com', 'z4vszwr68vbriejgr3e6lvbi92v9ef1tNM200904120000000000000000000030');
INSERT INTO metadata_display_label ( default_locale, id, site_master, key_name) VALUES ('com.runwaysdk.system.scheduler.JobHistoryRecord to apply to the database', 'ra30gmhusv22fxnqmpx5rkymcm8t8if6NM200904120000000000000000000030', 'www.runwaysdk.com', 'ra30gmhusv22fxnqmpx5rkymcm8t8if6NM200904120000000000000000000030');
INSERT INTO md_parameter ( metadata, parameter_order, parameter_name, parameter_type, display_label, id) VALUES ('070vgmo1kvs48no0fkkwzvbhwsdqfndmNM200810110000000000000000000113', 0, 'id', 'java.lang.String', 'z4vszwr68vbriejgr3e6lvbi92v9ef1tNM200904120000000000000000000030', '8ocku26t0f9xf5i93jvog4ql6nqb4gdn20070427JS0000000000000000001517');
INSERT INTO metadata ( description, created_by, owner, id, create_date, seq, type, remove, site_master, locked_by, entity_domain, last_updated_by, last_update_date, key_name) VALUES ('ra30gmhusv22fxnqmpx5rkymcm8t8if6NM200904120000000000000000000030', '0000000000000000000000000000001000000000000000000000000000000003', '0000000000000000000000000000001000000000000000000000000000000003', '8ocku26t0f9xf5i93jvog4ql6nqb4gdn20070427JS0000000000000000001517', '2014-01-15 15:41:39', 4702, 'com.runwaysdk.system.metadata.MdParameter', 1, 'www.runwaysdk.com', NULL, NULL, '0000000000000000000000000000001000000000000000000000000000000003', '2014-01-15 15:41:39', 'com.runwaysdk.system.scheduler.JobHistoryRecordController.edit.id');
INSERT INTO metadata_parameter ( site_master, last_updated_by, create_date, seq, locked_by, entity_domain, created_by, type, last_update_date, key_name, owner, id, parent_id, child_id) VALUES ('www.runwaysdk.com', '0000000000000000000000000000001000000000000000000000000000000003', '2014-01-15 15:41:39', 4703, NULL, NULL, '0000000000000000000000000000001000000000000000000000000000000003', 'com.runwaysdk.system.MetadataParameter', '2014-01-15 15:41:39', 'com.runwaysdk.system.scheduler.JobHistoryRecordController.edit.id', '0000000000000000000000000000001000000000000000000000000000000003', 'r0d9s15dczi30xuxx8y53s8fv303hlcg20070427JS0000000000000000001524', '070vgmo1kvs48no0fkkwzvbhwsdqfndmNM200810110000000000000000000113', '8ocku26t0f9xf5i93jvog4ql6nqb4gdn20070427JS0000000000000000001517');
INSERT INTO metadata_display_label ( default_locale, id, site_master, key_name) VALUES ('update', 'qplmun7d9wn9wbyf38sdnn50b3nncm28NM200904120000000000000000000030', 'www.runwaysdk.com', 'qplmun7d9wn9wbyf38sdnn50b3nncm28NM200904120000000000000000000030');
INSERT INTO metadata_display_label ( default_locale, id, site_master, key_name) VALUES ('Applys an existing instance of com.runwaysdk.system.scheduler.JobHistoryRecord', 'rc4vo047spjxfwqqoq8eixtaoo2ryjiaNM200904120000000000000000000030', 'www.runwaysdk.com', 'rc4vo047spjxfwqqoq8eixtaoo2ryjiaNM200904120000000000000000000030');
INSERT INTO md_action ( is_query, enclosing_md_controller, is_post, action_name, display_label, id) VALUES (0, 'xn77dacbyn1w3inlbazexebgq0earmahNM200810110000000000000000000112', 1, 'update', 'qplmun7d9wn9wbyf38sdnn50b3nncm28NM200904120000000000000000000030', 'xkots798bxnkl2bqslg0xife1hhrgfhiNM200810110000000000000000000113');
INSERT INTO metadata ( description, created_by, owner, id, create_date, seq, type, remove, site_master, locked_by, entity_domain, last_updated_by, last_update_date, key_name) VALUES ('rc4vo047spjxfwqqoq8eixtaoo2ryjiaNM200904120000000000000000000030', '0000000000000000000000000000001000000000000000000000000000000003', '0000000000000000000000000000001000000000000000000000000000000003', 'xkots798bxnkl2bqslg0xife1hhrgfhiNM200810110000000000000000000113', '2014-01-15 15:41:39', 4704, 'com.runwaysdk.system.metadata.MdAction', 1, 'www.runwaysdk.com', NULL, NULL, '0000000000000000000000000000001000000000000000000000000000000003', '2014-01-15 15:41:39', 'com.runwaysdk.system.scheduler.JobHistoryRecordController.update');
INSERT INTO controller_action ( key_name, locked_by, id, owner, entity_domain, created_by, type, last_update_date, create_date, seq, last_updated_by, site_master, parent_id, child_id) VALUES ('com.runwaysdk.system.scheduler.JobHistoryRecordController.update', NULL, '26auk6eyoana8k89uvb1tnb0ndxtr4ifJS200807230000000000000000111111', '0000000000000000000000000000001000000000000000000000000000000003', NULL, '0000000000000000000000000000001000000000000000000000000000000003', 'com.runwaysdk.system.ControllerAction', '2014-01-15 15:41:39', '2014-01-15 15:41:39', 4705, '0000000000000000000000000000001000000000000000000000000000000003', 'www.runwaysdk.com', 'xn77dacbyn1w3inlbazexebgq0earmahNM200810110000000000000000000112', 'xkots798bxnkl2bqslg0xife1hhrgfhiNM200810110000000000000000000113');
INSERT INTO metadata_display_label ( default_locale, id, site_master, key_name) VALUES ('Parameter: com.runwaysdk.system.scheduler.JobHistoryRecord - dto', 's8xwpft1z2gyoiazlyv8258drfd1phjmNM200904120000000000000000000030', 'www.runwaysdk.com', 's8xwpft1z2gyoiazlyv8258drfd1phjmNM200904120000000000000000000030');
INSERT INTO metadata_display_label ( default_locale, id, site_master, key_name) VALUES ('com.runwaysdk.system.scheduler.JobHistoryRecord to apply to the database', 'xh5a5oqeqhxi0tci7a71hzqfgky6oa8pNM200904120000000000000000000030', 'www.runwaysdk.com', 'xh5a5oqeqhxi0tci7a71hzqfgky6oa8pNM200904120000000000000000000030');
INSERT INTO md_parameter ( metadata, parameter_order, parameter_name, parameter_type, display_label, id) VALUES ('xkots798bxnkl2bqslg0xife1hhrgfhiNM200810110000000000000000000113', 0, 'dto', 'com.runwaysdk.system.scheduler.JobHistoryRecord', 's8xwpft1z2gyoiazlyv8258drfd1phjmNM200904120000000000000000000030', 'xteyx42d8724ym4peu6fj5g90pjqcegg20070427JS0000000000000000001517');
INSERT INTO metadata ( description, created_by, owner, id, create_date, seq, type, remove, site_master, locked_by, entity_domain, last_updated_by, last_update_date, key_name) VALUES ('xh5a5oqeqhxi0tci7a71hzqfgky6oa8pNM200904120000000000000000000030', '0000000000000000000000000000001000000000000000000000000000000003', '0000000000000000000000000000001000000000000000000000000000000003', 'xteyx42d8724ym4peu6fj5g90pjqcegg20070427JS0000000000000000001517', '2014-01-15 15:41:39', 4706, 'com.runwaysdk.system.metadata.MdParameter', 1, 'www.runwaysdk.com', NULL, NULL, '0000000000000000000000000000001000000000000000000000000000000003', '2014-01-15 15:41:39', 'com.runwaysdk.system.scheduler.JobHistoryRecordController.update.dto');
INSERT INTO metadata_parameter ( site_master, last_updated_by, create_date, seq, locked_by, entity_domain, created_by, type, last_update_date, key_name, owner, id, parent_id, child_id) VALUES ('www.runwaysdk.com', '0000000000000000000000000000001000000000000000000000000000000003', '2014-01-15 15:41:39', 4707, NULL, NULL, '0000000000000000000000000000001000000000000000000000000000000003', 'com.runwaysdk.system.MetadataParameter', '2014-01-15 15:41:39', 'com.runwaysdk.system.scheduler.JobHistoryRecordController.update.dto', '0000000000000000000000000000001000000000000000000000000000000003', '8ewslh2x6hcmzdn8xmfmm5b80l6n23oi20070427JS0000000000000000001524', 'xkots798bxnkl2bqslg0xife1hhrgfhiNM200810110000000000000000000113', 'xteyx42d8724ym4peu6fj5g90pjqcegg20070427JS0000000000000000001517');
INSERT INTO metadata_display_label ( default_locale, id, site_master, key_name) VALUES ('cancel', '1zu6tbllg9a023sdgtabcjind0iibqosNM200904120000000000000000000030', 'www.runwaysdk.com', '1zu6tbllg9a023sdgtabcjind0iibqosNM200904120000000000000000000030');
INSERT INTO metadata_display_label ( default_locale, id, site_master, key_name) VALUES ('Unlocks an instance com.runwaysdk.system.scheduler.JobHistoryRecord', '6qbrbg83m2j1wrzifjau616g8fix592nNM200904120000000000000000000030', 'www.runwaysdk.com', '6qbrbg83m2j1wrzifjau616g8fix592nNM200904120000000000000000000030');
INSERT INTO md_action ( is_query, enclosing_md_controller, is_post, action_name, display_label, id) VALUES (0, 'xn77dacbyn1w3inlbazexebgq0earmahNM200810110000000000000000000112', 1, 'cancel', '1zu6tbllg9a023sdgtabcjind0iibqosNM200904120000000000000000000030', 'zanb3s46f5uhwnj6vu4gyyyjceolkbzbNM200810110000000000000000000113');
INSERT INTO metadata ( description, created_by, owner, id, create_date, seq, type, remove, site_master, locked_by, entity_domain, last_updated_by, last_update_date, key_name) VALUES ('6qbrbg83m2j1wrzifjau616g8fix592nNM200904120000000000000000000030', '0000000000000000000000000000001000000000000000000000000000000003', '0000000000000000000000000000001000000000000000000000000000000003', 'zanb3s46f5uhwnj6vu4gyyyjceolkbzbNM200810110000000000000000000113', '2014-01-15 15:41:39', 4708, 'com.runwaysdk.system.metadata.MdAction', 1, 'www.runwaysdk.com', NULL, NULL, '0000000000000000000000000000001000000000000000000000000000000003', '2014-01-15 15:41:39', 'com.runwaysdk.system.scheduler.JobHistoryRecordController.cancel');
INSERT INTO controller_action ( key_name, locked_by, id, owner, entity_domain, created_by, type, last_update_date, create_date, seq, last_updated_by, site_master, parent_id, child_id) VALUES ('com.runwaysdk.system.scheduler.JobHistoryRecordController.cancel', NULL, '1rkznyj56ukotk9fi4i0wqp1nmptgpl0JS200807230000000000000000111111', '0000000000000000000000000000001000000000000000000000000000000003', NULL, '0000000000000000000000000000001000000000000000000000000000000003', 'com.runwaysdk.system.ControllerAction', '2014-01-15 15:41:39', '2014-01-15 15:41:39', 4709, '0000000000000000000000000000001000000000000000000000000000000003', 'www.runwaysdk.com', 'xn77dacbyn1w3inlbazexebgq0earmahNM200810110000000000000000000112', 'zanb3s46f5uhwnj6vu4gyyyjceolkbzbNM200810110000000000000000000113');
INSERT INTO metadata_display_label ( default_locale, id, site_master, key_name) VALUES ('Parameter: com.runwaysdk.system.scheduler.JobHistoryRecord - dto', '6v2t15yhv1t4sffz0w7d2408ojbm5lesNM200904120000000000000000000030', 'www.runwaysdk.com', '6v2t15yhv1t4sffz0w7d2408ojbm5lesNM200904120000000000000000000030');
INSERT INTO metadata_display_label ( default_locale, id, site_master, key_name) VALUES ('com.runwaysdk.system.scheduler.JobHistoryRecord to unlock', 'suhwsaq5kxaw5o6936lg5leo1uthzlc6NM200904120000000000000000000030', 'www.runwaysdk.com', 'suhwsaq5kxaw5o6936lg5leo1uthzlc6NM200904120000000000000000000030');
INSERT INTO md_parameter ( metadata, parameter_order, parameter_name, parameter_type, display_label, id) VALUES ('zanb3s46f5uhwnj6vu4gyyyjceolkbzbNM200810110000000000000000000113', 0, 'dto', 'com.runwaysdk.system.scheduler.JobHistoryRecord', '6v2t15yhv1t4sffz0w7d2408ojbm5lesNM200904120000000000000000000030', 'stgf2p6a6a5gbwjbe00ng2csrnabcqad20070427JS0000000000000000001517');
INSERT INTO metadata ( description, created_by, owner, id, create_date, seq, type, remove, site_master, locked_by, entity_domain, last_updated_by, last_update_date, key_name) VALUES ('suhwsaq5kxaw5o6936lg5leo1uthzlc6NM200904120000000000000000000030', '0000000000000000000000000000001000000000000000000000000000000003', '0000000000000000000000000000001000000000000000000000000000000003', 'stgf2p6a6a5gbwjbe00ng2csrnabcqad20070427JS0000000000000000001517', '2014-01-15 15:41:39', 4710, 'com.runwaysdk.system.metadata.MdParameter', 1, 'www.runwaysdk.com', NULL, NULL, '0000000000000000000000000000001000000000000000000000000000000003', '2014-01-15 15:41:39', 'com.runwaysdk.system.scheduler.JobHistoryRecordController.cancel.dto');
INSERT INTO metadata_parameter ( site_master, last_updated_by, create_date, seq, locked_by, entity_domain, created_by, type, last_update_date, key_name, owner, id, parent_id, child_id) VALUES ('www.runwaysdk.com', '0000000000000000000000000000001000000000000000000000000000000003', '2014-01-15 15:41:39', 4711, NULL, NULL, '0000000000000000000000000000001000000000000000000000000000000003', 'com.runwaysdk.system.MetadataParameter', '2014-01-15 15:41:39', 'com.runwaysdk.system.scheduler.JobHistoryRecordController.cancel.dto', '0000000000000000000000000000001000000000000000000000000000000003', 'sus5pdt43cm3d3trg2jsos67owa0ca2z20070427JS0000000000000000001524', 'zanb3s46f5uhwnj6vu4gyyyjceolkbzbNM200810110000000000000000000113', 'stgf2p6a6a5gbwjbe00ng2csrnabcqad20070427JS0000000000000000001517');
INSERT INTO metadata_display_label ( default_locale, id, site_master, key_name) VALUES ('delete', 'rb3fbz1ohxhu7hqpd43f3068rwzk86ngNM200904120000000000000000000030', 'www.runwaysdk.com', 'rb3fbz1ohxhu7hqpd43f3068rwzk86ngNM200904120000000000000000000030');
INSERT INTO metadata_display_label ( default_locale, id, site_master, key_name) VALUES ('Delete an instance of com.runwaysdk.system.scheduler.JobHistoryRecord', '923h93eraskqdmtlkeoyv665ubwbygt3NM200904120000000000000000000030', 'www.runwaysdk.com', '923h93eraskqdmtlkeoyv665ubwbygt3NM200904120000000000000000000030');
INSERT INTO md_action ( is_query, enclosing_md_controller, is_post, action_name, display_label, id) VALUES (0, 'xn77dacbyn1w3inlbazexebgq0earmahNM200810110000000000000000000112', 1, 'delete', 'rb3fbz1ohxhu7hqpd43f3068rwzk86ngNM200904120000000000000000000030', '04m467bhu84vdus3u4g27d80jnhzc62gNM200810110000000000000000000113');
INSERT INTO metadata ( description, created_by, owner, id, create_date, seq, type, remove, site_master, locked_by, entity_domain, last_updated_by, last_update_date, key_name) VALUES ('923h93eraskqdmtlkeoyv665ubwbygt3NM200904120000000000000000000030', '0000000000000000000000000000001000000000000000000000000000000003', '0000000000000000000000000000001000000000000000000000000000000003', '04m467bhu84vdus3u4g27d80jnhzc62gNM200810110000000000000000000113', '2014-01-15 15:41:39', 4712, 'com.runwaysdk.system.metadata.MdAction', 1, 'www.runwaysdk.com', NULL, NULL, '0000000000000000000000000000001000000000000000000000000000000003', '2014-01-15 15:41:39', 'com.runwaysdk.system.scheduler.JobHistoryRecordController.delete');
INSERT INTO controller_action ( key_name, locked_by, id, owner, entity_domain, created_by, type, last_update_date, create_date, seq, last_updated_by, site_master, parent_id, child_id) VALUES ('com.runwaysdk.system.scheduler.JobHistoryRecordController.delete', NULL, '90vl52e614kpjlu9vtz4alf2lg4pkye1JS200807230000000000000000111111', '0000000000000000000000000000001000000000000000000000000000000003', NULL, '0000000000000000000000000000001000000000000000000000000000000003', 'com.runwaysdk.system.ControllerAction', '2014-01-15 15:41:39', '2014-01-15 15:41:39', 4713, '0000000000000000000000000000001000000000000000000000000000000003', 'www.runwaysdk.com', 'xn77dacbyn1w3inlbazexebgq0earmahNM200810110000000000000000000112', '04m467bhu84vdus3u4g27d80jnhzc62gNM200810110000000000000000000113');
INSERT INTO metadata_display_label ( default_locale, id, site_master, key_name) VALUES ('Parameter: com.runwaysdk.system.scheduler.JobHistoryRecord - dto', 'qp0o4rp2o3m1hu5bc0l6pz7md0vbewgcNM200904120000000000000000000030', 'www.runwaysdk.com', 'qp0o4rp2o3m1hu5bc0l6pz7md0vbewgcNM200904120000000000000000000030');
INSERT INTO metadata_display_label ( default_locale, id, site_master, key_name) VALUES ('com.runwaysdk.system.scheduler.JobHistoryRecord to delete', 'r8kuhctgg1j86yx0zydry79sg767wjaiNM200904120000000000000000000030', 'www.runwaysdk.com', 'r8kuhctgg1j86yx0zydry79sg767wjaiNM200904120000000000000000000030');
INSERT INTO md_parameter ( metadata, parameter_order, parameter_name, parameter_type, display_label, id) VALUES ('04m467bhu84vdus3u4g27d80jnhzc62gNM200810110000000000000000000113', 0, 'dto', 'com.runwaysdk.system.scheduler.JobHistoryRecord', 'qp0o4rp2o3m1hu5bc0l6pz7md0vbewgcNM200904120000000000000000000030', '1xaxzzbp3zqje3nk7zdfb2fo8wnr49qo20070427JS0000000000000000001517');
INSERT INTO metadata ( description, created_by, owner, id, create_date, seq, type, remove, site_master, locked_by, entity_domain, last_updated_by, last_update_date, key_name) VALUES ('r8kuhctgg1j86yx0zydry79sg767wjaiNM200904120000000000000000000030', '0000000000000000000000000000001000000000000000000000000000000003', '0000000000000000000000000000001000000000000000000000000000000003', '1xaxzzbp3zqje3nk7zdfb2fo8wnr49qo20070427JS0000000000000000001517', '2014-01-15 15:41:39', 4714, 'com.runwaysdk.system.metadata.MdParameter', 1, 'www.runwaysdk.com', NULL, NULL, '0000000000000000000000000000001000000000000000000000000000000003', '2014-01-15 15:41:39', 'com.runwaysdk.system.scheduler.JobHistoryRecordController.delete.dto');
INSERT INTO metadata_parameter ( site_master, last_updated_by, create_date, seq, locked_by, entity_domain, created_by, type, last_update_date, key_name, owner, id, parent_id, child_id) VALUES ('www.runwaysdk.com', '0000000000000000000000000000001000000000000000000000000000000003', '2014-01-15 15:41:39', 4715, NULL, NULL, '0000000000000000000000000000001000000000000000000000000000000003', 'com.runwaysdk.system.MetadataParameter', '2014-01-15 15:41:39', 'com.runwaysdk.system.scheduler.JobHistoryRecordController.delete.dto', '0000000000000000000000000000001000000000000000000000000000000003', '0o2olkmeybyvq328g8qkruf4apby88d920070427JS0000000000000000001524', '04m467bhu84vdus3u4g27d80jnhzc62gNM200810110000000000000000000113', '1xaxzzbp3zqje3nk7zdfb2fo8wnr49qo20070427JS0000000000000000001517');
INSERT INTO metadata_display_label ( default_locale, id, site_master, key_name) VALUES ('New Relationship', '7doyike4qbxglw5l13y34a0xher6h7kkNM200904120000000000000000000030', 'www.runwaysdk.com', '7doyike4qbxglw5l13y34a0xher6h7kkNM200904120000000000000000000030');
INSERT INTO metadata_display_label ( default_locale, id, site_master, key_name) VALUES ('Loads all relavent Parent and Child references into the request attribute for a new relationship', 'qzm6z87lns0d9zimhydec477fn8i3i9sNM200904120000000000000000000030', 'www.runwaysdk.com', 'qzm6z87lns0d9zimhydec477fn8i3i9sNM200904120000000000000000000030');
INSERT INTO md_action ( is_query, enclosing_md_controller, is_post, action_name, display_label, id) VALUES (0, 'xn77dacbyn1w3inlbazexebgq0earmahNM200810110000000000000000000112', 0, 'newRelationship', '7doyike4qbxglw5l13y34a0xher6h7kkNM200904120000000000000000000030', 'xv5pbzs37llejyney5a20i7d1r8t6qzmNM200810110000000000000000000113');
INSERT INTO metadata ( description, created_by, owner, id, create_date, seq, type, remove, site_master, locked_by, entity_domain, last_updated_by, last_update_date, key_name) VALUES ('qzm6z87lns0d9zimhydec477fn8i3i9sNM200904120000000000000000000030', '0000000000000000000000000000001000000000000000000000000000000003', '0000000000000000000000000000001000000000000000000000000000000003', 'xv5pbzs37llejyney5a20i7d1r8t6qzmNM200810110000000000000000000113', '2014-01-15 15:41:39', 4716, 'com.runwaysdk.system.metadata.MdAction', 1, 'www.runwaysdk.com', NULL, NULL, '0000000000000000000000000000001000000000000000000000000000000003', '2014-01-15 15:41:39', 'com.runwaysdk.system.scheduler.JobHistoryRecordController.newRelationship');
INSERT INTO controller_action ( key_name, locked_by, id, owner, entity_domain, created_by, type, last_update_date, create_date, seq, last_updated_by, site_master, parent_id, child_id) VALUES ('com.runwaysdk.system.scheduler.JobHistoryRecordController.newRelationship', NULL, 'r4o066btxhjbgtm82e0k1lrmpuw2ykcgJS200807230000000000000000111111', '0000000000000000000000000000001000000000000000000000000000000003', NULL, '0000000000000000000000000000001000000000000000000000000000000003', 'com.runwaysdk.system.ControllerAction', '2014-01-15 15:41:39', '2014-01-15 15:41:39', 4717, '0000000000000000000000000000001000000000000000000000000000000003', 'www.runwaysdk.com', 'xn77dacbyn1w3inlbazexebgq0earmahNM200810110000000000000000000112', 'xv5pbzs37llejyney5a20i7d1r8t6qzmNM200810110000000000000000000113');
INSERT INTO metadata_display_label ( default_locale, id, site_master, key_name) VALUES ('Parent Query', '8kslnk1uulmtta43nhie0ai890uj5yfiNM200904120000000000000000000030', 'www.runwaysdk.com', '8kslnk1uulmtta43nhie0ai890uj5yfiNM200904120000000000000000000030');
INSERT INTO metadata_display_label ( default_locale, id, site_master, key_name) VALUES (NULL, '8jx32tx0kjhhufi50wut99ey6k7alchpNM200904120000000000000000000030', 'www.runwaysdk.com', '8jx32tx0kjhhufi50wut99ey6k7alchpNM200904120000000000000000000030');
INSERT INTO md_action ( is_query, enclosing_md_controller, is_post, action_name, display_label, id) VALUES (0, 'xn77dacbyn1w3inlbazexebgq0earmahNM200810110000000000000000000112', 0, 'parentQuery', '8kslnk1uulmtta43nhie0ai890uj5yfiNM200904120000000000000000000030', '8u96zztbdj5e3dbmy8p95nm9nxpidsjlNM200810110000000000000000000113');
INSERT INTO metadata ( description, created_by, owner, id, create_date, seq, type, remove, site_master, locked_by, entity_domain, last_updated_by, last_update_date, key_name) VALUES ('8jx32tx0kjhhufi50wut99ey6k7alchpNM200904120000000000000000000030', '0000000000000000000000000000001000000000000000000000000000000003', '0000000000000000000000000000001000000000000000000000000000000003', '8u96zztbdj5e3dbmy8p95nm9nxpidsjlNM200810110000000000000000000113', '2014-01-15 15:41:39', 4718, 'com.runwaysdk.system.metadata.MdAction', 1, 'www.runwaysdk.com', NULL, NULL, '0000000000000000000000000000001000000000000000000000000000000003', '2014-01-15 15:41:39', 'com.runwaysdk.system.scheduler.JobHistoryRecordController.parentQuery');
INSERT INTO controller_action ( key_name, locked_by, id, owner, entity_domain, created_by, type, last_update_date, create_date, seq, last_updated_by, site_master, parent_id, child_id) VALUES ('com.runwaysdk.system.scheduler.JobHistoryRecordController.parentQuery', NULL, 'r9owbcbgn85gimt57f6rnf8hkeep5qy2JS200807230000000000000000111111', '0000000000000000000000000000001000000000000000000000000000000003', NULL, '0000000000000000000000000000001000000000000000000000000000000003', 'com.runwaysdk.system.ControllerAction', '2014-01-15 15:41:39', '2014-01-15 15:41:39', 4719, '0000000000000000000000000000001000000000000000000000000000000003', 'www.runwaysdk.com', 'xn77dacbyn1w3inlbazexebgq0earmahNM200810110000000000000000000112', '8u96zztbdj5e3dbmy8p95nm9nxpidsjlNM200810110000000000000000000113');
INSERT INTO metadata_display_label ( default_locale, id, site_master, key_name) VALUES ('Parent Parameter: com.runwaysdk.system.scheduler.JobHistoryRecord', '8l6fc0zisi1pe6rzk8a10lu8fahz11vkNM200904120000000000000000000030', 'www.runwaysdk.com', '8l6fc0zisi1pe6rzk8a10lu8fahz11vkNM200904120000000000000000000030');
INSERT INTO metadata_display_label ( default_locale, id, site_master, key_name) VALUES (NULL, '0mab74zhpye8d1sgv3dq7pwxdkwd4x9eNM200904120000000000000000000030', 'www.runwaysdk.com', '0mab74zhpye8d1sgv3dq7pwxdkwd4x9eNM200904120000000000000000000030');
INSERT INTO md_parameter ( metadata, parameter_order, parameter_name, parameter_type, display_label, id) VALUES ('8u96zztbdj5e3dbmy8p95nm9nxpidsjlNM200810110000000000000000000113', 0, 'parentId', 'java.lang.String', '8l6fc0zisi1pe6rzk8a10lu8fahz11vkNM200904120000000000000000000030', '29vmnle3jfmjwbh7pgbnjnfyt7d7110m20070427JS0000000000000000001517');
INSERT INTO metadata ( description, created_by, owner, id, create_date, seq, type, remove, site_master, locked_by, entity_domain, last_updated_by, last_update_date, key_name) VALUES ('0mab74zhpye8d1sgv3dq7pwxdkwd4x9eNM200904120000000000000000000030', '0000000000000000000000000000001000000000000000000000000000000003', '0000000000000000000000000000001000000000000000000000000000000003', '29vmnle3jfmjwbh7pgbnjnfyt7d7110m20070427JS0000000000000000001517', '2014-01-15 15:41:39', 4720, 'com.runwaysdk.system.metadata.MdParameter', 1, 'www.runwaysdk.com', NULL, NULL, '0000000000000000000000000000001000000000000000000000000000000003', '2014-01-15 15:41:39', 'com.runwaysdk.system.scheduler.JobHistoryRecordController.parentQuery.parentId');
INSERT INTO metadata_parameter ( site_master, last_updated_by, create_date, seq, locked_by, entity_domain, created_by, type, last_update_date, key_name, owner, id, parent_id, child_id) VALUES ('www.runwaysdk.com', '0000000000000000000000000000001000000000000000000000000000000003', '2014-01-15 15:41:39', 4721, NULL, NULL, '0000000000000000000000000000001000000000000000000000000000000003', 'com.runwaysdk.system.MetadataParameter', '2014-01-15 15:41:39', 'com.runwaysdk.system.scheduler.JobHistoryRecordController.parentQuery.parentId', '0000000000000000000000000000001000000000000000000000000000000003', 'shwlpl412tqsg9yic77zdqdphe99mn0k20070427JS0000000000000000001524', '8u96zztbdj5e3dbmy8p95nm9nxpidsjlNM200810110000000000000000000113', '29vmnle3jfmjwbh7pgbnjnfyt7d7110m20070427JS0000000000000000001517');
INSERT INTO metadata_display_label ( default_locale, id, site_master, key_name) VALUES ('Child Query', '04mqqxi5mscxywuqwgll92iai3qgt07vNM200904120000000000000000000030', 'www.runwaysdk.com', '04mqqxi5mscxywuqwgll92iai3qgt07vNM200904120000000000000000000030');
INSERT INTO metadata_display_label ( default_locale, id, site_master, key_name) VALUES ('Returns all instances of this relationship with the given child', '005nvcyyqqo9btqtlwv61uaq6j3agu86NM200904120000000000000000000030', 'www.runwaysdk.com', '005nvcyyqqo9btqtlwv61uaq6j3agu86NM200904120000000000000000000030');
INSERT INTO md_action ( is_query, enclosing_md_controller, is_post, action_name, display_label, id) VALUES (0, 'xn77dacbyn1w3inlbazexebgq0earmahNM200810110000000000000000000112', 0, 'childQuery', '04mqqxi5mscxywuqwgll92iai3qgt07vNM200904120000000000000000000030', 'swrdqrwj3g360kzj71u8iulonfcufmw2NM200810110000000000000000000113');
INSERT INTO metadata ( description, created_by, owner, id, create_date, seq, type, remove, site_master, locked_by, entity_domain, last_updated_by, last_update_date, key_name) VALUES ('005nvcyyqqo9btqtlwv61uaq6j3agu86NM200904120000000000000000000030', '0000000000000000000000000000001000000000000000000000000000000003', '0000000000000000000000000000001000000000000000000000000000000003', 'swrdqrwj3g360kzj71u8iulonfcufmw2NM200810110000000000000000000113', '2014-01-15 15:41:39', 4722, 'com.runwaysdk.system.metadata.MdAction', 1, 'www.runwaysdk.com', NULL, NULL, '0000000000000000000000000000001000000000000000000000000000000003', '2014-01-15 15:41:39', 'com.runwaysdk.system.scheduler.JobHistoryRecordController.childQuery');
INSERT INTO controller_action ( key_name, locked_by, id, owner, entity_domain, created_by, type, last_update_date, create_date, seq, last_updated_by, site_master, parent_id, child_id) VALUES ('com.runwaysdk.system.scheduler.JobHistoryRecordController.childQuery', NULL, 'zplux0ryvdbyjehewii0rvooxr0f6qvqJS200807230000000000000000111111', '0000000000000000000000000000001000000000000000000000000000000003', NULL, '0000000000000000000000000000001000000000000000000000000000000003', 'com.runwaysdk.system.ControllerAction', '2014-01-15 15:41:39', '2014-01-15 15:41:39', 4723, '0000000000000000000000000000001000000000000000000000000000000003', 'www.runwaysdk.com', 'xn77dacbyn1w3inlbazexebgq0earmahNM200810110000000000000000000112', 'swrdqrwj3g360kzj71u8iulonfcufmw2NM200810110000000000000000000113');
INSERT INTO metadata_display_label ( default_locale, id, site_master, key_name) VALUES ('Child Parameter: com.runwaysdk.system.scheduler.JobHistoryRecord', '8mc8xdabnm7pcnm20jvfkiobv03e9i0aNM200904120000000000000000000030', 'www.runwaysdk.com', '8mc8xdabnm7pcnm20jvfkiobv03e9i0aNM200904120000000000000000000030');
INSERT INTO metadata_display_label ( default_locale, id, site_master, key_name) VALUES ('Child of the Relationship', '0ltleh5t1jscydn97hyjtddqq4fehv49NM200904120000000000000000000030', 'www.runwaysdk.com', '0ltleh5t1jscydn97hyjtddqq4fehv49NM200904120000000000000000000030');
INSERT INTO md_parameter ( metadata, parameter_order, parameter_name, parameter_type, display_label, id) VALUES ('swrdqrwj3g360kzj71u8iulonfcufmw2NM200810110000000000000000000113', 1, 'childId', 'java.lang.String', '8mc8xdabnm7pcnm20jvfkiobv03e9i0aNM200904120000000000000000000030', '94kdqf2xow2ar5v69db4307bmv86mvs120070427JS0000000000000000001517');
INSERT INTO metadata ( description, created_by, owner, id, create_date, seq, type, remove, site_master, locked_by, entity_domain, last_updated_by, last_update_date, key_name) VALUES ('0ltleh5t1jscydn97hyjtddqq4fehv49NM200904120000000000000000000030', '0000000000000000000000000000001000000000000000000000000000000003', '0000000000000000000000000000001000000000000000000000000000000003', '94kdqf2xow2ar5v69db4307bmv86mvs120070427JS0000000000000000001517', '2014-01-15 15:41:39', 4724, 'com.runwaysdk.system.metadata.MdParameter', 1, 'www.runwaysdk.com', NULL, NULL, '0000000000000000000000000000001000000000000000000000000000000003', '2014-01-15 15:41:39', 'com.runwaysdk.system.scheduler.JobHistoryRecordController.childQuery.childId');
INSERT INTO metadata_parameter ( site_master, last_updated_by, create_date, seq, locked_by, entity_domain, created_by, type, last_update_date, key_name, owner, id, parent_id, child_id) VALUES ('www.runwaysdk.com', '0000000000000000000000000000001000000000000000000000000000000003', '2014-01-15 15:41:39', 4725, NULL, NULL, '0000000000000000000000000000001000000000000000000000000000000003', 'com.runwaysdk.system.MetadataParameter', '2014-01-15 15:41:39', 'com.runwaysdk.system.scheduler.JobHistoryRecordController.childQuery.childId', '0000000000000000000000000000001000000000000000000000000000000003', '23sa8cf0ibd3d95gz39bx1o0uxwwf57n20070427JS0000000000000000001524', 'swrdqrwj3g360kzj71u8iulonfcufmw2NM200810110000000000000000000113', '94kdqf2xow2ar5v69db4307bmv86mvs120070427JS0000000000000000001517');
