INSERT INTO metadata_display_label ( default_locale, id, site_master, key_name) VALUES ('Create Date', '8v9ct926lkwu5ufmgpvuq9japdcziypzNM200904120000000000000000000030', 'www.runwaysdk.com', '8v9ct926lkwu5ufmgpvuq9japdcziypzNM200904120000000000000000000030');
 INSERT INTO visibilitymodifier (set_id, item_id)  VALUES  ('z7g4un7sf8u0n57vmqmr0ivvorji3ehd', '20071109NM000000000000000000000520071109NM0000000000000000000001');
 INSERT INTO md_attribute_indicies (set_id, item_id)  VALUES  ('8eflzupufl3w6w75dr4ygac1tr8jdkhl', '0000000000000000000000000000040100000000000000000000000000000403');
INSERT INTO metadata_display_label ( default_locale, id, site_master, key_name) VALUES ('Date and time this record was created', '785u5b2ehuwxqhzzp6f2rmpuiaymnognNM200904120000000000000000000030', 'www.runwaysdk.com', '785u5b2ehuwxqhzzp6f2rmpuiaymnognNM200904120000000000000000000030');
INSERT INTO md_attribute_datetime ( default_value, id) VALUES (NULL, '76s065cajy4xomukr23mop1zde3xwpsf00000000000000000000000000000341');
INSERT INTO md_attribute_moment ( id) VALUES ('76s065cajy4xomukr23mop1zde3xwpsf00000000000000000000000000000341');
INSERT INTO md_attribute_primitive ( id) VALUES ('76s065cajy4xomukr23mop1zde3xwpsf00000000000000000000000000000341');
INSERT INTO md_attribute_concrete ( column_name, defining_md_class, setter_visibility, setter_visibility_c, immutable, index_name, generate_accessor, system, required, display_label, getter_visibility, getter_visibility_c, index_type, index_type_c, attribute_name, id) VALUES ('create_date', '8ya77a3aj7znismscud611um93ceeppp00000000000000000000000000000061', '8sotjwftjxws9llr5g7dnjvk0r2k2hey', '20071109NM000000000000000000000520071109NM0000000000000000000001', 0, 'a7ddpjbwzogd6b9twqzpzqaxd486yl', 1, 1, 1, '8v9ct926lkwu5ufmgpvuq9japdcziypzNM200904120000000000000000000030', 'z7g4un7sf8u0n57vmqmr0ivvorji3ehd', '20071109NM000000000000000000000520071109NM0000000000000000000001', '8eflzupufl3w6w75dr4ygac1tr8jdkhl', '0000000000000000000000000000040100000000000000000000000000000403', 'createDate', '76s065cajy4xomukr23mop1zde3xwpsf00000000000000000000000000000341');
INSERT INTO md_attribute ( id) VALUES ('76s065cajy4xomukr23mop1zde3xwpsf00000000000000000000000000000341');
INSERT INTO metadata ( description, created_by, owner, id, create_date, seq, type, remove, site_master, locked_by, entity_domain, last_updated_by, last_update_date, key_name) VALUES ('785u5b2ehuwxqhzzp6f2rmpuiaymnognNM200904120000000000000000000030', '0000000000000000000000000000001000000000000000000000000000000003', '0000000000000000000000000000001000000000000000000000000000000003', '76s065cajy4xomukr23mop1zde3xwpsf00000000000000000000000000000341', '2014-01-24 11:04:44', 4665, 'com.runwaysdk.system.metadata.MdAttributeDateTime', 0, 'www.runwaysdk.com', NULL, NULL, '0000000000000000000000000000001000000000000000000000000000000003', '2014-01-24 11:04:44', 'com.runwaysdk.system.scheduler.JobHistoryRecord.createDate');
ALTER TABLE job_history_record ADD COLUMN create_date  timestamp;
INSERT INTO class_attribute_concrete ( id, parent_id, child_id) VALUES ('1z4n9rt62bnzu13qxfrqfypzrylwoeby00000000000000000000000000000073', '8ya77a3aj7znismscud611um93ceeppp00000000000000000000000000000061', '76s065cajy4xomukr23mop1zde3xwpsf00000000000000000000000000000341');
INSERT INTO class_attribute ( id, parent_id, child_id) VALUES ('1z4n9rt62bnzu13qxfrqfypzrylwoeby00000000000000000000000000000073', '8ya77a3aj7znismscud611um93ceeppp00000000000000000000000000000061', '76s065cajy4xomukr23mop1zde3xwpsf00000000000000000000000000000341');
INSERT INTO metadata_relationship ( entity_domain, site_master, last_updated_by, id, owner, locked_by, create_date, type, created_by, seq, key_name, last_update_date, parent_id, child_id) VALUES (NULL, 'www.runwaysdk.com', '0000000000000000000000000000001000000000000000000000000000000003', '1z4n9rt62bnzu13qxfrqfypzrylwoeby00000000000000000000000000000073', '0000000000000000000000000000001000000000000000000000000000000003', NULL, '2014-01-24 11:04:44', 'com.runwaysdk.system.metadata.ClassAttributeConcrete', '0000000000000000000000000000001000000000000000000000000000000003', 4666, 'com.runwaysdk.system.scheduler.JobHistoryRecord.createDate', '2014-01-24 11:04:44', '8ya77a3aj7znismscud611um93ceeppp00000000000000000000000000000061', '76s065cajy4xomukr23mop1zde3xwpsf00000000000000000000000000000341');
 INSERT INTO visibilitymodifier (set_id, item_id)  VALUES  ('zer0ny3vlh38847qn9o0t4r3wf02fs47', '20071109NM000000000000000000000520071109NM0000000000000000000001');
INSERT INTO metadata_display_label ( default_locale, id, site_master, key_name) VALUES ('Owner', 'zemb7k3hsxkyv1a8pu7h2iwkkqukp96tNM200904120000000000000000000030', 'www.runwaysdk.com', 'zemb7k3hsxkyv1a8pu7h2iwkkqukp96tNM200904120000000000000000000030');
 INSERT INTO visibilitymodifier (set_id, item_id)  VALUES  ('zhk716uefp27wpcrvd49taoctfv0kp6j', '20071109NM000000000000000000000520071109NM0000000000000000000001');
 INSERT INTO md_attribute_indicies (set_id, item_id)  VALUES  ('05b95984l1jwov5u2guqv3zxxbugkn2a', '0000000000000000000000000000040000000000000000000000000000000403');
INSERT INTO metadata_display_label ( default_locale, id, site_master, key_name) VALUES ('A reference to the user who own this object', '21ub15qknufm9aie3t4zxhyx5e3rdzzhNM200904120000000000000000000030', 'www.runwaysdk.com', '21ub15qknufm9aie3t4zxhyx5e3rdzzhNM200904120000000000000000000030');
INSERT INTO md_attribute_reference ( default_value, md_business, id) VALUES (NULL, '0000000000000000000000000000051600000000000000000000000000000001', '0crimxpfjoqncojiqtcr4ubvxcanmk3b00000000000000000000000000000186');
INSERT INTO md_attribute_ref ( id) VALUES ('0crimxpfjoqncojiqtcr4ubvxcanmk3b00000000000000000000000000000186');
INSERT INTO md_attribute_concrete ( column_name, defining_md_class, setter_visibility, setter_visibility_c, immutable, index_name, generate_accessor, system, required, display_label, getter_visibility, getter_visibility_c, index_type, index_type_c, attribute_name, id) VALUES ('owner', '8ya77a3aj7znismscud611um93ceeppp00000000000000000000000000000061', 'zer0ny3vlh38847qn9o0t4r3wf02fs47', '20071109NM000000000000000000000520071109NM0000000000000000000001', 0, 'apkejec9r9y6wxvulx4tf25xcgy1ih', 1, 0, 1, 'zemb7k3hsxkyv1a8pu7h2iwkkqukp96tNM200904120000000000000000000030', 'zhk716uefp27wpcrvd49taoctfv0kp6j', '20071109NM000000000000000000000520071109NM0000000000000000000001', '05b95984l1jwov5u2guqv3zxxbugkn2a', '0000000000000000000000000000040000000000000000000000000000000403', 'owner', '0crimxpfjoqncojiqtcr4ubvxcanmk3b00000000000000000000000000000186');
INSERT INTO md_attribute ( id) VALUES ('0crimxpfjoqncojiqtcr4ubvxcanmk3b00000000000000000000000000000186');
INSERT INTO metadata ( description, created_by, owner, id, create_date, seq, type, remove, site_master, locked_by, entity_domain, last_updated_by, last_update_date, key_name) VALUES ('21ub15qknufm9aie3t4zxhyx5e3rdzzhNM200904120000000000000000000030', '0000000000000000000000000000001000000000000000000000000000000003', '0000000000000000000000000000001000000000000000000000000000000003', '0crimxpfjoqncojiqtcr4ubvxcanmk3b00000000000000000000000000000186', '2014-01-24 11:04:44', 4667, 'com.runwaysdk.system.metadata.MdAttributeReference', 0, 'www.runwaysdk.com', NULL, NULL, '0000000000000000000000000000001000000000000000000000000000000003', '2014-01-24 11:04:44', 'com.runwaysdk.system.scheduler.JobHistoryRecord.owner');
ALTER TABLE job_history_record ADD COLUMN owner  char(64);
INSERT INTO class_attribute_concrete ( id, parent_id, child_id) VALUES ('xltp7crow4cxgbatupylthw86kuvscbg00000000000000000000000000000073', '8ya77a3aj7znismscud611um93ceeppp00000000000000000000000000000061', '0crimxpfjoqncojiqtcr4ubvxcanmk3b00000000000000000000000000000186');
INSERT INTO class_attribute ( id, parent_id, child_id) VALUES ('xltp7crow4cxgbatupylthw86kuvscbg00000000000000000000000000000073', '8ya77a3aj7znismscud611um93ceeppp00000000000000000000000000000061', '0crimxpfjoqncojiqtcr4ubvxcanmk3b00000000000000000000000000000186');
INSERT INTO metadata_relationship ( entity_domain, site_master, last_updated_by, id, owner, locked_by, create_date, type, created_by, seq, key_name, last_update_date, parent_id, child_id) VALUES (NULL, 'www.runwaysdk.com', '0000000000000000000000000000001000000000000000000000000000000003', 'xltp7crow4cxgbatupylthw86kuvscbg00000000000000000000000000000073', '0000000000000000000000000000001000000000000000000000000000000003', NULL, '2014-01-24 11:04:44', 'com.runwaysdk.system.metadata.ClassAttributeConcrete', '0000000000000000000000000000001000000000000000000000000000000003', 4668, 'com.runwaysdk.system.scheduler.JobHistoryRecord.owner', '2014-01-24 11:04:44', '8ya77a3aj7znismscud611um93ceeppp00000000000000000000000000000061', '0crimxpfjoqncojiqtcr4ubvxcanmk3b00000000000000000000000000000186');
 INSERT INTO visibilitymodifier (set_id, item_id)  VALUES  ('796658dhme8c8hsoritmq7yov7872lqm', '20071109NM000000000000000000000520071109NM0000000000000000000001');
INSERT INTO metadata_display_label ( default_locale, id, site_master, key_name) VALUES ('Type', 'r4s5n8yjfp1m50ed4bgh5wsdmd9ovgz3NM200904120000000000000000000030', 'www.runwaysdk.com', 'r4s5n8yjfp1m50ed4bgh5wsdmd9ovgz3NM200904120000000000000000000030');
 INSERT INTO visibilitymodifier (set_id, item_id)  VALUES  ('28g4xp0vd9yptx88xcpeie2hnokw7b4a', '20071109NM000000000000000000000520071109NM0000000000000000000001');
 INSERT INTO md_attribute_indicies (set_id, item_id)  VALUES  ('st6m1jmdu8ep716u43nmste9jmf8r0e2', '0000000000000000000000000000040100000000000000000000000000000403');
INSERT INTO metadata_display_label ( default_locale, id, site_master, key_name) VALUES ('Fully qualified type of this object', 'sa6dxav0nm4kypx0o90nnantqtqq50m7NM200904120000000000000000000030', 'www.runwaysdk.com', 'sa6dxav0nm4kypx0o90nnantqtqq50m7NM200904120000000000000000000030');
INSERT INTO md_attribute_character ( default_value, database_size, id) VALUES (NULL, 255, 'som9ku6kmjr22wj3jbjzxpxmdp648a8x00000000000000000000000000000138');
INSERT INTO md_attribute_char ( id) VALUES ('som9ku6kmjr22wj3jbjzxpxmdp648a8x00000000000000000000000000000138');
INSERT INTO md_attribute_primitive ( id) VALUES ('som9ku6kmjr22wj3jbjzxpxmdp648a8x00000000000000000000000000000138');
INSERT INTO md_attribute_concrete ( column_name, defining_md_class, setter_visibility, setter_visibility_c, immutable, index_name, generate_accessor, system, required, display_label, getter_visibility, getter_visibility_c, index_type, index_type_c, attribute_name, id) VALUES ('type', '8ya77a3aj7znismscud611um93ceeppp00000000000000000000000000000061', '796658dhme8c8hsoritmq7yov7872lqm', '20071109NM000000000000000000000520071109NM0000000000000000000001', 1, 'angthr8sz0v6tr79xx2qxr0ooptua3', 1, 1, 1, 'r4s5n8yjfp1m50ed4bgh5wsdmd9ovgz3NM200904120000000000000000000030', '28g4xp0vd9yptx88xcpeie2hnokw7b4a', '20071109NM000000000000000000000520071109NM0000000000000000000001', 'st6m1jmdu8ep716u43nmste9jmf8r0e2', '0000000000000000000000000000040100000000000000000000000000000403', 'type', 'som9ku6kmjr22wj3jbjzxpxmdp648a8x00000000000000000000000000000138');
INSERT INTO md_attribute ( id) VALUES ('som9ku6kmjr22wj3jbjzxpxmdp648a8x00000000000000000000000000000138');
INSERT INTO metadata ( description, created_by, owner, id, create_date, seq, type, remove, site_master, locked_by, entity_domain, last_updated_by, last_update_date, key_name) VALUES ('sa6dxav0nm4kypx0o90nnantqtqq50m7NM200904120000000000000000000030', '0000000000000000000000000000001000000000000000000000000000000003', '0000000000000000000000000000001000000000000000000000000000000003', 'som9ku6kmjr22wj3jbjzxpxmdp648a8x00000000000000000000000000000138', '2014-01-24 11:04:44', 4669, 'com.runwaysdk.system.metadata.MdAttributeCharacter', 0, 'www.runwaysdk.com', NULL, NULL, '0000000000000000000000000000001000000000000000000000000000000003', '2014-01-24 11:04:44', 'com.runwaysdk.system.scheduler.JobHistoryRecord.type');
ALTER TABLE job_history_record ADD COLUMN type  varchar(255);
INSERT INTO class_attribute_concrete ( id, parent_id, child_id) VALUES ('qu5tz9dxucdxhmuy5rz1kxbze6l8nr3i00000000000000000000000000000073', '8ya77a3aj7znismscud611um93ceeppp00000000000000000000000000000061', 'som9ku6kmjr22wj3jbjzxpxmdp648a8x00000000000000000000000000000138');
INSERT INTO class_attribute ( id, parent_id, child_id) VALUES ('qu5tz9dxucdxhmuy5rz1kxbze6l8nr3i00000000000000000000000000000073', '8ya77a3aj7znismscud611um93ceeppp00000000000000000000000000000061', 'som9ku6kmjr22wj3jbjzxpxmdp648a8x00000000000000000000000000000138');
INSERT INTO metadata_relationship ( entity_domain, site_master, last_updated_by, id, owner, locked_by, create_date, type, created_by, seq, key_name, last_update_date, parent_id, child_id) VALUES (NULL, 'www.runwaysdk.com', '0000000000000000000000000000001000000000000000000000000000000003', 'qu5tz9dxucdxhmuy5rz1kxbze6l8nr3i00000000000000000000000000000073', '0000000000000000000000000000001000000000000000000000000000000003', NULL, '2014-01-24 11:04:44', 'com.runwaysdk.system.metadata.ClassAttributeConcrete', '0000000000000000000000000000001000000000000000000000000000000003', 4670, 'com.runwaysdk.system.scheduler.JobHistoryRecord.type', '2014-01-24 11:04:44', '8ya77a3aj7znismscud611um93ceeppp00000000000000000000000000000061', 'som9ku6kmjr22wj3jbjzxpxmdp648a8x00000000000000000000000000000138');
 INSERT INTO visibilitymodifier (set_id, item_id)  VALUES  ('028z0zvxkffahu3cak33f1oqvrxbq7e6', '20071109NM000000000000000000000520071109NM0000000000000000000001');
INSERT INTO metadata_display_label ( default_locale, id, site_master, key_name) VALUES ('Entity Domain', 'z314jpqtxfsle8j76122eeqrmr025wilNM200904120000000000000000000030', 'www.runwaysdk.com', 'z314jpqtxfsle8j76122eeqrmr025wilNM200904120000000000000000000030');
 INSERT INTO visibilitymodifier (set_id, item_id)  VALUES  ('r6vz3xibkodtcg5rkp7w8pz2tj6vh408', '20071109NM000000000000000000000520071109NM0000000000000000000001');
 INSERT INTO md_attribute_indicies (set_id, item_id)  VALUES  ('2cb598cxeurg7g51ps1qmkm12467t2d8', '0000000000000000000000000000040100000000000000000000000000000403');
INSERT INTO metadata_display_label ( default_locale, id, site_master, key_name) VALUES ('The Domain of this entity', 'z9ykwbpkzc14skvct5n8t0qsjb0xhnkhNM200904120000000000000000000030', 'www.runwaysdk.com', 'z9ykwbpkzc14skvct5n8t0qsjb0xhnkhNM200904120000000000000000000030');
INSERT INTO md_attribute_reference ( default_value, md_business, id) VALUES (NULL, 'NM20081011000000000000000000011100000000000000000000000000000001', '8knex66urfee663o2lvr14ry2mb3gx9n00000000000000000000000000000186');
INSERT INTO md_attribute_ref ( id) VALUES ('8knex66urfee663o2lvr14ry2mb3gx9n00000000000000000000000000000186');
INSERT INTO md_attribute_concrete ( column_name, defining_md_class, setter_visibility, setter_visibility_c, immutable, index_name, generate_accessor, system, required, display_label, getter_visibility, getter_visibility_c, index_type, index_type_c, attribute_name, id) VALUES ('entity_domain', '8ya77a3aj7znismscud611um93ceeppp00000000000000000000000000000061', '028z0zvxkffahu3cak33f1oqvrxbq7e6', '20071109NM000000000000000000000520071109NM0000000000000000000001', 0, 'aop1imntkv6az2okw7fjduaca0lhiy', 1, 0, 0, 'z314jpqtxfsle8j76122eeqrmr025wilNM200904120000000000000000000030', 'r6vz3xibkodtcg5rkp7w8pz2tj6vh408', '20071109NM000000000000000000000520071109NM0000000000000000000001', '2cb598cxeurg7g51ps1qmkm12467t2d8', '0000000000000000000000000000040100000000000000000000000000000403', 'entityDomain', '8knex66urfee663o2lvr14ry2mb3gx9n00000000000000000000000000000186');
INSERT INTO md_attribute ( id) VALUES ('8knex66urfee663o2lvr14ry2mb3gx9n00000000000000000000000000000186');
INSERT INTO metadata ( description, created_by, owner, id, create_date, seq, type, remove, site_master, locked_by, entity_domain, last_updated_by, last_update_date, key_name) VALUES ('z9ykwbpkzc14skvct5n8t0qsjb0xhnkhNM200904120000000000000000000030', '0000000000000000000000000000001000000000000000000000000000000003', '0000000000000000000000000000001000000000000000000000000000000003', '8knex66urfee663o2lvr14ry2mb3gx9n00000000000000000000000000000186', '2014-01-24 11:04:44', 4671, 'com.runwaysdk.system.metadata.MdAttributeReference', 1, 'www.runwaysdk.com', NULL, NULL, '0000000000000000000000000000001000000000000000000000000000000003', '2014-01-24 11:04:44', 'com.runwaysdk.system.scheduler.JobHistoryRecord.entityDomain');
ALTER TABLE job_history_record ADD COLUMN entity_domain  char(64);
INSERT INTO class_attribute_concrete ( id, parent_id, child_id) VALUES ('z3sd2xey701xggyqn3m7ws2qtsjwqgt700000000000000000000000000000073', '8ya77a3aj7znismscud611um93ceeppp00000000000000000000000000000061', '8knex66urfee663o2lvr14ry2mb3gx9n00000000000000000000000000000186');
INSERT INTO class_attribute ( id, parent_id, child_id) VALUES ('z3sd2xey701xggyqn3m7ws2qtsjwqgt700000000000000000000000000000073', '8ya77a3aj7znismscud611um93ceeppp00000000000000000000000000000061', '8knex66urfee663o2lvr14ry2mb3gx9n00000000000000000000000000000186');
INSERT INTO metadata_relationship ( entity_domain, site_master, last_updated_by, id, owner, locked_by, create_date, type, created_by, seq, key_name, last_update_date, parent_id, child_id) VALUES (NULL, 'www.runwaysdk.com', '0000000000000000000000000000001000000000000000000000000000000003', 'z3sd2xey701xggyqn3m7ws2qtsjwqgt700000000000000000000000000000073', '0000000000000000000000000000001000000000000000000000000000000003', NULL, '2014-01-24 11:04:44', 'com.runwaysdk.system.metadata.ClassAttributeConcrete', '0000000000000000000000000000001000000000000000000000000000000003', 4672, 'com.runwaysdk.system.scheduler.JobHistoryRecord.entityDomain', '2014-01-24 11:04:44', '8ya77a3aj7znismscud611um93ceeppp00000000000000000000000000000061', '8knex66urfee663o2lvr14ry2mb3gx9n00000000000000000000000000000186');
 INSERT INTO visibilitymodifier (set_id, item_id)  VALUES  ('xfemzlrhshi26j3hoyimbflquh5vmt8t', '20071109NM000000000000000000000520071109NM0000000000000000000001');
INSERT INTO metadata_display_label ( default_locale, id, site_master, key_name) VALUES ('Sequence', '73dy3swfe1fesiurs1bdighuuydav3epNM200904120000000000000000000030', 'www.runwaysdk.com', '73dy3swfe1fesiurs1bdighuuydav3epNM200904120000000000000000000030');
 INSERT INTO visibilitymodifier (set_id, item_id)  VALUES  ('xrned2tisysrhfhyg3xyx1fweageljgm', '20071109NM000000000000000000000520071109NM0000000000000000000001');
 INSERT INTO md_attribute_indicies (set_id, item_id)  VALUES  ('sfbojmtj6qxaejtzt7xstoqb05swe2aq', '0000000000000000000000000000040100000000000000000000000000000403');
INSERT INTO metadata_display_label ( default_locale, id, site_master, key_name) VALUES ('Sequence number is incremented every time this object is updated', 'smo7kabjjqa3s4n46r1e4ehb7w6ecwk6NM200904120000000000000000000030', 'www.runwaysdk.com', 'smo7kabjjqa3s4n46r1e4ehb7w6ecwk6NM200904120000000000000000000030');
INSERT INTO md_attribute_long ( end_range, default_value, start_range, id) VALUES (NULL, NULL, NULL, '0hw4dhgjkotuff0kiqzqn24q2vf7pn2600000000000000000000000000000338');
INSERT INTO md_attribute_int ( id) VALUES ('0hw4dhgjkotuff0kiqzqn24q2vf7pn2600000000000000000000000000000338');
INSERT INTO md_attribute_number ( reject_negative, reject_zero, reject_positive, id) VALUES (1, 0, 0, '0hw4dhgjkotuff0kiqzqn24q2vf7pn2600000000000000000000000000000338');
INSERT INTO md_attribute_primitive ( id) VALUES ('0hw4dhgjkotuff0kiqzqn24q2vf7pn2600000000000000000000000000000338');
INSERT INTO md_attribute_concrete ( column_name, defining_md_class, setter_visibility, setter_visibility_c, immutable, index_name, generate_accessor, system, required, display_label, getter_visibility, getter_visibility_c, index_type, index_type_c, attribute_name, id) VALUES ('seq', '8ya77a3aj7znismscud611um93ceeppp00000000000000000000000000000061', 'xfemzlrhshi26j3hoyimbflquh5vmt8t', '20071109NM000000000000000000000520071109NM0000000000000000000001', 0, 'ad7o2ztdvjlcdcwfk4e9vjq43m0yyb', 1, 1, 1, '73dy3swfe1fesiurs1bdighuuydav3epNM200904120000000000000000000030', 'xrned2tisysrhfhyg3xyx1fweageljgm', '20071109NM000000000000000000000520071109NM0000000000000000000001', 'sfbojmtj6qxaejtzt7xstoqb05swe2aq', '0000000000000000000000000000040100000000000000000000000000000403', 'seq', '0hw4dhgjkotuff0kiqzqn24q2vf7pn2600000000000000000000000000000338');
INSERT INTO md_attribute ( id) VALUES ('0hw4dhgjkotuff0kiqzqn24q2vf7pn2600000000000000000000000000000338');
INSERT INTO metadata ( description, created_by, owner, id, create_date, seq, type, remove, site_master, locked_by, entity_domain, last_updated_by, last_update_date, key_name) VALUES ('smo7kabjjqa3s4n46r1e4ehb7w6ecwk6NM200904120000000000000000000030', '0000000000000000000000000000001000000000000000000000000000000003', '0000000000000000000000000000001000000000000000000000000000000003', '0hw4dhgjkotuff0kiqzqn24q2vf7pn2600000000000000000000000000000338', '2014-01-24 11:04:44', 4673, 'com.runwaysdk.system.metadata.MdAttributeLong', 0, 'www.runwaysdk.com', NULL, NULL, '0000000000000000000000000000001000000000000000000000000000000003', '2014-01-24 11:04:44', 'com.runwaysdk.system.scheduler.JobHistoryRecord.seq');
ALTER TABLE job_history_record ADD COLUMN seq  bigint;
INSERT INTO class_attribute_concrete ( id, parent_id, child_id) VALUES ('xq5akb73ay0py8tsw4k5i41go0konxio00000000000000000000000000000073', '8ya77a3aj7znismscud611um93ceeppp00000000000000000000000000000061', '0hw4dhgjkotuff0kiqzqn24q2vf7pn2600000000000000000000000000000338');
INSERT INTO class_attribute ( id, parent_id, child_id) VALUES ('xq5akb73ay0py8tsw4k5i41go0konxio00000000000000000000000000000073', '8ya77a3aj7znismscud611um93ceeppp00000000000000000000000000000061', '0hw4dhgjkotuff0kiqzqn24q2vf7pn2600000000000000000000000000000338');
INSERT INTO metadata_relationship ( entity_domain, site_master, last_updated_by, id, owner, locked_by, create_date, type, created_by, seq, key_name, last_update_date, parent_id, child_id) VALUES (NULL, 'www.runwaysdk.com', '0000000000000000000000000000001000000000000000000000000000000003', 'xq5akb73ay0py8tsw4k5i41go0konxio00000000000000000000000000000073', '0000000000000000000000000000001000000000000000000000000000000003', NULL, '2014-01-24 11:04:44', 'com.runwaysdk.system.metadata.ClassAttributeConcrete', '0000000000000000000000000000001000000000000000000000000000000003', 4674, 'com.runwaysdk.system.scheduler.JobHistoryRecord.seq', '2014-01-24 11:04:44', '8ya77a3aj7znismscud611um93ceeppp00000000000000000000000000000061', '0hw4dhgjkotuff0kiqzqn24q2vf7pn2600000000000000000000000000000338');
INSERT INTO metadata_display_label ( default_locale, id, site_master, key_name) VALUES (NULL, 'xcvu6ck1bq87yi45par2yyqcrmdrihwzNM200904120000000000000000000030', 'www.runwaysdk.com', 'xcvu6ck1bq87yi45par2yyqcrmdrihwzNM200904120000000000000000000030');
INSERT INTO metadata_display_label ( default_locale, id, site_master, key_name) VALUES (NULL, 'xoxvl42i8kip3n13fakd7jh8rb3m0p5fNM200904120000000000000000000030', 'www.runwaysdk.com', 'xoxvl42i8kip3n13fakd7jh8rb3m0p5fNM200904120000000000000000000030');
INSERT INTO md_controller ( stub_source, id) VALUES (NULL, '0ilvbebglyddbu58hkxabewiajij9xt9NM200810110000000000000000000112');
INSERT INTO md_type ( display_label, root_id, package_name, type_name, base_source, js_base, js_stub, exported, dto_source, id) VALUES ('xcvu6ck1bq87yi45par2yyqcrmdrihwzNM200904120000000000000000000030', '0ilvbebglyddbu58hkxabewiajij9xt9', 'com.runwaysdk.system.scheduler', 'JobHistoryRecordController', NULL, NULL, NULL, 1, NULL, '0ilvbebglyddbu58hkxabewiajij9xt9NM200810110000000000000000000112');
INSERT INTO metadata ( description, created_by, owner, id, create_date, seq, type, remove, site_master, locked_by, entity_domain, last_updated_by, last_update_date, key_name) VALUES ('xoxvl42i8kip3n13fakd7jh8rb3m0p5fNM200904120000000000000000000030', '0000000000000000000000000000001000000000000000000000000000000003', '0000000000000000000000000000001000000000000000000000000000000003', '0ilvbebglyddbu58hkxabewiajij9xt9NM200810110000000000000000000112', '2014-01-24 11:04:44', 4675, 'com.runwaysdk.system.metadata.MdController', 1, 'www.runwaysdk.com', NULL, NULL, '0000000000000000000000000000001000000000000000000000000000000003', '2014-01-24 11:04:44', 'com.runwaysdk.system.scheduler.JobHistoryRecordController');
INSERT INTO metadata_display_label ( default_locale, id, site_master, key_name) VALUES ('View Page', 'so0obqgn89u8gej0qo32o68faejh55naNM200904120000000000000000000030', 'www.runwaysdk.com', 'so0obqgn89u8gej0qo32o68faejh55naNM200904120000000000000000000030');
INSERT INTO metadata_display_label ( default_locale, id, site_master, key_name) VALUES ('Loads a ViewAll query for a specific page into the request object', 'yyc60mpr529gv8xooyri6gornd5vdmu1NM200904120000000000000000000030', 'www.runwaysdk.com', 'yyc60mpr529gv8xooyri6gornd5vdmu1NM200904120000000000000000000030');
INSERT INTO md_action ( is_query, enclosing_md_controller, is_post, action_name, display_label, id) VALUES (1, '0ilvbebglyddbu58hkxabewiajij9xt9NM200810110000000000000000000112', 0, 'viewPage', 'so0obqgn89u8gej0qo32o68faejh55naNM200904120000000000000000000030', '8fifsttozsi2hg5ax6lid2em91e30b75NM200810110000000000000000000113');
INSERT INTO metadata ( description, created_by, owner, id, create_date, seq, type, remove, site_master, locked_by, entity_domain, last_updated_by, last_update_date, key_name) VALUES ('yyc60mpr529gv8xooyri6gornd5vdmu1NM200904120000000000000000000030', '0000000000000000000000000000001000000000000000000000000000000003', '0000000000000000000000000000001000000000000000000000000000000003', '8fifsttozsi2hg5ax6lid2em91e30b75NM200810110000000000000000000113', '2014-01-24 11:04:44', 4676, 'com.runwaysdk.system.metadata.MdAction', 1, 'www.runwaysdk.com', NULL, NULL, '0000000000000000000000000000001000000000000000000000000000000003', '2014-01-24 11:04:44', 'com.runwaysdk.system.scheduler.JobHistoryRecordController.viewPage');
INSERT INTO controller_action ( key_name, locked_by, id, owner, entity_domain, created_by, type, last_update_date, create_date, seq, last_updated_by, site_master, parent_id, child_id) VALUES ('com.runwaysdk.system.scheduler.JobHistoryRecordController.viewPage', NULL, '2boafqf374r1w4sjrnnmj7pq8b2xnjpsJS200807230000000000000000111111', '0000000000000000000000000000001000000000000000000000000000000003', NULL, '0000000000000000000000000000001000000000000000000000000000000003', 'com.runwaysdk.system.ControllerAction', '2014-01-24 11:04:44', '2014-01-24 11:04:44', 4677, '0000000000000000000000000000001000000000000000000000000000000003', 'www.runwaysdk.com', '0ilvbebglyddbu58hkxabewiajij9xt9NM200810110000000000000000000112', '8fifsttozsi2hg5ax6lid2em91e30b75NM200810110000000000000000000113');
INSERT INTO metadata_display_label ( default_locale, id, site_master, key_name) VALUES ('Sort Attribute', '8yn67wpk5h25b1ll8chf7idqrjeokmyxNM200904120000000000000000000030', 'www.runwaysdk.com', '8yn67wpk5h25b1ll8chf7idqrjeokmyxNM200904120000000000000000000030');
INSERT INTO metadata_display_label ( default_locale, id, site_master, key_name) VALUES (NULL, 'ssuotxmwn1n17nmy37guy0grhbvzjrnmNM200904120000000000000000000030', 'www.runwaysdk.com', 'ssuotxmwn1n17nmy37guy0grhbvzjrnmNM200904120000000000000000000030');
INSERT INTO md_parameter ( metadata, parameter_order, parameter_name, parameter_type, display_label, id) VALUES ('8fifsttozsi2hg5ax6lid2em91e30b75NM200810110000000000000000000113', -4, 'sortAttribute', 'java.lang.String', '8yn67wpk5h25b1ll8chf7idqrjeokmyxNM200904120000000000000000000030', '8y1uk2yxqs9dp8js0qnw88neqppwj8e620070427JS0000000000000000001517');
INSERT INTO metadata ( description, created_by, owner, id, create_date, seq, type, remove, site_master, locked_by, entity_domain, last_updated_by, last_update_date, key_name) VALUES ('ssuotxmwn1n17nmy37guy0grhbvzjrnmNM200904120000000000000000000030', '0000000000000000000000000000001000000000000000000000000000000003', '0000000000000000000000000000001000000000000000000000000000000003', '8y1uk2yxqs9dp8js0qnw88neqppwj8e620070427JS0000000000000000001517', '2014-01-24 11:04:44', 4678, 'com.runwaysdk.system.metadata.MdParameter', 1, 'www.runwaysdk.com', NULL, NULL, '0000000000000000000000000000001000000000000000000000000000000003', '2014-01-24 11:04:44', 'com.runwaysdk.system.scheduler.JobHistoryRecordController.viewPage.sortAttribute');
INSERT INTO metadata_parameter ( site_master, last_updated_by, create_date, seq, locked_by, entity_domain, created_by, type, last_update_date, key_name, owner, id, parent_id, child_id) VALUES ('www.runwaysdk.com', '0000000000000000000000000000001000000000000000000000000000000003', '2014-01-24 11:04:44', 4679, NULL, NULL, '0000000000000000000000000000001000000000000000000000000000000003', 'com.runwaysdk.system.MetadataParameter', '2014-01-24 11:04:44', 'com.runwaysdk.system.scheduler.JobHistoryRecordController.viewPage.sortAttribute', '0000000000000000000000000000001000000000000000000000000000000003', 'r8qb7jmtklhbc6mhxcxkgqua9zufqmpy20070427JS0000000000000000001524', '8fifsttozsi2hg5ax6lid2em91e30b75NM200810110000000000000000000113', '8y1uk2yxqs9dp8js0qnw88neqppwj8e620070427JS0000000000000000001517');
INSERT INTO metadata_display_label ( default_locale, id, site_master, key_name) VALUES ('Is Ascending', 'y0gxhs67hzwplgtgfrpn96z435nt7oj9NM200904120000000000000000000030', 'www.runwaysdk.com', 'y0gxhs67hzwplgtgfrpn96z435nt7oj9NM200904120000000000000000000030');
INSERT INTO metadata_display_label ( default_locale, id, site_master, key_name) VALUES (NULL, 'rbudqv4f7tg4htke7eexe9ah1ti635bzNM200904120000000000000000000030', 'www.runwaysdk.com', 'rbudqv4f7tg4htke7eexe9ah1ti635bzNM200904120000000000000000000030');
INSERT INTO md_parameter ( metadata, parameter_order, parameter_name, parameter_type, display_label, id) VALUES ('8fifsttozsi2hg5ax6lid2em91e30b75NM200810110000000000000000000113', -3, 'isAscending', 'java.lang.Boolean', 'y0gxhs67hzwplgtgfrpn96z435nt7oj9NM200904120000000000000000000030', '2090263w920jwo0bp2oy36xk701x587h20070427JS0000000000000000001517');
INSERT INTO metadata ( description, created_by, owner, id, create_date, seq, type, remove, site_master, locked_by, entity_domain, last_updated_by, last_update_date, key_name) VALUES ('rbudqv4f7tg4htke7eexe9ah1ti635bzNM200904120000000000000000000030', '0000000000000000000000000000001000000000000000000000000000000003', '0000000000000000000000000000001000000000000000000000000000000003', '2090263w920jwo0bp2oy36xk701x587h20070427JS0000000000000000001517', '2014-01-24 11:04:44', 4680, 'com.runwaysdk.system.metadata.MdParameter', 1, 'www.runwaysdk.com', NULL, NULL, '0000000000000000000000000000001000000000000000000000000000000003', '2014-01-24 11:04:44', 'com.runwaysdk.system.scheduler.JobHistoryRecordController.viewPage.isAscending');
INSERT INTO metadata_parameter ( site_master, last_updated_by, create_date, seq, locked_by, entity_domain, created_by, type, last_update_date, key_name, owner, id, parent_id, child_id) VALUES ('www.runwaysdk.com', '0000000000000000000000000000001000000000000000000000000000000003', '2014-01-24 11:04:44', 4681, NULL, NULL, '0000000000000000000000000000001000000000000000000000000000000003', 'com.runwaysdk.system.MetadataParameter', '2014-01-24 11:04:44', 'com.runwaysdk.system.scheduler.JobHistoryRecordController.viewPage.isAscending', '0000000000000000000000000000001000000000000000000000000000000003', '6xbs532sdrsjvxjatw1olmy2f5ugortr20070427JS0000000000000000001524', '8fifsttozsi2hg5ax6lid2em91e30b75NM200810110000000000000000000113', '2090263w920jwo0bp2oy36xk701x587h20070427JS0000000000000000001517');
INSERT INTO metadata_display_label ( default_locale, id, site_master, key_name) VALUES ('Page Size', '73x5i35jhr0d90fedudssqlcgpnfp1ziNM200904120000000000000000000030', 'www.runwaysdk.com', '73x5i35jhr0d90fedudssqlcgpnfp1ziNM200904120000000000000000000030');
INSERT INTO metadata_display_label ( default_locale, id, site_master, key_name) VALUES (NULL, '2a1xtuylgqwsgvgty30linmiilxv6ga6NM200904120000000000000000000030', 'www.runwaysdk.com', '2a1xtuylgqwsgvgty30linmiilxv6ga6NM200904120000000000000000000030');
INSERT INTO md_parameter ( metadata, parameter_order, parameter_name, parameter_type, display_label, id) VALUES ('8fifsttozsi2hg5ax6lid2em91e30b75NM200810110000000000000000000113', -2, 'pageSize', 'java.lang.Integer', '73x5i35jhr0d90fedudssqlcgpnfp1ziNM200904120000000000000000000030', 'spl3zsw47o211rd8t0ocei19oouol2cy20070427JS0000000000000000001517');
INSERT INTO metadata ( description, created_by, owner, id, create_date, seq, type, remove, site_master, locked_by, entity_domain, last_updated_by, last_update_date, key_name) VALUES ('2a1xtuylgqwsgvgty30linmiilxv6ga6NM200904120000000000000000000030', '0000000000000000000000000000001000000000000000000000000000000003', '0000000000000000000000000000001000000000000000000000000000000003', 'spl3zsw47o211rd8t0ocei19oouol2cy20070427JS0000000000000000001517', '2014-01-24 11:04:44', 4682, 'com.runwaysdk.system.metadata.MdParameter', 1, 'www.runwaysdk.com', NULL, NULL, '0000000000000000000000000000001000000000000000000000000000000003', '2014-01-24 11:04:44', 'com.runwaysdk.system.scheduler.JobHistoryRecordController.viewPage.pageSize');
INSERT INTO metadata_parameter ( site_master, last_updated_by, create_date, seq, locked_by, entity_domain, created_by, type, last_update_date, key_name, owner, id, parent_id, child_id) VALUES ('www.runwaysdk.com', '0000000000000000000000000000001000000000000000000000000000000003', '2014-01-24 11:04:44', 4683, NULL, NULL, '0000000000000000000000000000001000000000000000000000000000000003', 'com.runwaysdk.system.MetadataParameter', '2014-01-24 11:04:44', 'com.runwaysdk.system.scheduler.JobHistoryRecordController.viewPage.pageSize', '0000000000000000000000000000001000000000000000000000000000000003', '1ybrsh8w79vds475ewlkjgk16yw3aqbr20070427JS0000000000000000001524', '8fifsttozsi2hg5ax6lid2em91e30b75NM200810110000000000000000000113', 'spl3zsw47o211rd8t0ocei19oouol2cy20070427JS0000000000000000001517');
INSERT INTO metadata_display_label ( default_locale, id, site_master, key_name) VALUES ('Page Number', '27bo4b632t2atmp3pf1h2o3hgp813tbrNM200904120000000000000000000030', 'www.runwaysdk.com', '27bo4b632t2atmp3pf1h2o3hgp813tbrNM200904120000000000000000000030');
INSERT INTO metadata_display_label ( default_locale, id, site_master, key_name) VALUES (NULL, 'xy9m9uezebs278h8wft5837p5vgfpqv0NM200904120000000000000000000030', 'www.runwaysdk.com', 'xy9m9uezebs278h8wft5837p5vgfpqv0NM200904120000000000000000000030');
INSERT INTO md_parameter ( metadata, parameter_order, parameter_name, parameter_type, display_label, id) VALUES ('8fifsttozsi2hg5ax6lid2em91e30b75NM200810110000000000000000000113', -1, 'pageNumber', 'java.lang.Integer', '27bo4b632t2atmp3pf1h2o3hgp813tbrNM200904120000000000000000000030', '78tnu7x1on773v22sxdb3degw8ulfnd920070427JS0000000000000000001517');
INSERT INTO metadata ( description, created_by, owner, id, create_date, seq, type, remove, site_master, locked_by, entity_domain, last_updated_by, last_update_date, key_name) VALUES ('xy9m9uezebs278h8wft5837p5vgfpqv0NM200904120000000000000000000030', '0000000000000000000000000000001000000000000000000000000000000003', '0000000000000000000000000000001000000000000000000000000000000003', '78tnu7x1on773v22sxdb3degw8ulfnd920070427JS0000000000000000001517', '2014-01-24 11:04:44', 4684, 'com.runwaysdk.system.metadata.MdParameter', 1, 'www.runwaysdk.com', NULL, NULL, '0000000000000000000000000000001000000000000000000000000000000003', '2014-01-24 11:04:44', 'com.runwaysdk.system.scheduler.JobHistoryRecordController.viewPage.pageNumber');
INSERT INTO metadata_parameter ( site_master, last_updated_by, create_date, seq, locked_by, entity_domain, created_by, type, last_update_date, key_name, owner, id, parent_id, child_id) VALUES ('www.runwaysdk.com', '0000000000000000000000000000001000000000000000000000000000000003', '2014-01-24 11:04:44', 4685, NULL, NULL, '0000000000000000000000000000001000000000000000000000000000000003', 'com.runwaysdk.system.MetadataParameter', '2014-01-24 11:04:44', 'com.runwaysdk.system.scheduler.JobHistoryRecordController.viewPage.pageNumber', '0000000000000000000000000000001000000000000000000000000000000003', '8gu6y474mph1jsuczcm5r0n8mtyjbrwo20070427JS0000000000000000001524', '8fifsttozsi2hg5ax6lid2em91e30b75NM200810110000000000000000000113', '78tnu7x1on773v22sxdb3degw8ulfnd920070427JS0000000000000000001517');
INSERT INTO metadata_display_label ( default_locale, id, site_master, key_name) VALUES ('View All', 'xr2uwnsbgut2s8y0yerx1xguab5y7hnnNM200904120000000000000000000030', 'www.runwaysdk.com', 'xr2uwnsbgut2s8y0yerx1xguab5y7hnnNM200904120000000000000000000030');
INSERT INTO metadata_display_label ( default_locale, id, site_master, key_name) VALUES ('Loads a ViewAll query with the default settings', 'qx1nje6kbag3uqixgefay7kw8u5a4q24NM200904120000000000000000000030', 'www.runwaysdk.com', 'qx1nje6kbag3uqixgefay7kw8u5a4q24NM200904120000000000000000000030');
INSERT INTO md_action ( is_query, enclosing_md_controller, is_post, action_name, display_label, id) VALUES (0, '0ilvbebglyddbu58hkxabewiajij9xt9NM200810110000000000000000000112', 0, 'viewAll', 'xr2uwnsbgut2s8y0yerx1xguab5y7hnnNM200904120000000000000000000030', '945xmnyhpaa3n3v7j9mln91gay6jsuptNM200810110000000000000000000113');
INSERT INTO metadata ( description, created_by, owner, id, create_date, seq, type, remove, site_master, locked_by, entity_domain, last_updated_by, last_update_date, key_name) VALUES ('qx1nje6kbag3uqixgefay7kw8u5a4q24NM200904120000000000000000000030', '0000000000000000000000000000001000000000000000000000000000000003', '0000000000000000000000000000001000000000000000000000000000000003', '945xmnyhpaa3n3v7j9mln91gay6jsuptNM200810110000000000000000000113', '2014-01-24 11:04:44', 4686, 'com.runwaysdk.system.metadata.MdAction', 1, 'www.runwaysdk.com', NULL, NULL, '0000000000000000000000000000001000000000000000000000000000000003', '2014-01-24 11:04:44', 'com.runwaysdk.system.scheduler.JobHistoryRecordController.viewAll');
INSERT INTO controller_action ( key_name, locked_by, id, owner, entity_domain, created_by, type, last_update_date, create_date, seq, last_updated_by, site_master, parent_id, child_id) VALUES ('com.runwaysdk.system.scheduler.JobHistoryRecordController.viewAll', NULL, '8igqyzlss038oc0jizocsukyr09rsighJS200807230000000000000000111111', '0000000000000000000000000000001000000000000000000000000000000003', NULL, '0000000000000000000000000000001000000000000000000000000000000003', 'com.runwaysdk.system.ControllerAction', '2014-01-24 11:04:44', '2014-01-24 11:04:44', 4687, '0000000000000000000000000000001000000000000000000000000000000003', 'www.runwaysdk.com', '0ilvbebglyddbu58hkxabewiajij9xt9NM200810110000000000000000000112', '945xmnyhpaa3n3v7j9mln91gay6jsuptNM200810110000000000000000000113');
INSERT INTO metadata_display_label ( default_locale, id, site_master, key_name) VALUES ('View', 'z60l2v8k952oyuxo4akrf3kih0yxfhl2NM200904120000000000000000000030', 'www.runwaysdk.com', 'z60l2v8k952oyuxo4akrf3kih0yxfhl2NM200904120000000000000000000030');
INSERT INTO metadata_display_label ( default_locale, id, site_master, key_name) VALUES ('View an existing instance of com.runwaysdk.system.scheduler.JobHistoryRecord', 'zeelric195lg0fh6fq6xoluuz14mm83bNM200904120000000000000000000030', 'www.runwaysdk.com', 'zeelric195lg0fh6fq6xoluuz14mm83bNM200904120000000000000000000030');
INSERT INTO md_action ( is_query, enclosing_md_controller, is_post, action_name, display_label, id) VALUES (0, '0ilvbebglyddbu58hkxabewiajij9xt9NM200810110000000000000000000112', 0, 'view', 'z60l2v8k952oyuxo4akrf3kih0yxfhl2NM200904120000000000000000000030', 'r20gplkvds71741t6h8zblqodnl0su8qNM200810110000000000000000000113');
INSERT INTO metadata ( description, created_by, owner, id, create_date, seq, type, remove, site_master, locked_by, entity_domain, last_updated_by, last_update_date, key_name) VALUES ('zeelric195lg0fh6fq6xoluuz14mm83bNM200904120000000000000000000030', '0000000000000000000000000000001000000000000000000000000000000003', '0000000000000000000000000000001000000000000000000000000000000003', 'r20gplkvds71741t6h8zblqodnl0su8qNM200810110000000000000000000113', '2014-01-24 11:04:44', 4688, 'com.runwaysdk.system.metadata.MdAction', 1, 'www.runwaysdk.com', NULL, NULL, '0000000000000000000000000000001000000000000000000000000000000003', '2014-01-24 11:04:44', 'com.runwaysdk.system.scheduler.JobHistoryRecordController.view');
INSERT INTO controller_action ( key_name, locked_by, id, owner, entity_domain, created_by, type, last_update_date, create_date, seq, last_updated_by, site_master, parent_id, child_id) VALUES ('com.runwaysdk.system.scheduler.JobHistoryRecordController.view', NULL, '20dy6drzoh3ggs9jm03mtyn15liqws3oJS200807230000000000000000111111', '0000000000000000000000000000001000000000000000000000000000000003', NULL, '0000000000000000000000000000001000000000000000000000000000000003', 'com.runwaysdk.system.ControllerAction', '2014-01-24 11:04:44', '2014-01-24 11:04:44', 4689, '0000000000000000000000000000001000000000000000000000000000000003', 'www.runwaysdk.com', '0ilvbebglyddbu58hkxabewiajij9xt9NM200810110000000000000000000112', 'r20gplkvds71741t6h8zblqodnl0su8qNM200810110000000000000000000113');
INSERT INTO metadata_display_label ( default_locale, id, site_master, key_name) VALUES ('Parameter: com.runwaysdk.system.scheduler.JobHistoryRecord - id', '0pg2upa8q4i3ek8mq0n4uphwka3rt7voNM200904120000000000000000000030', 'www.runwaysdk.com', '0pg2upa8q4i3ek8mq0n4uphwka3rt7voNM200904120000000000000000000030');
INSERT INTO metadata_display_label ( default_locale, id, site_master, key_name) VALUES ('Id of com.runwaysdk.system.scheduler.JobHistoryRecord to view.', '6pri27wxjp57ckkogiglos9cei7grh2mNM200904120000000000000000000030', 'www.runwaysdk.com', '6pri27wxjp57ckkogiglos9cei7grh2mNM200904120000000000000000000030');
INSERT INTO md_parameter ( metadata, parameter_order, parameter_name, parameter_type, display_label, id) VALUES ('r20gplkvds71741t6h8zblqodnl0su8qNM200810110000000000000000000113', 0, 'id', 'java.lang.String', '0pg2upa8q4i3ek8mq0n4uphwka3rt7voNM200904120000000000000000000030', '6to8qaw7kzpf06kagayyw3tavt0d8mfa20070427JS0000000000000000001517');
INSERT INTO metadata ( description, created_by, owner, id, create_date, seq, type, remove, site_master, locked_by, entity_domain, last_updated_by, last_update_date, key_name) VALUES ('6pri27wxjp57ckkogiglos9cei7grh2mNM200904120000000000000000000030', '0000000000000000000000000000001000000000000000000000000000000003', '0000000000000000000000000000001000000000000000000000000000000003', '6to8qaw7kzpf06kagayyw3tavt0d8mfa20070427JS0000000000000000001517', '2014-01-24 11:04:44', 4690, 'com.runwaysdk.system.metadata.MdParameter', 1, 'www.runwaysdk.com', NULL, NULL, '0000000000000000000000000000001000000000000000000000000000000003', '2014-01-24 11:04:44', 'com.runwaysdk.system.scheduler.JobHistoryRecordController.view.id');
INSERT INTO metadata_parameter ( site_master, last_updated_by, create_date, seq, locked_by, entity_domain, created_by, type, last_update_date, key_name, owner, id, parent_id, child_id) VALUES ('www.runwaysdk.com', '0000000000000000000000000000001000000000000000000000000000000003', '2014-01-24 11:04:44', 4691, NULL, NULL, '0000000000000000000000000000001000000000000000000000000000000003', 'com.runwaysdk.system.MetadataParameter', '2014-01-24 11:04:44', 'com.runwaysdk.system.scheduler.JobHistoryRecordController.view.id', '0000000000000000000000000000001000000000000000000000000000000003', '8gi89vs4rsb03aw8txzti7inv0t02n2220070427JS0000000000000000001524', 'r20gplkvds71741t6h8zblqodnl0su8qNM200810110000000000000000000113', '6to8qaw7kzpf06kagayyw3tavt0d8mfa20070427JS0000000000000000001517');
INSERT INTO metadata_display_label ( default_locale, id, site_master, key_name) VALUES ('New Instance', 'zg45gpadnfn5qbzyb5pw4b4ibnltcbccNM200904120000000000000000000030', 'www.runwaysdk.com', 'zg45gpadnfn5qbzyb5pw4b4ibnltcbccNM200904120000000000000000000030');
INSERT INTO metadata_display_label ( default_locale, id, site_master, key_name) VALUES ('Loads a new instance of com.runwaysdk.system.scheduler.JobHistoryRecord into the request object', 'zgopelfiqwp9resio0dbardjqree0iglNM200904120000000000000000000030', 'www.runwaysdk.com', 'zgopelfiqwp9resio0dbardjqree0iglNM200904120000000000000000000030');
INSERT INTO md_action ( is_query, enclosing_md_controller, is_post, action_name, display_label, id) VALUES (0, '0ilvbebglyddbu58hkxabewiajij9xt9NM200810110000000000000000000112', 1, 'newInstance', 'zg45gpadnfn5qbzyb5pw4b4ibnltcbccNM200904120000000000000000000030', '7auzxxl847k501xwzrkk4r8raoes9r7jNM200810110000000000000000000113');
INSERT INTO metadata ( description, created_by, owner, id, create_date, seq, type, remove, site_master, locked_by, entity_domain, last_updated_by, last_update_date, key_name) VALUES ('zgopelfiqwp9resio0dbardjqree0iglNM200904120000000000000000000030', '0000000000000000000000000000001000000000000000000000000000000003', '0000000000000000000000000000001000000000000000000000000000000003', '7auzxxl847k501xwzrkk4r8raoes9r7jNM200810110000000000000000000113', '2014-01-24 11:04:44', 4692, 'com.runwaysdk.system.metadata.MdAction', 1, 'www.runwaysdk.com', NULL, NULL, '0000000000000000000000000000001000000000000000000000000000000003', '2014-01-24 11:04:44', 'com.runwaysdk.system.scheduler.JobHistoryRecordController.newInstance');
INSERT INTO controller_action ( key_name, locked_by, id, owner, entity_domain, created_by, type, last_update_date, create_date, seq, last_updated_by, site_master, parent_id, child_id) VALUES ('com.runwaysdk.system.scheduler.JobHistoryRecordController.newInstance', NULL, '77m1zwsvep0h9jy6j3amjncf6wzlfc84JS200807230000000000000000111111', '0000000000000000000000000000001000000000000000000000000000000003', NULL, '0000000000000000000000000000001000000000000000000000000000000003', 'com.runwaysdk.system.ControllerAction', '2014-01-24 11:04:44', '2014-01-24 11:04:44', 4693, '0000000000000000000000000000001000000000000000000000000000000003', 'www.runwaysdk.com', '0ilvbebglyddbu58hkxabewiajij9xt9NM200810110000000000000000000112', '7auzxxl847k501xwzrkk4r8raoes9r7jNM200810110000000000000000000113');
INSERT INTO metadata_display_label ( default_locale, id, site_master, key_name) VALUES ('Parent Parameter: com.runwaysdk.system.scheduler.JobHistoryRecord', 'z0rbmzx9fim7ive4zu3t2za612yzd4vnNM200904120000000000000000000030', 'www.runwaysdk.com', 'z0rbmzx9fim7ive4zu3t2za612yzd4vnNM200904120000000000000000000030');
INSERT INTO metadata_display_label ( default_locale, id, site_master, key_name) VALUES ('Id of the parent of the Relationship', '8zgqmrczsrbwzhwl0stebs5v78om4d87NM200904120000000000000000000030', 'www.runwaysdk.com', '8zgqmrczsrbwzhwl0stebs5v78om4d87NM200904120000000000000000000030');
INSERT INTO md_parameter ( metadata, parameter_order, parameter_name, parameter_type, display_label, id) VALUES ('7auzxxl847k501xwzrkk4r8raoes9r7jNM200810110000000000000000000113', 0, 'parentId', 'java.lang.String', 'z0rbmzx9fim7ive4zu3t2za612yzd4vnNM200904120000000000000000000030', '72id9cbdfrqrajc07tlmqissjty85c3w20070427JS0000000000000000001517');
INSERT INTO metadata ( description, created_by, owner, id, create_date, seq, type, remove, site_master, locked_by, entity_domain, last_updated_by, last_update_date, key_name) VALUES ('8zgqmrczsrbwzhwl0stebs5v78om4d87NM200904120000000000000000000030', '0000000000000000000000000000001000000000000000000000000000000003', '0000000000000000000000000000001000000000000000000000000000000003', '72id9cbdfrqrajc07tlmqissjty85c3w20070427JS0000000000000000001517', '2014-01-24 11:04:44', 4694, 'com.runwaysdk.system.metadata.MdParameter', 1, 'www.runwaysdk.com', NULL, NULL, '0000000000000000000000000000001000000000000000000000000000000003', '2014-01-24 11:04:44', 'com.runwaysdk.system.scheduler.JobHistoryRecordController.newInstance.parentId');
INSERT INTO metadata_parameter ( site_master, last_updated_by, create_date, seq, locked_by, entity_domain, created_by, type, last_update_date, key_name, owner, id, parent_id, child_id) VALUES ('www.runwaysdk.com', '0000000000000000000000000000001000000000000000000000000000000003', '2014-01-24 11:04:44', 4695, NULL, NULL, '0000000000000000000000000000001000000000000000000000000000000003', 'com.runwaysdk.system.MetadataParameter', '2014-01-24 11:04:44', 'com.runwaysdk.system.scheduler.JobHistoryRecordController.newInstance.parentId', '0000000000000000000000000000001000000000000000000000000000000003', 'sg4wbn096pfouafx5i96vxoloczvh3pn20070427JS0000000000000000001524', '7auzxxl847k501xwzrkk4r8raoes9r7jNM200810110000000000000000000113', '72id9cbdfrqrajc07tlmqissjty85c3w20070427JS0000000000000000001517');
INSERT INTO metadata_display_label ( default_locale, id, site_master, key_name) VALUES ('Child Parameter: com.runwaysdk.system.scheduler.JobHistoryRecord', 'sroar0vgbckgk6hztwqc6muenaekihe6NM200904120000000000000000000030', 'www.runwaysdk.com', 'sroar0vgbckgk6hztwqc6muenaekihe6NM200904120000000000000000000030');
INSERT INTO metadata_display_label ( default_locale, id, site_master, key_name) VALUES ('Child of the Relationship', 'swxmhhgdkc1fvbged1h6rv62jdkvib6qNM200904120000000000000000000030', 'www.runwaysdk.com', 'swxmhhgdkc1fvbged1h6rv62jdkvib6qNM200904120000000000000000000030');
INSERT INTO md_parameter ( metadata, parameter_order, parameter_name, parameter_type, display_label, id) VALUES ('7auzxxl847k501xwzrkk4r8raoes9r7jNM200810110000000000000000000113', 1, 'childId', 'java.lang.String', 'sroar0vgbckgk6hztwqc6muenaekihe6NM200904120000000000000000000030', 'zpnl70z40wtn1qofpl2p272qnasik2zy20070427JS0000000000000000001517');
INSERT INTO metadata ( description, created_by, owner, id, create_date, seq, type, remove, site_master, locked_by, entity_domain, last_updated_by, last_update_date, key_name) VALUES ('swxmhhgdkc1fvbged1h6rv62jdkvib6qNM200904120000000000000000000030', '0000000000000000000000000000001000000000000000000000000000000003', '0000000000000000000000000000001000000000000000000000000000000003', 'zpnl70z40wtn1qofpl2p272qnasik2zy20070427JS0000000000000000001517', '2014-01-24 11:04:44', 4696, 'com.runwaysdk.system.metadata.MdParameter', 1, 'www.runwaysdk.com', NULL, NULL, '0000000000000000000000000000001000000000000000000000000000000003', '2014-01-24 11:04:44', 'com.runwaysdk.system.scheduler.JobHistoryRecordController.newInstance.childId');
INSERT INTO metadata_parameter ( site_master, last_updated_by, create_date, seq, locked_by, entity_domain, created_by, type, last_update_date, key_name, owner, id, parent_id, child_id) VALUES ('www.runwaysdk.com', '0000000000000000000000000000001000000000000000000000000000000003', '2014-01-24 11:04:44', 4697, NULL, NULL, '0000000000000000000000000000001000000000000000000000000000000003', 'com.runwaysdk.system.MetadataParameter', '2014-01-24 11:04:44', 'com.runwaysdk.system.scheduler.JobHistoryRecordController.newInstance.childId', '0000000000000000000000000000001000000000000000000000000000000003', 'yyu306g1at9jxa1mki2r8bt6v3zm2lfn20070427JS0000000000000000001524', '7auzxxl847k501xwzrkk4r8raoes9r7jNM200810110000000000000000000113', 'zpnl70z40wtn1qofpl2p272qnasik2zy20070427JS0000000000000000001517');
INSERT INTO metadata_display_label ( default_locale, id, site_master, key_name) VALUES ('Create', 'xkkfos0zbwrwiofvauxe7467o0vr5aqgNM200904120000000000000000000030', 'www.runwaysdk.com', 'xkkfos0zbwrwiofvauxe7467o0vr5aqgNM200904120000000000000000000030');
INSERT INTO metadata_display_label ( default_locale, id, site_master, key_name) VALUES ('Applys a new instance of com.runwaysdk.system.scheduler.JobHistoryRecord', '0epl1uazdnbgcri2v0h6rppzpx40yah1NM200904120000000000000000000030', 'www.runwaysdk.com', '0epl1uazdnbgcri2v0h6rppzpx40yah1NM200904120000000000000000000030');
INSERT INTO md_action ( is_query, enclosing_md_controller, is_post, action_name, display_label, id) VALUES (0, '0ilvbebglyddbu58hkxabewiajij9xt9NM200810110000000000000000000112', 1, 'create', 'xkkfos0zbwrwiofvauxe7467o0vr5aqgNM200904120000000000000000000030', 'raq6i2lde2rdqgjdoqejnvoqg8idj6qsNM200810110000000000000000000113');
INSERT INTO metadata ( description, created_by, owner, id, create_date, seq, type, remove, site_master, locked_by, entity_domain, last_updated_by, last_update_date, key_name) VALUES ('0epl1uazdnbgcri2v0h6rppzpx40yah1NM200904120000000000000000000030', '0000000000000000000000000000001000000000000000000000000000000003', '0000000000000000000000000000001000000000000000000000000000000003', 'raq6i2lde2rdqgjdoqejnvoqg8idj6qsNM200810110000000000000000000113', '2014-01-24 11:04:44', 4698, 'com.runwaysdk.system.metadata.MdAction', 1, 'www.runwaysdk.com', NULL, NULL, '0000000000000000000000000000001000000000000000000000000000000003', '2014-01-24 11:04:44', 'com.runwaysdk.system.scheduler.JobHistoryRecordController.create');
INSERT INTO controller_action ( key_name, locked_by, id, owner, entity_domain, created_by, type, last_update_date, create_date, seq, last_updated_by, site_master, parent_id, child_id) VALUES ('com.runwaysdk.system.scheduler.JobHistoryRecordController.create', NULL, '6q936ypu8z9hkpfbmigvehgnb1clquidJS200807230000000000000000111111', '0000000000000000000000000000001000000000000000000000000000000003', NULL, '0000000000000000000000000000001000000000000000000000000000000003', 'com.runwaysdk.system.ControllerAction', '2014-01-24 11:04:44', '2014-01-24 11:04:44', 4699, '0000000000000000000000000000001000000000000000000000000000000003', 'www.runwaysdk.com', '0ilvbebglyddbu58hkxabewiajij9xt9NM200810110000000000000000000112', 'raq6i2lde2rdqgjdoqejnvoqg8idj6qsNM200810110000000000000000000113');
INSERT INTO metadata_display_label ( default_locale, id, site_master, key_name) VALUES ('Parameter: com.runwaysdk.system.scheduler.JobHistoryRecord', 'shgcyjkksn9koeyobhtuzd5yyc3pbuqiNM200904120000000000000000000030', 'www.runwaysdk.com', 'shgcyjkksn9koeyobhtuzd5yyc3pbuqiNM200904120000000000000000000030');
INSERT INTO metadata_display_label ( default_locale, id, site_master, key_name) VALUES ('com.runwaysdk.system.scheduler.JobHistoryRecord to apply to the database', '8gt45gyz59e8q45hs0lop8xekku3myhmNM200904120000000000000000000030', 'www.runwaysdk.com', '8gt45gyz59e8q45hs0lop8xekku3myhmNM200904120000000000000000000030');
INSERT INTO md_parameter ( metadata, parameter_order, parameter_name, parameter_type, display_label, id) VALUES ('raq6i2lde2rdqgjdoqejnvoqg8idj6qsNM200810110000000000000000000113', 0, 'dto', 'com.runwaysdk.system.scheduler.JobHistoryRecord', 'shgcyjkksn9koeyobhtuzd5yyc3pbuqiNM200904120000000000000000000030', 'skpupnce51123yx5ermwk1iy1ron7t5t20070427JS0000000000000000001517');
INSERT INTO metadata ( description, created_by, owner, id, create_date, seq, type, remove, site_master, locked_by, entity_domain, last_updated_by, last_update_date, key_name) VALUES ('8gt45gyz59e8q45hs0lop8xekku3myhmNM200904120000000000000000000030', '0000000000000000000000000000001000000000000000000000000000000003', '0000000000000000000000000000001000000000000000000000000000000003', 'skpupnce51123yx5ermwk1iy1ron7t5t20070427JS0000000000000000001517', '2014-01-24 11:04:44', 4700, 'com.runwaysdk.system.metadata.MdParameter', 1, 'www.runwaysdk.com', NULL, NULL, '0000000000000000000000000000001000000000000000000000000000000003', '2014-01-24 11:04:44', 'com.runwaysdk.system.scheduler.JobHistoryRecordController.create.dto');
INSERT INTO metadata_parameter ( site_master, last_updated_by, create_date, seq, locked_by, entity_domain, created_by, type, last_update_date, key_name, owner, id, parent_id, child_id) VALUES ('www.runwaysdk.com', '0000000000000000000000000000001000000000000000000000000000000003', '2014-01-24 11:04:44', 4701, NULL, NULL, '0000000000000000000000000000001000000000000000000000000000000003', 'com.runwaysdk.system.MetadataParameter', '2014-01-24 11:04:44', 'com.runwaysdk.system.scheduler.JobHistoryRecordController.create.dto', '0000000000000000000000000000001000000000000000000000000000000003', '0cn18byqm36oisshim7fqmkjfa0886sd20070427JS0000000000000000001524', 'raq6i2lde2rdqgjdoqejnvoqg8idj6qsNM200810110000000000000000000113', 'skpupnce51123yx5ermwk1iy1ron7t5t20070427JS0000000000000000001517');
INSERT INTO metadata_display_label ( default_locale, id, site_master, key_name) VALUES ('edit', '0el4ky7mmwrmntaocgx3xsc5pjgzoky6NM200904120000000000000000000030', 'www.runwaysdk.com', '0el4ky7mmwrmntaocgx3xsc5pjgzoky6NM200904120000000000000000000030');
INSERT INTO metadata_display_label ( default_locale, id, site_master, key_name) VALUES ('Applys an existing instance of com.runwaysdk.system.scheduler.JobHistoryRecord', '2fvoypco9vf6uyu6wxj1u2nh388k1nqeNM200904120000000000000000000030', 'www.runwaysdk.com', '2fvoypco9vf6uyu6wxj1u2nh388k1nqeNM200904120000000000000000000030');
INSERT INTO md_action ( is_query, enclosing_md_controller, is_post, action_name, display_label, id) VALUES (0, '0ilvbebglyddbu58hkxabewiajij9xt9NM200810110000000000000000000112', 0, 'edit', '0el4ky7mmwrmntaocgx3xsc5pjgzoky6NM200904120000000000000000000030', 'r1qqoxtgxgxq2ad64yzwuafi92cwbq43NM200810110000000000000000000113');
INSERT INTO metadata ( description, created_by, owner, id, create_date, seq, type, remove, site_master, locked_by, entity_domain, last_updated_by, last_update_date, key_name) VALUES ('2fvoypco9vf6uyu6wxj1u2nh388k1nqeNM200904120000000000000000000030', '0000000000000000000000000000001000000000000000000000000000000003', '0000000000000000000000000000001000000000000000000000000000000003', 'r1qqoxtgxgxq2ad64yzwuafi92cwbq43NM200810110000000000000000000113', '2014-01-24 11:04:44', 4702, 'com.runwaysdk.system.metadata.MdAction', 1, 'www.runwaysdk.com', NULL, NULL, '0000000000000000000000000000001000000000000000000000000000000003', '2014-01-24 11:04:44', 'com.runwaysdk.system.scheduler.JobHistoryRecordController.edit');
INSERT INTO controller_action ( key_name, locked_by, id, owner, entity_domain, created_by, type, last_update_date, create_date, seq, last_updated_by, site_master, parent_id, child_id) VALUES ('com.runwaysdk.system.scheduler.JobHistoryRecordController.edit', NULL, 'sfn2lvbigit1isbeczxxwbxpund60xuvJS200807230000000000000000111111', '0000000000000000000000000000001000000000000000000000000000000003', NULL, '0000000000000000000000000000001000000000000000000000000000000003', 'com.runwaysdk.system.ControllerAction', '2014-01-24 11:04:44', '2014-01-24 11:04:44', 4703, '0000000000000000000000000000001000000000000000000000000000000003', 'www.runwaysdk.com', '0ilvbebglyddbu58hkxabewiajij9xt9NM200810110000000000000000000112', 'r1qqoxtgxgxq2ad64yzwuafi92cwbq43NM200810110000000000000000000113');
INSERT INTO metadata_display_label ( default_locale, id, site_master, key_name) VALUES ('Parameter: com.runwaysdk.system.scheduler.JobHistoryRecord', 'rauldn02lk20526raym5ryogoupm65q1NM200904120000000000000000000030', 'www.runwaysdk.com', 'rauldn02lk20526raym5ryogoupm65q1NM200904120000000000000000000030');
INSERT INTO metadata_display_label ( default_locale, id, site_master, key_name) VALUES ('com.runwaysdk.system.scheduler.JobHistoryRecord to apply to the database', 'r690k1w8xb4istydxjqnjpv2biftw128NM200904120000000000000000000030', 'www.runwaysdk.com', 'r690k1w8xb4istydxjqnjpv2biftw128NM200904120000000000000000000030');
INSERT INTO md_parameter ( metadata, parameter_order, parameter_name, parameter_type, display_label, id) VALUES ('r1qqoxtgxgxq2ad64yzwuafi92cwbq43NM200810110000000000000000000113', 0, 'id', 'java.lang.String', 'rauldn02lk20526raym5ryogoupm65q1NM200904120000000000000000000030', '29qompjkqhcbtsqwdyymee1ks9e3810h20070427JS0000000000000000001517');
INSERT INTO metadata ( description, created_by, owner, id, create_date, seq, type, remove, site_master, locked_by, entity_domain, last_updated_by, last_update_date, key_name) VALUES ('r690k1w8xb4istydxjqnjpv2biftw128NM200904120000000000000000000030', '0000000000000000000000000000001000000000000000000000000000000003', '0000000000000000000000000000001000000000000000000000000000000003', '29qompjkqhcbtsqwdyymee1ks9e3810h20070427JS0000000000000000001517', '2014-01-24 11:04:44', 4704, 'com.runwaysdk.system.metadata.MdParameter', 1, 'www.runwaysdk.com', NULL, NULL, '0000000000000000000000000000001000000000000000000000000000000003', '2014-01-24 11:04:44', 'com.runwaysdk.system.scheduler.JobHistoryRecordController.edit.id');
INSERT INTO metadata_parameter ( site_master, last_updated_by, create_date, seq, locked_by, entity_domain, created_by, type, last_update_date, key_name, owner, id, parent_id, child_id) VALUES ('www.runwaysdk.com', '0000000000000000000000000000001000000000000000000000000000000003', '2014-01-24 11:04:44', 4705, NULL, NULL, '0000000000000000000000000000001000000000000000000000000000000003', 'com.runwaysdk.system.MetadataParameter', '2014-01-24 11:04:44', 'com.runwaysdk.system.scheduler.JobHistoryRecordController.edit.id', '0000000000000000000000000000001000000000000000000000000000000003', 'zeg44eran4o7eyt9n2h5lnqn38qg3t6y20070427JS0000000000000000001524', 'r1qqoxtgxgxq2ad64yzwuafi92cwbq43NM200810110000000000000000000113', '29qompjkqhcbtsqwdyymee1ks9e3810h20070427JS0000000000000000001517');
INSERT INTO metadata_display_label ( default_locale, id, site_master, key_name) VALUES ('update', '1q5ut6eie2v97quaxt32nv256hopjlpjNM200904120000000000000000000030', 'www.runwaysdk.com', '1q5ut6eie2v97quaxt32nv256hopjlpjNM200904120000000000000000000030');
INSERT INTO metadata_display_label ( default_locale, id, site_master, key_name) VALUES ('Applys an existing instance of com.runwaysdk.system.scheduler.JobHistoryRecord', '7clmr3zi7qzcubigy0d27mazm6lufjn3NM200904120000000000000000000030', 'www.runwaysdk.com', '7clmr3zi7qzcubigy0d27mazm6lufjn3NM200904120000000000000000000030');
INSERT INTO md_action ( is_query, enclosing_md_controller, is_post, action_name, display_label, id) VALUES (0, '0ilvbebglyddbu58hkxabewiajij9xt9NM200810110000000000000000000112', 1, 'update', '1q5ut6eie2v97quaxt32nv256hopjlpjNM200904120000000000000000000030', 'se4jzpb121p65xsnx3qbeurc2ittzyihNM200810110000000000000000000113');
INSERT INTO metadata ( description, created_by, owner, id, create_date, seq, type, remove, site_master, locked_by, entity_domain, last_updated_by, last_update_date, key_name) VALUES ('7clmr3zi7qzcubigy0d27mazm6lufjn3NM200904120000000000000000000030', '0000000000000000000000000000001000000000000000000000000000000003', '0000000000000000000000000000001000000000000000000000000000000003', 'se4jzpb121p65xsnx3qbeurc2ittzyihNM200810110000000000000000000113', '2014-01-24 11:04:44', 4706, 'com.runwaysdk.system.metadata.MdAction', 1, 'www.runwaysdk.com', NULL, NULL, '0000000000000000000000000000001000000000000000000000000000000003', '2014-01-24 11:04:44', 'com.runwaysdk.system.scheduler.JobHistoryRecordController.update');
INSERT INTO controller_action ( key_name, locked_by, id, owner, entity_domain, created_by, type, last_update_date, create_date, seq, last_updated_by, site_master, parent_id, child_id) VALUES ('com.runwaysdk.system.scheduler.JobHistoryRecordController.update', NULL, '28o9zoxughohoq620zb6ohxdugoc0mr1JS200807230000000000000000111111', '0000000000000000000000000000001000000000000000000000000000000003', NULL, '0000000000000000000000000000001000000000000000000000000000000003', 'com.runwaysdk.system.ControllerAction', '2014-01-24 11:04:44', '2014-01-24 11:04:44', 4707, '0000000000000000000000000000001000000000000000000000000000000003', 'www.runwaysdk.com', '0ilvbebglyddbu58hkxabewiajij9xt9NM200810110000000000000000000112', 'se4jzpb121p65xsnx3qbeurc2ittzyihNM200810110000000000000000000113');
INSERT INTO metadata_display_label ( default_locale, id, site_master, key_name) VALUES ('Parameter: com.runwaysdk.system.scheduler.JobHistoryRecord - dto', '0nxaslng55qw76issj9tpttbxnvumsq8NM200904120000000000000000000030', 'www.runwaysdk.com', '0nxaslng55qw76issj9tpttbxnvumsq8NM200904120000000000000000000030');
INSERT INTO metadata_display_label ( default_locale, id, site_master, key_name) VALUES ('com.runwaysdk.system.scheduler.JobHistoryRecord to apply to the database', '8z1ep62xu9l9xc38p8u9brcvz0vh1tsbNM200904120000000000000000000030', 'www.runwaysdk.com', '8z1ep62xu9l9xc38p8u9brcvz0vh1tsbNM200904120000000000000000000030');
INSERT INTO md_parameter ( metadata, parameter_order, parameter_name, parameter_type, display_label, id) VALUES ('se4jzpb121p65xsnx3qbeurc2ittzyihNM200810110000000000000000000113', 0, 'dto', 'com.runwaysdk.system.scheduler.JobHistoryRecord', '0nxaslng55qw76issj9tpttbxnvumsq8NM200904120000000000000000000030', '2al9h635eteq5g9sdzfy575qkzfkjsws20070427JS0000000000000000001517');
INSERT INTO metadata ( description, created_by, owner, id, create_date, seq, type, remove, site_master, locked_by, entity_domain, last_updated_by, last_update_date, key_name) VALUES ('8z1ep62xu9l9xc38p8u9brcvz0vh1tsbNM200904120000000000000000000030', '0000000000000000000000000000001000000000000000000000000000000003', '0000000000000000000000000000001000000000000000000000000000000003', '2al9h635eteq5g9sdzfy575qkzfkjsws20070427JS0000000000000000001517', '2014-01-24 11:04:44', 4708, 'com.runwaysdk.system.metadata.MdParameter', 1, 'www.runwaysdk.com', NULL, NULL, '0000000000000000000000000000001000000000000000000000000000000003', '2014-01-24 11:04:44', 'com.runwaysdk.system.scheduler.JobHistoryRecordController.update.dto');
INSERT INTO metadata_parameter ( site_master, last_updated_by, create_date, seq, locked_by, entity_domain, created_by, type, last_update_date, key_name, owner, id, parent_id, child_id) VALUES ('www.runwaysdk.com', '0000000000000000000000000000001000000000000000000000000000000003', '2014-01-24 11:04:44', 4709, NULL, NULL, '0000000000000000000000000000001000000000000000000000000000000003', 'com.runwaysdk.system.MetadataParameter', '2014-01-24 11:04:44', 'com.runwaysdk.system.scheduler.JobHistoryRecordController.update.dto', '0000000000000000000000000000001000000000000000000000000000000003', '8jhveg15mo81qf74t4d2tijil153lqhc20070427JS0000000000000000001524', 'se4jzpb121p65xsnx3qbeurc2ittzyihNM200810110000000000000000000113', '2al9h635eteq5g9sdzfy575qkzfkjsws20070427JS0000000000000000001517');
INSERT INTO metadata_display_label ( default_locale, id, site_master, key_name) VALUES ('cancel', 'sdc990qwtobm96ocpx2d4rf3dxvzpajqNM200904120000000000000000000030', 'www.runwaysdk.com', 'sdc990qwtobm96ocpx2d4rf3dxvzpajqNM200904120000000000000000000030');
INSERT INTO metadata_display_label ( default_locale, id, site_master, key_name) VALUES ('Unlocks an instance com.runwaysdk.system.scheduler.JobHistoryRecord', 'smf6sbatvgf87ymbof2zw332y7w6x1frNM200904120000000000000000000030', 'www.runwaysdk.com', 'smf6sbatvgf87ymbof2zw332y7w6x1frNM200904120000000000000000000030');
INSERT INTO md_action ( is_query, enclosing_md_controller, is_post, action_name, display_label, id) VALUES (0, '0ilvbebglyddbu58hkxabewiajij9xt9NM200810110000000000000000000112', 1, 'cancel', 'sdc990qwtobm96ocpx2d4rf3dxvzpajqNM200904120000000000000000000030', '8ft755321y7clc7c2vjsufqn432whzwxNM200810110000000000000000000113');
INSERT INTO metadata ( description, created_by, owner, id, create_date, seq, type, remove, site_master, locked_by, entity_domain, last_updated_by, last_update_date, key_name) VALUES ('smf6sbatvgf87ymbof2zw332y7w6x1frNM200904120000000000000000000030', '0000000000000000000000000000001000000000000000000000000000000003', '0000000000000000000000000000001000000000000000000000000000000003', '8ft755321y7clc7c2vjsufqn432whzwxNM200810110000000000000000000113', '2014-01-24 11:04:44', 4710, 'com.runwaysdk.system.metadata.MdAction', 1, 'www.runwaysdk.com', NULL, NULL, '0000000000000000000000000000001000000000000000000000000000000003', '2014-01-24 11:04:44', 'com.runwaysdk.system.scheduler.JobHistoryRecordController.cancel');
INSERT INTO controller_action ( key_name, locked_by, id, owner, entity_domain, created_by, type, last_update_date, create_date, seq, last_updated_by, site_master, parent_id, child_id) VALUES ('com.runwaysdk.system.scheduler.JobHistoryRecordController.cancel', NULL, 'xmqxiqq7qbjfrgyl8pixcrqmlcfh354xJS200807230000000000000000111111', '0000000000000000000000000000001000000000000000000000000000000003', NULL, '0000000000000000000000000000001000000000000000000000000000000003', 'com.runwaysdk.system.ControllerAction', '2014-01-24 11:04:44', '2014-01-24 11:04:44', 4711, '0000000000000000000000000000001000000000000000000000000000000003', 'www.runwaysdk.com', '0ilvbebglyddbu58hkxabewiajij9xt9NM200810110000000000000000000112', '8ft755321y7clc7c2vjsufqn432whzwxNM200810110000000000000000000113');
INSERT INTO metadata_display_label ( default_locale, id, site_master, key_name) VALUES ('Parameter: com.runwaysdk.system.scheduler.JobHistoryRecord - dto', '0rvf3wz761mkn70wpvhnd4z58ucypfdlNM200904120000000000000000000030', 'www.runwaysdk.com', '0rvf3wz761mkn70wpvhnd4z58ucypfdlNM200904120000000000000000000030');
INSERT INTO metadata_display_label ( default_locale, id, site_master, key_name) VALUES ('com.runwaysdk.system.scheduler.JobHistoryRecord to unlock', 'za8lffgpj6tjsoewac7iu1iat9al52fuNM200904120000000000000000000030', 'www.runwaysdk.com', 'za8lffgpj6tjsoewac7iu1iat9al52fuNM200904120000000000000000000030');
INSERT INTO md_parameter ( metadata, parameter_order, parameter_name, parameter_type, display_label, id) VALUES ('8ft755321y7clc7c2vjsufqn432whzwxNM200810110000000000000000000113', 0, 'dto', 'com.runwaysdk.system.scheduler.JobHistoryRecord', '0rvf3wz761mkn70wpvhnd4z58ucypfdlNM200904120000000000000000000030', '0iboqszzks5szs4wj340aoxwvx6p2kdg20070427JS0000000000000000001517');
INSERT INTO metadata ( description, created_by, owner, id, create_date, seq, type, remove, site_master, locked_by, entity_domain, last_updated_by, last_update_date, key_name) VALUES ('za8lffgpj6tjsoewac7iu1iat9al52fuNM200904120000000000000000000030', '0000000000000000000000000000001000000000000000000000000000000003', '0000000000000000000000000000001000000000000000000000000000000003', '0iboqszzks5szs4wj340aoxwvx6p2kdg20070427JS0000000000000000001517', '2014-01-24 11:04:44', 4712, 'com.runwaysdk.system.metadata.MdParameter', 1, 'www.runwaysdk.com', NULL, NULL, '0000000000000000000000000000001000000000000000000000000000000003', '2014-01-24 11:04:44', 'com.runwaysdk.system.scheduler.JobHistoryRecordController.cancel.dto');
INSERT INTO metadata_parameter ( site_master, last_updated_by, create_date, seq, locked_by, entity_domain, created_by, type, last_update_date, key_name, owner, id, parent_id, child_id) VALUES ('www.runwaysdk.com', '0000000000000000000000000000001000000000000000000000000000000003', '2014-01-24 11:04:44', 4713, NULL, NULL, '0000000000000000000000000000001000000000000000000000000000000003', 'com.runwaysdk.system.MetadataParameter', '2014-01-24 11:04:44', 'com.runwaysdk.system.scheduler.JobHistoryRecordController.cancel.dto', '0000000000000000000000000000001000000000000000000000000000000003', 'zd59kqzrj1ndqkbyfjxjhw95kn5h770y20070427JS0000000000000000001524', '8ft755321y7clc7c2vjsufqn432whzwxNM200810110000000000000000000113', '0iboqszzks5szs4wj340aoxwvx6p2kdg20070427JS0000000000000000001517');
INSERT INTO metadata_display_label ( default_locale, id, site_master, key_name) VALUES ('delete', '6pp7s3xc69ae0ybhc7041c4lvsmpbudkNM200904120000000000000000000030', 'www.runwaysdk.com', '6pp7s3xc69ae0ybhc7041c4lvsmpbudkNM200904120000000000000000000030');
INSERT INTO metadata_display_label ( default_locale, id, site_master, key_name) VALUES ('Delete an instance of com.runwaysdk.system.scheduler.JobHistoryRecord', 't1i62m5ombnx3snpzvmvjwl0wyet43k4NM200904120000000000000000000030', 'www.runwaysdk.com', 't1i62m5ombnx3snpzvmvjwl0wyet43k4NM200904120000000000000000000030');
INSERT INTO md_action ( is_query, enclosing_md_controller, is_post, action_name, display_label, id) VALUES (0, '0ilvbebglyddbu58hkxabewiajij9xt9NM200810110000000000000000000112', 1, 'delete', '6pp7s3xc69ae0ybhc7041c4lvsmpbudkNM200904120000000000000000000030', '1v29zxcxbu4ccugxf7yhs2lvcolag6s4NM200810110000000000000000000113');
INSERT INTO metadata ( description, created_by, owner, id, create_date, seq, type, remove, site_master, locked_by, entity_domain, last_updated_by, last_update_date, key_name) VALUES ('t1i62m5ombnx3snpzvmvjwl0wyet43k4NM200904120000000000000000000030', '0000000000000000000000000000001000000000000000000000000000000003', '0000000000000000000000000000001000000000000000000000000000000003', '1v29zxcxbu4ccugxf7yhs2lvcolag6s4NM200810110000000000000000000113', '2014-01-24 11:04:44', 4714, 'com.runwaysdk.system.metadata.MdAction', 1, 'www.runwaysdk.com', NULL, NULL, '0000000000000000000000000000001000000000000000000000000000000003', '2014-01-24 11:04:44', 'com.runwaysdk.system.scheduler.JobHistoryRecordController.delete');
INSERT INTO controller_action ( key_name, locked_by, id, owner, entity_domain, created_by, type, last_update_date, create_date, seq, last_updated_by, site_master, parent_id, child_id) VALUES ('com.runwaysdk.system.scheduler.JobHistoryRecordController.delete', NULL, 'qv64l21cljf2n5fslavc3a64uxnpvqlwJS200807230000000000000000111111', '0000000000000000000000000000001000000000000000000000000000000003', NULL, '0000000000000000000000000000001000000000000000000000000000000003', 'com.runwaysdk.system.ControllerAction', '2014-01-24 11:04:44', '2014-01-24 11:04:44', 4715, '0000000000000000000000000000001000000000000000000000000000000003', 'www.runwaysdk.com', '0ilvbebglyddbu58hkxabewiajij9xt9NM200810110000000000000000000112', '1v29zxcxbu4ccugxf7yhs2lvcolag6s4NM200810110000000000000000000113');
INSERT INTO metadata_display_label ( default_locale, id, site_master, key_name) VALUES ('Parameter: com.runwaysdk.system.scheduler.JobHistoryRecord - dto', 'xeq0re01hq2c8qevv2q8zp853u7vr01tNM200904120000000000000000000030', 'www.runwaysdk.com', 'xeq0re01hq2c8qevv2q8zp853u7vr01tNM200904120000000000000000000030');
INSERT INTO metadata_display_label ( default_locale, id, site_master, key_name) VALUES ('com.runwaysdk.system.scheduler.JobHistoryRecord to delete', 'skubi04bv1qz8na6s7m5u7f0jtxi5r7yNM200904120000000000000000000030', 'www.runwaysdk.com', 'skubi04bv1qz8na6s7m5u7f0jtxi5r7yNM200904120000000000000000000030');
INSERT INTO md_parameter ( metadata, parameter_order, parameter_name, parameter_type, display_label, id) VALUES ('1v29zxcxbu4ccugxf7yhs2lvcolag6s4NM200810110000000000000000000113', 0, 'dto', 'com.runwaysdk.system.scheduler.JobHistoryRecord', 'xeq0re01hq2c8qevv2q8zp853u7vr01tNM200904120000000000000000000030', '0cfquy9e4ixvg7jgcb0x75esojr2sc2w20070427JS0000000000000000001517');
INSERT INTO metadata ( description, created_by, owner, id, create_date, seq, type, remove, site_master, locked_by, entity_domain, last_updated_by, last_update_date, key_name) VALUES ('skubi04bv1qz8na6s7m5u7f0jtxi5r7yNM200904120000000000000000000030', '0000000000000000000000000000001000000000000000000000000000000003', '0000000000000000000000000000001000000000000000000000000000000003', '0cfquy9e4ixvg7jgcb0x75esojr2sc2w20070427JS0000000000000000001517', '2014-01-24 11:04:44', 4716, 'com.runwaysdk.system.metadata.MdParameter', 1, 'www.runwaysdk.com', NULL, NULL, '0000000000000000000000000000001000000000000000000000000000000003', '2014-01-24 11:04:44', 'com.runwaysdk.system.scheduler.JobHistoryRecordController.delete.dto');
INSERT INTO metadata_parameter ( site_master, last_updated_by, create_date, seq, locked_by, entity_domain, created_by, type, last_update_date, key_name, owner, id, parent_id, child_id) VALUES ('www.runwaysdk.com', '0000000000000000000000000000001000000000000000000000000000000003', '2014-01-24 11:04:44', 4717, NULL, NULL, '0000000000000000000000000000001000000000000000000000000000000003', 'com.runwaysdk.system.MetadataParameter', '2014-01-24 11:04:44', 'com.runwaysdk.system.scheduler.JobHistoryRecordController.delete.dto', '0000000000000000000000000000001000000000000000000000000000000003', '0aymshou2qv3b7ifa1ewxzzop5bqtz1v20070427JS0000000000000000001524', '1v29zxcxbu4ccugxf7yhs2lvcolag6s4NM200810110000000000000000000113', '0cfquy9e4ixvg7jgcb0x75esojr2sc2w20070427JS0000000000000000001517');
INSERT INTO metadata_display_label ( default_locale, id, site_master, key_name) VALUES ('New Relationship', 'qqqbyhtzefwjsbtzfapvhkks4gxfv5uoNM200904120000000000000000000030', 'www.runwaysdk.com', 'qqqbyhtzefwjsbtzfapvhkks4gxfv5uoNM200904120000000000000000000030');
INSERT INTO metadata_display_label ( default_locale, id, site_master, key_name) VALUES ('Loads all relavent Parent and Child references into the request attribute for a new relationship', '77o3dyzl0oj4fipp1yv6qkxfh38yowk7NM200904120000000000000000000030', 'www.runwaysdk.com', '77o3dyzl0oj4fipp1yv6qkxfh38yowk7NM200904120000000000000000000030');
INSERT INTO md_action ( is_query, enclosing_md_controller, is_post, action_name, display_label, id) VALUES (0, '0ilvbebglyddbu58hkxabewiajij9xt9NM200810110000000000000000000112', 0, 'newRelationship', 'qqqbyhtzefwjsbtzfapvhkks4gxfv5uoNM200904120000000000000000000030', '8hworg29mfq1ayy700pc5sqrlnux3x2oNM200810110000000000000000000113');
INSERT INTO metadata ( description, created_by, owner, id, create_date, seq, type, remove, site_master, locked_by, entity_domain, last_updated_by, last_update_date, key_name) VALUES ('77o3dyzl0oj4fipp1yv6qkxfh38yowk7NM200904120000000000000000000030', '0000000000000000000000000000001000000000000000000000000000000003', '0000000000000000000000000000001000000000000000000000000000000003', '8hworg29mfq1ayy700pc5sqrlnux3x2oNM200810110000000000000000000113', '2014-01-24 11:04:44', 4718, 'com.runwaysdk.system.metadata.MdAction', 1, 'www.runwaysdk.com', NULL, NULL, '0000000000000000000000000000001000000000000000000000000000000003', '2014-01-24 11:04:44', 'com.runwaysdk.system.scheduler.JobHistoryRecordController.newRelationship');
INSERT INTO controller_action ( key_name, locked_by, id, owner, entity_domain, created_by, type, last_update_date, create_date, seq, last_updated_by, site_master, parent_id, child_id) VALUES ('com.runwaysdk.system.scheduler.JobHistoryRecordController.newRelationship', NULL, 'rcphc1aan4s0kv2qjagnn8n8vi0xxtrhJS200807230000000000000000111111', '0000000000000000000000000000001000000000000000000000000000000003', NULL, '0000000000000000000000000000001000000000000000000000000000000003', 'com.runwaysdk.system.ControllerAction', '2014-01-24 11:04:44', '2014-01-24 11:04:44', 4719, '0000000000000000000000000000001000000000000000000000000000000003', 'www.runwaysdk.com', '0ilvbebglyddbu58hkxabewiajij9xt9NM200810110000000000000000000112', '8hworg29mfq1ayy700pc5sqrlnux3x2oNM200810110000000000000000000113');
INSERT INTO metadata_display_label ( default_locale, id, site_master, key_name) VALUES ('Parent Query', 'qo2zmndursqyivoz1dyy72778fthsph3NM200904120000000000000000000030', 'www.runwaysdk.com', 'qo2zmndursqyivoz1dyy72778fthsph3NM200904120000000000000000000030');
INSERT INTO metadata_display_label ( default_locale, id, site_master, key_name) VALUES (NULL, 'sp23tm2mpkcrr2va1e4gg4mgh8azl9loNM200904120000000000000000000030', 'www.runwaysdk.com', 'sp23tm2mpkcrr2va1e4gg4mgh8azl9loNM200904120000000000000000000030');
INSERT INTO md_action ( is_query, enclosing_md_controller, is_post, action_name, display_label, id) VALUES (0, '0ilvbebglyddbu58hkxabewiajij9xt9NM200810110000000000000000000112', 0, 'parentQuery', 'qo2zmndursqyivoz1dyy72778fthsph3NM200904120000000000000000000030', '7blsgx0xmic1gxeaxfi7pqy80e0qwnd2NM200810110000000000000000000113');
INSERT INTO metadata ( description, created_by, owner, id, create_date, seq, type, remove, site_master, locked_by, entity_domain, last_updated_by, last_update_date, key_name) VALUES ('sp23tm2mpkcrr2va1e4gg4mgh8azl9loNM200904120000000000000000000030', '0000000000000000000000000000001000000000000000000000000000000003', '0000000000000000000000000000001000000000000000000000000000000003', '7blsgx0xmic1gxeaxfi7pqy80e0qwnd2NM200810110000000000000000000113', '2014-01-24 11:04:44', 4720, 'com.runwaysdk.system.metadata.MdAction', 1, 'www.runwaysdk.com', NULL, NULL, '0000000000000000000000000000001000000000000000000000000000000003', '2014-01-24 11:04:44', 'com.runwaysdk.system.scheduler.JobHistoryRecordController.parentQuery');
INSERT INTO controller_action ( key_name, locked_by, id, owner, entity_domain, created_by, type, last_update_date, create_date, seq, last_updated_by, site_master, parent_id, child_id) VALUES ('com.runwaysdk.system.scheduler.JobHistoryRecordController.parentQuery', NULL, '0pbxv3tmgvyzs04l1tk0vzn6z8dfe6s6JS200807230000000000000000111111', '0000000000000000000000000000001000000000000000000000000000000003', NULL, '0000000000000000000000000000001000000000000000000000000000000003', 'com.runwaysdk.system.ControllerAction', '2014-01-24 11:04:44', '2014-01-24 11:04:44', 4721, '0000000000000000000000000000001000000000000000000000000000000003', 'www.runwaysdk.com', '0ilvbebglyddbu58hkxabewiajij9xt9NM200810110000000000000000000112', '7blsgx0xmic1gxeaxfi7pqy80e0qwnd2NM200810110000000000000000000113');
INSERT INTO metadata_display_label ( default_locale, id, site_master, key_name) VALUES ('Parent Parameter: com.runwaysdk.system.scheduler.JobHistoryRecord', '8xoggbaoksqqt8chlla7pb701fbm59bxNM200904120000000000000000000030', 'www.runwaysdk.com', '8xoggbaoksqqt8chlla7pb701fbm59bxNM200904120000000000000000000030');
INSERT INTO metadata_display_label ( default_locale, id, site_master, key_name) VALUES (NULL, 'qo9vksozx5toen0rq885wzyi4its9ehlNM200904120000000000000000000030', 'www.runwaysdk.com', 'qo9vksozx5toen0rq885wzyi4its9ehlNM200904120000000000000000000030');
INSERT INTO md_parameter ( metadata, parameter_order, parameter_name, parameter_type, display_label, id) VALUES ('7blsgx0xmic1gxeaxfi7pqy80e0qwnd2NM200810110000000000000000000113', 0, 'parentId', 'java.lang.String', '8xoggbaoksqqt8chlla7pb701fbm59bxNM200904120000000000000000000030', 'znif6nlkweowke8cjjw1v4p2x9lau4oa20070427JS0000000000000000001517');
INSERT INTO metadata ( description, created_by, owner, id, create_date, seq, type, remove, site_master, locked_by, entity_domain, last_updated_by, last_update_date, key_name) VALUES ('qo9vksozx5toen0rq885wzyi4its9ehlNM200904120000000000000000000030', '0000000000000000000000000000001000000000000000000000000000000003', '0000000000000000000000000000001000000000000000000000000000000003', 'znif6nlkweowke8cjjw1v4p2x9lau4oa20070427JS0000000000000000001517', '2014-01-24 11:04:44', 4722, 'com.runwaysdk.system.metadata.MdParameter', 1, 'www.runwaysdk.com', NULL, NULL, '0000000000000000000000000000001000000000000000000000000000000003', '2014-01-24 11:04:44', 'com.runwaysdk.system.scheduler.JobHistoryRecordController.parentQuery.parentId');
INSERT INTO metadata_parameter ( site_master, last_updated_by, create_date, seq, locked_by, entity_domain, created_by, type, last_update_date, key_name, owner, id, parent_id, child_id) VALUES ('www.runwaysdk.com', '0000000000000000000000000000001000000000000000000000000000000003', '2014-01-24 11:04:44', 4723, NULL, NULL, '0000000000000000000000000000001000000000000000000000000000000003', 'com.runwaysdk.system.MetadataParameter', '2014-01-24 11:04:44', 'com.runwaysdk.system.scheduler.JobHistoryRecordController.parentQuery.parentId', '0000000000000000000000000000001000000000000000000000000000000003', '068zbg3ss2n7x6lgfpkvrjqozd0uoiaw20070427JS0000000000000000001524', '7blsgx0xmic1gxeaxfi7pqy80e0qwnd2NM200810110000000000000000000113', 'znif6nlkweowke8cjjw1v4p2x9lau4oa20070427JS0000000000000000001517');
INSERT INTO metadata_display_label ( default_locale, id, site_master, key_name) VALUES ('Child Query', '94bvb17ck7drnkqq2k973nmmi1uooftiNM200904120000000000000000000030', 'www.runwaysdk.com', '94bvb17ck7drnkqq2k973nmmi1uooftiNM200904120000000000000000000030');
INSERT INTO metadata_display_label ( default_locale, id, site_master, key_name) VALUES ('Returns all instances of this relationship with the given child', 'xs0ndg88h2pmst084wcc4kvd3gdpipbtNM200904120000000000000000000030', 'www.runwaysdk.com', 'xs0ndg88h2pmst084wcc4kvd3gdpipbtNM200904120000000000000000000030');
INSERT INTO md_action ( is_query, enclosing_md_controller, is_post, action_name, display_label, id) VALUES (0, '0ilvbebglyddbu58hkxabewiajij9xt9NM200810110000000000000000000112', 0, 'childQuery', '94bvb17ck7drnkqq2k973nmmi1uooftiNM200904120000000000000000000030', 'r5g4xd0qxqx7bw05g14awdfhe0d5c75nNM200810110000000000000000000113');
INSERT INTO metadata ( description, created_by, owner, id, create_date, seq, type, remove, site_master, locked_by, entity_domain, last_updated_by, last_update_date, key_name) VALUES ('xs0ndg88h2pmst084wcc4kvd3gdpipbtNM200904120000000000000000000030', '0000000000000000000000000000001000000000000000000000000000000003', '0000000000000000000000000000001000000000000000000000000000000003', 'r5g4xd0qxqx7bw05g14awdfhe0d5c75nNM200810110000000000000000000113', '2014-01-24 11:04:44', 4724, 'com.runwaysdk.system.metadata.MdAction', 1, 'www.runwaysdk.com', NULL, NULL, '0000000000000000000000000000001000000000000000000000000000000003', '2014-01-24 11:04:44', 'com.runwaysdk.system.scheduler.JobHistoryRecordController.childQuery');
INSERT INTO controller_action ( key_name, locked_by, id, owner, entity_domain, created_by, type, last_update_date, create_date, seq, last_updated_by, site_master, parent_id, child_id) VALUES ('com.runwaysdk.system.scheduler.JobHistoryRecordController.childQuery', NULL, 'xdhietgkaye6h1ld5m9z7ku0aus9x3smJS200807230000000000000000111111', '0000000000000000000000000000001000000000000000000000000000000003', NULL, '0000000000000000000000000000001000000000000000000000000000000003', 'com.runwaysdk.system.ControllerAction', '2014-01-24 11:04:44', '2014-01-24 11:04:44', 4725, '0000000000000000000000000000001000000000000000000000000000000003', 'www.runwaysdk.com', '0ilvbebglyddbu58hkxabewiajij9xt9NM200810110000000000000000000112', 'r5g4xd0qxqx7bw05g14awdfhe0d5c75nNM200810110000000000000000000113');
INSERT INTO metadata_display_label ( default_locale, id, site_master, key_name) VALUES ('Child Parameter: com.runwaysdk.system.scheduler.JobHistoryRecord', '8ssd6byjrw0rbpef9lfxned7jwrmyuouNM200904120000000000000000000030', 'www.runwaysdk.com', '8ssd6byjrw0rbpef9lfxned7jwrmyuouNM200904120000000000000000000030');
INSERT INTO metadata_display_label ( default_locale, id, site_master, key_name) VALUES ('Child of the Relationship', 'qx1kzk1eseh53uuen7znwea0mfjf27puNM200904120000000000000000000030', 'www.runwaysdk.com', 'qx1kzk1eseh53uuen7znwea0mfjf27puNM200904120000000000000000000030');
INSERT INTO md_parameter ( metadata, parameter_order, parameter_name, parameter_type, display_label, id) VALUES ('r5g4xd0qxqx7bw05g14awdfhe0d5c75nNM200810110000000000000000000113', 1, 'childId', 'java.lang.String', '8ssd6byjrw0rbpef9lfxned7jwrmyuouNM200904120000000000000000000030', '0nb2b9ymcm081nt6koyotoae87i1d3ze20070427JS0000000000000000001517');
INSERT INTO metadata ( description, created_by, owner, id, create_date, seq, type, remove, site_master, locked_by, entity_domain, last_updated_by, last_update_date, key_name) VALUES ('qx1kzk1eseh53uuen7znwea0mfjf27puNM200904120000000000000000000030', '0000000000000000000000000000001000000000000000000000000000000003', '0000000000000000000000000000001000000000000000000000000000000003', '0nb2b9ymcm081nt6koyotoae87i1d3ze20070427JS0000000000000000001517', '2014-01-24 11:04:44', 4726, 'com.runwaysdk.system.metadata.MdParameter', 1, 'www.runwaysdk.com', NULL, NULL, '0000000000000000000000000000001000000000000000000000000000000003', '2014-01-24 11:04:44', 'com.runwaysdk.system.scheduler.JobHistoryRecordController.childQuery.childId');
INSERT INTO metadata_parameter ( site_master, last_updated_by, create_date, seq, locked_by, entity_domain, created_by, type, last_update_date, key_name, owner, id, parent_id, child_id) VALUES ('www.runwaysdk.com', '0000000000000000000000000000001000000000000000000000000000000003', '2014-01-24 11:04:44', 4727, NULL, NULL, '0000000000000000000000000000001000000000000000000000000000000003', 'com.runwaysdk.system.MetadataParameter', '2014-01-24 11:04:44', 'com.runwaysdk.system.scheduler.JobHistoryRecordController.childQuery.childId', '0000000000000000000000000000001000000000000000000000000000000003', 'qxfyfd6y2l2rxy6nfweck3u3rwqchx7k20070427JS0000000000000000001524', 'r5g4xd0qxqx7bw05g14awdfhe0d5c75nNM200810110000000000000000000113', '0nb2b9ymcm081nt6koyotoae87i1d3ze20070427JS0000000000000000001517');
