<?xml version="1.0"?>
<rows>
	<row id="1">
		<cell type="sub_row_ajax">pro_subrows.html</cell>
		<cell>Loaded by ajax</cell>
		<cell>John Grisham</cell>
		<cell>12.99</cell>
		<cell>1</cell>
		<cell>24</cell>
		<cell>0</cell>
		<cell>05/01/1998</cell>
	</row>
	<row id="2">
		<cell type="sub_row_grid">sub.xml</cell>
		<cell >Sub grid 1</cell>
		<cell>Stephen King</cell>
		<cell>0</cell>
		<cell>1</cell>
		<cell>24</cell>
		<cell>0</cell>
		<cell>01/01/2000</cell>
	</row>
	<row id="3" >
		<cell type="sub_row_grid">sub.xml</cell>
		<cell>Sub grid 2</cell>
		<cell>John Grisham</cell>
		<cell>7.99</cell>
		<cell>0</cell>
		<cell>48</cell>
		<cell>0</cell>
		<cell>12/01/2001</cell>
	</row>
	<row id="4">
		<cell>350</cell>
		<cell>The Green Mile</cell>
		<cell>Stephen King</cell>
		<cell>11.10</cell>
		<cell>1</cell>
		<cell>24</cell>
		<cell>0</cell>
		<cell>01/01/1992</cell>
	</row>
	<row id="5">
		<cell>700</cell>
		<cell>Misery</cell>
		<cell>Stephen King</cell>
		<cell>7.70</cell>
		<cell>0</cell>
		<cell>na</cell>
		<cell>0</cell>
		<cell>01/01/2003</cell>
	</row>
	<row id="6">
		<cell>-1200</cell>
		<cell>The Dark Half</cell>
		<cell>Stephen King</cell>
		<cell>0</cell>
		<cell>0</cell>
		<cell>48</cell>
		<cell>0</cell>
		<cell>10/30/1999</cell>
	</row>
	<row id="7">
		<cell>1500</cell>
		<cell>The Partner</cell>
		<cell>John Grisham</cell>
		<cell>12.99</cell>
		<cell>1</cell>
		<cell>48</cell>
		<cell>1</cell>
		<cell>01/01/2005</cell>
	</row>
	<row id="8">
		<cell>500</cell>
		<cell>It</cell>
		<cell>Stephen King</cell>
		<cell>9.70</cell>
		<cell>0</cell>
		<cell>na</cell>
		<cell>0</cell>
		<cell>10/15/2001</cell>
	</row>
	<row id="9">
		<cell>400</cell>
		<cell>Cousin Bette</cell>
		<cell>Honore de Balzac</cell>
		<cell>0</cell>
		<cell>1</cell>
		<cell>1</cell>
		<cell>0</cell>
		<cell>12/01/1991</cell>
	</row>
	<row id="10">
		<cell>-100</cell>
		<cell>Boris Godunov</cell>
		<cell>Alexandr Pushkin</cell>
		<cell>7.15</cell>
		<cell>1</cell>
		<cell>1</cell>
		<cell>0</cell>
		<cell>01/01/1999</cell>
	</row>
	<row id="11">
		<cell>-150</cell>
		<cell>Alice in Wonderland</cell>
		<cell>Lewis Carroll</cell>
		<cell>4.15</cell>
		<cell>1</cell>
		<cell>1</cell>
		<cell>0</cell>
		<cell>01/01/1999</cell>
	</row>
</rows>
