INSERT INTO class_attribute ( id, parent_id, child_id) VALUES ('0ov2q9omvlqql2vvaw1uaz35ejcae1f600000000000000000000000000000073', 'xxgja2qd4vf96xfgyf3j8gb2q2e6mrkp8ur2ybsvotytfkh9zedkv3n8v8gtzfx7', 'rbptd963gl1rp5yh24h7v5f71doh74s800000000000000000000000000000138');
INSERT INTO metadata_relationship ( entity_domain, site_master, last_updated_by, id, owner, locked_by, create_date, type, created_by, seq, key_name, last_update_date, parent_id, child_id) VALUES (NULL, 'www.runwaysdk.com', '0000000000000000000000000000001000000000000000000000000000000003', '0ov2q9omvlqql2vvaw1uaz35ejcae1f600000000000000000000000000000073', '0000000000000000000000000000001000000000000000000000000000000003', NULL, '2014-05-12 19:02:00', 'com.runwaysdk.system.metadata.ClassAttributeConcrete', '0000000000000000000000000000001000000000000000000000000000000003', 4902, 'com.runwaysdk.system.ontology.ClassifierIsARelationship.id', '2014-05-12 19:02:00', 'xxgja2qd4vf96xfgyf3j8gb2q2e6mrkp8ur2ybsvotytfkh9zedkv3n8v8gtzfx7', 'rbptd963gl1rp5yh24h7v5f71doh74s800000000000000000000000000000138');
 INSERT INTO visibilitymodifier (set_id, item_id)  VALUES  ('qrpaupbb5yvc6v0jy9e5v9rxdzwbw3g0', '20071109NM000000000000000000000520071109NM0000000000000000000001');
INSERT INTO metadata_display_label ( default_locale, id, site_master, key_name) VALUES ('Site Master', 'y0xveyrbp723sh3loo0u5ouqfpzngkl2NM200904120000000000000000000030', 'www.runwaysdk.com', 'y0xveyrbp723sh3loo0u5ouqfpzngkl2NM200904120000000000000000000030');
 INSERT INTO visibilitymodifier (set_id, item_id)  VALUES  ('xtkozzyn0a3mqcxp1yi47vb96eex7ejm', '20071109NM000000000000000000000520071109NM0000000000000000000001');
 INSERT INTO md_attribute_indicies (set_id, item_id)  VALUES  ('shjrbr83g67amkzfumt2710e4udriy2y', '0000000000000000000000000000040100000000000000000000000000000403');
INSERT INTO metadata_display_label ( default_locale, id, site_master, key_name) VALUES ('The name of the site responsible for this object', '799joxehzmxitz8nx5obp6mzu3j5ynpkNM200904120000000000000000000030', 'www.runwaysdk.com', '799joxehzmxitz8nx5obp6mzu3j5ynpkNM200904120000000000000000000030');
INSERT INTO md_attribute_character ( default_value, database_size, id) VALUES (NULL, 255, '6r3a3chenl5r1en7gnqvsn9eqkgjxgbu00000000000000000000000000000138');
INSERT INTO md_attribute_char ( id) VALUES ('6r3a3chenl5r1en7gnqvsn9eqkgjxgbu00000000000000000000000000000138');
INSERT INTO md_attribute_primitive ( id) VALUES ('6r3a3chenl5r1en7gnqvsn9eqkgjxgbu00000000000000000000000000000138');
INSERT INTO md_attribute_concrete ( column_name, defining_md_class, setter_visibility, setter_visibility_c, immutable, index_name, generate_accessor, system, required, display_label, getter_visibility, getter_visibility_c, index_type, index_type_c, attribute_name, id) VALUES ('site_master', 'xxgja2qd4vf96xfgyf3j8gb2q2e6mrkp8ur2ybsvotytfkh9zedkv3n8v8gtzfx7', 'qrpaupbb5yvc6v0jy9e5v9rxdzwbw3g0', '20071109NM000000000000000000000520071109NM0000000000000000000001', 1, 'a2vf8041jx75yg1spk6jxxxyz0kun2', 1, 1, 1, 'y0xveyrbp723sh3loo0u5ouqfpzngkl2NM200904120000000000000000000030', 'xtkozzyn0a3mqcxp1yi47vb96eex7ejm', '20071109NM000000000000000000000520071109NM0000000000000000000001', 'shjrbr83g67amkzfumt2710e4udriy2y', '0000000000000000000000000000040100000000000000000000000000000403', 'siteMaster', '6r3a3chenl5r1en7gnqvsn9eqkgjxgbu00000000000000000000000000000138');
INSERT INTO md_attribute ( id) VALUES ('6r3a3chenl5r1en7gnqvsn9eqkgjxgbu00000000000000000000000000000138');
INSERT INTO metadata ( description, created_by, owner, id, create_date, seq, type, remove, site_master, locked_by, entity_domain, last_updated_by, last_update_date, key_name) VALUES ('799joxehzmxitz8nx5obp6mzu3j5ynpkNM200904120000000000000000000030', '0000000000000000000000000000001000000000000000000000000000000003', '0000000000000000000000000000001000000000000000000000000000000003', '6r3a3chenl5r1en7gnqvsn9eqkgjxgbu00000000000000000000000000000138', '2014-05-12 19:02:00', 4903, 'com.runwaysdk.system.metadata.MdAttributeCharacter', 0, 'www.runwaysdk.com', NULL, NULL, '0000000000000000000000000000001000000000000000000000000000000003', '2014-05-12 19:02:00', 'com.runwaysdk.system.ontology.ClassifierIsARelationship.siteMaster');
INSERT INTO class_attribute_concrete ( id, parent_id, child_id) VALUES ('1zrxvbovvfjj923gtf9ob0fucvyio4o600000000000000000000000000000073', 'xxgja2qd4vf96xfgyf3j8gb2q2e6mrkp8ur2ybsvotytfkh9zedkv3n8v8gtzfx7', '6r3a3chenl5r1en7gnqvsn9eqkgjxgbu00000000000000000000000000000138');
INSERT INTO class_attribute ( id, parent_id, child_id) VALUES ('1zrxvbovvfjj923gtf9ob0fucvyio4o600000000000000000000000000000073', 'xxgja2qd4vf96xfgyf3j8gb2q2e6mrkp8ur2ybsvotytfkh9zedkv3n8v8gtzfx7', '6r3a3chenl5r1en7gnqvsn9eqkgjxgbu00000000000000000000000000000138');
INSERT INTO metadata_relationship ( entity_domain, site_master, last_updated_by, id, owner, locked_by, create_date, type, created_by, seq, key_name, last_update_date, parent_id, child_id) VALUES (NULL, 'www.runwaysdk.com', '0000000000000000000000000000001000000000000000000000000000000003', '1zrxvbovvfjj923gtf9ob0fucvyio4o600000000000000000000000000000073', '0000000000000000000000000000001000000000000000000000000000000003', NULL, '2014-05-12 19:02:00', 'com.runwaysdk.system.metadata.ClassAttributeConcrete', '0000000000000000000000000000001000000000000000000000000000000003', 4904, 'com.runwaysdk.system.ontology.ClassifierIsARelationship.siteMaster', '2014-05-12 19:02:00', 'xxgja2qd4vf96xfgyf3j8gb2q2e6mrkp8ur2ybsvotytfkh9zedkv3n8v8gtzfx7', '6r3a3chenl5r1en7gnqvsn9eqkgjxgbu00000000000000000000000000000138');
 INSERT INTO visibilitymodifier (set_id, item_id)  VALUES  ('70hu6qolk3vs7ijmxr0273dtjomid36y', '20071109NM000000000000000000000520071109NM0000000000000000000001');
INSERT INTO metadata_display_label ( default_locale, id, site_master, key_name) VALUES ('Key Name', 'z5whdmk09s5qqng06u67di4gx7aj88hnNM200904120000000000000000000030', 'www.runwaysdk.com', 'z5whdmk09s5qqng06u67di4gx7aj88hnNM200904120000000000000000000030');
 INSERT INTO visibilitymodifier (set_id, item_id)  VALUES  ('09jqmwj1wruvif39kbgkese8okcbt9tf', '20071109NM000000000000000000000520071109NM0000000000000000000001');
 INSERT INTO md_attribute_indicies (set_id, item_id)  VALUES  ('z9n4oufx801kts6l0908c8x0ey5h5dd5', '0000000000000000000000000000040900000000000000000000000000000403');
INSERT INTO metadata_display_label ( default_locale, id, site_master, key_name) VALUES ('Key which uniquely identifies each instance of this type heirarchy.', '02upoa5u8silvghv564yboshmrhe36ofNM200904120000000000000000000030', 'www.runwaysdk.com', '02upoa5u8silvghv564yboshmrhe36ofNM200904120000000000000000000030');
INSERT INTO md_attribute_character ( default_value, database_size, id) VALUES (NULL, 255, 'xuipnazkm67a9q64kl434dzjw0aqf0p300000000000000000000000000000138');
INSERT INTO md_attribute_char ( id) VALUES ('xuipnazkm67a9q64kl434dzjw0aqf0p300000000000000000000000000000138');
INSERT INTO md_attribute_primitive ( id) VALUES ('xuipnazkm67a9q64kl434dzjw0aqf0p300000000000000000000000000000138');
INSERT INTO md_attribute_concrete ( column_name, defining_md_class, setter_visibility, setter_visibility_c, immutable, index_name, generate_accessor, system, required, display_label, getter_visibility, getter_visibility_c, index_type, index_type_c, attribute_name, id) VALUES ('key_name', 'xxgja2qd4vf96xfgyf3j8gb2q2e6mrkp8ur2ybsvotytfkh9zedkv3n8v8gtzfx7', '70hu6qolk3vs7ijmxr0273dtjomid36y', '20071109NM000000000000000000000520071109NM0000000000000000000001', 0, 'a4re41zbq44oyvbtnopjpjk6gpdtsd', 1, 0, 1, 'z5whdmk09s5qqng06u67di4gx7aj88hnNM200904120000000000000000000030', '09jqmwj1wruvif39kbgkese8okcbt9tf', '20071109NM000000000000000000000520071109NM0000000000000000000001', 'z9n4oufx801kts6l0908c8x0ey5h5dd5', '0000000000000000000000000000040900000000000000000000000000000403', 'keyName', 'xuipnazkm67a9q64kl434dzjw0aqf0p300000000000000000000000000000138');
INSERT INTO md_attribute ( id) VALUES ('xuipnazkm67a9q64kl434dzjw0aqf0p300000000000000000000000000000138');
INSERT INTO metadata ( description, created_by, owner, id, create_date, seq, type, remove, site_master, locked_by, entity_domain, last_updated_by, last_update_date, key_name) VALUES ('02upoa5u8silvghv564yboshmrhe36ofNM200904120000000000000000000030', '0000000000000000000000000000001000000000000000000000000000000003', '0000000000000000000000000000001000000000000000000000000000000003', 'xuipnazkm67a9q64kl434dzjw0aqf0p300000000000000000000000000000138', '2014-05-12 19:02:00', 4905, 'com.runwaysdk.system.metadata.MdAttributeCharacter', 1, 'www.runwaysdk.com', NULL, NULL, '0000000000000000000000000000001000000000000000000000000000000003', '2014-05-12 19:02:00', 'com.runwaysdk.system.ontology.ClassifierIsARelationship.keyName');
INSERT INTO class_attribute_concrete ( id, parent_id, child_id) VALUES ('zo8lcl6pw5ouc5ysh2caj4jdkmw3xdf900000000000000000000000000000073', 'xxgja2qd4vf96xfgyf3j8gb2q2e6mrkp8ur2ybsvotytfkh9zedkv3n8v8gtzfx7', 'xuipnazkm67a9q64kl434dzjw0aqf0p300000000000000000000000000000138');
INSERT INTO class_attribute ( id, parent_id, child_id) VALUES ('zo8lcl6pw5ouc5ysh2caj4jdkmw3xdf900000000000000000000000000000073', 'xxgja2qd4vf96xfgyf3j8gb2q2e6mrkp8ur2ybsvotytfkh9zedkv3n8v8gtzfx7', 'xuipnazkm67a9q64kl434dzjw0aqf0p300000000000000000000000000000138');
INSERT INTO metadata_relationship ( entity_domain, site_master, last_updated_by, id, owner, locked_by, create_date, type, created_by, seq, key_name, last_update_date, parent_id, child_id) VALUES (NULL, 'www.runwaysdk.com', '0000000000000000000000000000001000000000000000000000000000000003', 'zo8lcl6pw5ouc5ysh2caj4jdkmw3xdf900000000000000000000000000000073', '0000000000000000000000000000001000000000000000000000000000000003', NULL, '2014-05-12 19:02:00', 'com.runwaysdk.system.metadata.ClassAttributeConcrete', '0000000000000000000000000000001000000000000000000000000000000003', 4906, 'com.runwaysdk.system.ontology.ClassifierIsARelationship.keyName', '2014-05-12 19:02:00', 'xxgja2qd4vf96xfgyf3j8gb2q2e6mrkp8ur2ybsvotytfkh9zedkv3n8v8gtzfx7', 'xuipnazkm67a9q64kl434dzjw0aqf0p300000000000000000000000000000138');
 INSERT INTO visibilitymodifier (set_id, item_id)  VALUES  ('zi93v0j1dbut1sz0xiqblmb5i5xbfted', '20071109NM000000000000000000000520071109NM0000000000000000000001');
INSERT INTO metadata_display_label ( default_locale, id, site_master, key_name) VALUES ('Last Update Date', '1y3rcj3gimwchmmiiljtnhvkiyho1rf9NM200904120000000000000000000030', 'www.runwaysdk.com', '1y3rcj3gimwchmmiiljtnhvkiyho1rf9NM200904120000000000000000000030');
 INSERT INTO visibilitymodifier (set_id, item_id)  VALUES  ('r2eeto1pj8d489fsxg4tm3oqupbdrbi8', '20071109NM000000000000000000000520071109NM0000000000000000000001');
 INSERT INTO md_attribute_indicies (set_id, item_id)  VALUES  ('8fg3k1yksst2ovvq9bnb50is98puy6ma', '0000000000000000000000000000040100000000000000000000000000000403');
INSERT INTO metadata_display_label ( default_locale, id, site_master, key_name) VALUES ('Date and time this record was last updated', '25d9fl6ce1xik7fd3rrk2fykbcs2ywo9NM200904120000000000000000000030', 'www.runwaysdk.com', '25d9fl6ce1xik7fd3rrk2fykbcs2ywo9NM200904120000000000000000000030');
INSERT INTO md_attribute_datetime ( default_value, id) VALUES (NULL, '8xqzlk67yyw42xs2x9xg3fqyhqbhxmu600000000000000000000000000000341');
INSERT INTO md_attribute_moment ( id) VALUES ('8xqzlk67yyw42xs2x9xg3fqyhqbhxmu600000000000000000000000000000341');
INSERT INTO md_attribute_primitive ( id) VALUES ('8xqzlk67yyw42xs2x9xg3fqyhqbhxmu600000000000000000000000000000341');
INSERT INTO md_attribute_concrete ( column_name, defining_md_class, setter_visibility, setter_visibility_c, immutable, index_name, generate_accessor, system, required, display_label, getter_visibility, getter_visibility_c, index_type, index_type_c, attribute_name, id) VALUES ('last_update_date', 'xxgja2qd4vf96xfgyf3j8gb2q2e6mrkp8ur2ybsvotytfkh9zedkv3n8v8gtzfx7', 'zi93v0j1dbut1sz0xiqblmb5i5xbfted', '20071109NM000000000000000000000520071109NM0000000000000000000001', 0, 'a71u44ngi1h2k6cqg75lggvkb1hrxo', 1, 1, 1, '1y3rcj3gimwchmmiiljtnhvkiyho1rf9NM200904120000000000000000000030', 'r2eeto1pj8d489fsxg4tm3oqupbdrbi8', '20071109NM000000000000000000000520071109NM0000000000000000000001', '8fg3k1yksst2ovvq9bnb50is98puy6ma', '0000000000000000000000000000040100000000000000000000000000000403', 'lastUpdateDate', '8xqzlk67yyw42xs2x9xg3fqyhqbhxmu600000000000000000000000000000341');
INSERT INTO md_attribute ( id) VALUES ('8xqzlk67yyw42xs2x9xg3fqyhqbhxmu600000000000000000000000000000341');
INSERT INTO metadata ( description, created_by, owner, id, create_date, seq, type, remove, site_master, locked_by, entity_domain, last_updated_by, last_update_date, key_name) VALUES ('25d9fl6ce1xik7fd3rrk2fykbcs2ywo9NM200904120000000000000000000030', '0000000000000000000000000000001000000000000000000000000000000003', '0000000000000000000000000000001000000000000000000000000000000003', '8xqzlk67yyw42xs2x9xg3fqyhqbhxmu600000000000000000000000000000341', '2014-05-12 19:02:00', 4907, 'com.runwaysdk.system.metadata.MdAttributeDateTime', 0, 'www.runwaysdk.com', NULL, NULL, '0000000000000000000000000000001000000000000000000000000000000003', '2014-05-12 19:02:00', 'com.runwaysdk.system.ontology.ClassifierIsARelationship.lastUpdateDate');
INSERT INTO class_attribute_concrete ( id, parent_id, child_id) VALUES ('0ch5kuxmnkweqqm5njbmqw0dfgqswhpz00000000000000000000000000000073', 'xxgja2qd4vf96xfgyf3j8gb2q2e6mrkp8ur2ybsvotytfkh9zedkv3n8v8gtzfx7', '8xqzlk67yyw42xs2x9xg3fqyhqbhxmu600000000000000000000000000000341');
INSERT INTO class_attribute ( id, parent_id, child_id) VALUES ('0ch5kuxmnkweqqm5njbmqw0dfgqswhpz00000000000000000000000000000073', 'xxgja2qd4vf96xfgyf3j8gb2q2e6mrkp8ur2ybsvotytfkh9zedkv3n8v8gtzfx7', '8xqzlk67yyw42xs2x9xg3fqyhqbhxmu600000000000000000000000000000341');
INSERT INTO metadata_relationship ( entity_domain, site_master, last_updated_by, id, owner, locked_by, create_date, type, created_by, seq, key_name, last_update_date, parent_id, child_id) VALUES (NULL, 'www.runwaysdk.com', '0000000000000000000000000000001000000000000000000000000000000003', '0ch5kuxmnkweqqm5njbmqw0dfgqswhpz00000000000000000000000000000073', '0000000000000000000000000000001000000000000000000000000000000003', NULL, '2014-05-12 19:02:00', 'com.runwaysdk.system.metadata.ClassAttributeConcrete', '0000000000000000000000000000001000000000000000000000000000000003', 4908, 'com.runwaysdk.system.ontology.ClassifierIsARelationship.lastUpdateDate', '2014-05-12 19:02:00', 'xxgja2qd4vf96xfgyf3j8gb2q2e6mrkp8ur2ybsvotytfkh9zedkv3n8v8gtzfx7', '8xqzlk67yyw42xs2x9xg3fqyhqbhxmu600000000000000000000000000000341');
 INSERT INTO visibilitymodifier (set_id, item_id)  VALUES  ('xzvneq1cit1ohdcew4tvst3agk7meyqi', '20071109NM000000000000000000000520071109NM0000000000000000000001');
INSERT INTO metadata_display_label ( default_locale, id, site_master, key_name) VALUES ('Last Updated By', '0lfjslusramdcyjicc5uz52psnpontoiNM200904120000000000000000000030', 'www.runwaysdk.com', '0lfjslusramdcyjicc5uz52psnpontoiNM200904120000000000000000000030');
 INSERT INTO visibilitymodifier (set_id, item_id)  VALUES  ('r89l84zl4q7ga45l9hziuhc7y52cit0j', '20071109NM000000000000000000000520071109NM0000000000000000000001');
 INSERT INTO md_attribute_indicies (set_id, item_id)  VALUES  ('sbcj05lvbm7akn3bb478ok2k9j3z3rgw', '0000000000000000000000000000040000000000000000000000000000000403');
INSERT INTO metadata_display_label ( default_locale, id, site_master, key_name) VALUES ('User who last updated this object', 'zlhxvcb4zxp3x98vzckjxk8wepqwvtyrNM200904120000000000000000000030', 'www.runwaysdk.com', 'zlhxvcb4zxp3x98vzckjxk8wepqwvtyrNM200904120000000000000000000030');
INSERT INTO md_attribute_reference ( default_value, md_business, id) VALUES (NULL, 'JS20070723000000000000000000156000000000000000000000000000000001', '8wencwqu99qdnczg11xgfgtrcev6zs9o00000000000000000000000000000186');
INSERT INTO md_attribute_ref ( id) VALUES ('8wencwqu99qdnczg11xgfgtrcev6zs9o00000000000000000000000000000186');
INSERT INTO md_attribute_concrete ( column_name, defining_md_class, setter_visibility, setter_visibility_c, immutable, index_name, generate_accessor, system, required, display_label, getter_visibility, getter_visibility_c, index_type, index_type_c, attribute_name, id) VALUES ('last_updated_by', 'xxgja2qd4vf96xfgyf3j8gb2q2e6mrkp8ur2ybsvotytfkh9zedkv3n8v8gtzfx7', 'xzvneq1cit1ohdcew4tvst3agk7meyqi', '20071109NM000000000000000000000520071109NM0000000000000000000001', 0, 'acyp56h7m3p55xsgarwdqes7wghhms', 1, 1, 1, '0lfjslusramdcyjicc5uz52psnpontoiNM200904120000000000000000000030', 'r89l84zl4q7ga45l9hziuhc7y52cit0j', '20071109NM000000000000000000000520071109NM0000000000000000000001', 'sbcj05lvbm7akn3bb478ok2k9j3z3rgw', '0000000000000000000000000000040000000000000000000000000000000403', 'lastUpdatedBy', '8wencwqu99qdnczg11xgfgtrcev6zs9o00000000000000000000000000000186');
INSERT INTO md_attribute ( id) VALUES ('8wencwqu99qdnczg11xgfgtrcev6zs9o00000000000000000000000000000186');
INSERT INTO metadata ( description, created_by, owner, id, create_date, seq, type, remove, site_master, locked_by, entity_domain, last_updated_by, last_update_date, key_name) VALUES ('zlhxvcb4zxp3x98vzckjxk8wepqwvtyrNM200904120000000000000000000030', '0000000000000000000000000000001000000000000000000000000000000003', '0000000000000000000000000000001000000000000000000000000000000003', '8wencwqu99qdnczg11xgfgtrcev6zs9o00000000000000000000000000000186', '2014-05-12 19:02:00', 4909, 'com.runwaysdk.system.metadata.MdAttributeReference', 0, 'www.runwaysdk.com', NULL, NULL, '0000000000000000000000000000001000000000000000000000000000000003', '2014-05-12 19:02:00', 'com.runwaysdk.system.ontology.ClassifierIsARelationship.lastUpdatedBy');
INSERT INTO class_attribute_concrete ( id, parent_id, child_id) VALUES ('y1rfg88vit1lh2qe0lhof82gi2so6r6600000000000000000000000000000073', 'xxgja2qd4vf96xfgyf3j8gb2q2e6mrkp8ur2ybsvotytfkh9zedkv3n8v8gtzfx7', '8wencwqu99qdnczg11xgfgtrcev6zs9o00000000000000000000000000000186');
INSERT INTO class_attribute ( id, parent_id, child_id) VALUES ('y1rfg88vit1lh2qe0lhof82gi2so6r6600000000000000000000000000000073', 'xxgja2qd4vf96xfgyf3j8gb2q2e6mrkp8ur2ybsvotytfkh9zedkv3n8v8gtzfx7', '8wencwqu99qdnczg11xgfgtrcev6zs9o00000000000000000000000000000186');
INSERT INTO metadata_relationship ( entity_domain, site_master, last_updated_by, id, owner, locked_by, create_date, type, created_by, seq, key_name, last_update_date, parent_id, child_id) VALUES (NULL, 'www.runwaysdk.com', '0000000000000000000000000000001000000000000000000000000000000003', 'y1rfg88vit1lh2qe0lhof82gi2so6r6600000000000000000000000000000073', '0000000000000000000000000000001000000000000000000000000000000003', NULL, '2014-05-12 19:02:00', 'com.runwaysdk.system.metadata.ClassAttributeConcrete', '0000000000000000000000000000001000000000000000000000000000000003', 4910, 'com.runwaysdk.system.ontology.ClassifierIsARelationship.lastUpdatedBy', '2014-05-12 19:02:00', 'xxgja2qd4vf96xfgyf3j8gb2q2e6mrkp8ur2ybsvotytfkh9zedkv3n8v8gtzfx7', '8wencwqu99qdnczg11xgfgtrcev6zs9o00000000000000000000000000000186');
 INSERT INTO visibilitymodifier (set_id, item_id)  VALUES  ('z1fs511kllc15ono5w7ckyj0ozkrrwft', '20071109NM000000000000000000000520071109NM0000000000000000000001');
INSERT INTO metadata_display_label ( default_locale, id, site_master, key_name) VALUES ('Created By', 'xkz50y1vhmxbkjy2giiet1ysf0mhv4s5NM200904120000000000000000000030', 'www.runwaysdk.com', 'xkz50y1vhmxbkjy2giiet1ysf0mhv4s5NM200904120000000000000000000030');
 INSERT INTO visibilitymodifier (set_id, item_id)  VALUES  ('xsy1efm0pg0ilazfb72d43619263s54g', '20071109NM000000000000000000000520071109NM0000000000000000000001');
 INSERT INTO md_attribute_indicies (set_id, item_id)  VALUES  ('8sh3wl6gp28etcgn5jnw46qbwx2m8zpb', '0000000000000000000000000000040000000000000000000000000000000403');
INSERT INTO metadata_display_label ( default_locale, id, site_master, key_name) VALUES ('User that created this object', 'yyd5l9ur95fclusic32to1upsfkzelycNM200904120000000000000000000030', 'www.runwaysdk.com', 'yyd5l9ur95fclusic32to1upsfkzelycNM200904120000000000000000000030');
INSERT INTO md_attribute_reference ( default_value, md_business, id) VALUES (NULL, 'JS20070723000000000000000000156000000000000000000000000000000001', '2010vuo141zlpu2xr71jj488zd7zn4gr00000000000000000000000000000186');
INSERT INTO md_attribute_ref ( id) VALUES ('2010vuo141zlpu2xr71jj488zd7zn4gr00000000000000000000000000000186');
INSERT INTO md_attribute_concrete ( column_name, defining_md_class, setter_visibility, setter_visibility_c, immutable, index_name, generate_accessor, system, required, display_label, getter_visibility, getter_visibility_c, index_type, index_type_c, attribute_name, id) VALUES ('created_by', 'xxgja2qd4vf96xfgyf3j8gb2q2e6mrkp8ur2ybsvotytfkh9zedkv3n8v8gtzfx7', 'z1fs511kllc15ono5w7ckyj0ozkrrwft', '20071109NM000000000000000000000520071109NM0000000000000000000001', 1, 'a2cyg3a899amvlecko7oh61iumq879', 1, 1, 1, 'xkz50y1vhmxbkjy2giiet1ysf0mhv4s5NM200904120000000000000000000030', 'xsy1efm0pg0ilazfb72d43619263s54g', '20071109NM000000000000000000000520071109NM0000000000000000000001', '8sh3wl6gp28etcgn5jnw46qbwx2m8zpb', '0000000000000000000000000000040000000000000000000000000000000403', 'createdBy', '2010vuo141zlpu2xr71jj488zd7zn4gr00000000000000000000000000000186');
INSERT INTO md_attribute ( id) VALUES ('2010vuo141zlpu2xr71jj488zd7zn4gr00000000000000000000000000000186');
INSERT INTO metadata ( description, created_by, owner, id, create_date, seq, type, remove, site_master, locked_by, entity_domain, last_updated_by, last_update_date, key_name) VALUES ('yyd5l9ur95fclusic32to1upsfkzelycNM200904120000000000000000000030', '0000000000000000000000000000001000000000000000000000000000000003', '0000000000000000000000000000001000000000000000000000000000000003', '2010vuo141zlpu2xr71jj488zd7zn4gr00000000000000000000000000000186', '2014-05-12 19:02:00', 4911, 'com.runwaysdk.system.metadata.MdAttributeReference', 0, 'www.runwaysdk.com', NULL, NULL, '0000000000000000000000000000001000000000000000000000000000000003', '2014-05-12 19:02:00', 'com.runwaysdk.system.ontology.ClassifierIsARelationship.createdBy');
INSERT INTO class_attribute_concrete ( id, parent_id, child_id) VALUES ('023bfredgmi6acmk5q3ntpdtky1x2k6000000000000000000000000000000073', 'xxgja2qd4vf96xfgyf3j8gb2q2e6mrkp8ur2ybsvotytfkh9zedkv3n8v8gtzfx7', '2010vuo141zlpu2xr71jj488zd7zn4gr00000000000000000000000000000186');
INSERT INTO class_attribute ( id, parent_id, child_id) VALUES ('023bfredgmi6acmk5q3ntpdtky1x2k6000000000000000000000000000000073', 'xxgja2qd4vf96xfgyf3j8gb2q2e6mrkp8ur2ybsvotytfkh9zedkv3n8v8gtzfx7', '2010vuo141zlpu2xr71jj488zd7zn4gr00000000000000000000000000000186');
INSERT INTO metadata_relationship ( entity_domain, site_master, last_updated_by, id, owner, locked_by, create_date, type, created_by, seq, key_name, last_update_date, parent_id, child_id) VALUES (NULL, 'www.runwaysdk.com', '0000000000000000000000000000001000000000000000000000000000000003', '023bfredgmi6acmk5q3ntpdtky1x2k6000000000000000000000000000000073', '0000000000000000000000000000001000000000000000000000000000000003', NULL, '2014-05-12 19:02:00', 'com.runwaysdk.system.metadata.ClassAttributeConcrete', '0000000000000000000000000000001000000000000000000000000000000003', 4912, 'com.runwaysdk.system.ontology.ClassifierIsARelationship.createdBy', '2014-05-12 19:02:00', 'xxgja2qd4vf96xfgyf3j8gb2q2e6mrkp8ur2ybsvotytfkh9zedkv3n8v8gtzfx7', '2010vuo141zlpu2xr71jj488zd7zn4gr00000000000000000000000000000186');
 INSERT INTO visibilitymodifier (set_id, item_id)  VALUES  ('znizcl4aeil7myxbq45ivd8wyhfxyp44', '20071109NM000000000000000000000520071109NM0000000000000000000001');
INSERT INTO metadata_display_label ( default_locale, id, site_master, key_name) VALUES ('Locked By', 'sawq0yynethc50hx4fnxyu31fepgxhojNM200904120000000000000000000030', 'www.runwaysdk.com', 'sawq0yynethc50hx4fnxyu31fepgxhojNM200904120000000000000000000030');
 INSERT INTO visibilitymodifier (set_id, item_id)  VALUES  ('8mkfr8d3y5pbkkxp0luk96ix3ht9o513', '20071109NM000000000000000000000520071109NM0000000000000000000001');
 INSERT INTO md_attribute_indicies (set_id, item_id)  VALUES  ('6qnvdbrtjz83wl19eigxz8ucf4kyotlk', '0000000000000000000000000000040000000000000000000000000000000403');
INSERT INTO metadata_display_label ( default_locale, id, site_master, key_name) VALUES ('User who has a write lock on this object', 's9mi1pofanp015kc2zdpys1pd4a3e0n2NM200904120000000000000000000030', 'www.runwaysdk.com', 's9mi1pofanp015kc2zdpys1pd4a3e0n2NM200904120000000000000000000030');
INSERT INTO md_attribute_reference ( default_value, md_business, id) VALUES (NULL, '0000000000000000000000000000000300000000000000000000000000000001', 'xsswfchfkh65eaqpby8qgvlpdwt2669s00000000000000000000000000000186');
INSERT INTO md_attribute_ref ( id) VALUES ('xsswfchfkh65eaqpby8qgvlpdwt2669s00000000000000000000000000000186');
INSERT INTO md_attribute_concrete ( column_name, defining_md_class, setter_visibility, setter_visibility_c, immutable, index_name, generate_accessor, system, required, display_label, getter_visibility, getter_visibility_c, index_type, index_type_c, attribute_name, id) VALUES ('locked_by', 'xxgja2qd4vf96xfgyf3j8gb2q2e6mrkp8ur2ybsvotytfkh9zedkv3n8v8gtzfx7', 'znizcl4aeil7myxbq45ivd8wyhfxyp44', '20071109NM000000000000000000000520071109NM0000000000000000000001', 0, 'a1p72iw3uzib634ia544ciekg7zo92', 1, 1, 0, 'sawq0yynethc50hx4fnxyu31fepgxhojNM200904120000000000000000000030', '8mkfr8d3y5pbkkxp0luk96ix3ht9o513', '20071109NM000000000000000000000520071109NM0000000000000000000001', '6qnvdbrtjz83wl19eigxz8ucf4kyotlk', '0000000000000000000000000000040000000000000000000000000000000403', 'lockedBy', 'xsswfchfkh65eaqpby8qgvlpdwt2669s00000000000000000000000000000186');
INSERT INTO md_attribute ( id) VALUES ('xsswfchfkh65eaqpby8qgvlpdwt2669s00000000000000000000000000000186');
INSERT INTO metadata ( description, created_by, owner, id, create_date, seq, type, remove, site_master, locked_by, entity_domain, last_updated_by, last_update_date, key_name) VALUES ('s9mi1pofanp015kc2zdpys1pd4a3e0n2NM200904120000000000000000000030', '0000000000000000000000000000001000000000000000000000000000000003', '0000000000000000000000000000001000000000000000000000000000000003', 'xsswfchfkh65eaqpby8qgvlpdwt2669s00000000000000000000000000000186', '2014-05-12 19:02:00', 4913, 'com.runwaysdk.system.metadata.MdAttributeReference', 0, 'www.runwaysdk.com', NULL, NULL, '0000000000000000000000000000001000000000000000000000000000000003', '2014-05-12 19:02:00', 'com.runwaysdk.system.ontology.ClassifierIsARelationship.lockedBy');
INSERT INTO class_attribute_concrete ( id, parent_id, child_id) VALUES ('92mdjra2s2hj6v50p5v2zoabsbbuv18w00000000000000000000000000000073', 'xxgja2qd4vf96xfgyf3j8gb2q2e6mrkp8ur2ybsvotytfkh9zedkv3n8v8gtzfx7', 'xsswfchfkh65eaqpby8qgvlpdwt2669s00000000000000000000000000000186');
INSERT INTO class_attribute ( id, parent_id, child_id) VALUES ('92mdjra2s2hj6v50p5v2zoabsbbuv18w00000000000000000000000000000073', 'xxgja2qd4vf96xfgyf3j8gb2q2e6mrkp8ur2ybsvotytfkh9zedkv3n8v8gtzfx7', 'xsswfchfkh65eaqpby8qgvlpdwt2669s00000000000000000000000000000186');
INSERT INTO metadata_relationship ( entity_domain, site_master, last_updated_by, id, owner, locked_by, create_date, type, created_by, seq, key_name, last_update_date, parent_id, child_id) VALUES (NULL, 'www.runwaysdk.com', '0000000000000000000000000000001000000000000000000000000000000003', '92mdjra2s2hj6v50p5v2zoabsbbuv18w00000000000000000000000000000073', '0000000000000000000000000000001000000000000000000000000000000003', NULL, '2014-05-12 19:02:00', 'com.runwaysdk.system.metadata.ClassAttributeConcrete', '0000000000000000000000000000001000000000000000000000000000000003', 4914, 'com.runwaysdk.system.ontology.ClassifierIsARelationship.lockedBy', '2014-05-12 19:02:00', 'xxgja2qd4vf96xfgyf3j8gb2q2e6mrkp8ur2ybsvotytfkh9zedkv3n8v8gtzfx7', 'xsswfchfkh65eaqpby8qgvlpdwt2669s00000000000000000000000000000186');
 INSERT INTO visibilitymodifier (set_id, item_id)  VALUES  ('xzjbfkf08n5wn81usgscqaort69yt58s', '20071109NM000000000000000000000520071109NM0000000000000000000001');
INSERT INTO metadata_display_label ( default_locale, id, site_master, key_name) VALUES ('Create Date', 'ss26gq6qa8g5t71mxs2sd6t08vx8yc0hNM200904120000000000000000000030', 'www.runwaysdk.com', 'ss26gq6qa8g5t71mxs2sd6t08vx8yc0hNM200904120000000000000000000030');
 INSERT INTO visibilitymodifier (set_id, item_id)  VALUES  ('r3641rvhvk3tfehcoguobrg49zuf36oh', '20071109NM000000000000000000000520071109NM0000000000000000000001');
 INSERT INTO md_attribute_indicies (set_id, item_id)  VALUES  ('sarq7041fvv0igomg54l3dmyo6zpeg77', '0000000000000000000000000000040100000000000000000000000000000403');
INSERT INTO metadata_display_label ( default_locale, id, site_master, key_name) VALUES ('Date and time this record was created', '0shqfe1o8a56lirshkuseuiua3mfu9duNM200904120000000000000000000030', 'www.runwaysdk.com', '0shqfe1o8a56lirshkuseuiua3mfu9duNM200904120000000000000000000030');
INSERT INTO md_attribute_datetime ( default_value, id) VALUES (NULL, 'xm151sa673e81nf9dxsir6tbi2mmlzae00000000000000000000000000000341');
INSERT INTO md_attribute_moment ( id) VALUES ('xm151sa673e81nf9dxsir6tbi2mmlzae00000000000000000000000000000341');
INSERT INTO md_attribute_primitive ( id) VALUES ('xm151sa673e81nf9dxsir6tbi2mmlzae00000000000000000000000000000341');
INSERT INTO md_attribute_concrete ( column_name, defining_md_class, setter_visibility, setter_visibility_c, immutable, index_name, generate_accessor, system, required, display_label, getter_visibility, getter_visibility_c, index_type, index_type_c, attribute_name, id) VALUES ('create_date', 'xxgja2qd4vf96xfgyf3j8gb2q2e6mrkp8ur2ybsvotytfkh9zedkv3n8v8gtzfx7', 'xzjbfkf08n5wn81usgscqaort69yt58s', '20071109NM000000000000000000000520071109NM0000000000000000000001', 0, 'aogzeeed7ha2gyvs544351kjdar5og', 1, 1, 1, 'ss26gq6qa8g5t71mxs2sd6t08vx8yc0hNM200904120000000000000000000030', 'r3641rvhvk3tfehcoguobrg49zuf36oh', '20071109NM000000000000000000000520071109NM0000000000000000000001', 'sarq7041fvv0igomg54l3dmyo6zpeg77', '0000000000000000000000000000040100000000000000000000000000000403', 'createDate', 'xm151sa673e81nf9dxsir6tbi2mmlzae00000000000000000000000000000341');
INSERT INTO md_attribute ( id) VALUES ('xm151sa673e81nf9dxsir6tbi2mmlzae00000000000000000000000000000341');
INSERT INTO metadata ( description, created_by, owner, id, create_date, seq, type, remove, site_master, locked_by, entity_domain, last_updated_by, last_update_date, key_name) VALUES ('0shqfe1o8a56lirshkuseuiua3mfu9duNM200904120000000000000000000030', '0000000000000000000000000000001000000000000000000000000000000003', '0000000000000000000000000000001000000000000000000000000000000003', 'xm151sa673e81nf9dxsir6tbi2mmlzae00000000000000000000000000000341', '2014-05-12 19:02:00', 4915, 'com.runwaysdk.system.metadata.MdAttributeDateTime', 0, 'www.runwaysdk.com', NULL, NULL, '0000000000000000000000000000001000000000000000000000000000000003', '2014-05-12 19:02:00', 'com.runwaysdk.system.ontology.ClassifierIsARelationship.createDate');
INSERT INTO class_attribute_concrete ( id, parent_id, child_id) VALUES ('z399dk1emnlhi8nox4oqk7kn4a0ry5ha00000000000000000000000000000073', 'xxgja2qd4vf96xfgyf3j8gb2q2e6mrkp8ur2ybsvotytfkh9zedkv3n8v8gtzfx7', 'xm151sa673e81nf9dxsir6tbi2mmlzae00000000000000000000000000000341');
INSERT INTO class_attribute ( id, parent_id, child_id) VALUES ('z399dk1emnlhi8nox4oqk7kn4a0ry5ha00000000000000000000000000000073', 'xxgja2qd4vf96xfgyf3j8gb2q2e6mrkp8ur2ybsvotytfkh9zedkv3n8v8gtzfx7', 'xm151sa673e81nf9dxsir6tbi2mmlzae00000000000000000000000000000341');
INSERT INTO metadata_relationship ( entity_domain, site_master, last_updated_by, id, owner, locked_by, create_date, type, created_by, seq, key_name, last_update_date, parent_id, child_id) VALUES (NULL, 'www.runwaysdk.com', '0000000000000000000000000000001000000000000000000000000000000003', 'z399dk1emnlhi8nox4oqk7kn4a0ry5ha00000000000000000000000000000073', '0000000000000000000000000000001000000000000000000000000000000003', NULL, '2014-05-12 19:02:00', 'com.runwaysdk.system.metadata.ClassAttributeConcrete', '0000000000000000000000000000001000000000000000000000000000000003', 4916, 'com.runwaysdk.system.ontology.ClassifierIsARelationship.createDate', '2014-05-12 19:02:00', 'xxgja2qd4vf96xfgyf3j8gb2q2e6mrkp8ur2ybsvotytfkh9zedkv3n8v8gtzfx7', 'xm151sa673e81nf9dxsir6tbi2mmlzae00000000000000000000000000000341');
 INSERT INTO visibilitymodifier (set_id, item_id)  VALUES  ('zohiawqt7a4wfahrku7ql2rih1yh86wi', '20071109NM000000000000000000000520071109NM0000000000000000000001');
INSERT INTO metadata_display_label ( default_locale, id, site_master, key_name) VALUES ('Owner', 'qp452v3y1h3g9jlnme3sqkcfc1s78xb1NM200904120000000000000000000030', 'www.runwaysdk.com', 'qp452v3y1h3g9jlnme3sqkcfc1s78xb1NM200904120000000000000000000030');
 INSERT INTO visibilitymodifier (set_id, item_id)  VALUES  ('8m7tx36fugdlhdapwrcnekjpwjiigxc2', '20071109NM000000000000000000000520071109NM0000000000000000000001');
 INSERT INTO md_attribute_indicies (set_id, item_id)  VALUES  ('0cqfv6h8z69guqcjt9ismy7y462wpi6t', '0000000000000000000000000000040000000000000000000000000000000403');
INSERT INTO metadata_display_label ( default_locale, id, site_master, key_name) VALUES ('A reference to the user who own this object', 'zkv6waat0kcgu8b4w0h4hd60zpq06vsgNM200904120000000000000000000030', 'www.runwaysdk.com', 'zkv6waat0kcgu8b4w0h4hd60zpq06vsgNM200904120000000000000000000030');
INSERT INTO md_attribute_reference ( default_value, md_business, id) VALUES (NULL, '0000000000000000000000000000051600000000000000000000000000000001', 'z6cayzd5kf0agi3yf1lzswnawv2283kj00000000000000000000000000000186');
INSERT INTO md_attribute_ref ( id) VALUES ('z6cayzd5kf0agi3yf1lzswnawv2283kj00000000000000000000000000000186');
INSERT INTO md_attribute_concrete ( column_name, defining_md_class, setter_visibility, setter_visibility_c, immutable, index_name, generate_accessor, system, required, display_label, getter_visibility, getter_visibility_c, index_type, index_type_c, attribute_name, id) VALUES ('owner', 'xxgja2qd4vf96xfgyf3j8gb2q2e6mrkp8ur2ybsvotytfkh9zedkv3n8v8gtzfx7', 'zohiawqt7a4wfahrku7ql2rih1yh86wi', '20071109NM000000000000000000000520071109NM0000000000000000000001', 0, 'aglhebp05qtk02e74ymbbtckm2xyh4', 1, 0, 1, 'qp452v3y1h3g9jlnme3sqkcfc1s78xb1NM200904120000000000000000000030', '8m7tx36fugdlhdapwrcnekjpwjiigxc2', '20071109NM000000000000000000000520071109NM0000000000000000000001', '0cqfv6h8z69guqcjt9ismy7y462wpi6t', '0000000000000000000000000000040000000000000000000000000000000403', 'owner', 'z6cayzd5kf0agi3yf1lzswnawv2283kj00000000000000000000000000000186');
INSERT INTO md_attribute ( id) VALUES ('z6cayzd5kf0agi3yf1lzswnawv2283kj00000000000000000000000000000186');
INSERT INTO metadata ( description, created_by, owner, id, create_date, seq, type, remove, site_master, locked_by, entity_domain, last_updated_by, last_update_date, key_name) VALUES ('zkv6waat0kcgu8b4w0h4hd60zpq06vsgNM200904120000000000000000000030', '0000000000000000000000000000001000000000000000000000000000000003', '0000000000000000000000000000001000000000000000000000000000000003', 'z6cayzd5kf0agi3yf1lzswnawv2283kj00000000000000000000000000000186', '2014-05-12 19:02:00', 4917, 'com.runwaysdk.system.metadata.MdAttributeReference', 0, 'www.runwaysdk.com', NULL, NULL, '0000000000000000000000000000001000000000000000000000000000000003', '2014-05-12 19:02:00', 'com.runwaysdk.system.ontology.ClassifierIsARelationship.owner');
INSERT INTO class_attribute_concrete ( id, parent_id, child_id) VALUES ('0lsahozth6wwe2n29ht3jhxegvb8yf5200000000000000000000000000000073', 'xxgja2qd4vf96xfgyf3j8gb2q2e6mrkp8ur2ybsvotytfkh9zedkv3n8v8gtzfx7', 'z6cayzd5kf0agi3yf1lzswnawv2283kj00000000000000000000000000000186');
INSERT INTO class_attribute ( id, parent_id, child_id) VALUES ('0lsahozth6wwe2n29ht3jhxegvb8yf5200000000000000000000000000000073', 'xxgja2qd4vf96xfgyf3j8gb2q2e6mrkp8ur2ybsvotytfkh9zedkv3n8v8gtzfx7', 'z6cayzd5kf0agi3yf1lzswnawv2283kj00000000000000000000000000000186');
INSERT INTO metadata_relationship ( entity_domain, site_master, last_updated_by, id, owner, locked_by, create_date, type, created_by, seq, key_name, last_update_date, parent_id, child_id) VALUES (NULL, 'www.runwaysdk.com', '0000000000000000000000000000001000000000000000000000000000000003', '0lsahozth6wwe2n29ht3jhxegvb8yf5200000000000000000000000000000073', '0000000000000000000000000000001000000000000000000000000000000003', NULL, '2014-05-12 19:02:00', 'com.runwaysdk.system.metadata.ClassAttributeConcrete', '0000000000000000000000000000001000000000000000000000000000000003', 4918, 'com.runwaysdk.system.ontology.ClassifierIsARelationship.owner', '2014-05-12 19:02:00', 'xxgja2qd4vf96xfgyf3j8gb2q2e6mrkp8ur2ybsvotytfkh9zedkv3n8v8gtzfx7', 'z6cayzd5kf0agi3yf1lzswnawv2283kj00000000000000000000000000000186');
 INSERT INTO visibilitymodifier (set_id, item_id)  VALUES  ('92cuytco9t8rwmuter4cekeqf8rwmwa5', '20071109NM000000000000000000000520071109NM0000000000000000000001');
INSERT INTO metadata_display_label ( default_locale, id, site_master, key_name) VALUES ('Type', '6nqnfhiudzkl52xj471atwygcvh5zohgNM200904120000000000000000000030', 'www.runwaysdk.com', '6nqnfhiudzkl52xj471atwygcvh5zohgNM200904120000000000000000000030');
 INSERT INTO visibilitymodifier (set_id, item_id)  VALUES  ('23xcsr830wyrdpbpi5qyxjxgp0uzz7ry', '20071109NM000000000000000000000520071109NM0000000000000000000001');
 INSERT INTO md_attribute_indicies (set_id, item_id)  VALUES  ('282mnn70kl2zv26mz1zgezfo5tj2l3rv', '0000000000000000000000000000040100000000000000000000000000000403');
INSERT INTO metadata_display_label ( default_locale, id, site_master, key_name) VALUES ('Fully qualified type of this object', 'sp201k4i2papxq30h566tgztqd1is4qdNM200904120000000000000000000030', 'www.runwaysdk.com', 'sp201k4i2papxq30h566tgztqd1is4qdNM200904120000000000000000000030');
INSERT INTO md_attribute_character ( default_value, database_size, id) VALUES (NULL, 255, 'zk7uuzdcdjt42ge2tr37kztp80q1dvbj00000000000000000000000000000138');
INSERT INTO md_attribute_char ( id) VALUES ('zk7uuzdcdjt42ge2tr37kztp80q1dvbj00000000000000000000000000000138');
INSERT INTO md_attribute_primitive ( id) VALUES ('zk7uuzdcdjt42ge2tr37kztp80q1dvbj00000000000000000000000000000138');
INSERT INTO md_attribute_concrete ( column_name, defining_md_class, setter_visibility, setter_visibility_c, immutable, index_name, generate_accessor, system, required, display_label, getter_visibility, getter_visibility_c, index_type, index_type_c, attribute_name, id) VALUES ('type', 'xxgja2qd4vf96xfgyf3j8gb2q2e6mrkp8ur2ybsvotytfkh9zedkv3n8v8gtzfx7', '92cuytco9t8rwmuter4cekeqf8rwmwa5', '20071109NM000000000000000000000520071109NM0000000000000000000001', 1, 'attshxt7k2nf6mohy0ww8uh6xpi25z', 1, 1, 1, '6nqnfhiudzkl52xj471atwygcvh5zohgNM200904120000000000000000000030', '23xcsr830wyrdpbpi5qyxjxgp0uzz7ry', '20071109NM000000000000000000000520071109NM0000000000000000000001', '282mnn70kl2zv26mz1zgezfo5tj2l3rv', '0000000000000000000000000000040100000000000000000000000000000403', 'type', 'zk7uuzdcdjt42ge2tr37kztp80q1dvbj00000000000000000000000000000138');
INSERT INTO md_attribute ( id) VALUES ('zk7uuzdcdjt42ge2tr37kztp80q1dvbj00000000000000000000000000000138');
INSERT INTO metadata ( description, created_by, owner, id, create_date, seq, type, remove, site_master, locked_by, entity_domain, last_updated_by, last_update_date, key_name) VALUES ('sp201k4i2papxq30h566tgztqd1is4qdNM200904120000000000000000000030', '0000000000000000000000000000001000000000000000000000000000000003', '0000000000000000000000000000001000000000000000000000000000000003', 'zk7uuzdcdjt42ge2tr37kztp80q1dvbj00000000000000000000000000000138', '2014-05-12 19:02:00', 4919, 'com.runwaysdk.system.metadata.MdAttributeCharacter', 0, 'www.runwaysdk.com', NULL, NULL, '0000000000000000000000000000001000000000000000000000000000000003', '2014-05-12 19:02:00', 'com.runwaysdk.system.ontology.ClassifierIsARelationship.type');
INSERT INTO class_attribute_concrete ( id, parent_id, child_id) VALUES ('zpbidleg65k2f933c0zglw7fi413ma0600000000000000000000000000000073', 'xxgja2qd4vf96xfgyf3j8gb2q2e6mrkp8ur2ybsvotytfkh9zedkv3n8v8gtzfx7', 'zk7uuzdcdjt42ge2tr37kztp80q1dvbj00000000000000000000000000000138');
INSERT INTO class_attribute ( id, parent_id, child_id) VALUES ('zpbidleg65k2f933c0zglw7fi413ma0600000000000000000000000000000073', 'xxgja2qd4vf96xfgyf3j8gb2q2e6mrkp8ur2ybsvotytfkh9zedkv3n8v8gtzfx7', 'zk7uuzdcdjt42ge2tr37kztp80q1dvbj00000000000000000000000000000138');
INSERT INTO metadata_relationship ( entity_domain, site_master, last_updated_by, id, owner, locked_by, create_date, type, created_by, seq, key_name, last_update_date, parent_id, child_id) VALUES (NULL, 'www.runwaysdk.com', '0000000000000000000000000000001000000000000000000000000000000003', 'zpbidleg65k2f933c0zglw7fi413ma0600000000000000000000000000000073', '0000000000000000000000000000001000000000000000000000000000000003', NULL, '2014-05-12 19:02:00', 'com.runwaysdk.system.metadata.ClassAttributeConcrete', '0000000000000000000000000000001000000000000000000000000000000003', 4920, 'com.runwaysdk.system.ontology.ClassifierIsARelationship.type', '2014-05-12 19:02:00', 'xxgja2qd4vf96xfgyf3j8gb2q2e6mrkp8ur2ybsvotytfkh9zedkv3n8v8gtzfx7', 'zk7uuzdcdjt42ge2tr37kztp80q1dvbj00000000000000000000000000000138');
 INSERT INTO visibilitymodifier (set_id, item_id)  VALUES  ('1xzxdqj2lxlcu16vhce7gtdsy498yckm', '20071109NM000000000000000000000520071109NM0000000000000000000001');
INSERT INTO metadata_display_label ( default_locale, id, site_master, key_name) VALUES ('Entity Domain', '2fn20mv3bgaac2n8eil7qw1231gt95nyNM200904120000000000000000000030', 'www.runwaysdk.com', '2fn20mv3bgaac2n8eil7qw1231gt95nyNM200904120000000000000000000030');
 INSERT INTO visibilitymodifier (set_id, item_id)  VALUES  ('ra3slfcf53q6zzwivuvqa0lzu01zbzjc', '20071109NM000000000000000000000520071109NM0000000000000000000001');
 INSERT INTO md_attribute_indicies (set_id, item_id)  VALUES  ('8bt6ynowuk2zb2ro7k2m3gnnr6bojla3', '0000000000000000000000000000040100000000000000000000000000000403');
INSERT INTO metadata_display_label ( default_locale, id, site_master, key_name) VALUES ('The Domain of this entity', '1pqhzx889pz300av7vdy2jh5h3y0cr7hNM200904120000000000000000000030', 'www.runwaysdk.com', '1pqhzx889pz300av7vdy2jh5h3y0cr7hNM200904120000000000000000000030');
INSERT INTO md_attribute_reference ( default_value, md_business, id) VALUES (NULL, 'NM20081011000000000000000000011100000000000000000000000000000001', 'sbut1na96tu2p2gdr05ukkczhiks6ya300000000000000000000000000000186');
INSERT INTO md_attribute_ref ( id) VALUES ('sbut1na96tu2p2gdr05ukkczhiks6ya300000000000000000000000000000186');
INSERT INTO md_attribute_concrete ( column_name, defining_md_class, setter_visibility, setter_visibility_c, immutable, index_name, generate_accessor, system, required, display_label, getter_visibility, getter_visibility_c, index_type, index_type_c, attribute_name, id) VALUES ('entity_domain', 'xxgja2qd4vf96xfgyf3j8gb2q2e6mrkp8ur2ybsvotytfkh9zedkv3n8v8gtzfx7', '1xzxdqj2lxlcu16vhce7gtdsy498yckm', '20071109NM000000000000000000000520071109NM0000000000000000000001', 0, 'arlj62qkw5dofxj6lzgz70ut0pz545', 1, 0, 0, '2fn20mv3bgaac2n8eil7qw1231gt95nyNM200904120000000000000000000030', 'ra3slfcf53q6zzwivuvqa0lzu01zbzjc', '20071109NM000000000000000000000520071109NM0000000000000000000001', '8bt6ynowuk2zb2ro7k2m3gnnr6bojla3', '0000000000000000000000000000040100000000000000000000000000000403', 'entityDomain', 'sbut1na96tu2p2gdr05ukkczhiks6ya300000000000000000000000000000186');
INSERT INTO md_attribute ( id) VALUES ('sbut1na96tu2p2gdr05ukkczhiks6ya300000000000000000000000000000186');
INSERT INTO metadata ( description, created_by, owner, id, create_date, seq, type, remove, site_master, locked_by, entity_domain, last_updated_by, last_update_date, key_name) VALUES ('1pqhzx889pz300av7vdy2jh5h3y0cr7hNM200904120000000000000000000030', '0000000000000000000000000000001000000000000000000000000000000003', '0000000000000000000000000000001000000000000000000000000000000003', 'sbut1na96tu2p2gdr05ukkczhiks6ya300000000000000000000000000000186', '2014-05-12 19:02:00', 4921, 'com.runwaysdk.system.metadata.MdAttributeReference', 1, 'www.runwaysdk.com', NULL, NULL, '0000000000000000000000000000001000000000000000000000000000000003', '2014-05-12 19:02:00', 'com.runwaysdk.system.ontology.ClassifierIsARelationship.entityDomain');
INSERT INTO class_attribute_concrete ( id, parent_id, child_id) VALUES ('zhka4qxmhz6y71xp9i4120r65x5r234800000000000000000000000000000073', 'xxgja2qd4vf96xfgyf3j8gb2q2e6mrkp8ur2ybsvotytfkh9zedkv3n8v8gtzfx7', 'sbut1na96tu2p2gdr05ukkczhiks6ya300000000000000000000000000000186');
INSERT INTO class_attribute ( id, parent_id, child_id) VALUES ('zhka4qxmhz6y71xp9i4120r65x5r234800000000000000000000000000000073', 'xxgja2qd4vf96xfgyf3j8gb2q2e6mrkp8ur2ybsvotytfkh9zedkv3n8v8gtzfx7', 'sbut1na96tu2p2gdr05ukkczhiks6ya300000000000000000000000000000186');
INSERT INTO metadata_relationship ( entity_domain, site_master, last_updated_by, id, owner, locked_by, create_date, type, created_by, seq, key_name, last_update_date, parent_id, child_id) VALUES (NULL, 'www.runwaysdk.com', '0000000000000000000000000000001000000000000000000000000000000003', 'zhka4qxmhz6y71xp9i4120r65x5r234800000000000000000000000000000073', '0000000000000000000000000000001000000000000000000000000000000003', NULL, '2014-05-12 19:02:00', 'com.runwaysdk.system.metadata.ClassAttributeConcrete', '0000000000000000000000000000001000000000000000000000000000000003', 4922, 'com.runwaysdk.system.ontology.ClassifierIsARelationship.entityDomain', '2014-05-12 19:02:00', 'xxgja2qd4vf96xfgyf3j8gb2q2e6mrkp8ur2ybsvotytfkh9zedkv3n8v8gtzfx7', 'sbut1na96tu2p2gdr05ukkczhiks6ya300000000000000000000000000000186');
 INSERT INTO visibilitymodifier (set_id, item_id)  VALUES  ('xckis16cyn940ixlbtn20zq139jefa4z', '20071109NM000000000000000000000520071109NM0000000000000000000001');
INSERT INTO metadata_display_label ( default_locale, id, site_master, key_name) VALUES ('Sequence', 'r4tj7ftdo68y3z0bf9v01dz6bzqkzhu4NM200904120000000000000000000030', 'www.runwaysdk.com', 'r4tj7ftdo68y3z0bf9v01dz6bzqkzhu4NM200904120000000000000000000030');
 INSERT INTO visibilitymodifier (set_id, item_id)  VALUES  ('77g7cuvy3owksjcrishm396gj3dsw92y', '20071109NM000000000000000000000520071109NM0000000000000000000001');
 INSERT INTO md_attribute_indicies (set_id, item_id)  VALUES  ('sgx5u73d4msxlxgrhfrmndvea0zaaoqm', '0000000000000000000000000000040100000000000000000000000000000403');
INSERT INTO metadata_display_label ( default_locale, id, site_master, key_name) VALUES ('Sequence number is incremented every time this object is updated', 'snd5nrgznrbejl2m6lfelngwd1ngrmb5NM200904120000000000000000000030', 'www.runwaysdk.com', 'snd5nrgznrbejl2m6lfelngwd1ngrmb5NM200904120000000000000000000030');
INSERT INTO md_attribute_long ( end_range, default_value, start_range, id) VALUES (NULL, NULL, NULL, '01rjw0c11nmp2w7bw6wxbvrma96srq7100000000000000000000000000000338');
INSERT INTO md_attribute_int ( id) VALUES ('01rjw0c11nmp2w7bw6wxbvrma96srq7100000000000000000000000000000338');
INSERT INTO md_attribute_number ( reject_negative, reject_zero, reject_positive, id) VALUES (1, 0, 0, '01rjw0c11nmp2w7bw6wxbvrma96srq7100000000000000000000000000000338');
INSERT INTO md_attribute_primitive ( id) VALUES ('01rjw0c11nmp2w7bw6wxbvrma96srq7100000000000000000000000000000338');
INSERT INTO md_attribute_concrete ( column_name, defining_md_class, setter_visibility, setter_visibility_c, immutable, index_name, generate_accessor, system, required, display_label, getter_visibility, getter_visibility_c, index_type, index_type_c, attribute_name, id) VALUES ('seq', 'xxgja2qd4vf96xfgyf3j8gb2q2e6mrkp8ur2ybsvotytfkh9zedkv3n8v8gtzfx7', 'xckis16cyn940ixlbtn20zq139jefa4z', '20071109NM000000000000000000000520071109NM0000000000000000000001', 0, 'apic4u0wm4g09arusewuph5ofz3k4f', 1, 1, 1, 'r4tj7ftdo68y3z0bf9v01dz6bzqkzhu4NM200904120000000000000000000030', '77g7cuvy3owksjcrishm396gj3dsw92y', '20071109NM000000000000000000000520071109NM0000000000000000000001', 'sgx5u73d4msxlxgrhfrmndvea0zaaoqm', '0000000000000000000000000000040100000000000000000000000000000403', 'seq', '01rjw0c11nmp2w7bw6wxbvrma96srq7100000000000000000000000000000338');
INSERT INTO md_attribute ( id) VALUES ('01rjw0c11nmp2w7bw6wxbvrma96srq7100000000000000000000000000000338');
INSERT INTO metadata ( description, created_by, owner, id, create_date, seq, type, remove, site_master, locked_by, entity_domain, last_updated_by, last_update_date, key_name) VALUES ('snd5nrgznrbejl2m6lfelngwd1ngrmb5NM200904120000000000000000000030', '0000000000000000000000000000001000000000000000000000000000000003', '0000000000000000000000000000001000000000000000000000000000000003', '01rjw0c11nmp2w7bw6wxbvrma96srq7100000000000000000000000000000338', '2014-05-12 19:02:00', 4923, 'com.runwaysdk.system.metadata.MdAttributeLong', 0, 'www.runwaysdk.com', NULL, NULL, '0000000000000000000000000000001000000000000000000000000000000003', '2014-05-12 19:02:00', 'com.runwaysdk.system.ontology.ClassifierIsARelationship.seq');
INSERT INTO class_attribute_concrete ( id, parent_id, child_id) VALUES ('sphydff3idpifkll17rn2zakgl2250gq00000000000000000000000000000073', 'xxgja2qd4vf96xfgyf3j8gb2q2e6mrkp8ur2ybsvotytfkh9zedkv3n8v8gtzfx7', '01rjw0c11nmp2w7bw6wxbvrma96srq7100000000000000000000000000000338');
INSERT INTO class_attribute ( id, parent_id, child_id) VALUES ('sphydff3idpifkll17rn2zakgl2250gq00000000000000000000000000000073', 'xxgja2qd4vf96xfgyf3j8gb2q2e6mrkp8ur2ybsvotytfkh9zedkv3n8v8gtzfx7', '01rjw0c11nmp2w7bw6wxbvrma96srq7100000000000000000000000000000338');
INSERT INTO metadata_relationship ( entity_domain, site_master, last_updated_by, id, owner, locked_by, create_date, type, created_by, seq, key_name, last_update_date, parent_id, child_id) VALUES (NULL, 'www.runwaysdk.com', '0000000000000000000000000000001000000000000000000000000000000003', 'sphydff3idpifkll17rn2zakgl2250gq00000000000000000000000000000073', '0000000000000000000000000000001000000000000000000000000000000003', NULL, '2014-05-12 19:02:00', 'com.runwaysdk.system.metadata.ClassAttributeConcrete', '0000000000000000000000000000001000000000000000000000000000000003', 4924, 'com.runwaysdk.system.ontology.ClassifierIsARelationship.seq', '2014-05-12 19:02:00', 'xxgja2qd4vf96xfgyf3j8gb2q2e6mrkp8ur2ybsvotytfkh9zedkv3n8v8gtzfx7', '01rjw0c11nmp2w7bw6wxbvrma96srq7100000000000000000000000000000338');
DELETE FROM associationtype WHERE set_id='6xcrqgsqzgtxg6acmthtq2e8rl7qlbsh';
 INSERT INTO associationtype (set_id, item_id)  VALUES  ('6xcrqgsqzgtxg6acmthtq2e8rl7qlbsh', 'stdq297fiutlafkxcefcn7ffgv823bqmzha6nh8rgh8me2mpoe6i1eaw2z3u5g7g');
DELETE FROM relationship_cache WHERE set_id='zm79aktgiuc06vcui8eysfxvc64val84';
 INSERT INTO relationship_cache (set_id, item_id)  VALUES  ('zm79aktgiuc06vcui8eysfxvc64val84', '0000000000000000000000000000023100000000000000000000000000000222');
DELETE FROM visibilitymodifier WHERE set_id='0aoanvh4l280xv2y0h926fn4nukr3bj7';
 INSERT INTO visibilitymodifier (set_id, item_id)  VALUES  ('0aoanvh4l280xv2y0h926fn4nukr3bj7', '20071109NM000000000000000000000520071109NM0000000000000000000001');
UPDATE metadata_display_label SET id= '8i8khx51if5qht5l8tb73obnt2hp96x6NM200904120000000000000000000030' , site_master= 'www.runwaysdk.com' , key_name= '8i8khx51if5qht5l8tb73obnt2hp96x6NM200904120000000000000000000030'  WHERE id='8i8khx51if5qht5l8tb73obnt2hp96x6NM200904120000000000000000000030';
DELETE FROM visibilitymodifier WHERE set_id='xg7omdkg2t566scefmsrupwcqt6h86dp';
 INSERT INTO visibilitymodifier (set_id, item_id)  VALUES  ('xg7omdkg2t566scefmsrupwcqt6h86dp', '20071109NM000000000000000000000520071109NM0000000000000000000001');
UPDATE metadata_display_label SET id= '8yyldwanj218sh2zjtbom14t7cgzge0kNM200904120000000000000000000030' , site_master= 'www.runwaysdk.com' , key_name= '8yyldwanj218sh2zjtbom14t7cgzge0kNM200904120000000000000000000030'  WHERE id='8yyldwanj218sh2zjtbom14t7cgzge0kNM200904120000000000000000000030';
UPDATE metadata_display_label SET default_locale= 'ClassifierIsA Relationship' , id= '6q88dv9oz1zmfv28tego624v3owmol1uNM200904120000000000000000000030' , site_master= 'www.runwaysdk.com' , key_name= '6q88dv9oz1zmfv28tego624v3owmol1uNM200904120000000000000000000030'  WHERE id='6q88dv9oz1zmfv28tego624v3owmol1uNM200904120000000000000000000030';
UPDATE metadata_display_label SET default_locale= 'ClassifierIsA Relationship' , id= 'xqvo3scm0bjjv55d37qt286el2zu3ar2NM200904120000000000000000000030' , site_master= 'www.runwaysdk.com' , key_name= 'xqvo3scm0bjjv55d37qt286el2zu3ar2NM200904120000000000000000000030'  WHERE id='xqvo3scm0bjjv55d37qt286el2zu3ar2NM200904120000000000000000000030';
UPDATE md_term_relationship SET association_type= '6xcrqgsqzgtxg6acmthtq2e8rl7qlbsh' , association_type_c= 'stdq297fiutlafkxcefcn7ffgv823bqmzha6nh8rgh8me2mpoe6i1eaw2z3u5g7g' , id= 'xxgja2qd4vf96xfgyf3j8gb2q2e6mrkp8ur2ybsvotytfkh9zedkv3n8v8gtzfx7'  WHERE id='xxgja2qd4vf96xfgyf3j8gb2q2e6mrkp8ur2ybsvotytfkh9zedkv3n8v8gtzfx7';
UPDATE md_relationship SET cache_algorithm= 'zm79aktgiuc06vcui8eysfxvc64val84' , cache_algorithm_c= '0000000000000000000000000000023100000000000000000000000000000222' , index2_name= 'rel_xcq3447pluhaizwob94xvwij9i' , parent_visibility= '0aoanvh4l280xv2y0h926fn4nukr3bj7' , parent_visibility_c= '20071109NM000000000000000000000520071109NM0000000000000000000001' , parent_md_business= '00s2idu3uthifis6hnu3d6clv0xti7isxl2eqz5dv2cq2hoogeb43gg0ohakvvsp' , parent_cardinality= '*' , parent_display_label= '8i8khx51if5qht5l8tb73obnt2hp96x6NM200904120000000000000000000030' , child_visibility= 'xg7omdkg2t566scefmsrupwcqt6h86dp' , child_visibility_c= '20071109NM000000000000000000000520071109NM0000000000000000000001' , child_method= 'IsAChild' , parent_method= 'IsAParent' , index1_name= 'rel_6u971pazcd5l648v9k9ars8hsq' , child_md_business= '00s2idu3uthifis6hnu3d6clv0xti7isxl2eqz5dv2cq2hoogeb43gg0ohakvvsp' , child_display_label= '8yyldwanj218sh2zjtbom14t7cgzge0kNM200904120000000000000000000030' , child_cardinality= '*' , id= 'xxgja2qd4vf96xfgyf3j8gb2q2e6mrkp8ur2ybsvotytfkh9zedkv3n8v8gtzfx7'  WHERE id='xxgja2qd4vf96xfgyf3j8gb2q2e6mrkp8ur2ybsvotytfkh9zedkv3n8v8gtzfx7';
UPDATE md_entity SET table_name= 'classifier_is_ar_elationship' , id= 'xxgja2qd4vf96xfgyf3j8gb2q2e6mrkp8ur2ybsvotytfkh9zedkv3n8v8gtzfx7'  WHERE id='xxgja2qd4vf96xfgyf3j8gb2q2e6mrkp8ur2ybsvotytfkh9zedkv3n8v8gtzfx7';
UPDATE md_type SET display_label= '6q88dv9oz1zmfv28tego624v3owmol1uNM200904120000000000000000000030' , root_id= 'xxgja2qd4vf96xfgyf3j8gb2q2e6mrkp' , package_name= 'com.runwaysdk.system.ontology' , type_name= 'ClassifierIsARelationship' , id= 'xxgja2qd4vf96xfgyf3j8gb2q2e6mrkp8ur2ybsvotytfkh9zedkv3n8v8gtzfx7'  WHERE id='xxgja2qd4vf96xfgyf3j8gb2q2e6mrkp8ur2ybsvotytfkh9zedkv3n8v8gtzfx7';
UPDATE metadata SET description= 'xqvo3scm0bjjv55d37qt286el2zu3ar2NM200904120000000000000000000030' , created_by= '0000000000000000000000000000001000000000000000000000000000000003' , owner= '0000000000000000000000000000001000000000000000000000000000000003' , id= 'xxgja2qd4vf96xfgyf3j8gb2q2e6mrkp8ur2ybsvotytfkh9zedkv3n8v8gtzfx7' , create_date= '2014-05-12 19:02:00' , seq= 4925 , type= 'com.runwaysdk.system.metadata.MdTermRelationship' , site_master= 'www.runwaysdk.com' , last_updated_by= '0000000000000000000000000000001000000000000000000000000000000003' , last_update_date= '2014-05-12 19:02:00' , key_name= 'com.runwaysdk.system.ontology.ClassifierIsARelationship'  WHERE id='xxgja2qd4vf96xfgyf3j8gb2q2e6mrkp8ur2ybsvotytfkh9zedkv3n8v8gtzfx7';
CREATE TABLE classifier_is_ar_elationship ( id CHAR(64) NOT NULL PRIMARY KEY, 
parent_id CHAR(64) NOT NULL, 
child_id CHAR(64) NOT NULL
,site_master  varchar(255)
,key_name  varchar(255)
,last_update_date  timestamp
,last_updated_by  char(64)
,created_by  char(64)
,locked_by  char(64)
,create_date  timestamp
,owner  char(64)
,type  varchar(255)
,entity_domain  char(64)
,seq  bigint );
CREATE  UNIQUE  INDEX rel_6u971pazcd5l648v9k9ars8hsq ON classifier_is_ar_elationship (parent_id, child_id);
CREATE INDEX rel_xcq3447pluhaizwob94xvwij9i ON classifier_is_ar_elationship (child_id);
CREATE UNIQUE INDEX a4re41zbq44oyvbtnopjpjk6gpdtsd ON classifier_is_ar_elationship (key_name);
UPDATE metadata_display_label SET id= 'xgsfaxfleied3lzs1ji1eg19221uv7o8NM200904120000000000000000000030' , site_master= 'www.runwaysdk.com' , key_name= 'xgsfaxfleied3lzs1ji1eg19221uv7o8NM200904120000000000000000000030'  WHERE id='xgsfaxfleied3lzs1ji1eg19221uv7o8NM200904120000000000000000000030';
UPDATE metadata_display_label SET id= '7g4zdrhjgirgorsdweheh587gml8qveaNM200904120000000000000000000030' , site_master= 'www.runwaysdk.com' , key_name= '7g4zdrhjgirgorsdweheh587gml8qveaNM200904120000000000000000000030'  WHERE id='7g4zdrhjgirgorsdweheh587gml8qveaNM200904120000000000000000000030';
UPDATE md_type SET display_label= 'xgsfaxfleied3lzs1ji1eg19221uv7o8NM200904120000000000000000000030' , root_id= 'yvzogjjx2ymblp9cwnb9blqmblqiguom' , package_name= 'com.runwaysdk.system.ontology' , type_name= 'ClassifierController' , id= 'yvzogjjx2ymblp9cwnb9blqmblqiguomNM200810110000000000000000000112'  WHERE id='yvzogjjx2ymblp9cwnb9blqmblqiguomNM200810110000000000000000000112';
UPDATE metadata SET description= '7g4zdrhjgirgorsdweheh587gml8qveaNM200904120000000000000000000030' , created_by= '0000000000000000000000000000001000000000000000000000000000000003' , owner= '0000000000000000000000000000001000000000000000000000000000000003' , id= 'yvzogjjx2ymblp9cwnb9blqmblqiguomNM200810110000000000000000000112' , create_date= '2014-05-12 19:02:00' , seq= 4926 , type= 'com.runwaysdk.system.metadata.MdController' , site_master= 'www.runwaysdk.com' , last_updated_by= '0000000000000000000000000000001000000000000000000000000000000003' , last_update_date= '2014-05-12 19:02:00' , key_name= 'com.runwaysdk.system.ontology.ClassifierController'  WHERE id='yvzogjjx2ymblp9cwnb9blqmblqiguomNM200810110000000000000000000112';
UPDATE metadata_display_label SET default_locale= 'Create' , id= '0dnypgq356hntgkc2xhbsqu4e0vkg7srNM200904120000000000000000000030' , site_master= 'www.runwaysdk.com' , key_name= '0dnypgq356hntgkc2xhbsqu4e0vkg7srNM200904120000000000000000000030'  WHERE id='0dnypgq356hntgkc2xhbsqu4e0vkg7srNM200904120000000000000000000030';
UPDATE metadata_display_label SET default_locale= 'Applys a new instance of com.runwaysdk.system.ontology.Classifier' , id= '2e293hr7mvm864hit20viowr4lbx8zcjNM200904120000000000000000000030' , site_master= 'www.runwaysdk.com' , key_name= '2e293hr7mvm864hit20viowr4lbx8zcjNM200904120000000000000000000030'  WHERE id='2e293hr7mvm864hit20viowr4lbx8zcjNM200904120000000000000000000030';
UPDATE md_action SET enclosing_md_controller= 'yvzogjjx2ymblp9cwnb9blqmblqiguomNM200810110000000000000000000112' , is_post= 1 , action_name= 'create' , display_label= '0dnypgq356hntgkc2xhbsqu4e0vkg7srNM200904120000000000000000000030' , id= '2abrsvngyses2u26au1oboju7t4hl40sNM200810110000000000000000000113'  WHERE id='2abrsvngyses2u26au1oboju7t4hl40sNM200810110000000000000000000113';
UPDATE metadata SET description= '2e293hr7mvm864hit20viowr4lbx8zcjNM200904120000000000000000000030' , created_by= '0000000000000000000000000000001000000000000000000000000000000003' , owner= '0000000000000000000000000000001000000000000000000000000000000003' , id= '2abrsvngyses2u26au1oboju7t4hl40sNM200810110000000000000000000113' , create_date= '2014-05-12 19:02:00' , seq= 4927 , type= 'com.runwaysdk.system.metadata.MdAction' , site_master= 'www.runwaysdk.com' , last_updated_by= '0000000000000000000000000000001000000000000000000000000000000003' , last_update_date= '2014-05-12 19:02:00' , key_name= 'com.runwaysdk.system.ontology.ClassifierController.create'  WHERE id='2abrsvngyses2u26au1oboju7t4hl40sNM200810110000000000000000000113';
UPDATE metadata_display_label SET default_locale= 'Parameter: com.runwaysdk.system.ontology.Classifier' , id= '8zxocmy1my0vfai942las8qjomy7dn06NM200904120000000000000000000030' , site_master= 'www.runwaysdk.com' , key_name= '8zxocmy1my0vfai942las8qjomy7dn06NM200904120000000000000000000030'  WHERE id='8zxocmy1my0vfai942las8qjomy7dn06NM200904120000000000000000000030';
UPDATE metadata_display_label SET default_locale= 'com.runwaysdk.system.ontology.Classifier to apply to the database' , id= '90q9ruilyv8wxqico4787uzwlo9pwtrvNM200904120000000000000000000030' , site_master= 'www.runwaysdk.com' , key_name= '90q9ruilyv8wxqico4787uzwlo9pwtrvNM200904120000000000000000000030'  WHERE id='90q9ruilyv8wxqico4787uzwlo9pwtrvNM200904120000000000000000000030';
UPDATE md_parameter SET metadata= '2abrsvngyses2u26au1oboju7t4hl40sNM200810110000000000000000000113' , parameter_order= 0 , parameter_name= 'dto' , parameter_type= 'com.runwaysdk.system.ontology.Classifier' , display_label= '8zxocmy1my0vfai942las8qjomy7dn06NM200904120000000000000000000030' , id= '0ljgtdb8995ti73bl2byll669gurnjpy20070427JS0000000000000000001517'  WHERE id='0ljgtdb8995ti73bl2byll669gurnjpy20070427JS0000000000000000001517';
UPDATE metadata SET description= '90q9ruilyv8wxqico4787uzwlo9pwtrvNM200904120000000000000000000030' , created_by= '0000000000000000000000000000001000000000000000000000000000000003' , owner= '0000000000000000000000000000001000000000000000000000000000000003' , id= '0ljgtdb8995ti73bl2byll669gurnjpy20070427JS0000000000000000001517' , create_date= '2014-05-12 19:02:00' , seq= 4928 , type= 'com.runwaysdk.system.metadata.MdParameter' , site_master= 'www.runwaysdk.com' , last_updated_by= '0000000000000000000000000000001000000000000000000000000000000003' , last_update_date= '2014-05-12 19:02:00' , key_name= 'com.runwaysdk.system.ontology.ClassifierController.create.dto'  WHERE id='0ljgtdb8995ti73bl2byll669gurnjpy20070427JS0000000000000000001517';
INSERT INTO metadata_display_label ( default_locale, id, site_master, key_name) VALUES (NULL, 'xdrhofzs2oo4ltmxb4jznjvzx5bh9qx9NM200904120000000000000000000030', 'www.runwaysdk.com', 'xdrhofzs2oo4ltmxb4jznjvzx5bh9qx9NM200904120000000000000000000030');
INSERT INTO metadata_display_label ( default_locale, id, site_master, key_name) VALUES (NULL, 'y017lnw90sgnluk9zwbw5eyey4k5vmeoNM200904120000000000000000000030', 'www.runwaysdk.com', 'y017lnw90sgnluk9zwbw5eyey4k5vmeoNM200904120000000000000000000030');
INSERT INTO md_parameter ( metadata, parameter_order, parameter_name, parameter_type, display_label, id) VALUES ('2abrsvngyses2u26au1oboju7t4hl40sNM200810110000000000000000000113', 1, 'parentId', 'java.lang.String', 'xdrhofzs2oo4ltmxb4jznjvzx5bh9qx9NM200904120000000000000000000030', 'sp04v72zgsd6utm2yqjr0itmwwe3m6p820070427JS0000000000000000001517');
INSERT INTO metadata ( description, created_by, owner, id, create_date, seq, type, remove, site_master, locked_by, entity_domain, last_updated_by, last_update_date, key_name) VALUES ('y017lnw90sgnluk9zwbw5eyey4k5vmeoNM200904120000000000000000000030', '0000000000000000000000000000001000000000000000000000000000000003', '0000000000000000000000000000001000000000000000000000000000000003', 'sp04v72zgsd6utm2yqjr0itmwwe3m6p820070427JS0000000000000000001517', '2014-05-12 19:02:00', 4929, 'com.runwaysdk.system.metadata.MdParameter', 1, 'www.runwaysdk.com', NULL, NULL, '0000000000000000000000000000001000000000000000000000000000000003', '2014-05-12 19:02:00', 'com.runwaysdk.system.ontology.ClassifierController.create.parentId');
INSERT INTO metadata_parameter ( site_master, last_updated_by, create_date, seq, locked_by, entity_domain, created_by, type, last_update_date, key_name, owner, id, parent_id, child_id) VALUES ('www.runwaysdk.com', '0000000000000000000000000000001000000000000000000000000000000003', '2014-05-12 19:02:00', 4930, NULL, NULL, '0000000000000000000000000000001000000000000000000000000000000003', 'com.runwaysdk.system.MetadataParameter', '2014-05-12 19:02:00', 'com.runwaysdk.system.ontology.ClassifierController.create.parentId', '0000000000000000000000000000001000000000000000000000000000000003', 'zjwmecu9aux91pnb2grtfe3w8v2zyurl20070427JS0000000000000000001524', '2abrsvngyses2u26au1oboju7t4hl40sNM200810110000000000000000000113', 'sp04v72zgsd6utm2yqjr0itmwwe3m6p820070427JS0000000000000000001517');
INSERT INTO metadata_display_label ( default_locale, id, site_master, key_name) VALUES (NULL, '7aqah7cphtjg8q5q7nfz0a0al15c55f5NM200904120000000000000000000030', 'www.runwaysdk.com', '7aqah7cphtjg8q5q7nfz0a0al15c55f5NM200904120000000000000000000030');
INSERT INTO metadata_display_label ( default_locale, id, site_master, key_name) VALUES (NULL, '1y0brz8iwde91e8pg6nocb4c4vf6xplcNM200904120000000000000000000030', 'www.runwaysdk.com', '1y0brz8iwde91e8pg6nocb4c4vf6xplcNM200904120000000000000000000030');
INSERT INTO md_action ( is_query, enclosing_md_controller, is_post, action_name, display_label, id) VALUES (0, 'yvzogjjx2ymblp9cwnb9blqmblqiguomNM200810110000000000000000000112', 1, 'viewCreate', '7aqah7cphtjg8q5q7nfz0a0al15c55f5NM200904120000000000000000000030', 'qsdc2kdefobpcjk619zs2fv4icuc7vycNM200810110000000000000000000113');
INSERT INTO metadata ( description, created_by, owner, id, create_date, seq, type, remove, site_master, locked_by, entity_domain, last_updated_by, last_update_date, key_name) VALUES ('1y0brz8iwde91e8pg6nocb4c4vf6xplcNM200904120000000000000000000030', '0000000000000000000000000000001000000000000000000000000000000003', '0000000000000000000000000000001000000000000000000000000000000003', 'qsdc2kdefobpcjk619zs2fv4icuc7vycNM200810110000000000000000000113', '2014-05-12 19:02:00', 4931, 'com.runwaysdk.system.metadata.MdAction', 1, 'www.runwaysdk.com', NULL, NULL, '0000000000000000000000000000001000000000000000000000000000000003', '2014-05-12 19:02:00', 'com.runwaysdk.system.ontology.ClassifierController.viewCreate');
INSERT INTO controller_action ( key_name, locked_by, id, owner, entity_domain, created_by, type, last_update_date, create_date, seq, last_updated_by, site_master, parent_id, child_id) VALUES ('com.runwaysdk.system.ontology.ClassifierController.viewCreate', NULL, '6uen44ly0vktiyopds3ih0595hydxs1sJS200807230000000000000000111111', '0000000000000000000000000000001000000000000000000000000000000003', NULL, '0000000000000000000000000000001000000000000000000000000000000003', 'com.runwaysdk.system.ControllerAction', '2014-05-12 19:02:00', '2014-05-12 19:02:00', 4932, '0000000000000000000000000000001000000000000000000000000000000003', 'www.runwaysdk.com', 'yvzogjjx2ymblp9cwnb9blqmblqiguomNM200810110000000000000000000112', 'qsdc2kdefobpcjk619zs2fv4icuc7vycNM200810110000000000000000000113');
INSERT INTO metadata_display_label ( default_locale, id, site_master, key_name) VALUES (NULL, '03egkx8cxlzc7m58mywvoqysupgn9zabNM200904120000000000000000000030', 'www.runwaysdk.com', '03egkx8cxlzc7m58mywvoqysupgn9zabNM200904120000000000000000000030');
INSERT INTO metadata_display_label ( default_locale, id, site_master, key_name) VALUES (NULL, 'sfqgpt5w7o96dwyrxh1q96hlcbm61seeNM200904120000000000000000000030', 'www.runwaysdk.com', 'sfqgpt5w7o96dwyrxh1q96hlcbm61seeNM200904120000000000000000000030');
INSERT INTO md_action ( is_query, enclosing_md_controller, is_post, action_name, display_label, id) VALUES (0, 'yvzogjjx2ymblp9cwnb9blqmblqiguomNM200810110000000000000000000112', 1, 'viewUpdate', '03egkx8cxlzc7m58mywvoqysupgn9zabNM200904120000000000000000000030', 'zl8puqhc7z49z1ymzu7dzdwg83cafzguNM200810110000000000000000000113');
INSERT INTO metadata ( description, created_by, owner, id, create_date, seq, type, remove, site_master, locked_by, entity_domain, last_updated_by, last_update_date, key_name) VALUES ('sfqgpt5w7o96dwyrxh1q96hlcbm61seeNM200904120000000000000000000030', '0000000000000000000000000000001000000000000000000000000000000003', '0000000000000000000000000000001000000000000000000000000000000003', 'zl8puqhc7z49z1ymzu7dzdwg83cafzguNM200810110000000000000000000113', '2014-05-12 19:02:00', 4933, 'com.runwaysdk.system.metadata.MdAction', 1, 'www.runwaysdk.com', NULL, NULL, '0000000000000000000000000000001000000000000000000000000000000003', '2014-05-12 19:02:00', 'com.runwaysdk.system.ontology.ClassifierController.viewUpdate');
INSERT INTO controller_action ( key_name, locked_by, id, owner, entity_domain, created_by, type, last_update_date, create_date, seq, last_updated_by, site_master, parent_id, child_id) VALUES ('com.runwaysdk.system.ontology.ClassifierController.viewUpdate', NULL, '21a128rifmj9e5vuj9ergfzu9jfbzdzoJS200807230000000000000000111111', '0000000000000000000000000000001000000000000000000000000000000003', NULL, '0000000000000000000000000000001000000000000000000000000000000003', 'com.runwaysdk.system.ControllerAction', '2014-05-12 19:02:00', '2014-05-12 19:02:00', 4934, '0000000000000000000000000000001000000000000000000000000000000003', 'www.runwaysdk.com', 'yvzogjjx2ymblp9cwnb9blqmblqiguomNM200810110000000000000000000112', 'zl8puqhc7z49z1ymzu7dzdwg83cafzguNM200810110000000000000000000113');
INSERT INTO metadata_display_label ( default_locale, id, site_master, key_name) VALUES (NULL, '8p2tvfj4hormflt7ufy4xxcev20whiggNM200904120000000000000000000030', 'www.runwaysdk.com', '8p2tvfj4hormflt7ufy4xxcev20whiggNM200904120000000000000000000030');
INSERT INTO metadata_display_label ( default_locale, id, site_master, key_name) VALUES (NULL, '8gxkdbk3nu13d57v3ies8y7pm3w5ppq5NM200904120000000000000000000030', 'www.runwaysdk.com', '8gxkdbk3nu13d57v3ies8y7pm3w5ppq5NM200904120000000000000000000030');
INSERT INTO md_parameter ( metadata, parameter_order, parameter_name, parameter_type, display_label, id) VALUES ('zl8puqhc7z49z1ymzu7dzdwg83cafzguNM200810110000000000000000000113', 0, 'id', 'java.lang.String', '8p2tvfj4hormflt7ufy4xxcev20whiggNM200904120000000000000000000030', '6nopf990p7dymtllorsnuw633c9ij17u20070427JS0000000000000000001517');
INSERT INTO metadata ( description, created_by, owner, id, create_date, seq, type, remove, site_master, locked_by, entity_domain, last_updated_by, last_update_date, key_name) VALUES ('8gxkdbk3nu13d57v3ies8y7pm3w5ppq5NM200904120000000000000000000030', '0000000000000000000000000000001000000000000000000000000000000003', '0000000000000000000000000000001000000000000000000000000000000003', '6nopf990p7dymtllorsnuw633c9ij17u20070427JS0000000000000000001517', '2014-05-12 19:02:00', 4935, 'com.runwaysdk.system.metadata.MdParameter', 1, 'www.runwaysdk.com', NULL, NULL, '0000000000000000000000000000001000000000000000000000000000000003', '2014-05-12 19:02:00', 'com.runwaysdk.system.ontology.ClassifierController.viewUpdate.id');
INSERT INTO metadata_parameter ( site_master, last_updated_by, create_date, seq, locked_by, entity_domain, created_by, type, last_update_date, key_name, owner, id, parent_id, child_id) VALUES ('www.runwaysdk.com', '0000000000000000000000000000001000000000000000000000000000000003', '2014-05-12 19:02:00', 4936, NULL, NULL, '0000000000000000000000000000001000000000000000000000000000000003', 'com.runwaysdk.system.MetadataParameter', '2014-05-12 19:02:00', 'com.runwaysdk.system.ontology.ClassifierController.viewUpdate.id', '0000000000000000000000000000001000000000000000000000000000000003', 'qu47br8s733w748mvs20y58ln1izxkwa20070427JS0000000000000000001524', 'zl8puqhc7z49z1ymzu7dzdwg83cafzguNM200810110000000000000000000113', '6nopf990p7dymtllorsnuw633c9ij17u20070427JS0000000000000000001517');
INSERT INTO metadata_display_label ( default_locale, id, site_master, key_name) VALUES (NULL, 'z2ttdjdvql4s32m8p825zl2yuhablx7hNM200904120000000000000000000030', 'www.runwaysdk.com', 'z2ttdjdvql4s32m8p825zl2yuhablx7hNM200904120000000000000000000030');
INSERT INTO metadata_display_label ( default_locale, id, site_master, key_name) VALUES (NULL, '0dnxtzre4pd6fncnbl4rpb91e5tmbho5NM200904120000000000000000000030', 'www.runwaysdk.com', '0dnxtzre4pd6fncnbl4rpb91e5tmbho5NM200904120000000000000000000030');
INSERT INTO md_action ( is_query, enclosing_md_controller, is_post, action_name, display_label, id) VALUES (0, 'yvzogjjx2ymblp9cwnb9blqmblqiguomNM200810110000000000000000000112', 1, 'getDirectDescendants', 'z2ttdjdvql4s32m8p825zl2yuhablx7hNM200904120000000000000000000030', 'sr0dmihghiz7sl779h9m5rehul6649h5NM200810110000000000000000000113');
INSERT INTO metadata ( description, created_by, owner, id, create_date, seq, type, remove, site_master, locked_by, entity_domain, last_updated_by, last_update_date, key_name) VALUES ('0dnxtzre4pd6fncnbl4rpb91e5tmbho5NM200904120000000000000000000030', '0000000000000000000000000000001000000000000000000000000000000003', '0000000000000000000000000000001000000000000000000000000000000003', 'sr0dmihghiz7sl779h9m5rehul6649h5NM200810110000000000000000000113', '2014-05-12 19:02:00', 4937, 'com.runwaysdk.system.metadata.MdAction', 1, 'www.runwaysdk.com', NULL, NULL, '0000000000000000000000000000001000000000000000000000000000000003', '2014-05-12 19:02:00', 'com.runwaysdk.system.ontology.ClassifierController.getDirectDescendants');
INSERT INTO controller_action ( key_name, locked_by, id, owner, entity_domain, created_by, type, last_update_date, create_date, seq, last_updated_by, site_master, parent_id, child_id) VALUES ('com.runwaysdk.system.ontology.ClassifierController.getDirectDescendants', NULL, '061a0opvjs4ei1hjaj6x7jtffkg3d7hlJS200807230000000000000000111111', '0000000000000000000000000000001000000000000000000000000000000003', NULL, '0000000000000000000000000000001000000000000000000000000000000003', 'com.runwaysdk.system.ControllerAction', '2014-05-12 19:02:00', '2014-05-12 19:02:00', 4938, '0000000000000000000000000000001000000000000000000000000000000003', 'www.runwaysdk.com', 'yvzogjjx2ymblp9cwnb9blqmblqiguomNM200810110000000000000000000112', 'sr0dmihghiz7sl779h9m5rehul6649h5NM200810110000000000000000000113');
INSERT INTO metadata_display_label ( default_locale, id, site_master, key_name) VALUES (NULL, 'z5f3qrwuliy7p7nci2dsbxq0vct6e64zNM200904120000000000000000000030', 'www.runwaysdk.com', 'z5f3qrwuliy7p7nci2dsbxq0vct6e64zNM200904120000000000000000000030');
INSERT INTO metadata_display_label ( default_locale, id, site_master, key_name) VALUES (NULL, '25utx2f1j26h4ya4v0qf43s9ieem5cegNM200904120000000000000000000030', 'www.runwaysdk.com', '25utx2f1j26h4ya4v0qf43s9ieem5cegNM200904120000000000000000000030');
INSERT INTO md_parameter ( metadata, parameter_order, parameter_name, parameter_type, display_label, id) VALUES ('sr0dmihghiz7sl779h9m5rehul6649h5NM200810110000000000000000000113', 0, 'parentId', 'java.lang.String', 'z5f3qrwuliy7p7nci2dsbxq0vct6e64zNM200904120000000000000000000030', '1xnp08287420qx57otlchp1oo12bgv6020070427JS0000000000000000001517');
INSERT INTO metadata ( description, created_by, owner, id, create_date, seq, type, remove, site_master, locked_by, entity_domain, last_updated_by, last_update_date, key_name) VALUES ('25utx2f1j26h4ya4v0qf43s9ieem5cegNM200904120000000000000000000030', '0000000000000000000000000000001000000000000000000000000000000003', '0000000000000000000000000000001000000000000000000000000000000003', '1xnp08287420qx57otlchp1oo12bgv6020070427JS0000000000000000001517', '2014-05-12 19:02:00', 4939, 'com.runwaysdk.system.metadata.MdParameter', 1, 'www.runwaysdk.com', NULL, NULL, '0000000000000000000000000000001000000000000000000000000000000003', '2014-05-12 19:02:00', 'com.runwaysdk.system.ontology.ClassifierController.getDirectDescendants.parentId');
INSERT INTO metadata_parameter ( site_master, last_updated_by, create_date, seq, locked_by, entity_domain, created_by, type, last_update_date, key_name, owner, id, parent_id, child_id) VALUES ('www.runwaysdk.com', '0000000000000000000000000000001000000000000000000000000000000003', '2014-05-12 19:02:00', 4940, NULL, NULL, '0000000000000000000000000000001000000000000000000000000000000003', 'com.runwaysdk.system.MetadataParameter', '2014-05-12 19:02:00', 'com.runwaysdk.system.ontology.ClassifierController.getDirectDescendants.parentId', '0000000000000000000000000000001000000000000000000000000000000003', 'xkns7xr4y8hzv7tdrpdenkieor64uim020070427JS0000000000000000001524', 'sr0dmihghiz7sl779h9m5rehul6649h5NM200810110000000000000000000113', '1xnp08287420qx57otlchp1oo12bgv6020070427JS0000000000000000001517');
INSERT INTO metadata_display_label ( default_locale, id, site_master, key_name) VALUES (NULL, '2eazhvjrru7ouu5s477pnagfu30o34gaNM200904120000000000000000000030', 'www.runwaysdk.com', '2eazhvjrru7ouu5s477pnagfu30o34gaNM200904120000000000000000000030');
INSERT INTO metadata_display_label ( default_locale, id, site_master, key_name) VALUES (NULL, '0kzgcfic4srhcluj6e8si7g2hdpcbv4dNM200904120000000000000000000030', 'www.runwaysdk.com', '0kzgcfic4srhcluj6e8si7g2hdpcbv4dNM200904120000000000000000000030');
INSERT INTO md_parameter ( metadata, parameter_order, parameter_name, parameter_type, display_label, id) VALUES ('sr0dmihghiz7sl779h9m5rehul6649h5NM200810110000000000000000000113', 1, 'pageNum', 'java.lang.Integer', '2eazhvjrru7ouu5s477pnagfu30o34gaNM200904120000000000000000000030', '29welw6lvypj9zs0yetdknvbih2qri4420070427JS0000000000000000001517');
INSERT INTO metadata ( description, created_by, owner, id, create_date, seq, type, remove, site_master, locked_by, entity_domain, last_updated_by, last_update_date, key_name) VALUES ('0kzgcfic4srhcluj6e8si7g2hdpcbv4dNM200904120000000000000000000030', '0000000000000000000000000000001000000000000000000000000000000003', '0000000000000000000000000000001000000000000000000000000000000003', '29welw6lvypj9zs0yetdknvbih2qri4420070427JS0000000000000000001517', '2014-05-12 19:02:00', 4941, 'com.runwaysdk.system.metadata.MdParameter', 1, 'www.runwaysdk.com', NULL, NULL, '0000000000000000000000000000001000000000000000000000000000000003', '2014-05-12 19:02:00', 'com.runwaysdk.system.ontology.ClassifierController.getDirectDescendants.pageNum');
INSERT INTO metadata_parameter ( site_master, last_updated_by, create_date, seq, locked_by, entity_domain, created_by, type, last_update_date, key_name, owner, id, parent_id, child_id) VALUES ('www.runwaysdk.com', '0000000000000000000000000000001000000000000000000000000000000003', '2014-05-12 19:02:00', 4942, NULL, NULL, '0000000000000000000000000000001000000000000000000000000000000003', 'com.runwaysdk.system.MetadataParameter', '2014-05-12 19:02:00', 'com.runwaysdk.system.ontology.ClassifierController.getDirectDescendants.pageNum', '0000000000000000000000000000001000000000000000000000000000000003', '6ujkcgneam6jj7nyu7hupni9c60vqefr20070427JS0000000000000000001524', 'sr0dmihghiz7sl779h9m5rehul6649h5NM200810110000000000000000000113', '29welw6lvypj9zs0yetdknvbih2qri4420070427JS0000000000000000001517');
INSERT INTO metadata_display_label ( default_locale, id, site_master, key_name) VALUES (NULL, 'rbq6iqcfubm2fv1ynzc8vatbqnyaq7hzNM200904120000000000000000000030', 'www.runwaysdk.com', 'rbq6iqcfubm2fv1ynzc8vatbqnyaq7hzNM200904120000000000000000000030');
INSERT INTO metadata_display_label ( default_locale, id, site_master, key_name) VALUES (NULL, '75am1thsgddhbq6vi3mffprcqm47fwwjNM200904120000000000000000000030', 'www.runwaysdk.com', '75am1thsgddhbq6vi3mffprcqm47fwwjNM200904120000000000000000000030');
INSERT INTO md_parameter ( metadata, parameter_order, parameter_name, parameter_type, display_label, id) VALUES ('sr0dmihghiz7sl779h9m5rehul6649h5NM200810110000000000000000000113', 2, 'pageSize', 'java.lang.Integer', 'rbq6iqcfubm2fv1ynzc8vatbqnyaq7hzNM200904120000000000000000000030', 'z68u3cipn7daufvmxopcimeuj76896sg20070427JS0000000000000000001517');
INSERT INTO metadata ( description, created_by, owner, id, create_date, seq, type, remove, site_master, locked_by, entity_domain, last_updated_by, last_update_date, key_name) VALUES ('75am1thsgddhbq6vi3mffprcqm47fwwjNM200904120000000000000000000030', '0000000000000000000000000000001000000000000000000000000000000003', '0000000000000000000000000000001000000000000000000000000000000003', 'z68u3cipn7daufvmxopcimeuj76896sg20070427JS0000000000000000001517', '2014-05-12 19:02:00', 4943, 'com.runwaysdk.system.metadata.MdParameter', 1, 'www.runwaysdk.com', NULL, NULL, '0000000000000000000000000000001000000000000000000000000000000003', '2014-05-12 19:02:00', 'com.runwaysdk.system.ontology.ClassifierController.getDirectDescendants.pageSize');
INSERT INTO metadata_parameter ( site_master, last_updated_by, create_date, seq, locked_by, entity_domain, created_by, type, last_update_date, key_name, owner, id, parent_id, child_id) VALUES ('www.runwaysdk.com', '0000000000000000000000000000001000000000000000000000000000000003', '2014-05-12 19:02:00', 4944, NULL, NULL, '0000000000000000000000000000001000000000000000000000000000000003', 'com.runwaysdk.system.MetadataParameter', '2014-05-12 19:02:00', 'com.runwaysdk.system.ontology.ClassifierController.getDirectDescendants.pageSize', '0000000000000000000000000000001000000000000000000000000000000003', 'xlr0vge3npaklaov3kw7mp0i58uqpidt20070427JS0000000000000000001524', 'sr0dmihghiz7sl779h9m5rehul6649h5NM200810110000000000000000000113', 'z68u3cipn7daufvmxopcimeuj76896sg20070427JS0000000000000000001517');
UPDATE md_type SET display_label= '21pg7r0b2kued3ur83o6nc7bcc8h6hcgNM200904120000000000000000000030' , root_id= 'z24lszg1laer0748kt96uwt7fy5x6m0l' , package_name= 'com.runwaysdk.system.ontology' , type_name= 'ClassifierDisplayLabelController' , id= 'z24lszg1laer0748kt96uwt7fy5x6m0lNM200810110000000000000000000112'  WHERE id='z24lszg1laer0748kt96uwt7fy5x6m0lNM200810110000000000000000000112';
UPDATE metadata SET description= 'z30pplqac6iyendkxyfl5gsfweyj3fo7NM200904120000000000000000000030' , created_by= '0000000000000000000000000000001000000000000000000000000000000003' , owner= '0000000000000000000000000000001000000000000000000000000000000003' , id= 'z24lszg1laer0748kt96uwt7fy5x6m0lNM200810110000000000000000000112' , create_date= '2014-05-12 19:02:00' , seq= 4945 , type= 'com.runwaysdk.system.metadata.MdController' , site_master= 'www.runwaysdk.com' , last_updated_by= '0000000000000000000000000000001000000000000000000000000000000003' , last_update_date= '2014-05-12 19:02:00' , key_name= 'com.runwaysdk.system.ontology.ClassifierDisplayLabelController'  WHERE id='z24lszg1laer0748kt96uwt7fy5x6m0lNM200810110000000000000000000112';
UPDATE md_struct SET cache_algorithm= '7dso0v26qeea6f4glcppe01tnz9tb86y' , cache_algorithm_c= '0000000000000000000000000000023100000000000000000000000000000222' , id= 'z3v4wgxolps02s78uxab8f3q0hdqeu3l0000000000000000000MdLocalStruct'  WHERE id='z3v4wgxolps02s78uxab8f3q0hdqeu3l0000000000000000000MdLocalStruct';
UPDATE md_entity SET table_name= 'classifier_display_label' , id= 'z3v4wgxolps02s78uxab8f3q0hdqeu3l0000000000000000000MdLocalStruct'  WHERE id='z3v4wgxolps02s78uxab8f3q0hdqeu3l0000000000000000000MdLocalStruct';
UPDATE md_type SET display_label= '6s2cg6yx8wei942fin43m8461ind48w9NM200904120000000000000000000030' , root_id= 'z3v4wgxolps02s78uxab8f3q0hdqeu3l' , package_name= 'com.runwaysdk.system.ontology' , type_name= 'ClassifierDisplayLabel' , id= 'z3v4wgxolps02s78uxab8f3q0hdqeu3l0000000000000000000MdLocalStruct'  WHERE id='z3v4wgxolps02s78uxab8f3q0hdqeu3l0000000000000000000MdLocalStruct';
UPDATE metadata SET description= 'zkfl9f5lqfgc4pac8aotv1v0a3tj94r5NM200904120000000000000000000030' , created_by= '0000000000000000000000000000001000000000000000000000000000000003' , owner= '0000000000000000000000000000001000000000000000000000000000000003' , id= 'z3v4wgxolps02s78uxab8f3q0hdqeu3l0000000000000000000MdLocalStruct' , create_date= '2014-05-12 19:02:00' , seq= 4946 , type= 'com.runwaysdk.system.metadata.MdLocalStruct' , site_master= 'www.runwaysdk.com' , last_updated_by= '0000000000000000000000000000001000000000000000000000000000000003' , last_update_date= '2014-05-12 19:02:00' , key_name= 'com.runwaysdk.system.ontology.ClassifierDisplayLabel'  WHERE id='z3v4wgxolps02s78uxab8f3q0hdqeu3l0000000000000000000MdLocalStruct';
UPDATE md_business SET cache_algorithm= '8m8js9peepfh3f5trid3xz6wvuljpc42' , cache_algorithm_c= '0000000000000000000000000000023100000000000000000000000000000222' , id= '00s2idu3uthifis6hnu3d6clv0xti7isxl2eqz5dv2cq2hoogeb43gg0ohakvvsp'  WHERE id='00s2idu3uthifis6hnu3d6clv0xti7isxl2eqz5dv2cq2hoogeb43gg0ohakvvsp';
UPDATE md_entity SET table_name= 'classifier' , id= '00s2idu3uthifis6hnu3d6clv0xti7isxl2eqz5dv2cq2hoogeb43gg0ohakvvsp'  WHERE id='00s2idu3uthifis6hnu3d6clv0xti7isxl2eqz5dv2cq2hoogeb43gg0ohakvvsp';
UPDATE md_type SET display_label= '027ob355za29rwt2i5bemg5i1yvcll2aNM200904120000000000000000000030' , root_id= '00s2idu3uthifis6hnu3d6clv0xti7is' , package_name= 'com.runwaysdk.system.ontology' , type_name= 'Classifier' , id= '00s2idu3uthifis6hnu3d6clv0xti7isxl2eqz5dv2cq2hoogeb43gg0ohakvvsp'  WHERE id='00s2idu3uthifis6hnu3d6clv0xti7isxl2eqz5dv2cq2hoogeb43gg0ohakvvsp';
UPDATE metadata SET description= '0d4ddrnb3f85ukkf5j4ci6we55ez8rujNM200904120000000000000000000030' , created_by= '0000000000000000000000000000001000000000000000000000000000000003' , owner= '0000000000000000000000000000001000000000000000000000000000000003' , id= '00s2idu3uthifis6hnu3d6clv0xti7isxl2eqz5dv2cq2hoogeb43gg0ohakvvsp' , create_date= '2014-05-12 19:02:00' , seq= 4947 , type= 'com.runwaysdk.system.metadata.MdTerm' , remove= 0 , site_master= 'www.runwaysdk.com' , last_updated_by= '0000000000000000000000000000001000000000000000000000000000000003' , last_update_date= '2014-05-12 19:02:00' , key_name= 'com.runwaysdk.system.ontology.Classifier'  WHERE id='00s2idu3uthifis6hnu3d6clv0xti7isxl2eqz5dv2cq2hoogeb43gg0ohakvvsp';
UPDATE md_type SET display_label= 'xgsfaxfleied3lzs1ji1eg19221uv7o8NM200904120000000000000000000030' , root_id= 'yvzogjjx2ymblp9cwnb9blqmblqiguom' , package_name= 'com.runwaysdk.system.ontology' , type_name= 'ClassifierController' , id= 'yvzogjjx2ymblp9cwnb9blqmblqiguomNM200810110000000000000000000112'  WHERE id='yvzogjjx2ymblp9cwnb9blqmblqiguomNM200810110000000000000000000112';
UPDATE metadata SET description= '7g4zdrhjgirgorsdweheh587gml8qveaNM200904120000000000000000000030' , created_by= '0000000000000000000000000000001000000000000000000000000000000003' , owner= '0000000000000000000000000000001000000000000000000000000000000003' , id= 'yvzogjjx2ymblp9cwnb9blqmblqiguomNM200810110000000000000000000112' , create_date= '2014-05-12 19:02:00' , seq= 4948 , type= 'com.runwaysdk.system.metadata.MdController' , site_master= 'www.runwaysdk.com' , last_updated_by= '0000000000000000000000000000001000000000000000000000000000000003' , last_update_date= '2014-05-12 19:02:00' , key_name= 'com.runwaysdk.system.ontology.ClassifierController'  WHERE id='yvzogjjx2ymblp9cwnb9blqmblqiguomNM200810110000000000000000000112';
UPDATE md_term_relationship SET association_type= '6xcrqgsqzgtxg6acmthtq2e8rl7qlbsh' , association_type_c= 'stdq297fiutlafkxcefcn7ffgv823bqmzha6nh8rgh8me2mpoe6i1eaw2z3u5g7g' , id= 'xxgja2qd4vf96xfgyf3j8gb2q2e6mrkp8ur2ybsvotytfkh9zedkv3n8v8gtzfx7'  WHERE id='xxgja2qd4vf96xfgyf3j8gb2q2e6mrkp8ur2ybsvotytfkh9zedkv3n8v8gtzfx7';
UPDATE md_relationship SET cache_algorithm= 'zm79aktgiuc06vcui8eysfxvc64val84' , cache_algorithm_c= '0000000000000000000000000000023100000000000000000000000000000222' , index2_name= 'rel_xcq3447pluhaizwob94xvwij9i' , parent_visibility= '0aoanvh4l280xv2y0h926fn4nukr3bj7' , parent_visibility_c= '20071109NM000000000000000000000520071109NM0000000000000000000001' , parent_md_business= '00s2idu3uthifis6hnu3d6clv0xti7isxl2eqz5dv2cq2hoogeb43gg0ohakvvsp' , parent_cardinality= '*' , parent_display_label= '8i8khx51if5qht5l8tb73obnt2hp96x6NM200904120000000000000000000030' , child_visibility= 'xg7omdkg2t566scefmsrupwcqt6h86dp' , child_visibility_c= '20071109NM000000000000000000000520071109NM0000000000000000000001' , child_method= 'IsAChild' , parent_method= 'IsAParent' , index1_name= 'rel_6u971pazcd5l648v9k9ars8hsq' , child_md_business= '00s2idu3uthifis6hnu3d6clv0xti7isxl2eqz5dv2cq2hoogeb43gg0ohakvvsp' , child_display_label= '8yyldwanj218sh2zjtbom14t7cgzge0kNM200904120000000000000000000030' , child_cardinality= '*' , id= 'xxgja2qd4vf96xfgyf3j8gb2q2e6mrkp8ur2ybsvotytfkh9zedkv3n8v8gtzfx7'  WHERE id='xxgja2qd4vf96xfgyf3j8gb2q2e6mrkp8ur2ybsvotytfkh9zedkv3n8v8gtzfx7';
UPDATE md_entity SET table_name= 'classifier_is_ar_elationship' , id= 'xxgja2qd4vf96xfgyf3j8gb2q2e6mrkp8ur2ybsvotytfkh9zedkv3n8v8gtzfx7'  WHERE id='xxgja2qd4vf96xfgyf3j8gb2q2e6mrkp8ur2ybsvotytfkh9zedkv3n8v8gtzfx7';
UPDATE md_type SET display_label= '6q88dv9oz1zmfv28tego624v3owmol1uNM200904120000000000000000000030' , root_id= 'xxgja2qd4vf96xfgyf3j8gb2q2e6mrkp' , package_name= 'com.runwaysdk.system.ontology' , type_name= 'ClassifierIsARelationship' , id= 'xxgja2qd4vf96xfgyf3j8gb2q2e6mrkp8ur2ybsvotytfkh9zedkv3n8v8gtzfx7'  WHERE id='xxgja2qd4vf96xfgyf3j8gb2q2e6mrkp8ur2ybsvotytfkh9zedkv3n8v8gtzfx7';
UPDATE metadata SET description= 'xqvo3scm0bjjv55d37qt286el2zu3ar2NM200904120000000000000000000030' , created_by= '0000000000000000000000000000001000000000000000000000000000000003' , owner= '0000000000000000000000000000001000000000000000000000000000000003' , id= 'xxgja2qd4vf96xfgyf3j8gb2q2e6mrkp8ur2ybsvotytfkh9zedkv3n8v8gtzfx7' , create_date= '2014-05-12 19:02:00' , seq= 4949 , type= 'com.runwaysdk.system.metadata.MdTermRelationship' , site_master= 'www.runwaysdk.com' , last_updated_by= '0000000000000000000000000000001000000000000000000000000000000003' , last_update_date= '2014-05-12 19:02:00' , key_name= 'com.runwaysdk.system.ontology.ClassifierIsARelationship'  WHERE id='xxgja2qd4vf96xfgyf3j8gb2q2e6mrkp8ur2ybsvotytfkh9zedkv3n8v8gtzfx7';
