INSERT INTO dynamic_properties ( version_number, id) VALUES ('0001398271111554', '000000000000000000000');
INSERT INTO metadata_display_label ( default_locale, id, site_master, key_name) VALUES ('Term Util', 'qxlndma1cpen4lccu2km79pksv0yy83jNM200904120000000000000000000030', 'www.runwaysdk.com', 'qxlndma1cpen4lccu2km79pksv0yy83jNM200904120000000000000000000030');
INSERT INTO metadata_display_label ( default_locale, id, site_master, key_name) VALUES (NULL, 'rdbkwv3kj5q9qcfwrn3r68vvxvy24kk4NM200904120000000000000000000030', 'www.runwaysdk.com', 'rdbkwv3kj5q9qcfwrn3r68vvxvy24kk4NM200904120000000000000000000030');
INSERT INTO md_util ( super_md_util, id) VALUES (NULL, '71ahgqaot5u18nlq7bsron6xg2ddhx0d20080226NM0000000000000000000003');
INSERT INTO md_session ( id) VALUES ('71ahgqaot5u18nlq7bsron6xg2ddhx0d20080226NM0000000000000000000003');
INSERT INTO md_transient ( extendable, is_abstract, id) VALUES (1, 0, '71ahgqaot5u18nlq7bsron6xg2ddhx0d20080226NM0000000000000000000003');
INSERT INTO md_class ( publish, stub_dto_source, stub_source, id) VALUES (1, NULL, NULL, '71ahgqaot5u18nlq7bsron6xg2ddhx0d20080226NM0000000000000000000003');
INSERT INTO md_type ( display_label, root_id, package_name, type_name, base_source, js_base, js_stub, exported, dto_source, id) VALUES ('qxlndma1cpen4lccu2km79pksv0yy83jNM200904120000000000000000000030', '71ahgqaot5u18nlq7bsron6xg2ddhx0d', 'com.runwaysdk.system.ontology', 'TermUtil', NULL, NULL, NULL, 1, NULL, '71ahgqaot5u18nlq7bsron6xg2ddhx0d20080226NM0000000000000000000003');
INSERT INTO metadata ( description, created_by, owner, id, create_date, seq, type, remove, site_master, locked_by, entity_domain, last_updated_by, last_update_date, key_name) VALUES ('rdbkwv3kj5q9qcfwrn3r68vvxvy24kk4NM200904120000000000000000000030', '0000000000000000000000000000001000000000000000000000000000000003', '0000000000000000000000000000001000000000000000000000000000000003', '71ahgqaot5u18nlq7bsron6xg2ddhx0d20080226NM0000000000000000000003', '2014-04-23 17:01:31', 4718, 'com.runwaysdk.system.metadata.MdUtil', 1, 'www.runwaysdk.com', NULL, NULL, '0000000000000000000000000000001000000000000000000000000000000003', '2014-04-23 17:01:31', 'com.runwaysdk.system.ontology.TermUtil');
 INSERT INTO visibilitymodifier (set_id, item_id)  VALUES  ('xtspds5sg6ivmkgt1eu649jauqac7ibj', '20071109NM000000000000000000000520071109NM0000000000000000000001');
INSERT INTO metadata_display_label ( default_locale, id, site_master, key_name) VALUES ('ID', '25ikfs8edy2xj86xt7u4snqo7bjbnht0NM200904120000000000000000000030', 'www.runwaysdk.com', '25ikfs8edy2xj86xt7u4snqo7bjbnht0NM200904120000000000000000000030');
 INSERT INTO visibilitymodifier (set_id, item_id)  VALUES  ('0mrz0k7cyfwi0mrh6segv9z1idprj2rv', '20071109NM000000000000000000000520071109NM0000000000000000000001');
 INSERT INTO md_attribute_indicies (set_id, item_id)  VALUES  ('zhvdbp0uhzvaut6nzjlvmmvzod9xmtcs', '0000000000000000000000000000040900000000000000000000000000000403');
INSERT INTO metadata_display_label ( default_locale, id, site_master, key_name) VALUES ('ID of this object', 'xdl4ak1lyh3ssp4ztpgpkvsz8mq66bfpNM200904120000000000000000000030', 'www.runwaysdk.com', 'xdl4ak1lyh3ssp4ztpgpkvsz8mq66bfpNM200904120000000000000000000030');
INSERT INTO md_attribute_character ( default_value, database_size, id) VALUES (NULL, 64, '02w6u4s9tkmv54qjmdsv91sly7otk3ab00000000000000000000000000000138');
INSERT INTO md_attribute_char ( id) VALUES ('02w6u4s9tkmv54qjmdsv91sly7otk3ab00000000000000000000000000000138');
INSERT INTO md_attribute_primitive ( id) VALUES ('02w6u4s9tkmv54qjmdsv91sly7otk3ab00000000000000000000000000000138');
INSERT INTO md_attribute_concrete ( column_name, defining_md_class, setter_visibility, setter_visibility_c, immutable, index_name, generate_accessor, system, required, display_label, getter_visibility, getter_visibility_c, index_type, index_type_c, attribute_name, id) VALUES ('n_a', '71ahgqaot5u18nlq7bsron6xg2ddhx0d20080226NM0000000000000000000003', 'xtspds5sg6ivmkgt1eu649jauqac7ibj', '20071109NM000000000000000000000520071109NM0000000000000000000001', 0, NULL, 1, 1, 1, '25ikfs8edy2xj86xt7u4snqo7bjbnht0NM200904120000000000000000000030', '0mrz0k7cyfwi0mrh6segv9z1idprj2rv', '20071109NM000000000000000000000520071109NM0000000000000000000001', 'zhvdbp0uhzvaut6nzjlvmmvzod9xmtcs', '0000000000000000000000000000040900000000000000000000000000000403', 'id', '02w6u4s9tkmv54qjmdsv91sly7otk3ab00000000000000000000000000000138');
INSERT INTO md_attribute ( id) VALUES ('02w6u4s9tkmv54qjmdsv91sly7otk3ab00000000000000000000000000000138');
INSERT INTO metadata ( description, created_by, owner, id, create_date, seq, type, remove, site_master, locked_by, entity_domain, last_updated_by, last_update_date, key_name) VALUES ('xdl4ak1lyh3ssp4ztpgpkvsz8mq66bfpNM200904120000000000000000000030', '0000000000000000000000000000001000000000000000000000000000000003', '0000000000000000000000000000001000000000000000000000000000000003', '02w6u4s9tkmv54qjmdsv91sly7otk3ab00000000000000000000000000000138', '2014-04-23 17:01:31', 4719, 'com.runwaysdk.system.metadata.MdAttributeCharacter', 0, 'www.runwaysdk.com', NULL, NULL, '0000000000000000000000000000001000000000000000000000000000000003', '2014-04-23 17:01:31', 'com.runwaysdk.system.ontology.TermUtil.id');
INSERT INTO class_attribute_concrete ( id, parent_id, child_id) VALUES ('8dp0uq3x6vkkqkubnw0q6m2ebam9nv9000000000000000000000000000000073', '71ahgqaot5u18nlq7bsron6xg2ddhx0d20080226NM0000000000000000000003', '02w6u4s9tkmv54qjmdsv91sly7otk3ab00000000000000000000000000000138');
INSERT INTO class_attribute ( id, parent_id, child_id) VALUES ('8dp0uq3x6vkkqkubnw0q6m2ebam9nv9000000000000000000000000000000073', '71ahgqaot5u18nlq7bsron6xg2ddhx0d20080226NM0000000000000000000003', '02w6u4s9tkmv54qjmdsv91sly7otk3ab00000000000000000000000000000138');
INSERT INTO metadata_relationship ( entity_domain, site_master, last_updated_by, id, owner, locked_by, create_date, type, created_by, seq, key_name, last_update_date, parent_id, child_id) VALUES (NULL, 'www.runwaysdk.com', '0000000000000000000000000000001000000000000000000000000000000003', '8dp0uq3x6vkkqkubnw0q6m2ebam9nv9000000000000000000000000000000073', '0000000000000000000000000000001000000000000000000000000000000003', NULL, '2014-04-23 17:01:31', 'com.runwaysdk.system.metadata.ClassAttributeConcrete', '0000000000000000000000000000001000000000000000000000000000000003', 4720, 'com.runwaysdk.system.ontology.TermUtil.id', '2014-04-23 17:01:31', '71ahgqaot5u18nlq7bsron6xg2ddhx0d20080226NM0000000000000000000003', '02w6u4s9tkmv54qjmdsv91sly7otk3ab00000000000000000000000000000138');
INSERT INTO metadata_display_label ( default_locale, id, site_master, key_name) VALUES ('getAllAncestors', '6ouyk82zhcwlaq7pls01park3ryc1567NM200904120000000000000000000030', 'www.runwaysdk.com', '6ouyk82zhcwlaq7pls01park3ryc1567NM200904120000000000000000000030');
INSERT INTO metadata_display_label ( default_locale, id, site_master, key_name) VALUES ('Delegates to the Ontology Strategy to fetch all ancestors of the term.', '25atn171ipteqhnb55wpmfigltmtatpfNM200904120000000000000000000030', 'www.runwaysdk.com', '25atn171ipteqhnb55wpmfigltmtatpfNM200904120000000000000000000030');
INSERT INTO md_method ( method_name, md_type, is_static, return_type, display_label, id) VALUES ('getAllAncestors', '71ahgqaot5u18nlq7bsron6xg2ddhx0d20080226NM0000000000000000000003', 1, 'com.runwaysdk.business.ontology.Term[]', '6ouyk82zhcwlaq7pls01park3ryc1567NM200904120000000000000000000030', 'zcczr2kwxsab44qbd7kbxn5an7u0g1bx20070427JS0000000000000000001514');
INSERT INTO metadata ( description, created_by, owner, id, create_date, seq, type, remove, site_master, locked_by, entity_domain, last_updated_by, last_update_date, key_name) VALUES ('25atn171ipteqhnb55wpmfigltmtatpfNM200904120000000000000000000030', '0000000000000000000000000000001000000000000000000000000000000003', '0000000000000000000000000000001000000000000000000000000000000003', 'zcczr2kwxsab44qbd7kbxn5an7u0g1bx20070427JS0000000000000000001514', '2014-04-23 17:01:31', 4721, 'com.runwaysdk.system.metadata.MdMethod', 1, 'www.runwaysdk.com', NULL, NULL, '0000000000000000000000000000001000000000000000000000000000000003', '2014-04-23 17:01:31', 'com.runwaysdk.system.ontology.TermUtil.getAllAncestors');
INSERT INTO type_method ( id, parent_id, child_id) VALUES ('8pi3gbkr1rmnh5m13i50cx1e3hupwh4j20070427JS0000000000000000001520', '71ahgqaot5u18nlq7bsron6xg2ddhx0d20080226NM0000000000000000000003', 'zcczr2kwxsab44qbd7kbxn5an7u0g1bx20070427JS0000000000000000001514');
INSERT INTO metadata_relationship ( entity_domain, site_master, last_updated_by, id, owner, locked_by, create_date, type, created_by, seq, key_name, last_update_date, parent_id, child_id) VALUES (NULL, 'www.runwaysdk.com', '0000000000000000000000000000001000000000000000000000000000000003', '8pi3gbkr1rmnh5m13i50cx1e3hupwh4j20070427JS0000000000000000001520', '0000000000000000000000000000001000000000000000000000000000000003', NULL, '2014-04-23 17:01:31', 'com.runwaysdk.system.metadata.TypeMethod', '0000000000000000000000000000001000000000000000000000000000000003', 4722, 'com.runwaysdk.system.ontology.TermUtil.getAllAncestors', '2014-04-23 17:01:31', '71ahgqaot5u18nlq7bsron6xg2ddhx0d20080226NM0000000000000000000003', 'zcczr2kwxsab44qbd7kbxn5an7u0g1bx20070427JS0000000000000000001514');
INSERT INTO metadata_display_label ( default_locale, id, site_master, key_name) VALUES ('The parent term''s id.', '6vawnze8nteunjxc80dqfi4uxkiadp7oNM200904120000000000000000000030', 'www.runwaysdk.com', '6vawnze8nteunjxc80dqfi4uxkiadp7oNM200904120000000000000000000030');
INSERT INTO metadata_display_label ( default_locale, id, site_master, key_name) VALUES ('The parent term''s id.', 'shj21xy5odjr9kq2shi2kc9m7c6ptexcNM200904120000000000000000000030', 'www.runwaysdk.com', 'shj21xy5odjr9kq2shi2kc9m7c6ptexcNM200904120000000000000000000030');
INSERT INTO md_parameter ( metadata, parameter_order, parameter_name, parameter_type, display_label, id) VALUES ('zcczr2kwxsab44qbd7kbxn5an7u0g1bx20070427JS0000000000000000001514', 0, 'termId', 'java.lang.String', '6vawnze8nteunjxc80dqfi4uxkiadp7oNM200904120000000000000000000030', '8cso4esyz0x04jtind8x77jq51z7wxhp20070427JS0000000000000000001517');
INSERT INTO metadata ( description, created_by, owner, id, create_date, seq, type, remove, site_master, locked_by, entity_domain, last_updated_by, last_update_date, key_name) VALUES ('shj21xy5odjr9kq2shi2kc9m7c6ptexcNM200904120000000000000000000030', '0000000000000000000000000000001000000000000000000000000000000003', '0000000000000000000000000000001000000000000000000000000000000003', '8cso4esyz0x04jtind8x77jq51z7wxhp20070427JS0000000000000000001517', '2014-04-23 17:01:31', 4723, 'com.runwaysdk.system.metadata.MdParameter', 1, 'www.runwaysdk.com', NULL, NULL, '0000000000000000000000000000001000000000000000000000000000000003', '2014-04-23 17:01:31', 'com.runwaysdk.system.ontology.TermUtil.getAllAncestors.termId');
INSERT INTO metadata_parameter ( site_master, last_updated_by, create_date, seq, locked_by, entity_domain, created_by, type, last_update_date, key_name, owner, id, parent_id, child_id) VALUES ('www.runwaysdk.com', '0000000000000000000000000000001000000000000000000000000000000003', '2014-04-23 17:01:31', 4724, NULL, NULL, '0000000000000000000000000000001000000000000000000000000000000003', 'com.runwaysdk.system.MetadataParameter', '2014-04-23 17:01:31', 'com.runwaysdk.system.ontology.TermUtil.getAllAncestors.termId', '0000000000000000000000000000001000000000000000000000000000000003', 'yzsz7bopg7wefmru859rzdarufzwfeve20070427JS0000000000000000001524', 'zcczr2kwxsab44qbd7kbxn5an7u0g1bx20070427JS0000000000000000001514', '8cso4esyz0x04jtind8x77jq51z7wxhp20070427JS0000000000000000001517');
INSERT INTO metadata_display_label ( default_locale, id, site_master, key_name) VALUES ('The relationship type.', 'smt1ov89xe8h19rgyijila0azuknpm1pNM200904120000000000000000000030', 'www.runwaysdk.com', 'smt1ov89xe8h19rgyijila0azuknpm1pNM200904120000000000000000000030');
INSERT INTO metadata_display_label ( default_locale, id, site_master, key_name) VALUES ('The relationship types to fetch. This parameter can be null, and if it is null it will fetch all relationships.', 'r05a2eokzkfij03ho3vzyj6o2bkeed3tNM200904120000000000000000000030', 'www.runwaysdk.com', 'r05a2eokzkfij03ho3vzyj6o2bkeed3tNM200904120000000000000000000030');
INSERT INTO md_parameter ( metadata, parameter_order, parameter_name, parameter_type, display_label, id) VALUES ('zcczr2kwxsab44qbd7kbxn5an7u0g1bx20070427JS0000000000000000001514', 1, 'relationshipType', 'java.lang.String[]', 'smt1ov89xe8h19rgyijila0azuknpm1pNM200904120000000000000000000030', '6t6e8wzatp1dgodwsos98jmwq2zr5c6d20070427JS0000000000000000001517');
INSERT INTO metadata ( description, created_by, owner, id, create_date, seq, type, remove, site_master, locked_by, entity_domain, last_updated_by, last_update_date, key_name) VALUES ('r05a2eokzkfij03ho3vzyj6o2bkeed3tNM200904120000000000000000000030', '0000000000000000000000000000001000000000000000000000000000000003', '0000000000000000000000000000001000000000000000000000000000000003', '6t6e8wzatp1dgodwsos98jmwq2zr5c6d20070427JS0000000000000000001517', '2014-04-23 17:01:31', 4725, 'com.runwaysdk.system.metadata.MdParameter', 1, 'www.runwaysdk.com', NULL, NULL, '0000000000000000000000000000001000000000000000000000000000000003', '2014-04-23 17:01:31', 'com.runwaysdk.system.ontology.TermUtil.getAllAncestors.relationshipType');
INSERT INTO metadata_parameter ( site_master, last_updated_by, create_date, seq, locked_by, entity_domain, created_by, type, last_update_date, key_name, owner, id, parent_id, child_id) VALUES ('www.runwaysdk.com', '0000000000000000000000000000001000000000000000000000000000000003', '2014-04-23 17:01:31', 4726, NULL, NULL, '0000000000000000000000000000001000000000000000000000000000000003', 'com.runwaysdk.system.MetadataParameter', '2014-04-23 17:01:31', 'com.runwaysdk.system.ontology.TermUtil.getAllAncestors.relationshipType', '0000000000000000000000000000001000000000000000000000000000000003', '7gfct1kj66qbb8cm2tppj1jsmj2029k120070427JS0000000000000000001524', 'zcczr2kwxsab44qbd7kbxn5an7u0g1bx20070427JS0000000000000000001514', '6t6e8wzatp1dgodwsos98jmwq2zr5c6d20070427JS0000000000000000001517');
INSERT INTO metadata_display_label ( default_locale, id, site_master, key_name) VALUES ('getAllDescendants', 'zim2mra8ttp0kfhez6za1tmarwjvwuijNM200904120000000000000000000030', 'www.runwaysdk.com', 'zim2mra8ttp0kfhez6za1tmarwjvwuijNM200904120000000000000000000030');
INSERT INTO metadata_display_label ( default_locale, id, site_master, key_name) VALUES ('Delegates to the Ontology Strategy to fetch all descendants of the term.', 'xoawc7tg9zis2dwswb67nmnwqn6ymx4xNM200904120000000000000000000030', 'www.runwaysdk.com', 'xoawc7tg9zis2dwswb67nmnwqn6ymx4xNM200904120000000000000000000030');
INSERT INTO md_method ( method_name, md_type, is_static, return_type, display_label, id) VALUES ('getAllDescendants', '71ahgqaot5u18nlq7bsron6xg2ddhx0d20080226NM0000000000000000000003', 1, 'com.runwaysdk.business.ontology.Term[]', 'zim2mra8ttp0kfhez6za1tmarwjvwuijNM200904120000000000000000000030', '6sejv4xqlm3621eis3yk360bu40z538i20070427JS0000000000000000001514');
INSERT INTO metadata ( description, created_by, owner, id, create_date, seq, type, remove, site_master, locked_by, entity_domain, last_updated_by, last_update_date, key_name) VALUES ('xoawc7tg9zis2dwswb67nmnwqn6ymx4xNM200904120000000000000000000030', '0000000000000000000000000000001000000000000000000000000000000003', '0000000000000000000000000000001000000000000000000000000000000003', '6sejv4xqlm3621eis3yk360bu40z538i20070427JS0000000000000000001514', '2014-04-23 17:01:31', 4727, 'com.runwaysdk.system.metadata.MdMethod', 1, 'www.runwaysdk.com', NULL, NULL, '0000000000000000000000000000001000000000000000000000000000000003', '2014-04-23 17:01:31', 'com.runwaysdk.system.ontology.TermUtil.getAllDescendants');
INSERT INTO type_method ( id, parent_id, child_id) VALUES ('2e8xzuyqlvhu1nykwnt2yln0we0d9toc20070427JS0000000000000000001520', '71ahgqaot5u18nlq7bsron6xg2ddhx0d20080226NM0000000000000000000003', '6sejv4xqlm3621eis3yk360bu40z538i20070427JS0000000000000000001514');
INSERT INTO metadata_relationship ( entity_domain, site_master, last_updated_by, id, owner, locked_by, create_date, type, created_by, seq, key_name, last_update_date, parent_id, child_id) VALUES (NULL, 'www.runwaysdk.com', '0000000000000000000000000000001000000000000000000000000000000003', '2e8xzuyqlvhu1nykwnt2yln0we0d9toc20070427JS0000000000000000001520', '0000000000000000000000000000001000000000000000000000000000000003', NULL, '2014-04-23 17:01:31', 'com.runwaysdk.system.metadata.TypeMethod', '0000000000000000000000000000001000000000000000000000000000000003', 4728, 'com.runwaysdk.system.ontology.TermUtil.getAllDescendants', '2014-04-23 17:01:31', '71ahgqaot5u18nlq7bsron6xg2ddhx0d20080226NM0000000000000000000003', '6sejv4xqlm3621eis3yk360bu40z538i20070427JS0000000000000000001514');
INSERT INTO metadata_display_label ( default_locale, id, site_master, key_name) VALUES ('The parent term''s id.', 'xwi1ztceq033dj5z1z72perhz3oql9biNM200904120000000000000000000030', 'www.runwaysdk.com', 'xwi1ztceq033dj5z1z72perhz3oql9biNM200904120000000000000000000030');
INSERT INTO metadata_display_label ( default_locale, id, site_master, key_name) VALUES ('The parent term''s id.', '0df777406oak0vyn8thxi2spssitdbphNM200904120000000000000000000030', 'www.runwaysdk.com', '0df777406oak0vyn8thxi2spssitdbphNM200904120000000000000000000030');
INSERT INTO md_parameter ( metadata, parameter_order, parameter_name, parameter_type, display_label, id) VALUES ('6sejv4xqlm3621eis3yk360bu40z538i20070427JS0000000000000000001514', 0, 'termId', 'java.lang.String', 'xwi1ztceq033dj5z1z72perhz3oql9biNM200904120000000000000000000030', '8pnb6edqs0tn5dmabeig9losjcij5q3t20070427JS0000000000000000001517');
INSERT INTO metadata ( description, created_by, owner, id, create_date, seq, type, remove, site_master, locked_by, entity_domain, last_updated_by, last_update_date, key_name) VALUES ('0df777406oak0vyn8thxi2spssitdbphNM200904120000000000000000000030', '0000000000000000000000000000001000000000000000000000000000000003', '0000000000000000000000000000001000000000000000000000000000000003', '8pnb6edqs0tn5dmabeig9losjcij5q3t20070427JS0000000000000000001517', '2014-04-23 17:01:31', 4729, 'com.runwaysdk.system.metadata.MdParameter', 1, 'www.runwaysdk.com', NULL, NULL, '0000000000000000000000000000001000000000000000000000000000000003', '2014-04-23 17:01:31', 'com.runwaysdk.system.ontology.TermUtil.getAllDescendants.termId');
INSERT INTO metadata_parameter ( site_master, last_updated_by, create_date, seq, locked_by, entity_domain, created_by, type, last_update_date, key_name, owner, id, parent_id, child_id) VALUES ('www.runwaysdk.com', '0000000000000000000000000000001000000000000000000000000000000003', '2014-04-23 17:01:31', 4730, NULL, NULL, '0000000000000000000000000000001000000000000000000000000000000003', 'com.runwaysdk.system.MetadataParameter', '2014-04-23 17:01:31', 'com.runwaysdk.system.ontology.TermUtil.getAllDescendants.termId', '0000000000000000000000000000001000000000000000000000000000000003', '7fya51vxe945xb5sc9tmm6yyaygtrj4i20070427JS0000000000000000001524', '6sejv4xqlm3621eis3yk360bu40z538i20070427JS0000000000000000001514', '8pnb6edqs0tn5dmabeig9losjcij5q3t20070427JS0000000000000000001517');
INSERT INTO metadata_display_label ( default_locale, id, site_master, key_name) VALUES ('The relationship type.', '6yzanxbw55ya4swic0a7a64m2lng5pykNM200904120000000000000000000030', 'www.runwaysdk.com', '6yzanxbw55ya4swic0a7a64m2lng5pykNM200904120000000000000000000030');
INSERT INTO metadata_display_label ( default_locale, id, site_master, key_name) VALUES ('The relationship types to fetch. This parameter can be null, and if it is null it will fetch all relationships.', 'xh1medh8wo1g6fsqu5c163vhe1urjfjtNM200904120000000000000000000030', 'www.runwaysdk.com', 'xh1medh8wo1g6fsqu5c163vhe1urjfjtNM200904120000000000000000000030');
INSERT INTO md_parameter ( metadata, parameter_order, parameter_name, parameter_type, display_label, id) VALUES ('6sejv4xqlm3621eis3yk360bu40z538i20070427JS0000000000000000001514', 1, 'relationshipType', 'java.lang.String[]', '6yzanxbw55ya4swic0a7a64m2lng5pykNM200904120000000000000000000030', 'qvsenlxbyoapadb42ck2t93d189r137c20070427JS0000000000000000001517');
INSERT INTO metadata ( description, created_by, owner, id, create_date, seq, type, remove, site_master, locked_by, entity_domain, last_updated_by, last_update_date, key_name) VALUES ('xh1medh8wo1g6fsqu5c163vhe1urjfjtNM200904120000000000000000000030', '0000000000000000000000000000001000000000000000000000000000000003', '0000000000000000000000000000001000000000000000000000000000000003', 'qvsenlxbyoapadb42ck2t93d189r137c20070427JS0000000000000000001517', '2014-04-23 17:01:31', 4731, 'com.runwaysdk.system.metadata.MdParameter', 1, 'www.runwaysdk.com', NULL, NULL, '0000000000000000000000000000001000000000000000000000000000000003', '2014-04-23 17:01:31', 'com.runwaysdk.system.ontology.TermUtil.getAllDescendants.relationshipType');
INSERT INTO metadata_parameter ( site_master, last_updated_by, create_date, seq, locked_by, entity_domain, created_by, type, last_update_date, key_name, owner, id, parent_id, child_id) VALUES ('www.runwaysdk.com', '0000000000000000000000000000001000000000000000000000000000000003', '2014-04-23 17:01:31', 4732, NULL, NULL, '0000000000000000000000000000001000000000000000000000000000000003', 'com.runwaysdk.system.MetadataParameter', '2014-04-23 17:01:31', 'com.runwaysdk.system.ontology.TermUtil.getAllDescendants.relationshipType', '0000000000000000000000000000001000000000000000000000000000000003', '8ny4xi5hgkdi44dwqbgpr4pm78qipo5620070427JS0000000000000000001524', '6sejv4xqlm3621eis3yk360bu40z538i20070427JS0000000000000000001514', 'qvsenlxbyoapadb42ck2t93d189r137c20070427JS0000000000000000001517');
INSERT INTO metadata_display_label ( default_locale, id, site_master, key_name) VALUES ('getDirectAncestors', 'qs7z6tcurcl17muzbshbbelwzileybdrNM200904120000000000000000000030', 'www.runwaysdk.com', 'qs7z6tcurcl17muzbshbbelwzileybdrNM200904120000000000000000000030');
INSERT INTO metadata_display_label ( default_locale, id, site_master, key_name) VALUES ('Fetches direct ancestors of the term. Returns an array of TermAndRel.', 'z10qts2boq8ugir3gwtucuf8ojek6qufNM200904120000000000000000000030', 'www.runwaysdk.com', 'z10qts2boq8ugir3gwtucuf8ojek6qufNM200904120000000000000000000030');
INSERT INTO md_method ( method_name, md_type, is_static, return_type, display_label, id) VALUES ('getDirectAncestors', '71ahgqaot5u18nlq7bsron6xg2ddhx0d20080226NM0000000000000000000003', 1, 'com.runwaysdk.business.ontology.TermAndRel[]', 'qs7z6tcurcl17muzbshbbelwzileybdrNM200904120000000000000000000030', 'zecsvspm4vozphowoi7fa7kqxwugsm5520070427JS0000000000000000001514');
INSERT INTO metadata ( description, created_by, owner, id, create_date, seq, type, remove, site_master, locked_by, entity_domain, last_updated_by, last_update_date, key_name) VALUES ('z10qts2boq8ugir3gwtucuf8ojek6qufNM200904120000000000000000000030', '0000000000000000000000000000001000000000000000000000000000000003', '0000000000000000000000000000001000000000000000000000000000000003', 'zecsvspm4vozphowoi7fa7kqxwugsm5520070427JS0000000000000000001514', '2014-04-23 17:01:31', 4733, 'com.runwaysdk.system.metadata.MdMethod', 1, 'www.runwaysdk.com', NULL, NULL, '0000000000000000000000000000001000000000000000000000000000000003', '2014-04-23 17:01:31', 'com.runwaysdk.system.ontology.TermUtil.getDirectAncestors');
INSERT INTO type_method ( id, parent_id, child_id) VALUES ('8wripg06clgl68sqeami8qggqz2hpvel20070427JS0000000000000000001520', '71ahgqaot5u18nlq7bsron6xg2ddhx0d20080226NM0000000000000000000003', 'zecsvspm4vozphowoi7fa7kqxwugsm5520070427JS0000000000000000001514');
INSERT INTO metadata_relationship ( entity_domain, site_master, last_updated_by, id, owner, locked_by, create_date, type, created_by, seq, key_name, last_update_date, parent_id, child_id) VALUES (NULL, 'www.runwaysdk.com', '0000000000000000000000000000001000000000000000000000000000000003', '8wripg06clgl68sqeami8qggqz2hpvel20070427JS0000000000000000001520', '0000000000000000000000000000001000000000000000000000000000000003', NULL, '2014-04-23 17:01:31', 'com.runwaysdk.system.metadata.TypeMethod', '0000000000000000000000000000001000000000000000000000000000000003', 4734, 'com.runwaysdk.system.ontology.TermUtil.getDirectAncestors', '2014-04-23 17:01:31', '71ahgqaot5u18nlq7bsron6xg2ddhx0d20080226NM0000000000000000000003', 'zecsvspm4vozphowoi7fa7kqxwugsm5520070427JS0000000000000000001514');
INSERT INTO metadata_display_label ( default_locale, id, site_master, key_name) VALUES ('The parent term''s id.', 'r07rqbtxua1pesn7dcnu1ref35ubo3ncNM200904120000000000000000000030', 'www.runwaysdk.com', 'r07rqbtxua1pesn7dcnu1ref35ubo3ncNM200904120000000000000000000030');
INSERT INTO metadata_display_label ( default_locale, id, site_master, key_name) VALUES ('The parent term''s id.', 'qx126agkipzahetf58szhlr9kho74jdoNM200904120000000000000000000030', 'www.runwaysdk.com', 'qx126agkipzahetf58szhlr9kho74jdoNM200904120000000000000000000030');
INSERT INTO md_parameter ( metadata, parameter_order, parameter_name, parameter_type, display_label, id) VALUES ('zecsvspm4vozphowoi7fa7kqxwugsm5520070427JS0000000000000000001514', 0, 'termId', 'java.lang.String', 'r07rqbtxua1pesn7dcnu1ref35ubo3ncNM200904120000000000000000000030', '6okm395evvmz83hsv4dfs71mkgedsf0l20070427JS0000000000000000001517');
INSERT INTO metadata ( description, created_by, owner, id, create_date, seq, type, remove, site_master, locked_by, entity_domain, last_updated_by, last_update_date, key_name) VALUES ('qx126agkipzahetf58szhlr9kho74jdoNM200904120000000000000000000030', '0000000000000000000000000000001000000000000000000000000000000003', '0000000000000000000000000000001000000000000000000000000000000003', '6okm395evvmz83hsv4dfs71mkgedsf0l20070427JS0000000000000000001517', '2014-04-23 17:01:31', 4735, 'com.runwaysdk.system.metadata.MdParameter', 1, 'www.runwaysdk.com', NULL, NULL, '0000000000000000000000000000001000000000000000000000000000000003', '2014-04-23 17:01:31', 'com.runwaysdk.system.ontology.TermUtil.getDirectAncestors.termId');
INSERT INTO metadata_parameter ( site_master, last_updated_by, create_date, seq, locked_by, entity_domain, created_by, type, last_update_date, key_name, owner, id, parent_id, child_id) VALUES ('www.runwaysdk.com', '0000000000000000000000000000001000000000000000000000000000000003', '2014-04-23 17:01:31', 4736, NULL, NULL, '0000000000000000000000000000001000000000000000000000000000000003', 'com.runwaysdk.system.MetadataParameter', '2014-04-23 17:01:31', 'com.runwaysdk.system.ontology.TermUtil.getDirectAncestors.termId', '0000000000000000000000000000001000000000000000000000000000000003', 'qwczhso0guomsz3s24yc9v54e8myzka320070427JS0000000000000000001524', 'zecsvspm4vozphowoi7fa7kqxwugsm5520070427JS0000000000000000001514', '6okm395evvmz83hsv4dfs71mkgedsf0l20070427JS0000000000000000001517');
INSERT INTO metadata_display_label ( default_locale, id, site_master, key_name) VALUES ('The relationship type.', '7caq9zdgy3mzth5u6e9xb1ocyog2xbtgNM200904120000000000000000000030', 'www.runwaysdk.com', '7caq9zdgy3mzth5u6e9xb1ocyog2xbtgNM200904120000000000000000000030');
INSERT INTO metadata_display_label ( default_locale, id, site_master, key_name) VALUES ('The relationship types to fetch. This parameter can be null, and if it is null it will fetch all relationships.', 'qowwlx09txp22kovibunuycwot8145ofNM200904120000000000000000000030', 'www.runwaysdk.com', 'qowwlx09txp22kovibunuycwot8145ofNM200904120000000000000000000030');
INSERT INTO md_parameter ( metadata, parameter_order, parameter_name, parameter_type, display_label, id) VALUES ('zecsvspm4vozphowoi7fa7kqxwugsm5520070427JS0000000000000000001514', 1, 'relationshipType', 'java.lang.String[]', '7caq9zdgy3mzth5u6e9xb1ocyog2xbtgNM200904120000000000000000000030', 'sr1wwy8gfarf7i6nq66y3pgioq3uvbh720070427JS0000000000000000001517');
INSERT INTO metadata ( description, created_by, owner, id, create_date, seq, type, remove, site_master, locked_by, entity_domain, last_updated_by, last_update_date, key_name) VALUES ('qowwlx09txp22kovibunuycwot8145ofNM200904120000000000000000000030', '0000000000000000000000000000001000000000000000000000000000000003', '0000000000000000000000000000001000000000000000000000000000000003', 'sr1wwy8gfarf7i6nq66y3pgioq3uvbh720070427JS0000000000000000001517', '2014-04-23 17:01:31', 4737, 'com.runwaysdk.system.metadata.MdParameter', 1, 'www.runwaysdk.com', NULL, NULL, '0000000000000000000000000000001000000000000000000000000000000003', '2014-04-23 17:01:31', 'com.runwaysdk.system.ontology.TermUtil.getDirectAncestors.relationshipType');
INSERT INTO metadata_parameter ( site_master, last_updated_by, create_date, seq, locked_by, entity_domain, created_by, type, last_update_date, key_name, owner, id, parent_id, child_id) VALUES ('www.runwaysdk.com', '0000000000000000000000000000001000000000000000000000000000000003', '2014-04-23 17:01:31', 4738, NULL, NULL, '0000000000000000000000000000001000000000000000000000000000000003', 'com.runwaysdk.system.MetadataParameter', '2014-04-23 17:01:31', 'com.runwaysdk.system.ontology.TermUtil.getDirectAncestors.relationshipType', '0000000000000000000000000000001000000000000000000000000000000003', 'xenhbbs6gnjspex5jb4jo8p0cj777bs320070427JS0000000000000000001524', 'zecsvspm4vozphowoi7fa7kqxwugsm5520070427JS0000000000000000001514', 'sr1wwy8gfarf7i6nq66y3pgioq3uvbh720070427JS0000000000000000001517');
INSERT INTO metadata_display_label ( default_locale, id, site_master, key_name) VALUES ('getDirectDescendants', 'x8p1mbxy1jz8560q64k2kc4au54lw99yNM200904120000000000000000000030', 'www.runwaysdk.com', 'x8p1mbxy1jz8560q64k2kc4au54lw99yNM200904120000000000000000000030');
INSERT INTO metadata_display_label ( default_locale, id, site_master, key_name) VALUES ('Fetches direct descendants of the term. Returns an array of TermAndRel.', '6qym7hjoa5mswuu7j1sp5xefsuc476u1NM200904120000000000000000000030', 'www.runwaysdk.com', '6qym7hjoa5mswuu7j1sp5xefsuc476u1NM200904120000000000000000000030');
INSERT INTO md_method ( method_name, md_type, is_static, return_type, display_label, id) VALUES ('getDirectDescendants', '71ahgqaot5u18nlq7bsron6xg2ddhx0d20080226NM0000000000000000000003', 1, 'com.runwaysdk.business.ontology.TermAndRel[]', 'x8p1mbxy1jz8560q64k2kc4au54lw99yNM200904120000000000000000000030', '06mhfzahiwv9167wou20zvd42bu4ieqy20070427JS0000000000000000001514');
INSERT INTO metadata ( description, created_by, owner, id, create_date, seq, type, remove, site_master, locked_by, entity_domain, last_updated_by, last_update_date, key_name) VALUES ('6qym7hjoa5mswuu7j1sp5xefsuc476u1NM200904120000000000000000000030', '0000000000000000000000000000001000000000000000000000000000000003', '0000000000000000000000000000001000000000000000000000000000000003', '06mhfzahiwv9167wou20zvd42bu4ieqy20070427JS0000000000000000001514', '2014-04-23 17:01:31', 4739, 'com.runwaysdk.system.metadata.MdMethod', 1, 'www.runwaysdk.com', NULL, NULL, '0000000000000000000000000000001000000000000000000000000000000003', '2014-04-23 17:01:31', 'com.runwaysdk.system.ontology.TermUtil.getDirectDescendants');
INSERT INTO type_method ( id, parent_id, child_id) VALUES ('zf3wg25em764vcs6p9xeda0amm8st1kd20070427JS0000000000000000001520', '71ahgqaot5u18nlq7bsron6xg2ddhx0d20080226NM0000000000000000000003', '06mhfzahiwv9167wou20zvd42bu4ieqy20070427JS0000000000000000001514');
INSERT INTO metadata_relationship ( entity_domain, site_master, last_updated_by, id, owner, locked_by, create_date, type, created_by, seq, key_name, last_update_date, parent_id, child_id) VALUES (NULL, 'www.runwaysdk.com', '0000000000000000000000000000001000000000000000000000000000000003', 'zf3wg25em764vcs6p9xeda0amm8st1kd20070427JS0000000000000000001520', '0000000000000000000000000000001000000000000000000000000000000003', NULL, '2014-04-23 17:01:31', 'com.runwaysdk.system.metadata.TypeMethod', '0000000000000000000000000000001000000000000000000000000000000003', 4740, 'com.runwaysdk.system.ontology.TermUtil.getDirectDescendants', '2014-04-23 17:01:31', '71ahgqaot5u18nlq7bsron6xg2ddhx0d20080226NM0000000000000000000003', '06mhfzahiwv9167wou20zvd42bu4ieqy20070427JS0000000000000000001514');
INSERT INTO metadata_display_label ( default_locale, id, site_master, key_name) VALUES ('The parent term''s id.', 'xzdbc3pqgas3m8q27ibefsy4fqmonzvgNM200904120000000000000000000030', 'www.runwaysdk.com', 'xzdbc3pqgas3m8q27ibefsy4fqmonzvgNM200904120000000000000000000030');
INSERT INTO metadata_display_label ( default_locale, id, site_master, key_name) VALUES ('The parent term''s id.', 'qusxyp7h2ffefughwrsr36jajxr71u3kNM200904120000000000000000000030', 'www.runwaysdk.com', 'qusxyp7h2ffefughwrsr36jajxr71u3kNM200904120000000000000000000030');
INSERT INTO md_parameter ( metadata, parameter_order, parameter_name, parameter_type, display_label, id) VALUES ('06mhfzahiwv9167wou20zvd42bu4ieqy20070427JS0000000000000000001514', 0, 'termId', 'java.lang.String', 'xzdbc3pqgas3m8q27ibefsy4fqmonzvgNM200904120000000000000000000030', '1xnl395w0c7hwecdzc0w5eaunen4rh7f20070427JS0000000000000000001517');
INSERT INTO metadata ( description, created_by, owner, id, create_date, seq, type, remove, site_master, locked_by, entity_domain, last_updated_by, last_update_date, key_name) VALUES ('qusxyp7h2ffefughwrsr36jajxr71u3kNM200904120000000000000000000030', '0000000000000000000000000000001000000000000000000000000000000003', '0000000000000000000000000000001000000000000000000000000000000003', '1xnl395w0c7hwecdzc0w5eaunen4rh7f20070427JS0000000000000000001517', '2014-04-23 17:01:31', 4741, 'com.runwaysdk.system.metadata.MdParameter', 1, 'www.runwaysdk.com', NULL, NULL, '0000000000000000000000000000001000000000000000000000000000000003', '2014-04-23 17:01:31', 'com.runwaysdk.system.ontology.TermUtil.getDirectDescendants.termId');
INSERT INTO metadata_parameter ( site_master, last_updated_by, create_date, seq, locked_by, entity_domain, created_by, type, last_update_date, key_name, owner, id, parent_id, child_id) VALUES ('www.runwaysdk.com', '0000000000000000000000000000001000000000000000000000000000000003', '2014-04-23 17:01:31', 4742, NULL, NULL, '0000000000000000000000000000001000000000000000000000000000000003', 'com.runwaysdk.system.MetadataParameter', '2014-04-23 17:01:31', 'com.runwaysdk.system.ontology.TermUtil.getDirectDescendants.termId', '0000000000000000000000000000001000000000000000000000000000000003', 'r6kmfqdy9cx0jjjd7oxhgrruemm82pnp20070427JS0000000000000000001524', '06mhfzahiwv9167wou20zvd42bu4ieqy20070427JS0000000000000000001514', '1xnl395w0c7hwecdzc0w5eaunen4rh7f20070427JS0000000000000000001517');
INSERT INTO metadata_display_label ( default_locale, id, site_master, key_name) VALUES ('The relationship type.', '7fdrmrriq2a6gaz83lq39qdg7jxp26ejNM200904120000000000000000000030', 'www.runwaysdk.com', '7fdrmrriq2a6gaz83lq39qdg7jxp26ejNM200904120000000000000000000030');
INSERT INTO metadata_display_label ( default_locale, id, site_master, key_name) VALUES ('The relationship types to fetch. This parameter can be null, and if it is null it will fetch all relationships.', '1sfgav9y9nurt5kyzuxolg0szk288qdsNM200904120000000000000000000030', 'www.runwaysdk.com', '1sfgav9y9nurt5kyzuxolg0szk288qdsNM200904120000000000000000000030');
INSERT INTO md_parameter ( metadata, parameter_order, parameter_name, parameter_type, display_label, id) VALUES ('06mhfzahiwv9167wou20zvd42bu4ieqy20070427JS0000000000000000001514', 1, 'relationshipType', 'java.lang.String[]', '7fdrmrriq2a6gaz83lq39qdg7jxp26ejNM200904120000000000000000000030', '6ulqt77n4msos1sihwdl6olla6x1853a20070427JS0000000000000000001517');
INSERT INTO metadata ( description, created_by, owner, id, create_date, seq, type, remove, site_master, locked_by, entity_domain, last_updated_by, last_update_date, key_name) VALUES ('1sfgav9y9nurt5kyzuxolg0szk288qdsNM200904120000000000000000000030', '0000000000000000000000000000001000000000000000000000000000000003', '0000000000000000000000000000001000000000000000000000000000000003', '6ulqt77n4msos1sihwdl6olla6x1853a20070427JS0000000000000000001517', '2014-04-23 17:01:31', 4743, 'com.runwaysdk.system.metadata.MdParameter', 1, 'www.runwaysdk.com', NULL, NULL, '0000000000000000000000000000001000000000000000000000000000000003', '2014-04-23 17:01:31', 'com.runwaysdk.system.ontology.TermUtil.getDirectDescendants.relationshipType');
INSERT INTO metadata_parameter ( site_master, last_updated_by, create_date, seq, locked_by, entity_domain, created_by, type, last_update_date, key_name, owner, id, parent_id, child_id) VALUES ('www.runwaysdk.com', '0000000000000000000000000000001000000000000000000000000000000003', '2014-04-23 17:01:31', 4744, NULL, NULL, '0000000000000000000000000000001000000000000000000000000000000003', 'com.runwaysdk.system.MetadataParameter', '2014-04-23 17:01:31', 'com.runwaysdk.system.ontology.TermUtil.getDirectDescendants.relationshipType', '0000000000000000000000000000001000000000000000000000000000000003', 'sdqoj7po3vofdu41muw58bk6nmbqmtww20070427JS0000000000000000001524', '06mhfzahiwv9167wou20zvd42bu4ieqy20070427JS0000000000000000001514', '6ulqt77n4msos1sihwdl6olla6x1853a20070427JS0000000000000000001517');
UPDATE md_type SET display_label= 'qxlndma1cpen4lccu2km79pksv0yy83jNM200904120000000000000000000030' , root_id= '71ahgqaot5u18nlq7bsron6xg2ddhx0d' , package_name= 'com.runwaysdk.system.ontology' , type_name= 'TermUtil' , id= '71ahgqaot5u18nlq7bsron6xg2ddhx0d20080226NM0000000000000000000003'  WHERE id='71ahgqaot5u18nlq7bsron6xg2ddhx0d20080226NM0000000000000000000003';
UPDATE metadata SET description= 'rdbkwv3kj5q9qcfwrn3r68vvxvy24kk4NM200904120000000000000000000030' , created_by= '0000000000000000000000000000001000000000000000000000000000000003' , owner= '0000000000000000000000000000001000000000000000000000000000000003' , id= '71ahgqaot5u18nlq7bsron6xg2ddhx0d20080226NM0000000000000000000003' , create_date= '2014-04-23 17:01:31' , seq= 4745 , type= 'com.runwaysdk.system.metadata.MdUtil' , site_master= 'www.runwaysdk.com' , last_updated_by= '0000000000000000000000000000001000000000000000000000000000000003' , last_update_date= '2014-04-23 17:01:31' , key_name= 'com.runwaysdk.system.ontology.TermUtil'  WHERE id='71ahgqaot5u18nlq7bsron6xg2ddhx0d20080226NM0000000000000000000003';