<?xml version="1.0"?>
<tree id="0"><item id="/context.css" text="context.css"><userdata name="desc">context menu css</userdata><userdata name="edition">any</userdata><userdata name="insrc">false</userdata></item><item id="/dhtmlxcommon.js" text="dhtmlxcommon.js"><userdata name="desc">common js</userdata><userdata name="edition">any</userdata><userdata name="insrc">true</userdata><userdata name="inapi">true</userdata></item><item id="/dhtmlxmenu.css" text="dhtmlxmenu.css"><userdata name="desc">menu css</userdata><userdata name="edition">any</userdata><userdata name="insrc">false</userdata></item><item id="/dhtmlxmenubar.js" text="dhtmlxmenubar.js"><userdata name="desc">main menu js file</userdata><userdata name="edition">any</userdata><userdata name="insrc">true</userdata><userdata name="inapi">true</userdata></item><item id="/dhtmlxmenubar_cp.js" text="dhtmlxmenubar_cp.js"><userdata name="desc">Context menu js file</userdata><userdata name="edition">any</userdata><userdata name="insrc">true</userdata><userdata name="inapi">true</userdata></item><item id="/dhtmlxmenu_modern.css" text="dhtmlxmenu_modern.css"><userdata name="desc">modern skin for menu</userdata><userdata name="edition">any</userdata><userdata name="insrc">false</userdata></item><item id="/dhtmlxprotobar.js" select="1" text="dhtmlxprotobar.js"><userdata name="desc">common base for menu and toolbar</userdata><userdata name="edition">any</userdata><userdata name="insrc">true</userdata><userdata name="inapi">true</userdata></item></tree>
