<?xml version="1.0" encoding="UTF-8"?>
<rows>
	<row id="11111" open="1" style="font-weight:bold">
		<cell image="../../samples/images/books.gif">Total</cell>
		<cell></cell>
		<cell></cell>
		<cell></cell>

	<row id="2" open="1">
		<cell image="../../samples/images/music.gif">Music</cell>
		<cell></cell>
		<cell></cell>
		<cell></cell>
		<row id="2.1">
			<cell image="../../samples/images/cd.gif">Whatever People Say I Am, That's What I Am Not</cell>
			<cell>9.78</cell>
			<cell>1</cell>
			<cell>=c1*c2</cell>
		</row>
		<row id="2.2">
			<cell image="../../samples/images/cd.gif">Back to Bedlam</cell>
			<cell>13.28</cell>
			<cell>1</cell>
			<cell>=c1*c2</cell>
		</row>
		<row id="2.3">
			<cell image="../../samples/images/cd.gif">Prince</cell>
			<cell>10.48</cell>
			<cell>1</cell>
			<cell>=c1*c2</cell>
		</row>
		<row id="2.4">
			<cell image="../../samples/images/cd.gif">Dreaming Wide Awake</cell>
			<cell>11.98</cell>
			<cell>1</cell>
			<cell>=c1*c2</cell>
		</row>
		<row id="2.5">
			<cell image="../../samples/images/cd.gif">On an Island</cell>
			<cell>13.28</cell>
			<cell>1</cell>
			<cell>=c1*c2</cell>
		</row>
	</row>
	<row id="3" open="1">
		<cell image="../../samples/images/dvds.gif">DVD</cell>
		<cell></cell>
		<cell></cell>
		<cell></cell>
		<row id="3.1">
			<cell image="../../samples/images/dvd.gif">Harry Potter and the Goblet of Fire</cell>
			<cell>24.78</cell>
			<cell>1</cell>
			<cell>=c1*c2</cell>
		</row>
		<row id="3.2">
			<cell image="../../samples/images/dvd.gif">Jarhead</cell>
			<cell>20.98</cell>
			<cell>1</cell>
			<cell>=c1*c2</cell>
		</row>
		<row id="3.3">
			<cell image="../../samples/images/dvd.gif">Hogan's Heroes - The Complete Third Season</cell>
			<cell>27.98</cell>
			<cell>1</cell>
			<cell>=c1*c2</cell>
		</row>
		<row id="3.4">
			<cell image="../../samples/images/dvd.gif">Prime</cell>
			<cell>20.98</cell>
			<cell>1</cell>
			<cell>=c1*c2</cell>
		</row>
		<row id="3.5">
			<cell image="../../samples/images/dvd.gif">The Shaggy Dog</cell>
			<cell>15.98</cell>
			<cell>2</cell>
			<cell>=c1*c2</cell>
		</row>
	</row>
	</row>
</rows>
