INSERT INTO class_cache (set_id, item_id)  VALUES  ('2808s42d7uf9gjhuefmgv6puldui8zzx', '0000000000000000000000000000023100000000000000000000000000000222');
INSERT INTO metadata_display_label ( key_name, id, site_master, default_locale) VALUES ('759452vmwzo7fkhn3gx3vgsb5knvzy7fNM200904120000000000000000000030', '759452vmwzo7fkhn3gx3vgsb5knvzy7fNM200904120000000000000000000030', 'www.runwaysdk.com', 'Operations');
INSERT INTO metadata_display_label ( key_name, id, site_master, default_locale) VALUES ('xsdivatqnmu9pw7esgwlj0wi4u7ewelfNM200904120000000000000000000030', 'xsdivatqnmu9pw7esgwlj0wi4u7ewelfNM200904120000000000000000000030', 'www.runwaysdk.com', 'Math Operations Enumeration Master List');
INSERT INTO md_business ( super_md_business, cache_algorithm, cache_algorithm_c, id) VALUES ('0000000000000000000000000000020600000000000000000000000000000001', '2808s42d7uf9gjhuefmgv6puldui8zzx', '0000000000000000000000000000023100000000000000000000000000000222', 'iay1lnfv06jjggrwvp9eyiuh8nx9zugs00000000000000000000000000000001');
INSERT INTO md_element ( is_abstract, extendable, id) VALUES (0, 0, 'iay1lnfv06jjggrwvp9eyiuh8nx9zugs00000000000000000000000000000001');
INSERT INTO md_entity ( cache_size, query_dto_source, has_deterministic_ids, enforce_site_master, query_source, table_name, id) VALUES (0, NULL, 1, 1, NULL, 'math_operator', 'iay1lnfv06jjggrwvp9eyiuh8nx9zugs00000000000000000000000000000001');
INSERT INTO md_class ( stub_source, publish, stub_dto_source, id) VALUES (NULL, 1, NULL, 'iay1lnfv06jjggrwvp9eyiuh8nx9zugs00000000000000000000000000000001');
INSERT INTO md_type ( type_name, js_stub, display_label, exported, generate_source, js_base, base_source, package_name, root_id, dto_source, id) VALUES ('MathOperator', NULL, '759452vmwzo7fkhn3gx3vgsb5knvzy7fNM200904120000000000000000000030', 1, 1, NULL, NULL, 'com.runwaysdk.system', 'iay1lnfv06jjggrwvp9eyiuh8nx9zugs', NULL, 'iay1lnfv06jjggrwvp9eyiuh8nx9zugs00000000000000000000000000000001');
INSERT INTO metadata ( create_date, seq, type, created_by, last_update_date, last_updated_by, description, locked_by, remove, owner, entity_domain, id, key_name, site_master) VALUES ('2017-06-09 21:41:20', 4852, 'com.runwaysdk.system.metadata.MdBusiness', '0000000000000000000000000000001000000000000000000000000000000003', '2017-06-09 21:41:20', '0000000000000000000000000000001000000000000000000000000000000003', 'xsdivatqnmu9pw7esgwlj0wi4u7ewelfNM200904120000000000000000000030', NULL, 0, '0000000000000000000000000000001000000000000000000000000000000003', NULL, 'iay1lnfv06jjggrwvp9eyiuh8nx9zugs00000000000000000000000000000001', 'com.runwaysdk.system.MathOperator', 'www.runwaysdk.com');
CREATE TABLE math_operator ( id CHAR(64) NOT NULL PRIMARY KEY );
INSERT INTO business_inheritance ( id, parent_id, child_id) VALUES ('iay1lnfv06jjggrwvp9eyiuh8nx9zugs20070926NM0000000000000000000004', '0000000000000000000000000000020600000000000000000000000000000001', 'iay1lnfv06jjggrwvp9eyiuh8nx9zugs00000000000000000000000000000001');
INSERT INTO class_inheritance ( id, parent_id, child_id) VALUES ('iay1lnfv06jjggrwvp9eyiuh8nx9zugs20070926NM0000000000000000000004', '0000000000000000000000000000020600000000000000000000000000000001', 'iay1lnfv06jjggrwvp9eyiuh8nx9zugs00000000000000000000000000000001');
INSERT INTO metadata_relationship ( id, created_by, type, last_update_date, site_master, owner, seq, key_name, entity_domain, locked_by, create_date, last_updated_by, parent_id, child_id) VALUES ('iay1lnfv06jjggrwvp9eyiuh8nx9zugs20070926NM0000000000000000000004', '0000000000000000000000000000001000000000000000000000000000000003', 'com.runwaysdk.system.metadata.BusinessInheritance', '2017-06-09 21:41:20', 'www.runwaysdk.com', '0000000000000000000000000000001000000000000000000000000000000003', 4853, 'com.runwaysdk.system.MathOperator', NULL, NULL, '2017-06-09 21:41:20', '0000000000000000000000000000001000000000000000000000000000000003', '0000000000000000000000000000020600000000000000000000000000000001', 'iay1lnfv06jjggrwvp9eyiuh8nx9zugs00000000000000000000000000000001');

INSERT INTO md_attribute_indicies (set_id, item_id)  VALUES  ('78x39gu7th14cwd2r6q2jwf3eed8anz6', '0000000000000000000000000000040900000000000000000000000000000403');
INSERT INTO visibilitymodifier (set_id, item_id)  VALUES  ('sv3lhr0o9p04c2gjg0k69v7tue901dkh', '20071109NM000000000000000000000520071109NM0000000000000000000001');
INSERT INTO visibilitymodifier (set_id, item_id)  VALUES  ('zck8nkkr0jbrgi2602zee3v0odptsbxa', '20071109NM000000000000000000000520071109NM0000000000000000000001');
INSERT INTO metadata_display_label ( key_name, id, site_master, default_locale) VALUES ('0mf3id9jrsbz90nhfui4vtlc5zt1xs38NM200904120000000000000000000030', '0mf3id9jrsbz90nhfui4vtlc5zt1xs38NM200904120000000000000000000030', 'www.runwaysdk.com', 'Operation');
INSERT INTO metadata_display_label ( key_name, id, site_master, default_locale) VALUES ('slbolfyj8279do5d1vlcx0ctdhbpgo0zNM200904120000000000000000000030', 'slbolfyj8279do5d1vlcx0ctdhbpgo0zNM200904120000000000000000000030', 'www.runwaysdk.com', NULL);
INSERT INTO md_attribute_character ( default_value, database_size, id) VALUES (NULL, 1, 'ijfoynkcmoq4bdq8t4p6ei29492so5k900000000000000000000000000000138');
INSERT INTO md_attribute_char ( id) VALUES ('ijfoynkcmoq4bdq8t4p6ei29492so5k900000000000000000000000000000138');
INSERT INTO md_attribute_primitive ( is_expression, expression, id) VALUES (0, NULL, 'ijfoynkcmoq4bdq8t4p6ei29492so5k900000000000000000000000000000138');
INSERT INTO md_attribute_concrete ( defining_md_class, column_name, index_type, index_type_c, attribute_name, getter_visibility, getter_visibility_c, system, index_name, setter_visibility, setter_visibility_c, required, generate_accessor, display_label, immutable, id) VALUES ('iay1lnfv06jjggrwvp9eyiuh8nx9zugs00000000000000000000000000000001', 'operator_symbol', '78x39gu7th14cwd2r6q2jwf3eed8anz6', '0000000000000000000000000000040900000000000000000000000000000403', 'operatorSymbol', 'sv3lhr0o9p04c2gjg0k69v7tue901dkh', '20071109NM000000000000000000000520071109NM0000000000000000000001', 0, 'ansv7i5haccr6avp4h8yt119gnwgxt', 'zck8nkkr0jbrgi2602zee3v0odptsbxa', '20071109NM000000000000000000000520071109NM0000000000000000000001', 1, 1, '0mf3id9jrsbz90nhfui4vtlc5zt1xs38NM200904120000000000000000000030', 0, 'ijfoynkcmoq4bdq8t4p6ei29492so5k900000000000000000000000000000138');
INSERT INTO md_attribute ( id) VALUES ('ijfoynkcmoq4bdq8t4p6ei29492so5k900000000000000000000000000000138');
INSERT INTO metadata ( create_date, seq, type, created_by, last_update_date, last_updated_by, description, locked_by, remove, owner, entity_domain, id, key_name, site_master) VALUES ('2017-06-09 21:41:20', 4854, 'com.runwaysdk.system.metadata.MdAttributeCharacter', '0000000000000000000000000000001000000000000000000000000000000003', '2017-06-09 21:41:20', '0000000000000000000000000000001000000000000000000000000000000003', 'slbolfyj8279do5d1vlcx0ctdhbpgo0zNM200904120000000000000000000030', NULL, 0, '0000000000000000000000000000001000000000000000000000000000000003', NULL, 'ijfoynkcmoq4bdq8t4p6ei29492so5k900000000000000000000000000000138', 'com.runwaysdk.system.MathOperator.operatorSymbol', 'www.runwaysdk.com');
ALTER TABLE math_operator ADD COLUMN operator_symbol  varchar(1);
INSERT INTO class_attribute_concrete ( id, parent_id, child_id) VALUES ('ijfoynkcmoq4bdq8t4p6ei29492so5k900000000000000000000000000000073', 'iay1lnfv06jjggrwvp9eyiuh8nx9zugs00000000000000000000000000000001', 'ijfoynkcmoq4bdq8t4p6ei29492so5k900000000000000000000000000000138');
INSERT INTO class_attribute ( id, parent_id, child_id) VALUES ('ijfoynkcmoq4bdq8t4p6ei29492so5k900000000000000000000000000000073', 'iay1lnfv06jjggrwvp9eyiuh8nx9zugs00000000000000000000000000000001', 'ijfoynkcmoq4bdq8t4p6ei29492so5k900000000000000000000000000000138');
INSERT INTO metadata_relationship ( id, created_by, type, last_update_date, site_master, owner, seq, key_name, entity_domain, locked_by, create_date, last_updated_by, parent_id, child_id) VALUES ('ijfoynkcmoq4bdq8t4p6ei29492so5k900000000000000000000000000000073', '0000000000000000000000000000001000000000000000000000000000000003', 'com.runwaysdk.system.metadata.ClassAttributeConcrete', '2017-06-09 21:41:20', 'www.runwaysdk.com', '0000000000000000000000000000001000000000000000000000000000000003', 4855, 'com.runwaysdk.system.MathOperator.operatorSymbol', NULL, NULL, '2017-06-09 21:41:20', '0000000000000000000000000000001000000000000000000000000000000003', 'iay1lnfv06jjggrwvp9eyiuh8nx9zugs00000000000000000000000000000001', 'ijfoynkcmoq4bdq8t4p6ei29492so5k900000000000000000000000000000138');
CREATE UNIQUE INDEX ansv7i5haccr6avp4h8yt119gnwgxt ON math_operator (operator_symbol);
INSERT INTO metadata_display_label ( key_name, id, site_master, default_locale) VALUES ('6qq0ofu5gbtsilp0g3a8gyxe2ltj2wj9NM200904120000000000000000000030', '6qq0ofu5gbtsilp0g3a8gyxe2ltj2wj9NM200904120000000000000000000030', 'www.runwaysdk.com', 'California');
INSERT INTO math_operator ( operator_symbol, id) VALUES ('/', 'im3czccrvzgwf4eflchb7gd8c2d73bpriay1lnfv06jjggrwvp9eyiuh8nx9zugs');
INSERT INTO enumeration_master ( site_master, last_updated_by, owner, locked_by, key_name, type, enum_name, display_label, id, last_update_date, create_date, created_by, entity_domain, seq) VALUES ('www.runwaysdk.com', '0000000000000000000000000000001000000000000000000000000000000003', '0000000000000000000000000000001000000000000000000000000000000003', NULL, 'com.runwaysdk.system.MathOperator.DIV', 'com.runwaysdk.system.MathOperator', 'DIV', '6qq0ofu5gbtsilp0g3a8gyxe2ltj2wj9NM200904120000000000000000000030', 'im3czccrvzgwf4eflchb7gd8c2d73bpriay1lnfv06jjggrwvp9eyiuh8nx9zugs', '2017-06-09 21:41:20', '2017-06-09 21:41:20', '0000000000000000000000000000001000000000000000000000000000000003', NULL, 4856);

INSERT INTO metadata_display_label ( key_name, id, site_master, default_locale) VALUES ('1x9bwhpynlu672ksb7r3m8b8gs7047nmNM200904120000000000000000000030', '1x9bwhpynlu672ksb7r3m8b8gs7047nmNM200904120000000000000000000030', 'www.runwaysdk.com', 'Ratio Operator');
INSERT INTO metadata_display_label ( key_name, id, site_master, default_locale) VALUES ('1xqmq6sanzrlf3hx25la4p1uh3wpxrcmNM200904120000000000000000000030', '1xqmq6sanzrlf3hx25la4p1uh3wpxrcmNM200904120000000000000000000030', 'www.runwaysdk.com', 'Ratio OperatorEnumeration');
INSERT INTO md_enumeration ( master_md_business, table_name, include_all, id) VALUES ('iay1lnfv06jjggrwvp9eyiuh8nx9zugs00000000000000000000000000000001', 'ratio_math_operations', 1, 'i1t3suqzdtm4k2jf5r616jj7puf95nmt00000000000000000000000000000196');
INSERT INTO md_type ( type_name, js_stub, display_label, exported, generate_source, js_base, base_source, package_name, root_id, dto_source, id) VALUES ('RatioOperator', NULL, '1x9bwhpynlu672ksb7r3m8b8gs7047nmNM200904120000000000000000000030', 1, 1, NULL, NULL, 'com.runwaysdk.system', 'i1t3suqzdtm4k2jf5r616jj7puf95nmt', NULL, 'i1t3suqzdtm4k2jf5r616jj7puf95nmt00000000000000000000000000000196');
INSERT INTO metadata ( create_date, seq, type, created_by, last_update_date, last_updated_by, description, locked_by, remove, owner, entity_domain, id, key_name, site_master) VALUES ('2017-06-09 21:41:20', 4857, 'com.runwaysdk.system.metadata.MdEnumeration', '0000000000000000000000000000001000000000000000000000000000000003', '2017-06-09 21:41:20', '0000000000000000000000000000001000000000000000000000000000000003', '1xqmq6sanzrlf3hx25la4p1uh3wpxrcmNM200904120000000000000000000030', NULL, 0, '0000000000000000000000000000001000000000000000000000000000000003', NULL, 'i1t3suqzdtm4k2jf5r616jj7puf95nmt00000000000000000000000000000196', 'com.runwaysdk.system.RatioOperator', 'www.runwaysdk.com');
INSERT INTO enumeration_attribute ( id, parent_id, child_id) VALUES ('i1t3suqzdtm4k2jf5r616jj7puf95nmt00000000000000000000000000000212', 'iay1lnfv06jjggrwvp9eyiuh8nx9zugs00000000000000000000000000000001', 'i1t3suqzdtm4k2jf5r616jj7puf95nmt00000000000000000000000000000196');
INSERT INTO metadata_relationship ( id, created_by, type, last_update_date, site_master, owner, seq, key_name, entity_domain, locked_by, create_date, last_updated_by, parent_id, child_id) VALUES ('i1t3suqzdtm4k2jf5r616jj7puf95nmt00000000000000000000000000000212', '0000000000000000000000000000001000000000000000000000000000000003', 'com.runwaysdk.system.metadata.EnumerationAttribute', '2017-06-09 21:41:20', 'www.runwaysdk.com', '0000000000000000000000000000001000000000000000000000000000000003', 4858, 'com.runwaysdk.system.RatioOperator', NULL, NULL, '2017-06-09 21:41:20', '0000000000000000000000000000001000000000000000000000000000000003', 'iay1lnfv06jjggrwvp9eyiuh8nx9zugs00000000000000000000000000000001', 'i1t3suqzdtm4k2jf5r616jj7puf95nmt00000000000000000000000000000196');
CREATE TABLE ratio_math_operations 
(set_id                CHAR(32) NOT NULL, 
item_id CHAR(64) NOT NULL);
CREATE UNIQUE INDEX ai1t3suqzdtm4k2jf5r616jj7puf95 ON ratio_math_operations (set_id, item_id);
INSERT INTO enumeration_attribute_item ( id, parent_id, child_id) VALUES ('iptu9lnha2x5jzwmbug7db9pweybrscn00000000000000000000000000000294', 'i1t3suqzdtm4k2jf5r616jj7puf95nmt00000000000000000000000000000196', 'im3czccrvzgwf4eflchb7gd8c2d73bpriay1lnfv06jjggrwvp9eyiuh8nx9zugs');
INSERT INTO metadata_relationship ( id, created_by, type, last_update_date, site_master, owner, seq, key_name, entity_domain, locked_by, create_date, last_updated_by, parent_id, child_id) VALUES ('iptu9lnha2x5jzwmbug7db9pweybrscn00000000000000000000000000000294', '0000000000000000000000000000001000000000000000000000000000000003', 'com.runwaysdk.system.metadata.EnumerationAttributeItem', '2017-06-09 21:41:20', 'www.runwaysdk.com', '0000000000000000000000000000001000000000000000000000000000000003', 4859, 'com.runwaysdk.system.RatioOperator.DIV', NULL, NULL, '2017-06-09 21:41:20', '0000000000000000000000000000001000000000000000000000000000000003', 'i1t3suqzdtm4k2jf5r616jj7puf95nmt00000000000000000000000000000196', 'im3czccrvzgwf4eflchb7gd8c2d73bpriay1lnfv06jjggrwvp9eyiuh8nx9zugs');

INSERT INTO class_cache (set_id, item_id)  VALUES  ('220qaao25sbukehqrbnzrdzc1wsfbiy1', '0000000000000000000000000000023000000000000000000000000000000222');
INSERT INTO metadata_display_label ( key_name, id, site_master, default_locale) VALUES ('s9ntz6c7827742ybdiqtevh4ksm6fph0NM200904120000000000000000000030', 's9ntz6c7827742ybdiqtevh4ksm6fph0NM200904120000000000000000000030', 'www.runwaysdk.com', 'Ratio Element');
INSERT INTO metadata_display_label ( key_name, id, site_master, default_locale) VALUES ('smmsl7jfce7wjipa3rof7h1kmffzu3jvNM200904120000000000000000000030', 'smmsl7jfce7wjipa3rof7h1kmffzu3jvNM200904120000000000000000000030', 'www.runwaysdk.com', 'An abstract class representing components that make up a ratio definition. This is the abstract class in the composite pattern.');
INSERT INTO md_business ( super_md_business, cache_algorithm, cache_algorithm_c, id) VALUES (NULL, '220qaao25sbukehqrbnzrdzc1wsfbiy1', '0000000000000000000000000000023000000000000000000000000000000222', 'ir1ltu8kvzpnokiar3jtyuy3ai9f4kiu00000000000000000000000000000001');
INSERT INTO md_element ( is_abstract, extendable, id) VALUES (1, 1, 'ir1ltu8kvzpnokiar3jtyuy3ai9f4kiu00000000000000000000000000000001');
INSERT INTO md_entity ( cache_size, query_dto_source, has_deterministic_ids, enforce_site_master, query_source, table_name, id) VALUES (0, NULL, 1, 1, NULL, 'ratio_element', 'ir1ltu8kvzpnokiar3jtyuy3ai9f4kiu00000000000000000000000000000001');
INSERT INTO md_class ( stub_source, publish, stub_dto_source, id) VALUES (NULL, 1, NULL, 'ir1ltu8kvzpnokiar3jtyuy3ai9f4kiu00000000000000000000000000000001');
INSERT INTO md_type ( type_name, js_stub, display_label, exported, generate_source, js_base, base_source, package_name, root_id, dto_source, id) VALUES ('RatioElement', NULL, 's9ntz6c7827742ybdiqtevh4ksm6fph0NM200904120000000000000000000030', 1, 1, NULL, NULL, 'com.runwaysdk.system', 'ir1ltu8kvzpnokiar3jtyuy3ai9f4kiu', NULL, 'ir1ltu8kvzpnokiar3jtyuy3ai9f4kiu00000000000000000000000000000001');
INSERT INTO metadata ( create_date, seq, type, created_by, last_update_date, last_updated_by, description, locked_by, remove, owner, entity_domain, id, key_name, site_master) VALUES ('2017-06-09 21:41:20', 4860, 'com.runwaysdk.system.metadata.MdBusiness', '0000000000000000000000000000001000000000000000000000000000000003', '2017-06-09 21:41:20', '0000000000000000000000000000001000000000000000000000000000000003', 'smmsl7jfce7wjipa3rof7h1kmffzu3jvNM200904120000000000000000000030', NULL, 0, '0000000000000000000000000000001000000000000000000000000000000003', NULL, 'ir1ltu8kvzpnokiar3jtyuy3ai9f4kiu00000000000000000000000000000001', 'com.runwaysdk.system.RatioElement', 'www.runwaysdk.com');
CREATE TABLE ratio_element ( id CHAR(64) NOT NULL PRIMARY KEY );
INSERT INTO md_attribute_indicies (set_id, item_id)  VALUES  ('qn31yvuo8tkgtgxm8f6lm3xy6rcz4mut', '0000000000000000000000000000040900000000000000000000000000000403');
INSERT INTO visibilitymodifier (set_id, item_id)  VALUES  ('zmd90mxicr4xq8mzfk4qabcw0yynjore', '20071109NM000000000000000000000520071109NM0000000000000000000001');
INSERT INTO visibilitymodifier (set_id, item_id)  VALUES  ('xstxi07qmlcc8hznx30w2k4rkixh2653', '20071109NM000000000000000000000520071109NM0000000000000000000001');
INSERT INTO metadata_display_label ( key_name, id, site_master, default_locale) VALUES ('23ttlc0juxf08uqig2uvko1ma8g6tk3lNM200904120000000000000000000030', '23ttlc0juxf08uqig2uvko1ma8g6tk3lNM200904120000000000000000000030', 'www.runwaysdk.com', 'ID');
INSERT INTO metadata_display_label ( key_name, id, site_master, default_locale) VALUES ('z9kf6zky0i3m29kefdqfgkzeo5l37h3zNM200904120000000000000000000030', 'z9kf6zky0i3m29kefdqfgkzeo5l37h3zNM200904120000000000000000000030', 'www.runwaysdk.com', 'ID of this object');
INSERT INTO md_attribute_character ( default_value, database_size, id) VALUES (NULL, 64, 'iijx2v1kodsopfu7rioiuuuc1xy7ijs100000000000000000000000000000138');
INSERT INTO md_attribute_char ( id) VALUES ('iijx2v1kodsopfu7rioiuuuc1xy7ijs100000000000000000000000000000138');
INSERT INTO md_attribute_primitive ( is_expression, expression, id) VALUES (0, NULL, 'iijx2v1kodsopfu7rioiuuuc1xy7ijs100000000000000000000000000000138');
INSERT INTO md_attribute_concrete ( defining_md_class, column_name, index_type, index_type_c, attribute_name, getter_visibility, getter_visibility_c, system, index_name, setter_visibility, setter_visibility_c, required, generate_accessor, display_label, immutable, id) VALUES ('ir1ltu8kvzpnokiar3jtyuy3ai9f4kiu00000000000000000000000000000001', 'id', 'qn31yvuo8tkgtgxm8f6lm3xy6rcz4mut', '0000000000000000000000000000040900000000000000000000000000000403', 'id', 'zmd90mxicr4xq8mzfk4qabcw0yynjore', '20071109NM000000000000000000000520071109NM0000000000000000000001', 1, 'a8hdb1qixso7r7gfl5ix0r2zpg3oij', 'xstxi07qmlcc8hznx30w2k4rkixh2653', '20071109NM000000000000000000000520071109NM0000000000000000000001', 1, 1, '23ttlc0juxf08uqig2uvko1ma8g6tk3lNM200904120000000000000000000030', 0, 'iijx2v1kodsopfu7rioiuuuc1xy7ijs100000000000000000000000000000138');
INSERT INTO md_attribute ( id) VALUES ('iijx2v1kodsopfu7rioiuuuc1xy7ijs100000000000000000000000000000138');
INSERT INTO metadata ( create_date, seq, type, created_by, last_update_date, last_updated_by, description, locked_by, remove, owner, entity_domain, id, key_name, site_master) VALUES ('2017-06-09 21:41:20', 4861, 'com.runwaysdk.system.metadata.MdAttributeCharacter', '0000000000000000000000000000001000000000000000000000000000000003', '2017-06-09 21:41:20', '0000000000000000000000000000001000000000000000000000000000000003', 'z9kf6zky0i3m29kefdqfgkzeo5l37h3zNM200904120000000000000000000030', NULL, 0, '0000000000000000000000000000001000000000000000000000000000000003', NULL, 'iijx2v1kodsopfu7rioiuuuc1xy7ijs100000000000000000000000000000138', 'com.runwaysdk.system.RatioElement.id', 'www.runwaysdk.com');
INSERT INTO class_attribute_concrete ( id, parent_id, child_id) VALUES ('iijx2v1kodsopfu7rioiuuuc1xy7ijs100000000000000000000000000000073', 'ir1ltu8kvzpnokiar3jtyuy3ai9f4kiu00000000000000000000000000000001', 'iijx2v1kodsopfu7rioiuuuc1xy7ijs100000000000000000000000000000138');
INSERT INTO class_attribute ( id, parent_id, child_id) VALUES ('iijx2v1kodsopfu7rioiuuuc1xy7ijs100000000000000000000000000000073', 'ir1ltu8kvzpnokiar3jtyuy3ai9f4kiu00000000000000000000000000000001', 'iijx2v1kodsopfu7rioiuuuc1xy7ijs100000000000000000000000000000138');
INSERT INTO metadata_relationship ( id, created_by, type, last_update_date, site_master, owner, seq, key_name, entity_domain, locked_by, create_date, last_updated_by, parent_id, child_id) VALUES ('iijx2v1kodsopfu7rioiuuuc1xy7ijs100000000000000000000000000000073', '0000000000000000000000000000001000000000000000000000000000000003', 'com.runwaysdk.system.metadata.ClassAttributeConcrete', '2017-06-09 21:41:20', 'www.runwaysdk.com', '0000000000000000000000000000001000000000000000000000000000000003', 4862, 'com.runwaysdk.system.RatioElement.id', NULL, NULL, '2017-06-09 21:41:20', '0000000000000000000000000000001000000000000000000000000000000003', 'ir1ltu8kvzpnokiar3jtyuy3ai9f4kiu00000000000000000000000000000001', 'iijx2v1kodsopfu7rioiuuuc1xy7ijs100000000000000000000000000000138');
INSERT INTO md_attribute_indicies (set_id, item_id)  VALUES  ('r0dwwcgxl55ffa5n0a98emd04gma79d9', '0000000000000000000000000000040900000000000000000000000000000403');
INSERT INTO visibilitymodifier (set_id, item_id)  VALUES  ('29828pof0kfzgqpgpdujzqczwn4tomuf', '20071109NM000000000000000000000520071109NM0000000000000000000001');
INSERT INTO visibilitymodifier (set_id, item_id)  VALUES  ('099uga29h4l3tejmhxic9m5whgdge3zt', '20071109NM000000000000000000000520071109NM0000000000000000000001');
INSERT INTO metadata_display_label ( key_name, id, site_master, default_locale) VALUES ('7bhrxhdtcbyknux36kt5ls7j4x3d3pd3NM200904120000000000000000000030', '7bhrxhdtcbyknux36kt5ls7j4x3d3pd3NM200904120000000000000000000030', 'www.runwaysdk.com', 'Key Name');
INSERT INTO metadata_display_label ( key_name, id, site_master, default_locale) VALUES ('qnb4t77ir275umyzr6i5ckxanqpq7898NM200904120000000000000000000030', 'qnb4t77ir275umyzr6i5ckxanqpq7898NM200904120000000000000000000030', 'www.runwaysdk.com', 'Key which uniquely identifies each instance of this type heirarchy.');
INSERT INTO md_attribute_character ( default_value, database_size, id) VALUES (NULL, 255, 'irxhtyd69w1f3a5kn5thdugz0ag06yvp00000000000000000000000000000138');
INSERT INTO md_attribute_char ( id) VALUES ('irxhtyd69w1f3a5kn5thdugz0ag06yvp00000000000000000000000000000138');
INSERT INTO md_attribute_primitive ( is_expression, expression, id) VALUES (0, NULL, 'irxhtyd69w1f3a5kn5thdugz0ag06yvp00000000000000000000000000000138');
INSERT INTO md_attribute_concrete ( defining_md_class, column_name, index_type, index_type_c, attribute_name, getter_visibility, getter_visibility_c, system, index_name, setter_visibility, setter_visibility_c, required, generate_accessor, display_label, immutable, id) VALUES ('ir1ltu8kvzpnokiar3jtyuy3ai9f4kiu00000000000000000000000000000001', 'key_name', 'r0dwwcgxl55ffa5n0a98emd04gma79d9', '0000000000000000000000000000040900000000000000000000000000000403', 'keyName', '29828pof0kfzgqpgpdujzqczwn4tomuf', '20071109NM000000000000000000000520071109NM0000000000000000000001', 0, 'afghysg80jgdamxkxtzv649dqdiwtl', '099uga29h4l3tejmhxic9m5whgdge3zt', '20071109NM000000000000000000000520071109NM0000000000000000000001', 1, 1, '7bhrxhdtcbyknux36kt5ls7j4x3d3pd3NM200904120000000000000000000030', 0, 'irxhtyd69w1f3a5kn5thdugz0ag06yvp00000000000000000000000000000138');
INSERT INTO md_attribute ( id) VALUES ('irxhtyd69w1f3a5kn5thdugz0ag06yvp00000000000000000000000000000138');
INSERT INTO metadata ( create_date, seq, type, created_by, last_update_date, last_updated_by, description, locked_by, remove, owner, entity_domain, id, key_name, site_master) VALUES ('2017-06-09 21:41:20', 4863, 'com.runwaysdk.system.metadata.MdAttributeCharacter', '0000000000000000000000000000001000000000000000000000000000000003', '2017-06-09 21:41:20', '0000000000000000000000000000001000000000000000000000000000000003', 'qnb4t77ir275umyzr6i5ckxanqpq7898NM200904120000000000000000000030', NULL, 1, '0000000000000000000000000000001000000000000000000000000000000003', NULL, 'irxhtyd69w1f3a5kn5thdugz0ag06yvp00000000000000000000000000000138', 'com.runwaysdk.system.RatioElement.keyName', 'www.runwaysdk.com');
ALTER TABLE ratio_element ADD COLUMN key_name  varchar(255);
INSERT INTO class_attribute_concrete ( id, parent_id, child_id) VALUES ('irxhtyd69w1f3a5kn5thdugz0ag06yvp00000000000000000000000000000073', 'ir1ltu8kvzpnokiar3jtyuy3ai9f4kiu00000000000000000000000000000001', 'irxhtyd69w1f3a5kn5thdugz0ag06yvp00000000000000000000000000000138');
INSERT INTO class_attribute ( id, parent_id, child_id) VALUES ('irxhtyd69w1f3a5kn5thdugz0ag06yvp00000000000000000000000000000073', 'ir1ltu8kvzpnokiar3jtyuy3ai9f4kiu00000000000000000000000000000001', 'irxhtyd69w1f3a5kn5thdugz0ag06yvp00000000000000000000000000000138');
INSERT INTO metadata_relationship ( id, created_by, type, last_update_date, site_master, owner, seq, key_name, entity_domain, locked_by, create_date, last_updated_by, parent_id, child_id) VALUES ('irxhtyd69w1f3a5kn5thdugz0ag06yvp00000000000000000000000000000073', '0000000000000000000000000000001000000000000000000000000000000003', 'com.runwaysdk.system.metadata.ClassAttributeConcrete', '2017-06-09 21:41:20', 'www.runwaysdk.com', '0000000000000000000000000000001000000000000000000000000000000003', 4864, 'com.runwaysdk.system.RatioElement.keyName', NULL, NULL, '2017-06-09 21:41:20', '0000000000000000000000000000001000000000000000000000000000000003', 'ir1ltu8kvzpnokiar3jtyuy3ai9f4kiu00000000000000000000000000000001', 'irxhtyd69w1f3a5kn5thdugz0ag06yvp00000000000000000000000000000138');
CREATE UNIQUE INDEX afghysg80jgdamxkxtzv649dqdiwtl ON ratio_element (key_name);
INSERT INTO md_attribute_indicies (set_id, item_id)  VALUES  ('sy2bmf9ouanffsbdoyxq6dbb0f8snu8s', '0000000000000000000000000000040100000000000000000000000000000403');
INSERT INTO visibilitymodifier (set_id, item_id)  VALUES  ('1x81tgv28qrjvsfw12lfok5mljfb253r', '20071109NM000000000000000000000520071109NM0000000000000000000001');
INSERT INTO visibilitymodifier (set_id, item_id)  VALUES  ('qosshas3tsd2ignrzqt7feqlgg58yx4g', '20071109NM000000000000000000000520071109NM0000000000000000000001');
INSERT INTO metadata_display_label ( key_name, id, site_master, default_locale) VALUES ('1pgb3nn0y200r7bop6nqc41rit59w9doNM200904120000000000000000000030', '1pgb3nn0y200r7bop6nqc41rit59w9doNM200904120000000000000000000030', 'www.runwaysdk.com', 'Site Master');
INSERT INTO metadata_display_label ( key_name, id, site_master, default_locale) VALUES ('xoo8f1r2tazx41m53nd237mafmmhaqqlNM200904120000000000000000000030', 'xoo8f1r2tazx41m53nd237mafmmhaqqlNM200904120000000000000000000030', 'www.runwaysdk.com', 'The name of the site responsible for this object');
INSERT INTO md_attribute_character ( default_value, database_size, id) VALUES (NULL, 255, 'it84r2r0d0ru04d3khl8endazziiixug00000000000000000000000000000138');
INSERT INTO md_attribute_char ( id) VALUES ('it84r2r0d0ru04d3khl8endazziiixug00000000000000000000000000000138');
INSERT INTO md_attribute_primitive ( is_expression, expression, id) VALUES (0, NULL, 'it84r2r0d0ru04d3khl8endazziiixug00000000000000000000000000000138');
INSERT INTO md_attribute_concrete ( defining_md_class, column_name, index_type, index_type_c, attribute_name, getter_visibility, getter_visibility_c, system, index_name, setter_visibility, setter_visibility_c, required, generate_accessor, display_label, immutable, id) VALUES ('ir1ltu8kvzpnokiar3jtyuy3ai9f4kiu00000000000000000000000000000001', 'site_master', 'sy2bmf9ouanffsbdoyxq6dbb0f8snu8s', '0000000000000000000000000000040100000000000000000000000000000403', 'siteMaster', '1x81tgv28qrjvsfw12lfok5mljfb253r', '20071109NM000000000000000000000520071109NM0000000000000000000001', 1, 'aanbo2xjb6z8dxt9n0mksqx32e75t9', 'qosshas3tsd2ignrzqt7feqlgg58yx4g', '20071109NM000000000000000000000520071109NM0000000000000000000001', 1, 1, '1pgb3nn0y200r7bop6nqc41rit59w9doNM200904120000000000000000000030', 1, 'it84r2r0d0ru04d3khl8endazziiixug00000000000000000000000000000138');
INSERT INTO md_attribute ( id) VALUES ('it84r2r0d0ru04d3khl8endazziiixug00000000000000000000000000000138');
INSERT INTO metadata ( create_date, seq, type, created_by, last_update_date, last_updated_by, description, locked_by, remove, owner, entity_domain, id, key_name, site_master) VALUES ('2017-06-09 21:41:20', 4865, 'com.runwaysdk.system.metadata.MdAttributeCharacter', '0000000000000000000000000000001000000000000000000000000000000003', '2017-06-09 21:41:20', '0000000000000000000000000000001000000000000000000000000000000003', 'xoo8f1r2tazx41m53nd237mafmmhaqqlNM200904120000000000000000000030', NULL, 0, '0000000000000000000000000000001000000000000000000000000000000003', NULL, 'it84r2r0d0ru04d3khl8endazziiixug00000000000000000000000000000138', 'com.runwaysdk.system.RatioElement.siteMaster', 'www.runwaysdk.com');
ALTER TABLE ratio_element ADD COLUMN site_master  varchar(255);
INSERT INTO class_attribute_concrete ( id, parent_id, child_id) VALUES ('it84r2r0d0ru04d3khl8endazziiixug00000000000000000000000000000073', 'ir1ltu8kvzpnokiar3jtyuy3ai9f4kiu00000000000000000000000000000001', 'it84r2r0d0ru04d3khl8endazziiixug00000000000000000000000000000138');
INSERT INTO class_attribute ( id, parent_id, child_id) VALUES ('it84r2r0d0ru04d3khl8endazziiixug00000000000000000000000000000073', 'ir1ltu8kvzpnokiar3jtyuy3ai9f4kiu00000000000000000000000000000001', 'it84r2r0d0ru04d3khl8endazziiixug00000000000000000000000000000138');
INSERT INTO metadata_relationship ( id, created_by, type, last_update_date, site_master, owner, seq, key_name, entity_domain, locked_by, create_date, last_updated_by, parent_id, child_id) VALUES ('it84r2r0d0ru04d3khl8endazziiixug00000000000000000000000000000073', '0000000000000000000000000000001000000000000000000000000000000003', 'com.runwaysdk.system.metadata.ClassAttributeConcrete', '2017-06-09 21:41:20', 'www.runwaysdk.com', '0000000000000000000000000000001000000000000000000000000000000003', 4866, 'com.runwaysdk.system.RatioElement.siteMaster', NULL, NULL, '2017-06-09 21:41:20', '0000000000000000000000000000001000000000000000000000000000000003', 'ir1ltu8kvzpnokiar3jtyuy3ai9f4kiu00000000000000000000000000000001', 'it84r2r0d0ru04d3khl8endazziiixug00000000000000000000000000000138');
INSERT INTO md_attribute_indicies (set_id, item_id)  VALUES  ('sxqmprjhg6ck70o4hjzs36tuhz9qi94y', '0000000000000000000000000000040000000000000000000000000000000403');
INSERT INTO visibilitymodifier (set_id, item_id)  VALUES  ('8h8kayxsefv663tju0ig207ankogw07m', '20071109NM000000000000000000000520071109NM0000000000000000000001');
INSERT INTO visibilitymodifier (set_id, item_id)  VALUES  ('qziebeapnjswxqiayjcbfpj3o3o1xv0i', '20071109NM000000000000000000000520071109NM0000000000000000000001');
INSERT INTO metadata_display_label ( key_name, id, site_master, default_locale) VALUES ('8wbe91krlcsfs006di9nj8c2a2mtbip9NM200904120000000000000000000030', '8wbe91krlcsfs006di9nj8c2a2mtbip9NM200904120000000000000000000030', 'www.runwaysdk.com', 'Entity Domain');
INSERT INTO metadata_display_label ( key_name, id, site_master, default_locale) VALUES ('sd0l8hfkyqs6uhu7czkex76mr20p55jgNM200904120000000000000000000030', 'sd0l8hfkyqs6uhu7czkex76mr20p55jgNM200904120000000000000000000030', 'www.runwaysdk.com', 'The Domain of this entity');
INSERT INTO md_attribute_reference ( default_value, md_business, id) VALUES (NULL, 'NM20081011000000000000000000011100000000000000000000000000000001', 'imce78cokcx8hm6asbnq0xfywc05uos000000000000000000000000000000186');
INSERT INTO md_attribute_ref ( id) VALUES ('imce78cokcx8hm6asbnq0xfywc05uos000000000000000000000000000000186');
INSERT INTO md_attribute_concrete ( defining_md_class, column_name, index_type, index_type_c, attribute_name, getter_visibility, getter_visibility_c, system, index_name, setter_visibility, setter_visibility_c, required, generate_accessor, display_label, immutable, id) VALUES ('ir1ltu8kvzpnokiar3jtyuy3ai9f4kiu00000000000000000000000000000001', 'entity_domain', 'sxqmprjhg6ck70o4hjzs36tuhz9qi94y', '0000000000000000000000000000040000000000000000000000000000000403', 'entityDomain', '8h8kayxsefv663tju0ig207ankogw07m', '20071109NM000000000000000000000520071109NM0000000000000000000001', 0, 'aaa23ay5pkz2mlf3r9n8p0rfri00ty', 'qziebeapnjswxqiayjcbfpj3o3o1xv0i', '20071109NM000000000000000000000520071109NM0000000000000000000001', 0, 1, '8wbe91krlcsfs006di9nj8c2a2mtbip9NM200904120000000000000000000030', 0, 'imce78cokcx8hm6asbnq0xfywc05uos000000000000000000000000000000186');
INSERT INTO md_attribute ( id) VALUES ('imce78cokcx8hm6asbnq0xfywc05uos000000000000000000000000000000186');
INSERT INTO metadata ( create_date, seq, type, created_by, last_update_date, last_updated_by, description, locked_by, remove, owner, entity_domain, id, key_name, site_master) VALUES ('2017-06-09 21:41:20', 4867, 'com.runwaysdk.system.metadata.MdAttributeReference', '0000000000000000000000000000001000000000000000000000000000000003', '2017-06-09 21:41:20', '0000000000000000000000000000001000000000000000000000000000000003', 'sd0l8hfkyqs6uhu7czkex76mr20p55jgNM200904120000000000000000000030', NULL, 1, '0000000000000000000000000000001000000000000000000000000000000003', NULL, 'imce78cokcx8hm6asbnq0xfywc05uos000000000000000000000000000000186', 'com.runwaysdk.system.RatioElement.entityDomain', 'www.runwaysdk.com');
ALTER TABLE ratio_element ADD COLUMN entity_domain  char(64);
INSERT INTO class_attribute_concrete ( id, parent_id, child_id) VALUES ('imce78cokcx8hm6asbnq0xfywc05uos000000000000000000000000000000073', 'ir1ltu8kvzpnokiar3jtyuy3ai9f4kiu00000000000000000000000000000001', 'imce78cokcx8hm6asbnq0xfywc05uos000000000000000000000000000000186');
INSERT INTO class_attribute ( id, parent_id, child_id) VALUES ('imce78cokcx8hm6asbnq0xfywc05uos000000000000000000000000000000073', 'ir1ltu8kvzpnokiar3jtyuy3ai9f4kiu00000000000000000000000000000001', 'imce78cokcx8hm6asbnq0xfywc05uos000000000000000000000000000000186');
INSERT INTO metadata_relationship ( id, created_by, type, last_update_date, site_master, owner, seq, key_name, entity_domain, locked_by, create_date, last_updated_by, parent_id, child_id) VALUES ('imce78cokcx8hm6asbnq0xfywc05uos000000000000000000000000000000073', '0000000000000000000000000000001000000000000000000000000000000003', 'com.runwaysdk.system.metadata.ClassAttributeConcrete', '2017-06-09 21:41:20', 'www.runwaysdk.com', '0000000000000000000000000000001000000000000000000000000000000003', 4868, 'com.runwaysdk.system.RatioElement.entityDomain', NULL, NULL, '2017-06-09 21:41:20', '0000000000000000000000000000001000000000000000000000000000000003', 'ir1ltu8kvzpnokiar3jtyuy3ai9f4kiu00000000000000000000000000000001', 'imce78cokcx8hm6asbnq0xfywc05uos000000000000000000000000000000186');
INSERT INTO md_attribute_indicies (set_id, item_id)  VALUES  ('xz1vk2ppq3rx2y0m3oiwdug2ybwhtol9', '0000000000000000000000000000040100000000000000000000000000000403');
INSERT INTO visibilitymodifier (set_id, item_id)  VALUES  ('y1puxlr1f0pbxag3v461f89uhxz3gonl', '20071109NM000000000000000000000520071109NM0000000000000000000001');
INSERT INTO visibilitymodifier (set_id, item_id)  VALUES  ('0n4yby9tsa1xh2ye39vdgj1mt6rbor3f', '20071109NM000000000000000000000520071109NM0000000000000000000001');
INSERT INTO metadata_display_label ( key_name, id, site_master, default_locale) VALUES ('23b5mgiovb8ztlko3pyhkeggmygrof99NM200904120000000000000000000030', '23b5mgiovb8ztlko3pyhkeggmygrof99NM200904120000000000000000000030', 'www.runwaysdk.com', 'Create Date');
INSERT INTO metadata_display_label ( key_name, id, site_master, default_locale) VALUES ('93u7qukkkoboukp0jdankn8z1wx2svfmNM200904120000000000000000000030', '93u7qukkkoboukp0jdankn8z1wx2svfmNM200904120000000000000000000030', 'www.runwaysdk.com', 'Date and time this record was created');
INSERT INTO md_attribute_datetime ( default_value, id) VALUES (NULL, 'iqrp04uhxwlfupwg36l97dyipy87ffjk00000000000000000000000000000341');
INSERT INTO md_attribute_moment ( id) VALUES ('iqrp04uhxwlfupwg36l97dyipy87ffjk00000000000000000000000000000341');
INSERT INTO md_attribute_primitive ( is_expression, expression, id) VALUES (0, NULL, 'iqrp04uhxwlfupwg36l97dyipy87ffjk00000000000000000000000000000341');
INSERT INTO md_attribute_concrete ( defining_md_class, column_name, index_type, index_type_c, attribute_name, getter_visibility, getter_visibility_c, system, index_name, setter_visibility, setter_visibility_c, required, generate_accessor, display_label, immutable, id) VALUES ('ir1ltu8kvzpnokiar3jtyuy3ai9f4kiu00000000000000000000000000000001', 'create_date', 'xz1vk2ppq3rx2y0m3oiwdug2ybwhtol9', '0000000000000000000000000000040100000000000000000000000000000403', 'createDate', 'y1puxlr1f0pbxag3v461f89uhxz3gonl', '20071109NM000000000000000000000520071109NM0000000000000000000001', 1, 'a833ypthwgzeytwtb5ds3ezxodp7bw', '0n4yby9tsa1xh2ye39vdgj1mt6rbor3f', '20071109NM000000000000000000000520071109NM0000000000000000000001', 1, 1, '23b5mgiovb8ztlko3pyhkeggmygrof99NM200904120000000000000000000030', 0, 'iqrp04uhxwlfupwg36l97dyipy87ffjk00000000000000000000000000000341');
INSERT INTO md_attribute ( id) VALUES ('iqrp04uhxwlfupwg36l97dyipy87ffjk00000000000000000000000000000341');
INSERT INTO metadata ( create_date, seq, type, created_by, last_update_date, last_updated_by, description, locked_by, remove, owner, entity_domain, id, key_name, site_master) VALUES ('2017-06-09 21:41:20', 4869, 'com.runwaysdk.system.metadata.MdAttributeDateTime', '0000000000000000000000000000001000000000000000000000000000000003', '2017-06-09 21:41:20', '0000000000000000000000000000001000000000000000000000000000000003', '93u7qukkkoboukp0jdankn8z1wx2svfmNM200904120000000000000000000030', NULL, 0, '0000000000000000000000000000001000000000000000000000000000000003', NULL, 'iqrp04uhxwlfupwg36l97dyipy87ffjk00000000000000000000000000000341', 'com.runwaysdk.system.RatioElement.createDate', 'www.runwaysdk.com');
ALTER TABLE ratio_element ADD COLUMN create_date  timestamp;
INSERT INTO class_attribute_concrete ( id, parent_id, child_id) VALUES ('iqrp04uhxwlfupwg36l97dyipy87ffjk00000000000000000000000000000073', 'ir1ltu8kvzpnokiar3jtyuy3ai9f4kiu00000000000000000000000000000001', 'iqrp04uhxwlfupwg36l97dyipy87ffjk00000000000000000000000000000341');
INSERT INTO class_attribute ( id, parent_id, child_id) VALUES ('iqrp04uhxwlfupwg36l97dyipy87ffjk00000000000000000000000000000073', 'ir1ltu8kvzpnokiar3jtyuy3ai9f4kiu00000000000000000000000000000001', 'iqrp04uhxwlfupwg36l97dyipy87ffjk00000000000000000000000000000341');
INSERT INTO metadata_relationship ( id, created_by, type, last_update_date, site_master, owner, seq, key_name, entity_domain, locked_by, create_date, last_updated_by, parent_id, child_id) VALUES ('iqrp04uhxwlfupwg36l97dyipy87ffjk00000000000000000000000000000073', '0000000000000000000000000000001000000000000000000000000000000003', 'com.runwaysdk.system.metadata.ClassAttributeConcrete', '2017-06-09 21:41:20', 'www.runwaysdk.com', '0000000000000000000000000000001000000000000000000000000000000003', 4870, 'com.runwaysdk.system.RatioElement.createDate', NULL, NULL, '2017-06-09 21:41:20', '0000000000000000000000000000001000000000000000000000000000000003', 'ir1ltu8kvzpnokiar3jtyuy3ai9f4kiu00000000000000000000000000000001', 'iqrp04uhxwlfupwg36l97dyipy87ffjk00000000000000000000000000000341');
INSERT INTO md_attribute_indicies (set_id, item_id)  VALUES  ('xd9x87r85d0qyemcyu7u9mj5rc2ft1rh', '0000000000000000000000000000040100000000000000000000000000000403');
INSERT INTO visibilitymodifier (set_id, item_id)  VALUES  ('qx89swktl4c8vdl2vuan3xfy2g0lfrxm', '20071109NM000000000000000000000520071109NM0000000000000000000001');
INSERT INTO visibilitymodifier (set_id, item_id)  VALUES  ('xgh3kj5zc9969rdyp3h1pmtxv4s6kr0o', '20071109NM000000000000000000000520071109NM0000000000000000000001');
INSERT INTO metadata_display_label ( key_name, id, site_master, default_locale) VALUES ('6ymxrcslxgu9aixzv1bdmwtk5tr5j6evNM200904120000000000000000000030', '6ymxrcslxgu9aixzv1bdmwtk5tr5j6evNM200904120000000000000000000030', 'www.runwaysdk.com', 'Last Update Date');
INSERT INTO metadata_display_label ( key_name, id, site_master, default_locale) VALUES ('8rbfdjv71zjk6zmkcmgwi1asuv2095e2NM200904120000000000000000000030', '8rbfdjv71zjk6zmkcmgwi1asuv2095e2NM200904120000000000000000000030', 'www.runwaysdk.com', 'Date and time this record was last updated');
INSERT INTO md_attribute_datetime ( default_value, id) VALUES (NULL, 'ioijj0i1d2w2vh04mfo2ol8j7oxbw55q00000000000000000000000000000341');
INSERT INTO md_attribute_moment ( id) VALUES ('ioijj0i1d2w2vh04mfo2ol8j7oxbw55q00000000000000000000000000000341');
INSERT INTO md_attribute_primitive ( is_expression, expression, id) VALUES (0, NULL, 'ioijj0i1d2w2vh04mfo2ol8j7oxbw55q00000000000000000000000000000341');
INSERT INTO md_attribute_concrete ( defining_md_class, column_name, index_type, index_type_c, attribute_name, getter_visibility, getter_visibility_c, system, index_name, setter_visibility, setter_visibility_c, required, generate_accessor, display_label, immutable, id) VALUES ('ir1ltu8kvzpnokiar3jtyuy3ai9f4kiu00000000000000000000000000000001', 'last_update_date', 'xd9x87r85d0qyemcyu7u9mj5rc2ft1rh', '0000000000000000000000000000040100000000000000000000000000000403', 'lastUpdateDate', 'qx89swktl4c8vdl2vuan3xfy2g0lfrxm', '20071109NM000000000000000000000520071109NM0000000000000000000001', 1, 'a44shuvauwj1w7cbytlu37bfxkddc8', 'xgh3kj5zc9969rdyp3h1pmtxv4s6kr0o', '20071109NM000000000000000000000520071109NM0000000000000000000001', 1, 1, '6ymxrcslxgu9aixzv1bdmwtk5tr5j6evNM200904120000000000000000000030', 0, 'ioijj0i1d2w2vh04mfo2ol8j7oxbw55q00000000000000000000000000000341');
INSERT INTO md_attribute ( id) VALUES ('ioijj0i1d2w2vh04mfo2ol8j7oxbw55q00000000000000000000000000000341');
INSERT INTO metadata ( create_date, seq, type, created_by, last_update_date, last_updated_by, description, locked_by, remove, owner, entity_domain, id, key_name, site_master) VALUES ('2017-06-09 21:41:20', 4871, 'com.runwaysdk.system.metadata.MdAttributeDateTime', '0000000000000000000000000000001000000000000000000000000000000003', '2017-06-09 21:41:20', '0000000000000000000000000000001000000000000000000000000000000003', '8rbfdjv71zjk6zmkcmgwi1asuv2095e2NM200904120000000000000000000030', NULL, 0, '0000000000000000000000000000001000000000000000000000000000000003', NULL, 'ioijj0i1d2w2vh04mfo2ol8j7oxbw55q00000000000000000000000000000341', 'com.runwaysdk.system.RatioElement.lastUpdateDate', 'www.runwaysdk.com');
ALTER TABLE ratio_element ADD COLUMN last_update_date  timestamp;
INSERT INTO class_attribute_concrete ( id, parent_id, child_id) VALUES ('ioijj0i1d2w2vh04mfo2ol8j7oxbw55q00000000000000000000000000000073', 'ir1ltu8kvzpnokiar3jtyuy3ai9f4kiu00000000000000000000000000000001', 'ioijj0i1d2w2vh04mfo2ol8j7oxbw55q00000000000000000000000000000341');
INSERT INTO class_attribute ( id, parent_id, child_id) VALUES ('ioijj0i1d2w2vh04mfo2ol8j7oxbw55q00000000000000000000000000000073', 'ir1ltu8kvzpnokiar3jtyuy3ai9f4kiu00000000000000000000000000000001', 'ioijj0i1d2w2vh04mfo2ol8j7oxbw55q00000000000000000000000000000341');
INSERT INTO metadata_relationship ( id, created_by, type, last_update_date, site_master, owner, seq, key_name, entity_domain, locked_by, create_date, last_updated_by, parent_id, child_id) VALUES ('ioijj0i1d2w2vh04mfo2ol8j7oxbw55q00000000000000000000000000000073', '0000000000000000000000000000001000000000000000000000000000000003', 'com.runwaysdk.system.metadata.ClassAttributeConcrete', '2017-06-09 21:41:20', 'www.runwaysdk.com', '0000000000000000000000000000001000000000000000000000000000000003', 4872, 'com.runwaysdk.system.RatioElement.lastUpdateDate', NULL, NULL, '2017-06-09 21:41:20', '0000000000000000000000000000001000000000000000000000000000000003', 'ir1ltu8kvzpnokiar3jtyuy3ai9f4kiu00000000000000000000000000000001', 'ioijj0i1d2w2vh04mfo2ol8j7oxbw55q00000000000000000000000000000341');
INSERT INTO md_attribute_indicies (set_id, item_id)  VALUES  ('8sg8mubazyrvoa9gwqjht2kbb2uhkhq1', '0000000000000000000000000000040000000000000000000000000000000403');
INSERT INTO visibilitymodifier (set_id, item_id)  VALUES  ('qte5j8d46jp1tfzxaq2klaxt3z1iuwwm', '20071109NM000000000000000000000520071109NM0000000000000000000001');
INSERT INTO visibilitymodifier (set_id, item_id)  VALUES  ('xiw8ya33bbr8szhjc44q6nllsh8cevpv', '20071109NM000000000000000000000520071109NM0000000000000000000001');
INSERT INTO metadata_display_label ( key_name, id, site_master, default_locale) VALUES ('75zoyypr3i0sk9xgbwltc2387gwi1w0gNM200904120000000000000000000030', '75zoyypr3i0sk9xgbwltc2387gwi1w0gNM200904120000000000000000000030', 'www.runwaysdk.com', 'Locked By');
INSERT INTO metadata_display_label ( key_name, id, site_master, default_locale) VALUES ('1zvlxx9cghs5hln61ogxucv0usmhpgtiNM200904120000000000000000000030', '1zvlxx9cghs5hln61ogxucv0usmhpgtiNM200904120000000000000000000030', 'www.runwaysdk.com', 'User who has a write lock on this object');
INSERT INTO md_attribute_reference ( default_value, md_business, id) VALUES (NULL, 'JS20070723000000000000000000156000000000000000000000000000000001', 'i2pbgas32tgetd73xpjssw9fockyo1lr00000000000000000000000000000186');
INSERT INTO md_attribute_ref ( id) VALUES ('i2pbgas32tgetd73xpjssw9fockyo1lr00000000000000000000000000000186');
INSERT INTO md_attribute_concrete ( defining_md_class, column_name, index_type, index_type_c, attribute_name, getter_visibility, getter_visibility_c, system, index_name, setter_visibility, setter_visibility_c, required, generate_accessor, display_label, immutable, id) VALUES ('ir1ltu8kvzpnokiar3jtyuy3ai9f4kiu00000000000000000000000000000001', 'locked_by', '8sg8mubazyrvoa9gwqjht2kbb2uhkhq1', '0000000000000000000000000000040000000000000000000000000000000403', 'lockedBy', 'qte5j8d46jp1tfzxaq2klaxt3z1iuwwm', '20071109NM000000000000000000000520071109NM0000000000000000000001', 1, 'a19yvdpcm7nggl850l4ek1mgegjceu', 'xiw8ya33bbr8szhjc44q6nllsh8cevpv', '20071109NM000000000000000000000520071109NM0000000000000000000001', 0, 1, '75zoyypr3i0sk9xgbwltc2387gwi1w0gNM200904120000000000000000000030', 0, 'i2pbgas32tgetd73xpjssw9fockyo1lr00000000000000000000000000000186');
INSERT INTO md_attribute ( id) VALUES ('i2pbgas32tgetd73xpjssw9fockyo1lr00000000000000000000000000000186');
INSERT INTO metadata ( create_date, seq, type, created_by, last_update_date, last_updated_by, description, locked_by, remove, owner, entity_domain, id, key_name, site_master) VALUES ('2017-06-09 21:41:20', 4873, 'com.runwaysdk.system.metadata.MdAttributeReference', '0000000000000000000000000000001000000000000000000000000000000003', '2017-06-09 21:41:20', '0000000000000000000000000000001000000000000000000000000000000003', '1zvlxx9cghs5hln61ogxucv0usmhpgtiNM200904120000000000000000000030', NULL, 0, '0000000000000000000000000000001000000000000000000000000000000003', NULL, 'i2pbgas32tgetd73xpjssw9fockyo1lr00000000000000000000000000000186', 'com.runwaysdk.system.RatioElement.lockedBy', 'www.runwaysdk.com');
ALTER TABLE ratio_element ADD COLUMN locked_by  char(64);
INSERT INTO class_attribute_concrete ( id, parent_id, child_id) VALUES ('i2pbgas32tgetd73xpjssw9fockyo1lr00000000000000000000000000000073', 'ir1ltu8kvzpnokiar3jtyuy3ai9f4kiu00000000000000000000000000000001', 'i2pbgas32tgetd73xpjssw9fockyo1lr00000000000000000000000000000186');
INSERT INTO class_attribute ( id, parent_id, child_id) VALUES ('i2pbgas32tgetd73xpjssw9fockyo1lr00000000000000000000000000000073', 'ir1ltu8kvzpnokiar3jtyuy3ai9f4kiu00000000000000000000000000000001', 'i2pbgas32tgetd73xpjssw9fockyo1lr00000000000000000000000000000186');
INSERT INTO metadata_relationship ( id, created_by, type, last_update_date, site_master, owner, seq, key_name, entity_domain, locked_by, create_date, last_updated_by, parent_id, child_id) VALUES ('i2pbgas32tgetd73xpjssw9fockyo1lr00000000000000000000000000000073', '0000000000000000000000000000001000000000000000000000000000000003', 'com.runwaysdk.system.metadata.ClassAttributeConcrete', '2017-06-09 21:41:20', 'www.runwaysdk.com', '0000000000000000000000000000001000000000000000000000000000000003', 4874, 'com.runwaysdk.system.RatioElement.lockedBy', NULL, NULL, '2017-06-09 21:41:20', '0000000000000000000000000000001000000000000000000000000000000003', 'ir1ltu8kvzpnokiar3jtyuy3ai9f4kiu00000000000000000000000000000001', 'i2pbgas32tgetd73xpjssw9fockyo1lr00000000000000000000000000000186');
INSERT INTO md_attribute_indicies (set_id, item_id)  VALUES  ('92i5mjbpup132rh5wirx8i1luxhg6452', '0000000000000000000000000000040100000000000000000000000000000403');
INSERT INTO visibilitymodifier (set_id, item_id)  VALUES  ('8bsg12fxvk0w0pfhabs98aq85l0saz4i', '20071109NM000000000000000000000520071109NM0000000000000000000001');
INSERT INTO visibilitymodifier (set_id, item_id)  VALUES  ('797d6wp36e9nz9aoeohrb02wroiy8e1o', '20071109NM000000000000000000000520071109NM0000000000000000000001');
INSERT INTO metadata_display_label ( key_name, id, site_master, default_locale) VALUES ('sicn8ui4fujlou88yaruue47jku4fckmNM200904120000000000000000000030', 'sicn8ui4fujlou88yaruue47jku4fckmNM200904120000000000000000000030', 'www.runwaysdk.com', 'Type');
INSERT INTO metadata_display_label ( key_name, id, site_master, default_locale) VALUES ('78oovgu0hyusemovoyiyff52d9hfbafoNM200904120000000000000000000030', '78oovgu0hyusemovoyiyff52d9hfbafoNM200904120000000000000000000030', 'www.runwaysdk.com', 'Fully qualified type of this object');
INSERT INTO md_attribute_character ( default_value, database_size, id) VALUES (NULL, 255, 'i45l9y6frfjwcl2ii2neo3t46i64epxx00000000000000000000000000000138');
INSERT INTO md_attribute_char ( id) VALUES ('i45l9y6frfjwcl2ii2neo3t46i64epxx00000000000000000000000000000138');
INSERT INTO md_attribute_primitive ( is_expression, expression, id) VALUES (0, NULL, 'i45l9y6frfjwcl2ii2neo3t46i64epxx00000000000000000000000000000138');
INSERT INTO md_attribute_concrete ( defining_md_class, column_name, index_type, index_type_c, attribute_name, getter_visibility, getter_visibility_c, system, index_name, setter_visibility, setter_visibility_c, required, generate_accessor, display_label, immutable, id) VALUES ('ir1ltu8kvzpnokiar3jtyuy3ai9f4kiu00000000000000000000000000000001', 'type', '92i5mjbpup132rh5wirx8i1luxhg6452', '0000000000000000000000000000040100000000000000000000000000000403', 'type', '8bsg12fxvk0w0pfhabs98aq85l0saz4i', '20071109NM000000000000000000000520071109NM0000000000000000000001', 1, 'alr97nzslc3xt9cjmm057eqh9yfpfy', '797d6wp36e9nz9aoeohrb02wroiy8e1o', '20071109NM000000000000000000000520071109NM0000000000000000000001', 1, 1, 'sicn8ui4fujlou88yaruue47jku4fckmNM200904120000000000000000000030', 1, 'i45l9y6frfjwcl2ii2neo3t46i64epxx00000000000000000000000000000138');
INSERT INTO md_attribute ( id) VALUES ('i45l9y6frfjwcl2ii2neo3t46i64epxx00000000000000000000000000000138');
INSERT INTO metadata ( create_date, seq, type, created_by, last_update_date, last_updated_by, description, locked_by, remove, owner, entity_domain, id, key_name, site_master) VALUES ('2017-06-09 21:41:20', 4875, 'com.runwaysdk.system.metadata.MdAttributeCharacter', '0000000000000000000000000000001000000000000000000000000000000003', '2017-06-09 21:41:20', '0000000000000000000000000000001000000000000000000000000000000003', '78oovgu0hyusemovoyiyff52d9hfbafoNM200904120000000000000000000030', NULL, 0, '0000000000000000000000000000001000000000000000000000000000000003', NULL, 'i45l9y6frfjwcl2ii2neo3t46i64epxx00000000000000000000000000000138', 'com.runwaysdk.system.RatioElement.type', 'www.runwaysdk.com');
ALTER TABLE ratio_element ADD COLUMN type  varchar(255);
INSERT INTO class_attribute_concrete ( id, parent_id, child_id) VALUES ('i45l9y6frfjwcl2ii2neo3t46i64epxx00000000000000000000000000000073', 'ir1ltu8kvzpnokiar3jtyuy3ai9f4kiu00000000000000000000000000000001', 'i45l9y6frfjwcl2ii2neo3t46i64epxx00000000000000000000000000000138');
INSERT INTO class_attribute ( id, parent_id, child_id) VALUES ('i45l9y6frfjwcl2ii2neo3t46i64epxx00000000000000000000000000000073', 'ir1ltu8kvzpnokiar3jtyuy3ai9f4kiu00000000000000000000000000000001', 'i45l9y6frfjwcl2ii2neo3t46i64epxx00000000000000000000000000000138');
INSERT INTO metadata_relationship ( id, created_by, type, last_update_date, site_master, owner, seq, key_name, entity_domain, locked_by, create_date, last_updated_by, parent_id, child_id) VALUES ('i45l9y6frfjwcl2ii2neo3t46i64epxx00000000000000000000000000000073', '0000000000000000000000000000001000000000000000000000000000000003', 'com.runwaysdk.system.metadata.ClassAttributeConcrete', '2017-06-09 21:41:20', 'www.runwaysdk.com', '0000000000000000000000000000001000000000000000000000000000000003', 4876, 'com.runwaysdk.system.RatioElement.type', NULL, NULL, '2017-06-09 21:41:20', '0000000000000000000000000000001000000000000000000000000000000003', 'ir1ltu8kvzpnokiar3jtyuy3ai9f4kiu00000000000000000000000000000001', 'i45l9y6frfjwcl2ii2neo3t46i64epxx00000000000000000000000000000138');
INSERT INTO md_attribute_indicies (set_id, item_id)  VALUES  ('94bar2by13p9j4wanmojfb4a18q6gmuj', '0000000000000000000000000000040100000000000000000000000000000403');
INSERT INTO visibilitymodifier (set_id, item_id)  VALUES  ('qzbuzwuv03kb6ugxnod5bnduidyhlxt2', '20071109NM000000000000000000000520071109NM0000000000000000000001');
INSERT INTO visibilitymodifier (set_id, item_id)  VALUES  ('8nunit8zom9z7qe2gzdbqb6n64in7vuy', '20071109NM000000000000000000000520071109NM0000000000000000000001');
INSERT INTO metadata_display_label ( key_name, id, site_master, default_locale) VALUES ('swuw35ch5xcllrueyhajfbllbutmstheNM200904120000000000000000000030', 'swuw35ch5xcllrueyhajfbllbutmstheNM200904120000000000000000000030', 'www.runwaysdk.com', 'Sequence');
INSERT INTO metadata_display_label ( key_name, id, site_master, default_locale) VALUES ('qzpz6pnrd5cid2lmmz3smlyx1j1dugahNM200904120000000000000000000030', 'qzpz6pnrd5cid2lmmz3smlyx1j1dugahNM200904120000000000000000000030', 'www.runwaysdk.com', 'Sequence number is incremented every time this object is updated');
INSERT INTO md_attribute_long ( default_value, start_range, end_range, id) VALUES (NULL, NULL, NULL, 'i3g1aq3uzbn6zb57vjaisd0j7t8wtmoa00000000000000000000000000000338');
INSERT INTO md_attribute_int ( id) VALUES ('i3g1aq3uzbn6zb57vjaisd0j7t8wtmoa00000000000000000000000000000338');
INSERT INTO md_attribute_number ( reject_negative, reject_positive, reject_zero, id) VALUES (1, 0, 0, 'i3g1aq3uzbn6zb57vjaisd0j7t8wtmoa00000000000000000000000000000338');
INSERT INTO md_attribute_primitive ( is_expression, expression, id) VALUES (0, NULL, 'i3g1aq3uzbn6zb57vjaisd0j7t8wtmoa00000000000000000000000000000338');
INSERT INTO md_attribute_concrete ( defining_md_class, column_name, index_type, index_type_c, attribute_name, getter_visibility, getter_visibility_c, system, index_name, setter_visibility, setter_visibility_c, required, generate_accessor, display_label, immutable, id) VALUES ('ir1ltu8kvzpnokiar3jtyuy3ai9f4kiu00000000000000000000000000000001', 'seq', '94bar2by13p9j4wanmojfb4a18q6gmuj', '0000000000000000000000000000040100000000000000000000000000000403', 'seq', 'qzbuzwuv03kb6ugxnod5bnduidyhlxt2', '20071109NM000000000000000000000520071109NM0000000000000000000001', 1, 'a36qhb1d8xegyz76wce6w10ag95bvu', '8nunit8zom9z7qe2gzdbqb6n64in7vuy', '20071109NM000000000000000000000520071109NM0000000000000000000001', 1, 1, 'swuw35ch5xcllrueyhajfbllbutmstheNM200904120000000000000000000030', 0, 'i3g1aq3uzbn6zb57vjaisd0j7t8wtmoa00000000000000000000000000000338');
INSERT INTO md_attribute ( id) VALUES ('i3g1aq3uzbn6zb57vjaisd0j7t8wtmoa00000000000000000000000000000338');
INSERT INTO metadata ( create_date, seq, type, created_by, last_update_date, last_updated_by, description, locked_by, remove, owner, entity_domain, id, key_name, site_master) VALUES ('2017-06-09 21:41:20', 4877, 'com.runwaysdk.system.metadata.MdAttributeLong', '0000000000000000000000000000001000000000000000000000000000000003', '2017-06-09 21:41:20', '0000000000000000000000000000001000000000000000000000000000000003', 'qzpz6pnrd5cid2lmmz3smlyx1j1dugahNM200904120000000000000000000030', NULL, 0, '0000000000000000000000000000001000000000000000000000000000000003', NULL, 'i3g1aq3uzbn6zb57vjaisd0j7t8wtmoa00000000000000000000000000000338', 'com.runwaysdk.system.RatioElement.seq', 'www.runwaysdk.com');
ALTER TABLE ratio_element ADD COLUMN seq  bigint;
INSERT INTO class_attribute_concrete ( id, parent_id, child_id) VALUES ('i3g1aq3uzbn6zb57vjaisd0j7t8wtmoa00000000000000000000000000000073', 'ir1ltu8kvzpnokiar3jtyuy3ai9f4kiu00000000000000000000000000000001', 'i3g1aq3uzbn6zb57vjaisd0j7t8wtmoa00000000000000000000000000000338');
INSERT INTO class_attribute ( id, parent_id, child_id) VALUES ('i3g1aq3uzbn6zb57vjaisd0j7t8wtmoa00000000000000000000000000000073', 'ir1ltu8kvzpnokiar3jtyuy3ai9f4kiu00000000000000000000000000000001', 'i3g1aq3uzbn6zb57vjaisd0j7t8wtmoa00000000000000000000000000000338');
INSERT INTO metadata_relationship ( id, created_by, type, last_update_date, site_master, owner, seq, key_name, entity_domain, locked_by, create_date, last_updated_by, parent_id, child_id) VALUES ('i3g1aq3uzbn6zb57vjaisd0j7t8wtmoa00000000000000000000000000000073', '0000000000000000000000000000001000000000000000000000000000000003', 'com.runwaysdk.system.metadata.ClassAttributeConcrete', '2017-06-09 21:41:20', 'www.runwaysdk.com', '0000000000000000000000000000001000000000000000000000000000000003', 4878, 'com.runwaysdk.system.RatioElement.seq', NULL, NULL, '2017-06-09 21:41:20', '0000000000000000000000000000001000000000000000000000000000000003', 'ir1ltu8kvzpnokiar3jtyuy3ai9f4kiu00000000000000000000000000000001', 'i3g1aq3uzbn6zb57vjaisd0j7t8wtmoa00000000000000000000000000000338');
INSERT INTO md_attribute_indicies (set_id, item_id)  VALUES  ('0sc41308diiaodjg7aqll99bjmc3qrxz', '0000000000000000000000000000040000000000000000000000000000000403');
INSERT INTO visibilitymodifier (set_id, item_id)  VALUES  ('2dz3kkfveok1h29sfbkyddcixj4u9vth', '20071109NM000000000000000000000520071109NM0000000000000000000001');
INSERT INTO visibilitymodifier (set_id, item_id)  VALUES  ('znezcg39ndl55qy2g09ep14anzhcbbk9', '20071109NM000000000000000000000520071109NM0000000000000000000001');
INSERT INTO metadata_display_label ( key_name, id, site_master, default_locale) VALUES ('08s3c1yecs6bugp95sucvm6ky3d92xdfNM200904120000000000000000000030', '08s3c1yecs6bugp95sucvm6ky3d92xdfNM200904120000000000000000000030', 'www.runwaysdk.com', 'Created By');
INSERT INTO metadata_display_label ( key_name, id, site_master, default_locale) VALUES ('74xv490o8qki4qe5yvpivqbi8qqoehooNM200904120000000000000000000030', '74xv490o8qki4qe5yvpivqbi8qqoehooNM200904120000000000000000000030', 'www.runwaysdk.com', 'User that created this object');
INSERT INTO md_attribute_reference ( default_value, md_business, id) VALUES (NULL, 'JS20070723000000000000000000156000000000000000000000000000000001', 'i9nb803lbn3l3spwwmv3dyne715f9cng00000000000000000000000000000186');
INSERT INTO md_attribute_ref ( id) VALUES ('i9nb803lbn3l3spwwmv3dyne715f9cng00000000000000000000000000000186');
INSERT INTO md_attribute_concrete ( defining_md_class, column_name, index_type, index_type_c, attribute_name, getter_visibility, getter_visibility_c, system, index_name, setter_visibility, setter_visibility_c, required, generate_accessor, display_label, immutable, id) VALUES ('ir1ltu8kvzpnokiar3jtyuy3ai9f4kiu00000000000000000000000000000001', 'created_by', '0sc41308diiaodjg7aqll99bjmc3qrxz', '0000000000000000000000000000040000000000000000000000000000000403', 'createdBy', '2dz3kkfveok1h29sfbkyddcixj4u9vth', '20071109NM000000000000000000000520071109NM0000000000000000000001', 1, 'aog35d5izir1tez8u1lyahn9ggt708', 'znezcg39ndl55qy2g09ep14anzhcbbk9', '20071109NM000000000000000000000520071109NM0000000000000000000001', 1, 1, '08s3c1yecs6bugp95sucvm6ky3d92xdfNM200904120000000000000000000030', 1, 'i9nb803lbn3l3spwwmv3dyne715f9cng00000000000000000000000000000186');
INSERT INTO md_attribute ( id) VALUES ('i9nb803lbn3l3spwwmv3dyne715f9cng00000000000000000000000000000186');
INSERT INTO metadata ( create_date, seq, type, created_by, last_update_date, last_updated_by, description, locked_by, remove, owner, entity_domain, id, key_name, site_master) VALUES ('2017-06-09 21:41:20', 4879, 'com.runwaysdk.system.metadata.MdAttributeReference', '0000000000000000000000000000001000000000000000000000000000000003', '2017-06-09 21:41:20', '0000000000000000000000000000001000000000000000000000000000000003', '74xv490o8qki4qe5yvpivqbi8qqoehooNM200904120000000000000000000030', NULL, 0, '0000000000000000000000000000001000000000000000000000000000000003', NULL, 'i9nb803lbn3l3spwwmv3dyne715f9cng00000000000000000000000000000186', 'com.runwaysdk.system.RatioElement.createdBy', 'www.runwaysdk.com');
ALTER TABLE ratio_element ADD COLUMN created_by  char(64);
INSERT INTO class_attribute_concrete ( id, parent_id, child_id) VALUES ('i9nb803lbn3l3spwwmv3dyne715f9cng00000000000000000000000000000073', 'ir1ltu8kvzpnokiar3jtyuy3ai9f4kiu00000000000000000000000000000001', 'i9nb803lbn3l3spwwmv3dyne715f9cng00000000000000000000000000000186');
INSERT INTO class_attribute ( id, parent_id, child_id) VALUES ('i9nb803lbn3l3spwwmv3dyne715f9cng00000000000000000000000000000073', 'ir1ltu8kvzpnokiar3jtyuy3ai9f4kiu00000000000000000000000000000001', 'i9nb803lbn3l3spwwmv3dyne715f9cng00000000000000000000000000000186');
INSERT INTO metadata_relationship ( id, created_by, type, last_update_date, site_master, owner, seq, key_name, entity_domain, locked_by, create_date, last_updated_by, parent_id, child_id) VALUES ('i9nb803lbn3l3spwwmv3dyne715f9cng00000000000000000000000000000073', '0000000000000000000000000000001000000000000000000000000000000003', 'com.runwaysdk.system.metadata.ClassAttributeConcrete', '2017-06-09 21:41:20', 'www.runwaysdk.com', '0000000000000000000000000000001000000000000000000000000000000003', 4880, 'com.runwaysdk.system.RatioElement.createdBy', NULL, NULL, '2017-06-09 21:41:20', '0000000000000000000000000000001000000000000000000000000000000003', 'ir1ltu8kvzpnokiar3jtyuy3ai9f4kiu00000000000000000000000000000001', 'i9nb803lbn3l3spwwmv3dyne715f9cng00000000000000000000000000000186');
INSERT INTO md_attribute_indicies (set_id, item_id)  VALUES  ('r7xd2i7i6f4wuykbuikhza0paxs88kyj', '0000000000000000000000000000040000000000000000000000000000000403');
INSERT INTO visibilitymodifier (set_id, item_id)  VALUES  ('z1tt7pllb33bes2vupjumab7cq21awr3', '20071109NM000000000000000000000520071109NM0000000000000000000001');
INSERT INTO visibilitymodifier (set_id, item_id)  VALUES  ('ywstkabctotnyielz0umxxtc22ehumhh', '20071109NM000000000000000000000520071109NM0000000000000000000001');
INSERT INTO metadata_display_label ( key_name, id, site_master, default_locale) VALUES ('zf70gld28920mno5bprakyyze57f7tz1NM200904120000000000000000000030', 'zf70gld28920mno5bprakyyze57f7tz1NM200904120000000000000000000030', 'www.runwaysdk.com', 'Owner');
INSERT INTO metadata_display_label ( key_name, id, site_master, default_locale) VALUES ('0jaqsdk3ynu4qf6dt392oxplpbcd8l2yNM200904120000000000000000000030', '0jaqsdk3ynu4qf6dt392oxplpbcd8l2yNM200904120000000000000000000030', 'www.runwaysdk.com', 'A reference to the user who own this object');
INSERT INTO md_attribute_reference ( default_value, md_business, id) VALUES (NULL, '0000000000000000000000000000051600000000000000000000000000000001', 'i2wksjqnxzry7bifa28wkz1lskprcvyn00000000000000000000000000000186');
INSERT INTO md_attribute_ref ( id) VALUES ('i2wksjqnxzry7bifa28wkz1lskprcvyn00000000000000000000000000000186');
INSERT INTO md_attribute_concrete ( defining_md_class, column_name, index_type, index_type_c, attribute_name, getter_visibility, getter_visibility_c, system, index_name, setter_visibility, setter_visibility_c, required, generate_accessor, display_label, immutable, id) VALUES ('ir1ltu8kvzpnokiar3jtyuy3ai9f4kiu00000000000000000000000000000001', 'owner', 'r7xd2i7i6f4wuykbuikhza0paxs88kyj', '0000000000000000000000000000040000000000000000000000000000000403', 'owner', 'z1tt7pllb33bes2vupjumab7cq21awr3', '20071109NM000000000000000000000520071109NM0000000000000000000001', 0, 'a8iv6rlkw2exui7h1um7khtd15fujr', 'ywstkabctotnyielz0umxxtc22ehumhh', '20071109NM000000000000000000000520071109NM0000000000000000000001', 1, 1, 'zf70gld28920mno5bprakyyze57f7tz1NM200904120000000000000000000030', 0, 'i2wksjqnxzry7bifa28wkz1lskprcvyn00000000000000000000000000000186');
INSERT INTO md_attribute ( id) VALUES ('i2wksjqnxzry7bifa28wkz1lskprcvyn00000000000000000000000000000186');
INSERT INTO metadata ( create_date, seq, type, created_by, last_update_date, last_updated_by, description, locked_by, remove, owner, entity_domain, id, key_name, site_master) VALUES ('2017-06-09 21:41:20', 4881, 'com.runwaysdk.system.metadata.MdAttributeReference', '0000000000000000000000000000001000000000000000000000000000000003', '2017-06-09 21:41:20', '0000000000000000000000000000001000000000000000000000000000000003', '0jaqsdk3ynu4qf6dt392oxplpbcd8l2yNM200904120000000000000000000030', NULL, 0, '0000000000000000000000000000001000000000000000000000000000000003', NULL, 'i2wksjqnxzry7bifa28wkz1lskprcvyn00000000000000000000000000000186', 'com.runwaysdk.system.RatioElement.owner', 'www.runwaysdk.com');
ALTER TABLE ratio_element ADD COLUMN owner  char(64);
INSERT INTO class_attribute_concrete ( id, parent_id, child_id) VALUES ('i2wksjqnxzry7bifa28wkz1lskprcvyn00000000000000000000000000000073', 'ir1ltu8kvzpnokiar3jtyuy3ai9f4kiu00000000000000000000000000000001', 'i2wksjqnxzry7bifa28wkz1lskprcvyn00000000000000000000000000000186');
INSERT INTO class_attribute ( id, parent_id, child_id) VALUES ('i2wksjqnxzry7bifa28wkz1lskprcvyn00000000000000000000000000000073', 'ir1ltu8kvzpnokiar3jtyuy3ai9f4kiu00000000000000000000000000000001', 'i2wksjqnxzry7bifa28wkz1lskprcvyn00000000000000000000000000000186');
INSERT INTO metadata_relationship ( id, created_by, type, last_update_date, site_master, owner, seq, key_name, entity_domain, locked_by, create_date, last_updated_by, parent_id, child_id) VALUES ('i2wksjqnxzry7bifa28wkz1lskprcvyn00000000000000000000000000000073', '0000000000000000000000000000001000000000000000000000000000000003', 'com.runwaysdk.system.metadata.ClassAttributeConcrete', '2017-06-09 21:41:20', 'www.runwaysdk.com', '0000000000000000000000000000001000000000000000000000000000000003', 4882, 'com.runwaysdk.system.RatioElement.owner', NULL, NULL, '2017-06-09 21:41:20', '0000000000000000000000000000001000000000000000000000000000000003', 'ir1ltu8kvzpnokiar3jtyuy3ai9f4kiu00000000000000000000000000000001', 'i2wksjqnxzry7bifa28wkz1lskprcvyn00000000000000000000000000000186');
INSERT INTO md_attribute_indicies (set_id, item_id)  VALUES  ('0rkwr90035xgkatumv2bm52ak16u8gux', '0000000000000000000000000000040000000000000000000000000000000403');
INSERT INTO visibilitymodifier (set_id, item_id)  VALUES  ('6yaniyln3lk0239z3dzjp7ke79kq0mal', '20071109NM000000000000000000000520071109NM0000000000000000000001');
INSERT INTO visibilitymodifier (set_id, item_id)  VALUES  ('6x5ctwvgrkpgiamy5ab4ga0ot5vbexqp', '20071109NM000000000000000000000520071109NM0000000000000000000001');
INSERT INTO metadata_display_label ( key_name, id, site_master, default_locale) VALUES ('0ctztkmgtdpulwoabzg4k6vhpvbf4ah7NM200904120000000000000000000030', '0ctztkmgtdpulwoabzg4k6vhpvbf4ah7NM200904120000000000000000000030', 'www.runwaysdk.com', 'Last Updated By');
INSERT INTO metadata_display_label ( key_name, id, site_master, default_locale) VALUES ('smxrn68woahch384lcwl8r22tg3ap8wcNM200904120000000000000000000030', 'smxrn68woahch384lcwl8r22tg3ap8wcNM200904120000000000000000000030', 'www.runwaysdk.com', 'User who last updated this object');
INSERT INTO md_attribute_reference ( default_value, md_business, id) VALUES (NULL, 'JS20070723000000000000000000156000000000000000000000000000000001', 'i0489k2o9nldbj87o34wck4jtcfksrep00000000000000000000000000000186');
INSERT INTO md_attribute_ref ( id) VALUES ('i0489k2o9nldbj87o34wck4jtcfksrep00000000000000000000000000000186');
INSERT INTO md_attribute_concrete ( defining_md_class, column_name, index_type, index_type_c, attribute_name, getter_visibility, getter_visibility_c, system, index_name, setter_visibility, setter_visibility_c, required, generate_accessor, display_label, immutable, id) VALUES ('ir1ltu8kvzpnokiar3jtyuy3ai9f4kiu00000000000000000000000000000001', 'last_updated_by', '0rkwr90035xgkatumv2bm52ak16u8gux', '0000000000000000000000000000040000000000000000000000000000000403', 'lastUpdatedBy', '6yaniyln3lk0239z3dzjp7ke79kq0mal', '20071109NM000000000000000000000520071109NM0000000000000000000001', 1, 'ajcrayypufaqdhqc6d2fy9aeqlcjds', '6x5ctwvgrkpgiamy5ab4ga0ot5vbexqp', '20071109NM000000000000000000000520071109NM0000000000000000000001', 1, 1, '0ctztkmgtdpulwoabzg4k6vhpvbf4ah7NM200904120000000000000000000030', 0, 'i0489k2o9nldbj87o34wck4jtcfksrep00000000000000000000000000000186');
INSERT INTO md_attribute ( id) VALUES ('i0489k2o9nldbj87o34wck4jtcfksrep00000000000000000000000000000186');
INSERT INTO metadata ( create_date, seq, type, created_by, last_update_date, last_updated_by, description, locked_by, remove, owner, entity_domain, id, key_name, site_master) VALUES ('2017-06-09 21:41:20', 4883, 'com.runwaysdk.system.metadata.MdAttributeReference', '0000000000000000000000000000001000000000000000000000000000000003', '2017-06-09 21:41:20', '0000000000000000000000000000001000000000000000000000000000000003', 'smxrn68woahch384lcwl8r22tg3ap8wcNM200904120000000000000000000030', NULL, 0, '0000000000000000000000000000001000000000000000000000000000000003', NULL, 'i0489k2o9nldbj87o34wck4jtcfksrep00000000000000000000000000000186', 'com.runwaysdk.system.RatioElement.lastUpdatedBy', 'www.runwaysdk.com');
ALTER TABLE ratio_element ADD COLUMN last_updated_by  char(64);
INSERT INTO class_attribute_concrete ( id, parent_id, child_id) VALUES ('i0489k2o9nldbj87o34wck4jtcfksrep00000000000000000000000000000073', 'ir1ltu8kvzpnokiar3jtyuy3ai9f4kiu00000000000000000000000000000001', 'i0489k2o9nldbj87o34wck4jtcfksrep00000000000000000000000000000186');
INSERT INTO class_attribute ( id, parent_id, child_id) VALUES ('i0489k2o9nldbj87o34wck4jtcfksrep00000000000000000000000000000073', 'ir1ltu8kvzpnokiar3jtyuy3ai9f4kiu00000000000000000000000000000001', 'i0489k2o9nldbj87o34wck4jtcfksrep00000000000000000000000000000186');
INSERT INTO metadata_relationship ( id, created_by, type, last_update_date, site_master, owner, seq, key_name, entity_domain, locked_by, create_date, last_updated_by, parent_id, child_id) VALUES ('i0489k2o9nldbj87o34wck4jtcfksrep00000000000000000000000000000073', '0000000000000000000000000000001000000000000000000000000000000003', 'com.runwaysdk.system.metadata.ClassAttributeConcrete', '2017-06-09 21:41:20', 'www.runwaysdk.com', '0000000000000000000000000000001000000000000000000000000000000003', 4884, 'com.runwaysdk.system.RatioElement.lastUpdatedBy', NULL, NULL, '2017-06-09 21:41:20', '0000000000000000000000000000001000000000000000000000000000000003', 'ir1ltu8kvzpnokiar3jtyuy3ai9f4kiu00000000000000000000000000000001', 'i0489k2o9nldbj87o34wck4jtcfksrep00000000000000000000000000000186');

INSERT INTO class_cache (set_id, item_id)  VALUES  ('0qbe8pecgj6x16txxpfieemeevqx1x2f', '0000000000000000000000000000023100000000000000000000000000000222');
INSERT INTO metadata_display_label ( key_name, id, site_master, default_locale) VALUES ('0ku6gdtgu83iwnm6uznhk4hcxdd2t096NM200904120000000000000000000030', '0ku6gdtgu83iwnm6uznhk4hcxdd2t096NM200904120000000000000000000030', 'www.runwaysdk.com', 'Ratio Primitive');
INSERT INTO metadata_display_label ( key_name, id, site_master, default_locale) VALUES ('0hszwowi2itufq0arsi3ypl833s8r4gkNM200904120000000000000000000030', '0hszwowi2itufq0arsi3ypl833s8r4gkNM200904120000000000000000000030', 'www.runwaysdk.com', 'The element of a ratio that represents a primitive value. This is the concrete and non-aggregate class in the composite pattern.');
INSERT INTO md_business ( super_md_business, cache_algorithm, cache_algorithm_c, id) VALUES ('ir1ltu8kvzpnokiar3jtyuy3ai9f4kiu00000000000000000000000000000001', '0qbe8pecgj6x16txxpfieemeevqx1x2f', '0000000000000000000000000000023100000000000000000000000000000222', 'i3obk3gttdjxbk2ko1x7gor2e9y5zlig00000000000000000000000000000001');
INSERT INTO md_element ( is_abstract, extendable, id) VALUES (0, 0, 'i3obk3gttdjxbk2ko1x7gor2e9y5zlig00000000000000000000000000000001');
INSERT INTO md_entity ( cache_size, query_dto_source, has_deterministic_ids, enforce_site_master, query_source, table_name, id) VALUES (0, NULL, 0, 1, NULL, 'ratio_primitive', 'i3obk3gttdjxbk2ko1x7gor2e9y5zlig00000000000000000000000000000001');
INSERT INTO md_class ( stub_source, publish, stub_dto_source, id) VALUES (NULL, 1, NULL, 'i3obk3gttdjxbk2ko1x7gor2e9y5zlig00000000000000000000000000000001');
INSERT INTO md_type ( type_name, js_stub, display_label, exported, generate_source, js_base, base_source, package_name, root_id, dto_source, id) VALUES ('RatioPrimitive', NULL, '0ku6gdtgu83iwnm6uznhk4hcxdd2t096NM200904120000000000000000000030', 1, 1, NULL, NULL, 'com.runwaysdk.system', 'i3obk3gttdjxbk2ko1x7gor2e9y5zlig', NULL, 'i3obk3gttdjxbk2ko1x7gor2e9y5zlig00000000000000000000000000000001');
INSERT INTO metadata ( create_date, seq, type, created_by, last_update_date, last_updated_by, description, locked_by, remove, owner, entity_domain, id, key_name, site_master) VALUES ('2017-06-09 21:41:20', 4885, 'com.runwaysdk.system.metadata.MdBusiness', '0000000000000000000000000000001000000000000000000000000000000003', '2017-06-09 21:41:20', '0000000000000000000000000000001000000000000000000000000000000003', '0hszwowi2itufq0arsi3ypl833s8r4gkNM200904120000000000000000000030', NULL, 0, '0000000000000000000000000000001000000000000000000000000000000003', NULL, 'i3obk3gttdjxbk2ko1x7gor2e9y5zlig00000000000000000000000000000001', 'com.runwaysdk.system.RatioPrimitive', 'www.runwaysdk.com');
CREATE TABLE ratio_primitive ( id CHAR(64) NOT NULL PRIMARY KEY );
INSERT INTO business_inheritance ( id, parent_id, child_id) VALUES ('i3obk3gttdjxbk2ko1x7gor2e9y5zlig20070926NM0000000000000000000004', 'ir1ltu8kvzpnokiar3jtyuy3ai9f4kiu00000000000000000000000000000001', 'i3obk3gttdjxbk2ko1x7gor2e9y5zlig00000000000000000000000000000001');
INSERT INTO class_inheritance ( id, parent_id, child_id) VALUES ('i3obk3gttdjxbk2ko1x7gor2e9y5zlig20070926NM0000000000000000000004', 'ir1ltu8kvzpnokiar3jtyuy3ai9f4kiu00000000000000000000000000000001', 'i3obk3gttdjxbk2ko1x7gor2e9y5zlig00000000000000000000000000000001');
INSERT INTO metadata_relationship ( id, created_by, type, last_update_date, site_master, owner, seq, key_name, entity_domain, locked_by, create_date, last_updated_by, parent_id, child_id) VALUES ('i3obk3gttdjxbk2ko1x7gor2e9y5zlig20070926NM0000000000000000000004', '0000000000000000000000000000001000000000000000000000000000000003', 'com.runwaysdk.system.metadata.BusinessInheritance', '2017-06-09 21:41:20', 'www.runwaysdk.com', '0000000000000000000000000000001000000000000000000000000000000003', 4886, 'com.runwaysdk.system.RatioPrimitive', NULL, NULL, '2017-06-09 21:41:20', '0000000000000000000000000000001000000000000000000000000000000003', 'ir1ltu8kvzpnokiar3jtyuy3ai9f4kiu00000000000000000000000000000001', 'i3obk3gttdjxbk2ko1x7gor2e9y5zlig00000000000000000000000000000001');

INSERT INTO md_attribute_indicies (set_id, item_id)  VALUES  ('z6nafuaxdeanv74rnsuc8j0sfz7149rn', '0000000000000000000000000000040000000000000000000000000000000403');
INSERT INTO visibilitymodifier (set_id, item_id)  VALUES  ('77an850wynqfw8tajczshgvn231y85t4', '20071109NM000000000000000000000520071109NM0000000000000000000001');
INSERT INTO visibilitymodifier (set_id, item_id)  VALUES  ('xswv0hfh1rbw2ymgpie3eerjlc7v117q', '20071109NM000000000000000000000520071109NM0000000000000000000001');
INSERT INTO metadata_display_label ( key_name, id, site_master, default_locale) VALUES ('xp5ecfmzkll5gvezvk9rwu6cyk01phobNM200904120000000000000000000030', 'xp5ecfmzkll5gvezvk9rwu6cyk01phobNM200904120000000000000000000030', 'www.runwaysdk.com', 'MdAttributePrimitive');
INSERT INTO metadata_display_label ( key_name, id, site_master, default_locale) VALUES ('yywo2zb6vugnhmt9it5hx89yc1h3w5o9NM200904120000000000000000000030', 'yywo2zb6vugnhmt9it5hx89yc1h3w5o9NM200904120000000000000000000030', 'www.runwaysdk.com', 'A reference to a primitive attribute metadata that defines the attribute that is used in this ratio element.');
INSERT INTO md_attribute_reference ( default_value, md_business, id) VALUES (NULL, '0000000000000000000000000000017400000000000000000000000000000001', 'iaij8s1v8za55wd9j3od4odp1x7436fi00000000000000000000000000000186');
INSERT INTO md_attribute_ref ( id) VALUES ('iaij8s1v8za55wd9j3od4odp1x7436fi00000000000000000000000000000186');
INSERT INTO md_attribute_concrete ( defining_md_class, column_name, index_type, index_type_c, attribute_name, getter_visibility, getter_visibility_c, system, index_name, setter_visibility, setter_visibility_c, required, generate_accessor, display_label, immutable, id) VALUES ('i3obk3gttdjxbk2ko1x7gor2e9y5zlig00000000000000000000000000000001', 'md_attribute_primitive', 'z6nafuaxdeanv74rnsuc8j0sfz7149rn', '0000000000000000000000000000040000000000000000000000000000000403', 'mdAttributePrimitive', '77an850wynqfw8tajczshgvn231y85t4', '20071109NM000000000000000000000520071109NM0000000000000000000001', 0, 'arulea3v3p7usqk8yswapcwgrov068', 'xswv0hfh1rbw2ymgpie3eerjlc7v117q', '20071109NM000000000000000000000520071109NM0000000000000000000001', 1, 1, 'xp5ecfmzkll5gvezvk9rwu6cyk01phobNM200904120000000000000000000030', 0, 'iaij8s1v8za55wd9j3od4odp1x7436fi00000000000000000000000000000186');
INSERT INTO md_attribute ( id) VALUES ('iaij8s1v8za55wd9j3od4odp1x7436fi00000000000000000000000000000186');
INSERT INTO metadata ( create_date, seq, type, created_by, last_update_date, last_updated_by, description, locked_by, remove, owner, entity_domain, id, key_name, site_master) VALUES ('2017-06-09 21:41:20', 4887, 'com.runwaysdk.system.metadata.MdAttributeReference', '0000000000000000000000000000001000000000000000000000000000000003', '2017-06-09 21:41:20', '0000000000000000000000000000001000000000000000000000000000000003', 'yywo2zb6vugnhmt9it5hx89yc1h3w5o9NM200904120000000000000000000030', NULL, 0, '0000000000000000000000000000001000000000000000000000000000000003', NULL, 'iaij8s1v8za55wd9j3od4odp1x7436fi00000000000000000000000000000186', 'com.runwaysdk.system.RatioPrimitive.mdAttributePrimitive', 'www.runwaysdk.com');
ALTER TABLE ratio_primitive ADD COLUMN md_attribute_primitive  char(64);
INSERT INTO class_attribute_concrete ( id, parent_id, child_id) VALUES ('iaij8s1v8za55wd9j3od4odp1x7436fi00000000000000000000000000000073', 'i3obk3gttdjxbk2ko1x7gor2e9y5zlig00000000000000000000000000000001', 'iaij8s1v8za55wd9j3od4odp1x7436fi00000000000000000000000000000186');
INSERT INTO class_attribute ( id, parent_id, child_id) VALUES ('iaij8s1v8za55wd9j3od4odp1x7436fi00000000000000000000000000000073', 'i3obk3gttdjxbk2ko1x7gor2e9y5zlig00000000000000000000000000000001', 'iaij8s1v8za55wd9j3od4odp1x7436fi00000000000000000000000000000186');
INSERT INTO metadata_relationship ( id, created_by, type, last_update_date, site_master, owner, seq, key_name, entity_domain, locked_by, create_date, last_updated_by, parent_id, child_id) VALUES ('iaij8s1v8za55wd9j3od4odp1x7436fi00000000000000000000000000000073', '0000000000000000000000000000001000000000000000000000000000000003', 'com.runwaysdk.system.metadata.ClassAttributeConcrete', '2017-06-09 21:41:20', 'www.runwaysdk.com', '0000000000000000000000000000001000000000000000000000000000000003', 4888, 'com.runwaysdk.system.RatioPrimitive.mdAttributePrimitive', NULL, NULL, '2017-06-09 21:41:20', '0000000000000000000000000000001000000000000000000000000000000003', 'i3obk3gttdjxbk2ko1x7gor2e9y5zlig00000000000000000000000000000001', 'iaij8s1v8za55wd9j3od4odp1x7436fi00000000000000000000000000000186');
CREATE INDEX arulea3v3p7usqk8yswapcwgrov068 ON ratio_primitive (md_attribute_primitive);
INSERT INTO md_attribute_indicies (set_id, item_id)  VALUES  ('1ubd8no47a9zxmlyqghr9tcfiy7yt908', '0000000000000000000000000000040100000000000000000000000000000403');
INSERT INTO visibilitymodifier (set_id, item_id)  VALUES  ('2d82wyqimh4tdhyja3dptsdfxqywetrw', '20071109NM000000000000000000000520071109NM0000000000000000000001');
INSERT INTO visibilitymodifier (set_id, item_id)  VALUES  ('qrh5r0jy58qxgby2gmg6af1zwebn2he0', '20071109NM000000000000000000000520071109NM0000000000000000000001');
INSERT INTO metadata_display_label ( key_name, id, site_master, default_locale) VALUES ('sh5tmlimjq6l667d9e4hevk87zjfzldqNM200904120000000000000000000030', 'sh5tmlimjq6l667d9e4hevk87zjfzldqNM200904120000000000000000000030', 'www.runwaysdk.com', 'Column Name');
INSERT INTO metadata_display_label ( key_name, id, site_master, default_locale) VALUES ('7aysvz4ey606jg2pudiycu0y5wxuffquNM200904120000000000000000000030', '7aysvz4ey606jg2pudiycu0y5wxuffquNM200904120000000000000000000030', 'www.runwaysdk.com', 'Name of the column on the defining type that stores the reference to the object that has the attribute value used in the ratio.');
INSERT INTO md_attribute_character ( default_value, database_size, id) VALUES (NULL, 30, 'i5b8n1wbppsx4yzqhv1xtfc9xiuw07ci00000000000000000000000000000138');
INSERT INTO md_attribute_char ( id) VALUES ('i5b8n1wbppsx4yzqhv1xtfc9xiuw07ci00000000000000000000000000000138');
INSERT INTO md_attribute_primitive ( is_expression, expression, id) VALUES (0, NULL, 'i5b8n1wbppsx4yzqhv1xtfc9xiuw07ci00000000000000000000000000000138');
INSERT INTO md_attribute_concrete ( defining_md_class, column_name, index_type, index_type_c, attribute_name, getter_visibility, getter_visibility_c, system, index_name, setter_visibility, setter_visibility_c, required, generate_accessor, display_label, immutable, id) VALUES ('i3obk3gttdjxbk2ko1x7gor2e9y5zlig00000000000000000000000000000001', 'column_name', '1ubd8no47a9zxmlyqghr9tcfiy7yt908', '0000000000000000000000000000040100000000000000000000000000000403', 'columnName', '2d82wyqimh4tdhyja3dptsdfxqywetrw', '20071109NM000000000000000000000520071109NM0000000000000000000001', 0, 'afcp7o2ok5ashyjerifztidimb27so', 'qrh5r0jy58qxgby2gmg6af1zwebn2he0', '20071109NM000000000000000000000520071109NM0000000000000000000001', 1, 1, 'sh5tmlimjq6l667d9e4hevk87zjfzldqNM200904120000000000000000000030', 0, 'i5b8n1wbppsx4yzqhv1xtfc9xiuw07ci00000000000000000000000000000138');
INSERT INTO md_attribute ( id) VALUES ('i5b8n1wbppsx4yzqhv1xtfc9xiuw07ci00000000000000000000000000000138');
INSERT INTO metadata ( create_date, seq, type, created_by, last_update_date, last_updated_by, description, locked_by, remove, owner, entity_domain, id, key_name, site_master) VALUES ('2017-06-09 21:41:20', 4889, 'com.runwaysdk.system.metadata.MdAttributeCharacter', '0000000000000000000000000000001000000000000000000000000000000003', '2017-06-09 21:41:20', '0000000000000000000000000000001000000000000000000000000000000003', '7aysvz4ey606jg2pudiycu0y5wxuffquNM200904120000000000000000000030', NULL, 0, '0000000000000000000000000000001000000000000000000000000000000003', NULL, 'i5b8n1wbppsx4yzqhv1xtfc9xiuw07ci00000000000000000000000000000138', 'com.runwaysdk.system.RatioPrimitive.columnName', 'www.runwaysdk.com');
ALTER TABLE ratio_primitive ADD COLUMN column_name  varchar(30);
INSERT INTO class_attribute_concrete ( id, parent_id, child_id) VALUES ('i5b8n1wbppsx4yzqhv1xtfc9xiuw07ci00000000000000000000000000000073', 'i3obk3gttdjxbk2ko1x7gor2e9y5zlig00000000000000000000000000000001', 'i5b8n1wbppsx4yzqhv1xtfc9xiuw07ci00000000000000000000000000000138');
INSERT INTO class_attribute ( id, parent_id, child_id) VALUES ('i5b8n1wbppsx4yzqhv1xtfc9xiuw07ci00000000000000000000000000000073', 'i3obk3gttdjxbk2ko1x7gor2e9y5zlig00000000000000000000000000000001', 'i5b8n1wbppsx4yzqhv1xtfc9xiuw07ci00000000000000000000000000000138');
INSERT INTO metadata_relationship ( id, created_by, type, last_update_date, site_master, owner, seq, key_name, entity_domain, locked_by, create_date, last_updated_by, parent_id, child_id) VALUES ('i5b8n1wbppsx4yzqhv1xtfc9xiuw07ci00000000000000000000000000000073', '0000000000000000000000000000001000000000000000000000000000000003', 'com.runwaysdk.system.metadata.ClassAttributeConcrete', '2017-06-09 21:41:20', 'www.runwaysdk.com', '0000000000000000000000000000001000000000000000000000000000000003', 4890, 'com.runwaysdk.system.RatioPrimitive.columnName', NULL, NULL, '2017-06-09 21:41:20', '0000000000000000000000000000001000000000000000000000000000000003', 'i3obk3gttdjxbk2ko1x7gor2e9y5zlig00000000000000000000000000000001', 'i5b8n1wbppsx4yzqhv1xtfc9xiuw07ci00000000000000000000000000000138');
INSERT INTO md_attribute_indicies (set_id, item_id)  VALUES  ('z3k5g723lmqpfvs7tj370wbmqqaejokl', '0000000000000000000000000000040100000000000000000000000000000403');
INSERT INTO visibilitymodifier (set_id, item_id)  VALUES  ('sviplah3rnlhcs0rvioobititoivhdfh', '20071109NM000000000000000000000520071109NM0000000000000000000001');
INSERT INTO visibilitymodifier (set_id, item_id)  VALUES  ('xno8c1bkosc41ifuxkke7qtsq23n0ffz', '20071109NM000000000000000000000520071109NM0000000000000000000001');
INSERT INTO metadata_display_label ( key_name, id, site_master, default_locale) VALUES ('2bv92gw6opko41xu30593i8m29pbsialNM200904120000000000000000000030', '2bv92gw6opko41xu30593i8m29pbsialNM200904120000000000000000000030', 'www.runwaysdk.com', 'Attribute Sequence');
INSERT INTO metadata_display_label ( key_name, id, site_master, default_locale) VALUES ('1tunmipv4nyrlsvzp8s0ic5pvpqsmk0jNM200904120000000000000000000030', '1tunmipv4nyrlsvzp8s0ic5pvpqsmk0jNM200904120000000000000000000030', 'www.runwaysdk.com', 'Sequence number of this ratio primitive within a ratio object.');
INSERT INTO md_attribute_integer ( default_value, start_range, end_range, id) VALUES (NULL, NULL, NULL, 'ie14vqtjpjbsi6glo4jktwhi9qnnhfsn00000000000000000000000000000332');
INSERT INTO md_attribute_int ( id) VALUES ('ie14vqtjpjbsi6glo4jktwhi9qnnhfsn00000000000000000000000000000332');
INSERT INTO md_attribute_number ( reject_negative, reject_positive, reject_zero, id) VALUES (0, 0, 0, 'ie14vqtjpjbsi6glo4jktwhi9qnnhfsn00000000000000000000000000000332');
INSERT INTO md_attribute_primitive ( is_expression, expression, id) VALUES (0, NULL, 'ie14vqtjpjbsi6glo4jktwhi9qnnhfsn00000000000000000000000000000332');
INSERT INTO md_attribute_concrete ( defining_md_class, column_name, index_type, index_type_c, attribute_name, getter_visibility, getter_visibility_c, system, index_name, setter_visibility, setter_visibility_c, required, generate_accessor, display_label, immutable, id) VALUES ('i3obk3gttdjxbk2ko1x7gor2e9y5zlig00000000000000000000000000000001', 'attribute_seq', 'z3k5g723lmqpfvs7tj370wbmqqaejokl', '0000000000000000000000000000040100000000000000000000000000000403', 'attribute_seq', 'sviplah3rnlhcs0rvioobititoivhdfh', '20071109NM000000000000000000000520071109NM0000000000000000000001', 0, 'a4lycvcyyjoktg4j4vpdeupdwozb01', 'xno8c1bkosc41ifuxkke7qtsq23n0ffz', '20071109NM000000000000000000000520071109NM0000000000000000000001', 1, 1, '2bv92gw6opko41xu30593i8m29pbsialNM200904120000000000000000000030', 0, 'ie14vqtjpjbsi6glo4jktwhi9qnnhfsn00000000000000000000000000000332');
INSERT INTO md_attribute ( id) VALUES ('ie14vqtjpjbsi6glo4jktwhi9qnnhfsn00000000000000000000000000000332');
INSERT INTO metadata ( create_date, seq, type, created_by, last_update_date, last_updated_by, description, locked_by, remove, owner, entity_domain, id, key_name, site_master) VALUES ('2017-06-09 21:41:20', 4891, 'com.runwaysdk.system.metadata.MdAttributeInteger', '0000000000000000000000000000001000000000000000000000000000000003', '2017-06-09 21:41:20', '0000000000000000000000000000001000000000000000000000000000000003', '1tunmipv4nyrlsvzp8s0ic5pvpqsmk0jNM200904120000000000000000000030', NULL, 0, '0000000000000000000000000000001000000000000000000000000000000003', NULL, 'ie14vqtjpjbsi6glo4jktwhi9qnnhfsn00000000000000000000000000000332', 'com.runwaysdk.system.RatioPrimitive.attribute_seq', 'www.runwaysdk.com');
ALTER TABLE ratio_primitive ADD COLUMN attribute_seq  int;
INSERT INTO class_attribute_concrete ( id, parent_id, child_id) VALUES ('ie14vqtjpjbsi6glo4jktwhi9qnnhfsn00000000000000000000000000000073', 'i3obk3gttdjxbk2ko1x7gor2e9y5zlig00000000000000000000000000000001', 'ie14vqtjpjbsi6glo4jktwhi9qnnhfsn00000000000000000000000000000332');
INSERT INTO class_attribute ( id, parent_id, child_id) VALUES ('ie14vqtjpjbsi6glo4jktwhi9qnnhfsn00000000000000000000000000000073', 'i3obk3gttdjxbk2ko1x7gor2e9y5zlig00000000000000000000000000000001', 'ie14vqtjpjbsi6glo4jktwhi9qnnhfsn00000000000000000000000000000332');
INSERT INTO metadata_relationship ( id, created_by, type, last_update_date, site_master, owner, seq, key_name, entity_domain, locked_by, create_date, last_updated_by, parent_id, child_id) VALUES ('ie14vqtjpjbsi6glo4jktwhi9qnnhfsn00000000000000000000000000000073', '0000000000000000000000000000001000000000000000000000000000000003', 'com.runwaysdk.system.metadata.ClassAttributeConcrete', '2017-06-09 21:41:20', 'www.runwaysdk.com', '0000000000000000000000000000001000000000000000000000000000000003', 4892, 'com.runwaysdk.system.RatioPrimitive.attribute_seq', NULL, NULL, '2017-06-09 21:41:20', '0000000000000000000000000000001000000000000000000000000000000003', 'i3obk3gttdjxbk2ko1x7gor2e9y5zlig00000000000000000000000000000001', 'ie14vqtjpjbsi6glo4jktwhi9qnnhfsn00000000000000000000000000000332');
INSERT INTO class_cache (set_id, item_id)  VALUES  ('2d061d0322e6j20cr94sk6phsulpo3yw', '0000000000000000000000000000023100000000000000000000000000000222');
INSERT INTO metadata_display_label ( key_name, id, site_master, default_locale) VALUES ('6xym9nefub5etu7tk5qqxyui3z4o0ndxNM200904120000000000000000000030', '6xym9nefub5etu7tk5qqxyui3z4o0ndxNM200904120000000000000000000030', 'www.runwaysdk.com', 'Ratio');
INSERT INTO metadata_display_label ( key_name, id, site_master, default_locale) VALUES ('1y08cpm98wzhhc9pne2iz185t83cnw1vNM200904120000000000000000000030', '1y08cpm98wzhhc9pne2iz185t83cnw1vNM200904120000000000000000000030', 'www.runwaysdk.com', 'The ratio class with a left operand, operator, and right operand. This is the concrete and aggregate class in the composite pattern.');
INSERT INTO md_business ( super_md_business, cache_algorithm, cache_algorithm_c, id) VALUES ('ir1ltu8kvzpnokiar3jtyuy3ai9f4kiu00000000000000000000000000000001', '2d061d0322e6j20cr94sk6phsulpo3yw', '0000000000000000000000000000023100000000000000000000000000000222', 'i4ghm6oxcazjt8481s7l9hvk5847obdh00000000000000000000000000000001');
INSERT INTO md_element ( is_abstract, extendable, id) VALUES (0, 0, 'i4ghm6oxcazjt8481s7l9hvk5847obdh00000000000000000000000000000001');
INSERT INTO md_entity ( cache_size, query_dto_source, has_deterministic_ids, enforce_site_master, query_source, table_name, id) VALUES (0, NULL, 0, 1, NULL, 'ratio', 'i4ghm6oxcazjt8481s7l9hvk5847obdh00000000000000000000000000000001');
INSERT INTO md_class ( stub_source, publish, stub_dto_source, id) VALUES (NULL, 1, NULL, 'i4ghm6oxcazjt8481s7l9hvk5847obdh00000000000000000000000000000001');
INSERT INTO md_type ( type_name, js_stub, display_label, exported, generate_source, js_base, base_source, package_name, root_id, dto_source, id) VALUES ('Ratio', NULL, '6xym9nefub5etu7tk5qqxyui3z4o0ndxNM200904120000000000000000000030', 1, 1, NULL, NULL, 'com.runwaysdk.system', 'i4ghm6oxcazjt8481s7l9hvk5847obdh', NULL, 'i4ghm6oxcazjt8481s7l9hvk5847obdh00000000000000000000000000000001');
INSERT INTO metadata ( create_date, seq, type, created_by, last_update_date, last_updated_by, description, locked_by, remove, owner, entity_domain, id, key_name, site_master) VALUES ('2017-06-09 21:41:20', 4893, 'com.runwaysdk.system.metadata.MdBusiness', '0000000000000000000000000000001000000000000000000000000000000003', '2017-06-09 21:41:20', '0000000000000000000000000000001000000000000000000000000000000003', '1y08cpm98wzhhc9pne2iz185t83cnw1vNM200904120000000000000000000030', NULL, 0, '0000000000000000000000000000001000000000000000000000000000000003', NULL, 'i4ghm6oxcazjt8481s7l9hvk5847obdh00000000000000000000000000000001', 'com.runwaysdk.system.Ratio', 'www.runwaysdk.com');
CREATE TABLE ratio ( id CHAR(64) NOT NULL PRIMARY KEY );
INSERT INTO business_inheritance ( id, parent_id, child_id) VALUES ('i4ghm6oxcazjt8481s7l9hvk5847obdh20070926NM0000000000000000000004', 'ir1ltu8kvzpnokiar3jtyuy3ai9f4kiu00000000000000000000000000000001', 'i4ghm6oxcazjt8481s7l9hvk5847obdh00000000000000000000000000000001');
INSERT INTO class_inheritance ( id, parent_id, child_id) VALUES ('i4ghm6oxcazjt8481s7l9hvk5847obdh20070926NM0000000000000000000004', 'ir1ltu8kvzpnokiar3jtyuy3ai9f4kiu00000000000000000000000000000001', 'i4ghm6oxcazjt8481s7l9hvk5847obdh00000000000000000000000000000001');
INSERT INTO metadata_relationship ( id, created_by, type, last_update_date, site_master, owner, seq, key_name, entity_domain, locked_by, create_date, last_updated_by, parent_id, child_id) VALUES ('i4ghm6oxcazjt8481s7l9hvk5847obdh20070926NM0000000000000000000004', '0000000000000000000000000000001000000000000000000000000000000003', 'com.runwaysdk.system.metadata.BusinessInheritance', '2017-06-09 21:41:20', 'www.runwaysdk.com', '0000000000000000000000000000001000000000000000000000000000000003', 4894, 'com.runwaysdk.system.Ratio', NULL, NULL, '2017-06-09 21:41:20', '0000000000000000000000000000001000000000000000000000000000000003', 'ir1ltu8kvzpnokiar3jtyuy3ai9f4kiu00000000000000000000000000000001', 'i4ghm6oxcazjt8481s7l9hvk5847obdh00000000000000000000000000000001');

INSERT INTO md_attribute_indicies (set_id, item_id)  VALUES  ('20genx34bap4gga517n4fardrswnu2n3', '0000000000000000000000000000040000000000000000000000000000000403');
INSERT INTO visibilitymodifier (set_id, item_id)  VALUES  ('92nw8am88trfujg6zlf5i9rc0rdt0brg', '20071109NM000000000000000000000520071109NM0000000000000000000001');
INSERT INTO visibilitymodifier (set_id, item_id)  VALUES  ('1wkm38xgxqof79xbqf5lk68ky2qypfso', '20071109NM000000000000000000000520071109NM0000000000000000000001');
INSERT INTO metadata_display_label ( key_name, id, site_master, default_locale) VALUES ('qrc530gojh3u7sjhxqunl7jkaste4zetNM200904120000000000000000000030', 'qrc530gojh3u7sjhxqunl7jkaste4zetNM200904120000000000000000000030', 'www.runwaysdk.com', 'Left Operand');
INSERT INTO metadata_display_label ( key_name, id, site_master, default_locale) VALUES ('z5vm34igkt3yf4mx26hlzhlc8takx4xmNM200904120000000000000000000030', 'z5vm34igkt3yf4mx26hlzhlc8takx4xmNM200904120000000000000000000030', 'www.runwaysdk.com', 'The left operand in the ratio equation');
INSERT INTO md_attribute_reference ( default_value, md_business, id) VALUES (NULL, 'ir1ltu8kvzpnokiar3jtyuy3ai9f4kiu00000000000000000000000000000001', 'ikooa4wpol4lha4qbo3l662h2lp090a100000000000000000000000000000186');
INSERT INTO md_attribute_ref ( id) VALUES ('ikooa4wpol4lha4qbo3l662h2lp090a100000000000000000000000000000186');
INSERT INTO md_attribute_concrete ( defining_md_class, column_name, index_type, index_type_c, attribute_name, getter_visibility, getter_visibility_c, system, index_name, setter_visibility, setter_visibility_c, required, generate_accessor, display_label, immutable, id) VALUES ('i4ghm6oxcazjt8481s7l9hvk5847obdh00000000000000000000000000000001', 'left_operand', '20genx34bap4gga517n4fardrswnu2n3', '0000000000000000000000000000040000000000000000000000000000000403', 'leftOperand', '92nw8am88trfujg6zlf5i9rc0rdt0brg', '20071109NM000000000000000000000520071109NM0000000000000000000001', 0, 'aa57wlfska9kv4n5us2eb6awo5fe5m', '1wkm38xgxqof79xbqf5lk68ky2qypfso', '20071109NM000000000000000000000520071109NM0000000000000000000001', 1, 1, 'qrc530gojh3u7sjhxqunl7jkaste4zetNM200904120000000000000000000030', 0, 'ikooa4wpol4lha4qbo3l662h2lp090a100000000000000000000000000000186');
INSERT INTO md_attribute ( id) VALUES ('ikooa4wpol4lha4qbo3l662h2lp090a100000000000000000000000000000186');
INSERT INTO metadata ( create_date, seq, type, created_by, last_update_date, last_updated_by, description, locked_by, remove, owner, entity_domain, id, key_name, site_master) VALUES ('2017-06-09 21:41:20', 4895, 'com.runwaysdk.system.metadata.MdAttributeReference', '0000000000000000000000000000001000000000000000000000000000000003', '2017-06-09 21:41:20', '0000000000000000000000000000001000000000000000000000000000000003', 'z5vm34igkt3yf4mx26hlzhlc8takx4xmNM200904120000000000000000000030', NULL, 0, '0000000000000000000000000000001000000000000000000000000000000003', NULL, 'ikooa4wpol4lha4qbo3l662h2lp090a100000000000000000000000000000186', 'com.runwaysdk.system.Ratio.leftOperand', 'www.runwaysdk.com');
ALTER TABLE ratio ADD COLUMN left_operand  char(64);
INSERT INTO class_attribute_concrete ( id, parent_id, child_id) VALUES ('ikooa4wpol4lha4qbo3l662h2lp090a100000000000000000000000000000073', 'i4ghm6oxcazjt8481s7l9hvk5847obdh00000000000000000000000000000001', 'ikooa4wpol4lha4qbo3l662h2lp090a100000000000000000000000000000186');
INSERT INTO class_attribute ( id, parent_id, child_id) VALUES ('ikooa4wpol4lha4qbo3l662h2lp090a100000000000000000000000000000073', 'i4ghm6oxcazjt8481s7l9hvk5847obdh00000000000000000000000000000001', 'ikooa4wpol4lha4qbo3l662h2lp090a100000000000000000000000000000186');
INSERT INTO metadata_relationship ( id, created_by, type, last_update_date, site_master, owner, seq, key_name, entity_domain, locked_by, create_date, last_updated_by, parent_id, child_id) VALUES ('ikooa4wpol4lha4qbo3l662h2lp090a100000000000000000000000000000073', '0000000000000000000000000000001000000000000000000000000000000003', 'com.runwaysdk.system.metadata.ClassAttributeConcrete', '2017-06-09 21:41:20', 'www.runwaysdk.com', '0000000000000000000000000000001000000000000000000000000000000003', 4896, 'com.runwaysdk.system.Ratio.leftOperand', NULL, NULL, '2017-06-09 21:41:20', '0000000000000000000000000000001000000000000000000000000000000003', 'i4ghm6oxcazjt8481s7l9hvk5847obdh00000000000000000000000000000001', 'ikooa4wpol4lha4qbo3l662h2lp090a100000000000000000000000000000186');
CREATE INDEX aa57wlfska9kv4n5us2eb6awo5fe5m ON ratio (left_operand);
INSERT INTO md_attribute_indicies (set_id, item_id)  VALUES  ('22mjkyhw0dbz4s5bfnu3o9u2xq12eb35', '0000000000000000000000000000040100000000000000000000000000000403');
INSERT INTO visibilitymodifier (set_id, item_id)  VALUES  ('8i9l0qc578iya9fdcj5cr9okto51dtxo', '20071109NM000000000000000000000520071109NM0000000000000000000001');
INSERT INTO visibilitymodifier (set_id, item_id)  VALUES  ('7cqcup20enavk8r2pgvt2e785xsv2j8k', '20071109NM000000000000000000000520071109NM0000000000000000000001');
INSERT INTO metadata_display_label ( key_name, id, site_master, default_locale) VALUES ('swf2e5e5q5fq8690hmyqrkkhq4n8ywmvNM200904120000000000000000000030', 'swf2e5e5q5fq8690hmyqrkkhq4n8ywmvNM200904120000000000000000000030', 'www.runwaysdk.com', 'Operator');
INSERT INTO metadata_display_label ( key_name, id, site_master, default_locale) VALUES ('7aki2vh3jgq23rkqhygfok1e8gfsqoilNM200904120000000000000000000030', '7aki2vh3jgq23rkqhygfok1e8gfsqoilNM200904120000000000000000000030', 'www.runwaysdk.com', 'The operator in the ratio equation');
INSERT INTO md_attribute_enumeration ( default_value, md_enumeration, select_multiple, cache_column_name, id) VALUES (NULL, 'i1t3suqzdtm4k2jf5r616jj7puf95nmt00000000000000000000000000000196', 0, 'math_operator_c', 'i15s3u96p1pd69lpmmarzeww4epf3lwo00000000000000000000000000000216');
INSERT INTO md_attribute_ref ( id) VALUES ('i15s3u96p1pd69lpmmarzeww4epf3lwo00000000000000000000000000000216');
INSERT INTO md_attribute_concrete ( defining_md_class, column_name, index_type, index_type_c, attribute_name, getter_visibility, getter_visibility_c, system, index_name, setter_visibility, setter_visibility_c, required, generate_accessor, display_label, immutable, id) VALUES ('i4ghm6oxcazjt8481s7l9hvk5847obdh00000000000000000000000000000001', 'math_operator', '22mjkyhw0dbz4s5bfnu3o9u2xq12eb35', '0000000000000000000000000000040100000000000000000000000000000403', 'operator', '8i9l0qc578iya9fdcj5cr9okto51dtxo', '20071109NM000000000000000000000520071109NM0000000000000000000001', 0, 'ab4bezehvyayi0f5scavejxfwqfrvy', '7cqcup20enavk8r2pgvt2e785xsv2j8k', '20071109NM000000000000000000000520071109NM0000000000000000000001', 1, 1, 'swf2e5e5q5fq8690hmyqrkkhq4n8ywmvNM200904120000000000000000000030', 0, 'i15s3u96p1pd69lpmmarzeww4epf3lwo00000000000000000000000000000216');
INSERT INTO md_attribute ( id) VALUES ('i15s3u96p1pd69lpmmarzeww4epf3lwo00000000000000000000000000000216');
INSERT INTO metadata ( create_date, seq, type, created_by, last_update_date, last_updated_by, description, locked_by, remove, owner, entity_domain, id, key_name, site_master) VALUES ('2017-06-09 21:41:20', 4897, 'com.runwaysdk.system.metadata.MdAttributeEnumeration', '0000000000000000000000000000001000000000000000000000000000000003', '2017-06-09 21:41:20', '0000000000000000000000000000001000000000000000000000000000000003', '7aki2vh3jgq23rkqhygfok1e8gfsqoilNM200904120000000000000000000030', NULL, 0, '0000000000000000000000000000001000000000000000000000000000000003', NULL, 'i15s3u96p1pd69lpmmarzeww4epf3lwo00000000000000000000000000000216', 'com.runwaysdk.system.Ratio.operator', 'www.runwaysdk.com');
ALTER TABLE ratio ADD COLUMN math_operator  char(32);
ALTER TABLE ratio ADD COLUMN math_operator_c  text;
INSERT INTO class_attribute_concrete ( id, parent_id, child_id) VALUES ('i15s3u96p1pd69lpmmarzeww4epf3lwo00000000000000000000000000000073', 'i4ghm6oxcazjt8481s7l9hvk5847obdh00000000000000000000000000000001', 'i15s3u96p1pd69lpmmarzeww4epf3lwo00000000000000000000000000000216');
INSERT INTO class_attribute ( id, parent_id, child_id) VALUES ('i15s3u96p1pd69lpmmarzeww4epf3lwo00000000000000000000000000000073', 'i4ghm6oxcazjt8481s7l9hvk5847obdh00000000000000000000000000000001', 'i15s3u96p1pd69lpmmarzeww4epf3lwo00000000000000000000000000000216');
INSERT INTO metadata_relationship ( id, created_by, type, last_update_date, site_master, owner, seq, key_name, entity_domain, locked_by, create_date, last_updated_by, parent_id, child_id) VALUES ('i15s3u96p1pd69lpmmarzeww4epf3lwo00000000000000000000000000000073', '0000000000000000000000000000001000000000000000000000000000000003', 'com.runwaysdk.system.metadata.ClassAttributeConcrete', '2017-06-09 21:41:20', 'www.runwaysdk.com', '0000000000000000000000000000001000000000000000000000000000000003', 4898, 'com.runwaysdk.system.Ratio.operator', NULL, NULL, '2017-06-09 21:41:20', '0000000000000000000000000000001000000000000000000000000000000003', 'i4ghm6oxcazjt8481s7l9hvk5847obdh00000000000000000000000000000001', 'i15s3u96p1pd69lpmmarzeww4epf3lwo00000000000000000000000000000216');
INSERT INTO md_attribute_indicies (set_id, item_id)  VALUES  ('78slhb27n539yzohwvr7od6qg4fusmr7', '0000000000000000000000000000040000000000000000000000000000000403');
INSERT INTO visibilitymodifier (set_id, item_id)  VALUES  ('8hm154gefevd4w863xuwxr2aksfjyk9a', '20071109NM000000000000000000000520071109NM0000000000000000000001');
INSERT INTO visibilitymodifier (set_id, item_id)  VALUES  ('t1npbxoagpzcxquib3skuojnfvlvfkmc', '20071109NM000000000000000000000520071109NM0000000000000000000001');
INSERT INTO metadata_display_label ( key_name, id, site_master, default_locale) VALUES ('2c4366sxvqiw4jt6ee6ni2qkcucob8niNM200904120000000000000000000030', '2c4366sxvqiw4jt6ee6ni2qkcucob8niNM200904120000000000000000000030', 'www.runwaysdk.com', 'Right Operand');
INSERT INTO metadata_display_label ( key_name, id, site_master, default_locale) VALUES ('8s6fktkv5kfrchyk5elik7hld4cj3r06NM200904120000000000000000000030', '8s6fktkv5kfrchyk5elik7hld4cj3r06NM200904120000000000000000000030', 'www.runwaysdk.com', 'The right operand in the ratio equation');
INSERT INTO md_attribute_reference ( default_value, md_business, id) VALUES (NULL, 'ir1ltu8kvzpnokiar3jtyuy3ai9f4kiu00000000000000000000000000000001', 'itj6mn845z948ojuiimuob7pm1fxz4ww00000000000000000000000000000186');
INSERT INTO md_attribute_ref ( id) VALUES ('itj6mn845z948ojuiimuob7pm1fxz4ww00000000000000000000000000000186');
INSERT INTO md_attribute_concrete ( defining_md_class, column_name, index_type, index_type_c, attribute_name, getter_visibility, getter_visibility_c, system, index_name, setter_visibility, setter_visibility_c, required, generate_accessor, display_label, immutable, id) VALUES ('i4ghm6oxcazjt8481s7l9hvk5847obdh00000000000000000000000000000001', 'right_operand', '78slhb27n539yzohwvr7od6qg4fusmr7', '0000000000000000000000000000040000000000000000000000000000000403', 'rightOperand', '8hm154gefevd4w863xuwxr2aksfjyk9a', '20071109NM000000000000000000000520071109NM0000000000000000000001', 0, 'a41umqk5cxqkgrvf6p4fpk18ezqizr', 't1npbxoagpzcxquib3skuojnfvlvfkmc', '20071109NM000000000000000000000520071109NM0000000000000000000001', 1, 1, '2c4366sxvqiw4jt6ee6ni2qkcucob8niNM200904120000000000000000000030', 0, 'itj6mn845z948ojuiimuob7pm1fxz4ww00000000000000000000000000000186');
INSERT INTO md_attribute ( id) VALUES ('itj6mn845z948ojuiimuob7pm1fxz4ww00000000000000000000000000000186');
INSERT INTO metadata ( create_date, seq, type, created_by, last_update_date, last_updated_by, description, locked_by, remove, owner, entity_domain, id, key_name, site_master) VALUES ('2017-06-09 21:41:20', 4899, 'com.runwaysdk.system.metadata.MdAttributeReference', '0000000000000000000000000000001000000000000000000000000000000003', '2017-06-09 21:41:20', '0000000000000000000000000000001000000000000000000000000000000003', '8s6fktkv5kfrchyk5elik7hld4cj3r06NM200904120000000000000000000030', NULL, 0, '0000000000000000000000000000001000000000000000000000000000000003', NULL, 'itj6mn845z948ojuiimuob7pm1fxz4ww00000000000000000000000000000186', 'com.runwaysdk.system.Ratio.rightOperand', 'www.runwaysdk.com');
ALTER TABLE ratio ADD COLUMN right_operand  char(64);
INSERT INTO class_attribute_concrete ( id, parent_id, child_id) VALUES ('itj6mn845z948ojuiimuob7pm1fxz4ww00000000000000000000000000000073', 'i4ghm6oxcazjt8481s7l9hvk5847obdh00000000000000000000000000000001', 'itj6mn845z948ojuiimuob7pm1fxz4ww00000000000000000000000000000186');
INSERT INTO class_attribute ( id, parent_id, child_id) VALUES ('itj6mn845z948ojuiimuob7pm1fxz4ww00000000000000000000000000000073', 'i4ghm6oxcazjt8481s7l9hvk5847obdh00000000000000000000000000000001', 'itj6mn845z948ojuiimuob7pm1fxz4ww00000000000000000000000000000186');
INSERT INTO metadata_relationship ( id, created_by, type, last_update_date, site_master, owner, seq, key_name, entity_domain, locked_by, create_date, last_updated_by, parent_id, child_id) VALUES ('itj6mn845z948ojuiimuob7pm1fxz4ww00000000000000000000000000000073', '0000000000000000000000000000001000000000000000000000000000000003', 'com.runwaysdk.system.metadata.ClassAttributeConcrete', '2017-06-09 21:41:20', 'www.runwaysdk.com', '0000000000000000000000000000001000000000000000000000000000000003', 4900, 'com.runwaysdk.system.Ratio.rightOperand', NULL, NULL, '2017-06-09 21:41:20', '0000000000000000000000000000001000000000000000000000000000000003', 'i4ghm6oxcazjt8481s7l9hvk5847obdh00000000000000000000000000000001', 'itj6mn845z948ojuiimuob7pm1fxz4ww00000000000000000000000000000186');
CREATE INDEX a41umqk5cxqkgrvf6p4fpk18ezqizr ON ratio (right_operand);
INSERT INTO class_cache (set_id, item_id)  VALUES  ('zkp6qkg4ueq48xlj8qy9mamcq61lhmd9', '0000000000000000000000000000023100000000000000000000000000000222');
INSERT INTO metadata_display_label ( key_name, id, site_master, default_locale) VALUES ('0csb47sc5s7u6tfcifn4vxbpyw06tvrdNM200904120000000000000000000030', '0csb47sc5s7u6tfcifn4vxbpyw06tvrdNM200904120000000000000000000030', 'www.runwaysdk.com', 'MdAttributeRatio');
INSERT INTO metadata_display_label ( key_name, id, site_master, default_locale) VALUES ('t04yd4pgav9dwzaqx6482n1do3xzetaiNM200904120000000000000000000030', 't04yd4pgav9dwzaqx6482n1do3xzetaiNM200904120000000000000000000030', 'www.runwaysdk.com', 'Ratio attribute metadata');
INSERT INTO md_business ( super_md_business, cache_algorithm, cache_algorithm_c, id) VALUES ('0000000000000000000000000000000200000000000000000000000000000001', 'zkp6qkg4ueq48xlj8qy9mamcq61lhmd9', '0000000000000000000000000000023100000000000000000000000000000222', 'i60dbot7mh1xwisrr1a6r0pfk9ew9r3600000000000000000000000000000001');
INSERT INTO md_element ( is_abstract, extendable, id) VALUES (0, 1, 'i60dbot7mh1xwisrr1a6r0pfk9ew9r3600000000000000000000000000000001');
INSERT INTO md_entity ( cache_size, query_dto_source, has_deterministic_ids, enforce_site_master, query_source, table_name, id) VALUES (0, NULL, 1, 1, NULL, 'md_attribute_ratio', 'i60dbot7mh1xwisrr1a6r0pfk9ew9r3600000000000000000000000000000001');
INSERT INTO md_class ( stub_source, publish, stub_dto_source, id) VALUES (NULL, 1, NULL, 'i60dbot7mh1xwisrr1a6r0pfk9ew9r3600000000000000000000000000000001');
INSERT INTO md_type ( type_name, js_stub, display_label, exported, generate_source, js_base, base_source, package_name, root_id, dto_source, id) VALUES ('MdAttributeRatio', NULL, '0csb47sc5s7u6tfcifn4vxbpyw06tvrdNM200904120000000000000000000030', 1, 1, NULL, NULL, 'com.runwaysdk.system.metadata', 'i60dbot7mh1xwisrr1a6r0pfk9ew9r36', NULL, 'i60dbot7mh1xwisrr1a6r0pfk9ew9r3600000000000000000000000000000001');
INSERT INTO metadata ( create_date, seq, type, created_by, last_update_date, last_updated_by, description, locked_by, remove, owner, entity_domain, id, key_name, site_master) VALUES ('2017-06-09 21:41:20', 4901, 'com.runwaysdk.system.metadata.MdBusiness', '0000000000000000000000000000001000000000000000000000000000000003', '2017-06-09 21:41:20', '0000000000000000000000000000001000000000000000000000000000000003', 't04yd4pgav9dwzaqx6482n1do3xzetaiNM200904120000000000000000000030', NULL, 0, '0000000000000000000000000000001000000000000000000000000000000003', NULL, 'i60dbot7mh1xwisrr1a6r0pfk9ew9r3600000000000000000000000000000001', 'com.runwaysdk.system.metadata.MdAttributeRatio', 'www.runwaysdk.com');
CREATE TABLE md_attribute_ratio ( id CHAR(64) NOT NULL PRIMARY KEY );
INSERT INTO business_inheritance ( id, parent_id, child_id) VALUES ('i60dbot7mh1xwisrr1a6r0pfk9ew9r3620070926NM0000000000000000000004', '0000000000000000000000000000000200000000000000000000000000000001', 'i60dbot7mh1xwisrr1a6r0pfk9ew9r3600000000000000000000000000000001');
INSERT INTO class_inheritance ( id, parent_id, child_id) VALUES ('i60dbot7mh1xwisrr1a6r0pfk9ew9r3620070926NM0000000000000000000004', '0000000000000000000000000000000200000000000000000000000000000001', 'i60dbot7mh1xwisrr1a6r0pfk9ew9r3600000000000000000000000000000001');
INSERT INTO metadata_relationship ( id, created_by, type, last_update_date, site_master, owner, seq, key_name, entity_domain, locked_by, create_date, last_updated_by, parent_id, child_id) VALUES ('i60dbot7mh1xwisrr1a6r0pfk9ew9r3620070926NM0000000000000000000004', '0000000000000000000000000000001000000000000000000000000000000003', 'com.runwaysdk.system.metadata.BusinessInheritance', '2017-06-09 21:41:20', 'www.runwaysdk.com', '0000000000000000000000000000001000000000000000000000000000000003', 4902, 'com.runwaysdk.system.metadata.MdAttributeRatio', NULL, NULL, '2017-06-09 21:41:20', '0000000000000000000000000000001000000000000000000000000000000003', '0000000000000000000000000000000200000000000000000000000000000001', 'i60dbot7mh1xwisrr1a6r0pfk9ew9r3600000000000000000000000000000001');

INSERT INTO md_attribute_indicies (set_id, item_id)  VALUES  ('07rr2e5bzrmn8yhj9w2cv56w36rvpi2l', '0000000000000000000000000000040000000000000000000000000000000403');
INSERT INTO visibilitymodifier (set_id, item_id)  VALUES  ('r5mk0hmu0zhm9wyj8my7b74p121os104', '20071109NM000000000000000000000520071109NM0000000000000000000001');
INSERT INTO visibilitymodifier (set_id, item_id)  VALUES  ('27o7wd4vus302dokle8phcqiiozuihce', '20071109NM000000000000000000000520071109NM0000000000000000000001');
INSERT INTO metadata_display_label ( key_name, id, site_master, default_locale) VALUES ('xgfz32dilxuw4slizo4zsq46g4xfq4w9NM200904120000000000000000000030', 'xgfz32dilxuw4slizo4zsq46g4xfq4w9NM200904120000000000000000000030', 'www.runwaysdk.com', 'Ratio');
INSERT INTO metadata_display_label ( key_name, id, site_master, default_locale) VALUES ('xhw4g1nzejp908w4gcx6zwnpviamzzdoNM200904120000000000000000000030', 'xhw4g1nzejp908w4gcx6zwnpviamzzdoNM200904120000000000000000000030', 'www.runwaysdk.com', 'Reference to a Ratio object');
INSERT INTO md_attribute_reference ( default_value, md_business, id) VALUES (NULL, 'i4ghm6oxcazjt8481s7l9hvk5847obdh00000000000000000000000000000001', 'ic8r1h1phtiqixir8gacyjfxbwhwa20h00000000000000000000000000000186');
INSERT INTO md_attribute_ref ( id) VALUES ('ic8r1h1phtiqixir8gacyjfxbwhwa20h00000000000000000000000000000186');
INSERT INTO md_attribute_concrete ( defining_md_class, column_name, index_type, index_type_c, attribute_name, getter_visibility, getter_visibility_c, system, index_name, setter_visibility, setter_visibility_c, required, generate_accessor, display_label, immutable, id) VALUES ('i60dbot7mh1xwisrr1a6r0pfk9ew9r3600000000000000000000000000000001', 'ratio', '07rr2e5bzrmn8yhj9w2cv56w36rvpi2l', '0000000000000000000000000000040000000000000000000000000000000403', 'ratio', 'r5mk0hmu0zhm9wyj8my7b74p121os104', '20071109NM000000000000000000000520071109NM0000000000000000000001', 0, 'aru5y2g8tjhbfxgks0yis54cyqah76', '27o7wd4vus302dokle8phcqiiozuihce', '20071109NM000000000000000000000520071109NM0000000000000000000001', 1, 1, 'xgfz32dilxuw4slizo4zsq46g4xfq4w9NM200904120000000000000000000030', 0, 'ic8r1h1phtiqixir8gacyjfxbwhwa20h00000000000000000000000000000186');
INSERT INTO md_attribute ( id) VALUES ('ic8r1h1phtiqixir8gacyjfxbwhwa20h00000000000000000000000000000186');
INSERT INTO metadata ( create_date, seq, type, created_by, last_update_date, last_updated_by, description, locked_by, remove, owner, entity_domain, id, key_name, site_master) VALUES ('2017-06-09 21:41:20', 4903, 'com.runwaysdk.system.metadata.MdAttributeReference', '0000000000000000000000000000001000000000000000000000000000000003', '2017-06-09 21:41:20', '0000000000000000000000000000001000000000000000000000000000000003', 'xhw4g1nzejp908w4gcx6zwnpviamzzdoNM200904120000000000000000000030', NULL, 0, '0000000000000000000000000000001000000000000000000000000000000003', NULL, 'ic8r1h1phtiqixir8gacyjfxbwhwa20h00000000000000000000000000000186', 'com.runwaysdk.system.metadata.MdAttributeRatio.ratio', 'www.runwaysdk.com');
ALTER TABLE md_attribute_ratio ADD COLUMN ratio  char(64);
INSERT INTO class_attribute_concrete ( id, parent_id, child_id) VALUES ('ic8r1h1phtiqixir8gacyjfxbwhwa20h00000000000000000000000000000073', 'i60dbot7mh1xwisrr1a6r0pfk9ew9r3600000000000000000000000000000001', 'ic8r1h1phtiqixir8gacyjfxbwhwa20h00000000000000000000000000000186');
INSERT INTO class_attribute ( id, parent_id, child_id) VALUES ('ic8r1h1phtiqixir8gacyjfxbwhwa20h00000000000000000000000000000073', 'i60dbot7mh1xwisrr1a6r0pfk9ew9r3600000000000000000000000000000001', 'ic8r1h1phtiqixir8gacyjfxbwhwa20h00000000000000000000000000000186');
INSERT INTO metadata_relationship ( id, created_by, type, last_update_date, site_master, owner, seq, key_name, entity_domain, locked_by, create_date, last_updated_by, parent_id, child_id) VALUES ('ic8r1h1phtiqixir8gacyjfxbwhwa20h00000000000000000000000000000073', '0000000000000000000000000000001000000000000000000000000000000003', 'com.runwaysdk.system.metadata.ClassAttributeConcrete', '2017-06-09 21:41:20', 'www.runwaysdk.com', '0000000000000000000000000000001000000000000000000000000000000003', 4904, 'com.runwaysdk.system.metadata.MdAttributeRatio.ratio', NULL, NULL, '2017-06-09 21:41:20', '0000000000000000000000000000001000000000000000000000000000000003', 'i60dbot7mh1xwisrr1a6r0pfk9ew9r3600000000000000000000000000000001', 'ic8r1h1phtiqixir8gacyjfxbwhwa20h00000000000000000000000000000186');
CREATE INDEX aru5y2g8tjhbfxgks0yis54cyqah76 ON md_attribute_ratio (ratio);
UPDATE md_business SET cache_algorithm= '220qaao25sbukehqrbnzrdzc1wsfbiy1' , cache_algorithm_c= '0000000000000000000000000000023000000000000000000000000000000222' , id= 'ir1ltu8kvzpnokiar3jtyuy3ai9f4kiu00000000000000000000000000000001'  WHERE id='ir1ltu8kvzpnokiar3jtyuy3ai9f4kiu00000000000000000000000000000001';
UPDATE md_element SET is_abstract= 1 , id= 'ir1ltu8kvzpnokiar3jtyuy3ai9f4kiu00000000000000000000000000000001'  WHERE id='ir1ltu8kvzpnokiar3jtyuy3ai9f4kiu00000000000000000000000000000001';
UPDATE md_entity SET has_deterministic_ids= 1 , table_name= 'ratio_element' , id= 'ir1ltu8kvzpnokiar3jtyuy3ai9f4kiu00000000000000000000000000000001'  WHERE id='ir1ltu8kvzpnokiar3jtyuy3ai9f4kiu00000000000000000000000000000001';
UPDATE md_type SET type_name= 'RatioElement' , display_label= 's9ntz6c7827742ybdiqtevh4ksm6fph0NM200904120000000000000000000030' , package_name= 'com.runwaysdk.system' , root_id= 'ir1ltu8kvzpnokiar3jtyuy3ai9f4kiu' , id= 'ir1ltu8kvzpnokiar3jtyuy3ai9f4kiu00000000000000000000000000000001'  WHERE id='ir1ltu8kvzpnokiar3jtyuy3ai9f4kiu00000000000000000000000000000001';
UPDATE metadata SET create_date= '2017-06-09 21:41:20' , seq= 4905 , type= 'com.runwaysdk.system.metadata.MdBusiness' , created_by= '0000000000000000000000000000001000000000000000000000000000000003' , last_update_date= '2017-06-09 21:41:20' , last_updated_by= '0000000000000000000000000000001000000000000000000000000000000003' , description= 'smmsl7jfce7wjipa3rof7h1kmffzu3jvNM200904120000000000000000000030' , remove= 0 , owner= '0000000000000000000000000000001000000000000000000000000000000003' , id= 'ir1ltu8kvzpnokiar3jtyuy3ai9f4kiu00000000000000000000000000000001' , key_name= 'com.runwaysdk.system.RatioElement' , site_master= 'www.runwaysdk.com'  WHERE id='ir1ltu8kvzpnokiar3jtyuy3ai9f4kiu00000000000000000000000000000001';
UPDATE md_business SET super_md_business= 'ir1ltu8kvzpnokiar3jtyuy3ai9f4kiu00000000000000000000000000000001' , cache_algorithm= '2d061d0322e6j20cr94sk6phsulpo3yw' , cache_algorithm_c= '0000000000000000000000000000023100000000000000000000000000000222' , id= 'i4ghm6oxcazjt8481s7l9hvk5847obdh00000000000000000000000000000001'  WHERE id='i4ghm6oxcazjt8481s7l9hvk5847obdh00000000000000000000000000000001';
UPDATE md_element SET extendable= 0 , id= 'i4ghm6oxcazjt8481s7l9hvk5847obdh00000000000000000000000000000001'  WHERE id='i4ghm6oxcazjt8481s7l9hvk5847obdh00000000000000000000000000000001';
UPDATE md_entity SET table_name= 'ratio' , id= 'i4ghm6oxcazjt8481s7l9hvk5847obdh00000000000000000000000000000001'  WHERE id='i4ghm6oxcazjt8481s7l9hvk5847obdh00000000000000000000000000000001';
UPDATE md_type SET type_name= 'Ratio' , display_label= '6xym9nefub5etu7tk5qqxyui3z4o0ndxNM200904120000000000000000000030' , package_name= 'com.runwaysdk.system' , root_id= 'i4ghm6oxcazjt8481s7l9hvk5847obdh' , id= 'i4ghm6oxcazjt8481s7l9hvk5847obdh00000000000000000000000000000001'  WHERE id='i4ghm6oxcazjt8481s7l9hvk5847obdh00000000000000000000000000000001';
UPDATE metadata SET create_date= '2017-06-09 21:41:20' , seq= 4906 , type= 'com.runwaysdk.system.metadata.MdBusiness' , created_by= '0000000000000000000000000000001000000000000000000000000000000003' , last_update_date= '2017-06-09 21:41:20' , last_updated_by= '0000000000000000000000000000001000000000000000000000000000000003' , description= '1y08cpm98wzhhc9pne2iz185t83cnw1vNM200904120000000000000000000030' , remove= 0 , owner= '0000000000000000000000000000001000000000000000000000000000000003' , id= 'i4ghm6oxcazjt8481s7l9hvk5847obdh00000000000000000000000000000001' , key_name= 'com.runwaysdk.system.Ratio' , site_master= 'www.runwaysdk.com'  WHERE id='i4ghm6oxcazjt8481s7l9hvk5847obdh00000000000000000000000000000001';
UPDATE md_business SET super_md_business= '0000000000000000000000000000020600000000000000000000000000000001' , cache_algorithm= '2808s42d7uf9gjhuefmgv6puldui8zzx' , cache_algorithm_c= '0000000000000000000000000000023100000000000000000000000000000222' , id= 'iay1lnfv06jjggrwvp9eyiuh8nx9zugs00000000000000000000000000000001'  WHERE id='iay1lnfv06jjggrwvp9eyiuh8nx9zugs00000000000000000000000000000001';
UPDATE md_element SET extendable= 0 , id= 'iay1lnfv06jjggrwvp9eyiuh8nx9zugs00000000000000000000000000000001'  WHERE id='iay1lnfv06jjggrwvp9eyiuh8nx9zugs00000000000000000000000000000001';
UPDATE md_entity SET has_deterministic_ids= 1 , table_name= 'math_operator' , id= 'iay1lnfv06jjggrwvp9eyiuh8nx9zugs00000000000000000000000000000001'  WHERE id='iay1lnfv06jjggrwvp9eyiuh8nx9zugs00000000000000000000000000000001';
UPDATE md_type SET type_name= 'MathOperator' , display_label= '759452vmwzo7fkhn3gx3vgsb5knvzy7fNM200904120000000000000000000030' , package_name= 'com.runwaysdk.system' , root_id= 'iay1lnfv06jjggrwvp9eyiuh8nx9zugs' , id= 'iay1lnfv06jjggrwvp9eyiuh8nx9zugs00000000000000000000000000000001'  WHERE id='iay1lnfv06jjggrwvp9eyiuh8nx9zugs00000000000000000000000000000001';
UPDATE metadata SET create_date= '2017-06-09 21:41:20' , seq= 4907 , type= 'com.runwaysdk.system.metadata.MdBusiness' , created_by= '0000000000000000000000000000001000000000000000000000000000000003' , last_update_date= '2017-06-09 21:41:20' , last_updated_by= '0000000000000000000000000000001000000000000000000000000000000003' , description= 'xsdivatqnmu9pw7esgwlj0wi4u7ewelfNM200904120000000000000000000030' , remove= 0 , owner= '0000000000000000000000000000001000000000000000000000000000000003' , id= 'iay1lnfv06jjggrwvp9eyiuh8nx9zugs00000000000000000000000000000001' , key_name= 'com.runwaysdk.system.MathOperator' , site_master= 'www.runwaysdk.com'  WHERE id='iay1lnfv06jjggrwvp9eyiuh8nx9zugs00000000000000000000000000000001';
UPDATE md_business SET super_md_business= '0000000000000000000000000000000200000000000000000000000000000001' , cache_algorithm= 'zkp6qkg4ueq48xlj8qy9mamcq61lhmd9' , cache_algorithm_c= '0000000000000000000000000000023100000000000000000000000000000222' , id= 'i60dbot7mh1xwisrr1a6r0pfk9ew9r3600000000000000000000000000000001'  WHERE id='i60dbot7mh1xwisrr1a6r0pfk9ew9r3600000000000000000000000000000001';
UPDATE md_entity SET has_deterministic_ids= 1 , table_name= 'md_attribute_ratio' , id= 'i60dbot7mh1xwisrr1a6r0pfk9ew9r3600000000000000000000000000000001'  WHERE id='i60dbot7mh1xwisrr1a6r0pfk9ew9r3600000000000000000000000000000001';
UPDATE md_type SET type_name= 'MdAttributeRatio' , display_label= '0csb47sc5s7u6tfcifn4vxbpyw06tvrdNM200904120000000000000000000030' , package_name= 'com.runwaysdk.system.metadata' , root_id= 'i60dbot7mh1xwisrr1a6r0pfk9ew9r36' , id= 'i60dbot7mh1xwisrr1a6r0pfk9ew9r3600000000000000000000000000000001'  WHERE id='i60dbot7mh1xwisrr1a6r0pfk9ew9r3600000000000000000000000000000001';
UPDATE metadata SET create_date= '2017-06-09 21:41:20' , seq= 4908 , type= 'com.runwaysdk.system.metadata.MdBusiness' , created_by= '0000000000000000000000000000001000000000000000000000000000000003' , last_update_date= '2017-06-09 21:41:20' , last_updated_by= '0000000000000000000000000000001000000000000000000000000000000003' , description= 't04yd4pgav9dwzaqx6482n1do3xzetaiNM200904120000000000000000000030' , remove= 0 , owner= '0000000000000000000000000000001000000000000000000000000000000003' , id= 'i60dbot7mh1xwisrr1a6r0pfk9ew9r3600000000000000000000000000000001' , key_name= 'com.runwaysdk.system.metadata.MdAttributeRatio' , site_master= 'www.runwaysdk.com'  WHERE id='i60dbot7mh1xwisrr1a6r0pfk9ew9r3600000000000000000000000000000001';
UPDATE md_enumeration SET master_md_business= 'iay1lnfv06jjggrwvp9eyiuh8nx9zugs00000000000000000000000000000001' , table_name= 'ratio_math_operations' , include_all= 1 , id= 'i1t3suqzdtm4k2jf5r616jj7puf95nmt00000000000000000000000000000196'  WHERE id='i1t3suqzdtm4k2jf5r616jj7puf95nmt00000000000000000000000000000196';
UPDATE md_type SET type_name= 'RatioOperator' , display_label= '1x9bwhpynlu672ksb7r3m8b8gs7047nmNM200904120000000000000000000030' , package_name= 'com.runwaysdk.system' , root_id= 'i1t3suqzdtm4k2jf5r616jj7puf95nmt' , id= 'i1t3suqzdtm4k2jf5r616jj7puf95nmt00000000000000000000000000000196'  WHERE id='i1t3suqzdtm4k2jf5r616jj7puf95nmt00000000000000000000000000000196';
UPDATE metadata SET create_date= '2017-06-09 21:41:20' , seq= 4909 , type= 'com.runwaysdk.system.metadata.MdEnumeration' , created_by= '0000000000000000000000000000001000000000000000000000000000000003' , last_update_date= '2017-06-09 21:41:20' , last_updated_by= '0000000000000000000000000000001000000000000000000000000000000003' , description= '1xqmq6sanzrlf3hx25la4p1uh3wpxrcmNM200904120000000000000000000030' , remove= 0 , owner= '0000000000000000000000000000001000000000000000000000000000000003' , id= 'i1t3suqzdtm4k2jf5r616jj7puf95nmt00000000000000000000000000000196' , key_name= 'com.runwaysdk.system.RatioOperator' , site_master= 'www.runwaysdk.com'  WHERE id='i1t3suqzdtm4k2jf5r616jj7puf95nmt00000000000000000000000000000196';
UPDATE md_business SET super_md_business= 'ir1ltu8kvzpnokiar3jtyuy3ai9f4kiu00000000000000000000000000000001' , cache_algorithm= '0qbe8pecgj6x16txxpfieemeevqx1x2f' , cache_algorithm_c= '0000000000000000000000000000023100000000000000000000000000000222' , id= 'i3obk3gttdjxbk2ko1x7gor2e9y5zlig00000000000000000000000000000001'  WHERE id='i3obk3gttdjxbk2ko1x7gor2e9y5zlig00000000000000000000000000000001';
UPDATE md_element SET extendable= 0 , id= 'i3obk3gttdjxbk2ko1x7gor2e9y5zlig00000000000000000000000000000001'  WHERE id='i3obk3gttdjxbk2ko1x7gor2e9y5zlig00000000000000000000000000000001';
UPDATE md_entity SET table_name= 'ratio_primitive' , id= 'i3obk3gttdjxbk2ko1x7gor2e9y5zlig00000000000000000000000000000001'  WHERE id='i3obk3gttdjxbk2ko1x7gor2e9y5zlig00000000000000000000000000000001';
UPDATE md_type SET type_name= 'RatioPrimitive' , display_label= '0ku6gdtgu83iwnm6uznhk4hcxdd2t096NM200904120000000000000000000030' , package_name= 'com.runwaysdk.system' , root_id= 'i3obk3gttdjxbk2ko1x7gor2e9y5zlig' , id= 'i3obk3gttdjxbk2ko1x7gor2e9y5zlig00000000000000000000000000000001'  WHERE id='i3obk3gttdjxbk2ko1x7gor2e9y5zlig00000000000000000000000000000001';
UPDATE metadata SET create_date= '2017-06-09 21:41:20' , seq= 4910 , type= 'com.runwaysdk.system.metadata.MdBusiness' , created_by= '0000000000000000000000000000001000000000000000000000000000000003' , last_update_date= '2017-06-09 21:41:20' , last_updated_by= '0000000000000000000000000000001000000000000000000000000000000003' , description= '0hszwowi2itufq0arsi3ypl833s8r4gkNM200904120000000000000000000030' , remove= 0 , owner= '0000000000000000000000000000001000000000000000000000000000000003' , id= 'i3obk3gttdjxbk2ko1x7gor2e9y5zlig00000000000000000000000000000001' , key_name= 'com.runwaysdk.system.RatioPrimitive' , site_master= 'www.runwaysdk.com'  WHERE id='i3obk3gttdjxbk2ko1x7gor2e9y5zlig00000000000000000000000000000001';

