<?xml version="1.0"?>
<tree id="0"><item id="/dhtmlxcalendar.css" text="dhtmlxcalendar.css"><userdata name="desc">calendar basic css</userdata><userdata name="edition">any</userdata><userdata name="insrc">false</userdata><userdata name="inapi">true</userdata></item><item id="/dhtmlxcalendar.js" select="1" text="dhtmlxcalendar.js"><userdata name="desc">calendar library</userdata><userdata name="edition">any</userdata><userdata name="insrc">true</userdata><userdata name="inapi">true</userdata></item></tree>
