INSERT INTO dynamic_properties ( version_number, id) VALUES ('0000000967652950', '000000000000000000000');
DELETE FROM virtualize_attribute WHERE id = 'sez406wdggcn3rffg9un0cre1fzso5iuNM200811200000000000000000000023';
DELETE FROM metadata_relationship WHERE id = 'sez406wdggcn3rffg9un0cre1fzso5iuNM200811200000000000000000000023' AND seq = 2827;
DELETE FROM class_attribute_virtual WHERE id = 'sltlmstwun8lt1gum8b2abt0l3ihcipmNM200811060000000000000000000005';
DELETE FROM class_attribute WHERE id = 'sltlmstwun8lt1gum8b2abt0l3ihcipmNM200811060000000000000000000005';
DELETE FROM metadata_relationship WHERE id = 'sltlmstwun8lt1gum8b2abt0l3ihcipmNM200811060000000000000000000005' AND seq = 2826;
DELETE FROM metadata_display_label WHERE id = '8yp7ajbwu6kqvp7ljfpchnst1ac0vp7oNM200904120000000000000000000030';
DELETE FROM metadata_display_label WHERE id = 'xuoora2gxqjaejbnctks363cogmq5vykNM200904120000000000000000000030';
DELETE FROM md_attribute_virtual WHERE id = '0ijty3pqvo1xkcuwxowmhxgxm5avkxxdNM200811060000000000000000000001';
DELETE FROM md_attribute WHERE id = '0ijty3pqvo1xkcuwxowmhxgxm5avkxxdNM200811060000000000000000000001';
DELETE FROM metadata WHERE id = '0ijty3pqvo1xkcuwxowmhxgxm5avkxxdNM200811060000000000000000000001' AND seq = 3795;
DELETE FROM class_attribute_concrete WHERE id = '1w1qmx9tj5b43ae7fmndvumy1k6gmbrc00000000000000000000000000000073';
DELETE FROM class_attribute WHERE id = '1w1qmx9tj5b43ae7fmndvumy1k6gmbrc00000000000000000000000000000073';
DELETE FROM metadata_relationship WHERE id = '1w1qmx9tj5b43ae7fmndvumy1k6gmbrc00000000000000000000000000000073' AND seq = 2727;
DELETE FROM metadata_display_label WHERE id = '09bgw0ud5cu8jh66dedudc2dtp6s4wi7NM200904120000000000000000000030';
DELETE FROM metadata_display_label WHERE id = '07j336soc9zjmbomhresws7y9xx9lit0NM200904120000000000000000000030';
DELETE FROM visibilitymodifier WHERE set_id='0pbrtdgbci8c8dmkhwn5910ansy6q71n';
DELETE FROM metadata_display_label WHERE id = '1s4v1n09pqiansu2bskrlo6yv32yakahNM200904120000000000000000000030';
DELETE FROM visibilitymodifier WHERE set_id='xulmh8eg1t7mhhosiq9w1sglgvkoba2f';
DELETE FROM md_attribute_indicies WHERE set_id='90y1bjrzdmfgtcbqselulhmjozkvrdx1';
DELETE FROM metadata_display_label WHERE id = '0seopwbfas6skfpp2zh1s1u5r4ydvjstNM200904120000000000000000000030';
DELETE FROM md_attribute_boolean WHERE id = 'swti0hdell2lrm4zatw88zign57pijso00000000000000000000000000000194';
DELETE FROM md_attribute_primitive WHERE id = 'swti0hdell2lrm4zatw88zign57pijso00000000000000000000000000000194';
DELETE FROM md_attribute_concrete WHERE id = 'swti0hdell2lrm4zatw88zign57pijso00000000000000000000000000000194';
DELETE FROM md_attribute WHERE id = 'swti0hdell2lrm4zatw88zign57pijso00000000000000000000000000000194';
DELETE FROM metadata WHERE id = 'swti0hdell2lrm4zatw88zign57pijso00000000000000000000000000000194' AND seq = 3454;
DELETE FROM virtualize_attribute WHERE id = '21hqcyb5ajqgz9m8ps210oaa2dzyrh1kNM200811200000000000000000000023';
DELETE FROM metadata_relationship WHERE id = '21hqcyb5ajqgz9m8ps210oaa2dzyrh1kNM200811200000000000000000000023' AND seq = 2811;
DELETE FROM class_attribute_virtual WHERE id = 'xet2oip7le7prcqlk7jku5ny4tgpecbeNM200811060000000000000000000005';
DELETE FROM class_attribute WHERE id = 'xet2oip7le7prcqlk7jku5ny4tgpecbeNM200811060000000000000000000005';
DELETE FROM metadata_relationship WHERE id = 'xet2oip7le7prcqlk7jku5ny4tgpecbeNM200811060000000000000000000005' AND seq = 2810;
DELETE FROM metadata_display_label WHERE id = '0llyonvz51i8ipbq2r2ncpa1l8k0iz5rNM200904120000000000000000000030';
DELETE FROM metadata_display_label WHERE id = 'sy7n733j13krl3z875u7ubydpjtkg57bNM200904120000000000000000000030';
DELETE FROM md_attribute_virtual WHERE id = '728dfdjyxmdro0pcst03xf6dv61fzephNM200811060000000000000000000001';
DELETE FROM md_attribute WHERE id = '728dfdjyxmdro0pcst03xf6dv61fzephNM200811060000000000000000000001';
DELETE FROM metadata WHERE id = '728dfdjyxmdro0pcst03xf6dv61fzephNM200811060000000000000000000001' AND seq = 3803;
DELETE FROM class_attribute_concrete WHERE id = 'x98e9imya3winiadaz6kf01c2wxmcsvj00000000000000000000000000000073';
DELETE FROM class_attribute WHERE id = 'x98e9imya3winiadaz6kf01c2wxmcsvj00000000000000000000000000000073';
DELETE FROM metadata_relationship WHERE id = 'x98e9imya3winiadaz6kf01c2wxmcsvj00000000000000000000000000000073' AND seq = 2731;
DELETE FROM metadata_display_label WHERE id = '0th7hhjqzaodmllnrt1tzz6uc6in42xyNM200904120000000000000000000030';
DELETE FROM metadata_display_label WHERE id = '94t613jzrqaaz6z1vz9a6fctef20ytwtNM200904120000000000000000000030';
DELETE FROM visibilitymodifier WHERE set_id='1ul19sm13ca1u1zb7uzzrhe9whtaho7t';
DELETE FROM metadata_display_label WHERE id = '8g2zizz4v98ce7tuw8lc5uzfows8xkv6NM200904120000000000000000000030';
DELETE FROM visibilitymodifier WHERE set_id='xaskuorkb1rzix8haa6efvo5kc7za32k';
DELETE FROM md_attribute_indicies WHERE set_id='6ntqrwdaz30r8efjraixseygsp21ugy7';
DELETE FROM metadata_display_label WHERE id = 'xqubqsd2nxy7jtdkrie0qaer5f26eipmNM200904120000000000000000000030';
DELETE FROM md_attribute_boolean WHERE id = 's9bsvcfqldftnahxte06o55wv0o8q19a00000000000000000000000000000194';
DELETE FROM md_attribute_primitive WHERE id = 's9bsvcfqldftnahxte06o55wv0o8q19a00000000000000000000000000000194';
DELETE FROM md_attribute_concrete WHERE id = 's9bsvcfqldftnahxte06o55wv0o8q19a00000000000000000000000000000194';
DELETE FROM md_attribute WHERE id = 's9bsvcfqldftnahxte06o55wv0o8q19a00000000000000000000000000000194';
DELETE FROM metadata WHERE id = 's9bsvcfqldftnahxte06o55wv0o8q19a00000000000000000000000000000194' AND seq = 3440;
DELETE FROM virtualize_attribute WHERE id = '01fya5piddw9zzfhbzzqjirvjxjn32xaNM200811200000000000000000000023';
DELETE FROM metadata_relationship WHERE id = '01fya5piddw9zzfhbzzqjirvjxjn32xaNM200811200000000000000000000023' AND seq = 2809;
DELETE FROM class_attribute_virtual WHERE id = 'sixelunmkrowwsrbgyo2ga447f7elyeeNM200811060000000000000000000005';
DELETE FROM class_attribute WHERE id = 'sixelunmkrowwsrbgyo2ga447f7elyeeNM200811060000000000000000000005';
DELETE FROM metadata_relationship WHERE id = 'sixelunmkrowwsrbgyo2ga447f7elyeeNM200811060000000000000000000005' AND seq = 2808;
DELETE FROM metadata_display_label WHERE id = 'sgjyacs8jps23a8disw43lzc26ef92qnNM200904120000000000000000000030';
DELETE FROM metadata_display_label WHERE id = '0rk9vqdh40kp4pe0obbrt1cwtlxkf7scNM200904120000000000000000000030';
DELETE FROM md_attribute_virtual WHERE id = 'qymd4rhbxjxy3yuj2pfj2y38k0irzq3aNM200811060000000000000000000001';
DELETE FROM md_attribute WHERE id = 'qymd4rhbxjxy3yuj2pfj2y38k0irzq3aNM200811060000000000000000000001';
DELETE FROM metadata WHERE id = 'qymd4rhbxjxy3yuj2pfj2y38k0irzq3aNM200811060000000000000000000001' AND seq = 3802;
DELETE FROM class_attribute_concrete WHERE id = 'x9t1esvd5hdrlykghg1do55jh5lpmikf00000000000000000000000000000073';
DELETE FROM class_attribute WHERE id = 'x9t1esvd5hdrlykghg1do55jh5lpmikf00000000000000000000000000000073';
DELETE FROM metadata_relationship WHERE id = 'x9t1esvd5hdrlykghg1do55jh5lpmikf00000000000000000000000000000073' AND seq = 2735;
DELETE FROM metadata_display_label WHERE id = 'qny4af8d0pzeh1m2o40bichrxnsz79tqNM200904120000000000000000000030';
DELETE FROM metadata_display_label WHERE id = 'xx0ch8l2k0r6qc6a56i9ae2l63roqmddNM200904120000000000000000000030';
DELETE FROM visibilitymodifier WHERE set_id='1nyw9tt709ims8on7glztuy5iro7kidr';
DELETE FROM metadata_display_label WHERE id = '1vx9799hxttg34vgm32j0n7utq98g9q8NM200904120000000000000000000030';
DELETE FROM visibilitymodifier WHERE set_id='z7ulo1h7ndg9h7kjex4gik7mcsit1n2x';
DELETE FROM md_attribute_indicies WHERE set_id='xhr7yn00ga2tfjsqjp3es72ooqfgs0kj';
DELETE FROM metadata_display_label WHERE id = '2dtuci5348ndwopxsq04q3l8kxije8m8NM200904120000000000000000000030';
DELETE FROM md_attribute_boolean WHERE id = '25q4ui5xj819gauulaqompxmrhw2kabb00000000000000000000000000000194';
DELETE FROM md_attribute_primitive WHERE id = '25q4ui5xj819gauulaqompxmrhw2kabb00000000000000000000000000000194';
DELETE FROM md_attribute_concrete WHERE id = '25q4ui5xj819gauulaqompxmrhw2kabb00000000000000000000000000000194';
DELETE FROM md_attribute WHERE id = '25q4ui5xj819gauulaqompxmrhw2kabb00000000000000000000000000000194';
DELETE FROM metadata WHERE id = '25q4ui5xj819gauulaqompxmrhw2kabb00000000000000000000000000000194' AND seq = 3452;
DELETE FROM virtualize_attribute WHERE id = 'xh3rydy766ty0hprprt72f0iz08jicthNM200811200000000000000000000023';
DELETE FROM metadata_relationship WHERE id = 'xh3rydy766ty0hprprt72f0iz08jicthNM200811200000000000000000000023' AND seq = 2835;
DELETE FROM class_attribute_virtual WHERE id = 'sog1x3kauo6hay0ihkkeyj8rxj4q460kNM200811060000000000000000000005';
DELETE FROM class_attribute WHERE id = 'sog1x3kauo6hay0ihkkeyj8rxj4q460kNM200811060000000000000000000005';
DELETE FROM metadata_relationship WHERE id = 'sog1x3kauo6hay0ihkkeyj8rxj4q460kNM200811060000000000000000000005' AND seq = 2834;
DELETE FROM metadata_display_label WHERE id = '1wfnhonea7buy6irtkwcemglvsdixrmlNM200904120000000000000000000030';
DELETE FROM metadata_display_label WHERE id = 'stsgyco11qnvw9rjccqzy9ieunprtdc8NM200904120000000000000000000030';
DELETE FROM md_attribute_virtual WHERE id = 'zo95gh0n96jy456h4i7h3fzuaomdb45uNM200811060000000000000000000001';
DELETE FROM md_attribute WHERE id = 'zo95gh0n96jy456h4i7h3fzuaomdb45uNM200811060000000000000000000001';
DELETE FROM metadata WHERE id = 'zo95gh0n96jy456h4i7h3fzuaomdb45uNM200811060000000000000000000001' AND seq = 3814;
DELETE FROM class_attribute_concrete WHERE id = '6z731n8kiz0w15uhyo2n0h1xepjnt17y00000000000000000000000000000073';
DELETE FROM class_attribute WHERE id = '6z731n8kiz0w15uhyo2n0h1xepjnt17y00000000000000000000000000000073';
DELETE FROM metadata_relationship WHERE id = '6z731n8kiz0w15uhyo2n0h1xepjnt17y00000000000000000000000000000073' AND seq = 2736;
DELETE FROM metadata_display_label WHERE id = '6tcvcfevixsy4ty57mc3doodprasg8m3NM200904120000000000000000000030';
DELETE FROM metadata_display_label WHERE id = 'sib4tfwbwlunv87jrare2kpnj42w77ruNM200904120000000000000000000030';
DELETE FROM visibilitymodifier WHERE set_id='0mlz3gfniqnj3mzpbsewgsy65tu9718j';
DELETE FROM metadata_display_label WHERE id = 'xahyrg34k32cvktzsrne437oy80j8g4pNM200904120000000000000000000030';
DELETE FROM visibilitymodifier WHERE set_id='sq9flr9c5l43dbp4iajrry5icilzsceg';
DELETE FROM md_attribute_indicies WHERE set_id='z1z7fi50bi514rixodggzp478fdgzr58';
DELETE FROM metadata_display_label WHERE id = '0l70zkb81ovseflysu57xwiuw5mjyuvlNM200904120000000000000000000030';
DELETE FROM md_attribute_boolean WHERE id = 'y0kxd2fujadac3om2beynhcbhkc8i86i00000000000000000000000000000194';
DELETE FROM md_attribute_primitive WHERE id = 'y0kxd2fujadac3om2beynhcbhkc8i86i00000000000000000000000000000194';
DELETE FROM md_attribute_concrete WHERE id = 'y0kxd2fujadac3om2beynhcbhkc8i86i00000000000000000000000000000194';
DELETE FROM md_attribute WHERE id = 'y0kxd2fujadac3om2beynhcbhkc8i86i00000000000000000000000000000194';
DELETE FROM metadata WHERE id = 'y0kxd2fujadac3om2beynhcbhkc8i86i00000000000000000000000000000194' AND seq = 3433;
DELETE FROM virtualize_attribute WHERE id = 'z4c8ibrioyahyr2n2ry2tz25x0pci83eNM200811200000000000000000000023';
DELETE FROM metadata_relationship WHERE id = 'z4c8ibrioyahyr2n2ry2tz25x0pci83eNM200811200000000000000000000023' AND seq = 2831;
DELETE FROM class_attribute_virtual WHERE id = 'zi8xf4eb66hvc75fz90qhmucozoeeuywNM200811060000000000000000000005';
DELETE FROM class_attribute WHERE id = 'zi8xf4eb66hvc75fz90qhmucozoeeuywNM200811060000000000000000000005';
DELETE FROM metadata_relationship WHERE id = 'zi8xf4eb66hvc75fz90qhmucozoeeuywNM200811060000000000000000000005' AND seq = 2830;
DELETE FROM metadata_display_label WHERE id = 'sos4sy9zbc5tyuztlqf8wksidjasoh99NM200904120000000000000000000030';
DELETE FROM metadata_display_label WHERE id = 'san7u2fxehi90a2s5s5rsxynqv9gez2aNM200904120000000000000000000030';
DELETE FROM md_attribute_virtual WHERE id = 'raiquazqqfzhjomzzcx1c8p21ztpy75eNM200811060000000000000000000001';
DELETE FROM md_attribute WHERE id = 'raiquazqqfzhjomzzcx1c8p21ztpy75eNM200811060000000000000000000001';
DELETE FROM metadata WHERE id = 'raiquazqqfzhjomzzcx1c8p21ztpy75eNM200811060000000000000000000001' AND seq = 3812;
DELETE FROM class_attribute_concrete WHERE id = '8dbpb6gqjffvlwrdlequ2jt1d9p8astc00000000000000000000000000000073';
DELETE FROM class_attribute WHERE id = '8dbpb6gqjffvlwrdlequ2jt1d9p8astc00000000000000000000000000000073';
DELETE FROM metadata_relationship WHERE id = '8dbpb6gqjffvlwrdlequ2jt1d9p8astc00000000000000000000000000000073' AND seq = 2725;
DELETE FROM metadata_display_label WHERE id = 'xdbbuk4fratd0nixayugz3ka4c1lqg0fNM200904120000000000000000000030';
DELETE FROM metadata_display_label WHERE id = '08d5jn1mnckbl7jn72up3kv9cejmqni8NM200904120000000000000000000030';
DELETE FROM visibilitymodifier WHERE set_id='qlfl5h68m386iqbc6dhj71zsfg12itd1';
DELETE FROM metadata_display_label WHERE id = 'r9fibb7fbk1trhm308mh7jt71z3tirpwNM200904120000000000000000000030';
DELETE FROM visibilitymodifier WHERE set_id='xn09y5mgu2ffx0zpkhgelshnd6mk7wyv';
DELETE FROM md_attribute_indicies WHERE set_id='xobwotkz558clwhf27mdwicshmhq3e26';
DELETE FROM metadata_display_label WHERE id = 'r8vprk3ume853prfan1252oj1bfojg67NM200904120000000000000000000030';
DELETE FROM md_attribute_boolean WHERE id = 'sm44ridyol20w714nav5v9vok6icv79j00000000000000000000000000000194';
DELETE FROM md_attribute_primitive WHERE id = 'sm44ridyol20w714nav5v9vok6icv79j00000000000000000000000000000194';
DELETE FROM md_attribute_concrete WHERE id = 'sm44ridyol20w714nav5v9vok6icv79j00000000000000000000000000000194';
DELETE FROM md_attribute WHERE id = 'sm44ridyol20w714nav5v9vok6icv79j00000000000000000000000000000194';
DELETE FROM metadata WHERE id = 'sm44ridyol20w714nav5v9vok6icv79j00000000000000000000000000000194' AND seq = 3450;
DELETE FROM virtualize_attribute WHERE id = 'xvxbcsrdt4vi3enw5nkui3se2ojoc4s7NM200811200000000000000000000023';
DELETE FROM metadata_relationship WHERE id = 'xvxbcsrdt4vi3enw5nkui3se2ojoc4s7NM200811200000000000000000000023' AND seq = 2829;
DELETE FROM class_attribute_virtual WHERE id = 'z2lw034ike3t8m6wfci1w4wkdw71x5x4NM200811060000000000000000000005';
DELETE FROM class_attribute WHERE id = 'z2lw034ike3t8m6wfci1w4wkdw71x5x4NM200811060000000000000000000005';
DELETE FROM metadata_relationship WHERE id = 'z2lw034ike3t8m6wfci1w4wkdw71x5x4NM200811060000000000000000000005' AND seq = 2828;
DELETE FROM metadata_display_label WHERE id = '28glvzxfsiz14bnq5wxlz8xbg02px77iNM200904120000000000000000000030';
DELETE FROM metadata_display_label WHERE id = 'y0l1r1wbxj2tluputd151t4c3lofoz2xNM200904120000000000000000000030';
DELETE FROM md_attribute_virtual WHERE id = '0mwm80ri4bh8zbzilzxqhk8oglhhjnyfNM200811060000000000000000000001';
DELETE FROM md_attribute WHERE id = '0mwm80ri4bh8zbzilzxqhk8oglhhjnyfNM200811060000000000000000000001';
DELETE FROM metadata WHERE id = '0mwm80ri4bh8zbzilzxqhk8oglhhjnyfNM200811060000000000000000000001' AND seq = 3811;
DELETE FROM class_attribute_concrete WHERE id = '8ce2re3rxxwuxu44fmmss18tttrdgokl00000000000000000000000000000073';
DELETE FROM class_attribute WHERE id = '8ce2re3rxxwuxu44fmmss18tttrdgokl00000000000000000000000000000073';
DELETE FROM metadata_relationship WHERE id = '8ce2re3rxxwuxu44fmmss18tttrdgokl00000000000000000000000000000073' AND seq = 2732;
DELETE FROM metadata_display_label WHERE id = '8iu4d42wr9wd5zeg6jyvemw2osoqa73mNM200904120000000000000000000030';
DELETE FROM metadata_display_label WHERE id = '0957mofco2nys0coj2jauuujwtpb8gu4NM200904120000000000000000000030';
DELETE FROM visibilitymodifier WHERE set_id='svshyve92sjlsbhl2fzuxwj9f3fti0ur';
DELETE FROM metadata_display_label WHERE id = '8dxglle2nehhevtmknpjjtisjthkzb0dNM200904120000000000000000000030';
DELETE FROM visibilitymodifier WHERE set_id='svrd8tyz22xqjypk5xlaa05g7eucju47';
DELETE FROM md_attribute_indicies WHERE set_id='xb2fj7b43m4q4wfleeygtur5iq8zk34v';
DELETE FROM metadata_display_label WHERE id = '0aa17neit16t9255wbkmfwa5rdadrev2NM200904120000000000000000000030';
DELETE FROM md_attribute_boolean WHERE id = '8jjekyd9o6ybpouc4rno9kphkwyfkxas00000000000000000000000000000194';
DELETE FROM md_attribute_primitive WHERE id = '8jjekyd9o6ybpouc4rno9kphkwyfkxas00000000000000000000000000000194';
DELETE FROM md_attribute_concrete WHERE id = '8jjekyd9o6ybpouc4rno9kphkwyfkxas00000000000000000000000000000194';
DELETE FROM md_attribute WHERE id = '8jjekyd9o6ybpouc4rno9kphkwyfkxas00000000000000000000000000000194';
DELETE FROM metadata WHERE id = '8jjekyd9o6ybpouc4rno9kphkwyfkxas00000000000000000000000000000194' AND seq = 3438;
DELETE FROM virtualize_attribute WHERE id = 'sbmkpy7ve9wcnw3lwu5wleycbh5ojt2oNM200811200000000000000000000023';
DELETE FROM metadata_relationship WHERE id = 'sbmkpy7ve9wcnw3lwu5wleycbh5ojt2oNM200811200000000000000000000023' AND seq = 2837;
DELETE FROM class_attribute_virtual WHERE id = '24yoi9u0gyocmkq7nuqh0k6ja7gc75xnNM200811060000000000000000000005';
DELETE FROM class_attribute WHERE id = '24yoi9u0gyocmkq7nuqh0k6ja7gc75xnNM200811060000000000000000000005';
DELETE FROM metadata_relationship WHERE id = '24yoi9u0gyocmkq7nuqh0k6ja7gc75xnNM200811060000000000000000000005' AND seq = 2836;
DELETE FROM metadata_display_label WHERE id = '1wevqr1pevi6d2jqcy4ga6ipcrb88aa5NM200904120000000000000000000030';
DELETE FROM metadata_display_label WHERE id = 'r4c2hcwa2he7bj7do11g8j0gotqs32mxNM200904120000000000000000000030';
DELETE FROM md_attribute_virtual WHERE id = '8st0z3kbo86msxx6mfv6wnuz1ufgzdgvNM200811060000000000000000000001';
DELETE FROM md_attribute WHERE id = '8st0z3kbo86msxx6mfv6wnuz1ufgzdgvNM200811060000000000000000000001';
DELETE FROM metadata WHERE id = '8st0z3kbo86msxx6mfv6wnuz1ufgzdgvNM200811060000000000000000000001' AND seq = 3815;
DELETE FROM class_attribute_concrete WHERE id = '8exyef45jwpn53qybqipuf5lrz43oxjr00000000000000000000000000000073';
DELETE FROM class_attribute WHERE id = '8exyef45jwpn53qybqipuf5lrz43oxjr00000000000000000000000000000073';
DELETE FROM metadata_relationship WHERE id = '8exyef45jwpn53qybqipuf5lrz43oxjr00000000000000000000000000000073' AND seq = 2733;
DELETE FROM metadata_display_label WHERE id = '8pcy7i2ll56fsxllplw0cuxjhaducd4cNM200904120000000000000000000030';
DELETE FROM metadata_display_label WHERE id = '0haaxf644wnv5iwy8bgptesu285j8264NM200904120000000000000000000030';
DELETE FROM visibilitymodifier WHERE set_id='r87g7069dnogp2t1b6mnabwab0vkkvik';
DELETE FROM metadata_display_label WHERE id = 'swqsw1z71l4v4bm3ynu0o2nx00n56u47NM200904120000000000000000000030';
DELETE FROM visibilitymodifier WHERE set_id='xjsitt48nrtlavrs5k2w5fiqajx3ew40';
DELETE FROM md_attribute_indicies WHERE set_id='0f09uatnk0pepyhrdppqm42166om2bah';
DELETE FROM metadata_display_label WHERE id = 'r1vvxa6x4a2icypmx6p5mmk5ut9usj7vNM200904120000000000000000000030';
DELETE FROM md_attribute_boolean WHERE id = '0jqq6fd2kxe5xpgynmkfi57tfiog1xcl00000000000000000000000000000194';
DELETE FROM md_attribute_primitive WHERE id = '0jqq6fd2kxe5xpgynmkfi57tfiog1xcl00000000000000000000000000000194';
DELETE FROM md_attribute_concrete WHERE id = '0jqq6fd2kxe5xpgynmkfi57tfiog1xcl00000000000000000000000000000194';
DELETE FROM md_attribute WHERE id = '0jqq6fd2kxe5xpgynmkfi57tfiog1xcl00000000000000000000000000000194';
DELETE FROM metadata WHERE id = '0jqq6fd2kxe5xpgynmkfi57tfiog1xcl00000000000000000000000000000194' AND seq = 3461;
DELETE FROM virtualize_attribute WHERE id = '1vlv1rdv91u6j4rr093z7m9tmdzix4n0NM200811200000000000000000000023';
DELETE FROM metadata_relationship WHERE id = '1vlv1rdv91u6j4rr093z7m9tmdzix4n0NM200811200000000000000000000023' AND seq = 2807;
DELETE FROM class_attribute_virtual WHERE id = 'ywylv5b5xs3ex80ua9553b4rbhamihezNM200811060000000000000000000005';
DELETE FROM class_attribute WHERE id = 'ywylv5b5xs3ex80ua9553b4rbhamihezNM200811060000000000000000000005';
DELETE FROM metadata_relationship WHERE id = 'ywylv5b5xs3ex80ua9553b4rbhamihezNM200811060000000000000000000005' AND seq = 2806;
DELETE FROM metadata_display_label WHERE id = 's9s0r4odc2hcjk4wpzwquyyh7ddkcp8gNM200904120000000000000000000030';
DELETE FROM metadata_display_label WHERE id = 'xgwudacm871g7a6n8l9ek5kg67l8irvvNM200904120000000000000000000030';
DELETE FROM md_attribute_virtual WHERE id = '1topcnbglfl8owxoanb2u83jq0s477byNM200811060000000000000000000001';
DELETE FROM md_attribute WHERE id = '1topcnbglfl8owxoanb2u83jq0s477byNM200811060000000000000000000001';
DELETE FROM metadata WHERE id = '1topcnbglfl8owxoanb2u83jq0s477byNM200811060000000000000000000001' AND seq = 3801;
DELETE FROM class_attribute_concrete WHERE id = 'qr6pcu86pavnps7ezig8cizanetk0iy000000000000000000000000000000073';
DELETE FROM class_attribute WHERE id = 'qr6pcu86pavnps7ezig8cizanetk0iy000000000000000000000000000000073';
DELETE FROM metadata_relationship WHERE id = 'qr6pcu86pavnps7ezig8cizanetk0iy000000000000000000000000000000073' AND seq = 2734;
DELETE FROM metadata_display_label WHERE id = '1yxok2m7xk2lsqkmm7dc8lzol2idpz0qNM200904120000000000000000000030';
DELETE FROM metadata_display_label WHERE id = 'yx847dvqixtp5zpayf49pma0sk4krv92NM200904120000000000000000000030';
DELETE FROM visibilitymodifier WHERE set_id='sqjp46lxjz7zdyxgg43armsrasxj59zc';
DELETE FROM metadata_display_label WHERE id = '73bl96wzjnemgds7hd1vqt33omcs3jgrNM200904120000000000000000000030';
DELETE FROM visibilitymodifier WHERE set_id='qprn0vym740bmdu5x67plv168p2p64n7';
DELETE FROM md_attribute_indicies WHERE set_id='ss4w6esr3rk0yrirt34kbszbjakr7ise';
DELETE FROM metadata_display_label WHERE id = '8hs8hevsqo6u7x3xt6nycqsooqdu15yyNM200904120000000000000000000030';
DELETE FROM md_attribute_boolean WHERE id = 'stulihh05jwj7e2lu1y6nv8nyfvimo1500000000000000000000000000000194';
DELETE FROM md_attribute_primitive WHERE id = 'stulihh05jwj7e2lu1y6nv8nyfvimo1500000000000000000000000000000194';
DELETE FROM md_attribute_concrete WHERE id = 'stulihh05jwj7e2lu1y6nv8nyfvimo1500000000000000000000000000000194';
DELETE FROM md_attribute WHERE id = 'stulihh05jwj7e2lu1y6nv8nyfvimo1500000000000000000000000000000194';
DELETE FROM metadata WHERE id = 'stulihh05jwj7e2lu1y6nv8nyfvimo1500000000000000000000000000000194' AND seq = 3457;
DELETE FROM virtualize_attribute WHERE id = '0cpn5sdpm7iji8xxt4k53m3a268og1l1NM200811200000000000000000000023';
DELETE FROM metadata_relationship WHERE id = '0cpn5sdpm7iji8xxt4k53m3a268og1l1NM200811200000000000000000000023' AND seq = 2825;
DELETE FROM class_attribute_virtual WHERE id = 'sao8b312sp2ut8opfc2o5hgneykvwpseNM200811060000000000000000000005';
DELETE FROM class_attribute WHERE id = 'sao8b312sp2ut8opfc2o5hgneykvwpseNM200811060000000000000000000005';
DELETE FROM metadata_relationship WHERE id = 'sao8b312sp2ut8opfc2o5hgneykvwpseNM200811060000000000000000000005' AND seq = 2824;
DELETE FROM metadata_display_label WHERE id = 'r2rowi0gcpo5knwwiry19n3edw39e4zkNM200904120000000000000000000030';
DELETE FROM metadata_display_label WHERE id = 'qma9zydr709exs6auw46le1v2kgkxmr4NM200904120000000000000000000030';
DELETE FROM md_attribute_virtual WHERE id = '6ut2vywu05gqcwgbyohoq7r5vpdx69qiNM200811060000000000000000000001';
DELETE FROM md_attribute WHERE id = '6ut2vywu05gqcwgbyohoq7r5vpdx69qiNM200811060000000000000000000001';
DELETE FROM metadata WHERE id = '6ut2vywu05gqcwgbyohoq7r5vpdx69qiNM200811060000000000000000000001' AND seq = 3810;
DELETE FROM class_attribute_concrete WHERE id = 'qpczso8z5t7rjxykcscfgkzdme64ntxh00000000000000000000000000000073';
DELETE FROM class_attribute WHERE id = 'qpczso8z5t7rjxykcscfgkzdme64ntxh00000000000000000000000000000073';
DELETE FROM metadata_relationship WHERE id = 'qpczso8z5t7rjxykcscfgkzdme64ntxh00000000000000000000000000000073' AND seq = 2726;
DELETE FROM metadata_display_label WHERE id = '27kca2tnp1eops3qtyf1ap9b5rzridsnNM200904120000000000000000000030';
DELETE FROM metadata_display_label WHERE id = 'z8czoutkbftvycsirbeolwnfrr08jv4cNM200904120000000000000000000030';
DELETE FROM visibilitymodifier WHERE set_id='0qdy93dk7edepy0qhyrk42o2sx0jxpra';
DELETE FROM metadata_display_label WHERE id = 't11aeltsnzjyxudi2lwm0fzwph5c7wqoNM200904120000000000000000000030';
DELETE FROM visibilitymodifier WHERE set_id='xnwxrlo10q58jjsbsgbb9typ4nqa63eq';
DELETE FROM md_attribute_indicies WHERE set_id='zahkyhbbe8lszpay864ons3lino8syjr';
DELETE FROM metadata_display_label WHERE id = '0i1a0cmiyt9ixurt4gg6rba7dyu0uezrNM200904120000000000000000000030';
DELETE FROM md_attribute_boolean WHERE id = '7dot75k1q82skfop6f474e31mgdn1vnx00000000000000000000000000000194';
DELETE FROM md_attribute_primitive WHERE id = '7dot75k1q82skfop6f474e31mgdn1vnx00000000000000000000000000000194';
DELETE FROM md_attribute_concrete WHERE id = '7dot75k1q82skfop6f474e31mgdn1vnx00000000000000000000000000000194';
DELETE FROM md_attribute WHERE id = '7dot75k1q82skfop6f474e31mgdn1vnx00000000000000000000000000000194';
DELETE FROM metadata WHERE id = '7dot75k1q82skfop6f474e31mgdn1vnx00000000000000000000000000000194' AND seq = 3447;
DROP INDEX a3isi3jbvwzb11i5ugm9plwgxk9odl;
DELETE FROM class_attribute_concrete WHERE id = '76cpj0tim7f9cc2d24ayjloz4e8c0kio00000000000000000000000000000073';
DELETE FROM class_attribute WHERE id = '76cpj0tim7f9cc2d24ayjloz4e8c0kio00000000000000000000000000000073';
DELETE FROM metadata_relationship WHERE id = '76cpj0tim7f9cc2d24ayjloz4e8c0kio00000000000000000000000000000073' AND seq = 2782;
DELETE FROM visibilitymodifier WHERE set_id='08eoib1m95p5k7cbpqsitf27erb1149s';
DELETE FROM metadata_display_label WHERE id = '1sa381eca1cumpn9uqxqmq1h32z4j0w1NM200904120000000000000000000030';
DELETE FROM visibilitymodifier WHERE set_id='z456n576jpzvukeclp9suceze9jtxbby';
DELETE FROM md_attribute_indicies WHERE set_id='z7y84rpj7fn0um7gbzjj6nnqir98g8iw';
DELETE FROM metadata_display_label WHERE id = 'r5okuqrboae8pf7kq7hbwiwn70r2e0c3NM200904120000000000000000000030';
DELETE FROM md_attribute_reference WHERE id = '0htpn7avp6ebbqt02ymj492n4ve7vm2q00000000000000000000000000000186';
DELETE FROM md_attribute_ref WHERE id = '0htpn7avp6ebbqt02ymj492n4ve7vm2q00000000000000000000000000000186';
DELETE FROM md_attribute_concrete WHERE id = '0htpn7avp6ebbqt02ymj492n4ve7vm2q00000000000000000000000000000186';
DELETE FROM md_attribute WHERE id = '0htpn7avp6ebbqt02ymj492n4ve7vm2q00000000000000000000000000000186';
DELETE FROM metadata WHERE id = '0htpn7avp6ebbqt02ymj492n4ve7vm2q00000000000000000000000000000186' AND seq = 3472;
DELETE FROM metadata_parameter WHERE id = '7a6xvjy5ar80gajtf5o480mbrd35wumy20070427JS0000000000000000001524' AND seq = 1603;
DELETE FROM metadata_display_label WHERE id = '2b23p724h15o8v3wk1j3xhqc6d3vwv6cNM200904120000000000000000000030';
DELETE FROM metadata_display_label WHERE id = '8jr0cv072fqt8y3j3wpnocxarlokuc0rNM200904120000000000000000000030';
DELETE FROM md_parameter WHERE id = 'svxl8nwfw7lda8k3alqy9p48uj9332ul20070427JS0000000000000000001517';
DELETE FROM metadata WHERE id = 'svxl8nwfw7lda8k3alqy9p48uj9332ul20070427JS0000000000000000001517' AND seq = 4712;
DELETE FROM controller_action WHERE id = '0lo61zpax3sw36ttg8brp8uduxniksadJS200807230000000000000000111111' AND seq = 1262;
DELETE FROM metadata_display_label WHERE id = '91xpkjuqn7ize4l1ylm17uvb1vx50d33NM200904120000000000000000000030';
DELETE FROM metadata_display_label WHERE id = '06pbow88k5dxoe13ushrzh4objwgizeqNM200904120000000000000000000030';
DELETE FROM md_action WHERE id = '6tg8b816sry4lbk4gcc39ykiys24zuc6NM200810110000000000000000000113';
DELETE FROM metadata WHERE id = '6tg8b816sry4lbk4gcc39ykiys24zuc6NM200810110000000000000000000113' AND seq = 4369;
DELETE FROM metadata_parameter WHERE id = 'z271svhuzt6lowg3cfdpgqsqk966jmtu20070427JS0000000000000000001524' AND seq = 1606;
DELETE FROM metadata_display_label WHERE id = 'xgu5cjru6lzk3imo36pkauh8ho9rxg2nNM200904120000000000000000000030';
DELETE FROM metadata_display_label WHERE id = '27llxjs8bdknf1x1q61mv70lrabw6n2fNM200904120000000000000000000030';
DELETE FROM md_parameter WHERE id = '6tqy5sydz5pcecipzg7j0rbls4uce4p520070427JS0000000000000000001517';
DELETE FROM metadata WHERE id = '6tqy5sydz5pcecipzg7j0rbls4uce4p520070427JS0000000000000000001517' AND seq = 4715;
DELETE FROM controller_action WHERE id = '0592puwwa1r3buso097eycgw2fwudiw6JS200807230000000000000000111111' AND seq = 1265;
DELETE FROM metadata_display_label WHERE id = 'zll3hx23ci2chr7tvbac7lp81vom5swjNM200904120000000000000000000030';
DELETE FROM metadata_display_label WHERE id = 'sor8aobuirhghw6xioyocjaosksw030qNM200904120000000000000000000030';
DELETE FROM md_action WHERE id = '8koomxbkm4n8pfclc6f1dqimrpfqtvv8NM200810110000000000000000000113';
DELETE FROM metadata WHERE id = '8koomxbkm4n8pfclc6f1dqimrpfqtvv8NM200810110000000000000000000113' AND seq = 4372;
DELETE FROM metadata_parameter WHERE id = '2h0nw3tnigr2pngcz2idcba6lr86ru2b20070427JS0000000000000000001524' AND seq = 1605;
DELETE FROM metadata_display_label WHERE id = 'ze1cq1g4uwnmvyvvkk6x21dvxytrxtawNM200904120000000000000000000030';
DELETE FROM metadata_display_label WHERE id = '8evl1v10ry4irhbl6r75c40kzdf9xc4sNM200904120000000000000000000030';
DELETE FROM md_parameter WHERE id = '8m0pu64e12iiq5qefsmbhite1fqca05520070427JS0000000000000000001517';
DELETE FROM metadata WHERE id = '8m0pu64e12iiq5qefsmbhite1fqca05520070427JS0000000000000000001517' AND seq = 4714;
DELETE FROM controller_action WHERE id = '08oxn7hyi55v4usa89m5nvnt4vzm57zsJS200807230000000000000000111111' AND seq = 1264;
DELETE FROM metadata_display_label WHERE id = '7gauez0s27ux37782fxk7ni46zi925n0NM200904120000000000000000000030';
DELETE FROM metadata_display_label WHERE id = '7egalz1db0yqw3ipg23h1lkar0wx05cgNM200904120000000000000000000030';
DELETE FROM md_action WHERE id = '8sxpvm22boypheek3jtw0u8ult6r3e1jNM200810110000000000000000000113';
DELETE FROM metadata WHERE id = '8sxpvm22boypheek3jtw0u8ult6r3e1jNM200810110000000000000000000113' AND seq = 4371;
DELETE FROM controller_action WHERE id = '72syh61ghygw6g5ydmtzx4lxxfmk9riuJS200807230000000000000000111111' AND seq = 1259;
DELETE FROM metadata_display_label WHERE id = 't0i9f4lpt9acnw25xvzxzjgwui5ms1clNM200904120000000000000000000030';
DELETE FROM metadata_display_label WHERE id = 'sfam4e6r7mh5m1c2bj2ebt89179vby0yNM200904120000000000000000000030';
DELETE FROM md_action WHERE id = 'r418ab2dcpcpgws6adkqagzrxi10ogaiNM200810110000000000000000000113';
DELETE FROM metadata WHERE id = 'r418ab2dcpcpgws6adkqagzrxi10ogaiNM200810110000000000000000000113' AND seq = 4366;
DELETE FROM metadata_parameter WHERE id = 'yxdfm1cnqz6wmruluggnzf8w0jljdvo020070427JS0000000000000000001524' AND seq = 1602;
DELETE FROM metadata_display_label WHERE id = 'qqkngy59wt35d0rtug3qkmagsfcgc4wzNM200904120000000000000000000030';
DELETE FROM metadata_display_label WHERE id = 'xwutc4iqtrz41s2z6lsibpwhm3vsr5ysNM200904120000000000000000000030';
DELETE FROM md_parameter WHERE id = '0a61pr8jhdynixl6vd9ylzaxih5t2lv520070427JS0000000000000000001517';
DELETE FROM metadata WHERE id = '0a61pr8jhdynixl6vd9ylzaxih5t2lv520070427JS0000000000000000001517' AND seq = 4711;
DELETE FROM controller_action WHERE id = '8vqlkhttgfmc7q11pr6xmk1zsj1j9kucJS200807230000000000000000111111' AND seq = 1260;
DELETE FROM metadata_display_label WHERE id = '6wrbe18wbwf6m6uwu77rriv8hj9ksfdlNM200904120000000000000000000030';
DELETE FROM metadata_display_label WHERE id = '2dq6cc07zzhnwelh6bylx0mt3km7xb5qNM200904120000000000000000000030';
DELETE FROM md_action WHERE id = 's9ooejxoai9pmwtiprrirxqq9n15lzfiNM200810110000000000000000000113';
DELETE FROM metadata WHERE id = 's9ooejxoai9pmwtiprrirxqq9n15lzfiNM200810110000000000000000000113' AND seq = 4367;
DELETE FROM metadata_parameter WHERE id = 'xss1pj67peusaby9gr0p1tw4ma8cfn4720070427JS0000000000000000001524' AND seq = 1604;
DELETE FROM metadata_display_label WHERE id = 'suc33dkjxs79web7nq1tnuz1ssy8f3r3NM200904120000000000000000000030';
DELETE FROM metadata_display_label WHERE id = '8zwu0qywzk94nvqeay67z9ydyw7g52nqNM200904120000000000000000000030';
DELETE FROM md_parameter WHERE id = 'szcyo1lxtoe86cnub1bwisxju9zqn3gq20070427JS0000000000000000001517';
DELETE FROM metadata WHERE id = 'szcyo1lxtoe86cnub1bwisxju9zqn3gq20070427JS0000000000000000001517' AND seq = 4713;
DELETE FROM controller_action WHERE id = 't189xnqs7nlwg5nxq3pvbn1pkj0veyidJS200807230000000000000000111111' AND seq = 1263;
DELETE FROM metadata_display_label WHERE id = 'r6jc0lc05whuepospdrekyfoh17zpkmxNM200904120000000000000000000030';
DELETE FROM metadata_display_label WHERE id = '1trr83aghz8h1xgq0eckh40p7qod4gr8NM200904120000000000000000000030';
DELETE FROM md_action WHERE id = 'skjlrcek47gyd27rsbbbbg01wknn1o32NM200810110000000000000000000113';
DELETE FROM metadata WHERE id = 'skjlrcek47gyd27rsbbbbg01wknn1o32NM200810110000000000000000000113' AND seq = 4370;
DELETE FROM metadata_parameter WHERE id = 'zd8gcrtmpirhfwrlfq9d33pa6qgdq72i20070427JS0000000000000000001524' AND seq = 1599;
DELETE FROM metadata_display_label WHERE id = 'qu5tgo64j5mr7xwbye1j8veuw0dnauruNM200904120000000000000000000030';
DELETE FROM metadata_display_label WHERE id = '2ful8lr0xw7w5ktekw1t5aujehm7ota5NM200904120000000000000000000030';
DELETE FROM md_parameter WHERE id = '0db3f1jrt13w0ay1w1j3g7r45eykmczx20070427JS0000000000000000001517';
DELETE FROM metadata WHERE id = '0db3f1jrt13w0ay1w1j3g7r45eykmczx20070427JS0000000000000000001517' AND seq = 4709;
DELETE FROM metadata_parameter WHERE id = '2a6q573dke9swiivbg2g6zbtz48ky4mm20070427JS0000000000000000001524' AND seq = 1597;
DELETE FROM metadata_display_label WHERE id = 'xgqzblohv8ea18ys8zvld6866urmpfuvNM200904120000000000000000000030';
DELETE FROM metadata_display_label WHERE id = 'xsrwfk4zsa120i7qfaybn71uwzp8krttNM200904120000000000000000000030';
DELETE FROM md_parameter WHERE id = '0f7qbst0dpg5i1rkghyxaw695xtaql0k20070427JS0000000000000000001517';
DELETE FROM metadata WHERE id = '0f7qbst0dpg5i1rkghyxaw695xtaql0k20070427JS0000000000000000001517' AND seq = 4708;
DELETE FROM metadata_parameter WHERE id = 'yx8ibuj6izu2t50kdoyopq2zw6h39gtq20070427JS0000000000000000001524' AND seq = 1598;
DELETE FROM metadata_display_label WHERE id = 'sde2tijcpge2gklmsxo9542zy3rpihybNM200904120000000000000000000030';
DELETE FROM metadata_display_label WHERE id = 'znbu3sxhaagnhnxfwqiodpdzjnz274jqNM200904120000000000000000000030';
DELETE FROM md_parameter WHERE id = 'sh86q1xsdvath7meen9sbwki0vev6xmo20070427JS0000000000000000001517';
DELETE FROM metadata WHERE id = 'sh86q1xsdvath7meen9sbwki0vev6xmo20070427JS0000000000000000001517' AND seq = 4654;
DELETE FROM metadata_parameter WHERE id = 'xq61vejdrcnj4yultgbvx7kd49zx52hm20070427JS0000000000000000001524' AND seq = 1601;
DELETE FROM metadata_display_label WHERE id = '8dnd6is3dpgy90imswl3in02gkmo5auuNM200904120000000000000000000030';
DELETE FROM metadata_display_label WHERE id = '290dtizvimqgiwdjbb8b7jdb0nnw2ooqNM200904120000000000000000000030';
DELETE FROM md_parameter WHERE id = 'sxba7887v4ok0qa4ym9md947sp8xqmzo20070427JS0000000000000000001517';
DELETE FROM metadata WHERE id = 'sxba7887v4ok0qa4ym9md947sp8xqmzo20070427JS0000000000000000001517' AND seq = 4710;
DELETE FROM controller_action WHERE id = '70ob5w0bwotxzgc00gbhp2yr19xk0udsJS200807230000000000000000111111' AND seq = 1258;
DELETE FROM metadata_display_label WHERE id = 'z0fb5go7teofqzaefka13mulhuec2i5qNM200904120000000000000000000030';
DELETE FROM metadata_display_label WHERE id = '1u1tdipurwe31bspphfj0tn45mfu4c7dNM200904120000000000000000000030';
DELETE FROM md_action WHERE id = 'smfj7bbgb86n3w7h2zmw6etq3g0wp8ynNM200810110000000000000000000113';
DELETE FROM metadata WHERE id = 'smfj7bbgb86n3w7h2zmw6etq3g0wp8ynNM200810110000000000000000000113' AND seq = 4365;
DELETE FROM metadata_parameter WHERE id = '29l69meo6hgsrn1j6aga7efggximn3f620070427JS0000000000000000001524' AND seq = 1607;
DELETE FROM metadata_display_label WHERE id = 'xt1ja4v26x387ns8bbklz52if597jj00NM200904120000000000000000000030';
DELETE FROM metadata_display_label WHERE id = '1tws4ffo23o9meceknpmb47q6im15b7kNM200904120000000000000000000030';
DELETE FROM md_parameter WHERE id = '6nhb7p3hwapdefo43bi7sz3teqwkot7o20070427JS0000000000000000001517';
DELETE FROM metadata WHERE id = '6nhb7p3hwapdefo43bi7sz3teqwkot7o20070427JS0000000000000000001517' AND seq = 4716;
DELETE FROM controller_action WHERE id = 'xnlvso04ctl3rkdur7lmcuil9z87qe94JS200807230000000000000000111111' AND seq = 1266;
DELETE FROM metadata_display_label WHERE id = 'zfia5238lq1la2tg2evd96ht5bvp3c61NM200904120000000000000000000030';
DELETE FROM metadata_display_label WHERE id = 'qoxrejtm3uhdiplt059yrwaevbk1yklpNM200904120000000000000000000030';
DELETE FROM md_action WHERE id = 'svpqqc55wcogzap82ngrgcx50l7nlmxdNM200810110000000000000000000113';
DELETE FROM metadata WHERE id = 'svpqqc55wcogzap82ngrgcx50l7nlmxdNM200810110000000000000000000113' AND seq = 4373;
DELETE FROM controller_action WHERE id = '7bnpi3vwdxwxcwe69nhjw5gk9dx1rblfJS200807230000000000000000111111' AND seq = 1261;
DELETE FROM metadata_display_label WHERE id = 'xw3jh3prs7z9ejr6q5atttnvrbn6z28vNM200904120000000000000000000030';
DELETE FROM metadata_display_label WHERE id = '26k20vwowp3lquqqlfpozy2ehdfwjzt5NM200904120000000000000000000030';
DELETE FROM md_action WHERE id = 'syivehhusj0s9vbjix5x14an31s8e4wiNM200810110000000000000000000113';
DELETE FROM metadata WHERE id = 'syivehhusj0s9vbjix5x14an31s8e4wiNM200810110000000000000000000113' AND seq = 4368;
DELETE FROM metadata_display_label WHERE id = 't1vp05jll0awjocvclxwg4rt2l4qiz5vNM200904120000000000000000000030';
DELETE FROM metadata_display_label WHERE id = 'rdrwdd87ogbd3z58fly85agi79eo6ee8NM200904120000000000000000000030';
DELETE FROM md_controller WHERE id = '0f16jouev3pvt8nmcv3tak3nb2hql0qrNM200810110000000000000000000112';
DELETE FROM md_type WHERE id = '0f16jouev3pvt8nmcv3tak3nb2hql0qrNM200810110000000000000000000112';
DELETE FROM metadata WHERE id = '0f16jouev3pvt8nmcv3tak3nb2hql0qrNM200810110000000000000000000112' AND seq = 3865;
DELETE FROM business_inheritance WHERE id = '1qh8b99kdztoq5exw9dr3jyffku9p5s020070926NM0000000000000000000004';
DELETE FROM class_inheritance WHERE id = '1qh8b99kdztoq5exw9dr3jyffku9p5s020070926NM0000000000000000000004';
DELETE FROM metadata_relationship WHERE id = '1qh8b99kdztoq5exw9dr3jyffku9p5s020070926NM0000000000000000000004' AND seq = 2758;
DELETE FROM class_cache WHERE set_id='zobmkpr13wuor53bkh037dogr9u9lcv1';
DELETE FROM metadata_display_label WHERE id = 'sjykwzaapuc2vtnvm39lp04lahd3q5tdNM200904120000000000000000000030';
DELETE FROM metadata_display_label WHERE id = '72j1voqethufh26dos6qt2y4iusrchvcNM200904120000000000000000000030';
DELETE FROM md_business WHERE id = '2hhpg3x31r0t11svybr296b66ilnuk6r00000000000000000000000000000001';
DELETE FROM md_element WHERE id = '2hhpg3x31r0t11svybr296b66ilnuk6r00000000000000000000000000000001';
DELETE FROM md_entity WHERE id = '2hhpg3x31r0t11svybr296b66ilnuk6r00000000000000000000000000000001';
DELETE FROM md_class WHERE id = '2hhpg3x31r0t11svybr296b66ilnuk6r00000000000000000000000000000001';
DELETE FROM md_type WHERE id = '2hhpg3x31r0t11svybr296b66ilnuk6r00000000000000000000000000000001';
DELETE FROM metadata WHERE id = '2hhpg3x31r0t11svybr296b66ilnuk6r00000000000000000000000000000001' AND seq = 4060;
DELETE FROM virtualize_attribute WHERE id = 'r0q43s8gwxm561cg123m1mbxr6pg435aNM200811200000000000000000000023';
DELETE FROM metadata_relationship WHERE id = 'r0q43s8gwxm561cg123m1mbxr6pg435aNM200811200000000000000000000023' AND seq = 2819;
DELETE FROM class_attribute_virtual WHERE id = 'x9792rvcjs7x4djjbga7bcrplenjjko8NM200811060000000000000000000005';
DELETE FROM class_attribute WHERE id = 'x9792rvcjs7x4djjbga7bcrplenjjko8NM200811060000000000000000000005';
DELETE FROM metadata_relationship WHERE id = 'x9792rvcjs7x4djjbga7bcrplenjjko8NM200811060000000000000000000005' AND seq = 2818;
DELETE FROM metadata_display_label WHERE id = '1tc9d6xtov1mrtv22mcpl2m80btc09beNM200904120000000000000000000030';
DELETE FROM metadata_display_label WHERE id = '8d15xfq0q45n8viotfju677ukijph0u5NM200904120000000000000000000030';
DELETE FROM md_attribute_virtual WHERE id = 'xmyba32zssnf7up3kx7bp6t9qmim8ns6NM200811060000000000000000000001';
DELETE FROM md_attribute WHERE id = 'xmyba32zssnf7up3kx7bp6t9qmim8ns6NM200811060000000000000000000001';
DELETE FROM metadata WHERE id = 'xmyba32zssnf7up3kx7bp6t9qmim8ns6NM200811060000000000000000000001' AND seq = 3807;
DELETE FROM alljoboperation 
  WHERE set_id IN 
     (SELECT job_operation FROM abstract_job);
DELETE FROM class_attribute_concrete WHERE id = 'zh35r9v7ioamcpjuod4bblarbopn588l00000000000000000000000000000073';
DELETE FROM class_attribute WHERE id = 'zh35r9v7ioamcpjuod4bblarbopn588l00000000000000000000000000000073';
DELETE FROM metadata_relationship WHERE id = 'zh35r9v7ioamcpjuod4bblarbopn588l00000000000000000000000000000073' AND seq = 2742;
DELETE FROM visibilitymodifier WHERE set_id='8j6rcduoucm6ejubo42hl0z1lw0h2n1j';
DELETE FROM metadata_display_label WHERE id = 'yx7d89zclwtlqwp1dz4tmb4it39jtvarNM200904120000000000000000000030';
DELETE FROM visibilitymodifier WHERE set_id='z8yvmjmvode1pq29efz1al7oijawynwa';
DELETE FROM md_attribute_indicies WHERE set_id='0m73mvy04j2g473v8hiiqrlnckh1gtvd';
DELETE FROM metadata_display_label WHERE id = 'zor2vxfo6fqfrlxfdxws5pos0qkxe9nvNM200904120000000000000000000030';
DELETE FROM md_attribute_enumeration WHERE id = 'szzb0q8oojv78hfuu4axc52t688pxbio00000000000000000000000000000216';
DELETE FROM md_attribute_ref WHERE id = 'szzb0q8oojv78hfuu4axc52t688pxbio00000000000000000000000000000216';
DELETE FROM md_attribute_concrete WHERE id = 'szzb0q8oojv78hfuu4axc52t688pxbio00000000000000000000000000000216';
DELETE FROM md_attribute WHERE id = 'szzb0q8oojv78hfuu4axc52t688pxbio00000000000000000000000000000216';
DELETE FROM metadata WHERE id = 'szzb0q8oojv78hfuu4axc52t688pxbio00000000000000000000000000000216' AND seq = 3432;
DELETE FROM enumeration_attribute WHERE id = 'zfllr6qsgs29s6sqhzhg7q780532lef700000000000000000000000000000212';
DELETE FROM metadata_relationship WHERE id = 'zfllr6qsgs29s6sqhzhg7q780532lef700000000000000000000000000000212' AND seq = 2707;
DELETE FROM enumeration_attribute_item WHERE id = 'qo4b948nxttd6o00o3drxac1jchqiiqf00000000000000000000000000000294';
DELETE FROM metadata_relationship WHERE id = 'qo4b948nxttd6o00o3drxac1jchqiiqf00000000000000000000000000000294' AND seq = 2712;
DELETE FROM enumeration_attribute_item WHERE id = '1qnhak1cnwbzvsy55uzdvg2rg9tghvxi00000000000000000000000000000294';
DELETE FROM metadata_relationship WHERE id = '1qnhak1cnwbzvsy55uzdvg2rg9tghvxi00000000000000000000000000000294' AND seq = 2711;
DELETE FROM enumeration_attribute_item WHERE id = '08emlsdx1jcesl1kcorpgt9rvb11uia600000000000000000000000000000294';
DELETE FROM metadata_relationship WHERE id = '08emlsdx1jcesl1kcorpgt9rvb11uia600000000000000000000000000000294' AND seq = 2708;
DELETE FROM enumeration_attribute_item WHERE id = '092729e1sdx8klik2hlq2svdog2p81hs00000000000000000000000000000294';
DELETE FROM metadata_relationship WHERE id = '092729e1sdx8klik2hlq2svdog2p81hs00000000000000000000000000000294' AND seq = 2710;
DELETE FROM enumeration_attribute_item WHERE id = '8guz6al0cyrk1z62mh1a6tlde1emfpuz00000000000000000000000000000294';
DELETE FROM metadata_relationship WHERE id = '8guz6al0cyrk1z62mh1a6tlde1emfpuz00000000000000000000000000000294' AND seq = 2709;
DELETE FROM metadata_display_label WHERE id = '042o14m089c1bje2omdnlvft3pv68p14NM200904120000000000000000000030';
DELETE FROM metadata_display_label WHERE id = 'z6i4894p0vjssq78gg91o25aydybji5tNM200904120000000000000000000030';
DELETE FROM md_enumeration WHERE id = 'zph9q83yb3ematrlwta473t521piy1su00000000000000000000000000000196';
DELETE FROM md_type WHERE id = 'zph9q83yb3ematrlwta473t521piy1su00000000000000000000000000000196';
DELETE FROM metadata WHERE id = 'zph9q83yb3ematrlwta473t521piy1su00000000000000000000000000000196' AND seq = 3835;
DELETE FROM metadata_parameter WHERE id = 'r9laqf06c4bfzrfg93kpay4iiu0hksk020070427JS0000000000000000001524' AND seq = 1554;
DELETE FROM metadata_display_label WHERE id = 'qy9el98aw9embokmeo9hpdkw7lyduhduNM200904120000000000000000000030';
DELETE FROM metadata_display_label WHERE id = '0f3aviqbixahvoa1va2uoic5krc61kc4NM200904120000000000000000000030';
DELETE FROM md_parameter WHERE id = 'r5v29j7q6wtbezw7cxaxxf84avye0ev720070427JS0000000000000000001517';
DELETE FROM metadata WHERE id = 'r5v29j7q6wtbezw7cxaxxf84avye0ev720070427JS0000000000000000001517' AND seq = 4665;
DELETE FROM controller_action WHERE id = 'xi86m4mc68zjebllea0a871agyto1ni8JS200807230000000000000000111111' AND seq = 1219;
DELETE FROM metadata_display_label WHERE id = 'xliy7nq9ky6tvkjj7kvihu2wz6zks3e4NM200904120000000000000000000030';
DELETE FROM metadata_display_label WHERE id = '75u8salcexnpnpg4a5vqevbyrj0f0e9rNM200904120000000000000000000030';
DELETE FROM md_action WHERE id = '0mgf1ece3m3qm4qpixs1sk2j3qijt1n8NM200810110000000000000000000113';
DELETE FROM metadata WHERE id = '0mgf1ece3m3qm4qpixs1sk2j3qijt1n8NM200810110000000000000000000113' AND seq = 4327;
DELETE FROM metadata_parameter WHERE id = '8jbru9k3hm2ffmhq4fdsf7239rz7h9we20070427JS0000000000000000001524' AND seq = 1555;
DELETE FROM metadata_display_label WHERE id = '8th3uei3mndt27cdkiytgevlnfayk6xzNM200904120000000000000000000030';
DELETE FROM metadata_display_label WHERE id = '8btc6yhcuvemzvtc1egv5clrnhk4qobdNM200904120000000000000000000030';
DELETE FROM md_parameter WHERE id = 'r5482i5afyaywwe2pnti3zm5ii5lycsu20070427JS0000000000000000001517';
DELETE FROM metadata WHERE id = 'r5482i5afyaywwe2pnti3zm5ii5lycsu20070427JS0000000000000000001517' AND seq = 4666;
DELETE FROM controller_action WHERE id = 'xjmvstihun57n65dkzkh190rsyhz4su0JS200807230000000000000000111111' AND seq = 1220;
DELETE FROM metadata_display_label WHERE id = 'r439ufn0yey7l85i388aouh5d5nkc19hNM200904120000000000000000000030';
DELETE FROM metadata_display_label WHERE id = 'xykqtuxo5qpgjq6yo1w2anpzzwyy6voaNM200904120000000000000000000030';
DELETE FROM md_action WHERE id = '1xhevizo60ybrxsq8qgja1dlxzn4pnmcNM200810110000000000000000000113';
DELETE FROM metadata WHERE id = '1xhevizo60ybrxsq8qgja1dlxzn4pnmcNM200810110000000000000000000113' AND seq = 4328;
DELETE FROM metadata_parameter WHERE id = 'sie40enym5biapi2sw9b9yo997jhal5s20070427JS0000000000000000001524' AND seq = 1548;
DELETE FROM metadata_display_label WHERE id = 'smnshoos2sqjllne5rp3yt8qhg6olb7hNM200904120000000000000000000030';
DELETE FROM metadata_display_label WHERE id = 'z3rfqqi4yaf10y6oc1nn1p6ij7n1y0uuNM200904120000000000000000000030';
DELETE FROM md_parameter WHERE id = '8v20ju8dacj57jhk58lsq91l7tjiji7v20070427JS0000000000000000001517';
DELETE FROM metadata WHERE id = '8v20ju8dacj57jhk58lsq91l7tjiji7v20070427JS0000000000000000001517' AND seq = 4659;
DELETE FROM metadata_parameter WHERE id = '0hx9ll9mry7szd1li7sp37jcmge0nfo620070427JS0000000000000000001524' AND seq = 1550;
DELETE FROM metadata_display_label WHERE id = 's9vznemfi1sfeia1d6r03zfhxh1so6j6NM200904120000000000000000000030';
DELETE FROM metadata_display_label WHERE id = 'r7yr793y7z5129px5hhl91ikchlutgsjNM200904120000000000000000000030';
DELETE FROM md_parameter WHERE id = 'zk8ah87fbqu3t8fgjgnz0nteaozzwf8a20070427JS0000000000000000001517';
DELETE FROM metadata WHERE id = 'zk8ah87fbqu3t8fgjgnz0nteaozzwf8a20070427JS0000000000000000001517' AND seq = 4660;
DELETE FROM metadata_parameter WHERE id = '1veckeijm0irvgmegpbbecoyl4i9au7e20070427JS0000000000000000001524' AND seq = 1551;
DELETE FROM metadata_display_label WHERE id = '00kw7987p1e4mky9lmthoms2atjpkrolNM200904120000000000000000000030';
DELETE FROM metadata_display_label WHERE id = '79eh5bmt6af3lyrg4lzjiuwy358oy0coNM200904120000000000000000000030';
DELETE FROM md_parameter WHERE id = '030g48anm1ypzpfiypxf8qeockygpqij20070427JS0000000000000000001517';
DELETE FROM metadata WHERE id = '030g48anm1ypzpfiypxf8qeockygpqij20070427JS0000000000000000001517' AND seq = 4661;
DELETE FROM metadata_parameter WHERE id = 'sw6hazrdz42z1zz8mk2cnpyftl3ixqbh20070427JS0000000000000000001524' AND seq = 1552;
DELETE FROM metadata_display_label WHERE id = '8vr8m866slcrebr9ndtp3exs1tk9li03NM200904120000000000000000000030';
DELETE FROM metadata_display_label WHERE id = '8pv17absthb0n1qg4nkxn0p0io3w9ibuNM200904120000000000000000000030';
DELETE FROM md_parameter WHERE id = '923qhmgj41iolq2bkwxse3dk8kbkmjoq20070427JS0000000000000000001517';
DELETE FROM metadata WHERE id = '923qhmgj41iolq2bkwxse3dk8kbkmjoq20070427JS0000000000000000001517' AND seq = 4662;
DELETE FROM controller_action WHERE id = '0r37qwtzy8qlkkjj3heygh9sufxz27q1JS200807230000000000000000111111' AND seq = 1214;
DELETE FROM metadata_display_label WHERE id = 'shstgefp3xtjsfem2nw3cyzuhtpf85nsNM200904120000000000000000000030';
DELETE FROM metadata_display_label WHERE id = 'z2vo30vvp4k11wyvortvkd78zrkh54hqNM200904120000000000000000000030';
DELETE FROM md_action WHERE id = 'raenwm9u156k6yl1ji1y5uj5trzrawgvNM200810110000000000000000000113';
DELETE FROM metadata WHERE id = 'raenwm9u156k6yl1ji1y5uj5trzrawgvNM200810110000000000000000000113' AND seq = 4322;
DELETE FROM controller_action WHERE id = 'xx72u1osqbd4qtotz1fr5lvvsqpwe8iiJS200807230000000000000000111111' AND seq = 1217;
DELETE FROM metadata_display_label WHERE id = 'sm15qyoqz065q44yinmzo8oyc9p7f5b9NM200904120000000000000000000030';
DELETE FROM metadata_display_label WHERE id = 'yxqtsncbe3whgaeh5rijh9uukh2dei56NM200904120000000000000000000030';
DELETE FROM md_action WHERE id = 'sgefkmkb4joe40gzo06isaygv3gt9vtpNM200810110000000000000000000113';
DELETE FROM metadata WHERE id = 'sgefkmkb4joe40gzo06isaygv3gt9vtpNM200810110000000000000000000113' AND seq = 4325;
DELETE FROM metadata_parameter WHERE id = 'zdpkunobtrr2djoloy8hc01fo7rrcqc520070427JS0000000000000000001524' AND seq = 1556;
DELETE FROM metadata_display_label WHERE id = 'sycdth68nfahnacplrg245ujoqx7vbawNM200904120000000000000000000030';
DELETE FROM metadata_display_label WHERE id = 'rerouu16yxmzykeq8rgf06bp12ashpffNM200904120000000000000000000030';
DELETE FROM md_parameter WHERE id = 'xzj5a1il2ssogy3w1xhik5p1vp8d796p20070427JS0000000000000000001517';
DELETE FROM metadata WHERE id = 'xzj5a1il2ssogy3w1xhik5p1vp8d796p20070427JS0000000000000000001517' AND seq = 4667;
DELETE FROM controller_action WHERE id = '28s7yfvi71hiwuxa0jigmuk1pszu2w7xJS200807230000000000000000111111' AND seq = 1221;
DELETE FROM metadata_display_label WHERE id = 'qvz0nmjm3qqz3byhp8qzrm23bqssnlbmNM200904120000000000000000000030';
DELETE FROM metadata_display_label WHERE id = 'si3tgrpv84zbmy7vgianyxzdzvsdm95lNM200904120000000000000000000030';
DELETE FROM md_action WHERE id = 'st5o02fj4y6bpj52p3qpqeahgd974s2jNM200810110000000000000000000113';
DELETE FROM metadata WHERE id = 'st5o02fj4y6bpj52p3qpqeahgd974s2jNM200810110000000000000000000113' AND seq = 4329;
DELETE FROM metadata_parameter WHERE id = 't0v0mrsndim2kq04gi7m4zv8hve2b8yh20070427JS0000000000000000001524' AND seq = 1557;
DELETE FROM metadata_display_label WHERE id = '8lx2j087aiawvjk4a3nv1a81qhsrqa2eNM200904120000000000000000000030';
DELETE FROM metadata_display_label WHERE id = 'z8gdkggkuu1dp49yypnpi3ygzudtps2cNM200904120000000000000000000030';
DELETE FROM md_parameter WHERE id = '06rk930udhthy6rawxuz83afn1b2opex20070427JS0000000000000000001517';
DELETE FROM metadata WHERE id = '06rk930udhthy6rawxuz83afn1b2opex20070427JS0000000000000000001517' AND seq = 4668;
DELETE FROM controller_action WHERE id = 'zbrc36et4o1n272loiftw18iumu40n4eJS200807230000000000000000111111' AND seq = 1222;
DELETE FROM metadata_display_label WHERE id = 'qsgyk18wmhb1gxxlobosaantij1zljcfNM200904120000000000000000000030';
DELETE FROM metadata_display_label WHERE id = 'xn7aw95vslg7jcglj29ry8v8r83s6l74NM200904120000000000000000000030';
DELETE FROM md_action WHERE id = 'swlhv55s53ypdhgpyzh0emhsrw5ont54NM200810110000000000000000000113';
DELETE FROM metadata WHERE id = 'swlhv55s53ypdhgpyzh0emhsrw5ont54NM200810110000000000000000000113' AND seq = 4330;
DELETE FROM metadata_parameter WHERE id = '8zg4cmn08ugexjtt6n19bzu4p6mz06pe20070427JS0000000000000000001524' AND seq = 1537;
DELETE FROM metadata_display_label WHERE id = '8mklfy42gqw8bdc6yd855udyho3aq4r9NM200904120000000000000000000030';
DELETE FROM metadata_display_label WHERE id = '21ms4njxp3nmfyypp3pn2a7a951awmbwNM200904120000000000000000000030';
DELETE FROM md_parameter WHERE id = '90ptw7yz60egcvjh6r9n7t8cij7t96gn20070427JS0000000000000000001517';
DELETE FROM metadata WHERE id = '90ptw7yz60egcvjh6r9n7t8cij7t96gn20070427JS0000000000000000001517' AND seq = 4663;
DELETE FROM controller_action WHERE id = '6xgtywpompxspzjxi05ycfyp6qnyb734JS200807230000000000000000111111' AND seq = 1216;
DELETE FROM metadata_display_label WHERE id = '1telmaucehxf4h3j7sa0gx187xf1ai2pNM200904120000000000000000000030';
DELETE FROM metadata_display_label WHERE id = '6w7gmqj9w184axoo45k32oymcxorx39xNM200904120000000000000000000030';
DELETE FROM md_action WHERE id = 'xf0sos4djekmquq27ugmku1fpj67en82NM200810110000000000000000000113';
DELETE FROM metadata WHERE id = 'xf0sos4djekmquq27ugmku1fpj67en82NM200810110000000000000000000113' AND seq = 4324;
DELETE FROM metadata_parameter WHERE id = '1stgsjlarzdxsusio9roquml6bl5mqcr20070427JS0000000000000000001524' AND seq = 1553;
DELETE FROM metadata_display_label WHERE id = '0iqn1hzhgka58h9ou06k5ei5pzohch4tNM200904120000000000000000000030';
DELETE FROM metadata_display_label WHERE id = '8fxm2yf2wsp8ibsi3leuhv9con389ly9NM200904120000000000000000000030';
DELETE FROM md_parameter WHERE id = 'qqxmfef11sj7xt90o3q4t6okmp4ib5po20070427JS0000000000000000001517';
DELETE FROM metadata WHERE id = 'qqxmfef11sj7xt90o3q4t6okmp4ib5po20070427JS0000000000000000001517' AND seq = 4664;
DELETE FROM controller_action WHERE id = '8otvd9fz3rl5g01k45a9010la007ygk9JS200807230000000000000000111111' AND seq = 1218;
DELETE FROM metadata_display_label WHERE id = 'xx2zkbp0g3kwtx2l9ziyhoh9fnchsgelNM200904120000000000000000000030';
DELETE FROM metadata_display_label WHERE id = 'zm5idw6y9v3opt2nmbe52440i5rk5dq3NM200904120000000000000000000030';
DELETE FROM md_action WHERE id = 'xsnihz2thivs5m4ukx7vxgbcwp2opm73NM200810110000000000000000000113';
DELETE FROM metadata WHERE id = 'xsnihz2thivs5m4ukx7vxgbcwp2opm73NM200810110000000000000000000113' AND seq = 4326;
DELETE FROM controller_action WHERE id = 'zclsms8j0x1xuy5e8vqx64l13ypqe4mxJS200807230000000000000000111111' AND seq = 1215;
DELETE FROM metadata_display_label WHERE id = 'y14l0wfvyy1p9agurivzi71wnpvu0355NM200904120000000000000000000030';
DELETE FROM metadata_display_label WHERE id = '7etoh2ip6u7jy968ovuivimv2szougtqNM200904120000000000000000000030';
DELETE FROM md_action WHERE id = 'zo0qj3y5t0754445rv57p0kae9dpe6shNM200810110000000000000000000113';
DELETE FROM metadata WHERE id = 'zo0qj3y5t0754445rv57p0kae9dpe6shNM200810110000000000000000000113' AND seq = 4323;
DELETE FROM metadata_display_label WHERE id = 'svfjxji98uggn27itdgyamvbt8h2toztNM200904120000000000000000000030';
DELETE FROM metadata_display_label WHERE id = '8xdmcgarbeasd3o5oc139d1w1e016z4cNM200904120000000000000000000030';
DELETE FROM md_controller WHERE id = '0lzq2h7xlcuvagetzpftd8y8emyybfegNM200810110000000000000000000112';
DELETE FROM md_type WHERE id = '0lzq2h7xlcuvagetzpftd8y8emyybfegNM200810110000000000000000000112';
DELETE FROM metadata WHERE id = '0lzq2h7xlcuvagetzpftd8y8emyybfegNM200810110000000000000000000112' AND seq = 3860;
DELETE FROM metadata_display_label WHERE id = 'queasnm7sv9v6adjpw1zq6tf8xxncgk0NM200904120000000000000000000030';
DELETE FROM job_operation WHERE id = 'qubohozi75h3irlyx8hvocw5qn9h5wknxir473x8wypomyg7b93mojxd8gaf8f4w';
DELETE FROM enumeration_master WHERE id = 'qubohozi75h3irlyx8hvocw5qn9h5wknxir473x8wypomyg7b93mojxd8gaf8f4w' AND seq = 3772;
DELETE FROM metadata_display_label WHERE id = '23xumz45fzxz27k0mnmbzp08sxpgodhgNM200904120000000000000000000030';
DELETE FROM job_operation WHERE id = '8tm7cs0n7ram0gg268a84hvjpuo9x6rmxir473x8wypomyg7b93mojxd8gaf8f4w';
DELETE FROM enumeration_master WHERE id = '8tm7cs0n7ram0gg268a84hvjpuo9x6rmxir473x8wypomyg7b93mojxd8gaf8f4w' AND seq = 3773;
DELETE FROM metadata_display_label WHERE id = '041di3tnpor2p6qidudfusvwv3f2gwq4NM200904120000000000000000000030';
DELETE FROM job_operation WHERE id = 'syc4f4aaydzcblbnsukg4iy7itp7wikrxir473x8wypomyg7b93mojxd8gaf8f4w';
DELETE FROM enumeration_master WHERE id = 'syc4f4aaydzcblbnsukg4iy7itp7wikrxir473x8wypomyg7b93mojxd8gaf8f4w' AND seq = 3774;
DELETE FROM metadata_display_label WHERE id = '6ytkyzn3qmfufww00ks6hhqhvhkybj2yNM200904120000000000000000000030';
DELETE FROM job_operation WHERE id = 'qx75irjpycqfo6dvbm3c739g8hmz6l1mxir473x8wypomyg7b93mojxd8gaf8f4w';
DELETE FROM enumeration_master WHERE id = 'qx75irjpycqfo6dvbm3c739g8hmz6l1mxir473x8wypomyg7b93mojxd8gaf8f4w' AND seq = 3775;
DELETE FROM metadata_display_label WHERE id = 'xi9a7z1c3dqapliutf8qqqgbhh4c4z92NM200904120000000000000000000030';
DELETE FROM job_operation WHERE id = '23vaipf1iwo4t93iqp3sawp1lyyfxa4zxir473x8wypomyg7b93mojxd8gaf8f4w';
DELETE FROM enumeration_master WHERE id = '23vaipf1iwo4t93iqp3sawp1lyyfxa4zxir473x8wypomyg7b93mojxd8gaf8f4w' AND seq = 3776;
DELETE FROM business_inheritance WHERE id = 'qo1d75zzwmqoq1ll6k72ok6zkxknsqk420070926NM0000000000000000000004';
DELETE FROM class_inheritance WHERE id = 'qo1d75zzwmqoq1ll6k72ok6zkxknsqk420070926NM0000000000000000000004';
DELETE FROM metadata_relationship WHERE id = 'qo1d75zzwmqoq1ll6k72ok6zkxknsqk420070926NM0000000000000000000004' AND seq = 2706;
DELETE FROM class_cache WHERE set_id='74e86gj2z4mfa5d5we0c99x8ck6foih9';
DELETE FROM metadata_display_label WHERE id = '0eqysdr3355mbhrr9e47y1apu4z1jlbnNM200904120000000000000000000030';
DELETE FROM metadata_display_label WHERE id = 'szaab13jfovq74x0nhprx59za7q3zc2iNM200904120000000000000000000030';
DELETE FROM md_business WHERE id = 'xir473x8wypomyg7b93mojxd8gaf8f4w00000000000000000000000000000001';
DELETE FROM md_element WHERE id = 'xir473x8wypomyg7b93mojxd8gaf8f4w00000000000000000000000000000001';
DELETE FROM md_entity WHERE id = 'xir473x8wypomyg7b93mojxd8gaf8f4w00000000000000000000000000000001';
DELETE FROM md_class WHERE id = 'xir473x8wypomyg7b93mojxd8gaf8f4w00000000000000000000000000000001';
DELETE FROM md_type WHERE id = 'xir473x8wypomyg7b93mojxd8gaf8f4w00000000000000000000000000000001';
DELETE FROM metadata WHERE id = 'xir473x8wypomyg7b93mojxd8gaf8f4w00000000000000000000000000000001' AND seq = 4056;
DELETE FROM virtualize_attribute WHERE id = '1sn04so60lqxsvuaom8d1alky6qgl1wnNM200811200000000000000000000023';
DELETE FROM metadata_relationship WHERE id = '1sn04so60lqxsvuaom8d1alky6qgl1wnNM200811200000000000000000000023' AND seq = 2815;
DELETE FROM class_attribute_virtual WHERE id = 'r8ayv9cvqvsodjd5iofudiot09do8e4rNM200811060000000000000000000005';
DELETE FROM class_attribute WHERE id = 'r8ayv9cvqvsodjd5iofudiot09do8e4rNM200811060000000000000000000005';
DELETE FROM metadata_relationship WHERE id = 'r8ayv9cvqvsodjd5iofudiot09do8e4rNM200811060000000000000000000005' AND seq = 2814;
DELETE FROM metadata_display_label WHERE id = 'z5usy6nhuksdngtcgf767f9w9adgggmmNM200904120000000000000000000030';
DELETE FROM metadata_display_label WHERE id = 'z6ikn7aftsw9yy94kwanup13vhrka6f7NM200904120000000000000000000030';
DELETE FROM md_attribute_virtual WHERE id = 'zi2sbwcmnhd6hlhz9alwh9o6stbym95bNM200811060000000000000000000001';
DELETE FROM md_attribute WHERE id = 'zi2sbwcmnhd6hlhz9alwh9o6stbym95bNM200811060000000000000000000001';
DELETE FROM metadata WHERE id = 'zi2sbwcmnhd6hlhz9alwh9o6stbym95bNM200811060000000000000000000001' AND seq = 3805;
DELETE FROM class_attribute_concrete WHERE id = 'sxqzyxwp0mc0338ranlcvkxstdgs1fbp00000000000000000000000000000073';
DELETE FROM class_attribute WHERE id = 'sxqzyxwp0mc0338ranlcvkxstdgs1fbp00000000000000000000000000000073';
DELETE FROM metadata_relationship WHERE id = 'sxqzyxwp0mc0338ranlcvkxstdgs1fbp00000000000000000000000000000073' AND seq = 2741;
DELETE FROM visibilitymodifier WHERE set_id='xvdcee24ugyokapxv458h2vw8ehszdd8';
DELETE FROM metadata_display_label WHERE id = '26cjyg8g19oi9j25ysz4r5e07j8hhcsrNM200904120000000000000000000030';
DELETE FROM visibilitymodifier WHERE set_id='8dufa528zjmfgt9v5diz3okfm1hii7qt';
DELETE FROM md_attribute_indicies WHERE set_id='sjjbdqy2002wuwmevhqcwl7hu1a114us';
DELETE FROM metadata_display_label WHERE id = '8wj4y5ry1h3mpdutorptwvgn91aw7o7mNM200904120000000000000000000030';
DELETE FROM md_attribute_datetime WHERE id = '8u9ho3osfqp3f0yrzsrkui515z7ifln300000000000000000000000000000341';
DELETE FROM md_attribute_moment WHERE id = '8u9ho3osfqp3f0yrzsrkui515z7ifln300000000000000000000000000000341';
DELETE FROM md_attribute_primitive WHERE id = '8u9ho3osfqp3f0yrzsrkui515z7ifln300000000000000000000000000000341';
DELETE FROM md_attribute_concrete WHERE id = '8u9ho3osfqp3f0yrzsrkui515z7ifln300000000000000000000000000000341';
DELETE FROM md_attribute WHERE id = '8u9ho3osfqp3f0yrzsrkui515z7ifln300000000000000000000000000000341';
DELETE FROM metadata WHERE id = '8u9ho3osfqp3f0yrzsrkui515z7ifln300000000000000000000000000000341' AND seq = 3442;
DELETE FROM virtualize_attribute WHERE id = 'z2zj4m93uxscf7nhh2hixn2409xi0h48NM200811200000000000000000000023';
DELETE FROM metadata_relationship WHERE id = 'z2zj4m93uxscf7nhh2hixn2409xi0h48NM200811200000000000000000000023' AND seq = 2817;
DELETE FROM class_attribute_virtual WHERE id = '70nhcdr5wyz3ew70as45zzg0k9s7l69fNM200811060000000000000000000005';
DELETE FROM class_attribute WHERE id = '70nhcdr5wyz3ew70as45zzg0k9s7l69fNM200811060000000000000000000005';
DELETE FROM metadata_relationship WHERE id = '70nhcdr5wyz3ew70as45zzg0k9s7l69fNM200811060000000000000000000005' AND seq = 2816;
DELETE FROM metadata_display_label WHERE id = 'xfjeuo2n9sekws13g4f40gp5czlz1aynNM200904120000000000000000000030';
DELETE FROM metadata_display_label WHERE id = 'r4oni6zwxhexdjjce6glkej7313wz5w3NM200904120000000000000000000030';
DELETE FROM md_attribute_virtual WHERE id = 'zf2mccikuukxdff7uhsmhjmovtnm0ecfNM200811060000000000000000000001';
DELETE FROM md_attribute WHERE id = 'zf2mccikuukxdff7uhsmhjmovtnm0ecfNM200811060000000000000000000001';
DELETE FROM metadata WHERE id = 'zf2mccikuukxdff7uhsmhjmovtnm0ecfNM200811060000000000000000000001' AND seq = 3806;
DELETE FROM class_attribute_concrete WHERE id = 'z3yf4l01qoaxubfntqlfc2mljs6m5a9p00000000000000000000000000000073';
DELETE FROM class_attribute WHERE id = 'z3yf4l01qoaxubfntqlfc2mljs6m5a9p00000000000000000000000000000073';
DELETE FROM metadata_relationship WHERE id = 'z3yf4l01qoaxubfntqlfc2mljs6m5a9p00000000000000000000000000000073' AND seq = 2728;
DELETE FROM visibilitymodifier WHERE set_id='72r03qr1maowh9k5s0z7cthznzlryhwh';
DELETE FROM metadata_display_label WHERE id = 'xdzyiwnlobzybmsbdv4b3ha1of1i78m0NM200904120000000000000000000030';
DELETE FROM visibilitymodifier WHERE set_id='sqthvs70clbb93562pvxo9901dxv8eky';
DELETE FROM md_attribute_indicies WHERE set_id='swxary57ksmcou9dej400khuegfsin7j';
DELETE FROM metadata_display_label WHERE id = 'sb4p704h9glznp7zbljy9s3awclhd11wNM200904120000000000000000000030';
DELETE FROM md_attribute_datetime WHERE id = '8p3t187ar11jnbbe2udc2mklz6oe6eac00000000000000000000000000000341';
DELETE FROM md_attribute_moment WHERE id = '8p3t187ar11jnbbe2udc2mklz6oe6eac00000000000000000000000000000341';
DELETE FROM md_attribute_primitive WHERE id = '8p3t187ar11jnbbe2udc2mklz6oe6eac00000000000000000000000000000341';
DELETE FROM md_attribute_concrete WHERE id = '8p3t187ar11jnbbe2udc2mklz6oe6eac00000000000000000000000000000341';
DELETE FROM md_attribute WHERE id = '8p3t187ar11jnbbe2udc2mklz6oe6eac00000000000000000000000000000341';
DELETE FROM metadata WHERE id = '8p3t187ar11jnbbe2udc2mklz6oe6eac00000000000000000000000000000341' AND seq = 3439;
DELETE FROM virtualize_attribute WHERE id = '1quwn1oa03tjsqyx9ow37fkx7oiquz7wNM200811200000000000000000000023';
DELETE FROM metadata_relationship WHERE id = '1quwn1oa03tjsqyx9ow37fkx7oiquz7wNM200811200000000000000000000023' AND seq = 2833;
DELETE FROM class_attribute_virtual WHERE id = 'z9v3cdwlzm0i8whvrvlb916j6j04bjg7NM200811060000000000000000000005';
DELETE FROM class_attribute WHERE id = 'z9v3cdwlzm0i8whvrvlb916j6j04bjg7NM200811060000000000000000000005';
DELETE FROM metadata_relationship WHERE id = 'z9v3cdwlzm0i8whvrvlb916j6j04bjg7NM200811060000000000000000000005' AND seq = 2832;
DELETE FROM metadata_display_label WHERE id = '1uvgg5tn0roqyjg5jwm49yyt36tq477mNM200904120000000000000000000030';
DELETE FROM metadata_display_label WHERE id = '1ze9mykgaiir3nb2b28tir4hl8jqfr67NM200904120000000000000000000030';
DELETE FROM md_attribute_virtual WHERE id = '8dp10uwzjh8m8p9bfutt5pf9wowjervhNM200811060000000000000000000001';
DELETE FROM md_attribute WHERE id = '8dp10uwzjh8m8p9bfutt5pf9wowjervhNM200811060000000000000000000001';
DELETE FROM metadata WHERE id = '8dp10uwzjh8m8p9bfutt5pf9wowjervhNM200811060000000000000000000001' AND seq = 3813;
DELETE FROM class_attribute_concrete WHERE id = '7f4r3xall0w13q3o73a15m72fa83s88j00000000000000000000000000000073';
DELETE FROM class_attribute WHERE id = '7f4r3xall0w13q3o73a15m72fa83s88j00000000000000000000000000000073';
DELETE FROM metadata_relationship WHERE id = '7f4r3xall0w13q3o73a15m72fa83s88j00000000000000000000000000000073' AND seq = 2738;
DELETE FROM visibilitymodifier WHERE set_id='6vqdetrfdomikjf8l5e4rfjdpg07lfez';
DELETE FROM metadata_display_label WHERE id = 'r5k10kmb0huwgcammqtpotj7gt9w76lsNM200904120000000000000000000030';
DELETE FROM visibilitymodifier WHERE set_id='6utkt9sfw19jifen43cqjut581lzitbn';
DELETE FROM md_attribute_indicies WHERE set_id='1v2k6xj6g9uu6u4iuakdj0q3v1t7v3pb';
DELETE FROM metadata_display_label WHERE id = 'z249kboixp97mkrxmud7jbmixzqvadfpNM200904120000000000000000000030';
DELETE FROM md_attribute_integer WHERE id = '78srpi6mazu9gxpfwxqqexyegp0ez8cf00000000000000000000000000000332';
DELETE FROM md_attribute_int WHERE id = '78srpi6mazu9gxpfwxqqexyegp0ez8cf00000000000000000000000000000332';
DELETE FROM md_attribute_number WHERE id = '78srpi6mazu9gxpfwxqqexyegp0ez8cf00000000000000000000000000000332';
DELETE FROM md_attribute_primitive WHERE id = '78srpi6mazu9gxpfwxqqexyegp0ez8cf00000000000000000000000000000332';
DELETE FROM md_attribute_concrete WHERE id = '78srpi6mazu9gxpfwxqqexyegp0ez8cf00000000000000000000000000000332';
DELETE FROM md_attribute WHERE id = '78srpi6mazu9gxpfwxqqexyegp0ez8cf00000000000000000000000000000332';
DELETE FROM metadata WHERE id = '78srpi6mazu9gxpfwxqqexyegp0ez8cf00000000000000000000000000000332' AND seq = 3434;
DELETE FROM virtualize_attribute WHERE id = 'z7sjmzf9a2y9sr1tmbgcb7povxsqqxuvNM200811200000000000000000000023';
DELETE FROM metadata_relationship WHERE id = 'z7sjmzf9a2y9sr1tmbgcb7povxsqqxuvNM200811200000000000000000000023' AND seq = 2841;
DELETE FROM class_attribute_virtual WHERE id = 'xreipmrql9x754a17uirj3irnwczjspdNM200811060000000000000000000005';
DELETE FROM class_attribute WHERE id = 'xreipmrql9x754a17uirj3irnwczjspdNM200811060000000000000000000005';
DELETE FROM metadata_relationship WHERE id = 'xreipmrql9x754a17uirj3irnwczjspdNM200811060000000000000000000005' AND seq = 2840;
DELETE FROM metadata_display_label WHERE id = '0g0tjkf20olf5mq6882429hx86ymh0agNM200904120000000000000000000030';
DELETE FROM metadata_display_label WHERE id = 'qtx39d38kiz5fos8rfcevvggxe0lkh24NM200904120000000000000000000030';
DELETE FROM md_attribute_virtual WHERE id = '7artopx77kldxpky5zznw1utsqec42daNM200811060000000000000000000001';
DELETE FROM md_attribute WHERE id = '7artopx77kldxpky5zznw1utsqec42daNM200811060000000000000000000001';
DELETE FROM metadata WHERE id = '7artopx77kldxpky5zznw1utsqec42daNM200811060000000000000000000001' AND seq = 3817;
DELETE FROM class_attribute_concrete WHERE id = '8lx0njt5e0a3zq7d9zzsq0q96tpdxkpd00000000000000000000000000000073';
DELETE FROM class_attribute WHERE id = '8lx0njt5e0a3zq7d9zzsq0q96tpdxkpd00000000000000000000000000000073';
DELETE FROM metadata_relationship WHERE id = '8lx0njt5e0a3zq7d9zzsq0q96tpdxkpd00000000000000000000000000000073' AND seq = 2730;
DELETE FROM visibilitymodifier WHERE set_id='stl2upsisx5ex9k0w4lvg3afauj44c3w';
DELETE FROM metadata_display_label WHERE id = 'zaidhd0wj5j9sm3tlupto3fyc0qt1dm7NM200904120000000000000000000030';
DELETE FROM visibilitymodifier WHERE set_id='8vshf62b8x67dqwbubrczikxm37iavte';
DELETE FROM md_attribute_indicies WHERE set_id='2c25qqjhwzjm297wvrefzqr8ps5lv4d6';
DELETE FROM metadata_display_label WHERE id = 'r8hx0cng2orqy1umerg2tx8ek1zxlmixNM200904120000000000000000000030';
DELETE FROM md_attribute_integer WHERE id = 'rcyo64wsfudlbs4m415md41tslnlm3nv00000000000000000000000000000332';
DELETE FROM md_attribute_int WHERE id = 'rcyo64wsfudlbs4m415md41tslnlm3nv00000000000000000000000000000332';
DELETE FROM md_attribute_number WHERE id = 'rcyo64wsfudlbs4m415md41tslnlm3nv00000000000000000000000000000332';
DELETE FROM md_attribute_primitive WHERE id = 'rcyo64wsfudlbs4m415md41tslnlm3nv00000000000000000000000000000332';
DELETE FROM md_attribute_concrete WHERE id = 'rcyo64wsfudlbs4m415md41tslnlm3nv00000000000000000000000000000332';
DELETE FROM md_attribute WHERE id = 'rcyo64wsfudlbs4m415md41tslnlm3nv00000000000000000000000000000332';
DELETE FROM metadata WHERE id = 'rcyo64wsfudlbs4m415md41tslnlm3nv00000000000000000000000000000332' AND seq = 3449;
 INSERT INTO class_cache (set_id, item_id)  VALUES  ('sc7a6xa44k7h1iwtrk6idbi7w3yl2n56', '0000000000000000000000000000023100000000000000000000000000000222');
INSERT INTO metadata_display_label ( default_locale, id, site_master, key_name) VALUES ('Job Status', 'xuv1r4u737fuvmi3fqy7h98tg7jpdvzuNM200904120000000000000000000030', 'www.runwaysdk.com', 'xuv1r4u737fuvmi3fqy7h98tg7jpdvzuNM200904120000000000000000000030');
INSERT INTO metadata_display_label ( default_locale, id, site_master, key_name) VALUES (NULL, 'xev8pntzrnjkeir0q0fkmwpdopyh60w4NM200904120000000000000000000030', 'www.runwaysdk.com', 'xev8pntzrnjkeir0q0fkmwpdopyh60w4NM200904120000000000000000000030');
INSERT INTO md_business ( cache_algorithm, cache_algorithm_c, super_md_business, id) VALUES ('sc7a6xa44k7h1iwtrk6idbi7w3yl2n56', '0000000000000000000000000000023100000000000000000000000000000222', '0000000000000000000000000000020600000000000000000000000000000001', 'it5n8uy11mc6rfo3urxl4y3iaostrri000000000000000000000000000000001');
INSERT INTO md_element ( extendable, is_abstract, id) VALUES (0, 0, 'it5n8uy11mc6rfo3urxl4y3iaostrri000000000000000000000000000000001');
INSERT INTO md_entity ( query_dto_source, query_source, cache_size, enforce_site_master, has_deterministic_ids, table_name, id) VALUES (NULL, NULL, 0, 1, 0, 'job_status', 'it5n8uy11mc6rfo3urxl4y3iaostrri000000000000000000000000000000001');
INSERT INTO md_class ( publish, stub_dto_source, stub_source, id) VALUES (1, NULL, NULL, 'it5n8uy11mc6rfo3urxl4y3iaostrri000000000000000000000000000000001');
INSERT INTO md_type ( display_label, root_id, package_name, type_name, base_source, js_base, js_stub, exported, dto_source, id) VALUES ('xuv1r4u737fuvmi3fqy7h98tg7jpdvzuNM200904120000000000000000000030', 'it5n8uy11mc6rfo3urxl4y3iaostrri0', 'com.runwaysdk.system.scheduler', 'JobStatus', NULL, NULL, NULL, 1, NULL, 'it5n8uy11mc6rfo3urxl4y3iaostrri000000000000000000000000000000001');
INSERT INTO metadata ( description, created_by, owner, id, create_date, seq, type, remove, site_master, locked_by, entity_domain, last_updated_by, last_update_date, key_name) VALUES ('xev8pntzrnjkeir0q0fkmwpdopyh60w4NM200904120000000000000000000030', '0000000000000000000000000000001000000000000000000000000000000003', '0000000000000000000000000000001000000000000000000000000000000003', 'it5n8uy11mc6rfo3urxl4y3iaostrri000000000000000000000000000000001', '2014-11-24 23:40:28', 4802, 'com.runwaysdk.system.metadata.MdBusiness', 1, 'www.runwaysdk.com', NULL, NULL, '0000000000000000000000000000001000000000000000000000000000000003', '2014-11-24 23:40:28', 'com.runwaysdk.system.scheduler.JobStatus');
INSERT INTO business_inheritance ( id, parent_id, child_id) VALUES ('it5n8uy11mc6rfo3urxl4y3iaostrri020070926NM0000000000000000000004', '0000000000000000000000000000020600000000000000000000000000000001', 'it5n8uy11mc6rfo3urxl4y3iaostrri000000000000000000000000000000001');
INSERT INTO class_inheritance ( id, parent_id, child_id) VALUES ('it5n8uy11mc6rfo3urxl4y3iaostrri020070926NM0000000000000000000004', '0000000000000000000000000000020600000000000000000000000000000001', 'it5n8uy11mc6rfo3urxl4y3iaostrri000000000000000000000000000000001');
INSERT INTO metadata_relationship ( entity_domain, site_master, last_updated_by, id, owner, locked_by, create_date, type, created_by, seq, key_name, last_update_date, parent_id, child_id) VALUES (NULL, 'www.runwaysdk.com', '0000000000000000000000000000001000000000000000000000000000000003', 'it5n8uy11mc6rfo3urxl4y3iaostrri020070926NM0000000000000000000004', '0000000000000000000000000000001000000000000000000000000000000003', NULL, '2014-11-24 23:40:28', 'com.runwaysdk.system.metadata.BusinessInheritance', '0000000000000000000000000000001000000000000000000000000000000003', 4803, 'com.runwaysdk.system.scheduler.JobStatus', '2014-11-24 23:40:28', '0000000000000000000000000000020600000000000000000000000000000001', 'it5n8uy11mc6rfo3urxl4y3iaostrri000000000000000000000000000000001');
CREATE TABLE job_status ( id CHAR(64) NOT NULL PRIMARY KEY );
INSERT INTO metadata_display_label ( default_locale, id, site_master, key_name) VALUES ('Running', 'ywzq6q5d9qfe8bu71vuyla2ykfhsn1gxNM200904120000000000000000000030', 'www.runwaysdk.com', 'ywzq6q5d9qfe8bu71vuyla2ykfhsn1gxNM200904120000000000000000000030');
INSERT INTO job_status ( id) VALUES ('z90vdtyrf9xsw5ecdaq2fz71ej9v3i97it5n8uy11mc6rfo3urxl4y3iaostrri0');
INSERT INTO enumeration_master ( create_date, locked_by, owner, site_master, type, last_update_date, id, entity_domain, key_name, display_label, enum_name, created_by, seq, last_updated_by) VALUES ('2014-11-24 23:40:28', NULL, '0000000000000000000000000000001000000000000000000000000000000003', 'www.runwaysdk.com', 'com.runwaysdk.system.scheduler.JobStatus', '2014-11-24 23:40:28', 'z90vdtyrf9xsw5ecdaq2fz71ej9v3i97it5n8uy11mc6rfo3urxl4y3iaostrri0', NULL, 'com.runwaysdk.system.scheduler.JobStatus.RUNNING', 'ywzq6q5d9qfe8bu71vuyla2ykfhsn1gxNM200904120000000000000000000030', 'RUNNING', '0000000000000000000000000000001000000000000000000000000000000003', 4804, '0000000000000000000000000000001000000000000000000000000000000003');
INSERT INTO metadata_display_label ( default_locale, id, site_master, key_name) VALUES ('Canceled', '24itn85hqa3cfg237bc1qxy1r58jlqm9NM200904120000000000000000000030', 'www.runwaysdk.com', '24itn85hqa3cfg237bc1qxy1r58jlqm9NM200904120000000000000000000030');
INSERT INTO job_status ( id) VALUES ('01arvqakjr91z7r53dqwzjh4anrnrjmvit5n8uy11mc6rfo3urxl4y3iaostrri0');
INSERT INTO enumeration_master ( create_date, locked_by, owner, site_master, type, last_update_date, id, entity_domain, key_name, display_label, enum_name, created_by, seq, last_updated_by) VALUES ('2014-11-24 23:40:28', NULL, '0000000000000000000000000000001000000000000000000000000000000003', 'www.runwaysdk.com', 'com.runwaysdk.system.scheduler.JobStatus', '2014-11-24 23:40:28', '01arvqakjr91z7r53dqwzjh4anrnrjmvit5n8uy11mc6rfo3urxl4y3iaostrri0', NULL, 'com.runwaysdk.system.scheduler.JobStatus.CANCELED', '24itn85hqa3cfg237bc1qxy1r58jlqm9NM200904120000000000000000000030', 'CANCELED', '0000000000000000000000000000001000000000000000000000000000000003', 4805, '0000000000000000000000000000001000000000000000000000000000000003');
INSERT INTO metadata_display_label ( default_locale, id, site_master, key_name) VALUES ('Success', '8pqtu4uevyig1wkvpwjsk2fodltk8u9lNM200904120000000000000000000030', 'www.runwaysdk.com', '8pqtu4uevyig1wkvpwjsk2fodltk8u9lNM200904120000000000000000000030');
INSERT INTO job_status ( id) VALUES ('1zal882ta1r5h3dqqgq7hhbtgiga0eb4it5n8uy11mc6rfo3urxl4y3iaostrri0');
INSERT INTO enumeration_master ( create_date, locked_by, owner, site_master, type, last_update_date, id, entity_domain, key_name, display_label, enum_name, created_by, seq, last_updated_by) VALUES ('2014-11-24 23:40:28', NULL, '0000000000000000000000000000001000000000000000000000000000000003', 'www.runwaysdk.com', 'com.runwaysdk.system.scheduler.JobStatus', '2014-11-24 23:40:28', '1zal882ta1r5h3dqqgq7hhbtgiga0eb4it5n8uy11mc6rfo3urxl4y3iaostrri0', NULL, 'com.runwaysdk.system.scheduler.JobStatus.SUCCESS', '8pqtu4uevyig1wkvpwjsk2fodltk8u9lNM200904120000000000000000000030', 'SUCCESS', '0000000000000000000000000000001000000000000000000000000000000003', 4806, '0000000000000000000000000000001000000000000000000000000000000003');
INSERT INTO metadata_display_label ( default_locale, id, site_master, key_name) VALUES ('Failure', '2aou41i5bw8rdjkjr8rjpbic6mxma9tkNM200904120000000000000000000030', 'www.runwaysdk.com', '2aou41i5bw8rdjkjr8rjpbic6mxma9tkNM200904120000000000000000000030');
INSERT INTO job_status ( id) VALUES ('74vu6ustn9uw1w5nzn0p2v4zg9wruc0kit5n8uy11mc6rfo3urxl4y3iaostrri0');
INSERT INTO enumeration_master ( create_date, locked_by, owner, site_master, type, last_update_date, id, entity_domain, key_name, display_label, enum_name, created_by, seq, last_updated_by) VALUES ('2014-11-24 23:40:28', NULL, '0000000000000000000000000000001000000000000000000000000000000003', 'www.runwaysdk.com', 'com.runwaysdk.system.scheduler.JobStatus', '2014-11-24 23:40:28', '74vu6ustn9uw1w5nzn0p2v4zg9wruc0kit5n8uy11mc6rfo3urxl4y3iaostrri0', NULL, 'com.runwaysdk.system.scheduler.JobStatus.FAILURE', '2aou41i5bw8rdjkjr8rjpbic6mxma9tkNM200904120000000000000000000030', 'FAILURE', '0000000000000000000000000000001000000000000000000000000000000003', 4807, '0000000000000000000000000000001000000000000000000000000000000003');
INSERT INTO metadata_display_label ( default_locale, id, site_master, key_name) VALUES ('Stopped', '714n3z0j3p0vqzx7mq9bsm2qa0onyvk6NM200904120000000000000000000030', 'www.runwaysdk.com', '714n3z0j3p0vqzx7mq9bsm2qa0onyvk6NM200904120000000000000000000030');
INSERT INTO job_status ( id) VALUES ('71895fmufj4xtmsv0gl9qya2vrb1s486it5n8uy11mc6rfo3urxl4y3iaostrri0');
INSERT INTO enumeration_master ( create_date, locked_by, owner, site_master, type, last_update_date, id, entity_domain, key_name, display_label, enum_name, created_by, seq, last_updated_by) VALUES ('2014-11-24 23:40:28', NULL, '0000000000000000000000000000001000000000000000000000000000000003', 'www.runwaysdk.com', 'com.runwaysdk.system.scheduler.JobStatus', '2014-11-24 23:40:28', '71895fmufj4xtmsv0gl9qya2vrb1s486it5n8uy11mc6rfo3urxl4y3iaostrri0', NULL, 'com.runwaysdk.system.scheduler.JobStatus.STOPPED', '714n3z0j3p0vqzx7mq9bsm2qa0onyvk6NM200904120000000000000000000030', 'STOPPED', '0000000000000000000000000000001000000000000000000000000000000003', 4808, '0000000000000000000000000000001000000000000000000000000000000003');
INSERT INTO metadata_display_label ( default_locale, id, site_master, key_name) VALUES ('All Job Status Types', '1t2abph4e9puhd4r0zcktyg3q9wzvlp7NM200904120000000000000000000030', 'www.runwaysdk.com', '1t2abph4e9puhd4r0zcktyg3q9wzvlp7NM200904120000000000000000000030');
INSERT INTO metadata_display_label ( default_locale, id, site_master, key_name) VALUES (NULL, 'zo9rqcmprqs3d1qmzr1jun2a72qar145NM200904120000000000000000000030', 'www.runwaysdk.com', 'zo9rqcmprqs3d1qmzr1jun2a72qar145NM200904120000000000000000000030');
INSERT INTO md_enumeration ( include_all, master_md_business, table_name, id) VALUES (0, 'it5n8uy11mc6rfo3urxl4y3iaostrri000000000000000000000000000000001', 'alljobstatus', 'ij1epz96kc3kazn8h799jceyjx02y6rf00000000000000000000000000000196');
INSERT INTO md_type ( display_label, root_id, package_name, type_name, base_source, js_base, js_stub, exported, dto_source, id) VALUES ('1t2abph4e9puhd4r0zcktyg3q9wzvlp7NM200904120000000000000000000030', 'ij1epz96kc3kazn8h799jceyjx02y6rf', 'com.runwaysdk.system.scheduler', 'AllJobStatus', NULL, NULL, NULL, 1, NULL, 'ij1epz96kc3kazn8h799jceyjx02y6rf00000000000000000000000000000196');
INSERT INTO metadata ( description, created_by, owner, id, create_date, seq, type, remove, site_master, locked_by, entity_domain, last_updated_by, last_update_date, key_name) VALUES ('zo9rqcmprqs3d1qmzr1jun2a72qar145NM200904120000000000000000000030', '0000000000000000000000000000001000000000000000000000000000000003', '0000000000000000000000000000001000000000000000000000000000000003', 'ij1epz96kc3kazn8h799jceyjx02y6rf00000000000000000000000000000196', '2014-11-24 23:40:28', 4809, 'com.runwaysdk.system.metadata.MdEnumeration', 1, 'www.runwaysdk.com', NULL, NULL, '0000000000000000000000000000001000000000000000000000000000000003', '2014-11-24 23:40:28', 'com.runwaysdk.system.scheduler.AllJobStatus');
INSERT INTO enumeration_attribute ( id, parent_id, child_id) VALUES ('ij1epz96kc3kazn8h799jceyjx02y6rf00000000000000000000000000000212', 'it5n8uy11mc6rfo3urxl4y3iaostrri000000000000000000000000000000001', 'ij1epz96kc3kazn8h799jceyjx02y6rf00000000000000000000000000000196');
INSERT INTO metadata_relationship ( entity_domain, site_master, last_updated_by, id, owner, locked_by, create_date, type, created_by, seq, key_name, last_update_date, parent_id, child_id) VALUES (NULL, 'www.runwaysdk.com', '0000000000000000000000000000001000000000000000000000000000000003', 'ij1epz96kc3kazn8h799jceyjx02y6rf00000000000000000000000000000212', '0000000000000000000000000000001000000000000000000000000000000003', NULL, '2014-11-24 23:40:28', 'com.runwaysdk.system.metadata.EnumerationAttribute', '0000000000000000000000000000001000000000000000000000000000000003', 4810, 'com.runwaysdk.system.scheduler.AllJobStatus', '2014-11-24 23:40:28', 'it5n8uy11mc6rfo3urxl4y3iaostrri000000000000000000000000000000001', 'ij1epz96kc3kazn8h799jceyjx02y6rf00000000000000000000000000000196');
CREATE TABLE alljobstatus 
(set_id                CHAR(32) NOT NULL, 
item_id CHAR(64) NOT NULL);
CREATE UNIQUE INDEX aij1epz96kc3kazn8h799jceyjx02y ON alljobstatus (set_id, item_id);
UPDATE metadata_display_label SET default_locale= 'All Job Status Types' , id= '1t2abph4e9puhd4r0zcktyg3q9wzvlp7NM200904120000000000000000000030' , site_master= 'www.runwaysdk.com' , key_name= '1t2abph4e9puhd4r0zcktyg3q9wzvlp7NM200904120000000000000000000030'  WHERE id='1t2abph4e9puhd4r0zcktyg3q9wzvlp7NM200904120000000000000000000030';
UPDATE metadata_display_label SET id= 'zo9rqcmprqs3d1qmzr1jun2a72qar145NM200904120000000000000000000030' , site_master= 'www.runwaysdk.com' , key_name= 'zo9rqcmprqs3d1qmzr1jun2a72qar145NM200904120000000000000000000030'  WHERE id='zo9rqcmprqs3d1qmzr1jun2a72qar145NM200904120000000000000000000030';
UPDATE md_enumeration SET include_all= 1 , master_md_business= 'it5n8uy11mc6rfo3urxl4y3iaostrri000000000000000000000000000000001' , table_name= 'alljobstatus' , id= 'ij1epz96kc3kazn8h799jceyjx02y6rf00000000000000000000000000000196'  WHERE id='ij1epz96kc3kazn8h799jceyjx02y6rf00000000000000000000000000000196';
UPDATE md_type SET display_label= '1t2abph4e9puhd4r0zcktyg3q9wzvlp7NM200904120000000000000000000030' , root_id= 'ij1epz96kc3kazn8h799jceyjx02y6rf' , package_name= 'com.runwaysdk.system.scheduler' , type_name= 'AllJobStatus' , id= 'ij1epz96kc3kazn8h799jceyjx02y6rf00000000000000000000000000000196'  WHERE id='ij1epz96kc3kazn8h799jceyjx02y6rf00000000000000000000000000000196';
UPDATE metadata SET description= 'zo9rqcmprqs3d1qmzr1jun2a72qar145NM200904120000000000000000000030' , created_by= '0000000000000000000000000000001000000000000000000000000000000003' , owner= '0000000000000000000000000000001000000000000000000000000000000003' , id= 'ij1epz96kc3kazn8h799jceyjx02y6rf00000000000000000000000000000196' , create_date= '2014-11-24 23:40:28' , seq= 4811 , type= 'com.runwaysdk.system.metadata.MdEnumeration' , site_master= 'www.runwaysdk.com' , last_updated_by= '0000000000000000000000000000001000000000000000000000000000000003' , last_update_date= '2014-11-24 23:40:28' , key_name= 'com.runwaysdk.system.scheduler.AllJobStatus'  WHERE id='ij1epz96kc3kazn8h799jceyjx02y6rf00000000000000000000000000000196';
UPDATE metadata_relationship SET site_master= 'www.runwaysdk.com' , last_updated_by= '0000000000000000000000000000001000000000000000000000000000000003' , id= 'ij1epz96kc3kazn8h799jceyjx02y6rf00000000000000000000000000000212' , owner= '0000000000000000000000000000001000000000000000000000000000000003' , create_date= '2014-11-24 23:40:28' , type= 'com.runwaysdk.system.metadata.EnumerationAttribute' , created_by= '0000000000000000000000000000001000000000000000000000000000000003' , seq= 4812 , key_name= 'com.runwaysdk.system.scheduler.AllJobStatus' , last_update_date= '2014-11-24 23:40:28'  WHERE id='ij1epz96kc3kazn8h799jceyjx02y6rf00000000000000000000000000000212';
INSERT INTO enumeration_attribute_item ( id, parent_id, child_id) VALUES ('il8mpvzev1cwyqz037qf0810wowu1uu500000000000000000000000000000294', 'ij1epz96kc3kazn8h799jceyjx02y6rf00000000000000000000000000000196', 'z90vdtyrf9xsw5ecdaq2fz71ej9v3i97it5n8uy11mc6rfo3urxl4y3iaostrri0');
INSERT INTO metadata_relationship ( entity_domain, site_master, last_updated_by, id, owner, locked_by, create_date, type, created_by, seq, key_name, last_update_date, parent_id, child_id) VALUES (NULL, 'www.runwaysdk.com', '0000000000000000000000000000001000000000000000000000000000000003', 'il8mpvzev1cwyqz037qf0810wowu1uu500000000000000000000000000000294', '0000000000000000000000000000001000000000000000000000000000000003', NULL, '2014-11-24 23:40:28', 'com.runwaysdk.system.metadata.EnumerationAttributeItem', '0000000000000000000000000000001000000000000000000000000000000003', 4813, 'com.runwaysdk.system.scheduler.AllJobStatus.RUNNING', '2014-11-24 23:40:28', 'ij1epz96kc3kazn8h799jceyjx02y6rf00000000000000000000000000000196', 'z90vdtyrf9xsw5ecdaq2fz71ej9v3i97it5n8uy11mc6rfo3urxl4y3iaostrri0');
INSERT INTO enumeration_attribute_item ( id, parent_id, child_id) VALUES ('is8wfgyizi67iynisuel4tzjg97adkt300000000000000000000000000000294', 'ij1epz96kc3kazn8h799jceyjx02y6rf00000000000000000000000000000196', '01arvqakjr91z7r53dqwzjh4anrnrjmvit5n8uy11mc6rfo3urxl4y3iaostrri0');
INSERT INTO metadata_relationship ( entity_domain, site_master, last_updated_by, id, owner, locked_by, create_date, type, created_by, seq, key_name, last_update_date, parent_id, child_id) VALUES (NULL, 'www.runwaysdk.com', '0000000000000000000000000000001000000000000000000000000000000003', 'is8wfgyizi67iynisuel4tzjg97adkt300000000000000000000000000000294', '0000000000000000000000000000001000000000000000000000000000000003', NULL, '2014-11-24 23:40:28', 'com.runwaysdk.system.metadata.EnumerationAttributeItem', '0000000000000000000000000000001000000000000000000000000000000003', 4814, 'com.runwaysdk.system.scheduler.AllJobStatus.CANCELED', '2014-11-24 23:40:28', 'ij1epz96kc3kazn8h799jceyjx02y6rf00000000000000000000000000000196', '01arvqakjr91z7r53dqwzjh4anrnrjmvit5n8uy11mc6rfo3urxl4y3iaostrri0');
INSERT INTO enumeration_attribute_item ( id, parent_id, child_id) VALUES ('id5ro0wn6fj4uhew36sririykqthe8ra00000000000000000000000000000294', 'ij1epz96kc3kazn8h799jceyjx02y6rf00000000000000000000000000000196', '1zal882ta1r5h3dqqgq7hhbtgiga0eb4it5n8uy11mc6rfo3urxl4y3iaostrri0');
INSERT INTO metadata_relationship ( entity_domain, site_master, last_updated_by, id, owner, locked_by, create_date, type, created_by, seq, key_name, last_update_date, parent_id, child_id) VALUES (NULL, 'www.runwaysdk.com', '0000000000000000000000000000001000000000000000000000000000000003', 'id5ro0wn6fj4uhew36sririykqthe8ra00000000000000000000000000000294', '0000000000000000000000000000001000000000000000000000000000000003', NULL, '2014-11-24 23:40:28', 'com.runwaysdk.system.metadata.EnumerationAttributeItem', '0000000000000000000000000000001000000000000000000000000000000003', 4815, 'com.runwaysdk.system.scheduler.AllJobStatus.SUCCESS', '2014-11-24 23:40:28', 'ij1epz96kc3kazn8h799jceyjx02y6rf00000000000000000000000000000196', '1zal882ta1r5h3dqqgq7hhbtgiga0eb4it5n8uy11mc6rfo3urxl4y3iaostrri0');
INSERT INTO enumeration_attribute_item ( id, parent_id, child_id) VALUES ('icw8m5kt3yc60zue6g1mn7njxbnkutkc00000000000000000000000000000294', 'ij1epz96kc3kazn8h799jceyjx02y6rf00000000000000000000000000000196', '74vu6ustn9uw1w5nzn0p2v4zg9wruc0kit5n8uy11mc6rfo3urxl4y3iaostrri0');
INSERT INTO metadata_relationship ( entity_domain, site_master, last_updated_by, id, owner, locked_by, create_date, type, created_by, seq, key_name, last_update_date, parent_id, child_id) VALUES (NULL, 'www.runwaysdk.com', '0000000000000000000000000000001000000000000000000000000000000003', 'icw8m5kt3yc60zue6g1mn7njxbnkutkc00000000000000000000000000000294', '0000000000000000000000000000001000000000000000000000000000000003', NULL, '2014-11-24 23:40:28', 'com.runwaysdk.system.metadata.EnumerationAttributeItem', '0000000000000000000000000000001000000000000000000000000000000003', 4816, 'com.runwaysdk.system.scheduler.AllJobStatus.FAILURE', '2014-11-24 23:40:28', 'ij1epz96kc3kazn8h799jceyjx02y6rf00000000000000000000000000000196', '74vu6ustn9uw1w5nzn0p2v4zg9wruc0kit5n8uy11mc6rfo3urxl4y3iaostrri0');
INSERT INTO enumeration_attribute_item ( id, parent_id, child_id) VALUES ('i2b1wvv23whp88oo5l1cbhhr4qr9qi2o00000000000000000000000000000294', 'ij1epz96kc3kazn8h799jceyjx02y6rf00000000000000000000000000000196', '71895fmufj4xtmsv0gl9qya2vrb1s486it5n8uy11mc6rfo3urxl4y3iaostrri0');
INSERT INTO metadata_relationship ( entity_domain, site_master, last_updated_by, id, owner, locked_by, create_date, type, created_by, seq, key_name, last_update_date, parent_id, child_id) VALUES (NULL, 'www.runwaysdk.com', '0000000000000000000000000000001000000000000000000000000000000003', 'i2b1wvv23whp88oo5l1cbhhr4qr9qi2o00000000000000000000000000000294', '0000000000000000000000000000001000000000000000000000000000000003', NULL, '2014-11-24 23:40:28', 'com.runwaysdk.system.metadata.EnumerationAttributeItem', '0000000000000000000000000000001000000000000000000000000000000003', 4817, 'com.runwaysdk.system.scheduler.AllJobStatus.STOPPED', '2014-11-24 23:40:28', 'ij1epz96kc3kazn8h799jceyjx02y6rf00000000000000000000000000000196', '71895fmufj4xtmsv0gl9qya2vrb1s486it5n8uy11mc6rfo3urxl4y3iaostrri0');
UPDATE metadata SET seq= 4818 , last_update_date= '2014-11-24 23:40:28'  WHERE id='2ft54d1ik9d4qmj2ffopey6uwk000fvr00000000000000000000000000000001';
 INSERT INTO visibilitymodifier (set_id, item_id)  VALUES  ('2gyt33bhm95u5f52rodg77m2n4sa10l8', '20071109NM000000000000000000000520071109NM0000000000000000000001');
INSERT INTO metadata_display_label ( default_locale, id, site_master, key_name) VALUES ('status', '8vz9vojy11o6yz7r79plzam4cz1ywociNM200904120000000000000000000030', 'www.runwaysdk.com', '8vz9vojy11o6yz7r79plzam4cz1ywociNM200904120000000000000000000030');
 INSERT INTO visibilitymodifier (set_id, item_id)  VALUES  ('z7eelj5r8qlr7trmi5novufia0d8o1uz', '20071109NM000000000000000000000520071109NM0000000000000000000001');
 INSERT INTO md_attribute_indicies (set_id, item_id)  VALUES  ('1yr6nbqmbnyr8ppn0t2vi16za2xnpdwc', '0000000000000000000000000000040100000000000000000000000000000403');
INSERT INTO metadata_display_label ( default_locale, id, site_master, key_name) VALUES (NULL, '8pduf59srqkxhgsv8l212l0t0vjx7knzNM200904120000000000000000000030', 'www.runwaysdk.com', '8pduf59srqkxhgsv8l212l0t0vjx7knzNM200904120000000000000000000030');
INSERT INTO md_attribute_enumeration ( select_multiple, md_enumeration, default_value, cache_column_name, id) VALUES (0, 'ij1epz96kc3kazn8h799jceyjx02y6rf00000000000000000000000000000196', NULL, 'status_c', 'ijo9kjdvn8pk3son3xpck0dhwda6ozz500000000000000000000000000000216');
INSERT INTO md_attribute_ref ( id) VALUES ('ijo9kjdvn8pk3son3xpck0dhwda6ozz500000000000000000000000000000216');
INSERT INTO md_attribute_concrete ( column_name, defining_md_class, setter_visibility, setter_visibility_c, immutable, index_name, generate_accessor, system, required, display_label, getter_visibility, getter_visibility_c, index_type, index_type_c, attribute_name, id) VALUES ('status', '2ft54d1ik9d4qmj2ffopey6uwk000fvr00000000000000000000000000000001', '2gyt33bhm95u5f52rodg77m2n4sa10l8', '20071109NM000000000000000000000520071109NM0000000000000000000001', 0, 'a3jukwub48n818z3gc8kcpqm6rc28a', 1, 0, 0, '8vz9vojy11o6yz7r79plzam4cz1ywociNM200904120000000000000000000030', 'z7eelj5r8qlr7trmi5novufia0d8o1uz', '20071109NM000000000000000000000520071109NM0000000000000000000001', '1yr6nbqmbnyr8ppn0t2vi16za2xnpdwc', '0000000000000000000000000000040100000000000000000000000000000403', 'status', 'ijo9kjdvn8pk3son3xpck0dhwda6ozz500000000000000000000000000000216');
INSERT INTO md_attribute ( id) VALUES ('ijo9kjdvn8pk3son3xpck0dhwda6ozz500000000000000000000000000000216');
INSERT INTO metadata ( description, created_by, owner, id, create_date, seq, type, remove, site_master, locked_by, entity_domain, last_updated_by, last_update_date, key_name) VALUES ('8pduf59srqkxhgsv8l212l0t0vjx7knzNM200904120000000000000000000030', '0000000000000000000000000000001000000000000000000000000000000003', '0000000000000000000000000000001000000000000000000000000000000003', 'ijo9kjdvn8pk3son3xpck0dhwda6ozz500000000000000000000000000000216', '2014-11-24 23:40:28', 4819, 'com.runwaysdk.system.metadata.MdAttributeEnumeration', 1, 'www.runwaysdk.com', NULL, NULL, '0000000000000000000000000000001000000000000000000000000000000003', '2014-11-24 23:40:28', 'com.runwaysdk.system.scheduler.JobHistory.status');
INSERT INTO class_attribute_concrete ( id, parent_id, child_id) VALUES ('ijo9kjdvn8pk3son3xpck0dhwda6ozz500000000000000000000000000000073', '2ft54d1ik9d4qmj2ffopey6uwk000fvr00000000000000000000000000000001', 'ijo9kjdvn8pk3son3xpck0dhwda6ozz500000000000000000000000000000216');
INSERT INTO class_attribute ( id, parent_id, child_id) VALUES ('ijo9kjdvn8pk3son3xpck0dhwda6ozz500000000000000000000000000000073', '2ft54d1ik9d4qmj2ffopey6uwk000fvr00000000000000000000000000000001', 'ijo9kjdvn8pk3son3xpck0dhwda6ozz500000000000000000000000000000216');
INSERT INTO metadata_relationship ( entity_domain, site_master, last_updated_by, id, owner, locked_by, create_date, type, created_by, seq, key_name, last_update_date, parent_id, child_id) VALUES (NULL, 'www.runwaysdk.com', '0000000000000000000000000000001000000000000000000000000000000003', 'ijo9kjdvn8pk3son3xpck0dhwda6ozz500000000000000000000000000000073', '0000000000000000000000000000001000000000000000000000000000000003', NULL, '2014-11-24 23:40:28', 'com.runwaysdk.system.metadata.ClassAttributeConcrete', '0000000000000000000000000000001000000000000000000000000000000003', 4820, 'com.runwaysdk.system.scheduler.JobHistory.status', '2014-11-24 23:40:28', '2ft54d1ik9d4qmj2ffopey6uwk000fvr00000000000000000000000000000001', 'ijo9kjdvn8pk3son3xpck0dhwda6ozz500000000000000000000000000000216');
 INSERT INTO visibilitymodifier (set_id, item_id)  VALUES  ('91hnggerx30tg74hr2ns544yoj3xebp8', '20071109NM000000000000000000000520071109NM0000000000000000000001');
INSERT INTO metadata_display_label ( default_locale, id, site_master, key_name) VALUES ('start time', 'zpiglk3n6fttqnobzvvhs6c5u5zwdrsjNM200904120000000000000000000030', 'www.runwaysdk.com', 'zpiglk3n6fttqnobzvvhs6c5u5zwdrsjNM200904120000000000000000000030');
 INSERT INTO visibilitymodifier (set_id, item_id)  VALUES  ('73an1qwp2z44qxmfopwbegdwtbej4cnz', '20071109NM000000000000000000000520071109NM0000000000000000000001');
 INSERT INTO md_attribute_indicies (set_id, item_id)  VALUES  ('0szw3fmtx4m16nu72j5ly7q0l2igoyyz', '0000000000000000000000000000040100000000000000000000000000000403');
INSERT INTO metadata_display_label ( default_locale, id, site_master, key_name) VALUES (NULL, 'svzu702j5x7qsokwre8s779n9jty8h14NM200904120000000000000000000030', 'www.runwaysdk.com', 'svzu702j5x7qsokwre8s779n9jty8h14NM200904120000000000000000000030');
INSERT INTO md_attribute_datetime ( default_value, id) VALUES (NULL, 'ilu8f4mgo8kpn8122ucvj2ttx14u98qt00000000000000000000000000000341');
INSERT INTO md_attribute_moment ( id) VALUES ('ilu8f4mgo8kpn8122ucvj2ttx14u98qt00000000000000000000000000000341');
INSERT INTO md_attribute_primitive ( id) VALUES ('ilu8f4mgo8kpn8122ucvj2ttx14u98qt00000000000000000000000000000341');
INSERT INTO md_attribute_concrete ( column_name, defining_md_class, setter_visibility, setter_visibility_c, immutable, index_name, generate_accessor, system, required, display_label, getter_visibility, getter_visibility_c, index_type, index_type_c, attribute_name, id) VALUES ('start_time', '2ft54d1ik9d4qmj2ffopey6uwk000fvr00000000000000000000000000000001', '91hnggerx30tg74hr2ns544yoj3xebp8', '20071109NM000000000000000000000520071109NM0000000000000000000001', 0, 'a9rp7eqi1tuojsk008tnd2fnm7051o', 1, 0, 0, 'zpiglk3n6fttqnobzvvhs6c5u5zwdrsjNM200904120000000000000000000030', '73an1qwp2z44qxmfopwbegdwtbej4cnz', '20071109NM000000000000000000000520071109NM0000000000000000000001', '0szw3fmtx4m16nu72j5ly7q0l2igoyyz', '0000000000000000000000000000040100000000000000000000000000000403', 'startTime', 'ilu8f4mgo8kpn8122ucvj2ttx14u98qt00000000000000000000000000000341');
INSERT INTO md_attribute ( id) VALUES ('ilu8f4mgo8kpn8122ucvj2ttx14u98qt00000000000000000000000000000341');
INSERT INTO metadata ( description, created_by, owner, id, create_date, seq, type, remove, site_master, locked_by, entity_domain, last_updated_by, last_update_date, key_name) VALUES ('svzu702j5x7qsokwre8s779n9jty8h14NM200904120000000000000000000030', '0000000000000000000000000000001000000000000000000000000000000003', '0000000000000000000000000000001000000000000000000000000000000003', 'ilu8f4mgo8kpn8122ucvj2ttx14u98qt00000000000000000000000000000341', '2014-11-24 23:40:28', 4821, 'com.runwaysdk.system.metadata.MdAttributeDateTime', 1, 'www.runwaysdk.com', NULL, NULL, '0000000000000000000000000000001000000000000000000000000000000003', '2014-11-24 23:40:28', 'com.runwaysdk.system.scheduler.JobHistory.startTime');
INSERT INTO class_attribute_concrete ( id, parent_id, child_id) VALUES ('ilu8f4mgo8kpn8122ucvj2ttx14u98qt00000000000000000000000000000073', '2ft54d1ik9d4qmj2ffopey6uwk000fvr00000000000000000000000000000001', 'ilu8f4mgo8kpn8122ucvj2ttx14u98qt00000000000000000000000000000341');
INSERT INTO class_attribute ( id, parent_id, child_id) VALUES ('ilu8f4mgo8kpn8122ucvj2ttx14u98qt00000000000000000000000000000073', '2ft54d1ik9d4qmj2ffopey6uwk000fvr00000000000000000000000000000001', 'ilu8f4mgo8kpn8122ucvj2ttx14u98qt00000000000000000000000000000341');
INSERT INTO metadata_relationship ( entity_domain, site_master, last_updated_by, id, owner, locked_by, create_date, type, created_by, seq, key_name, last_update_date, parent_id, child_id) VALUES (NULL, 'www.runwaysdk.com', '0000000000000000000000000000001000000000000000000000000000000003', 'ilu8f4mgo8kpn8122ucvj2ttx14u98qt00000000000000000000000000000073', '0000000000000000000000000000001000000000000000000000000000000003', NULL, '2014-11-24 23:40:28', 'com.runwaysdk.system.metadata.ClassAttributeConcrete', '0000000000000000000000000000001000000000000000000000000000000003', 4822, 'com.runwaysdk.system.scheduler.JobHistory.startTime', '2014-11-24 23:40:28', '2ft54d1ik9d4qmj2ffopey6uwk000fvr00000000000000000000000000000001', 'ilu8f4mgo8kpn8122ucvj2ttx14u98qt00000000000000000000000000000341');
 INSERT INTO visibilitymodifier (set_id, item_id)  VALUES  ('zcdn4uo84j73uxuexa0kky0gr93olrc2', '20071109NM000000000000000000000520071109NM0000000000000000000001');
INSERT INTO metadata_display_label ( default_locale, id, site_master, key_name) VALUES ('end time', 'xmocucvdu6lw0a7gd1mo9h3ulfhcxslvNM200904120000000000000000000030', 'www.runwaysdk.com', 'xmocucvdu6lw0a7gd1mo9h3ulfhcxslvNM200904120000000000000000000030');
 INSERT INTO visibilitymodifier (set_id, item_id)  VALUES  ('6vsvyu3ws5lh32qb53acamyh5haznhns', '20071109NM000000000000000000000520071109NM0000000000000000000001');
 INSERT INTO md_attribute_indicies (set_id, item_id)  VALUES  ('8v46tg320et23zerco5jw5thcj99z8na', '0000000000000000000000000000040100000000000000000000000000000403');
INSERT INTO metadata_display_label ( default_locale, id, site_master, key_name) VALUES (NULL, '71cxh87f496u8t3ozlw60ifx1cg1jpj4NM200904120000000000000000000030', 'www.runwaysdk.com', '71cxh87f496u8t3ozlw60ifx1cg1jpj4NM200904120000000000000000000030');
INSERT INTO md_attribute_datetime ( default_value, id) VALUES (NULL, 'idl7r1zaflhidv1rxhpjwb3a2w9bwb4i00000000000000000000000000000341');
INSERT INTO md_attribute_moment ( id) VALUES ('idl7r1zaflhidv1rxhpjwb3a2w9bwb4i00000000000000000000000000000341');
INSERT INTO md_attribute_primitive ( id) VALUES ('idl7r1zaflhidv1rxhpjwb3a2w9bwb4i00000000000000000000000000000341');
INSERT INTO md_attribute_concrete ( column_name, defining_md_class, setter_visibility, setter_visibility_c, immutable, index_name, generate_accessor, system, required, display_label, getter_visibility, getter_visibility_c, index_type, index_type_c, attribute_name, id) VALUES ('end_time', '2ft54d1ik9d4qmj2ffopey6uwk000fvr00000000000000000000000000000001', 'zcdn4uo84j73uxuexa0kky0gr93olrc2', '20071109NM000000000000000000000520071109NM0000000000000000000001', 0, 'acdtgiyzdbnjcu66pnh3tixcv4y5gx', 1, 0, 0, 'xmocucvdu6lw0a7gd1mo9h3ulfhcxslvNM200904120000000000000000000030', '6vsvyu3ws5lh32qb53acamyh5haznhns', '20071109NM000000000000000000000520071109NM0000000000000000000001', '8v46tg320et23zerco5jw5thcj99z8na', '0000000000000000000000000000040100000000000000000000000000000403', 'endTime', 'idl7r1zaflhidv1rxhpjwb3a2w9bwb4i00000000000000000000000000000341');
INSERT INTO md_attribute ( id) VALUES ('idl7r1zaflhidv1rxhpjwb3a2w9bwb4i00000000000000000000000000000341');
INSERT INTO metadata ( description, created_by, owner, id, create_date, seq, type, remove, site_master, locked_by, entity_domain, last_updated_by, last_update_date, key_name) VALUES ('71cxh87f496u8t3ozlw60ifx1cg1jpj4NM200904120000000000000000000030', '0000000000000000000000000000001000000000000000000000000000000003', '0000000000000000000000000000001000000000000000000000000000000003', 'idl7r1zaflhidv1rxhpjwb3a2w9bwb4i00000000000000000000000000000341', '2014-11-24 23:40:28', 4823, 'com.runwaysdk.system.metadata.MdAttributeDateTime', 1, 'www.runwaysdk.com', NULL, NULL, '0000000000000000000000000000001000000000000000000000000000000003', '2014-11-24 23:40:28', 'com.runwaysdk.system.scheduler.JobHistory.endTime');
INSERT INTO class_attribute_concrete ( id, parent_id, child_id) VALUES ('idl7r1zaflhidv1rxhpjwb3a2w9bwb4i00000000000000000000000000000073', '2ft54d1ik9d4qmj2ffopey6uwk000fvr00000000000000000000000000000001', 'idl7r1zaflhidv1rxhpjwb3a2w9bwb4i00000000000000000000000000000341');
INSERT INTO class_attribute ( id, parent_id, child_id) VALUES ('idl7r1zaflhidv1rxhpjwb3a2w9bwb4i00000000000000000000000000000073', '2ft54d1ik9d4qmj2ffopey6uwk000fvr00000000000000000000000000000001', 'idl7r1zaflhidv1rxhpjwb3a2w9bwb4i00000000000000000000000000000341');
INSERT INTO metadata_relationship ( entity_domain, site_master, last_updated_by, id, owner, locked_by, create_date, type, created_by, seq, key_name, last_update_date, parent_id, child_id) VALUES (NULL, 'www.runwaysdk.com', '0000000000000000000000000000001000000000000000000000000000000003', 'idl7r1zaflhidv1rxhpjwb3a2w9bwb4i00000000000000000000000000000073', '0000000000000000000000000000001000000000000000000000000000000003', NULL, '2014-11-24 23:40:28', 'com.runwaysdk.system.metadata.ClassAttributeConcrete', '0000000000000000000000000000001000000000000000000000000000000003', 4824, 'com.runwaysdk.system.scheduler.JobHistory.endTime', '2014-11-24 23:40:28', '2ft54d1ik9d4qmj2ffopey6uwk000fvr00000000000000000000000000000001', 'idl7r1zaflhidv1rxhpjwb3a2w9bwb4i00000000000000000000000000000341');
 INSERT INTO visibilitymodifier (set_id, item_id)  VALUES  ('2170yerx8fo0n6jvbcjehejdpu2q2u41', '20071109NM000000000000000000000520071109NM0000000000000000000001');
INSERT INTO metadata_display_label ( default_locale, id, site_master, key_name) VALUES ('retries', '8fwy54xh8mppkwef7k95d9z1dmja12qvNM200904120000000000000000000030', 'www.runwaysdk.com', '8fwy54xh8mppkwef7k95d9z1dmja12qvNM200904120000000000000000000030');
 INSERT INTO visibilitymodifier (set_id, item_id)  VALUES  ('8enp7r3wf9w3a2iamst0t4ih939gq3bq', '20071109NM000000000000000000000520071109NM0000000000000000000001');
 INSERT INTO md_attribute_indicies (set_id, item_id)  VALUES  ('23rsjr6rxdjd2tpjt9tzr2l7mqtqzdfx', '0000000000000000000000000000040100000000000000000000000000000403');
INSERT INTO metadata_display_label ( default_locale, id, site_master, key_name) VALUES (NULL, 'sbq1z0uoqm3jvjpptopcemj2cgbz0gweNM200904120000000000000000000030', 'www.runwaysdk.com', 'sbq1z0uoqm3jvjpptopcemj2cgbz0gweNM200904120000000000000000000030');
INSERT INTO md_attribute_integer ( start_range, default_value, end_range, id) VALUES (NULL, 0, NULL, 'ikgua2xn2s3hys5dhsvjcz9k5y41uul700000000000000000000000000000332');
INSERT INTO md_attribute_int ( id) VALUES ('ikgua2xn2s3hys5dhsvjcz9k5y41uul700000000000000000000000000000332');
INSERT INTO md_attribute_number ( reject_negative, reject_zero, reject_positive, id) VALUES (0, 0, 0, 'ikgua2xn2s3hys5dhsvjcz9k5y41uul700000000000000000000000000000332');
INSERT INTO md_attribute_primitive ( id) VALUES ('ikgua2xn2s3hys5dhsvjcz9k5y41uul700000000000000000000000000000332');
INSERT INTO md_attribute_concrete ( column_name, defining_md_class, setter_visibility, setter_visibility_c, immutable, index_name, generate_accessor, system, required, display_label, getter_visibility, getter_visibility_c, index_type, index_type_c, attribute_name, id) VALUES ('retries', '2ft54d1ik9d4qmj2ffopey6uwk000fvr00000000000000000000000000000001', '2170yerx8fo0n6jvbcjehejdpu2q2u41', '20071109NM000000000000000000000520071109NM0000000000000000000001', 0, 'a6rt4b8qxnes78p6fpvu42he8wvymk', 1, 0, 0, '8fwy54xh8mppkwef7k95d9z1dmja12qvNM200904120000000000000000000030', '8enp7r3wf9w3a2iamst0t4ih939gq3bq', '20071109NM000000000000000000000520071109NM0000000000000000000001', '23rsjr6rxdjd2tpjt9tzr2l7mqtqzdfx', '0000000000000000000000000000040100000000000000000000000000000403', 'retries', 'ikgua2xn2s3hys5dhsvjcz9k5y41uul700000000000000000000000000000332');
INSERT INTO md_attribute ( id) VALUES ('ikgua2xn2s3hys5dhsvjcz9k5y41uul700000000000000000000000000000332');
INSERT INTO metadata ( description, created_by, owner, id, create_date, seq, type, remove, site_master, locked_by, entity_domain, last_updated_by, last_update_date, key_name) VALUES ('sbq1z0uoqm3jvjpptopcemj2cgbz0gweNM200904120000000000000000000030', '0000000000000000000000000000001000000000000000000000000000000003', '0000000000000000000000000000001000000000000000000000000000000003', 'ikgua2xn2s3hys5dhsvjcz9k5y41uul700000000000000000000000000000332', '2014-11-24 23:40:28', 4825, 'com.runwaysdk.system.metadata.MdAttributeInteger', 1, 'www.runwaysdk.com', NULL, NULL, '0000000000000000000000000000001000000000000000000000000000000003', '2014-11-24 23:40:28', 'com.runwaysdk.system.scheduler.JobHistory.retries');
INSERT INTO class_attribute_concrete ( id, parent_id, child_id) VALUES ('ikgua2xn2s3hys5dhsvjcz9k5y41uul700000000000000000000000000000073', '2ft54d1ik9d4qmj2ffopey6uwk000fvr00000000000000000000000000000001', 'ikgua2xn2s3hys5dhsvjcz9k5y41uul700000000000000000000000000000332');
INSERT INTO class_attribute ( id, parent_id, child_id) VALUES ('ikgua2xn2s3hys5dhsvjcz9k5y41uul700000000000000000000000000000073', '2ft54d1ik9d4qmj2ffopey6uwk000fvr00000000000000000000000000000001', 'ikgua2xn2s3hys5dhsvjcz9k5y41uul700000000000000000000000000000332');
INSERT INTO metadata_relationship ( entity_domain, site_master, last_updated_by, id, owner, locked_by, create_date, type, created_by, seq, key_name, last_update_date, parent_id, child_id) VALUES (NULL, 'www.runwaysdk.com', '0000000000000000000000000000001000000000000000000000000000000003', 'ikgua2xn2s3hys5dhsvjcz9k5y41uul700000000000000000000000000000073', '0000000000000000000000000000001000000000000000000000000000000003', NULL, '2014-11-24 23:40:28', 'com.runwaysdk.system.metadata.ClassAttributeConcrete', '0000000000000000000000000000001000000000000000000000000000000003', 4826, 'com.runwaysdk.system.scheduler.JobHistory.retries', '2014-11-24 23:40:28', '2ft54d1ik9d4qmj2ffopey6uwk000fvr00000000000000000000000000000001', 'ikgua2xn2s3hys5dhsvjcz9k5y41uul700000000000000000000000000000332');
 INSERT INTO visibilitymodifier (set_id, item_id)  VALUES  ('st4je04w27x253522zj12ees54lkqnjh', '20071109NM000000000000000000000520071109NM0000000000000000000001');
INSERT INTO metadata_display_label ( default_locale, id, site_master, key_name) VALUES ('work progress', 'z0335mnnkcqigpqg08iq4e62lqqnnez8NM200904120000000000000000000030', 'www.runwaysdk.com', 'z0335mnnkcqigpqg08iq4e62lqqnnez8NM200904120000000000000000000030');
 INSERT INTO visibilitymodifier (set_id, item_id)  VALUES  ('yzbv88up251qmw0hcqe3ujrmt5lbdfpr', '20071109NM000000000000000000000520071109NM0000000000000000000001');
 INSERT INTO md_attribute_indicies (set_id, item_id)  VALUES  ('8mh98egyhtqyjs0n7wrpgmw23qpwl3un', '0000000000000000000000000000040100000000000000000000000000000403');
INSERT INTO metadata_display_label ( default_locale, id, site_master, key_name) VALUES (NULL, '0k5qvjkxpojvg70kakszja3o22j7pmndNM200904120000000000000000000030', 'www.runwaysdk.com', '0k5qvjkxpojvg70kakszja3o22j7pmndNM200904120000000000000000000030');
INSERT INTO md_attribute_integer ( start_range, default_value, end_range, id) VALUES (NULL, 0, NULL, 'id6b3h1iof1e4r9rusmp9vxun44928bu00000000000000000000000000000332');
INSERT INTO md_attribute_int ( id) VALUES ('id6b3h1iof1e4r9rusmp9vxun44928bu00000000000000000000000000000332');
INSERT INTO md_attribute_number ( reject_negative, reject_zero, reject_positive, id) VALUES (0, 0, 0, 'id6b3h1iof1e4r9rusmp9vxun44928bu00000000000000000000000000000332');
INSERT INTO md_attribute_primitive ( id) VALUES ('id6b3h1iof1e4r9rusmp9vxun44928bu00000000000000000000000000000332');
INSERT INTO md_attribute_concrete ( column_name, defining_md_class, setter_visibility, setter_visibility_c, immutable, index_name, generate_accessor, system, required, display_label, getter_visibility, getter_visibility_c, index_type, index_type_c, attribute_name, id) VALUES ('work_progress', '2ft54d1ik9d4qmj2ffopey6uwk000fvr00000000000000000000000000000001', 'st4je04w27x253522zj12ees54lkqnjh', '20071109NM000000000000000000000520071109NM0000000000000000000001', 0, 'a90mxs03afxte9r9j5saf7wqyf3bmt', 1, 0, 0, 'z0335mnnkcqigpqg08iq4e62lqqnnez8NM200904120000000000000000000030', 'yzbv88up251qmw0hcqe3ujrmt5lbdfpr', '20071109NM000000000000000000000520071109NM0000000000000000000001', '8mh98egyhtqyjs0n7wrpgmw23qpwl3un', '0000000000000000000000000000040100000000000000000000000000000403', 'workProgress', 'id6b3h1iof1e4r9rusmp9vxun44928bu00000000000000000000000000000332');
INSERT INTO md_attribute ( id) VALUES ('id6b3h1iof1e4r9rusmp9vxun44928bu00000000000000000000000000000332');
INSERT INTO metadata ( description, created_by, owner, id, create_date, seq, type, remove, site_master, locked_by, entity_domain, last_updated_by, last_update_date, key_name) VALUES ('0k5qvjkxpojvg70kakszja3o22j7pmndNM200904120000000000000000000030', '0000000000000000000000000000001000000000000000000000000000000003', '0000000000000000000000000000001000000000000000000000000000000003', 'id6b3h1iof1e4r9rusmp9vxun44928bu00000000000000000000000000000332', '2014-11-24 23:40:28', 4827, 'com.runwaysdk.system.metadata.MdAttributeInteger', 1, 'www.runwaysdk.com', NULL, NULL, '0000000000000000000000000000001000000000000000000000000000000003', '2014-11-24 23:40:28', 'com.runwaysdk.system.scheduler.JobHistory.workProgress');
INSERT INTO class_attribute_concrete ( id, parent_id, child_id) VALUES ('id6b3h1iof1e4r9rusmp9vxun44928bu00000000000000000000000000000073', '2ft54d1ik9d4qmj2ffopey6uwk000fvr00000000000000000000000000000001', 'id6b3h1iof1e4r9rusmp9vxun44928bu00000000000000000000000000000332');
INSERT INTO class_attribute ( id, parent_id, child_id) VALUES ('id6b3h1iof1e4r9rusmp9vxun44928bu00000000000000000000000000000073', '2ft54d1ik9d4qmj2ffopey6uwk000fvr00000000000000000000000000000001', 'id6b3h1iof1e4r9rusmp9vxun44928bu00000000000000000000000000000332');
INSERT INTO metadata_relationship ( entity_domain, site_master, last_updated_by, id, owner, locked_by, create_date, type, created_by, seq, key_name, last_update_date, parent_id, child_id) VALUES (NULL, 'www.runwaysdk.com', '0000000000000000000000000000001000000000000000000000000000000003', 'id6b3h1iof1e4r9rusmp9vxun44928bu00000000000000000000000000000073', '0000000000000000000000000000001000000000000000000000000000000003', NULL, '2014-11-24 23:40:28', 'com.runwaysdk.system.metadata.ClassAttributeConcrete', '0000000000000000000000000000001000000000000000000000000000000003', 4828, 'com.runwaysdk.system.scheduler.JobHistory.workProgress', '2014-11-24 23:40:28', '2ft54d1ik9d4qmj2ffopey6uwk000fvr00000000000000000000000000000001', 'id6b3h1iof1e4r9rusmp9vxun44928bu00000000000000000000000000000332');
ALTER TABLE job_history ADD COLUMN status  char(32), ADD COLUMN status_c  text, ADD COLUMN start_time  timestamp, ADD COLUMN end_time  timestamp, ADD COLUMN retries  int, ADD COLUMN work_progress  int;
UPDATE metadata SET seq= 4829 , last_update_date= '2014-11-24 23:40:28'  WHERE id='0myp064p1wj846sqldssh6511t6pniro20071129NM0000000000000000000005';
INSERT INTO metadata_display_label ( default_locale, id, site_master, key_name) VALUES (NULL, '00sucef8r8qqleozv51asactlu5coh8sNM200904120000000000000000000030', 'www.runwaysdk.com', '00sucef8r8qqleozv51asactlu5coh8sNM200904120000000000000000000030');
INSERT INTO metadata_display_label ( default_locale, id, site_master, key_name) VALUES (NULL, '21vjrue712jqlyjyg16onot2omsv6jdvNM200904120000000000000000000030', 'www.runwaysdk.com', '21vjrue712jqlyjyg16onot2omsv6jdvNM200904120000000000000000000030');
INSERT INTO md_attribute_virtual ( defining_md_view, required, md_attribute_concrete, attribute_name, display_label, id) VALUES ('0myp064p1wj846sqldssh6511t6pniro20071129NM0000000000000000000005', NULL, 'ilu8f4mgo8kpn8122ucvj2ttx14u98qt00000000000000000000000000000341', 'startTime', '00sucef8r8qqleozv51asactlu5coh8sNM200904120000000000000000000030', 'iqkrd4cb5350ndtijqcskqch64j3xwr4NM200811060000000000000000000001');
INSERT INTO md_attribute ( id) VALUES ('iqkrd4cb5350ndtijqcskqch64j3xwr4NM200811060000000000000000000001');
INSERT INTO metadata ( description, created_by, owner, id, create_date, seq, type, remove, site_master, locked_by, entity_domain, last_updated_by, last_update_date, key_name) VALUES ('21vjrue712jqlyjyg16onot2omsv6jdvNM200904120000000000000000000030', '0000000000000000000000000000001000000000000000000000000000000003', '0000000000000000000000000000001000000000000000000000000000000003', 'iqkrd4cb5350ndtijqcskqch64j3xwr4NM200811060000000000000000000001', '2014-11-24 23:40:28', 4830, 'com.runwaysdk.system.metadata.MdAttributeVirtual', 1, 'www.runwaysdk.com', NULL, NULL, '0000000000000000000000000000001000000000000000000000000000000003', '2014-11-24 23:40:28', 'com.runwaysdk.system.scheduler.JobHistoryView.startTime');
INSERT INTO class_attribute_virtual ( id, parent_id, child_id) VALUES ('i3t77r7x6a2ngbzvfzt1xbu5dciiyyblNM200811060000000000000000000005', '0myp064p1wj846sqldssh6511t6pniro20071129NM0000000000000000000005', 'iqkrd4cb5350ndtijqcskqch64j3xwr4NM200811060000000000000000000001');
INSERT INTO class_attribute ( id, parent_id, child_id) VALUES ('i3t77r7x6a2ngbzvfzt1xbu5dciiyyblNM200811060000000000000000000005', '0myp064p1wj846sqldssh6511t6pniro20071129NM0000000000000000000005', 'iqkrd4cb5350ndtijqcskqch64j3xwr4NM200811060000000000000000000001');
INSERT INTO metadata_relationship ( entity_domain, site_master, last_updated_by, id, owner, locked_by, create_date, type, created_by, seq, key_name, last_update_date, parent_id, child_id) VALUES (NULL, 'www.runwaysdk.com', '0000000000000000000000000000001000000000000000000000000000000003', 'i3t77r7x6a2ngbzvfzt1xbu5dciiyyblNM200811060000000000000000000005', '0000000000000000000000000000001000000000000000000000000000000003', NULL, '2014-11-24 23:40:28', 'com.runwaysdk.system.metadata.ClassAttributeVirtual', '0000000000000000000000000000001000000000000000000000000000000003', 4831, 'com.runwaysdk.system.scheduler.JobHistoryView.startTime.class_attribute_virtual', '2014-11-24 23:40:28', '0myp064p1wj846sqldssh6511t6pniro20071129NM0000000000000000000005', 'iqkrd4cb5350ndtijqcskqch64j3xwr4NM200811060000000000000000000001');
INSERT INTO virtualize_attribute ( id, parent_id, child_id) VALUES ('iirsgj5wqa8myag852wrkmhl2wnxngvgNM200811200000000000000000000023', 'ilu8f4mgo8kpn8122ucvj2ttx14u98qt00000000000000000000000000000341', 'iqkrd4cb5350ndtijqcskqch64j3xwr4NM200811060000000000000000000001');
INSERT INTO metadata_relationship ( entity_domain, site_master, last_updated_by, id, owner, locked_by, create_date, type, created_by, seq, key_name, last_update_date, parent_id, child_id) VALUES (NULL, 'www.runwaysdk.com', '0000000000000000000000000000001000000000000000000000000000000003', 'iirsgj5wqa8myag852wrkmhl2wnxngvgNM200811200000000000000000000023', '0000000000000000000000000000001000000000000000000000000000000003', NULL, '2014-11-24 23:40:28', 'com.runwaysdk.system.metadata.VirtualizeAttribute', '0000000000000000000000000000001000000000000000000000000000000003', 4832, 'com.runwaysdk.system.scheduler.JobHistoryView.startTime.virtualize_attribute', '2014-11-24 23:40:28', 'ilu8f4mgo8kpn8122ucvj2ttx14u98qt00000000000000000000000000000341', 'iqkrd4cb5350ndtijqcskqch64j3xwr4NM200811060000000000000000000001');
INSERT INTO metadata_display_label ( default_locale, id, site_master, key_name) VALUES (NULL, '282051pltmyzno2fzwwufisxjtpcij7tNM200904120000000000000000000030', 'www.runwaysdk.com', '282051pltmyzno2fzwwufisxjtpcij7tNM200904120000000000000000000030');
INSERT INTO metadata_display_label ( default_locale, id, site_master, key_name) VALUES (NULL, '8h0ltourz9d2m9lc3hhwhj8zf082upgaNM200904120000000000000000000030', 'www.runwaysdk.com', '8h0ltourz9d2m9lc3hhwhj8zf082upgaNM200904120000000000000000000030');
INSERT INTO md_attribute_virtual ( defining_md_view, required, md_attribute_concrete, attribute_name, display_label, id) VALUES ('0myp064p1wj846sqldssh6511t6pniro20071129NM0000000000000000000005', NULL, 'idl7r1zaflhidv1rxhpjwb3a2w9bwb4i00000000000000000000000000000341', 'endTime', '282051pltmyzno2fzwwufisxjtpcij7tNM200904120000000000000000000030', 'ijh1mxd78u7d268p6zgaxvzk6ml8elbuNM200811060000000000000000000001');
INSERT INTO md_attribute ( id) VALUES ('ijh1mxd78u7d268p6zgaxvzk6ml8elbuNM200811060000000000000000000001');
INSERT INTO metadata ( description, created_by, owner, id, create_date, seq, type, remove, site_master, locked_by, entity_domain, last_updated_by, last_update_date, key_name) VALUES ('8h0ltourz9d2m9lc3hhwhj8zf082upgaNM200904120000000000000000000030', '0000000000000000000000000000001000000000000000000000000000000003', '0000000000000000000000000000001000000000000000000000000000000003', 'ijh1mxd78u7d268p6zgaxvzk6ml8elbuNM200811060000000000000000000001', '2014-11-24 23:40:28', 4833, 'com.runwaysdk.system.metadata.MdAttributeVirtual', 1, 'www.runwaysdk.com', NULL, NULL, '0000000000000000000000000000001000000000000000000000000000000003', '2014-11-24 23:40:28', 'com.runwaysdk.system.scheduler.JobHistoryView.endTime');
INSERT INTO class_attribute_virtual ( id, parent_id, child_id) VALUES ('i9k48lyabq0uuyow6dtvjzl83dpbkgtqNM200811060000000000000000000005', '0myp064p1wj846sqldssh6511t6pniro20071129NM0000000000000000000005', 'ijh1mxd78u7d268p6zgaxvzk6ml8elbuNM200811060000000000000000000001');
INSERT INTO class_attribute ( id, parent_id, child_id) VALUES ('i9k48lyabq0uuyow6dtvjzl83dpbkgtqNM200811060000000000000000000005', '0myp064p1wj846sqldssh6511t6pniro20071129NM0000000000000000000005', 'ijh1mxd78u7d268p6zgaxvzk6ml8elbuNM200811060000000000000000000001');
INSERT INTO metadata_relationship ( entity_domain, site_master, last_updated_by, id, owner, locked_by, create_date, type, created_by, seq, key_name, last_update_date, parent_id, child_id) VALUES (NULL, 'www.runwaysdk.com', '0000000000000000000000000000001000000000000000000000000000000003', 'i9k48lyabq0uuyow6dtvjzl83dpbkgtqNM200811060000000000000000000005', '0000000000000000000000000000001000000000000000000000000000000003', NULL, '2014-11-24 23:40:28', 'com.runwaysdk.system.metadata.ClassAttributeVirtual', '0000000000000000000000000000001000000000000000000000000000000003', 4834, 'com.runwaysdk.system.scheduler.JobHistoryView.endTime.class_attribute_virtual', '2014-11-24 23:40:28', '0myp064p1wj846sqldssh6511t6pniro20071129NM0000000000000000000005', 'ijh1mxd78u7d268p6zgaxvzk6ml8elbuNM200811060000000000000000000001');
INSERT INTO virtualize_attribute ( id, parent_id, child_id) VALUES ('ifofwxdfjvkc0snudioq7gvhnjcdern8NM200811200000000000000000000023', 'idl7r1zaflhidv1rxhpjwb3a2w9bwb4i00000000000000000000000000000341', 'ijh1mxd78u7d268p6zgaxvzk6ml8elbuNM200811060000000000000000000001');
INSERT INTO metadata_relationship ( entity_domain, site_master, last_updated_by, id, owner, locked_by, create_date, type, created_by, seq, key_name, last_update_date, parent_id, child_id) VALUES (NULL, 'www.runwaysdk.com', '0000000000000000000000000000001000000000000000000000000000000003', 'ifofwxdfjvkc0snudioq7gvhnjcdern8NM200811200000000000000000000023', '0000000000000000000000000000001000000000000000000000000000000003', NULL, '2014-11-24 23:40:28', 'com.runwaysdk.system.metadata.VirtualizeAttribute', '0000000000000000000000000000001000000000000000000000000000000003', 4835, 'com.runwaysdk.system.scheduler.JobHistoryView.endTime.virtualize_attribute', '2014-11-24 23:40:28', 'idl7r1zaflhidv1rxhpjwb3a2w9bwb4i00000000000000000000000000000341', 'ijh1mxd78u7d268p6zgaxvzk6ml8elbuNM200811060000000000000000000001');
INSERT INTO metadata_display_label ( default_locale, id, site_master, key_name) VALUES (NULL, '8hhjyh00mncry8r28qui1eqt7p54kd76NM200904120000000000000000000030', 'www.runwaysdk.com', '8hhjyh00mncry8r28qui1eqt7p54kd76NM200904120000000000000000000030');
INSERT INTO metadata_display_label ( default_locale, id, site_master, key_name) VALUES (NULL, 'xx8ivaywf87u958l09od1vm1ywlo9pt3NM200904120000000000000000000030', 'www.runwaysdk.com', 'xx8ivaywf87u958l09od1vm1ywlo9pt3NM200904120000000000000000000030');
INSERT INTO md_attribute_virtual ( defining_md_view, required, md_attribute_concrete, attribute_name, display_label, id) VALUES ('0myp064p1wj846sqldssh6511t6pniro20071129NM0000000000000000000005', NULL, 'ijo9kjdvn8pk3son3xpck0dhwda6ozz500000000000000000000000000000216', 'status', '8hhjyh00mncry8r28qui1eqt7p54kd76NM200904120000000000000000000030', 'i66rcoefcoba9jmmcicr2mnr9pk196ogNM200811060000000000000000000001');
INSERT INTO md_attribute ( id) VALUES ('i66rcoefcoba9jmmcicr2mnr9pk196ogNM200811060000000000000000000001');
INSERT INTO metadata ( description, created_by, owner, id, create_date, seq, type, remove, site_master, locked_by, entity_domain, last_updated_by, last_update_date, key_name) VALUES ('xx8ivaywf87u958l09od1vm1ywlo9pt3NM200904120000000000000000000030', '0000000000000000000000000000001000000000000000000000000000000003', '0000000000000000000000000000001000000000000000000000000000000003', 'i66rcoefcoba9jmmcicr2mnr9pk196ogNM200811060000000000000000000001', '2014-11-24 23:40:28', 4836, 'com.runwaysdk.system.metadata.MdAttributeVirtual', 1, 'www.runwaysdk.com', NULL, NULL, '0000000000000000000000000000001000000000000000000000000000000003', '2014-11-24 23:40:28', 'com.runwaysdk.system.scheduler.JobHistoryView.status');
INSERT INTO class_attribute_virtual ( id, parent_id, child_id) VALUES ('iqa8b4webrp1c1upr2usr3ehqpzu9s5uNM200811060000000000000000000005', '0myp064p1wj846sqldssh6511t6pniro20071129NM0000000000000000000005', 'i66rcoefcoba9jmmcicr2mnr9pk196ogNM200811060000000000000000000001');
INSERT INTO class_attribute ( id, parent_id, child_id) VALUES ('iqa8b4webrp1c1upr2usr3ehqpzu9s5uNM200811060000000000000000000005', '0myp064p1wj846sqldssh6511t6pniro20071129NM0000000000000000000005', 'i66rcoefcoba9jmmcicr2mnr9pk196ogNM200811060000000000000000000001');
INSERT INTO metadata_relationship ( entity_domain, site_master, last_updated_by, id, owner, locked_by, create_date, type, created_by, seq, key_name, last_update_date, parent_id, child_id) VALUES (NULL, 'www.runwaysdk.com', '0000000000000000000000000000001000000000000000000000000000000003', 'iqa8b4webrp1c1upr2usr3ehqpzu9s5uNM200811060000000000000000000005', '0000000000000000000000000000001000000000000000000000000000000003', NULL, '2014-11-24 23:40:28', 'com.runwaysdk.system.metadata.ClassAttributeVirtual', '0000000000000000000000000000001000000000000000000000000000000003', 4837, 'com.runwaysdk.system.scheduler.JobHistoryView.status.class_attribute_virtual', '2014-11-24 23:40:28', '0myp064p1wj846sqldssh6511t6pniro20071129NM0000000000000000000005', 'i66rcoefcoba9jmmcicr2mnr9pk196ogNM200811060000000000000000000001');
INSERT INTO virtualize_attribute ( id, parent_id, child_id) VALUES ('iok8eq7uilznww2fdgbse4m9tq3hkui2NM200811200000000000000000000023', 'ijo9kjdvn8pk3son3xpck0dhwda6ozz500000000000000000000000000000216', 'i66rcoefcoba9jmmcicr2mnr9pk196ogNM200811060000000000000000000001');
INSERT INTO metadata_relationship ( entity_domain, site_master, last_updated_by, id, owner, locked_by, create_date, type, created_by, seq, key_name, last_update_date, parent_id, child_id) VALUES (NULL, 'www.runwaysdk.com', '0000000000000000000000000000001000000000000000000000000000000003', 'iok8eq7uilznww2fdgbse4m9tq3hkui2NM200811200000000000000000000023', '0000000000000000000000000000001000000000000000000000000000000003', NULL, '2014-11-24 23:40:28', 'com.runwaysdk.system.metadata.VirtualizeAttribute', '0000000000000000000000000000001000000000000000000000000000000003', 4838, 'com.runwaysdk.system.scheduler.JobHistoryView.status.virtualize_attribute', '2014-11-24 23:40:28', 'ijo9kjdvn8pk3son3xpck0dhwda6ozz500000000000000000000000000000216', 'i66rcoefcoba9jmmcicr2mnr9pk196ogNM200811060000000000000000000001');
INSERT INTO metadata_display_label ( default_locale, id, site_master, key_name) VALUES (NULL, 'zjvibosy75xxz94kx6xde6uv043xdt4jNM200904120000000000000000000030', 'www.runwaysdk.com', 'zjvibosy75xxz94kx6xde6uv043xdt4jNM200904120000000000000000000030');
INSERT INTO metadata_display_label ( default_locale, id, site_master, key_name) VALUES (NULL, '90rin7sg97vllaqoghfrvdn7dpkfdfy1NM200904120000000000000000000030', 'www.runwaysdk.com', '90rin7sg97vllaqoghfrvdn7dpkfdfy1NM200904120000000000000000000030');
INSERT INTO md_attribute_virtual ( defining_md_view, required, md_attribute_concrete, attribute_name, display_label, id) VALUES ('0myp064p1wj846sqldssh6511t6pniro20071129NM0000000000000000000005', NULL, 'ikgua2xn2s3hys5dhsvjcz9k5y41uul700000000000000000000000000000332', 'retries', 'zjvibosy75xxz94kx6xde6uv043xdt4jNM200904120000000000000000000030', 'ilxzlo4yzxzb95woxxre8tn82bltstwwNM200811060000000000000000000001');
INSERT INTO md_attribute ( id) VALUES ('ilxzlo4yzxzb95woxxre8tn82bltstwwNM200811060000000000000000000001');
INSERT INTO metadata ( description, created_by, owner, id, create_date, seq, type, remove, site_master, locked_by, entity_domain, last_updated_by, last_update_date, key_name) VALUES ('90rin7sg97vllaqoghfrvdn7dpkfdfy1NM200904120000000000000000000030', '0000000000000000000000000000001000000000000000000000000000000003', '0000000000000000000000000000001000000000000000000000000000000003', 'ilxzlo4yzxzb95woxxre8tn82bltstwwNM200811060000000000000000000001', '2014-11-24 23:40:28', 4839, 'com.runwaysdk.system.metadata.MdAttributeVirtual', 1, 'www.runwaysdk.com', NULL, NULL, '0000000000000000000000000000001000000000000000000000000000000003', '2014-11-24 23:40:28', 'com.runwaysdk.system.scheduler.JobHistoryView.retries');
INSERT INTO class_attribute_virtual ( id, parent_id, child_id) VALUES ('ic8l3z4b8intaiq49dbuy3pooxwcdwkqNM200811060000000000000000000005', '0myp064p1wj846sqldssh6511t6pniro20071129NM0000000000000000000005', 'ilxzlo4yzxzb95woxxre8tn82bltstwwNM200811060000000000000000000001');
INSERT INTO class_attribute ( id, parent_id, child_id) VALUES ('ic8l3z4b8intaiq49dbuy3pooxwcdwkqNM200811060000000000000000000005', '0myp064p1wj846sqldssh6511t6pniro20071129NM0000000000000000000005', 'ilxzlo4yzxzb95woxxre8tn82bltstwwNM200811060000000000000000000001');
INSERT INTO metadata_relationship ( entity_domain, site_master, last_updated_by, id, owner, locked_by, create_date, type, created_by, seq, key_name, last_update_date, parent_id, child_id) VALUES (NULL, 'www.runwaysdk.com', '0000000000000000000000000000001000000000000000000000000000000003', 'ic8l3z4b8intaiq49dbuy3pooxwcdwkqNM200811060000000000000000000005', '0000000000000000000000000000001000000000000000000000000000000003', NULL, '2014-11-24 23:40:28', 'com.runwaysdk.system.metadata.ClassAttributeVirtual', '0000000000000000000000000000001000000000000000000000000000000003', 4840, 'com.runwaysdk.system.scheduler.JobHistoryView.retries.class_attribute_virtual', '2014-11-24 23:40:28', '0myp064p1wj846sqldssh6511t6pniro20071129NM0000000000000000000005', 'ilxzlo4yzxzb95woxxre8tn82bltstwwNM200811060000000000000000000001');
INSERT INTO virtualize_attribute ( id, parent_id, child_id) VALUES ('i641cjebks7ni9usz0pqnctr028kk7j2NM200811200000000000000000000023', 'ikgua2xn2s3hys5dhsvjcz9k5y41uul700000000000000000000000000000332', 'ilxzlo4yzxzb95woxxre8tn82bltstwwNM200811060000000000000000000001');
INSERT INTO metadata_relationship ( entity_domain, site_master, last_updated_by, id, owner, locked_by, create_date, type, created_by, seq, key_name, last_update_date, parent_id, child_id) VALUES (NULL, 'www.runwaysdk.com', '0000000000000000000000000000001000000000000000000000000000000003', 'i641cjebks7ni9usz0pqnctr028kk7j2NM200811200000000000000000000023', '0000000000000000000000000000001000000000000000000000000000000003', NULL, '2014-11-24 23:40:28', 'com.runwaysdk.system.metadata.VirtualizeAttribute', '0000000000000000000000000000001000000000000000000000000000000003', 4841, 'com.runwaysdk.system.scheduler.JobHistoryView.retries.virtualize_attribute', '2014-11-24 23:40:28', 'ikgua2xn2s3hys5dhsvjcz9k5y41uul700000000000000000000000000000332', 'ilxzlo4yzxzb95woxxre8tn82bltstwwNM200811060000000000000000000001');
INSERT INTO metadata_display_label ( default_locale, id, site_master, key_name) VALUES (NULL, '0hcwuo99luci68vn6g7xqb4ky52kbtwvNM200904120000000000000000000030', 'www.runwaysdk.com', '0hcwuo99luci68vn6g7xqb4ky52kbtwvNM200904120000000000000000000030');
INSERT INTO metadata_display_label ( default_locale, id, site_master, key_name) VALUES (NULL, 'se2m5ozgcrijgvj4b7orecspsvaxk9clNM200904120000000000000000000030', 'www.runwaysdk.com', 'se2m5ozgcrijgvj4b7orecspsvaxk9clNM200904120000000000000000000030');
INSERT INTO md_attribute_virtual ( defining_md_view, required, md_attribute_concrete, attribute_name, display_label, id) VALUES ('0myp064p1wj846sqldssh6511t6pniro20071129NM0000000000000000000005', NULL, 'id6b3h1iof1e4r9rusmp9vxun44928bu00000000000000000000000000000332', 'workProgress', '0hcwuo99luci68vn6g7xqb4ky52kbtwvNM200904120000000000000000000030', 'if4zwbs2ra46dsogs74uaycezzdkwq5wNM200811060000000000000000000001');
INSERT INTO md_attribute ( id) VALUES ('if4zwbs2ra46dsogs74uaycezzdkwq5wNM200811060000000000000000000001');
INSERT INTO metadata ( description, created_by, owner, id, create_date, seq, type, remove, site_master, locked_by, entity_domain, last_updated_by, last_update_date, key_name) VALUES ('se2m5ozgcrijgvj4b7orecspsvaxk9clNM200904120000000000000000000030', '0000000000000000000000000000001000000000000000000000000000000003', '0000000000000000000000000000001000000000000000000000000000000003', 'if4zwbs2ra46dsogs74uaycezzdkwq5wNM200811060000000000000000000001', '2014-11-24 23:40:28', 4842, 'com.runwaysdk.system.metadata.MdAttributeVirtual', 1, 'www.runwaysdk.com', NULL, NULL, '0000000000000000000000000000001000000000000000000000000000000003', '2014-11-24 23:40:28', 'com.runwaysdk.system.scheduler.JobHistoryView.workProgress');
INSERT INTO class_attribute_virtual ( id, parent_id, child_id) VALUES ('ie8ys220jadnmuc0y9tjgbegdl3adsteNM200811060000000000000000000005', '0myp064p1wj846sqldssh6511t6pniro20071129NM0000000000000000000005', 'if4zwbs2ra46dsogs74uaycezzdkwq5wNM200811060000000000000000000001');
INSERT INTO class_attribute ( id, parent_id, child_id) VALUES ('ie8ys220jadnmuc0y9tjgbegdl3adsteNM200811060000000000000000000005', '0myp064p1wj846sqldssh6511t6pniro20071129NM0000000000000000000005', 'if4zwbs2ra46dsogs74uaycezzdkwq5wNM200811060000000000000000000001');
INSERT INTO metadata_relationship ( entity_domain, site_master, last_updated_by, id, owner, locked_by, create_date, type, created_by, seq, key_name, last_update_date, parent_id, child_id) VALUES (NULL, 'www.runwaysdk.com', '0000000000000000000000000000001000000000000000000000000000000003', 'ie8ys220jadnmuc0y9tjgbegdl3adsteNM200811060000000000000000000005', '0000000000000000000000000000001000000000000000000000000000000003', NULL, '2014-11-24 23:40:28', 'com.runwaysdk.system.metadata.ClassAttributeVirtual', '0000000000000000000000000000001000000000000000000000000000000003', 4843, 'com.runwaysdk.system.scheduler.JobHistoryView.workProgress.class_attribute_virtual', '2014-11-24 23:40:28', '0myp064p1wj846sqldssh6511t6pniro20071129NM0000000000000000000005', 'if4zwbs2ra46dsogs74uaycezzdkwq5wNM200811060000000000000000000001');
INSERT INTO virtualize_attribute ( id, parent_id, child_id) VALUES ('isk3hq9fej55yvx2xn6l8rikuqh10xm0NM200811200000000000000000000023', 'id6b3h1iof1e4r9rusmp9vxun44928bu00000000000000000000000000000332', 'if4zwbs2ra46dsogs74uaycezzdkwq5wNM200811060000000000000000000001');
INSERT INTO metadata_relationship ( entity_domain, site_master, last_updated_by, id, owner, locked_by, create_date, type, created_by, seq, key_name, last_update_date, parent_id, child_id) VALUES (NULL, 'www.runwaysdk.com', '0000000000000000000000000000001000000000000000000000000000000003', 'isk3hq9fej55yvx2xn6l8rikuqh10xm0NM200811200000000000000000000023', '0000000000000000000000000000001000000000000000000000000000000003', NULL, '2014-11-24 23:40:28', 'com.runwaysdk.system.metadata.VirtualizeAttribute', '0000000000000000000000000000001000000000000000000000000000000003', 4844, 'com.runwaysdk.system.scheduler.JobHistoryView.workProgress.virtualize_attribute', '2014-11-24 23:40:28', 'id6b3h1iof1e4r9rusmp9vxun44928bu00000000000000000000000000000332', 'if4zwbs2ra46dsogs74uaycezzdkwq5wNM200811060000000000000000000001');
UPDATE metadata SET seq= 4845 , last_update_date= '2014-11-24 23:40:28'  WHERE id='0myp064p1wj846sqldssh6511t6pniro20071129NM0000000000000000000005';
UPDATE metadata SET seq= 4846 , last_update_date= '2014-11-24 23:40:28'  WHERE id='2ft54d1ik9d4qmj2ffopey6uwk000fvr00000000000000000000000000000001';
UPDATE metadata SET seq= 4847  WHERE id='0fnj9qgoapxjygna1zbnrdk7vm5ciijy00000000000000000000000000000001';
UPDATE md_business SET cache_algorithm= 'sc7a6xa44k7h1iwtrk6idbi7w3yl2n56' , cache_algorithm_c= '0000000000000000000000000000023100000000000000000000000000000222' , super_md_business= '0000000000000000000000000000020600000000000000000000000000000001' , id= 'it5n8uy11mc6rfo3urxl4y3iaostrri000000000000000000000000000000001'  WHERE id='it5n8uy11mc6rfo3urxl4y3iaostrri000000000000000000000000000000001';
UPDATE md_element SET extendable= 0 , id= 'it5n8uy11mc6rfo3urxl4y3iaostrri000000000000000000000000000000001'  WHERE id='it5n8uy11mc6rfo3urxl4y3iaostrri000000000000000000000000000000001';
UPDATE md_entity SET table_name= 'job_status' , id= 'it5n8uy11mc6rfo3urxl4y3iaostrri000000000000000000000000000000001'  WHERE id='it5n8uy11mc6rfo3urxl4y3iaostrri000000000000000000000000000000001';
UPDATE md_type SET display_label= 'xuv1r4u737fuvmi3fqy7h98tg7jpdvzuNM200904120000000000000000000030' , root_id= 'it5n8uy11mc6rfo3urxl4y3iaostrri0' , package_name= 'com.runwaysdk.system.scheduler' , type_name= 'JobStatus' , id= 'it5n8uy11mc6rfo3urxl4y3iaostrri000000000000000000000000000000001'  WHERE id='it5n8uy11mc6rfo3urxl4y3iaostrri000000000000000000000000000000001';
UPDATE metadata SET description= 'xev8pntzrnjkeir0q0fkmwpdopyh60w4NM200904120000000000000000000030' , created_by= '0000000000000000000000000000001000000000000000000000000000000003' , owner= '0000000000000000000000000000001000000000000000000000000000000003' , id= 'it5n8uy11mc6rfo3urxl4y3iaostrri000000000000000000000000000000001' , create_date= '2014-11-24 23:40:28' , seq= 4848 , type= 'com.runwaysdk.system.metadata.MdBusiness' , site_master= 'www.runwaysdk.com' , last_updated_by= '0000000000000000000000000000001000000000000000000000000000000003' , last_update_date= '2014-11-24 23:40:28' , key_name= 'com.runwaysdk.system.scheduler.JobStatus'  WHERE id='it5n8uy11mc6rfo3urxl4y3iaostrri000000000000000000000000000000001';
UPDATE md_enumeration SET include_all= 1 , master_md_business= 'it5n8uy11mc6rfo3urxl4y3iaostrri000000000000000000000000000000001' , table_name= 'alljobstatus' , id= 'ij1epz96kc3kazn8h799jceyjx02y6rf00000000000000000000000000000196'  WHERE id='ij1epz96kc3kazn8h799jceyjx02y6rf00000000000000000000000000000196';
UPDATE md_type SET display_label= '1t2abph4e9puhd4r0zcktyg3q9wzvlp7NM200904120000000000000000000030' , root_id= 'ij1epz96kc3kazn8h799jceyjx02y6rf' , package_name= 'com.runwaysdk.system.scheduler' , type_name= 'AllJobStatus' , id= 'ij1epz96kc3kazn8h799jceyjx02y6rf00000000000000000000000000000196'  WHERE id='ij1epz96kc3kazn8h799jceyjx02y6rf00000000000000000000000000000196';
UPDATE metadata SET description= 'zo9rqcmprqs3d1qmzr1jun2a72qar145NM200904120000000000000000000030' , created_by= '0000000000000000000000000000001000000000000000000000000000000003' , owner= '0000000000000000000000000000001000000000000000000000000000000003' , id= 'ij1epz96kc3kazn8h799jceyjx02y6rf00000000000000000000000000000196' , create_date= '2014-11-24 23:40:28' , seq= 4849 , type= 'com.runwaysdk.system.metadata.MdEnumeration' , site_master= 'www.runwaysdk.com' , last_updated_by= '0000000000000000000000000000001000000000000000000000000000000003' , last_update_date= '2014-11-24 23:40:28' , key_name= 'com.runwaysdk.system.scheduler.AllJobStatus'  WHERE id='ij1epz96kc3kazn8h799jceyjx02y6rf00000000000000000000000000000196';
ALTER TABLE abstract_job DROP paused;
ALTER TABLE abstract_job DROP completed;
ALTER TABLE abstract_job DROP canceled;
ALTER TABLE abstract_job DROP running;
ALTER TABLE abstract_job DROP repeated;
ALTER TABLE abstract_job DROP remove_on_complete;
ALTER TABLE abstract_job DROP start_on_create;
ALTER TABLE abstract_job DROP cancelable;
ALTER TABLE abstract_job DROP pauseable;
ALTER TABLE job_history DROP job_snapshot;
DROP TABLE job_snapshot;
ALTER TABLE abstract_job DROP job_operation;
ALTER TABLE abstract_job DROP job_operation_c;
DROP TABLE alljoboperation;
DROP TABLE job_operation;
ALTER TABLE abstract_job DROP start_time;
ALTER TABLE abstract_job DROP end_time;
ALTER TABLE abstract_job DROP retries;
ALTER TABLE abstract_job DROP work_progress;
