DELETE FROM virtualize_attribute WHERE id = 'sez406wdggcn3rffg9un0cre1fzso5iuNM200811200000000000000000000023';
DELETE FROM metadata_relationship WHERE id = 'sez406wdggcn3rffg9un0cre1fzso5iuNM200811200000000000000000000023' AND seq = 2827;
DELETE FROM class_attribute_virtual WHERE id = 'sltlmstwun8lt1gum8b2abt0l3ihcipmNM200811060000000000000000000005';
DELETE FROM class_attribute WHERE id = 'sltlmstwun8lt1gum8b2abt0l3ihcipmNM200811060000000000000000000005';
DELETE FROM metadata_relationship WHERE id = 'sltlmstwun8lt1gum8b2abt0l3ihcipmNM200811060000000000000000000005' AND seq = 2826;
DELETE FROM metadata_display_label WHERE id = '8yp7ajbwu6kqvp7ljfpchnst1ac0vp7oNM200904120000000000000000000030';
DELETE FROM metadata_display_label WHERE id = 'xuoora2gxqjaejbnctks363cogmq5vykNM200904120000000000000000000030';
DELETE FROM md_attribute_virtual WHERE id = '0ijty3pqvo1xkcuwxowmhxgxm5avkxxdNM200811060000000000000000000001';
DELETE FROM md_attribute WHERE id = '0ijty3pqvo1xkcuwxowmhxgxm5avkxxdNM200811060000000000000000000001';
DELETE FROM metadata WHERE id = '0ijty3pqvo1xkcuwxowmhxgxm5avkxxdNM200811060000000000000000000001' AND seq = 3795;
DELETE FROM class_attribute_concrete WHERE id = '1w1qmx9tj5b43ae7fmndvumy1k6gmbrc00000000000000000000000000000073';
DELETE FROM class_attribute WHERE id = '1w1qmx9tj5b43ae7fmndvumy1k6gmbrc00000000000000000000000000000073';
DELETE FROM metadata_relationship WHERE id = '1w1qmx9tj5b43ae7fmndvumy1k6gmbrc00000000000000000000000000000073' AND seq = 2727;
DELETE FROM metadata_display_label WHERE id = '92qsmplsc0szfxocbzrgepabv2ifxi88NM200904120000000000000000000030';
DELETE FROM metadata_display_label WHERE id = 'z9elki4gxg5395uko5tv57fcl2qsc6siNM200904120000000000000000000030';
DELETE FROM visibilitymodifier WHERE set_id='0pbrtdgbci8c8dmkhwn5910ansy6q71n';
DELETE FROM metadata_display_label WHERE id = '0jwc2j13b3lzvu458zanuzgcdok0u4rjNM200904120000000000000000000030';
DELETE FROM visibilitymodifier WHERE set_id='xulmh8eg1t7mhhosiq9w1sglgvkoba2f';
DELETE FROM md_attribute_indicies WHERE set_id='90y1bjrzdmfgtcbqselulhmjozkvrdx1';
DELETE FROM metadata_display_label WHERE id = '946sw5cg7vvia812edicxhobpgbxme7hNM200904120000000000000000000030';
DELETE FROM md_attribute_boolean WHERE id = 'swti0hdell2lrm4zatw88zign57pijso00000000000000000000000000000194';
DELETE FROM md_attribute_primitive WHERE id = 'swti0hdell2lrm4zatw88zign57pijso00000000000000000000000000000194';
DELETE FROM md_attribute_concrete WHERE id = 'swti0hdell2lrm4zatw88zign57pijso00000000000000000000000000000194';
DELETE FROM md_attribute WHERE id = 'swti0hdell2lrm4zatw88zign57pijso00000000000000000000000000000194';
DELETE FROM metadata WHERE id = 'swti0hdell2lrm4zatw88zign57pijso00000000000000000000000000000194' AND seq = 3454;
DELETE FROM virtualize_attribute WHERE id = '21hqcyb5ajqgz9m8ps210oaa2dzyrh1kNM200811200000000000000000000023';
DELETE FROM metadata_relationship WHERE id = '21hqcyb5ajqgz9m8ps210oaa2dzyrh1kNM200811200000000000000000000023' AND seq = 2811;
DELETE FROM class_attribute_virtual WHERE id = 'xet2oip7le7prcqlk7jku5ny4tgpecbeNM200811060000000000000000000005';
DELETE FROM class_attribute WHERE id = 'xet2oip7le7prcqlk7jku5ny4tgpecbeNM200811060000000000000000000005';
DELETE FROM metadata_relationship WHERE id = 'xet2oip7le7prcqlk7jku5ny4tgpecbeNM200811060000000000000000000005' AND seq = 2810;
DELETE FROM metadata_display_label WHERE id = '0llyonvz51i8ipbq2r2ncpa1l8k0iz5rNM200904120000000000000000000030';
DELETE FROM metadata_display_label WHERE id = 'sy7n733j13krl3z875u7ubydpjtkg57bNM200904120000000000000000000030';
DELETE FROM md_attribute_virtual WHERE id = '728dfdjyxmdro0pcst03xf6dv61fzephNM200811060000000000000000000001';
DELETE FROM md_attribute WHERE id = '728dfdjyxmdro0pcst03xf6dv61fzephNM200811060000000000000000000001';
DELETE FROM metadata WHERE id = '728dfdjyxmdro0pcst03xf6dv61fzephNM200811060000000000000000000001' AND seq = 3803;
DELETE FROM class_attribute_concrete WHERE id = 'x98e9imya3winiadaz6kf01c2wxmcsvj00000000000000000000000000000073';
DELETE FROM class_attribute WHERE id = 'x98e9imya3winiadaz6kf01c2wxmcsvj00000000000000000000000000000073';
DELETE FROM metadata_relationship WHERE id = 'x98e9imya3winiadaz6kf01c2wxmcsvj00000000000000000000000000000073' AND seq = 2731;
DELETE FROM metadata_display_label WHERE id = '01kdcyxpqv97z28c0pq02sqrmh4ljxjfNM200904120000000000000000000030';
DELETE FROM metadata_display_label WHERE id = '8kj4vcomvsp71j540m75jbetxr6jsuawNM200904120000000000000000000030';
DELETE FROM visibilitymodifier WHERE set_id='1ul19sm13ca1u1zb7uzzrhe9whtaho7t';
DELETE FROM metadata_display_label WHERE id = '93ca9glorcwo7io1gpozheum4anp6i97NM200904120000000000000000000030';
DELETE FROM visibilitymodifier WHERE set_id='xaskuorkb1rzix8haa6efvo5kc7za32k';
DELETE FROM md_attribute_indicies WHERE set_id='6ntqrwdaz30r8efjraixseygsp21ugy7';
DELETE FROM metadata_display_label WHERE id = '8ioq0kwxbpvwwgeyq4lza824nee95ij6NM200904120000000000000000000030';
DELETE FROM md_attribute_boolean WHERE id = 's9bsvcfqldftnahxte06o55wv0o8q19a00000000000000000000000000000194';
DELETE FROM md_attribute_primitive WHERE id = 's9bsvcfqldftnahxte06o55wv0o8q19a00000000000000000000000000000194';
DELETE FROM md_attribute_concrete WHERE id = 's9bsvcfqldftnahxte06o55wv0o8q19a00000000000000000000000000000194';
DELETE FROM md_attribute WHERE id = 's9bsvcfqldftnahxte06o55wv0o8q19a00000000000000000000000000000194';
DELETE FROM metadata WHERE id = 's9bsvcfqldftnahxte06o55wv0o8q19a00000000000000000000000000000194' AND seq = 3440;
DELETE FROM virtualize_attribute WHERE id = '01fya5piddw9zzfhbzzqjirvjxjn32xaNM200811200000000000000000000023';
DELETE FROM metadata_relationship WHERE id = '01fya5piddw9zzfhbzzqjirvjxjn32xaNM200811200000000000000000000023' AND seq = 2809;
DELETE FROM class_attribute_virtual WHERE id = 'sixelunmkrowwsrbgyo2ga447f7elyeeNM200811060000000000000000000005';
DELETE FROM class_attribute WHERE id = 'sixelunmkrowwsrbgyo2ga447f7elyeeNM200811060000000000000000000005';
DELETE FROM metadata_relationship WHERE id = 'sixelunmkrowwsrbgyo2ga447f7elyeeNM200811060000000000000000000005' AND seq = 2808;
DELETE FROM metadata_display_label WHERE id = 'sgjyacs8jps23a8disw43lzc26ef92qnNM200904120000000000000000000030';
DELETE FROM metadata_display_label WHERE id = '0rk9vqdh40kp4pe0obbrt1cwtlxkf7scNM200904120000000000000000000030';
DELETE FROM md_attribute_virtual WHERE id = 'qymd4rhbxjxy3yuj2pfj2y38k0irzq3aNM200811060000000000000000000001';
DELETE FROM md_attribute WHERE id = 'qymd4rhbxjxy3yuj2pfj2y38k0irzq3aNM200811060000000000000000000001';
DELETE FROM metadata WHERE id = 'qymd4rhbxjxy3yuj2pfj2y38k0irzq3aNM200811060000000000000000000001' AND seq = 3802;
DELETE FROM class_attribute_concrete WHERE id = 'x9t1esvd5hdrlykghg1do55jh5lpmikf00000000000000000000000000000073';
DELETE FROM class_attribute WHERE id = 'x9t1esvd5hdrlykghg1do55jh5lpmikf00000000000000000000000000000073';
DELETE FROM metadata_relationship WHERE id = 'x9t1esvd5hdrlykghg1do55jh5lpmikf00000000000000000000000000000073' AND seq = 2735;
DELETE FROM metadata_display_label WHERE id = 'qw89d7r4mr110ozg06pcxf5u1vmc7ovnNM200904120000000000000000000030';
DELETE FROM metadata_display_label WHERE id = '78irmi055szdh703o4qsj71epa1ni3yaNM200904120000000000000000000030';
DELETE FROM visibilitymodifier WHERE set_id='1nyw9tt709ims8on7glztuy5iro7kidr';
DELETE FROM metadata_display_label WHERE id = 'xisvoh8mn9hadvjp3dz68zc25nvzj3t3NM200904120000000000000000000030';
DELETE FROM visibilitymodifier WHERE set_id='z7ulo1h7ndg9h7kjex4gik7mcsit1n2x';
DELETE FROM md_attribute_indicies WHERE set_id='xhr7yn00ga2tfjsqjp3es72ooqfgs0kj';
DELETE FROM metadata_display_label WHERE id = '8rteo1l9pccnhc9jhhenabl22twdxqbjNM200904120000000000000000000030';
DELETE FROM md_attribute_boolean WHERE id = '25q4ui5xj819gauulaqompxmrhw2kabb00000000000000000000000000000194';
DELETE FROM md_attribute_primitive WHERE id = '25q4ui5xj819gauulaqompxmrhw2kabb00000000000000000000000000000194';
DELETE FROM md_attribute_concrete WHERE id = '25q4ui5xj819gauulaqompxmrhw2kabb00000000000000000000000000000194';
DELETE FROM md_attribute WHERE id = '25q4ui5xj819gauulaqompxmrhw2kabb00000000000000000000000000000194';
DELETE FROM metadata WHERE id = '25q4ui5xj819gauulaqompxmrhw2kabb00000000000000000000000000000194' AND seq = 3452;
DELETE FROM virtualize_attribute WHERE id = 'xh3rydy766ty0hprprt72f0iz08jicthNM200811200000000000000000000023';
DELETE FROM metadata_relationship WHERE id = 'xh3rydy766ty0hprprt72f0iz08jicthNM200811200000000000000000000023' AND seq = 2835;
DELETE FROM class_attribute_virtual WHERE id = 'sog1x3kauo6hay0ihkkeyj8rxj4q460kNM200811060000000000000000000005';
DELETE FROM class_attribute WHERE id = 'sog1x3kauo6hay0ihkkeyj8rxj4q460kNM200811060000000000000000000005';
DELETE FROM metadata_relationship WHERE id = 'sog1x3kauo6hay0ihkkeyj8rxj4q460kNM200811060000000000000000000005' AND seq = 2834;
DELETE FROM metadata_display_label WHERE id = '1wfnhonea7buy6irtkwcemglvsdixrmlNM200904120000000000000000000030';
DELETE FROM metadata_display_label WHERE id = 'stsgyco11qnvw9rjccqzy9ieunprtdc8NM200904120000000000000000000030';
DELETE FROM md_attribute_virtual WHERE id = 'zo95gh0n96jy456h4i7h3fzuaomdb45uNM200811060000000000000000000001';
DELETE FROM md_attribute WHERE id = 'zo95gh0n96jy456h4i7h3fzuaomdb45uNM200811060000000000000000000001';
DELETE FROM metadata WHERE id = 'zo95gh0n96jy456h4i7h3fzuaomdb45uNM200811060000000000000000000001' AND seq = 3814;
DELETE FROM class_attribute_concrete WHERE id = '6z731n8kiz0w15uhyo2n0h1xepjnt17y00000000000000000000000000000073';
DELETE FROM class_attribute WHERE id = '6z731n8kiz0w15uhyo2n0h1xepjnt17y00000000000000000000000000000073';
DELETE FROM metadata_relationship WHERE id = '6z731n8kiz0w15uhyo2n0h1xepjnt17y00000000000000000000000000000073' AND seq = 2736;
DELETE FROM metadata_display_label WHERE id = 'r24yk3riwjrlsrjbyweblbnbnylsb99zNM200904120000000000000000000030';
DELETE FROM metadata_display_label WHERE id = '06ewzhf5722nkvuner229oicq2y50lv8NM200904120000000000000000000030';
DELETE FROM visibilitymodifier WHERE set_id='0mlz3gfniqnj3mzpbsewgsy65tu9718j';
DELETE FROM metadata_display_label WHERE id = 'zfcf6vkp922vfwkqvtqj8lcybc1gkzxlNM200904120000000000000000000030';
DELETE FROM visibilitymodifier WHERE set_id='sq9flr9c5l43dbp4iajrry5icilzsceg';
DELETE FROM md_attribute_indicies WHERE set_id='z1z7fi50bi514rixodggzp478fdgzr58';
DELETE FROM metadata_display_label WHERE id = '2bakgwc3b20flu0rstctz9xffe8wxsw1NM200904120000000000000000000030';
DELETE FROM md_attribute_boolean WHERE id = 'y0kxd2fujadac3om2beynhcbhkc8i86i00000000000000000000000000000194';
DELETE FROM md_attribute_primitive WHERE id = 'y0kxd2fujadac3om2beynhcbhkc8i86i00000000000000000000000000000194';
DELETE FROM md_attribute_concrete WHERE id = 'y0kxd2fujadac3om2beynhcbhkc8i86i00000000000000000000000000000194';
DELETE FROM md_attribute WHERE id = 'y0kxd2fujadac3om2beynhcbhkc8i86i00000000000000000000000000000194';
DELETE FROM metadata WHERE id = 'y0kxd2fujadac3om2beynhcbhkc8i86i00000000000000000000000000000194' AND seq = 3433;
DELETE FROM virtualize_attribute WHERE id = 'z4c8ibrioyahyr2n2ry2tz25x0pci83eNM200811200000000000000000000023';
DELETE FROM metadata_relationship WHERE id = 'z4c8ibrioyahyr2n2ry2tz25x0pci83eNM200811200000000000000000000023' AND seq = 2831;
DELETE FROM class_attribute_virtual WHERE id = 'zi8xf4eb66hvc75fz90qhmucozoeeuywNM200811060000000000000000000005';
DELETE FROM class_attribute WHERE id = 'zi8xf4eb66hvc75fz90qhmucozoeeuywNM200811060000000000000000000005';
DELETE FROM metadata_relationship WHERE id = 'zi8xf4eb66hvc75fz90qhmucozoeeuywNM200811060000000000000000000005' AND seq = 2830;
DELETE FROM metadata_display_label WHERE id = 'sos4sy9zbc5tyuztlqf8wksidjasoh99NM200904120000000000000000000030';
DELETE FROM metadata_display_label WHERE id = 'san7u2fxehi90a2s5s5rsxynqv9gez2aNM200904120000000000000000000030';
DELETE FROM md_attribute_virtual WHERE id = 'raiquazqqfzhjomzzcx1c8p21ztpy75eNM200811060000000000000000000001';
DELETE FROM md_attribute WHERE id = 'raiquazqqfzhjomzzcx1c8p21ztpy75eNM200811060000000000000000000001';
DELETE FROM metadata WHERE id = 'raiquazqqfzhjomzzcx1c8p21ztpy75eNM200811060000000000000000000001' AND seq = 3812;
DELETE FROM class_attribute_concrete WHERE id = '8dbpb6gqjffvlwrdlequ2jt1d9p8astc00000000000000000000000000000073';
DELETE FROM class_attribute WHERE id = '8dbpb6gqjffvlwrdlequ2jt1d9p8astc00000000000000000000000000000073';
DELETE FROM metadata_relationship WHERE id = '8dbpb6gqjffvlwrdlequ2jt1d9p8astc00000000000000000000000000000073' AND seq = 2725;
DELETE FROM metadata_display_label WHERE id = 'z4jqubxyey4vwwv3deqvcu7syrtabtnbNM200904120000000000000000000030';
DELETE FROM metadata_display_label WHERE id = 'qswr3n81cyhqelrbkcmp7p9t2513vzseNM200904120000000000000000000030';
DELETE FROM visibilitymodifier WHERE set_id='qlfl5h68m386iqbc6dhj71zsfg12itd1';
DELETE FROM metadata_display_label WHERE id = '0e65wuii6kih1dvrk2wugofujsc7olcjNM200904120000000000000000000030';
DELETE FROM visibilitymodifier WHERE set_id='xn09y5mgu2ffx0zpkhgelshnd6mk7wyv';
DELETE FROM md_attribute_indicies WHERE set_id='xobwotkz558clwhf27mdwicshmhq3e26';
DELETE FROM metadata_display_label WHERE id = 'xpnds1g5flrurx94ma3fxu1u4y82euqiNM200904120000000000000000000030';
DELETE FROM md_attribute_boolean WHERE id = 'sm44ridyol20w714nav5v9vok6icv79j00000000000000000000000000000194';
DELETE FROM md_attribute_primitive WHERE id = 'sm44ridyol20w714nav5v9vok6icv79j00000000000000000000000000000194';
DELETE FROM md_attribute_concrete WHERE id = 'sm44ridyol20w714nav5v9vok6icv79j00000000000000000000000000000194';
DELETE FROM md_attribute WHERE id = 'sm44ridyol20w714nav5v9vok6icv79j00000000000000000000000000000194';
DELETE FROM metadata WHERE id = 'sm44ridyol20w714nav5v9vok6icv79j00000000000000000000000000000194' AND seq = 3450;
DELETE FROM virtualize_attribute WHERE id = 'xvxbcsrdt4vi3enw5nkui3se2ojoc4s7NM200811200000000000000000000023';
DELETE FROM metadata_relationship WHERE id = 'xvxbcsrdt4vi3enw5nkui3se2ojoc4s7NM200811200000000000000000000023' AND seq = 2829;
DELETE FROM class_attribute_virtual WHERE id = 'z2lw034ike3t8m6wfci1w4wkdw71x5x4NM200811060000000000000000000005';
DELETE FROM class_attribute WHERE id = 'z2lw034ike3t8m6wfci1w4wkdw71x5x4NM200811060000000000000000000005';
DELETE FROM metadata_relationship WHERE id = 'z2lw034ike3t8m6wfci1w4wkdw71x5x4NM200811060000000000000000000005' AND seq = 2828;
DELETE FROM metadata_display_label WHERE id = '28glvzxfsiz14bnq5wxlz8xbg02px77iNM200904120000000000000000000030';
DELETE FROM metadata_display_label WHERE id = 'y0l1r1wbxj2tluputd151t4c3lofoz2xNM200904120000000000000000000030';
DELETE FROM md_attribute_virtual WHERE id = '0mwm80ri4bh8zbzilzxqhk8oglhhjnyfNM200811060000000000000000000001';
DELETE FROM md_attribute WHERE id = '0mwm80ri4bh8zbzilzxqhk8oglhhjnyfNM200811060000000000000000000001';
DELETE FROM metadata WHERE id = '0mwm80ri4bh8zbzilzxqhk8oglhhjnyfNM200811060000000000000000000001' AND seq = 3811;
DELETE FROM class_attribute_concrete WHERE id = '8ce2re3rxxwuxu44fmmss18tttrdgokl00000000000000000000000000000073';
DELETE FROM class_attribute WHERE id = '8ce2re3rxxwuxu44fmmss18tttrdgokl00000000000000000000000000000073';
DELETE FROM metadata_relationship WHERE id = '8ce2re3rxxwuxu44fmmss18tttrdgokl00000000000000000000000000000073' AND seq = 2732;
DELETE FROM metadata_display_label WHERE id = 'zoa4yz7w7trl45equz9mpk12b1nti6woNM200904120000000000000000000030';
DELETE FROM metadata_display_label WHERE id = 'xb6vsruzs63wbdauimra57wrre73l78qNM200904120000000000000000000030';
DELETE FROM visibilitymodifier WHERE set_id='svshyve92sjlsbhl2fzuxwj9f3fti0ur';
DELETE FROM metadata_display_label WHERE id = '0ehfhso5drw5dx3mjz31nw1u8mxlf2nbNM200904120000000000000000000030';
DELETE FROM visibilitymodifier WHERE set_id='svrd8tyz22xqjypk5xlaa05g7eucju47';
DELETE FROM md_attribute_indicies WHERE set_id='xb2fj7b43m4q4wfleeygtur5iq8zk34v';
DELETE FROM metadata_display_label WHERE id = '28tl0lgyuiezspvk7dbqsk6e1mgzin3pNM200904120000000000000000000030';
DELETE FROM md_attribute_boolean WHERE id = '8jjekyd9o6ybpouc4rno9kphkwyfkxas00000000000000000000000000000194';
DELETE FROM md_attribute_primitive WHERE id = '8jjekyd9o6ybpouc4rno9kphkwyfkxas00000000000000000000000000000194';
DELETE FROM md_attribute_concrete WHERE id = '8jjekyd9o6ybpouc4rno9kphkwyfkxas00000000000000000000000000000194';
DELETE FROM md_attribute WHERE id = '8jjekyd9o6ybpouc4rno9kphkwyfkxas00000000000000000000000000000194';
DELETE FROM metadata WHERE id = '8jjekyd9o6ybpouc4rno9kphkwyfkxas00000000000000000000000000000194' AND seq = 3438;
DELETE FROM virtualize_attribute WHERE id = 'sbmkpy7ve9wcnw3lwu5wleycbh5ojt2oNM200811200000000000000000000023';
DELETE FROM metadata_relationship WHERE id = 'sbmkpy7ve9wcnw3lwu5wleycbh5ojt2oNM200811200000000000000000000023' AND seq = 2837;
DELETE FROM class_attribute_virtual WHERE id = '24yoi9u0gyocmkq7nuqh0k6ja7gc75xnNM200811060000000000000000000005';
DELETE FROM class_attribute WHERE id = '24yoi9u0gyocmkq7nuqh0k6ja7gc75xnNM200811060000000000000000000005';
DELETE FROM metadata_relationship WHERE id = '24yoi9u0gyocmkq7nuqh0k6ja7gc75xnNM200811060000000000000000000005' AND seq = 2836;
DELETE FROM metadata_display_label WHERE id = '1wevqr1pevi6d2jqcy4ga6ipcrb88aa5NM200904120000000000000000000030';
DELETE FROM metadata_display_label WHERE id = 'r4c2hcwa2he7bj7do11g8j0gotqs32mxNM200904120000000000000000000030';
DELETE FROM md_attribute_virtual WHERE id = '8st0z3kbo86msxx6mfv6wnuz1ufgzdgvNM200811060000000000000000000001';
DELETE FROM md_attribute WHERE id = '8st0z3kbo86msxx6mfv6wnuz1ufgzdgvNM200811060000000000000000000001';
DELETE FROM metadata WHERE id = '8st0z3kbo86msxx6mfv6wnuz1ufgzdgvNM200811060000000000000000000001' AND seq = 3815;
DELETE FROM class_attribute_concrete WHERE id = '8exyef45jwpn53qybqipuf5lrz43oxjr00000000000000000000000000000073';
DELETE FROM class_attribute WHERE id = '8exyef45jwpn53qybqipuf5lrz43oxjr00000000000000000000000000000073';
DELETE FROM metadata_relationship WHERE id = '8exyef45jwpn53qybqipuf5lrz43oxjr00000000000000000000000000000073' AND seq = 2733;
DELETE FROM metadata_display_label WHERE id = 'rapa39i4rposft4jqs80iujl8tfze35xNM200904120000000000000000000030';
DELETE FROM metadata_display_label WHERE id = 'xy8mc9kga0oq93s8d49i9h8uhdm55zqtNM200904120000000000000000000030';
DELETE FROM visibilitymodifier WHERE set_id='r87g7069dnogp2t1b6mnabwab0vkkvik';
DELETE FROM metadata_display_label WHERE id = 'ql58hylbo3ax8dljh00tuwi39c18axg8NM200904120000000000000000000030';
DELETE FROM visibilitymodifier WHERE set_id='xjsitt48nrtlavrs5k2w5fiqajx3ew40';
DELETE FROM md_attribute_indicies WHERE set_id='0f09uatnk0pepyhrdppqm42166om2bah';
DELETE FROM metadata_display_label WHERE id = 'r1wx3scz1kgzd1wt94zb4sfufy6xh8k1NM200904120000000000000000000030';
DELETE FROM md_attribute_boolean WHERE id = '0jqq6fd2kxe5xpgynmkfi57tfiog1xcl00000000000000000000000000000194';
DELETE FROM md_attribute_primitive WHERE id = '0jqq6fd2kxe5xpgynmkfi57tfiog1xcl00000000000000000000000000000194';
DELETE FROM md_attribute_concrete WHERE id = '0jqq6fd2kxe5xpgynmkfi57tfiog1xcl00000000000000000000000000000194';
DELETE FROM md_attribute WHERE id = '0jqq6fd2kxe5xpgynmkfi57tfiog1xcl00000000000000000000000000000194';
DELETE FROM metadata WHERE id = '0jqq6fd2kxe5xpgynmkfi57tfiog1xcl00000000000000000000000000000194' AND seq = 3461;
DELETE FROM virtualize_attribute WHERE id = '1vlv1rdv91u6j4rr093z7m9tmdzix4n0NM200811200000000000000000000023';
DELETE FROM metadata_relationship WHERE id = '1vlv1rdv91u6j4rr093z7m9tmdzix4n0NM200811200000000000000000000023' AND seq = 2807;
DELETE FROM class_attribute_virtual WHERE id = 'ywylv5b5xs3ex80ua9553b4rbhamihezNM200811060000000000000000000005';
DELETE FROM class_attribute WHERE id = 'ywylv5b5xs3ex80ua9553b4rbhamihezNM200811060000000000000000000005';
DELETE FROM metadata_relationship WHERE id = 'ywylv5b5xs3ex80ua9553b4rbhamihezNM200811060000000000000000000005' AND seq = 2806;
DELETE FROM metadata_display_label WHERE id = 's9s0r4odc2hcjk4wpzwquyyh7ddkcp8gNM200904120000000000000000000030';
DELETE FROM metadata_display_label WHERE id = 'xgwudacm871g7a6n8l9ek5kg67l8irvvNM200904120000000000000000000030';
DELETE FROM md_attribute_virtual WHERE id = '1topcnbglfl8owxoanb2u83jq0s477byNM200811060000000000000000000001';
DELETE FROM md_attribute WHERE id = '1topcnbglfl8owxoanb2u83jq0s477byNM200811060000000000000000000001';
DELETE FROM metadata WHERE id = '1topcnbglfl8owxoanb2u83jq0s477byNM200811060000000000000000000001' AND seq = 3801;
DELETE FROM class_attribute_concrete WHERE id = 'qr6pcu86pavnps7ezig8cizanetk0iy000000000000000000000000000000073';
DELETE FROM class_attribute WHERE id = 'qr6pcu86pavnps7ezig8cizanetk0iy000000000000000000000000000000073';
DELETE FROM metadata_relationship WHERE id = 'qr6pcu86pavnps7ezig8cizanetk0iy000000000000000000000000000000073' AND seq = 2734;
DELETE FROM metadata_display_label WHERE id = 'sthsk481srvfx7z1jkcu0yxncw63b5amNM200904120000000000000000000030';
DELETE FROM metadata_display_label WHERE id = 't26bcld53t38bpa7xt0syioihs850b81NM200904120000000000000000000030';
DELETE FROM visibilitymodifier WHERE set_id='sqjp46lxjz7zdyxgg43armsrasxj59zc';
DELETE FROM metadata_display_label WHERE id = '6wsgtvgpocqmc6aczun13x2j1n5ae67yNM200904120000000000000000000030';
DELETE FROM visibilitymodifier WHERE set_id='qprn0vym740bmdu5x67plv168p2p64n7';
DELETE FROM md_attribute_indicies WHERE set_id='ss4w6esr3rk0yrirt34kbszbjakr7ise';
DELETE FROM metadata_display_label WHERE id = 'xeniwmlvratn8bzlk91etu6h7kwktta8NM200904120000000000000000000030';
DELETE FROM md_attribute_boolean WHERE id = 'stulihh05jwj7e2lu1y6nv8nyfvimo1500000000000000000000000000000194';
DELETE FROM md_attribute_primitive WHERE id = 'stulihh05jwj7e2lu1y6nv8nyfvimo1500000000000000000000000000000194';
DELETE FROM md_attribute_concrete WHERE id = 'stulihh05jwj7e2lu1y6nv8nyfvimo1500000000000000000000000000000194';
DELETE FROM md_attribute WHERE id = 'stulihh05jwj7e2lu1y6nv8nyfvimo1500000000000000000000000000000194';
DELETE FROM metadata WHERE id = 'stulihh05jwj7e2lu1y6nv8nyfvimo1500000000000000000000000000000194' AND seq = 3457;
DELETE FROM virtualize_attribute WHERE id = '0cpn5sdpm7iji8xxt4k53m3a268og1l1NM200811200000000000000000000023';
DELETE FROM metadata_relationship WHERE id = '0cpn5sdpm7iji8xxt4k53m3a268og1l1NM200811200000000000000000000023' AND seq = 2825;
DELETE FROM class_attribute_virtual WHERE id = 'sao8b312sp2ut8opfc2o5hgneykvwpseNM200811060000000000000000000005';
DELETE FROM class_attribute WHERE id = 'sao8b312sp2ut8opfc2o5hgneykvwpseNM200811060000000000000000000005';
DELETE FROM metadata_relationship WHERE id = 'sao8b312sp2ut8opfc2o5hgneykvwpseNM200811060000000000000000000005' AND seq = 2824;
DELETE FROM metadata_display_label WHERE id = 'r2rowi0gcpo5knwwiry19n3edw39e4zkNM200904120000000000000000000030';
DELETE FROM metadata_display_label WHERE id = 'qma9zydr709exs6auw46le1v2kgkxmr4NM200904120000000000000000000030';
DELETE FROM md_attribute_virtual WHERE id = '6ut2vywu05gqcwgbyohoq7r5vpdx69qiNM200811060000000000000000000001';
DELETE FROM md_attribute WHERE id = '6ut2vywu05gqcwgbyohoq7r5vpdx69qiNM200811060000000000000000000001';
DELETE FROM metadata WHERE id = '6ut2vywu05gqcwgbyohoq7r5vpdx69qiNM200811060000000000000000000001' AND seq = 3810;
DELETE FROM class_attribute_concrete WHERE id = 'qpczso8z5t7rjxykcscfgkzdme64ntxh00000000000000000000000000000073';
DELETE FROM class_attribute WHERE id = 'qpczso8z5t7rjxykcscfgkzdme64ntxh00000000000000000000000000000073';
DELETE FROM metadata_relationship WHERE id = 'qpczso8z5t7rjxykcscfgkzdme64ntxh00000000000000000000000000000073' AND seq = 2726;
DELETE FROM metadata_display_label WHERE id = '6w8wpp9ezkmidxrc46z159ml3s4wrgvrNM200904120000000000000000000030';
DELETE FROM metadata_display_label WHERE id = 'r5veq9pstaauyxz03xq116bvt51xvfx2NM200904120000000000000000000030';
DELETE FROM visibilitymodifier WHERE set_id='0qdy93dk7edepy0qhyrk42o2sx0jxpra';
DELETE FROM metadata_display_label WHERE id = 'soiublm3opc33bd18i9dvlf23h3hayebNM200904120000000000000000000030';
DELETE FROM visibilitymodifier WHERE set_id='xnwxrlo10q58jjsbsgbb9typ4nqa63eq';
DELETE FROM md_attribute_indicies WHERE set_id='zahkyhbbe8lszpay864ons3lino8syjr';
DELETE FROM metadata_display_label WHERE id = '6rkq48id1sx86vhbcs7t80ot3pjsfskhNM200904120000000000000000000030';
DELETE FROM md_attribute_boolean WHERE id = '7dot75k1q82skfop6f474e31mgdn1vnx00000000000000000000000000000194';
DELETE FROM md_attribute_primitive WHERE id = '7dot75k1q82skfop6f474e31mgdn1vnx00000000000000000000000000000194';
DELETE FROM md_attribute_concrete WHERE id = '7dot75k1q82skfop6f474e31mgdn1vnx00000000000000000000000000000194';
DELETE FROM md_attribute WHERE id = '7dot75k1q82skfop6f474e31mgdn1vnx00000000000000000000000000000194';
DELETE FROM metadata WHERE id = '7dot75k1q82skfop6f474e31mgdn1vnx00000000000000000000000000000194' AND seq = 3447;
DROP INDEX a3isi3jbvwzb11i5ugm9plwgxk9odl;
DELETE FROM class_attribute_concrete WHERE id = '76cpj0tim7f9cc2d24ayjloz4e8c0kio00000000000000000000000000000073';
DELETE FROM class_attribute WHERE id = '76cpj0tim7f9cc2d24ayjloz4e8c0kio00000000000000000000000000000073';
DELETE FROM metadata_relationship WHERE id = '76cpj0tim7f9cc2d24ayjloz4e8c0kio00000000000000000000000000000073' AND seq = 2782;
DELETE FROM visibilitymodifier WHERE set_id='08eoib1m95p5k7cbpqsitf27erb1149s';
DELETE FROM metadata_display_label WHERE id = '8eu6z5ynmzvbgr3ih1io42rop7qashhaNM200904120000000000000000000030';
DELETE FROM visibilitymodifier WHERE set_id='z456n576jpzvukeclp9suceze9jtxbby';
DELETE FROM md_attribute_indicies WHERE set_id='z7y84rpj7fn0um7gbzjj6nnqir98g8iw';
DELETE FROM metadata_display_label WHERE id = 'r9xsj781rctpxdmtzfuxx7oyz7s0baygNM200904120000000000000000000030';
DELETE FROM md_attribute_reference WHERE id = '0htpn7avp6ebbqt02ymj492n4ve7vm2q00000000000000000000000000000186';
DELETE FROM md_attribute_ref WHERE id = '0htpn7avp6ebbqt02ymj492n4ve7vm2q00000000000000000000000000000186';
DELETE FROM md_attribute_concrete WHERE id = '0htpn7avp6ebbqt02ymj492n4ve7vm2q00000000000000000000000000000186';
DELETE FROM md_attribute WHERE id = '0htpn7avp6ebbqt02ymj492n4ve7vm2q00000000000000000000000000000186';
DELETE FROM metadata WHERE id = '0htpn7avp6ebbqt02ymj492n4ve7vm2q00000000000000000000000000000186' AND seq = 3472;
DELETE FROM virtualize_attribute WHERE id = '1sn04so60lqxsvuaom8d1alky6qgl1wnNM200811200000000000000000000023';
DELETE FROM metadata_relationship WHERE id = '1sn04so60lqxsvuaom8d1alky6qgl1wnNM200811200000000000000000000023' AND seq = 2815;
DELETE FROM class_attribute_virtual WHERE id = 'r8ayv9cvqvsodjd5iofudiot09do8e4rNM200811060000000000000000000005';
DELETE FROM class_attribute WHERE id = 'r8ayv9cvqvsodjd5iofudiot09do8e4rNM200811060000000000000000000005';
DELETE FROM metadata_relationship WHERE id = 'r8ayv9cvqvsodjd5iofudiot09do8e4rNM200811060000000000000000000005' AND seq = 2814;
DELETE FROM metadata_display_label WHERE id = 'z5usy6nhuksdngtcgf767f9w9adgggmmNM200904120000000000000000000030';
DELETE FROM metadata_display_label WHERE id = 'z6ikn7aftsw9yy94kwanup13vhrka6f7NM200904120000000000000000000030';
DELETE FROM md_attribute_virtual WHERE id = 'zi2sbwcmnhd6hlhz9alwh9o6stbym95bNM200811060000000000000000000001';
DELETE FROM md_attribute WHERE id = 'zi2sbwcmnhd6hlhz9alwh9o6stbym95bNM200811060000000000000000000001';
DELETE FROM metadata WHERE id = 'zi2sbwcmnhd6hlhz9alwh9o6stbym95bNM200811060000000000000000000001' AND seq = 3805;
DELETE FROM class_attribute_concrete WHERE id = 'sxqzyxwp0mc0338ranlcvkxstdgs1fbp00000000000000000000000000000073';
DELETE FROM class_attribute WHERE id = 'sxqzyxwp0mc0338ranlcvkxstdgs1fbp00000000000000000000000000000073';
DELETE FROM metadata_relationship WHERE id = 'sxqzyxwp0mc0338ranlcvkxstdgs1fbp00000000000000000000000000000073' AND seq = 2741;
DELETE FROM visibilitymodifier WHERE set_id='xvdcee24ugyokapxv458h2vw8ehszdd8';
DELETE FROM metadata_display_label WHERE id = 'zljn63gg7qwivtfzxnx5oefui1s3w8zrNM200904120000000000000000000030';
DELETE FROM visibilitymodifier WHERE set_id='8dufa528zjmfgt9v5diz3okfm1hii7qt';
DELETE FROM md_attribute_indicies WHERE set_id='sjjbdqy2002wuwmevhqcwl7hu1a114us';
DELETE FROM metadata_display_label WHERE id = '6zce7g9euo5j37d1bjzgtlkmepwgstr5NM200904120000000000000000000030';
DELETE FROM md_attribute_datetime WHERE id = '8u9ho3osfqp3f0yrzsrkui515z7ifln300000000000000000000000000000341';
DELETE FROM md_attribute_moment WHERE id = '8u9ho3osfqp3f0yrzsrkui515z7ifln300000000000000000000000000000341';
DELETE FROM md_attribute_primitive WHERE id = '8u9ho3osfqp3f0yrzsrkui515z7ifln300000000000000000000000000000341';
DELETE FROM md_attribute_concrete WHERE id = '8u9ho3osfqp3f0yrzsrkui515z7ifln300000000000000000000000000000341';
DELETE FROM md_attribute WHERE id = '8u9ho3osfqp3f0yrzsrkui515z7ifln300000000000000000000000000000341';
DELETE FROM metadata WHERE id = '8u9ho3osfqp3f0yrzsrkui515z7ifln300000000000000000000000000000341' AND seq = 3442;
DELETE FROM virtualize_attribute WHERE id = 'z2zj4m93uxscf7nhh2hixn2409xi0h48NM200811200000000000000000000023';
DELETE FROM metadata_relationship WHERE id = 'z2zj4m93uxscf7nhh2hixn2409xi0h48NM200811200000000000000000000023' AND seq = 2817;
DELETE FROM class_attribute_virtual WHERE id = '70nhcdr5wyz3ew70as45zzg0k9s7l69fNM200811060000000000000000000005';
DELETE FROM class_attribute WHERE id = '70nhcdr5wyz3ew70as45zzg0k9s7l69fNM200811060000000000000000000005';
DELETE FROM metadata_relationship WHERE id = '70nhcdr5wyz3ew70as45zzg0k9s7l69fNM200811060000000000000000000005' AND seq = 2816;
DELETE FROM metadata_display_label WHERE id = 'xfjeuo2n9sekws13g4f40gp5czlz1aynNM200904120000000000000000000030';
DELETE FROM metadata_display_label WHERE id = 'r4oni6zwxhexdjjce6glkej7313wz5w3NM200904120000000000000000000030';
DELETE FROM md_attribute_virtual WHERE id = 'zf2mccikuukxdff7uhsmhjmovtnm0ecfNM200811060000000000000000000001';
DELETE FROM md_attribute WHERE id = 'zf2mccikuukxdff7uhsmhjmovtnm0ecfNM200811060000000000000000000001';
DELETE FROM metadata WHERE id = 'zf2mccikuukxdff7uhsmhjmovtnm0ecfNM200811060000000000000000000001' AND seq = 3806;
DELETE FROM class_attribute_concrete WHERE id = 'z3yf4l01qoaxubfntqlfc2mljs6m5a9p00000000000000000000000000000073';
DELETE FROM class_attribute WHERE id = 'z3yf4l01qoaxubfntqlfc2mljs6m5a9p00000000000000000000000000000073';
DELETE FROM metadata_relationship WHERE id = 'z3yf4l01qoaxubfntqlfc2mljs6m5a9p00000000000000000000000000000073' AND seq = 2728;
DELETE FROM visibilitymodifier WHERE set_id='72r03qr1maowh9k5s0z7cthznzlryhwh';
DELETE FROM metadata_display_label WHERE id = '7d2f7jp65uoykc8i2yypbs8c9dba9sh1NM200904120000000000000000000030';
DELETE FROM visibilitymodifier WHERE set_id='sqthvs70clbb93562pvxo9901dxv8eky';
DELETE FROM md_attribute_indicies WHERE set_id='swxary57ksmcou9dej400khuegfsin7j';
DELETE FROM metadata_display_label WHERE id = 'sp9putxxogl6lf00ofz2h7hf9njjs1utNM200904120000000000000000000030';
DELETE FROM md_attribute_datetime WHERE id = '8p3t187ar11jnbbe2udc2mklz6oe6eac00000000000000000000000000000341';
DELETE FROM md_attribute_moment WHERE id = '8p3t187ar11jnbbe2udc2mklz6oe6eac00000000000000000000000000000341';
DELETE FROM md_attribute_primitive WHERE id = '8p3t187ar11jnbbe2udc2mklz6oe6eac00000000000000000000000000000341';
DELETE FROM md_attribute_concrete WHERE id = '8p3t187ar11jnbbe2udc2mklz6oe6eac00000000000000000000000000000341';
DELETE FROM md_attribute WHERE id = '8p3t187ar11jnbbe2udc2mklz6oe6eac00000000000000000000000000000341';
DELETE FROM metadata WHERE id = '8p3t187ar11jnbbe2udc2mklz6oe6eac00000000000000000000000000000341' AND seq = 3439;
DELETE FROM virtualize_attribute WHERE id = '1quwn1oa03tjsqyx9ow37fkx7oiquz7wNM200811200000000000000000000023';
DELETE FROM metadata_relationship WHERE id = '1quwn1oa03tjsqyx9ow37fkx7oiquz7wNM200811200000000000000000000023' AND seq = 2833;
DELETE FROM class_attribute_virtual WHERE id = 'z9v3cdwlzm0i8whvrvlb916j6j04bjg7NM200811060000000000000000000005';
DELETE FROM class_attribute WHERE id = 'z9v3cdwlzm0i8whvrvlb916j6j04bjg7NM200811060000000000000000000005';
DELETE FROM metadata_relationship WHERE id = 'z9v3cdwlzm0i8whvrvlb916j6j04bjg7NM200811060000000000000000000005' AND seq = 2832;
DELETE FROM metadata_display_label WHERE id = '1uvgg5tn0roqyjg5jwm49yyt36tq477mNM200904120000000000000000000030';
DELETE FROM metadata_display_label WHERE id = '1ze9mykgaiir3nb2b28tir4hl8jqfr67NM200904120000000000000000000030';
DELETE FROM md_attribute_virtual WHERE id = '8dp10uwzjh8m8p9bfutt5pf9wowjervhNM200811060000000000000000000001';
DELETE FROM md_attribute WHERE id = '8dp10uwzjh8m8p9bfutt5pf9wowjervhNM200811060000000000000000000001';
DELETE FROM metadata WHERE id = '8dp10uwzjh8m8p9bfutt5pf9wowjervhNM200811060000000000000000000001' AND seq = 3813;
DELETE FROM class_attribute_concrete WHERE id = '7f4r3xall0w13q3o73a15m72fa83s88j00000000000000000000000000000073';
DELETE FROM class_attribute WHERE id = '7f4r3xall0w13q3o73a15m72fa83s88j00000000000000000000000000000073';
DELETE FROM metadata_relationship WHERE id = '7f4r3xall0w13q3o73a15m72fa83s88j00000000000000000000000000000073' AND seq = 2738;
DELETE FROM visibilitymodifier WHERE set_id='6vqdetrfdomikjf8l5e4rfjdpg07lfez';
DELETE FROM metadata_display_label WHERE id = 'sl0ep1z40q23dsiau1xh7g26ox9mzpj4NM200904120000000000000000000030';
DELETE FROM visibilitymodifier WHERE set_id='6utkt9sfw19jifen43cqjut581lzitbn';
DELETE FROM md_attribute_indicies WHERE set_id='1v2k6xj6g9uu6u4iuakdj0q3v1t7v3pb';
DELETE FROM metadata_display_label WHERE id = '24ws5ym0ni844g10m0spr00yg1nt1kmbNM200904120000000000000000000030';
DELETE FROM md_attribute_integer WHERE id = '78srpi6mazu9gxpfwxqqexyegp0ez8cf00000000000000000000000000000332';
DELETE FROM md_attribute_int WHERE id = '78srpi6mazu9gxpfwxqqexyegp0ez8cf00000000000000000000000000000332';
DELETE FROM md_attribute_number WHERE id = '78srpi6mazu9gxpfwxqqexyegp0ez8cf00000000000000000000000000000332';
DELETE FROM md_attribute_primitive WHERE id = '78srpi6mazu9gxpfwxqqexyegp0ez8cf00000000000000000000000000000332';
DELETE FROM md_attribute_concrete WHERE id = '78srpi6mazu9gxpfwxqqexyegp0ez8cf00000000000000000000000000000332';
DELETE FROM md_attribute WHERE id = '78srpi6mazu9gxpfwxqqexyegp0ez8cf00000000000000000000000000000332';
DELETE FROM metadata WHERE id = '78srpi6mazu9gxpfwxqqexyegp0ez8cf00000000000000000000000000000332' AND seq = 3434;
DELETE FROM virtualize_attribute WHERE id = 'z7sjmzf9a2y9sr1tmbgcb7povxsqqxuvNM200811200000000000000000000023';
DELETE FROM metadata_relationship WHERE id = 'z7sjmzf9a2y9sr1tmbgcb7povxsqqxuvNM200811200000000000000000000023' AND seq = 2841;
DELETE FROM class_attribute_virtual WHERE id = 'xreipmrql9x754a17uirj3irnwczjspdNM200811060000000000000000000005';
DELETE FROM class_attribute WHERE id = 'xreipmrql9x754a17uirj3irnwczjspdNM200811060000000000000000000005';
DELETE FROM metadata_relationship WHERE id = 'xreipmrql9x754a17uirj3irnwczjspdNM200811060000000000000000000005' AND seq = 2840;
DELETE FROM metadata_display_label WHERE id = '0g0tjkf20olf5mq6882429hx86ymh0agNM200904120000000000000000000030';
DELETE FROM metadata_display_label WHERE id = 'qtx39d38kiz5fos8rfcevvggxe0lkh24NM200904120000000000000000000030';
DELETE FROM md_attribute_virtual WHERE id = '7artopx77kldxpky5zznw1utsqec42daNM200811060000000000000000000001';
DELETE FROM md_attribute WHERE id = '7artopx77kldxpky5zznw1utsqec42daNM200811060000000000000000000001';
DELETE FROM metadata WHERE id = '7artopx77kldxpky5zznw1utsqec42daNM200811060000000000000000000001' AND seq = 3817;
DELETE FROM class_attribute_concrete WHERE id = '8lx0njt5e0a3zq7d9zzsq0q96tpdxkpd00000000000000000000000000000073';
DELETE FROM class_attribute WHERE id = '8lx0njt5e0a3zq7d9zzsq0q96tpdxkpd00000000000000000000000000000073';
DELETE FROM metadata_relationship WHERE id = '8lx0njt5e0a3zq7d9zzsq0q96tpdxkpd00000000000000000000000000000073' AND seq = 2730;
DELETE FROM visibilitymodifier WHERE set_id='stl2upsisx5ex9k0w4lvg3afauj44c3w';
DELETE FROM metadata_display_label WHERE id = 'xyyo7t19sboon1n35ppenohwwe695dlaNM200904120000000000000000000030';
DELETE FROM visibilitymodifier WHERE set_id='8vshf62b8x67dqwbubrczikxm37iavte';
DELETE FROM md_attribute_indicies WHERE set_id='2c25qqjhwzjm297wvrefzqr8ps5lv4d6';
DELETE FROM metadata_display_label WHERE id = '91v03m8qcg56dttipg1n6z3is836aweiNM200904120000000000000000000030';
DELETE FROM md_attribute_integer WHERE id = 'rcyo64wsfudlbs4m415md41tslnlm3nv00000000000000000000000000000332';
DELETE FROM md_attribute_int WHERE id = 'rcyo64wsfudlbs4m415md41tslnlm3nv00000000000000000000000000000332';
DELETE FROM md_attribute_number WHERE id = 'rcyo64wsfudlbs4m415md41tslnlm3nv00000000000000000000000000000332';
DELETE FROM md_attribute_primitive WHERE id = 'rcyo64wsfudlbs4m415md41tslnlm3nv00000000000000000000000000000332';
DELETE FROM md_attribute_concrete WHERE id = 'rcyo64wsfudlbs4m415md41tslnlm3nv00000000000000000000000000000332';
DELETE FROM md_attribute WHERE id = 'rcyo64wsfudlbs4m415md41tslnlm3nv00000000000000000000000000000332';
DELETE FROM metadata WHERE id = 'rcyo64wsfudlbs4m415md41tslnlm3nv00000000000000000000000000000332' AND seq = 3449;
 INSERT INTO class_cache (set_id, item_id)  VALUES  ('0e9u7qeu2l3qab2l5u6c9kasnchbviet', '0000000000000000000000000000023100000000000000000000000000000222');
INSERT INTO metadata_display_label ( default_locale, id, site_master, key_name) VALUES ('Job Status', '8ntx48y5csgx96aj70mjfs1l3ec6nf7aNM200904120000000000000000000030', 'www.runwaysdk.com', '8ntx48y5csgx96aj70mjfs1l3ec6nf7aNM200904120000000000000000000030');
INSERT INTO metadata_display_label ( default_locale, id, site_master, key_name) VALUES (NULL, '8elx91myx7mmec7elsakilms792p53vcNM200904120000000000000000000030', 'www.runwaysdk.com', '8elx91myx7mmec7elsakilms792p53vcNM200904120000000000000000000030');
INSERT INTO md_business ( cache_algorithm, cache_algorithm_c, super_md_business, id) VALUES ('0e9u7qeu2l3qab2l5u6c9kasnchbviet', '0000000000000000000000000000023100000000000000000000000000000222', '0000000000000000000000000000020600000000000000000000000000000001', 'it5n8uy11mc6rfo3urxl4y3iaostrri000000000000000000000000000000001');
INSERT INTO md_element ( extendable, is_abstract, id) VALUES (0, 0, 'it5n8uy11mc6rfo3urxl4y3iaostrri000000000000000000000000000000001');
INSERT INTO md_entity ( query_dto_source, query_source, cache_size, enforce_site_master, has_deterministic_ids, table_name, id) VALUES (NULL, NULL, 0, 1, 0, 'job_status', 'it5n8uy11mc6rfo3urxl4y3iaostrri000000000000000000000000000000001');
INSERT INTO md_class ( publish, stub_dto_source, stub_source, id) VALUES (1, NULL, NULL, 'it5n8uy11mc6rfo3urxl4y3iaostrri000000000000000000000000000000001');
INSERT INTO md_type ( display_label, root_id, package_name, type_name, base_source, js_base, js_stub, exported, dto_source, id) VALUES ('8ntx48y5csgx96aj70mjfs1l3ec6nf7aNM200904120000000000000000000030', 'it5n8uy11mc6rfo3urxl4y3iaostrri0', 'com.runwaysdk.system.scheduler', 'JobStatus', NULL, NULL, NULL, 1, NULL, 'it5n8uy11mc6rfo3urxl4y3iaostrri000000000000000000000000000000001');
INSERT INTO metadata ( description, created_by, owner, id, create_date, seq, type, remove, site_master, locked_by, entity_domain, last_updated_by, last_update_date, key_name) VALUES ('8elx91myx7mmec7elsakilms792p53vcNM200904120000000000000000000030', '0000000000000000000000000000001000000000000000000000000000000003', '0000000000000000000000000000001000000000000000000000000000000003', 'it5n8uy11mc6rfo3urxl4y3iaostrri000000000000000000000000000000001', '2014-11-29 17:52:48', 4802, 'com.runwaysdk.system.metadata.MdBusiness', 1, 'www.runwaysdk.com', NULL, NULL, '0000000000000000000000000000001000000000000000000000000000000003', '2014-11-29 17:52:48', 'com.runwaysdk.system.scheduler.JobStatus');
INSERT INTO business_inheritance ( id, parent_id, child_id) VALUES ('it5n8uy11mc6rfo3urxl4y3iaostrri020070926NM0000000000000000000004', '0000000000000000000000000000020600000000000000000000000000000001', 'it5n8uy11mc6rfo3urxl4y3iaostrri000000000000000000000000000000001');
INSERT INTO class_inheritance ( id, parent_id, child_id) VALUES ('it5n8uy11mc6rfo3urxl4y3iaostrri020070926NM0000000000000000000004', '0000000000000000000000000000020600000000000000000000000000000001', 'it5n8uy11mc6rfo3urxl4y3iaostrri000000000000000000000000000000001');
INSERT INTO metadata_relationship ( entity_domain, site_master, last_updated_by, id, owner, locked_by, create_date, type, created_by, seq, key_name, last_update_date, parent_id, child_id) VALUES (NULL, 'www.runwaysdk.com', '0000000000000000000000000000001000000000000000000000000000000003', 'it5n8uy11mc6rfo3urxl4y3iaostrri020070926NM0000000000000000000004', '0000000000000000000000000000001000000000000000000000000000000003', NULL, '2014-11-29 17:52:48', 'com.runwaysdk.system.metadata.BusinessInheritance', '0000000000000000000000000000001000000000000000000000000000000003', 4803, 'com.runwaysdk.system.scheduler.JobStatus', '2014-11-29 17:52:48', '0000000000000000000000000000020600000000000000000000000000000001', 'it5n8uy11mc6rfo3urxl4y3iaostrri000000000000000000000000000000001');
CREATE TABLE job_status ( id CHAR(64) NOT NULL PRIMARY KEY );
INSERT INTO metadata_display_label ( default_locale, id, site_master, key_name) VALUES ('Running', 'zgmu08ml413ij5ysbawazusnqmawtwshNM200904120000000000000000000030', 'www.runwaysdk.com', 'zgmu08ml413ij5ysbawazusnqmawtwshNM200904120000000000000000000030');
INSERT INTO job_status ( id) VALUES ('0abnezckntpuk0qjylw1nc1yuhwfrijlit5n8uy11mc6rfo3urxl4y3iaostrri0');
INSERT INTO enumeration_master ( create_date, locked_by, owner, site_master, type, last_update_date, id, entity_domain, key_name, display_label, enum_name, created_by, seq, last_updated_by) VALUES ('2014-11-29 17:52:48', NULL, '0000000000000000000000000000001000000000000000000000000000000003', 'www.runwaysdk.com', 'com.runwaysdk.system.scheduler.JobStatus', '2014-11-29 17:52:48', '0abnezckntpuk0qjylw1nc1yuhwfrijlit5n8uy11mc6rfo3urxl4y3iaostrri0', NULL, 'com.runwaysdk.system.scheduler.JobStatus.RUNNING', 'zgmu08ml413ij5ysbawazusnqmawtwshNM200904120000000000000000000030', 'RUNNING', '0000000000000000000000000000001000000000000000000000000000000003', 4804, '0000000000000000000000000000001000000000000000000000000000000003');
INSERT INTO metadata_display_label ( default_locale, id, site_master, key_name) VALUES ('Canceled', 'xkgiex1zi3pt8xtwemcaakyibgphbjk3NM200904120000000000000000000030', 'www.runwaysdk.com', 'xkgiex1zi3pt8xtwemcaakyibgphbjk3NM200904120000000000000000000030');
INSERT INTO job_status ( id) VALUES ('06i8ibj8q0gu73z5g4en9fx0e1vm9igyit5n8uy11mc6rfo3urxl4y3iaostrri0');
INSERT INTO enumeration_master ( create_date, locked_by, owner, site_master, type, last_update_date, id, entity_domain, key_name, display_label, enum_name, created_by, seq, last_updated_by) VALUES ('2014-11-29 17:52:48', NULL, '0000000000000000000000000000001000000000000000000000000000000003', 'www.runwaysdk.com', 'com.runwaysdk.system.scheduler.JobStatus', '2014-11-29 17:52:48', '06i8ibj8q0gu73z5g4en9fx0e1vm9igyit5n8uy11mc6rfo3urxl4y3iaostrri0', NULL, 'com.runwaysdk.system.scheduler.JobStatus.CANCELED', 'xkgiex1zi3pt8xtwemcaakyibgphbjk3NM200904120000000000000000000030', 'CANCELED', '0000000000000000000000000000001000000000000000000000000000000003', 4805, '0000000000000000000000000000001000000000000000000000000000000003');
INSERT INTO metadata_display_label ( default_locale, id, site_master, key_name) VALUES ('Success', 'z03rriibwtqlws1trhbmbcc12abtu2ugNM200904120000000000000000000030', 'www.runwaysdk.com', 'z03rriibwtqlws1trhbmbcc12abtu2ugNM200904120000000000000000000030');
INSERT INTO job_status ( id) VALUES ('0a503ugpycrozm8rqhu1ymk29bv6w3qfit5n8uy11mc6rfo3urxl4y3iaostrri0');
INSERT INTO enumeration_master ( create_date, locked_by, owner, site_master, type, last_update_date, id, entity_domain, key_name, display_label, enum_name, created_by, seq, last_updated_by) VALUES ('2014-11-29 17:52:48', NULL, '0000000000000000000000000000001000000000000000000000000000000003', 'www.runwaysdk.com', 'com.runwaysdk.system.scheduler.JobStatus', '2014-11-29 17:52:48', '0a503ugpycrozm8rqhu1ymk29bv6w3qfit5n8uy11mc6rfo3urxl4y3iaostrri0', NULL, 'com.runwaysdk.system.scheduler.JobStatus.SUCCESS', 'z03rriibwtqlws1trhbmbcc12abtu2ugNM200904120000000000000000000030', 'SUCCESS', '0000000000000000000000000000001000000000000000000000000000000003', 4806, '0000000000000000000000000000001000000000000000000000000000000003');
INSERT INTO metadata_display_label ( default_locale, id, site_master, key_name) VALUES ('Failure', 'x8i0ai281fdh7emq9hf7gv3s1kxyyiupNM200904120000000000000000000030', 'www.runwaysdk.com', 'x8i0ai281fdh7emq9hf7gv3s1kxyyiupNM200904120000000000000000000030');
INSERT INTO job_status ( id) VALUES ('xpm5e9836ibbe4vqpanghv5e981w75xcit5n8uy11mc6rfo3urxl4y3iaostrri0');
INSERT INTO enumeration_master ( create_date, locked_by, owner, site_master, type, last_update_date, id, entity_domain, key_name, display_label, enum_name, created_by, seq, last_updated_by) VALUES ('2014-11-29 17:52:48', NULL, '0000000000000000000000000000001000000000000000000000000000000003', 'www.runwaysdk.com', 'com.runwaysdk.system.scheduler.JobStatus', '2014-11-29 17:52:48', 'xpm5e9836ibbe4vqpanghv5e981w75xcit5n8uy11mc6rfo3urxl4y3iaostrri0', NULL, 'com.runwaysdk.system.scheduler.JobStatus.FAILURE', 'x8i0ai281fdh7emq9hf7gv3s1kxyyiupNM200904120000000000000000000030', 'FAILURE', '0000000000000000000000000000001000000000000000000000000000000003', 4807, '0000000000000000000000000000001000000000000000000000000000000003');
INSERT INTO metadata_display_label ( default_locale, id, site_master, key_name) VALUES ('Stopped', '8xhuikqj108nrh2ew7czg9xlsb67njmpNM200904120000000000000000000030', 'www.runwaysdk.com', '8xhuikqj108nrh2ew7czg9xlsb67njmpNM200904120000000000000000000030');
INSERT INTO job_status ( id) VALUES ('1pyq771t4k3mzke81dc6lwpcan94azqdit5n8uy11mc6rfo3urxl4y3iaostrri0');
INSERT INTO enumeration_master ( create_date, locked_by, owner, site_master, type, last_update_date, id, entity_domain, key_name, display_label, enum_name, created_by, seq, last_updated_by) VALUES ('2014-11-29 17:52:48', NULL, '0000000000000000000000000000001000000000000000000000000000000003', 'www.runwaysdk.com', 'com.runwaysdk.system.scheduler.JobStatus', '2014-11-29 17:52:48', '1pyq771t4k3mzke81dc6lwpcan94azqdit5n8uy11mc6rfo3urxl4y3iaostrri0', NULL, 'com.runwaysdk.system.scheduler.JobStatus.STOPPED', '8xhuikqj108nrh2ew7czg9xlsb67njmpNM200904120000000000000000000030', 'STOPPED', '0000000000000000000000000000001000000000000000000000000000000003', 4808, '0000000000000000000000000000001000000000000000000000000000000003');
INSERT INTO metadata_display_label ( default_locale, id, site_master, key_name) VALUES ('All Job Status Types', '0to9a4u3y210mhx2hpy6sv6ke9rdo8xmNM200904120000000000000000000030', 'www.runwaysdk.com', '0to9a4u3y210mhx2hpy6sv6ke9rdo8xmNM200904120000000000000000000030');
INSERT INTO metadata_display_label ( default_locale, id, site_master, key_name) VALUES (NULL, 'yw0lz8ayj5kem6xwdswbfpgttqx2g7olNM200904120000000000000000000030', 'www.runwaysdk.com', 'yw0lz8ayj5kem6xwdswbfpgttqx2g7olNM200904120000000000000000000030');
INSERT INTO md_enumeration ( include_all, master_md_business, table_name, id) VALUES (0, 'it5n8uy11mc6rfo3urxl4y3iaostrri000000000000000000000000000000001', 'alljobstatus', 'ij1epz96kc3kazn8h799jceyjx02y6rf00000000000000000000000000000196');
INSERT INTO md_type ( display_label, root_id, package_name, type_name, base_source, js_base, js_stub, exported, dto_source, id) VALUES ('0to9a4u3y210mhx2hpy6sv6ke9rdo8xmNM200904120000000000000000000030', 'ij1epz96kc3kazn8h799jceyjx02y6rf', 'com.runwaysdk.system.scheduler', 'AllJobStatus', NULL, NULL, NULL, 1, NULL, 'ij1epz96kc3kazn8h799jceyjx02y6rf00000000000000000000000000000196');
INSERT INTO metadata ( description, created_by, owner, id, create_date, seq, type, remove, site_master, locked_by, entity_domain, last_updated_by, last_update_date, key_name) VALUES ('yw0lz8ayj5kem6xwdswbfpgttqx2g7olNM200904120000000000000000000030', '0000000000000000000000000000001000000000000000000000000000000003', '0000000000000000000000000000001000000000000000000000000000000003', 'ij1epz96kc3kazn8h799jceyjx02y6rf00000000000000000000000000000196', '2014-11-29 17:52:48', 4809, 'com.runwaysdk.system.metadata.MdEnumeration', 1, 'www.runwaysdk.com', NULL, NULL, '0000000000000000000000000000001000000000000000000000000000000003', '2014-11-29 17:52:48', 'com.runwaysdk.system.scheduler.AllJobStatus');
INSERT INTO enumeration_attribute ( id, parent_id, child_id) VALUES ('ij1epz96kc3kazn8h799jceyjx02y6rf00000000000000000000000000000212', 'it5n8uy11mc6rfo3urxl4y3iaostrri000000000000000000000000000000001', 'ij1epz96kc3kazn8h799jceyjx02y6rf00000000000000000000000000000196');
INSERT INTO metadata_relationship ( entity_domain, site_master, last_updated_by, id, owner, locked_by, create_date, type, created_by, seq, key_name, last_update_date, parent_id, child_id) VALUES (NULL, 'www.runwaysdk.com', '0000000000000000000000000000001000000000000000000000000000000003', 'ij1epz96kc3kazn8h799jceyjx02y6rf00000000000000000000000000000212', '0000000000000000000000000000001000000000000000000000000000000003', NULL, '2014-11-29 17:52:48', 'com.runwaysdk.system.metadata.EnumerationAttribute', '0000000000000000000000000000001000000000000000000000000000000003', 4810, 'com.runwaysdk.system.scheduler.AllJobStatus', '2014-11-29 17:52:48', 'it5n8uy11mc6rfo3urxl4y3iaostrri000000000000000000000000000000001', 'ij1epz96kc3kazn8h799jceyjx02y6rf00000000000000000000000000000196');
CREATE TABLE alljobstatus 
(set_id                CHAR(32) NOT NULL, 
item_id CHAR(64) NOT NULL);
CREATE UNIQUE INDEX aij1epz96kc3kazn8h799jceyjx02y ON alljobstatus (set_id, item_id);
UPDATE metadata_display_label SET default_locale= 'All Job Status Types' , id= '0to9a4u3y210mhx2hpy6sv6ke9rdo8xmNM200904120000000000000000000030' , site_master= 'www.runwaysdk.com' , key_name= '0to9a4u3y210mhx2hpy6sv6ke9rdo8xmNM200904120000000000000000000030'  WHERE id='0to9a4u3y210mhx2hpy6sv6ke9rdo8xmNM200904120000000000000000000030';
UPDATE metadata_display_label SET id= 'yw0lz8ayj5kem6xwdswbfpgttqx2g7olNM200904120000000000000000000030' , site_master= 'www.runwaysdk.com' , key_name= 'yw0lz8ayj5kem6xwdswbfpgttqx2g7olNM200904120000000000000000000030'  WHERE id='yw0lz8ayj5kem6xwdswbfpgttqx2g7olNM200904120000000000000000000030';
UPDATE md_enumeration SET include_all= 1 , master_md_business= 'it5n8uy11mc6rfo3urxl4y3iaostrri000000000000000000000000000000001' , table_name= 'alljobstatus' , id= 'ij1epz96kc3kazn8h799jceyjx02y6rf00000000000000000000000000000196'  WHERE id='ij1epz96kc3kazn8h799jceyjx02y6rf00000000000000000000000000000196';
UPDATE md_type SET display_label= '0to9a4u3y210mhx2hpy6sv6ke9rdo8xmNM200904120000000000000000000030' , root_id= 'ij1epz96kc3kazn8h799jceyjx02y6rf' , package_name= 'com.runwaysdk.system.scheduler' , type_name= 'AllJobStatus' , id= 'ij1epz96kc3kazn8h799jceyjx02y6rf00000000000000000000000000000196'  WHERE id='ij1epz96kc3kazn8h799jceyjx02y6rf00000000000000000000000000000196';
UPDATE metadata SET description= 'yw0lz8ayj5kem6xwdswbfpgttqx2g7olNM200904120000000000000000000030' , created_by= '0000000000000000000000000000001000000000000000000000000000000003' , owner= '0000000000000000000000000000001000000000000000000000000000000003' , id= 'ij1epz96kc3kazn8h799jceyjx02y6rf00000000000000000000000000000196' , create_date= '2014-11-29 17:52:48' , seq= 4811 , type= 'com.runwaysdk.system.metadata.MdEnumeration' , site_master= 'www.runwaysdk.com' , last_updated_by= '0000000000000000000000000000001000000000000000000000000000000003' , last_update_date= '2014-11-29 17:52:48' , key_name= 'com.runwaysdk.system.scheduler.AllJobStatus'  WHERE id='ij1epz96kc3kazn8h799jceyjx02y6rf00000000000000000000000000000196';
UPDATE metadata_relationship SET site_master= 'www.runwaysdk.com' , last_updated_by= '0000000000000000000000000000001000000000000000000000000000000003' , id= 'ij1epz96kc3kazn8h799jceyjx02y6rf00000000000000000000000000000212' , owner= '0000000000000000000000000000001000000000000000000000000000000003' , create_date= '2014-11-29 17:52:48' , type= 'com.runwaysdk.system.metadata.EnumerationAttribute' , created_by= '0000000000000000000000000000001000000000000000000000000000000003' , seq= 4812 , key_name= 'com.runwaysdk.system.scheduler.AllJobStatus' , last_update_date= '2014-11-29 17:52:48'  WHERE id='ij1epz96kc3kazn8h799jceyjx02y6rf00000000000000000000000000000212';
INSERT INTO enumeration_attribute_item ( id, parent_id, child_id) VALUES ('il8mpvzev1cwyqz037qf0810wowu1uu500000000000000000000000000000294', 'ij1epz96kc3kazn8h799jceyjx02y6rf00000000000000000000000000000196', '0abnezckntpuk0qjylw1nc1yuhwfrijlit5n8uy11mc6rfo3urxl4y3iaostrri0');
INSERT INTO metadata_relationship ( entity_domain, site_master, last_updated_by, id, owner, locked_by, create_date, type, created_by, seq, key_name, last_update_date, parent_id, child_id) VALUES (NULL, 'www.runwaysdk.com', '0000000000000000000000000000001000000000000000000000000000000003', 'il8mpvzev1cwyqz037qf0810wowu1uu500000000000000000000000000000294', '0000000000000000000000000000001000000000000000000000000000000003', NULL, '2014-11-29 17:52:48', 'com.runwaysdk.system.metadata.EnumerationAttributeItem', '0000000000000000000000000000001000000000000000000000000000000003', 4813, 'com.runwaysdk.system.scheduler.AllJobStatus.RUNNING', '2014-11-29 17:52:48', 'ij1epz96kc3kazn8h799jceyjx02y6rf00000000000000000000000000000196', '0abnezckntpuk0qjylw1nc1yuhwfrijlit5n8uy11mc6rfo3urxl4y3iaostrri0');
INSERT INTO enumeration_attribute_item ( id, parent_id, child_id) VALUES ('is8wfgyizi67iynisuel4tzjg97adkt300000000000000000000000000000294', 'ij1epz96kc3kazn8h799jceyjx02y6rf00000000000000000000000000000196', '06i8ibj8q0gu73z5g4en9fx0e1vm9igyit5n8uy11mc6rfo3urxl4y3iaostrri0');
INSERT INTO metadata_relationship ( entity_domain, site_master, last_updated_by, id, owner, locked_by, create_date, type, created_by, seq, key_name, last_update_date, parent_id, child_id) VALUES (NULL, 'www.runwaysdk.com', '0000000000000000000000000000001000000000000000000000000000000003', 'is8wfgyizi67iynisuel4tzjg97adkt300000000000000000000000000000294', '0000000000000000000000000000001000000000000000000000000000000003', NULL, '2014-11-29 17:52:48', 'com.runwaysdk.system.metadata.EnumerationAttributeItem', '0000000000000000000000000000001000000000000000000000000000000003', 4814, 'com.runwaysdk.system.scheduler.AllJobStatus.CANCELED', '2014-11-29 17:52:48', 'ij1epz96kc3kazn8h799jceyjx02y6rf00000000000000000000000000000196', '06i8ibj8q0gu73z5g4en9fx0e1vm9igyit5n8uy11mc6rfo3urxl4y3iaostrri0');
INSERT INTO enumeration_attribute_item ( id, parent_id, child_id) VALUES ('id5ro0wn6fj4uhew36sririykqthe8ra00000000000000000000000000000294', 'ij1epz96kc3kazn8h799jceyjx02y6rf00000000000000000000000000000196', '0a503ugpycrozm8rqhu1ymk29bv6w3qfit5n8uy11mc6rfo3urxl4y3iaostrri0');
INSERT INTO metadata_relationship ( entity_domain, site_master, last_updated_by, id, owner, locked_by, create_date, type, created_by, seq, key_name, last_update_date, parent_id, child_id) VALUES (NULL, 'www.runwaysdk.com', '0000000000000000000000000000001000000000000000000000000000000003', 'id5ro0wn6fj4uhew36sririykqthe8ra00000000000000000000000000000294', '0000000000000000000000000000001000000000000000000000000000000003', NULL, '2014-11-29 17:52:48', 'com.runwaysdk.system.metadata.EnumerationAttributeItem', '0000000000000000000000000000001000000000000000000000000000000003', 4815, 'com.runwaysdk.system.scheduler.AllJobStatus.SUCCESS', '2014-11-29 17:52:48', 'ij1epz96kc3kazn8h799jceyjx02y6rf00000000000000000000000000000196', '0a503ugpycrozm8rqhu1ymk29bv6w3qfit5n8uy11mc6rfo3urxl4y3iaostrri0');
INSERT INTO enumeration_attribute_item ( id, parent_id, child_id) VALUES ('icw8m5kt3yc60zue6g1mn7njxbnkutkc00000000000000000000000000000294', 'ij1epz96kc3kazn8h799jceyjx02y6rf00000000000000000000000000000196', 'xpm5e9836ibbe4vqpanghv5e981w75xcit5n8uy11mc6rfo3urxl4y3iaostrri0');
INSERT INTO metadata_relationship ( entity_domain, site_master, last_updated_by, id, owner, locked_by, create_date, type, created_by, seq, key_name, last_update_date, parent_id, child_id) VALUES (NULL, 'www.runwaysdk.com', '0000000000000000000000000000001000000000000000000000000000000003', 'icw8m5kt3yc60zue6g1mn7njxbnkutkc00000000000000000000000000000294', '0000000000000000000000000000001000000000000000000000000000000003', NULL, '2014-11-29 17:52:48', 'com.runwaysdk.system.metadata.EnumerationAttributeItem', '0000000000000000000000000000001000000000000000000000000000000003', 4816, 'com.runwaysdk.system.scheduler.AllJobStatus.FAILURE', '2014-11-29 17:52:48', 'ij1epz96kc3kazn8h799jceyjx02y6rf00000000000000000000000000000196', 'xpm5e9836ibbe4vqpanghv5e981w75xcit5n8uy11mc6rfo3urxl4y3iaostrri0');
INSERT INTO enumeration_attribute_item ( id, parent_id, child_id) VALUES ('i2b1wvv23whp88oo5l1cbhhr4qr9qi2o00000000000000000000000000000294', 'ij1epz96kc3kazn8h799jceyjx02y6rf00000000000000000000000000000196', '1pyq771t4k3mzke81dc6lwpcan94azqdit5n8uy11mc6rfo3urxl4y3iaostrri0');
INSERT INTO metadata_relationship ( entity_domain, site_master, last_updated_by, id, owner, locked_by, create_date, type, created_by, seq, key_name, last_update_date, parent_id, child_id) VALUES (NULL, 'www.runwaysdk.com', '0000000000000000000000000000001000000000000000000000000000000003', 'i2b1wvv23whp88oo5l1cbhhr4qr9qi2o00000000000000000000000000000294', '0000000000000000000000000000001000000000000000000000000000000003', NULL, '2014-11-29 17:52:48', 'com.runwaysdk.system.metadata.EnumerationAttributeItem', '0000000000000000000000000000001000000000000000000000000000000003', 4817, 'com.runwaysdk.system.scheduler.AllJobStatus.STOPPED', '2014-11-29 17:52:48', 'ij1epz96kc3kazn8h799jceyjx02y6rf00000000000000000000000000000196', '1pyq771t4k3mzke81dc6lwpcan94azqdit5n8uy11mc6rfo3urxl4y3iaostrri0');
UPDATE metadata SET seq= 4818 , last_update_date= '2014-11-29 17:52:48'  WHERE id='8ndv254jvk1mw1rql6a4pqz9qbqvdzl400000000000000000000000000000001';
UPDATE metadata_display_label SET default_locale= 'start'  WHERE id='2461zyh9vrai3v9viafldkk65oghwpvhNM200904120000000000000000000030';
UPDATE metadata_display_label SET default_locale= 'Starts a job.'  WHERE id='zj0na6mele8znqh08o0rv45ld05ux28jNM200904120000000000000000000030';
UPDATE md_method SET return_type= 'com.runwaysdk.system.scheduler.JobHistory' , display_label= '2461zyh9vrai3v9viafldkk65oghwpvhNM200904120000000000000000000030' , id= '8jytrqr8g8blar0ntscsbo0vswepo4yp20070427JS0000000000000000001514'  WHERE id='8jytrqr8g8blar0ntscsbo0vswepo4yp20070427JS0000000000000000001514';
UPDATE metadata SET description= 'zj0na6mele8znqh08o0rv45ld05ux28jNM200904120000000000000000000030' , seq= 4819 , last_update_date= '2014-11-29 17:52:48'  WHERE id='8jytrqr8g8blar0ntscsbo0vswepo4yp20070427JS0000000000000000001514';
UPDATE metadata SET seq= 4820 , last_update_date= '2014-11-29 17:52:48'  WHERE id='2ft54d1ik9d4qmj2ffopey6uwk000fvr00000000000000000000000000000001';
 INSERT INTO visibilitymodifier (set_id, item_id)  VALUES  ('6x9lppkhf4kvogoi4xdcmzafh22v2ao8', '20071109NM000000000000000000000520071109NM0000000000000000000001');
INSERT INTO metadata_display_label ( default_locale, id, site_master, key_name) VALUES ('Status', 'rbt4czwyyyg36x079ri2wem8r7w58aw6NM200904120000000000000000000030', 'www.runwaysdk.com', 'rbt4czwyyyg36x079ri2wem8r7w58aw6NM200904120000000000000000000030');
 INSERT INTO visibilitymodifier (set_id, item_id)  VALUES  ('2e9e9copd8ufh2gfcyl6my5ypl8c0uy5', '20071109NM000000000000000000000520071109NM0000000000000000000001');
 INSERT INTO md_attribute_indicies (set_id, item_id)  VALUES  ('zmb9hdprp034s0a0vcalyi836z39pxfd', '0000000000000000000000000000040100000000000000000000000000000403');
INSERT INTO metadata_display_label ( default_locale, id, site_master, key_name) VALUES (NULL, '1os981hbqkebwzy8y7wf996j0phwu3j7NM200904120000000000000000000030', 'www.runwaysdk.com', '1os981hbqkebwzy8y7wf996j0phwu3j7NM200904120000000000000000000030');
INSERT INTO md_attribute_enumeration ( select_multiple, md_enumeration, default_value, cache_column_name, id) VALUES (0, 'ij1epz96kc3kazn8h799jceyjx02y6rf00000000000000000000000000000196', NULL, 'status_c', 'ijo9kjdvn8pk3son3xpck0dhwda6ozz500000000000000000000000000000216');
INSERT INTO md_attribute_ref ( id) VALUES ('ijo9kjdvn8pk3son3xpck0dhwda6ozz500000000000000000000000000000216');
INSERT INTO md_attribute_concrete ( column_name, defining_md_class, setter_visibility, setter_visibility_c, immutable, index_name, generate_accessor, system, required, display_label, getter_visibility, getter_visibility_c, index_type, index_type_c, attribute_name, id) VALUES ('status', '2ft54d1ik9d4qmj2ffopey6uwk000fvr00000000000000000000000000000001', '6x9lppkhf4kvogoi4xdcmzafh22v2ao8', '20071109NM000000000000000000000520071109NM0000000000000000000001', 0, 'a3jukwub48n818z3gc8kcpqm6rc28a', 1, 0, 0, 'rbt4czwyyyg36x079ri2wem8r7w58aw6NM200904120000000000000000000030', '2e9e9copd8ufh2gfcyl6my5ypl8c0uy5', '20071109NM000000000000000000000520071109NM0000000000000000000001', 'zmb9hdprp034s0a0vcalyi836z39pxfd', '0000000000000000000000000000040100000000000000000000000000000403', 'status', 'ijo9kjdvn8pk3son3xpck0dhwda6ozz500000000000000000000000000000216');
INSERT INTO md_attribute ( id) VALUES ('ijo9kjdvn8pk3son3xpck0dhwda6ozz500000000000000000000000000000216');
INSERT INTO metadata ( description, created_by, owner, id, create_date, seq, type, remove, site_master, locked_by, entity_domain, last_updated_by, last_update_date, key_name) VALUES ('1os981hbqkebwzy8y7wf996j0phwu3j7NM200904120000000000000000000030', '0000000000000000000000000000001000000000000000000000000000000003', '0000000000000000000000000000001000000000000000000000000000000003', 'ijo9kjdvn8pk3son3xpck0dhwda6ozz500000000000000000000000000000216', '2014-11-29 17:52:48', 4821, 'com.runwaysdk.system.metadata.MdAttributeEnumeration', 1, 'www.runwaysdk.com', NULL, NULL, '0000000000000000000000000000001000000000000000000000000000000003', '2014-11-29 17:52:48', 'com.runwaysdk.system.scheduler.JobHistory.status');
INSERT INTO class_attribute_concrete ( id, parent_id, child_id) VALUES ('ijo9kjdvn8pk3son3xpck0dhwda6ozz500000000000000000000000000000073', '2ft54d1ik9d4qmj2ffopey6uwk000fvr00000000000000000000000000000001', 'ijo9kjdvn8pk3son3xpck0dhwda6ozz500000000000000000000000000000216');
INSERT INTO class_attribute ( id, parent_id, child_id) VALUES ('ijo9kjdvn8pk3son3xpck0dhwda6ozz500000000000000000000000000000073', '2ft54d1ik9d4qmj2ffopey6uwk000fvr00000000000000000000000000000001', 'ijo9kjdvn8pk3son3xpck0dhwda6ozz500000000000000000000000000000216');
INSERT INTO metadata_relationship ( entity_domain, site_master, last_updated_by, id, owner, locked_by, create_date, type, created_by, seq, key_name, last_update_date, parent_id, child_id) VALUES (NULL, 'www.runwaysdk.com', '0000000000000000000000000000001000000000000000000000000000000003', 'ijo9kjdvn8pk3son3xpck0dhwda6ozz500000000000000000000000000000073', '0000000000000000000000000000001000000000000000000000000000000003', NULL, '2014-11-29 17:52:48', 'com.runwaysdk.system.metadata.ClassAttributeConcrete', '0000000000000000000000000000001000000000000000000000000000000003', 4822, 'com.runwaysdk.system.scheduler.JobHistory.status', '2014-11-29 17:52:48', '2ft54d1ik9d4qmj2ffopey6uwk000fvr00000000000000000000000000000001', 'ijo9kjdvn8pk3son3xpck0dhwda6ozz500000000000000000000000000000216');
 INSERT INTO visibilitymodifier (set_id, item_id)  VALUES  ('1qvlgnx8udll1heu6hnj0ul7agbznm9g', '20071109NM000000000000000000000520071109NM0000000000000000000001');
INSERT INTO metadata_display_label ( default_locale, id, site_master, key_name) VALUES ('Last Run', 'saj2rttv09s26zcphxn25ejqizvkj909NM200904120000000000000000000030', 'www.runwaysdk.com', 'saj2rttv09s26zcphxn25ejqizvkj909NM200904120000000000000000000030');
 INSERT INTO visibilitymodifier (set_id, item_id)  VALUES  ('sa1jlv7mjzo71e4vtfyrmdun14ztj5i9', '20071109NM000000000000000000000520071109NM0000000000000000000001');
 INSERT INTO md_attribute_indicies (set_id, item_id)  VALUES  ('8pp5znavuahn6996pa0a135g3ezh5vt7', '0000000000000000000000000000040100000000000000000000000000000403');
INSERT INTO metadata_display_label ( default_locale, id, site_master, key_name) VALUES (NULL, 'szukdjte01jo2e8ue8x1z0texnx83kvsNM200904120000000000000000000030', 'www.runwaysdk.com', 'szukdjte01jo2e8ue8x1z0texnx83kvsNM200904120000000000000000000030');
INSERT INTO md_attribute_datetime ( default_value, id) VALUES (NULL, 'ilu8f4mgo8kpn8122ucvj2ttx14u98qt00000000000000000000000000000341');
INSERT INTO md_attribute_moment ( id) VALUES ('ilu8f4mgo8kpn8122ucvj2ttx14u98qt00000000000000000000000000000341');
INSERT INTO md_attribute_primitive ( id) VALUES ('ilu8f4mgo8kpn8122ucvj2ttx14u98qt00000000000000000000000000000341');
INSERT INTO md_attribute_concrete ( column_name, defining_md_class, setter_visibility, setter_visibility_c, immutable, index_name, generate_accessor, system, required, display_label, getter_visibility, getter_visibility_c, index_type, index_type_c, attribute_name, id) VALUES ('start_time', '2ft54d1ik9d4qmj2ffopey6uwk000fvr00000000000000000000000000000001', '1qvlgnx8udll1heu6hnj0ul7agbznm9g', '20071109NM000000000000000000000520071109NM0000000000000000000001', 0, 'a9rp7eqi1tuojsk008tnd2fnm7051o', 1, 0, 0, 'saj2rttv09s26zcphxn25ejqizvkj909NM200904120000000000000000000030', 'sa1jlv7mjzo71e4vtfyrmdun14ztj5i9', '20071109NM000000000000000000000520071109NM0000000000000000000001', '8pp5znavuahn6996pa0a135g3ezh5vt7', '0000000000000000000000000000040100000000000000000000000000000403', 'startTime', 'ilu8f4mgo8kpn8122ucvj2ttx14u98qt00000000000000000000000000000341');
INSERT INTO md_attribute ( id) VALUES ('ilu8f4mgo8kpn8122ucvj2ttx14u98qt00000000000000000000000000000341');
INSERT INTO metadata ( description, created_by, owner, id, create_date, seq, type, remove, site_master, locked_by, entity_domain, last_updated_by, last_update_date, key_name) VALUES ('szukdjte01jo2e8ue8x1z0texnx83kvsNM200904120000000000000000000030', '0000000000000000000000000000001000000000000000000000000000000003', '0000000000000000000000000000001000000000000000000000000000000003', 'ilu8f4mgo8kpn8122ucvj2ttx14u98qt00000000000000000000000000000341', '2014-11-29 17:52:48', 4823, 'com.runwaysdk.system.metadata.MdAttributeDateTime', 1, 'www.runwaysdk.com', NULL, NULL, '0000000000000000000000000000001000000000000000000000000000000003', '2014-11-29 17:52:48', 'com.runwaysdk.system.scheduler.JobHistory.startTime');
INSERT INTO class_attribute_concrete ( id, parent_id, child_id) VALUES ('ilu8f4mgo8kpn8122ucvj2ttx14u98qt00000000000000000000000000000073', '2ft54d1ik9d4qmj2ffopey6uwk000fvr00000000000000000000000000000001', 'ilu8f4mgo8kpn8122ucvj2ttx14u98qt00000000000000000000000000000341');
INSERT INTO class_attribute ( id, parent_id, child_id) VALUES ('ilu8f4mgo8kpn8122ucvj2ttx14u98qt00000000000000000000000000000073', '2ft54d1ik9d4qmj2ffopey6uwk000fvr00000000000000000000000000000001', 'ilu8f4mgo8kpn8122ucvj2ttx14u98qt00000000000000000000000000000341');
INSERT INTO metadata_relationship ( entity_domain, site_master, last_updated_by, id, owner, locked_by, create_date, type, created_by, seq, key_name, last_update_date, parent_id, child_id) VALUES (NULL, 'www.runwaysdk.com', '0000000000000000000000000000001000000000000000000000000000000003', 'ilu8f4mgo8kpn8122ucvj2ttx14u98qt00000000000000000000000000000073', '0000000000000000000000000000001000000000000000000000000000000003', NULL, '2014-11-29 17:52:48', 'com.runwaysdk.system.metadata.ClassAttributeConcrete', '0000000000000000000000000000001000000000000000000000000000000003', 4824, 'com.runwaysdk.system.scheduler.JobHistory.startTime', '2014-11-29 17:52:48', '2ft54d1ik9d4qmj2ffopey6uwk000fvr00000000000000000000000000000001', 'ilu8f4mgo8kpn8122ucvj2ttx14u98qt00000000000000000000000000000341');
 INSERT INTO visibilitymodifier (set_id, item_id)  VALUES  ('xzs42fuoiynpuc065hqdxzm945a2c69a', '20071109NM000000000000000000000520071109NM0000000000000000000001');
INSERT INTO metadata_display_label ( default_locale, id, site_master, key_name) VALUES ('End Time', 'qti60s5srfd7eakt5von9x9l8483bjilNM200904120000000000000000000030', 'www.runwaysdk.com', 'qti60s5srfd7eakt5von9x9l8483bjilNM200904120000000000000000000030');
 INSERT INTO visibilitymodifier (set_id, item_id)  VALUES  ('qqokwsx1hwfpaxx2ua3tyo2hqnzi3td0', '20071109NM000000000000000000000520071109NM0000000000000000000001');
 INSERT INTO md_attribute_indicies (set_id, item_id)  VALUES  ('zi83z5zirnlkev5dr6aq9cpgye33yxup', '0000000000000000000000000000040100000000000000000000000000000403');
INSERT INTO metadata_display_label ( default_locale, id, site_master, key_name) VALUES (NULL, 'sw3yxb0a54x423sm4x22eevi4wgkhghtNM200904120000000000000000000030', 'www.runwaysdk.com', 'sw3yxb0a54x423sm4x22eevi4wgkhghtNM200904120000000000000000000030');
INSERT INTO md_attribute_datetime ( default_value, id) VALUES (NULL, 'idl7r1zaflhidv1rxhpjwb3a2w9bwb4i00000000000000000000000000000341');
INSERT INTO md_attribute_moment ( id) VALUES ('idl7r1zaflhidv1rxhpjwb3a2w9bwb4i00000000000000000000000000000341');
INSERT INTO md_attribute_primitive ( id) VALUES ('idl7r1zaflhidv1rxhpjwb3a2w9bwb4i00000000000000000000000000000341');
INSERT INTO md_attribute_concrete ( column_name, defining_md_class, setter_visibility, setter_visibility_c, immutable, index_name, generate_accessor, system, required, display_label, getter_visibility, getter_visibility_c, index_type, index_type_c, attribute_name, id) VALUES ('end_time', '2ft54d1ik9d4qmj2ffopey6uwk000fvr00000000000000000000000000000001', 'xzs42fuoiynpuc065hqdxzm945a2c69a', '20071109NM000000000000000000000520071109NM0000000000000000000001', 0, 'acdtgiyzdbnjcu66pnh3tixcv4y5gx', 1, 0, 0, 'qti60s5srfd7eakt5von9x9l8483bjilNM200904120000000000000000000030', 'qqokwsx1hwfpaxx2ua3tyo2hqnzi3td0', '20071109NM000000000000000000000520071109NM0000000000000000000001', 'zi83z5zirnlkev5dr6aq9cpgye33yxup', '0000000000000000000000000000040100000000000000000000000000000403', 'endTime', 'idl7r1zaflhidv1rxhpjwb3a2w9bwb4i00000000000000000000000000000341');
INSERT INTO md_attribute ( id) VALUES ('idl7r1zaflhidv1rxhpjwb3a2w9bwb4i00000000000000000000000000000341');
INSERT INTO metadata ( description, created_by, owner, id, create_date, seq, type, remove, site_master, locked_by, entity_domain, last_updated_by, last_update_date, key_name) VALUES ('sw3yxb0a54x423sm4x22eevi4wgkhghtNM200904120000000000000000000030', '0000000000000000000000000000001000000000000000000000000000000003', '0000000000000000000000000000001000000000000000000000000000000003', 'idl7r1zaflhidv1rxhpjwb3a2w9bwb4i00000000000000000000000000000341', '2014-11-29 17:52:48', 4825, 'com.runwaysdk.system.metadata.MdAttributeDateTime', 1, 'www.runwaysdk.com', NULL, NULL, '0000000000000000000000000000001000000000000000000000000000000003', '2014-11-29 17:52:48', 'com.runwaysdk.system.scheduler.JobHistory.endTime');
INSERT INTO class_attribute_concrete ( id, parent_id, child_id) VALUES ('idl7r1zaflhidv1rxhpjwb3a2w9bwb4i00000000000000000000000000000073', '2ft54d1ik9d4qmj2ffopey6uwk000fvr00000000000000000000000000000001', 'idl7r1zaflhidv1rxhpjwb3a2w9bwb4i00000000000000000000000000000341');
INSERT INTO class_attribute ( id, parent_id, child_id) VALUES ('idl7r1zaflhidv1rxhpjwb3a2w9bwb4i00000000000000000000000000000073', '2ft54d1ik9d4qmj2ffopey6uwk000fvr00000000000000000000000000000001', 'idl7r1zaflhidv1rxhpjwb3a2w9bwb4i00000000000000000000000000000341');
INSERT INTO metadata_relationship ( entity_domain, site_master, last_updated_by, id, owner, locked_by, create_date, type, created_by, seq, key_name, last_update_date, parent_id, child_id) VALUES (NULL, 'www.runwaysdk.com', '0000000000000000000000000000001000000000000000000000000000000003', 'idl7r1zaflhidv1rxhpjwb3a2w9bwb4i00000000000000000000000000000073', '0000000000000000000000000000001000000000000000000000000000000003', NULL, '2014-11-29 17:52:48', 'com.runwaysdk.system.metadata.ClassAttributeConcrete', '0000000000000000000000000000001000000000000000000000000000000003', 4826, 'com.runwaysdk.system.scheduler.JobHistory.endTime', '2014-11-29 17:52:48', '2ft54d1ik9d4qmj2ffopey6uwk000fvr00000000000000000000000000000001', 'idl7r1zaflhidv1rxhpjwb3a2w9bwb4i00000000000000000000000000000341');
 INSERT INTO visibilitymodifier (set_id, item_id)  VALUES  ('y09l6j3xisqq5bxp51js1hbdqrqqz9cn', '20071109NM000000000000000000000520071109NM0000000000000000000001');
INSERT INTO metadata_display_label ( default_locale, id, site_master, key_name) VALUES ('Retries', 'xy1yn9wsx8th4xg4sn7x2u43bkmadencNM200904120000000000000000000030', 'www.runwaysdk.com', 'xy1yn9wsx8th4xg4sn7x2u43bkmadencNM200904120000000000000000000030');
 INSERT INTO visibilitymodifier (set_id, item_id)  VALUES  ('02pk7mb3t6xinb60w3x43a6qnmdjacb5', '20071109NM000000000000000000000520071109NM0000000000000000000001');
 INSERT INTO md_attribute_indicies (set_id, item_id)  VALUES  ('0afsyj2rju8bdxgb5dl2hn3ib54hkyrq', '0000000000000000000000000000040100000000000000000000000000000403');
INSERT INTO metadata_display_label ( default_locale, id, site_master, key_name) VALUES (NULL, '75ajvle74symh3vrx6svovjugb1i2ohhNM200904120000000000000000000030', 'www.runwaysdk.com', '75ajvle74symh3vrx6svovjugb1i2ohhNM200904120000000000000000000030');
INSERT INTO md_attribute_integer ( start_range, default_value, end_range, id) VALUES (NULL, 0, NULL, 'ikgua2xn2s3hys5dhsvjcz9k5y41uul700000000000000000000000000000332');
INSERT INTO md_attribute_int ( id) VALUES ('ikgua2xn2s3hys5dhsvjcz9k5y41uul700000000000000000000000000000332');
INSERT INTO md_attribute_number ( reject_negative, reject_zero, reject_positive, id) VALUES (0, 0, 0, 'ikgua2xn2s3hys5dhsvjcz9k5y41uul700000000000000000000000000000332');
INSERT INTO md_attribute_primitive ( id) VALUES ('ikgua2xn2s3hys5dhsvjcz9k5y41uul700000000000000000000000000000332');
INSERT INTO md_attribute_concrete ( column_name, defining_md_class, setter_visibility, setter_visibility_c, immutable, index_name, generate_accessor, system, required, display_label, getter_visibility, getter_visibility_c, index_type, index_type_c, attribute_name, id) VALUES ('retries', '2ft54d1ik9d4qmj2ffopey6uwk000fvr00000000000000000000000000000001', 'y09l6j3xisqq5bxp51js1hbdqrqqz9cn', '20071109NM000000000000000000000520071109NM0000000000000000000001', 0, 'a6rt4b8qxnes78p6fpvu42he8wvymk', 1, 0, 0, 'xy1yn9wsx8th4xg4sn7x2u43bkmadencNM200904120000000000000000000030', '02pk7mb3t6xinb60w3x43a6qnmdjacb5', '20071109NM000000000000000000000520071109NM0000000000000000000001', '0afsyj2rju8bdxgb5dl2hn3ib54hkyrq', '0000000000000000000000000000040100000000000000000000000000000403', 'retries', 'ikgua2xn2s3hys5dhsvjcz9k5y41uul700000000000000000000000000000332');
INSERT INTO md_attribute ( id) VALUES ('ikgua2xn2s3hys5dhsvjcz9k5y41uul700000000000000000000000000000332');
INSERT INTO metadata ( description, created_by, owner, id, create_date, seq, type, remove, site_master, locked_by, entity_domain, last_updated_by, last_update_date, key_name) VALUES ('75ajvle74symh3vrx6svovjugb1i2ohhNM200904120000000000000000000030', '0000000000000000000000000000001000000000000000000000000000000003', '0000000000000000000000000000001000000000000000000000000000000003', 'ikgua2xn2s3hys5dhsvjcz9k5y41uul700000000000000000000000000000332', '2014-11-29 17:52:48', 4827, 'com.runwaysdk.system.metadata.MdAttributeInteger', 1, 'www.runwaysdk.com', NULL, NULL, '0000000000000000000000000000001000000000000000000000000000000003', '2014-11-29 17:52:48', 'com.runwaysdk.system.scheduler.JobHistory.retries');
INSERT INTO class_attribute_concrete ( id, parent_id, child_id) VALUES ('ikgua2xn2s3hys5dhsvjcz9k5y41uul700000000000000000000000000000073', '2ft54d1ik9d4qmj2ffopey6uwk000fvr00000000000000000000000000000001', 'ikgua2xn2s3hys5dhsvjcz9k5y41uul700000000000000000000000000000332');
INSERT INTO class_attribute ( id, parent_id, child_id) VALUES ('ikgua2xn2s3hys5dhsvjcz9k5y41uul700000000000000000000000000000073', '2ft54d1ik9d4qmj2ffopey6uwk000fvr00000000000000000000000000000001', 'ikgua2xn2s3hys5dhsvjcz9k5y41uul700000000000000000000000000000332');
INSERT INTO metadata_relationship ( entity_domain, site_master, last_updated_by, id, owner, locked_by, create_date, type, created_by, seq, key_name, last_update_date, parent_id, child_id) VALUES (NULL, 'www.runwaysdk.com', '0000000000000000000000000000001000000000000000000000000000000003', 'ikgua2xn2s3hys5dhsvjcz9k5y41uul700000000000000000000000000000073', '0000000000000000000000000000001000000000000000000000000000000003', NULL, '2014-11-29 17:52:48', 'com.runwaysdk.system.metadata.ClassAttributeConcrete', '0000000000000000000000000000001000000000000000000000000000000003', 4828, 'com.runwaysdk.system.scheduler.JobHistory.retries', '2014-11-29 17:52:48', '2ft54d1ik9d4qmj2ffopey6uwk000fvr00000000000000000000000000000001', 'ikgua2xn2s3hys5dhsvjcz9k5y41uul700000000000000000000000000000332');
 INSERT INTO visibilitymodifier (set_id, item_id)  VALUES  ('0n069tnaz8uodiw0v8fl0i8w8iv05syb', '20071109NM000000000000000000000520071109NM0000000000000000000001');
INSERT INTO metadata_display_label ( default_locale, id, site_master, key_name) VALUES ('work progress', 'rayrk5bjo9t9p7i334458rogk4x4c0rzNM200904120000000000000000000030', 'www.runwaysdk.com', 'rayrk5bjo9t9p7i334458rogk4x4c0rzNM200904120000000000000000000030');
 INSERT INTO visibilitymodifier (set_id, item_id)  VALUES  ('2e7ctx4ozhw8pf3brwrcgapz4x0kz6so', '20071109NM000000000000000000000520071109NM0000000000000000000001');
 INSERT INTO md_attribute_indicies (set_id, item_id)  VALUES  ('zbtvwfex2ka7qfyxhpf2ssev4zdhvnuw', '0000000000000000000000000000040100000000000000000000000000000403');
INSERT INTO metadata_display_label ( default_locale, id, site_master, key_name) VALUES (NULL, 'xyenfpbullowm4sdzca7hhnhdmpt2sypNM200904120000000000000000000030', 'www.runwaysdk.com', 'xyenfpbullowm4sdzca7hhnhdmpt2sypNM200904120000000000000000000030');
INSERT INTO md_attribute_integer ( start_range, default_value, end_range, id) VALUES (NULL, 0, NULL, 'id6b3h1iof1e4r9rusmp9vxun44928bu00000000000000000000000000000332');
INSERT INTO md_attribute_int ( id) VALUES ('id6b3h1iof1e4r9rusmp9vxun44928bu00000000000000000000000000000332');
INSERT INTO md_attribute_number ( reject_negative, reject_zero, reject_positive, id) VALUES (0, 0, 0, 'id6b3h1iof1e4r9rusmp9vxun44928bu00000000000000000000000000000332');
INSERT INTO md_attribute_primitive ( id) VALUES ('id6b3h1iof1e4r9rusmp9vxun44928bu00000000000000000000000000000332');
INSERT INTO md_attribute_concrete ( column_name, defining_md_class, setter_visibility, setter_visibility_c, immutable, index_name, generate_accessor, system, required, display_label, getter_visibility, getter_visibility_c, index_type, index_type_c, attribute_name, id) VALUES ('work_progress', '2ft54d1ik9d4qmj2ffopey6uwk000fvr00000000000000000000000000000001', '0n069tnaz8uodiw0v8fl0i8w8iv05syb', '20071109NM000000000000000000000520071109NM0000000000000000000001', 0, 'a90mxs03afxte9r9j5saf7wqyf3bmt', 1, 0, 0, 'rayrk5bjo9t9p7i334458rogk4x4c0rzNM200904120000000000000000000030', '2e7ctx4ozhw8pf3brwrcgapz4x0kz6so', '20071109NM000000000000000000000520071109NM0000000000000000000001', 'zbtvwfex2ka7qfyxhpf2ssev4zdhvnuw', '0000000000000000000000000000040100000000000000000000000000000403', 'workProgress', 'id6b3h1iof1e4r9rusmp9vxun44928bu00000000000000000000000000000332');
INSERT INTO md_attribute ( id) VALUES ('id6b3h1iof1e4r9rusmp9vxun44928bu00000000000000000000000000000332');
INSERT INTO metadata ( description, created_by, owner, id, create_date, seq, type, remove, site_master, locked_by, entity_domain, last_updated_by, last_update_date, key_name) VALUES ('xyenfpbullowm4sdzca7hhnhdmpt2sypNM200904120000000000000000000030', '0000000000000000000000000000001000000000000000000000000000000003', '0000000000000000000000000000001000000000000000000000000000000003', 'id6b3h1iof1e4r9rusmp9vxun44928bu00000000000000000000000000000332', '2014-11-29 17:52:48', 4829, 'com.runwaysdk.system.metadata.MdAttributeInteger', 1, 'www.runwaysdk.com', NULL, NULL, '0000000000000000000000000000001000000000000000000000000000000003', '2014-11-29 17:52:48', 'com.runwaysdk.system.scheduler.JobHistory.workProgress');
INSERT INTO class_attribute_concrete ( id, parent_id, child_id) VALUES ('id6b3h1iof1e4r9rusmp9vxun44928bu00000000000000000000000000000073', '2ft54d1ik9d4qmj2ffopey6uwk000fvr00000000000000000000000000000001', 'id6b3h1iof1e4r9rusmp9vxun44928bu00000000000000000000000000000332');
INSERT INTO class_attribute ( id, parent_id, child_id) VALUES ('id6b3h1iof1e4r9rusmp9vxun44928bu00000000000000000000000000000073', '2ft54d1ik9d4qmj2ffopey6uwk000fvr00000000000000000000000000000001', 'id6b3h1iof1e4r9rusmp9vxun44928bu00000000000000000000000000000332');
INSERT INTO metadata_relationship ( entity_domain, site_master, last_updated_by, id, owner, locked_by, create_date, type, created_by, seq, key_name, last_update_date, parent_id, child_id) VALUES (NULL, 'www.runwaysdk.com', '0000000000000000000000000000001000000000000000000000000000000003', 'id6b3h1iof1e4r9rusmp9vxun44928bu00000000000000000000000000000073', '0000000000000000000000000000001000000000000000000000000000000003', NULL, '2014-11-29 17:52:48', 'com.runwaysdk.system.metadata.ClassAttributeConcrete', '0000000000000000000000000000001000000000000000000000000000000003', 4830, 'com.runwaysdk.system.scheduler.JobHistory.workProgress', '2014-11-29 17:52:48', '2ft54d1ik9d4qmj2ffopey6uwk000fvr00000000000000000000000000000001', 'id6b3h1iof1e4r9rusmp9vxun44928bu00000000000000000000000000000332');
INSERT INTO metadata_display_label ( default_locale, id, site_master, key_name) VALUES ('Clear History', '07pqiqb0dgtyvm8twijt4ul0v9l71z8cNM200904120000000000000000000030', 'www.runwaysdk.com', '07pqiqb0dgtyvm8twijt4ul0v9l71z8cNM200904120000000000000000000030');
INSERT INTO metadata_display_label ( default_locale, id, site_master, key_name) VALUES ('Clears all completed job history from the system.', '05e08vt6kkp0l0z9v7u9aa0h3smcis5mNM200904120000000000000000000030', 'www.runwaysdk.com', '05e08vt6kkp0l0z9v7u9aa0h3smcis5mNM200904120000000000000000000030');
INSERT INTO md_method ( method_name, md_type, is_static, return_type, display_label, id) VALUES ('clearHistory', '2ft54d1ik9d4qmj2ffopey6uwk000fvr00000000000000000000000000000001', 0, 'void', '07pqiqb0dgtyvm8twijt4ul0v9l71z8cNM200904120000000000000000000030', 'i5rx9jb5emke0t0j7xctgil490qiywe520070427JS0000000000000000001514');
INSERT INTO metadata ( description, created_by, owner, id, create_date, seq, type, remove, site_master, locked_by, entity_domain, last_updated_by, last_update_date, key_name) VALUES ('05e08vt6kkp0l0z9v7u9aa0h3smcis5mNM200904120000000000000000000030', '0000000000000000000000000000001000000000000000000000000000000003', '0000000000000000000000000000001000000000000000000000000000000003', 'i5rx9jb5emke0t0j7xctgil490qiywe520070427JS0000000000000000001514', '2014-11-29 17:52:48', 4831, 'com.runwaysdk.system.metadata.MdMethod', 1, 'www.runwaysdk.com', NULL, NULL, '0000000000000000000000000000001000000000000000000000000000000003', '2014-11-29 17:52:48', 'com.runwaysdk.system.scheduler.JobHistory.clearHistory');
INSERT INTO type_method ( id, parent_id, child_id) VALUES ('i5rx9jb5emke0t0j7xctgil490qiywe520070427JS0000000000000000001520', '2ft54d1ik9d4qmj2ffopey6uwk000fvr00000000000000000000000000000001', 'i5rx9jb5emke0t0j7xctgil490qiywe520070427JS0000000000000000001514');
INSERT INTO metadata_relationship ( entity_domain, site_master, last_updated_by, id, owner, locked_by, create_date, type, created_by, seq, key_name, last_update_date, parent_id, child_id) VALUES (NULL, 'www.runwaysdk.com', '0000000000000000000000000000001000000000000000000000000000000003', 'i5rx9jb5emke0t0j7xctgil490qiywe520070427JS0000000000000000001520', '0000000000000000000000000000001000000000000000000000000000000003', NULL, '2014-11-29 17:52:48', 'com.runwaysdk.system.metadata.TypeMethod', '0000000000000000000000000000001000000000000000000000000000000003', 4832, 'com.runwaysdk.system.scheduler.JobHistory.clearHistory', '2014-11-29 17:52:48', '2ft54d1ik9d4qmj2ffopey6uwk000fvr00000000000000000000000000000001', 'i5rx9jb5emke0t0j7xctgil490qiywe520070427JS0000000000000000001514');
ALTER TABLE job_history ADD COLUMN status  char(32), ADD COLUMN status_c  text, ADD COLUMN start_time  timestamp, ADD COLUMN end_time  timestamp, ADD COLUMN retries  int, ADD COLUMN work_progress  int;
UPDATE metadata SET seq= 4833 , last_update_date= '2014-11-29 17:52:48'  WHERE id='0myp064p1wj846sqldssh6511t6pniro20071129NM0000000000000000000005';
INSERT INTO metadata_display_label ( default_locale, id, site_master, key_name) VALUES (NULL, '934y8g38g6p72vigwa07m7xffthvvy84NM200904120000000000000000000030', 'www.runwaysdk.com', '934y8g38g6p72vigwa07m7xffthvvy84NM200904120000000000000000000030');
INSERT INTO metadata_display_label ( default_locale, id, site_master, key_name) VALUES (NULL, '74rv9jdkuzx86uduej448qkc9uvj6229NM200904120000000000000000000030', 'www.runwaysdk.com', '74rv9jdkuzx86uduej448qkc9uvj6229NM200904120000000000000000000030');
INSERT INTO md_attribute_virtual ( defining_md_view, required, md_attribute_concrete, attribute_name, display_label, id) VALUES ('0myp064p1wj846sqldssh6511t6pniro20071129NM0000000000000000000005', NULL, 'ilu8f4mgo8kpn8122ucvj2ttx14u98qt00000000000000000000000000000341', 'startTime', '934y8g38g6p72vigwa07m7xffthvvy84NM200904120000000000000000000030', 'iqkrd4cb5350ndtijqcskqch64j3xwr4NM200811060000000000000000000001');
INSERT INTO md_attribute ( id) VALUES ('iqkrd4cb5350ndtijqcskqch64j3xwr4NM200811060000000000000000000001');
INSERT INTO metadata ( description, created_by, owner, id, create_date, seq, type, remove, site_master, locked_by, entity_domain, last_updated_by, last_update_date, key_name) VALUES ('74rv9jdkuzx86uduej448qkc9uvj6229NM200904120000000000000000000030', '0000000000000000000000000000001000000000000000000000000000000003', '0000000000000000000000000000001000000000000000000000000000000003', 'iqkrd4cb5350ndtijqcskqch64j3xwr4NM200811060000000000000000000001', '2014-11-29 17:52:48', 4834, 'com.runwaysdk.system.metadata.MdAttributeVirtual', 1, 'www.runwaysdk.com', NULL, NULL, '0000000000000000000000000000001000000000000000000000000000000003', '2014-11-29 17:52:48', 'com.runwaysdk.system.scheduler.JobHistoryView.startTime');
INSERT INTO class_attribute_virtual ( id, parent_id, child_id) VALUES ('i3t77r7x6a2ngbzvfzt1xbu5dciiyyblNM200811060000000000000000000005', '0myp064p1wj846sqldssh6511t6pniro20071129NM0000000000000000000005', 'iqkrd4cb5350ndtijqcskqch64j3xwr4NM200811060000000000000000000001');
INSERT INTO class_attribute ( id, parent_id, child_id) VALUES ('i3t77r7x6a2ngbzvfzt1xbu5dciiyyblNM200811060000000000000000000005', '0myp064p1wj846sqldssh6511t6pniro20071129NM0000000000000000000005', 'iqkrd4cb5350ndtijqcskqch64j3xwr4NM200811060000000000000000000001');
INSERT INTO metadata_relationship ( entity_domain, site_master, last_updated_by, id, owner, locked_by, create_date, type, created_by, seq, key_name, last_update_date, parent_id, child_id) VALUES (NULL, 'www.runwaysdk.com', '0000000000000000000000000000001000000000000000000000000000000003', 'i3t77r7x6a2ngbzvfzt1xbu5dciiyyblNM200811060000000000000000000005', '0000000000000000000000000000001000000000000000000000000000000003', NULL, '2014-11-29 17:52:48', 'com.runwaysdk.system.metadata.ClassAttributeVirtual', '0000000000000000000000000000001000000000000000000000000000000003', 4835, 'com.runwaysdk.system.scheduler.JobHistoryView.startTime.class_attribute_virtual', '2014-11-29 17:52:48', '0myp064p1wj846sqldssh6511t6pniro20071129NM0000000000000000000005', 'iqkrd4cb5350ndtijqcskqch64j3xwr4NM200811060000000000000000000001');
INSERT INTO virtualize_attribute ( id, parent_id, child_id) VALUES ('iirsgj5wqa8myag852wrkmhl2wnxngvgNM200811200000000000000000000023', 'ilu8f4mgo8kpn8122ucvj2ttx14u98qt00000000000000000000000000000341', 'iqkrd4cb5350ndtijqcskqch64j3xwr4NM200811060000000000000000000001');
INSERT INTO metadata_relationship ( entity_domain, site_master, last_updated_by, id, owner, locked_by, create_date, type, created_by, seq, key_name, last_update_date, parent_id, child_id) VALUES (NULL, 'www.runwaysdk.com', '0000000000000000000000000000001000000000000000000000000000000003', 'iirsgj5wqa8myag852wrkmhl2wnxngvgNM200811200000000000000000000023', '0000000000000000000000000000001000000000000000000000000000000003', NULL, '2014-11-29 17:52:48', 'com.runwaysdk.system.metadata.VirtualizeAttribute', '0000000000000000000000000000001000000000000000000000000000000003', 4836, 'com.runwaysdk.system.scheduler.JobHistoryView.startTime.virtualize_attribute', '2014-11-29 17:52:48', 'ilu8f4mgo8kpn8122ucvj2ttx14u98qt00000000000000000000000000000341', 'iqkrd4cb5350ndtijqcskqch64j3xwr4NM200811060000000000000000000001');
INSERT INTO metadata_display_label ( default_locale, id, site_master, key_name) VALUES (NULL, '1z1hnhy1djuu3ido062oohya7kbjw8zkNM200904120000000000000000000030', 'www.runwaysdk.com', '1z1hnhy1djuu3ido062oohya7kbjw8zkNM200904120000000000000000000030');
INSERT INTO metadata_display_label ( default_locale, id, site_master, key_name) VALUES (NULL, '07gg8208i5mpyidriaex2tl2pm1t0zuxNM200904120000000000000000000030', 'www.runwaysdk.com', '07gg8208i5mpyidriaex2tl2pm1t0zuxNM200904120000000000000000000030');
INSERT INTO md_attribute_virtual ( defining_md_view, required, md_attribute_concrete, attribute_name, display_label, id) VALUES ('0myp064p1wj846sqldssh6511t6pniro20071129NM0000000000000000000005', NULL, 'idl7r1zaflhidv1rxhpjwb3a2w9bwb4i00000000000000000000000000000341', 'endTime', '1z1hnhy1djuu3ido062oohya7kbjw8zkNM200904120000000000000000000030', 'ijh1mxd78u7d268p6zgaxvzk6ml8elbuNM200811060000000000000000000001');
INSERT INTO md_attribute ( id) VALUES ('ijh1mxd78u7d268p6zgaxvzk6ml8elbuNM200811060000000000000000000001');
INSERT INTO metadata ( description, created_by, owner, id, create_date, seq, type, remove, site_master, locked_by, entity_domain, last_updated_by, last_update_date, key_name) VALUES ('07gg8208i5mpyidriaex2tl2pm1t0zuxNM200904120000000000000000000030', '0000000000000000000000000000001000000000000000000000000000000003', '0000000000000000000000000000001000000000000000000000000000000003', 'ijh1mxd78u7d268p6zgaxvzk6ml8elbuNM200811060000000000000000000001', '2014-11-29 17:52:48', 4837, 'com.runwaysdk.system.metadata.MdAttributeVirtual', 1, 'www.runwaysdk.com', NULL, NULL, '0000000000000000000000000000001000000000000000000000000000000003', '2014-11-29 17:52:48', 'com.runwaysdk.system.scheduler.JobHistoryView.endTime');
INSERT INTO class_attribute_virtual ( id, parent_id, child_id) VALUES ('i9k48lyabq0uuyow6dtvjzl83dpbkgtqNM200811060000000000000000000005', '0myp064p1wj846sqldssh6511t6pniro20071129NM0000000000000000000005', 'ijh1mxd78u7d268p6zgaxvzk6ml8elbuNM200811060000000000000000000001');
INSERT INTO class_attribute ( id, parent_id, child_id) VALUES ('i9k48lyabq0uuyow6dtvjzl83dpbkgtqNM200811060000000000000000000005', '0myp064p1wj846sqldssh6511t6pniro20071129NM0000000000000000000005', 'ijh1mxd78u7d268p6zgaxvzk6ml8elbuNM200811060000000000000000000001');
INSERT INTO metadata_relationship ( entity_domain, site_master, last_updated_by, id, owner, locked_by, create_date, type, created_by, seq, key_name, last_update_date, parent_id, child_id) VALUES (NULL, 'www.runwaysdk.com', '0000000000000000000000000000001000000000000000000000000000000003', 'i9k48lyabq0uuyow6dtvjzl83dpbkgtqNM200811060000000000000000000005', '0000000000000000000000000000001000000000000000000000000000000003', NULL, '2014-11-29 17:52:48', 'com.runwaysdk.system.metadata.ClassAttributeVirtual', '0000000000000000000000000000001000000000000000000000000000000003', 4838, 'com.runwaysdk.system.scheduler.JobHistoryView.endTime.class_attribute_virtual', '2014-11-29 17:52:48', '0myp064p1wj846sqldssh6511t6pniro20071129NM0000000000000000000005', 'ijh1mxd78u7d268p6zgaxvzk6ml8elbuNM200811060000000000000000000001');
INSERT INTO virtualize_attribute ( id, parent_id, child_id) VALUES ('ifofwxdfjvkc0snudioq7gvhnjcdern8NM200811200000000000000000000023', 'idl7r1zaflhidv1rxhpjwb3a2w9bwb4i00000000000000000000000000000341', 'ijh1mxd78u7d268p6zgaxvzk6ml8elbuNM200811060000000000000000000001');
INSERT INTO metadata_relationship ( entity_domain, site_master, last_updated_by, id, owner, locked_by, create_date, type, created_by, seq, key_name, last_update_date, parent_id, child_id) VALUES (NULL, 'www.runwaysdk.com', '0000000000000000000000000000001000000000000000000000000000000003', 'ifofwxdfjvkc0snudioq7gvhnjcdern8NM200811200000000000000000000023', '0000000000000000000000000000001000000000000000000000000000000003', NULL, '2014-11-29 17:52:48', 'com.runwaysdk.system.metadata.VirtualizeAttribute', '0000000000000000000000000000001000000000000000000000000000000003', 4839, 'com.runwaysdk.system.scheduler.JobHistoryView.endTime.virtualize_attribute', '2014-11-29 17:52:48', 'idl7r1zaflhidv1rxhpjwb3a2w9bwb4i00000000000000000000000000000341', 'ijh1mxd78u7d268p6zgaxvzk6ml8elbuNM200811060000000000000000000001');
INSERT INTO metadata_display_label ( default_locale, id, site_master, key_name) VALUES (NULL, '2902pwtsk2eulz0x87mxo1lrzk0j0cbrNM200904120000000000000000000030', 'www.runwaysdk.com', '2902pwtsk2eulz0x87mxo1lrzk0j0cbrNM200904120000000000000000000030');
INSERT INTO metadata_display_label ( default_locale, id, site_master, key_name) VALUES (NULL, 'qxogdk06amyi66hig1f3qk2632xztk5pNM200904120000000000000000000030', 'www.runwaysdk.com', 'qxogdk06amyi66hig1f3qk2632xztk5pNM200904120000000000000000000030');
INSERT INTO md_attribute_virtual ( defining_md_view, required, md_attribute_concrete, attribute_name, display_label, id) VALUES ('0myp064p1wj846sqldssh6511t6pniro20071129NM0000000000000000000005', NULL, 'ijo9kjdvn8pk3son3xpck0dhwda6ozz500000000000000000000000000000216', 'status', '2902pwtsk2eulz0x87mxo1lrzk0j0cbrNM200904120000000000000000000030', 'i66rcoefcoba9jmmcicr2mnr9pk196ogNM200811060000000000000000000001');
INSERT INTO md_attribute ( id) VALUES ('i66rcoefcoba9jmmcicr2mnr9pk196ogNM200811060000000000000000000001');
INSERT INTO metadata ( description, created_by, owner, id, create_date, seq, type, remove, site_master, locked_by, entity_domain, last_updated_by, last_update_date, key_name) VALUES ('qxogdk06amyi66hig1f3qk2632xztk5pNM200904120000000000000000000030', '0000000000000000000000000000001000000000000000000000000000000003', '0000000000000000000000000000001000000000000000000000000000000003', 'i66rcoefcoba9jmmcicr2mnr9pk196ogNM200811060000000000000000000001', '2014-11-29 17:52:48', 4840, 'com.runwaysdk.system.metadata.MdAttributeVirtual', 1, 'www.runwaysdk.com', NULL, NULL, '0000000000000000000000000000001000000000000000000000000000000003', '2014-11-29 17:52:48', 'com.runwaysdk.system.scheduler.JobHistoryView.status');
INSERT INTO class_attribute_virtual ( id, parent_id, child_id) VALUES ('iqa8b4webrp1c1upr2usr3ehqpzu9s5uNM200811060000000000000000000005', '0myp064p1wj846sqldssh6511t6pniro20071129NM0000000000000000000005', 'i66rcoefcoba9jmmcicr2mnr9pk196ogNM200811060000000000000000000001');
INSERT INTO class_attribute ( id, parent_id, child_id) VALUES ('iqa8b4webrp1c1upr2usr3ehqpzu9s5uNM200811060000000000000000000005', '0myp064p1wj846sqldssh6511t6pniro20071129NM0000000000000000000005', 'i66rcoefcoba9jmmcicr2mnr9pk196ogNM200811060000000000000000000001');
INSERT INTO metadata_relationship ( entity_domain, site_master, last_updated_by, id, owner, locked_by, create_date, type, created_by, seq, key_name, last_update_date, parent_id, child_id) VALUES (NULL, 'www.runwaysdk.com', '0000000000000000000000000000001000000000000000000000000000000003', 'iqa8b4webrp1c1upr2usr3ehqpzu9s5uNM200811060000000000000000000005', '0000000000000000000000000000001000000000000000000000000000000003', NULL, '2014-11-29 17:52:48', 'com.runwaysdk.system.metadata.ClassAttributeVirtual', '0000000000000000000000000000001000000000000000000000000000000003', 4841, 'com.runwaysdk.system.scheduler.JobHistoryView.status.class_attribute_virtual', '2014-11-29 17:52:48', '0myp064p1wj846sqldssh6511t6pniro20071129NM0000000000000000000005', 'i66rcoefcoba9jmmcicr2mnr9pk196ogNM200811060000000000000000000001');
INSERT INTO virtualize_attribute ( id, parent_id, child_id) VALUES ('iok8eq7uilznww2fdgbse4m9tq3hkui2NM200811200000000000000000000023', 'ijo9kjdvn8pk3son3xpck0dhwda6ozz500000000000000000000000000000216', 'i66rcoefcoba9jmmcicr2mnr9pk196ogNM200811060000000000000000000001');
INSERT INTO metadata_relationship ( entity_domain, site_master, last_updated_by, id, owner, locked_by, create_date, type, created_by, seq, key_name, last_update_date, parent_id, child_id) VALUES (NULL, 'www.runwaysdk.com', '0000000000000000000000000000001000000000000000000000000000000003', 'iok8eq7uilznww2fdgbse4m9tq3hkui2NM200811200000000000000000000023', '0000000000000000000000000000001000000000000000000000000000000003', NULL, '2014-11-29 17:52:48', 'com.runwaysdk.system.metadata.VirtualizeAttribute', '0000000000000000000000000000001000000000000000000000000000000003', 4842, 'com.runwaysdk.system.scheduler.JobHistoryView.status.virtualize_attribute', '2014-11-29 17:52:48', 'ijo9kjdvn8pk3son3xpck0dhwda6ozz500000000000000000000000000000216', 'i66rcoefcoba9jmmcicr2mnr9pk196ogNM200811060000000000000000000001');
 INSERT INTO visibilitymodifier (set_id, item_id)  VALUES  ('767z0odusp4tnoq3bcpu3hbhzsv8dcft', '20071109NM000000000000000000000520071109NM0000000000000000000001');
INSERT INTO metadata_display_label ( default_locale, id, site_master, key_name) VALUES ('Status', 'xge86xnvm82cl7yg5t21b32qwglkipt1NM200904120000000000000000000030', 'www.runwaysdk.com', 'xge86xnvm82cl7yg5t21b32qwglkipt1NM200904120000000000000000000030');
 INSERT INTO visibilitymodifier (set_id, item_id)  VALUES  ('7eteam9ncd506uphxbmo91p857f7kzrw', '20071109NM000000000000000000000520071109NM0000000000000000000001');
 INSERT INTO md_attribute_indicies (set_id, item_id)  VALUES  ('xbweutmfsquhjp8s7mu3slx7yinwoxqa', '0000000000000000000000000000040100000000000000000000000000000403');
INSERT INTO metadata_display_label ( default_locale, id, site_master, key_name) VALUES (NULL, '0jme6glkm6usthm9rz6l85w9k3205ruaNM200904120000000000000000000030', 'www.runwaysdk.com', '0jme6glkm6usthm9rz6l85w9k3205ruaNM200904120000000000000000000030');
INSERT INTO md_attribute_character ( default_value, database_size, id) VALUES (NULL, 255, 'iaaix6dqfvdx4diiwivpmyus0g53x9a000000000000000000000000000000138');
INSERT INTO md_attribute_char ( id) VALUES ('iaaix6dqfvdx4diiwivpmyus0g53x9a000000000000000000000000000000138');
INSERT INTO md_attribute_primitive ( id) VALUES ('iaaix6dqfvdx4diiwivpmyus0g53x9a000000000000000000000000000000138');
INSERT INTO md_attribute_concrete ( column_name, defining_md_class, setter_visibility, setter_visibility_c, immutable, index_name, generate_accessor, system, required, display_label, getter_visibility, getter_visibility_c, index_type, index_type_c, attribute_name, id) VALUES ('n_a', '0myp064p1wj846sqldssh6511t6pniro20071129NM0000000000000000000005', '767z0odusp4tnoq3bcpu3hbhzsv8dcft', '20071109NM000000000000000000000520071109NM0000000000000000000001', 0, NULL, 1, 0, 0, 'xge86xnvm82cl7yg5t21b32qwglkipt1NM200904120000000000000000000030', '7eteam9ncd506uphxbmo91p857f7kzrw', '20071109NM000000000000000000000520071109NM0000000000000000000001', 'xbweutmfsquhjp8s7mu3slx7yinwoxqa', '0000000000000000000000000000040100000000000000000000000000000403', 'statusLabel', 'iaaix6dqfvdx4diiwivpmyus0g53x9a000000000000000000000000000000138');
INSERT INTO md_attribute ( id) VALUES ('iaaix6dqfvdx4diiwivpmyus0g53x9a000000000000000000000000000000138');
INSERT INTO metadata ( description, created_by, owner, id, create_date, seq, type, remove, site_master, locked_by, entity_domain, last_updated_by, last_update_date, key_name) VALUES ('0jme6glkm6usthm9rz6l85w9k3205ruaNM200904120000000000000000000030', '0000000000000000000000000000001000000000000000000000000000000003', '0000000000000000000000000000001000000000000000000000000000000003', 'iaaix6dqfvdx4diiwivpmyus0g53x9a000000000000000000000000000000138', '2014-11-29 17:52:48', 4843, 'com.runwaysdk.system.metadata.MdAttributeCharacter', 1, 'www.runwaysdk.com', NULL, NULL, '0000000000000000000000000000001000000000000000000000000000000003', '2014-11-29 17:52:48', 'com.runwaysdk.system.scheduler.JobHistoryView.statusLabel');
INSERT INTO class_attribute_concrete ( id, parent_id, child_id) VALUES ('iaaix6dqfvdx4diiwivpmyus0g53x9a000000000000000000000000000000073', '0myp064p1wj846sqldssh6511t6pniro20071129NM0000000000000000000005', 'iaaix6dqfvdx4diiwivpmyus0g53x9a000000000000000000000000000000138');
INSERT INTO class_attribute ( id, parent_id, child_id) VALUES ('iaaix6dqfvdx4diiwivpmyus0g53x9a000000000000000000000000000000073', '0myp064p1wj846sqldssh6511t6pniro20071129NM0000000000000000000005', 'iaaix6dqfvdx4diiwivpmyus0g53x9a000000000000000000000000000000138');
INSERT INTO metadata_relationship ( entity_domain, site_master, last_updated_by, id, owner, locked_by, create_date, type, created_by, seq, key_name, last_update_date, parent_id, child_id) VALUES (NULL, 'www.runwaysdk.com', '0000000000000000000000000000001000000000000000000000000000000003', 'iaaix6dqfvdx4diiwivpmyus0g53x9a000000000000000000000000000000073', '0000000000000000000000000000001000000000000000000000000000000003', NULL, '2014-11-29 17:52:48', 'com.runwaysdk.system.metadata.ClassAttributeConcrete', '0000000000000000000000000000001000000000000000000000000000000003', 4844, 'com.runwaysdk.system.scheduler.JobHistoryView.statusLabel', '2014-11-29 17:52:48', '0myp064p1wj846sqldssh6511t6pniro20071129NM0000000000000000000005', 'iaaix6dqfvdx4diiwivpmyus0g53x9a000000000000000000000000000000138');
INSERT INTO metadata_display_label ( default_locale, id, site_master, key_name) VALUES (NULL, 'r242bg3mu1qzs2q4ibdee75peqffgfc0NM200904120000000000000000000030', 'www.runwaysdk.com', 'r242bg3mu1qzs2q4ibdee75peqffgfc0NM200904120000000000000000000030');
INSERT INTO metadata_display_label ( default_locale, id, site_master, key_name) VALUES (NULL, 'r5bvgvm9z0562de8s2jbinyh4clp50blNM200904120000000000000000000030', 'www.runwaysdk.com', 'r5bvgvm9z0562de8s2jbinyh4clp50blNM200904120000000000000000000030');
INSERT INTO md_attribute_virtual ( defining_md_view, required, md_attribute_concrete, attribute_name, display_label, id) VALUES ('0myp064p1wj846sqldssh6511t6pniro20071129NM0000000000000000000005', NULL, 'ikgua2xn2s3hys5dhsvjcz9k5y41uul700000000000000000000000000000332', 'retries', 'r242bg3mu1qzs2q4ibdee75peqffgfc0NM200904120000000000000000000030', 'ilxzlo4yzxzb95woxxre8tn82bltstwwNM200811060000000000000000000001');
INSERT INTO md_attribute ( id) VALUES ('ilxzlo4yzxzb95woxxre8tn82bltstwwNM200811060000000000000000000001');
INSERT INTO metadata ( description, created_by, owner, id, create_date, seq, type, remove, site_master, locked_by, entity_domain, last_updated_by, last_update_date, key_name) VALUES ('r5bvgvm9z0562de8s2jbinyh4clp50blNM200904120000000000000000000030', '0000000000000000000000000000001000000000000000000000000000000003', '0000000000000000000000000000001000000000000000000000000000000003', 'ilxzlo4yzxzb95woxxre8tn82bltstwwNM200811060000000000000000000001', '2014-11-29 17:52:48', 4845, 'com.runwaysdk.system.metadata.MdAttributeVirtual', 1, 'www.runwaysdk.com', NULL, NULL, '0000000000000000000000000000001000000000000000000000000000000003', '2014-11-29 17:52:48', 'com.runwaysdk.system.scheduler.JobHistoryView.retries');
INSERT INTO class_attribute_virtual ( id, parent_id, child_id) VALUES ('ic8l3z4b8intaiq49dbuy3pooxwcdwkqNM200811060000000000000000000005', '0myp064p1wj846sqldssh6511t6pniro20071129NM0000000000000000000005', 'ilxzlo4yzxzb95woxxre8tn82bltstwwNM200811060000000000000000000001');
INSERT INTO class_attribute ( id, parent_id, child_id) VALUES ('ic8l3z4b8intaiq49dbuy3pooxwcdwkqNM200811060000000000000000000005', '0myp064p1wj846sqldssh6511t6pniro20071129NM0000000000000000000005', 'ilxzlo4yzxzb95woxxre8tn82bltstwwNM200811060000000000000000000001');
INSERT INTO metadata_relationship ( entity_domain, site_master, last_updated_by, id, owner, locked_by, create_date, type, created_by, seq, key_name, last_update_date, parent_id, child_id) VALUES (NULL, 'www.runwaysdk.com', '0000000000000000000000000000001000000000000000000000000000000003', 'ic8l3z4b8intaiq49dbuy3pooxwcdwkqNM200811060000000000000000000005', '0000000000000000000000000000001000000000000000000000000000000003', NULL, '2014-11-29 17:52:48', 'com.runwaysdk.system.metadata.ClassAttributeVirtual', '0000000000000000000000000000001000000000000000000000000000000003', 4846, 'com.runwaysdk.system.scheduler.JobHistoryView.retries.class_attribute_virtual', '2014-11-29 17:52:48', '0myp064p1wj846sqldssh6511t6pniro20071129NM0000000000000000000005', 'ilxzlo4yzxzb95woxxre8tn82bltstwwNM200811060000000000000000000001');
INSERT INTO virtualize_attribute ( id, parent_id, child_id) VALUES ('i641cjebks7ni9usz0pqnctr028kk7j2NM200811200000000000000000000023', 'ikgua2xn2s3hys5dhsvjcz9k5y41uul700000000000000000000000000000332', 'ilxzlo4yzxzb95woxxre8tn82bltstwwNM200811060000000000000000000001');
INSERT INTO metadata_relationship ( entity_domain, site_master, last_updated_by, id, owner, locked_by, create_date, type, created_by, seq, key_name, last_update_date, parent_id, child_id) VALUES (NULL, 'www.runwaysdk.com', '0000000000000000000000000000001000000000000000000000000000000003', 'i641cjebks7ni9usz0pqnctr028kk7j2NM200811200000000000000000000023', '0000000000000000000000000000001000000000000000000000000000000003', NULL, '2014-11-29 17:52:48', 'com.runwaysdk.system.metadata.VirtualizeAttribute', '0000000000000000000000000000001000000000000000000000000000000003', 4847, 'com.runwaysdk.system.scheduler.JobHistoryView.retries.virtualize_attribute', '2014-11-29 17:52:48', 'ikgua2xn2s3hys5dhsvjcz9k5y41uul700000000000000000000000000000332', 'ilxzlo4yzxzb95woxxre8tn82bltstwwNM200811060000000000000000000001');
INSERT INTO metadata_display_label ( default_locale, id, site_master, key_name) VALUES (NULL, 'xfkjss3hh82wbixx2rcx6qhibl3wdx7bNM200904120000000000000000000030', 'www.runwaysdk.com', 'xfkjss3hh82wbixx2rcx6qhibl3wdx7bNM200904120000000000000000000030');
INSERT INTO metadata_display_label ( default_locale, id, site_master, key_name) VALUES (NULL, '6twch7susofsq1a9q0lzb55w9cksay40NM200904120000000000000000000030', 'www.runwaysdk.com', '6twch7susofsq1a9q0lzb55w9cksay40NM200904120000000000000000000030');
INSERT INTO md_attribute_virtual ( defining_md_view, required, md_attribute_concrete, attribute_name, display_label, id) VALUES ('0myp064p1wj846sqldssh6511t6pniro20071129NM0000000000000000000005', NULL, 'id6b3h1iof1e4r9rusmp9vxun44928bu00000000000000000000000000000332', 'workProgress', 'xfkjss3hh82wbixx2rcx6qhibl3wdx7bNM200904120000000000000000000030', 'if4zwbs2ra46dsogs74uaycezzdkwq5wNM200811060000000000000000000001');
INSERT INTO md_attribute ( id) VALUES ('if4zwbs2ra46dsogs74uaycezzdkwq5wNM200811060000000000000000000001');
INSERT INTO metadata ( description, created_by, owner, id, create_date, seq, type, remove, site_master, locked_by, entity_domain, last_updated_by, last_update_date, key_name) VALUES ('6twch7susofsq1a9q0lzb55w9cksay40NM200904120000000000000000000030', '0000000000000000000000000000001000000000000000000000000000000003', '0000000000000000000000000000001000000000000000000000000000000003', 'if4zwbs2ra46dsogs74uaycezzdkwq5wNM200811060000000000000000000001', '2014-11-29 17:52:48', 4848, 'com.runwaysdk.system.metadata.MdAttributeVirtual', 1, 'www.runwaysdk.com', NULL, NULL, '0000000000000000000000000000001000000000000000000000000000000003', '2014-11-29 17:52:48', 'com.runwaysdk.system.scheduler.JobHistoryView.workProgress');
INSERT INTO class_attribute_virtual ( id, parent_id, child_id) VALUES ('ie8ys220jadnmuc0y9tjgbegdl3adsteNM200811060000000000000000000005', '0myp064p1wj846sqldssh6511t6pniro20071129NM0000000000000000000005', 'if4zwbs2ra46dsogs74uaycezzdkwq5wNM200811060000000000000000000001');
INSERT INTO class_attribute ( id, parent_id, child_id) VALUES ('ie8ys220jadnmuc0y9tjgbegdl3adsteNM200811060000000000000000000005', '0myp064p1wj846sqldssh6511t6pniro20071129NM0000000000000000000005', 'if4zwbs2ra46dsogs74uaycezzdkwq5wNM200811060000000000000000000001');
INSERT INTO metadata_relationship ( entity_domain, site_master, last_updated_by, id, owner, locked_by, create_date, type, created_by, seq, key_name, last_update_date, parent_id, child_id) VALUES (NULL, 'www.runwaysdk.com', '0000000000000000000000000000001000000000000000000000000000000003', 'ie8ys220jadnmuc0y9tjgbegdl3adsteNM200811060000000000000000000005', '0000000000000000000000000000001000000000000000000000000000000003', NULL, '2014-11-29 17:52:48', 'com.runwaysdk.system.metadata.ClassAttributeVirtual', '0000000000000000000000000000001000000000000000000000000000000003', 4849, 'com.runwaysdk.system.scheduler.JobHistoryView.workProgress.class_attribute_virtual', '2014-11-29 17:52:48', '0myp064p1wj846sqldssh6511t6pniro20071129NM0000000000000000000005', 'if4zwbs2ra46dsogs74uaycezzdkwq5wNM200811060000000000000000000001');
INSERT INTO virtualize_attribute ( id, parent_id, child_id) VALUES ('isk3hq9fej55yvx2xn6l8rikuqh10xm0NM200811200000000000000000000023', 'id6b3h1iof1e4r9rusmp9vxun44928bu00000000000000000000000000000332', 'if4zwbs2ra46dsogs74uaycezzdkwq5wNM200811060000000000000000000001');
INSERT INTO metadata_relationship ( entity_domain, site_master, last_updated_by, id, owner, locked_by, create_date, type, created_by, seq, key_name, last_update_date, parent_id, child_id) VALUES (NULL, 'www.runwaysdk.com', '0000000000000000000000000000001000000000000000000000000000000003', 'isk3hq9fej55yvx2xn6l8rikuqh10xm0NM200811200000000000000000000023', '0000000000000000000000000000001000000000000000000000000000000003', NULL, '2014-11-29 17:52:48', 'com.runwaysdk.system.metadata.VirtualizeAttribute', '0000000000000000000000000000001000000000000000000000000000000003', 4850, 'com.runwaysdk.system.scheduler.JobHistoryView.workProgress.virtualize_attribute', '2014-11-29 17:52:48', 'id6b3h1iof1e4r9rusmp9vxun44928bu00000000000000000000000000000332', 'if4zwbs2ra46dsogs74uaycezzdkwq5wNM200811060000000000000000000001');
UPDATE metadata SET seq= 4851 , last_update_date= '2014-11-29 17:52:48'  WHERE id='0myp064p1wj846sqldssh6511t6pniro20071129NM0000000000000000000005';
UPDATE metadata SET seq= 4852 , last_update_date= '2014-11-29 17:52:48'  WHERE id='2ft54d1ik9d4qmj2ffopey6uwk000fvr00000000000000000000000000000001';
UPDATE metadata SET seq= 4853  WHERE id='0fnj9qgoapxjygna1zbnrdk7vm5ciijy00000000000000000000000000000001';
UPDATE md_business SET cache_algorithm= '0e9u7qeu2l3qab2l5u6c9kasnchbviet' , cache_algorithm_c= '0000000000000000000000000000023100000000000000000000000000000222' , super_md_business= '0000000000000000000000000000020600000000000000000000000000000001' , id= 'it5n8uy11mc6rfo3urxl4y3iaostrri000000000000000000000000000000001'  WHERE id='it5n8uy11mc6rfo3urxl4y3iaostrri000000000000000000000000000000001';
UPDATE md_element SET extendable= 0 , id= 'it5n8uy11mc6rfo3urxl4y3iaostrri000000000000000000000000000000001'  WHERE id='it5n8uy11mc6rfo3urxl4y3iaostrri000000000000000000000000000000001';
UPDATE md_entity SET table_name= 'job_status' , id= 'it5n8uy11mc6rfo3urxl4y3iaostrri000000000000000000000000000000001'  WHERE id='it5n8uy11mc6rfo3urxl4y3iaostrri000000000000000000000000000000001';
UPDATE md_type SET display_label= '8ntx48y5csgx96aj70mjfs1l3ec6nf7aNM200904120000000000000000000030' , root_id= 'it5n8uy11mc6rfo3urxl4y3iaostrri0' , package_name= 'com.runwaysdk.system.scheduler' , type_name= 'JobStatus' , id= 'it5n8uy11mc6rfo3urxl4y3iaostrri000000000000000000000000000000001'  WHERE id='it5n8uy11mc6rfo3urxl4y3iaostrri000000000000000000000000000000001';
UPDATE metadata SET description= '8elx91myx7mmec7elsakilms792p53vcNM200904120000000000000000000030' , created_by= '0000000000000000000000000000001000000000000000000000000000000003' , owner= '0000000000000000000000000000001000000000000000000000000000000003' , id= 'it5n8uy11mc6rfo3urxl4y3iaostrri000000000000000000000000000000001' , create_date= '2014-11-29 17:52:48' , seq= 4854 , type= 'com.runwaysdk.system.metadata.MdBusiness' , site_master= 'www.runwaysdk.com' , last_updated_by= '0000000000000000000000000000001000000000000000000000000000000003' , last_update_date= '2014-11-29 17:52:48' , key_name= 'com.runwaysdk.system.scheduler.JobStatus'  WHERE id='it5n8uy11mc6rfo3urxl4y3iaostrri000000000000000000000000000000001';
UPDATE md_enumeration SET include_all= 1 , master_md_business= 'it5n8uy11mc6rfo3urxl4y3iaostrri000000000000000000000000000000001' , table_name= 'alljobstatus' , id= 'ij1epz96kc3kazn8h799jceyjx02y6rf00000000000000000000000000000196'  WHERE id='ij1epz96kc3kazn8h799jceyjx02y6rf00000000000000000000000000000196';
UPDATE md_type SET display_label= '0to9a4u3y210mhx2hpy6sv6ke9rdo8xmNM200904120000000000000000000030' , root_id= 'ij1epz96kc3kazn8h799jceyjx02y6rf' , package_name= 'com.runwaysdk.system.scheduler' , type_name= 'AllJobStatus' , id= 'ij1epz96kc3kazn8h799jceyjx02y6rf00000000000000000000000000000196'  WHERE id='ij1epz96kc3kazn8h799jceyjx02y6rf00000000000000000000000000000196';
UPDATE metadata SET description= 'yw0lz8ayj5kem6xwdswbfpgttqx2g7olNM200904120000000000000000000030' , created_by= '0000000000000000000000000000001000000000000000000000000000000003' , owner= '0000000000000000000000000000001000000000000000000000000000000003' , id= 'ij1epz96kc3kazn8h799jceyjx02y6rf00000000000000000000000000000196' , create_date= '2014-11-29 17:52:48' , seq= 4855 , type= 'com.runwaysdk.system.metadata.MdEnumeration' , site_master= 'www.runwaysdk.com' , last_updated_by= '0000000000000000000000000000001000000000000000000000000000000003' , last_update_date= '2014-11-29 17:52:48' , key_name= 'com.runwaysdk.system.scheduler.AllJobStatus'  WHERE id='ij1epz96kc3kazn8h799jceyjx02y6rf00000000000000000000000000000196';
UPDATE metadata SET seq= 4856 , last_update_date= '2014-11-29 17:52:48'  WHERE id='8ndv254jvk1mw1rql6a4pqz9qbqvdzl400000000000000000000000000000001';
ALTER TABLE abstract_job DROP paused;
ALTER TABLE abstract_job DROP completed;
ALTER TABLE abstract_job DROP canceled;
ALTER TABLE abstract_job DROP running;
ALTER TABLE abstract_job DROP repeated;
ALTER TABLE abstract_job DROP remove_on_complete;
ALTER TABLE abstract_job DROP start_on_create;
ALTER TABLE abstract_job DROP cancelable;
ALTER TABLE abstract_job DROP pauseable;
ALTER TABLE job_history DROP job_snapshot;
ALTER TABLE abstract_job DROP start_time;
ALTER TABLE abstract_job DROP end_time;
ALTER TABLE abstract_job DROP retries;
ALTER TABLE abstract_job DROP work_progress;
