--
-- Copyright (c) 2015 TerraFrame, Inc. All rights reserved.
--
-- This file is part of Runway SDK(tm).
--
-- Runway SDK(tm) is free software: you can redistribute it and/or modify
-- it under the terms of the GNU Lesser General Public License as
-- published by the Free Software Foundation, either version 3 of the
-- License, or (at your option) any later version.
--
-- Runway SDK(tm) is distributed in the hope that it will be useful, but
-- WITHOUT ANY WARRANTY; without even the implied warranty of
-- MERCHANTABILITY or FITNESS FOR A PARTICULAR PURPOSE.  See the
-- GNU Lesser General Public License for more details.
--
-- You should have received a copy of the GNU Lesser General Public
-- License along with Runway SDK(tm).  If not, see <http://www.gnu.org/licenses/>.
--

INSERT INTO dynamic_properties ( version_number, id) VALUES ('0001398271111554', '000000000000000000000');
 INSERT INTO class_cache (set_id, item_id)  VALUES  ('8mfrr54ww1iud34pnm5li2vwscp09l3c', '0000000000000000000000000000023100000000000000000000000000000222');
INSERT INTO metadata_display_label ( default_locale, id, site_master, key_name) VALUES ('Export Format Master', 'xsi39kx0wdc28tfebhbcfkx25ajyy2aqNM200904120000000000000000000030', 'www.runwaysdk.com', 'xsi39kx0wdc28tfebhbcfkx25ajyy2aqNM200904120000000000000000000030');
INSERT INTO metadata_display_label ( default_locale, id, site_master, key_name) VALUES (NULL, '8h5pn0ayo83mbpfh0dhb1yea60ne5o41NM200904120000000000000000000030', 'www.runwaysdk.com', '8h5pn0ayo83mbpfh0dhb1yea60ne5o41NM200904120000000000000000000030');
INSERT INTO md_business ( cache_algorithm, cache_algorithm_c, super_md_business, id) VALUES ('8mfrr54ww1iud34pnm5li2vwscp09l3c', '0000000000000000000000000000023100000000000000000000000000000222', '0000000000000000000000000000020600000000000000000000000000000001', 'ijx9e3jr9ek5n2nqrtjigcfvlhkrwm4500000000000000000000000000000001');
INSERT INTO md_element ( extendable, is_abstract, id) VALUES (0, 0, 'ijx9e3jr9ek5n2nqrtjigcfvlhkrwm4500000000000000000000000000000001');
INSERT INTO md_entity ( query_dto_source, query_source, cache_size, enforce_site_master, has_deterministic_ids, table_name, id) VALUES (NULL, NULL, 0, 1, 0, 'term_file_format_master', 'ijx9e3jr9ek5n2nqrtjigcfvlhkrwm4500000000000000000000000000000001');
INSERT INTO md_class ( publish, stub_dto_source, stub_source, id) VALUES (1, NULL, NULL, 'ijx9e3jr9ek5n2nqrtjigcfvlhkrwm4500000000000000000000000000000001');
INSERT INTO md_type ( display_label, root_id, package_name, type_name, base_source, js_base, js_stub, exported, dto_source, id) VALUES ('xsi39kx0wdc28tfebhbcfkx25ajyy2aqNM200904120000000000000000000030', 'ijx9e3jr9ek5n2nqrtjigcfvlhkrwm45', 'com.runwaysdk.system.ontology.io', 'TermFileFormatMaster', NULL, NULL, NULL, 1, NULL, 'ijx9e3jr9ek5n2nqrtjigcfvlhkrwm4500000000000000000000000000000001');
INSERT INTO metadata ( description, created_by, owner, id, create_date, seq, type, remove, site_master, locked_by, entity_domain, last_updated_by, last_update_date, key_name) VALUES ('8h5pn0ayo83mbpfh0dhb1yea60ne5o41NM200904120000000000000000000030', '0000000000000000000000000000001000000000000000000000000000000003', '0000000000000000000000000000001000000000000000000000000000000003', 'ijx9e3jr9ek5n2nqrtjigcfvlhkrwm4500000000000000000000000000000001', '2014-07-17 17:53:56', 4798, 'com.runwaysdk.system.metadata.MdBusiness', 1, 'www.runwaysdk.com', NULL, NULL, '0000000000000000000000000000001000000000000000000000000000000003', '2014-07-17 17:53:56', 'com.runwaysdk.system.ontology.io.TermFileFormatMaster');
INSERT INTO business_inheritance ( id, parent_id, child_id) VALUES ('ijx9e3jr9ek5n2nqrtjigcfvlhkrwm4520070926NM0000000000000000000004', '0000000000000000000000000000020600000000000000000000000000000001', 'ijx9e3jr9ek5n2nqrtjigcfvlhkrwm4500000000000000000000000000000001');
INSERT INTO class_inheritance ( id, parent_id, child_id) VALUES ('ijx9e3jr9ek5n2nqrtjigcfvlhkrwm4520070926NM0000000000000000000004', '0000000000000000000000000000020600000000000000000000000000000001', 'ijx9e3jr9ek5n2nqrtjigcfvlhkrwm4500000000000000000000000000000001');
INSERT INTO metadata_relationship ( entity_domain, site_master, last_updated_by, id, owner, locked_by, create_date, type, created_by, seq, key_name, last_update_date, parent_id, child_id) VALUES (NULL, 'www.runwaysdk.com', '0000000000000000000000000000001000000000000000000000000000000003', 'ijx9e3jr9ek5n2nqrtjigcfvlhkrwm4520070926NM0000000000000000000004', '0000000000000000000000000000001000000000000000000000000000000003', NULL, '2014-07-17 17:53:56', 'com.runwaysdk.system.metadata.BusinessInheritance', '0000000000000000000000000000001000000000000000000000000000000003', 4799, 'com.runwaysdk.system.ontology.io.TermFileFormatMaster', '2014-07-17 17:53:56', '0000000000000000000000000000020600000000000000000000000000000001', 'ijx9e3jr9ek5n2nqrtjigcfvlhkrwm4500000000000000000000000000000001');
CREATE TABLE term_file_format_master ( id CHAR(64) NOT NULL PRIMARY KEY );
INSERT INTO metadata_display_label ( default_locale, id, site_master, key_name) VALUES ('XML', '77yu44x1omyv3oust24b86zhbshe23zdNM200904120000000000000000000030', 'www.runwaysdk.com', '77yu44x1omyv3oust24b86zhbshe23zdNM200904120000000000000000000030');
INSERT INTO term_file_format_master ( id) VALUES ('04ke36afnut3r3q55vsn1mtu46pm2n5uijx9e3jr9ek5n2nqrtjigcfvlhkrwm45');
INSERT INTO enumeration_master ( create_date, locked_by, owner, site_master, type, last_update_date, id, entity_domain, key_name, display_label, enum_name, created_by, seq, last_updated_by) VALUES ('2014-07-17 17:53:56', NULL, '0000000000000000000000000000001000000000000000000000000000000003', 'www.runwaysdk.com', 'com.runwaysdk.system.ontology.io.TermFileFormatMaster', '2014-07-17 17:53:56', '04ke36afnut3r3q55vsn1mtu46pm2n5uijx9e3jr9ek5n2nqrtjigcfvlhkrwm45', NULL, 'com.runwaysdk.system.ontology.io.TermFileFormatMaster.XML', '77yu44x1omyv3oust24b86zhbshe23zdNM200904120000000000000000000030', 'XML', '0000000000000000000000000000001000000000000000000000000000000003', 4800, '0000000000000000000000000000001000000000000000000000000000000003');
INSERT INTO metadata_display_label ( default_locale, id, site_master, key_name) VALUES ('Excel', 'z1b4pv61ea1chwe1l02ud0tb30mbwqz5NM200904120000000000000000000030', 'www.runwaysdk.com', 'z1b4pv61ea1chwe1l02ud0tb30mbwqz5NM200904120000000000000000000030');
INSERT INTO term_file_format_master ( id) VALUES ('7c46z2x6yekgw37fv6se5xuush603t16ijx9e3jr9ek5n2nqrtjigcfvlhkrwm45');
INSERT INTO enumeration_master ( create_date, locked_by, owner, site_master, type, last_update_date, id, entity_domain, key_name, display_label, enum_name, created_by, seq, last_updated_by) VALUES ('2014-07-17 17:53:56', NULL, '0000000000000000000000000000001000000000000000000000000000000003', 'www.runwaysdk.com', 'com.runwaysdk.system.ontology.io.TermFileFormatMaster', '2014-07-17 17:53:56', '7c46z2x6yekgw37fv6se5xuush603t16ijx9e3jr9ek5n2nqrtjigcfvlhkrwm45', NULL, 'com.runwaysdk.system.ontology.io.TermFileFormatMaster.EXCEL', 'z1b4pv61ea1chwe1l02ud0tb30mbwqz5NM200904120000000000000000000030', 'EXCEL', '0000000000000000000000000000001000000000000000000000000000000003', 4801, '0000000000000000000000000000001000000000000000000000000000000003');
INSERT INTO metadata_display_label ( default_locale, id, site_master, key_name) VALUES ('Shapefile', '05wbjdja3cqq3gse8x2ea492cg7h8mk3NM200904120000000000000000000030', 'www.runwaysdk.com', '05wbjdja3cqq3gse8x2ea492cg7h8mk3NM200904120000000000000000000030');
INSERT INTO term_file_format_master ( id) VALUES ('zdnpxagt7hote3rzlpyo4g2zq24bcb1kijx9e3jr9ek5n2nqrtjigcfvlhkrwm45');
INSERT INTO enumeration_master ( create_date, locked_by, owner, site_master, type, last_update_date, id, entity_domain, key_name, display_label, enum_name, created_by, seq, last_updated_by) VALUES ('2014-07-17 17:53:56', NULL, '0000000000000000000000000000001000000000000000000000000000000003', 'www.runwaysdk.com', 'com.runwaysdk.system.ontology.io.TermFileFormatMaster', '2014-07-17 17:53:56', 'zdnpxagt7hote3rzlpyo4g2zq24bcb1kijx9e3jr9ek5n2nqrtjigcfvlhkrwm45', NULL, 'com.runwaysdk.system.ontology.io.TermFileFormatMaster.SHAPEFILE', '05wbjdja3cqq3gse8x2ea492cg7h8mk3NM200904120000000000000000000030', 'SHAPEFILE', '0000000000000000000000000000001000000000000000000000000000000003', 4802, '0000000000000000000000000000001000000000000000000000000000000003');
INSERT INTO metadata_display_label ( default_locale, id, site_master, key_name) VALUES ('Export Type', '74su8kq85u4xzv80c4uj2wg0kx49ghquNM200904120000000000000000000030', 'www.runwaysdk.com', '74su8kq85u4xzv80c4uj2wg0kx49ghquNM200904120000000000000000000030');
INSERT INTO metadata_display_label ( default_locale, id, site_master, key_name) VALUES (NULL, '6s3471ftgt40nry72iyd0rv9mzrrbrgqNM200904120000000000000000000030', 'www.runwaysdk.com', '6s3471ftgt40nry72iyd0rv9mzrrbrgqNM200904120000000000000000000030');
INSERT INTO md_enumeration ( include_all, master_md_business, table_name, id) VALUES (0, 'ijx9e3jr9ek5n2nqrtjigcfvlhkrwm4500000000000000000000000000000001', 'termfileformat', 'ifuhvm5e8hc5ekmvnmse5dqalrc4de4q00000000000000000000000000000196');
INSERT INTO md_type ( display_label, root_id, package_name, type_name, base_source, js_base, js_stub, exported, dto_source, id) VALUES ('74su8kq85u4xzv80c4uj2wg0kx49ghquNM200904120000000000000000000030', 'ifuhvm5e8hc5ekmvnmse5dqalrc4de4q', 'com.runwaysdk.system.ontology.io', 'TermFileFormat', NULL, NULL, NULL, 1, NULL, 'ifuhvm5e8hc5ekmvnmse5dqalrc4de4q00000000000000000000000000000196');
INSERT INTO metadata ( description, created_by, owner, id, create_date, seq, type, remove, site_master, locked_by, entity_domain, last_updated_by, last_update_date, key_name) VALUES ('6s3471ftgt40nry72iyd0rv9mzrrbrgqNM200904120000000000000000000030', '0000000000000000000000000000001000000000000000000000000000000003', '0000000000000000000000000000001000000000000000000000000000000003', 'ifuhvm5e8hc5ekmvnmse5dqalrc4de4q00000000000000000000000000000196', '2014-07-17 17:53:56', 4803, 'com.runwaysdk.system.metadata.MdEnumeration', 1, 'www.runwaysdk.com', NULL, NULL, '0000000000000000000000000000001000000000000000000000000000000003', '2014-07-17 17:53:56', 'com.runwaysdk.system.ontology.io.TermFileFormat');
INSERT INTO enumeration_attribute ( id, parent_id, child_id) VALUES ('ifuhvm5e8hc5ekmvnmse5dqalrc4de4q00000000000000000000000000000212', 'ijx9e3jr9ek5n2nqrtjigcfvlhkrwm4500000000000000000000000000000001', 'ifuhvm5e8hc5ekmvnmse5dqalrc4de4q00000000000000000000000000000196');
INSERT INTO metadata_relationship ( entity_domain, site_master, last_updated_by, id, owner, locked_by, create_date, type, created_by, seq, key_name, last_update_date, parent_id, child_id) VALUES (NULL, 'www.runwaysdk.com', '0000000000000000000000000000001000000000000000000000000000000003', 'ifuhvm5e8hc5ekmvnmse5dqalrc4de4q00000000000000000000000000000212', '0000000000000000000000000000001000000000000000000000000000000003', NULL, '2014-07-17 17:53:56', 'com.runwaysdk.system.metadata.EnumerationAttribute', '0000000000000000000000000000001000000000000000000000000000000003', 4804, 'com.runwaysdk.system.ontology.io.TermFileFormat', '2014-07-17 17:53:56', 'ijx9e3jr9ek5n2nqrtjigcfvlhkrwm4500000000000000000000000000000001', 'ifuhvm5e8hc5ekmvnmse5dqalrc4de4q00000000000000000000000000000196');
CREATE TABLE termfileformat 
(set_id                CHAR(32) NOT NULL, 
item_id CHAR(64) NOT NULL);
CREATE UNIQUE INDEX aifuhvm5e8hc5ekmvnmse5dqalrc4d ON termfileformat (set_id, item_id);
UPDATE metadata_display_label SET default_locale= 'Export Type' , id= '74su8kq85u4xzv80c4uj2wg0kx49ghquNM200904120000000000000000000030' , site_master= 'www.runwaysdk.com' , key_name= '74su8kq85u4xzv80c4uj2wg0kx49ghquNM200904120000000000000000000030'  WHERE id='74su8kq85u4xzv80c4uj2wg0kx49ghquNM200904120000000000000000000030';
UPDATE metadata_display_label SET id= '6s3471ftgt40nry72iyd0rv9mzrrbrgqNM200904120000000000000000000030' , site_master= 'www.runwaysdk.com' , key_name= '6s3471ftgt40nry72iyd0rv9mzrrbrgqNM200904120000000000000000000030'  WHERE id='6s3471ftgt40nry72iyd0rv9mzrrbrgqNM200904120000000000000000000030';
UPDATE md_enumeration SET include_all= 1 , master_md_business= 'ijx9e3jr9ek5n2nqrtjigcfvlhkrwm4500000000000000000000000000000001' , table_name= 'termfileformat' , id= 'ifuhvm5e8hc5ekmvnmse5dqalrc4de4q00000000000000000000000000000196'  WHERE id='ifuhvm5e8hc5ekmvnmse5dqalrc4de4q00000000000000000000000000000196';
UPDATE md_type SET display_label= '74su8kq85u4xzv80c4uj2wg0kx49ghquNM200904120000000000000000000030' , root_id= 'ifuhvm5e8hc5ekmvnmse5dqalrc4de4q' , package_name= 'com.runwaysdk.system.ontology.io' , type_name= 'TermFileFormat' , id= 'ifuhvm5e8hc5ekmvnmse5dqalrc4de4q00000000000000000000000000000196'  WHERE id='ifuhvm5e8hc5ekmvnmse5dqalrc4de4q00000000000000000000000000000196';
UPDATE metadata SET description= '6s3471ftgt40nry72iyd0rv9mzrrbrgqNM200904120000000000000000000030' , created_by= '0000000000000000000000000000001000000000000000000000000000000003' , owner= '0000000000000000000000000000001000000000000000000000000000000003' , id= 'ifuhvm5e8hc5ekmvnmse5dqalrc4de4q00000000000000000000000000000196' , create_date= '2014-07-17 17:53:56' , seq= 4805 , type= 'com.runwaysdk.system.metadata.MdEnumeration' , site_master= 'www.runwaysdk.com' , last_updated_by= '0000000000000000000000000000001000000000000000000000000000000003' , last_update_date= '2014-07-17 17:53:56' , key_name= 'com.runwaysdk.system.ontology.io.TermFileFormat'  WHERE id='ifuhvm5e8hc5ekmvnmse5dqalrc4de4q00000000000000000000000000000196';
UPDATE metadata_relationship SET site_master= 'www.runwaysdk.com' , last_updated_by= '0000000000000000000000000000001000000000000000000000000000000003' , id= 'ifuhvm5e8hc5ekmvnmse5dqalrc4de4q00000000000000000000000000000212' , owner= '0000000000000000000000000000001000000000000000000000000000000003' , create_date= '2014-07-17 17:53:56' , type= 'com.runwaysdk.system.metadata.EnumerationAttribute' , created_by= '0000000000000000000000000000001000000000000000000000000000000003' , seq= 4806 , key_name= 'com.runwaysdk.system.ontology.io.TermFileFormat' , last_update_date= '2014-07-17 17:53:56'  WHERE id='ifuhvm5e8hc5ekmvnmse5dqalrc4de4q00000000000000000000000000000212';
INSERT INTO enumeration_attribute_item ( id, parent_id, child_id) VALUES ('ipkszmvb9uinpqmflnqo25sx25yoqwaa00000000000000000000000000000294', 'ifuhvm5e8hc5ekmvnmse5dqalrc4de4q00000000000000000000000000000196', '04ke36afnut3r3q55vsn1mtu46pm2n5uijx9e3jr9ek5n2nqrtjigcfvlhkrwm45');
INSERT INTO metadata_relationship ( entity_domain, site_master, last_updated_by, id, owner, locked_by, create_date, type, created_by, seq, key_name, last_update_date, parent_id, child_id) VALUES (NULL, 'www.runwaysdk.com', '0000000000000000000000000000001000000000000000000000000000000003', 'ipkszmvb9uinpqmflnqo25sx25yoqwaa00000000000000000000000000000294', '0000000000000000000000000000001000000000000000000000000000000003', NULL, '2014-07-17 17:53:56', 'com.runwaysdk.system.metadata.EnumerationAttributeItem', '0000000000000000000000000000001000000000000000000000000000000003', 4807, 'com.runwaysdk.system.ontology.io.TermFileFormat.XML', '2014-07-17 17:53:56', 'ifuhvm5e8hc5ekmvnmse5dqalrc4de4q00000000000000000000000000000196', '04ke36afnut3r3q55vsn1mtu46pm2n5uijx9e3jr9ek5n2nqrtjigcfvlhkrwm45');
INSERT INTO enumeration_attribute_item ( id, parent_id, child_id) VALUES ('ic6675078wboci0ez1f0jjwccwfwc68e00000000000000000000000000000294', 'ifuhvm5e8hc5ekmvnmse5dqalrc4de4q00000000000000000000000000000196', '7c46z2x6yekgw37fv6se5xuush603t16ijx9e3jr9ek5n2nqrtjigcfvlhkrwm45');
INSERT INTO metadata_relationship ( entity_domain, site_master, last_updated_by, id, owner, locked_by, create_date, type, created_by, seq, key_name, last_update_date, parent_id, child_id) VALUES (NULL, 'www.runwaysdk.com', '0000000000000000000000000000001000000000000000000000000000000003', 'ic6675078wboci0ez1f0jjwccwfwc68e00000000000000000000000000000294', '0000000000000000000000000000001000000000000000000000000000000003', NULL, '2014-07-17 17:53:56', 'com.runwaysdk.system.metadata.EnumerationAttributeItem', '0000000000000000000000000000001000000000000000000000000000000003', 4808, 'com.runwaysdk.system.ontology.io.TermFileFormat.EXCEL', '2014-07-17 17:53:56', 'ifuhvm5e8hc5ekmvnmse5dqalrc4de4q00000000000000000000000000000196', '7c46z2x6yekgw37fv6se5xuush603t16ijx9e3jr9ek5n2nqrtjigcfvlhkrwm45');
INSERT INTO enumeration_attribute_item ( id, parent_id, child_id) VALUES ('iffbl4iln78bu1qp91bmy7zb69mf153800000000000000000000000000000294', 'ifuhvm5e8hc5ekmvnmse5dqalrc4de4q00000000000000000000000000000196', 'zdnpxagt7hote3rzlpyo4g2zq24bcb1kijx9e3jr9ek5n2nqrtjigcfvlhkrwm45');
INSERT INTO metadata_relationship ( entity_domain, site_master, last_updated_by, id, owner, locked_by, create_date, type, created_by, seq, key_name, last_update_date, parent_id, child_id) VALUES (NULL, 'www.runwaysdk.com', '0000000000000000000000000000001000000000000000000000000000000003', 'iffbl4iln78bu1qp91bmy7zb69mf153800000000000000000000000000000294', '0000000000000000000000000000001000000000000000000000000000000003', NULL, '2014-07-17 17:53:56', 'com.runwaysdk.system.metadata.EnumerationAttributeItem', '0000000000000000000000000000001000000000000000000000000000000003', 4809, 'com.runwaysdk.system.ontology.io.TermFileFormat.SHAPEFILE', '2014-07-17 17:53:56', 'ifuhvm5e8hc5ekmvnmse5dqalrc4de4q00000000000000000000000000000196', 'zdnpxagt7hote3rzlpyo4g2zq24bcb1kijx9e3jr9ek5n2nqrtjigcfvlhkrwm45');
INSERT INTO metadata_display_label ( default_locale, id, site_master, key_name) VALUES ('Term Util', 'z538fd5llcxa4h5m2x0x4p5uqurq90z2NM200904120000000000000000000030', 'www.runwaysdk.com', 'z538fd5llcxa4h5m2x0x4p5uqurq90z2NM200904120000000000000000000030');
INSERT INTO metadata_display_label ( default_locale, id, site_master, key_name) VALUES (NULL, '0126a3979upqtcfzmxeck1gkpo0lltzlNM200904120000000000000000000030', 'www.runwaysdk.com', '0126a3979upqtcfzmxeck1gkpo0lltzlNM200904120000000000000000000030');
INSERT INTO md_util ( super_md_util, id) VALUES (NULL, 'ipaxkm633iyjyp8s0n29iip6h5bcv87a20080226NM0000000000000000000003');
INSERT INTO md_session ( id) VALUES ('ipaxkm633iyjyp8s0n29iip6h5bcv87a20080226NM0000000000000000000003');
INSERT INTO md_transient ( extendable, is_abstract, id) VALUES (1, 0, 'ipaxkm633iyjyp8s0n29iip6h5bcv87a20080226NM0000000000000000000003');
INSERT INTO md_class ( publish, stub_dto_source, stub_source, id) VALUES (1, NULL, NULL, 'ipaxkm633iyjyp8s0n29iip6h5bcv87a20080226NM0000000000000000000003');
INSERT INTO md_type ( display_label, root_id, package_name, type_name, base_source, js_base, js_stub, exported, dto_source, id) VALUES ('z538fd5llcxa4h5m2x0x4p5uqurq90z2NM200904120000000000000000000030', 'ipaxkm633iyjyp8s0n29iip6h5bcv87a', 'com.runwaysdk.system.ontology', 'TermUtil', NULL, NULL, NULL, 1, NULL, 'ipaxkm633iyjyp8s0n29iip6h5bcv87a20080226NM0000000000000000000003');
INSERT INTO metadata ( description, created_by, owner, id, create_date, seq, type, remove, site_master, locked_by, entity_domain, last_updated_by, last_update_date, key_name) VALUES ('0126a3979upqtcfzmxeck1gkpo0lltzlNM200904120000000000000000000030', '0000000000000000000000000000001000000000000000000000000000000003', '0000000000000000000000000000001000000000000000000000000000000003', 'ipaxkm633iyjyp8s0n29iip6h5bcv87a20080226NM0000000000000000000003', '2014-07-17 17:53:56', 4810, 'com.runwaysdk.system.metadata.MdUtil', 1, 'www.runwaysdk.com', NULL, NULL, '0000000000000000000000000000001000000000000000000000000000000003', '2014-07-17 17:53:56', 'com.runwaysdk.system.ontology.TermUtil');
 INSERT INTO visibilitymodifier (set_id, item_id)  VALUES  ('74hendjop6hjpzxtyfj43ihdi7tlve2q', '20071109NM000000000000000000000520071109NM0000000000000000000001');
INSERT INTO metadata_display_label ( default_locale, id, site_master, key_name) VALUES ('ID', '8dvx91oc1hkebg8py0pk9dvrdhz7t0clNM200904120000000000000000000030', 'www.runwaysdk.com', '8dvx91oc1hkebg8py0pk9dvrdhz7t0clNM200904120000000000000000000030');
 INSERT INTO visibilitymodifier (set_id, item_id)  VALUES  ('74x5poztzmhuhaucle4ur2lh8peturra', '20071109NM000000000000000000000520071109NM0000000000000000000001');
 INSERT INTO md_attribute_indicies (set_id, item_id)  VALUES  ('r9mrd1f4rec3y0k13ls6ntam3fgx8e84', '0000000000000000000000000000040900000000000000000000000000000403');
INSERT INTO metadata_display_label ( default_locale, id, site_master, key_name) VALUES ('ID of this object', 'sft2vzu7u7fmt9lsxaurbaalgrl53xd7NM200904120000000000000000000030', 'www.runwaysdk.com', 'sft2vzu7u7fmt9lsxaurbaalgrl53xd7NM200904120000000000000000000030');
INSERT INTO md_attribute_character ( default_value, database_size, id) VALUES (NULL, 64, 'ik34j734io5r17ioumdb62etgzunlf9300000000000000000000000000000138');
INSERT INTO md_attribute_char ( id) VALUES ('ik34j734io5r17ioumdb62etgzunlf9300000000000000000000000000000138');
INSERT INTO md_attribute_primitive ( id) VALUES ('ik34j734io5r17ioumdb62etgzunlf9300000000000000000000000000000138');
INSERT INTO md_attribute_concrete ( column_name, defining_md_class, setter_visibility, setter_visibility_c, immutable, index_name, generate_accessor, system, required, display_label, getter_visibility, getter_visibility_c, index_type, index_type_c, attribute_name, id) VALUES ('n_a', 'ipaxkm633iyjyp8s0n29iip6h5bcv87a20080226NM0000000000000000000003', '74hendjop6hjpzxtyfj43ihdi7tlve2q', '20071109NM000000000000000000000520071109NM0000000000000000000001', 0, NULL, 1, 1, 1, '8dvx91oc1hkebg8py0pk9dvrdhz7t0clNM200904120000000000000000000030', '74x5poztzmhuhaucle4ur2lh8peturra', '20071109NM000000000000000000000520071109NM0000000000000000000001', 'r9mrd1f4rec3y0k13ls6ntam3fgx8e84', '0000000000000000000000000000040900000000000000000000000000000403', 'id', 'ik34j734io5r17ioumdb62etgzunlf9300000000000000000000000000000138');
INSERT INTO md_attribute ( id) VALUES ('ik34j734io5r17ioumdb62etgzunlf9300000000000000000000000000000138');
INSERT INTO metadata ( description, created_by, owner, id, create_date, seq, type, remove, site_master, locked_by, entity_domain, last_updated_by, last_update_date, key_name) VALUES ('sft2vzu7u7fmt9lsxaurbaalgrl53xd7NM200904120000000000000000000030', '0000000000000000000000000000001000000000000000000000000000000003', '0000000000000000000000000000001000000000000000000000000000000003', 'ik34j734io5r17ioumdb62etgzunlf9300000000000000000000000000000138', '2014-07-17 17:53:56', 4811, 'com.runwaysdk.system.metadata.MdAttributeCharacter', 0, 'www.runwaysdk.com', NULL, NULL, '0000000000000000000000000000001000000000000000000000000000000003', '2014-07-17 17:53:56', 'com.runwaysdk.system.ontology.TermUtil.id');
INSERT INTO class_attribute_concrete ( id, parent_id, child_id) VALUES ('ik34j734io5r17ioumdb62etgzunlf9300000000000000000000000000000073', 'ipaxkm633iyjyp8s0n29iip6h5bcv87a20080226NM0000000000000000000003', 'ik34j734io5r17ioumdb62etgzunlf9300000000000000000000000000000138');
INSERT INTO class_attribute ( id, parent_id, child_id) VALUES ('ik34j734io5r17ioumdb62etgzunlf9300000000000000000000000000000073', 'ipaxkm633iyjyp8s0n29iip6h5bcv87a20080226NM0000000000000000000003', 'ik34j734io5r17ioumdb62etgzunlf9300000000000000000000000000000138');
INSERT INTO metadata_relationship ( entity_domain, site_master, last_updated_by, id, owner, locked_by, create_date, type, created_by, seq, key_name, last_update_date, parent_id, child_id) VALUES (NULL, 'www.runwaysdk.com', '0000000000000000000000000000001000000000000000000000000000000003', 'ik34j734io5r17ioumdb62etgzunlf9300000000000000000000000000000073', '0000000000000000000000000000001000000000000000000000000000000003', NULL, '2014-07-17 17:53:56', 'com.runwaysdk.system.metadata.ClassAttributeConcrete', '0000000000000000000000000000001000000000000000000000000000000003', 4812, 'com.runwaysdk.system.ontology.TermUtil.id', '2014-07-17 17:53:56', 'ipaxkm633iyjyp8s0n29iip6h5bcv87a20080226NM0000000000000000000003', 'ik34j734io5r17ioumdb62etgzunlf9300000000000000000000000000000138');
INSERT INTO metadata_display_label ( default_locale, id, site_master, key_name) VALUES ('getAllAncestors', 'zgdjfr3kq3akeb540tdlqh2zq8x72wprNM200904120000000000000000000030', 'www.runwaysdk.com', 'zgdjfr3kq3akeb540tdlqh2zq8x72wprNM200904120000000000000000000030');
INSERT INTO metadata_display_label ( default_locale, id, site_master, key_name) VALUES ('Delegates to the Ontology Strategy to fetch all ancestors of the term.', 'xsz4qwd6br69zourbp69xq2kg57rvkwdNM200904120000000000000000000030', 'www.runwaysdk.com', 'xsz4qwd6br69zourbp69xq2kg57rvkwdNM200904120000000000000000000030');
INSERT INTO md_method ( method_name, md_type, is_static, return_type, display_label, id) VALUES ('getAllAncestors', 'ipaxkm633iyjyp8s0n29iip6h5bcv87a20080226NM0000000000000000000003', 1, 'com.runwaysdk.business.ontology.Term[]', 'zgdjfr3kq3akeb540tdlqh2zq8x72wprNM200904120000000000000000000030', 'i6rocc6cbu6dbf3b4095l7wdlfc0u3lc20070427JS0000000000000000001514');
INSERT INTO metadata ( description, created_by, owner, id, create_date, seq, type, remove, site_master, locked_by, entity_domain, last_updated_by, last_update_date, key_name) VALUES ('xsz4qwd6br69zourbp69xq2kg57rvkwdNM200904120000000000000000000030', '0000000000000000000000000000001000000000000000000000000000000003', '0000000000000000000000000000001000000000000000000000000000000003', 'i6rocc6cbu6dbf3b4095l7wdlfc0u3lc20070427JS0000000000000000001514', '2014-07-17 17:53:56', 4813, 'com.runwaysdk.system.metadata.MdMethod', 1, 'www.runwaysdk.com', NULL, NULL, '0000000000000000000000000000001000000000000000000000000000000003', '2014-07-17 17:53:56', 'com.runwaysdk.system.ontology.TermUtil.getAllAncestors');
INSERT INTO type_method ( id, parent_id, child_id) VALUES ('i6rocc6cbu6dbf3b4095l7wdlfc0u3lc20070427JS0000000000000000001520', 'ipaxkm633iyjyp8s0n29iip6h5bcv87a20080226NM0000000000000000000003', 'i6rocc6cbu6dbf3b4095l7wdlfc0u3lc20070427JS0000000000000000001514');
INSERT INTO metadata_relationship ( entity_domain, site_master, last_updated_by, id, owner, locked_by, create_date, type, created_by, seq, key_name, last_update_date, parent_id, child_id) VALUES (NULL, 'www.runwaysdk.com', '0000000000000000000000000000001000000000000000000000000000000003', 'i6rocc6cbu6dbf3b4095l7wdlfc0u3lc20070427JS0000000000000000001520', '0000000000000000000000000000001000000000000000000000000000000003', NULL, '2014-07-17 17:53:56', 'com.runwaysdk.system.metadata.TypeMethod', '0000000000000000000000000000001000000000000000000000000000000003', 4814, 'com.runwaysdk.system.ontology.TermUtil.getAllAncestors', '2014-07-17 17:53:56', 'ipaxkm633iyjyp8s0n29iip6h5bcv87a20080226NM0000000000000000000003', 'i6rocc6cbu6dbf3b4095l7wdlfc0u3lc20070427JS0000000000000000001514');
INSERT INTO metadata_display_label ( default_locale, id, site_master, key_name) VALUES ('The parent term''s id.', 'srk08h5t2enizd0jxwrio4ii28rwlk7vNM200904120000000000000000000030', 'www.runwaysdk.com', 'srk08h5t2enizd0jxwrio4ii28rwlk7vNM200904120000000000000000000030');
INSERT INTO metadata_display_label ( default_locale, id, site_master, key_name) VALUES ('The parent term''s id.', '7gq8pf4sm9aei54kmt0y05gybucqaz0xNM200904120000000000000000000030', 'www.runwaysdk.com', '7gq8pf4sm9aei54kmt0y05gybucqaz0xNM200904120000000000000000000030');
INSERT INTO md_parameter ( metadata, parameter_order, parameter_name, parameter_type, display_label, id) VALUES ('i6rocc6cbu6dbf3b4095l7wdlfc0u3lc20070427JS0000000000000000001514', 0, 'termId', 'java.lang.String', 'srk08h5t2enizd0jxwrio4ii28rwlk7vNM200904120000000000000000000030', 'iexpiuivwa6obamhhke6xbmkhwjo7sqs20070427JS0000000000000000001517');
INSERT INTO metadata ( description, created_by, owner, id, create_date, seq, type, remove, site_master, locked_by, entity_domain, last_updated_by, last_update_date, key_name) VALUES ('7gq8pf4sm9aei54kmt0y05gybucqaz0xNM200904120000000000000000000030', '0000000000000000000000000000001000000000000000000000000000000003', '0000000000000000000000000000001000000000000000000000000000000003', 'iexpiuivwa6obamhhke6xbmkhwjo7sqs20070427JS0000000000000000001517', '2014-07-17 17:53:56', 4815, 'com.runwaysdk.system.metadata.MdParameter', 1, 'www.runwaysdk.com', NULL, NULL, '0000000000000000000000000000001000000000000000000000000000000003', '2014-07-17 17:53:56', 'com.runwaysdk.system.ontology.TermUtil.getAllAncestors.termId');
INSERT INTO metadata_parameter ( site_master, last_updated_by, create_date, seq, locked_by, entity_domain, created_by, type, last_update_date, key_name, owner, id, parent_id, child_id) VALUES ('www.runwaysdk.com', '0000000000000000000000000000001000000000000000000000000000000003', '2014-07-17 17:53:56', 4816, NULL, NULL, '0000000000000000000000000000001000000000000000000000000000000003', 'com.runwaysdk.system.MetadataParameter', '2014-07-17 17:53:56', 'com.runwaysdk.system.ontology.TermUtil.getAllAncestors.termId', '0000000000000000000000000000001000000000000000000000000000000003', 'iexpiuivwa6obamhhke6xbmkhwjo7sqs20070427JS0000000000000000001524', 'i6rocc6cbu6dbf3b4095l7wdlfc0u3lc20070427JS0000000000000000001514', 'iexpiuivwa6obamhhke6xbmkhwjo7sqs20070427JS0000000000000000001517');
INSERT INTO metadata_display_label ( default_locale, id, site_master, key_name) VALUES ('The relationship type.', '06xlij2gnyehi7hhm8kxpn7vvfxfmcgrNM200904120000000000000000000030', 'www.runwaysdk.com', '06xlij2gnyehi7hhm8kxpn7vvfxfmcgrNM200904120000000000000000000030');
INSERT INTO metadata_display_label ( default_locale, id, site_master, key_name) VALUES ('The relationship types to fetch. This parameter can be null, and if it is null it will fetch all relationships.', 'yw33fcgopkmfsl8a7bjbzide1q01r6k0NM200904120000000000000000000030', 'www.runwaysdk.com', 'yw33fcgopkmfsl8a7bjbzide1q01r6k0NM200904120000000000000000000030');
INSERT INTO md_parameter ( metadata, parameter_order, parameter_name, parameter_type, display_label, id) VALUES ('i6rocc6cbu6dbf3b4095l7wdlfc0u3lc20070427JS0000000000000000001514', 1, 'relationshipType', 'java.lang.String[]', '06xlij2gnyehi7hhm8kxpn7vvfxfmcgrNM200904120000000000000000000030', 'i9gltjt9z2p1fisfntne3pemntam7evd20070427JS0000000000000000001517');
INSERT INTO metadata ( description, created_by, owner, id, create_date, seq, type, remove, site_master, locked_by, entity_domain, last_updated_by, last_update_date, key_name) VALUES ('yw33fcgopkmfsl8a7bjbzide1q01r6k0NM200904120000000000000000000030', '0000000000000000000000000000001000000000000000000000000000000003', '0000000000000000000000000000001000000000000000000000000000000003', 'i9gltjt9z2p1fisfntne3pemntam7evd20070427JS0000000000000000001517', '2014-07-17 17:53:56', 4817, 'com.runwaysdk.system.metadata.MdParameter', 1, 'www.runwaysdk.com', NULL, NULL, '0000000000000000000000000000001000000000000000000000000000000003', '2014-07-17 17:53:56', 'com.runwaysdk.system.ontology.TermUtil.getAllAncestors.relationshipType');
INSERT INTO metadata_parameter ( site_master, last_updated_by, create_date, seq, locked_by, entity_domain, created_by, type, last_update_date, key_name, owner, id, parent_id, child_id) VALUES ('www.runwaysdk.com', '0000000000000000000000000000001000000000000000000000000000000003', '2014-07-17 17:53:56', 4818, NULL, NULL, '0000000000000000000000000000001000000000000000000000000000000003', 'com.runwaysdk.system.MetadataParameter', '2014-07-17 17:53:56', 'com.runwaysdk.system.ontology.TermUtil.getAllAncestors.relationshipType', '0000000000000000000000000000001000000000000000000000000000000003', 'i9gltjt9z2p1fisfntne3pemntam7evd20070427JS0000000000000000001524', 'i6rocc6cbu6dbf3b4095l7wdlfc0u3lc20070427JS0000000000000000001514', 'i9gltjt9z2p1fisfntne3pemntam7evd20070427JS0000000000000000001517');
INSERT INTO metadata_display_label ( default_locale, id, site_master, key_name) VALUES ('getAllDescendants', '0ots9p7dbp0ohshdxg1rxxmcatobeoamNM200904120000000000000000000030', 'www.runwaysdk.com', '0ots9p7dbp0ohshdxg1rxxmcatobeoamNM200904120000000000000000000030');
INSERT INTO metadata_display_label ( default_locale, id, site_master, key_name) VALUES ('Delegates to the Ontology Strategy to fetch all descendants of the term.', 'shmn9oi2ibmmtwgqb3pcnqcoorqwzbipNM200904120000000000000000000030', 'www.runwaysdk.com', 'shmn9oi2ibmmtwgqb3pcnqcoorqwzbipNM200904120000000000000000000030');
INSERT INTO md_method ( method_name, md_type, is_static, return_type, display_label, id) VALUES ('getAllDescendants', 'ipaxkm633iyjyp8s0n29iip6h5bcv87a20080226NM0000000000000000000003', 1, 'com.runwaysdk.business.ontology.Term[]', '0ots9p7dbp0ohshdxg1rxxmcatobeoamNM200904120000000000000000000030', 'iqfxh8d8yc2hct83cpu0fach6lyf8xjk20070427JS0000000000000000001514');
INSERT INTO metadata ( description, created_by, owner, id, create_date, seq, type, remove, site_master, locked_by, entity_domain, last_updated_by, last_update_date, key_name) VALUES ('shmn9oi2ibmmtwgqb3pcnqcoorqwzbipNM200904120000000000000000000030', '0000000000000000000000000000001000000000000000000000000000000003', '0000000000000000000000000000001000000000000000000000000000000003', 'iqfxh8d8yc2hct83cpu0fach6lyf8xjk20070427JS0000000000000000001514', '2014-07-17 17:53:56', 4819, 'com.runwaysdk.system.metadata.MdMethod', 1, 'www.runwaysdk.com', NULL, NULL, '0000000000000000000000000000001000000000000000000000000000000003', '2014-07-17 17:53:56', 'com.runwaysdk.system.ontology.TermUtil.getAllDescendants');
INSERT INTO type_method ( id, parent_id, child_id) VALUES ('iqfxh8d8yc2hct83cpu0fach6lyf8xjk20070427JS0000000000000000001520', 'ipaxkm633iyjyp8s0n29iip6h5bcv87a20080226NM0000000000000000000003', 'iqfxh8d8yc2hct83cpu0fach6lyf8xjk20070427JS0000000000000000001514');
INSERT INTO metadata_relationship ( entity_domain, site_master, last_updated_by, id, owner, locked_by, create_date, type, created_by, seq, key_name, last_update_date, parent_id, child_id) VALUES (NULL, 'www.runwaysdk.com', '0000000000000000000000000000001000000000000000000000000000000003', 'iqfxh8d8yc2hct83cpu0fach6lyf8xjk20070427JS0000000000000000001520', '0000000000000000000000000000001000000000000000000000000000000003', NULL, '2014-07-17 17:53:56', 'com.runwaysdk.system.metadata.TypeMethod', '0000000000000000000000000000001000000000000000000000000000000003', 4820, 'com.runwaysdk.system.ontology.TermUtil.getAllDescendants', '2014-07-17 17:53:56', 'ipaxkm633iyjyp8s0n29iip6h5bcv87a20080226NM0000000000000000000003', 'iqfxh8d8yc2hct83cpu0fach6lyf8xjk20070427JS0000000000000000001514');
INSERT INTO metadata_display_label ( default_locale, id, site_master, key_name) VALUES ('The parent term''s id.', '05fmdsz1fza9nzp1p5n1082i0pwl51knNM200904120000000000000000000030', 'www.runwaysdk.com', '05fmdsz1fza9nzp1p5n1082i0pwl51knNM200904120000000000000000000030');
INSERT INTO metadata_display_label ( default_locale, id, site_master, key_name) VALUES ('The parent term''s id.', '8ksbtmhv2dsok2wodtrfezhxn7i0v06gNM200904120000000000000000000030', 'www.runwaysdk.com', '8ksbtmhv2dsok2wodtrfezhxn7i0v06gNM200904120000000000000000000030');
INSERT INTO md_parameter ( metadata, parameter_order, parameter_name, parameter_type, display_label, id) VALUES ('iqfxh8d8yc2hct83cpu0fach6lyf8xjk20070427JS0000000000000000001514', 0, 'termId', 'java.lang.String', '05fmdsz1fza9nzp1p5n1082i0pwl51knNM200904120000000000000000000030', 'ic90429yipmd0vw6u1h5uxko8cs8q2ul20070427JS0000000000000000001517');
INSERT INTO metadata ( description, created_by, owner, id, create_date, seq, type, remove, site_master, locked_by, entity_domain, last_updated_by, last_update_date, key_name) VALUES ('8ksbtmhv2dsok2wodtrfezhxn7i0v06gNM200904120000000000000000000030', '0000000000000000000000000000001000000000000000000000000000000003', '0000000000000000000000000000001000000000000000000000000000000003', 'ic90429yipmd0vw6u1h5uxko8cs8q2ul20070427JS0000000000000000001517', '2014-07-17 17:53:56', 4821, 'com.runwaysdk.system.metadata.MdParameter', 1, 'www.runwaysdk.com', NULL, NULL, '0000000000000000000000000000001000000000000000000000000000000003', '2014-07-17 17:53:56', 'com.runwaysdk.system.ontology.TermUtil.getAllDescendants.termId');
INSERT INTO metadata_parameter ( site_master, last_updated_by, create_date, seq, locked_by, entity_domain, created_by, type, last_update_date, key_name, owner, id, parent_id, child_id) VALUES ('www.runwaysdk.com', '0000000000000000000000000000001000000000000000000000000000000003', '2014-07-17 17:53:56', 4822, NULL, NULL, '0000000000000000000000000000001000000000000000000000000000000003', 'com.runwaysdk.system.MetadataParameter', '2014-07-17 17:53:56', 'com.runwaysdk.system.ontology.TermUtil.getAllDescendants.termId', '0000000000000000000000000000001000000000000000000000000000000003', 'ic90429yipmd0vw6u1h5uxko8cs8q2ul20070427JS0000000000000000001524', 'iqfxh8d8yc2hct83cpu0fach6lyf8xjk20070427JS0000000000000000001514', 'ic90429yipmd0vw6u1h5uxko8cs8q2ul20070427JS0000000000000000001517');
INSERT INTO metadata_display_label ( default_locale, id, site_master, key_name) VALUES ('The relationship type.', 'ssjh0nv8gvmz13cwajorxsykz3i9nfzgNM200904120000000000000000000030', 'www.runwaysdk.com', 'ssjh0nv8gvmz13cwajorxsykz3i9nfzgNM200904120000000000000000000030');
INSERT INTO metadata_display_label ( default_locale, id, site_master, key_name) VALUES ('The relationship types to fetch. This parameter can be null, and if it is null it will fetch all relationships.', 'rbj641l65t7uqnpd3a8q0epmbosggfqfNM200904120000000000000000000030', 'www.runwaysdk.com', 'rbj641l65t7uqnpd3a8q0epmbosggfqfNM200904120000000000000000000030');
INSERT INTO md_parameter ( metadata, parameter_order, parameter_name, parameter_type, display_label, id) VALUES ('iqfxh8d8yc2hct83cpu0fach6lyf8xjk20070427JS0000000000000000001514', 1, 'relationshipType', 'java.lang.String[]', 'ssjh0nv8gvmz13cwajorxsykz3i9nfzgNM200904120000000000000000000030', 'i367w25g9dsqvkdwkgtmy9kltni0spfs20070427JS0000000000000000001517');
INSERT INTO metadata ( description, created_by, owner, id, create_date, seq, type, remove, site_master, locked_by, entity_domain, last_updated_by, last_update_date, key_name) VALUES ('rbj641l65t7uqnpd3a8q0epmbosggfqfNM200904120000000000000000000030', '0000000000000000000000000000001000000000000000000000000000000003', '0000000000000000000000000000001000000000000000000000000000000003', 'i367w25g9dsqvkdwkgtmy9kltni0spfs20070427JS0000000000000000001517', '2014-07-17 17:53:56', 4823, 'com.runwaysdk.system.metadata.MdParameter', 1, 'www.runwaysdk.com', NULL, NULL, '0000000000000000000000000000001000000000000000000000000000000003', '2014-07-17 17:53:56', 'com.runwaysdk.system.ontology.TermUtil.getAllDescendants.relationshipType');
INSERT INTO metadata_parameter ( site_master, last_updated_by, create_date, seq, locked_by, entity_domain, created_by, type, last_update_date, key_name, owner, id, parent_id, child_id) VALUES ('www.runwaysdk.com', '0000000000000000000000000000001000000000000000000000000000000003', '2014-07-17 17:53:56', 4824, NULL, NULL, '0000000000000000000000000000001000000000000000000000000000000003', 'com.runwaysdk.system.MetadataParameter', '2014-07-17 17:53:56', 'com.runwaysdk.system.ontology.TermUtil.getAllDescendants.relationshipType', '0000000000000000000000000000001000000000000000000000000000000003', 'i367w25g9dsqvkdwkgtmy9kltni0spfs20070427JS0000000000000000001524', 'iqfxh8d8yc2hct83cpu0fach6lyf8xjk20070427JS0000000000000000001514', 'i367w25g9dsqvkdwkgtmy9kltni0spfs20070427JS0000000000000000001517');
INSERT INTO metadata_display_label ( default_locale, id, site_master, key_name) VALUES ('getDirectAncestors', 'zhufijg2walfinapnfseifoz2obu6hh9NM200904120000000000000000000030', 'www.runwaysdk.com', 'zhufijg2walfinapnfseifoz2obu6hh9NM200904120000000000000000000030');
INSERT INTO metadata_display_label ( default_locale, id, site_master, key_name) VALUES ('Fetches direct ancestors of the term. Returns an array of TermAndRel.', 'xs9nyaobxwgikb10mza0cy3da0jvz623NM200904120000000000000000000030', 'www.runwaysdk.com', 'xs9nyaobxwgikb10mza0cy3da0jvz623NM200904120000000000000000000030');
INSERT INTO md_method ( method_name, md_type, is_static, return_type, display_label, id) VALUES ('getDirectAncestors', 'ipaxkm633iyjyp8s0n29iip6h5bcv87a20080226NM0000000000000000000003', 1, 'com.runwaysdk.business.ontology.TermAndRel[]', 'zhufijg2walfinapnfseifoz2obu6hh9NM200904120000000000000000000030', 'ibz8u8niu1qvi99eedpc7pljlljdy92520070427JS0000000000000000001514');
INSERT INTO metadata ( description, created_by, owner, id, create_date, seq, type, remove, site_master, locked_by, entity_domain, last_updated_by, last_update_date, key_name) VALUES ('xs9nyaobxwgikb10mza0cy3da0jvz623NM200904120000000000000000000030', '0000000000000000000000000000001000000000000000000000000000000003', '0000000000000000000000000000001000000000000000000000000000000003', 'ibz8u8niu1qvi99eedpc7pljlljdy92520070427JS0000000000000000001514', '2014-07-17 17:53:56', 4825, 'com.runwaysdk.system.metadata.MdMethod', 1, 'www.runwaysdk.com', NULL, NULL, '0000000000000000000000000000001000000000000000000000000000000003', '2014-07-17 17:53:56', 'com.runwaysdk.system.ontology.TermUtil.getDirectAncestors');
INSERT INTO type_method ( id, parent_id, child_id) VALUES ('ibz8u8niu1qvi99eedpc7pljlljdy92520070427JS0000000000000000001520', 'ipaxkm633iyjyp8s0n29iip6h5bcv87a20080226NM0000000000000000000003', 'ibz8u8niu1qvi99eedpc7pljlljdy92520070427JS0000000000000000001514');
INSERT INTO metadata_relationship ( entity_domain, site_master, last_updated_by, id, owner, locked_by, create_date, type, created_by, seq, key_name, last_update_date, parent_id, child_id) VALUES (NULL, 'www.runwaysdk.com', '0000000000000000000000000000001000000000000000000000000000000003', 'ibz8u8niu1qvi99eedpc7pljlljdy92520070427JS0000000000000000001520', '0000000000000000000000000000001000000000000000000000000000000003', NULL, '2014-07-17 17:53:56', 'com.runwaysdk.system.metadata.TypeMethod', '0000000000000000000000000000001000000000000000000000000000000003', 4826, 'com.runwaysdk.system.ontology.TermUtil.getDirectAncestors', '2014-07-17 17:53:56', 'ipaxkm633iyjyp8s0n29iip6h5bcv87a20080226NM0000000000000000000003', 'ibz8u8niu1qvi99eedpc7pljlljdy92520070427JS0000000000000000001514');
INSERT INTO metadata_display_label ( default_locale, id, site_master, key_name) VALUES ('The parent term''s id.', '6z9e4valgt6kp5smqv3hpu7y84sge0gfNM200904120000000000000000000030', 'www.runwaysdk.com', '6z9e4valgt6kp5smqv3hpu7y84sge0gfNM200904120000000000000000000030');
INSERT INTO metadata_display_label ( default_locale, id, site_master, key_name) VALUES ('The parent term''s id.', '03afwa59bzthtokzosoy34c4s0syltrqNM200904120000000000000000000030', 'www.runwaysdk.com', '03afwa59bzthtokzosoy34c4s0syltrqNM200904120000000000000000000030');
INSERT INTO md_parameter ( metadata, parameter_order, parameter_name, parameter_type, display_label, id) VALUES ('ibz8u8niu1qvi99eedpc7pljlljdy92520070427JS0000000000000000001514', 0, 'termId', 'java.lang.String', '6z9e4valgt6kp5smqv3hpu7y84sge0gfNM200904120000000000000000000030', 'ilwzu9c4h601yinaj72pv8lbqzctbn2s20070427JS0000000000000000001517');
INSERT INTO metadata ( description, created_by, owner, id, create_date, seq, type, remove, site_master, locked_by, entity_domain, last_updated_by, last_update_date, key_name) VALUES ('03afwa59bzthtokzosoy34c4s0syltrqNM200904120000000000000000000030', '0000000000000000000000000000001000000000000000000000000000000003', '0000000000000000000000000000001000000000000000000000000000000003', 'ilwzu9c4h601yinaj72pv8lbqzctbn2s20070427JS0000000000000000001517', '2014-07-17 17:53:56', 4827, 'com.runwaysdk.system.metadata.MdParameter', 1, 'www.runwaysdk.com', NULL, NULL, '0000000000000000000000000000001000000000000000000000000000000003', '2014-07-17 17:53:56', 'com.runwaysdk.system.ontology.TermUtil.getDirectAncestors.termId');
INSERT INTO metadata_parameter ( site_master, last_updated_by, create_date, seq, locked_by, entity_domain, created_by, type, last_update_date, key_name, owner, id, parent_id, child_id) VALUES ('www.runwaysdk.com', '0000000000000000000000000000001000000000000000000000000000000003', '2014-07-17 17:53:56', 4828, NULL, NULL, '0000000000000000000000000000001000000000000000000000000000000003', 'com.runwaysdk.system.MetadataParameter', '2014-07-17 17:53:56', 'com.runwaysdk.system.ontology.TermUtil.getDirectAncestors.termId', '0000000000000000000000000000001000000000000000000000000000000003', 'ilwzu9c4h601yinaj72pv8lbqzctbn2s20070427JS0000000000000000001524', 'ibz8u8niu1qvi99eedpc7pljlljdy92520070427JS0000000000000000001514', 'ilwzu9c4h601yinaj72pv8lbqzctbn2s20070427JS0000000000000000001517');
INSERT INTO metadata_display_label ( default_locale, id, site_master, key_name) VALUES ('The relationship type.', 'spumr3t6s0kqv5wq2ovsv8l1usp30725NM200904120000000000000000000030', 'www.runwaysdk.com', 'spumr3t6s0kqv5wq2ovsv8l1usp30725NM200904120000000000000000000030');
INSERT INTO metadata_display_label ( default_locale, id, site_master, key_name) VALUES ('The relationship types to fetch. This parameter can be null, and if it is null it will fetch all relationships.', '8lsjile0h6786k4c4ik50fynxvaa4y5tNM200904120000000000000000000030', 'www.runwaysdk.com', '8lsjile0h6786k4c4ik50fynxvaa4y5tNM200904120000000000000000000030');
INSERT INTO md_parameter ( metadata, parameter_order, parameter_name, parameter_type, display_label, id) VALUES ('ibz8u8niu1qvi99eedpc7pljlljdy92520070427JS0000000000000000001514', 1, 'relationshipType', 'java.lang.String[]', 'spumr3t6s0kqv5wq2ovsv8l1usp30725NM200904120000000000000000000030', 'i0k9axv6nyc1mlonoignpbjrhs99r7x120070427JS0000000000000000001517');
INSERT INTO metadata ( description, created_by, owner, id, create_date, seq, type, remove, site_master, locked_by, entity_domain, last_updated_by, last_update_date, key_name) VALUES ('8lsjile0h6786k4c4ik50fynxvaa4y5tNM200904120000000000000000000030', '0000000000000000000000000000001000000000000000000000000000000003', '0000000000000000000000000000001000000000000000000000000000000003', 'i0k9axv6nyc1mlonoignpbjrhs99r7x120070427JS0000000000000000001517', '2014-07-17 17:53:56', 4829, 'com.runwaysdk.system.metadata.MdParameter', 1, 'www.runwaysdk.com', NULL, NULL, '0000000000000000000000000000001000000000000000000000000000000003', '2014-07-17 17:53:56', 'com.runwaysdk.system.ontology.TermUtil.getDirectAncestors.relationshipType');
INSERT INTO metadata_parameter ( site_master, last_updated_by, create_date, seq, locked_by, entity_domain, created_by, type, last_update_date, key_name, owner, id, parent_id, child_id) VALUES ('www.runwaysdk.com', '0000000000000000000000000000001000000000000000000000000000000003', '2014-07-17 17:53:56', 4830, NULL, NULL, '0000000000000000000000000000001000000000000000000000000000000003', 'com.runwaysdk.system.MetadataParameter', '2014-07-17 17:53:56', 'com.runwaysdk.system.ontology.TermUtil.getDirectAncestors.relationshipType', '0000000000000000000000000000001000000000000000000000000000000003', 'i0k9axv6nyc1mlonoignpbjrhs99r7x120070427JS0000000000000000001524', 'ibz8u8niu1qvi99eedpc7pljlljdy92520070427JS0000000000000000001514', 'i0k9axv6nyc1mlonoignpbjrhs99r7x120070427JS0000000000000000001517');
INSERT INTO metadata_display_label ( default_locale, id, site_master, key_name) VALUES ('getDirectDescendants', 'sxezaxbhg4qwcnlqqguzgtz45txwstchNM200904120000000000000000000030', 'www.runwaysdk.com', 'sxezaxbhg4qwcnlqqguzgtz45txwstchNM200904120000000000000000000030');
INSERT INTO metadata_display_label ( default_locale, id, site_master, key_name) VALUES ('Fetches direct descendants of the term. Returns an array of TermAndRel.', '8q0zjo3pskezsra7e075le5y502ekh7fNM200904120000000000000000000030', 'www.runwaysdk.com', '8q0zjo3pskezsra7e075le5y502ekh7fNM200904120000000000000000000030');
INSERT INTO md_method ( method_name, md_type, is_static, return_type, display_label, id) VALUES ('getDirectDescendants', 'ipaxkm633iyjyp8s0n29iip6h5bcv87a20080226NM0000000000000000000003', 1, 'com.runwaysdk.business.ontology.TermAndRel[]', 'sxezaxbhg4qwcnlqqguzgtz45txwstchNM200904120000000000000000000030', 'isjho9x6xnpfmdxnh5u7hz9u2s7rx5ie20070427JS0000000000000000001514');
INSERT INTO metadata ( description, created_by, owner, id, create_date, seq, type, remove, site_master, locked_by, entity_domain, last_updated_by, last_update_date, key_name) VALUES ('8q0zjo3pskezsra7e075le5y502ekh7fNM200904120000000000000000000030', '0000000000000000000000000000001000000000000000000000000000000003', '0000000000000000000000000000001000000000000000000000000000000003', 'isjho9x6xnpfmdxnh5u7hz9u2s7rx5ie20070427JS0000000000000000001514', '2014-07-17 17:53:56', 4831, 'com.runwaysdk.system.metadata.MdMethod', 1, 'www.runwaysdk.com', NULL, NULL, '0000000000000000000000000000001000000000000000000000000000000003', '2014-07-17 17:53:56', 'com.runwaysdk.system.ontology.TermUtil.getDirectDescendants');
INSERT INTO type_method ( id, parent_id, child_id) VALUES ('isjho9x6xnpfmdxnh5u7hz9u2s7rx5ie20070427JS0000000000000000001520', 'ipaxkm633iyjyp8s0n29iip6h5bcv87a20080226NM0000000000000000000003', 'isjho9x6xnpfmdxnh5u7hz9u2s7rx5ie20070427JS0000000000000000001514');
INSERT INTO metadata_relationship ( entity_domain, site_master, last_updated_by, id, owner, locked_by, create_date, type, created_by, seq, key_name, last_update_date, parent_id, child_id) VALUES (NULL, 'www.runwaysdk.com', '0000000000000000000000000000001000000000000000000000000000000003', 'isjho9x6xnpfmdxnh5u7hz9u2s7rx5ie20070427JS0000000000000000001520', '0000000000000000000000000000001000000000000000000000000000000003', NULL, '2014-07-17 17:53:56', 'com.runwaysdk.system.metadata.TypeMethod', '0000000000000000000000000000001000000000000000000000000000000003', 4832, 'com.runwaysdk.system.ontology.TermUtil.getDirectDescendants', '2014-07-17 17:53:56', 'ipaxkm633iyjyp8s0n29iip6h5bcv87a20080226NM0000000000000000000003', 'isjho9x6xnpfmdxnh5u7hz9u2s7rx5ie20070427JS0000000000000000001514');
INSERT INTO metadata_display_label ( default_locale, id, site_master, key_name) VALUES ('The parent term''s id.', 'yxl0c3igkd82uxllf378ukvq657cepaeNM200904120000000000000000000030', 'www.runwaysdk.com', 'yxl0c3igkd82uxllf378ukvq657cepaeNM200904120000000000000000000030');
INSERT INTO metadata_display_label ( default_locale, id, site_master, key_name) VALUES ('The parent term''s id.', '72biydvh2k2ru2s1hj21kw3ud5zcoefyNM200904120000000000000000000030', 'www.runwaysdk.com', '72biydvh2k2ru2s1hj21kw3ud5zcoefyNM200904120000000000000000000030');
INSERT INTO md_parameter ( metadata, parameter_order, parameter_name, parameter_type, display_label, id) VALUES ('isjho9x6xnpfmdxnh5u7hz9u2s7rx5ie20070427JS0000000000000000001514', 0, 'termId', 'java.lang.String', 'yxl0c3igkd82uxllf378ukvq657cepaeNM200904120000000000000000000030', 'i3gog3cnird41hptd6mfb5hv0ayi82kq20070427JS0000000000000000001517');
INSERT INTO metadata ( description, created_by, owner, id, create_date, seq, type, remove, site_master, locked_by, entity_domain, last_updated_by, last_update_date, key_name) VALUES ('72biydvh2k2ru2s1hj21kw3ud5zcoefyNM200904120000000000000000000030', '0000000000000000000000000000001000000000000000000000000000000003', '0000000000000000000000000000001000000000000000000000000000000003', 'i3gog3cnird41hptd6mfb5hv0ayi82kq20070427JS0000000000000000001517', '2014-07-17 17:53:56', 4833, 'com.runwaysdk.system.metadata.MdParameter', 1, 'www.runwaysdk.com', NULL, NULL, '0000000000000000000000000000001000000000000000000000000000000003', '2014-07-17 17:53:56', 'com.runwaysdk.system.ontology.TermUtil.getDirectDescendants.termId');
INSERT INTO metadata_parameter ( site_master, last_updated_by, create_date, seq, locked_by, entity_domain, created_by, type, last_update_date, key_name, owner, id, parent_id, child_id) VALUES ('www.runwaysdk.com', '0000000000000000000000000000001000000000000000000000000000000003', '2014-07-17 17:53:56', 4834, NULL, NULL, '0000000000000000000000000000001000000000000000000000000000000003', 'com.runwaysdk.system.MetadataParameter', '2014-07-17 17:53:56', 'com.runwaysdk.system.ontology.TermUtil.getDirectDescendants.termId', '0000000000000000000000000000001000000000000000000000000000000003', 'i3gog3cnird41hptd6mfb5hv0ayi82kq20070427JS0000000000000000001524', 'isjho9x6xnpfmdxnh5u7hz9u2s7rx5ie20070427JS0000000000000000001514', 'i3gog3cnird41hptd6mfb5hv0ayi82kq20070427JS0000000000000000001517');
INSERT INTO metadata_display_label ( default_locale, id, site_master, key_name) VALUES ('The relationship type.', '8q4bsylguwmq3rvk8nmj5b7ip50wszmgNM200904120000000000000000000030', 'www.runwaysdk.com', '8q4bsylguwmq3rvk8nmj5b7ip50wszmgNM200904120000000000000000000030');
INSERT INTO metadata_display_label ( default_locale, id, site_master, key_name) VALUES ('The relationship types to fetch. This parameter can be null, and if it is null it will fetch all relationships.', 'qmxpvyu06fz0725ao25yv67bjoum4r30NM200904120000000000000000000030', 'www.runwaysdk.com', 'qmxpvyu06fz0725ao25yv67bjoum4r30NM200904120000000000000000000030');
INSERT INTO md_parameter ( metadata, parameter_order, parameter_name, parameter_type, display_label, id) VALUES ('isjho9x6xnpfmdxnh5u7hz9u2s7rx5ie20070427JS0000000000000000001514', 1, 'relationshipType', 'java.lang.String[]', '8q4bsylguwmq3rvk8nmj5b7ip50wszmgNM200904120000000000000000000030', 'iihi2yojryvxcj9mnvhf0vpkeoh21ckp20070427JS0000000000000000001517');
INSERT INTO metadata ( description, created_by, owner, id, create_date, seq, type, remove, site_master, locked_by, entity_domain, last_updated_by, last_update_date, key_name) VALUES ('qmxpvyu06fz0725ao25yv67bjoum4r30NM200904120000000000000000000030', '0000000000000000000000000000001000000000000000000000000000000003', '0000000000000000000000000000001000000000000000000000000000000003', 'iihi2yojryvxcj9mnvhf0vpkeoh21ckp20070427JS0000000000000000001517', '2014-07-17 17:53:56', 4835, 'com.runwaysdk.system.metadata.MdParameter', 1, 'www.runwaysdk.com', NULL, NULL, '0000000000000000000000000000001000000000000000000000000000000003', '2014-07-17 17:53:56', 'com.runwaysdk.system.ontology.TermUtil.getDirectDescendants.relationshipType');
INSERT INTO metadata_parameter ( site_master, last_updated_by, create_date, seq, locked_by, entity_domain, created_by, type, last_update_date, key_name, owner, id, parent_id, child_id) VALUES ('www.runwaysdk.com', '0000000000000000000000000000001000000000000000000000000000000003', '2014-07-17 17:53:56', 4836, NULL, NULL, '0000000000000000000000000000001000000000000000000000000000000003', 'com.runwaysdk.system.MetadataParameter', '2014-07-17 17:53:56', 'com.runwaysdk.system.ontology.TermUtil.getDirectDescendants.relationshipType', '0000000000000000000000000000001000000000000000000000000000000003', 'iihi2yojryvxcj9mnvhf0vpkeoh21ckp20070427JS0000000000000000001524', 'isjho9x6xnpfmdxnh5u7hz9u2s7rx5ie20070427JS0000000000000000001514', 'iihi2yojryvxcj9mnvhf0vpkeoh21ckp20070427JS0000000000000000001517');
INSERT INTO metadata_display_label ( default_locale, id, site_master, key_name) VALUES ('addLink', 'zbpzi00c24nhwnnb2o96jfkolidp1o3dNM200904120000000000000000000030', 'www.runwaysdk.com', 'zbpzi00c24nhwnnb2o96jfkolidp1o3dNM200904120000000000000000000030');
INSERT INTO metadata_display_label ( default_locale, id, site_master, key_name) VALUES ('Creates a new relationship between the two terms.', '8o7ejgyu4n5a1j6ac6e5if0gi7xb7yrvNM200904120000000000000000000030', 'www.runwaysdk.com', '8o7ejgyu4n5a1j6ac6e5if0gi7xb7yrvNM200904120000000000000000000030');
INSERT INTO md_method ( method_name, md_type, is_static, return_type, display_label, id) VALUES ('addLink', 'ipaxkm633iyjyp8s0n29iip6h5bcv87a20080226NM0000000000000000000003', 1, 'com.runwaysdk.business.Relationship', 'zbpzi00c24nhwnnb2o96jfkolidp1o3dNM200904120000000000000000000030', 'ipd53aarijt7sz1mfoqsd7tfll4attbb20070427JS0000000000000000001514');
INSERT INTO metadata ( description, created_by, owner, id, create_date, seq, type, remove, site_master, locked_by, entity_domain, last_updated_by, last_update_date, key_name) VALUES ('8o7ejgyu4n5a1j6ac6e5if0gi7xb7yrvNM200904120000000000000000000030', '0000000000000000000000000000001000000000000000000000000000000003', '0000000000000000000000000000001000000000000000000000000000000003', 'ipd53aarijt7sz1mfoqsd7tfll4attbb20070427JS0000000000000000001514', '2014-07-17 17:53:56', 4837, 'com.runwaysdk.system.metadata.MdMethod', 1, 'www.runwaysdk.com', NULL, NULL, '0000000000000000000000000000001000000000000000000000000000000003', '2014-07-17 17:53:56', 'com.runwaysdk.system.ontology.TermUtil.addLink');
INSERT INTO type_method ( id, parent_id, child_id) VALUES ('ipd53aarijt7sz1mfoqsd7tfll4attbb20070427JS0000000000000000001520', 'ipaxkm633iyjyp8s0n29iip6h5bcv87a20080226NM0000000000000000000003', 'ipd53aarijt7sz1mfoqsd7tfll4attbb20070427JS0000000000000000001514');
INSERT INTO metadata_relationship ( entity_domain, site_master, last_updated_by, id, owner, locked_by, create_date, type, created_by, seq, key_name, last_update_date, parent_id, child_id) VALUES (NULL, 'www.runwaysdk.com', '0000000000000000000000000000001000000000000000000000000000000003', 'ipd53aarijt7sz1mfoqsd7tfll4attbb20070427JS0000000000000000001520', '0000000000000000000000000000001000000000000000000000000000000003', NULL, '2014-07-17 17:53:56', 'com.runwaysdk.system.metadata.TypeMethod', '0000000000000000000000000000001000000000000000000000000000000003', 4838, 'com.runwaysdk.system.ontology.TermUtil.addLink', '2014-07-17 17:53:56', 'ipaxkm633iyjyp8s0n29iip6h5bcv87a20080226NM0000000000000000000003', 'ipd53aarijt7sz1mfoqsd7tfll4attbb20070427JS0000000000000000001514');
INSERT INTO metadata_display_label ( default_locale, id, site_master, key_name) VALUES ('The child term''s id.', 'z7qpkba69ygtj29sw82c4nmha4ib7s4zNM200904120000000000000000000030', 'www.runwaysdk.com', 'z7qpkba69ygtj29sw82c4nmha4ib7s4zNM200904120000000000000000000030');
INSERT INTO metadata_display_label ( default_locale, id, site_master, key_name) VALUES ('The child term''s id.', 'z0a4fowizimter2iif1bgaioy550uao4NM200904120000000000000000000030', 'www.runwaysdk.com', 'z0a4fowizimter2iif1bgaioy550uao4NM200904120000000000000000000030');
INSERT INTO md_parameter ( metadata, parameter_order, parameter_name, parameter_type, display_label, id) VALUES ('ipd53aarijt7sz1mfoqsd7tfll4attbb20070427JS0000000000000000001514', 0, 'childId', 'java.lang.String', 'z7qpkba69ygtj29sw82c4nmha4ib7s4zNM200904120000000000000000000030', 'i7wyqoo8j0ntwrn790spzyau1r9pdmk320070427JS0000000000000000001517');
INSERT INTO metadata ( description, created_by, owner, id, create_date, seq, type, remove, site_master, locked_by, entity_domain, last_updated_by, last_update_date, key_name) VALUES ('z0a4fowizimter2iif1bgaioy550uao4NM200904120000000000000000000030', '0000000000000000000000000000001000000000000000000000000000000003', '0000000000000000000000000000001000000000000000000000000000000003', 'i7wyqoo8j0ntwrn790spzyau1r9pdmk320070427JS0000000000000000001517', '2014-07-17 17:53:56', 4839, 'com.runwaysdk.system.metadata.MdParameter', 1, 'www.runwaysdk.com', NULL, NULL, '0000000000000000000000000000001000000000000000000000000000000003', '2014-07-17 17:53:56', 'com.runwaysdk.system.ontology.TermUtil.addLink.childId');
INSERT INTO metadata_parameter ( site_master, last_updated_by, create_date, seq, locked_by, entity_domain, created_by, type, last_update_date, key_name, owner, id, parent_id, child_id) VALUES ('www.runwaysdk.com', '0000000000000000000000000000001000000000000000000000000000000003', '2014-07-17 17:53:56', 4840, NULL, NULL, '0000000000000000000000000000001000000000000000000000000000000003', 'com.runwaysdk.system.MetadataParameter', '2014-07-17 17:53:56', 'com.runwaysdk.system.ontology.TermUtil.addLink.childId', '0000000000000000000000000000001000000000000000000000000000000003', 'i7wyqoo8j0ntwrn790spzyau1r9pdmk320070427JS0000000000000000001524', 'ipd53aarijt7sz1mfoqsd7tfll4attbb20070427JS0000000000000000001514', 'i7wyqoo8j0ntwrn790spzyau1r9pdmk320070427JS0000000000000000001517');
INSERT INTO metadata_display_label ( default_locale, id, site_master, key_name) VALUES ('The parent term''s id.', '06qplwyibyirgzg60enbt52w3kswk5ioNM200904120000000000000000000030', 'www.runwaysdk.com', '06qplwyibyirgzg60enbt52w3kswk5ioNM200904120000000000000000000030');
INSERT INTO metadata_display_label ( default_locale, id, site_master, key_name) VALUES ('The parent term''s id.', '2epq4mj4j54vghfog25hm3iqrxw6wamyNM200904120000000000000000000030', 'www.runwaysdk.com', '2epq4mj4j54vghfog25hm3iqrxw6wamyNM200904120000000000000000000030');
INSERT INTO md_parameter ( metadata, parameter_order, parameter_name, parameter_type, display_label, id) VALUES ('ipd53aarijt7sz1mfoqsd7tfll4attbb20070427JS0000000000000000001514', 1, 'parentId', 'java.lang.String', '06qplwyibyirgzg60enbt52w3kswk5ioNM200904120000000000000000000030', 'isjk86iyqs9bioyxzfwulnv6jafpqbl120070427JS0000000000000000001517');
INSERT INTO metadata ( description, created_by, owner, id, create_date, seq, type, remove, site_master, locked_by, entity_domain, last_updated_by, last_update_date, key_name) VALUES ('2epq4mj4j54vghfog25hm3iqrxw6wamyNM200904120000000000000000000030', '0000000000000000000000000000001000000000000000000000000000000003', '0000000000000000000000000000001000000000000000000000000000000003', 'isjk86iyqs9bioyxzfwulnv6jafpqbl120070427JS0000000000000000001517', '2014-07-17 17:53:56', 4841, 'com.runwaysdk.system.metadata.MdParameter', 1, 'www.runwaysdk.com', NULL, NULL, '0000000000000000000000000000001000000000000000000000000000000003', '2014-07-17 17:53:56', 'com.runwaysdk.system.ontology.TermUtil.addLink.parentId');
INSERT INTO metadata_parameter ( site_master, last_updated_by, create_date, seq, locked_by, entity_domain, created_by, type, last_update_date, key_name, owner, id, parent_id, child_id) VALUES ('www.runwaysdk.com', '0000000000000000000000000000001000000000000000000000000000000003', '2014-07-17 17:53:56', 4842, NULL, NULL, '0000000000000000000000000000001000000000000000000000000000000003', 'com.runwaysdk.system.MetadataParameter', '2014-07-17 17:53:56', 'com.runwaysdk.system.ontology.TermUtil.addLink.parentId', '0000000000000000000000000000001000000000000000000000000000000003', 'isjk86iyqs9bioyxzfwulnv6jafpqbl120070427JS0000000000000000001524', 'ipd53aarijt7sz1mfoqsd7tfll4attbb20070427JS0000000000000000001514', 'isjk86iyqs9bioyxzfwulnv6jafpqbl120070427JS0000000000000000001517');
INSERT INTO metadata_display_label ( default_locale, id, site_master, key_name) VALUES ('The relationship type.', 'r9lbmu9wq3fknjqcvz2ozvq835l3op3zNM200904120000000000000000000030', 'www.runwaysdk.com', 'r9lbmu9wq3fknjqcvz2ozvq835l3op3zNM200904120000000000000000000030');
INSERT INTO metadata_display_label ( default_locale, id, site_master, key_name) VALUES ('The relationship type to create.', '1z4qlecj0ecq66ke9wlk0miu8b9dlre3NM200904120000000000000000000030', 'www.runwaysdk.com', '1z4qlecj0ecq66ke9wlk0miu8b9dlre3NM200904120000000000000000000030');
INSERT INTO md_parameter ( metadata, parameter_order, parameter_name, parameter_type, display_label, id) VALUES ('ipd53aarijt7sz1mfoqsd7tfll4attbb20070427JS0000000000000000001514', 2, 'relationshipType', 'java.lang.String', 'r9lbmu9wq3fknjqcvz2ozvq835l3op3zNM200904120000000000000000000030', 'iec3xkpld37prkkw5q9adcg2xwi7e5ec20070427JS0000000000000000001517');
INSERT INTO metadata ( description, created_by, owner, id, create_date, seq, type, remove, site_master, locked_by, entity_domain, last_updated_by, last_update_date, key_name) VALUES ('1z4qlecj0ecq66ke9wlk0miu8b9dlre3NM200904120000000000000000000030', '0000000000000000000000000000001000000000000000000000000000000003', '0000000000000000000000000000001000000000000000000000000000000003', 'iec3xkpld37prkkw5q9adcg2xwi7e5ec20070427JS0000000000000000001517', '2014-07-17 17:53:56', 4843, 'com.runwaysdk.system.metadata.MdParameter', 1, 'www.runwaysdk.com', NULL, NULL, '0000000000000000000000000000001000000000000000000000000000000003', '2014-07-17 17:53:56', 'com.runwaysdk.system.ontology.TermUtil.addLink.relationshipType');
INSERT INTO metadata_parameter ( site_master, last_updated_by, create_date, seq, locked_by, entity_domain, created_by, type, last_update_date, key_name, owner, id, parent_id, child_id) VALUES ('www.runwaysdk.com', '0000000000000000000000000000001000000000000000000000000000000003', '2014-07-17 17:53:56', 4844, NULL, NULL, '0000000000000000000000000000001000000000000000000000000000000003', 'com.runwaysdk.system.MetadataParameter', '2014-07-17 17:53:56', 'com.runwaysdk.system.ontology.TermUtil.addLink.relationshipType', '0000000000000000000000000000001000000000000000000000000000000003', 'iec3xkpld37prkkw5q9adcg2xwi7e5ec20070427JS0000000000000000001524', 'ipd53aarijt7sz1mfoqsd7tfll4attbb20070427JS0000000000000000001514', 'iec3xkpld37prkkw5q9adcg2xwi7e5ec20070427JS0000000000000000001517');
INSERT INTO metadata_display_label ( default_locale, id, site_master, key_name) VALUES ('removeLink', '6uditka6adn4p0z5aequ6uec5dg6wpm2NM200904120000000000000000000030', 'www.runwaysdk.com', '6uditka6adn4p0z5aequ6uec5dg6wpm2NM200904120000000000000000000030');
INSERT INTO metadata_display_label ( default_locale, id, site_master, key_name) VALUES ('Removes a relationship between the two terms.', '2dygcu3aq7e74nr7zbvxlnhpy1e64hobNM200904120000000000000000000030', 'www.runwaysdk.com', '2dygcu3aq7e74nr7zbvxlnhpy1e64hobNM200904120000000000000000000030');
INSERT INTO md_method ( method_name, md_type, is_static, return_type, display_label, id) VALUES ('removeLink', 'ipaxkm633iyjyp8s0n29iip6h5bcv87a20080226NM0000000000000000000003', 1, 'void', '6uditka6adn4p0z5aequ6uec5dg6wpm2NM200904120000000000000000000030', 'i7be0w3cwkw60t7j9s0nnii587afyfpi20070427JS0000000000000000001514');
INSERT INTO metadata ( description, created_by, owner, id, create_date, seq, type, remove, site_master, locked_by, entity_domain, last_updated_by, last_update_date, key_name) VALUES ('2dygcu3aq7e74nr7zbvxlnhpy1e64hobNM200904120000000000000000000030', '0000000000000000000000000000001000000000000000000000000000000003', '0000000000000000000000000000001000000000000000000000000000000003', 'i7be0w3cwkw60t7j9s0nnii587afyfpi20070427JS0000000000000000001514', '2014-07-17 17:53:56', 4845, 'com.runwaysdk.system.metadata.MdMethod', 1, 'www.runwaysdk.com', NULL, NULL, '0000000000000000000000000000001000000000000000000000000000000003', '2014-07-17 17:53:56', 'com.runwaysdk.system.ontology.TermUtil.removeLink');
INSERT INTO type_method ( id, parent_id, child_id) VALUES ('i7be0w3cwkw60t7j9s0nnii587afyfpi20070427JS0000000000000000001520', 'ipaxkm633iyjyp8s0n29iip6h5bcv87a20080226NM0000000000000000000003', 'i7be0w3cwkw60t7j9s0nnii587afyfpi20070427JS0000000000000000001514');
INSERT INTO metadata_relationship ( entity_domain, site_master, last_updated_by, id, owner, locked_by, create_date, type, created_by, seq, key_name, last_update_date, parent_id, child_id) VALUES (NULL, 'www.runwaysdk.com', '0000000000000000000000000000001000000000000000000000000000000003', 'i7be0w3cwkw60t7j9s0nnii587afyfpi20070427JS0000000000000000001520', '0000000000000000000000000000001000000000000000000000000000000003', NULL, '2014-07-17 17:53:56', 'com.runwaysdk.system.metadata.TypeMethod', '0000000000000000000000000000001000000000000000000000000000000003', 4846, 'com.runwaysdk.system.ontology.TermUtil.removeLink', '2014-07-17 17:53:56', 'ipaxkm633iyjyp8s0n29iip6h5bcv87a20080226NM0000000000000000000003', 'i7be0w3cwkw60t7j9s0nnii587afyfpi20070427JS0000000000000000001514');
INSERT INTO metadata_display_label ( default_locale, id, site_master, key_name) VALUES ('The child term''s id.', 't1um8ub8vrkn0mkh8esl10qdhe5jfyllNM200904120000000000000000000030', 'www.runwaysdk.com', 't1um8ub8vrkn0mkh8esl10qdhe5jfyllNM200904120000000000000000000030');
INSERT INTO metadata_display_label ( default_locale, id, site_master, key_name) VALUES ('The child term''s id.', 'xbgpywm1ditu1lnq7mqmcljwmalmcc7kNM200904120000000000000000000030', 'www.runwaysdk.com', 'xbgpywm1ditu1lnq7mqmcljwmalmcc7kNM200904120000000000000000000030');
INSERT INTO md_parameter ( metadata, parameter_order, parameter_name, parameter_type, display_label, id) VALUES ('i7be0w3cwkw60t7j9s0nnii587afyfpi20070427JS0000000000000000001514', 0, 'childId', 'java.lang.String', 't1um8ub8vrkn0mkh8esl10qdhe5jfyllNM200904120000000000000000000030', 'i1o7d4ybtfwtamelcxorfr0rvwx551z420070427JS0000000000000000001517');
INSERT INTO metadata ( description, created_by, owner, id, create_date, seq, type, remove, site_master, locked_by, entity_domain, last_updated_by, last_update_date, key_name) VALUES ('xbgpywm1ditu1lnq7mqmcljwmalmcc7kNM200904120000000000000000000030', '0000000000000000000000000000001000000000000000000000000000000003', '0000000000000000000000000000001000000000000000000000000000000003', 'i1o7d4ybtfwtamelcxorfr0rvwx551z420070427JS0000000000000000001517', '2014-07-17 17:53:56', 4847, 'com.runwaysdk.system.metadata.MdParameter', 1, 'www.runwaysdk.com', NULL, NULL, '0000000000000000000000000000001000000000000000000000000000000003', '2014-07-17 17:53:56', 'com.runwaysdk.system.ontology.TermUtil.removeLink.childId');
INSERT INTO metadata_parameter ( site_master, last_updated_by, create_date, seq, locked_by, entity_domain, created_by, type, last_update_date, key_name, owner, id, parent_id, child_id) VALUES ('www.runwaysdk.com', '0000000000000000000000000000001000000000000000000000000000000003', '2014-07-17 17:53:56', 4848, NULL, NULL, '0000000000000000000000000000001000000000000000000000000000000003', 'com.runwaysdk.system.MetadataParameter', '2014-07-17 17:53:56', 'com.runwaysdk.system.ontology.TermUtil.removeLink.childId', '0000000000000000000000000000001000000000000000000000000000000003', 'i1o7d4ybtfwtamelcxorfr0rvwx551z420070427JS0000000000000000001524', 'i7be0w3cwkw60t7j9s0nnii587afyfpi20070427JS0000000000000000001514', 'i1o7d4ybtfwtamelcxorfr0rvwx551z420070427JS0000000000000000001517');
INSERT INTO metadata_display_label ( default_locale, id, site_master, key_name) VALUES ('The parent term''s id.', '8gx1kek73fhi0b8de489opb8p0def29mNM200904120000000000000000000030', 'www.runwaysdk.com', '8gx1kek73fhi0b8de489opb8p0def29mNM200904120000000000000000000030');
INSERT INTO metadata_display_label ( default_locale, id, site_master, key_name) VALUES ('The parent term''s id.', '6yta7c0eo3mp272hbga7q6vcf6ec5xoaNM200904120000000000000000000030', 'www.runwaysdk.com', '6yta7c0eo3mp272hbga7q6vcf6ec5xoaNM200904120000000000000000000030');
INSERT INTO md_parameter ( metadata, parameter_order, parameter_name, parameter_type, display_label, id) VALUES ('i7be0w3cwkw60t7j9s0nnii587afyfpi20070427JS0000000000000000001514', 1, 'parentId', 'java.lang.String', '8gx1kek73fhi0b8de489opb8p0def29mNM200904120000000000000000000030', 'ie0bp1tjw0b2zfmmtw52efjtrsvockzf20070427JS0000000000000000001517');
INSERT INTO metadata ( description, created_by, owner, id, create_date, seq, type, remove, site_master, locked_by, entity_domain, last_updated_by, last_update_date, key_name) VALUES ('6yta7c0eo3mp272hbga7q6vcf6ec5xoaNM200904120000000000000000000030', '0000000000000000000000000000001000000000000000000000000000000003', '0000000000000000000000000000001000000000000000000000000000000003', 'ie0bp1tjw0b2zfmmtw52efjtrsvockzf20070427JS0000000000000000001517', '2014-07-17 17:53:56', 4849, 'com.runwaysdk.system.metadata.MdParameter', 1, 'www.runwaysdk.com', NULL, NULL, '0000000000000000000000000000001000000000000000000000000000000003', '2014-07-17 17:53:56', 'com.runwaysdk.system.ontology.TermUtil.removeLink.parentId');
INSERT INTO metadata_parameter ( site_master, last_updated_by, create_date, seq, locked_by, entity_domain, created_by, type, last_update_date, key_name, owner, id, parent_id, child_id) VALUES ('www.runwaysdk.com', '0000000000000000000000000000001000000000000000000000000000000003', '2014-07-17 17:53:56', 4850, NULL, NULL, '0000000000000000000000000000001000000000000000000000000000000003', 'com.runwaysdk.system.MetadataParameter', '2014-07-17 17:53:56', 'com.runwaysdk.system.ontology.TermUtil.removeLink.parentId', '0000000000000000000000000000001000000000000000000000000000000003', 'ie0bp1tjw0b2zfmmtw52efjtrsvockzf20070427JS0000000000000000001524', 'i7be0w3cwkw60t7j9s0nnii587afyfpi20070427JS0000000000000000001514', 'ie0bp1tjw0b2zfmmtw52efjtrsvockzf20070427JS0000000000000000001517');
INSERT INTO metadata_display_label ( default_locale, id, site_master, key_name) VALUES ('The relationship type.', '90enyqejtdr4x1hi3f7d5ouics6ah9i6NM200904120000000000000000000030', 'www.runwaysdk.com', '90enyqejtdr4x1hi3f7d5ouics6ah9i6NM200904120000000000000000000030');
INSERT INTO metadata_display_label ( default_locale, id, site_master, key_name) VALUES ('The relationship type to create.', 'sjb1kytcdyglvhi1f831w7xp6xyvt8xeNM200904120000000000000000000030', 'www.runwaysdk.com', 'sjb1kytcdyglvhi1f831w7xp6xyvt8xeNM200904120000000000000000000030');
INSERT INTO md_parameter ( metadata, parameter_order, parameter_name, parameter_type, display_label, id) VALUES ('i7be0w3cwkw60t7j9s0nnii587afyfpi20070427JS0000000000000000001514', 2, 'relationshipType', 'java.lang.String', '90enyqejtdr4x1hi3f7d5ouics6ah9i6NM200904120000000000000000000030', 'itwad6r6si9dv927rxddoezlu2g159nl20070427JS0000000000000000001517');
INSERT INTO metadata ( description, created_by, owner, id, create_date, seq, type, remove, site_master, locked_by, entity_domain, last_updated_by, last_update_date, key_name) VALUES ('sjb1kytcdyglvhi1f831w7xp6xyvt8xeNM200904120000000000000000000030', '0000000000000000000000000000001000000000000000000000000000000003', '0000000000000000000000000000001000000000000000000000000000000003', 'itwad6r6si9dv927rxddoezlu2g159nl20070427JS0000000000000000001517', '2014-07-17 17:53:56', 4851, 'com.runwaysdk.system.metadata.MdParameter', 1, 'www.runwaysdk.com', NULL, NULL, '0000000000000000000000000000001000000000000000000000000000000003', '2014-07-17 17:53:56', 'com.runwaysdk.system.ontology.TermUtil.removeLink.relationshipType');
INSERT INTO metadata_parameter ( site_master, last_updated_by, create_date, seq, locked_by, entity_domain, created_by, type, last_update_date, key_name, owner, id, parent_id, child_id) VALUES ('www.runwaysdk.com', '0000000000000000000000000000001000000000000000000000000000000003', '2014-07-17 17:53:56', 4852, NULL, NULL, '0000000000000000000000000000001000000000000000000000000000000003', 'com.runwaysdk.system.MetadataParameter', '2014-07-17 17:53:56', 'com.runwaysdk.system.ontology.TermUtil.removeLink.relationshipType', '0000000000000000000000000000001000000000000000000000000000000003', 'itwad6r6si9dv927rxddoezlu2g159nl20070427JS0000000000000000001524', 'i7be0w3cwkw60t7j9s0nnii587afyfpi20070427JS0000000000000000001514', 'itwad6r6si9dv927rxddoezlu2g159nl20070427JS0000000000000000001517');
INSERT INTO metadata_display_label ( default_locale, id, site_master, key_name) VALUES ('addAndRemoveLink', 'sdv48fg3t5zpikkv5905axm6z0zxhwk1NM200904120000000000000000000030', 'www.runwaysdk.com', 'sdv48fg3t5zpikkv5905axm6z0zxhwk1NM200904120000000000000000000030');
INSERT INTO metadata_display_label ( default_locale, id, site_master, key_name) VALUES ('Removes a relationship between the old parent and then creates a relationship with the new parent.', 'sl0aqnajwry06t17xud451nnif42sur4NM200904120000000000000000000030', 'www.runwaysdk.com', 'sl0aqnajwry06t17xud451nnif42sur4NM200904120000000000000000000030');
INSERT INTO md_method ( method_name, md_type, is_static, return_type, display_label, id) VALUES ('addAndRemoveLink', 'ipaxkm633iyjyp8s0n29iip6h5bcv87a20080226NM0000000000000000000003', 1, 'com.runwaysdk.business.Relationship', 'sdv48fg3t5zpikkv5905axm6z0zxhwk1NM200904120000000000000000000030', 'in9js0koz899j5a3kstel6k4rl119xfh20070427JS0000000000000000001514');
INSERT INTO metadata ( description, created_by, owner, id, create_date, seq, type, remove, site_master, locked_by, entity_domain, last_updated_by, last_update_date, key_name) VALUES ('sl0aqnajwry06t17xud451nnif42sur4NM200904120000000000000000000030', '0000000000000000000000000000001000000000000000000000000000000003', '0000000000000000000000000000001000000000000000000000000000000003', 'in9js0koz899j5a3kstel6k4rl119xfh20070427JS0000000000000000001514', '2014-07-17 17:53:56', 4853, 'com.runwaysdk.system.metadata.MdMethod', 1, 'www.runwaysdk.com', NULL, NULL, '0000000000000000000000000000001000000000000000000000000000000003', '2014-07-17 17:53:56', 'com.runwaysdk.system.ontology.TermUtil.addAndRemoveLink');
INSERT INTO type_method ( id, parent_id, child_id) VALUES ('in9js0koz899j5a3kstel6k4rl119xfh20070427JS0000000000000000001520', 'ipaxkm633iyjyp8s0n29iip6h5bcv87a20080226NM0000000000000000000003', 'in9js0koz899j5a3kstel6k4rl119xfh20070427JS0000000000000000001514');
INSERT INTO metadata_relationship ( entity_domain, site_master, last_updated_by, id, owner, locked_by, create_date, type, created_by, seq, key_name, last_update_date, parent_id, child_id) VALUES (NULL, 'www.runwaysdk.com', '0000000000000000000000000000001000000000000000000000000000000003', 'in9js0koz899j5a3kstel6k4rl119xfh20070427JS0000000000000000001520', '0000000000000000000000000000001000000000000000000000000000000003', NULL, '2014-07-17 17:53:56', 'com.runwaysdk.system.metadata.TypeMethod', '0000000000000000000000000000001000000000000000000000000000000003', 4854, 'com.runwaysdk.system.ontology.TermUtil.addAndRemoveLink', '2014-07-17 17:53:56', 'ipaxkm633iyjyp8s0n29iip6h5bcv87a20080226NM0000000000000000000003', 'in9js0koz899j5a3kstel6k4rl119xfh20070427JS0000000000000000001514');
INSERT INTO metadata_display_label ( default_locale, id, site_master, key_name) VALUES ('The child term''s id.', 'seq2fjvev4syjku3qham02guq7vry473NM200904120000000000000000000030', 'www.runwaysdk.com', 'seq2fjvev4syjku3qham02guq7vry473NM200904120000000000000000000030');
INSERT INTO metadata_display_label ( default_locale, id, site_master, key_name) VALUES ('The child term''s id.', '2dzdzpz1nn9yhuvojgsuhyd4lezd8g0nNM200904120000000000000000000030', 'www.runwaysdk.com', '2dzdzpz1nn9yhuvojgsuhyd4lezd8g0nNM200904120000000000000000000030');
INSERT INTO md_parameter ( metadata, parameter_order, parameter_name, parameter_type, display_label, id) VALUES ('in9js0koz899j5a3kstel6k4rl119xfh20070427JS0000000000000000001514', 0, 'childId', 'java.lang.String', 'seq2fjvev4syjku3qham02guq7vry473NM200904120000000000000000000030', 'igea5pe7v55ydametxjr36yu6ge0xqas20070427JS0000000000000000001517');
INSERT INTO metadata ( description, created_by, owner, id, create_date, seq, type, remove, site_master, locked_by, entity_domain, last_updated_by, last_update_date, key_name) VALUES ('2dzdzpz1nn9yhuvojgsuhyd4lezd8g0nNM200904120000000000000000000030', '0000000000000000000000000000001000000000000000000000000000000003', '0000000000000000000000000000001000000000000000000000000000000003', 'igea5pe7v55ydametxjr36yu6ge0xqas20070427JS0000000000000000001517', '2014-07-17 17:53:56', 4855, 'com.runwaysdk.system.metadata.MdParameter', 1, 'www.runwaysdk.com', NULL, NULL, '0000000000000000000000000000001000000000000000000000000000000003', '2014-07-17 17:53:56', 'com.runwaysdk.system.ontology.TermUtil.addAndRemoveLink.childId');
INSERT INTO metadata_parameter ( site_master, last_updated_by, create_date, seq, locked_by, entity_domain, created_by, type, last_update_date, key_name, owner, id, parent_id, child_id) VALUES ('www.runwaysdk.com', '0000000000000000000000000000001000000000000000000000000000000003', '2014-07-17 17:53:56', 4856, NULL, NULL, '0000000000000000000000000000001000000000000000000000000000000003', 'com.runwaysdk.system.MetadataParameter', '2014-07-17 17:53:56', 'com.runwaysdk.system.ontology.TermUtil.addAndRemoveLink.childId', '0000000000000000000000000000001000000000000000000000000000000003', 'igea5pe7v55ydametxjr36yu6ge0xqas20070427JS0000000000000000001524', 'in9js0koz899j5a3kstel6k4rl119xfh20070427JS0000000000000000001514', 'igea5pe7v55ydametxjr36yu6ge0xqas20070427JS0000000000000000001517');
INSERT INTO metadata_display_label ( default_locale, id, site_master, key_name) VALUES ('The old parent term''s id.', 'zk5roeeuyw99d3p4y3w0tqnlk1l62j8gNM200904120000000000000000000030', 'www.runwaysdk.com', 'zk5roeeuyw99d3p4y3w0tqnlk1l62j8gNM200904120000000000000000000030');
INSERT INTO metadata_display_label ( default_locale, id, site_master, key_name) VALUES ('The old parent term''s id.', '0ir829nmzxbybwhile8zx8x1qq1yvk8zNM200904120000000000000000000030', 'www.runwaysdk.com', '0ir829nmzxbybwhile8zx8x1qq1yvk8zNM200904120000000000000000000030');
INSERT INTO md_parameter ( metadata, parameter_order, parameter_name, parameter_type, display_label, id) VALUES ('in9js0koz899j5a3kstel6k4rl119xfh20070427JS0000000000000000001514', 1, 'oldParentId', 'java.lang.String', 'zk5roeeuyw99d3p4y3w0tqnlk1l62j8gNM200904120000000000000000000030', 'icszx0ole3r086tur2k0d1kpqbl498su20070427JS0000000000000000001517');
INSERT INTO metadata ( description, created_by, owner, id, create_date, seq, type, remove, site_master, locked_by, entity_domain, last_updated_by, last_update_date, key_name) VALUES ('0ir829nmzxbybwhile8zx8x1qq1yvk8zNM200904120000000000000000000030', '0000000000000000000000000000001000000000000000000000000000000003', '0000000000000000000000000000001000000000000000000000000000000003', 'icszx0ole3r086tur2k0d1kpqbl498su20070427JS0000000000000000001517', '2014-07-17 17:53:56', 4857, 'com.runwaysdk.system.metadata.MdParameter', 1, 'www.runwaysdk.com', NULL, NULL, '0000000000000000000000000000001000000000000000000000000000000003', '2014-07-17 17:53:56', 'com.runwaysdk.system.ontology.TermUtil.addAndRemoveLink.oldParentId');
INSERT INTO metadata_parameter ( site_master, last_updated_by, create_date, seq, locked_by, entity_domain, created_by, type, last_update_date, key_name, owner, id, parent_id, child_id) VALUES ('www.runwaysdk.com', '0000000000000000000000000000001000000000000000000000000000000003', '2014-07-17 17:53:56', 4858, NULL, NULL, '0000000000000000000000000000001000000000000000000000000000000003', 'com.runwaysdk.system.MetadataParameter', '2014-07-17 17:53:56', 'com.runwaysdk.system.ontology.TermUtil.addAndRemoveLink.oldParentId', '0000000000000000000000000000001000000000000000000000000000000003', 'icszx0ole3r086tur2k0d1kpqbl498su20070427JS0000000000000000001524', 'in9js0koz899j5a3kstel6k4rl119xfh20070427JS0000000000000000001514', 'icszx0ole3r086tur2k0d1kpqbl498su20070427JS0000000000000000001517');
INSERT INTO metadata_display_label ( default_locale, id, site_master, key_name) VALUES ('oldRelType', 'qujkczz0f4ng2acu9ugh6ol970r0af3bNM200904120000000000000000000030', 'www.runwaysdk.com', 'qujkczz0f4ng2acu9ugh6ol970r0af3bNM200904120000000000000000000030');
INSERT INTO metadata_display_label ( default_locale, id, site_master, key_name) VALUES ('The old relationship type to remove.', 'qye30umqlp41oa00hos3by29u2oecqbwNM200904120000000000000000000030', 'www.runwaysdk.com', 'qye30umqlp41oa00hos3by29u2oecqbwNM200904120000000000000000000030');
INSERT INTO md_parameter ( metadata, parameter_order, parameter_name, parameter_type, display_label, id) VALUES ('in9js0koz899j5a3kstel6k4rl119xfh20070427JS0000000000000000001514', 2, 'oldRelType', 'java.lang.String', 'qujkczz0f4ng2acu9ugh6ol970r0af3bNM200904120000000000000000000030', 'itlpsxg94h3w5i4jc2c254ek1kakwsjz20070427JS0000000000000000001517');
INSERT INTO metadata ( description, created_by, owner, id, create_date, seq, type, remove, site_master, locked_by, entity_domain, last_updated_by, last_update_date, key_name) VALUES ('qye30umqlp41oa00hos3by29u2oecqbwNM200904120000000000000000000030', '0000000000000000000000000000001000000000000000000000000000000003', '0000000000000000000000000000001000000000000000000000000000000003', 'itlpsxg94h3w5i4jc2c254ek1kakwsjz20070427JS0000000000000000001517', '2014-07-17 17:53:56', 4859, 'com.runwaysdk.system.metadata.MdParameter', 1, 'www.runwaysdk.com', NULL, NULL, '0000000000000000000000000000001000000000000000000000000000000003', '2014-07-17 17:53:56', 'com.runwaysdk.system.ontology.TermUtil.addAndRemoveLink.oldRelType');
INSERT INTO metadata_parameter ( site_master, last_updated_by, create_date, seq, locked_by, entity_domain, created_by, type, last_update_date, key_name, owner, id, parent_id, child_id) VALUES ('www.runwaysdk.com', '0000000000000000000000000000001000000000000000000000000000000003', '2014-07-17 17:53:56', 4860, NULL, NULL, '0000000000000000000000000000001000000000000000000000000000000003', 'com.runwaysdk.system.MetadataParameter', '2014-07-17 17:53:56', 'com.runwaysdk.system.ontology.TermUtil.addAndRemoveLink.oldRelType', '0000000000000000000000000000001000000000000000000000000000000003', 'itlpsxg94h3w5i4jc2c254ek1kakwsjz20070427JS0000000000000000001524', 'in9js0koz899j5a3kstel6k4rl119xfh20070427JS0000000000000000001514', 'itlpsxg94h3w5i4jc2c254ek1kakwsjz20070427JS0000000000000000001517');
INSERT INTO metadata_display_label ( default_locale, id, site_master, key_name) VALUES ('The new parent term''s id.', '0n644ixenqyl73nwwl41l7y4knc167kaNM200904120000000000000000000030', 'www.runwaysdk.com', '0n644ixenqyl73nwwl41l7y4knc167kaNM200904120000000000000000000030');
INSERT INTO metadata_display_label ( default_locale, id, site_master, key_name) VALUES ('The new parent term''s id.', '7d6m9np2xjeaxwe8zg0blh9fa63ufyweNM200904120000000000000000000030', 'www.runwaysdk.com', '7d6m9np2xjeaxwe8zg0blh9fa63ufyweNM200904120000000000000000000030');
INSERT INTO md_parameter ( metadata, parameter_order, parameter_name, parameter_type, display_label, id) VALUES ('in9js0koz899j5a3kstel6k4rl119xfh20070427JS0000000000000000001514', 3, 'newParentId', 'java.lang.String', '0n644ixenqyl73nwwl41l7y4knc167kaNM200904120000000000000000000030', 'ikmaxjedoxv4i65bfn2xc3pwwzdz8tcf20070427JS0000000000000000001517');
INSERT INTO metadata ( description, created_by, owner, id, create_date, seq, type, remove, site_master, locked_by, entity_domain, last_updated_by, last_update_date, key_name) VALUES ('7d6m9np2xjeaxwe8zg0blh9fa63ufyweNM200904120000000000000000000030', '0000000000000000000000000000001000000000000000000000000000000003', '0000000000000000000000000000001000000000000000000000000000000003', 'ikmaxjedoxv4i65bfn2xc3pwwzdz8tcf20070427JS0000000000000000001517', '2014-07-17 17:53:56', 4861, 'com.runwaysdk.system.metadata.MdParameter', 1, 'www.runwaysdk.com', NULL, NULL, '0000000000000000000000000000001000000000000000000000000000000003', '2014-07-17 17:53:56', 'com.runwaysdk.system.ontology.TermUtil.addAndRemoveLink.newParentId');
INSERT INTO metadata_parameter ( site_master, last_updated_by, create_date, seq, locked_by, entity_domain, created_by, type, last_update_date, key_name, owner, id, parent_id, child_id) VALUES ('www.runwaysdk.com', '0000000000000000000000000000001000000000000000000000000000000003', '2014-07-17 17:53:56', 4862, NULL, NULL, '0000000000000000000000000000001000000000000000000000000000000003', 'com.runwaysdk.system.MetadataParameter', '2014-07-17 17:53:56', 'com.runwaysdk.system.ontology.TermUtil.addAndRemoveLink.newParentId', '0000000000000000000000000000001000000000000000000000000000000003', 'ikmaxjedoxv4i65bfn2xc3pwwzdz8tcf20070427JS0000000000000000001524', 'in9js0koz899j5a3kstel6k4rl119xfh20070427JS0000000000000000001514', 'ikmaxjedoxv4i65bfn2xc3pwwzdz8tcf20070427JS0000000000000000001517');
INSERT INTO metadata_display_label ( default_locale, id, site_master, key_name) VALUES ('newRelType', '0t89dhs2lraiegpovt4ozhlm2npnmp6kNM200904120000000000000000000030', 'www.runwaysdk.com', '0t89dhs2lraiegpovt4ozhlm2npnmp6kNM200904120000000000000000000030');
INSERT INTO metadata_display_label ( default_locale, id, site_master, key_name) VALUES ('The new relationship type to create.', '28a1j3j8s34vfa67c7saeioyfcbviy8dNM200904120000000000000000000030', 'www.runwaysdk.com', '28a1j3j8s34vfa67c7saeioyfcbviy8dNM200904120000000000000000000030');
INSERT INTO md_parameter ( metadata, parameter_order, parameter_name, parameter_type, display_label, id) VALUES ('in9js0koz899j5a3kstel6k4rl119xfh20070427JS0000000000000000001514', 4, 'newRelType', 'java.lang.String', '0t89dhs2lraiegpovt4ozhlm2npnmp6kNM200904120000000000000000000030', 'i4vpb8rltt31dqarvqxgmg740gv1xj5l20070427JS0000000000000000001517');
INSERT INTO metadata ( description, created_by, owner, id, create_date, seq, type, remove, site_master, locked_by, entity_domain, last_updated_by, last_update_date, key_name) VALUES ('28a1j3j8s34vfa67c7saeioyfcbviy8dNM200904120000000000000000000030', '0000000000000000000000000000001000000000000000000000000000000003', '0000000000000000000000000000001000000000000000000000000000000003', 'i4vpb8rltt31dqarvqxgmg740gv1xj5l20070427JS0000000000000000001517', '2014-07-17 17:53:56', 4863, 'com.runwaysdk.system.metadata.MdParameter', 1, 'www.runwaysdk.com', NULL, NULL, '0000000000000000000000000000001000000000000000000000000000000003', '2014-07-17 17:53:56', 'com.runwaysdk.system.ontology.TermUtil.addAndRemoveLink.newRelType');
INSERT INTO metadata_parameter ( site_master, last_updated_by, create_date, seq, locked_by, entity_domain, created_by, type, last_update_date, key_name, owner, id, parent_id, child_id) VALUES ('www.runwaysdk.com', '0000000000000000000000000000001000000000000000000000000000000003', '2014-07-17 17:53:56', 4864, NULL, NULL, '0000000000000000000000000000001000000000000000000000000000000003', 'com.runwaysdk.system.MetadataParameter', '2014-07-17 17:53:56', 'com.runwaysdk.system.ontology.TermUtil.addAndRemoveLink.newRelType', '0000000000000000000000000000001000000000000000000000000000000003', 'i4vpb8rltt31dqarvqxgmg740gv1xj5l20070427JS0000000000000000001524', 'in9js0koz899j5a3kstel6k4rl119xfh20070427JS0000000000000000001514', 'i4vpb8rltt31dqarvqxgmg740gv1xj5l20070427JS0000000000000000001517');
INSERT INTO metadata_display_label ( default_locale, id, site_master, key_name) VALUES ('getTimestamp', 'r65dpmv7en0okcf9t697h2yyhfmrxkv9NM200904120000000000000000000030', 'www.runwaysdk.com', 'r65dpmv7en0okcf9t697h2yyhfmrxkv9NM200904120000000000000000000030');
INSERT INTO metadata_display_label ( default_locale, id, site_master, key_name) VALUES (NULL, 'z01q2nkx2p6dvxwyf70o5vu4sw6o0v60NM200904120000000000000000000030', 'www.runwaysdk.com', 'z01q2nkx2p6dvxwyf70o5vu4sw6o0v60NM200904120000000000000000000030');
INSERT INTO md_method ( method_name, md_type, is_static, return_type, display_label, id) VALUES ('getTimestamp', 'ipaxkm633iyjyp8s0n29iip6h5bcv87a20080226NM0000000000000000000003', 1, 'java.lang.String', 'r65dpmv7en0okcf9t697h2yyhfmrxkv9NM200904120000000000000000000030', 'ifcpvfynrvfzkvgbrdsqh1pahwl0o8mq20070427JS0000000000000000001514');
INSERT INTO metadata ( description, created_by, owner, id, create_date, seq, type, remove, site_master, locked_by, entity_domain, last_updated_by, last_update_date, key_name) VALUES ('z01q2nkx2p6dvxwyf70o5vu4sw6o0v60NM200904120000000000000000000030', '0000000000000000000000000000001000000000000000000000000000000003', '0000000000000000000000000000001000000000000000000000000000000003', 'ifcpvfynrvfzkvgbrdsqh1pahwl0o8mq20070427JS0000000000000000001514', '2014-07-17 17:53:56', 4865, 'com.runwaysdk.system.metadata.MdMethod', 1, 'www.runwaysdk.com', NULL, NULL, '0000000000000000000000000000001000000000000000000000000000000003', '2014-07-17 17:53:56', 'com.runwaysdk.system.ontology.TermUtil.getTimestamp');
INSERT INTO type_method ( id, parent_id, child_id) VALUES ('ifcpvfynrvfzkvgbrdsqh1pahwl0o8mq20070427JS0000000000000000001520', 'ipaxkm633iyjyp8s0n29iip6h5bcv87a20080226NM0000000000000000000003', 'ifcpvfynrvfzkvgbrdsqh1pahwl0o8mq20070427JS0000000000000000001514');
INSERT INTO metadata_relationship ( entity_domain, site_master, last_updated_by, id, owner, locked_by, create_date, type, created_by, seq, key_name, last_update_date, parent_id, child_id) VALUES (NULL, 'www.runwaysdk.com', '0000000000000000000000000000001000000000000000000000000000000003', 'ifcpvfynrvfzkvgbrdsqh1pahwl0o8mq20070427JS0000000000000000001520', '0000000000000000000000000000001000000000000000000000000000000003', NULL, '2014-07-17 17:53:56', 'com.runwaysdk.system.metadata.TypeMethod', '0000000000000000000000000000001000000000000000000000000000000003', 4866, 'com.runwaysdk.system.ontology.TermUtil.getTimestamp', '2014-07-17 17:53:56', 'ipaxkm633iyjyp8s0n29iip6h5bcv87a20080226NM0000000000000000000003', 'ifcpvfynrvfzkvgbrdsqh1pahwl0o8mq20070427JS0000000000000000001514');
INSERT INTO metadata_display_label ( default_locale, id, site_master, key_name) VALUES ('exportTerm', '6yngrz6eesbzx7vgqm3qfpxu2y201qixNM200904120000000000000000000030', 'www.runwaysdk.com', '6yngrz6eesbzx7vgqm3qfpxu2y201qixNM200904120000000000000000000030');
INSERT INTO metadata_display_label ( default_locale, id, site_master, key_name) VALUES (NULL, 'rd0qriw9le0hi9hjosmhps6eaa93kkmjNM200904120000000000000000000030', 'www.runwaysdk.com', 'rd0qriw9le0hi9hjosmhps6eaa93kkmjNM200904120000000000000000000030');
INSERT INTO md_method ( method_name, md_type, is_static, return_type, display_label, id) VALUES ('exportTerm', 'ipaxkm633iyjyp8s0n29iip6h5bcv87a20080226NM0000000000000000000003', 1, 'void', '6yngrz6eesbzx7vgqm3qfpxu2y201qixNM200904120000000000000000000030', 'iql02u87mv0cuoax9u0wc12ij6tc5cnh20070427JS0000000000000000001514');
INSERT INTO metadata ( description, created_by, owner, id, create_date, seq, type, remove, site_master, locked_by, entity_domain, last_updated_by, last_update_date, key_name) VALUES ('rd0qriw9le0hi9hjosmhps6eaa93kkmjNM200904120000000000000000000030', '0000000000000000000000000000001000000000000000000000000000000003', '0000000000000000000000000000001000000000000000000000000000000003', 'iql02u87mv0cuoax9u0wc12ij6tc5cnh20070427JS0000000000000000001514', '2014-07-17 17:53:56', 4867, 'com.runwaysdk.system.metadata.MdMethod', 1, 'www.runwaysdk.com', NULL, NULL, '0000000000000000000000000000001000000000000000000000000000000003', '2014-07-17 17:53:56', 'com.runwaysdk.system.ontology.TermUtil.exportTerm');
INSERT INTO type_method ( id, parent_id, child_id) VALUES ('iql02u87mv0cuoax9u0wc12ij6tc5cnh20070427JS0000000000000000001520', 'ipaxkm633iyjyp8s0n29iip6h5bcv87a20080226NM0000000000000000000003', 'iql02u87mv0cuoax9u0wc12ij6tc5cnh20070427JS0000000000000000001514');
INSERT INTO metadata_relationship ( entity_domain, site_master, last_updated_by, id, owner, locked_by, create_date, type, created_by, seq, key_name, last_update_date, parent_id, child_id) VALUES (NULL, 'www.runwaysdk.com', '0000000000000000000000000000001000000000000000000000000000000003', 'iql02u87mv0cuoax9u0wc12ij6tc5cnh20070427JS0000000000000000001520', '0000000000000000000000000000001000000000000000000000000000000003', NULL, '2014-07-17 17:53:56', 'com.runwaysdk.system.metadata.TypeMethod', '0000000000000000000000000000001000000000000000000000000000000003', 4868, 'com.runwaysdk.system.ontology.TermUtil.exportTerm', '2014-07-17 17:53:56', 'ipaxkm633iyjyp8s0n29iip6h5bcv87a20080226NM0000000000000000000003', 'iql02u87mv0cuoax9u0wc12ij6tc5cnh20070427JS0000000000000000001514');
INSERT INTO metadata_display_label ( default_locale, id, site_master, key_name) VALUES ('Output Stream', 'snocqfsjvb0n31mvbisi9a38nue6yvn9NM200904120000000000000000000030', 'www.runwaysdk.com', 'snocqfsjvb0n31mvbisi9a38nue6yvn9NM200904120000000000000000000030');
INSERT INTO metadata_display_label ( default_locale, id, site_master, key_name) VALUES ('Stream to write the term to.', 'z4hyqtqkg98spj7lo4fl69307cid3j2vNM200904120000000000000000000030', 'www.runwaysdk.com', 'z4hyqtqkg98spj7lo4fl69307cid3j2vNM200904120000000000000000000030');
INSERT INTO md_parameter ( metadata, parameter_order, parameter_name, parameter_type, display_label, id) VALUES ('iql02u87mv0cuoax9u0wc12ij6tc5cnh20070427JS0000000000000000001514', 0, 'outputStream', 'java.io.OutputStream', 'snocqfsjvb0n31mvbisi9a38nue6yvn9NM200904120000000000000000000030', 'id3yjh1r05ie2qvjzj1zkwbc3itx6h9z20070427JS0000000000000000001517');
INSERT INTO metadata ( description, created_by, owner, id, create_date, seq, type, remove, site_master, locked_by, entity_domain, last_updated_by, last_update_date, key_name) VALUES ('z4hyqtqkg98spj7lo4fl69307cid3j2vNM200904120000000000000000000030', '0000000000000000000000000000001000000000000000000000000000000003', '0000000000000000000000000000001000000000000000000000000000000003', 'id3yjh1r05ie2qvjzj1zkwbc3itx6h9z20070427JS0000000000000000001517', '2014-07-17 17:53:56', 4869, 'com.runwaysdk.system.metadata.MdParameter', 1, 'www.runwaysdk.com', NULL, NULL, '0000000000000000000000000000001000000000000000000000000000000003', '2014-07-17 17:53:56', 'com.runwaysdk.system.ontology.TermUtil.exportTerm.outputStream');
INSERT INTO metadata_parameter ( site_master, last_updated_by, create_date, seq, locked_by, entity_domain, created_by, type, last_update_date, key_name, owner, id, parent_id, child_id) VALUES ('www.runwaysdk.com', '0000000000000000000000000000001000000000000000000000000000000003', '2014-07-17 17:53:56', 4870, NULL, NULL, '0000000000000000000000000000001000000000000000000000000000000003', 'com.runwaysdk.system.MetadataParameter', '2014-07-17 17:53:56', 'com.runwaysdk.system.ontology.TermUtil.exportTerm.outputStream', '0000000000000000000000000000001000000000000000000000000000000003', 'id3yjh1r05ie2qvjzj1zkwbc3itx6h9z20070427JS0000000000000000001524', 'iql02u87mv0cuoax9u0wc12ij6tc5cnh20070427JS0000000000000000001514', 'id3yjh1r05ie2qvjzj1zkwbc3itx6h9z20070427JS0000000000000000001517');
INSERT INTO metadata_display_label ( default_locale, id, site_master, key_name) VALUES ('The parent term''s id.', 'znijjfob17zolkviduxqbfo42c395kozNM200904120000000000000000000030', 'www.runwaysdk.com', 'znijjfob17zolkviduxqbfo42c395kozNM200904120000000000000000000030');
INSERT INTO metadata_display_label ( default_locale, id, site_master, key_name) VALUES ('The parent term''s id.', 't2fm4zpdvuy5on5lgh8ka4qxhwwxb9z3NM200904120000000000000000000030', 'www.runwaysdk.com', 't2fm4zpdvuy5on5lgh8ka4qxhwwxb9z3NM200904120000000000000000000030');
INSERT INTO md_parameter ( metadata, parameter_order, parameter_name, parameter_type, display_label, id) VALUES ('iql02u87mv0cuoax9u0wc12ij6tc5cnh20070427JS0000000000000000001514', 1, 'parentId', 'java.lang.String', 'znijjfob17zolkviduxqbfo42c395kozNM200904120000000000000000000030', 'i7b1em5c95tadsjt5ec0fhas9smetevl20070427JS0000000000000000001517');
INSERT INTO metadata ( description, created_by, owner, id, create_date, seq, type, remove, site_master, locked_by, entity_domain, last_updated_by, last_update_date, key_name) VALUES ('t2fm4zpdvuy5on5lgh8ka4qxhwwxb9z3NM200904120000000000000000000030', '0000000000000000000000000000001000000000000000000000000000000003', '0000000000000000000000000000001000000000000000000000000000000003', 'i7b1em5c95tadsjt5ec0fhas9smetevl20070427JS0000000000000000001517', '2014-07-17 17:53:56', 4871, 'com.runwaysdk.system.metadata.MdParameter', 1, 'www.runwaysdk.com', NULL, NULL, '0000000000000000000000000000001000000000000000000000000000000003', '2014-07-17 17:53:56', 'com.runwaysdk.system.ontology.TermUtil.exportTerm.parentId');
INSERT INTO metadata_parameter ( site_master, last_updated_by, create_date, seq, locked_by, entity_domain, created_by, type, last_update_date, key_name, owner, id, parent_id, child_id) VALUES ('www.runwaysdk.com', '0000000000000000000000000000001000000000000000000000000000000003', '2014-07-17 17:53:56', 4872, NULL, NULL, '0000000000000000000000000000001000000000000000000000000000000003', 'com.runwaysdk.system.MetadataParameter', '2014-07-17 17:53:56', 'com.runwaysdk.system.ontology.TermUtil.exportTerm.parentId', '0000000000000000000000000000001000000000000000000000000000000003', 'i7b1em5c95tadsjt5ec0fhas9smetevl20070427JS0000000000000000001524', 'iql02u87mv0cuoax9u0wc12ij6tc5cnh20070427JS0000000000000000001514', 'i7b1em5c95tadsjt5ec0fhas9smetevl20070427JS0000000000000000001517');
INSERT INTO metadata_display_label ( default_locale, id, site_master, key_name) VALUES ('Export parent.', '1uesso3g3rv2e0t5ie35ko5g1q6dkjz2NM200904120000000000000000000030', 'www.runwaysdk.com', '1uesso3g3rv2e0t5ie35ko5g1q6dkjz2NM200904120000000000000000000030');
INSERT INTO metadata_display_label ( default_locale, id, site_master, key_name) VALUES ('Should the parent term be included in the export?', '8k4v2yu8iitm86r8hafzxdoeul7b4splNM200904120000000000000000000030', 'www.runwaysdk.com', '8k4v2yu8iitm86r8hafzxdoeul7b4splNM200904120000000000000000000030');
INSERT INTO md_parameter ( metadata, parameter_order, parameter_name, parameter_type, display_label, id) VALUES ('iql02u87mv0cuoax9u0wc12ij6tc5cnh20070427JS0000000000000000001514', 2, 'exportParent', 'java.lang.Boolean', '1uesso3g3rv2e0t5ie35ko5g1q6dkjz2NM200904120000000000000000000030', 'i2psmb9rys4hh01i6v8oxalfiri1zg6c20070427JS0000000000000000001517');
INSERT INTO metadata ( description, created_by, owner, id, create_date, seq, type, remove, site_master, locked_by, entity_domain, last_updated_by, last_update_date, key_name) VALUES ('8k4v2yu8iitm86r8hafzxdoeul7b4splNM200904120000000000000000000030', '0000000000000000000000000000001000000000000000000000000000000003', '0000000000000000000000000000001000000000000000000000000000000003', 'i2psmb9rys4hh01i6v8oxalfiri1zg6c20070427JS0000000000000000001517', '2014-07-17 17:53:56', 4873, 'com.runwaysdk.system.metadata.MdParameter', 1, 'www.runwaysdk.com', NULL, NULL, '0000000000000000000000000000001000000000000000000000000000000003', '2014-07-17 17:53:56', 'com.runwaysdk.system.ontology.TermUtil.exportTerm.exportParent');
INSERT INTO metadata_parameter ( site_master, last_updated_by, create_date, seq, locked_by, entity_domain, created_by, type, last_update_date, key_name, owner, id, parent_id, child_id) VALUES ('www.runwaysdk.com', '0000000000000000000000000000001000000000000000000000000000000003', '2014-07-17 17:53:56', 4874, NULL, NULL, '0000000000000000000000000000001000000000000000000000000000000003', 'com.runwaysdk.system.MetadataParameter', '2014-07-17 17:53:56', 'com.runwaysdk.system.ontology.TermUtil.exportTerm.exportParent', '0000000000000000000000000000001000000000000000000000000000000003', 'i2psmb9rys4hh01i6v8oxalfiri1zg6c20070427JS0000000000000000001524', 'iql02u87mv0cuoax9u0wc12ij6tc5cnh20070427JS0000000000000000001514', 'i2psmb9rys4hh01i6v8oxalfiri1zg6c20070427JS0000000000000000001517');
INSERT INTO metadata_display_label ( default_locale, id, site_master, key_name) VALUES ('File format.', '05plbn6m5xfo4py9nnrek4mdt2gfloxmNM200904120000000000000000000030', 'www.runwaysdk.com', '05plbn6m5xfo4py9nnrek4mdt2gfloxmNM200904120000000000000000000030');
INSERT INTO metadata_display_label ( default_locale, id, site_master, key_name) VALUES ('The file format in which to export this heirarchy.', '8t54744y5vk23m2yevffxa356aaft9gmNM200904120000000000000000000030', 'www.runwaysdk.com', '8t54744y5vk23m2yevffxa356aaft9gmNM200904120000000000000000000030');
INSERT INTO md_parameter ( metadata, parameter_order, parameter_name, parameter_type, display_label, id) VALUES ('iql02u87mv0cuoax9u0wc12ij6tc5cnh20070427JS0000000000000000001514', 3, 'format', 'com.runwaysdk.system.ontology.io.TermFileFormat', '05plbn6m5xfo4py9nnrek4mdt2gfloxmNM200904120000000000000000000030', 'ibeb33616gp8ukte5i4vews10d6bqmrg20070427JS0000000000000000001517');
INSERT INTO metadata ( description, created_by, owner, id, create_date, seq, type, remove, site_master, locked_by, entity_domain, last_updated_by, last_update_date, key_name) VALUES ('8t54744y5vk23m2yevffxa356aaft9gmNM200904120000000000000000000030', '0000000000000000000000000000001000000000000000000000000000000003', '0000000000000000000000000000001000000000000000000000000000000003', 'ibeb33616gp8ukte5i4vews10d6bqmrg20070427JS0000000000000000001517', '2014-07-17 17:53:56', 4875, 'com.runwaysdk.system.metadata.MdParameter', 1, 'www.runwaysdk.com', NULL, NULL, '0000000000000000000000000000001000000000000000000000000000000003', '2014-07-17 17:53:56', 'com.runwaysdk.system.ontology.TermUtil.exportTerm.format');
INSERT INTO metadata_parameter ( site_master, last_updated_by, create_date, seq, locked_by, entity_domain, created_by, type, last_update_date, key_name, owner, id, parent_id, child_id) VALUES ('www.runwaysdk.com', '0000000000000000000000000000001000000000000000000000000000000003', '2014-07-17 17:53:56', 4876, NULL, NULL, '0000000000000000000000000000001000000000000000000000000000000003', 'com.runwaysdk.system.MetadataParameter', '2014-07-17 17:53:56', 'com.runwaysdk.system.ontology.TermUtil.exportTerm.format', '0000000000000000000000000000001000000000000000000000000000000003', 'ibeb33616gp8ukte5i4vews10d6bqmrg20070427JS0000000000000000001524', 'iql02u87mv0cuoax9u0wc12ij6tc5cnh20070427JS0000000000000000001514', 'ibeb33616gp8ukte5i4vews10d6bqmrg20070427JS0000000000000000001517');
UPDATE md_business SET cache_algorithm= '8mfrr54ww1iud34pnm5li2vwscp09l3c' , cache_algorithm_c= '0000000000000000000000000000023100000000000000000000000000000222' , super_md_business= '0000000000000000000000000000020600000000000000000000000000000001' , id= 'ijx9e3jr9ek5n2nqrtjigcfvlhkrwm4500000000000000000000000000000001'  WHERE id='ijx9e3jr9ek5n2nqrtjigcfvlhkrwm4500000000000000000000000000000001';
UPDATE md_element SET extendable= 0 , id= 'ijx9e3jr9ek5n2nqrtjigcfvlhkrwm4500000000000000000000000000000001'  WHERE id='ijx9e3jr9ek5n2nqrtjigcfvlhkrwm4500000000000000000000000000000001';
UPDATE md_entity SET table_name= 'term_file_format_master' , id= 'ijx9e3jr9ek5n2nqrtjigcfvlhkrwm4500000000000000000000000000000001'  WHERE id='ijx9e3jr9ek5n2nqrtjigcfvlhkrwm4500000000000000000000000000000001';
UPDATE md_type SET display_label= 'xsi39kx0wdc28tfebhbcfkx25ajyy2aqNM200904120000000000000000000030' , root_id= 'ijx9e3jr9ek5n2nqrtjigcfvlhkrwm45' , package_name= 'com.runwaysdk.system.ontology.io' , type_name= 'TermFileFormatMaster' , id= 'ijx9e3jr9ek5n2nqrtjigcfvlhkrwm4500000000000000000000000000000001'  WHERE id='ijx9e3jr9ek5n2nqrtjigcfvlhkrwm4500000000000000000000000000000001';
UPDATE metadata SET description= '8h5pn0ayo83mbpfh0dhb1yea60ne5o41NM200904120000000000000000000030' , created_by= '0000000000000000000000000000001000000000000000000000000000000003' , owner= '0000000000000000000000000000001000000000000000000000000000000003' , id= 'ijx9e3jr9ek5n2nqrtjigcfvlhkrwm4500000000000000000000000000000001' , create_date= '2014-07-17 17:53:56' , seq= 4877 , type= 'com.runwaysdk.system.metadata.MdBusiness' , site_master= 'www.runwaysdk.com' , last_updated_by= '0000000000000000000000000000001000000000000000000000000000000003' , last_update_date= '2014-07-17 17:53:56' , key_name= 'com.runwaysdk.system.ontology.io.TermFileFormatMaster'  WHERE id='ijx9e3jr9ek5n2nqrtjigcfvlhkrwm4500000000000000000000000000000001';
UPDATE md_enumeration SET include_all= 1 , master_md_business= 'ijx9e3jr9ek5n2nqrtjigcfvlhkrwm4500000000000000000000000000000001' , table_name= 'termfileformat' , id= 'ifuhvm5e8hc5ekmvnmse5dqalrc4de4q00000000000000000000000000000196'  WHERE id='ifuhvm5e8hc5ekmvnmse5dqalrc4de4q00000000000000000000000000000196';
UPDATE md_type SET display_label= '74su8kq85u4xzv80c4uj2wg0kx49ghquNM200904120000000000000000000030' , root_id= 'ifuhvm5e8hc5ekmvnmse5dqalrc4de4q' , package_name= 'com.runwaysdk.system.ontology.io' , type_name= 'TermFileFormat' , id= 'ifuhvm5e8hc5ekmvnmse5dqalrc4de4q00000000000000000000000000000196'  WHERE id='ifuhvm5e8hc5ekmvnmse5dqalrc4de4q00000000000000000000000000000196';
UPDATE metadata SET description= '6s3471ftgt40nry72iyd0rv9mzrrbrgqNM200904120000000000000000000030' , created_by= '0000000000000000000000000000001000000000000000000000000000000003' , owner= '0000000000000000000000000000001000000000000000000000000000000003' , id= 'ifuhvm5e8hc5ekmvnmse5dqalrc4de4q00000000000000000000000000000196' , create_date= '2014-07-17 17:53:56' , seq= 4878 , type= 'com.runwaysdk.system.metadata.MdEnumeration' , site_master= 'www.runwaysdk.com' , last_updated_by= '0000000000000000000000000000001000000000000000000000000000000003' , last_update_date= '2014-07-17 17:53:56' , key_name= 'com.runwaysdk.system.ontology.io.TermFileFormat'  WHERE id='ifuhvm5e8hc5ekmvnmse5dqalrc4de4q00000000000000000000000000000196';
UPDATE md_type SET display_label= 'z538fd5llcxa4h5m2x0x4p5uqurq90z2NM200904120000000000000000000030' , root_id= 'ipaxkm633iyjyp8s0n29iip6h5bcv87a' , package_name= 'com.runwaysdk.system.ontology' , type_name= 'TermUtil' , id= 'ipaxkm633iyjyp8s0n29iip6h5bcv87a20080226NM0000000000000000000003'  WHERE id='ipaxkm633iyjyp8s0n29iip6h5bcv87a20080226NM0000000000000000000003';
UPDATE metadata SET description= '0126a3979upqtcfzmxeck1gkpo0lltzlNM200904120000000000000000000030' , created_by= '0000000000000000000000000000001000000000000000000000000000000003' , owner= '0000000000000000000000000000001000000000000000000000000000000003' , id= 'ipaxkm633iyjyp8s0n29iip6h5bcv87a20080226NM0000000000000000000003' , create_date= '2014-07-17 17:53:56' , seq= 4879 , type= 'com.runwaysdk.system.metadata.MdUtil' , site_master= 'www.runwaysdk.com' , last_updated_by= '0000000000000000000000000000001000000000000000000000000000000003' , last_update_date= '2014-07-17 17:53:56' , key_name= 'com.runwaysdk.system.ontology.TermUtil'  WHERE id='ipaxkm633iyjyp8s0n29iip6h5bcv87a20080226NM0000000000000000000003';
