INSERT INTO dynamic_properties ( version_number, id) VALUES ('0001398271111554', '000000000000000000000');
INSERT INTO metadata_display_label ( default_locale, id, site_master, key_name) VALUES ('Term Util', 'r39yunf9vyv76hdtkowix6icmy9o4563NM200904120000000000000000000030', 'www.runwaysdk.com', 'r39yunf9vyv76hdtkowix6icmy9o4563NM200904120000000000000000000030');
INSERT INTO metadata_display_label ( default_locale, id, site_master, key_name) VALUES (NULL, '01e7e6qln7mye6y5rikhgukevtlem473NM200904120000000000000000000030', 'www.runwaysdk.com', '01e7e6qln7mye6y5rikhgukevtlem473NM200904120000000000000000000030');
INSERT INTO md_util ( super_md_util, id) VALUES (NULL, 'rabubmpm04i8h8fyrh1gm3uagiamqovk20080226NM0000000000000000000003');
INSERT INTO md_session ( id) VALUES ('rabubmpm04i8h8fyrh1gm3uagiamqovk20080226NM0000000000000000000003');
INSERT INTO md_transient ( extendable, is_abstract, id) VALUES (1, 0, 'rabubmpm04i8h8fyrh1gm3uagiamqovk20080226NM0000000000000000000003');
INSERT INTO md_class ( publish, stub_dto_source, stub_source, id) VALUES (1, NULL, NULL, 'rabubmpm04i8h8fyrh1gm3uagiamqovk20080226NM0000000000000000000003');
INSERT INTO md_type ( display_label, root_id, package_name, type_name, base_source, js_base, js_stub, exported, dto_source, id) VALUES ('r39yunf9vyv76hdtkowix6icmy9o4563NM200904120000000000000000000030', 'rabubmpm04i8h8fyrh1gm3uagiamqovk', 'com.runwaysdk.system.ontology', 'TermUtil', NULL, NULL, NULL, 1, NULL, 'rabubmpm04i8h8fyrh1gm3uagiamqovk20080226NM0000000000000000000003');
INSERT INTO metadata ( description, created_by, owner, id, create_date, seq, type, remove, site_master, locked_by, entity_domain, last_updated_by, last_update_date, key_name) VALUES ('01e7e6qln7mye6y5rikhgukevtlem473NM200904120000000000000000000030', '0000000000000000000000000000001000000000000000000000000000000003', '0000000000000000000000000000001000000000000000000000000000000003', 'rabubmpm04i8h8fyrh1gm3uagiamqovk20080226NM0000000000000000000003', '2014-04-30 18:24:07', 4718, 'com.runwaysdk.system.metadata.MdUtil', 1, 'www.runwaysdk.com', NULL, NULL, '0000000000000000000000000000001000000000000000000000000000000003', '2014-04-30 18:24:07', 'com.runwaysdk.system.ontology.TermUtil');
 INSERT INTO visibilitymodifier (set_id, item_id)  VALUES  ('0b04i39vzv1yw1ijslio415r6w9rqz22', '20071109NM000000000000000000000520071109NM0000000000000000000001');
INSERT INTO metadata_display_label ( default_locale, id, site_master, key_name) VALUES ('ID', 't160az69awkhe3u25mp7nya8hqbokvquNM200904120000000000000000000030', 'www.runwaysdk.com', 't160az69awkhe3u25mp7nya8hqbokvquNM200904120000000000000000000030');
 INSERT INTO visibilitymodifier (set_id, item_id)  VALUES  ('sq6lfbh05jgulonkf4qk1wgxa871zw45', '20071109NM000000000000000000000520071109NM0000000000000000000001');
 INSERT INTO md_attribute_indicies (set_id, item_id)  VALUES  ('xi2gxes68bk4fjxuwlpvjurjs1oroaqz', '0000000000000000000000000000040900000000000000000000000000000403');
INSERT INTO metadata_display_label ( default_locale, id, site_master, key_name) VALUES ('ID of this object', 'se8lplrq508r9zmd7khdlvv39tpbbu8eNM200904120000000000000000000030', 'www.runwaysdk.com', 'se8lplrq508r9zmd7khdlvv39tpbbu8eNM200904120000000000000000000030');
INSERT INTO md_attribute_character ( default_value, database_size, id) VALUES (NULL, 64, 'z9vpr4bxbfhxcvcvxl5d1f9b52xukh6z00000000000000000000000000000138');
INSERT INTO md_attribute_char ( id) VALUES ('z9vpr4bxbfhxcvcvxl5d1f9b52xukh6z00000000000000000000000000000138');
INSERT INTO md_attribute_primitive ( id) VALUES ('z9vpr4bxbfhxcvcvxl5d1f9b52xukh6z00000000000000000000000000000138');
INSERT INTO md_attribute_concrete ( column_name, defining_md_class, setter_visibility, setter_visibility_c, immutable, index_name, generate_accessor, system, required, display_label, getter_visibility, getter_visibility_c, index_type, index_type_c, attribute_name, id) VALUES ('n_a', 'rabubmpm04i8h8fyrh1gm3uagiamqovk20080226NM0000000000000000000003', '0b04i39vzv1yw1ijslio415r6w9rqz22', '20071109NM000000000000000000000520071109NM0000000000000000000001', 0, NULL, 1, 1, 1, 't160az69awkhe3u25mp7nya8hqbokvquNM200904120000000000000000000030', 'sq6lfbh05jgulonkf4qk1wgxa871zw45', '20071109NM000000000000000000000520071109NM0000000000000000000001', 'xi2gxes68bk4fjxuwlpvjurjs1oroaqz', '0000000000000000000000000000040900000000000000000000000000000403', 'id', 'z9vpr4bxbfhxcvcvxl5d1f9b52xukh6z00000000000000000000000000000138');
INSERT INTO md_attribute ( id) VALUES ('z9vpr4bxbfhxcvcvxl5d1f9b52xukh6z00000000000000000000000000000138');
INSERT INTO metadata ( description, created_by, owner, id, create_date, seq, type, remove, site_master, locked_by, entity_domain, last_updated_by, last_update_date, key_name) VALUES ('se8lplrq508r9zmd7khdlvv39tpbbu8eNM200904120000000000000000000030', '0000000000000000000000000000001000000000000000000000000000000003', '0000000000000000000000000000001000000000000000000000000000000003', 'z9vpr4bxbfhxcvcvxl5d1f9b52xukh6z00000000000000000000000000000138', '2014-04-30 18:24:07', 4719, 'com.runwaysdk.system.metadata.MdAttributeCharacter', 0, 'www.runwaysdk.com', NULL, NULL, '0000000000000000000000000000001000000000000000000000000000000003', '2014-04-30 18:24:07', 'com.runwaysdk.system.ontology.TermUtil.id');
INSERT INTO class_attribute_concrete ( id, parent_id, child_id) VALUES ('r92j7xnydl55auxd9bebih9xz8xbq0p000000000000000000000000000000073', 'rabubmpm04i8h8fyrh1gm3uagiamqovk20080226NM0000000000000000000003', 'z9vpr4bxbfhxcvcvxl5d1f9b52xukh6z00000000000000000000000000000138');
INSERT INTO class_attribute ( id, parent_id, child_id) VALUES ('r92j7xnydl55auxd9bebih9xz8xbq0p000000000000000000000000000000073', 'rabubmpm04i8h8fyrh1gm3uagiamqovk20080226NM0000000000000000000003', 'z9vpr4bxbfhxcvcvxl5d1f9b52xukh6z00000000000000000000000000000138');
INSERT INTO metadata_relationship ( entity_domain, site_master, last_updated_by, id, owner, locked_by, create_date, type, created_by, seq, key_name, last_update_date, parent_id, child_id) VALUES (NULL, 'www.runwaysdk.com', '0000000000000000000000000000001000000000000000000000000000000003', 'r92j7xnydl55auxd9bebih9xz8xbq0p000000000000000000000000000000073', '0000000000000000000000000000001000000000000000000000000000000003', NULL, '2014-04-30 18:24:07', 'com.runwaysdk.system.metadata.ClassAttributeConcrete', '0000000000000000000000000000001000000000000000000000000000000003', 4720, 'com.runwaysdk.system.ontology.TermUtil.id', '2014-04-30 18:24:07', 'rabubmpm04i8h8fyrh1gm3uagiamqovk20080226NM0000000000000000000003', 'z9vpr4bxbfhxcvcvxl5d1f9b52xukh6z00000000000000000000000000000138');
INSERT INTO metadata_display_label ( default_locale, id, site_master, key_name) VALUES ('getAllAncestors', '0e7kiuqfzmf6xe1y8tuolfgyzk15brk1NM200904120000000000000000000030', 'www.runwaysdk.com', '0e7kiuqfzmf6xe1y8tuolfgyzk15brk1NM200904120000000000000000000030');
INSERT INTO metadata_display_label ( default_locale, id, site_master, key_name) VALUES ('Delegates to the Ontology Strategy to fetch all ancestors of the term.', '095o3hiunalrn5u49qj1motkpy8wnwwvNM200904120000000000000000000030', 'www.runwaysdk.com', '095o3hiunalrn5u49qj1motkpy8wnwwvNM200904120000000000000000000030');
INSERT INTO md_method ( method_name, md_type, is_static, return_type, display_label, id) VALUES ('getAllAncestors', 'rabubmpm04i8h8fyrh1gm3uagiamqovk20080226NM0000000000000000000003', 1, 'com.runwaysdk.business.ontology.Term[]', '0e7kiuqfzmf6xe1y8tuolfgyzk15brk1NM200904120000000000000000000030', '01o6mjcgfwzc8b8lc77njjfnfci6nz6r20070427JS0000000000000000001514');
INSERT INTO metadata ( description, created_by, owner, id, create_date, seq, type, remove, site_master, locked_by, entity_domain, last_updated_by, last_update_date, key_name) VALUES ('095o3hiunalrn5u49qj1motkpy8wnwwvNM200904120000000000000000000030', '0000000000000000000000000000001000000000000000000000000000000003', '0000000000000000000000000000001000000000000000000000000000000003', '01o6mjcgfwzc8b8lc77njjfnfci6nz6r20070427JS0000000000000000001514', '2014-04-30 18:24:07', 4721, 'com.runwaysdk.system.metadata.MdMethod', 1, 'www.runwaysdk.com', NULL, NULL, '0000000000000000000000000000001000000000000000000000000000000003', '2014-04-30 18:24:07', 'com.runwaysdk.system.ontology.TermUtil.getAllAncestors');
INSERT INTO type_method ( id, parent_id, child_id) VALUES ('76wkdqp20p03t0zvbzcpo0k7nyenhdpr20070427JS0000000000000000001520', 'rabubmpm04i8h8fyrh1gm3uagiamqovk20080226NM0000000000000000000003', '01o6mjcgfwzc8b8lc77njjfnfci6nz6r20070427JS0000000000000000001514');
INSERT INTO metadata_relationship ( entity_domain, site_master, last_updated_by, id, owner, locked_by, create_date, type, created_by, seq, key_name, last_update_date, parent_id, child_id) VALUES (NULL, 'www.runwaysdk.com', '0000000000000000000000000000001000000000000000000000000000000003', '76wkdqp20p03t0zvbzcpo0k7nyenhdpr20070427JS0000000000000000001520', '0000000000000000000000000000001000000000000000000000000000000003', NULL, '2014-04-30 18:24:07', 'com.runwaysdk.system.metadata.TypeMethod', '0000000000000000000000000000001000000000000000000000000000000003', 4722, 'com.runwaysdk.system.ontology.TermUtil.getAllAncestors', '2014-04-30 18:24:07', 'rabubmpm04i8h8fyrh1gm3uagiamqovk20080226NM0000000000000000000003', '01o6mjcgfwzc8b8lc77njjfnfci6nz6r20070427JS0000000000000000001514');
INSERT INTO metadata_display_label ( default_locale, id, site_master, key_name) VALUES ('The parent term''s id.', 'zn5yc4so884k1qkh8y6vtm4brrxcl0n5NM200904120000000000000000000030', 'www.runwaysdk.com', 'zn5yc4so884k1qkh8y6vtm4brrxcl0n5NM200904120000000000000000000030');
INSERT INTO metadata_display_label ( default_locale, id, site_master, key_name) VALUES ('The parent term''s id.', 'sw3s5lj5a3wytdn125p1s3mbug9p4siaNM200904120000000000000000000030', 'www.runwaysdk.com', 'sw3s5lj5a3wytdn125p1s3mbug9p4siaNM200904120000000000000000000030');
INSERT INTO md_parameter ( metadata, parameter_order, parameter_name, parameter_type, display_label, id) VALUES ('01o6mjcgfwzc8b8lc77njjfnfci6nz6r20070427JS0000000000000000001514', 0, 'termId', 'java.lang.String', 'zn5yc4so884k1qkh8y6vtm4brrxcl0n5NM200904120000000000000000000030', 'ss0apholelk1p5k7oy5wjkefmwltesrg20070427JS0000000000000000001517');
INSERT INTO metadata ( description, created_by, owner, id, create_date, seq, type, remove, site_master, locked_by, entity_domain, last_updated_by, last_update_date, key_name) VALUES ('sw3s5lj5a3wytdn125p1s3mbug9p4siaNM200904120000000000000000000030', '0000000000000000000000000000001000000000000000000000000000000003', '0000000000000000000000000000001000000000000000000000000000000003', 'ss0apholelk1p5k7oy5wjkefmwltesrg20070427JS0000000000000000001517', '2014-04-30 18:24:07', 4723, 'com.runwaysdk.system.metadata.MdParameter', 1, 'www.runwaysdk.com', NULL, NULL, '0000000000000000000000000000001000000000000000000000000000000003', '2014-04-30 18:24:07', 'com.runwaysdk.system.ontology.TermUtil.getAllAncestors.termId');
INSERT INTO metadata_parameter ( site_master, last_updated_by, create_date, seq, locked_by, entity_domain, created_by, type, last_update_date, key_name, owner, id, parent_id, child_id) VALUES ('www.runwaysdk.com', '0000000000000000000000000000001000000000000000000000000000000003', '2014-04-30 18:24:07', 4724, NULL, NULL, '0000000000000000000000000000001000000000000000000000000000000003', 'com.runwaysdk.system.MetadataParameter', '2014-04-30 18:24:07', 'com.runwaysdk.system.ontology.TermUtil.getAllAncestors.termId', '0000000000000000000000000000001000000000000000000000000000000003', 'zb1fb4zqvv7yvc810m7qi1uk6n8ta4k120070427JS0000000000000000001524', '01o6mjcgfwzc8b8lc77njjfnfci6nz6r20070427JS0000000000000000001514', 'ss0apholelk1p5k7oy5wjkefmwltesrg20070427JS0000000000000000001517');
INSERT INTO metadata_display_label ( default_locale, id, site_master, key_name) VALUES ('The relationship type.', 'zknj9nqjy3hlndmtxkjvnyvar27j8brhNM200904120000000000000000000030', 'www.runwaysdk.com', 'zknj9nqjy3hlndmtxkjvnyvar27j8brhNM200904120000000000000000000030');
INSERT INTO metadata_display_label ( default_locale, id, site_master, key_name) VALUES ('The relationship types to fetch. This parameter can be null, and if it is null it will fetch all relationships.', 'zmaee8lkzvc64h1s18pg0zhspg0hc5w3NM200904120000000000000000000030', 'www.runwaysdk.com', 'zmaee8lkzvc64h1s18pg0zhspg0hc5w3NM200904120000000000000000000030');
INSERT INTO md_parameter ( metadata, parameter_order, parameter_name, parameter_type, display_label, id) VALUES ('01o6mjcgfwzc8b8lc77njjfnfci6nz6r20070427JS0000000000000000001514', 1, 'relationshipType', 'java.lang.String[]', 'zknj9nqjy3hlndmtxkjvnyvar27j8brhNM200904120000000000000000000030', '0h3p8tbhbko1uk87jacjekb3v6algjpf20070427JS0000000000000000001517');
INSERT INTO metadata ( description, created_by, owner, id, create_date, seq, type, remove, site_master, locked_by, entity_domain, last_updated_by, last_update_date, key_name) VALUES ('zmaee8lkzvc64h1s18pg0zhspg0hc5w3NM200904120000000000000000000030', '0000000000000000000000000000001000000000000000000000000000000003', '0000000000000000000000000000001000000000000000000000000000000003', '0h3p8tbhbko1uk87jacjekb3v6algjpf20070427JS0000000000000000001517', '2014-04-30 18:24:07', 4725, 'com.runwaysdk.system.metadata.MdParameter', 1, 'www.runwaysdk.com', NULL, NULL, '0000000000000000000000000000001000000000000000000000000000000003', '2014-04-30 18:24:07', 'com.runwaysdk.system.ontology.TermUtil.getAllAncestors.relationshipType');
INSERT INTO metadata_parameter ( site_master, last_updated_by, create_date, seq, locked_by, entity_domain, created_by, type, last_update_date, key_name, owner, id, parent_id, child_id) VALUES ('www.runwaysdk.com', '0000000000000000000000000000001000000000000000000000000000000003', '2014-04-30 18:24:07', 4726, NULL, NULL, '0000000000000000000000000000001000000000000000000000000000000003', 'com.runwaysdk.system.MetadataParameter', '2014-04-30 18:24:07', 'com.runwaysdk.system.ontology.TermUtil.getAllAncestors.relationshipType', '0000000000000000000000000000001000000000000000000000000000000003', 'xnf4lr4biaixybpqpb28vpq5ypy8ry8t20070427JS0000000000000000001524', '01o6mjcgfwzc8b8lc77njjfnfci6nz6r20070427JS0000000000000000001514', '0h3p8tbhbko1uk87jacjekb3v6algjpf20070427JS0000000000000000001517');
INSERT INTO metadata_display_label ( default_locale, id, site_master, key_name) VALUES ('getAllDescendants', '8nyqga8b4grwhf1uvm4by89r51q4soonNM200904120000000000000000000030', 'www.runwaysdk.com', '8nyqga8b4grwhf1uvm4by89r51q4soonNM200904120000000000000000000030');
INSERT INTO metadata_display_label ( default_locale, id, site_master, key_name) VALUES ('Delegates to the Ontology Strategy to fetch all descendants of the term.', 'zf3thl4fulxaooslih8zwxbmtps65zg4NM200904120000000000000000000030', 'www.runwaysdk.com', 'zf3thl4fulxaooslih8zwxbmtps65zg4NM200904120000000000000000000030');
INSERT INTO md_method ( method_name, md_type, is_static, return_type, display_label, id) VALUES ('getAllDescendants', 'rabubmpm04i8h8fyrh1gm3uagiamqovk20080226NM0000000000000000000003', 1, 'com.runwaysdk.business.ontology.Term[]', '8nyqga8b4grwhf1uvm4by89r51q4soonNM200904120000000000000000000030', 'sywamfcbgcjmu3kyf1sm5n8g9ektg1yg20070427JS0000000000000000001514');
INSERT INTO metadata ( description, created_by, owner, id, create_date, seq, type, remove, site_master, locked_by, entity_domain, last_updated_by, last_update_date, key_name) VALUES ('zf3thl4fulxaooslih8zwxbmtps65zg4NM200904120000000000000000000030', '0000000000000000000000000000001000000000000000000000000000000003', '0000000000000000000000000000001000000000000000000000000000000003', 'sywamfcbgcjmu3kyf1sm5n8g9ektg1yg20070427JS0000000000000000001514', '2014-04-30 18:24:07', 4727, 'com.runwaysdk.system.metadata.MdMethod', 1, 'www.runwaysdk.com', NULL, NULL, '0000000000000000000000000000001000000000000000000000000000000003', '2014-04-30 18:24:07', 'com.runwaysdk.system.ontology.TermUtil.getAllDescendants');
INSERT INTO type_method ( id, parent_id, child_id) VALUES ('qtlmzjgzlmo9r9l4cai521740t39a6jc20070427JS0000000000000000001520', 'rabubmpm04i8h8fyrh1gm3uagiamqovk20080226NM0000000000000000000003', 'sywamfcbgcjmu3kyf1sm5n8g9ektg1yg20070427JS0000000000000000001514');
INSERT INTO metadata_relationship ( entity_domain, site_master, last_updated_by, id, owner, locked_by, create_date, type, created_by, seq, key_name, last_update_date, parent_id, child_id) VALUES (NULL, 'www.runwaysdk.com', '0000000000000000000000000000001000000000000000000000000000000003', 'qtlmzjgzlmo9r9l4cai521740t39a6jc20070427JS0000000000000000001520', '0000000000000000000000000000001000000000000000000000000000000003', NULL, '2014-04-30 18:24:07', 'com.runwaysdk.system.metadata.TypeMethod', '0000000000000000000000000000001000000000000000000000000000000003', 4728, 'com.runwaysdk.system.ontology.TermUtil.getAllDescendants', '2014-04-30 18:24:07', 'rabubmpm04i8h8fyrh1gm3uagiamqovk20080226NM0000000000000000000003', 'sywamfcbgcjmu3kyf1sm5n8g9ektg1yg20070427JS0000000000000000001514');
INSERT INTO metadata_display_label ( default_locale, id, site_master, key_name) VALUES ('The parent term''s id.', 'xgkqy4cbw3anakgd4fgtsrnuvngi6pesNM200904120000000000000000000030', 'www.runwaysdk.com', 'xgkqy4cbw3anakgd4fgtsrnuvngi6pesNM200904120000000000000000000030');
INSERT INTO metadata_display_label ( default_locale, id, site_master, key_name) VALUES ('The parent term''s id.', '0107igzkxt4sg4j5d66krpi3n6pzzqnpNM200904120000000000000000000030', 'www.runwaysdk.com', '0107igzkxt4sg4j5d66krpi3n6pzzqnpNM200904120000000000000000000030');
INSERT INTO md_parameter ( metadata, parameter_order, parameter_name, parameter_type, display_label, id) VALUES ('sywamfcbgcjmu3kyf1sm5n8g9ektg1yg20070427JS0000000000000000001514', 0, 'termId', 'java.lang.String', 'xgkqy4cbw3anakgd4fgtsrnuvngi6pesNM200904120000000000000000000030', '26udwtr2itz0yt6nu5d95p8qqalg4lgh20070427JS0000000000000000001517');
INSERT INTO metadata ( description, created_by, owner, id, create_date, seq, type, remove, site_master, locked_by, entity_domain, last_updated_by, last_update_date, key_name) VALUES ('0107igzkxt4sg4j5d66krpi3n6pzzqnpNM200904120000000000000000000030', '0000000000000000000000000000001000000000000000000000000000000003', '0000000000000000000000000000001000000000000000000000000000000003', '26udwtr2itz0yt6nu5d95p8qqalg4lgh20070427JS0000000000000000001517', '2014-04-30 18:24:07', 4729, 'com.runwaysdk.system.metadata.MdParameter', 1, 'www.runwaysdk.com', NULL, NULL, '0000000000000000000000000000001000000000000000000000000000000003', '2014-04-30 18:24:07', 'com.runwaysdk.system.ontology.TermUtil.getAllDescendants.termId');
INSERT INTO metadata_parameter ( site_master, last_updated_by, create_date, seq, locked_by, entity_domain, created_by, type, last_update_date, key_name, owner, id, parent_id, child_id) VALUES ('www.runwaysdk.com', '0000000000000000000000000000001000000000000000000000000000000003', '2014-04-30 18:24:07', 4730, NULL, NULL, '0000000000000000000000000000001000000000000000000000000000000003', 'com.runwaysdk.system.MetadataParameter', '2014-04-30 18:24:07', 'com.runwaysdk.system.ontology.TermUtil.getAllDescendants.termId', '0000000000000000000000000000001000000000000000000000000000000003', '21w9tp4f1wibrr8248aobqtmacg17zb220070427JS0000000000000000001524', 'sywamfcbgcjmu3kyf1sm5n8g9ektg1yg20070427JS0000000000000000001514', '26udwtr2itz0yt6nu5d95p8qqalg4lgh20070427JS0000000000000000001517');
INSERT INTO metadata_display_label ( default_locale, id, site_master, key_name) VALUES ('The relationship type.', 'rbxpx9awrp8k8gxofvrpfbrdqh0q8re7NM200904120000000000000000000030', 'www.runwaysdk.com', 'rbxpx9awrp8k8gxofvrpfbrdqh0q8re7NM200904120000000000000000000030');
INSERT INTO metadata_display_label ( default_locale, id, site_master, key_name) VALUES ('The relationship types to fetch. This parameter can be null, and if it is null it will fetch all relationships.', '7b20j98vzl9opd1gy1ycw1n7l2k3wt0aNM200904120000000000000000000030', 'www.runwaysdk.com', '7b20j98vzl9opd1gy1ycw1n7l2k3wt0aNM200904120000000000000000000030');
INSERT INTO md_parameter ( metadata, parameter_order, parameter_name, parameter_type, display_label, id) VALUES ('sywamfcbgcjmu3kyf1sm5n8g9ektg1yg20070427JS0000000000000000001514', 1, 'relationshipType', 'java.lang.String[]', 'rbxpx9awrp8k8gxofvrpfbrdqh0q8re7NM200904120000000000000000000030', '7dd9j1kpejw4m6kbigadzokmuvyga2kd20070427JS0000000000000000001517');
INSERT INTO metadata ( description, created_by, owner, id, create_date, seq, type, remove, site_master, locked_by, entity_domain, last_updated_by, last_update_date, key_name) VALUES ('7b20j98vzl9opd1gy1ycw1n7l2k3wt0aNM200904120000000000000000000030', '0000000000000000000000000000001000000000000000000000000000000003', '0000000000000000000000000000001000000000000000000000000000000003', '7dd9j1kpejw4m6kbigadzokmuvyga2kd20070427JS0000000000000000001517', '2014-04-30 18:24:07', 4731, 'com.runwaysdk.system.metadata.MdParameter', 1, 'www.runwaysdk.com', NULL, NULL, '0000000000000000000000000000001000000000000000000000000000000003', '2014-04-30 18:24:07', 'com.runwaysdk.system.ontology.TermUtil.getAllDescendants.relationshipType');
INSERT INTO metadata_parameter ( site_master, last_updated_by, create_date, seq, locked_by, entity_domain, created_by, type, last_update_date, key_name, owner, id, parent_id, child_id) VALUES ('www.runwaysdk.com', '0000000000000000000000000000001000000000000000000000000000000003', '2014-04-30 18:24:07', 4732, NULL, NULL, '0000000000000000000000000000001000000000000000000000000000000003', 'com.runwaysdk.system.MetadataParameter', '2014-04-30 18:24:07', 'com.runwaysdk.system.ontology.TermUtil.getAllDescendants.relationshipType', '0000000000000000000000000000001000000000000000000000000000000003', 'xcl4t9x26n84gaxrco92osuzg0pgoc2020070427JS0000000000000000001524', 'sywamfcbgcjmu3kyf1sm5n8g9ektg1yg20070427JS0000000000000000001514', '7dd9j1kpejw4m6kbigadzokmuvyga2kd20070427JS0000000000000000001517');
INSERT INTO metadata_display_label ( default_locale, id, site_master, key_name) VALUES ('getDirectAncestors', '8j800bvp64l0i92dwontgyluoii94labNM200904120000000000000000000030', 'www.runwaysdk.com', '8j800bvp64l0i92dwontgyluoii94labNM200904120000000000000000000030');
INSERT INTO metadata_display_label ( default_locale, id, site_master, key_name) VALUES ('Fetches direct ancestors of the term. Returns an array of TermAndRel.', 'z1v6devrrx9p1sqnfi46g8l133mq8r32NM200904120000000000000000000030', 'www.runwaysdk.com', 'z1v6devrrx9p1sqnfi46g8l133mq8r32NM200904120000000000000000000030');
INSERT INTO md_method ( method_name, md_type, is_static, return_type, display_label, id) VALUES ('getDirectAncestors', 'rabubmpm04i8h8fyrh1gm3uagiamqovk20080226NM0000000000000000000003', 1, 'com.runwaysdk.business.ontology.TermAndRel[]', '8j800bvp64l0i92dwontgyluoii94labNM200904120000000000000000000030', 'r8tb5pylmeoyeossr3cmpcu3fag1fvp320070427JS0000000000000000001514');
INSERT INTO metadata ( description, created_by, owner, id, create_date, seq, type, remove, site_master, locked_by, entity_domain, last_updated_by, last_update_date, key_name) VALUES ('z1v6devrrx9p1sqnfi46g8l133mq8r32NM200904120000000000000000000030', '0000000000000000000000000000001000000000000000000000000000000003', '0000000000000000000000000000001000000000000000000000000000000003', 'r8tb5pylmeoyeossr3cmpcu3fag1fvp320070427JS0000000000000000001514', '2014-04-30 18:24:07', 4733, 'com.runwaysdk.system.metadata.MdMethod', 1, 'www.runwaysdk.com', NULL, NULL, '0000000000000000000000000000001000000000000000000000000000000003', '2014-04-30 18:24:07', 'com.runwaysdk.system.ontology.TermUtil.getDirectAncestors');
INSERT INTO type_method ( id, parent_id, child_id) VALUES ('7da2tsclyucyqolnd6i9by4akyb35mhh20070427JS0000000000000000001520', 'rabubmpm04i8h8fyrh1gm3uagiamqovk20080226NM0000000000000000000003', 'r8tb5pylmeoyeossr3cmpcu3fag1fvp320070427JS0000000000000000001514');
INSERT INTO metadata_relationship ( entity_domain, site_master, last_updated_by, id, owner, locked_by, create_date, type, created_by, seq, key_name, last_update_date, parent_id, child_id) VALUES (NULL, 'www.runwaysdk.com', '0000000000000000000000000000001000000000000000000000000000000003', '7da2tsclyucyqolnd6i9by4akyb35mhh20070427JS0000000000000000001520', '0000000000000000000000000000001000000000000000000000000000000003', NULL, '2014-04-30 18:24:07', 'com.runwaysdk.system.metadata.TypeMethod', '0000000000000000000000000000001000000000000000000000000000000003', 4734, 'com.runwaysdk.system.ontology.TermUtil.getDirectAncestors', '2014-04-30 18:24:07', 'rabubmpm04i8h8fyrh1gm3uagiamqovk20080226NM0000000000000000000003', 'r8tb5pylmeoyeossr3cmpcu3fag1fvp320070427JS0000000000000000001514');
INSERT INTO metadata_display_label ( default_locale, id, site_master, key_name) VALUES ('The parent term''s id.', '1vcspagggl8dyvx4jughgnk7t2a7vfuvNM200904120000000000000000000030', 'www.runwaysdk.com', '1vcspagggl8dyvx4jughgnk7t2a7vfuvNM200904120000000000000000000030');
INSERT INTO metadata_display_label ( default_locale, id, site_master, key_name) VALUES ('The parent term''s id.', '0dzanz3hs1qj9px1sp0cqpy9x6v0bedlNM200904120000000000000000000030', 'www.runwaysdk.com', '0dzanz3hs1qj9px1sp0cqpy9x6v0bedlNM200904120000000000000000000030');
INSERT INTO md_parameter ( metadata, parameter_order, parameter_name, parameter_type, display_label, id) VALUES ('r8tb5pylmeoyeossr3cmpcu3fag1fvp320070427JS0000000000000000001514', 0, 'termId', 'java.lang.String', '1vcspagggl8dyvx4jughgnk7t2a7vfuvNM200904120000000000000000000030', 'xyipbt74ke1dfn15xteegp3de47dezwz20070427JS0000000000000000001517');
INSERT INTO metadata ( description, created_by, owner, id, create_date, seq, type, remove, site_master, locked_by, entity_domain, last_updated_by, last_update_date, key_name) VALUES ('0dzanz3hs1qj9px1sp0cqpy9x6v0bedlNM200904120000000000000000000030', '0000000000000000000000000000001000000000000000000000000000000003', '0000000000000000000000000000001000000000000000000000000000000003', 'xyipbt74ke1dfn15xteegp3de47dezwz20070427JS0000000000000000001517', '2014-04-30 18:24:07', 4735, 'com.runwaysdk.system.metadata.MdParameter', 1, 'www.runwaysdk.com', NULL, NULL, '0000000000000000000000000000001000000000000000000000000000000003', '2014-04-30 18:24:07', 'com.runwaysdk.system.ontology.TermUtil.getDirectAncestors.termId');
INSERT INTO metadata_parameter ( site_master, last_updated_by, create_date, seq, locked_by, entity_domain, created_by, type, last_update_date, key_name, owner, id, parent_id, child_id) VALUES ('www.runwaysdk.com', '0000000000000000000000000000001000000000000000000000000000000003', '2014-04-30 18:24:07', 4736, NULL, NULL, '0000000000000000000000000000001000000000000000000000000000000003', 'com.runwaysdk.system.MetadataParameter', '2014-04-30 18:24:07', 'com.runwaysdk.system.ontology.TermUtil.getDirectAncestors.termId', '0000000000000000000000000000001000000000000000000000000000000003', '08duoulmcb4x2pgqvd8q0zmh5yk34tje20070427JS0000000000000000001524', 'r8tb5pylmeoyeossr3cmpcu3fag1fvp320070427JS0000000000000000001514', 'xyipbt74ke1dfn15xteegp3de47dezwz20070427JS0000000000000000001517');
INSERT INTO metadata_display_label ( default_locale, id, site_master, key_name) VALUES ('The relationship type.', '041mrh4nx7rq80go4ppa23aunohm3o3hNM200904120000000000000000000030', 'www.runwaysdk.com', '041mrh4nx7rq80go4ppa23aunohm3o3hNM200904120000000000000000000030');
INSERT INTO metadata_display_label ( default_locale, id, site_master, key_name) VALUES ('The relationship types to fetch. This parameter can be null, and if it is null it will fetch all relationships.', '6ysq0ew7af3dsrle44cofhva6tny1i9xNM200904120000000000000000000030', 'www.runwaysdk.com', '6ysq0ew7af3dsrle44cofhva6tny1i9xNM200904120000000000000000000030');
INSERT INTO md_parameter ( metadata, parameter_order, parameter_name, parameter_type, display_label, id) VALUES ('r8tb5pylmeoyeossr3cmpcu3fag1fvp320070427JS0000000000000000001514', 1, 'relationshipType', 'java.lang.String[]', '041mrh4nx7rq80go4ppa23aunohm3o3hNM200904120000000000000000000030', 'xfcjaizwym4s7u4jpi8r5q95v81qz8xi20070427JS0000000000000000001517');
INSERT INTO metadata ( description, created_by, owner, id, create_date, seq, type, remove, site_master, locked_by, entity_domain, last_updated_by, last_update_date, key_name) VALUES ('6ysq0ew7af3dsrle44cofhva6tny1i9xNM200904120000000000000000000030', '0000000000000000000000000000001000000000000000000000000000000003', '0000000000000000000000000000001000000000000000000000000000000003', 'xfcjaizwym4s7u4jpi8r5q95v81qz8xi20070427JS0000000000000000001517', '2014-04-30 18:24:07', 4737, 'com.runwaysdk.system.metadata.MdParameter', 1, 'www.runwaysdk.com', NULL, NULL, '0000000000000000000000000000001000000000000000000000000000000003', '2014-04-30 18:24:07', 'com.runwaysdk.system.ontology.TermUtil.getDirectAncestors.relationshipType');
INSERT INTO metadata_parameter ( site_master, last_updated_by, create_date, seq, locked_by, entity_domain, created_by, type, last_update_date, key_name, owner, id, parent_id, child_id) VALUES ('www.runwaysdk.com', '0000000000000000000000000000001000000000000000000000000000000003', '2014-04-30 18:24:07', 4738, NULL, NULL, '0000000000000000000000000000001000000000000000000000000000000003', 'com.runwaysdk.system.MetadataParameter', '2014-04-30 18:24:07', 'com.runwaysdk.system.ontology.TermUtil.getDirectAncestors.relationshipType', '0000000000000000000000000000001000000000000000000000000000000003', '8gal8u20vtxl2shny55226ncaz48l1o720070427JS0000000000000000001524', 'r8tb5pylmeoyeossr3cmpcu3fag1fvp320070427JS0000000000000000001514', 'xfcjaizwym4s7u4jpi8r5q95v81qz8xi20070427JS0000000000000000001517');
INSERT INTO metadata_display_label ( default_locale, id, site_master, key_name) VALUES ('getDirectDescendants', '075iv7g86njxq1f8bg3dc4b3jngio59wNM200904120000000000000000000030', 'www.runwaysdk.com', '075iv7g86njxq1f8bg3dc4b3jngio59wNM200904120000000000000000000030');
INSERT INTO metadata_display_label ( default_locale, id, site_master, key_name) VALUES ('Fetches direct descendants of the term. Returns an array of TermAndRel.', '0p4p3xhot3iwgjsal6plq7sb93y93azbNM200904120000000000000000000030', 'www.runwaysdk.com', '0p4p3xhot3iwgjsal6plq7sb93y93azbNM200904120000000000000000000030');
INSERT INTO md_method ( method_name, md_type, is_static, return_type, display_label, id) VALUES ('getDirectDescendants', 'rabubmpm04i8h8fyrh1gm3uagiamqovk20080226NM0000000000000000000003', 1, 'com.runwaysdk.business.ontology.TermAndRel[]', '075iv7g86njxq1f8bg3dc4b3jngio59wNM200904120000000000000000000030', 'xzz6evtre0ol5u50ejtjvz1j517j08te20070427JS0000000000000000001514');
INSERT INTO metadata ( description, created_by, owner, id, create_date, seq, type, remove, site_master, locked_by, entity_domain, last_updated_by, last_update_date, key_name) VALUES ('0p4p3xhot3iwgjsal6plq7sb93y93azbNM200904120000000000000000000030', '0000000000000000000000000000001000000000000000000000000000000003', '0000000000000000000000000000001000000000000000000000000000000003', 'xzz6evtre0ol5u50ejtjvz1j517j08te20070427JS0000000000000000001514', '2014-04-30 18:24:07', 4739, 'com.runwaysdk.system.metadata.MdMethod', 1, 'www.runwaysdk.com', NULL, NULL, '0000000000000000000000000000001000000000000000000000000000000003', '2014-04-30 18:24:07', 'com.runwaysdk.system.ontology.TermUtil.getDirectDescendants');
INSERT INTO type_method ( id, parent_id, child_id) VALUES ('2dwuxk1f9ue92eull0fryyldsy09wlf520070427JS0000000000000000001520', 'rabubmpm04i8h8fyrh1gm3uagiamqovk20080226NM0000000000000000000003', 'xzz6evtre0ol5u50ejtjvz1j517j08te20070427JS0000000000000000001514');
INSERT INTO metadata_relationship ( entity_domain, site_master, last_updated_by, id, owner, locked_by, create_date, type, created_by, seq, key_name, last_update_date, parent_id, child_id) VALUES (NULL, 'www.runwaysdk.com', '0000000000000000000000000000001000000000000000000000000000000003', '2dwuxk1f9ue92eull0fryyldsy09wlf520070427JS0000000000000000001520', '0000000000000000000000000000001000000000000000000000000000000003', NULL, '2014-04-30 18:24:07', 'com.runwaysdk.system.metadata.TypeMethod', '0000000000000000000000000000001000000000000000000000000000000003', 4740, 'com.runwaysdk.system.ontology.TermUtil.getDirectDescendants', '2014-04-30 18:24:07', 'rabubmpm04i8h8fyrh1gm3uagiamqovk20080226NM0000000000000000000003', 'xzz6evtre0ol5u50ejtjvz1j517j08te20070427JS0000000000000000001514');
INSERT INTO metadata_display_label ( default_locale, id, site_master, key_name) VALUES ('The parent term''s id.', 'xj3t3466pv79d9dn0ewjsgrayvdqraykNM200904120000000000000000000030', 'www.runwaysdk.com', 'xj3t3466pv79d9dn0ewjsgrayvdqraykNM200904120000000000000000000030');
INSERT INTO metadata_display_label ( default_locale, id, site_master, key_name) VALUES ('The parent term''s id.', 'svb03troabw7aowjwrebg7oummhhitmbNM200904120000000000000000000030', 'www.runwaysdk.com', 'svb03troabw7aowjwrebg7oummhhitmbNM200904120000000000000000000030');
INSERT INTO md_parameter ( metadata, parameter_order, parameter_name, parameter_type, display_label, id) VALUES ('xzz6evtre0ol5u50ejtjvz1j517j08te20070427JS0000000000000000001514', 0, 'termId', 'java.lang.String', 'xj3t3466pv79d9dn0ewjsgrayvdqraykNM200904120000000000000000000030', 'xy3z92g7akzo6yj328b2myzpmy6cyavz20070427JS0000000000000000001517');
INSERT INTO metadata ( description, created_by, owner, id, create_date, seq, type, remove, site_master, locked_by, entity_domain, last_updated_by, last_update_date, key_name) VALUES ('svb03troabw7aowjwrebg7oummhhitmbNM200904120000000000000000000030', '0000000000000000000000000000001000000000000000000000000000000003', '0000000000000000000000000000001000000000000000000000000000000003', 'xy3z92g7akzo6yj328b2myzpmy6cyavz20070427JS0000000000000000001517', '2014-04-30 18:24:07', 4741, 'com.runwaysdk.system.metadata.MdParameter', 1, 'www.runwaysdk.com', NULL, NULL, '0000000000000000000000000000001000000000000000000000000000000003', '2014-04-30 18:24:07', 'com.runwaysdk.system.ontology.TermUtil.getDirectDescendants.termId');
INSERT INTO metadata_parameter ( site_master, last_updated_by, create_date, seq, locked_by, entity_domain, created_by, type, last_update_date, key_name, owner, id, parent_id, child_id) VALUES ('www.runwaysdk.com', '0000000000000000000000000000001000000000000000000000000000000003', '2014-04-30 18:24:07', 4742, NULL, NULL, '0000000000000000000000000000001000000000000000000000000000000003', 'com.runwaysdk.system.MetadataParameter', '2014-04-30 18:24:07', 'com.runwaysdk.system.ontology.TermUtil.getDirectDescendants.termId', '0000000000000000000000000000001000000000000000000000000000000003', '7f8m86wggwcgy6ed2gwa7goov0n5hitw20070427JS0000000000000000001524', 'xzz6evtre0ol5u50ejtjvz1j517j08te20070427JS0000000000000000001514', 'xy3z92g7akzo6yj328b2myzpmy6cyavz20070427JS0000000000000000001517');
INSERT INTO metadata_display_label ( default_locale, id, site_master, key_name) VALUES ('The relationship type.', 'snhbihpohj1s5l3x3428ccjb8fpfh7u5NM200904120000000000000000000030', 'www.runwaysdk.com', 'snhbihpohj1s5l3x3428ccjb8fpfh7u5NM200904120000000000000000000030');
INSERT INTO metadata_display_label ( default_locale, id, site_master, key_name) VALUES ('The relationship types to fetch. This parameter can be null, and if it is null it will fetch all relationships.', '94iqqh21vxd78v6axepozgzkpllgnhp0NM200904120000000000000000000030', 'www.runwaysdk.com', '94iqqh21vxd78v6axepozgzkpllgnhp0NM200904120000000000000000000030');
INSERT INTO md_parameter ( metadata, parameter_order, parameter_name, parameter_type, display_label, id) VALUES ('xzz6evtre0ol5u50ejtjvz1j517j08te20070427JS0000000000000000001514', 1, 'relationshipType', 'java.lang.String[]', 'snhbihpohj1s5l3x3428ccjb8fpfh7u5NM200904120000000000000000000030', '8vzj6s7ti1jf4dsts9djh04x664q6cql20070427JS0000000000000000001517');
INSERT INTO metadata ( description, created_by, owner, id, create_date, seq, type, remove, site_master, locked_by, entity_domain, last_updated_by, last_update_date, key_name) VALUES ('94iqqh21vxd78v6axepozgzkpllgnhp0NM200904120000000000000000000030', '0000000000000000000000000000001000000000000000000000000000000003', '0000000000000000000000000000001000000000000000000000000000000003', '8vzj6s7ti1jf4dsts9djh04x664q6cql20070427JS0000000000000000001517', '2014-04-30 18:24:07', 4743, 'com.runwaysdk.system.metadata.MdParameter', 1, 'www.runwaysdk.com', NULL, NULL, '0000000000000000000000000000001000000000000000000000000000000003', '2014-04-30 18:24:07', 'com.runwaysdk.system.ontology.TermUtil.getDirectDescendants.relationshipType');
INSERT INTO metadata_parameter ( site_master, last_updated_by, create_date, seq, locked_by, entity_domain, created_by, type, last_update_date, key_name, owner, id, parent_id, child_id) VALUES ('www.runwaysdk.com', '0000000000000000000000000000001000000000000000000000000000000003', '2014-04-30 18:24:07', 4744, NULL, NULL, '0000000000000000000000000000001000000000000000000000000000000003', 'com.runwaysdk.system.MetadataParameter', '2014-04-30 18:24:07', 'com.runwaysdk.system.ontology.TermUtil.getDirectDescendants.relationshipType', '0000000000000000000000000000001000000000000000000000000000000003', '1w21zvbxvpnt2hjagrfsoqk34qe47d9x20070427JS0000000000000000001524', 'xzz6evtre0ol5u50ejtjvz1j517j08te20070427JS0000000000000000001514', '8vzj6s7ti1jf4dsts9djh04x664q6cql20070427JS0000000000000000001517');
INSERT INTO metadata_display_label ( default_locale, id, site_master, key_name) VALUES ('addLink', 'rdgy5abw1zjx039xccds39jt8begc6ggNM200904120000000000000000000030', 'www.runwaysdk.com', 'rdgy5abw1zjx039xccds39jt8begc6ggNM200904120000000000000000000030');
INSERT INTO metadata_display_label ( default_locale, id, site_master, key_name) VALUES ('Creates a new relationship between the two terms.', 'r8nal0o9hmn4fi3s5nfweinndtfnevvmNM200904120000000000000000000030', 'www.runwaysdk.com', 'r8nal0o9hmn4fi3s5nfweinndtfnevvmNM200904120000000000000000000030');
INSERT INTO md_method ( method_name, md_type, is_static, return_type, display_label, id) VALUES ('addLink', 'rabubmpm04i8h8fyrh1gm3uagiamqovk20080226NM0000000000000000000003', 1, 'com.runwaysdk.business.Relationship', 'rdgy5abw1zjx039xccds39jt8begc6ggNM200904120000000000000000000030', '6o7sylndke0hm6601iivj4o5116ab24z20070427JS0000000000000000001514');
INSERT INTO metadata ( description, created_by, owner, id, create_date, seq, type, remove, site_master, locked_by, entity_domain, last_updated_by, last_update_date, key_name) VALUES ('r8nal0o9hmn4fi3s5nfweinndtfnevvmNM200904120000000000000000000030', '0000000000000000000000000000001000000000000000000000000000000003', '0000000000000000000000000000001000000000000000000000000000000003', '6o7sylndke0hm6601iivj4o5116ab24z20070427JS0000000000000000001514', '2014-04-30 18:24:07', 4745, 'com.runwaysdk.system.metadata.MdMethod', 1, 'www.runwaysdk.com', NULL, NULL, '0000000000000000000000000000001000000000000000000000000000000003', '2014-04-30 18:24:07', 'com.runwaysdk.system.ontology.TermUtil.addLink');
INSERT INTO type_method ( id, parent_id, child_id) VALUES ('6yun8rx7w0tbwt492imggf70sn4qfd9s20070427JS0000000000000000001520', 'rabubmpm04i8h8fyrh1gm3uagiamqovk20080226NM0000000000000000000003', '6o7sylndke0hm6601iivj4o5116ab24z20070427JS0000000000000000001514');
INSERT INTO metadata_relationship ( entity_domain, site_master, last_updated_by, id, owner, locked_by, create_date, type, created_by, seq, key_name, last_update_date, parent_id, child_id) VALUES (NULL, 'www.runwaysdk.com', '0000000000000000000000000000001000000000000000000000000000000003', '6yun8rx7w0tbwt492imggf70sn4qfd9s20070427JS0000000000000000001520', '0000000000000000000000000000001000000000000000000000000000000003', NULL, '2014-04-30 18:24:07', 'com.runwaysdk.system.metadata.TypeMethod', '0000000000000000000000000000001000000000000000000000000000000003', 4746, 'com.runwaysdk.system.ontology.TermUtil.addLink', '2014-04-30 18:24:07', 'rabubmpm04i8h8fyrh1gm3uagiamqovk20080226NM0000000000000000000003', '6o7sylndke0hm6601iivj4o5116ab24z20070427JS0000000000000000001514');
INSERT INTO metadata_display_label ( default_locale, id, site_master, key_name) VALUES ('The child term''s id.', 'xjqll8tkbfd4kia4ytdctldisk5yhj8vNM200904120000000000000000000030', 'www.runwaysdk.com', 'xjqll8tkbfd4kia4ytdctldisk5yhj8vNM200904120000000000000000000030');
INSERT INTO metadata_display_label ( default_locale, id, site_master, key_name) VALUES ('The child term''s id.', 'r468v61ou1aladkq59quga15mu08z8tcNM200904120000000000000000000030', 'www.runwaysdk.com', 'r468v61ou1aladkq59quga15mu08z8tcNM200904120000000000000000000030');
INSERT INTO md_parameter ( metadata, parameter_order, parameter_name, parameter_type, display_label, id) VALUES ('6o7sylndke0hm6601iivj4o5116ab24z20070427JS0000000000000000001514', 0, 'childId', 'java.lang.String', 'xjqll8tkbfd4kia4ytdctldisk5yhj8vNM200904120000000000000000000030', 'xl14qydy4rgcao5fbkaajg8zxc94kbop20070427JS0000000000000000001517');
INSERT INTO metadata ( description, created_by, owner, id, create_date, seq, type, remove, site_master, locked_by, entity_domain, last_updated_by, last_update_date, key_name) VALUES ('r468v61ou1aladkq59quga15mu08z8tcNM200904120000000000000000000030', '0000000000000000000000000000001000000000000000000000000000000003', '0000000000000000000000000000001000000000000000000000000000000003', 'xl14qydy4rgcao5fbkaajg8zxc94kbop20070427JS0000000000000000001517', '2014-04-30 18:24:07', 4747, 'com.runwaysdk.system.metadata.MdParameter', 1, 'www.runwaysdk.com', NULL, NULL, '0000000000000000000000000000001000000000000000000000000000000003', '2014-04-30 18:24:07', 'com.runwaysdk.system.ontology.TermUtil.addLink.childId');
INSERT INTO metadata_parameter ( site_master, last_updated_by, create_date, seq, locked_by, entity_domain, created_by, type, last_update_date, key_name, owner, id, parent_id, child_id) VALUES ('www.runwaysdk.com', '0000000000000000000000000000001000000000000000000000000000000003', '2014-04-30 18:24:07', 4748, NULL, NULL, '0000000000000000000000000000001000000000000000000000000000000003', 'com.runwaysdk.system.MetadataParameter', '2014-04-30 18:24:07', 'com.runwaysdk.system.ontology.TermUtil.addLink.childId', '0000000000000000000000000000001000000000000000000000000000000003', 'yyaufhop8dvsu208ax0wtawv205ybdfy20070427JS0000000000000000001524', '6o7sylndke0hm6601iivj4o5116ab24z20070427JS0000000000000000001514', 'xl14qydy4rgcao5fbkaajg8zxc94kbop20070427JS0000000000000000001517');
INSERT INTO metadata_display_label ( default_locale, id, site_master, key_name) VALUES ('The parent term''s id.', '8ztu57b6boziao73gspjcvbgqwb9pld4NM200904120000000000000000000030', 'www.runwaysdk.com', '8ztu57b6boziao73gspjcvbgqwb9pld4NM200904120000000000000000000030');
INSERT INTO metadata_display_label ( default_locale, id, site_master, key_name) VALUES ('The parent term''s id.', 'qom38infc2lg1hy6bxiw9kzkrk6aqd3iNM200904120000000000000000000030', 'www.runwaysdk.com', 'qom38infc2lg1hy6bxiw9kzkrk6aqd3iNM200904120000000000000000000030');
INSERT INTO md_parameter ( metadata, parameter_order, parameter_name, parameter_type, display_label, id) VALUES ('6o7sylndke0hm6601iivj4o5116ab24z20070427JS0000000000000000001514', 1, 'parentId', 'java.lang.String', '8ztu57b6boziao73gspjcvbgqwb9pld4NM200904120000000000000000000030', '8o0rwwzyobk8d5c29uz8tucourqs2bmk20070427JS0000000000000000001517');
INSERT INTO metadata ( description, created_by, owner, id, create_date, seq, type, remove, site_master, locked_by, entity_domain, last_updated_by, last_update_date, key_name) VALUES ('qom38infc2lg1hy6bxiw9kzkrk6aqd3iNM200904120000000000000000000030', '0000000000000000000000000000001000000000000000000000000000000003', '0000000000000000000000000000001000000000000000000000000000000003', '8o0rwwzyobk8d5c29uz8tucourqs2bmk20070427JS0000000000000000001517', '2014-04-30 18:24:07', 4749, 'com.runwaysdk.system.metadata.MdParameter', 1, 'www.runwaysdk.com', NULL, NULL, '0000000000000000000000000000001000000000000000000000000000000003', '2014-04-30 18:24:07', 'com.runwaysdk.system.ontology.TermUtil.addLink.parentId');
INSERT INTO metadata_parameter ( site_master, last_updated_by, create_date, seq, locked_by, entity_domain, created_by, type, last_update_date, key_name, owner, id, parent_id, child_id) VALUES ('www.runwaysdk.com', '0000000000000000000000000000001000000000000000000000000000000003', '2014-04-30 18:24:07', 4750, NULL, NULL, '0000000000000000000000000000001000000000000000000000000000000003', 'com.runwaysdk.system.MetadataParameter', '2014-04-30 18:24:07', 'com.runwaysdk.system.ontology.TermUtil.addLink.parentId', '0000000000000000000000000000001000000000000000000000000000000003', '1u489519cij2z0lue9us9nj7bqm7399s20070427JS0000000000000000001524', '6o7sylndke0hm6601iivj4o5116ab24z20070427JS0000000000000000001514', '8o0rwwzyobk8d5c29uz8tucourqs2bmk20070427JS0000000000000000001517');
INSERT INTO metadata_display_label ( default_locale, id, site_master, key_name) VALUES ('The relationship type.', '8c0bjw7ephzl4ko4epwx65zcqwy68cboNM200904120000000000000000000030', 'www.runwaysdk.com', '8c0bjw7ephzl4ko4epwx65zcqwy68cboNM200904120000000000000000000030');
INSERT INTO metadata_display_label ( default_locale, id, site_master, key_name) VALUES ('The relationship type to create.', '0q3gxg2knuig8i2kjl61pkjalyslmytiNM200904120000000000000000000030', 'www.runwaysdk.com', '0q3gxg2knuig8i2kjl61pkjalyslmytiNM200904120000000000000000000030');
INSERT INTO md_parameter ( metadata, parameter_order, parameter_name, parameter_type, display_label, id) VALUES ('6o7sylndke0hm6601iivj4o5116ab24z20070427JS0000000000000000001514', 2, 'relationshipType', 'java.lang.String', '8c0bjw7ephzl4ko4epwx65zcqwy68cboNM200904120000000000000000000030', '28h6j7m1fnjhqxctvmpg2l0ghafw95uf20070427JS0000000000000000001517');
INSERT INTO metadata ( description, created_by, owner, id, create_date, seq, type, remove, site_master, locked_by, entity_domain, last_updated_by, last_update_date, key_name) VALUES ('0q3gxg2knuig8i2kjl61pkjalyslmytiNM200904120000000000000000000030', '0000000000000000000000000000001000000000000000000000000000000003', '0000000000000000000000000000001000000000000000000000000000000003', '28h6j7m1fnjhqxctvmpg2l0ghafw95uf20070427JS0000000000000000001517', '2014-04-30 18:24:07', 4751, 'com.runwaysdk.system.metadata.MdParameter', 1, 'www.runwaysdk.com', NULL, NULL, '0000000000000000000000000000001000000000000000000000000000000003', '2014-04-30 18:24:07', 'com.runwaysdk.system.ontology.TermUtil.addLink.relationshipType');
INSERT INTO metadata_parameter ( site_master, last_updated_by, create_date, seq, locked_by, entity_domain, created_by, type, last_update_date, key_name, owner, id, parent_id, child_id) VALUES ('www.runwaysdk.com', '0000000000000000000000000000001000000000000000000000000000000003', '2014-04-30 18:24:07', 4752, NULL, NULL, '0000000000000000000000000000001000000000000000000000000000000003', 'com.runwaysdk.system.MetadataParameter', '2014-04-30 18:24:07', 'com.runwaysdk.system.ontology.TermUtil.addLink.relationshipType', '0000000000000000000000000000001000000000000000000000000000000003', '8nar1ebhzixw06b34etedhbgislrq9nq20070427JS0000000000000000001524', '6o7sylndke0hm6601iivj4o5116ab24z20070427JS0000000000000000001514', '28h6j7m1fnjhqxctvmpg2l0ghafw95uf20070427JS0000000000000000001517');
INSERT INTO metadata_display_label ( default_locale, id, site_master, key_name) VALUES ('removeLink', 'sr6ax8de7vkuswbl5kuw42ffwsnbftpgNM200904120000000000000000000030', 'www.runwaysdk.com', 'sr6ax8de7vkuswbl5kuw42ffwsnbftpgNM200904120000000000000000000030');
INSERT INTO metadata_display_label ( default_locale, id, site_master, key_name) VALUES ('Removes a relationship between the two terms.', 'zdbwdibr8z1hop5xfci2du0gy91z9dacNM200904120000000000000000000030', 'www.runwaysdk.com', 'zdbwdibr8z1hop5xfci2du0gy91z9dacNM200904120000000000000000000030');
INSERT INTO md_method ( method_name, md_type, is_static, return_type, display_label, id) VALUES ('removeLink', 'rabubmpm04i8h8fyrh1gm3uagiamqovk20080226NM0000000000000000000003', 1, 'void', 'sr6ax8de7vkuswbl5kuw42ffwsnbftpgNM200904120000000000000000000030', 'srf5c67vihzv6idgv5ohrdhbc7b3c2ti20070427JS0000000000000000001514');
INSERT INTO metadata ( description, created_by, owner, id, create_date, seq, type, remove, site_master, locked_by, entity_domain, last_updated_by, last_update_date, key_name) VALUES ('zdbwdibr8z1hop5xfci2du0gy91z9dacNM200904120000000000000000000030', '0000000000000000000000000000001000000000000000000000000000000003', '0000000000000000000000000000001000000000000000000000000000000003', 'srf5c67vihzv6idgv5ohrdhbc7b3c2ti20070427JS0000000000000000001514', '2014-04-30 18:24:07', 4753, 'com.runwaysdk.system.metadata.MdMethod', 1, 'www.runwaysdk.com', NULL, NULL, '0000000000000000000000000000001000000000000000000000000000000003', '2014-04-30 18:24:07', 'com.runwaysdk.system.ontology.TermUtil.removeLink');
INSERT INTO type_method ( id, parent_id, child_id) VALUES ('xin1pos95k74k17vq5z85n6cmngu6sx120070427JS0000000000000000001520', 'rabubmpm04i8h8fyrh1gm3uagiamqovk20080226NM0000000000000000000003', 'srf5c67vihzv6idgv5ohrdhbc7b3c2ti20070427JS0000000000000000001514');
INSERT INTO metadata_relationship ( entity_domain, site_master, last_updated_by, id, owner, locked_by, create_date, type, created_by, seq, key_name, last_update_date, parent_id, child_id) VALUES (NULL, 'www.runwaysdk.com', '0000000000000000000000000000001000000000000000000000000000000003', 'xin1pos95k74k17vq5z85n6cmngu6sx120070427JS0000000000000000001520', '0000000000000000000000000000001000000000000000000000000000000003', NULL, '2014-04-30 18:24:07', 'com.runwaysdk.system.metadata.TypeMethod', '0000000000000000000000000000001000000000000000000000000000000003', 4754, 'com.runwaysdk.system.ontology.TermUtil.removeLink', '2014-04-30 18:24:07', 'rabubmpm04i8h8fyrh1gm3uagiamqovk20080226NM0000000000000000000003', 'srf5c67vihzv6idgv5ohrdhbc7b3c2ti20070427JS0000000000000000001514');
INSERT INTO metadata_display_label ( default_locale, id, site_master, key_name) VALUES ('The child term''s id.', 'sefa5spcaik3k6kungxs2vq0resf515nNM200904120000000000000000000030', 'www.runwaysdk.com', 'sefa5spcaik3k6kungxs2vq0resf515nNM200904120000000000000000000030');
INSERT INTO metadata_display_label ( default_locale, id, site_master, key_name) VALUES ('The child term''s id.', '0d5dogvh9zs9temcidoisyu4vpx0mqz1NM200904120000000000000000000030', 'www.runwaysdk.com', '0d5dogvh9zs9temcidoisyu4vpx0mqz1NM200904120000000000000000000030');
INSERT INTO md_parameter ( metadata, parameter_order, parameter_name, parameter_type, display_label, id) VALUES ('srf5c67vihzv6idgv5ohrdhbc7b3c2ti20070427JS0000000000000000001514', 0, 'childId', 'java.lang.String', 'sefa5spcaik3k6kungxs2vq0resf515nNM200904120000000000000000000030', 'sv22aifpvumobyfxa5dhgrqtwa7carq420070427JS0000000000000000001517');
INSERT INTO metadata ( description, created_by, owner, id, create_date, seq, type, remove, site_master, locked_by, entity_domain, last_updated_by, last_update_date, key_name) VALUES ('0d5dogvh9zs9temcidoisyu4vpx0mqz1NM200904120000000000000000000030', '0000000000000000000000000000001000000000000000000000000000000003', '0000000000000000000000000000001000000000000000000000000000000003', 'sv22aifpvumobyfxa5dhgrqtwa7carq420070427JS0000000000000000001517', '2014-04-30 18:24:07', 4755, 'com.runwaysdk.system.metadata.MdParameter', 1, 'www.runwaysdk.com', NULL, NULL, '0000000000000000000000000000001000000000000000000000000000000003', '2014-04-30 18:24:07', 'com.runwaysdk.system.ontology.TermUtil.removeLink.childId');
INSERT INTO metadata_parameter ( site_master, last_updated_by, create_date, seq, locked_by, entity_domain, created_by, type, last_update_date, key_name, owner, id, parent_id, child_id) VALUES ('www.runwaysdk.com', '0000000000000000000000000000001000000000000000000000000000000003', '2014-04-30 18:24:07', 4756, NULL, NULL, '0000000000000000000000000000001000000000000000000000000000000003', 'com.runwaysdk.system.MetadataParameter', '2014-04-30 18:24:07', 'com.runwaysdk.system.ontology.TermUtil.removeLink.childId', '0000000000000000000000000000001000000000000000000000000000000003', '8grwzeoamdveg600200lhnjl05hdqs7120070427JS0000000000000000001524', 'srf5c67vihzv6idgv5ohrdhbc7b3c2ti20070427JS0000000000000000001514', 'sv22aifpvumobyfxa5dhgrqtwa7carq420070427JS0000000000000000001517');
INSERT INTO metadata_display_label ( default_locale, id, site_master, key_name) VALUES ('The parent term''s id.', 'xjgrqlch2ylzghjzz3y9qz1vev4t6jqkNM200904120000000000000000000030', 'www.runwaysdk.com', 'xjgrqlch2ylzghjzz3y9qz1vev4t6jqkNM200904120000000000000000000030');
INSERT INTO metadata_display_label ( default_locale, id, site_master, key_name) VALUES ('The parent term''s id.', 'qyaswlydlofrqkwre98q2ix1g5gdmg0pNM200904120000000000000000000030', 'www.runwaysdk.com', 'qyaswlydlofrqkwre98q2ix1g5gdmg0pNM200904120000000000000000000030');
INSERT INTO md_parameter ( metadata, parameter_order, parameter_name, parameter_type, display_label, id) VALUES ('srf5c67vihzv6idgv5ohrdhbc7b3c2ti20070427JS0000000000000000001514', 1, 'parentId', 'java.lang.String', 'xjgrqlch2ylzghjzz3y9qz1vev4t6jqkNM200904120000000000000000000030', 'qsk9c5fw92i1r4v16zmxvc3uzmnftocy20070427JS0000000000000000001517');
INSERT INTO metadata ( description, created_by, owner, id, create_date, seq, type, remove, site_master, locked_by, entity_domain, last_updated_by, last_update_date, key_name) VALUES ('qyaswlydlofrqkwre98q2ix1g5gdmg0pNM200904120000000000000000000030', '0000000000000000000000000000001000000000000000000000000000000003', '0000000000000000000000000000001000000000000000000000000000000003', 'qsk9c5fw92i1r4v16zmxvc3uzmnftocy20070427JS0000000000000000001517', '2014-04-30 18:24:07', 4757, 'com.runwaysdk.system.metadata.MdParameter', 1, 'www.runwaysdk.com', NULL, NULL, '0000000000000000000000000000001000000000000000000000000000000003', '2014-04-30 18:24:07', 'com.runwaysdk.system.ontology.TermUtil.removeLink.parentId');
INSERT INTO metadata_parameter ( site_master, last_updated_by, create_date, seq, locked_by, entity_domain, created_by, type, last_update_date, key_name, owner, id, parent_id, child_id) VALUES ('www.runwaysdk.com', '0000000000000000000000000000001000000000000000000000000000000003', '2014-04-30 18:24:07', 4758, NULL, NULL, '0000000000000000000000000000001000000000000000000000000000000003', 'com.runwaysdk.system.MetadataParameter', '2014-04-30 18:24:07', 'com.runwaysdk.system.ontology.TermUtil.removeLink.parentId', '0000000000000000000000000000001000000000000000000000000000000003', '8sfbfqeft8lxap5my8oa2hgk79y2ck6o20070427JS0000000000000000001524', 'srf5c67vihzv6idgv5ohrdhbc7b3c2ti20070427JS0000000000000000001514', 'qsk9c5fw92i1r4v16zmxvc3uzmnftocy20070427JS0000000000000000001517');
INSERT INTO metadata_display_label ( default_locale, id, site_master, key_name) VALUES ('The relationship type.', '07p5uj2229vcf2uuyomo5l8yyzh7cfbuNM200904120000000000000000000030', 'www.runwaysdk.com', '07p5uj2229vcf2uuyomo5l8yyzh7cfbuNM200904120000000000000000000030');
INSERT INTO metadata_display_label ( default_locale, id, site_master, key_name) VALUES ('The relationship type to create.', '08ko2zx8tctmnczjmwqjdavheak2vf4iNM200904120000000000000000000030', 'www.runwaysdk.com', '08ko2zx8tctmnczjmwqjdavheak2vf4iNM200904120000000000000000000030');
INSERT INTO md_parameter ( metadata, parameter_order, parameter_name, parameter_type, display_label, id) VALUES ('srf5c67vihzv6idgv5ohrdhbc7b3c2ti20070427JS0000000000000000001514', 2, 'relationshipType', 'java.lang.String', '07p5uj2229vcf2uuyomo5l8yyzh7cfbuNM200904120000000000000000000030', '0tjlqc39hnuxb28fa268k3zupfvqt2j620070427JS0000000000000000001517');
INSERT INTO metadata ( description, created_by, owner, id, create_date, seq, type, remove, site_master, locked_by, entity_domain, last_updated_by, last_update_date, key_name) VALUES ('08ko2zx8tctmnczjmwqjdavheak2vf4iNM200904120000000000000000000030', '0000000000000000000000000000001000000000000000000000000000000003', '0000000000000000000000000000001000000000000000000000000000000003', '0tjlqc39hnuxb28fa268k3zupfvqt2j620070427JS0000000000000000001517', '2014-04-30 18:24:07', 4759, 'com.runwaysdk.system.metadata.MdParameter', 1, 'www.runwaysdk.com', NULL, NULL, '0000000000000000000000000000001000000000000000000000000000000003', '2014-04-30 18:24:07', 'com.runwaysdk.system.ontology.TermUtil.removeLink.relationshipType');
INSERT INTO metadata_parameter ( site_master, last_updated_by, create_date, seq, locked_by, entity_domain, created_by, type, last_update_date, key_name, owner, id, parent_id, child_id) VALUES ('www.runwaysdk.com', '0000000000000000000000000000001000000000000000000000000000000003', '2014-04-30 18:24:07', 4760, NULL, NULL, '0000000000000000000000000000001000000000000000000000000000000003', 'com.runwaysdk.system.MetadataParameter', '2014-04-30 18:24:07', 'com.runwaysdk.system.ontology.TermUtil.removeLink.relationshipType', '0000000000000000000000000000001000000000000000000000000000000003', 'sx81oguvqbigupdh3skdjne0fvif8awj20070427JS0000000000000000001524', 'srf5c67vihzv6idgv5ohrdhbc7b3c2ti20070427JS0000000000000000001514', '0tjlqc39hnuxb28fa268k3zupfvqt2j620070427JS0000000000000000001517');
INSERT INTO metadata_display_label ( default_locale, id, site_master, key_name) VALUES ('addAndRemoveLink', 'qly0nbiu2skp44846d4vqpsopp3ga7hlNM200904120000000000000000000030', 'www.runwaysdk.com', 'qly0nbiu2skp44846d4vqpsopp3ga7hlNM200904120000000000000000000030');
INSERT INTO metadata_display_label ( default_locale, id, site_master, key_name) VALUES ('Removes a relationship between the old parent and then creates a relationship with the new parent.', '937m90bp04ejvlwcm9hgcrqoyot1uyl2NM200904120000000000000000000030', 'www.runwaysdk.com', '937m90bp04ejvlwcm9hgcrqoyot1uyl2NM200904120000000000000000000030');
INSERT INTO md_method ( method_name, md_type, is_static, return_type, display_label, id) VALUES ('addAndRemoveLink', 'rabubmpm04i8h8fyrh1gm3uagiamqovk20080226NM0000000000000000000003', 1, 'com.runwaysdk.business.Relationship', 'qly0nbiu2skp44846d4vqpsopp3ga7hlNM200904120000000000000000000030', 'su6r72rj1b80y0w8ptqtiyxtmbt98t7s20070427JS0000000000000000001514');
INSERT INTO metadata ( description, created_by, owner, id, create_date, seq, type, remove, site_master, locked_by, entity_domain, last_updated_by, last_update_date, key_name) VALUES ('937m90bp04ejvlwcm9hgcrqoyot1uyl2NM200904120000000000000000000030', '0000000000000000000000000000001000000000000000000000000000000003', '0000000000000000000000000000001000000000000000000000000000000003', 'su6r72rj1b80y0w8ptqtiyxtmbt98t7s20070427JS0000000000000000001514', '2014-04-30 18:24:07', 4761, 'com.runwaysdk.system.metadata.MdMethod', 1, 'www.runwaysdk.com', NULL, NULL, '0000000000000000000000000000001000000000000000000000000000000003', '2014-04-30 18:24:07', 'com.runwaysdk.system.ontology.TermUtil.addAndRemoveLink');
INSERT INTO type_method ( id, parent_id, child_id) VALUES ('qm4g447o3kjyq64owfdqs3n4ula8wnau20070427JS0000000000000000001520', 'rabubmpm04i8h8fyrh1gm3uagiamqovk20080226NM0000000000000000000003', 'su6r72rj1b80y0w8ptqtiyxtmbt98t7s20070427JS0000000000000000001514');
INSERT INTO metadata_relationship ( entity_domain, site_master, last_updated_by, id, owner, locked_by, create_date, type, created_by, seq, key_name, last_update_date, parent_id, child_id) VALUES (NULL, 'www.runwaysdk.com', '0000000000000000000000000000001000000000000000000000000000000003', 'qm4g447o3kjyq64owfdqs3n4ula8wnau20070427JS0000000000000000001520', '0000000000000000000000000000001000000000000000000000000000000003', NULL, '2014-04-30 18:24:07', 'com.runwaysdk.system.metadata.TypeMethod', '0000000000000000000000000000001000000000000000000000000000000003', 4762, 'com.runwaysdk.system.ontology.TermUtil.addAndRemoveLink', '2014-04-30 18:24:07', 'rabubmpm04i8h8fyrh1gm3uagiamqovk20080226NM0000000000000000000003', 'su6r72rj1b80y0w8ptqtiyxtmbt98t7s20070427JS0000000000000000001514');
INSERT INTO metadata_display_label ( default_locale, id, site_master, key_name) VALUES ('The child term''s id.', 't0llssz0j4ovi3zd5kknxvt0xz8ckr5xNM200904120000000000000000000030', 'www.runwaysdk.com', 't0llssz0j4ovi3zd5kknxvt0xz8ckr5xNM200904120000000000000000000030');
INSERT INTO metadata_display_label ( default_locale, id, site_master, key_name) VALUES ('The child term''s id.', '02zcjmqhk2qzakhrsoot5g5p3hqg5p04NM200904120000000000000000000030', 'www.runwaysdk.com', '02zcjmqhk2qzakhrsoot5g5p3hqg5p04NM200904120000000000000000000030');
INSERT INTO md_parameter ( metadata, parameter_order, parameter_name, parameter_type, display_label, id) VALUES ('su6r72rj1b80y0w8ptqtiyxtmbt98t7s20070427JS0000000000000000001514', 0, 'childId', 'java.lang.String', 't0llssz0j4ovi3zd5kknxvt0xz8ckr5xNM200904120000000000000000000030', 'szp8irhl8isx3z8bvsjlplvkrf59193620070427JS0000000000000000001517');
INSERT INTO metadata ( description, created_by, owner, id, create_date, seq, type, remove, site_master, locked_by, entity_domain, last_updated_by, last_update_date, key_name) VALUES ('02zcjmqhk2qzakhrsoot5g5p3hqg5p04NM200904120000000000000000000030', '0000000000000000000000000000001000000000000000000000000000000003', '0000000000000000000000000000001000000000000000000000000000000003', 'szp8irhl8isx3z8bvsjlplvkrf59193620070427JS0000000000000000001517', '2014-04-30 18:24:07', 4763, 'com.runwaysdk.system.metadata.MdParameter', 1, 'www.runwaysdk.com', NULL, NULL, '0000000000000000000000000000001000000000000000000000000000000003', '2014-04-30 18:24:07', 'com.runwaysdk.system.ontology.TermUtil.addAndRemoveLink.childId');
INSERT INTO metadata_parameter ( site_master, last_updated_by, create_date, seq, locked_by, entity_domain, created_by, type, last_update_date, key_name, owner, id, parent_id, child_id) VALUES ('www.runwaysdk.com', '0000000000000000000000000000001000000000000000000000000000000003', '2014-04-30 18:24:07', 4764, NULL, NULL, '0000000000000000000000000000001000000000000000000000000000000003', 'com.runwaysdk.system.MetadataParameter', '2014-04-30 18:24:07', 'com.runwaysdk.system.ontology.TermUtil.addAndRemoveLink.childId', '0000000000000000000000000000001000000000000000000000000000000003', 'x99yifvf7v4pmpe2hevtzt30c1evkzvv20070427JS0000000000000000001524', 'su6r72rj1b80y0w8ptqtiyxtmbt98t7s20070427JS0000000000000000001514', 'szp8irhl8isx3z8bvsjlplvkrf59193620070427JS0000000000000000001517');
INSERT INTO metadata_display_label ( default_locale, id, site_master, key_name) VALUES ('The old parent term''s id.', '8o7ro620d1qil7p4iae53ftvs7pw9umxNM200904120000000000000000000030', 'www.runwaysdk.com', '8o7ro620d1qil7p4iae53ftvs7pw9umxNM200904120000000000000000000030');
INSERT INTO metadata_display_label ( default_locale, id, site_master, key_name) VALUES ('The old parent term''s id.', 'zmx4wn1hj7pygcoxgp0z1q4zy9w8vs1sNM200904120000000000000000000030', 'www.runwaysdk.com', 'zmx4wn1hj7pygcoxgp0z1q4zy9w8vs1sNM200904120000000000000000000030');
INSERT INTO md_parameter ( metadata, parameter_order, parameter_name, parameter_type, display_label, id) VALUES ('su6r72rj1b80y0w8ptqtiyxtmbt98t7s20070427JS0000000000000000001514', 1, 'oldParentId', 'java.lang.String', '8o7ro620d1qil7p4iae53ftvs7pw9umxNM200904120000000000000000000030', '91ycbwm6lzk5d2od2gahid5shyf432a520070427JS0000000000000000001517');
INSERT INTO metadata ( description, created_by, owner, id, create_date, seq, type, remove, site_master, locked_by, entity_domain, last_updated_by, last_update_date, key_name) VALUES ('zmx4wn1hj7pygcoxgp0z1q4zy9w8vs1sNM200904120000000000000000000030', '0000000000000000000000000000001000000000000000000000000000000003', '0000000000000000000000000000001000000000000000000000000000000003', '91ycbwm6lzk5d2od2gahid5shyf432a520070427JS0000000000000000001517', '2014-04-30 18:24:07', 4765, 'com.runwaysdk.system.metadata.MdParameter', 1, 'www.runwaysdk.com', NULL, NULL, '0000000000000000000000000000001000000000000000000000000000000003', '2014-04-30 18:24:07', 'com.runwaysdk.system.ontology.TermUtil.addAndRemoveLink.oldParentId');
INSERT INTO metadata_parameter ( site_master, last_updated_by, create_date, seq, locked_by, entity_domain, created_by, type, last_update_date, key_name, owner, id, parent_id, child_id) VALUES ('www.runwaysdk.com', '0000000000000000000000000000001000000000000000000000000000000003', '2014-04-30 18:24:07', 4766, NULL, NULL, '0000000000000000000000000000001000000000000000000000000000000003', 'com.runwaysdk.system.MetadataParameter', '2014-04-30 18:24:07', 'com.runwaysdk.system.ontology.TermUtil.addAndRemoveLink.oldParentId', '0000000000000000000000000000001000000000000000000000000000000003', 'sd60ajd753ay7tbdfmdx9j6j1l8elzu920070427JS0000000000000000001524', 'su6r72rj1b80y0w8ptqtiyxtmbt98t7s20070427JS0000000000000000001514', '91ycbwm6lzk5d2od2gahid5shyf432a520070427JS0000000000000000001517');
INSERT INTO metadata_display_label ( default_locale, id, site_master, key_name) VALUES ('oldRelType', 'xp9pcnmsa28rex9pey98z47e4ep74tjgNM200904120000000000000000000030', 'www.runwaysdk.com', 'xp9pcnmsa28rex9pey98z47e4ep74tjgNM200904120000000000000000000030');
INSERT INTO metadata_display_label ( default_locale, id, site_master, key_name) VALUES ('The old relationship type to remove.', 'xjos2s7pvaz5h1ouhrnep86m1rr1hsfxNM200904120000000000000000000030', 'www.runwaysdk.com', 'xjos2s7pvaz5h1ouhrnep86m1rr1hsfxNM200904120000000000000000000030');
INSERT INTO md_parameter ( metadata, parameter_order, parameter_name, parameter_type, display_label, id) VALUES ('su6r72rj1b80y0w8ptqtiyxtmbt98t7s20070427JS0000000000000000001514', 2, 'oldRelType', 'java.lang.String', 'xp9pcnmsa28rex9pey98z47e4ep74tjgNM200904120000000000000000000030', 'qwpv2zex4u78jvuzeme1lgfj0bhnmb3m20070427JS0000000000000000001517');
INSERT INTO metadata ( description, created_by, owner, id, create_date, seq, type, remove, site_master, locked_by, entity_domain, last_updated_by, last_update_date, key_name) VALUES ('xjos2s7pvaz5h1ouhrnep86m1rr1hsfxNM200904120000000000000000000030', '0000000000000000000000000000001000000000000000000000000000000003', '0000000000000000000000000000001000000000000000000000000000000003', 'qwpv2zex4u78jvuzeme1lgfj0bhnmb3m20070427JS0000000000000000001517', '2014-04-30 18:24:07', 4767, 'com.runwaysdk.system.metadata.MdParameter', 1, 'www.runwaysdk.com', NULL, NULL, '0000000000000000000000000000001000000000000000000000000000000003', '2014-04-30 18:24:07', 'com.runwaysdk.system.ontology.TermUtil.addAndRemoveLink.oldRelType');
INSERT INTO metadata_parameter ( site_master, last_updated_by, create_date, seq, locked_by, entity_domain, created_by, type, last_update_date, key_name, owner, id, parent_id, child_id) VALUES ('www.runwaysdk.com', '0000000000000000000000000000001000000000000000000000000000000003', '2014-04-30 18:24:07', 4768, NULL, NULL, '0000000000000000000000000000001000000000000000000000000000000003', 'com.runwaysdk.system.MetadataParameter', '2014-04-30 18:24:07', 'com.runwaysdk.system.ontology.TermUtil.addAndRemoveLink.oldRelType', '0000000000000000000000000000001000000000000000000000000000000003', 'x9he42gg1gfkw9oabdkygtyu03unh1dg20070427JS0000000000000000001524', 'su6r72rj1b80y0w8ptqtiyxtmbt98t7s20070427JS0000000000000000001514', 'qwpv2zex4u78jvuzeme1lgfj0bhnmb3m20070427JS0000000000000000001517');
INSERT INTO metadata_display_label ( default_locale, id, site_master, key_name) VALUES ('The new parent term''s id.', '0go5yndrin478xziydxeng342sln71kdNM200904120000000000000000000030', 'www.runwaysdk.com', '0go5yndrin478xziydxeng342sln71kdNM200904120000000000000000000030');
INSERT INTO metadata_display_label ( default_locale, id, site_master, key_name) VALUES ('The new parent term''s id.', 'qvm4sqgsckwn19g2z9tfaag36obpxawhNM200904120000000000000000000030', 'www.runwaysdk.com', 'qvm4sqgsckwn19g2z9tfaag36obpxawhNM200904120000000000000000000030');
INSERT INTO md_parameter ( metadata, parameter_order, parameter_name, parameter_type, display_label, id) VALUES ('su6r72rj1b80y0w8ptqtiyxtmbt98t7s20070427JS0000000000000000001514', 3, 'newParentId', 'java.lang.String', '0go5yndrin478xziydxeng342sln71kdNM200904120000000000000000000030', '21zl49j937dqxorp3v46sd0mxoshbztu20070427JS0000000000000000001517');
INSERT INTO metadata ( description, created_by, owner, id, create_date, seq, type, remove, site_master, locked_by, entity_domain, last_updated_by, last_update_date, key_name) VALUES ('qvm4sqgsckwn19g2z9tfaag36obpxawhNM200904120000000000000000000030', '0000000000000000000000000000001000000000000000000000000000000003', '0000000000000000000000000000001000000000000000000000000000000003', '21zl49j937dqxorp3v46sd0mxoshbztu20070427JS0000000000000000001517', '2014-04-30 18:24:07', 4769, 'com.runwaysdk.system.metadata.MdParameter', 1, 'www.runwaysdk.com', NULL, NULL, '0000000000000000000000000000001000000000000000000000000000000003', '2014-04-30 18:24:07', 'com.runwaysdk.system.ontology.TermUtil.addAndRemoveLink.newParentId');
INSERT INTO metadata_parameter ( site_master, last_updated_by, create_date, seq, locked_by, entity_domain, created_by, type, last_update_date, key_name, owner, id, parent_id, child_id) VALUES ('www.runwaysdk.com', '0000000000000000000000000000001000000000000000000000000000000003', '2014-04-30 18:24:07', 4770, NULL, NULL, '0000000000000000000000000000001000000000000000000000000000000003', 'com.runwaysdk.system.MetadataParameter', '2014-04-30 18:24:07', 'com.runwaysdk.system.ontology.TermUtil.addAndRemoveLink.newParentId', '0000000000000000000000000000001000000000000000000000000000000003', 'z88vhmj6n8ozdawmawm9z7ij1baf3z7620070427JS0000000000000000001524', 'su6r72rj1b80y0w8ptqtiyxtmbt98t7s20070427JS0000000000000000001514', '21zl49j937dqxorp3v46sd0mxoshbztu20070427JS0000000000000000001517');
INSERT INTO metadata_display_label ( default_locale, id, site_master, key_name) VALUES ('newRelType', '03g95mq07gm37ilobx5lb0j7eqnz0blmNM200904120000000000000000000030', 'www.runwaysdk.com', '03g95mq07gm37ilobx5lb0j7eqnz0blmNM200904120000000000000000000030');
INSERT INTO metadata_display_label ( default_locale, id, site_master, key_name) VALUES ('The new relationship type to create.', 'z56612f63ff7b4ob1ma9z60qcreor7whNM200904120000000000000000000030', 'www.runwaysdk.com', 'z56612f63ff7b4ob1ma9z60qcreor7whNM200904120000000000000000000030');
INSERT INTO md_parameter ( metadata, parameter_order, parameter_name, parameter_type, display_label, id) VALUES ('su6r72rj1b80y0w8ptqtiyxtmbt98t7s20070427JS0000000000000000001514', 4, 'newRelType', 'java.lang.String', '03g95mq07gm37ilobx5lb0j7eqnz0blmNM200904120000000000000000000030', 'qx9us4xulmwmll49c44bqirzls0cxf6x20070427JS0000000000000000001517');
INSERT INTO metadata ( description, created_by, owner, id, create_date, seq, type, remove, site_master, locked_by, entity_domain, last_updated_by, last_update_date, key_name) VALUES ('z56612f63ff7b4ob1ma9z60qcreor7whNM200904120000000000000000000030', '0000000000000000000000000000001000000000000000000000000000000003', '0000000000000000000000000000001000000000000000000000000000000003', 'qx9us4xulmwmll49c44bqirzls0cxf6x20070427JS0000000000000000001517', '2014-04-30 18:24:07', 4771, 'com.runwaysdk.system.metadata.MdParameter', 1, 'www.runwaysdk.com', NULL, NULL, '0000000000000000000000000000001000000000000000000000000000000003', '2014-04-30 18:24:07', 'com.runwaysdk.system.ontology.TermUtil.addAndRemoveLink.newRelType');
INSERT INTO metadata_parameter ( site_master, last_updated_by, create_date, seq, locked_by, entity_domain, created_by, type, last_update_date, key_name, owner, id, parent_id, child_id) VALUES ('www.runwaysdk.com', '0000000000000000000000000000001000000000000000000000000000000003', '2014-04-30 18:24:07', 4772, NULL, NULL, '0000000000000000000000000000001000000000000000000000000000000003', 'com.runwaysdk.system.MetadataParameter', '2014-04-30 18:24:07', 'com.runwaysdk.system.ontology.TermUtil.addAndRemoveLink.newRelType', '0000000000000000000000000000001000000000000000000000000000000003', 'x8dzf422hp58g8z37rb9mq7t15lo13db20070427JS0000000000000000001524', 'su6r72rj1b80y0w8ptqtiyxtmbt98t7s20070427JS0000000000000000001514', 'qx9us4xulmwmll49c44bqirzls0cxf6x20070427JS0000000000000000001517');
UPDATE md_type SET display_label= 'r39yunf9vyv76hdtkowix6icmy9o4563NM200904120000000000000000000030' , root_id= 'rabubmpm04i8h8fyrh1gm3uagiamqovk' , package_name= 'com.runwaysdk.system.ontology' , type_name= 'TermUtil' , id= 'rabubmpm04i8h8fyrh1gm3uagiamqovk20080226NM0000000000000000000003'  WHERE id='rabubmpm04i8h8fyrh1gm3uagiamqovk20080226NM0000000000000000000003';
UPDATE metadata SET description= '01e7e6qln7mye6y5rikhgukevtlem473NM200904120000000000000000000030' , created_by= '0000000000000000000000000000001000000000000000000000000000000003' , owner= '0000000000000000000000000000001000000000000000000000000000000003' , id= 'rabubmpm04i8h8fyrh1gm3uagiamqovk20080226NM0000000000000000000003' , create_date= '2014-04-30 18:24:07' , seq= 4773 , type= 'com.runwaysdk.system.metadata.MdUtil' , site_master= 'www.runwaysdk.com' , last_updated_by= '0000000000000000000000000000001000000000000000000000000000000003' , last_update_date= '2014-04-30 18:24:07' , key_name= 'com.runwaysdk.system.ontology.TermUtil'  WHERE id='rabubmpm04i8h8fyrh1gm3uagiamqovk20080226NM0000000000000000000003';
