<?xml version="1.0"?>
<tree id="0"><item id="/dhtmlxcombo.css" text="dhtmlxcombo.css"><userdata name="desc">combo css</userdata><userdata name="edition">any</userdata><userdata name="insrc">false</userdata></item><item id="/dhtmlxcombo.js" text="dhtmlxcombo.js"><userdata name="desc">main combo js</userdata><userdata name="edition">any</userdata><userdata name="insrc">true</userdata><userdata name="inapi">true</userdata></item><item id="/dhtmlxcommon.js" text="dhtmlxcommon.js"><userdata name="desc">common js</userdata><userdata name="edition">any</userdata><userdata name="insrc">true</userdata><userdata name="inapi">true</userdata></item><item id="/ext" open="1" text="ext"><userdata name="desc">Combobox Extensions</userdata><userdata name="edition">any</userdata><userdata name="insrc">true</userdata><item id="/ext/dhtmlxcombo_extra.js" select="1" text="dhtmlxcombo_extra.js"><userdata name="desc">Images in combobox</userdata><userdata name="edition">any</userdata><userdata name="insrc">true</userdata><userdata name="inapi">true</userdata></item></item></tree>
